date,fold,strategy_label,paired_trade_id,bar_entry,side,strike,contract_idx,delta_at_entry,spread_at_entry,context_spread_at_entry,entry_mid,trigger_vwap_dist_min_prior,trigger_vwap_dist_now,first15_acceptance_at_entry,bar_delta_at_entry,bar_exit,exit_mid,bars_held,exit_reason,gross_pct,spread_cost_pct,net_pct,net_pnl_dollars,vix_regime_at_entry,predicted_net_pct,score_rank_in_day,n_candidates_in_day,coverage,argmax_pred,threshold_used
2024-12-19,0,strategy,-1,114,C,5910.0,195,0.5231439471244812,0.019999999552965164,0.05183098465204239,17.600000381469727,0.0,0.000604640634264797,-1.0,0.3263888955116272,120,18.0,6,time_stop,0.022727250560256557,0.006360000157356262,0.016367250402900296,28.806361333465574,0.33000001311302185,0.008375796123471365,1,142,0.6,0.008375796123471365,-0.0032408790196878845
2024-12-23,0,strategy,-1,119,C,5935.0,152,0.47203364968299866,0.023333333432674408,0.0670304000377655,9.899999618530273,0.0,0.0007044752710498869,-0.9568567276000977,-0.31707316637039185,120,9.5,1,time_stop,-0.0404040034286038,0.006,-0.0464040034286038,-45.93996162414551,-0.33000001311302185,0.00020328743320675125,1,138,0.6,0.00020328743320675125,-0.0032408790196878845
2024-12-26,0,strategy,-1,90,C,6035.0,169,0.47617456316947937,0.06159999966621399,0.1617647111415863,7.5,0.0,0.001358059816993773,1.0,-0.7081544995307922,91,8.399999618530273,1,target_first15,0.11999994913736979,0.006,0.11399994913736979,85.49996185302734,-0.33000001311302185,0.0011827771387540086,1,175,0.6,0.0011827771387540086,-0.0032408790196878845
2024-12-31,0,strategy,-1,34,C,5925.0,205,0.4886167049407959,0.035573769360780716,0.11231712996959686,18.299999237060547,0.0,0.00018560209718998522,0.27507755160331726,-0.791208803653717,36,16.5,2,stop_vwap,-0.09836061814774552,0.008,-0.10636061814774553,-194.63992309570312,-0.33000001311302185,0.002669972482435313,1,178,0.6,0.002669972482435313,-0.0032408790196878845
2025-01-02,0,strategy,-1,86,C,5905.0,143,0.5149269700050354,0.03736486658453941,0.10740992426872253,14.800000190734863,0.0,-0.0010832230327650905,0.10100413113832474,0.14399999380111694,87,13.800000190734863,1,stop_vwap,-0.06756756669679118,0.006,-0.07356756669679118,-108.88000011444092,-0.33000001311302185,0.0012130061896681189,1,134,0.6,0.0012130061896681189,-0.0032408790196878845
2025-01-03,0,strategy,-1,64,C,5910.0,175,0.4911535680294037,0.03804347664117813,0.1149425283074379,13.800000190734863,0.0,0.0006853240192867815,0.26483678817749023,0.08368200808763504,93,18.899999618530273,29,target_first15,0.3695651708193078,0.006,0.3635651708193078,501.71994266510006,-0.33000001311302185,0.0011035160509555075,1,160,0.6,0.0011035160509555075,-0.0032408790196878845
2025-01-06,0,strategy,-1,75,C,6010.0,167,0.525170624256134,0.05157894641160965,0.15909090638160706,9.5,0.0,0.0018228581175208092,1.0,0.954356849193573,76,9.390000343322754,1,target_first15,-0.0115789112291838,0.006,-0.0175789112291838,-16.69996566772461,-0.33000001311302185,0.0004634695683265754,1,162,0.6,0.0004634695683265754,-0.0032408790196878845
2025-01-08,0,strategy,-1,109,C,5905.0,140,0.4975437819957733,0.019999999552965164,0.029197080060839653,13.699999809265137,0.0,0.0008666717330925167,0.2032710313796997,0.75,110,15.5,1,target_first15,0.13138687706532273,0.006,0.12538687706532273,171.78001918792725,-0.33000001311302185,0.00640843123394154,1,178,0.6,0.00640843123394154,-0.0032408790196878845
2025-01-10,0,strategy,-1,68,C,5850.0,179,0.4808879792690277,0.03370370343327522,0.09580838680267334,13.5,0.0,0.0007474566227756441,-1.0,0.4009900987148285,73,11.779999732971191,5,stop_vwap,-0.12740742718731915,0.006,-0.13340742718731916,-180.10002670288085,-0.33000001311302185,-0.002601286322217516,1,170,0.6,-0.002601286322217516,-0.0032408790196878845
2025-01-13,0,strategy,-1,64,C,5790.0,122,0.496803879737854,0.02664516121149063,0.07356608659029007,15.5,0.0,0.000552650133613497,0.9678042531013489,-0.8071428537368774,65,16.200000762939453,1,target_first15,0.045161339544480844,0.006360000157356262,0.03880133938712458,60.1420760500431,0.33000001311302185,5.528262795184277e-05,1,180,0.6,5.528262795184277e-05,-0.0032408790196878845
2025-01-14,0,strategy,-1,45,C,5865.0,155,0.5039198398590088,0.020723683759570122,0.06101695075631142,15.199999809265137,0.0,0.0007924041128717363,0.012820512987673283,0.9951691031455994,51,12.600000381469727,6,stop_vwap,-0.17105259608033577,0.008,-0.17905259608033577,-272.1599426269532,-0.33000001311302185,0.004639640349820581,1,172,0.6,0.004639640349820581,-0.0032408790196878845
2025-01-16,0,strategy,-1,93,C,5960.0,148,0.4941514730453491,0.022361110895872116,0.06304248422384262,10.800000190734863,0.0,0.0013258530525490642,0.16870415210723877,0.06172839552164078,98,13.279999732971191,5,target_first15,0.22962958318870008,0.006,0.22362958318870008,241.51995410919187,-0.33000001311302185,0.00430253545957589,1,162,0.6,0.00430253545957589,-0.0032408790196878845
2025-01-17,0,strategy,-1,49,C,5995.0,284,0.49351486563682556,0.03224121406674385,0.08806173503398895,10.529999732971191,0.0,0.0006622066139243543,0.37482836842536926,-0.5652173757553101,51,8.899999618530273,2,stop_vwap,-0.15479583625601764,0.008,-0.16279583625601765,-171.42401123046878,-0.33000001311302185,-0.0013039930527031663,1,176,0.6,-0.0013039930527031663,-0.0032408790196878845
2025-01-21,0,strategy,-1,92,P,6020.0,205,-0.46555590629577637,0.026538461446762085,0.1004566177725792,9.100000381469727,0.0,-0.00041175607475452125,-0.2383503019809723,-0.8623188138008118,95,7.400000095367432,3,stop_vwap,-0.18681321042183632,0.006,-0.19281321042183633,-175.46002883911132,-0.33000001311302185,0.010890054913620916,1,172,0.6,0.010890054913620916,-0.0032408790196878845
2025-01-24,0,strategy,-1,31,C,6125.0,221,0.47101086378097534,0.0822959914803505,0.17228464782238007,7.230000019073486,0.0,2.8810061849071644e-05,0.18333333730697632,-0.7773279547691345,32,6.900000095367432,1,stop_vwap,-0.04564314285414672,0.008,-0.05364314285414672,-38.78399238586426,-1.0,-0.0027716203674137572,1,169,0.6,-0.0027716203674137572,-0.0032408790196878845
2025-01-27,0,strategy,-1,115,C,5985.0,200,0.522610604763031,0.019999999552965164,0.0391618013381958,14.300000190734863,0.0,-0.0016293791122734547,0.16296669840812683,-0.8907563090324402,116,14.199999809265137,1,stop_vwap,-0.00699303357593785,0.006,-0.01299303357593785,-18.580038261413577,-0.33000001311302185,0.013927198162123823,1,176,0.6,0.013927198162123823,-0.0032408790196878845
2025-01-28,0,strategy,-1,40,C,6025.0,145,0.47940921783447266,0.02800000086426735,0.07847151160240173,12.5,0.0,0.0008874922059476376,0.5507246255874634,0.6212121248245239,42,14.800000190734863,2,target_first15,0.18400001525878906,0.008,0.17600001525878906,220.00001907348633,-0.33000001311302185,0.0032873577416874557,1,166,0.6,0.0032873577416874557,-0.0032408790196878845
2025-01-29,0,strategy,-1,35,C,6060.0,169,0.4926733672618866,0.020723683759570122,0.06020066887140274,15.199999809265137,0.0,0.0006824349402450025,0.5800524950027466,0.4303278625011444,36,16.100000381469727,1,target_first15,0.059210564703822945,0.008,0.051210564703822944,77.84005737304686,-0.33000001311302185,0.00038886004931010807,1,72,0.6,0.00038886004931010807,-0.0032408790196878845
2025-01-30,0,strategy,-1,58,C,6055.0,141,0.5039819478988647,0.03529411926865578,0.09836065769195557,11.899999618530273,0.0,-0.0013511666329577565,-0.6079545617103577,0.40597015619277954,59,9.100000381469727,1,stop_vwap,-0.23529406107715192,0.008,-0.24329406107715193,-289.5199234008789,-0.33000001311302185,-0.001005044669463544,1,122,0.6,-0.001005044669463544,-0.0032408790196878845
2025-01-31,0,strategy,-1,94,C,6120.0,258,0.46298617124557495,0.05133333429694176,0.11084337532520294,7.5,0.0,0.002042924053966999,1.0,-0.5150214433670044,95,7.900000095367432,1,target_first15,0.053333346048990884,0.006,0.047333346048990886,35.500009536743164,-0.33000001311302185,0.0005554294583190552,1,182,0.6,0.0005554294583190552,-0.0032408790196878845
2025-02-04,0,strategy,-1,119,C,6040.0,154,0.509331464767456,0.04010416567325592,0.11891891807317734,9.600000381469727,0.0,0.0043707541190087795,1.0,0.9692307710647583,120,8.5,1,target_first15,-0.1145833685166292,0.006,-0.12058336851662921,-115.76003837585449,-0.33000001311302185,0.027953829302050773,1,174,0.6,0.027953829302050773,-0.0032408790196878845
2025-02-05,0,strategy,-1,117,C,6030.0,140,0.47595158219337463,0.023333333432674408,0.06666667014360428,9.0,0.0,0.0008388234418816864,0.3451824188232422,0.429824560880661,119,10.970000267028809,2,target_first15,0.2188889185587565,0.006,0.2128889185587565,191.60002670288085,-0.33000001311302185,0.014579879849357255,1,156,0.6,0.014579879849357255,-0.0032408790196878845
2025-02-06,0,strategy,-1,95,C,6070.0,152,0.4842410683631897,0.019999999552965164,0.04444444552063942,9.199999809265137,0.0,-0.000710353022441268,-1.0,0.0,96,9.430000305175781,1,stop_vwap,0.025000054421633316,0.006,0.019000054421633314,17.480049705505373,-0.33000001311302185,0.00854762339977141,1,152,0.6,0.00854762339977141,-0.0032408790196878845
2025-02-10,0,strategy,-1,30,C,6055.0,152,0.5110321044921875,0.030497925356030464,0.09110628813505173,12.050000190734863,0.0,0.0002818205684889108,0.3346966505050659,0.2699114978313446,34,14.1899995803833,4,target_first15,0.1775933075332118,0.008,0.1695933075332118,204.35993881225585,-0.33000001311302185,-0.0014425675625583095,1,178,0.6,-0.0014425675625583095,-0.0032408790196878845
2025-02-11,0,strategy,-1,39,C,6050.0,139,0.5319899916648865,0.04407407343387604,0.13438735902309418,13.5,0.0,2.7420896003604867e-05,0.3799999952316284,0.8513931632041931,40,12.5,1,stop_vwap,-0.07407407407407407,0.008,-0.08207407407407408,-110.80000000000001,-0.33000001311302185,-0.00311546394665111,1,180,0.6,-0.00311546394665111,-0.0032408790196878845
2025-02-12,0,strategy,-1,117,C,6020.0,128,0.5109114050865173,0.03581395372748375,0.10107197612524033,12.899999618530273,0.0,-0.0008345641545020044,0.5344203114509583,-0.8843283653259277,118,13.899999618530273,1,stop_vwap,0.07751938213730988,0.006,0.07151938213730988,92.26000022888184,-0.33000001311302185,0.008758853780329189,1,166,0.6,0.008758853780329189,-0.0032408790196878845
2025-02-13,0,strategy,-1,39,C,6070.0,151,0.4813535213470459,0.05114155262708664,0.14119473099708557,10.949999809265137,0.0,0.00043808826012536883,0.8075451254844666,0.31830987334251404,40,11.5,1,target_first15,0.05022832879590472,0.008,0.04222832879590472,46.24001922607421,-0.33000001311302185,-0.0015865330332335333,1,170,0.6,-0.0015865330332335333,-0.0032408790196878845
2025-02-14,0,strategy,-1,59,C,6120.0,203,0.5098025798797607,0.04642857238650322,0.12560386955738068,9.800000190734863,0.0,-0.00020267175568733364,0.24668435752391815,-0.9337539672851562,60,9.380000114440918,1,stop_vwap,-0.042857149808121706,0.008,-0.050857149808121706,-49.84000778198242,-0.33000001311302185,-0.0015312187664490709,1,180,0.6,-0.0015312187664490709,-0.0032408790196878845
2025-02-19,0,strategy,-1,86,P,6115.0,155,-0.4768037796020508,0.06730769574642181,0.15028901398181915,7.800000190734863,0.0,-0.0003030335938092321,-0.14200298488140106,-1.0,89,6.599999904632568,3,stop_vwap,-0.15384618676390557,0.006,-0.15984618676390558,-124.68002872467041,-0.33000001311302185,-0.0021863524766033275,1,156,0.6,-0.0021863524766033275,-0.0032408790196878845
2025-02-21,0,strategy,-1,115,C,6090.0,258,0.46139174699783325,0.028994083404541016,0.06278026849031448,8.449999809265137,0.0,-0.0013626700965687633,-1.0,-0.8321678042411804,116,6.800000190734863,1,stop_vwap,-0.19526623145258595,0.006,-0.20126623145258596,-170.06996173858641,-0.33000001311302185,-0.002043640967847447,1,158,0.6,-0.002043640967847447,-0.0032408790196878845
2025-02-25,0,strategy,-1,86,C,5945.0,122,0.5042067170143127,0.03545751795172691,0.09825673699378967,15.300000190734863,0.0,-0.0008926313603296876,-1.0,0.03584229573607445,87,15.199999809265137,1,stop_vwap,-0.006535972563600571,0.006,-0.012535972563600572,-19.180038261413575,-0.33000001311302185,0.0008840938796103571,1,160,0.6,0.0008840938796103571,-0.0032408790196878845
2025-02-26,0,strategy,-1,104,C,6010.0,141,0.4985760450363159,0.02734375,0.07518796622753143,9.600000381469727,0.0,0.003997025080025196,1.0,0.18627451360225677,105,9.199999809265137,1,target_first15,-0.04166672461562456,0.006,-0.04766672461562456,-45.76005744934082,-0.33000001311302185,-0.0009720184427082169,1,172,0.6,-0.0009720184427082169,-0.0032408790196878845
2025-02-27,0,strategy,-1,57,C,5970.0,156,0.48694249987602234,0.03459302335977554,0.06438631564378738,17.200000762939453,0.0,0.0012362577253952622,-0.8054128289222717,-0.0881458967924118,62,13.819999694824219,5,stop_vwap,-0.19651168129004185,0.008,-0.20451168129004185,-351.76010742187503,-0.33000001311302185,0.008321425778999931,1,160,0.6,0.008321425778999931,-0.0032408790196878845
2025-03-03,0,strategy,-1,73,C,5960.0,178,0.4976322650909424,0.04883721098303795,0.14906832575798035,17.200000762939453,0.0,0.0010124907130375504,-0.9551601409912109,0.8655097484588623,76,12.850000381469727,3,stop_vwap,-0.25290698770447717,0.006,-0.2589069877044772,-445.3200386047363,-0.33000001311302185,0.0031264396732198696,1,156,0.6,0.0031264396732198696,-0.0032408790196878845
2025-03-13,0,strategy,-1,59,C,5580.0,149,0.5031514167785645,0.033149778842926025,0.09178228676319122,22.700000762939453,0.0,0.00016859998868312687,-1.0,-0.7308642268180847,66,19.100000381469727,7,stop_vwap,-0.1585903198447099,0.00848000020980835,-0.16707032005451825,-379.24963927021025,0.33000001311302185,0.006169882332629967,1,148,0.6,0.006169882332629967,-0.0032408790196878845
2025-03-17,0,strategy,-1,119,P,5650.0,167,-0.5055408477783203,0.062468353658914566,0.1733333319425583,15.800000190734863,0.0,-0.0009014041861519217,-0.040462426841259,-0.8522727489471436,120,14.0,1,time_stop,-0.11392406132946664,0.006360000157356262,-0.1202840614868229,-190.0488194434166,0.33000001311302185,0.011455742183028562,1,174,0.6,0.011455742183028562,-0.0032408790196878845
2025-03-20,1,strategy,-1,118,C,5695.0,181,0.5098991990089417,0.047068964689970016,0.12682926654815674,14.5,0.0,0.002848970238119364,1.0,-0.9288135766983032,119,14.5,1,target_first15,0.0,0.006,-0.006,-8.700000000000001,-0.33000001311302185,-0.002549255374997353,1,178,0.6,-0.002549255374997353,-0.002843001407722897
2025-04-01,1,strategy,-1,70,C,5595.0,146,0.4960061311721802,0.03735955059528351,0.11143694818019867,17.799999237060547,0.0,0.0014191657537594438,0.3801169693470001,0.08363636583089828,71,20.0,1,target_first15,0.12359555377726839,0.006360000157356262,0.11723555361991213,208.67927649908066,0.33000001311302185,0.002507425633035965,1,172,0.6,0.002507425633035965,-0.002843001407722897
2025-04-25,1,strategy,-1,83,C,5490.0,260,0.47963061928749084,0.04254143685102463,0.10784313827753067,18.100000381469727,0.0,0.001232451875694096,-0.06131451204419136,0.9136363863945007,86,13.279999732971191,3,stop_vwap,-0.2662983727576667,0.006360000157356262,-0.272658372915023,-493.5116653772831,0.33000001311302185,0.004715118688913636,1,150,0.6,0.004715118688913636,-0.002843001407722897
2025-04-30,1,strategy,-1,94,C,5495.0,240,0.5150623321533203,0.029954954981803894,0.08816705644130707,22.200000762939453,0.0,0.005040742456912994,0.87189781665802,0.9336870312690735,95,22.700000762939453,1,target_first15,0.02252252174849908,0.006360000157356262,0.016162521591142818,35.88079916543959,0.33000001311302185,-0.001572788142810159,1,42,0.6,-0.001572788142810159,-0.002843001407722897
2025-05-01,1,strategy,-1,42,C,5615.0,213,0.5125105977058411,0.04587378725409508,0.12949639558792114,20.600000381469727,0.0,-0.0006973127601668239,-0.2961876690387726,-0.5503079891204834,45,26.299999237060547,3,target_first15,0.27669896844847286,0.00848000020980835,0.26821896823866453,552.5310848033905,0.33000001311302185,-0.002733630060753986,1,176,0.6,-0.002733630060753986,-0.002843001407722897
2025-05-06,1,strategy,-1,41,C,5605.0,168,0.5231078863143921,0.033136095851659775,0.09937888383865356,16.899999618530273,0.0,0.0009836883982643485,0.22204214334487915,0.2604166567325592,48,20.5,7,target_first15,0.2130177788597373,0.00848000020980835,0.20453777864992895,345.66883811588286,0.33000001311302185,-0.002478106902206033,1,180,0.6,-0.002478106902206033,-0.002843001407722897
2025-05-07,1,strategy,-1,82,C,5620.0,218,0.4950571060180664,0.031264692544937134,0.0873563215136528,21.270000457763672,0.0,-0.001229970483109355,-0.3890634775161743,-0.963942289352417,83,20.0,1,stop_vwap,-0.059708529874531076,0.006360000157356262,-0.06606853003188734,-140.52776640220165,0.33000001311302185,0.006851644284912957,1,114,0.6,0.006851644284912957,-0.002843001407722897
2025-05-08,1,strategy,-1,108,C,5665.0,197,0.4921705722808838,0.03395833447575569,0.1019705981016159,16.799999237060547,0.0,0.001105166389606893,-0.3484536111354828,0.7681159377098083,113,22.149999618530273,5,target_first15,0.31845241812081193,0.006360000157356262,0.31209241796345566,524.3152383678437,0.33000001311302185,0.0009728431511571037,1,136,0.6,0.0009728431511571037,-0.002843001407722897
2025-05-19,1,strategy,-1,103,P,5940.0,206,-0.4948236346244812,0.048695653676986694,0.14084507524967194,11.5,0.0,0.0024038548581302166,1.0,0.4572649598121643,104,12.350000381469727,1,stop_vwap,0.07391307664954144,0.006,0.06791307664954144,78.10003814697265,-0.33000001311302185,-0.002352513900009386,1,172,0.6,-0.002352513900009386,-0.002843001407722897
2025-05-21,1,strategy,-1,67,C,5905.0,202,0.517968475818634,0.04736842215061188,0.131386861205101,13.300000190734863,0.0,-0.000994100933894515,-0.0963665097951889,-0.8246575593948364,68,15.399999618530273,1,stop_vwap,0.15789469155484118,0.006,0.15189469155484117,202.01994266510007,-0.33000001311302185,-0.0024807751211358203,1,176,0.6,-0.0024807751211358203,-0.002843001407722897
2025-06-02,1,strategy,-1,66,C,5900.0,162,0.5244513154029846,0.06642335653305054,0.19548872113227844,13.699999809265137,0.0,0.0022303445730358362,0.06262359768152237,0.5667656064033508,96,13.199999809265137,30,time_stop,-0.03649635087307493,0.006,-0.04249635087307493,-58.21999988555908,-0.33000001311302185,0.003761879838958208,1,160,0.6,0.003761879838958208,-0.002843001407722897
2025-06-06,1,strategy,-1,107,P,6000.0,254,-0.48536643385887146,0.08749999850988388,0.18965516984462738,11.199999809265137,0.0,-0.0009186230599880219,-0.004566209856420755,-0.7243902683258057,108,16.600000381469727,1,target_first15,0.4821429164433976,0.006,0.47614291644339757,533.2800573348999,-0.33000001311302185,0.002119505606882364,1,164,0.6,0.002119505606882364,-0.002843001407722897
2025-06-24,2,strategy,-1,58,C,6070.0,196,0.5193557739257812,0.06733333319425583,0.1978452503681183,10.5,0.0,0.00018592683773022145,0.07859733700752258,-0.3316326439380646,72,13.800000190734863,14,target_first15,0.3142857324509394,0.008,0.3062857324509394,321.60001907348635,-0.33000001311302185,-0.002633368222690171,1,170,0.6,-0.002633368222690171,-0.00392688373329578
2025-07-09,2,strategy,-1,58,P,6260.0,163,-0.5404160618782043,0.08272727578878403,0.16158683598041534,11.0,0.0,-0.0007202608976513147,0.28431373834609985,-0.4329608976840973,61,17.899999618530273,3,target_first15,0.6272726925936613,0.008,0.6192726925936612,681.1999618530274,-0.33000001311302185,0.00046319660609283464,1,94,0.6,0.00046319660609283464,-0.00392688373329578
2025-07-11,2,strategy,-1,108,P,6250.0,204,-0.46424415707588196,0.041564926505088806,0.07385524362325668,9.010000228881836,0.0,-0.00035173885407857597,0.38979119062423706,0.32203391194343567,110,6.5,2,stop_vwap,-0.2785793745971229,0.006,-0.2845793745971229,-256.4060230255127,-0.33000001311302185,0.00891019222571362,1,182,0.6,0.00891019222571362,-0.00392688373329578
2025-07-14,2,strategy,-1,65,P,6250.0,169,-0.4985186457633972,0.06198704242706299,0.1711299866437912,9.260000228881836,0.0,-0.00018714723410084844,0.2184194177389145,0.6926407217979431,67,8.5,2,stop_vwap,-0.08207345681389984,0.006,-0.08807345681389984,-81.5560230255127,-0.33000001311302185,-0.0007041041917086741,1,151,0.6,-0.0007041041917086741,-0.00392688373329578
2025-07-15,2,strategy,-1,98,C,6270.0,158,0.508497953414917,0.04772727191448212,0.1428571492433548,8.800000190734863,0.0,-0.0016697226092219353,-1.0,0.9365079402923584,99,8.100000381469727,1,stop_vwap,-0.07954543114693748,0.006,-0.08554543114693748,-75.2799810409546,-0.33000001311302185,-0.003875953475253425,1,140,0.6,-0.003875953475253425,-0.00392688373329578
2025-07-17,2,strategy,-1,58,P,6275.0,146,-0.5092546343803406,0.03797169774770737,0.12161348760128021,10.600000381469727,0.0,-0.00019491849525365978,0.4596026539802551,-0.488095223903656,59,9.0,1,stop_vwap,-0.15094342678201686,0.008,-0.15894342678201687,-168.48003845214842,-0.33000001311302185,0.00840203083038476,1,174,0.6,0.00840203083038476,-0.00392688373329578
2025-07-24,2,strategy,-1,40,P,6370.0,179,-0.4950645864009857,0.03846153989434242,0.10778442770242691,9.100000381469727,0.0,8.373806485906243e-05,0.5075021982192993,0.28326180577278137,41,9.199999809265137,1,stop_vwap,0.010988947648731791,0.008,0.002988947648731791,2.7199424743652343,-0.33000001311302185,0.0177800598455983,1,159,0.6,0.0177800598455983,-0.00392688373329578
2025-07-25,2,strategy,-1,36,P,6375.0,226,-0.5122948884963989,0.056976743042469025,0.13533835113048553,8.600000381469727,0.0,6.387969187926501e-05,0.5097402334213257,0.8549222946166992,40,7.900000095367432,4,stop_vwap,-0.0813953784944677,0.008,-0.08939537849446769,-76.88002891540528,-0.33000001311302185,0.03042702884799895,1,171,0.6,0.03042702884799895,-0.00392688373329578
2025-07-28,2,strategy,-1,75,P,6400.0,187,-0.5237908959388733,0.0416666679084301,0.13333334028720856,8.399999618530273,0.0,0.00014117696264293045,0.34818288683891296,-0.818965494632721,76,8.899999618530273,1,stop_vwap,0.05952381222696814,0.006,0.05352381222696814,44.96000022888184,-0.33000001311302185,0.012171726068041804,1,165,0.6,0.012171726068041804,-0.00392688373329578
2025-07-30,2,strategy,-1,62,C,6390.0,184,0.4687471091747284,0.035648148506879807,0.08510638028383255,10.800000190734863,0.0,0.001277258968912065,1.0,-0.31690141558647156,63,10.760000228881836,1,target_first15,-0.0037037001061669085,0.006,-0.009703700106166908,-10.479996299743652,-0.33000001311302185,-0.00011482904889735883,1,118,0.6,-0.00011482904889735883,-0.00392688373329578
2025-07-31,2,strategy,-1,34,C,6415.0,301,0.5026795268058777,0.060576923191547394,0.1607142835855484,10.399999618530273,0.0,0.0011084888828918338,0.10116999596357346,-0.914675772190094,35,10.800000190734863,1,target_first15,0.038461594891973455,0.008,0.030461594891973455,31.680057525634766,-0.33000001311302185,-0.0020898220503552914,1,116,0.6,-0.0020898220503552914,-0.00392688373329578
2025-08-01,2,strategy,-1,58,C,6255.0,198,0.47868844866752625,0.03333333507180214,0.08219178020954132,16.799999237060547,0.0,0.0012249647406861186,-0.5360273718833923,0.6214285492897034,73,11.859999656677246,15,stop_vwap,-0.294047607424037,0.008,-0.302047607424037,-507.4399574279785,-0.33000001311302185,0.0005650962526825371,1,162,0.6,0.0005650962526825371,-0.00392688373329578
2025-08-05,2,strategy,-1,105,P,6305.0,175,-0.5102856159210205,0.04374999925494194,0.14529497921466827,12.0,0.0,-0.002174690831452608,-1.0,-0.700421929359436,106,12.699999809265137,1,target_first15,0.05833331743876139,0.006,0.05233331743876139,62.79998092651367,-0.33000001311302185,-0.0038238036435603007,1,90,0.6,-0.0038238036435603007,-0.00392688373329578
2025-08-06,2,strategy,-1,51,P,6310.0,168,-0.47271183133125305,0.06662113219499588,0.14592275023460388,10.979999542236328,0.0,-0.00012862060975749046,0.4758394658565521,-0.3898809552192688,53,16.700000762939453,2,target_first15,0.5209473095786774,0.008,0.5129473095786774,563.2161224365234,-0.33000001311302185,0.010585864946306036,1,158,0.6,0.010585864946306036,-0.00392688373329578
2025-08-07,2,strategy,-1,35,C,6375.0,174,0.520264208316803,0.05180000141263008,0.14203454554080963,12.5,0.0,-0.0008720813784748316,-0.8752436637878418,-0.7562814354896545,36,14.199999809265137,1,stop_vwap,0.13599998474121094,0.008,0.12799998474121094,159.99998092651367,-0.33000001311302185,-0.003277219437768501,1,66,0.6,-0.003277219437768501,-0.00392688373329578
2025-08-12,2,strategy,-1,64,C,6410.0,191,0.47199487686157227,0.053989361971616745,0.125490203499794,9.399999618530273,0.0,0.000726952392142266,0.11789572238922119,-1.0,81,14.199999809265137,17,target_first15,0.5106383388859501,0.006,0.5046383388859501,474.36001930236824,-0.33000001311302185,0.0018320336390046119,1,154,0.6,0.0018320336390046119,-0.00392688373329578
2025-08-14,2,strategy,-1,118,P,6455.0,185,-0.5372169017791748,0.06422018259763718,0.1492537260055542,10.899999618530273,0.0,-0.0008328582625836134,0.7304277420043945,0.800000011920929,120,10.350000381469727,2,time_stop,-0.05045864736779755,0.006,-0.05645864736779755,-61.539923477172856,-0.33000001311302185,0.05216483262268239,1,169,0.6,0.05216483262268239,-0.00392688373329578
2025-08-20,2,strategy,-1,119,C,6380.0,159,0.49187979102134705,0.021212121471762657,0.06060606241226196,9.899999618530273,0.0,0.0009546756045892835,-1.0,0.5280898809432983,120,9.0,1,time_stop,-0.09090905587972992,0.006,-0.09690905587972992,-95.93996162414552,-0.33000001311302185,0.0008532634553499645,1,160,0.6,0.0008532634553499645,-0.00392688373329578
2025-08-25,2,strategy,-1,76,C,6455.0,179,0.4745156168937683,0.04827586188912392,0.13793103396892548,5.800000190734863,0.0,-0.00023238133871927857,-0.04576436057686806,0.38181817531585693,79,8.399999618530273,3,target_first15,0.44827574867130976,0.006,0.44227574867130975,256.5199426651001,-1.0,-0.0022346351941120047,1,141,0.6,-0.0022346351941120047,-0.00392688373329578
2025-08-26,2,strategy,-1,101,C,6440.0,151,0.4963338077068329,0.05672609433531761,0.1666666716337204,6.170000076293945,0.0,-5.351541403797455e-05,0.25219297409057617,-0.18518517911434174,102,6.099999904632568,1,stop_vwap,-0.011345246482302,0.006,-0.017345246482302,-10.702017211914063,-1.0,-0.0027535983369500116,1,133,0.6,-0.0027535983369500116,-0.00392688373329578
2025-08-28,2,strategy,-1,85,C,6485.0,165,0.5210522413253784,0.04331250116229057,0.12865497171878815,8.0,0.0,0.000594080425798893,-0.6741213798522949,0.5819209218025208,113,5.5,28,stop_vwap,-0.3125,0.006,-0.3185,-254.8,-1.0,-0.0034049852477827077,1,163,0.6,-0.0034049852477827077,-0.00392688373329578
2025-09-02,2,strategy,-1,86,P,6390.0,162,-0.5249753594398499,0.039436619728803635,0.12274368107318878,14.199999809265137,0.0,-0.0004104631661903113,0.08328115195035934,0.6089743375778198,90,11.899999618530273,4,stop_vwap,-0.16197184659355926,0.006,-0.16797184659355927,-238.52001895904542,-0.33000001311302185,-0.003734993922161997,1,172,0.6,-0.003734993922161997,-0.00392688373329578
2025-09-03,2,strategy,-1,55,C,6445.0,167,0.46853819489479065,0.055263157933950424,0.1435793787240982,7.599999904632568,0.0,0.0006741981487721205,0.23949579894542694,0.9922178983688354,59,4.900000095367432,4,stop_vwap,-0.35526313725600916,0.008,-0.36326313725600917,-276.0799808502197,-0.33000001311302185,0.003221025193097271,1,146,0.6,0.003221025193097271,-0.00392688373329578
2025-09-23,3,strategy,-1,30,P,6695.0,200,-0.5095781087875366,0.035393256694078445,0.11042945086956024,8.899999618530273,0.0,-0.00027202314231544733,-0.5382585525512695,-0.8926829099655151,31,8.0,1,stop_vwap,-0.10112355697818529,0.008,-0.1091235569781853,-97.11996154785156,-0.33000001311302185,-0.003436621042792875,1,170,0.6,-0.003436621042792875,-0.004108919668034944
2025-09-29,3,strategy,-1,49,C,6670.0,185,0.47044986486434937,0.06805555522441864,0.15668202936649323,7.199999809265137,0.0,-0.0002515545056667179,0.11627907305955887,-0.788844645023346,50,7.5,1,stop_vwap,0.04166669426141035,0.008,0.03366669426141035,24.24001922607422,-0.33000001311302185,-0.00380228803020798,1,159,0.6,-0.00380228803020798,-0.004108919668034944
2025-09-30,3,strategy,-1,45,C,6655.0,236,0.488158255815506,0.03737863898277283,0.1094527393579483,10.300000190734863,0.0,5.184558904147707e-05,0.1231696829199791,0.5495049357414246,47,12.300000190734863,2,target_first15,0.19417475368583542,0.008,0.18617475368583541,191.7599998474121,-0.33000001311302185,0.004279137453280499,1,170,0.6,0.004279137453280499,-0.004108919668034944
2025-10-01,3,strategy,-1,34,C,6670.0,187,0.522563636302948,0.04298245534300804,0.12612612545490265,11.399999618530273,0.0,0.00046652855235151947,0.16297011077404022,1.0,51,16.200000762939453,17,target_first15,0.4210527460550926,0.008,0.41305274605509257,470.8801147460937,-0.33000001311302185,-0.0022205260869360755,1,166,0.6,-0.0022205260869360755,-0.004108919668034944
2025-10-03,3,strategy,-1,39,P,6730.0,243,-0.5001207590103149,0.057548075914382935,0.16759777069091797,10.399999618530273,0.0,-0.00038319514715112746,-0.1811414361000061,0.1985294073820114,42,8.899999618530273,3,stop_vwap,-0.1442307745211225,0.008,-0.15223077452112252,-158.31999969482422,-0.33000001311302185,-0.0039928889485630024,1,164,0.6,-0.0039928889485630024,-0.004108919668034944
2025-10-10,3,strategy,-1,57,C,6755.0,293,0.4540264308452606,0.06834030896425247,0.1682243049144745,7.170000076293945,0.0,0.00016557722119614482,0.1818181872367859,-0.45816734433174133,58,5.900000095367432,1,stop_vwap,-0.1771269131677549,0.008,-0.1851269131677549,-132.73599815368652,-0.33000001311302185,-0.002892509381603136,1,90,0.6,-0.002892509381603136,-0.004108919668034944
2025-10-13,3,strategy,-1,83,P,6630.0,180,-0.4757586717605591,0.07500000298023224,0.1111111119389534,15.399999618530273,0.0,-0.0007875668816268444,0.1427038609981537,0.9363296031951904,102,11.829999923706055,19,stop_vwap,-0.2318181677438852,0.006360000157356262,-0.23817816790124147,-366.7943694821358,0.33000001311302185,0.00043977163924424883,1,168,0.6,0.00043977163924424883,-0.004108919668034944
2025-10-14,3,strategy,-1,39,C,6595.0,196,0.5053449869155884,0.050724636763334274,0.1388888955116272,20.700000762939453,0.0,0.0023838903289288282,0.6479449272155762,-0.8060150146484375,40,21.829999923706055,1,target_first15,0.054589329426002337,0.00848000020980835,0.046109329216193984,95.44631499538418,0.33000001311302185,0.0024832818872408905,1,180,0.6,0.0024832818872408905,-0.004108919668034944
2025-10-16,3,strategy,-1,46,C,6695.0,204,0.4775237739086151,0.039374999701976776,0.12290503084659576,16.0,0.0,0.0001363953633699566,-0.08256880939006805,0.9941176176071167,47,15.399999618530273,1,stop_vwap,-0.03750002384185791,0.00848000020980835,-0.04598002405166626,-73.56803848266603,0.33000001311302185,-0.0010597777717616583,1,158,0.6,-0.0010597777717616583,-0.004108919668034944
2025-10-17,3,strategy,-1,30,C,6620.0,297,0.5099701285362244,0.04878048598766327,0.13029316067695618,28.700000762939453,0.0,-1.4777902833884582e-05,0.11708645522594452,-0.8908296823501587,32,37.599998474121094,2,target_first15,0.3101044416233703,0.00848000020980835,0.301624441413562,865.6621698690415,0.33000001311302185,0.00331479150651415,1,158,0.6,0.00331479150651415,-0.004108919668034944
2025-10-21,3,strategy,-1,76,C,6735.0,201,0.5340518951416016,0.036320753395557404,0.10837438702583313,10.600000381469727,0.0,0.00044802509364672005,0.1387096792459488,0.6755319237709045,82,13.180000305175781,6,target_first15,0.24339621045828008,0.006,0.23739621045828008,251.6399921417236,-0.33000001311302185,-0.0009531885622366744,1,172,0.6,-0.0009531885622366744,-0.004108919668034944
2025-10-22,3,strategy,-1,31,C,6735.0,207,0.5285972952842712,0.04371584579348564,0.12598425149917603,12.8100004196167,0.0,0.0003030842053703964,0.20456069707870483,0.2639405131340027,32,11.729999542236328,1,stop_vwap,-0.08430919921958027,0.008,-0.09230919921958028,-118.24808807373049,-0.33000001311302185,-0.0004516353790479182,1,114,0.6,-0.0004516353790479182,-0.004108919668034944
2025-10-23,3,strategy,-1,53,P,6715.0,169,-0.4808085560798645,0.07453462481498718,0.17322835326194763,13.430000305175781,0.0,9.382601274410263e-05,0.8949320316314697,0.9858585596084595,54,12.800000190734863,1,stop_vwap,-0.046909910657122064,0.008,-0.054909910657122064,-73.74401168823242,-0.33000001311302185,-0.0007443371492481059,1,162,0.6,-0.0007443371492481059,-0.004108919668034944
2025-10-24,3,strategy,-1,61,P,6790.0,260,-0.5280699133872986,0.050872091203927994,0.13886672258377075,13.760000228881836,0.0,-0.0007848618552088737,0.08818010985851288,0.512499988079071,69,9.899999618530273,8,stop_vwap,-0.2805232955047148,0.006,-0.2865232955047148,-394.2560611724853,-0.33000001311302185,-0.00019066197358003547,1,176,0.6,-0.00019066197358003547,-0.004108919668034944
2025-10-27,3,strategy,-1,83,P,6850.0,221,-0.5080267190933228,0.043850574642419815,0.12678936123847961,8.699999809265137,0.0,-0.0005322186625562608,-0.2669903039932251,-0.9333333373069763,104,5.900000095367432,21,stop_vwap,-0.32183905463030266,0.006,-0.32783905463030266,-285.2199712753296,-0.33000001311302185,-0.003830774503338106,1,163,0.6,-0.003830774503338106,-0.004108919668034944
2025-10-29,3,strategy,-1,72,P,6910.0,205,-0.5035030841827393,0.02270270325243473,0.060975611209869385,18.5,0.0,-0.0005531110800802708,-0.4280230402946472,-0.8438818454742432,74,19.600000381469727,2,target_first15,0.05945948007944468,0.006,0.053459480079444684,98.90003814697266,-0.33000001311302185,-0.003454009299122784,1,40,0.6,-0.003454009299122784,-0.004108919668034944
2025-11-05,3,strategy,-1,106,C,6795.0,170,0.46935808658599854,0.04537037014961243,0.10526315867900848,10.800000190734863,0.0,0.000689451233483851,1.0,-0.5420168042182922,107,9.800000190734863,1,target_first15,-0.09259259095734859,0.006,-0.0985925909573486,-106.48000011444093,-0.33000001311302185,0.009418781334464832,1,168,0.6,0.009418781334464832,-0.004108919668034944
2025-11-06,3,strategy,-1,56,C,6770.0,166,0.500926673412323,0.059477124363183975,0.16149067878723145,15.300000190734863,0.0,-0.00013772583042737097,-1.0,-0.7751606106758118,57,14.399999618530273,1,stop_vwap,-0.05882356607744346,0.008,-0.06682356607744347,-102.2400573730469,-0.33000001311302185,-0.0022873521983389476,1,104,0.6,-0.0022873521983389476,-0.004108919668034944
2025-11-07,3,strategy,-1,33,C,6675.0,201,0.4839862287044525,0.052931033074855804,0.1473684161901474,20.299999237060547,0.0,-0.0007344938931055367,-0.44853800535202026,-0.8183391094207764,34,18.899999618530273,1,stop_vwap,-0.06896550104171306,0.00848000020980835,-0.07744550125152141,-157.21436163196563,0.33000001311302185,0.0018737903243559355,1,174,0.6,0.0018737903243559355,-0.004108919668034944
2025-11-10,3,strategy,-1,71,P,6800.0,201,-0.4832661747932434,0.040833331644535065,0.09282700717449188,12.0,0.0,-0.0007536311750300229,0.14120370149612427,-0.22110553085803986,77,13.100000381469727,6,target_first15,0.09166669845581055,0.006,0.08566669845581054,102.80003814697265,-0.33000001311302185,-0.000903981126597103,1,116,0.6,-0.000903981126597103,-0.004108919668034944
2025-11-11,3,strategy,-1,116,C,6820.0,172,0.5099223256111145,0.07038043439388275,0.18546365201473236,9.199999809265137,0.0,0.00030081960721872747,-0.1465798020362854,-0.7302631735801697,117,8.399999618530273,1,stop_vwap,-0.08695654427396825,0.006,-0.09295654427396825,-85.52001895904542,-0.33000001311302185,-0.0031314918721270842,1,152,0.6,-0.0031314918721270842,-0.004108919668034944
2025-11-12,3,strategy,-1,36,C,6860.0,183,0.5268601179122925,0.06104651093482971,0.19108280539512634,12.899999618530273,0.0,0.0001027469988912344,-0.5766924023628235,0.9055555462837219,37,11.5600004196167,1,stop_vwap,-0.10387590996427049,0.008,-0.11187590996427049,-144.31991958618167,-0.33000001311302185,-0.003796795191719844,1,72,0.6,-0.003796795191719844,-0.004108919668034944
2025-11-14,3,strategy,-1,38,C,6700.0,203,0.48439109325408936,0.021162791177630424,0.056680161505937576,21.5,0.0,0.002568031195551157,1.0,-0.04210526496171951,39,24.5,1,target_first15,0.13953488372093023,0.00848000020980835,0.13105488351112188,281.76799954891203,0.33000001311302185,-0.0032556657770575754,1,170,0.6,-0.0032556657770575754,-0.004108919668034944
2025-11-17,3,strategy,-1,64,P,6730.0,176,-0.5157872438430786,0.04302439093589783,0.13698630034923553,20.5,0.0,-0.0006759954849258065,0.1536262035369873,0.8704103827476501,74,15.680000305175781,10,stop_vwap,-0.23512193633288872,0.006360000157356262,-0.241481936490245,-495.0379698050022,0.33000001311302185,0.000572452634344274,1,144,0.6,0.000572452634344274,-0.004108919668034944
2025-11-18,3,strategy,-1,30,P,6610.0,153,-0.5121684670448303,0.06103202700614929,0.16603773832321167,28.100000381469727,0.0,-0.003508042311295867,-1.0,0.6381418108940125,31,31.0,1,target_first15,0.1032028319986305,0.00848000020980835,0.09472283178882215,266.17116093997953,0.33000001311302185,0.01931135019011287,1,120,0.6,0.01931135019011287,-0.004108919668034944
2025-11-19,3,strategy,-1,93,P,6650.0,196,-0.5060559511184692,0.04170984402298927,0.09142857044935226,19.299999237060547,0.0,-0.0018474775133654475,0.915939211845398,-0.5508474707603455,120,23.75,27,time_stop,0.23056999683162696,0.006360000157356262,0.2242099966742707,432.7252764754772,0.33000001311302185,0.0323505363563516,1,150,0.6,0.0323505363563516,-0.004108919668034944
2025-11-20,3,strategy,-1,89,C,6745.0,238,0.4936796724796295,0.037278108298778534,0.10285714268684387,16.899999618530273,0.0,-0.0016285256715491414,-0.45982375741004944,-0.843478262424469,90,15.0,1,stop_vwap,-0.1124260154684849,0.006360000157356262,-0.11878601562584115,-200.74836187634463,0.33000001311302185,-0.000631874314782563,1,120,0.6,-0.000631874314782563,-0.004108919668034944
2025-11-24,3,strategy,-1,41,C,6660.0,212,0.49678274989128113,0.06525116413831711,0.18367347121238708,19.309999465942383,0.0,0.0006260031368583441,0.25979679822921753,-0.5833333134651184,44,24.899999618530273,3,target_first15,0.2894873281818127,0.00848000020980835,0.2810073279720044,542.6251353065301,0.33000001311302185,0.0041975212230441995,1,178,0.6,0.0041975212230441995,-0.004108919668034944
2025-11-25,3,strategy,-1,81,C,6710.0,190,0.4807054102420807,0.04683098569512367,0.11343283951282501,14.199999809265137,0.0,0.0016442494234070182,0.4270871877670288,-0.4545454680919647,88,18.299999237060547,7,target_first15,0.2887323579483618,0.006360000157356262,0.2823723577910055,400.96874267740253,0.33000001311302185,0.009751131145258935,1,156,0.6,0.009751131145258935,-0.004108919668034944
2025-11-26,3,strategy,-1,60,C,6800.0,189,0.49530109763145447,0.03801169618964195,0.1097046434879303,11.970000267028809,0.0,0.00022466114023700356,0.2153589278459549,0.8609022498130798,64,13.899999618530273,4,target_first15,0.1612363666204436,0.006,0.1552363666204436,185.8179349899292,-0.33000001311302185,0.005875975198847792,1,156,0.6,0.005875975198847792,-0.004108919668034944
2025-12-01,3,strategy,-1,62,P,6815.0,200,-0.5225533843040466,0.019999999552965164,0.06451612710952759,16.020000457763672,0.0,-0.0006994584109634161,0.39988046884536743,-0.43478259444236755,72,13.100000381469727,10,stop_vwap,-0.18227215935433036,0.006,-0.18827215935433037,-301.61200790405275,-0.33000001311302185,0.003501529780539551,1,172,0.6,0.003501529780539551,-0.004108919668034944
2025-12-02,3,strategy,-1,71,C,6840.0,162,0.4875328242778778,0.05458715558052063,0.16748768091201782,10.899999618530273,0.0,0.0002425764687359333,0.10736196488142014,0.95652174949646,75,12.800000190734863,4,target_first15,0.17431198520177388,0.006,0.16831198520177387,183.4600574493408,-0.33000001311302185,-0.00305592882795933,1,110,0.6,-0.00305592882795933,-0.004108919668034944
2025-12-05,4,strategy,-1,87,P,6880.0,229,-0.5190861225128174,0.08203125,0.1705426424741745,12.800000190734863,0.0,-0.0006818816182203591,0.7962813377380371,0.2283104956150055,117,11.600000381469727,30,time_stop,-0.09374998370185518,0.006,-0.09974998370185519,-127.67998104095459,-0.33000001311302185,-6.596506380178822e-05,1,156,0.6,-6.596506380178822e-05,-0.004632428858413394
2025-12-09,4,strategy,-1,78,P,6850.0,176,-0.5162060856819153,0.04875621944665909,0.11627907305955887,10.050000190734863,0.0,-0.0004978463985025883,0.17566539347171783,-0.8636363744735718,80,7.5,2,stop_vwap,-0.2537313574467112,0.006,-0.2597313574467112,-261.0300191879273,-0.33000001311302185,-0.003388191834344127,1,169,0.6,-0.003388191834344127,-0.004632428858413394
2025-12-10,4,strategy,-1,77,C,6840.0,171,0.4927765727043152,0.02500000037252903,0.0729166641831398,19.600000381469727,0.0,-4.422536221682094e-05,0.46021145582199097,0.9783393740653992,79,21.5,2,target_first15,0.09693875416076905,0.006,0.09093875416076905,178.2399616241455,-0.33000001311302185,-0.003163445824571989,1,86,0.6,-0.003163445824571989,-0.004632428858413394
2025-12-11,4,strategy,-1,39,C,6860.0,182,0.5026487708091736,0.04382113739848137,0.13084112107753754,12.300000190734863,0.0,0.0008960894192568958,-0.4811655879020691,0.7044776082038879,50,16.399999618530273,11,target_first15,0.33333328164366927,0.008,0.32533328164366926,400.15994262695307,-0.33000001311302185,-0.0006992733978535013,1,158,0.6,-0.0006992733978535013,-0.004632428858413394
2025-12-23,4,strategy,-1,32,C,6880.0,153,0.4594807028770447,0.08150684833526611,0.1751152127981186,7.300000190734863,0.0,-0.0009253377793356776,-0.15111838281154633,-0.9180327653884888,33,6.5,1,stop_vwap,-0.10958906436060385,0.008,-0.11758906436060385,-85.84001922607422,-1.0,-0.0019456483898184316,1,146,0.6,-0.0019456483898184316,-0.004632428858413394
2025-12-24,4,strategy,-1,99,P,6925.0,141,-0.45940327644348145,0.04921875149011612,0.1946902722120285,3.200000047683716,0.0,0.0012338121887296438,1.0,0.3162393271923065,100,2.7699999809265137,1,stop_vwap,-0.13437501885928185,0.006,-0.14037501885928186,-44.92000670433045,-1.0,0.001051087348716064,1,70,0.6,0.001051087348716064,-0.004632428858413394
2026-01-06,4,strategy,-1,93,P,6915.0,145,-0.5084601044654846,0.03319999948143959,0.08743169158697128,8.75,0.0,-0.001035764697007835,1.0,-0.5546875,120,5.5,27,time_stop,-0.37142857142857144,0.006,-0.37742857142857145,-330.25,-0.33000001311302185,0.0010744881264680359,1,128,0.6,0.0010744881264680359,-0.004632428858413394
2026-01-09,4,strategy,-1,51,C,6945.0,210,0.46667277812957764,0.06263157725334167,0.1818181872367859,9.5,0.0,0.000745550321880728,0.27917835116386414,0.31014493107795715,52,12.300000190734863,1,target_first15,0.2947368621826172,0.008,0.2867368621826172,272.4000190734863,-0.33000001311302185,-0.003852851433070059,1,152,0.6,-0.003852851433070059,-0.004632428858413394
2026-01-20,4,strategy,-1,54,C,6855.0,177,0.5034529566764832,0.0443902425467968,0.12064965069293976,16.399999618530273,0.0,0.0012998970923945308,0.1866133213043213,-0.6513410210609436,55,19.799999237060547,1,target_first15,0.2073170547326496,0.008,0.1993170547326496,326.8799621582031,-0.33000001311302185,-0.00018715559759657665,1,168,0.6,-0.00018715559759657665,-0.004632428858413394
2026-01-22,4,strategy,-1,115,C,6925.0,162,0.48532259464263916,0.05882352963089943,0.16867469251155853,8.329999923706055,0.0,0.0014780975179746747,0.12771084904670715,0.5,120,7.400000095367432,5,time_stop,-0.11164463827808319,0.006,-0.11764463827808319,-97.99798278808593,-0.33000001311302185,0.004991328585418201,1,160,0.6,0.004991328585418201,-0.004632428858413394
2026-01-28,4,strategy,-1,32,C,6995.0,166,0.5240354537963867,0.05476190522313118,0.16487455368041992,14.699999809265137,0.0,-0.0002688182285055518,-0.6302729249000549,0.45154184103012085,33,13.899999618530273,1,stop_vwap,-0.05442178238877514,0.008,-0.06242178238877514,-91.76001892089845,-0.33000001311302185,-0.00301303117790867,1,54,0.6,-0.00301303117790867,-0.004632428858413394
2026-01-30,4,strategy,-1,57,P,6945.0,242,-0.4812694787979126,0.0632530152797699,0.146487295627594,16.600000381469727,0.0,-0.0007073133601807058,-0.22271806001663208,0.6784232258796692,59,21.5,2,target_first15,0.29518069312817924,0.008,0.28718069312817923,476.7199615478516,-0.33000001311302185,-0.003559014588195553,1,158,0.6,-0.003559014588195553,-0.004632428858413394
2026-02-04,4,strategy,-1,54,C,6925.0,173,0.49080169200897217,0.03419540077447891,0.09631728380918503,17.399999618530273,0.0,0.0011205628979951143,-0.005982906091958284,0.04746835306286812,61,14.699999809265137,7,stop_vwap,-0.1551724062332593,0.008,-0.16317240623325932,-283.9199806213379,-0.33000001311302185,0.0009784902398512333,1,112,0.6,0.0009784902398512333,-0.004632428858413394
2026-02-05,4,strategy,-1,117,C,6815.0,157,0.5021269917488098,0.045896224677562714,0.12996727228164673,21.200000762939453,0.0,0.0009125948417931795,-0.7028642296791077,0.6377440094947815,120,23.799999237060547,3,time_stop,0.12264143304495782,0.006360000157356262,0.11628143288760157,246.5166465932846,0.33000001311302185,-0.0005173800757963922,1,166,0.6,-0.0005173800757963922,-0.004632428858413394
2026-02-06,4,strategy,-1,36,P,6860.0,198,-0.5140382647514343,0.06350211054086685,0.1526418775320053,23.700000762939453,0.0,-0.00109591125510633,0.3055601119995117,-0.9735376238822937,40,16.299999237060547,4,stop_vwap,-0.3122363412515394,0.008,-0.3202363412515394,-758.9601531982422,-0.33000001311302185,0.013318727341460864,1,162,0.6,0.013318727341460864,-0.004632428858413394
2026-02-09,4,strategy,-1,31,C,6930.0,176,0.5277190208435059,0.04867549613118172,0.1473684161901474,15.100000381469727,0.0,0.0008335844613611698,0.5541165471076965,0.9507874250411987,36,18.989999771118164,5,target_first15,0.2576158471109795,0.008,0.2496158471109795,376.91993865966793,-0.33000001311302185,-0.0033988683882920567,1,166,0.6,-0.0033988683882920567,-0.004632428858413394
2026-02-10,4,strategy,-1,113,P,6970.0,165,-0.5261114239692688,0.08521739393472672,0.1785714328289032,11.5,0.0,-0.0008479475509375334,0.0023980815894901752,0.8468468189239502,120,11.399999618530273,7,time_stop,-0.008695685345193615,0.006,-0.014695685345193615,-16.90003814697266,-0.33000001311302185,0.0003809962813094949,1,158,0.6,0.0003809962813094949,-0.004632428858413394
2026-02-13,4,strategy,-1,35,P,6820.0,193,-0.4865812063217163,0.0584191158413887,0.11928892135620117,27.200000762939453,0.0,-0.0009857850382104516,0.03369458019733429,-0.8989473581314087,36,22.799999237060547,1,stop_vwap,-0.1617647574434629,0.00848000020980835,-0.17024475765327124,-463.065753805542,0.33000001311302185,-0.0012155859527906371,1,162,0.6,-0.0012155859527906371,-0.004632428858413394
2026-02-17,4,strategy,-1,93,C,6815.0,177,0.488523930311203,0.06549707800149918,0.17391304671764374,17.100000381469727,0.0,0.0008478324743919075,-1.0,-0.4320388436317444,109,38.599998474121094,16,target_first15,1.2573098019313298,0.006360000157356262,1.2509498017739735,2139.1242087534424,0.33000001311302185,-7.366914050550047e-05,1,156,0.6,-7.366914050550047e-05,-0.004632428858413394
2026-02-18,4,strategy,-1,30,C,6885.0,175,0.49757620692253113,0.04413043335080147,0.12779352068901062,16.100000381469727,0.0,0.002926148008555174,1.0,0.6418269276618958,31,17.799999237060547,1,target_first15,0.10558998852866064,0.008,0.09758998852866063,157.11988525390623,-0.33000001311302185,-0.0043614736809584834,1,176,0.6,-0.0043614736809584834,-0.004632428858413394
2026-02-19,4,strategy,-1,101,C,6860.0,148,0.5180600881576538,0.05537974834442139,0.1492537260055542,15.800000190734863,0.0,-0.0002679307362996042,0.5866071581840515,-0.8555305004119873,104,18.0,3,target_first15,0.13924049257640003,0.006360000157356262,0.13288049241904376,209.9511805565834,0.33000001311302185,-0.003992657430353853,1,170,0.6,-0.003992657430353853,-0.004632428858413394
2026-02-24,4,strategy,-1,34,C,6845.0,156,0.4914659261703491,0.042241379618644714,0.11634349077939987,17.399999618530273,0.0,-0.00011338614422129467,0.24349017441272736,-0.8847352266311646,50,26.0,16,target_first15,0.494252906322543,0.00848000020980835,0.48577290611273466,845.2448381053924,0.33000001311302185,-0.0035872615545861574,1,168,0.6,-0.0035872615545861574,-0.004632428858413394
2026-02-25,4,strategy,-1,36,P,6925.0,162,-0.5103765726089478,0.047600001096725464,0.1666666716337204,12.5,0.0,-0.0007386570796370506,-0.015247776173055172,-0.7791411280632019,37,13.5,1,target_first15,0.08,0.008,0.07200000000000001,90.00000000000001,-0.33000001311302185,-0.0030852943699731404,1,171,0.6,-0.0030852943699731404,-0.004632428858413394
2026-02-26,4,strategy,-1,106,C,6910.0,183,0.46878618001937866,0.04162995517253876,0.11152416467666626,11.350000381469727,0.0,0.000602974439971149,-1.0,0.6385542154312134,107,9.800000190734863,1,stop_vwap,-0.13656388886694926,0.006,-0.14256388886694926,-161.81001930236818,-0.33000001311302185,-0.001627403516921881,1,135,0.6,-0.001627403516921881,-0.004632428858413394
2026-02-27,4,strategy,-1,30,C,6845.0,220,0.5128605365753174,0.05197685584425926,0.14419475197792053,20.739999771118164,0.0,-0.00022792004165239632,0.0624505914747715,0.22045855224132538,32,27.030000686645508,2,target_first15,0.3032787360145775,0.00848000020980835,0.2947987358047692,611.4125713116837,0.33000001311302185,-0.0032217964366402984,1,176,0.6,-0.0032217964366402984,-0.004632428858413394
2026-03-04,4,strategy,-1,31,C,6840.0,169,0.49579429626464844,0.034278351813554764,0.09870129823684692,19.399999618530273,0.0,0.0011233630357310176,0.39454546570777893,0.07865168899297714,33,14.5,2,stop_vwap,-0.25257730489076646,0.00848000020980835,-0.2610573051005748,-506.45116193656924,0.33000001311302185,-0.004290639748907327,1,166,0.6,-0.004290639748907327,-0.004632428858413394
2024-12-19,0,control_A,0,46,C,5910.0,195,0.5039860606193542,0.03408854082226753,0.1003488078713417,19.200000762939453,0.0,-0.0012110493844375014,-1.0,0.375,47,19.030000686645508,1,stop_vwap,-0.008854170288476536,0.00848000020980835,-0.017334170498284885,-33.28160867919924,0.33000001311302185,0.0,-1,0,0.6,0.0,-0.0032408790196878845
2024-12-23,0,control_A,1,102,C,5925.0,148,0.5101687908172607,0.024251967668533325,0.0669710785150528,12.699999809265137,0.0,-0.0005257939919829369,-1.0,-0.746835470199585,103,12.75,1,stop_vwap,0.003937022951637072,0.006,-0.002062977048362928,-2.619980812072754,-0.33000001311302185,0.0,-1,0,0.6,0.0,-0.0032408790196878845
2024-12-26,0,control_A,2,99,C,6035.0,169,0.5127686858177185,0.019999999552965164,0.05008736252784729,8.380000114440918,0.0,0.0016176138306036592,1.0,-0.2602739632129669,100,8.800000190734863,1,target_first15,0.05011934016208139,0.006,0.04411934016208139,36.972007560729985,-0.33000001311302185,0.0,-1,0,0.6,0.0,-0.0032408790196878845
2025-01-02,0,control_A,4,87,C,5905.0,143,0.4970872700214386,0.04260869696736336,0.11740042269229889,13.800000190734863,0.0,-0.0013482916401699185,0.00767867686226964,-0.7935779690742493,88,12.600000381469727,1,stop_vwap,-0.08695650671590574,0.006,-0.09295650671590575,-128.2799810409546,-0.33000001311302185,0.0,-1,0,0.6,0.0,-0.0032408790196878845
2025-01-03,0,control_A,5,85,C,5910.0,175,0.5133460760116577,0.0355147048830986,0.10607225447893143,13.600000381469727,0.0,0.0008851359016261995,0.4109792411327362,-0.10582010447978973,93,18.899999618530273,8,target_first15,0.38970581532349824,0.006,0.38370581532349823,521.8399234771728,-0.33000001311302185,0.0,-1,0,0.6,0.0,-0.0032408790196878845
2025-01-06,0,control_A,6,62,C,6010.0,167,0.5160612463951111,0.037606384605169296,0.10854379087686539,9.399999618530273,0.0,0.0018597590969875455,1.0,0.5962441563606262,63,10.100000381469727,1,target_first15,0.07446816929221332,0.006,0.06846816929221332,64.36007652282714,-0.33000001311302185,0.0,-1,0,0.6,0.0,-0.0032408790196878845
2025-01-08,0,control_A,7,98,C,5905.0,140,0.48581159114837646,0.060036495327949524,0.18323586881160736,13.699999809265137,0.0,0.0007027513347566128,0.07359813153743744,1.0,100,15.100000381469727,2,target_first15,0.10218982421136875,0.006,0.09618982421136875,131.78005733489988,-0.33000001311302185,0.0,-1,0,0.6,0.0,-0.0032408790196878845
2025-01-13,0,control_A,9,108,C,5795.0,124,0.48208504915237427,0.024230768904089928,0.0717131495475769,13.0,0.0,0.0006602380890399218,1.0,1.0,109,12.949999809265137,1,target_first15,-0.0038461685180664062,0.006360000157356262,-0.010206168675422667,-13.268019278049467,0.33000001311302185,0.0,-1,0,0.6,0.0,-0.0032408790196878845
2025-01-14,0,control_A,10,56,C,5860.0,153,0.48430684208869934,0.06350000202655792,0.14848144352436066,14.0,0.0,-0.0003840428253170103,-0.857692301273346,-0.64449542760849,57,13.300000190734863,1,stop_vwap,-0.0499999863760812,0.008,-0.0579999863760812,-81.19998092651369,-0.33000001311302185,0.0,-1,0,0.6,0.0,-0.0032408790196878845
2025-01-16,0,control_A,11,78,C,5945.0,142,0.48016321659088135,0.0705932229757309,0.18430034816265106,11.800000190734863,0.0,-0.0013544970424845815,-1.0,-0.38493722677230835,79,12.600000381469727,1,stop_vwap,0.06779662523760027,0.006,0.061796625237600274,72.92001895904541,-0.33000001311302185,0.0,-1,0,0.6,0.0,-0.0032408790196878845
2025-01-17,0,control_A,12,78,C,5995.0,284,0.522952139377594,0.019999999552965164,0.056603774428367615,10.800000190734863,0.0,0.0009198201005347073,0.5569794178009033,0.3142857253551483,79,12.0,1,target_first15,0.11111109148818314,0.006,0.10511109148818314,113.51998081207275,-0.33000001311302185,0.0,-1,0,0.6,0.0,-0.0032408790196878845
2025-01-24,0,control_A,14,84,C,6115.0,217,0.4981144666671753,0.038523491472005844,0.10918775200843811,7.449999809265137,0.0,-0.0010337166022509336,-1.0,-0.6778523325920105,85,7.800000190734863,1,stop_vwap,0.04697991817858186,0.006,0.04097991817858186,30.530038261413576,-1.0,0.0,-1,0,0.6,0.0,-0.0032408790196878845
2025-01-27,0,control_A,15,110,C,5995.0,204,0.4900657534599304,0.0401453971862793,0.10847975313663483,12.380000114440918,0.0,-0.0004243951989337802,0.5307769775390625,-0.6898733973503113,111,12.619999885559082,1,stop_vwap,0.019386087956349142,0.006,0.013386087956349142,16.571977043151858,-0.33000001311302185,0.0,-1,0,0.6,0.0,-0.0032408790196878845
2025-01-28,0,control_A,16,30,C,6015.0,141,0.4936467707157135,0.034746378660202026,0.10159436613321304,13.800000190734863,0.0,-0.0003386109892744571,-0.16344605386257172,0.6983470916748047,37,20.899999618530273,7,target_first15,0.5144927050480953,0.008,0.5064927050480953,698.9599426269532,-0.33000001311302185,0.0,-1,0,0.6,0.0,-0.0032408790196878845
2025-01-29,0,control_A,17,47,C,6055.0,167,0.47711271047592163,0.03281249850988388,0.06303724646568298,14.399999618530273,0.0,-0.0004671364731620997,-0.2703412175178528,-0.5248227119445801,48,15.100000381469727,1,stop_vwap,0.04861116538077369,0.008,0.04061116538077369,58.4800765991211,-0.33000001311302185,0.0,-1,0,0.6,0.0,-0.0032408790196878845
2025-01-31,0,control_A,19,119,C,6110.0,254,0.5397378206253052,0.027053140103816986,0.07476635277271271,10.350000381469727,0.0,0.0008913034107536077,1.0,-0.89682537317276,120,10.699999809265137,1,target_first15,0.03381636858893616,0.006,0.027816368588936165,28.78994255065918,-0.33000001311302185,0.0,-1,0,0.6,0.0,-0.0032408790196878845
2025-02-04,0,control_A,20,116,C,6035.0,152,0.5102872252464294,0.019999999552965164,0.02926829271018505,10.239999771118164,0.0,0.0036686703097075224,1.0,0.40425533056259155,117,10.550000190734863,1,target_first15,0.03027347915485827,0.006,0.024273479154858273,24.856042098999023,-0.33000001311302185,0.0,-1,0,0.6,0.0,-0.0032408790196878845
2025-02-05,0,control_A,21,66,C,6030.0,140,0.4693557918071747,0.03150000050663948,0.08064515888690948,10.0,0.0,0.0008898116648197174,0.1898971050977707,0.7427184581756592,96,9.630000114440918,30,time_stop,-0.036999988555908206,0.006,-0.042999988555908204,-42.9999885559082,-0.33000001311302185,0.0,-1,0,0.6,0.0,-0.0032408790196878845
2025-02-10,0,control_A,23,66,C,6070.0,158,0.4621116816997528,0.025631312280893326,0.0535714291036129,7.920000076293945,0.0,0.0016540746437385678,1.0,-0.4615384638309479,67,7.699999809265137,1,target_first15,-0.02777781122595073,0.006,-0.03377781122595073,-26.752026748657226,-0.33000001311302185,0.0,-1,0,0.6,0.0,-0.0032408790196878845
2025-02-12,0,control_A,25,108,C,6030.0,132,0.48923754692077637,0.032710280269384384,0.09433962404727936,10.699999809265137,0.0,0.0005501728737726808,1.0,0.726190447807312,109,10.5,1,target_first15,-0.018691571292548694,0.006,-0.024691571292548696,-26.419980812072758,-0.33000001311302185,0.0,-1,0,0.6,0.0,-0.0032408790196878845
2025-02-13,0,control_A,26,55,C,6085.0,157,0.4585750699043274,0.04243750125169754,0.10426539927721024,8.0,0.0,0.0023383484221994877,1.0,0.375,56,6.619999885559082,1,target_first15,-0.17250001430511475,0.008,-0.18050001430511475,-144.4000114440918,-0.33000001311302185,0.0,-1,0,0.6,0.0,-0.0032408790196878845
2025-02-14,0,control_A,27,97,C,6125.0,205,0.4937274158000946,0.03589743748307228,0.10526315867900848,7.800000190734863,0.0,0.000506480922922492,1.0,0.8238636255264282,98,8.399999618530273,1,target_first15,0.07692300168250153,0.006,0.07092300168250153,55.3199426651001,-1.0,0.0,-1,0,0.6,0.0,-0.0032408790196878845
2025-02-19,0,control_A,28,87,P,6115.0,155,-0.47570565342903137,0.05454545468091965,0.11612903326749802,7.699999809265137,0.0,-0.00029395456658676267,-0.1270553022623062,0.017241379246115685,89,6.599999904632568,2,stop_vwap,-0.14285713401044212,0.006,-0.14885713401044212,-114.61999034881592,-0.33000001311302185,0.0,-1,0,0.6,0.0,-0.0032408790196878845
2025-02-21,0,control_A,29,44,C,6095.0,260,0.5102838277816772,0.023432202637195587,0.06760804355144501,11.800000190734863,0.0,-0.001314025605097413,-1.0,0.06474819779396057,45,11.899999618530273,1,stop_vwap,0.008474527642290024,0.008,0.0004745276422900239,0.5599426269531247,-0.33000001311302185,0.0,-1,0,0.6,0.0,-0.0032408790196878845
2025-02-26,0,control_A,31,77,C,6000.0,137,0.518383264541626,0.024471545591950417,0.06974858045578003,12.300000190734863,0.0,0.003075761953368783,1.0,-0.37106919288635254,78,13.109999656677246,1,target_first15,0.06585361409608152,0.006,0.059853614096081524,73.61994647979736,-0.33000001311302185,0.0,-1,0,0.6,0.0,-0.0032408790196878845
2025-02-27,0,control_A,32,45,C,5955.0,150,0.5065262317657471,0.03928571566939354,0.10891088843345642,19.600000381469727,0.0,-0.0006675607291981578,-1.0,-0.03803132101893425,46,20.799999237060547,1,stop_vwap,0.061224430216099676,0.008,0.053224430216099676,104.31988525390625,-0.33000001311302185,0.0,-1,0,0.6,0.0,-0.0032408790196878845
2025-03-03,0,control_A,33,85,C,5950.0,174,0.48752644658088684,0.06714628636837006,0.18390804529190063,16.68000030517578,0.0,-0.0008281103218905628,-1.0,-0.6106346249580383,86,16.200000762939453,1,stop_vwap,-0.028776950446900467,0.006360000157356262,-0.03513695060425673,-58.608434680194854,0.33000001311302185,0.0,-1,0,0.6,0.0,-0.0032408790196878845
2025-03-13,0,control_A,34,108,C,5560.0,141,0.4971996545791626,0.023103447631001472,0.0675743818283081,20.299999237060547,0.0,-0.003091585822403431,-1.0,0.2864583432674408,109,20.600000381469727,1,stop_vwap,0.014778382053408395,0.006360000157356262,0.008418381896052134,17.089314606714264,0.33000001311302185,0.0,-1,0,0.6,0.0,-0.0032408790196878845
2025-03-17,0,control_A,35,110,P,5655.0,169,-0.48131826519966125,0.03500000014901161,0.10725551843643188,14.0,0.0,0.0003793329815380275,0.35920727252960205,-0.8008849620819092,111,13.5,1,stop_vwap,-0.03571428571428571,0.006360000157356262,-0.04207428587164198,-58.90400022029877,0.33000001311302185,0.0,-1,0,0.6,0.0,-0.0032408790196878845
2025-03-20,1,control_A,0,101,C,5705.0,185,0.47679951786994934,0.04157894849777222,0.10725551843643188,13.300000190734863,0.0,0.004351283889263868,1.0,0.40878379344940186,102,13.899999618530273,1,target_first15,0.045112738285025426,0.006,0.03911273828502543,52.019942665100096,-0.33000001311302185,0.0,-1,0,0.6,0.0,-0.002843001407722897
2025-04-01,1,control_A,1,97,C,5625.0,158,0.49912819266319275,0.03387096896767616,0.09345794469118118,15.5,0.0,0.005725056864321232,1.0,-0.623115599155426,98,17.899999618530273,1,target_first15,0.15483868506646925,0.006360000157356262,0.14847868490911298,230.1419616091251,0.33000001311302185,0.0,-1,0,0.6,0.0,-0.002843001407722897
2025-05-01,1,control_A,4,94,C,5650.0,227,0.5010154843330383,0.030817609280347824,0.09210526198148727,15.899999618530273,0.0,0.004068815149366856,1.0,0.9098712205886841,95,16.299999237060547,1,target_first15,0.025157209316162717,0.006360000157356262,0.018797209158806456,29.887561845445642,0.33000001311302185,0.0,-1,0,0.6,0.0,-0.002843001407722897
2025-05-06,1,control_A,5,30,C,5590.0,162,0.5115976929664612,0.03459537401795387,0.09853067994117737,17.299999237060547,0.0,-0.0019277989631518722,-1.0,-0.46891191601753235,31,20.200000762939453,1,stop_vwap,0.1676301533971424,0.00848000020980835,0.15915015318733405,275.32975287189487,0.33000001311302185,0.0,-1,0,0.6,0.0,-0.002843001407722897
2025-05-08,1,control_A,7,95,C,5645.0,189,0.5187963247299194,0.0626225471496582,0.19035202264785767,20.399999618530273,0.0,-0.0018901756266131997,-1.0,0.8951964974403381,96,21.899999618530273,1,stop_vwap,0.07352941313966888,0.006360000157356262,0.06716941298231262,137.02559992160798,0.33000001311302185,0.0,-1,0,0.6,0.0,-0.002843001407722897
2025-05-19,1,control_A,8,108,P,5940.0,206,-0.47063297033309937,0.039952829480171204,0.1034482792019844,10.600000381469727,0.0,0.002665207488462329,1.0,0.7882353067398071,109,11.0,1,stop_vwap,0.03773581171086827,0.006,0.03173581171086827,33.639961624145506,-0.33000001311302185,0.0,-1,0,0.6,0.0,-0.002843001407722897
2025-06-02,1,control_A,10,75,C,5900.0,162,0.48408058285713196,0.05129310488700867,0.15111111104488373,11.600000381469727,0.0,0.0015826221788302064,-0.35266974568367004,0.6767676472663879,105,12.899999618530273,30,time_stop,0.11206889606117722,0.006,0.10606889606117721,123.03992347717285,-0.33000001311302185,0.0,-1,0,0.6,0.0,-0.002843001407722897
2025-06-24,2,control_A,0,48,C,6070.0,196,0.5023241639137268,0.029999999329447746,0.08612440526485443,10.5,0.0,3.669224679470062e-05,-0.05320435389876366,0.3935483992099762,72,13.800000190734863,24,target_first15,0.3142857324509394,0.008,0.3062857324509394,321.60001907348635,-0.33000001311302185,0.0,-1,0,0.6,0.0,-0.00392688373329578
2025-07-11,2,control_A,2,117,P,6255.0,206,-0.5132800936698914,0.04417475685477257,0.10000000149011612,10.300000190734863,0.0,-6.622106593567878e-05,0.6148492097854614,0.125827819108963,118,8.84000015258789,1,stop_vwap,-0.14174757389424938,0.006,-0.1477475738942494,-152.1800039291382,-0.33000001311302185,0.0,-1,0,0.6,0.0,-0.00392688373329578
2025-07-14,2,control_A,3,104,P,6260.0,173,-0.5208313465118408,0.04022988677024841,0.12903225421905518,8.699999809265137,0.0,0.001093085389584303,1.0,-0.21088434755802155,105,8.300000190734863,1,stop_vwap,-0.045976968655136126,0.006,-0.051976968655136124,-45.21996173858643,-0.33000001311302185,0.0,-1,0,0.6,0.0,-0.00392688373329578
2025-07-15,2,control_A,4,45,C,6285.0,164,0.5109468102455139,0.030434781685471535,0.08602150529623032,9.199999809265137,0.0,-0.0003864024765789509,-0.5914855003356934,0.5,46,8.649999618530273,1,stop_vwap,-0.05978263066711904,0.008,-0.06778263066711904,-62.36001892089843,-0.33000001311302185,0.0,-1,0,0.6,0.0,-0.00392688373329578
2025-07-17,2,control_A,5,51,P,6280.0,148,-0.5324491262435913,0.06157407537102699,0.14046122133731842,10.800000190734863,0.0,0.00034491243422962725,0.9350993633270264,0.44549763202667236,59,11.5,8,stop_vwap,0.06481479600950885,0.008,0.056814796009508846,61.35998077392579,-0.33000001311302185,0.0,-1,0,0.6,0.0,-0.00392688373329578
2025-07-24,2,control_A,6,50,P,6370.0,179,-0.5329437851905823,0.02800000086426735,0.07567567378282547,10.0,0.0,-0.00014304835349321365,0.13327449560165405,0.5777778029441833,58,9.0,8,stop_vwap,-0.1,0.008,-0.10800000000000001,-108.0,-0.33000001311302185,0.0,-1,0,0.6,0.0,-0.00392688373329578
2025-07-25,2,control_A,7,43,P,6375.0,226,-0.4921165406703949,0.033734939992427826,0.12877792119979858,8.300000190734863,0.0,0.0002205261989729479,0.8603895902633667,-0.8600000143051147,44,8.5,1,stop_vwap,0.024096362008327758,0.008,0.016096362008327758,13.35998077392578,-0.33000001311302185,0.0,-1,0,0.6,0.0,-0.00392688373329578
2025-07-28,2,control_A,8,107,P,6395.0,185,-0.5415388345718384,0.06402438879013062,0.16422946751117706,8.199999809265137,0.0,-0.0006751709734089673,-0.9671746492385864,-0.8863636255264282,108,10.300000190734863,1,target_first15,0.256097613453228,0.006,0.250097613453228,205.08003826141356,-0.33000001311302185,0.0,-1,0,0.6,0.0,-0.00392688373329578
2025-07-30,2,control_A,9,60,C,6385.0,182,0.5256997346878052,0.045075759291648865,0.13438735902309418,13.199999809265137,0.0,0.001215412630699575,1.0,0.9446494579315186,61,13.899999618530273,1,target_first15,0.05303028934695922,0.006,0.04703028934695922,62.07998104095459,-0.33000001311302185,0.0,-1,0,0.6,0.0,-0.00392688373329578
2025-07-31,2,control_A,10,69,C,6405.0,297,0.5216217041015625,0.019999999552965164,0.05030849575996399,10.800000190734863,0.0,-0.00041492414311505854,-0.49621471762657166,1.0,70,10.329999923706055,1,stop_vwap,-0.04351854247484309,0.006,-0.04951854247484309,-53.48002681732178,-0.33000001311302185,0.0,-1,0,0.6,0.0,-0.00392688373329578
2025-08-01,2,control_A,11,69,C,6250.0,196,0.5113169550895691,0.03274853900074959,0.09090909361839294,17.100000381469727,0.0,0.0008066986338235438,-0.5933290719985962,-0.8742331266403198,73,14.0,4,stop_vwap,-0.1812865679716017,0.006,-0.1872865679716017,-320.2600383758545,-0.33000001311302185,0.0,-1,0,0.6,0.0,-0.00392688373329578
2025-08-05,2,control_A,12,103,P,6305.0,175,-0.5115717649459839,0.0682203397154808,0.17777778208255768,11.800000190734863,0.0,-0.0022204648703336716,-1.0,0.9913544654846191,104,11.100000381469727,1,target_first15,-0.059322016775454234,0.006,-0.06532201677545424,-77.07998104095459,-0.33000001311302185,0.0,-1,0,0.6,0.0,-0.00392688373329578
2025-08-06,2,control_A,13,37,P,6325.0,174,-0.50112384557724,0.02631578966975212,0.095238097012043,11.970000267028809,0.0,0.002056652680039406,1.0,-0.1428571492433548,38,11.899999618530273,1,stop_vwap,-0.005848007262902986,0.008,-0.013848007262902987,-16.576065063476562,-0.33000001311302185,0.0,-1,0,0.6,0.0,-0.00392688373329578
2025-08-12,2,control_A,15,112,C,6425.0,197,0.5421738028526306,0.028823530301451683,0.07999999821186066,8.5,0.0,0.003021888667717576,1.0,-0.5280898809432983,113,8.319999694824219,1,target_first15,-0.02117650649126838,0.006,-0.027176506491268383,-23.100030517578126,-1.0,0.0,-1,0,0.6,0.0,-0.00392688373329578
2025-08-14,2,control_A,16,40,P,6460.0,187,-0.49929049611091614,0.03553943708539009,0.09870129823684692,11.029999732971191,0.0,0.0010268534533679485,1.0,-0.01315789483487606,41,11.460000038146973,1,stop_vwap,0.03898461610025357,0.008,0.03098461610025357,34.17603073120117,-1.0,0.0,-1,0,0.6,0.0,-0.00392688373329578
2025-08-20,2,control_A,17,112,C,6375.0,157,0.5127158761024475,0.04800884798169136,0.14588235318660736,11.300000190734863,0.0,0.00041592895286157727,-1.0,0.8744939565658569,120,11.699999809265137,8,time_stop,0.03539819573261977,0.006,0.029398195732619772,33.21996173858643,-0.33000001311302185,0.0,-1,0,0.6,0.0,-0.00392688373329578
2025-08-25,2,control_A,18,116,C,6465.0,183,0.5082916617393494,0.036296296864748,0.1072796955704689,5.400000095367432,0.0,0.0013720783172175288,1.0,0.19780220091342926,117,5.389999866485596,1,target_first15,-0.001851894204671397,0.006,-0.007851894204671398,-4.2400229454040534,-1.0,0.0,-1,0,0.6,0.0,-0.00392688373329578
2025-08-28,2,control_A,20,113,C,6480.0,163,0.5165165662765503,0.062025316059589386,0.16470588743686676,7.900000095367432,0.0,-0.00027001259149983525,-1.0,-0.6801619529724121,114,8.600000381469727,1,stop_vwap,0.08860763008253326,0.006,0.08260763008253326,65.26002855300904,-1.0,0.0,-1,0,0.6,0.0,-0.00392688373329578
2025-09-03,2,control_A,22,59,C,6435.0,163,0.5278782844543457,0.07000000029802322,0.1818181872367859,9.5,0.0,-0.00038603777647949755,-1.0,-1.0,62,13.800000190734863,3,target_first15,0.45263159902472244,0.008,0.44463159902472243,422.4000190734863,-0.33000001311302185,0.0,-1,0,0.6,0.0,-0.00392688373329578
2025-09-23,3,control_A,0,109,P,6690.0,198,-0.47332414984703064,0.025633802637457848,0.07092198729515076,7.099999904632568,0.0,-0.00045343031524680555,-1.0,-0.17241379618644714,110,7.139999866485596,1,target_first15,0.0056337975197617105,0.006,-0.0003662024802382896,-0.26000375747680665,-0.33000001311302185,0.0,-1,0,0.6,0.0,-0.004108919668034944
2025-09-29,3,control_A,1,102,C,6665.0,183,0.5052210688591003,0.05040000006556511,0.14673912525177002,7.5,0.0,-0.0008560398709960282,-0.4844961166381836,-0.5539215803146362,103,7.599999904632568,1,stop_vwap,0.013333320617675781,0.006,0.007333320617675781,5.499990463256836,-0.33000001311302185,0.0,-1,0,0.6,0.0,-0.004108919668034944
2025-09-30,3,control_A,2,99,C,6660.0,238,0.49653804302215576,0.019999999552965164,0.05347593501210213,9.210000038146973,0.0,0.0008798328344710171,1.0,0.3655914068222046,100,8.699999809265137,1,target_first15,-0.05537461745596763,0.006,-0.06137461745596763,-56.52602291107177,-0.33000001311302185,0.0,-1,0,0.6,0.0,-0.004108919668034944
2025-10-01,3,control_A,3,82,C,6680.0,191,0.5097691416740417,0.03923766687512398,0.10638298094272614,8.920000076293945,0.0,0.0013208892196416855,1.0,-0.9747474789619446,83,9.399999618530273,1,target_first15,0.05381160741376999,0.006,0.04781160741376999,42.64795417785645,-0.33000001311302185,0.0,-1,0,0.6,0.0,-0.004108919668034944
2025-10-03,3,control_A,4,94,P,6745.0,249,-0.5373128652572632,0.026860464364290237,0.05570726469159126,8.600000381469727,0.0,0.0010500643402338028,1.0,0.6962025165557861,95,8.0,1,stop_vwap,-0.06976748312273766,0.006,-0.07576748312273766,-65.1600383758545,-0.33000001311302185,0.0,-1,0,0.6,0.0,-0.004108919668034944
2025-10-14,3,control_A,7,61,C,6615.0,204,0.5009845495223999,0.05055555701255798,0.13612565398216248,18.0,0.0,0.0042609297670423985,1.0,-0.6585366129875183,62,19.5,1,target_first15,0.08333333333333333,0.006360000157356262,0.07697333317597707,138.55199971675873,0.33000001311302185,0.0,-1,0,0.6,0.0,-0.004108919668034944
2025-10-16,3,control_A,8,83,C,6700.0,206,0.47551676630973816,0.027112675830721855,0.07228915393352509,14.199999809265137,0.0,0.0005909882602281868,0.7881568074226379,0.8086124658584595,84,15.199999809265137,1,target_first15,0.07042253615718541,0.006360000157356262,0.06406253599982915,90.9687998978615,0.33000001311302185,0.0,-1,0,0.6,0.0,-0.004108919668034944
2025-10-17,3,control_A,9,43,C,6650.0,309,0.5027714371681213,0.05519230663776398,0.16565656661987305,26.0,0.0,0.0039583719335496426,1.0,0.8633005023002625,44,27.639999389648438,1,target_first15,0.06307689960186298,0.00848000020980835,0.05459689939205463,141.95193841934204,0.33000001311302185,0.0,-1,0,0.6,0.0,-0.004108919668034944
2025-10-21,3,control_A,10,108,C,6745.0,205,0.4535931646823883,0.04131944477558136,0.09622348845005035,7.199999809265137,0.0,0.0008626024355180562,1.0,-0.1875,109,7.5,1,target_first15,0.04166669426141035,0.006,0.03566669426141035,25.680019187927243,-0.33000001311302185,0.0,-1,0,0.6,0.0,-0.004108919668034944
2025-10-23,3,control_A,12,52,P,6710.0,167,-0.4796943962574005,0.040287770330905914,0.11034482717514038,13.899999618530273,0.0,-0.0006261710077524185,0.2966625392436981,0.6760563254356384,53,11.479999542236328,1,stop_vwap,-0.17410072969123044,0.008,-0.18210072969123045,-253.12000732421876,-0.33000001311302185,0.0,-1,0,0.6,0.0,-0.004108919668034944
2025-11-05,3,control_A,16,119,C,6805.0,174,0.5039324164390564,0.029773157089948654,0.0845070406794548,10.579999923706055,0.0,0.0024361691903322935,1.0,0.7283950448036194,120,10.199999809265137,1,target_first15,-0.03591683527232089,0.006,-0.04191683527232089,-44.34801139831542,-0.33000001311302185,0.0,-1,0,0.6,0.0,-0.004108919668034944
2025-11-06,3,control_A,17,105,C,6735.0,152,0.517583966255188,0.029494382441043854,0.08695652335882187,17.799999237060547,0.0,-0.0029937063809484243,-1.0,0.3369963467121124,106,15.199999809265137,1,stop_vwap,-0.14606738984471823,0.006,-0.15206738984471824,-270.67994232177733,-0.33000001311302185,0.0,-1,0,0.6,0.0,-0.004108919668034944
2025-11-07,3,control_A,18,117,C,6650.0,191,0.4915883541107178,0.019999999552965164,0.0476190485060215,17.200000762939453,0.0,-0.0031340026762336493,-1.0,-0.35840708017349243,118,16.610000610351562,1,stop_vwap,-0.03430233293123765,0.006360000157356262,-0.04066233308859391,-69.93921601467135,0.33000001311302185,0.0,-1,0,0.6,0.0,-0.004108919668034944
2025-11-10,3,control_A,19,44,P,6805.0,203,-0.47164806723594666,0.08352941274642944,0.1852986216545105,11.899999618530273,0.0,0.00018462164734955877,0.595678985118866,-0.8646464943885803,45,10.800000190734863,1,stop_vwap,-0.09243692966868071,0.008,-0.1004369296686807,-119.51994247436521,-0.33000001311302185,0.0,-1,0,0.6,0.0,-0.004108919668034944
2025-11-11,3,control_A,20,50,C,6815.0,170,0.4693804681301117,0.07750000059604645,0.19834710657596588,9.800000190734863,0.0,-0.0011691841064020991,-1.0,0.5693160891532898,51,10.0,1,stop_vwap,0.02040814340536656,0.008,0.01240814340536656,12.159980773925783,-0.33000001311302185,0.0,-1,0,0.6,0.0,-0.004108919668034944
2025-11-14,3,control_A,22,111,C,6750.0,223,0.49539801478385925,0.03542168810963631,0.10526315867900848,16.600000381469727,0.0,0.006863449700176716,1.0,0.9422222375869751,112,17.100000381469727,1,target_first15,0.03012048123553905,0.006360000157356262,0.02376048107818279,39.44239949617385,0.33000001311302185,0.0,-1,0,0.6,0.0,-0.004108919668034944
2025-11-17,3,control_A,23,87,P,6725.0,174,-0.5059956908226013,0.03060109354555607,0.08383233845233917,18.299999237060547,0.0,-0.001036568428389728,-0.03561216592788696,-0.49166667461395264,104,29.899999618530273,17,target_first15,0.6338798286929866,0.006360000157356262,0.6275198285356304,1148.36123834424,0.33000001311302185,0.0,-1,0,0.6,0.0,-0.004108919668034944
2025-11-20,3,control_A,26,46,C,6745.0,238,0.5018300414085388,0.03647368401288986,0.10055866092443466,19.0,0.0,-0.0012505913618952036,-0.3841368556022644,-0.5026041865348816,47,22.0,1,stop_vwap,0.15789473684210525,0.008,0.14989473684210525,284.8,-0.33000001311302185,0.0,-1,0,0.6,0.0,-0.004108919668034944
2025-11-24,3,control_A,27,60,C,6670.0,216,0.4884553551673889,0.046531792730093,0.10418270528316498,17.299999237060547,0.0,0.0015799831598997116,0.7927430868148804,-0.40408164262771606,61,18.530000686645508,1,target_first15,0.07109835282246817,0.006360000157356262,0.06473835266511191,111.99734517149926,0.33000001311302185,0.0,-1,0,0.6,0.0,-0.004108919668034944
2025-11-25,3,control_A,28,67,C,6710.0,190,0.49437418580055237,0.02709677442908287,0.07792207598686218,15.5,0.0,0.0022839680314064026,0.5176252126693726,0.42561984062194824,74,19.799999237060547,7,target_first15,0.2774193056168095,0.006360000157356262,0.2710593054594532,420.14192346215253,0.33000001311302185,0.0,-1,0,0.6,0.0,-0.004108919668034944
2025-12-01,3,control_A,30,41,P,6825.0,204,-0.5031644105911255,0.04772727191448212,0.11638591438531876,15.399999618530273,0.0,0.001067579723894596,1.0,-0.43161094188690186,42,14.399999618530273,1,stop_vwap,-0.06493506654355598,0.008,-0.07293506654355597,-112.3199996948242,-0.33000001311302185,0.0,-1,0,0.6,0.0,-0.004108919668034944
2025-12-09,4,control_A,1,76,P,6855.0,178,-0.49510109424591064,0.03846153989434242,0.11275964230298996,9.100000381469727,0.0,0.00040639820508658886,1.0,-0.6000000238418579,80,9.600000381469727,4,stop_vwap,0.05494505264177207,0.006,0.04894505264177207,44.53999977111817,-0.33000001311302185,0.0,-1,0,0.6,0.0,-0.004632428858413394
2025-12-11,4,control_A,3,63,C,6875.0,188,0.4991772174835205,0.04374999925494194,0.12173912674188614,11.199999809265137,0.0,0.002404932864010334,1.0,-0.05025125667452812,64,10.0,1,target_first15,-0.10714284193759036,0.006,-0.11314284193759036,-126.71998081207276,-0.33000001311302185,0.0,-1,0,0.6,0.0,-0.004632428858413394
2026-01-20,4,control_A,8,117,C,6855.0,177,0.5258063077926636,0.04440298676490784,0.12830188870429993,13.399999618530273,0.0,0.0007986041018739343,0.3270280063152313,0.7944162487983704,118,14.600000381469727,1,target_first15,0.08955229829111522,0.006,0.08355229829111521,111.96007652282715,-0.33000001311302185,0.0,-1,0,0.6,0.0,-0.004632428858413394
2026-01-28,4,control_A,10,59,C,6990.0,164,0.5028284192085266,0.026119403541088104,0.07246376574039459,13.399999618530273,0.0,-0.0009291988098993897,-1.0,-0.10483870655298233,60,13.989999771118164,1,stop_vwap,0.04402986338686198,0.008,0.03602986338686198,48.280015563964845,-0.33000001311302185,0.0,-1,0,0.6,0.0,-0.004632428858413394
2026-01-30,4,control_A,11,81,P,6955.0,246,-0.48755326867103577,0.052272725850343704,0.15568862855434418,15.399999618530273,0.0,0.0006789355538785458,0.5310344696044922,-0.46070459485054016,82,15.5,1,stop_vwap,0.006493531425117677,0.006,0.0004935314251176765,0.760038375854492,-0.33000001311302185,0.0,-1,0,0.6,0.0,-0.004632428858413394
2026-02-04,4,control_A,12,39,C,6915.0,169,0.48627421259880066,0.06281080842018127,0.18446601927280426,18.5,0.0,-0.0004911459400318563,-0.9213675260543823,0.7120115756988525,40,17.200000762939453,1,stop_vwap,-0.07027022903029984,0.008,-0.07827022903029984,-144.7999237060547,-0.33000001311302185,0.0,-1,0,0.6,0.0,-0.004632428858413394
2026-02-05,4,control_A,13,119,C,6820.0,159,0.4863809049129486,0.03482586890459061,0.08315098285675049,20.100000381469727,0.0,0.0013214629143476486,-0.5825262665748596,-0.2705479562282562,120,21.200000762939453,1,time_stop,0.054726386099167516,0.006360000157356262,0.04836638594181125,97.21643758807181,0.33000001311302185,0.0,-1,0,0.6,0.0,-0.004632428858413394
2026-02-09,4,control_A,15,55,C,6945.0,182,0.4781135320663452,0.049528300762176514,0.1267605572938919,10.600000381469727,0.0,0.0018526751082390547,1.0,-0.9697802066802979,56,9.979999542236328,1,target_first15,-0.05849064310575366,0.008,-0.06649064310575366,-70.48008422851562,-0.33000001311302185,0.0,-1,0,0.6,0.0,-0.004632428858413394
2026-02-13,4,control_A,17,70,P,6850.0,205,-0.5153648257255554,0.024513619020581245,0.05473684147000313,25.700000762939453,0.0,0.0018363341223448515,1.0,-0.52173912525177,71,24.600000381469727,1,stop_vwap,-0.04280156999279067,0.006360000157356262,-0.04916157015014693,-126.34523903660775,0.33000001311302185,0.0,-1,0,0.6,0.0,-0.004632428858413394
2026-02-17,4,control_A,18,61,C,6790.0,167,0.4863380491733551,0.030772946774959564,0.08257893472909927,20.700000762939453,0.0,-0.0035559874959290028,-1.0,-0.022727273404598236,62,18.600000381469727,1,stop_vwap,-0.10144929005169376,0.006360000157356262,-0.10780929020905002,-223.16523895792963,0.33000001311302185,0.0,-1,0,0.6,0.0,-0.004632428858413394
2026-02-19,4,control_A,20,56,C,6860.0,148,0.5226733088493347,0.05585106462240219,0.14851485192775726,18.799999237060547,0.0,-3.229290814488195e-05,0.6410714387893677,-0.8281787037849426,57,18.799999237060547,1,stop_vwap,0.0,0.00848000020980835,-0.00848000020980835,-15.942399747467023,0.33000001311302185,0.0,-1,0,0.6,0.0,-0.004632428858413394
2026-02-24,4,control_A,21,99,C,6880.0,170,0.48123788833618164,0.037634409964084625,0.10752688348293304,9.300000190734863,0.0,0.003137021791189909,1.0,0.5056179761886597,100,9.600000381469727,1,target_first15,0.03225808436366903,0.006,0.026258084363669033,24.420018959045414,-0.33000001311302185,0.0,-1,0,0.6,0.0,-0.004632428858413394
2026-02-26,4,control_A,23,42,C,6910.0,183,0.48915326595306396,0.10574018210172653,0.18009479343891144,16.549999237060547,0.0,-0.0029326926451176405,-1.0,-0.9804719090461731,43,0.0,1,stop_vwap,-1.0,0.008,-1.008,-1668.239923095703,-0.33000001311302185,0.0,-1,0,0.6,0.0,-0.004632428858413394
2025-01-08,0,control_B,0,114,C,5910.0,142,0.4822237193584442,0.036666665226221085,0.10185185074806213,12.600000381469727,0.0,0.0014553372748196125,0.6401869058609009,-0.470085471868515,115,12.899999618530273,1,target_first15,0.023809462537933153,0.006,0.017809462537933154,22.439923477172854,-0.33000001311302185,0.0,-1,0,0.6,0.0,-0.0032408790196878845
2025-01-16,0,control_B,1,119,C,5955.0,146,0.5131866931915283,0.03628440201282501,0.1042916476726532,10.899999618530273,0.0,0.0005644179764203727,-0.4246128797531128,-0.062176164239645004,120,11.199999809265137,1,time_stop,0.027522954241654782,0.006,0.021522954241654783,23.460019302368167,-0.33000001311302185,0.0,-1,0,0.6,0.0,-0.0032408790196878845
2025-02-05,0,control_B,6,75,C,6030.0,140,0.4836735129356384,0.019999999552965164,0.0419580414891243,10.100000381469727,0.0,0.0010074623860418797,0.3900841772556305,0.3214285671710968,99,11.600000381469727,24,target_first15,0.14851484587584973,0.006,0.14251484587584973,143.93999977111815,-0.33000001311302185,0.0,-1,0,0.6,0.0,-0.0032408790196878845
2025-02-10,0,control_B,7,109,C,6060.0,154,0.5363306403160095,0.03396039456129074,0.0979020968079567,10.100000381469727,0.0,0.00034346754546277225,1.0,-0.4658385217189789,110,10.079999923706055,1,target_first15,-0.0019802432681454473,0.006,-0.007980243268145448,-8.060046005249024,-0.33000001311302185,0.0,-1,0,0.6,0.0,-0.0032408790196878845
2025-02-20,0,control_B,8,68,C,6105.0,147,0.4737062156200409,0.032710280269384384,0.08429118990898132,10.699999809265137,0.0,-0.0010827170917764306,-1.0,0.5507246255874634,69,10.399999618530273,1,stop_vwap,-0.028037401503044228,0.006,-0.034037401503044226,-36.42001895904541,-0.33000001311302185,0.0,-1,0,0.6,0.0,-0.0032408790196878845
2025-02-14,0,control_B,10,45,C,6125.0,205,0.4732585847377777,0.05000000074505806,0.12691466510295868,8.399999618530273,0.0,0.00027125386986881495,0.9973474740982056,-0.7149758338928223,46,9.5,1,target_first15,0.13095243231239465,0.008,0.12295243231239464,103.28003845214842,-1.0,0.0,-1,0,0.6,0.0,-0.0032408790196878845
2025-02-20,0,control_B,11,93,C,6090.0,141,0.5061637759208679,0.023728813976049423,0.06896551698446274,11.800000190734863,0.0,-0.002772674895823002,-1.0,0.12568305432796478,94,11.229999542236328,1,stop_vwap,-0.048305138922462805,0.006,-0.0543051389224628,-64.08006496429444,-0.33000001311302185,0.0,-1,0,0.6,0.0,-0.0032408790196878845
2025-01-24,0,control_B,12,49,C,6120.0,219,0.48580339550971985,0.03202614560723305,0.09271523356437683,7.650000095367432,0.0,-0.0005207006470300257,-0.9861111044883728,0.20529800653457642,50,6.199999809265137,1,stop_vwap,-0.18954251869622377,0.008,-0.19754251869622377,-151.12002868652345,-1.0,0.0,-1,0,0.6,0.0,-0.0032408790196878845
2025-03-14,0,control_B,13,92,P,5615.0,197,-0.5094251036643982,0.02121761627495289,0.0595238097012043,19.299999237060547,0.0,0.005340030882507563,1.0,0.6137565970420837,93,19.399999618530273,1,stop_vwap,0.0051813671203521225,0.006360000157356262,-0.0011786330370041394,-2.274761671495425,0.33000001311302185,0.0,-1,0,0.6,0.0,-0.0032408790196878845
2025-02-06,0,control_B,15,115,C,6075.0,154,0.542143702507019,0.019999999552965164,0.036745406687259674,9.399999618530273,0.0,0.0006281554815359414,0.593307614326477,-0.8888888955116272,116,9.25,1,target_first15,-0.015957406874206496,0.006,-0.021957406874206498,-20.63996162414551,-0.33000001311302185,0.0,-1,0,0.6,0.0,-0.0032408790196878845
2025-01-27,0,control_B,16,40,C,6000.0,206,0.5109114050865173,0.03987341746687889,0.1192052960395813,15.800000190734863,0.0,0.0012986557558178902,0.8637739419937134,0.5174825191497803,46,11.100000381469727,6,stop_vwap,-0.2974683387675667,0.008,-0.3054683387675667,-482.6399810791015,-0.33000001311302185,0.0,-1,0,0.6,0.0,-0.0032408790196878845
2025-02-14,0,control_B,17,35,C,6125.0,205,0.4925500154495239,0.021761657670140266,0.06315789371728897,9.649999618530273,0.0,0.0005571020301431417,1.0,0.3488371968269348,36,9.600000381469727,1,target_first15,-0.005181268293994184,0.008,-0.013181268293994184,-12.719923400878908,-1.0,0.0,-1,0,0.6,0.0,-0.0032408790196878845
2025-01-30,0,control_B,19,94,C,6040.0,135,0.46941766142845154,0.03113994374871254,0.08955223858356476,10.789999961853027,0.0,-0.003345527919009328,-1.0,-0.026178009808063507,95,11.199999809265137,1,stop_vwap,0.037998132424617526,0.006,0.03199813242461753,34.52598476409912,-0.33000001311302185,0.0,-1,0,0.6,0.0,-0.0032408790196878845
2025-01-28,0,control_B,20,119,C,6035.0,149,0.5104550719261169,0.04899999871850014,0.148505300283432,11.0,0.0,0.001149541698396206,1.0,-0.08806817978620529,120,11.029999732971191,1,target_first15,0.0027272484519264913,0.006,-0.003272751548073509,-3.60002670288086,-0.33000001311302185,0.0,-1,0,0.6,0.0,-0.0032408790196878845
2025-02-03,0,control_B,21,117,C,6000.0,180,0.49206557869911194,0.05150943249464035,0.1432945430278778,15.899999618530273,0.0,0.0057183220051229,1.0,-0.7486631274223328,118,16.100000381469727,1,target_first15,0.012578664637599553,0.006,0.006578664637599553,10.460076522827148,-0.33000001311302185,0.0,-1,0,0.6,0.0,-0.0032408790196878845
2025-01-10,0,control_B,24,39,C,5820.0,167,0.4879045784473419,0.026203207671642303,0.055813953280448914,18.700000762939453,0.0,-0.005283152684569359,-1.0,0.18076923489570618,40,18.079999923706055,1,stop_vwap,-0.033155123740002485,0.00848000020980835,-0.04163512394981084,-77.85768496265413,0.33000001311302185,0.0,-1,0,0.6,0.0,-0.0032408790196878845
2025-02-13,0,control_B,25,117,C,6090.0,159,0.4568418562412262,0.041008174419403076,0.08372092992067337,7.340000152587891,0.0,0.002161902841180563,1.0,0.32786884903907776,118,6.900000095367432,1,target_first15,-0.05994551063671662,0.006,-0.06594551063671662,-48.40400581359864,-0.33000001311302185,0.0,-1,0,0.6,0.0,-0.0032408790196878845
2025-01-31,0,control_B,26,39,C,6110.0,254,0.4771491587162018,0.045499999076128006,0.11666666716337204,10.0,0.0,0.0013406440848484635,1.0,0.8952096104621887,40,11.199999809265137,1,target_first15,0.11999998092651368,0.008,0.11199998092651367,111.99998092651367,-0.33000001311302185,0.0,-1,0,0.6,0.0,-0.0032408790196878845
2025-02-04,0,control_B,27,59,C,6025.0,148,0.51181960105896,0.027017543092370033,0.07719298452138901,14.25,0.0,0.0028919081669300795,1.0,-0.5291479825973511,60,12.300000190734863,1,target_first15,-0.13684209187825522,0.008,-0.14484209187825522,-206.3999809265137,-0.33000001311302185,0.0,-1,0,0.6,0.0,-0.0032408790196878845
2024-12-27,0,control_B,28,86,P,5970.0,206,-0.5214555859565735,0.03453947231173515,0.0886293351650238,15.199999809265137,0.0,-0.0014231741661205888,-1.0,-0.04477611929178238,87,16.399999618530273,1,target_first15,0.07894735686336514,0.006,0.07294735686336513,110.8799810409546,-0.33000001311302185,0.0,-1,0,0.6,0.0,-0.0032408790196878845
2024-12-31,0,control_B,29,115,C,5895.0,193,0.5052146315574646,0.019999999552965164,0.04281345382332802,16.0,0.0,-0.0035939274821430445,-1.0,-0.41999998688697815,116,16.309999465942383,1,stop_vwap,0.019374966621398926,0.006,0.013374966621398926,21.39994659423828,-0.33000001311302185,0.0,-1,0,0.6,0.0,-0.0032408790196878845
2025-01-02,0,control_B,30,86,C,5905.0,143,0.5149269700050354,0.03736486658453941,0.10740992426872253,14.800000190734863,0.0,-0.0010832230327650905,0.10100413113832474,0.14399999380111694,87,13.800000190734863,1,stop_vwap,-0.06756756669679118,0.006,-0.07356756669679118,-108.88000011444092,-0.33000001311302185,0.0,-1,0,0.6,0.0,-0.0032408790196878845
2025-02-13,0,control_B,31,104,C,6095.0,161,0.4598086178302765,0.024071527644991875,0.05999999865889549,7.269999980926514,0.0,0.003121334593743086,1.0,0.24038460850715637,105,7.199999809265137,1,target_first15,-0.009628634366578896,0.006,-0.015628634366578895,-11.362017154693602,-0.33000001311302185,0.0,-1,0,0.6,0.0,-0.0032408790196878845
2025-01-21,0,control_B,32,57,C,6020.0,204,0.5272714495658875,0.02690008468925953,0.07468879967927933,11.710000038146973,0.0,-0.0005383094539865851,-0.2876272201538086,0.36800000071525574,58,12.800000190734863,1,stop_vwap,0.0930828479109361,0.008,0.0850828479109361,99.63201522827147,-0.33000001311302185,0.0,-1,0,0.6,0.0,-0.0032408790196878845
2025-02-18,0,control_B,33,73,C,6120.0,179,0.4782755374908447,0.028933333232998848,0.08389715850353241,7.5,0.0,-8.353611337952316e-05,-0.6523652076721191,0.6918919086456299,74,7.400000095367432,1,stop_vwap,-0.013333320617675781,0.006,-0.01933332061767578,-14.499990463256834,-0.33000001311302185,0.0,-1,0,0.6,0.0,-0.0032408790196878845
2025-01-16,0,control_B,34,59,C,5945.0,142,0.4979679584503174,0.029615385457873344,0.087649405002594,13.0,0.0,-0.0012516184942796826,-1.0,0.712195098400116,60,13.350000381469727,1,stop_vwap,0.026923106266902044,0.008,0.018923106266902044,24.600038146972658,-0.33000001311302185,0.0,-1,0,0.6,0.0,-0.0032408790196878845
2025-01-22,0,control_B,35,119,P,6095.0,170,-0.498945415019989,0.027272727340459824,0.08695652335882187,7.699999809265137,0.0,0.0016075246967375278,1.0,0.23489932715892792,120,7.099999904632568,1,stop_vwap,-0.07792206746688614,0.006,-0.08392206746688614,-64.61999034881593,-1.0,0.0,-1,0,0.6,0.0,-0.0032408790196878845
2025-05-23,1,control_B,2,83,C,5790.0,225,0.4851279854774475,0.03147929161787033,0.09278350323438644,16.899999618530273,0.0,0.000386224128305912,0.6014521718025208,0.13962264358997345,86,15.899999618530273,3,stop_vwap,-0.059171598968767676,0.006360000157356262,-0.06553159912612394,-110.74840002331734,0.33000001311302185,0.0,-1,0,0.6,0.0,-0.002843001407722897
2025-05-22,1,control_B,3,94,C,5845.0,173,0.5139043927192688,0.028616352006793022,0.08049535751342773,15.899999618530273,0.0,0.0003498410223983228,1.0,0.5358649492263794,95,15.800000190734863,1,target_first15,-0.006289272339281582,0.006360000157356262,-0.012649272496637845,-20.11234278712272,0.33000001311302185,0.0,-1,0,0.6,0.0,-0.002843001407722897
2025-05-13,1,control_B,4,42,C,5880.0,226,0.5223308205604553,0.04809160158038139,0.14516128599643707,13.100000381469727,0.0,0.003364084055647254,1.0,0.8223140239715576,43,15.0,1,target_first15,0.14503813459561954,0.008,0.13703813459561953,179.51996154785158,-0.33000001311302185,0.0,-1,0,0.6,0.0,-0.002843001407722897
2025-05-21,1,control_B,6,82,C,5910.0,204,0.5155358910560608,0.04303278774023056,0.12765957415103912,12.199999809265137,0.0,-0.00014612435188610107,0.6571879982948303,-0.13131313025951385,83,12.199999809265137,1,stop_vwap,0.0,0.006,-0.006,-7.319999885559082,-0.33000001311302185,0.0,-1,0,0.6,0.0,-0.002843001407722897
2025-05-09,1,control_B,7,108,C,5665.0,264,0.5247281789779663,0.022727273404598236,0.06329113990068436,15.399999618530273,0.0,-0.000912519812118262,-1.0,0.647826075553894,109,14.699999809265137,1,stop_vwap,-0.04545453419510814,0.006360000157356262,-0.05181453435246441,-79.79438092622756,0.33000001311302185,0.0,-1,0,0.6,0.0,-0.002843001407722897
2025-03-25,1,control_B,9,67,C,5785.0,140,0.46112751960754395,0.027468353509902954,0.08294931054115295,7.900000095367432,0.0,0.0013735595857724547,1.0,-0.09615384787321091,68,8.899999618530273,1,target_first15,0.12658221659380012,0.006,0.12058221659380011,95.25995225906372,-0.33000001311302185,0.0,-1,0,0.6,0.0,-0.002843001407722897
2025-05-02,1,control_B,10,66,C,5675.0,281,0.48865705728530884,0.03387096896767616,0.09345794469118118,15.5,0.0,0.0016599296359345317,1.0,-0.6716980934143066,67,14.100000381469727,1,target_first15,-0.09032255603421119,0.006360000157356262,-0.09668255619156745,-149.85796209692955,0.33000001311302185,0.0,-1,0,0.6,0.0,-0.002843001407722897
2025-05-20,1,control_B,11,107,P,5950.0,197,-0.5143852233886719,0.019999999552965164,0.07399898767471313,11.899999618530273,0.0,0.0005939246620982885,0.7539975643157959,0.7272727489471436,108,11.630000114440918,1,stop_vwap,-0.022689034684414734,0.006,-0.028689034684414735,-34.13995018005372,-0.33000001311302185,0.0,-1,0,0.6,0.0,-0.002843001407722897
2025-09-03,2,control_B,0,58,C,6440.0,165,0.5030853152275085,0.0625,0.16574585437774658,8.399999618530273,0.0,0.0001723197929095477,-0.424369752407074,0.13309352099895477,59,7.099999904632568,1,stop_vwap,-0.1547618777303186,0.008,-0.1627618777303186,-136.71997108459473,-0.33000001311302185,0.0,-1,0,0.6,0.0,-0.00392688373329578
2025-07-24,2,control_B,1,58,P,6370.0,179,-0.5103788375854492,0.024111110717058182,0.1018841564655304,9.0,0.0,7.081538205966353e-05,0.36804941296577454,0.9272727370262146,59,8.699999809265137,1,stop_vwap,-0.03333335452609592,0.008,-0.04133335452609592,-37.20001907348633,-0.33000001311302185,0.0,-1,0,0.6,0.0,-0.00392688373329578
2025-07-22,2,control_B,2,108,P,6300.0,173,-0.5382556319236755,0.0615384615957737,0.12865497171878815,9.100000381469727,0.0,0.00010789456428028643,-1.0,0.8678414225578308,109,8.0,1,stop_vwap,-0.12087915773164695,0.006,-0.12687915773164696,-115.4600383758545,-0.33000001311302185,0.0,-1,0,0.6,0.0,-0.00392688373329578
2025-06-16,2,control_B,3,65,P,6050.0,217,-0.48412033915519714,0.02651515230536461,0.11167512834072113,9.899999618530273,0.0,0.0030287690460681915,1.0,-0.16778524219989777,66,11.0,1,stop_vwap,0.11111115392477455,0.006,0.10511115392477455,104.06003837585449,-0.33000001311302185,0.0,-1,0,0.6,0.0,-0.00392688373329578
2025-07-02,2,control_B,4,98,C,6215.0,165,0.4664773941040039,0.03333333507180214,0.09836065769195557,6.300000190734863,0.0,0.0014942314010113478,1.0,0.25362318754196167,99,6.0,1,target_first15,-0.04761907645273734,0.006,-0.053619076452737335,-33.78001918792724,-0.33000001311302185,0.0,-1,0,0.6,0.0,-0.00392688373329578
2025-09-03,2,control_B,5,58,P,6440.0,166,-0.4972452223300934,0.057211536914110184,0.16574585437774658,10.399999618530273,0.0,0.0001723197929095477,-0.424369752407074,0.13309352099895477,59,11.899999618530273,1,target_first15,0.1442307745211225,0.008,0.1362307745211225,141.68000030517578,-0.33000001311302185,0.0,-1,0,0.6,0.0,-0.00392688373329578
2025-07-08,2,control_B,6,40,P,6225.0,161,-0.48118239641189575,0.032618824392557144,0.08530806005001068,10.729999542236328,0.0,-0.0009787777671590447,-1.0,0.7916666865348816,41,11.300000190734863,1,target_first15,0.05312215030903315,0.008,0.04512215030903315,48.41606521606445,-0.33000001311302185,0.0,-1,0,0.6,0.0,-0.00392688373329578
2025-08-08,2,control_B,7,36,P,6385.0,241,-0.480695903301239,0.05303030461072922,0.18367347121238708,9.899999618530273,0.0,0.0024845069274306297,1.0,1.0,37,10.300000190734863,1,stop_vwap,0.040404099759346536,0.008,0.032404099759346536,32.080057525634764,-0.33000001311302185,0.0,-1,0,0.6,0.0,-0.00392688373329578
2025-08-20,2,control_B,8,75,P,6355.0,150,-0.5268266201019287,0.039436619728803635,0.11103100329637527,14.199999809265137,0.0,-0.0038365349173545837,-1.0,0.739130437374115,76,17.219999313354492,1,target_first15,0.21267602427141463,0.006,0.20667602427141463,293.47995052337643,-0.33000001311302185,0.0,-1,0,0.6,0.0,-0.00392688373329578
2025-06-24,2,control_B,9,62,C,6075.0,198,0.4863157868385315,0.023076923564076424,0.06818182021379471,9.100000381469727,0.0,0.000666612118948251,0.4401451051235199,0.7763158082962036,72,10.600000381469727,10,target_first15,0.1648351579253162,0.006,0.1588351579253162,144.53999977111815,-0.33000001311302185,0.0,-1,0,0.6,0.0,-0.00392688373329578
2025-08-15,2,control_B,11,58,C,6460.0,296,0.5185868144035339,0.054123710840940475,0.16042780876159668,9.699999809265137,0.0,-0.0005027748411521316,-1.0,0.5110132098197937,59,9.0,1,stop_vwap,-0.0721649302092273,0.008,-0.0801649302092273,-77.75998077392578,-1.0,0.0,-1,0,0.6,0.0,-0.00392688373329578
2025-08-04,2,control_B,13,51,P,6310.0,192,-0.469241201877594,0.02641509473323822,0.07929515093564987,10.600000381469727,0.0,0.0020058881491422653,1.0,-0.3178294599056244,52,10.600000381469727,1,stop_vwap,0.0,0.008,-0.008,-8.480000305175782,-0.33000001311302185,0.0,-1,0,0.6,0.0,-0.00392688373329578
2025-07-31,2,control_B,14,35,C,6415.0,301,0.5095785856246948,0.035648148506879807,0.10526315867900848,10.800000190734863,0.0,0.0011527169262990355,0.13282862305641174,0.16161616146564484,36,12.010000228881836,1,target_first15,0.11203703859051883,0.008,0.10403703859051883,112.36000366210936,-0.33000001311302185,0.0,-1,0,0.6,0.0,-0.00392688373329578
2025-09-02,2,control_B,17,119,C,6380.0,157,0.4739728271961212,0.024257425218820572,0.07003890722990036,10.100000381469727,0.0,-0.0017068164888769388,-0.5184721350669861,-0.1825396865606308,120,9.100000381469727,1,stop_vwap,-0.0990098972505665,0.006,-0.1050098972505665,-106.06000022888185,-0.33000001311302185,0.0,-1,0,0.6,0.0,-0.00392688373329578
2025-06-26,2,control_B,18,76,C,6125.0,193,0.5429450273513794,0.03698863461613655,0.10986414551734924,8.800000190734863,0.0,0.0013688314938917756,1.0,0.4522292912006378,77,8.800000190734863,1,target_first15,0.0,0.006,-0.006,-5.280000114440917,-0.33000001311302185,0.0,-1,0,0.6,0.0,-0.00392688373329578
2025-07-09,2,control_B,19,101,C,6240.0,154,0.48215627670288086,0.030434781685471535,0.09090909361839294,9.199999809265137,0.0,-0.0023407211992889643,-1.0,0.22535210847854614,102,8.600000381469727,1,stop_vwap,-0.06521733046028573,0.006,-0.07121733046028574,-65.51994266510009,-0.33000001311302185,0.0,-1,0,0.6,0.0,-0.00392688373329578
2025-07-18,2,control_B,22,55,C,6295.0,274,0.527955949306488,0.02857142873108387,0.07920791953802109,9.800000190734863,0.0,-0.0018451260402798653,-1.0,-0.6593406796455383,56,9.100000381469727,1,stop_vwap,-0.07142855057563488,0.008,-0.07942855057563489,-77.83998107910156,-0.33000001311302185,0.0,-1,0,0.6,0.0,-0.00392688373329578
2025-09-15,3,control_B,0,30,P,6615.0,221,-0.503644585609436,0.04598837345838547,0.19425444304943085,8.600000381469727,0.0,0.0006484735640697181,1.0,-0.6898550987243652,31,9.029999732971191,1,stop_vwap,0.04999992237534978,0.008,0.04199992237534978,36.1199348449707,-0.33000001311302185,0.0,-1,0,0.6,0.0,-0.004108919668034944
2025-12-02,3,control_B,1,49,C,6845.0,164,0.5117193460464478,0.03153153136372566,0.09345794469118118,11.100000381469727,0.0,0.001014659646898508,1.0,0.2276785671710968,53,11.199999809265137,4,target_first15,0.009008957149438354,0.008,0.0010089571494383536,1.1199424743652333,-0.33000001311302185,0.0,-1,0,0.6,0.0,-0.004108919668034944
2025-12-01,3,control_B,2,45,C,6820.0,201,0.520733118057251,0.0344468392431736,0.09438511729240417,13.920000076293945,0.0,0.0005943033029325306,1.0,-0.6245059370994568,46,15.300000190734863,1,target_first15,0.09913793871244925,0.008,0.09113793871244924,126.86401138305663,-0.33000001311302185,0.0,-1,0,0.6,0.0,-0.004108919668034944
2025-12-02,3,control_B,4,39,P,6845.0,165,-0.4871765673160553,0.03052159771323204,0.0912863090634346,12.270000457763672,0.0,0.0011342981597408652,1.0,-0.5450000166893005,40,13.800000190734863,1,stop_vwap,0.12469435011333724,0.008,0.11669435011333723,143.1839729309082,-0.33000001311302185,0.0,-1,0,0.6,0.0,-0.004108919668034944
2025-10-01,3,control_B,5,57,C,6680.0,191,0.5424081683158875,0.02800000086426735,0.08163265138864517,10.0,0.0,0.0018754421034827828,1.0,0.06557376682758331,58,10.3100004196167,1,target_first15,0.031000041961669923,0.008,0.023000041961669923,23.000041961669922,-0.33000001311302185,0.0,-1,0,0.6,0.0,-0.004108919668034944
2025-10-20,3,control_B,8,46,C,6720.0,218,0.48530298471450806,0.03737863898277283,0.11167512834072113,10.300000190734863,0.0,0.0010280224960297346,1.0,0.7771428823471069,47,8.399999618530273,1,target_first15,-0.1844660715553863,0.008,-0.1924660715553863,-198.24005737304688,-0.33000001311302185,0.0,-1,0,0.6,0.0,-0.004108919668034944
2025-11-13,3,control_B,10,76,C,6785.0,158,0.4950733482837677,0.021635543555021286,0.060453400015830994,15.529999732971191,0.0,-0.003718154039233923,-1.0,-0.6812748908996582,77,14.050000190734863,1,stop_vwap,-0.09529939263902198,0.006,-0.10129939263902199,-157.31795406341553,-0.33000001311302185,0.0,-1,0,0.6,0.0,-0.004108919668034944
2025-11-17,3,control_B,12,53,P,6735.0,178,-0.5099115967750549,0.019999999552965164,0.07070706784725189,19.600000381469727,0.0,0.00016771456284914166,0.45100077986717224,0.6263736486434937,58,16.770000457763672,5,stop_vwap,-0.1443877483993112,0.00848000020980835,-0.15286774860911956,-299.6207931053162,0.33000001311302185,0.0,-1,0,0.6,0.0,-0.004108919668034944
2025-10-31,3,control_B,13,61,P,6860.0,331,-0.5241186618804932,0.0479750782251358,0.11612903326749802,16.049999237060547,0.0,-0.00022771286603529006,-0.6535375714302063,0.6350574493408203,63,14.600000381469727,2,stop_vwap,-0.09034261211942451,0.006,-0.09634261211942452,-154.62988510131837,-0.33000001311302185,0.0,-1,0,0.6,0.0,-0.004108919668034944
2025-11-28,3,control_B,15,72,P,6835.0,287,-0.472608745098114,0.029946524649858475,0.09761162847280502,9.350000381469727,0.0,0.000942026381380856,1.0,0.8571428656578064,73,9.369999885559082,1,stop_vwap,0.002138984307315263,0.006,-0.003861015692684737,-3.610049819946289,-0.33000001311302185,0.0,-1,0,0.6,0.0,-0.004108919668034944
2025-12-04,3,control_B,16,106,C,6845.0,157,0.515727698802948,0.038729507476091385,0.11612903326749802,12.199999809265137,0.0,-0.0007449107361026108,-1.0,0.9196141362190247,107,12.15999984741211,1,stop_vwap,-0.003278685449048112,0.006,-0.009278685449048113,-11.319996070861817,-0.33000001311302185,0.0,-1,0,0.6,0.0,-0.004108919668034944
2025-10-17,3,control_B,18,33,C,6635.0,303,0.5004891753196716,0.031111111864447594,0.08602150529623032,27.0,0.0,0.0019140748772770166,1.0,-0.319218248128891,34,26.700000762939453,1,target_first15,-0.01111108285409433,0.00848000020980835,-0.019591083063902677,-52.89592427253723,0.33000001311302185,0.0,-1,0,0.6,0.0,-0.004108919668034944
2025-10-07,3,control_B,19,71,P,6735.0,200,-0.4888707399368286,0.05703703686594963,0.12716762721538544,8.100000381469727,0.0,-0.001616279361769557,-1.0,-0.7125505805015564,72,7.900000095367432,1,target_first15,-0.024691392183120532,0.006,-0.03069139218312053,-24.86002883911133,-0.33000001311302185,0.0,-1,0,0.6,0.0,-0.004108919668034944
2025-10-15,3,control_B,20,116,C,6705.0,218,0.5136213898658752,0.03500000014901161,0.10526315867900848,12.0,0.0,0.0004579528176691383,1.0,0.7256637215614319,117,11.199999809265137,1,target_first15,-0.0666666825612386,0.006,-0.07266668256123861,-87.20001907348633,-0.33000001311302185,0.0,-1,0,0.6,0.0,-0.004108919668034944
2025-11-04,3,control_B,21,36,C,6810.0,174,0.510314404964447,0.02397260256111622,0.06756756454706192,14.600000381469727,0.0,0.0034634380135685205,1.0,-0.5925925970077515,37,15.100000381469727,1,target_first15,0.034246574447669084,0.008,0.026246574447669084,38.31999969482422,-0.33000001311302185,0.0,-1,0,0.6,0.0,-0.004108919668034944
2025-10-06,3,control_B,22,38,C,6720.0,188,0.5384153723716736,0.03214285895228386,0.09045226126909256,9.800000190734863,0.0,-0.0012409338960424066,-1.0,-0.1489361673593521,39,9.199999809265137,1,stop_vwap,-0.061224527529803535,0.008,-0.06922452752980354,-67.84003829956055,-0.33000001311302185,0.0,-1,0,0.6,0.0,-0.004108919668034944
2025-11-28,3,control_B,23,64,P,6835.0,287,-0.4753767251968384,0.047101449221372604,0.11881188303232193,9.65999984741211,0.0,0.0009975589346140623,1.0,0.03500000014901161,65,9.5,1,stop_vwap,-0.016563131463710423,0.006,-0.022563131463710424,-21.795984649658205,-0.33000001311302185,0.0,-1,0,0.6,0.0,-0.004108919668034944
2025-09-19,3,control_B,24,30,P,6645.0,331,-0.4668805003166199,0.04679347947239876,0.13215859234333038,9.199999809265137,0.0,-7.465244561899453e-05,-0.13244569301605225,-0.5328719615936279,31,8.869999885559082,1,stop_vwap,-0.035869557668220635,0.008,-0.043869557668220635,-40.359992218017574,-0.33000001311302185,0.0,-1,0,0.6,0.0,-0.004108919668034944
2025-12-01,3,control_B,25,93,P,6830.0,206,-0.47857385873794556,0.035648148506879807,0.08877284824848175,10.800000190734863,0.0,0.001944883493706584,1.0,0.17575757205486298,94,10.829999923706055,1,stop_vwap,0.00277775300383121,0.006,-0.00322224699616879,-3.4800268173217774,-0.33000001311302185,0.0,-1,0,0.6,0.0,-0.004108919668034944
2025-12-03,3,control_B,27,41,C,6830.0,165,0.4786328077316284,0.053740158677101135,0.138364776968956,12.699999809265137,0.0,0.0005993465310893953,0.7861990928649902,-0.11864406615495682,43,10.800000190734863,2,stop_vwap,-0.14960627142247285,0.008,-0.15760627142247285,-200.15996170043948,-0.33000001311302185,0.0,-1,0,0.6,0.0,-0.004108919668034944
2025-11-11,3,control_B,28,81,C,6810.0,168,0.4961235225200653,0.03404545411467552,0.10224558413028717,11.0,0.0,-0.0013565022964030504,-1.0,-0.24782608449459076,82,10.5,1,stop_vwap,-0.045454545454545456,0.006,-0.051454545454545454,-56.599999999999994,-0.33000001311302185,0.0,-1,0,0.6,0.0,-0.004108919668034944
2025-10-20,3,control_B,30,62,P,6725.0,221,-0.504267692565918,0.02300925925374031,0.07407407462596893,10.800000190734863,0.0,0.0016531840665265918,1.0,0.09740259498357773,63,11.399999618530273,1,stop_vwap,0.05555550159250362,0.006,0.049555501592503624,53.519942665100096,-0.33000001311302185,0.0,-1,0,0.6,0.0,-0.004108919668034944
2025-11-24,3,control_B,31,71,C,6680.0,220,0.5215846300125122,0.0367283932864666,0.10862620174884796,16.200000762939453,0.0,0.0033724193926900625,1.0,0.9373493790626526,72,16.899999618530273,1,target_first15,0.043209803865701,0.006360000157356262,0.03684980370834474,59.69668481893539,0.33000001311302185,0.0,-1,0,0.6,0.0,-0.004108919668034944
2026-01-12,4,control_B,0,87,P,6965.0,186,-0.4991403818130493,0.0416666679084301,0.1230769231915474,8.399999618530273,0.0,0.001322111813351512,1.0,0.5680473446846008,88,7.900000095367432,1,stop_vwap,-0.05952375546063721,0.006,-0.06552375546063721,-55.039952087402355,-0.33000001311302185,0.0,-1,0,0.6,0.0,-0.004632428858413394
2026-01-07,4,control_B,1,78,P,6950.0,160,-0.49395129084587097,0.03423076868057251,0.12274368107318878,9.100000381469727,0.0,0.00037560411146841943,0.07256046682596207,0.6703910827636719,79,8.350000381469727,1,stop_vwap,-0.0824175789626581,0.006,-0.0884175789626581,-80.46000022888184,-0.33000001311302185,0.0,-1,0,0.6,0.0,-0.004632428858413394
2026-01-26,4,control_B,2,77,C,6955.0,195,0.48063895106315613,0.04500000178813934,0.13333334028720856,7.0,0.0,0.0012374237412586808,1.0,0.44366195797920227,78,7.099999904632568,1,target_first15,0.01428570066179548,0.006,0.00828570066179548,5.799990463256836,-0.33000001311302185,0.0,-1,0,0.6,0.0,-0.004632428858413394
2026-01-22,4,control_B,3,39,C,6900.0,152,0.4852806329727173,0.03423913195729256,0.10210210084915161,13.800000190734863,0.0,-0.002495282096788287,-1.0,-0.6303501725196838,40,13.699999809265137,1,stop_vwap,-0.007246404354172798,0.008,-0.015246404354172799,-21.04003829956055,-0.33000001311302185,0.0,-1,0,0.6,0.0,-0.004632428858413394
2026-03-03,4,control_B,5,99,P,6760.0,148,-0.49178194999694824,0.04482758790254593,0.13466334342956543,20.299999237060547,0.0,0.0023090962786227465,-0.5164257287979126,-0.5583333373069763,100,19.84000015258789,1,stop_vwap,-0.02266005427393624,0.006360000157356262,-0.0290200544312925,-58.91070828146934,0.33000001311302185,0.0,-1,0,0.6,0.0,-0.004632428858413394
2026-02-19,4,control_B,6,93,P,6865.0,151,-0.5064609050750732,0.05727272853255272,0.11688311398029327,16.5,0.0,0.00010525161633267999,0.8187500238418579,-0.9234135746955872,94,15.800000190734863,1,stop_vwap,-0.04242423086455374,0.006360000157356262,-0.048784231021910006,-80.49398118615152,0.33000001311302185,0.0,-1,0,0.6,0.0,-0.004632428858413394
2025-12-26,4,control_B,8,54,C,6935.0,210,0.5303018093109131,0.028378378599882126,0.07894736528396606,7.400000095367432,0.0,-0.00016277963004540652,-0.5715440511703491,-0.17283950746059418,55,6.099999904632568,1,stop_vwap,-0.17567569918663825,0.008,-0.18367569918663826,-135.92001914978027,-1.0,0.0,-1,0,0.6,0.0,-0.004632428858413394
2026-03-03,4,control_B,9,115,C,6780.0,155,0.5043008923530579,0.042418479919433594,0.12731944024562836,18.399999618530273,0.0,0.004843508824706078,0.21644452214241028,0.5795454382896423,120,14.149999618530273,5,time_stop,-0.23097826565821825,0.006360000157356262,-0.23733826581557452,-436.70240004692073,0.33000001311302185,0.0,-1,0,0.6,0.0,-0.004632428858413394
2025-12-17,4,control_B,10,32,C,6800.0,159,0.48035791516304016,0.03612903133034706,0.10285714268684387,15.5,0.0,-0.00029659143183380365,-0.4129846692085266,0.41090908646583557,34,16.299999237060547,2,stop_vwap,0.05161285400390625,0.008,0.04361285400390625,67.59992370605468,-0.33000001311302185,0.0,-1,0,0.6,0.0,-0.004632428858413394
2026-01-09,4,control_B,11,57,P,6955.0,215,-0.4692007899284363,0.04711538553237915,0.1651376187801361,10.399999618530273,0.0,0.0026423069648444653,1.0,0.7988165616989136,58,9.600000381469727,1,stop_vwap,-0.07692300638503319,0.008,-0.0849230063850332,-88.31992340087892,-1.0,0.0,-1,0,0.6,0.0,-0.004632428858413394
2026-01-05,4,control_B,13,117,C,6915.0,165,0.46481606364250183,0.02857142873108387,0.08080808073282242,4.900000095367432,0.0,0.0013984168181195855,1.0,-0.16049382090568542,118,4.800000190734863,1,target_first15,-0.02040814340536656,0.006,-0.026408143405366562,-12.939990520477295,-1.0,0.0,-1,0,0.6,0.0,-0.004632428858413394
2026-01-15,4,control_B,14,36,P,6965.0,180,-0.5172516703605652,0.06881356239318848,0.16170212626457214,11.800000190734863,0.0,-0.0003901895834133029,-0.695004403591156,0.46625766158103943,37,14.300000190734863,1,target_first15,0.21186440335509085,0.008,0.20386440335509085,240.55999984741212,-0.33000001311302185,0.0,-1,0,0.6,0.0,-0.004632428858413394
2025-12-30,4,control_B,16,113,P,6910.0,153,-0.462301105260849,0.03639514744281769,0.11428571492433548,5.769999980926514,0.0,0.0011409020517021418,1.0,-0.8814814686775208,114,5.699999809265137,1,stop_vwap,-0.012131745562005483,0.006,-0.01813174556200548,-10.462017154693601,-1.0,0.0,-1,0,0.6,0.0,-0.004632428858413394
2026-02-12,4,control_B,17,35,P,6950.0,200,-0.5103316903114319,0.034090910106897354,0.08320950716733932,15.399999618530273,0.0,-0.0016962502850219607,-1.0,0.6153846383094788,36,13.84000015258789,1,target_first15,-0.10129866912888041,0.008,-0.10929866912888042,-168.3199462890625,-0.33000001311302185,0.0,-1,0,0.6,0.0,-0.004632428858413394
2025-12-29,4,control_B,18,93,C,6900.0,176,0.527679443359375,0.031210191547870636,0.08805031329393387,7.849999904632568,0.0,-0.0008400437654927373,-0.7630999684333801,-0.0714285746216774,94,7.400000095367432,1,stop_vwap,-0.0573248171633194,0.006,-0.0633248171633194,-49.70998086929321,-1.0,0.0,-1,0,0.6,0.0,-0.004632428858413394
2025-12-23,4,control_B,19,30,C,6885.0,155,0.4652314782142639,0.051301371306180954,0.1094527393579483,7.300000190734863,0.0,-0.00018817026284523308,0.43044188618659973,-0.15846994519233704,31,5.900000095367432,1,stop_vwap,-0.19178082997097826,0.008,-0.19978082997097826,-145.84000968933105,-1.0,0.0,-1,0,0.6,0.0,-0.004632428858413394
2026-01-05,4,control_B,20,101,C,6915.0,165,0.4816780984401703,0.04912280663847923,0.14814814925193787,5.699999809265137,0.0,0.001557004521600902,1.0,0.8633880019187927,102,5.199999809265137,1,target_first15,-0.08771930118089981,0.006,-0.09371930118089981,-53.419999885559086,-1.0,0.0,-1,0,0.6,0.0,-0.004632428858413394
2026-01-22,4,control_B,21,34,C,6900.0,152,0.4821007251739502,0.03525179997086525,0.09118541330099106,13.899999618530273,0.0,-0.0026898453943431377,-1.0,0.28630706667900085,35,13.199999809265137,1,stop_vwap,-0.05035969989034803,0.008,-0.05835969989034803,-81.11998062133789,-0.33000001311302185,0.0,-1,0,0.6,0.0,-0.004632428858413394
2025-12-22,4,control_B,22,36,P,6865.0,178,-0.504294753074646,0.06757425516843796,0.17886178195476532,10.100000381469727,0.0,-0.00019917979079764336,-0.3558441698551178,-0.256317675113678,41,12.399999618530273,5,target_first15,0.22772268813774607,0.008,0.21972268813774606,221.9199234008789,-1.0,0.0,-1,0,0.6,0.0,-0.004632428858413394
2026-02-25,4,control_B,23,106,C,6925.0,161,0.5391038656234741,0.02708333358168602,0.07449856400489807,8.399999618530273,0.0,-7.06850623828359e-05,0.3545108139514923,0.24793387949466705,107,7.869999885559082,1,stop_vwap,-0.0630952091714409,0.006,-0.06909520917144091,-58.0399730682373,-0.33000001311302185,0.0,-1,0,0.6,0.0,-0.004632428858413394
2025-12-10,4,control_B,25,31,C,6840.0,171,0.5082873106002808,0.019999999552965164,0.04878048598766327,20.469999313354492,0.0,0.0003008983621839434,0.6605453491210938,0.3481481373310089,33,21.200000762939453,2,target_first15,0.035662016320084235,0.008,0.027662016320084234,56.62414550781251,-0.33000001311302185,0.0,-1,0,0.6,0.0,-0.004632428858413394
