policy,session,daily_pnl,starting_cash,stress_per_side,daily_pnl_pct_start
one_contract_baseline,2024-10-01,3910.0,10000.0,0.0,0.391
one_contract_baseline,2024-10-02,2510.0,10000.0,0.0,0.251
one_contract_baseline,2024-10-03,2550.0,10000.0,0.0,0.255
one_contract_baseline,2024-10-04,2310.0,10000.0,0.0,0.231
one_contract_baseline,2024-10-07,170.0,10000.0,0.0,0.017
one_contract_baseline,2024-10-08,1040.0,10000.0,0.0,0.104
one_contract_baseline,2024-10-09,1030.0,10000.0,0.0,0.103
one_contract_baseline,2024-10-10,630.0,10000.0,0.0,0.063
one_contract_baseline,2024-10-11,2670.0,10000.0,0.0,0.267
one_contract_baseline,2024-10-14,-680.0,10000.0,0.0,-0.068
one_contract_baseline,2024-10-15,670.0,10000.0,0.0,0.067
one_contract_baseline,2024-10-16,930.0,10000.0,0.0,0.093
one_contract_baseline,2024-10-17,180.0,10000.0,0.0,0.018
one_contract_baseline,2024-10-18,670.0,10000.0,0.0,0.067
one_contract_baseline,2024-10-21,2170.0,10000.0,0.0,0.217
one_contract_baseline,2024-10-22,-480.0,10000.0,0.0,-0.048
one_contract_baseline,2024-10-23,1170.0,10000.0,0.0,0.117
one_contract_baseline,2024-10-24,-630.0,10000.0,0.0,-0.063
one_contract_baseline,2024-10-25,3070.0,10000.0,0.0,0.307
one_contract_baseline,2024-10-28,-180.0,10000.0,0.0,-0.018
one_contract_baseline,2024-10-29,770.0,10000.0,0.0,0.077
one_contract_baseline,2024-10-30,360.0,10000.0,0.0,0.036
one_contract_baseline,2024-10-31,-2080.0,10000.0,0.0,-0.208
one_contract_baseline,2024-11-01,1720.0,10000.0,0.0,0.172
one_contract_baseline,2024-11-04,60.0,10000.0,0.0,0.006
one_contract_baseline,2024-11-05,1590.0,10000.0,0.0,0.159
one_contract_baseline,2024-11-06,20.0,10000.0,0.0,0.002
one_contract_baseline,2024-11-07,440.0,10000.0,0.0,0.044
one_contract_baseline,2024-11-08,-20.0,10000.0,0.0,-0.002
one_contract_baseline,2024-11-11,-160.0,10000.0,0.0,-0.016
one_contract_baseline,2024-11-12,870.0,10000.0,0.0,0.087
one_contract_baseline,2024-11-13,1450.0,10000.0,0.0,0.145
one_contract_baseline,2024-11-14,230.0,10000.0,0.0,0.023
one_contract_baseline,2024-11-15,1720.0,10000.0,0.0,0.172
one_contract_baseline,2024-11-18,1560.0,10000.0,0.0,0.156
one_contract_baseline,2024-11-19,1490.0,10000.0,0.0,0.149
one_contract_baseline,2024-11-20,3880.0,10000.0,0.0,0.388
one_contract_baseline,2024-11-21,5710.0,10000.0,0.0,0.571
one_contract_baseline,2024-11-22,-1300.0,10000.0,0.0,-0.13
one_contract_baseline,2024-11-25,590.0,10000.0,0.0,0.059
one_contract_baseline,2024-11-26,-890.0,10000.0,0.0,-0.089
one_contract_baseline,2024-11-27,640.0,10000.0,0.0,0.064
one_contract_baseline,2024-11-29,710.0,10000.0,0.0,0.071
one_contract_baseline,2024-12-02,-280.0,10000.0,0.0,-0.028
one_contract_baseline,2024-12-03,-640.0,10000.0,0.0,-0.064
one_contract_baseline,2024-12-04,-460.0,10000.0,0.0,-0.046
one_contract_baseline,2024-12-05,-580.0,10000.0,0.0,-0.058
one_contract_baseline,2024-12-06,190.0,10000.0,0.0,0.019
one_contract_baseline,2024-12-09,70.0,10000.0,0.0,0.007
one_contract_baseline,2024-12-10,290.0,10000.0,0.0,0.029
one_contract_baseline,2024-12-11,110.0,10000.0,0.0,0.011
one_contract_baseline,2024-12-12,-1190.0,10000.0,0.0,-0.119
one_contract_baseline,2024-12-13,1220.0,10000.0,0.0,0.122
one_contract_baseline,2024-12-16,670.0,10000.0,0.0,0.067
one_contract_baseline,2024-12-17,1190.0,10000.0,0.0,0.119
one_contract_baseline,2024-12-18,550.0,10000.0,0.0,0.055
one_contract_baseline,2024-12-19,200.0,10000.0,0.0,0.02
one_contract_baseline,2024-12-20,4020.0,10000.0,0.0,0.402
one_contract_baseline,2024-12-23,2170.0,10000.0,0.0,0.217
one_contract_baseline,2024-12-24,550.0,10000.0,0.0,0.055
one_contract_baseline,2024-12-26,390.0,10000.0,0.0,0.039
one_contract_baseline,2024-12-27,5400.0,10000.0,0.0,0.54
one_contract_baseline,2024-12-30,450.0,10000.0,0.0,0.045
one_contract_baseline,2024-12-31,890.0,10000.0,0.0,0.089
one_contract_baseline,2025-07-01,320.0,10000.0,0.0,0.032
one_contract_baseline,2025-07-02,690.0,10000.0,0.0,0.069
one_contract_baseline,2025-07-03,490.0,10000.0,0.0,0.049
one_contract_baseline,2025-07-07,1580.0,10000.0,0.0,0.158
one_contract_baseline,2025-07-08,1010.0,10000.0,0.0,0.101
one_contract_baseline,2025-07-09,670.0,10000.0,0.0,0.067
one_contract_baseline,2025-07-10,1020.0,10000.0,0.0,0.102
one_contract_baseline,2025-07-11,360.0,10000.0,0.0,0.036
one_contract_baseline,2025-07-14,870.0,10000.0,0.0,0.087
one_contract_baseline,2025-07-15,1480.0,10000.0,0.0,0.148
one_contract_baseline,2025-07-16,3940.0,10000.0,0.0,0.394
one_contract_baseline,2025-07-17,1240.0,10000.0,0.0,0.124
one_contract_baseline,2025-07-18,-90.0,10000.0,0.0,-0.009
one_contract_baseline,2025-07-21,500.0,10000.0,0.0,0.05
one_contract_baseline,2025-07-22,850.0,10000.0,0.0,0.085
one_contract_baseline,2025-07-23,-20.0,10000.0,0.0,-0.002
one_contract_baseline,2025-07-24,360.0,10000.0,0.0,0.036
one_contract_baseline,2025-07-25,450.0,10000.0,0.0,0.045
one_contract_baseline,2025-07-28,660.0,10000.0,0.0,0.066
one_contract_baseline,2025-07-29,540.0,10000.0,0.0,0.054
one_contract_baseline,2025-07-30,2750.0,10000.0,0.0,0.275
one_contract_baseline,2025-07-31,-140.0,10000.0,0.0,-0.014
one_contract_baseline,2025-08-01,2520.0,10000.0,0.0,0.252
one_contract_baseline,2025-08-04,750.0,10000.0,0.0,0.075
one_contract_baseline,2025-08-05,2840.0,10000.0,0.0,0.284
one_contract_baseline,2025-08-06,2510.0,10000.0,0.0,0.251
one_contract_baseline,2025-08-07,-160.0,10000.0,0.0,-0.016
one_contract_baseline,2025-08-08,440.0,10000.0,0.0,0.044
one_contract_baseline,2025-08-11,-650.0,10000.0,0.0,-0.065
one_contract_baseline,2025-08-12,2670.0,10000.0,0.0,0.267
one_contract_baseline,2025-08-13,780.0,10000.0,0.0,0.078
one_contract_baseline,2025-08-14,150.0,10000.0,0.0,0.015
one_contract_baseline,2025-08-15,520.0,10000.0,0.0,0.052
one_contract_baseline,2025-08-18,-160.0,10000.0,0.0,-0.016
one_contract_baseline,2025-08-19,1470.0,10000.0,0.0,0.147
one_contract_baseline,2025-08-20,1610.0,10000.0,0.0,0.161
one_contract_baseline,2025-08-21,2080.0,10000.0,0.0,0.208
one_contract_baseline,2025-08-22,4940.0,10000.0,0.0,0.494
one_contract_baseline,2025-08-25,450.0,10000.0,0.0,0.045
one_contract_baseline,2025-08-26,100.0,10000.0,0.0,0.01
one_contract_baseline,2025-08-27,360.0,10000.0,0.0,0.036
one_contract_baseline,2025-08-28,400.0,10000.0,0.0,0.04
one_contract_baseline,2025-08-29,910.0,10000.0,0.0,0.091
one_contract_baseline,2025-09-02,-810.0,10000.0,0.0,-0.081
one_contract_baseline,2025-09-03,450.0,10000.0,0.0,0.045
one_contract_baseline,2025-09-04,2350.0,10000.0,0.0,0.235
one_contract_baseline,2025-09-05,5110.0,10000.0,0.0,0.511
one_contract_baseline,2025-09-08,1380.0,10000.0,0.0,0.138
one_contract_baseline,2025-09-09,370.0,10000.0,0.0,0.037
one_contract_baseline,2025-09-10,-440.0,10000.0,0.0,-0.044
one_contract_baseline,2025-09-11,1280.0,10000.0,0.0,0.128
one_contract_baseline,2025-09-12,640.0,10000.0,0.0,0.064
one_contract_baseline,2025-09-15,470.0,10000.0,0.0,0.047
one_contract_baseline,2025-09-16,-350.0,10000.0,0.0,-0.035
one_contract_baseline,2025-09-17,4920.0,10000.0,0.0,0.492
one_contract_baseline,2025-09-18,1570.0,10000.0,0.0,0.157
one_contract_baseline,2025-09-19,520.0,10000.0,0.0,0.052
one_contract_baseline,2025-09-22,1310.0,10000.0,0.0,0.131
one_contract_baseline,2025-09-23,1580.0,10000.0,0.0,0.158
one_contract_baseline,2025-09-24,200.0,10000.0,0.0,0.02
one_contract_baseline,2025-09-25,-1200.0,10000.0,0.0,-0.12
one_contract_baseline,2025-09-26,4330.0,10000.0,0.0,0.433
one_contract_baseline,2025-09-29,380.0,10000.0,0.0,0.038
one_contract_baseline,2025-09-30,620.0,10000.0,0.0,0.062
one_contract_baseline,2025-10-01,-420.0,10000.0,0.0,-0.042
one_contract_baseline,2025-10-02,1280.0,10000.0,0.0,0.128
one_contract_baseline,2025-10-03,1880.0,10000.0,0.0,0.188
one_contract_baseline,2025-10-06,1100.0,10000.0,0.0,0.11
one_contract_baseline,2025-10-07,660.0,10000.0,0.0,0.066
one_contract_baseline,2025-10-08,1310.0,10000.0,0.0,0.131
one_contract_baseline,2025-10-09,410.0,10000.0,0.0,0.041
one_contract_baseline,2025-10-10,730.0,10000.0,0.0,0.073
one_contract_baseline,2025-10-13,2040.0,10000.0,0.0,0.204
one_contract_baseline,2025-10-14,1260.0,10000.0,0.0,0.126
one_contract_baseline,2025-10-15,3460.0,10000.0,0.0,0.346
one_contract_baseline,2025-10-16,820.0,10000.0,0.0,0.082
one_contract_baseline,2025-10-17,3510.0,10000.0,0.0,0.351
one_contract_baseline,2025-10-20,1820.0,10000.0,0.0,0.182
one_contract_baseline,2025-10-21,1050.0,10000.0,0.0,0.105
one_contract_baseline,2025-10-22,1910.0,10000.0,0.0,0.191
one_contract_baseline,2025-10-23,1450.0,10000.0,0.0,0.145
one_contract_baseline,2025-10-24,1080.0,10000.0,0.0,0.108
one_contract_baseline,2025-10-27,650.0,10000.0,0.0,0.065
one_contract_baseline,2025-10-28,20.0,10000.0,0.0,0.002
one_contract_baseline,2025-10-29,5850.0,10000.0,0.0,0.585
one_contract_baseline,2025-10-30,620.0,10000.0,0.0,0.062
one_contract_baseline,2025-10-31,2490.0,10000.0,0.0,0.249
one_contract_baseline,2025-11-03,2930.0,10000.0,0.0,0.293
one_contract_baseline,2025-11-04,1850.0,10000.0,0.0,0.185
one_contract_baseline,2025-11-05,850.0,10000.0,0.0,0.085
one_contract_baseline,2025-11-06,990.0,10000.0,0.0,0.099
one_contract_baseline,2025-11-07,1610.0,10000.0,0.0,0.161
one_contract_baseline,2025-11-10,-270.0,10000.0,0.0,-0.027
one_contract_baseline,2025-11-11,1380.0,10000.0,0.0,0.138
one_contract_baseline,2025-11-12,2310.0,10000.0,0.0,0.231
one_contract_baseline,2025-11-13,3940.0,10000.0,0.0,0.394
one_contract_baseline,2025-11-14,5780.0,10000.0,0.0,0.578
one_contract_baseline,2025-11-17,880.0,10000.0,0.0,0.088
one_contract_baseline,2025-11-18,4780.0,10000.0,0.0,0.478
one_contract_baseline,2025-11-19,3770.0,10000.0,0.0,0.377
one_contract_baseline,2025-11-20,5170.0,10000.0,0.0,0.517
one_contract_baseline,2025-11-21,7400.0,10000.0,0.0,0.74
one_contract_baseline,2025-11-24,2700.0,10000.0,0.0,0.27
one_contract_baseline,2025-11-25,-100.0,10000.0,0.0,-0.01
one_contract_baseline,2025-11-26,-1420.0,10000.0,0.0,-0.142
one_contract_baseline,2025-11-28,30.0,10000.0,0.0,0.003
one_contract_baseline,2025-12-01,1600.0,10000.0,0.0,0.16
one_contract_baseline,2025-12-02,1520.0,10000.0,0.0,0.152
one_contract_baseline,2025-12-03,1850.0,10000.0,0.0,0.185
one_contract_baseline,2025-12-04,1440.0,10000.0,0.0,0.144
one_contract_baseline,2025-12-05,1620.0,10000.0,0.0,0.162
one_contract_baseline,2025-12-08,2030.0,10000.0,0.0,0.203
one_contract_baseline,2025-12-09,250.0,10000.0,0.0,0.025
one_contract_baseline,2025-12-10,2970.0,10000.0,0.0,0.297
one_contract_baseline,2025-12-11,-1540.0,10000.0,0.0,-0.154
one_contract_baseline,2025-12-12,1320.0,10000.0,0.0,0.132
one_contract_baseline,2025-12-15,810.0,10000.0,0.0,0.081
one_contract_baseline,2025-12-16,-950.0,10000.0,0.0,-0.095
one_contract_baseline,2025-12-17,1720.0,10000.0,0.0,0.172
one_contract_baseline,2025-12-18,-260.0,10000.0,0.0,-0.026
one_contract_baseline,2025-12-19,680.0,10000.0,0.0,0.068
one_contract_baseline,2025-12-22,610.0,10000.0,0.0,0.061
one_contract_baseline,2025-12-23,1010.0,10000.0,0.0,0.101
one_contract_baseline,2025-12-24,190.0,10000.0,0.0,0.019
one_contract_baseline,2025-12-26,-280.0,10000.0,0.0,-0.028
one_contract_baseline,2025-12-29,220.0,10000.0,0.0,0.022
one_contract_baseline,2025-12-30,460.0,10000.0,0.0,0.046
one_contract_baseline,2025-12-31,190.0,10000.0,0.0,0.019
one_contract_baseline,2026-01-02,1420.0,10000.0,0.0,0.142
one_contract_baseline,2026-01-05,1160.0,10000.0,0.0,0.116
one_contract_baseline,2026-01-06,-570.0,10000.0,0.0,-0.057
one_contract_baseline,2026-01-07,220.0,10000.0,0.0,0.022
one_contract_baseline,2026-01-08,-990.0,10000.0,0.0,-0.099
one_contract_baseline,2026-01-09,1130.0,10000.0,0.0,0.113
one_contract_baseline,2026-01-12,740.0,10000.0,0.0,0.074
one_contract_baseline,2026-01-13,-150.0,10000.0,0.0,-0.015
one_contract_baseline,2026-01-14,1510.0,10000.0,0.0,0.151
one_contract_baseline,2026-01-15,130.0,10000.0,0.0,0.013
one_contract_baseline,2026-01-16,1710.0,10000.0,0.0,0.171
one_contract_baseline,2026-01-20,1270.0,10000.0,0.0,0.127
one_contract_baseline,2026-01-21,5600.0,10000.0,0.0,0.56
one_contract_baseline,2026-01-22,1220.0,10000.0,0.0,0.122
one_contract_baseline,2026-01-23,190.0,10000.0,0.0,0.019
one_contract_baseline,2026-01-26,50.0,10000.0,0.0,0.005
one_contract_baseline,2026-01-27,1570.0,10000.0,0.0,0.157
one_contract_baseline,2026-01-28,1560.0,10000.0,0.0,0.156
one_contract_baseline,2026-01-29,4300.0,10000.0,0.0,0.43
one_contract_baseline,2026-01-30,-220.0,10000.0,0.0,-0.022
one_contract_baseline,2026-02-02,-10.0,10000.0,0.0,-0.001
one_contract_baseline,2026-02-03,2510.0,10000.0,0.0,0.251
one_contract_baseline,2026-02-04,1740.0,10000.0,0.0,0.174
one_contract_baseline,2026-02-05,3430.0,10000.0,0.0,0.343
one_contract_baseline,2026-02-09,1480.0,10000.0,0.0,0.148
one_contract_baseline,2026-02-10,260.0,10000.0,0.0,0.026
one_contract_baseline,2026-02-11,2610.0,10000.0,0.0,0.261
one_contract_baseline,2026-02-12,2400.0,10000.0,0.0,0.24
one_contract_baseline,2026-02-13,4090.0,10000.0,0.0,0.409
one_contract_baseline,2026-02-17,5580.0,10000.0,0.0,0.558
one_contract_baseline,2026-02-18,-160.0,10000.0,0.0,-0.016
one_contract_baseline,2026-02-19,250.0,10000.0,0.0,0.025
one_contract_baseline,2026-02-20,2480.0,10000.0,0.0,0.248
one_contract_baseline,2026-02-23,2000.0,10000.0,0.0,0.2
one_contract_baseline,2026-02-24,1830.0,10000.0,0.0,0.183
one_contract_baseline,2026-02-25,-560.0,10000.0,0.0,-0.056
one_contract_baseline,2026-02-26,220.0,10000.0,0.0,0.022
one_contract_baseline,2026-02-27,1220.0,10000.0,0.0,0.122
one_contract_baseline,2026-03-02,1520.0,10000.0,0.0,0.152
one_contract_baseline,2026-03-03,9270.0,10000.0,0.0,0.927
one_contract_baseline,2026-03-04,-1980.0,10000.0,0.0,-0.198
one_contract_baseline,2026-03-05,4900.0,10000.0,0.0,0.49
one_contract_baseline,2026-03-06,2010.0,10000.0,0.0,0.201
one_contract_baseline,2026-03-09,1130.0,10000.0,0.0,0.113
one_contract_baseline,2026-03-10,-470.0,10000.0,0.0,-0.047
one_contract_baseline,2026-03-11,-910.0,10000.0,0.0,-0.091
one_contract_baseline,2026-03-12,1330.0,10000.0,0.0,0.133
one_contract_baseline,2026-03-13,740.0,10000.0,0.0,0.074
one_contract_baseline,2026-03-16,-1140.0,10000.0,0.0,-0.114
one_contract_baseline,2026-03-17,200.0,10000.0,0.0,0.02
one_contract_baseline,2026-03-18,2430.0,10000.0,0.0,0.243
one_contract_baseline,2026-03-19,2230.0,10000.0,0.0,0.223
one_contract_baseline,2026-03-20,2650.0,10000.0,0.0,0.265
one_contract_baseline,2026-03-23,3790.0,10000.0,0.0,0.379
one_contract_baseline,2026-03-24,2060.0,10000.0,0.0,0.206
one_contract_baseline,2026-03-25,1910.0,10000.0,0.0,0.191
one_contract_baseline,2026-03-26,130.0,10000.0,0.0,0.013
one_contract_baseline,2026-03-27,1650.0,10000.0,0.0,0.165
one_contract_baseline,2026-03-30,5380.0,10000.0,0.0,0.538
one_contract_baseline,2026-03-31,2960.0,10000.0,0.0,0.296
always_on_account_aware_sizer,2024-10-01,1640.0,10000.0,0.0,0.164
always_on_account_aware_sizer,2024-10-02,620.0,10000.0,0.0,0.062
always_on_account_aware_sizer,2024-10-03,2550.0,10000.0,0.0,0.255
always_on_account_aware_sizer,2024-10-04,-870.0,10000.0,0.0,-0.087
always_on_account_aware_sizer,2024-10-07,170.0,10000.0,0.0,0.017
always_on_account_aware_sizer,2024-10-08,1040.0,10000.0,0.0,0.104
always_on_account_aware_sizer,2024-10-09,1030.0,10000.0,0.0,0.103
always_on_account_aware_sizer,2024-10-10,630.0,10000.0,0.0,0.063
always_on_account_aware_sizer,2024-10-11,2670.0,10000.0,0.0,0.267
always_on_account_aware_sizer,2024-10-14,-930.0,10000.0,0.0,-0.093
always_on_account_aware_sizer,2024-10-15,670.0,10000.0,0.0,0.067
always_on_account_aware_sizer,2024-10-16,930.0,10000.0,0.0,0.093
always_on_account_aware_sizer,2024-10-17,180.0,10000.0,0.0,0.018
always_on_account_aware_sizer,2024-10-18,670.0,10000.0,0.0,0.067
always_on_account_aware_sizer,2024-10-21,2170.0,10000.0,0.0,0.217
always_on_account_aware_sizer,2024-10-22,-480.0,10000.0,0.0,-0.048
always_on_account_aware_sizer,2024-10-23,1170.0,10000.0,0.0,0.117
always_on_account_aware_sizer,2024-10-24,-630.0,10000.0,0.0,-0.063
always_on_account_aware_sizer,2024-10-25,3070.0,10000.0,0.0,0.307
always_on_account_aware_sizer,2024-10-28,-180.0,10000.0,0.0,-0.018
always_on_account_aware_sizer,2024-10-29,770.0,10000.0,0.0,0.077
always_on_account_aware_sizer,2024-10-30,360.0,10000.0,0.0,0.036
always_on_account_aware_sizer,2024-10-31,-1020.0,10000.0,0.0,-0.102
always_on_account_aware_sizer,2024-11-01,1720.0,10000.0,0.0,0.172
always_on_account_aware_sizer,2024-11-04,60.0,10000.0,0.0,0.006
always_on_account_aware_sizer,2024-11-05,1590.0,10000.0,0.0,0.159
always_on_account_aware_sizer,2024-11-06,20.0,10000.0,0.0,0.002
always_on_account_aware_sizer,2024-11-07,440.0,10000.0,0.0,0.044
always_on_account_aware_sizer,2024-11-08,-20.0,10000.0,0.0,-0.002
always_on_account_aware_sizer,2024-11-11,-160.0,10000.0,0.0,-0.016
always_on_account_aware_sizer,2024-11-12,870.0,10000.0,0.0,0.087
always_on_account_aware_sizer,2024-11-13,1720.0,10000.0,0.0,0.172
always_on_account_aware_sizer,2024-11-14,180.0,10000.0,0.0,0.018
always_on_account_aware_sizer,2024-11-15,2040.0,10000.0,0.0,0.204
always_on_account_aware_sizer,2024-11-18,1560.0,10000.0,0.0,0.156
always_on_account_aware_sizer,2024-11-19,-830.0,10000.0,0.0,-0.083
always_on_account_aware_sizer,2024-11-20,3880.0,10000.0,0.0,0.388
always_on_account_aware_sizer,2024-11-21,5710.0,10000.0,0.0,0.571
always_on_account_aware_sizer,2024-11-22,-790.0,10000.0,0.0,-0.079
always_on_account_aware_sizer,2024-11-25,500.0,10000.0,0.0,0.05
always_on_account_aware_sizer,2024-11-26,-820.0,10000.0,0.0,-0.082
always_on_account_aware_sizer,2024-11-27,640.0,10000.0,0.0,0.064
always_on_account_aware_sizer,2024-11-29,710.0,10000.0,0.0,0.071
always_on_account_aware_sizer,2024-12-02,-280.0,10000.0,0.0,-0.028
always_on_account_aware_sizer,2024-12-03,-640.0,10000.0,0.0,-0.064
always_on_account_aware_sizer,2024-12-04,-460.0,10000.0,0.0,-0.046
always_on_account_aware_sizer,2024-12-05,-580.0,10000.0,0.0,-0.058
always_on_account_aware_sizer,2024-12-06,190.0,10000.0,0.0,0.019
always_on_account_aware_sizer,2024-12-09,70.0,10000.0,0.0,0.007
always_on_account_aware_sizer,2024-12-10,290.0,10000.0,0.0,0.029
always_on_account_aware_sizer,2024-12-11,110.0,10000.0,0.0,0.011
always_on_account_aware_sizer,2024-12-12,-1080.0,10000.0,0.0,-0.108
always_on_account_aware_sizer,2024-12-13,1220.0,10000.0,0.0,0.122
always_on_account_aware_sizer,2024-12-16,670.0,10000.0,0.0,0.067
always_on_account_aware_sizer,2024-12-17,1630.0,10000.0,0.0,0.163
always_on_account_aware_sizer,2024-12-18,550.0,10000.0,0.0,0.055
always_on_account_aware_sizer,2024-12-19,200.0,10000.0,0.0,0.02
always_on_account_aware_sizer,2024-12-20,4020.0,10000.0,0.0,0.402
always_on_account_aware_sizer,2024-12-23,2760.0,10000.0,0.0,0.276
always_on_account_aware_sizer,2024-12-24,550.0,10000.0,0.0,0.055
always_on_account_aware_sizer,2024-12-26,390.0,10000.0,0.0,0.039
always_on_account_aware_sizer,2024-12-27,6070.0,10000.0,0.0,0.607
always_on_account_aware_sizer,2024-12-30,-1250.0,10000.0,0.0,-0.125
always_on_account_aware_sizer,2024-12-31,890.0,10000.0,0.0,0.089
always_on_account_aware_sizer,2025-07-01,-10.0,10000.0,0.0,-0.001
always_on_account_aware_sizer,2025-07-02,690.0,10000.0,0.0,0.069
always_on_account_aware_sizer,2025-07-03,950.0,10000.0,0.0,0.095
always_on_account_aware_sizer,2025-07-07,3070.0,10000.0,0.0,0.307
always_on_account_aware_sizer,2025-07-08,2020.0,10000.0,0.0,0.202
always_on_account_aware_sizer,2025-07-09,1080.0,10000.0,0.0,0.108
always_on_account_aware_sizer,2025-07-10,2000.0,10000.0,0.0,0.2
always_on_account_aware_sizer,2025-07-11,780.0,10000.0,0.0,0.078
always_on_account_aware_sizer,2025-07-14,1580.0,10000.0,0.0,0.158
always_on_account_aware_sizer,2025-07-15,2750.0,10000.0,0.0,0.275
always_on_account_aware_sizer,2025-07-16,4650.0,10000.0,0.0,0.465
always_on_account_aware_sizer,2025-07-17,1830.0,10000.0,0.0,0.183
always_on_account_aware_sizer,2025-07-18,-90.0,10000.0,0.0,-0.009
always_on_account_aware_sizer,2025-07-21,500.0,10000.0,0.0,0.05
always_on_account_aware_sizer,2025-07-22,1490.0,10000.0,0.0,0.149
always_on_account_aware_sizer,2025-07-23,-90.0,10000.0,0.0,-0.009
always_on_account_aware_sizer,2025-07-24,720.0,10000.0,0.0,0.072
always_on_account_aware_sizer,2025-07-25,770.0,10000.0,0.0,0.077
always_on_account_aware_sizer,2025-07-28,850.0,10000.0,0.0,0.085
always_on_account_aware_sizer,2025-07-29,1080.0,10000.0,0.0,0.108
always_on_account_aware_sizer,2025-07-30,3890.0,10000.0,0.0,0.389
always_on_account_aware_sizer,2025-07-31,-1050.0,10000.0,0.0,-0.105
always_on_account_aware_sizer,2025-08-01,3300.0,10000.0,0.0,0.33
always_on_account_aware_sizer,2025-08-04,890.0,10000.0,0.0,0.089
always_on_account_aware_sizer,2025-08-05,3540.0,10000.0,0.0,0.354
always_on_account_aware_sizer,2025-08-06,4960.0,10000.0,0.0,0.496
always_on_account_aware_sizer,2025-08-07,-1420.0,10000.0,0.0,-0.142
always_on_account_aware_sizer,2025-08-08,440.0,10000.0,0.0,0.044
always_on_account_aware_sizer,2025-08-11,-650.0,10000.0,0.0,-0.065
always_on_account_aware_sizer,2025-08-12,2670.0,10000.0,0.0,0.267
always_on_account_aware_sizer,2025-08-13,1820.0,10000.0,0.0,0.182
always_on_account_aware_sizer,2025-08-14,800.0,10000.0,0.0,0.08
always_on_account_aware_sizer,2025-08-15,460.0,10000.0,0.0,0.046
always_on_account_aware_sizer,2025-08-18,-750.0,10000.0,0.0,-0.075
always_on_account_aware_sizer,2025-08-19,3060.0,10000.0,0.0,0.306
always_on_account_aware_sizer,2025-08-20,-910.0,10000.0,0.0,-0.091
always_on_account_aware_sizer,2025-08-21,2600.0,10000.0,0.0,0.26
always_on_account_aware_sizer,2025-08-22,8330.0,10000.0,0.0,0.833
always_on_account_aware_sizer,2025-08-25,550.0,10000.0,0.0,0.055
always_on_account_aware_sizer,2025-08-26,1020.0,10000.0,0.0,0.102
always_on_account_aware_sizer,2025-08-27,560.0,10000.0,0.0,0.056
always_on_account_aware_sizer,2025-08-28,200.0,10000.0,0.0,0.02
always_on_account_aware_sizer,2025-08-29,1200.0,10000.0,0.0,0.12
always_on_account_aware_sizer,2025-09-02,-810.0,10000.0,0.0,-0.081
always_on_account_aware_sizer,2025-09-03,670.0,10000.0,0.0,0.067
always_on_account_aware_sizer,2025-09-04,3650.0,10000.0,0.0,0.365
always_on_account_aware_sizer,2025-09-05,6960.0,10000.0,0.0,0.696
always_on_account_aware_sizer,2025-09-08,2150.0,10000.0,0.0,0.215
always_on_account_aware_sizer,2025-09-09,740.0,10000.0,0.0,0.074
always_on_account_aware_sizer,2025-09-10,-410.0,10000.0,0.0,-0.041
always_on_account_aware_sizer,2025-09-11,1460.0,10000.0,0.0,0.146
always_on_account_aware_sizer,2025-09-12,1020.0,10000.0,0.0,0.102
always_on_account_aware_sizer,2025-09-15,830.0,10000.0,0.0,0.083
always_on_account_aware_sizer,2025-09-16,-700.0,10000.0,0.0,-0.07
always_on_account_aware_sizer,2025-09-17,9810.0,10000.0,0.0,0.981
always_on_account_aware_sizer,2025-09-18,3300.0,10000.0,0.0,0.33
always_on_account_aware_sizer,2025-09-19,680.0,10000.0,0.0,0.068
always_on_account_aware_sizer,2025-09-22,2450.0,10000.0,0.0,0.245
always_on_account_aware_sizer,2025-09-23,3270.0,10000.0,0.0,0.327
always_on_account_aware_sizer,2025-09-24,290.0,10000.0,0.0,0.029
always_on_account_aware_sizer,2025-09-25,-1610.0,10000.0,0.0,-0.161
always_on_account_aware_sizer,2025-09-26,6780.0,10000.0,0.0,0.678
always_on_account_aware_sizer,2025-09-29,1140.0,10000.0,0.0,0.114
always_on_account_aware_sizer,2025-09-30,1560.0,10000.0,0.0,0.156
always_on_account_aware_sizer,2025-10-01,-420.0,10000.0,0.0,-0.042
always_on_account_aware_sizer,2025-10-02,1280.0,10000.0,0.0,0.128
always_on_account_aware_sizer,2025-10-03,3240.0,10000.0,0.0,0.324
always_on_account_aware_sizer,2025-10-06,1100.0,10000.0,0.0,0.11
always_on_account_aware_sizer,2025-10-07,660.0,10000.0,0.0,0.066
always_on_account_aware_sizer,2025-10-08,1320.0,10000.0,0.0,0.132
always_on_account_aware_sizer,2025-10-09,410.0,10000.0,0.0,0.041
always_on_account_aware_sizer,2025-10-10,730.0,10000.0,0.0,0.073
always_on_account_aware_sizer,2025-10-13,2040.0,10000.0,0.0,0.204
always_on_account_aware_sizer,2025-10-14,1260.0,10000.0,0.0,0.126
always_on_account_aware_sizer,2025-10-15,3460.0,10000.0,0.0,0.346
always_on_account_aware_sizer,2025-10-16,820.0,10000.0,0.0,0.082
always_on_account_aware_sizer,2025-10-17,3510.0,10000.0,0.0,0.351
always_on_account_aware_sizer,2025-10-20,1820.0,10000.0,0.0,0.182
always_on_account_aware_sizer,2025-10-21,1050.0,10000.0,0.0,0.105
always_on_account_aware_sizer,2025-10-22,1950.0,10000.0,0.0,0.195
always_on_account_aware_sizer,2025-10-23,1450.0,10000.0,0.0,0.145
always_on_account_aware_sizer,2025-10-24,1080.0,10000.0,0.0,0.108
always_on_account_aware_sizer,2025-10-27,670.0,10000.0,0.0,0.067
always_on_account_aware_sizer,2025-10-28,20.0,10000.0,0.0,0.002
always_on_account_aware_sizer,2025-10-29,7220.0,10000.0,0.0,0.722
always_on_account_aware_sizer,2025-10-30,910.0,10000.0,0.0,0.091
always_on_account_aware_sizer,2025-10-31,2490.0,10000.0,0.0,0.249
always_on_account_aware_sizer,2025-11-03,3200.0,10000.0,0.0,0.32
always_on_account_aware_sizer,2025-11-04,2290.0,10000.0,0.0,0.229
always_on_account_aware_sizer,2025-11-05,850.0,10000.0,0.0,0.085
always_on_account_aware_sizer,2025-11-06,990.0,10000.0,0.0,0.099
always_on_account_aware_sizer,2025-11-07,1610.0,10000.0,0.0,0.161
always_on_account_aware_sizer,2025-11-10,-270.0,10000.0,0.0,-0.027
always_on_account_aware_sizer,2025-11-11,1380.0,10000.0,0.0,0.138
always_on_account_aware_sizer,2025-11-12,2310.0,10000.0,0.0,0.231
always_on_account_aware_sizer,2025-11-13,3940.0,10000.0,0.0,0.394
always_on_account_aware_sizer,2025-11-14,5780.0,10000.0,0.0,0.578
always_on_account_aware_sizer,2025-11-17,880.0,10000.0,0.0,0.088
always_on_account_aware_sizer,2025-11-18,4780.0,10000.0,0.0,0.478
always_on_account_aware_sizer,2025-11-19,3500.0,10000.0,0.0,0.35
always_on_account_aware_sizer,2025-11-20,5170.0,10000.0,0.0,0.517
always_on_account_aware_sizer,2025-11-21,7400.0,10000.0,0.0,0.74
always_on_account_aware_sizer,2025-11-24,2700.0,10000.0,0.0,0.27
always_on_account_aware_sizer,2025-11-25,-100.0,10000.0,0.0,-0.01
always_on_account_aware_sizer,2025-11-26,-1420.0,10000.0,0.0,-0.142
always_on_account_aware_sizer,2025-11-28,-150.0,10000.0,0.0,-0.015
always_on_account_aware_sizer,2025-12-01,1600.0,10000.0,0.0,0.16
always_on_account_aware_sizer,2025-12-02,1520.0,10000.0,0.0,0.152
always_on_account_aware_sizer,2025-12-03,2320.0,10000.0,0.0,0.232
always_on_account_aware_sizer,2025-12-04,2340.0,10000.0,0.0,0.234
always_on_account_aware_sizer,2025-12-05,1620.0,10000.0,0.0,0.162
always_on_account_aware_sizer,2025-12-08,2030.0,10000.0,0.0,0.203
always_on_account_aware_sizer,2025-12-09,250.0,10000.0,0.0,0.025
always_on_account_aware_sizer,2025-12-10,2970.0,10000.0,0.0,0.297
always_on_account_aware_sizer,2025-12-11,-1560.0,10000.0,0.0,-0.156
always_on_account_aware_sizer,2025-12-12,1320.0,10000.0,0.0,0.132
always_on_account_aware_sizer,2025-12-15,1060.0,10000.0,0.0,0.106
always_on_account_aware_sizer,2025-12-16,-950.0,10000.0,0.0,-0.095
always_on_account_aware_sizer,2025-12-17,1720.0,10000.0,0.0,0.172
always_on_account_aware_sizer,2025-12-18,-940.0,10000.0,0.0,-0.094
always_on_account_aware_sizer,2025-12-19,680.0,10000.0,0.0,0.068
always_on_account_aware_sizer,2025-12-22,610.0,10000.0,0.0,0.061
always_on_account_aware_sizer,2025-12-23,1010.0,10000.0,0.0,0.101
always_on_account_aware_sizer,2025-12-24,190.0,10000.0,0.0,0.019
always_on_account_aware_sizer,2025-12-26,-280.0,10000.0,0.0,-0.028
always_on_account_aware_sizer,2025-12-29,220.0,10000.0,0.0,0.022
always_on_account_aware_sizer,2025-12-30,460.0,10000.0,0.0,0.046
always_on_account_aware_sizer,2025-12-31,190.0,10000.0,0.0,0.019
always_on_account_aware_sizer,2026-01-02,3880.0,10000.0,0.0,0.388
always_on_account_aware_sizer,2026-01-05,1640.0,10000.0,0.0,0.164
always_on_account_aware_sizer,2026-01-06,-320.0,10000.0,0.0,-0.032
always_on_account_aware_sizer,2026-01-07,780.0,10000.0,0.0,0.078
always_on_account_aware_sizer,2026-01-08,-940.0,10000.0,0.0,-0.094
always_on_account_aware_sizer,2026-01-09,-910.0,10000.0,0.0,-0.091
always_on_account_aware_sizer,2026-01-12,740.0,10000.0,0.0,0.074
always_on_account_aware_sizer,2026-01-13,-150.0,10000.0,0.0,-0.015
always_on_account_aware_sizer,2026-01-14,2800.0,10000.0,0.0,0.28
always_on_account_aware_sizer,2026-01-15,-280.0,10000.0,0.0,-0.028
always_on_account_aware_sizer,2026-01-16,1710.0,10000.0,0.0,0.171
always_on_account_aware_sizer,2026-01-20,1390.0,10000.0,0.0,0.139
always_on_account_aware_sizer,2026-01-21,7360.0,10000.0,0.0,0.736
always_on_account_aware_sizer,2026-01-22,1220.0,10000.0,0.0,0.122
always_on_account_aware_sizer,2026-01-23,190.0,10000.0,0.0,0.019
always_on_account_aware_sizer,2026-01-26,50.0,10000.0,0.0,0.005
always_on_account_aware_sizer,2026-01-27,1570.0,10000.0,0.0,0.157
always_on_account_aware_sizer,2026-01-28,1560.0,10000.0,0.0,0.156
always_on_account_aware_sizer,2026-01-29,3710.0,10000.0,0.0,0.371
always_on_account_aware_sizer,2026-01-30,-220.0,10000.0,0.0,-0.022
always_on_account_aware_sizer,2026-02-02,-10.0,10000.0,0.0,-0.001
always_on_account_aware_sizer,2026-02-03,2510.0,10000.0,0.0,0.251
always_on_account_aware_sizer,2026-02-04,-1350.0,10000.0,0.0,-0.135
always_on_account_aware_sizer,2026-02-05,3280.0,10000.0,0.0,0.328
always_on_account_aware_sizer,2026-02-09,1680.0,10000.0,0.0,0.168
always_on_account_aware_sizer,2026-02-10,260.0,10000.0,0.0,0.026
always_on_account_aware_sizer,2026-02-11,1990.0,10000.0,0.0,0.199
always_on_account_aware_sizer,2026-02-12,2400.0,10000.0,0.0,0.24
always_on_account_aware_sizer,2026-02-13,5010.0,10000.0,0.0,0.501
always_on_account_aware_sizer,2026-02-17,5580.0,10000.0,0.0,0.558
always_on_account_aware_sizer,2026-02-18,-160.0,10000.0,0.0,-0.016
always_on_account_aware_sizer,2026-02-19,430.0,10000.0,0.0,0.043
always_on_account_aware_sizer,2026-02-20,2480.0,10000.0,0.0,0.248
always_on_account_aware_sizer,2026-02-23,2250.0,10000.0,0.0,0.225
always_on_account_aware_sizer,2026-02-24,2370.0,10000.0,0.0,0.237
always_on_account_aware_sizer,2026-02-25,-560.0,10000.0,0.0,-0.056
always_on_account_aware_sizer,2026-02-26,220.0,10000.0,0.0,0.022
always_on_account_aware_sizer,2026-02-27,1330.0,10000.0,0.0,0.133
always_on_account_aware_sizer,2026-03-02,-870.0,10000.0,0.0,-0.087
always_on_account_aware_sizer,2026-03-03,10760.0,10000.0,0.0,1.076
always_on_account_aware_sizer,2026-03-04,-1840.0,10000.0,0.0,-0.184
always_on_account_aware_sizer,2026-03-05,4900.0,10000.0,0.0,0.49
always_on_account_aware_sizer,2026-03-06,2010.0,10000.0,0.0,0.201
always_on_account_aware_sizer,2026-03-09,1130.0,10000.0,0.0,0.113
always_on_account_aware_sizer,2026-03-10,-1030.0,10000.0,0.0,-0.103
always_on_account_aware_sizer,2026-03-11,-1590.0,10000.0,0.0,-0.159
always_on_account_aware_sizer,2026-03-12,1330.0,10000.0,0.0,0.133
always_on_account_aware_sizer,2026-03-13,-1020.0,10000.0,0.0,-0.102
always_on_account_aware_sizer,2026-03-16,-1320.0,10000.0,0.0,-0.132
always_on_account_aware_sizer,2026-03-17,200.0,10000.0,0.0,0.02
always_on_account_aware_sizer,2026-03-18,2430.0,10000.0,0.0,0.243
always_on_account_aware_sizer,2026-03-19,2890.0,10000.0,0.0,0.289
always_on_account_aware_sizer,2026-03-20,2720.0,10000.0,0.0,0.272
always_on_account_aware_sizer,2026-03-23,4130.0,10000.0,0.0,0.413
always_on_account_aware_sizer,2026-03-24,2060.0,10000.0,0.0,0.206
always_on_account_aware_sizer,2026-03-25,1910.0,10000.0,0.0,0.191
always_on_account_aware_sizer,2026-03-26,370.0,10000.0,0.0,0.037
always_on_account_aware_sizer,2026-03-27,2270.0,10000.0,0.0,0.227
always_on_account_aware_sizer,2026-03-30,5740.0,10000.0,0.0,0.574
always_on_account_aware_sizer,2026-03-31,4110.0,10000.0,0.0,0.411
one_contract_baseline,2024-10-01,3560.0,10000.0,0.25,0.356
one_contract_baseline,2024-10-02,2360.0,10000.0,0.25,0.236
one_contract_baseline,2024-10-03,2350.0,10000.0,0.25,0.235
one_contract_baseline,2024-10-04,2110.0,10000.0,0.25,0.211
one_contract_baseline,2024-10-07,-30.0,10000.0,0.25,-0.003
one_contract_baseline,2024-10-08,940.0,10000.0,0.25,0.094
one_contract_baseline,2024-10-09,880.0,10000.0,0.25,0.088
one_contract_baseline,2024-10-10,530.0,10000.0,0.25,0.053
one_contract_baseline,2024-10-11,2470.0,10000.0,0.25,0.247
one_contract_baseline,2024-10-14,-880.0,10000.0,0.25,-0.088
one_contract_baseline,2024-10-15,570.0,10000.0,0.25,0.057
one_contract_baseline,2024-10-16,780.0,10000.0,0.25,0.078
one_contract_baseline,2024-10-17,-20.0,10000.0,0.25,-0.002
one_contract_baseline,2024-10-18,420.0,10000.0,0.25,0.042
one_contract_baseline,2024-10-21,2020.0,10000.0,0.25,0.202
one_contract_baseline,2024-10-22,-630.0,10000.0,0.25,-0.063
one_contract_baseline,2024-10-23,1020.0,10000.0,0.25,0.102
one_contract_baseline,2024-10-24,-730.0,10000.0,0.25,-0.073
one_contract_baseline,2024-10-25,2820.0,10000.0,0.25,0.282
one_contract_baseline,2024-10-28,-280.0,10000.0,0.25,-0.028
one_contract_baseline,2024-10-29,620.0,10000.0,0.25,0.062
one_contract_baseline,2024-10-30,210.0,10000.0,0.25,0.021
one_contract_baseline,2024-10-31,-2280.0,10000.0,0.25,-0.228
one_contract_baseline,2024-11-01,1470.0,10000.0,0.25,0.147
one_contract_baseline,2024-11-04,-40.0,10000.0,0.25,-0.004
one_contract_baseline,2024-11-05,1240.0,10000.0,0.25,0.124
one_contract_baseline,2024-11-06,-330.0,10000.0,0.25,-0.033
one_contract_baseline,2024-11-07,340.0,10000.0,0.25,0.034
one_contract_baseline,2024-11-08,-120.0,10000.0,0.25,-0.012
one_contract_baseline,2024-11-11,-260.0,10000.0,0.25,-0.026
one_contract_baseline,2024-11-12,770.0,10000.0,0.25,0.077
one_contract_baseline,2024-11-13,1300.0,10000.0,0.25,0.13
one_contract_baseline,2024-11-14,80.0,10000.0,0.25,0.008
one_contract_baseline,2024-11-15,1570.0,10000.0,0.25,0.157
one_contract_baseline,2024-11-18,1460.0,10000.0,0.25,0.146
one_contract_baseline,2024-11-19,1240.0,10000.0,0.25,0.124
one_contract_baseline,2024-11-20,3630.0,10000.0,0.25,0.363
one_contract_baseline,2024-11-21,5510.0,10000.0,0.25,0.551
one_contract_baseline,2024-11-22,-1550.0,10000.0,0.25,-0.155
one_contract_baseline,2024-11-25,390.0,10000.0,0.25,0.039
one_contract_baseline,2024-11-26,-1040.0,10000.0,0.25,-0.104
one_contract_baseline,2024-11-27,440.0,10000.0,0.25,0.044
one_contract_baseline,2024-11-29,660.0,10000.0,0.25,0.066
one_contract_baseline,2024-12-02,-380.0,10000.0,0.25,-0.038
one_contract_baseline,2024-12-03,-740.0,10000.0,0.25,-0.074
one_contract_baseline,2024-12-04,-610.0,10000.0,0.25,-0.061
one_contract_baseline,2024-12-05,-680.0,10000.0,0.25,-0.068
one_contract_baseline,2024-12-06,40.0,10000.0,0.25,0.004
one_contract_baseline,2024-12-09,-80.0,10000.0,0.25,-0.008
one_contract_baseline,2024-12-10,190.0,10000.0,0.25,0.019
one_contract_baseline,2024-12-11,10.0,10000.0,0.25,0.001
one_contract_baseline,2024-12-12,-1290.0,10000.0,0.25,-0.129
one_contract_baseline,2024-12-13,1120.0,10000.0,0.25,0.112
one_contract_baseline,2024-12-16,520.0,10000.0,0.25,0.052
one_contract_baseline,2024-12-17,990.0,10000.0,0.25,0.099
one_contract_baseline,2024-12-18,400.0,10000.0,0.25,0.04
one_contract_baseline,2024-12-19,50.0,10000.0,0.25,0.005
one_contract_baseline,2024-12-20,3920.0,10000.0,0.25,0.392
one_contract_baseline,2024-12-23,1870.0,10000.0,0.25,0.187
one_contract_baseline,2024-12-24,500.0,10000.0,0.25,0.05
one_contract_baseline,2024-12-26,240.0,10000.0,0.25,0.024
one_contract_baseline,2024-12-27,5200.0,10000.0,0.25,0.52
one_contract_baseline,2024-12-30,150.0,10000.0,0.25,0.015
one_contract_baseline,2024-12-31,740.0,10000.0,0.25,0.074
one_contract_baseline,2025-07-01,70.0,10000.0,0.25,0.007
one_contract_baseline,2025-07-02,590.0,10000.0,0.25,0.059
one_contract_baseline,2025-07-03,390.0,10000.0,0.25,0.039
one_contract_baseline,2025-07-07,1280.0,10000.0,0.25,0.128
one_contract_baseline,2025-07-08,860.0,10000.0,0.25,0.086
one_contract_baseline,2025-07-09,470.0,10000.0,0.25,0.047
one_contract_baseline,2025-07-10,720.0,10000.0,0.25,0.072
one_contract_baseline,2025-07-11,110.0,10000.0,0.25,0.011
one_contract_baseline,2025-07-14,720.0,10000.0,0.25,0.072
one_contract_baseline,2025-07-15,1230.0,10000.0,0.25,0.123
one_contract_baseline,2025-07-16,3590.0,10000.0,0.25,0.359
one_contract_baseline,2025-07-17,1040.0,10000.0,0.25,0.104
one_contract_baseline,2025-07-18,-140.0,10000.0,0.25,-0.014
one_contract_baseline,2025-07-21,400.0,10000.0,0.25,0.04
one_contract_baseline,2025-07-22,700.0,10000.0,0.25,0.07
one_contract_baseline,2025-07-23,-170.0,10000.0,0.25,-0.017
one_contract_baseline,2025-07-24,210.0,10000.0,0.25,0.021
one_contract_baseline,2025-07-25,350.0,10000.0,0.25,0.035
one_contract_baseline,2025-07-28,460.0,10000.0,0.25,0.046
one_contract_baseline,2025-07-29,440.0,10000.0,0.25,0.044
one_contract_baseline,2025-07-30,2300.0,10000.0,0.25,0.23
one_contract_baseline,2025-07-31,-340.0,10000.0,0.25,-0.034
one_contract_baseline,2025-08-01,2220.0,10000.0,0.25,0.222
one_contract_baseline,2025-08-04,600.0,10000.0,0.25,0.06
one_contract_baseline,2025-08-05,2540.0,10000.0,0.25,0.254
one_contract_baseline,2025-08-06,2260.0,10000.0,0.25,0.226
one_contract_baseline,2025-08-07,-460.0,10000.0,0.25,-0.046
one_contract_baseline,2025-08-08,340.0,10000.0,0.25,0.034
one_contract_baseline,2025-08-11,-800.0,10000.0,0.25,-0.08
one_contract_baseline,2025-08-12,2370.0,10000.0,0.25,0.237
one_contract_baseline,2025-08-13,630.0,10000.0,0.25,0.063
one_contract_baseline,2025-08-14,-50.0,10000.0,0.25,-0.005
one_contract_baseline,2025-08-15,270.0,10000.0,0.25,0.027
one_contract_baseline,2025-08-18,-410.0,10000.0,0.25,-0.041
one_contract_baseline,2025-08-19,1270.0,10000.0,0.25,0.127
one_contract_baseline,2025-08-20,1360.0,10000.0,0.25,0.136
one_contract_baseline,2025-08-21,1880.0,10000.0,0.25,0.188
one_contract_baseline,2025-08-22,4740.0,10000.0,0.25,0.474
one_contract_baseline,2025-08-25,300.0,10000.0,0.25,0.03
one_contract_baseline,2025-08-26,-50.0,10000.0,0.25,-0.005
one_contract_baseline,2025-08-27,210.0,10000.0,0.25,0.021
one_contract_baseline,2025-08-28,250.0,10000.0,0.25,0.025
one_contract_baseline,2025-08-29,610.0,10000.0,0.25,0.061
one_contract_baseline,2025-09-02,-960.0,10000.0,0.25,-0.096
one_contract_baseline,2025-09-03,200.0,10000.0,0.25,0.02
one_contract_baseline,2025-09-04,2050.0,10000.0,0.25,0.205
one_contract_baseline,2025-09-05,4560.0,10000.0,0.25,0.456
one_contract_baseline,2025-09-08,1130.0,10000.0,0.25,0.113
one_contract_baseline,2025-09-09,220.0,10000.0,0.25,0.022
one_contract_baseline,2025-09-10,-590.0,10000.0,0.25,-0.059
one_contract_baseline,2025-09-11,1030.0,10000.0,0.25,0.103
one_contract_baseline,2025-09-12,390.0,10000.0,0.25,0.039
one_contract_baseline,2025-09-15,320.0,10000.0,0.25,0.032
one_contract_baseline,2025-09-16,-450.0,10000.0,0.25,-0.045
one_contract_baseline,2025-09-17,4520.0,10000.0,0.25,0.452
one_contract_baseline,2025-09-18,1270.0,10000.0,0.25,0.127
one_contract_baseline,2025-09-19,320.0,10000.0,0.25,0.032
one_contract_baseline,2025-09-22,1160.0,10000.0,0.25,0.116
one_contract_baseline,2025-09-23,1230.0,10000.0,0.25,0.123
one_contract_baseline,2025-09-24,50.0,10000.0,0.25,0.005
one_contract_baseline,2025-09-25,-1350.0,10000.0,0.25,-0.135
one_contract_baseline,2025-09-26,3880.0,10000.0,0.25,0.388
one_contract_baseline,2025-09-29,280.0,10000.0,0.25,0.028
one_contract_baseline,2025-09-30,420.0,10000.0,0.25,0.042
one_contract_baseline,2025-10-01,-520.0,10000.0,0.25,-0.052
one_contract_baseline,2025-10-02,1080.0,10000.0,0.25,0.108
one_contract_baseline,2025-10-03,1730.0,10000.0,0.25,0.173
one_contract_baseline,2025-10-06,750.0,10000.0,0.25,0.075
one_contract_baseline,2025-10-07,510.0,10000.0,0.25,0.051
one_contract_baseline,2025-10-08,1110.0,10000.0,0.25,0.111
one_contract_baseline,2025-10-09,260.0,10000.0,0.25,0.026
one_contract_baseline,2025-10-10,530.0,10000.0,0.25,0.053
one_contract_baseline,2025-10-13,1840.0,10000.0,0.25,0.184
one_contract_baseline,2025-10-14,860.0,10000.0,0.25,0.086
one_contract_baseline,2025-10-15,3010.0,10000.0,0.25,0.301
one_contract_baseline,2025-10-16,670.0,10000.0,0.25,0.067
one_contract_baseline,2025-10-17,3160.0,10000.0,0.25,0.316
one_contract_baseline,2025-10-20,1620.0,10000.0,0.25,0.162
one_contract_baseline,2025-10-21,950.0,10000.0,0.25,0.095
one_contract_baseline,2025-10-22,1710.0,10000.0,0.25,0.171
one_contract_baseline,2025-10-23,1250.0,10000.0,0.25,0.125
one_contract_baseline,2025-10-24,880.0,10000.0,0.25,0.088
one_contract_baseline,2025-10-27,350.0,10000.0,0.25,0.035
one_contract_baseline,2025-10-28,-230.0,10000.0,0.25,-0.023
one_contract_baseline,2025-10-29,5550.0,10000.0,0.25,0.555
one_contract_baseline,2025-10-30,420.0,10000.0,0.25,0.042
one_contract_baseline,2025-10-31,2140.0,10000.0,0.25,0.214
one_contract_baseline,2025-11-03,2580.0,10000.0,0.25,0.258
one_contract_baseline,2025-11-04,1350.0,10000.0,0.25,0.135
one_contract_baseline,2025-11-05,700.0,10000.0,0.25,0.07
one_contract_baseline,2025-11-06,890.0,10000.0,0.25,0.089
one_contract_baseline,2025-11-07,1360.0,10000.0,0.25,0.136
one_contract_baseline,2025-11-10,-470.0,10000.0,0.25,-0.047
one_contract_baseline,2025-11-11,1180.0,10000.0,0.25,0.118
one_contract_baseline,2025-11-12,2110.0,10000.0,0.25,0.211
one_contract_baseline,2025-11-13,3740.0,10000.0,0.25,0.374
one_contract_baseline,2025-11-14,5330.0,10000.0,0.25,0.533
one_contract_baseline,2025-11-17,530.0,10000.0,0.25,0.053
one_contract_baseline,2025-11-18,4430.0,10000.0,0.25,0.443
one_contract_baseline,2025-11-19,3320.0,10000.0,0.25,0.332
one_contract_baseline,2025-11-20,4870.0,10000.0,0.25,0.487
one_contract_baseline,2025-11-21,6850.0,10000.0,0.25,0.685
one_contract_baseline,2025-11-24,2500.0,10000.0,0.25,0.25
one_contract_baseline,2025-11-25,-250.0,10000.0,0.25,-0.025
one_contract_baseline,2025-11-26,-1520.0,10000.0,0.25,-0.152
one_contract_baseline,2025-11-28,-120.0,10000.0,0.25,-0.012
one_contract_baseline,2025-12-01,1450.0,10000.0,0.25,0.145
one_contract_baseline,2025-12-02,1370.0,10000.0,0.25,0.137
one_contract_baseline,2025-12-03,1600.0,10000.0,0.25,0.16
one_contract_baseline,2025-12-04,1140.0,10000.0,0.25,0.114
one_contract_baseline,2025-12-05,1270.0,10000.0,0.25,0.127
one_contract_baseline,2025-12-08,1830.0,10000.0,0.25,0.183
one_contract_baseline,2025-12-09,0.0,10000.0,0.25,0.0
one_contract_baseline,2025-12-10,2770.0,10000.0,0.25,0.277
one_contract_baseline,2025-12-11,-1640.0,10000.0,0.25,-0.164
one_contract_baseline,2025-12-12,1220.0,10000.0,0.25,0.122
one_contract_baseline,2025-12-15,660.0,10000.0,0.25,0.066
one_contract_baseline,2025-12-16,-1050.0,10000.0,0.25,-0.105
one_contract_baseline,2025-12-17,1620.0,10000.0,0.25,0.162
one_contract_baseline,2025-12-18,-460.0,10000.0,0.25,-0.046
one_contract_baseline,2025-12-19,430.0,10000.0,0.25,0.043
one_contract_baseline,2025-12-22,460.0,10000.0,0.25,0.046
one_contract_baseline,2025-12-23,910.0,10000.0,0.25,0.091
one_contract_baseline,2025-12-24,90.0,10000.0,0.25,0.009
one_contract_baseline,2025-12-26,-430.0,10000.0,0.25,-0.043
one_contract_baseline,2025-12-29,20.0,10000.0,0.25,0.002
one_contract_baseline,2025-12-30,60.0,10000.0,0.25,0.006
one_contract_baseline,2025-12-31,-10.0,10000.0,0.25,-0.001
one_contract_baseline,2026-01-02,1220.0,10000.0,0.25,0.122
one_contract_baseline,2026-01-05,1010.0,10000.0,0.25,0.101
one_contract_baseline,2026-01-06,-720.0,10000.0,0.25,-0.072
one_contract_baseline,2026-01-07,20.0,10000.0,0.25,0.002
one_contract_baseline,2026-01-08,-1090.0,10000.0,0.25,-0.109
one_contract_baseline,2026-01-09,980.0,10000.0,0.25,0.098
one_contract_baseline,2026-01-12,540.0,10000.0,0.25,0.054
one_contract_baseline,2026-01-13,-350.0,10000.0,0.25,-0.035
one_contract_baseline,2026-01-14,1310.0,10000.0,0.25,0.131
one_contract_baseline,2026-01-15,-20.0,10000.0,0.25,-0.002
one_contract_baseline,2026-01-16,1610.0,10000.0,0.25,0.161
one_contract_baseline,2026-01-20,1070.0,10000.0,0.25,0.107
one_contract_baseline,2026-01-21,5400.0,10000.0,0.25,0.54
one_contract_baseline,2026-01-22,1020.0,10000.0,0.25,0.102
one_contract_baseline,2026-01-23,40.0,10000.0,0.25,0.004
one_contract_baseline,2026-01-26,-50.0,10000.0,0.25,-0.005
one_contract_baseline,2026-01-27,1370.0,10000.0,0.25,0.137
one_contract_baseline,2026-01-28,1410.0,10000.0,0.25,0.141
one_contract_baseline,2026-01-29,4000.0,10000.0,0.25,0.4
one_contract_baseline,2026-01-30,-320.0,10000.0,0.25,-0.032
one_contract_baseline,2026-02-02,-60.0,10000.0,0.25,-0.006
one_contract_baseline,2026-02-03,2310.0,10000.0,0.25,0.231
one_contract_baseline,2026-02-04,1490.0,10000.0,0.25,0.149
one_contract_baseline,2026-02-05,3080.0,10000.0,0.25,0.308
one_contract_baseline,2026-02-09,1330.0,10000.0,0.25,0.133
one_contract_baseline,2026-02-10,160.0,10000.0,0.25,0.016
one_contract_baseline,2026-02-11,2360.0,10000.0,0.25,0.236
one_contract_baseline,2026-02-12,2300.0,10000.0,0.25,0.23
one_contract_baseline,2026-02-13,3740.0,10000.0,0.25,0.374
one_contract_baseline,2026-02-17,5430.0,10000.0,0.25,0.543
one_contract_baseline,2026-02-18,-360.0,10000.0,0.25,-0.036
one_contract_baseline,2026-02-19,0.0,10000.0,0.25,0.0
one_contract_baseline,2026-02-20,2230.0,10000.0,0.25,0.223
one_contract_baseline,2026-02-23,1800.0,10000.0,0.25,0.18
one_contract_baseline,2026-02-24,1630.0,10000.0,0.25,0.163
one_contract_baseline,2026-02-25,-660.0,10000.0,0.25,-0.066
one_contract_baseline,2026-02-26,70.0,10000.0,0.25,0.007
one_contract_baseline,2026-02-27,970.0,10000.0,0.25,0.097
one_contract_baseline,2026-03-02,1320.0,10000.0,0.25,0.132
one_contract_baseline,2026-03-03,8970.0,10000.0,0.25,0.897
one_contract_baseline,2026-03-04,-2230.0,10000.0,0.25,-0.223
one_contract_baseline,2026-03-05,4650.0,10000.0,0.25,0.465
one_contract_baseline,2026-03-06,1810.0,10000.0,0.25,0.181
one_contract_baseline,2026-03-09,980.0,10000.0,0.25,0.098
one_contract_baseline,2026-03-10,-620.0,10000.0,0.25,-0.062
one_contract_baseline,2026-03-11,-1060.0,10000.0,0.25,-0.106
one_contract_baseline,2026-03-12,1030.0,10000.0,0.25,0.103
one_contract_baseline,2026-03-13,440.0,10000.0,0.25,0.044
one_contract_baseline,2026-03-16,-1390.0,10000.0,0.25,-0.139
one_contract_baseline,2026-03-17,0.0,10000.0,0.25,0.0
one_contract_baseline,2026-03-18,2330.0,10000.0,0.25,0.233
one_contract_baseline,2026-03-19,1930.0,10000.0,0.25,0.193
one_contract_baseline,2026-03-20,2300.0,10000.0,0.25,0.23
one_contract_baseline,2026-03-23,3490.0,10000.0,0.25,0.349
one_contract_baseline,2026-03-24,1860.0,10000.0,0.25,0.186
one_contract_baseline,2026-03-25,1610.0,10000.0,0.25,0.161
one_contract_baseline,2026-03-26,-170.0,10000.0,0.25,-0.017
one_contract_baseline,2026-03-27,1250.0,10000.0,0.25,0.125
one_contract_baseline,2026-03-30,5030.0,10000.0,0.25,0.503
one_contract_baseline,2026-03-31,2760.0,10000.0,0.25,0.276
always_on_account_aware_sizer,2024-10-01,1440.0,10000.0,0.25,0.144
always_on_account_aware_sizer,2024-10-02,570.0,10000.0,0.25,0.057
always_on_account_aware_sizer,2024-10-03,2350.0,10000.0,0.25,0.235
always_on_account_aware_sizer,2024-10-04,-920.0,10000.0,0.25,-0.092
always_on_account_aware_sizer,2024-10-07,-30.0,10000.0,0.25,-0.003
always_on_account_aware_sizer,2024-10-08,940.0,10000.0,0.25,0.094
always_on_account_aware_sizer,2024-10-09,880.0,10000.0,0.25,0.088
always_on_account_aware_sizer,2024-10-10,530.0,10000.0,0.25,0.053
always_on_account_aware_sizer,2024-10-11,2470.0,10000.0,0.25,0.247
always_on_account_aware_sizer,2024-10-14,-1080.0,10000.0,0.25,-0.108
always_on_account_aware_sizer,2024-10-15,570.0,10000.0,0.25,0.057
always_on_account_aware_sizer,2024-10-16,780.0,10000.0,0.25,0.078
always_on_account_aware_sizer,2024-10-17,-20.0,10000.0,0.25,-0.002
always_on_account_aware_sizer,2024-10-18,420.0,10000.0,0.25,0.042
always_on_account_aware_sizer,2024-10-21,2020.0,10000.0,0.25,0.202
always_on_account_aware_sizer,2024-10-22,-630.0,10000.0,0.25,-0.063
always_on_account_aware_sizer,2024-10-23,1020.0,10000.0,0.25,0.102
always_on_account_aware_sizer,2024-10-24,-730.0,10000.0,0.25,-0.073
always_on_account_aware_sizer,2024-10-25,2820.0,10000.0,0.25,0.282
always_on_account_aware_sizer,2024-10-28,-280.0,10000.0,0.25,-0.028
always_on_account_aware_sizer,2024-10-29,620.0,10000.0,0.25,0.062
always_on_account_aware_sizer,2024-10-30,210.0,10000.0,0.25,0.021
always_on_account_aware_sizer,2024-10-31,-1070.0,10000.0,0.25,-0.107
always_on_account_aware_sizer,2024-11-01,1470.0,10000.0,0.25,0.147
always_on_account_aware_sizer,2024-11-04,-40.0,10000.0,0.25,-0.004
always_on_account_aware_sizer,2024-11-05,1240.0,10000.0,0.25,0.124
always_on_account_aware_sizer,2024-11-06,-330.0,10000.0,0.25,-0.033
always_on_account_aware_sizer,2024-11-07,340.0,10000.0,0.25,0.034
always_on_account_aware_sizer,2024-11-08,-120.0,10000.0,0.25,-0.012
always_on_account_aware_sizer,2024-11-11,-260.0,10000.0,0.25,-0.026
always_on_account_aware_sizer,2024-11-12,770.0,10000.0,0.25,0.077
always_on_account_aware_sizer,2024-11-13,1300.0,10000.0,0.25,0.13
always_on_account_aware_sizer,2024-11-14,80.0,10000.0,0.25,0.008
always_on_account_aware_sizer,2024-11-15,1570.0,10000.0,0.25,0.157
always_on_account_aware_sizer,2024-11-18,1460.0,10000.0,0.25,0.146
always_on_account_aware_sizer,2024-11-19,-930.0,10000.0,0.25,-0.093
always_on_account_aware_sizer,2024-11-20,3630.0,10000.0,0.25,0.363
always_on_account_aware_sizer,2024-11-21,5510.0,10000.0,0.25,0.551
always_on_account_aware_sizer,2024-11-22,-990.0,10000.0,0.25,-0.099
always_on_account_aware_sizer,2024-11-25,150.0,10000.0,0.25,0.015
always_on_account_aware_sizer,2024-11-26,-920.0,10000.0,0.25,-0.092
always_on_account_aware_sizer,2024-11-27,440.0,10000.0,0.25,0.044
always_on_account_aware_sizer,2024-11-29,660.0,10000.0,0.25,0.066
always_on_account_aware_sizer,2024-12-02,-380.0,10000.0,0.25,-0.038
always_on_account_aware_sizer,2024-12-03,-740.0,10000.0,0.25,-0.074
always_on_account_aware_sizer,2024-12-04,-610.0,10000.0,0.25,-0.061
always_on_account_aware_sizer,2024-12-05,-680.0,10000.0,0.25,-0.068
always_on_account_aware_sizer,2024-12-06,40.0,10000.0,0.25,0.004
always_on_account_aware_sizer,2024-12-09,-80.0,10000.0,0.25,-0.008
always_on_account_aware_sizer,2024-12-10,190.0,10000.0,0.25,0.019
always_on_account_aware_sizer,2024-12-11,10.0,10000.0,0.25,0.001
always_on_account_aware_sizer,2024-12-12,-1130.0,10000.0,0.25,-0.113
always_on_account_aware_sizer,2024-12-13,1120.0,10000.0,0.25,0.112
always_on_account_aware_sizer,2024-12-16,520.0,10000.0,0.25,0.052
always_on_account_aware_sizer,2024-12-17,990.0,10000.0,0.25,0.099
always_on_account_aware_sizer,2024-12-18,400.0,10000.0,0.25,0.04
always_on_account_aware_sizer,2024-12-19,50.0,10000.0,0.25,0.005
always_on_account_aware_sizer,2024-12-20,3920.0,10000.0,0.25,0.392
always_on_account_aware_sizer,2024-12-23,2410.0,10000.0,0.25,0.241
always_on_account_aware_sizer,2024-12-24,500.0,10000.0,0.25,0.05
always_on_account_aware_sizer,2024-12-26,240.0,10000.0,0.25,0.024
always_on_account_aware_sizer,2024-12-27,5820.0,10000.0,0.25,0.582
always_on_account_aware_sizer,2024-12-30,-1350.0,10000.0,0.25,-0.135
always_on_account_aware_sizer,2024-12-31,740.0,10000.0,0.25,0.074
always_on_account_aware_sizer,2025-07-01,-360.0,10000.0,0.25,-0.036
always_on_account_aware_sizer,2025-07-02,590.0,10000.0,0.25,0.059
always_on_account_aware_sizer,2025-07-03,800.0,10000.0,0.25,0.08
always_on_account_aware_sizer,2025-07-07,2620.0,10000.0,0.25,0.262
always_on_account_aware_sizer,2025-07-08,1720.0,10000.0,0.25,0.172
always_on_account_aware_sizer,2025-07-09,730.0,10000.0,0.25,0.073
always_on_account_aware_sizer,2025-07-10,1450.0,10000.0,0.25,0.145
always_on_account_aware_sizer,2025-07-11,110.0,10000.0,0.25,0.011
always_on_account_aware_sizer,2025-07-14,1330.0,10000.0,0.25,0.133
always_on_account_aware_sizer,2025-07-15,2300.0,10000.0,0.25,0.23
always_on_account_aware_sizer,2025-07-16,4200.0,10000.0,0.25,0.42
always_on_account_aware_sizer,2025-07-17,1530.0,10000.0,0.25,0.153
always_on_account_aware_sizer,2025-07-18,-140.0,10000.0,0.25,-0.014
always_on_account_aware_sizer,2025-07-21,400.0,10000.0,0.25,0.04
always_on_account_aware_sizer,2025-07-22,1240.0,10000.0,0.25,0.124
always_on_account_aware_sizer,2025-07-23,-170.0,10000.0,0.25,-0.017
always_on_account_aware_sizer,2025-07-24,420.0,10000.0,0.25,0.042
always_on_account_aware_sizer,2025-07-25,620.0,10000.0,0.25,0.062
always_on_account_aware_sizer,2025-07-28,550.0,10000.0,0.25,0.055
always_on_account_aware_sizer,2025-07-29,440.0,10000.0,0.25,0.044
always_on_account_aware_sizer,2025-07-30,3240.0,10000.0,0.25,0.324
always_on_account_aware_sizer,2025-07-31,-1150.0,10000.0,0.25,-0.115
always_on_account_aware_sizer,2025-08-01,2900.0,10000.0,0.25,0.29
always_on_account_aware_sizer,2025-08-04,690.0,10000.0,0.25,0.069
always_on_account_aware_sizer,2025-08-05,3140.0,10000.0,0.25,0.314
always_on_account_aware_sizer,2025-08-06,4170.0,10000.0,0.25,0.417
always_on_account_aware_sizer,2025-08-07,-1470.0,10000.0,0.25,-0.147
always_on_account_aware_sizer,2025-08-08,340.0,10000.0,0.25,0.034
always_on_account_aware_sizer,2025-08-11,-750.0,10000.0,0.25,-0.075
always_on_account_aware_sizer,2025-08-12,2370.0,10000.0,0.25,0.237
always_on_account_aware_sizer,2025-08-13,1260.0,10000.0,0.25,0.126
always_on_account_aware_sizer,2025-08-14,500.0,10000.0,0.25,0.05
always_on_account_aware_sizer,2025-08-15,-70.0,10000.0,0.25,-0.007
always_on_account_aware_sizer,2025-08-18,-710.0,10000.0,0.25,-0.071
always_on_account_aware_sizer,2025-08-19,1350.0,10000.0,0.25,0.135
always_on_account_aware_sizer,2025-08-20,-960.0,10000.0,0.25,-0.096
always_on_account_aware_sizer,2025-08-21,2090.0,10000.0,0.25,0.209
always_on_account_aware_sizer,2025-08-22,8080.0,10000.0,0.25,0.808
always_on_account_aware_sizer,2025-08-25,300.0,10000.0,0.25,0.03
always_on_account_aware_sizer,2025-08-26,360.0,10000.0,0.25,0.036
always_on_account_aware_sizer,2025-08-27,360.0,10000.0,0.25,0.036
always_on_account_aware_sizer,2025-08-28,-50.0,10000.0,0.25,-0.005
always_on_account_aware_sizer,2025-08-29,750.0,10000.0,0.25,0.075
always_on_account_aware_sizer,2025-09-02,-960.0,10000.0,0.25,-0.096
always_on_account_aware_sizer,2025-09-03,200.0,10000.0,0.25,0.02
always_on_account_aware_sizer,2025-09-04,3200.0,10000.0,0.25,0.32
always_on_account_aware_sizer,2025-09-05,6210.0,10000.0,0.25,0.621
always_on_account_aware_sizer,2025-09-08,1750.0,10000.0,0.25,0.175
always_on_account_aware_sizer,2025-09-09,440.0,10000.0,0.25,0.044
always_on_account_aware_sizer,2025-09-10,-660.0,10000.0,0.25,-0.066
always_on_account_aware_sizer,2025-09-11,1160.0,10000.0,0.25,0.116
always_on_account_aware_sizer,2025-09-12,450.0,10000.0,0.25,0.045
always_on_account_aware_sizer,2025-09-15,320.0,10000.0,0.25,0.032
always_on_account_aware_sizer,2025-09-16,-900.0,10000.0,0.25,-0.09
always_on_account_aware_sizer,2025-09-17,9060.0,10000.0,0.25,0.906
always_on_account_aware_sizer,2025-09-18,2700.0,10000.0,0.25,0.27
always_on_account_aware_sizer,2025-09-19,330.0,10000.0,0.25,0.033
always_on_account_aware_sizer,2025-09-22,2200.0,10000.0,0.25,0.22
always_on_account_aware_sizer,2025-09-23,2520.0,10000.0,0.25,0.252
always_on_account_aware_sizer,2025-09-24,90.0,10000.0,0.25,0.009
always_on_account_aware_sizer,2025-09-25,-1660.0,10000.0,0.25,-0.166
always_on_account_aware_sizer,2025-09-26,6030.0,10000.0,0.25,0.603
always_on_account_aware_sizer,2025-09-29,840.0,10000.0,0.25,0.084
always_on_account_aware_sizer,2025-09-30,1080.0,10000.0,0.25,0.108
always_on_account_aware_sizer,2025-10-01,-520.0,10000.0,0.25,-0.052
always_on_account_aware_sizer,2025-10-02,1080.0,10000.0,0.25,0.108
always_on_account_aware_sizer,2025-10-03,3040.0,10000.0,0.25,0.304
always_on_account_aware_sizer,2025-10-06,750.0,10000.0,0.25,0.075
always_on_account_aware_sizer,2025-10-07,510.0,10000.0,0.25,0.051
always_on_account_aware_sizer,2025-10-08,1070.0,10000.0,0.25,0.107
always_on_account_aware_sizer,2025-10-09,260.0,10000.0,0.25,0.026
always_on_account_aware_sizer,2025-10-10,530.0,10000.0,0.25,0.053
always_on_account_aware_sizer,2025-10-13,1840.0,10000.0,0.25,0.184
always_on_account_aware_sizer,2025-10-14,860.0,10000.0,0.25,0.086
always_on_account_aware_sizer,2025-10-15,3010.0,10000.0,0.25,0.301
always_on_account_aware_sizer,2025-10-16,670.0,10000.0,0.25,0.067
always_on_account_aware_sizer,2025-10-17,3160.0,10000.0,0.25,0.316
always_on_account_aware_sizer,2025-10-20,1620.0,10000.0,0.25,0.162
always_on_account_aware_sizer,2025-10-21,950.0,10000.0,0.25,0.095
always_on_account_aware_sizer,2025-10-22,1700.0,10000.0,0.25,0.17
always_on_account_aware_sizer,2025-10-23,1250.0,10000.0,0.25,0.125
always_on_account_aware_sizer,2025-10-24,880.0,10000.0,0.25,0.088
always_on_account_aware_sizer,2025-10-27,320.0,10000.0,0.25,0.032
always_on_account_aware_sizer,2025-10-28,-230.0,10000.0,0.25,-0.023
always_on_account_aware_sizer,2025-10-29,6870.0,10000.0,0.25,0.687
always_on_account_aware_sizer,2025-10-30,610.0,10000.0,0.25,0.061
always_on_account_aware_sizer,2025-10-31,2140.0,10000.0,0.25,0.214
always_on_account_aware_sizer,2025-11-03,2800.0,10000.0,0.25,0.28
always_on_account_aware_sizer,2025-11-04,1740.0,10000.0,0.25,0.174
always_on_account_aware_sizer,2025-11-05,700.0,10000.0,0.25,0.07
always_on_account_aware_sizer,2025-11-06,890.0,10000.0,0.25,0.089
always_on_account_aware_sizer,2025-11-07,1360.0,10000.0,0.25,0.136
always_on_account_aware_sizer,2025-11-10,-470.0,10000.0,0.25,-0.047
always_on_account_aware_sizer,2025-11-11,1180.0,10000.0,0.25,0.118
always_on_account_aware_sizer,2025-11-12,2110.0,10000.0,0.25,0.211
always_on_account_aware_sizer,2025-11-13,3740.0,10000.0,0.25,0.374
always_on_account_aware_sizer,2025-11-14,5330.0,10000.0,0.25,0.533
always_on_account_aware_sizer,2025-11-17,530.0,10000.0,0.25,0.053
always_on_account_aware_sizer,2025-11-18,4430.0,10000.0,0.25,0.443
always_on_account_aware_sizer,2025-11-19,2950.0,10000.0,0.25,0.295
always_on_account_aware_sizer,2025-11-20,4870.0,10000.0,0.25,0.487
always_on_account_aware_sizer,2025-11-21,6850.0,10000.0,0.25,0.685
always_on_account_aware_sizer,2025-11-24,2500.0,10000.0,0.25,0.25
always_on_account_aware_sizer,2025-11-25,-250.0,10000.0,0.25,-0.025
always_on_account_aware_sizer,2025-11-26,-1520.0,10000.0,0.25,-0.152
always_on_account_aware_sizer,2025-11-28,-120.0,10000.0,0.25,-0.012
always_on_account_aware_sizer,2025-12-01,1450.0,10000.0,0.25,0.145
always_on_account_aware_sizer,2025-12-02,1370.0,10000.0,0.25,0.137
always_on_account_aware_sizer,2025-12-03,2020.0,10000.0,0.25,0.202
always_on_account_aware_sizer,2025-12-04,1940.0,10000.0,0.25,0.194
always_on_account_aware_sizer,2025-12-05,1270.0,10000.0,0.25,0.127
always_on_account_aware_sizer,2025-12-08,1830.0,10000.0,0.25,0.183
always_on_account_aware_sizer,2025-12-09,0.0,10000.0,0.25,0.0
always_on_account_aware_sizer,2025-12-10,2770.0,10000.0,0.25,0.277
always_on_account_aware_sizer,2025-12-11,-1610.0,10000.0,0.25,-0.161
always_on_account_aware_sizer,2025-12-12,1220.0,10000.0,0.25,0.122
always_on_account_aware_sizer,2025-12-15,860.0,10000.0,0.25,0.086
always_on_account_aware_sizer,2025-12-16,-1050.0,10000.0,0.25,-0.105
always_on_account_aware_sizer,2025-12-17,1620.0,10000.0,0.25,0.162
always_on_account_aware_sizer,2025-12-18,-1040.0,10000.0,0.25,-0.104
always_on_account_aware_sizer,2025-12-19,430.0,10000.0,0.25,0.043
always_on_account_aware_sizer,2025-12-22,460.0,10000.0,0.25,0.046
always_on_account_aware_sizer,2025-12-23,910.0,10000.0,0.25,0.091
always_on_account_aware_sizer,2025-12-24,90.0,10000.0,0.25,0.009
always_on_account_aware_sizer,2025-12-26,-430.0,10000.0,0.25,-0.043
always_on_account_aware_sizer,2025-12-29,20.0,10000.0,0.25,0.002
always_on_account_aware_sizer,2025-12-30,60.0,10000.0,0.25,0.006
always_on_account_aware_sizer,2025-12-31,-10.0,10000.0,0.25,-0.001
always_on_account_aware_sizer,2026-01-02,3580.0,10000.0,0.25,0.358
always_on_account_aware_sizer,2026-01-05,1440.0,10000.0,0.25,0.144
always_on_account_aware_sizer,2026-01-06,-520.0,10000.0,0.25,-0.052
always_on_account_aware_sizer,2026-01-07,530.0,10000.0,0.25,0.053
always_on_account_aware_sizer,2026-01-08,-990.0,10000.0,0.25,-0.099
always_on_account_aware_sizer,2026-01-09,-960.0,10000.0,0.25,-0.096
always_on_account_aware_sizer,2026-01-12,540.0,10000.0,0.25,0.054
always_on_account_aware_sizer,2026-01-13,-350.0,10000.0,0.25,-0.035
always_on_account_aware_sizer,2026-01-14,2550.0,10000.0,0.25,0.255
always_on_account_aware_sizer,2026-01-15,-480.0,10000.0,0.25,-0.048
always_on_account_aware_sizer,2026-01-16,1610.0,10000.0,0.25,0.161
always_on_account_aware_sizer,2026-01-20,1140.0,10000.0,0.25,0.114
always_on_account_aware_sizer,2026-01-21,7060.0,10000.0,0.25,0.706
always_on_account_aware_sizer,2026-01-22,1020.0,10000.0,0.25,0.102
always_on_account_aware_sizer,2026-01-23,40.0,10000.0,0.25,0.004
always_on_account_aware_sizer,2026-01-26,-50.0,10000.0,0.25,-0.005
always_on_account_aware_sizer,2026-01-27,1370.0,10000.0,0.25,0.137
always_on_account_aware_sizer,2026-01-28,1410.0,10000.0,0.25,0.141
always_on_account_aware_sizer,2026-01-29,3360.0,10000.0,0.25,0.336
always_on_account_aware_sizer,2026-01-30,-320.0,10000.0,0.25,-0.032
always_on_account_aware_sizer,2026-02-02,-60.0,10000.0,0.25,-0.006
always_on_account_aware_sizer,2026-02-03,2310.0,10000.0,0.25,0.231
always_on_account_aware_sizer,2026-02-04,-1400.0,10000.0,0.25,-0.14
always_on_account_aware_sizer,2026-02-05,2780.0,10000.0,0.25,0.278
always_on_account_aware_sizer,2026-02-09,1480.0,10000.0,0.25,0.148
always_on_account_aware_sizer,2026-02-10,160.0,10000.0,0.25,0.016
always_on_account_aware_sizer,2026-02-11,1590.0,10000.0,0.25,0.159
always_on_account_aware_sizer,2026-02-12,2300.0,10000.0,0.25,0.23
always_on_account_aware_sizer,2026-02-13,4510.0,10000.0,0.25,0.451
always_on_account_aware_sizer,2026-02-17,5430.0,10000.0,0.25,0.543
always_on_account_aware_sizer,2026-02-18,-820.0,10000.0,0.25,-0.082
always_on_account_aware_sizer,2026-02-19,0.0,10000.0,0.25,0.0
always_on_account_aware_sizer,2026-02-20,2230.0,10000.0,0.25,0.223
always_on_account_aware_sizer,2026-02-23,1950.0,10000.0,0.25,0.195
always_on_account_aware_sizer,2026-02-24,2120.0,10000.0,0.25,0.212
always_on_account_aware_sizer,2026-02-25,-660.0,10000.0,0.25,-0.066
always_on_account_aware_sizer,2026-02-26,70.0,10000.0,0.25,0.007
always_on_account_aware_sizer,2026-02-27,970.0,10000.0,0.25,0.097
always_on_account_aware_sizer,2026-03-02,-920.0,10000.0,0.25,-0.092
always_on_account_aware_sizer,2026-03-03,10360.0,10000.0,0.25,1.036
always_on_account_aware_sizer,2026-03-04,-1890.0,10000.0,0.25,-0.189
always_on_account_aware_sizer,2026-03-05,4650.0,10000.0,0.25,0.465
always_on_account_aware_sizer,2026-03-06,1810.0,10000.0,0.25,0.181
always_on_account_aware_sizer,2026-03-09,980.0,10000.0,0.25,0.098
always_on_account_aware_sizer,2026-03-10,-1130.0,10000.0,0.25,-0.113
always_on_account_aware_sizer,2026-03-11,-1690.0,10000.0,0.25,-0.169
always_on_account_aware_sizer,2026-03-12,1030.0,10000.0,0.25,0.103
always_on_account_aware_sizer,2026-03-13,-1070.0,10000.0,0.25,-0.107
always_on_account_aware_sizer,2026-03-16,-810.0,10000.0,0.25,-0.081
always_on_account_aware_sizer,2026-03-17,-770.0,10000.0,0.25,-0.077
always_on_account_aware_sizer,2026-03-18,2330.0,10000.0,0.25,0.233
always_on_account_aware_sizer,2026-03-19,2540.0,10000.0,0.25,0.254
always_on_account_aware_sizer,2026-03-20,2320.0,10000.0,0.25,0.232
always_on_account_aware_sizer,2026-03-23,3730.0,10000.0,0.25,0.373
always_on_account_aware_sizer,2026-03-24,1860.0,10000.0,0.25,0.186
always_on_account_aware_sizer,2026-03-25,1610.0,10000.0,0.25,0.161
always_on_account_aware_sizer,2026-03-26,20.0,10000.0,0.25,0.002
always_on_account_aware_sizer,2026-03-27,1770.0,10000.0,0.25,0.177
always_on_account_aware_sizer,2026-03-30,5340.0,10000.0,0.25,0.534
always_on_account_aware_sizer,2026-03-31,3860.0,10000.0,0.25,0.386
one_contract_baseline,2024-10-01,3210.0,10000.0,0.5,0.321
one_contract_baseline,2024-10-02,2210.0,10000.0,0.5,0.221
one_contract_baseline,2024-10-03,2150.0,10000.0,0.5,0.215
one_contract_baseline,2024-10-04,1910.0,10000.0,0.5,0.191
one_contract_baseline,2024-10-07,-230.0,10000.0,0.5,-0.023
one_contract_baseline,2024-10-08,840.0,10000.0,0.5,0.084
one_contract_baseline,2024-10-09,730.0,10000.0,0.5,0.073
one_contract_baseline,2024-10-10,430.0,10000.0,0.5,0.043
one_contract_baseline,2024-10-11,2270.0,10000.0,0.5,0.227
one_contract_baseline,2024-10-14,-1080.0,10000.0,0.5,-0.108
one_contract_baseline,2024-10-15,470.0,10000.0,0.5,0.047
one_contract_baseline,2024-10-16,630.0,10000.0,0.5,0.063
one_contract_baseline,2024-10-17,-220.0,10000.0,0.5,-0.022
one_contract_baseline,2024-10-18,170.0,10000.0,0.5,0.017
one_contract_baseline,2024-10-21,1870.0,10000.0,0.5,0.187
one_contract_baseline,2024-10-22,-780.0,10000.0,0.5,-0.078
one_contract_baseline,2024-10-23,870.0,10000.0,0.5,0.087
one_contract_baseline,2024-10-24,-830.0,10000.0,0.5,-0.083
one_contract_baseline,2024-10-25,2570.0,10000.0,0.5,0.257
one_contract_baseline,2024-10-28,-380.0,10000.0,0.5,-0.038
one_contract_baseline,2024-10-29,470.0,10000.0,0.5,0.047
one_contract_baseline,2024-10-30,60.0,10000.0,0.5,0.006
one_contract_baseline,2024-10-31,-2480.0,10000.0,0.5,-0.248
one_contract_baseline,2024-11-01,1220.0,10000.0,0.5,0.122
one_contract_baseline,2024-11-04,-140.0,10000.0,0.5,-0.014
one_contract_baseline,2024-11-05,890.0,10000.0,0.5,0.089
one_contract_baseline,2024-11-06,-680.0,10000.0,0.5,-0.068
one_contract_baseline,2024-11-07,240.0,10000.0,0.5,0.024
one_contract_baseline,2024-11-08,-220.0,10000.0,0.5,-0.022
one_contract_baseline,2024-11-11,-360.0,10000.0,0.5,-0.036
one_contract_baseline,2024-11-12,670.0,10000.0,0.5,0.067
one_contract_baseline,2024-11-13,1150.0,10000.0,0.5,0.115
one_contract_baseline,2024-11-14,-70.0,10000.0,0.5,-0.007
one_contract_baseline,2024-11-15,1420.0,10000.0,0.5,0.142
one_contract_baseline,2024-11-18,1360.0,10000.0,0.5,0.136
one_contract_baseline,2024-11-19,990.0,10000.0,0.5,0.099
one_contract_baseline,2024-11-20,3380.0,10000.0,0.5,0.338
one_contract_baseline,2024-11-21,5310.0,10000.0,0.5,0.531
one_contract_baseline,2024-11-22,-1800.0,10000.0,0.5,-0.18
one_contract_baseline,2024-11-25,190.0,10000.0,0.5,0.019
one_contract_baseline,2024-11-26,-1190.0,10000.0,0.5,-0.119
one_contract_baseline,2024-11-27,240.0,10000.0,0.5,0.024
one_contract_baseline,2024-11-29,610.0,10000.0,0.5,0.061
one_contract_baseline,2024-12-02,-480.0,10000.0,0.5,-0.048
one_contract_baseline,2024-12-03,-840.0,10000.0,0.5,-0.084
one_contract_baseline,2024-12-04,-760.0,10000.0,0.5,-0.076
one_contract_baseline,2024-12-05,-780.0,10000.0,0.5,-0.078
one_contract_baseline,2024-12-06,-110.0,10000.0,0.5,-0.011
one_contract_baseline,2024-12-09,-230.0,10000.0,0.5,-0.023
one_contract_baseline,2024-12-10,90.0,10000.0,0.5,0.009
one_contract_baseline,2024-12-11,-90.0,10000.0,0.5,-0.009
one_contract_baseline,2024-12-12,-1390.0,10000.0,0.5,-0.139
one_contract_baseline,2024-12-13,1020.0,10000.0,0.5,0.102
one_contract_baseline,2024-12-16,370.0,10000.0,0.5,0.037
one_contract_baseline,2024-12-17,790.0,10000.0,0.5,0.079
one_contract_baseline,2024-12-18,250.0,10000.0,0.5,0.025
one_contract_baseline,2024-12-19,-100.0,10000.0,0.5,-0.01
one_contract_baseline,2024-12-20,3820.0,10000.0,0.5,0.382
one_contract_baseline,2024-12-23,1570.0,10000.0,0.5,0.157
one_contract_baseline,2024-12-24,450.0,10000.0,0.5,0.045
one_contract_baseline,2024-12-26,90.0,10000.0,0.5,0.009
one_contract_baseline,2024-12-27,5000.0,10000.0,0.5,0.5
one_contract_baseline,2024-12-30,-150.0,10000.0,0.5,-0.015
one_contract_baseline,2024-12-31,590.0,10000.0,0.5,0.059
one_contract_baseline,2025-07-01,-180.0,10000.0,0.5,-0.018
one_contract_baseline,2025-07-02,490.0,10000.0,0.5,0.049
one_contract_baseline,2025-07-03,290.0,10000.0,0.5,0.029
one_contract_baseline,2025-07-07,980.0,10000.0,0.5,0.098
one_contract_baseline,2025-07-08,710.0,10000.0,0.5,0.071
one_contract_baseline,2025-07-09,270.0,10000.0,0.5,0.027
one_contract_baseline,2025-07-10,420.0,10000.0,0.5,0.042
one_contract_baseline,2025-07-11,-140.0,10000.0,0.5,-0.014
one_contract_baseline,2025-07-14,570.0,10000.0,0.5,0.057
one_contract_baseline,2025-07-15,980.0,10000.0,0.5,0.098
one_contract_baseline,2025-07-16,3240.0,10000.0,0.5,0.324
one_contract_baseline,2025-07-17,840.0,10000.0,0.5,0.084
one_contract_baseline,2025-07-18,-190.0,10000.0,0.5,-0.019
one_contract_baseline,2025-07-21,300.0,10000.0,0.5,0.03
one_contract_baseline,2025-07-22,550.0,10000.0,0.5,0.055
one_contract_baseline,2025-07-23,-320.0,10000.0,0.5,-0.032
one_contract_baseline,2025-07-24,60.0,10000.0,0.5,0.006
one_contract_baseline,2025-07-25,250.0,10000.0,0.5,0.025
one_contract_baseline,2025-07-28,260.0,10000.0,0.5,0.026
one_contract_baseline,2025-07-29,340.0,10000.0,0.5,0.034
one_contract_baseline,2025-07-30,1850.0,10000.0,0.5,0.185
one_contract_baseline,2025-07-31,-540.0,10000.0,0.5,-0.054
one_contract_baseline,2025-08-01,1920.0,10000.0,0.5,0.192
one_contract_baseline,2025-08-04,450.0,10000.0,0.5,0.045
one_contract_baseline,2025-08-05,2240.0,10000.0,0.5,0.224
one_contract_baseline,2025-08-06,2010.0,10000.0,0.5,0.201
one_contract_baseline,2025-08-07,-760.0,10000.0,0.5,-0.076
one_contract_baseline,2025-08-08,240.0,10000.0,0.5,0.024
one_contract_baseline,2025-08-11,-950.0,10000.0,0.5,-0.095
one_contract_baseline,2025-08-12,2070.0,10000.0,0.5,0.207
one_contract_baseline,2025-08-13,480.0,10000.0,0.5,0.048
one_contract_baseline,2025-08-14,-250.0,10000.0,0.5,-0.025
one_contract_baseline,2025-08-15,20.0,10000.0,0.5,0.002
one_contract_baseline,2025-08-18,-660.0,10000.0,0.5,-0.066
one_contract_baseline,2025-08-19,1070.0,10000.0,0.5,0.107
one_contract_baseline,2025-08-20,1110.0,10000.0,0.5,0.111
one_contract_baseline,2025-08-21,1680.0,10000.0,0.5,0.168
one_contract_baseline,2025-08-22,4540.0,10000.0,0.5,0.454
one_contract_baseline,2025-08-25,150.0,10000.0,0.5,0.015
one_contract_baseline,2025-08-26,-200.0,10000.0,0.5,-0.02
one_contract_baseline,2025-08-27,60.0,10000.0,0.5,0.006
one_contract_baseline,2025-08-28,100.0,10000.0,0.5,0.01
one_contract_baseline,2025-08-29,310.0,10000.0,0.5,0.031
one_contract_baseline,2025-09-02,-1110.0,10000.0,0.5,-0.111
one_contract_baseline,2025-09-03,-50.0,10000.0,0.5,-0.005
one_contract_baseline,2025-09-04,1750.0,10000.0,0.5,0.175
one_contract_baseline,2025-09-05,4010.0,10000.0,0.5,0.401
one_contract_baseline,2025-09-08,880.0,10000.0,0.5,0.088
one_contract_baseline,2025-09-09,70.0,10000.0,0.5,0.007
one_contract_baseline,2025-09-10,-740.0,10000.0,0.5,-0.074
one_contract_baseline,2025-09-11,780.0,10000.0,0.5,0.078
one_contract_baseline,2025-09-12,140.0,10000.0,0.5,0.014
one_contract_baseline,2025-09-15,170.0,10000.0,0.5,0.017
one_contract_baseline,2025-09-16,-550.0,10000.0,0.5,-0.055
one_contract_baseline,2025-09-17,4120.0,10000.0,0.5,0.412
one_contract_baseline,2025-09-18,970.0,10000.0,0.5,0.097
one_contract_baseline,2025-09-19,120.0,10000.0,0.5,0.012
one_contract_baseline,2025-09-22,1010.0,10000.0,0.5,0.101
one_contract_baseline,2025-09-23,880.0,10000.0,0.5,0.088
one_contract_baseline,2025-09-24,-100.0,10000.0,0.5,-0.01
one_contract_baseline,2025-09-25,-1500.0,10000.0,0.5,-0.15
one_contract_baseline,2025-09-26,3430.0,10000.0,0.5,0.343
one_contract_baseline,2025-09-29,180.0,10000.0,0.5,0.018
one_contract_baseline,2025-09-30,220.0,10000.0,0.5,0.022
one_contract_baseline,2025-10-01,-620.0,10000.0,0.5,-0.062
one_contract_baseline,2025-10-02,880.0,10000.0,0.5,0.088
one_contract_baseline,2025-10-03,1580.0,10000.0,0.5,0.158
one_contract_baseline,2025-10-06,400.0,10000.0,0.5,0.04
one_contract_baseline,2025-10-07,360.0,10000.0,0.5,0.036
one_contract_baseline,2025-10-08,910.0,10000.0,0.5,0.091
one_contract_baseline,2025-10-09,110.0,10000.0,0.5,0.011
one_contract_baseline,2025-10-10,330.0,10000.0,0.5,0.033
one_contract_baseline,2025-10-13,1640.0,10000.0,0.5,0.164
one_contract_baseline,2025-10-14,460.0,10000.0,0.5,0.046
one_contract_baseline,2025-10-15,2560.0,10000.0,0.5,0.256
one_contract_baseline,2025-10-16,520.0,10000.0,0.5,0.052
one_contract_baseline,2025-10-17,2810.0,10000.0,0.5,0.281
one_contract_baseline,2025-10-20,1420.0,10000.0,0.5,0.142
one_contract_baseline,2025-10-21,850.0,10000.0,0.5,0.085
one_contract_baseline,2025-10-22,1510.0,10000.0,0.5,0.151
one_contract_baseline,2025-10-23,1050.0,10000.0,0.5,0.105
one_contract_baseline,2025-10-24,680.0,10000.0,0.5,0.068
one_contract_baseline,2025-10-27,50.0,10000.0,0.5,0.005
one_contract_baseline,2025-10-28,-480.0,10000.0,0.5,-0.048
one_contract_baseline,2025-10-29,5250.0,10000.0,0.5,0.525
one_contract_baseline,2025-10-30,220.0,10000.0,0.5,0.022
one_contract_baseline,2025-10-31,1790.0,10000.0,0.5,0.179
one_contract_baseline,2025-11-03,2230.0,10000.0,0.5,0.223
one_contract_baseline,2025-11-04,850.0,10000.0,0.5,0.085
one_contract_baseline,2025-11-05,550.0,10000.0,0.5,0.055
one_contract_baseline,2025-11-06,790.0,10000.0,0.5,0.079
one_contract_baseline,2025-11-07,1110.0,10000.0,0.5,0.111
one_contract_baseline,2025-11-10,-670.0,10000.0,0.5,-0.067
one_contract_baseline,2025-11-11,980.0,10000.0,0.5,0.098
one_contract_baseline,2025-11-12,1910.0,10000.0,0.5,0.191
one_contract_baseline,2025-11-13,3540.0,10000.0,0.5,0.354
one_contract_baseline,2025-11-14,4880.0,10000.0,0.5,0.488
one_contract_baseline,2025-11-17,180.0,10000.0,0.5,0.018
one_contract_baseline,2025-11-18,4080.0,10000.0,0.5,0.408
one_contract_baseline,2025-11-19,2870.0,10000.0,0.5,0.287
one_contract_baseline,2025-11-20,4570.0,10000.0,0.5,0.457
one_contract_baseline,2025-11-21,6300.0,10000.0,0.5,0.63
one_contract_baseline,2025-11-24,2300.0,10000.0,0.5,0.23
one_contract_baseline,2025-11-25,-400.0,10000.0,0.5,-0.04
one_contract_baseline,2025-11-26,-1620.0,10000.0,0.5,-0.162
one_contract_baseline,2025-11-28,-270.0,10000.0,0.5,-0.027
one_contract_baseline,2025-12-01,1300.0,10000.0,0.5,0.13
one_contract_baseline,2025-12-02,1220.0,10000.0,0.5,0.122
one_contract_baseline,2025-12-03,1350.0,10000.0,0.5,0.135
one_contract_baseline,2025-12-04,840.0,10000.0,0.5,0.084
one_contract_baseline,2025-12-05,920.0,10000.0,0.5,0.092
one_contract_baseline,2025-12-08,1630.0,10000.0,0.5,0.163
one_contract_baseline,2025-12-09,-250.0,10000.0,0.5,-0.025
one_contract_baseline,2025-12-10,2570.0,10000.0,0.5,0.257
one_contract_baseline,2025-12-11,-1740.0,10000.0,0.5,-0.174
one_contract_baseline,2025-12-12,1120.0,10000.0,0.5,0.112
one_contract_baseline,2025-12-15,510.0,10000.0,0.5,0.051
one_contract_baseline,2025-12-16,-1150.0,10000.0,0.5,-0.115
one_contract_baseline,2025-12-17,1520.0,10000.0,0.5,0.152
one_contract_baseline,2025-12-18,-660.0,10000.0,0.5,-0.066
one_contract_baseline,2025-12-19,180.0,10000.0,0.5,0.018
one_contract_baseline,2025-12-22,310.0,10000.0,0.5,0.031
one_contract_baseline,2025-12-23,810.0,10000.0,0.5,0.081
one_contract_baseline,2025-12-24,-10.0,10000.0,0.5,-0.001
one_contract_baseline,2025-12-26,-580.0,10000.0,0.5,-0.058
one_contract_baseline,2025-12-29,-180.0,10000.0,0.5,-0.018
one_contract_baseline,2025-12-30,-340.0,10000.0,0.5,-0.034
one_contract_baseline,2025-12-31,-210.0,10000.0,0.5,-0.021
one_contract_baseline,2026-01-02,1020.0,10000.0,0.5,0.102
one_contract_baseline,2026-01-05,860.0,10000.0,0.5,0.086
one_contract_baseline,2026-01-06,-870.0,10000.0,0.5,-0.087
one_contract_baseline,2026-01-07,-180.0,10000.0,0.5,-0.018
one_contract_baseline,2026-01-08,-1190.0,10000.0,0.5,-0.119
one_contract_baseline,2026-01-09,830.0,10000.0,0.5,0.083
one_contract_baseline,2026-01-12,340.0,10000.0,0.5,0.034
one_contract_baseline,2026-01-13,-550.0,10000.0,0.5,-0.055
one_contract_baseline,2026-01-14,1110.0,10000.0,0.5,0.111
one_contract_baseline,2026-01-15,-170.0,10000.0,0.5,-0.017
one_contract_baseline,2026-01-16,1510.0,10000.0,0.5,0.151
one_contract_baseline,2026-01-20,870.0,10000.0,0.5,0.087
one_contract_baseline,2026-01-21,5200.0,10000.0,0.5,0.52
one_contract_baseline,2026-01-22,820.0,10000.0,0.5,0.082
one_contract_baseline,2026-01-23,-110.0,10000.0,0.5,-0.011
one_contract_baseline,2026-01-26,-150.0,10000.0,0.5,-0.015
one_contract_baseline,2026-01-27,1170.0,10000.0,0.5,0.117
one_contract_baseline,2026-01-28,1260.0,10000.0,0.5,0.126
one_contract_baseline,2026-01-29,3700.0,10000.0,0.5,0.37
one_contract_baseline,2026-01-30,-420.0,10000.0,0.5,-0.042
one_contract_baseline,2026-02-02,-110.0,10000.0,0.5,-0.011
one_contract_baseline,2026-02-03,2110.0,10000.0,0.5,0.211
one_contract_baseline,2026-02-04,1240.0,10000.0,0.5,0.124
one_contract_baseline,2026-02-05,2730.0,10000.0,0.5,0.273
one_contract_baseline,2026-02-09,1180.0,10000.0,0.5,0.118
one_contract_baseline,2026-02-10,60.0,10000.0,0.5,0.006
one_contract_baseline,2026-02-11,2110.0,10000.0,0.5,0.211
one_contract_baseline,2026-02-12,2200.0,10000.0,0.5,0.22
one_contract_baseline,2026-02-13,3390.0,10000.0,0.5,0.339
one_contract_baseline,2026-02-17,5280.0,10000.0,0.5,0.528
one_contract_baseline,2026-02-18,-560.0,10000.0,0.5,-0.056
one_contract_baseline,2026-02-19,-250.0,10000.0,0.5,-0.025
one_contract_baseline,2026-02-20,1980.0,10000.0,0.5,0.198
one_contract_baseline,2026-02-23,1600.0,10000.0,0.5,0.16
one_contract_baseline,2026-02-24,1430.0,10000.0,0.5,0.143
one_contract_baseline,2026-02-25,-760.0,10000.0,0.5,-0.076
one_contract_baseline,2026-02-26,-80.0,10000.0,0.5,-0.008
one_contract_baseline,2026-02-27,720.0,10000.0,0.5,0.072
one_contract_baseline,2026-03-02,1120.0,10000.0,0.5,0.112
one_contract_baseline,2026-03-03,8670.0,10000.0,0.5,0.867
one_contract_baseline,2026-03-04,-2480.0,10000.0,0.5,-0.248
one_contract_baseline,2026-03-05,4400.0,10000.0,0.5,0.44
one_contract_baseline,2026-03-06,1610.0,10000.0,0.5,0.161
one_contract_baseline,2026-03-09,830.0,10000.0,0.5,0.083
one_contract_baseline,2026-03-10,-770.0,10000.0,0.5,-0.077
one_contract_baseline,2026-03-11,-1210.0,10000.0,0.5,-0.121
one_contract_baseline,2026-03-12,730.0,10000.0,0.5,0.073
one_contract_baseline,2026-03-13,140.0,10000.0,0.5,0.014
one_contract_baseline,2026-03-16,-1640.0,10000.0,0.5,-0.164
one_contract_baseline,2026-03-17,-200.0,10000.0,0.5,-0.02
one_contract_baseline,2026-03-18,2230.0,10000.0,0.5,0.223
one_contract_baseline,2026-03-19,1630.0,10000.0,0.5,0.163
one_contract_baseline,2026-03-20,1950.0,10000.0,0.5,0.195
one_contract_baseline,2026-03-23,3190.0,10000.0,0.5,0.319
one_contract_baseline,2026-03-24,1660.0,10000.0,0.5,0.166
one_contract_baseline,2026-03-25,1310.0,10000.0,0.5,0.131
one_contract_baseline,2026-03-26,-470.0,10000.0,0.5,-0.047
one_contract_baseline,2026-03-27,850.0,10000.0,0.5,0.085
one_contract_baseline,2026-03-30,4680.0,10000.0,0.5,0.468
one_contract_baseline,2026-03-31,2560.0,10000.0,0.5,0.256
always_on_account_aware_sizer,2024-10-01,1240.0,10000.0,0.5,0.124
always_on_account_aware_sizer,2024-10-02,520.0,10000.0,0.5,0.052
always_on_account_aware_sizer,2024-10-03,2150.0,10000.0,0.5,0.215
always_on_account_aware_sizer,2024-10-04,-970.0,10000.0,0.5,-0.097
always_on_account_aware_sizer,2024-10-07,-100.0,10000.0,0.5,-0.01
always_on_account_aware_sizer,2024-10-08,840.0,10000.0,0.5,0.084
always_on_account_aware_sizer,2024-10-09,730.0,10000.0,0.5,0.073
always_on_account_aware_sizer,2024-10-10,430.0,10000.0,0.5,0.043
always_on_account_aware_sizer,2024-10-11,2270.0,10000.0,0.5,0.227
always_on_account_aware_sizer,2024-10-14,-1230.0,10000.0,0.5,-0.123
always_on_account_aware_sizer,2024-10-15,470.0,10000.0,0.5,0.047
always_on_account_aware_sizer,2024-10-16,630.0,10000.0,0.5,0.063
always_on_account_aware_sizer,2024-10-17,-220.0,10000.0,0.5,-0.022
always_on_account_aware_sizer,2024-10-18,170.0,10000.0,0.5,0.017
always_on_account_aware_sizer,2024-10-21,1870.0,10000.0,0.5,0.187
always_on_account_aware_sizer,2024-10-22,-780.0,10000.0,0.5,-0.078
always_on_account_aware_sizer,2024-10-23,870.0,10000.0,0.5,0.087
always_on_account_aware_sizer,2024-10-24,-830.0,10000.0,0.5,-0.083
always_on_account_aware_sizer,2024-10-25,2570.0,10000.0,0.5,0.257
always_on_account_aware_sizer,2024-10-28,-380.0,10000.0,0.5,-0.038
always_on_account_aware_sizer,2024-10-29,470.0,10000.0,0.5,0.047
always_on_account_aware_sizer,2024-10-30,60.0,10000.0,0.5,0.006
always_on_account_aware_sizer,2024-10-31,-1120.0,10000.0,0.5,-0.112
always_on_account_aware_sizer,2024-11-01,1220.0,10000.0,0.5,0.122
always_on_account_aware_sizer,2024-11-04,-140.0,10000.0,0.5,-0.014
always_on_account_aware_sizer,2024-11-05,890.0,10000.0,0.5,0.089
always_on_account_aware_sizer,2024-11-06,-680.0,10000.0,0.5,-0.068
always_on_account_aware_sizer,2024-11-07,240.0,10000.0,0.5,0.024
always_on_account_aware_sizer,2024-11-08,-220.0,10000.0,0.5,-0.022
always_on_account_aware_sizer,2024-11-11,-360.0,10000.0,0.5,-0.036
always_on_account_aware_sizer,2024-11-12,670.0,10000.0,0.5,0.067
always_on_account_aware_sizer,2024-11-13,1150.0,10000.0,0.5,0.115
always_on_account_aware_sizer,2024-11-14,-70.0,10000.0,0.5,-0.007
always_on_account_aware_sizer,2024-11-15,1420.0,10000.0,0.5,0.142
always_on_account_aware_sizer,2024-11-18,1360.0,10000.0,0.5,0.136
always_on_account_aware_sizer,2024-11-19,-1030.0,10000.0,0.5,-0.103
always_on_account_aware_sizer,2024-11-20,3380.0,10000.0,0.5,0.338
always_on_account_aware_sizer,2024-11-21,5310.0,10000.0,0.5,0.531
always_on_account_aware_sizer,2024-11-22,-760.0,10000.0,0.5,-0.076
always_on_account_aware_sizer,2024-11-25,-200.0,10000.0,0.5,-0.02
always_on_account_aware_sizer,2024-11-26,-1020.0,10000.0,0.5,-0.102
always_on_account_aware_sizer,2024-11-27,240.0,10000.0,0.5,0.024
always_on_account_aware_sizer,2024-11-29,610.0,10000.0,0.5,0.061
always_on_account_aware_sizer,2024-12-02,-480.0,10000.0,0.5,-0.048
always_on_account_aware_sizer,2024-12-03,-770.0,10000.0,0.5,-0.077
always_on_account_aware_sizer,2024-12-04,-770.0,10000.0,0.5,-0.077
always_on_account_aware_sizer,2024-12-05,-800.0,10000.0,0.5,-0.08
always_on_account_aware_sizer,2024-12-06,-110.0,10000.0,0.5,-0.011
always_on_account_aware_sizer,2024-12-09,-800.0,10000.0,0.5,-0.08
always_on_account_aware_sizer,2024-12-10,90.0,10000.0,0.5,0.009
always_on_account_aware_sizer,2024-12-11,-90.0,10000.0,0.5,-0.009
always_on_account_aware_sizer,2024-12-12,-1180.0,10000.0,0.5,-0.118
always_on_account_aware_sizer,2024-12-13,1020.0,10000.0,0.5,0.102
always_on_account_aware_sizer,2024-12-16,370.0,10000.0,0.5,0.037
always_on_account_aware_sizer,2024-12-17,790.0,10000.0,0.5,0.079
always_on_account_aware_sizer,2024-12-18,250.0,10000.0,0.5,0.025
always_on_account_aware_sizer,2024-12-19,-100.0,10000.0,0.5,-0.01
always_on_account_aware_sizer,2024-12-20,3820.0,10000.0,0.5,0.382
always_on_account_aware_sizer,2024-12-23,2060.0,10000.0,0.5,0.206
always_on_account_aware_sizer,2024-12-24,450.0,10000.0,0.5,0.045
always_on_account_aware_sizer,2024-12-26,90.0,10000.0,0.5,0.009
always_on_account_aware_sizer,2024-12-27,5570.0,10000.0,0.5,0.557
always_on_account_aware_sizer,2024-12-30,-1450.0,10000.0,0.5,-0.145
always_on_account_aware_sizer,2024-12-31,590.0,10000.0,0.5,0.059
always_on_account_aware_sizer,2025-07-01,-850.0,10000.0,0.5,-0.085
always_on_account_aware_sizer,2025-07-02,490.0,10000.0,0.5,0.049
always_on_account_aware_sizer,2025-07-03,290.0,10000.0,0.5,0.029
always_on_account_aware_sizer,2025-07-07,1000.0,10000.0,0.5,0.1
always_on_account_aware_sizer,2025-07-08,1420.0,10000.0,0.5,0.142
always_on_account_aware_sizer,2025-07-09,380.0,10000.0,0.5,0.038
always_on_account_aware_sizer,2025-07-10,900.0,10000.0,0.5,0.09
always_on_account_aware_sizer,2025-07-11,-290.0,10000.0,0.5,-0.029
always_on_account_aware_sizer,2025-07-14,1080.0,10000.0,0.5,0.108
always_on_account_aware_sizer,2025-07-15,1850.0,10000.0,0.5,0.185
always_on_account_aware_sizer,2025-07-16,3750.0,10000.0,0.5,0.375
always_on_account_aware_sizer,2025-07-17,1230.0,10000.0,0.5,0.123
always_on_account_aware_sizer,2025-07-18,-190.0,10000.0,0.5,-0.019
always_on_account_aware_sizer,2025-07-21,300.0,10000.0,0.5,0.03
always_on_account_aware_sizer,2025-07-22,990.0,10000.0,0.5,0.099
always_on_account_aware_sizer,2025-07-23,-320.0,10000.0,0.5,-0.032
always_on_account_aware_sizer,2025-07-24,-10.0,10000.0,0.5,-0.001
always_on_account_aware_sizer,2025-07-25,470.0,10000.0,0.5,0.047
always_on_account_aware_sizer,2025-07-28,220.0,10000.0,0.5,0.022
always_on_account_aware_sizer,2025-07-29,340.0,10000.0,0.5,0.034
always_on_account_aware_sizer,2025-07-30,2590.0,10000.0,0.5,0.259
always_on_account_aware_sizer,2025-07-31,-1250.0,10000.0,0.5,-0.125
always_on_account_aware_sizer,2025-08-01,2500.0,10000.0,0.5,0.25
always_on_account_aware_sizer,2025-08-04,490.0,10000.0,0.5,0.049
always_on_account_aware_sizer,2025-08-05,2740.0,10000.0,0.5,0.274
always_on_account_aware_sizer,2025-08-06,3770.0,10000.0,0.5,0.377
always_on_account_aware_sizer,2025-08-07,-1520.0,10000.0,0.5,-0.152
always_on_account_aware_sizer,2025-08-08,240.0,10000.0,0.5,0.024
always_on_account_aware_sizer,2025-08-11,-850.0,10000.0,0.5,-0.085
always_on_account_aware_sizer,2025-08-12,2070.0,10000.0,0.5,0.207
always_on_account_aware_sizer,2025-08-13,960.0,10000.0,0.5,0.096
always_on_account_aware_sizer,2025-08-14,-240.0,10000.0,0.5,-0.024
always_on_account_aware_sizer,2025-08-15,-370.0,10000.0,0.5,-0.037
always_on_account_aware_sizer,2025-08-18,-660.0,10000.0,0.5,-0.066
always_on_account_aware_sizer,2025-08-19,1100.0,10000.0,0.5,0.11
always_on_account_aware_sizer,2025-08-20,-1010.0,10000.0,0.5,-0.101
always_on_account_aware_sizer,2025-08-21,1840.0,10000.0,0.5,0.184
always_on_account_aware_sizer,2025-08-22,7830.0,10000.0,0.5,0.783
always_on_account_aware_sizer,2025-08-25,150.0,10000.0,0.5,0.015
always_on_account_aware_sizer,2025-08-26,160.0,10000.0,0.5,0.016
always_on_account_aware_sizer,2025-08-27,160.0,10000.0,0.5,0.016
always_on_account_aware_sizer,2025-08-28,-180.0,10000.0,0.5,-0.018
always_on_account_aware_sizer,2025-08-29,300.0,10000.0,0.5,0.03
always_on_account_aware_sizer,2025-09-02,-1110.0,10000.0,0.5,-0.111
always_on_account_aware_sizer,2025-09-03,-50.0,10000.0,0.5,-0.005
always_on_account_aware_sizer,2025-09-04,2310.0,10000.0,0.5,0.231
always_on_account_aware_sizer,2025-09-05,5100.0,10000.0,0.5,0.51
always_on_account_aware_sizer,2025-09-08,1350.0,10000.0,0.5,0.135
always_on_account_aware_sizer,2025-09-09,140.0,10000.0,0.5,0.014
always_on_account_aware_sizer,2025-09-10,-910.0,10000.0,0.5,-0.091
always_on_account_aware_sizer,2025-09-11,860.0,10000.0,0.5,0.086
always_on_account_aware_sizer,2025-09-12,140.0,10000.0,0.5,0.014
always_on_account_aware_sizer,2025-09-15,170.0,10000.0,0.5,0.017
always_on_account_aware_sizer,2025-09-16,-1100.0,10000.0,0.5,-0.11
always_on_account_aware_sizer,2025-09-17,6500.0,10000.0,0.5,0.65
always_on_account_aware_sizer,2025-09-18,1440.0,10000.0,0.5,0.144
always_on_account_aware_sizer,2025-09-19,30.0,10000.0,0.5,0.003
always_on_account_aware_sizer,2025-09-22,1950.0,10000.0,0.5,0.195
always_on_account_aware_sizer,2025-09-23,1750.0,10000.0,0.5,0.175
always_on_account_aware_sizer,2025-09-24,-100.0,10000.0,0.5,-0.01
always_on_account_aware_sizer,2025-09-25,-1710.0,10000.0,0.5,-0.171
always_on_account_aware_sizer,2025-09-26,3810.0,10000.0,0.5,0.381
always_on_account_aware_sizer,2025-09-29,360.0,10000.0,0.5,0.036
always_on_account_aware_sizer,2025-09-30,220.0,10000.0,0.5,0.022
always_on_account_aware_sizer,2025-10-01,-620.0,10000.0,0.5,-0.062
always_on_account_aware_sizer,2025-10-02,880.0,10000.0,0.5,0.088
always_on_account_aware_sizer,2025-10-03,2840.0,10000.0,0.5,0.284
always_on_account_aware_sizer,2025-10-06,400.0,10000.0,0.5,0.04
always_on_account_aware_sizer,2025-10-07,360.0,10000.0,0.5,0.036
always_on_account_aware_sizer,2025-10-08,820.0,10000.0,0.5,0.082
always_on_account_aware_sizer,2025-10-09,110.0,10000.0,0.5,0.011
always_on_account_aware_sizer,2025-10-10,330.0,10000.0,0.5,0.033
always_on_account_aware_sizer,2025-10-13,1640.0,10000.0,0.5,0.164
always_on_account_aware_sizer,2025-10-14,460.0,10000.0,0.5,0.046
always_on_account_aware_sizer,2025-10-15,2560.0,10000.0,0.5,0.256
always_on_account_aware_sizer,2025-10-16,520.0,10000.0,0.5,0.052
always_on_account_aware_sizer,2025-10-17,2810.0,10000.0,0.5,0.281
always_on_account_aware_sizer,2025-10-20,1420.0,10000.0,0.5,0.142
always_on_account_aware_sizer,2025-10-21,850.0,10000.0,0.5,0.085
always_on_account_aware_sizer,2025-10-22,1510.0,10000.0,0.5,0.151
always_on_account_aware_sizer,2025-10-23,1050.0,10000.0,0.5,0.105
always_on_account_aware_sizer,2025-10-24,680.0,10000.0,0.5,0.068
always_on_account_aware_sizer,2025-10-27,-30.0,10000.0,0.5,-0.003
always_on_account_aware_sizer,2025-10-28,-480.0,10000.0,0.5,-0.048
always_on_account_aware_sizer,2025-10-29,6520.0,10000.0,0.5,0.652
always_on_account_aware_sizer,2025-10-30,310.0,10000.0,0.5,0.031
always_on_account_aware_sizer,2025-10-31,1790.0,10000.0,0.5,0.179
always_on_account_aware_sizer,2025-11-03,2400.0,10000.0,0.5,0.24
always_on_account_aware_sizer,2025-11-04,1190.0,10000.0,0.5,0.119
always_on_account_aware_sizer,2025-11-05,550.0,10000.0,0.5,0.055
always_on_account_aware_sizer,2025-11-06,790.0,10000.0,0.5,0.079
always_on_account_aware_sizer,2025-11-07,1110.0,10000.0,0.5,0.111
always_on_account_aware_sizer,2025-11-10,-670.0,10000.0,0.5,-0.067
always_on_account_aware_sizer,2025-11-11,980.0,10000.0,0.5,0.098
always_on_account_aware_sizer,2025-11-12,1910.0,10000.0,0.5,0.191
always_on_account_aware_sizer,2025-11-13,3540.0,10000.0,0.5,0.354
always_on_account_aware_sizer,2025-11-14,4880.0,10000.0,0.5,0.488
always_on_account_aware_sizer,2025-11-17,-810.0,10000.0,0.5,-0.081
always_on_account_aware_sizer,2025-11-18,4080.0,10000.0,0.5,0.408
always_on_account_aware_sizer,2025-11-19,2010.0,10000.0,0.5,0.201
always_on_account_aware_sizer,2025-11-20,4570.0,10000.0,0.5,0.457
always_on_account_aware_sizer,2025-11-21,6300.0,10000.0,0.5,0.63
always_on_account_aware_sizer,2025-11-24,2300.0,10000.0,0.5,0.23
always_on_account_aware_sizer,2025-11-25,-400.0,10000.0,0.5,-0.04
always_on_account_aware_sizer,2025-11-26,-1620.0,10000.0,0.5,-0.162
always_on_account_aware_sizer,2025-11-28,-270.0,10000.0,0.5,-0.027
always_on_account_aware_sizer,2025-12-01,1300.0,10000.0,0.5,0.13
always_on_account_aware_sizer,2025-12-02,1220.0,10000.0,0.5,0.122
always_on_account_aware_sizer,2025-12-03,1720.0,10000.0,0.5,0.172
always_on_account_aware_sizer,2025-12-04,1540.0,10000.0,0.5,0.154
always_on_account_aware_sizer,2025-12-05,920.0,10000.0,0.5,0.092
always_on_account_aware_sizer,2025-12-08,1630.0,10000.0,0.5,0.163
always_on_account_aware_sizer,2025-12-09,-250.0,10000.0,0.5,-0.025
always_on_account_aware_sizer,2025-12-10,2570.0,10000.0,0.5,0.257
always_on_account_aware_sizer,2025-12-11,-1660.0,10000.0,0.5,-0.166
always_on_account_aware_sizer,2025-12-12,1120.0,10000.0,0.5,0.112
always_on_account_aware_sizer,2025-12-15,660.0,10000.0,0.5,0.066
always_on_account_aware_sizer,2025-12-16,-1150.0,10000.0,0.5,-0.115
always_on_account_aware_sizer,2025-12-17,1520.0,10000.0,0.5,0.152
always_on_account_aware_sizer,2025-12-18,-1140.0,10000.0,0.5,-0.114
always_on_account_aware_sizer,2025-12-19,180.0,10000.0,0.5,0.018
always_on_account_aware_sizer,2025-12-22,310.0,10000.0,0.5,0.031
always_on_account_aware_sizer,2025-12-23,810.0,10000.0,0.5,0.081
always_on_account_aware_sizer,2025-12-24,-10.0,10000.0,0.5,-0.001
always_on_account_aware_sizer,2025-12-26,-580.0,10000.0,0.5,-0.058
always_on_account_aware_sizer,2025-12-29,-180.0,10000.0,0.5,-0.018
always_on_account_aware_sizer,2025-12-30,-340.0,10000.0,0.5,-0.034
always_on_account_aware_sizer,2025-12-31,-210.0,10000.0,0.5,-0.021
always_on_account_aware_sizer,2026-01-02,3280.0,10000.0,0.5,0.328
always_on_account_aware_sizer,2026-01-05,1240.0,10000.0,0.5,0.124
always_on_account_aware_sizer,2026-01-06,-720.0,10000.0,0.5,-0.072
always_on_account_aware_sizer,2026-01-07,280.0,10000.0,0.5,0.028
always_on_account_aware_sizer,2026-01-08,-1040.0,10000.0,0.5,-0.104
always_on_account_aware_sizer,2026-01-09,-1010.0,10000.0,0.5,-0.101
always_on_account_aware_sizer,2026-01-12,340.0,10000.0,0.5,0.034
always_on_account_aware_sizer,2026-01-13,-550.0,10000.0,0.5,-0.055
always_on_account_aware_sizer,2026-01-14,-790.0,10000.0,0.5,-0.079
always_on_account_aware_sizer,2026-01-15,-170.0,10000.0,0.5,-0.017
always_on_account_aware_sizer,2026-01-16,1510.0,10000.0,0.5,0.151
always_on_account_aware_sizer,2026-01-20,890.0,10000.0,0.5,0.089
always_on_account_aware_sizer,2026-01-21,6760.0,10000.0,0.5,0.676
always_on_account_aware_sizer,2026-01-22,820.0,10000.0,0.5,0.082
always_on_account_aware_sizer,2026-01-23,-110.0,10000.0,0.5,-0.011
always_on_account_aware_sizer,2026-01-26,-150.0,10000.0,0.5,-0.015
always_on_account_aware_sizer,2026-01-27,1170.0,10000.0,0.5,0.117
always_on_account_aware_sizer,2026-01-28,1260.0,10000.0,0.5,0.126
always_on_account_aware_sizer,2026-01-29,3010.0,10000.0,0.5,0.301
always_on_account_aware_sizer,2026-01-30,-420.0,10000.0,0.5,-0.042
always_on_account_aware_sizer,2026-02-02,-110.0,10000.0,0.5,-0.011
always_on_account_aware_sizer,2026-02-03,2110.0,10000.0,0.5,0.211
always_on_account_aware_sizer,2026-02-04,-1450.0,10000.0,0.5,-0.145
always_on_account_aware_sizer,2026-02-05,2280.0,10000.0,0.5,0.228
always_on_account_aware_sizer,2026-02-09,1280.0,10000.0,0.5,0.128
always_on_account_aware_sizer,2026-02-10,60.0,10000.0,0.5,0.006
always_on_account_aware_sizer,2026-02-11,550.0,10000.0,0.5,0.055
always_on_account_aware_sizer,2026-02-12,2200.0,10000.0,0.5,0.22
always_on_account_aware_sizer,2026-02-13,4010.0,10000.0,0.5,0.401
always_on_account_aware_sizer,2026-02-17,5280.0,10000.0,0.5,0.528
always_on_account_aware_sizer,2026-02-18,-970.0,10000.0,0.5,-0.097
always_on_account_aware_sizer,2026-02-19,-250.0,10000.0,0.5,-0.025
always_on_account_aware_sizer,2026-02-20,1980.0,10000.0,0.5,0.198
always_on_account_aware_sizer,2026-02-23,1650.0,10000.0,0.5,0.165
always_on_account_aware_sizer,2026-02-24,1870.0,10000.0,0.5,0.187
always_on_account_aware_sizer,2026-02-25,-760.0,10000.0,0.5,-0.076
always_on_account_aware_sizer,2026-02-26,-80.0,10000.0,0.5,-0.008
always_on_account_aware_sizer,2026-02-27,720.0,10000.0,0.5,0.072
always_on_account_aware_sizer,2026-03-02,-970.0,10000.0,0.5,-0.097
always_on_account_aware_sizer,2026-03-03,9960.0,10000.0,0.5,0.996
always_on_account_aware_sizer,2026-03-04,-1940.0,10000.0,0.5,-0.194
always_on_account_aware_sizer,2026-03-05,4400.0,10000.0,0.5,0.44
always_on_account_aware_sizer,2026-03-06,1610.0,10000.0,0.5,0.161
always_on_account_aware_sizer,2026-03-09,830.0,10000.0,0.5,0.083
always_on_account_aware_sizer,2026-03-10,-1230.0,10000.0,0.5,-0.123
always_on_account_aware_sizer,2026-03-11,-1790.0,10000.0,0.5,-0.179
always_on_account_aware_sizer,2026-03-12,730.0,10000.0,0.5,0.073
always_on_account_aware_sizer,2026-03-13,-1120.0,10000.0,0.5,-0.112
always_on_account_aware_sizer,2026-03-16,-960.0,10000.0,0.5,-0.096
always_on_account_aware_sizer,2026-03-17,-820.0,10000.0,0.5,-0.082
always_on_account_aware_sizer,2026-03-18,2230.0,10000.0,0.5,0.223
always_on_account_aware_sizer,2026-03-19,2190.0,10000.0,0.5,0.219
always_on_account_aware_sizer,2026-03-20,1920.0,10000.0,0.5,0.192
always_on_account_aware_sizer,2026-03-23,3330.0,10000.0,0.5,0.333
always_on_account_aware_sizer,2026-03-24,1660.0,10000.0,0.5,0.166
always_on_account_aware_sizer,2026-03-25,-750.0,10000.0,0.5,-0.075
always_on_account_aware_sizer,2026-03-26,-330.0,10000.0,0.5,-0.033
always_on_account_aware_sizer,2026-03-27,1270.0,10000.0,0.5,0.127
always_on_account_aware_sizer,2026-03-30,4940.0,10000.0,0.5,0.494
always_on_account_aware_sizer,2026-03-31,3610.0,10000.0,0.5,0.361
one_contract_baseline,2024-10-01,3910.0,25000.0,0.0,0.1564
one_contract_baseline,2024-10-02,2510.0,25000.0,0.0,0.1004
one_contract_baseline,2024-10-03,2550.0,25000.0,0.0,0.102
one_contract_baseline,2024-10-04,2310.0,25000.0,0.0,0.0924
one_contract_baseline,2024-10-07,170.0,25000.0,0.0,0.0068
one_contract_baseline,2024-10-08,1040.0,25000.0,0.0,0.0416
one_contract_baseline,2024-10-09,1030.0,25000.0,0.0,0.0412
one_contract_baseline,2024-10-10,630.0,25000.0,0.0,0.0252
one_contract_baseline,2024-10-11,2670.0,25000.0,0.0,0.1068
one_contract_baseline,2024-10-14,-680.0,25000.0,0.0,-0.0272
one_contract_baseline,2024-10-15,670.0,25000.0,0.0,0.0268
one_contract_baseline,2024-10-16,930.0,25000.0,0.0,0.0372
one_contract_baseline,2024-10-17,180.0,25000.0,0.0,0.0072
one_contract_baseline,2024-10-18,670.0,25000.0,0.0,0.0268
one_contract_baseline,2024-10-21,2170.0,25000.0,0.0,0.0868
one_contract_baseline,2024-10-22,-480.0,25000.0,0.0,-0.0192
one_contract_baseline,2024-10-23,1170.0,25000.0,0.0,0.0468
one_contract_baseline,2024-10-24,-630.0,25000.0,0.0,-0.0252
one_contract_baseline,2024-10-25,3070.0,25000.0,0.0,0.1228
one_contract_baseline,2024-10-28,-180.0,25000.0,0.0,-0.0072
one_contract_baseline,2024-10-29,770.0,25000.0,0.0,0.0308
one_contract_baseline,2024-10-30,360.0,25000.0,0.0,0.0144
one_contract_baseline,2024-10-31,-2080.0,25000.0,0.0,-0.0832
one_contract_baseline,2024-11-01,1720.0,25000.0,0.0,0.0688
one_contract_baseline,2024-11-04,60.0,25000.0,0.0,0.0024
one_contract_baseline,2024-11-05,1590.0,25000.0,0.0,0.0636
one_contract_baseline,2024-11-06,20.0,25000.0,0.0,0.0008
one_contract_baseline,2024-11-07,440.0,25000.0,0.0,0.0176
one_contract_baseline,2024-11-08,-20.0,25000.0,0.0,-0.0008
one_contract_baseline,2024-11-11,-160.0,25000.0,0.0,-0.0064
one_contract_baseline,2024-11-12,870.0,25000.0,0.0,0.0348
one_contract_baseline,2024-11-13,1450.0,25000.0,0.0,0.058
one_contract_baseline,2024-11-14,230.0,25000.0,0.0,0.0092
one_contract_baseline,2024-11-15,1720.0,25000.0,0.0,0.0688
one_contract_baseline,2024-11-18,1560.0,25000.0,0.0,0.0624
one_contract_baseline,2024-11-19,1490.0,25000.0,0.0,0.0596
one_contract_baseline,2024-11-20,3880.0,25000.0,0.0,0.1552
one_contract_baseline,2024-11-21,5710.0,25000.0,0.0,0.2284
one_contract_baseline,2024-11-22,-1300.0,25000.0,0.0,-0.052
one_contract_baseline,2024-11-25,590.0,25000.0,0.0,0.0236
one_contract_baseline,2024-11-26,-890.0,25000.0,0.0,-0.0356
one_contract_baseline,2024-11-27,640.0,25000.0,0.0,0.0256
one_contract_baseline,2024-11-29,710.0,25000.0,0.0,0.0284
one_contract_baseline,2024-12-02,-280.0,25000.0,0.0,-0.0112
one_contract_baseline,2024-12-03,-640.0,25000.0,0.0,-0.0256
one_contract_baseline,2024-12-04,-460.0,25000.0,0.0,-0.0184
one_contract_baseline,2024-12-05,-580.0,25000.0,0.0,-0.0232
one_contract_baseline,2024-12-06,190.0,25000.0,0.0,0.0076
one_contract_baseline,2024-12-09,70.0,25000.0,0.0,0.0028
one_contract_baseline,2024-12-10,290.0,25000.0,0.0,0.0116
one_contract_baseline,2024-12-11,110.0,25000.0,0.0,0.0044
one_contract_baseline,2024-12-12,-1190.0,25000.0,0.0,-0.0476
one_contract_baseline,2024-12-13,1220.0,25000.0,0.0,0.0488
one_contract_baseline,2024-12-16,670.0,25000.0,0.0,0.0268
one_contract_baseline,2024-12-17,1190.0,25000.0,0.0,0.0476
one_contract_baseline,2024-12-18,550.0,25000.0,0.0,0.022
one_contract_baseline,2024-12-19,200.0,25000.0,0.0,0.008
one_contract_baseline,2024-12-20,4020.0,25000.0,0.0,0.1608
one_contract_baseline,2024-12-23,2170.0,25000.0,0.0,0.0868
one_contract_baseline,2024-12-24,550.0,25000.0,0.0,0.022
one_contract_baseline,2024-12-26,390.0,25000.0,0.0,0.0156
one_contract_baseline,2024-12-27,5400.0,25000.0,0.0,0.216
one_contract_baseline,2024-12-30,450.0,25000.0,0.0,0.018
one_contract_baseline,2024-12-31,890.0,25000.0,0.0,0.0356
one_contract_baseline,2025-07-01,320.0,25000.0,0.0,0.0128
one_contract_baseline,2025-07-02,690.0,25000.0,0.0,0.0276
one_contract_baseline,2025-07-03,490.0,25000.0,0.0,0.0196
one_contract_baseline,2025-07-07,1580.0,25000.0,0.0,0.0632
one_contract_baseline,2025-07-08,1010.0,25000.0,0.0,0.0404
one_contract_baseline,2025-07-09,670.0,25000.0,0.0,0.0268
one_contract_baseline,2025-07-10,1020.0,25000.0,0.0,0.0408
one_contract_baseline,2025-07-11,360.0,25000.0,0.0,0.0144
one_contract_baseline,2025-07-14,870.0,25000.0,0.0,0.0348
one_contract_baseline,2025-07-15,1480.0,25000.0,0.0,0.0592
one_contract_baseline,2025-07-16,3940.0,25000.0,0.0,0.1576
one_contract_baseline,2025-07-17,1240.0,25000.0,0.0,0.0496
one_contract_baseline,2025-07-18,-90.0,25000.0,0.0,-0.0036
one_contract_baseline,2025-07-21,500.0,25000.0,0.0,0.02
one_contract_baseline,2025-07-22,850.0,25000.0,0.0,0.034
one_contract_baseline,2025-07-23,-20.0,25000.0,0.0,-0.0008
one_contract_baseline,2025-07-24,360.0,25000.0,0.0,0.0144
one_contract_baseline,2025-07-25,450.0,25000.0,0.0,0.018
one_contract_baseline,2025-07-28,660.0,25000.0,0.0,0.0264
one_contract_baseline,2025-07-29,540.0,25000.0,0.0,0.0216
one_contract_baseline,2025-07-30,2750.0,25000.0,0.0,0.11
one_contract_baseline,2025-07-31,-140.0,25000.0,0.0,-0.0056
one_contract_baseline,2025-08-01,2520.0,25000.0,0.0,0.1008
one_contract_baseline,2025-08-04,750.0,25000.0,0.0,0.03
one_contract_baseline,2025-08-05,2840.0,25000.0,0.0,0.1136
one_contract_baseline,2025-08-06,2510.0,25000.0,0.0,0.1004
one_contract_baseline,2025-08-07,-160.0,25000.0,0.0,-0.0064
one_contract_baseline,2025-08-08,440.0,25000.0,0.0,0.0176
one_contract_baseline,2025-08-11,-650.0,25000.0,0.0,-0.026
one_contract_baseline,2025-08-12,2670.0,25000.0,0.0,0.1068
one_contract_baseline,2025-08-13,780.0,25000.0,0.0,0.0312
one_contract_baseline,2025-08-14,150.0,25000.0,0.0,0.006
one_contract_baseline,2025-08-15,520.0,25000.0,0.0,0.0208
one_contract_baseline,2025-08-18,-160.0,25000.0,0.0,-0.0064
one_contract_baseline,2025-08-19,1470.0,25000.0,0.0,0.0588
one_contract_baseline,2025-08-20,1610.0,25000.0,0.0,0.0644
one_contract_baseline,2025-08-21,2080.0,25000.0,0.0,0.0832
one_contract_baseline,2025-08-22,4940.0,25000.0,0.0,0.1976
one_contract_baseline,2025-08-25,450.0,25000.0,0.0,0.018
one_contract_baseline,2025-08-26,100.0,25000.0,0.0,0.004
one_contract_baseline,2025-08-27,360.0,25000.0,0.0,0.0144
one_contract_baseline,2025-08-28,400.0,25000.0,0.0,0.016
one_contract_baseline,2025-08-29,910.0,25000.0,0.0,0.0364
one_contract_baseline,2025-09-02,-810.0,25000.0,0.0,-0.0324
one_contract_baseline,2025-09-03,450.0,25000.0,0.0,0.018
one_contract_baseline,2025-09-04,2350.0,25000.0,0.0,0.094
one_contract_baseline,2025-09-05,5110.0,25000.0,0.0,0.2044
one_contract_baseline,2025-09-08,1380.0,25000.0,0.0,0.0552
one_contract_baseline,2025-09-09,370.0,25000.0,0.0,0.0148
one_contract_baseline,2025-09-10,-440.0,25000.0,0.0,-0.0176
one_contract_baseline,2025-09-11,1280.0,25000.0,0.0,0.0512
one_contract_baseline,2025-09-12,640.0,25000.0,0.0,0.0256
one_contract_baseline,2025-09-15,470.0,25000.0,0.0,0.0188
one_contract_baseline,2025-09-16,-350.0,25000.0,0.0,-0.014
one_contract_baseline,2025-09-17,4920.0,25000.0,0.0,0.1968
one_contract_baseline,2025-09-18,1570.0,25000.0,0.0,0.0628
one_contract_baseline,2025-09-19,520.0,25000.0,0.0,0.0208
one_contract_baseline,2025-09-22,1310.0,25000.0,0.0,0.0524
one_contract_baseline,2025-09-23,1580.0,25000.0,0.0,0.0632
one_contract_baseline,2025-09-24,200.0,25000.0,0.0,0.008
one_contract_baseline,2025-09-25,-1200.0,25000.0,0.0,-0.048
one_contract_baseline,2025-09-26,4330.0,25000.0,0.0,0.1732
one_contract_baseline,2025-09-29,380.0,25000.0,0.0,0.0152
one_contract_baseline,2025-09-30,620.0,25000.0,0.0,0.0248
one_contract_baseline,2025-10-01,-420.0,25000.0,0.0,-0.0168
one_contract_baseline,2025-10-02,1280.0,25000.0,0.0,0.0512
one_contract_baseline,2025-10-03,1880.0,25000.0,0.0,0.0752
one_contract_baseline,2025-10-06,1100.0,25000.0,0.0,0.044
one_contract_baseline,2025-10-07,660.0,25000.0,0.0,0.0264
one_contract_baseline,2025-10-08,1310.0,25000.0,0.0,0.0524
one_contract_baseline,2025-10-09,410.0,25000.0,0.0,0.0164
one_contract_baseline,2025-10-10,730.0,25000.0,0.0,0.0292
one_contract_baseline,2025-10-13,2040.0,25000.0,0.0,0.0816
one_contract_baseline,2025-10-14,1260.0,25000.0,0.0,0.0504
one_contract_baseline,2025-10-15,3460.0,25000.0,0.0,0.1384
one_contract_baseline,2025-10-16,820.0,25000.0,0.0,0.0328
one_contract_baseline,2025-10-17,3510.0,25000.0,0.0,0.1404
one_contract_baseline,2025-10-20,1820.0,25000.0,0.0,0.0728
one_contract_baseline,2025-10-21,1050.0,25000.0,0.0,0.042
one_contract_baseline,2025-10-22,1910.0,25000.0,0.0,0.0764
one_contract_baseline,2025-10-23,1450.0,25000.0,0.0,0.058
one_contract_baseline,2025-10-24,1080.0,25000.0,0.0,0.0432
one_contract_baseline,2025-10-27,650.0,25000.0,0.0,0.026
one_contract_baseline,2025-10-28,20.0,25000.0,0.0,0.0008
one_contract_baseline,2025-10-29,5850.0,25000.0,0.0,0.234
one_contract_baseline,2025-10-30,620.0,25000.0,0.0,0.0248
one_contract_baseline,2025-10-31,2490.0,25000.0,0.0,0.0996
one_contract_baseline,2025-11-03,2930.0,25000.0,0.0,0.1172
one_contract_baseline,2025-11-04,1850.0,25000.0,0.0,0.074
one_contract_baseline,2025-11-05,850.0,25000.0,0.0,0.034
one_contract_baseline,2025-11-06,990.0,25000.0,0.0,0.0396
one_contract_baseline,2025-11-07,1610.0,25000.0,0.0,0.0644
one_contract_baseline,2025-11-10,-270.0,25000.0,0.0,-0.0108
one_contract_baseline,2025-11-11,1380.0,25000.0,0.0,0.0552
one_contract_baseline,2025-11-12,2310.0,25000.0,0.0,0.0924
one_contract_baseline,2025-11-13,3940.0,25000.0,0.0,0.1576
one_contract_baseline,2025-11-14,5780.0,25000.0,0.0,0.2312
one_contract_baseline,2025-11-17,880.0,25000.0,0.0,0.0352
one_contract_baseline,2025-11-18,4780.0,25000.0,0.0,0.1912
one_contract_baseline,2025-11-19,3770.0,25000.0,0.0,0.1508
one_contract_baseline,2025-11-20,5170.0,25000.0,0.0,0.2068
one_contract_baseline,2025-11-21,7400.0,25000.0,0.0,0.296
one_contract_baseline,2025-11-24,2700.0,25000.0,0.0,0.108
one_contract_baseline,2025-11-25,-100.0,25000.0,0.0,-0.004
one_contract_baseline,2025-11-26,-1420.0,25000.0,0.0,-0.0568
one_contract_baseline,2025-11-28,30.0,25000.0,0.0,0.0012
one_contract_baseline,2025-12-01,1600.0,25000.0,0.0,0.064
one_contract_baseline,2025-12-02,1520.0,25000.0,0.0,0.0608
one_contract_baseline,2025-12-03,1850.0,25000.0,0.0,0.074
one_contract_baseline,2025-12-04,1440.0,25000.0,0.0,0.0576
one_contract_baseline,2025-12-05,1620.0,25000.0,0.0,0.0648
one_contract_baseline,2025-12-08,2030.0,25000.0,0.0,0.0812
one_contract_baseline,2025-12-09,250.0,25000.0,0.0,0.01
one_contract_baseline,2025-12-10,2970.0,25000.0,0.0,0.1188
one_contract_baseline,2025-12-11,-1540.0,25000.0,0.0,-0.0616
one_contract_baseline,2025-12-12,1320.0,25000.0,0.0,0.0528
one_contract_baseline,2025-12-15,810.0,25000.0,0.0,0.0324
one_contract_baseline,2025-12-16,-950.0,25000.0,0.0,-0.038
one_contract_baseline,2025-12-17,1720.0,25000.0,0.0,0.0688
one_contract_baseline,2025-12-18,-260.0,25000.0,0.0,-0.0104
one_contract_baseline,2025-12-19,680.0,25000.0,0.0,0.0272
one_contract_baseline,2025-12-22,610.0,25000.0,0.0,0.0244
one_contract_baseline,2025-12-23,1010.0,25000.0,0.0,0.0404
one_contract_baseline,2025-12-24,190.0,25000.0,0.0,0.0076
one_contract_baseline,2025-12-26,-280.0,25000.0,0.0,-0.0112
one_contract_baseline,2025-12-29,220.0,25000.0,0.0,0.0088
one_contract_baseline,2025-12-30,460.0,25000.0,0.0,0.0184
one_contract_baseline,2025-12-31,190.0,25000.0,0.0,0.0076
one_contract_baseline,2026-01-02,1420.0,25000.0,0.0,0.0568
one_contract_baseline,2026-01-05,1160.0,25000.0,0.0,0.0464
one_contract_baseline,2026-01-06,-570.0,25000.0,0.0,-0.0228
one_contract_baseline,2026-01-07,220.0,25000.0,0.0,0.0088
one_contract_baseline,2026-01-08,-990.0,25000.0,0.0,-0.0396
one_contract_baseline,2026-01-09,1130.0,25000.0,0.0,0.0452
one_contract_baseline,2026-01-12,740.0,25000.0,0.0,0.0296
one_contract_baseline,2026-01-13,-150.0,25000.0,0.0,-0.006
one_contract_baseline,2026-01-14,1510.0,25000.0,0.0,0.0604
one_contract_baseline,2026-01-15,130.0,25000.0,0.0,0.0052
one_contract_baseline,2026-01-16,1710.0,25000.0,0.0,0.0684
one_contract_baseline,2026-01-20,1270.0,25000.0,0.0,0.0508
one_contract_baseline,2026-01-21,5600.0,25000.0,0.0,0.224
one_contract_baseline,2026-01-22,1220.0,25000.0,0.0,0.0488
one_contract_baseline,2026-01-23,190.0,25000.0,0.0,0.0076
one_contract_baseline,2026-01-26,50.0,25000.0,0.0,0.002
one_contract_baseline,2026-01-27,1570.0,25000.0,0.0,0.0628
one_contract_baseline,2026-01-28,1560.0,25000.0,0.0,0.0624
one_contract_baseline,2026-01-29,4300.0,25000.0,0.0,0.172
one_contract_baseline,2026-01-30,-220.0,25000.0,0.0,-0.0088
one_contract_baseline,2026-02-02,-10.0,25000.0,0.0,-0.0004
one_contract_baseline,2026-02-03,2510.0,25000.0,0.0,0.1004
one_contract_baseline,2026-02-04,1740.0,25000.0,0.0,0.0696
one_contract_baseline,2026-02-05,3430.0,25000.0,0.0,0.1372
one_contract_baseline,2026-02-09,1480.0,25000.0,0.0,0.0592
one_contract_baseline,2026-02-10,260.0,25000.0,0.0,0.0104
one_contract_baseline,2026-02-11,2610.0,25000.0,0.0,0.1044
one_contract_baseline,2026-02-12,2400.0,25000.0,0.0,0.096
one_contract_baseline,2026-02-13,4090.0,25000.0,0.0,0.1636
one_contract_baseline,2026-02-17,5580.0,25000.0,0.0,0.2232
one_contract_baseline,2026-02-18,-160.0,25000.0,0.0,-0.0064
one_contract_baseline,2026-02-19,250.0,25000.0,0.0,0.01
one_contract_baseline,2026-02-20,2480.0,25000.0,0.0,0.0992
one_contract_baseline,2026-02-23,2000.0,25000.0,0.0,0.08
one_contract_baseline,2026-02-24,1830.0,25000.0,0.0,0.0732
one_contract_baseline,2026-02-25,-560.0,25000.0,0.0,-0.0224
one_contract_baseline,2026-02-26,220.0,25000.0,0.0,0.0088
one_contract_baseline,2026-02-27,1220.0,25000.0,0.0,0.0488
one_contract_baseline,2026-03-02,1520.0,25000.0,0.0,0.0608
one_contract_baseline,2026-03-03,9270.0,25000.0,0.0,0.3708
one_contract_baseline,2026-03-04,-1980.0,25000.0,0.0,-0.0792
one_contract_baseline,2026-03-05,4900.0,25000.0,0.0,0.196
one_contract_baseline,2026-03-06,2010.0,25000.0,0.0,0.0804
one_contract_baseline,2026-03-09,1130.0,25000.0,0.0,0.0452
one_contract_baseline,2026-03-10,-470.0,25000.0,0.0,-0.0188
one_contract_baseline,2026-03-11,-910.0,25000.0,0.0,-0.0364
one_contract_baseline,2026-03-12,1330.0,25000.0,0.0,0.0532
one_contract_baseline,2026-03-13,740.0,25000.0,0.0,0.0296
one_contract_baseline,2026-03-16,-1140.0,25000.0,0.0,-0.0456
one_contract_baseline,2026-03-17,200.0,25000.0,0.0,0.008
one_contract_baseline,2026-03-18,2430.0,25000.0,0.0,0.0972
one_contract_baseline,2026-03-19,2230.0,25000.0,0.0,0.0892
one_contract_baseline,2026-03-20,2650.0,25000.0,0.0,0.106
one_contract_baseline,2026-03-23,3790.0,25000.0,0.0,0.1516
one_contract_baseline,2026-03-24,2060.0,25000.0,0.0,0.0824
one_contract_baseline,2026-03-25,1910.0,25000.0,0.0,0.0764
one_contract_baseline,2026-03-26,130.0,25000.0,0.0,0.0052
one_contract_baseline,2026-03-27,1650.0,25000.0,0.0,0.066
one_contract_baseline,2026-03-30,5380.0,25000.0,0.0,0.2152
one_contract_baseline,2026-03-31,2960.0,25000.0,0.0,0.1184
always_on_account_aware_sizer,2024-10-01,3910.0,25000.0,0.0,0.1564
always_on_account_aware_sizer,2024-10-02,2510.0,25000.0,0.0,0.1004
always_on_account_aware_sizer,2024-10-03,2550.0,25000.0,0.0,0.102
always_on_account_aware_sizer,2024-10-04,-870.0,25000.0,0.0,-0.0348
always_on_account_aware_sizer,2024-10-07,170.0,25000.0,0.0,0.0068
always_on_account_aware_sizer,2024-10-08,1040.0,25000.0,0.0,0.0416
always_on_account_aware_sizer,2024-10-09,1030.0,25000.0,0.0,0.0412
always_on_account_aware_sizer,2024-10-10,630.0,25000.0,0.0,0.0252
always_on_account_aware_sizer,2024-10-11,2670.0,25000.0,0.0,0.1068
always_on_account_aware_sizer,2024-10-14,-930.0,25000.0,0.0,-0.0372
always_on_account_aware_sizer,2024-10-15,670.0,25000.0,0.0,0.0268
always_on_account_aware_sizer,2024-10-16,930.0,25000.0,0.0,0.0372
always_on_account_aware_sizer,2024-10-17,180.0,25000.0,0.0,0.0072
always_on_account_aware_sizer,2024-10-18,670.0,25000.0,0.0,0.0268
always_on_account_aware_sizer,2024-10-21,2170.0,25000.0,0.0,0.0868
always_on_account_aware_sizer,2024-10-22,-480.0,25000.0,0.0,-0.0192
always_on_account_aware_sizer,2024-10-23,1170.0,25000.0,0.0,0.0468
always_on_account_aware_sizer,2024-10-24,-630.0,25000.0,0.0,-0.0252
always_on_account_aware_sizer,2024-10-25,3070.0,25000.0,0.0,0.1228
always_on_account_aware_sizer,2024-10-28,-180.0,25000.0,0.0,-0.0072
always_on_account_aware_sizer,2024-10-29,770.0,25000.0,0.0,0.0308
always_on_account_aware_sizer,2024-10-30,360.0,25000.0,0.0,0.0144
always_on_account_aware_sizer,2024-10-31,-1020.0,25000.0,0.0,-0.0408
always_on_account_aware_sizer,2024-11-01,1590.0,25000.0,0.0,0.0636
always_on_account_aware_sizer,2024-11-04,60.0,25000.0,0.0,0.0024
always_on_account_aware_sizer,2024-11-05,1630.0,25000.0,0.0,0.0652
always_on_account_aware_sizer,2024-11-06,20.0,25000.0,0.0,0.0008
always_on_account_aware_sizer,2024-11-07,440.0,25000.0,0.0,0.0176
always_on_account_aware_sizer,2024-11-08,-20.0,25000.0,0.0,-0.0008
always_on_account_aware_sizer,2024-11-11,-320.0,25000.0,0.0,-0.0128
always_on_account_aware_sizer,2024-11-12,870.0,25000.0,0.0,0.0348
always_on_account_aware_sizer,2024-11-13,1720.0,25000.0,0.0,0.0688
always_on_account_aware_sizer,2024-11-14,180.0,25000.0,0.0,0.0072
always_on_account_aware_sizer,2024-11-15,2040.0,25000.0,0.0,0.0816
always_on_account_aware_sizer,2024-11-18,1560.0,25000.0,0.0,0.0624
always_on_account_aware_sizer,2024-11-19,-830.0,25000.0,0.0,-0.0332
always_on_account_aware_sizer,2024-11-20,3880.0,25000.0,0.0,0.1552
always_on_account_aware_sizer,2024-11-21,5710.0,25000.0,0.0,0.2284
always_on_account_aware_sizer,2024-11-22,-790.0,25000.0,0.0,-0.0316
always_on_account_aware_sizer,2024-11-25,500.0,25000.0,0.0,0.02
always_on_account_aware_sizer,2024-11-26,-820.0,25000.0,0.0,-0.0328
always_on_account_aware_sizer,2024-11-27,640.0,25000.0,0.0,0.0256
always_on_account_aware_sizer,2024-11-29,710.0,25000.0,0.0,0.0284
always_on_account_aware_sizer,2024-12-02,-280.0,25000.0,0.0,-0.0112
always_on_account_aware_sizer,2024-12-03,-640.0,25000.0,0.0,-0.0256
always_on_account_aware_sizer,2024-12-04,-460.0,25000.0,0.0,-0.0184
always_on_account_aware_sizer,2024-12-05,-580.0,25000.0,0.0,-0.0232
always_on_account_aware_sizer,2024-12-06,190.0,25000.0,0.0,0.0076
always_on_account_aware_sizer,2024-12-09,70.0,25000.0,0.0,0.0028
always_on_account_aware_sizer,2024-12-10,290.0,25000.0,0.0,0.0116
always_on_account_aware_sizer,2024-12-11,110.0,25000.0,0.0,0.0044
always_on_account_aware_sizer,2024-12-12,-1080.0,25000.0,0.0,-0.0432
always_on_account_aware_sizer,2024-12-13,1220.0,25000.0,0.0,0.0488
always_on_account_aware_sizer,2024-12-16,670.0,25000.0,0.0,0.0268
always_on_account_aware_sizer,2024-12-17,1630.0,25000.0,0.0,0.0652
always_on_account_aware_sizer,2024-12-18,550.0,25000.0,0.0,0.022
always_on_account_aware_sizer,2024-12-19,200.0,25000.0,0.0,0.008
always_on_account_aware_sizer,2024-12-20,4020.0,25000.0,0.0,0.1608
always_on_account_aware_sizer,2024-12-23,2760.0,25000.0,0.0,0.1104
always_on_account_aware_sizer,2024-12-24,550.0,25000.0,0.0,0.022
always_on_account_aware_sizer,2024-12-26,390.0,25000.0,0.0,0.0156
always_on_account_aware_sizer,2024-12-27,6070.0,25000.0,0.0,0.2428
always_on_account_aware_sizer,2024-12-30,-1250.0,25000.0,0.0,-0.05
always_on_account_aware_sizer,2024-12-31,890.0,25000.0,0.0,0.0356
always_on_account_aware_sizer,2025-07-01,-10.0,25000.0,0.0,-0.0004
always_on_account_aware_sizer,2025-07-02,690.0,25000.0,0.0,0.0276
always_on_account_aware_sizer,2025-07-03,950.0,25000.0,0.0,0.038
always_on_account_aware_sizer,2025-07-07,3070.0,25000.0,0.0,0.1228
always_on_account_aware_sizer,2025-07-08,2020.0,25000.0,0.0,0.0808
always_on_account_aware_sizer,2025-07-09,1080.0,25000.0,0.0,0.0432
always_on_account_aware_sizer,2025-07-10,2000.0,25000.0,0.0,0.08
always_on_account_aware_sizer,2025-07-11,780.0,25000.0,0.0,0.0312
always_on_account_aware_sizer,2025-07-14,1580.0,25000.0,0.0,0.0632
always_on_account_aware_sizer,2025-07-15,2750.0,25000.0,0.0,0.11
always_on_account_aware_sizer,2025-07-16,4650.0,25000.0,0.0,0.186
always_on_account_aware_sizer,2025-07-17,2010.0,25000.0,0.0,0.0804
always_on_account_aware_sizer,2025-07-18,-90.0,25000.0,0.0,-0.0036
always_on_account_aware_sizer,2025-07-21,500.0,25000.0,0.0,0.02
always_on_account_aware_sizer,2025-07-22,1490.0,25000.0,0.0,0.0596
always_on_account_aware_sizer,2025-07-23,-90.0,25000.0,0.0,-0.0036
always_on_account_aware_sizer,2025-07-24,720.0,25000.0,0.0,0.0288
always_on_account_aware_sizer,2025-07-25,770.0,25000.0,0.0,0.0308
always_on_account_aware_sizer,2025-07-28,1040.0,25000.0,0.0,0.0416
always_on_account_aware_sizer,2025-07-29,1620.0,25000.0,0.0,0.0648
always_on_account_aware_sizer,2025-07-30,4850.0,25000.0,0.0,0.194
always_on_account_aware_sizer,2025-07-31,-1050.0,25000.0,0.0,-0.042
always_on_account_aware_sizer,2025-08-01,3860.0,25000.0,0.0,0.1544
always_on_account_aware_sizer,2025-08-04,890.0,25000.0,0.0,0.0356
always_on_account_aware_sizer,2025-08-05,3980.0,25000.0,0.0,0.1592
always_on_account_aware_sizer,2025-08-06,4960.0,25000.0,0.0,0.1984
always_on_account_aware_sizer,2025-08-07,-1420.0,25000.0,0.0,-0.0568
always_on_account_aware_sizer,2025-08-08,440.0,25000.0,0.0,0.0176
always_on_account_aware_sizer,2025-08-11,-650.0,25000.0,0.0,-0.026
always_on_account_aware_sizer,2025-08-12,2670.0,25000.0,0.0,0.1068
always_on_account_aware_sizer,2025-08-13,1820.0,25000.0,0.0,0.0728
always_on_account_aware_sizer,2025-08-14,800.0,25000.0,0.0,0.032
always_on_account_aware_sizer,2025-08-15,460.0,25000.0,0.0,0.0184
always_on_account_aware_sizer,2025-08-18,-750.0,25000.0,0.0,-0.03
always_on_account_aware_sizer,2025-08-19,3060.0,25000.0,0.0,0.1224
always_on_account_aware_sizer,2025-08-20,-910.0,25000.0,0.0,-0.0364
always_on_account_aware_sizer,2025-08-21,2600.0,25000.0,0.0,0.104
always_on_account_aware_sizer,2025-08-22,8330.0,25000.0,0.0,0.3332
always_on_account_aware_sizer,2025-08-25,550.0,25000.0,0.0,0.022
always_on_account_aware_sizer,2025-08-26,1020.0,25000.0,0.0,0.0408
always_on_account_aware_sizer,2025-08-27,560.0,25000.0,0.0,0.0224
always_on_account_aware_sizer,2025-08-28,200.0,25000.0,0.0,0.008
always_on_account_aware_sizer,2025-08-29,1200.0,25000.0,0.0,0.048
always_on_account_aware_sizer,2025-09-02,-810.0,25000.0,0.0,-0.0324
always_on_account_aware_sizer,2025-09-03,670.0,25000.0,0.0,0.0268
always_on_account_aware_sizer,2025-09-04,3650.0,25000.0,0.0,0.146
always_on_account_aware_sizer,2025-09-05,6960.0,25000.0,0.0,0.2784
always_on_account_aware_sizer,2025-09-08,2150.0,25000.0,0.0,0.086
always_on_account_aware_sizer,2025-09-09,740.0,25000.0,0.0,0.0296
always_on_account_aware_sizer,2025-09-10,-410.0,25000.0,0.0,-0.0164
always_on_account_aware_sizer,2025-09-11,1460.0,25000.0,0.0,0.0584
always_on_account_aware_sizer,2025-09-12,1020.0,25000.0,0.0,0.0408
always_on_account_aware_sizer,2025-09-15,830.0,25000.0,0.0,0.0332
always_on_account_aware_sizer,2025-09-16,-700.0,25000.0,0.0,-0.028
always_on_account_aware_sizer,2025-09-17,9810.0,25000.0,0.0,0.3924
always_on_account_aware_sizer,2025-09-18,3300.0,25000.0,0.0,0.132
always_on_account_aware_sizer,2025-09-19,680.0,25000.0,0.0,0.0272
always_on_account_aware_sizer,2025-09-22,2450.0,25000.0,0.0,0.098
always_on_account_aware_sizer,2025-09-23,3270.0,25000.0,0.0,0.1308
always_on_account_aware_sizer,2025-09-24,290.0,25000.0,0.0,0.0116
always_on_account_aware_sizer,2025-09-25,-1610.0,25000.0,0.0,-0.0644
always_on_account_aware_sizer,2025-09-26,6780.0,25000.0,0.0,0.2712
always_on_account_aware_sizer,2025-09-29,1140.0,25000.0,0.0,0.0456
always_on_account_aware_sizer,2025-09-30,1560.0,25000.0,0.0,0.0624
always_on_account_aware_sizer,2025-10-01,-420.0,25000.0,0.0,-0.0168
always_on_account_aware_sizer,2025-10-02,1280.0,25000.0,0.0,0.0512
always_on_account_aware_sizer,2025-10-03,3240.0,25000.0,0.0,0.1296
always_on_account_aware_sizer,2025-10-06,1100.0,25000.0,0.0,0.044
always_on_account_aware_sizer,2025-10-07,660.0,25000.0,0.0,0.0264
always_on_account_aware_sizer,2025-10-08,1320.0,25000.0,0.0,0.0528
always_on_account_aware_sizer,2025-10-09,410.0,25000.0,0.0,0.0164
always_on_account_aware_sizer,2025-10-10,730.0,25000.0,0.0,0.0292
always_on_account_aware_sizer,2025-10-13,2040.0,25000.0,0.0,0.0816
always_on_account_aware_sizer,2025-10-14,1260.0,25000.0,0.0,0.0504
always_on_account_aware_sizer,2025-10-15,3460.0,25000.0,0.0,0.1384
always_on_account_aware_sizer,2025-10-16,820.0,25000.0,0.0,0.0328
always_on_account_aware_sizer,2025-10-17,3510.0,25000.0,0.0,0.1404
always_on_account_aware_sizer,2025-10-20,1820.0,25000.0,0.0,0.0728
always_on_account_aware_sizer,2025-10-21,1050.0,25000.0,0.0,0.042
always_on_account_aware_sizer,2025-10-22,1950.0,25000.0,0.0,0.078
always_on_account_aware_sizer,2025-10-23,1450.0,25000.0,0.0,0.058
always_on_account_aware_sizer,2025-10-24,1080.0,25000.0,0.0,0.0432
always_on_account_aware_sizer,2025-10-27,670.0,25000.0,0.0,0.0268
always_on_account_aware_sizer,2025-10-28,20.0,25000.0,0.0,0.0008
always_on_account_aware_sizer,2025-10-29,7220.0,25000.0,0.0,0.2888
always_on_account_aware_sizer,2025-10-30,910.0,25000.0,0.0,0.0364
always_on_account_aware_sizer,2025-10-31,2490.0,25000.0,0.0,0.0996
always_on_account_aware_sizer,2025-11-03,3200.0,25000.0,0.0,0.128
always_on_account_aware_sizer,2025-11-04,2290.0,25000.0,0.0,0.0916
always_on_account_aware_sizer,2025-11-05,850.0,25000.0,0.0,0.034
always_on_account_aware_sizer,2025-11-06,990.0,25000.0,0.0,0.0396
always_on_account_aware_sizer,2025-11-07,1610.0,25000.0,0.0,0.0644
always_on_account_aware_sizer,2025-11-10,-270.0,25000.0,0.0,-0.0108
always_on_account_aware_sizer,2025-11-11,1380.0,25000.0,0.0,0.0552
always_on_account_aware_sizer,2025-11-12,2310.0,25000.0,0.0,0.0924
always_on_account_aware_sizer,2025-11-13,3940.0,25000.0,0.0,0.1576
always_on_account_aware_sizer,2025-11-14,5780.0,25000.0,0.0,0.2312
always_on_account_aware_sizer,2025-11-17,880.0,25000.0,0.0,0.0352
always_on_account_aware_sizer,2025-11-18,4780.0,25000.0,0.0,0.1912
always_on_account_aware_sizer,2025-11-19,3500.0,25000.0,0.0,0.14
always_on_account_aware_sizer,2025-11-20,5170.0,25000.0,0.0,0.2068
always_on_account_aware_sizer,2025-11-21,7400.0,25000.0,0.0,0.296
always_on_account_aware_sizer,2025-11-24,2700.0,25000.0,0.0,0.108
always_on_account_aware_sizer,2025-11-25,-100.0,25000.0,0.0,-0.004
always_on_account_aware_sizer,2025-11-26,-1420.0,25000.0,0.0,-0.0568
always_on_account_aware_sizer,2025-11-28,-150.0,25000.0,0.0,-0.006
always_on_account_aware_sizer,2025-12-01,1600.0,25000.0,0.0,0.064
always_on_account_aware_sizer,2025-12-02,1520.0,25000.0,0.0,0.0608
always_on_account_aware_sizer,2025-12-03,2320.0,25000.0,0.0,0.0928
always_on_account_aware_sizer,2025-12-04,2340.0,25000.0,0.0,0.0936
always_on_account_aware_sizer,2025-12-05,1620.0,25000.0,0.0,0.0648
always_on_account_aware_sizer,2025-12-08,2030.0,25000.0,0.0,0.0812
always_on_account_aware_sizer,2025-12-09,250.0,25000.0,0.0,0.01
always_on_account_aware_sizer,2025-12-10,2970.0,25000.0,0.0,0.1188
always_on_account_aware_sizer,2025-12-11,-1560.0,25000.0,0.0,-0.0624
always_on_account_aware_sizer,2025-12-12,1320.0,25000.0,0.0,0.0528
always_on_account_aware_sizer,2025-12-15,1060.0,25000.0,0.0,0.0424
always_on_account_aware_sizer,2025-12-16,-950.0,25000.0,0.0,-0.038
always_on_account_aware_sizer,2025-12-17,1720.0,25000.0,0.0,0.0688
always_on_account_aware_sizer,2025-12-18,-940.0,25000.0,0.0,-0.0376
always_on_account_aware_sizer,2025-12-19,680.0,25000.0,0.0,0.0272
always_on_account_aware_sizer,2025-12-22,610.0,25000.0,0.0,0.0244
always_on_account_aware_sizer,2025-12-23,1010.0,25000.0,0.0,0.0404
always_on_account_aware_sizer,2025-12-24,190.0,25000.0,0.0,0.0076
always_on_account_aware_sizer,2025-12-26,-280.0,25000.0,0.0,-0.0112
always_on_account_aware_sizer,2025-12-29,220.0,25000.0,0.0,0.0088
always_on_account_aware_sizer,2025-12-30,460.0,25000.0,0.0,0.0184
always_on_account_aware_sizer,2025-12-31,190.0,25000.0,0.0,0.0076
always_on_account_aware_sizer,2026-01-02,3880.0,25000.0,0.0,0.1552
always_on_account_aware_sizer,2026-01-05,1640.0,25000.0,0.0,0.0656
always_on_account_aware_sizer,2026-01-06,-320.0,25000.0,0.0,-0.0128
always_on_account_aware_sizer,2026-01-07,780.0,25000.0,0.0,0.0312
always_on_account_aware_sizer,2026-01-08,-940.0,25000.0,0.0,-0.0376
always_on_account_aware_sizer,2026-01-09,-910.0,25000.0,0.0,-0.0364
always_on_account_aware_sizer,2026-01-12,740.0,25000.0,0.0,0.0296
always_on_account_aware_sizer,2026-01-13,-150.0,25000.0,0.0,-0.006
always_on_account_aware_sizer,2026-01-14,2800.0,25000.0,0.0,0.112
always_on_account_aware_sizer,2026-01-15,-280.0,25000.0,0.0,-0.0112
always_on_account_aware_sizer,2026-01-16,1710.0,25000.0,0.0,0.0684
always_on_account_aware_sizer,2026-01-20,1390.0,25000.0,0.0,0.0556
always_on_account_aware_sizer,2026-01-21,7360.0,25000.0,0.0,0.2944
always_on_account_aware_sizer,2026-01-22,1220.0,25000.0,0.0,0.0488
always_on_account_aware_sizer,2026-01-23,190.0,25000.0,0.0,0.0076
always_on_account_aware_sizer,2026-01-26,50.0,25000.0,0.0,0.002
always_on_account_aware_sizer,2026-01-27,1570.0,25000.0,0.0,0.0628
always_on_account_aware_sizer,2026-01-28,1560.0,25000.0,0.0,0.0624
always_on_account_aware_sizer,2026-01-29,3710.0,25000.0,0.0,0.1484
always_on_account_aware_sizer,2026-01-30,-220.0,25000.0,0.0,-0.0088
always_on_account_aware_sizer,2026-02-02,-10.0,25000.0,0.0,-0.0004
always_on_account_aware_sizer,2026-02-03,2510.0,25000.0,0.0,0.1004
always_on_account_aware_sizer,2026-02-04,-1350.0,25000.0,0.0,-0.054
always_on_account_aware_sizer,2026-02-05,3280.0,25000.0,0.0,0.1312
always_on_account_aware_sizer,2026-02-09,1680.0,25000.0,0.0,0.0672
always_on_account_aware_sizer,2026-02-10,260.0,25000.0,0.0,0.0104
always_on_account_aware_sizer,2026-02-11,1990.0,25000.0,0.0,0.0796
always_on_account_aware_sizer,2026-02-12,2400.0,25000.0,0.0,0.096
always_on_account_aware_sizer,2026-02-13,5010.0,25000.0,0.0,0.2004
always_on_account_aware_sizer,2026-02-17,5580.0,25000.0,0.0,0.2232
always_on_account_aware_sizer,2026-02-18,-160.0,25000.0,0.0,-0.0064
always_on_account_aware_sizer,2026-02-19,430.0,25000.0,0.0,0.0172
always_on_account_aware_sizer,2026-02-20,2480.0,25000.0,0.0,0.0992
always_on_account_aware_sizer,2026-02-23,2250.0,25000.0,0.0,0.09
always_on_account_aware_sizer,2026-02-24,2370.0,25000.0,0.0,0.0948
always_on_account_aware_sizer,2026-02-25,-560.0,25000.0,0.0,-0.0224
always_on_account_aware_sizer,2026-02-26,220.0,25000.0,0.0,0.0088
always_on_account_aware_sizer,2026-02-27,1330.0,25000.0,0.0,0.0532
always_on_account_aware_sizer,2026-03-02,-870.0,25000.0,0.0,-0.0348
always_on_account_aware_sizer,2026-03-03,10760.0,25000.0,0.0,0.4304
always_on_account_aware_sizer,2026-03-04,-1840.0,25000.0,0.0,-0.0736
always_on_account_aware_sizer,2026-03-05,4900.0,25000.0,0.0,0.196
always_on_account_aware_sizer,2026-03-06,2010.0,25000.0,0.0,0.0804
always_on_account_aware_sizer,2026-03-09,1130.0,25000.0,0.0,0.0452
always_on_account_aware_sizer,2026-03-10,-1030.0,25000.0,0.0,-0.0412
always_on_account_aware_sizer,2026-03-11,-1590.0,25000.0,0.0,-0.0636
always_on_account_aware_sizer,2026-03-12,1330.0,25000.0,0.0,0.0532
always_on_account_aware_sizer,2026-03-13,-1020.0,25000.0,0.0,-0.0408
always_on_account_aware_sizer,2026-03-16,-1320.0,25000.0,0.0,-0.0528
always_on_account_aware_sizer,2026-03-17,200.0,25000.0,0.0,0.008
always_on_account_aware_sizer,2026-03-18,2430.0,25000.0,0.0,0.0972
always_on_account_aware_sizer,2026-03-19,2890.0,25000.0,0.0,0.1156
always_on_account_aware_sizer,2026-03-20,2720.0,25000.0,0.0,0.1088
always_on_account_aware_sizer,2026-03-23,4130.0,25000.0,0.0,0.1652
always_on_account_aware_sizer,2026-03-24,2060.0,25000.0,0.0,0.0824
always_on_account_aware_sizer,2026-03-25,1910.0,25000.0,0.0,0.0764
always_on_account_aware_sizer,2026-03-26,370.0,25000.0,0.0,0.0148
always_on_account_aware_sizer,2026-03-27,2270.0,25000.0,0.0,0.0908
always_on_account_aware_sizer,2026-03-30,5740.0,25000.0,0.0,0.2296
always_on_account_aware_sizer,2026-03-31,4110.0,25000.0,0.0,0.1644
one_contract_baseline,2024-10-01,3560.0,25000.0,0.25,0.1424
one_contract_baseline,2024-10-02,2360.0,25000.0,0.25,0.0944
one_contract_baseline,2024-10-03,2350.0,25000.0,0.25,0.094
one_contract_baseline,2024-10-04,2110.0,25000.0,0.25,0.0844
one_contract_baseline,2024-10-07,-30.0,25000.0,0.25,-0.0012
one_contract_baseline,2024-10-08,940.0,25000.0,0.25,0.0376
one_contract_baseline,2024-10-09,880.0,25000.0,0.25,0.0352
one_contract_baseline,2024-10-10,530.0,25000.0,0.25,0.0212
one_contract_baseline,2024-10-11,2470.0,25000.0,0.25,0.0988
one_contract_baseline,2024-10-14,-880.0,25000.0,0.25,-0.0352
one_contract_baseline,2024-10-15,570.0,25000.0,0.25,0.0228
one_contract_baseline,2024-10-16,780.0,25000.0,0.25,0.0312
one_contract_baseline,2024-10-17,-20.0,25000.0,0.25,-0.0008
one_contract_baseline,2024-10-18,420.0,25000.0,0.25,0.0168
one_contract_baseline,2024-10-21,2020.0,25000.0,0.25,0.0808
one_contract_baseline,2024-10-22,-630.0,25000.0,0.25,-0.0252
one_contract_baseline,2024-10-23,1020.0,25000.0,0.25,0.0408
one_contract_baseline,2024-10-24,-730.0,25000.0,0.25,-0.0292
one_contract_baseline,2024-10-25,2820.0,25000.0,0.25,0.1128
one_contract_baseline,2024-10-28,-280.0,25000.0,0.25,-0.0112
one_contract_baseline,2024-10-29,620.0,25000.0,0.25,0.0248
one_contract_baseline,2024-10-30,210.0,25000.0,0.25,0.0084
one_contract_baseline,2024-10-31,-2280.0,25000.0,0.25,-0.0912
one_contract_baseline,2024-11-01,1470.0,25000.0,0.25,0.0588
one_contract_baseline,2024-11-04,-40.0,25000.0,0.25,-0.0016
one_contract_baseline,2024-11-05,1240.0,25000.0,0.25,0.0496
one_contract_baseline,2024-11-06,-330.0,25000.0,0.25,-0.0132
one_contract_baseline,2024-11-07,340.0,25000.0,0.25,0.0136
one_contract_baseline,2024-11-08,-120.0,25000.0,0.25,-0.0048
one_contract_baseline,2024-11-11,-260.0,25000.0,0.25,-0.0104
one_contract_baseline,2024-11-12,770.0,25000.0,0.25,0.0308
one_contract_baseline,2024-11-13,1300.0,25000.0,0.25,0.052
one_contract_baseline,2024-11-14,80.0,25000.0,0.25,0.0032
one_contract_baseline,2024-11-15,1570.0,25000.0,0.25,0.0628
one_contract_baseline,2024-11-18,1460.0,25000.0,0.25,0.0584
one_contract_baseline,2024-11-19,1240.0,25000.0,0.25,0.0496
one_contract_baseline,2024-11-20,3630.0,25000.0,0.25,0.1452
one_contract_baseline,2024-11-21,5510.0,25000.0,0.25,0.2204
one_contract_baseline,2024-11-22,-1550.0,25000.0,0.25,-0.062
one_contract_baseline,2024-11-25,390.0,25000.0,0.25,0.0156
one_contract_baseline,2024-11-26,-1040.0,25000.0,0.25,-0.0416
one_contract_baseline,2024-11-27,440.0,25000.0,0.25,0.0176
one_contract_baseline,2024-11-29,660.0,25000.0,0.25,0.0264
one_contract_baseline,2024-12-02,-380.0,25000.0,0.25,-0.0152
one_contract_baseline,2024-12-03,-740.0,25000.0,0.25,-0.0296
one_contract_baseline,2024-12-04,-610.0,25000.0,0.25,-0.0244
one_contract_baseline,2024-12-05,-680.0,25000.0,0.25,-0.0272
one_contract_baseline,2024-12-06,40.0,25000.0,0.25,0.0016
one_contract_baseline,2024-12-09,-80.0,25000.0,0.25,-0.0032
one_contract_baseline,2024-12-10,190.0,25000.0,0.25,0.0076
one_contract_baseline,2024-12-11,10.0,25000.0,0.25,0.0004
one_contract_baseline,2024-12-12,-1290.0,25000.0,0.25,-0.0516
one_contract_baseline,2024-12-13,1120.0,25000.0,0.25,0.0448
one_contract_baseline,2024-12-16,520.0,25000.0,0.25,0.0208
one_contract_baseline,2024-12-17,990.0,25000.0,0.25,0.0396
one_contract_baseline,2024-12-18,400.0,25000.0,0.25,0.016
one_contract_baseline,2024-12-19,50.0,25000.0,0.25,0.002
one_contract_baseline,2024-12-20,3920.0,25000.0,0.25,0.1568
one_contract_baseline,2024-12-23,1870.0,25000.0,0.25,0.0748
one_contract_baseline,2024-12-24,500.0,25000.0,0.25,0.02
one_contract_baseline,2024-12-26,240.0,25000.0,0.25,0.0096
one_contract_baseline,2024-12-27,5200.0,25000.0,0.25,0.208
one_contract_baseline,2024-12-30,150.0,25000.0,0.25,0.006
one_contract_baseline,2024-12-31,740.0,25000.0,0.25,0.0296
one_contract_baseline,2025-07-01,70.0,25000.0,0.25,0.0028
one_contract_baseline,2025-07-02,590.0,25000.0,0.25,0.0236
one_contract_baseline,2025-07-03,390.0,25000.0,0.25,0.0156
one_contract_baseline,2025-07-07,1280.0,25000.0,0.25,0.0512
one_contract_baseline,2025-07-08,860.0,25000.0,0.25,0.0344
one_contract_baseline,2025-07-09,470.0,25000.0,0.25,0.0188
one_contract_baseline,2025-07-10,720.0,25000.0,0.25,0.0288
one_contract_baseline,2025-07-11,110.0,25000.0,0.25,0.0044
one_contract_baseline,2025-07-14,720.0,25000.0,0.25,0.0288
one_contract_baseline,2025-07-15,1230.0,25000.0,0.25,0.0492
one_contract_baseline,2025-07-16,3590.0,25000.0,0.25,0.1436
one_contract_baseline,2025-07-17,1040.0,25000.0,0.25,0.0416
one_contract_baseline,2025-07-18,-140.0,25000.0,0.25,-0.0056
one_contract_baseline,2025-07-21,400.0,25000.0,0.25,0.016
one_contract_baseline,2025-07-22,700.0,25000.0,0.25,0.028
one_contract_baseline,2025-07-23,-170.0,25000.0,0.25,-0.0068
one_contract_baseline,2025-07-24,210.0,25000.0,0.25,0.0084
one_contract_baseline,2025-07-25,350.0,25000.0,0.25,0.014
one_contract_baseline,2025-07-28,460.0,25000.0,0.25,0.0184
one_contract_baseline,2025-07-29,440.0,25000.0,0.25,0.0176
one_contract_baseline,2025-07-30,2300.0,25000.0,0.25,0.092
one_contract_baseline,2025-07-31,-340.0,25000.0,0.25,-0.0136
one_contract_baseline,2025-08-01,2220.0,25000.0,0.25,0.0888
one_contract_baseline,2025-08-04,600.0,25000.0,0.25,0.024
one_contract_baseline,2025-08-05,2540.0,25000.0,0.25,0.1016
one_contract_baseline,2025-08-06,2260.0,25000.0,0.25,0.0904
one_contract_baseline,2025-08-07,-460.0,25000.0,0.25,-0.0184
one_contract_baseline,2025-08-08,340.0,25000.0,0.25,0.0136
one_contract_baseline,2025-08-11,-800.0,25000.0,0.25,-0.032
one_contract_baseline,2025-08-12,2370.0,25000.0,0.25,0.0948
one_contract_baseline,2025-08-13,630.0,25000.0,0.25,0.0252
one_contract_baseline,2025-08-14,-50.0,25000.0,0.25,-0.002
one_contract_baseline,2025-08-15,270.0,25000.0,0.25,0.0108
one_contract_baseline,2025-08-18,-410.0,25000.0,0.25,-0.0164
one_contract_baseline,2025-08-19,1270.0,25000.0,0.25,0.0508
one_contract_baseline,2025-08-20,1360.0,25000.0,0.25,0.0544
one_contract_baseline,2025-08-21,1880.0,25000.0,0.25,0.0752
one_contract_baseline,2025-08-22,4740.0,25000.0,0.25,0.1896
one_contract_baseline,2025-08-25,300.0,25000.0,0.25,0.012
one_contract_baseline,2025-08-26,-50.0,25000.0,0.25,-0.002
one_contract_baseline,2025-08-27,210.0,25000.0,0.25,0.0084
one_contract_baseline,2025-08-28,250.0,25000.0,0.25,0.01
one_contract_baseline,2025-08-29,610.0,25000.0,0.25,0.0244
one_contract_baseline,2025-09-02,-960.0,25000.0,0.25,-0.0384
one_contract_baseline,2025-09-03,200.0,25000.0,0.25,0.008
one_contract_baseline,2025-09-04,2050.0,25000.0,0.25,0.082
one_contract_baseline,2025-09-05,4560.0,25000.0,0.25,0.1824
one_contract_baseline,2025-09-08,1130.0,25000.0,0.25,0.0452
one_contract_baseline,2025-09-09,220.0,25000.0,0.25,0.0088
one_contract_baseline,2025-09-10,-590.0,25000.0,0.25,-0.0236
one_contract_baseline,2025-09-11,1030.0,25000.0,0.25,0.0412
one_contract_baseline,2025-09-12,390.0,25000.0,0.25,0.0156
one_contract_baseline,2025-09-15,320.0,25000.0,0.25,0.0128
one_contract_baseline,2025-09-16,-450.0,25000.0,0.25,-0.018
one_contract_baseline,2025-09-17,4520.0,25000.0,0.25,0.1808
one_contract_baseline,2025-09-18,1270.0,25000.0,0.25,0.0508
one_contract_baseline,2025-09-19,320.0,25000.0,0.25,0.0128
one_contract_baseline,2025-09-22,1160.0,25000.0,0.25,0.0464
one_contract_baseline,2025-09-23,1230.0,25000.0,0.25,0.0492
one_contract_baseline,2025-09-24,50.0,25000.0,0.25,0.002
one_contract_baseline,2025-09-25,-1350.0,25000.0,0.25,-0.054
one_contract_baseline,2025-09-26,3880.0,25000.0,0.25,0.1552
one_contract_baseline,2025-09-29,280.0,25000.0,0.25,0.0112
one_contract_baseline,2025-09-30,420.0,25000.0,0.25,0.0168
one_contract_baseline,2025-10-01,-520.0,25000.0,0.25,-0.0208
one_contract_baseline,2025-10-02,1080.0,25000.0,0.25,0.0432
one_contract_baseline,2025-10-03,1730.0,25000.0,0.25,0.0692
one_contract_baseline,2025-10-06,750.0,25000.0,0.25,0.03
one_contract_baseline,2025-10-07,510.0,25000.0,0.25,0.0204
one_contract_baseline,2025-10-08,1110.0,25000.0,0.25,0.0444
one_contract_baseline,2025-10-09,260.0,25000.0,0.25,0.0104
one_contract_baseline,2025-10-10,530.0,25000.0,0.25,0.0212
one_contract_baseline,2025-10-13,1840.0,25000.0,0.25,0.0736
one_contract_baseline,2025-10-14,860.0,25000.0,0.25,0.0344
one_contract_baseline,2025-10-15,3010.0,25000.0,0.25,0.1204
one_contract_baseline,2025-10-16,670.0,25000.0,0.25,0.0268
one_contract_baseline,2025-10-17,3160.0,25000.0,0.25,0.1264
one_contract_baseline,2025-10-20,1620.0,25000.0,0.25,0.0648
one_contract_baseline,2025-10-21,950.0,25000.0,0.25,0.038
one_contract_baseline,2025-10-22,1710.0,25000.0,0.25,0.0684
one_contract_baseline,2025-10-23,1250.0,25000.0,0.25,0.05
one_contract_baseline,2025-10-24,880.0,25000.0,0.25,0.0352
one_contract_baseline,2025-10-27,350.0,25000.0,0.25,0.014
one_contract_baseline,2025-10-28,-230.0,25000.0,0.25,-0.0092
one_contract_baseline,2025-10-29,5550.0,25000.0,0.25,0.222
one_contract_baseline,2025-10-30,420.0,25000.0,0.25,0.0168
one_contract_baseline,2025-10-31,2140.0,25000.0,0.25,0.0856
one_contract_baseline,2025-11-03,2580.0,25000.0,0.25,0.1032
one_contract_baseline,2025-11-04,1350.0,25000.0,0.25,0.054
one_contract_baseline,2025-11-05,700.0,25000.0,0.25,0.028
one_contract_baseline,2025-11-06,890.0,25000.0,0.25,0.0356
one_contract_baseline,2025-11-07,1360.0,25000.0,0.25,0.0544
one_contract_baseline,2025-11-10,-470.0,25000.0,0.25,-0.0188
one_contract_baseline,2025-11-11,1180.0,25000.0,0.25,0.0472
one_contract_baseline,2025-11-12,2110.0,25000.0,0.25,0.0844
one_contract_baseline,2025-11-13,3740.0,25000.0,0.25,0.1496
one_contract_baseline,2025-11-14,5330.0,25000.0,0.25,0.2132
one_contract_baseline,2025-11-17,530.0,25000.0,0.25,0.0212
one_contract_baseline,2025-11-18,4430.0,25000.0,0.25,0.1772
one_contract_baseline,2025-11-19,3320.0,25000.0,0.25,0.1328
one_contract_baseline,2025-11-20,4870.0,25000.0,0.25,0.1948
one_contract_baseline,2025-11-21,6850.0,25000.0,0.25,0.274
one_contract_baseline,2025-11-24,2500.0,25000.0,0.25,0.1
one_contract_baseline,2025-11-25,-250.0,25000.0,0.25,-0.01
one_contract_baseline,2025-11-26,-1520.0,25000.0,0.25,-0.0608
one_contract_baseline,2025-11-28,-120.0,25000.0,0.25,-0.0048
one_contract_baseline,2025-12-01,1450.0,25000.0,0.25,0.058
one_contract_baseline,2025-12-02,1370.0,25000.0,0.25,0.0548
one_contract_baseline,2025-12-03,1600.0,25000.0,0.25,0.064
one_contract_baseline,2025-12-04,1140.0,25000.0,0.25,0.0456
one_contract_baseline,2025-12-05,1270.0,25000.0,0.25,0.0508
one_contract_baseline,2025-12-08,1830.0,25000.0,0.25,0.0732
one_contract_baseline,2025-12-09,0.0,25000.0,0.25,0.0
one_contract_baseline,2025-12-10,2770.0,25000.0,0.25,0.1108
one_contract_baseline,2025-12-11,-1640.0,25000.0,0.25,-0.0656
one_contract_baseline,2025-12-12,1220.0,25000.0,0.25,0.0488
one_contract_baseline,2025-12-15,660.0,25000.0,0.25,0.0264
one_contract_baseline,2025-12-16,-1050.0,25000.0,0.25,-0.042
one_contract_baseline,2025-12-17,1620.0,25000.0,0.25,0.0648
one_contract_baseline,2025-12-18,-460.0,25000.0,0.25,-0.0184
one_contract_baseline,2025-12-19,430.0,25000.0,0.25,0.0172
one_contract_baseline,2025-12-22,460.0,25000.0,0.25,0.0184
one_contract_baseline,2025-12-23,910.0,25000.0,0.25,0.0364
one_contract_baseline,2025-12-24,90.0,25000.0,0.25,0.0036
one_contract_baseline,2025-12-26,-430.0,25000.0,0.25,-0.0172
one_contract_baseline,2025-12-29,20.0,25000.0,0.25,0.0008
one_contract_baseline,2025-12-30,60.0,25000.0,0.25,0.0024
one_contract_baseline,2025-12-31,-10.0,25000.0,0.25,-0.0004
one_contract_baseline,2026-01-02,1220.0,25000.0,0.25,0.0488
one_contract_baseline,2026-01-05,1010.0,25000.0,0.25,0.0404
one_contract_baseline,2026-01-06,-720.0,25000.0,0.25,-0.0288
one_contract_baseline,2026-01-07,20.0,25000.0,0.25,0.0008
one_contract_baseline,2026-01-08,-1090.0,25000.0,0.25,-0.0436
one_contract_baseline,2026-01-09,980.0,25000.0,0.25,0.0392
one_contract_baseline,2026-01-12,540.0,25000.0,0.25,0.0216
one_contract_baseline,2026-01-13,-350.0,25000.0,0.25,-0.014
one_contract_baseline,2026-01-14,1310.0,25000.0,0.25,0.0524
one_contract_baseline,2026-01-15,-20.0,25000.0,0.25,-0.0008
one_contract_baseline,2026-01-16,1610.0,25000.0,0.25,0.0644
one_contract_baseline,2026-01-20,1070.0,25000.0,0.25,0.0428
one_contract_baseline,2026-01-21,5400.0,25000.0,0.25,0.216
one_contract_baseline,2026-01-22,1020.0,25000.0,0.25,0.0408
one_contract_baseline,2026-01-23,40.0,25000.0,0.25,0.0016
one_contract_baseline,2026-01-26,-50.0,25000.0,0.25,-0.002
one_contract_baseline,2026-01-27,1370.0,25000.0,0.25,0.0548
one_contract_baseline,2026-01-28,1410.0,25000.0,0.25,0.0564
one_contract_baseline,2026-01-29,4000.0,25000.0,0.25,0.16
one_contract_baseline,2026-01-30,-320.0,25000.0,0.25,-0.0128
one_contract_baseline,2026-02-02,-60.0,25000.0,0.25,-0.0024
one_contract_baseline,2026-02-03,2310.0,25000.0,0.25,0.0924
one_contract_baseline,2026-02-04,1490.0,25000.0,0.25,0.0596
one_contract_baseline,2026-02-05,3080.0,25000.0,0.25,0.1232
one_contract_baseline,2026-02-09,1330.0,25000.0,0.25,0.0532
one_contract_baseline,2026-02-10,160.0,25000.0,0.25,0.0064
one_contract_baseline,2026-02-11,2360.0,25000.0,0.25,0.0944
one_contract_baseline,2026-02-12,2300.0,25000.0,0.25,0.092
one_contract_baseline,2026-02-13,3740.0,25000.0,0.25,0.1496
one_contract_baseline,2026-02-17,5430.0,25000.0,0.25,0.2172
one_contract_baseline,2026-02-18,-360.0,25000.0,0.25,-0.0144
one_contract_baseline,2026-02-19,0.0,25000.0,0.25,0.0
one_contract_baseline,2026-02-20,2230.0,25000.0,0.25,0.0892
one_contract_baseline,2026-02-23,1800.0,25000.0,0.25,0.072
one_contract_baseline,2026-02-24,1630.0,25000.0,0.25,0.0652
one_contract_baseline,2026-02-25,-660.0,25000.0,0.25,-0.0264
one_contract_baseline,2026-02-26,70.0,25000.0,0.25,0.0028
one_contract_baseline,2026-02-27,970.0,25000.0,0.25,0.0388
one_contract_baseline,2026-03-02,1320.0,25000.0,0.25,0.0528
one_contract_baseline,2026-03-03,8970.0,25000.0,0.25,0.3588
one_contract_baseline,2026-03-04,-2230.0,25000.0,0.25,-0.0892
one_contract_baseline,2026-03-05,4650.0,25000.0,0.25,0.186
one_contract_baseline,2026-03-06,1810.0,25000.0,0.25,0.0724
one_contract_baseline,2026-03-09,980.0,25000.0,0.25,0.0392
one_contract_baseline,2026-03-10,-620.0,25000.0,0.25,-0.0248
one_contract_baseline,2026-03-11,-1060.0,25000.0,0.25,-0.0424
one_contract_baseline,2026-03-12,1030.0,25000.0,0.25,0.0412
one_contract_baseline,2026-03-13,440.0,25000.0,0.25,0.0176
one_contract_baseline,2026-03-16,-1390.0,25000.0,0.25,-0.0556
one_contract_baseline,2026-03-17,0.0,25000.0,0.25,0.0
one_contract_baseline,2026-03-18,2330.0,25000.0,0.25,0.0932
one_contract_baseline,2026-03-19,1930.0,25000.0,0.25,0.0772
one_contract_baseline,2026-03-20,2300.0,25000.0,0.25,0.092
one_contract_baseline,2026-03-23,3490.0,25000.0,0.25,0.1396
one_contract_baseline,2026-03-24,1860.0,25000.0,0.25,0.0744
one_contract_baseline,2026-03-25,1610.0,25000.0,0.25,0.0644
one_contract_baseline,2026-03-26,-170.0,25000.0,0.25,-0.0068
one_contract_baseline,2026-03-27,1250.0,25000.0,0.25,0.05
one_contract_baseline,2026-03-30,5030.0,25000.0,0.25,0.2012
one_contract_baseline,2026-03-31,2760.0,25000.0,0.25,0.1104
always_on_account_aware_sizer,2024-10-01,3560.0,25000.0,0.25,0.1424
always_on_account_aware_sizer,2024-10-02,2360.0,25000.0,0.25,0.0944
always_on_account_aware_sizer,2024-10-03,2350.0,25000.0,0.25,0.094
always_on_account_aware_sizer,2024-10-04,-920.0,25000.0,0.25,-0.0368
always_on_account_aware_sizer,2024-10-07,-30.0,25000.0,0.25,-0.0012
always_on_account_aware_sizer,2024-10-08,940.0,25000.0,0.25,0.0376
always_on_account_aware_sizer,2024-10-09,880.0,25000.0,0.25,0.0352
always_on_account_aware_sizer,2024-10-10,530.0,25000.0,0.25,0.0212
always_on_account_aware_sizer,2024-10-11,2470.0,25000.0,0.25,0.0988
always_on_account_aware_sizer,2024-10-14,-1080.0,25000.0,0.25,-0.0432
always_on_account_aware_sizer,2024-10-15,570.0,25000.0,0.25,0.0228
always_on_account_aware_sizer,2024-10-16,780.0,25000.0,0.25,0.0312
always_on_account_aware_sizer,2024-10-17,-20.0,25000.0,0.25,-0.0008
always_on_account_aware_sizer,2024-10-18,420.0,25000.0,0.25,0.0168
always_on_account_aware_sizer,2024-10-21,2020.0,25000.0,0.25,0.0808
always_on_account_aware_sizer,2024-10-22,-630.0,25000.0,0.25,-0.0252
always_on_account_aware_sizer,2024-10-23,1020.0,25000.0,0.25,0.0408
always_on_account_aware_sizer,2024-10-24,-730.0,25000.0,0.25,-0.0292
always_on_account_aware_sizer,2024-10-25,2820.0,25000.0,0.25,0.1128
always_on_account_aware_sizer,2024-10-28,-280.0,25000.0,0.25,-0.0112
always_on_account_aware_sizer,2024-10-29,620.0,25000.0,0.25,0.0248
always_on_account_aware_sizer,2024-10-30,210.0,25000.0,0.25,0.0084
always_on_account_aware_sizer,2024-10-31,-1070.0,25000.0,0.25,-0.0428
always_on_account_aware_sizer,2024-11-01,1470.0,25000.0,0.25,0.0588
always_on_account_aware_sizer,2024-11-04,-40.0,25000.0,0.25,-0.0016
always_on_account_aware_sizer,2024-11-05,1240.0,25000.0,0.25,0.0496
always_on_account_aware_sizer,2024-11-06,-330.0,25000.0,0.25,-0.0132
always_on_account_aware_sizer,2024-11-07,340.0,25000.0,0.25,0.0136
always_on_account_aware_sizer,2024-11-08,-120.0,25000.0,0.25,-0.0048
always_on_account_aware_sizer,2024-11-11,-260.0,25000.0,0.25,-0.0104
always_on_account_aware_sizer,2024-11-12,770.0,25000.0,0.25,0.0308
always_on_account_aware_sizer,2024-11-13,1520.0,25000.0,0.25,0.0608
always_on_account_aware_sizer,2024-11-14,-20.0,25000.0,0.25,-0.0008
always_on_account_aware_sizer,2024-11-15,1840.0,25000.0,0.25,0.0736
always_on_account_aware_sizer,2024-11-18,1460.0,25000.0,0.25,0.0584
always_on_account_aware_sizer,2024-11-19,-930.0,25000.0,0.25,-0.0372
always_on_account_aware_sizer,2024-11-20,3630.0,25000.0,0.25,0.1452
always_on_account_aware_sizer,2024-11-21,5510.0,25000.0,0.25,0.2204
always_on_account_aware_sizer,2024-11-22,-990.0,25000.0,0.25,-0.0396
always_on_account_aware_sizer,2024-11-25,150.0,25000.0,0.25,0.006
always_on_account_aware_sizer,2024-11-26,-920.0,25000.0,0.25,-0.0368
always_on_account_aware_sizer,2024-11-27,440.0,25000.0,0.25,0.0176
always_on_account_aware_sizer,2024-11-29,660.0,25000.0,0.25,0.0264
always_on_account_aware_sizer,2024-12-02,-380.0,25000.0,0.25,-0.0152
always_on_account_aware_sizer,2024-12-03,-740.0,25000.0,0.25,-0.0296
always_on_account_aware_sizer,2024-12-04,-610.0,25000.0,0.25,-0.0244
always_on_account_aware_sizer,2024-12-05,-680.0,25000.0,0.25,-0.0272
always_on_account_aware_sizer,2024-12-06,40.0,25000.0,0.25,0.0016
always_on_account_aware_sizer,2024-12-09,-80.0,25000.0,0.25,-0.0032
always_on_account_aware_sizer,2024-12-10,190.0,25000.0,0.25,0.0076
always_on_account_aware_sizer,2024-12-11,10.0,25000.0,0.25,0.0004
always_on_account_aware_sizer,2024-12-12,-1130.0,25000.0,0.25,-0.0452
always_on_account_aware_sizer,2024-12-13,1120.0,25000.0,0.25,0.0448
always_on_account_aware_sizer,2024-12-16,520.0,25000.0,0.25,0.0208
always_on_account_aware_sizer,2024-12-17,990.0,25000.0,0.25,0.0396
always_on_account_aware_sizer,2024-12-18,400.0,25000.0,0.25,0.016
always_on_account_aware_sizer,2024-12-19,50.0,25000.0,0.25,0.002
always_on_account_aware_sizer,2024-12-20,3920.0,25000.0,0.25,0.1568
always_on_account_aware_sizer,2024-12-23,2410.0,25000.0,0.25,0.0964
always_on_account_aware_sizer,2024-12-24,500.0,25000.0,0.25,0.02
always_on_account_aware_sizer,2024-12-26,240.0,25000.0,0.25,0.0096
always_on_account_aware_sizer,2024-12-27,5820.0,25000.0,0.25,0.2328
always_on_account_aware_sizer,2024-12-30,-1350.0,25000.0,0.25,-0.054
always_on_account_aware_sizer,2024-12-31,740.0,25000.0,0.25,0.0296
always_on_account_aware_sizer,2025-07-01,-360.0,25000.0,0.25,-0.0144
always_on_account_aware_sizer,2025-07-02,590.0,25000.0,0.25,0.0236
always_on_account_aware_sizer,2025-07-03,800.0,25000.0,0.25,0.032
always_on_account_aware_sizer,2025-07-07,2620.0,25000.0,0.25,0.1048
always_on_account_aware_sizer,2025-07-08,1720.0,25000.0,0.25,0.0688
always_on_account_aware_sizer,2025-07-09,730.0,25000.0,0.25,0.0292
always_on_account_aware_sizer,2025-07-10,1450.0,25000.0,0.25,0.058
always_on_account_aware_sizer,2025-07-11,110.0,25000.0,0.25,0.0044
always_on_account_aware_sizer,2025-07-14,1330.0,25000.0,0.25,0.0532
always_on_account_aware_sizer,2025-07-15,2300.0,25000.0,0.25,0.092
always_on_account_aware_sizer,2025-07-16,4200.0,25000.0,0.25,0.168
always_on_account_aware_sizer,2025-07-17,1530.0,25000.0,0.25,0.0612
always_on_account_aware_sizer,2025-07-18,-140.0,25000.0,0.25,-0.0056
always_on_account_aware_sizer,2025-07-21,400.0,25000.0,0.25,0.016
always_on_account_aware_sizer,2025-07-22,1240.0,25000.0,0.25,0.0496
always_on_account_aware_sizer,2025-07-23,-170.0,25000.0,0.25,-0.0068
always_on_account_aware_sizer,2025-07-24,420.0,25000.0,0.25,0.0168
always_on_account_aware_sizer,2025-07-25,620.0,25000.0,0.25,0.0248
always_on_account_aware_sizer,2025-07-28,550.0,25000.0,0.25,0.022
always_on_account_aware_sizer,2025-07-29,440.0,25000.0,0.25,0.0176
always_on_account_aware_sizer,2025-07-30,3240.0,25000.0,0.25,0.1296
always_on_account_aware_sizer,2025-07-31,-1150.0,25000.0,0.25,-0.046
always_on_account_aware_sizer,2025-08-01,2900.0,25000.0,0.25,0.116
always_on_account_aware_sizer,2025-08-04,690.0,25000.0,0.25,0.0276
always_on_account_aware_sizer,2025-08-05,3140.0,25000.0,0.25,0.1256
always_on_account_aware_sizer,2025-08-06,4510.0,25000.0,0.25,0.1804
always_on_account_aware_sizer,2025-08-07,-1470.0,25000.0,0.25,-0.0588
always_on_account_aware_sizer,2025-08-08,340.0,25000.0,0.25,0.0136
always_on_account_aware_sizer,2025-08-11,-750.0,25000.0,0.25,-0.03
always_on_account_aware_sizer,2025-08-12,2370.0,25000.0,0.25,0.0948
always_on_account_aware_sizer,2025-08-13,1470.0,25000.0,0.25,0.0588
always_on_account_aware_sizer,2025-08-14,500.0,25000.0,0.25,0.02
always_on_account_aware_sizer,2025-08-15,-70.0,25000.0,0.25,-0.0028
always_on_account_aware_sizer,2025-08-18,-900.0,25000.0,0.25,-0.036
always_on_account_aware_sizer,2025-08-19,1270.0,25000.0,0.25,0.0508
always_on_account_aware_sizer,2025-08-20,-960.0,25000.0,0.25,-0.0384
always_on_account_aware_sizer,2025-08-21,2300.0,25000.0,0.25,0.092
always_on_account_aware_sizer,2025-08-22,8080.0,25000.0,0.25,0.3232
always_on_account_aware_sizer,2025-08-25,300.0,25000.0,0.25,0.012
always_on_account_aware_sizer,2025-08-26,770.0,25000.0,0.25,0.0308
always_on_account_aware_sizer,2025-08-27,360.0,25000.0,0.25,0.0144
always_on_account_aware_sizer,2025-08-28,-50.0,25000.0,0.25,-0.002
always_on_account_aware_sizer,2025-08-29,750.0,25000.0,0.25,0.03
always_on_account_aware_sizer,2025-09-02,-960.0,25000.0,0.25,-0.0384
always_on_account_aware_sizer,2025-09-03,200.0,25000.0,0.25,0.008
always_on_account_aware_sizer,2025-09-04,3200.0,25000.0,0.25,0.128
always_on_account_aware_sizer,2025-09-05,6210.0,25000.0,0.25,0.2484
always_on_account_aware_sizer,2025-09-08,1750.0,25000.0,0.25,0.07
always_on_account_aware_sizer,2025-09-09,440.0,25000.0,0.25,0.0176
always_on_account_aware_sizer,2025-09-10,-660.0,25000.0,0.25,-0.0264
always_on_account_aware_sizer,2025-09-11,1160.0,25000.0,0.25,0.0464
always_on_account_aware_sizer,2025-09-12,450.0,25000.0,0.25,0.018
always_on_account_aware_sizer,2025-09-15,320.0,25000.0,0.25,0.0128
always_on_account_aware_sizer,2025-09-16,-900.0,25000.0,0.25,-0.036
always_on_account_aware_sizer,2025-09-17,9060.0,25000.0,0.25,0.3624
always_on_account_aware_sizer,2025-09-18,2700.0,25000.0,0.25,0.108
always_on_account_aware_sizer,2025-09-19,330.0,25000.0,0.25,0.0132
always_on_account_aware_sizer,2025-09-22,2200.0,25000.0,0.25,0.088
always_on_account_aware_sizer,2025-09-23,2520.0,25000.0,0.25,0.1008
always_on_account_aware_sizer,2025-09-24,90.0,25000.0,0.25,0.0036
always_on_account_aware_sizer,2025-09-25,-1660.0,25000.0,0.25,-0.0664
always_on_account_aware_sizer,2025-09-26,6030.0,25000.0,0.25,0.2412
always_on_account_aware_sizer,2025-09-29,840.0,25000.0,0.25,0.0336
always_on_account_aware_sizer,2025-09-30,1080.0,25000.0,0.25,0.0432
always_on_account_aware_sizer,2025-10-01,-520.0,25000.0,0.25,-0.0208
always_on_account_aware_sizer,2025-10-02,1080.0,25000.0,0.25,0.0432
always_on_account_aware_sizer,2025-10-03,3040.0,25000.0,0.25,0.1216
always_on_account_aware_sizer,2025-10-06,750.0,25000.0,0.25,0.03
always_on_account_aware_sizer,2025-10-07,510.0,25000.0,0.25,0.0204
always_on_account_aware_sizer,2025-10-08,1070.0,25000.0,0.25,0.0428
always_on_account_aware_sizer,2025-10-09,260.0,25000.0,0.25,0.0104
always_on_account_aware_sizer,2025-10-10,530.0,25000.0,0.25,0.0212
always_on_account_aware_sizer,2025-10-13,1840.0,25000.0,0.25,0.0736
always_on_account_aware_sizer,2025-10-14,860.0,25000.0,0.25,0.0344
always_on_account_aware_sizer,2025-10-15,3010.0,25000.0,0.25,0.1204
always_on_account_aware_sizer,2025-10-16,670.0,25000.0,0.25,0.0268
always_on_account_aware_sizer,2025-10-17,3160.0,25000.0,0.25,0.1264
always_on_account_aware_sizer,2025-10-20,1620.0,25000.0,0.25,0.0648
always_on_account_aware_sizer,2025-10-21,950.0,25000.0,0.25,0.038
always_on_account_aware_sizer,2025-10-22,1700.0,25000.0,0.25,0.068
always_on_account_aware_sizer,2025-10-23,1250.0,25000.0,0.25,0.05
always_on_account_aware_sizer,2025-10-24,880.0,25000.0,0.25,0.0352
always_on_account_aware_sizer,2025-10-27,320.0,25000.0,0.25,0.0128
always_on_account_aware_sizer,2025-10-28,-230.0,25000.0,0.25,-0.0092
always_on_account_aware_sizer,2025-10-29,6870.0,25000.0,0.25,0.2748
always_on_account_aware_sizer,2025-10-30,610.0,25000.0,0.25,0.0244
always_on_account_aware_sizer,2025-10-31,2140.0,25000.0,0.25,0.0856
always_on_account_aware_sizer,2025-11-03,2800.0,25000.0,0.25,0.112
always_on_account_aware_sizer,2025-11-04,1740.0,25000.0,0.25,0.0696
always_on_account_aware_sizer,2025-11-05,700.0,25000.0,0.25,0.028
always_on_account_aware_sizer,2025-11-06,890.0,25000.0,0.25,0.0356
always_on_account_aware_sizer,2025-11-07,1360.0,25000.0,0.25,0.0544
always_on_account_aware_sizer,2025-11-10,-470.0,25000.0,0.25,-0.0188
always_on_account_aware_sizer,2025-11-11,1180.0,25000.0,0.25,0.0472
always_on_account_aware_sizer,2025-11-12,2110.0,25000.0,0.25,0.0844
always_on_account_aware_sizer,2025-11-13,3740.0,25000.0,0.25,0.1496
always_on_account_aware_sizer,2025-11-14,5330.0,25000.0,0.25,0.2132
always_on_account_aware_sizer,2025-11-17,530.0,25000.0,0.25,0.0212
always_on_account_aware_sizer,2025-11-18,4430.0,25000.0,0.25,0.1772
always_on_account_aware_sizer,2025-11-19,2950.0,25000.0,0.25,0.118
always_on_account_aware_sizer,2025-11-20,4870.0,25000.0,0.25,0.1948
always_on_account_aware_sizer,2025-11-21,6850.0,25000.0,0.25,0.274
always_on_account_aware_sizer,2025-11-24,2500.0,25000.0,0.25,0.1
always_on_account_aware_sizer,2025-11-25,-250.0,25000.0,0.25,-0.01
always_on_account_aware_sizer,2025-11-26,-1520.0,25000.0,0.25,-0.0608
always_on_account_aware_sizer,2025-11-28,-120.0,25000.0,0.25,-0.0048
always_on_account_aware_sizer,2025-12-01,1450.0,25000.0,0.25,0.058
always_on_account_aware_sizer,2025-12-02,1370.0,25000.0,0.25,0.0548
always_on_account_aware_sizer,2025-12-03,2020.0,25000.0,0.25,0.0808
always_on_account_aware_sizer,2025-12-04,1940.0,25000.0,0.25,0.0776
always_on_account_aware_sizer,2025-12-05,1270.0,25000.0,0.25,0.0508
always_on_account_aware_sizer,2025-12-08,1830.0,25000.0,0.25,0.0732
always_on_account_aware_sizer,2025-12-09,0.0,25000.0,0.25,0.0
always_on_account_aware_sizer,2025-12-10,2770.0,25000.0,0.25,0.1108
always_on_account_aware_sizer,2025-12-11,-1610.0,25000.0,0.25,-0.0644
always_on_account_aware_sizer,2025-12-12,1220.0,25000.0,0.25,0.0488
always_on_account_aware_sizer,2025-12-15,860.0,25000.0,0.25,0.0344
always_on_account_aware_sizer,2025-12-16,-1050.0,25000.0,0.25,-0.042
always_on_account_aware_sizer,2025-12-17,1620.0,25000.0,0.25,0.0648
always_on_account_aware_sizer,2025-12-18,-1040.0,25000.0,0.25,-0.0416
always_on_account_aware_sizer,2025-12-19,430.0,25000.0,0.25,0.0172
always_on_account_aware_sizer,2025-12-22,460.0,25000.0,0.25,0.0184
always_on_account_aware_sizer,2025-12-23,910.0,25000.0,0.25,0.0364
always_on_account_aware_sizer,2025-12-24,90.0,25000.0,0.25,0.0036
always_on_account_aware_sizer,2025-12-26,-430.0,25000.0,0.25,-0.0172
always_on_account_aware_sizer,2025-12-29,20.0,25000.0,0.25,0.0008
always_on_account_aware_sizer,2025-12-30,60.0,25000.0,0.25,0.0024
always_on_account_aware_sizer,2025-12-31,-10.0,25000.0,0.25,-0.0004
always_on_account_aware_sizer,2026-01-02,3580.0,25000.0,0.25,0.1432
always_on_account_aware_sizer,2026-01-05,1440.0,25000.0,0.25,0.0576
always_on_account_aware_sizer,2026-01-06,-520.0,25000.0,0.25,-0.0208
always_on_account_aware_sizer,2026-01-07,530.0,25000.0,0.25,0.0212
always_on_account_aware_sizer,2026-01-08,-990.0,25000.0,0.25,-0.0396
always_on_account_aware_sizer,2026-01-09,-960.0,25000.0,0.25,-0.0384
always_on_account_aware_sizer,2026-01-12,540.0,25000.0,0.25,0.0216
always_on_account_aware_sizer,2026-01-13,-350.0,25000.0,0.25,-0.014
always_on_account_aware_sizer,2026-01-14,2550.0,25000.0,0.25,0.102
always_on_account_aware_sizer,2026-01-15,-480.0,25000.0,0.25,-0.0192
always_on_account_aware_sizer,2026-01-16,1610.0,25000.0,0.25,0.0644
always_on_account_aware_sizer,2026-01-20,1140.0,25000.0,0.25,0.0456
always_on_account_aware_sizer,2026-01-21,7060.0,25000.0,0.25,0.2824
always_on_account_aware_sizer,2026-01-22,1020.0,25000.0,0.25,0.0408
always_on_account_aware_sizer,2026-01-23,40.0,25000.0,0.25,0.0016
always_on_account_aware_sizer,2026-01-26,-50.0,25000.0,0.25,-0.002
always_on_account_aware_sizer,2026-01-27,1370.0,25000.0,0.25,0.0548
always_on_account_aware_sizer,2026-01-28,1410.0,25000.0,0.25,0.0564
always_on_account_aware_sizer,2026-01-29,3360.0,25000.0,0.25,0.1344
always_on_account_aware_sizer,2026-01-30,-320.0,25000.0,0.25,-0.0128
always_on_account_aware_sizer,2026-02-02,-60.0,25000.0,0.25,-0.0024
always_on_account_aware_sizer,2026-02-03,2310.0,25000.0,0.25,0.0924
always_on_account_aware_sizer,2026-02-04,-1400.0,25000.0,0.25,-0.056
always_on_account_aware_sizer,2026-02-05,2780.0,25000.0,0.25,0.1112
always_on_account_aware_sizer,2026-02-09,1480.0,25000.0,0.25,0.0592
always_on_account_aware_sizer,2026-02-10,160.0,25000.0,0.25,0.0064
always_on_account_aware_sizer,2026-02-11,1590.0,25000.0,0.25,0.0636
always_on_account_aware_sizer,2026-02-12,2300.0,25000.0,0.25,0.092
always_on_account_aware_sizer,2026-02-13,4510.0,25000.0,0.25,0.1804
always_on_account_aware_sizer,2026-02-17,5430.0,25000.0,0.25,0.2172
always_on_account_aware_sizer,2026-02-18,-820.0,25000.0,0.25,-0.0328
always_on_account_aware_sizer,2026-02-19,0.0,25000.0,0.25,0.0
always_on_account_aware_sizer,2026-02-20,2230.0,25000.0,0.25,0.0892
always_on_account_aware_sizer,2026-02-23,1950.0,25000.0,0.25,0.078
always_on_account_aware_sizer,2026-02-24,2120.0,25000.0,0.25,0.0848
always_on_account_aware_sizer,2026-02-25,-660.0,25000.0,0.25,-0.0264
always_on_account_aware_sizer,2026-02-26,70.0,25000.0,0.25,0.0028
always_on_account_aware_sizer,2026-02-27,970.0,25000.0,0.25,0.0388
always_on_account_aware_sizer,2026-03-02,-920.0,25000.0,0.25,-0.0368
always_on_account_aware_sizer,2026-03-03,10360.0,25000.0,0.25,0.4144
always_on_account_aware_sizer,2026-03-04,-1890.0,25000.0,0.25,-0.0756
always_on_account_aware_sizer,2026-03-05,4650.0,25000.0,0.25,0.186
always_on_account_aware_sizer,2026-03-06,1810.0,25000.0,0.25,0.0724
always_on_account_aware_sizer,2026-03-09,980.0,25000.0,0.25,0.0392
always_on_account_aware_sizer,2026-03-10,-1130.0,25000.0,0.25,-0.0452
always_on_account_aware_sizer,2026-03-11,-1690.0,25000.0,0.25,-0.0676
always_on_account_aware_sizer,2026-03-12,1030.0,25000.0,0.25,0.0412
always_on_account_aware_sizer,2026-03-13,-1070.0,25000.0,0.25,-0.0428
always_on_account_aware_sizer,2026-03-16,-810.0,25000.0,0.25,-0.0324
always_on_account_aware_sizer,2026-03-17,-770.0,25000.0,0.25,-0.0308
always_on_account_aware_sizer,2026-03-18,2330.0,25000.0,0.25,0.0932
always_on_account_aware_sizer,2026-03-19,2540.0,25000.0,0.25,0.1016
always_on_account_aware_sizer,2026-03-20,2320.0,25000.0,0.25,0.0928
always_on_account_aware_sizer,2026-03-23,3730.0,25000.0,0.25,0.1492
always_on_account_aware_sizer,2026-03-24,1860.0,25000.0,0.25,0.0744
always_on_account_aware_sizer,2026-03-25,1610.0,25000.0,0.25,0.0644
always_on_account_aware_sizer,2026-03-26,20.0,25000.0,0.25,0.0008
always_on_account_aware_sizer,2026-03-27,1770.0,25000.0,0.25,0.0708
always_on_account_aware_sizer,2026-03-30,5340.0,25000.0,0.25,0.2136
always_on_account_aware_sizer,2026-03-31,3860.0,25000.0,0.25,0.1544
one_contract_baseline,2024-10-01,3210.0,25000.0,0.5,0.1284
one_contract_baseline,2024-10-02,2210.0,25000.0,0.5,0.0884
one_contract_baseline,2024-10-03,2150.0,25000.0,0.5,0.086
one_contract_baseline,2024-10-04,1910.0,25000.0,0.5,0.0764
one_contract_baseline,2024-10-07,-230.0,25000.0,0.5,-0.0092
one_contract_baseline,2024-10-08,840.0,25000.0,0.5,0.0336
one_contract_baseline,2024-10-09,730.0,25000.0,0.5,0.0292
one_contract_baseline,2024-10-10,430.0,25000.0,0.5,0.0172
one_contract_baseline,2024-10-11,2270.0,25000.0,0.5,0.0908
one_contract_baseline,2024-10-14,-1080.0,25000.0,0.5,-0.0432
one_contract_baseline,2024-10-15,470.0,25000.0,0.5,0.0188
one_contract_baseline,2024-10-16,630.0,25000.0,0.5,0.0252
one_contract_baseline,2024-10-17,-220.0,25000.0,0.5,-0.0088
one_contract_baseline,2024-10-18,170.0,25000.0,0.5,0.0068
one_contract_baseline,2024-10-21,1870.0,25000.0,0.5,0.0748
one_contract_baseline,2024-10-22,-780.0,25000.0,0.5,-0.0312
one_contract_baseline,2024-10-23,870.0,25000.0,0.5,0.0348
one_contract_baseline,2024-10-24,-830.0,25000.0,0.5,-0.0332
one_contract_baseline,2024-10-25,2570.0,25000.0,0.5,0.1028
one_contract_baseline,2024-10-28,-380.0,25000.0,0.5,-0.0152
one_contract_baseline,2024-10-29,470.0,25000.0,0.5,0.0188
one_contract_baseline,2024-10-30,60.0,25000.0,0.5,0.0024
one_contract_baseline,2024-10-31,-2480.0,25000.0,0.5,-0.0992
one_contract_baseline,2024-11-01,1220.0,25000.0,0.5,0.0488
one_contract_baseline,2024-11-04,-140.0,25000.0,0.5,-0.0056
one_contract_baseline,2024-11-05,890.0,25000.0,0.5,0.0356
one_contract_baseline,2024-11-06,-680.0,25000.0,0.5,-0.0272
one_contract_baseline,2024-11-07,240.0,25000.0,0.5,0.0096
one_contract_baseline,2024-11-08,-220.0,25000.0,0.5,-0.0088
one_contract_baseline,2024-11-11,-360.0,25000.0,0.5,-0.0144
one_contract_baseline,2024-11-12,670.0,25000.0,0.5,0.0268
one_contract_baseline,2024-11-13,1150.0,25000.0,0.5,0.046
one_contract_baseline,2024-11-14,-70.0,25000.0,0.5,-0.0028
one_contract_baseline,2024-11-15,1420.0,25000.0,0.5,0.0568
one_contract_baseline,2024-11-18,1360.0,25000.0,0.5,0.0544
one_contract_baseline,2024-11-19,990.0,25000.0,0.5,0.0396
one_contract_baseline,2024-11-20,3380.0,25000.0,0.5,0.1352
one_contract_baseline,2024-11-21,5310.0,25000.0,0.5,0.2124
one_contract_baseline,2024-11-22,-1800.0,25000.0,0.5,-0.072
one_contract_baseline,2024-11-25,190.0,25000.0,0.5,0.0076
one_contract_baseline,2024-11-26,-1190.0,25000.0,0.5,-0.0476
one_contract_baseline,2024-11-27,240.0,25000.0,0.5,0.0096
one_contract_baseline,2024-11-29,610.0,25000.0,0.5,0.0244
one_contract_baseline,2024-12-02,-480.0,25000.0,0.5,-0.0192
one_contract_baseline,2024-12-03,-840.0,25000.0,0.5,-0.0336
one_contract_baseline,2024-12-04,-760.0,25000.0,0.5,-0.0304
one_contract_baseline,2024-12-05,-780.0,25000.0,0.5,-0.0312
one_contract_baseline,2024-12-06,-110.0,25000.0,0.5,-0.0044
one_contract_baseline,2024-12-09,-230.0,25000.0,0.5,-0.0092
one_contract_baseline,2024-12-10,90.0,25000.0,0.5,0.0036
one_contract_baseline,2024-12-11,-90.0,25000.0,0.5,-0.0036
one_contract_baseline,2024-12-12,-1390.0,25000.0,0.5,-0.0556
one_contract_baseline,2024-12-13,1020.0,25000.0,0.5,0.0408
one_contract_baseline,2024-12-16,370.0,25000.0,0.5,0.0148
one_contract_baseline,2024-12-17,790.0,25000.0,0.5,0.0316
one_contract_baseline,2024-12-18,250.0,25000.0,0.5,0.01
one_contract_baseline,2024-12-19,-100.0,25000.0,0.5,-0.004
one_contract_baseline,2024-12-20,3820.0,25000.0,0.5,0.1528
one_contract_baseline,2024-12-23,1570.0,25000.0,0.5,0.0628
one_contract_baseline,2024-12-24,450.0,25000.0,0.5,0.018
one_contract_baseline,2024-12-26,90.0,25000.0,0.5,0.0036
one_contract_baseline,2024-12-27,5000.0,25000.0,0.5,0.2
one_contract_baseline,2024-12-30,-150.0,25000.0,0.5,-0.006
one_contract_baseline,2024-12-31,590.0,25000.0,0.5,0.0236
one_contract_baseline,2025-07-01,-180.0,25000.0,0.5,-0.0072
one_contract_baseline,2025-07-02,490.0,25000.0,0.5,0.0196
one_contract_baseline,2025-07-03,290.0,25000.0,0.5,0.0116
one_contract_baseline,2025-07-07,980.0,25000.0,0.5,0.0392
one_contract_baseline,2025-07-08,710.0,25000.0,0.5,0.0284
one_contract_baseline,2025-07-09,270.0,25000.0,0.5,0.0108
one_contract_baseline,2025-07-10,420.0,25000.0,0.5,0.0168
one_contract_baseline,2025-07-11,-140.0,25000.0,0.5,-0.0056
one_contract_baseline,2025-07-14,570.0,25000.0,0.5,0.0228
one_contract_baseline,2025-07-15,980.0,25000.0,0.5,0.0392
one_contract_baseline,2025-07-16,3240.0,25000.0,0.5,0.1296
one_contract_baseline,2025-07-17,840.0,25000.0,0.5,0.0336
one_contract_baseline,2025-07-18,-190.0,25000.0,0.5,-0.0076
one_contract_baseline,2025-07-21,300.0,25000.0,0.5,0.012
one_contract_baseline,2025-07-22,550.0,25000.0,0.5,0.022
one_contract_baseline,2025-07-23,-320.0,25000.0,0.5,-0.0128
one_contract_baseline,2025-07-24,60.0,25000.0,0.5,0.0024
one_contract_baseline,2025-07-25,250.0,25000.0,0.5,0.01
one_contract_baseline,2025-07-28,260.0,25000.0,0.5,0.0104
one_contract_baseline,2025-07-29,340.0,25000.0,0.5,0.0136
one_contract_baseline,2025-07-30,1850.0,25000.0,0.5,0.074
one_contract_baseline,2025-07-31,-540.0,25000.0,0.5,-0.0216
one_contract_baseline,2025-08-01,1920.0,25000.0,0.5,0.0768
one_contract_baseline,2025-08-04,450.0,25000.0,0.5,0.018
one_contract_baseline,2025-08-05,2240.0,25000.0,0.5,0.0896
one_contract_baseline,2025-08-06,2010.0,25000.0,0.5,0.0804
one_contract_baseline,2025-08-07,-760.0,25000.0,0.5,-0.0304
one_contract_baseline,2025-08-08,240.0,25000.0,0.5,0.0096
one_contract_baseline,2025-08-11,-950.0,25000.0,0.5,-0.038
one_contract_baseline,2025-08-12,2070.0,25000.0,0.5,0.0828
one_contract_baseline,2025-08-13,480.0,25000.0,0.5,0.0192
one_contract_baseline,2025-08-14,-250.0,25000.0,0.5,-0.01
one_contract_baseline,2025-08-15,20.0,25000.0,0.5,0.0008
one_contract_baseline,2025-08-18,-660.0,25000.0,0.5,-0.0264
one_contract_baseline,2025-08-19,1070.0,25000.0,0.5,0.0428
one_contract_baseline,2025-08-20,1110.0,25000.0,0.5,0.0444
one_contract_baseline,2025-08-21,1680.0,25000.0,0.5,0.0672
one_contract_baseline,2025-08-22,4540.0,25000.0,0.5,0.1816
one_contract_baseline,2025-08-25,150.0,25000.0,0.5,0.006
one_contract_baseline,2025-08-26,-200.0,25000.0,0.5,-0.008
one_contract_baseline,2025-08-27,60.0,25000.0,0.5,0.0024
one_contract_baseline,2025-08-28,100.0,25000.0,0.5,0.004
one_contract_baseline,2025-08-29,310.0,25000.0,0.5,0.0124
one_contract_baseline,2025-09-02,-1110.0,25000.0,0.5,-0.0444
one_contract_baseline,2025-09-03,-50.0,25000.0,0.5,-0.002
one_contract_baseline,2025-09-04,1750.0,25000.0,0.5,0.07
one_contract_baseline,2025-09-05,4010.0,25000.0,0.5,0.1604
one_contract_baseline,2025-09-08,880.0,25000.0,0.5,0.0352
one_contract_baseline,2025-09-09,70.0,25000.0,0.5,0.0028
one_contract_baseline,2025-09-10,-740.0,25000.0,0.5,-0.0296
one_contract_baseline,2025-09-11,780.0,25000.0,0.5,0.0312
one_contract_baseline,2025-09-12,140.0,25000.0,0.5,0.0056
one_contract_baseline,2025-09-15,170.0,25000.0,0.5,0.0068
one_contract_baseline,2025-09-16,-550.0,25000.0,0.5,-0.022
one_contract_baseline,2025-09-17,4120.0,25000.0,0.5,0.1648
one_contract_baseline,2025-09-18,970.0,25000.0,0.5,0.0388
one_contract_baseline,2025-09-19,120.0,25000.0,0.5,0.0048
one_contract_baseline,2025-09-22,1010.0,25000.0,0.5,0.0404
one_contract_baseline,2025-09-23,880.0,25000.0,0.5,0.0352
one_contract_baseline,2025-09-24,-100.0,25000.0,0.5,-0.004
one_contract_baseline,2025-09-25,-1500.0,25000.0,0.5,-0.06
one_contract_baseline,2025-09-26,3430.0,25000.0,0.5,0.1372
one_contract_baseline,2025-09-29,180.0,25000.0,0.5,0.0072
one_contract_baseline,2025-09-30,220.0,25000.0,0.5,0.0088
one_contract_baseline,2025-10-01,-620.0,25000.0,0.5,-0.0248
one_contract_baseline,2025-10-02,880.0,25000.0,0.5,0.0352
one_contract_baseline,2025-10-03,1580.0,25000.0,0.5,0.0632
one_contract_baseline,2025-10-06,400.0,25000.0,0.5,0.016
one_contract_baseline,2025-10-07,360.0,25000.0,0.5,0.0144
one_contract_baseline,2025-10-08,910.0,25000.0,0.5,0.0364
one_contract_baseline,2025-10-09,110.0,25000.0,0.5,0.0044
one_contract_baseline,2025-10-10,330.0,25000.0,0.5,0.0132
one_contract_baseline,2025-10-13,1640.0,25000.0,0.5,0.0656
one_contract_baseline,2025-10-14,460.0,25000.0,0.5,0.0184
one_contract_baseline,2025-10-15,2560.0,25000.0,0.5,0.1024
one_contract_baseline,2025-10-16,520.0,25000.0,0.5,0.0208
one_contract_baseline,2025-10-17,2810.0,25000.0,0.5,0.1124
one_contract_baseline,2025-10-20,1420.0,25000.0,0.5,0.0568
one_contract_baseline,2025-10-21,850.0,25000.0,0.5,0.034
one_contract_baseline,2025-10-22,1510.0,25000.0,0.5,0.0604
one_contract_baseline,2025-10-23,1050.0,25000.0,0.5,0.042
one_contract_baseline,2025-10-24,680.0,25000.0,0.5,0.0272
one_contract_baseline,2025-10-27,50.0,25000.0,0.5,0.002
one_contract_baseline,2025-10-28,-480.0,25000.0,0.5,-0.0192
one_contract_baseline,2025-10-29,5250.0,25000.0,0.5,0.21
one_contract_baseline,2025-10-30,220.0,25000.0,0.5,0.0088
one_contract_baseline,2025-10-31,1790.0,25000.0,0.5,0.0716
one_contract_baseline,2025-11-03,2230.0,25000.0,0.5,0.0892
one_contract_baseline,2025-11-04,850.0,25000.0,0.5,0.034
one_contract_baseline,2025-11-05,550.0,25000.0,0.5,0.022
one_contract_baseline,2025-11-06,790.0,25000.0,0.5,0.0316
one_contract_baseline,2025-11-07,1110.0,25000.0,0.5,0.0444
one_contract_baseline,2025-11-10,-670.0,25000.0,0.5,-0.0268
one_contract_baseline,2025-11-11,980.0,25000.0,0.5,0.0392
one_contract_baseline,2025-11-12,1910.0,25000.0,0.5,0.0764
one_contract_baseline,2025-11-13,3540.0,25000.0,0.5,0.1416
one_contract_baseline,2025-11-14,4880.0,25000.0,0.5,0.1952
one_contract_baseline,2025-11-17,180.0,25000.0,0.5,0.0072
one_contract_baseline,2025-11-18,4080.0,25000.0,0.5,0.1632
one_contract_baseline,2025-11-19,2870.0,25000.0,0.5,0.1148
one_contract_baseline,2025-11-20,4570.0,25000.0,0.5,0.1828
one_contract_baseline,2025-11-21,6300.0,25000.0,0.5,0.252
one_contract_baseline,2025-11-24,2300.0,25000.0,0.5,0.092
one_contract_baseline,2025-11-25,-400.0,25000.0,0.5,-0.016
one_contract_baseline,2025-11-26,-1620.0,25000.0,0.5,-0.0648
one_contract_baseline,2025-11-28,-270.0,25000.0,0.5,-0.0108
one_contract_baseline,2025-12-01,1300.0,25000.0,0.5,0.052
one_contract_baseline,2025-12-02,1220.0,25000.0,0.5,0.0488
one_contract_baseline,2025-12-03,1350.0,25000.0,0.5,0.054
one_contract_baseline,2025-12-04,840.0,25000.0,0.5,0.0336
one_contract_baseline,2025-12-05,920.0,25000.0,0.5,0.0368
one_contract_baseline,2025-12-08,1630.0,25000.0,0.5,0.0652
one_contract_baseline,2025-12-09,-250.0,25000.0,0.5,-0.01
one_contract_baseline,2025-12-10,2570.0,25000.0,0.5,0.1028
one_contract_baseline,2025-12-11,-1740.0,25000.0,0.5,-0.0696
one_contract_baseline,2025-12-12,1120.0,25000.0,0.5,0.0448
one_contract_baseline,2025-12-15,510.0,25000.0,0.5,0.0204
one_contract_baseline,2025-12-16,-1150.0,25000.0,0.5,-0.046
one_contract_baseline,2025-12-17,1520.0,25000.0,0.5,0.0608
one_contract_baseline,2025-12-18,-660.0,25000.0,0.5,-0.0264
one_contract_baseline,2025-12-19,180.0,25000.0,0.5,0.0072
one_contract_baseline,2025-12-22,310.0,25000.0,0.5,0.0124
one_contract_baseline,2025-12-23,810.0,25000.0,0.5,0.0324
one_contract_baseline,2025-12-24,-10.0,25000.0,0.5,-0.0004
one_contract_baseline,2025-12-26,-580.0,25000.0,0.5,-0.0232
one_contract_baseline,2025-12-29,-180.0,25000.0,0.5,-0.0072
one_contract_baseline,2025-12-30,-340.0,25000.0,0.5,-0.0136
one_contract_baseline,2025-12-31,-210.0,25000.0,0.5,-0.0084
one_contract_baseline,2026-01-02,1020.0,25000.0,0.5,0.0408
one_contract_baseline,2026-01-05,860.0,25000.0,0.5,0.0344
one_contract_baseline,2026-01-06,-870.0,25000.0,0.5,-0.0348
one_contract_baseline,2026-01-07,-180.0,25000.0,0.5,-0.0072
one_contract_baseline,2026-01-08,-1190.0,25000.0,0.5,-0.0476
one_contract_baseline,2026-01-09,830.0,25000.0,0.5,0.0332
one_contract_baseline,2026-01-12,340.0,25000.0,0.5,0.0136
one_contract_baseline,2026-01-13,-550.0,25000.0,0.5,-0.022
one_contract_baseline,2026-01-14,1110.0,25000.0,0.5,0.0444
one_contract_baseline,2026-01-15,-170.0,25000.0,0.5,-0.0068
one_contract_baseline,2026-01-16,1510.0,25000.0,0.5,0.0604
one_contract_baseline,2026-01-20,870.0,25000.0,0.5,0.0348
one_contract_baseline,2026-01-21,5200.0,25000.0,0.5,0.208
one_contract_baseline,2026-01-22,820.0,25000.0,0.5,0.0328
one_contract_baseline,2026-01-23,-110.0,25000.0,0.5,-0.0044
one_contract_baseline,2026-01-26,-150.0,25000.0,0.5,-0.006
one_contract_baseline,2026-01-27,1170.0,25000.0,0.5,0.0468
one_contract_baseline,2026-01-28,1260.0,25000.0,0.5,0.0504
one_contract_baseline,2026-01-29,3700.0,25000.0,0.5,0.148
one_contract_baseline,2026-01-30,-420.0,25000.0,0.5,-0.0168
one_contract_baseline,2026-02-02,-110.0,25000.0,0.5,-0.0044
one_contract_baseline,2026-02-03,2110.0,25000.0,0.5,0.0844
one_contract_baseline,2026-02-04,1240.0,25000.0,0.5,0.0496
one_contract_baseline,2026-02-05,2730.0,25000.0,0.5,0.1092
one_contract_baseline,2026-02-09,1180.0,25000.0,0.5,0.0472
one_contract_baseline,2026-02-10,60.0,25000.0,0.5,0.0024
one_contract_baseline,2026-02-11,2110.0,25000.0,0.5,0.0844
one_contract_baseline,2026-02-12,2200.0,25000.0,0.5,0.088
one_contract_baseline,2026-02-13,3390.0,25000.0,0.5,0.1356
one_contract_baseline,2026-02-17,5280.0,25000.0,0.5,0.2112
one_contract_baseline,2026-02-18,-560.0,25000.0,0.5,-0.0224
one_contract_baseline,2026-02-19,-250.0,25000.0,0.5,-0.01
one_contract_baseline,2026-02-20,1980.0,25000.0,0.5,0.0792
one_contract_baseline,2026-02-23,1600.0,25000.0,0.5,0.064
one_contract_baseline,2026-02-24,1430.0,25000.0,0.5,0.0572
one_contract_baseline,2026-02-25,-760.0,25000.0,0.5,-0.0304
one_contract_baseline,2026-02-26,-80.0,25000.0,0.5,-0.0032
one_contract_baseline,2026-02-27,720.0,25000.0,0.5,0.0288
one_contract_baseline,2026-03-02,1120.0,25000.0,0.5,0.0448
one_contract_baseline,2026-03-03,8670.0,25000.0,0.5,0.3468
one_contract_baseline,2026-03-04,-2480.0,25000.0,0.5,-0.0992
one_contract_baseline,2026-03-05,4400.0,25000.0,0.5,0.176
one_contract_baseline,2026-03-06,1610.0,25000.0,0.5,0.0644
one_contract_baseline,2026-03-09,830.0,25000.0,0.5,0.0332
one_contract_baseline,2026-03-10,-770.0,25000.0,0.5,-0.0308
one_contract_baseline,2026-03-11,-1210.0,25000.0,0.5,-0.0484
one_contract_baseline,2026-03-12,730.0,25000.0,0.5,0.0292
one_contract_baseline,2026-03-13,140.0,25000.0,0.5,0.0056
one_contract_baseline,2026-03-16,-1640.0,25000.0,0.5,-0.0656
one_contract_baseline,2026-03-17,-200.0,25000.0,0.5,-0.008
one_contract_baseline,2026-03-18,2230.0,25000.0,0.5,0.0892
one_contract_baseline,2026-03-19,1630.0,25000.0,0.5,0.0652
one_contract_baseline,2026-03-20,1950.0,25000.0,0.5,0.078
one_contract_baseline,2026-03-23,3190.0,25000.0,0.5,0.1276
one_contract_baseline,2026-03-24,1660.0,25000.0,0.5,0.0664
one_contract_baseline,2026-03-25,1310.0,25000.0,0.5,0.0524
one_contract_baseline,2026-03-26,-470.0,25000.0,0.5,-0.0188
one_contract_baseline,2026-03-27,850.0,25000.0,0.5,0.034
one_contract_baseline,2026-03-30,4680.0,25000.0,0.5,0.1872
one_contract_baseline,2026-03-31,2560.0,25000.0,0.5,0.1024
always_on_account_aware_sizer,2024-10-01,3210.0,25000.0,0.5,0.1284
always_on_account_aware_sizer,2024-10-02,2210.0,25000.0,0.5,0.0884
always_on_account_aware_sizer,2024-10-03,2150.0,25000.0,0.5,0.086
always_on_account_aware_sizer,2024-10-04,-970.0,25000.0,0.5,-0.0388
always_on_account_aware_sizer,2024-10-07,-230.0,25000.0,0.5,-0.0092
always_on_account_aware_sizer,2024-10-08,840.0,25000.0,0.5,0.0336
always_on_account_aware_sizer,2024-10-09,730.0,25000.0,0.5,0.0292
always_on_account_aware_sizer,2024-10-10,430.0,25000.0,0.5,0.0172
always_on_account_aware_sizer,2024-10-11,2270.0,25000.0,0.5,0.0908
always_on_account_aware_sizer,2024-10-14,-1230.0,25000.0,0.5,-0.0492
always_on_account_aware_sizer,2024-10-15,470.0,25000.0,0.5,0.0188
always_on_account_aware_sizer,2024-10-16,630.0,25000.0,0.5,0.0252
always_on_account_aware_sizer,2024-10-17,-220.0,25000.0,0.5,-0.0088
always_on_account_aware_sizer,2024-10-18,170.0,25000.0,0.5,0.0068
always_on_account_aware_sizer,2024-10-21,1870.0,25000.0,0.5,0.0748
always_on_account_aware_sizer,2024-10-22,-780.0,25000.0,0.5,-0.0312
always_on_account_aware_sizer,2024-10-23,870.0,25000.0,0.5,0.0348
always_on_account_aware_sizer,2024-10-24,-830.0,25000.0,0.5,-0.0332
always_on_account_aware_sizer,2024-10-25,2570.0,25000.0,0.5,0.1028
always_on_account_aware_sizer,2024-10-28,-380.0,25000.0,0.5,-0.0152
always_on_account_aware_sizer,2024-10-29,470.0,25000.0,0.5,0.0188
always_on_account_aware_sizer,2024-10-30,60.0,25000.0,0.5,0.0024
always_on_account_aware_sizer,2024-10-31,-1120.0,25000.0,0.5,-0.0448
always_on_account_aware_sizer,2024-11-01,1220.0,25000.0,0.5,0.0488
always_on_account_aware_sizer,2024-11-04,-140.0,25000.0,0.5,-0.0056
always_on_account_aware_sizer,2024-11-05,890.0,25000.0,0.5,0.0356
always_on_account_aware_sizer,2024-11-06,-680.0,25000.0,0.5,-0.0272
always_on_account_aware_sizer,2024-11-07,240.0,25000.0,0.5,0.0096
always_on_account_aware_sizer,2024-11-08,-220.0,25000.0,0.5,-0.0088
always_on_account_aware_sizer,2024-11-11,-360.0,25000.0,0.5,-0.0144
always_on_account_aware_sizer,2024-11-12,670.0,25000.0,0.5,0.0268
always_on_account_aware_sizer,2024-11-13,1150.0,25000.0,0.5,0.046
always_on_account_aware_sizer,2024-11-14,-70.0,25000.0,0.5,-0.0028
always_on_account_aware_sizer,2024-11-15,1420.0,25000.0,0.5,0.0568
always_on_account_aware_sizer,2024-11-18,1360.0,25000.0,0.5,0.0544
always_on_account_aware_sizer,2024-11-19,-1030.0,25000.0,0.5,-0.0412
always_on_account_aware_sizer,2024-11-20,3380.0,25000.0,0.5,0.1352
always_on_account_aware_sizer,2024-11-21,5310.0,25000.0,0.5,0.2124
always_on_account_aware_sizer,2024-11-22,-760.0,25000.0,0.5,-0.0304
always_on_account_aware_sizer,2024-11-25,-200.0,25000.0,0.5,-0.008
always_on_account_aware_sizer,2024-11-26,-1020.0,25000.0,0.5,-0.0408
always_on_account_aware_sizer,2024-11-27,240.0,25000.0,0.5,0.0096
always_on_account_aware_sizer,2024-11-29,610.0,25000.0,0.5,0.0244
always_on_account_aware_sizer,2024-12-02,-480.0,25000.0,0.5,-0.0192
always_on_account_aware_sizer,2024-12-03,-770.0,25000.0,0.5,-0.0308
always_on_account_aware_sizer,2024-12-04,-770.0,25000.0,0.5,-0.0308
always_on_account_aware_sizer,2024-12-05,-800.0,25000.0,0.5,-0.032
always_on_account_aware_sizer,2024-12-06,-110.0,25000.0,0.5,-0.0044
always_on_account_aware_sizer,2024-12-09,-800.0,25000.0,0.5,-0.032
always_on_account_aware_sizer,2024-12-10,90.0,25000.0,0.5,0.0036
always_on_account_aware_sizer,2024-12-11,-90.0,25000.0,0.5,-0.0036
always_on_account_aware_sizer,2024-12-12,-1180.0,25000.0,0.5,-0.0472
always_on_account_aware_sizer,2024-12-13,1020.0,25000.0,0.5,0.0408
always_on_account_aware_sizer,2024-12-16,370.0,25000.0,0.5,0.0148
always_on_account_aware_sizer,2024-12-17,790.0,25000.0,0.5,0.0316
always_on_account_aware_sizer,2024-12-18,250.0,25000.0,0.5,0.01
always_on_account_aware_sizer,2024-12-19,-100.0,25000.0,0.5,-0.004
always_on_account_aware_sizer,2024-12-20,3820.0,25000.0,0.5,0.1528
always_on_account_aware_sizer,2024-12-23,2060.0,25000.0,0.5,0.0824
always_on_account_aware_sizer,2024-12-24,450.0,25000.0,0.5,0.018
always_on_account_aware_sizer,2024-12-26,90.0,25000.0,0.5,0.0036
always_on_account_aware_sizer,2024-12-27,5570.0,25000.0,0.5,0.2228
always_on_account_aware_sizer,2024-12-30,-1450.0,25000.0,0.5,-0.058
always_on_account_aware_sizer,2024-12-31,590.0,25000.0,0.5,0.0236
always_on_account_aware_sizer,2025-07-01,-850.0,25000.0,0.5,-0.034
always_on_account_aware_sizer,2025-07-02,490.0,25000.0,0.5,0.0196
always_on_account_aware_sizer,2025-07-03,290.0,25000.0,0.5,0.0116
always_on_account_aware_sizer,2025-07-07,1000.0,25000.0,0.5,0.04
always_on_account_aware_sizer,2025-07-08,1420.0,25000.0,0.5,0.0568
always_on_account_aware_sizer,2025-07-09,380.0,25000.0,0.5,0.0152
always_on_account_aware_sizer,2025-07-10,900.0,25000.0,0.5,0.036
always_on_account_aware_sizer,2025-07-11,-290.0,25000.0,0.5,-0.0116
always_on_account_aware_sizer,2025-07-14,1080.0,25000.0,0.5,0.0432
always_on_account_aware_sizer,2025-07-15,1850.0,25000.0,0.5,0.074
always_on_account_aware_sizer,2025-07-16,3750.0,25000.0,0.5,0.15
always_on_account_aware_sizer,2025-07-17,1230.0,25000.0,0.5,0.0492
always_on_account_aware_sizer,2025-07-18,-190.0,25000.0,0.5,-0.0076
always_on_account_aware_sizer,2025-07-21,300.0,25000.0,0.5,0.012
always_on_account_aware_sizer,2025-07-22,990.0,25000.0,0.5,0.0396
always_on_account_aware_sizer,2025-07-23,-320.0,25000.0,0.5,-0.0128
always_on_account_aware_sizer,2025-07-24,-10.0,25000.0,0.5,-0.0004
always_on_account_aware_sizer,2025-07-25,470.0,25000.0,0.5,0.0188
always_on_account_aware_sizer,2025-07-28,220.0,25000.0,0.5,0.0088
always_on_account_aware_sizer,2025-07-29,340.0,25000.0,0.5,0.0136
always_on_account_aware_sizer,2025-07-30,2590.0,25000.0,0.5,0.1036
always_on_account_aware_sizer,2025-07-31,-1250.0,25000.0,0.5,-0.05
always_on_account_aware_sizer,2025-08-01,2500.0,25000.0,0.5,0.1
always_on_account_aware_sizer,2025-08-04,490.0,25000.0,0.5,0.0196
always_on_account_aware_sizer,2025-08-05,2740.0,25000.0,0.5,0.1096
always_on_account_aware_sizer,2025-08-06,3770.0,25000.0,0.5,0.1508
always_on_account_aware_sizer,2025-08-07,-1520.0,25000.0,0.5,-0.0608
always_on_account_aware_sizer,2025-08-08,240.0,25000.0,0.5,0.0096
always_on_account_aware_sizer,2025-08-11,-850.0,25000.0,0.5,-0.034
always_on_account_aware_sizer,2025-08-12,2070.0,25000.0,0.5,0.0828
always_on_account_aware_sizer,2025-08-13,960.0,25000.0,0.5,0.0384
always_on_account_aware_sizer,2025-08-14,-240.0,25000.0,0.5,-0.0096
always_on_account_aware_sizer,2025-08-15,-370.0,25000.0,0.5,-0.0148
always_on_account_aware_sizer,2025-08-18,-660.0,25000.0,0.5,-0.0264
always_on_account_aware_sizer,2025-08-19,1100.0,25000.0,0.5,0.044
always_on_account_aware_sizer,2025-08-20,-1010.0,25000.0,0.5,-0.0404
always_on_account_aware_sizer,2025-08-21,1840.0,25000.0,0.5,0.0736
always_on_account_aware_sizer,2025-08-22,7830.0,25000.0,0.5,0.3132
always_on_account_aware_sizer,2025-08-25,150.0,25000.0,0.5,0.006
always_on_account_aware_sizer,2025-08-26,160.0,25000.0,0.5,0.0064
always_on_account_aware_sizer,2025-08-27,160.0,25000.0,0.5,0.0064
always_on_account_aware_sizer,2025-08-28,-180.0,25000.0,0.5,-0.0072
always_on_account_aware_sizer,2025-08-29,300.0,25000.0,0.5,0.012
always_on_account_aware_sizer,2025-09-02,-1110.0,25000.0,0.5,-0.0444
always_on_account_aware_sizer,2025-09-03,-50.0,25000.0,0.5,-0.002
always_on_account_aware_sizer,2025-09-04,2310.0,25000.0,0.5,0.0924
always_on_account_aware_sizer,2025-09-05,5100.0,25000.0,0.5,0.204
always_on_account_aware_sizer,2025-09-08,1350.0,25000.0,0.5,0.054
always_on_account_aware_sizer,2025-09-09,140.0,25000.0,0.5,0.0056
always_on_account_aware_sizer,2025-09-10,-910.0,25000.0,0.5,-0.0364
always_on_account_aware_sizer,2025-09-11,860.0,25000.0,0.5,0.0344
always_on_account_aware_sizer,2025-09-12,140.0,25000.0,0.5,0.0056
always_on_account_aware_sizer,2025-09-15,170.0,25000.0,0.5,0.0068
always_on_account_aware_sizer,2025-09-16,-1100.0,25000.0,0.5,-0.044
always_on_account_aware_sizer,2025-09-17,8310.0,25000.0,0.5,0.3324
always_on_account_aware_sizer,2025-09-18,2100.0,25000.0,0.5,0.084
always_on_account_aware_sizer,2025-09-19,-20.0,25000.0,0.5,-0.0008
always_on_account_aware_sizer,2025-09-22,1950.0,25000.0,0.5,0.078
always_on_account_aware_sizer,2025-09-23,1770.0,25000.0,0.5,0.0708
always_on_account_aware_sizer,2025-09-24,-100.0,25000.0,0.5,-0.004
always_on_account_aware_sizer,2025-09-25,-1710.0,25000.0,0.5,-0.0684
always_on_account_aware_sizer,2025-09-26,3810.0,25000.0,0.5,0.1524
always_on_account_aware_sizer,2025-09-29,540.0,25000.0,0.5,0.0216
always_on_account_aware_sizer,2025-09-30,220.0,25000.0,0.5,0.0088
always_on_account_aware_sizer,2025-10-01,-620.0,25000.0,0.5,-0.0248
always_on_account_aware_sizer,2025-10-02,880.0,25000.0,0.5,0.0352
always_on_account_aware_sizer,2025-10-03,2840.0,25000.0,0.5,0.1136
always_on_account_aware_sizer,2025-10-06,400.0,25000.0,0.5,0.016
always_on_account_aware_sizer,2025-10-07,360.0,25000.0,0.5,0.0144
always_on_account_aware_sizer,2025-10-08,820.0,25000.0,0.5,0.0328
always_on_account_aware_sizer,2025-10-09,110.0,25000.0,0.5,0.0044
always_on_account_aware_sizer,2025-10-10,330.0,25000.0,0.5,0.0132
always_on_account_aware_sizer,2025-10-13,1640.0,25000.0,0.5,0.0656
always_on_account_aware_sizer,2025-10-14,460.0,25000.0,0.5,0.0184
always_on_account_aware_sizer,2025-10-15,2560.0,25000.0,0.5,0.1024
always_on_account_aware_sizer,2025-10-16,520.0,25000.0,0.5,0.0208
always_on_account_aware_sizer,2025-10-17,2810.0,25000.0,0.5,0.1124
always_on_account_aware_sizer,2025-10-20,1420.0,25000.0,0.5,0.0568
always_on_account_aware_sizer,2025-10-21,850.0,25000.0,0.5,0.034
always_on_account_aware_sizer,2025-10-22,1510.0,25000.0,0.5,0.0604
always_on_account_aware_sizer,2025-10-23,1050.0,25000.0,0.5,0.042
always_on_account_aware_sizer,2025-10-24,680.0,25000.0,0.5,0.0272
always_on_account_aware_sizer,2025-10-27,-30.0,25000.0,0.5,-0.0012
always_on_account_aware_sizer,2025-10-28,-480.0,25000.0,0.5,-0.0192
always_on_account_aware_sizer,2025-10-29,6520.0,25000.0,0.5,0.2608
always_on_account_aware_sizer,2025-10-30,310.0,25000.0,0.5,0.0124
always_on_account_aware_sizer,2025-10-31,1790.0,25000.0,0.5,0.0716
always_on_account_aware_sizer,2025-11-03,2400.0,25000.0,0.5,0.096
always_on_account_aware_sizer,2025-11-04,1190.0,25000.0,0.5,0.0476
always_on_account_aware_sizer,2025-11-05,550.0,25000.0,0.5,0.022
always_on_account_aware_sizer,2025-11-06,790.0,25000.0,0.5,0.0316
always_on_account_aware_sizer,2025-11-07,1110.0,25000.0,0.5,0.0444
always_on_account_aware_sizer,2025-11-10,-670.0,25000.0,0.5,-0.0268
always_on_account_aware_sizer,2025-11-11,980.0,25000.0,0.5,0.0392
always_on_account_aware_sizer,2025-11-12,1910.0,25000.0,0.5,0.0764
always_on_account_aware_sizer,2025-11-13,3540.0,25000.0,0.5,0.1416
always_on_account_aware_sizer,2025-11-14,4880.0,25000.0,0.5,0.1952
always_on_account_aware_sizer,2025-11-17,-810.0,25000.0,0.5,-0.0324
always_on_account_aware_sizer,2025-11-18,4080.0,25000.0,0.5,0.1632
always_on_account_aware_sizer,2025-11-19,2010.0,25000.0,0.5,0.0804
always_on_account_aware_sizer,2025-11-20,4570.0,25000.0,0.5,0.1828
always_on_account_aware_sizer,2025-11-21,6300.0,25000.0,0.5,0.252
always_on_account_aware_sizer,2025-11-24,2300.0,25000.0,0.5,0.092
always_on_account_aware_sizer,2025-11-25,-400.0,25000.0,0.5,-0.016
always_on_account_aware_sizer,2025-11-26,-1620.0,25000.0,0.5,-0.0648
always_on_account_aware_sizer,2025-11-28,-270.0,25000.0,0.5,-0.0108
always_on_account_aware_sizer,2025-12-01,1300.0,25000.0,0.5,0.052
always_on_account_aware_sizer,2025-12-02,1220.0,25000.0,0.5,0.0488
always_on_account_aware_sizer,2025-12-03,1720.0,25000.0,0.5,0.0688
always_on_account_aware_sizer,2025-12-04,1540.0,25000.0,0.5,0.0616
always_on_account_aware_sizer,2025-12-05,920.0,25000.0,0.5,0.0368
always_on_account_aware_sizer,2025-12-08,1630.0,25000.0,0.5,0.0652
always_on_account_aware_sizer,2025-12-09,-250.0,25000.0,0.5,-0.01
always_on_account_aware_sizer,2025-12-10,2570.0,25000.0,0.5,0.1028
always_on_account_aware_sizer,2025-12-11,-1660.0,25000.0,0.5,-0.0664
always_on_account_aware_sizer,2025-12-12,1120.0,25000.0,0.5,0.0448
always_on_account_aware_sizer,2025-12-15,660.0,25000.0,0.5,0.0264
always_on_account_aware_sizer,2025-12-16,-1150.0,25000.0,0.5,-0.046
always_on_account_aware_sizer,2025-12-17,1520.0,25000.0,0.5,0.0608
always_on_account_aware_sizer,2025-12-18,-1140.0,25000.0,0.5,-0.0456
always_on_account_aware_sizer,2025-12-19,180.0,25000.0,0.5,0.0072
always_on_account_aware_sizer,2025-12-22,310.0,25000.0,0.5,0.0124
always_on_account_aware_sizer,2025-12-23,810.0,25000.0,0.5,0.0324
always_on_account_aware_sizer,2025-12-24,-10.0,25000.0,0.5,-0.0004
always_on_account_aware_sizer,2025-12-26,-580.0,25000.0,0.5,-0.0232
always_on_account_aware_sizer,2025-12-29,-180.0,25000.0,0.5,-0.0072
always_on_account_aware_sizer,2025-12-30,-340.0,25000.0,0.5,-0.0136
always_on_account_aware_sizer,2025-12-31,-210.0,25000.0,0.5,-0.0084
always_on_account_aware_sizer,2026-01-02,3280.0,25000.0,0.5,0.1312
always_on_account_aware_sizer,2026-01-05,1240.0,25000.0,0.5,0.0496
always_on_account_aware_sizer,2026-01-06,-720.0,25000.0,0.5,-0.0288
always_on_account_aware_sizer,2026-01-07,280.0,25000.0,0.5,0.0112
always_on_account_aware_sizer,2026-01-08,-1040.0,25000.0,0.5,-0.0416
always_on_account_aware_sizer,2026-01-09,-1010.0,25000.0,0.5,-0.0404
always_on_account_aware_sizer,2026-01-12,340.0,25000.0,0.5,0.0136
always_on_account_aware_sizer,2026-01-13,-550.0,25000.0,0.5,-0.022
always_on_account_aware_sizer,2026-01-14,-790.0,25000.0,0.5,-0.0316
always_on_account_aware_sizer,2026-01-15,-170.0,25000.0,0.5,-0.0068
always_on_account_aware_sizer,2026-01-16,1510.0,25000.0,0.5,0.0604
always_on_account_aware_sizer,2026-01-20,890.0,25000.0,0.5,0.0356
always_on_account_aware_sizer,2026-01-21,6760.0,25000.0,0.5,0.2704
always_on_account_aware_sizer,2026-01-22,820.0,25000.0,0.5,0.0328
always_on_account_aware_sizer,2026-01-23,-110.0,25000.0,0.5,-0.0044
always_on_account_aware_sizer,2026-01-26,-150.0,25000.0,0.5,-0.006
always_on_account_aware_sizer,2026-01-27,1170.0,25000.0,0.5,0.0468
always_on_account_aware_sizer,2026-01-28,1260.0,25000.0,0.5,0.0504
always_on_account_aware_sizer,2026-01-29,3010.0,25000.0,0.5,0.1204
always_on_account_aware_sizer,2026-01-30,-420.0,25000.0,0.5,-0.0168
always_on_account_aware_sizer,2026-02-02,-110.0,25000.0,0.5,-0.0044
always_on_account_aware_sizer,2026-02-03,2110.0,25000.0,0.5,0.0844
always_on_account_aware_sizer,2026-02-04,-1450.0,25000.0,0.5,-0.058
always_on_account_aware_sizer,2026-02-05,2280.0,25000.0,0.5,0.0912
always_on_account_aware_sizer,2026-02-09,1280.0,25000.0,0.5,0.0512
always_on_account_aware_sizer,2026-02-10,60.0,25000.0,0.5,0.0024
always_on_account_aware_sizer,2026-02-11,550.0,25000.0,0.5,0.022
always_on_account_aware_sizer,2026-02-12,2200.0,25000.0,0.5,0.088
always_on_account_aware_sizer,2026-02-13,4010.0,25000.0,0.5,0.1604
always_on_account_aware_sizer,2026-02-17,5280.0,25000.0,0.5,0.2112
always_on_account_aware_sizer,2026-02-18,-970.0,25000.0,0.5,-0.0388
always_on_account_aware_sizer,2026-02-19,-250.0,25000.0,0.5,-0.01
always_on_account_aware_sizer,2026-02-20,1980.0,25000.0,0.5,0.0792
always_on_account_aware_sizer,2026-02-23,1650.0,25000.0,0.5,0.066
always_on_account_aware_sizer,2026-02-24,1870.0,25000.0,0.5,0.0748
always_on_account_aware_sizer,2026-02-25,-760.0,25000.0,0.5,-0.0304
always_on_account_aware_sizer,2026-02-26,-80.0,25000.0,0.5,-0.0032
always_on_account_aware_sizer,2026-02-27,720.0,25000.0,0.5,0.0288
always_on_account_aware_sizer,2026-03-02,-970.0,25000.0,0.5,-0.0388
always_on_account_aware_sizer,2026-03-03,9960.0,25000.0,0.5,0.3984
always_on_account_aware_sizer,2026-03-04,-1940.0,25000.0,0.5,-0.0776
always_on_account_aware_sizer,2026-03-05,4400.0,25000.0,0.5,0.176
always_on_account_aware_sizer,2026-03-06,1610.0,25000.0,0.5,0.0644
always_on_account_aware_sizer,2026-03-09,830.0,25000.0,0.5,0.0332
always_on_account_aware_sizer,2026-03-10,-1230.0,25000.0,0.5,-0.0492
always_on_account_aware_sizer,2026-03-11,-1790.0,25000.0,0.5,-0.0716
always_on_account_aware_sizer,2026-03-12,730.0,25000.0,0.5,0.0292
always_on_account_aware_sizer,2026-03-13,-1120.0,25000.0,0.5,-0.0448
always_on_account_aware_sizer,2026-03-16,-960.0,25000.0,0.5,-0.0384
always_on_account_aware_sizer,2026-03-17,-820.0,25000.0,0.5,-0.0328
always_on_account_aware_sizer,2026-03-18,2230.0,25000.0,0.5,0.0892
always_on_account_aware_sizer,2026-03-19,2190.0,25000.0,0.5,0.0876
always_on_account_aware_sizer,2026-03-20,1920.0,25000.0,0.5,0.0768
always_on_account_aware_sizer,2026-03-23,3330.0,25000.0,0.5,0.1332
always_on_account_aware_sizer,2026-03-24,1660.0,25000.0,0.5,0.0664
always_on_account_aware_sizer,2026-03-25,-750.0,25000.0,0.5,-0.03
always_on_account_aware_sizer,2026-03-26,-330.0,25000.0,0.5,-0.0132
always_on_account_aware_sizer,2026-03-27,1270.0,25000.0,0.5,0.0508
always_on_account_aware_sizer,2026-03-30,4940.0,25000.0,0.5,0.1976
always_on_account_aware_sizer,2026-03-31,3610.0,25000.0,0.5,0.1444
one_contract_baseline,2024-10-01,3910.0,30000.0,0.0,0.130333
one_contract_baseline,2024-10-02,2510.0,30000.0,0.0,0.083667
one_contract_baseline,2024-10-03,2550.0,30000.0,0.0,0.085
one_contract_baseline,2024-10-04,2310.0,30000.0,0.0,0.077
one_contract_baseline,2024-10-07,170.0,30000.0,0.0,0.005667
one_contract_baseline,2024-10-08,1040.0,30000.0,0.0,0.034667
one_contract_baseline,2024-10-09,1030.0,30000.0,0.0,0.034333
one_contract_baseline,2024-10-10,630.0,30000.0,0.0,0.021
one_contract_baseline,2024-10-11,2670.0,30000.0,0.0,0.089
one_contract_baseline,2024-10-14,-680.0,30000.0,0.0,-0.022667
one_contract_baseline,2024-10-15,670.0,30000.0,0.0,0.022333
one_contract_baseline,2024-10-16,930.0,30000.0,0.0,0.031
one_contract_baseline,2024-10-17,180.0,30000.0,0.0,0.006
one_contract_baseline,2024-10-18,670.0,30000.0,0.0,0.022333
one_contract_baseline,2024-10-21,2170.0,30000.0,0.0,0.072333
one_contract_baseline,2024-10-22,-480.0,30000.0,0.0,-0.016
one_contract_baseline,2024-10-23,1170.0,30000.0,0.0,0.039
one_contract_baseline,2024-10-24,-630.0,30000.0,0.0,-0.021
one_contract_baseline,2024-10-25,3070.0,30000.0,0.0,0.102333
one_contract_baseline,2024-10-28,-180.0,30000.0,0.0,-0.006
one_contract_baseline,2024-10-29,770.0,30000.0,0.0,0.025667
one_contract_baseline,2024-10-30,360.0,30000.0,0.0,0.012
one_contract_baseline,2024-10-31,-2080.0,30000.0,0.0,-0.069333
one_contract_baseline,2024-11-01,1720.0,30000.0,0.0,0.057333
one_contract_baseline,2024-11-04,60.0,30000.0,0.0,0.002
one_contract_baseline,2024-11-05,1590.0,30000.0,0.0,0.053
one_contract_baseline,2024-11-06,20.0,30000.0,0.0,0.000667
one_contract_baseline,2024-11-07,440.0,30000.0,0.0,0.014667
one_contract_baseline,2024-11-08,-20.0,30000.0,0.0,-0.000667
one_contract_baseline,2024-11-11,-160.0,30000.0,0.0,-0.005333
one_contract_baseline,2024-11-12,870.0,30000.0,0.0,0.029
one_contract_baseline,2024-11-13,1450.0,30000.0,0.0,0.048333
one_contract_baseline,2024-11-14,230.0,30000.0,0.0,0.007667
one_contract_baseline,2024-11-15,1720.0,30000.0,0.0,0.057333
one_contract_baseline,2024-11-18,1560.0,30000.0,0.0,0.052
one_contract_baseline,2024-11-19,1490.0,30000.0,0.0,0.049667
one_contract_baseline,2024-11-20,3880.0,30000.0,0.0,0.129333
one_contract_baseline,2024-11-21,5710.0,30000.0,0.0,0.190333
one_contract_baseline,2024-11-22,-1300.0,30000.0,0.0,-0.043333
one_contract_baseline,2024-11-25,590.0,30000.0,0.0,0.019667
one_contract_baseline,2024-11-26,-890.0,30000.0,0.0,-0.029667
one_contract_baseline,2024-11-27,640.0,30000.0,0.0,0.021333
one_contract_baseline,2024-11-29,710.0,30000.0,0.0,0.023667
one_contract_baseline,2024-12-02,-280.0,30000.0,0.0,-0.009333
one_contract_baseline,2024-12-03,-640.0,30000.0,0.0,-0.021333
one_contract_baseline,2024-12-04,-460.0,30000.0,0.0,-0.015333
one_contract_baseline,2024-12-05,-580.0,30000.0,0.0,-0.019333
one_contract_baseline,2024-12-06,190.0,30000.0,0.0,0.006333
one_contract_baseline,2024-12-09,70.0,30000.0,0.0,0.002333
one_contract_baseline,2024-12-10,290.0,30000.0,0.0,0.009667
one_contract_baseline,2024-12-11,110.0,30000.0,0.0,0.003667
one_contract_baseline,2024-12-12,-1190.0,30000.0,0.0,-0.039667
one_contract_baseline,2024-12-13,1220.0,30000.0,0.0,0.040667
one_contract_baseline,2024-12-16,670.0,30000.0,0.0,0.022333
one_contract_baseline,2024-12-17,1190.0,30000.0,0.0,0.039667
one_contract_baseline,2024-12-18,550.0,30000.0,0.0,0.018333
one_contract_baseline,2024-12-19,200.0,30000.0,0.0,0.006667
one_contract_baseline,2024-12-20,4020.0,30000.0,0.0,0.134
one_contract_baseline,2024-12-23,2170.0,30000.0,0.0,0.072333
one_contract_baseline,2024-12-24,550.0,30000.0,0.0,0.018333
one_contract_baseline,2024-12-26,390.0,30000.0,0.0,0.013
one_contract_baseline,2024-12-27,5400.0,30000.0,0.0,0.18
one_contract_baseline,2024-12-30,450.0,30000.0,0.0,0.015
one_contract_baseline,2024-12-31,890.0,30000.0,0.0,0.029667
one_contract_baseline,2025-07-01,320.0,30000.0,0.0,0.010667
one_contract_baseline,2025-07-02,690.0,30000.0,0.0,0.023
one_contract_baseline,2025-07-03,490.0,30000.0,0.0,0.016333
one_contract_baseline,2025-07-07,1580.0,30000.0,0.0,0.052667
one_contract_baseline,2025-07-08,1010.0,30000.0,0.0,0.033667
one_contract_baseline,2025-07-09,670.0,30000.0,0.0,0.022333
one_contract_baseline,2025-07-10,1020.0,30000.0,0.0,0.034
one_contract_baseline,2025-07-11,360.0,30000.0,0.0,0.012
one_contract_baseline,2025-07-14,870.0,30000.0,0.0,0.029
one_contract_baseline,2025-07-15,1480.0,30000.0,0.0,0.049333
one_contract_baseline,2025-07-16,3940.0,30000.0,0.0,0.131333
one_contract_baseline,2025-07-17,1240.0,30000.0,0.0,0.041333
one_contract_baseline,2025-07-18,-90.0,30000.0,0.0,-0.003
one_contract_baseline,2025-07-21,500.0,30000.0,0.0,0.016667
one_contract_baseline,2025-07-22,850.0,30000.0,0.0,0.028333
one_contract_baseline,2025-07-23,-20.0,30000.0,0.0,-0.000667
one_contract_baseline,2025-07-24,360.0,30000.0,0.0,0.012
one_contract_baseline,2025-07-25,450.0,30000.0,0.0,0.015
one_contract_baseline,2025-07-28,660.0,30000.0,0.0,0.022
one_contract_baseline,2025-07-29,540.0,30000.0,0.0,0.018
one_contract_baseline,2025-07-30,2750.0,30000.0,0.0,0.091667
one_contract_baseline,2025-07-31,-140.0,30000.0,0.0,-0.004667
one_contract_baseline,2025-08-01,2520.0,30000.0,0.0,0.084
one_contract_baseline,2025-08-04,750.0,30000.0,0.0,0.025
one_contract_baseline,2025-08-05,2840.0,30000.0,0.0,0.094667
one_contract_baseline,2025-08-06,2510.0,30000.0,0.0,0.083667
one_contract_baseline,2025-08-07,-160.0,30000.0,0.0,-0.005333
one_contract_baseline,2025-08-08,440.0,30000.0,0.0,0.014667
one_contract_baseline,2025-08-11,-650.0,30000.0,0.0,-0.021667
one_contract_baseline,2025-08-12,2670.0,30000.0,0.0,0.089
one_contract_baseline,2025-08-13,780.0,30000.0,0.0,0.026
one_contract_baseline,2025-08-14,150.0,30000.0,0.0,0.005
one_contract_baseline,2025-08-15,520.0,30000.0,0.0,0.017333
one_contract_baseline,2025-08-18,-160.0,30000.0,0.0,-0.005333
one_contract_baseline,2025-08-19,1470.0,30000.0,0.0,0.049
one_contract_baseline,2025-08-20,1610.0,30000.0,0.0,0.053667
one_contract_baseline,2025-08-21,2080.0,30000.0,0.0,0.069333
one_contract_baseline,2025-08-22,4940.0,30000.0,0.0,0.164667
one_contract_baseline,2025-08-25,450.0,30000.0,0.0,0.015
one_contract_baseline,2025-08-26,100.0,30000.0,0.0,0.003333
one_contract_baseline,2025-08-27,360.0,30000.0,0.0,0.012
one_contract_baseline,2025-08-28,400.0,30000.0,0.0,0.013333
one_contract_baseline,2025-08-29,910.0,30000.0,0.0,0.030333
one_contract_baseline,2025-09-02,-810.0,30000.0,0.0,-0.027
one_contract_baseline,2025-09-03,450.0,30000.0,0.0,0.015
one_contract_baseline,2025-09-04,2350.0,30000.0,0.0,0.078333
one_contract_baseline,2025-09-05,5110.0,30000.0,0.0,0.170333
one_contract_baseline,2025-09-08,1380.0,30000.0,0.0,0.046
one_contract_baseline,2025-09-09,370.0,30000.0,0.0,0.012333
one_contract_baseline,2025-09-10,-440.0,30000.0,0.0,-0.014667
one_contract_baseline,2025-09-11,1280.0,30000.0,0.0,0.042667
one_contract_baseline,2025-09-12,640.0,30000.0,0.0,0.021333
one_contract_baseline,2025-09-15,470.0,30000.0,0.0,0.015667
one_contract_baseline,2025-09-16,-350.0,30000.0,0.0,-0.011667
one_contract_baseline,2025-09-17,4920.0,30000.0,0.0,0.164
one_contract_baseline,2025-09-18,1570.0,30000.0,0.0,0.052333
one_contract_baseline,2025-09-19,520.0,30000.0,0.0,0.017333
one_contract_baseline,2025-09-22,1310.0,30000.0,0.0,0.043667
one_contract_baseline,2025-09-23,1580.0,30000.0,0.0,0.052667
one_contract_baseline,2025-09-24,200.0,30000.0,0.0,0.006667
one_contract_baseline,2025-09-25,-1200.0,30000.0,0.0,-0.04
one_contract_baseline,2025-09-26,4330.0,30000.0,0.0,0.144333
one_contract_baseline,2025-09-29,380.0,30000.0,0.0,0.012667
one_contract_baseline,2025-09-30,620.0,30000.0,0.0,0.020667
one_contract_baseline,2025-10-01,-420.0,30000.0,0.0,-0.014
one_contract_baseline,2025-10-02,1280.0,30000.0,0.0,0.042667
one_contract_baseline,2025-10-03,1880.0,30000.0,0.0,0.062667
one_contract_baseline,2025-10-06,1100.0,30000.0,0.0,0.036667
one_contract_baseline,2025-10-07,660.0,30000.0,0.0,0.022
one_contract_baseline,2025-10-08,1310.0,30000.0,0.0,0.043667
one_contract_baseline,2025-10-09,410.0,30000.0,0.0,0.013667
one_contract_baseline,2025-10-10,730.0,30000.0,0.0,0.024333
one_contract_baseline,2025-10-13,2040.0,30000.0,0.0,0.068
one_contract_baseline,2025-10-14,1260.0,30000.0,0.0,0.042
one_contract_baseline,2025-10-15,3460.0,30000.0,0.0,0.115333
one_contract_baseline,2025-10-16,820.0,30000.0,0.0,0.027333
one_contract_baseline,2025-10-17,3510.0,30000.0,0.0,0.117
one_contract_baseline,2025-10-20,1820.0,30000.0,0.0,0.060667
one_contract_baseline,2025-10-21,1050.0,30000.0,0.0,0.035
one_contract_baseline,2025-10-22,1910.0,30000.0,0.0,0.063667
one_contract_baseline,2025-10-23,1450.0,30000.0,0.0,0.048333
one_contract_baseline,2025-10-24,1080.0,30000.0,0.0,0.036
one_contract_baseline,2025-10-27,650.0,30000.0,0.0,0.021667
one_contract_baseline,2025-10-28,20.0,30000.0,0.0,0.000667
one_contract_baseline,2025-10-29,5850.0,30000.0,0.0,0.195
one_contract_baseline,2025-10-30,620.0,30000.0,0.0,0.020667
one_contract_baseline,2025-10-31,2490.0,30000.0,0.0,0.083
one_contract_baseline,2025-11-03,2930.0,30000.0,0.0,0.097667
one_contract_baseline,2025-11-04,1850.0,30000.0,0.0,0.061667
one_contract_baseline,2025-11-05,850.0,30000.0,0.0,0.028333
one_contract_baseline,2025-11-06,990.0,30000.0,0.0,0.033
one_contract_baseline,2025-11-07,1610.0,30000.0,0.0,0.053667
one_contract_baseline,2025-11-10,-270.0,30000.0,0.0,-0.009
one_contract_baseline,2025-11-11,1380.0,30000.0,0.0,0.046
one_contract_baseline,2025-11-12,2310.0,30000.0,0.0,0.077
one_contract_baseline,2025-11-13,3940.0,30000.0,0.0,0.131333
one_contract_baseline,2025-11-14,5780.0,30000.0,0.0,0.192667
one_contract_baseline,2025-11-17,880.0,30000.0,0.0,0.029333
one_contract_baseline,2025-11-18,4780.0,30000.0,0.0,0.159333
one_contract_baseline,2025-11-19,3770.0,30000.0,0.0,0.125667
one_contract_baseline,2025-11-20,5170.0,30000.0,0.0,0.172333
one_contract_baseline,2025-11-21,7400.0,30000.0,0.0,0.246667
one_contract_baseline,2025-11-24,2700.0,30000.0,0.0,0.09
one_contract_baseline,2025-11-25,-100.0,30000.0,0.0,-0.003333
one_contract_baseline,2025-11-26,-1420.0,30000.0,0.0,-0.047333
one_contract_baseline,2025-11-28,30.0,30000.0,0.0,0.001
one_contract_baseline,2025-12-01,1600.0,30000.0,0.0,0.053333
one_contract_baseline,2025-12-02,1520.0,30000.0,0.0,0.050667
one_contract_baseline,2025-12-03,1850.0,30000.0,0.0,0.061667
one_contract_baseline,2025-12-04,1440.0,30000.0,0.0,0.048
one_contract_baseline,2025-12-05,1620.0,30000.0,0.0,0.054
one_contract_baseline,2025-12-08,2030.0,30000.0,0.0,0.067667
one_contract_baseline,2025-12-09,250.0,30000.0,0.0,0.008333
one_contract_baseline,2025-12-10,2970.0,30000.0,0.0,0.099
one_contract_baseline,2025-12-11,-1540.0,30000.0,0.0,-0.051333
one_contract_baseline,2025-12-12,1320.0,30000.0,0.0,0.044
one_contract_baseline,2025-12-15,810.0,30000.0,0.0,0.027
one_contract_baseline,2025-12-16,-950.0,30000.0,0.0,-0.031667
one_contract_baseline,2025-12-17,1720.0,30000.0,0.0,0.057333
one_contract_baseline,2025-12-18,-260.0,30000.0,0.0,-0.008667
one_contract_baseline,2025-12-19,680.0,30000.0,0.0,0.022667
one_contract_baseline,2025-12-22,610.0,30000.0,0.0,0.020333
one_contract_baseline,2025-12-23,1010.0,30000.0,0.0,0.033667
one_contract_baseline,2025-12-24,190.0,30000.0,0.0,0.006333
one_contract_baseline,2025-12-26,-280.0,30000.0,0.0,-0.009333
one_contract_baseline,2025-12-29,220.0,30000.0,0.0,0.007333
one_contract_baseline,2025-12-30,460.0,30000.0,0.0,0.015333
one_contract_baseline,2025-12-31,190.0,30000.0,0.0,0.006333
one_contract_baseline,2026-01-02,1420.0,30000.0,0.0,0.047333
one_contract_baseline,2026-01-05,1160.0,30000.0,0.0,0.038667
one_contract_baseline,2026-01-06,-570.0,30000.0,0.0,-0.019
one_contract_baseline,2026-01-07,220.0,30000.0,0.0,0.007333
one_contract_baseline,2026-01-08,-990.0,30000.0,0.0,-0.033
one_contract_baseline,2026-01-09,1130.0,30000.0,0.0,0.037667
one_contract_baseline,2026-01-12,740.0,30000.0,0.0,0.024667
one_contract_baseline,2026-01-13,-150.0,30000.0,0.0,-0.005
one_contract_baseline,2026-01-14,1510.0,30000.0,0.0,0.050333
one_contract_baseline,2026-01-15,130.0,30000.0,0.0,0.004333
one_contract_baseline,2026-01-16,1710.0,30000.0,0.0,0.057
one_contract_baseline,2026-01-20,1270.0,30000.0,0.0,0.042333
one_contract_baseline,2026-01-21,5600.0,30000.0,0.0,0.186667
one_contract_baseline,2026-01-22,1220.0,30000.0,0.0,0.040667
one_contract_baseline,2026-01-23,190.0,30000.0,0.0,0.006333
one_contract_baseline,2026-01-26,50.0,30000.0,0.0,0.001667
one_contract_baseline,2026-01-27,1570.0,30000.0,0.0,0.052333
one_contract_baseline,2026-01-28,1560.0,30000.0,0.0,0.052
one_contract_baseline,2026-01-29,4300.0,30000.0,0.0,0.143333
one_contract_baseline,2026-01-30,-220.0,30000.0,0.0,-0.007333
one_contract_baseline,2026-02-02,-10.0,30000.0,0.0,-0.000333
one_contract_baseline,2026-02-03,2510.0,30000.0,0.0,0.083667
one_contract_baseline,2026-02-04,1740.0,30000.0,0.0,0.058
one_contract_baseline,2026-02-05,3430.0,30000.0,0.0,0.114333
one_contract_baseline,2026-02-09,1480.0,30000.0,0.0,0.049333
one_contract_baseline,2026-02-10,260.0,30000.0,0.0,0.008667
one_contract_baseline,2026-02-11,2610.0,30000.0,0.0,0.087
one_contract_baseline,2026-02-12,2400.0,30000.0,0.0,0.08
one_contract_baseline,2026-02-13,4090.0,30000.0,0.0,0.136333
one_contract_baseline,2026-02-17,5580.0,30000.0,0.0,0.186
one_contract_baseline,2026-02-18,-160.0,30000.0,0.0,-0.005333
one_contract_baseline,2026-02-19,250.0,30000.0,0.0,0.008333
one_contract_baseline,2026-02-20,2480.0,30000.0,0.0,0.082667
one_contract_baseline,2026-02-23,2000.0,30000.0,0.0,0.066667
one_contract_baseline,2026-02-24,1830.0,30000.0,0.0,0.061
one_contract_baseline,2026-02-25,-560.0,30000.0,0.0,-0.018667
one_contract_baseline,2026-02-26,220.0,30000.0,0.0,0.007333
one_contract_baseline,2026-02-27,1220.0,30000.0,0.0,0.040667
one_contract_baseline,2026-03-02,1520.0,30000.0,0.0,0.050667
one_contract_baseline,2026-03-03,9270.0,30000.0,0.0,0.309
one_contract_baseline,2026-03-04,-1980.0,30000.0,0.0,-0.066
one_contract_baseline,2026-03-05,4900.0,30000.0,0.0,0.163333
one_contract_baseline,2026-03-06,2010.0,30000.0,0.0,0.067
one_contract_baseline,2026-03-09,1130.0,30000.0,0.0,0.037667
one_contract_baseline,2026-03-10,-470.0,30000.0,0.0,-0.015667
one_contract_baseline,2026-03-11,-910.0,30000.0,0.0,-0.030333
one_contract_baseline,2026-03-12,1330.0,30000.0,0.0,0.044333
one_contract_baseline,2026-03-13,740.0,30000.0,0.0,0.024667
one_contract_baseline,2026-03-16,-1140.0,30000.0,0.0,-0.038
one_contract_baseline,2026-03-17,200.0,30000.0,0.0,0.006667
one_contract_baseline,2026-03-18,2430.0,30000.0,0.0,0.081
one_contract_baseline,2026-03-19,2230.0,30000.0,0.0,0.074333
one_contract_baseline,2026-03-20,2650.0,30000.0,0.0,0.088333
one_contract_baseline,2026-03-23,3790.0,30000.0,0.0,0.126333
one_contract_baseline,2026-03-24,2060.0,30000.0,0.0,0.068667
one_contract_baseline,2026-03-25,1910.0,30000.0,0.0,0.063667
one_contract_baseline,2026-03-26,130.0,30000.0,0.0,0.004333
one_contract_baseline,2026-03-27,1650.0,30000.0,0.0,0.055
one_contract_baseline,2026-03-30,5380.0,30000.0,0.0,0.179333
one_contract_baseline,2026-03-31,2960.0,30000.0,0.0,0.098667
always_on_account_aware_sizer,2024-10-01,3910.0,30000.0,0.0,0.130333
always_on_account_aware_sizer,2024-10-02,2510.0,30000.0,0.0,0.083667
always_on_account_aware_sizer,2024-10-03,2550.0,30000.0,0.0,0.085
always_on_account_aware_sizer,2024-10-04,-870.0,30000.0,0.0,-0.029
always_on_account_aware_sizer,2024-10-07,170.0,30000.0,0.0,0.005667
always_on_account_aware_sizer,2024-10-08,1040.0,30000.0,0.0,0.034667
always_on_account_aware_sizer,2024-10-09,1030.0,30000.0,0.0,0.034333
always_on_account_aware_sizer,2024-10-10,630.0,30000.0,0.0,0.021
always_on_account_aware_sizer,2024-10-11,2670.0,30000.0,0.0,0.089
always_on_account_aware_sizer,2024-10-14,-930.0,30000.0,0.0,-0.031
always_on_account_aware_sizer,2024-10-15,670.0,30000.0,0.0,0.022333
always_on_account_aware_sizer,2024-10-16,930.0,30000.0,0.0,0.031
always_on_account_aware_sizer,2024-10-17,180.0,30000.0,0.0,0.006
always_on_account_aware_sizer,2024-10-18,670.0,30000.0,0.0,0.022333
always_on_account_aware_sizer,2024-10-21,2170.0,30000.0,0.0,0.072333
always_on_account_aware_sizer,2024-10-22,-480.0,30000.0,0.0,-0.016
always_on_account_aware_sizer,2024-10-23,1170.0,30000.0,0.0,0.039
always_on_account_aware_sizer,2024-10-24,-630.0,30000.0,0.0,-0.021
always_on_account_aware_sizer,2024-10-25,3070.0,30000.0,0.0,0.102333
always_on_account_aware_sizer,2024-10-28,-180.0,30000.0,0.0,-0.006
always_on_account_aware_sizer,2024-10-29,770.0,30000.0,0.0,0.025667
always_on_account_aware_sizer,2024-10-30,360.0,30000.0,0.0,0.012
always_on_account_aware_sizer,2024-10-31,-1020.0,30000.0,0.0,-0.034
always_on_account_aware_sizer,2024-11-01,1590.0,30000.0,0.0,0.053
always_on_account_aware_sizer,2024-11-04,60.0,30000.0,0.0,0.002
always_on_account_aware_sizer,2024-11-05,1630.0,30000.0,0.0,0.054333
always_on_account_aware_sizer,2024-11-06,20.0,30000.0,0.0,0.000667
always_on_account_aware_sizer,2024-11-07,440.0,30000.0,0.0,0.014667
always_on_account_aware_sizer,2024-11-08,-20.0,30000.0,0.0,-0.000667
always_on_account_aware_sizer,2024-11-11,-320.0,30000.0,0.0,-0.010667
always_on_account_aware_sizer,2024-11-12,870.0,30000.0,0.0,0.029
always_on_account_aware_sizer,2024-11-13,1720.0,30000.0,0.0,0.057333
always_on_account_aware_sizer,2024-11-14,180.0,30000.0,0.0,0.006
always_on_account_aware_sizer,2024-11-15,2040.0,30000.0,0.0,0.068
always_on_account_aware_sizer,2024-11-18,1560.0,30000.0,0.0,0.052
always_on_account_aware_sizer,2024-11-19,-830.0,30000.0,0.0,-0.027667
always_on_account_aware_sizer,2024-11-20,3880.0,30000.0,0.0,0.129333
always_on_account_aware_sizer,2024-11-21,5710.0,30000.0,0.0,0.190333
always_on_account_aware_sizer,2024-11-22,-790.0,30000.0,0.0,-0.026333
always_on_account_aware_sizer,2024-11-25,500.0,30000.0,0.0,0.016667
always_on_account_aware_sizer,2024-11-26,-820.0,30000.0,0.0,-0.027333
always_on_account_aware_sizer,2024-11-27,640.0,30000.0,0.0,0.021333
always_on_account_aware_sizer,2024-11-29,710.0,30000.0,0.0,0.023667
always_on_account_aware_sizer,2024-12-02,-280.0,30000.0,0.0,-0.009333
always_on_account_aware_sizer,2024-12-03,-640.0,30000.0,0.0,-0.021333
always_on_account_aware_sizer,2024-12-04,-460.0,30000.0,0.0,-0.015333
always_on_account_aware_sizer,2024-12-05,-580.0,30000.0,0.0,-0.019333
always_on_account_aware_sizer,2024-12-06,190.0,30000.0,0.0,0.006333
always_on_account_aware_sizer,2024-12-09,70.0,30000.0,0.0,0.002333
always_on_account_aware_sizer,2024-12-10,290.0,30000.0,0.0,0.009667
always_on_account_aware_sizer,2024-12-11,110.0,30000.0,0.0,0.003667
always_on_account_aware_sizer,2024-12-12,-1080.0,30000.0,0.0,-0.036
always_on_account_aware_sizer,2024-12-13,1220.0,30000.0,0.0,0.040667
always_on_account_aware_sizer,2024-12-16,670.0,30000.0,0.0,0.022333
always_on_account_aware_sizer,2024-12-17,1630.0,30000.0,0.0,0.054333
always_on_account_aware_sizer,2024-12-18,550.0,30000.0,0.0,0.018333
always_on_account_aware_sizer,2024-12-19,200.0,30000.0,0.0,0.006667
always_on_account_aware_sizer,2024-12-20,4020.0,30000.0,0.0,0.134
always_on_account_aware_sizer,2024-12-23,2760.0,30000.0,0.0,0.092
always_on_account_aware_sizer,2024-12-24,550.0,30000.0,0.0,0.018333
always_on_account_aware_sizer,2024-12-26,390.0,30000.0,0.0,0.013
always_on_account_aware_sizer,2024-12-27,6070.0,30000.0,0.0,0.202333
always_on_account_aware_sizer,2024-12-30,-1250.0,30000.0,0.0,-0.041667
always_on_account_aware_sizer,2024-12-31,890.0,30000.0,0.0,0.029667
always_on_account_aware_sizer,2025-07-01,-10.0,30000.0,0.0,-0.000333
always_on_account_aware_sizer,2025-07-02,690.0,30000.0,0.0,0.023
always_on_account_aware_sizer,2025-07-03,950.0,30000.0,0.0,0.031667
always_on_account_aware_sizer,2025-07-07,3070.0,30000.0,0.0,0.102333
always_on_account_aware_sizer,2025-07-08,2020.0,30000.0,0.0,0.067333
always_on_account_aware_sizer,2025-07-09,1080.0,30000.0,0.0,0.036
always_on_account_aware_sizer,2025-07-10,2000.0,30000.0,0.0,0.066667
always_on_account_aware_sizer,2025-07-11,780.0,30000.0,0.0,0.026
always_on_account_aware_sizer,2025-07-14,1580.0,30000.0,0.0,0.052667
always_on_account_aware_sizer,2025-07-15,2750.0,30000.0,0.0,0.091667
always_on_account_aware_sizer,2025-07-16,4650.0,30000.0,0.0,0.155
always_on_account_aware_sizer,2025-07-17,2010.0,30000.0,0.0,0.067
always_on_account_aware_sizer,2025-07-18,-90.0,30000.0,0.0,-0.003
always_on_account_aware_sizer,2025-07-21,500.0,30000.0,0.0,0.016667
always_on_account_aware_sizer,2025-07-22,1490.0,30000.0,0.0,0.049667
always_on_account_aware_sizer,2025-07-23,-90.0,30000.0,0.0,-0.003
always_on_account_aware_sizer,2025-07-24,720.0,30000.0,0.0,0.024
always_on_account_aware_sizer,2025-07-25,770.0,30000.0,0.0,0.025667
always_on_account_aware_sizer,2025-07-28,1040.0,30000.0,0.0,0.034667
always_on_account_aware_sizer,2025-07-29,1620.0,30000.0,0.0,0.054
always_on_account_aware_sizer,2025-07-30,4850.0,30000.0,0.0,0.161667
always_on_account_aware_sizer,2025-07-31,-1050.0,30000.0,0.0,-0.035
always_on_account_aware_sizer,2025-08-01,3860.0,30000.0,0.0,0.128667
always_on_account_aware_sizer,2025-08-04,890.0,30000.0,0.0,0.029667
always_on_account_aware_sizer,2025-08-05,3980.0,30000.0,0.0,0.132667
always_on_account_aware_sizer,2025-08-06,4960.0,30000.0,0.0,0.165333
always_on_account_aware_sizer,2025-08-07,-1420.0,30000.0,0.0,-0.047333
always_on_account_aware_sizer,2025-08-08,440.0,30000.0,0.0,0.014667
always_on_account_aware_sizer,2025-08-11,-650.0,30000.0,0.0,-0.021667
always_on_account_aware_sizer,2025-08-12,2670.0,30000.0,0.0,0.089
always_on_account_aware_sizer,2025-08-13,1820.0,30000.0,0.0,0.060667
always_on_account_aware_sizer,2025-08-14,800.0,30000.0,0.0,0.026667
always_on_account_aware_sizer,2025-08-15,460.0,30000.0,0.0,0.015333
always_on_account_aware_sizer,2025-08-18,-750.0,30000.0,0.0,-0.025
always_on_account_aware_sizer,2025-08-19,3060.0,30000.0,0.0,0.102
always_on_account_aware_sizer,2025-08-20,-910.0,30000.0,0.0,-0.030333
always_on_account_aware_sizer,2025-08-21,2600.0,30000.0,0.0,0.086667
always_on_account_aware_sizer,2025-08-22,8330.0,30000.0,0.0,0.277667
always_on_account_aware_sizer,2025-08-25,550.0,30000.0,0.0,0.018333
always_on_account_aware_sizer,2025-08-26,1020.0,30000.0,0.0,0.034
always_on_account_aware_sizer,2025-08-27,560.0,30000.0,0.0,0.018667
always_on_account_aware_sizer,2025-08-28,200.0,30000.0,0.0,0.006667
always_on_account_aware_sizer,2025-08-29,1200.0,30000.0,0.0,0.04
always_on_account_aware_sizer,2025-09-02,-810.0,30000.0,0.0,-0.027
always_on_account_aware_sizer,2025-09-03,670.0,30000.0,0.0,0.022333
always_on_account_aware_sizer,2025-09-04,3650.0,30000.0,0.0,0.121667
always_on_account_aware_sizer,2025-09-05,6960.0,30000.0,0.0,0.232
always_on_account_aware_sizer,2025-09-08,2150.0,30000.0,0.0,0.071667
always_on_account_aware_sizer,2025-09-09,740.0,30000.0,0.0,0.024667
always_on_account_aware_sizer,2025-09-10,-410.0,30000.0,0.0,-0.013667
always_on_account_aware_sizer,2025-09-11,1460.0,30000.0,0.0,0.048667
always_on_account_aware_sizer,2025-09-12,1020.0,30000.0,0.0,0.034
always_on_account_aware_sizer,2025-09-15,830.0,30000.0,0.0,0.027667
always_on_account_aware_sizer,2025-09-16,-700.0,30000.0,0.0,-0.023333
always_on_account_aware_sizer,2025-09-17,9810.0,30000.0,0.0,0.327
always_on_account_aware_sizer,2025-09-18,3300.0,30000.0,0.0,0.11
always_on_account_aware_sizer,2025-09-19,680.0,30000.0,0.0,0.022667
always_on_account_aware_sizer,2025-09-22,2450.0,30000.0,0.0,0.081667
always_on_account_aware_sizer,2025-09-23,3270.0,30000.0,0.0,0.109
always_on_account_aware_sizer,2025-09-24,290.0,30000.0,0.0,0.009667
always_on_account_aware_sizer,2025-09-25,-1610.0,30000.0,0.0,-0.053667
always_on_account_aware_sizer,2025-09-26,6780.0,30000.0,0.0,0.226
always_on_account_aware_sizer,2025-09-29,1140.0,30000.0,0.0,0.038
always_on_account_aware_sizer,2025-09-30,1560.0,30000.0,0.0,0.052
always_on_account_aware_sizer,2025-10-01,-420.0,30000.0,0.0,-0.014
always_on_account_aware_sizer,2025-10-02,1280.0,30000.0,0.0,0.042667
always_on_account_aware_sizer,2025-10-03,3240.0,30000.0,0.0,0.108
always_on_account_aware_sizer,2025-10-06,1100.0,30000.0,0.0,0.036667
always_on_account_aware_sizer,2025-10-07,660.0,30000.0,0.0,0.022
always_on_account_aware_sizer,2025-10-08,1320.0,30000.0,0.0,0.044
always_on_account_aware_sizer,2025-10-09,410.0,30000.0,0.0,0.013667
always_on_account_aware_sizer,2025-10-10,730.0,30000.0,0.0,0.024333
always_on_account_aware_sizer,2025-10-13,2040.0,30000.0,0.0,0.068
always_on_account_aware_sizer,2025-10-14,1260.0,30000.0,0.0,0.042
always_on_account_aware_sizer,2025-10-15,3460.0,30000.0,0.0,0.115333
always_on_account_aware_sizer,2025-10-16,820.0,30000.0,0.0,0.027333
always_on_account_aware_sizer,2025-10-17,3510.0,30000.0,0.0,0.117
always_on_account_aware_sizer,2025-10-20,1820.0,30000.0,0.0,0.060667
always_on_account_aware_sizer,2025-10-21,1050.0,30000.0,0.0,0.035
always_on_account_aware_sizer,2025-10-22,1950.0,30000.0,0.0,0.065
always_on_account_aware_sizer,2025-10-23,1450.0,30000.0,0.0,0.048333
always_on_account_aware_sizer,2025-10-24,1080.0,30000.0,0.0,0.036
always_on_account_aware_sizer,2025-10-27,670.0,30000.0,0.0,0.022333
always_on_account_aware_sizer,2025-10-28,20.0,30000.0,0.0,0.000667
always_on_account_aware_sizer,2025-10-29,7220.0,30000.0,0.0,0.240667
always_on_account_aware_sizer,2025-10-30,910.0,30000.0,0.0,0.030333
always_on_account_aware_sizer,2025-10-31,2490.0,30000.0,0.0,0.083
always_on_account_aware_sizer,2025-11-03,3200.0,30000.0,0.0,0.106667
always_on_account_aware_sizer,2025-11-04,2290.0,30000.0,0.0,0.076333
always_on_account_aware_sizer,2025-11-05,850.0,30000.0,0.0,0.028333
always_on_account_aware_sizer,2025-11-06,990.0,30000.0,0.0,0.033
always_on_account_aware_sizer,2025-11-07,1610.0,30000.0,0.0,0.053667
always_on_account_aware_sizer,2025-11-10,-270.0,30000.0,0.0,-0.009
always_on_account_aware_sizer,2025-11-11,1380.0,30000.0,0.0,0.046
always_on_account_aware_sizer,2025-11-12,2310.0,30000.0,0.0,0.077
always_on_account_aware_sizer,2025-11-13,3940.0,30000.0,0.0,0.131333
always_on_account_aware_sizer,2025-11-14,5780.0,30000.0,0.0,0.192667
always_on_account_aware_sizer,2025-11-17,880.0,30000.0,0.0,0.029333
always_on_account_aware_sizer,2025-11-18,4780.0,30000.0,0.0,0.159333
always_on_account_aware_sizer,2025-11-19,3500.0,30000.0,0.0,0.116667
always_on_account_aware_sizer,2025-11-20,5170.0,30000.0,0.0,0.172333
always_on_account_aware_sizer,2025-11-21,7400.0,30000.0,0.0,0.246667
always_on_account_aware_sizer,2025-11-24,2700.0,30000.0,0.0,0.09
always_on_account_aware_sizer,2025-11-25,-100.0,30000.0,0.0,-0.003333
always_on_account_aware_sizer,2025-11-26,-1420.0,30000.0,0.0,-0.047333
always_on_account_aware_sizer,2025-11-28,-150.0,30000.0,0.0,-0.005
always_on_account_aware_sizer,2025-12-01,1600.0,30000.0,0.0,0.053333
always_on_account_aware_sizer,2025-12-02,1520.0,30000.0,0.0,0.050667
always_on_account_aware_sizer,2025-12-03,2320.0,30000.0,0.0,0.077333
always_on_account_aware_sizer,2025-12-04,2340.0,30000.0,0.0,0.078
always_on_account_aware_sizer,2025-12-05,1620.0,30000.0,0.0,0.054
always_on_account_aware_sizer,2025-12-08,2030.0,30000.0,0.0,0.067667
always_on_account_aware_sizer,2025-12-09,250.0,30000.0,0.0,0.008333
always_on_account_aware_sizer,2025-12-10,2970.0,30000.0,0.0,0.099
always_on_account_aware_sizer,2025-12-11,-1560.0,30000.0,0.0,-0.052
always_on_account_aware_sizer,2025-12-12,1320.0,30000.0,0.0,0.044
always_on_account_aware_sizer,2025-12-15,1060.0,30000.0,0.0,0.035333
always_on_account_aware_sizer,2025-12-16,-950.0,30000.0,0.0,-0.031667
always_on_account_aware_sizer,2025-12-17,1720.0,30000.0,0.0,0.057333
always_on_account_aware_sizer,2025-12-18,-940.0,30000.0,0.0,-0.031333
always_on_account_aware_sizer,2025-12-19,680.0,30000.0,0.0,0.022667
always_on_account_aware_sizer,2025-12-22,610.0,30000.0,0.0,0.020333
always_on_account_aware_sizer,2025-12-23,1010.0,30000.0,0.0,0.033667
always_on_account_aware_sizer,2025-12-24,190.0,30000.0,0.0,0.006333
always_on_account_aware_sizer,2025-12-26,-280.0,30000.0,0.0,-0.009333
always_on_account_aware_sizer,2025-12-29,220.0,30000.0,0.0,0.007333
always_on_account_aware_sizer,2025-12-30,460.0,30000.0,0.0,0.015333
always_on_account_aware_sizer,2025-12-31,190.0,30000.0,0.0,0.006333
always_on_account_aware_sizer,2026-01-02,3880.0,30000.0,0.0,0.129333
always_on_account_aware_sizer,2026-01-05,1640.0,30000.0,0.0,0.054667
always_on_account_aware_sizer,2026-01-06,-320.0,30000.0,0.0,-0.010667
always_on_account_aware_sizer,2026-01-07,780.0,30000.0,0.0,0.026
always_on_account_aware_sizer,2026-01-08,-940.0,30000.0,0.0,-0.031333
always_on_account_aware_sizer,2026-01-09,-910.0,30000.0,0.0,-0.030333
always_on_account_aware_sizer,2026-01-12,740.0,30000.0,0.0,0.024667
always_on_account_aware_sizer,2026-01-13,-150.0,30000.0,0.0,-0.005
always_on_account_aware_sizer,2026-01-14,2800.0,30000.0,0.0,0.093333
always_on_account_aware_sizer,2026-01-15,-280.0,30000.0,0.0,-0.009333
always_on_account_aware_sizer,2026-01-16,1710.0,30000.0,0.0,0.057
always_on_account_aware_sizer,2026-01-20,1390.0,30000.0,0.0,0.046333
always_on_account_aware_sizer,2026-01-21,7360.0,30000.0,0.0,0.245333
always_on_account_aware_sizer,2026-01-22,1220.0,30000.0,0.0,0.040667
always_on_account_aware_sizer,2026-01-23,190.0,30000.0,0.0,0.006333
always_on_account_aware_sizer,2026-01-26,50.0,30000.0,0.0,0.001667
always_on_account_aware_sizer,2026-01-27,1570.0,30000.0,0.0,0.052333
always_on_account_aware_sizer,2026-01-28,1560.0,30000.0,0.0,0.052
always_on_account_aware_sizer,2026-01-29,3710.0,30000.0,0.0,0.123667
always_on_account_aware_sizer,2026-01-30,-220.0,30000.0,0.0,-0.007333
always_on_account_aware_sizer,2026-02-02,-10.0,30000.0,0.0,-0.000333
always_on_account_aware_sizer,2026-02-03,2510.0,30000.0,0.0,0.083667
always_on_account_aware_sizer,2026-02-04,-1350.0,30000.0,0.0,-0.045
always_on_account_aware_sizer,2026-02-05,3280.0,30000.0,0.0,0.109333
always_on_account_aware_sizer,2026-02-09,1680.0,30000.0,0.0,0.056
always_on_account_aware_sizer,2026-02-10,260.0,30000.0,0.0,0.008667
always_on_account_aware_sizer,2026-02-11,1990.0,30000.0,0.0,0.066333
always_on_account_aware_sizer,2026-02-12,2400.0,30000.0,0.0,0.08
always_on_account_aware_sizer,2026-02-13,5010.0,30000.0,0.0,0.167
always_on_account_aware_sizer,2026-02-17,5580.0,30000.0,0.0,0.186
always_on_account_aware_sizer,2026-02-18,-160.0,30000.0,0.0,-0.005333
always_on_account_aware_sizer,2026-02-19,430.0,30000.0,0.0,0.014333
always_on_account_aware_sizer,2026-02-20,2480.0,30000.0,0.0,0.082667
always_on_account_aware_sizer,2026-02-23,2250.0,30000.0,0.0,0.075
always_on_account_aware_sizer,2026-02-24,2370.0,30000.0,0.0,0.079
always_on_account_aware_sizer,2026-02-25,-560.0,30000.0,0.0,-0.018667
always_on_account_aware_sizer,2026-02-26,220.0,30000.0,0.0,0.007333
always_on_account_aware_sizer,2026-02-27,1330.0,30000.0,0.0,0.044333
always_on_account_aware_sizer,2026-03-02,-870.0,30000.0,0.0,-0.029
always_on_account_aware_sizer,2026-03-03,10760.0,30000.0,0.0,0.358667
always_on_account_aware_sizer,2026-03-04,-1840.0,30000.0,0.0,-0.061333
always_on_account_aware_sizer,2026-03-05,4900.0,30000.0,0.0,0.163333
always_on_account_aware_sizer,2026-03-06,2010.0,30000.0,0.0,0.067
always_on_account_aware_sizer,2026-03-09,1130.0,30000.0,0.0,0.037667
always_on_account_aware_sizer,2026-03-10,-1030.0,30000.0,0.0,-0.034333
always_on_account_aware_sizer,2026-03-11,-1590.0,30000.0,0.0,-0.053
always_on_account_aware_sizer,2026-03-12,1330.0,30000.0,0.0,0.044333
always_on_account_aware_sizer,2026-03-13,-1020.0,30000.0,0.0,-0.034
always_on_account_aware_sizer,2026-03-16,-1320.0,30000.0,0.0,-0.044
always_on_account_aware_sizer,2026-03-17,200.0,30000.0,0.0,0.006667
always_on_account_aware_sizer,2026-03-18,2430.0,30000.0,0.0,0.081
always_on_account_aware_sizer,2026-03-19,2890.0,30000.0,0.0,0.096333
always_on_account_aware_sizer,2026-03-20,2720.0,30000.0,0.0,0.090667
always_on_account_aware_sizer,2026-03-23,4130.0,30000.0,0.0,0.137667
always_on_account_aware_sizer,2026-03-24,2060.0,30000.0,0.0,0.068667
always_on_account_aware_sizer,2026-03-25,1910.0,30000.0,0.0,0.063667
always_on_account_aware_sizer,2026-03-26,370.0,30000.0,0.0,0.012333
always_on_account_aware_sizer,2026-03-27,2270.0,30000.0,0.0,0.075667
always_on_account_aware_sizer,2026-03-30,5740.0,30000.0,0.0,0.191333
always_on_account_aware_sizer,2026-03-31,4110.0,30000.0,0.0,0.137
one_contract_baseline,2024-10-01,3560.0,30000.0,0.25,0.118667
one_contract_baseline,2024-10-02,2360.0,30000.0,0.25,0.078667
one_contract_baseline,2024-10-03,2350.0,30000.0,0.25,0.078333
one_contract_baseline,2024-10-04,2110.0,30000.0,0.25,0.070333
one_contract_baseline,2024-10-07,-30.0,30000.0,0.25,-0.001
one_contract_baseline,2024-10-08,940.0,30000.0,0.25,0.031333
one_contract_baseline,2024-10-09,880.0,30000.0,0.25,0.029333
one_contract_baseline,2024-10-10,530.0,30000.0,0.25,0.017667
one_contract_baseline,2024-10-11,2470.0,30000.0,0.25,0.082333
one_contract_baseline,2024-10-14,-880.0,30000.0,0.25,-0.029333
one_contract_baseline,2024-10-15,570.0,30000.0,0.25,0.019
one_contract_baseline,2024-10-16,780.0,30000.0,0.25,0.026
one_contract_baseline,2024-10-17,-20.0,30000.0,0.25,-0.000667
one_contract_baseline,2024-10-18,420.0,30000.0,0.25,0.014
one_contract_baseline,2024-10-21,2020.0,30000.0,0.25,0.067333
one_contract_baseline,2024-10-22,-630.0,30000.0,0.25,-0.021
one_contract_baseline,2024-10-23,1020.0,30000.0,0.25,0.034
one_contract_baseline,2024-10-24,-730.0,30000.0,0.25,-0.024333
one_contract_baseline,2024-10-25,2820.0,30000.0,0.25,0.094
one_contract_baseline,2024-10-28,-280.0,30000.0,0.25,-0.009333
one_contract_baseline,2024-10-29,620.0,30000.0,0.25,0.020667
one_contract_baseline,2024-10-30,210.0,30000.0,0.25,0.007
one_contract_baseline,2024-10-31,-2280.0,30000.0,0.25,-0.076
one_contract_baseline,2024-11-01,1470.0,30000.0,0.25,0.049
one_contract_baseline,2024-11-04,-40.0,30000.0,0.25,-0.001333
one_contract_baseline,2024-11-05,1240.0,30000.0,0.25,0.041333
one_contract_baseline,2024-11-06,-330.0,30000.0,0.25,-0.011
one_contract_baseline,2024-11-07,340.0,30000.0,0.25,0.011333
one_contract_baseline,2024-11-08,-120.0,30000.0,0.25,-0.004
one_contract_baseline,2024-11-11,-260.0,30000.0,0.25,-0.008667
one_contract_baseline,2024-11-12,770.0,30000.0,0.25,0.025667
one_contract_baseline,2024-11-13,1300.0,30000.0,0.25,0.043333
one_contract_baseline,2024-11-14,80.0,30000.0,0.25,0.002667
one_contract_baseline,2024-11-15,1570.0,30000.0,0.25,0.052333
one_contract_baseline,2024-11-18,1460.0,30000.0,0.25,0.048667
one_contract_baseline,2024-11-19,1240.0,30000.0,0.25,0.041333
one_contract_baseline,2024-11-20,3630.0,30000.0,0.25,0.121
one_contract_baseline,2024-11-21,5510.0,30000.0,0.25,0.183667
one_contract_baseline,2024-11-22,-1550.0,30000.0,0.25,-0.051667
one_contract_baseline,2024-11-25,390.0,30000.0,0.25,0.013
one_contract_baseline,2024-11-26,-1040.0,30000.0,0.25,-0.034667
one_contract_baseline,2024-11-27,440.0,30000.0,0.25,0.014667
one_contract_baseline,2024-11-29,660.0,30000.0,0.25,0.022
one_contract_baseline,2024-12-02,-380.0,30000.0,0.25,-0.012667
one_contract_baseline,2024-12-03,-740.0,30000.0,0.25,-0.024667
one_contract_baseline,2024-12-04,-610.0,30000.0,0.25,-0.020333
one_contract_baseline,2024-12-05,-680.0,30000.0,0.25,-0.022667
one_contract_baseline,2024-12-06,40.0,30000.0,0.25,0.001333
one_contract_baseline,2024-12-09,-80.0,30000.0,0.25,-0.002667
one_contract_baseline,2024-12-10,190.0,30000.0,0.25,0.006333
one_contract_baseline,2024-12-11,10.0,30000.0,0.25,0.000333
one_contract_baseline,2024-12-12,-1290.0,30000.0,0.25,-0.043
one_contract_baseline,2024-12-13,1120.0,30000.0,0.25,0.037333
one_contract_baseline,2024-12-16,520.0,30000.0,0.25,0.017333
one_contract_baseline,2024-12-17,990.0,30000.0,0.25,0.033
one_contract_baseline,2024-12-18,400.0,30000.0,0.25,0.013333
one_contract_baseline,2024-12-19,50.0,30000.0,0.25,0.001667
one_contract_baseline,2024-12-20,3920.0,30000.0,0.25,0.130667
one_contract_baseline,2024-12-23,1870.0,30000.0,0.25,0.062333
one_contract_baseline,2024-12-24,500.0,30000.0,0.25,0.016667
one_contract_baseline,2024-12-26,240.0,30000.0,0.25,0.008
one_contract_baseline,2024-12-27,5200.0,30000.0,0.25,0.173333
one_contract_baseline,2024-12-30,150.0,30000.0,0.25,0.005
one_contract_baseline,2024-12-31,740.0,30000.0,0.25,0.024667
one_contract_baseline,2025-07-01,70.0,30000.0,0.25,0.002333
one_contract_baseline,2025-07-02,590.0,30000.0,0.25,0.019667
one_contract_baseline,2025-07-03,390.0,30000.0,0.25,0.013
one_contract_baseline,2025-07-07,1280.0,30000.0,0.25,0.042667
one_contract_baseline,2025-07-08,860.0,30000.0,0.25,0.028667
one_contract_baseline,2025-07-09,470.0,30000.0,0.25,0.015667
one_contract_baseline,2025-07-10,720.0,30000.0,0.25,0.024
one_contract_baseline,2025-07-11,110.0,30000.0,0.25,0.003667
one_contract_baseline,2025-07-14,720.0,30000.0,0.25,0.024
one_contract_baseline,2025-07-15,1230.0,30000.0,0.25,0.041
one_contract_baseline,2025-07-16,3590.0,30000.0,0.25,0.119667
one_contract_baseline,2025-07-17,1040.0,30000.0,0.25,0.034667
one_contract_baseline,2025-07-18,-140.0,30000.0,0.25,-0.004667
one_contract_baseline,2025-07-21,400.0,30000.0,0.25,0.013333
one_contract_baseline,2025-07-22,700.0,30000.0,0.25,0.023333
one_contract_baseline,2025-07-23,-170.0,30000.0,0.25,-0.005667
one_contract_baseline,2025-07-24,210.0,30000.0,0.25,0.007
one_contract_baseline,2025-07-25,350.0,30000.0,0.25,0.011667
one_contract_baseline,2025-07-28,460.0,30000.0,0.25,0.015333
one_contract_baseline,2025-07-29,440.0,30000.0,0.25,0.014667
one_contract_baseline,2025-07-30,2300.0,30000.0,0.25,0.076667
one_contract_baseline,2025-07-31,-340.0,30000.0,0.25,-0.011333
one_contract_baseline,2025-08-01,2220.0,30000.0,0.25,0.074
one_contract_baseline,2025-08-04,600.0,30000.0,0.25,0.02
one_contract_baseline,2025-08-05,2540.0,30000.0,0.25,0.084667
one_contract_baseline,2025-08-06,2260.0,30000.0,0.25,0.075333
one_contract_baseline,2025-08-07,-460.0,30000.0,0.25,-0.015333
one_contract_baseline,2025-08-08,340.0,30000.0,0.25,0.011333
one_contract_baseline,2025-08-11,-800.0,30000.0,0.25,-0.026667
one_contract_baseline,2025-08-12,2370.0,30000.0,0.25,0.079
one_contract_baseline,2025-08-13,630.0,30000.0,0.25,0.021
one_contract_baseline,2025-08-14,-50.0,30000.0,0.25,-0.001667
one_contract_baseline,2025-08-15,270.0,30000.0,0.25,0.009
one_contract_baseline,2025-08-18,-410.0,30000.0,0.25,-0.013667
one_contract_baseline,2025-08-19,1270.0,30000.0,0.25,0.042333
one_contract_baseline,2025-08-20,1360.0,30000.0,0.25,0.045333
one_contract_baseline,2025-08-21,1880.0,30000.0,0.25,0.062667
one_contract_baseline,2025-08-22,4740.0,30000.0,0.25,0.158
one_contract_baseline,2025-08-25,300.0,30000.0,0.25,0.01
one_contract_baseline,2025-08-26,-50.0,30000.0,0.25,-0.001667
one_contract_baseline,2025-08-27,210.0,30000.0,0.25,0.007
one_contract_baseline,2025-08-28,250.0,30000.0,0.25,0.008333
one_contract_baseline,2025-08-29,610.0,30000.0,0.25,0.020333
one_contract_baseline,2025-09-02,-960.0,30000.0,0.25,-0.032
one_contract_baseline,2025-09-03,200.0,30000.0,0.25,0.006667
one_contract_baseline,2025-09-04,2050.0,30000.0,0.25,0.068333
one_contract_baseline,2025-09-05,4560.0,30000.0,0.25,0.152
one_contract_baseline,2025-09-08,1130.0,30000.0,0.25,0.037667
one_contract_baseline,2025-09-09,220.0,30000.0,0.25,0.007333
one_contract_baseline,2025-09-10,-590.0,30000.0,0.25,-0.019667
one_contract_baseline,2025-09-11,1030.0,30000.0,0.25,0.034333
one_contract_baseline,2025-09-12,390.0,30000.0,0.25,0.013
one_contract_baseline,2025-09-15,320.0,30000.0,0.25,0.010667
one_contract_baseline,2025-09-16,-450.0,30000.0,0.25,-0.015
one_contract_baseline,2025-09-17,4520.0,30000.0,0.25,0.150667
one_contract_baseline,2025-09-18,1270.0,30000.0,0.25,0.042333
one_contract_baseline,2025-09-19,320.0,30000.0,0.25,0.010667
one_contract_baseline,2025-09-22,1160.0,30000.0,0.25,0.038667
one_contract_baseline,2025-09-23,1230.0,30000.0,0.25,0.041
one_contract_baseline,2025-09-24,50.0,30000.0,0.25,0.001667
one_contract_baseline,2025-09-25,-1350.0,30000.0,0.25,-0.045
one_contract_baseline,2025-09-26,3880.0,30000.0,0.25,0.129333
one_contract_baseline,2025-09-29,280.0,30000.0,0.25,0.009333
one_contract_baseline,2025-09-30,420.0,30000.0,0.25,0.014
one_contract_baseline,2025-10-01,-520.0,30000.0,0.25,-0.017333
one_contract_baseline,2025-10-02,1080.0,30000.0,0.25,0.036
one_contract_baseline,2025-10-03,1730.0,30000.0,0.25,0.057667
one_contract_baseline,2025-10-06,750.0,30000.0,0.25,0.025
one_contract_baseline,2025-10-07,510.0,30000.0,0.25,0.017
one_contract_baseline,2025-10-08,1110.0,30000.0,0.25,0.037
one_contract_baseline,2025-10-09,260.0,30000.0,0.25,0.008667
one_contract_baseline,2025-10-10,530.0,30000.0,0.25,0.017667
one_contract_baseline,2025-10-13,1840.0,30000.0,0.25,0.061333
one_contract_baseline,2025-10-14,860.0,30000.0,0.25,0.028667
one_contract_baseline,2025-10-15,3010.0,30000.0,0.25,0.100333
one_contract_baseline,2025-10-16,670.0,30000.0,0.25,0.022333
one_contract_baseline,2025-10-17,3160.0,30000.0,0.25,0.105333
one_contract_baseline,2025-10-20,1620.0,30000.0,0.25,0.054
one_contract_baseline,2025-10-21,950.0,30000.0,0.25,0.031667
one_contract_baseline,2025-10-22,1710.0,30000.0,0.25,0.057
one_contract_baseline,2025-10-23,1250.0,30000.0,0.25,0.041667
one_contract_baseline,2025-10-24,880.0,30000.0,0.25,0.029333
one_contract_baseline,2025-10-27,350.0,30000.0,0.25,0.011667
one_contract_baseline,2025-10-28,-230.0,30000.0,0.25,-0.007667
one_contract_baseline,2025-10-29,5550.0,30000.0,0.25,0.185
one_contract_baseline,2025-10-30,420.0,30000.0,0.25,0.014
one_contract_baseline,2025-10-31,2140.0,30000.0,0.25,0.071333
one_contract_baseline,2025-11-03,2580.0,30000.0,0.25,0.086
one_contract_baseline,2025-11-04,1350.0,30000.0,0.25,0.045
one_contract_baseline,2025-11-05,700.0,30000.0,0.25,0.023333
one_contract_baseline,2025-11-06,890.0,30000.0,0.25,0.029667
one_contract_baseline,2025-11-07,1360.0,30000.0,0.25,0.045333
one_contract_baseline,2025-11-10,-470.0,30000.0,0.25,-0.015667
one_contract_baseline,2025-11-11,1180.0,30000.0,0.25,0.039333
one_contract_baseline,2025-11-12,2110.0,30000.0,0.25,0.070333
one_contract_baseline,2025-11-13,3740.0,30000.0,0.25,0.124667
one_contract_baseline,2025-11-14,5330.0,30000.0,0.25,0.177667
one_contract_baseline,2025-11-17,530.0,30000.0,0.25,0.017667
one_contract_baseline,2025-11-18,4430.0,30000.0,0.25,0.147667
one_contract_baseline,2025-11-19,3320.0,30000.0,0.25,0.110667
one_contract_baseline,2025-11-20,4870.0,30000.0,0.25,0.162333
one_contract_baseline,2025-11-21,6850.0,30000.0,0.25,0.228333
one_contract_baseline,2025-11-24,2500.0,30000.0,0.25,0.083333
one_contract_baseline,2025-11-25,-250.0,30000.0,0.25,-0.008333
one_contract_baseline,2025-11-26,-1520.0,30000.0,0.25,-0.050667
one_contract_baseline,2025-11-28,-120.0,30000.0,0.25,-0.004
one_contract_baseline,2025-12-01,1450.0,30000.0,0.25,0.048333
one_contract_baseline,2025-12-02,1370.0,30000.0,0.25,0.045667
one_contract_baseline,2025-12-03,1600.0,30000.0,0.25,0.053333
one_contract_baseline,2025-12-04,1140.0,30000.0,0.25,0.038
one_contract_baseline,2025-12-05,1270.0,30000.0,0.25,0.042333
one_contract_baseline,2025-12-08,1830.0,30000.0,0.25,0.061
one_contract_baseline,2025-12-09,0.0,30000.0,0.25,0.0
one_contract_baseline,2025-12-10,2770.0,30000.0,0.25,0.092333
one_contract_baseline,2025-12-11,-1640.0,30000.0,0.25,-0.054667
one_contract_baseline,2025-12-12,1220.0,30000.0,0.25,0.040667
one_contract_baseline,2025-12-15,660.0,30000.0,0.25,0.022
one_contract_baseline,2025-12-16,-1050.0,30000.0,0.25,-0.035
one_contract_baseline,2025-12-17,1620.0,30000.0,0.25,0.054
one_contract_baseline,2025-12-18,-460.0,30000.0,0.25,-0.015333
one_contract_baseline,2025-12-19,430.0,30000.0,0.25,0.014333
one_contract_baseline,2025-12-22,460.0,30000.0,0.25,0.015333
one_contract_baseline,2025-12-23,910.0,30000.0,0.25,0.030333
one_contract_baseline,2025-12-24,90.0,30000.0,0.25,0.003
one_contract_baseline,2025-12-26,-430.0,30000.0,0.25,-0.014333
one_contract_baseline,2025-12-29,20.0,30000.0,0.25,0.000667
one_contract_baseline,2025-12-30,60.0,30000.0,0.25,0.002
one_contract_baseline,2025-12-31,-10.0,30000.0,0.25,-0.000333
one_contract_baseline,2026-01-02,1220.0,30000.0,0.25,0.040667
one_contract_baseline,2026-01-05,1010.0,30000.0,0.25,0.033667
one_contract_baseline,2026-01-06,-720.0,30000.0,0.25,-0.024
one_contract_baseline,2026-01-07,20.0,30000.0,0.25,0.000667
one_contract_baseline,2026-01-08,-1090.0,30000.0,0.25,-0.036333
one_contract_baseline,2026-01-09,980.0,30000.0,0.25,0.032667
one_contract_baseline,2026-01-12,540.0,30000.0,0.25,0.018
one_contract_baseline,2026-01-13,-350.0,30000.0,0.25,-0.011667
one_contract_baseline,2026-01-14,1310.0,30000.0,0.25,0.043667
one_contract_baseline,2026-01-15,-20.0,30000.0,0.25,-0.000667
one_contract_baseline,2026-01-16,1610.0,30000.0,0.25,0.053667
one_contract_baseline,2026-01-20,1070.0,30000.0,0.25,0.035667
one_contract_baseline,2026-01-21,5400.0,30000.0,0.25,0.18
one_contract_baseline,2026-01-22,1020.0,30000.0,0.25,0.034
one_contract_baseline,2026-01-23,40.0,30000.0,0.25,0.001333
one_contract_baseline,2026-01-26,-50.0,30000.0,0.25,-0.001667
one_contract_baseline,2026-01-27,1370.0,30000.0,0.25,0.045667
one_contract_baseline,2026-01-28,1410.0,30000.0,0.25,0.047
one_contract_baseline,2026-01-29,4000.0,30000.0,0.25,0.133333
one_contract_baseline,2026-01-30,-320.0,30000.0,0.25,-0.010667
one_contract_baseline,2026-02-02,-60.0,30000.0,0.25,-0.002
one_contract_baseline,2026-02-03,2310.0,30000.0,0.25,0.077
one_contract_baseline,2026-02-04,1490.0,30000.0,0.25,0.049667
one_contract_baseline,2026-02-05,3080.0,30000.0,0.25,0.102667
one_contract_baseline,2026-02-09,1330.0,30000.0,0.25,0.044333
one_contract_baseline,2026-02-10,160.0,30000.0,0.25,0.005333
one_contract_baseline,2026-02-11,2360.0,30000.0,0.25,0.078667
one_contract_baseline,2026-02-12,2300.0,30000.0,0.25,0.076667
one_contract_baseline,2026-02-13,3740.0,30000.0,0.25,0.124667
one_contract_baseline,2026-02-17,5430.0,30000.0,0.25,0.181
one_contract_baseline,2026-02-18,-360.0,30000.0,0.25,-0.012
one_contract_baseline,2026-02-19,0.0,30000.0,0.25,0.0
one_contract_baseline,2026-02-20,2230.0,30000.0,0.25,0.074333
one_contract_baseline,2026-02-23,1800.0,30000.0,0.25,0.06
one_contract_baseline,2026-02-24,1630.0,30000.0,0.25,0.054333
one_contract_baseline,2026-02-25,-660.0,30000.0,0.25,-0.022
one_contract_baseline,2026-02-26,70.0,30000.0,0.25,0.002333
one_contract_baseline,2026-02-27,970.0,30000.0,0.25,0.032333
one_contract_baseline,2026-03-02,1320.0,30000.0,0.25,0.044
one_contract_baseline,2026-03-03,8970.0,30000.0,0.25,0.299
one_contract_baseline,2026-03-04,-2230.0,30000.0,0.25,-0.074333
one_contract_baseline,2026-03-05,4650.0,30000.0,0.25,0.155
one_contract_baseline,2026-03-06,1810.0,30000.0,0.25,0.060333
one_contract_baseline,2026-03-09,980.0,30000.0,0.25,0.032667
one_contract_baseline,2026-03-10,-620.0,30000.0,0.25,-0.020667
one_contract_baseline,2026-03-11,-1060.0,30000.0,0.25,-0.035333
one_contract_baseline,2026-03-12,1030.0,30000.0,0.25,0.034333
one_contract_baseline,2026-03-13,440.0,30000.0,0.25,0.014667
one_contract_baseline,2026-03-16,-1390.0,30000.0,0.25,-0.046333
one_contract_baseline,2026-03-17,0.0,30000.0,0.25,0.0
one_contract_baseline,2026-03-18,2330.0,30000.0,0.25,0.077667
one_contract_baseline,2026-03-19,1930.0,30000.0,0.25,0.064333
one_contract_baseline,2026-03-20,2300.0,30000.0,0.25,0.076667
one_contract_baseline,2026-03-23,3490.0,30000.0,0.25,0.116333
one_contract_baseline,2026-03-24,1860.0,30000.0,0.25,0.062
one_contract_baseline,2026-03-25,1610.0,30000.0,0.25,0.053667
one_contract_baseline,2026-03-26,-170.0,30000.0,0.25,-0.005667
one_contract_baseline,2026-03-27,1250.0,30000.0,0.25,0.041667
one_contract_baseline,2026-03-30,5030.0,30000.0,0.25,0.167667
one_contract_baseline,2026-03-31,2760.0,30000.0,0.25,0.092
always_on_account_aware_sizer,2024-10-01,3560.0,30000.0,0.25,0.118667
always_on_account_aware_sizer,2024-10-02,2360.0,30000.0,0.25,0.078667
always_on_account_aware_sizer,2024-10-03,2350.0,30000.0,0.25,0.078333
always_on_account_aware_sizer,2024-10-04,-920.0,30000.0,0.25,-0.030667
always_on_account_aware_sizer,2024-10-07,-30.0,30000.0,0.25,-0.001
always_on_account_aware_sizer,2024-10-08,940.0,30000.0,0.25,0.031333
always_on_account_aware_sizer,2024-10-09,880.0,30000.0,0.25,0.029333
always_on_account_aware_sizer,2024-10-10,530.0,30000.0,0.25,0.017667
always_on_account_aware_sizer,2024-10-11,2470.0,30000.0,0.25,0.082333
always_on_account_aware_sizer,2024-10-14,-1080.0,30000.0,0.25,-0.036
always_on_account_aware_sizer,2024-10-15,570.0,30000.0,0.25,0.019
always_on_account_aware_sizer,2024-10-16,780.0,30000.0,0.25,0.026
always_on_account_aware_sizer,2024-10-17,-20.0,30000.0,0.25,-0.000667
always_on_account_aware_sizer,2024-10-18,420.0,30000.0,0.25,0.014
always_on_account_aware_sizer,2024-10-21,2020.0,30000.0,0.25,0.067333
always_on_account_aware_sizer,2024-10-22,-630.0,30000.0,0.25,-0.021
always_on_account_aware_sizer,2024-10-23,1020.0,30000.0,0.25,0.034
always_on_account_aware_sizer,2024-10-24,-730.0,30000.0,0.25,-0.024333
always_on_account_aware_sizer,2024-10-25,2820.0,30000.0,0.25,0.094
always_on_account_aware_sizer,2024-10-28,-280.0,30000.0,0.25,-0.009333
always_on_account_aware_sizer,2024-10-29,620.0,30000.0,0.25,0.020667
always_on_account_aware_sizer,2024-10-30,210.0,30000.0,0.25,0.007
always_on_account_aware_sizer,2024-10-31,-1070.0,30000.0,0.25,-0.035667
always_on_account_aware_sizer,2024-11-01,1470.0,30000.0,0.25,0.049
always_on_account_aware_sizer,2024-11-04,-40.0,30000.0,0.25,-0.001333
always_on_account_aware_sizer,2024-11-05,1240.0,30000.0,0.25,0.041333
always_on_account_aware_sizer,2024-11-06,-330.0,30000.0,0.25,-0.011
always_on_account_aware_sizer,2024-11-07,340.0,30000.0,0.25,0.011333
always_on_account_aware_sizer,2024-11-08,-120.0,30000.0,0.25,-0.004
always_on_account_aware_sizer,2024-11-11,-260.0,30000.0,0.25,-0.008667
always_on_account_aware_sizer,2024-11-12,770.0,30000.0,0.25,0.025667
always_on_account_aware_sizer,2024-11-13,1520.0,30000.0,0.25,0.050667
always_on_account_aware_sizer,2024-11-14,-20.0,30000.0,0.25,-0.000667
always_on_account_aware_sizer,2024-11-15,1840.0,30000.0,0.25,0.061333
always_on_account_aware_sizer,2024-11-18,1460.0,30000.0,0.25,0.048667
always_on_account_aware_sizer,2024-11-19,-930.0,30000.0,0.25,-0.031
always_on_account_aware_sizer,2024-11-20,3630.0,30000.0,0.25,0.121
always_on_account_aware_sizer,2024-11-21,5510.0,30000.0,0.25,0.183667
always_on_account_aware_sizer,2024-11-22,-990.0,30000.0,0.25,-0.033
always_on_account_aware_sizer,2024-11-25,150.0,30000.0,0.25,0.005
always_on_account_aware_sizer,2024-11-26,-920.0,30000.0,0.25,-0.030667
always_on_account_aware_sizer,2024-11-27,440.0,30000.0,0.25,0.014667
always_on_account_aware_sizer,2024-11-29,660.0,30000.0,0.25,0.022
always_on_account_aware_sizer,2024-12-02,-380.0,30000.0,0.25,-0.012667
always_on_account_aware_sizer,2024-12-03,-740.0,30000.0,0.25,-0.024667
always_on_account_aware_sizer,2024-12-04,-610.0,30000.0,0.25,-0.020333
always_on_account_aware_sizer,2024-12-05,-680.0,30000.0,0.25,-0.022667
always_on_account_aware_sizer,2024-12-06,40.0,30000.0,0.25,0.001333
always_on_account_aware_sizer,2024-12-09,-80.0,30000.0,0.25,-0.002667
always_on_account_aware_sizer,2024-12-10,190.0,30000.0,0.25,0.006333
always_on_account_aware_sizer,2024-12-11,10.0,30000.0,0.25,0.000333
always_on_account_aware_sizer,2024-12-12,-1130.0,30000.0,0.25,-0.037667
always_on_account_aware_sizer,2024-12-13,1120.0,30000.0,0.25,0.037333
always_on_account_aware_sizer,2024-12-16,520.0,30000.0,0.25,0.017333
always_on_account_aware_sizer,2024-12-17,990.0,30000.0,0.25,0.033
always_on_account_aware_sizer,2024-12-18,400.0,30000.0,0.25,0.013333
always_on_account_aware_sizer,2024-12-19,50.0,30000.0,0.25,0.001667
always_on_account_aware_sizer,2024-12-20,3920.0,30000.0,0.25,0.130667
always_on_account_aware_sizer,2024-12-23,2410.0,30000.0,0.25,0.080333
always_on_account_aware_sizer,2024-12-24,500.0,30000.0,0.25,0.016667
always_on_account_aware_sizer,2024-12-26,240.0,30000.0,0.25,0.008
always_on_account_aware_sizer,2024-12-27,5820.0,30000.0,0.25,0.194
always_on_account_aware_sizer,2024-12-30,-1350.0,30000.0,0.25,-0.045
always_on_account_aware_sizer,2024-12-31,740.0,30000.0,0.25,0.024667
always_on_account_aware_sizer,2025-07-01,-360.0,30000.0,0.25,-0.012
always_on_account_aware_sizer,2025-07-02,590.0,30000.0,0.25,0.019667
always_on_account_aware_sizer,2025-07-03,800.0,30000.0,0.25,0.026667
always_on_account_aware_sizer,2025-07-07,2620.0,30000.0,0.25,0.087333
always_on_account_aware_sizer,2025-07-08,1720.0,30000.0,0.25,0.057333
always_on_account_aware_sizer,2025-07-09,730.0,30000.0,0.25,0.024333
always_on_account_aware_sizer,2025-07-10,1450.0,30000.0,0.25,0.048333
always_on_account_aware_sizer,2025-07-11,110.0,30000.0,0.25,0.003667
always_on_account_aware_sizer,2025-07-14,1330.0,30000.0,0.25,0.044333
always_on_account_aware_sizer,2025-07-15,2300.0,30000.0,0.25,0.076667
always_on_account_aware_sizer,2025-07-16,4200.0,30000.0,0.25,0.14
always_on_account_aware_sizer,2025-07-17,1530.0,30000.0,0.25,0.051
always_on_account_aware_sizer,2025-07-18,-140.0,30000.0,0.25,-0.004667
always_on_account_aware_sizer,2025-07-21,400.0,30000.0,0.25,0.013333
always_on_account_aware_sizer,2025-07-22,1240.0,30000.0,0.25,0.041333
always_on_account_aware_sizer,2025-07-23,-170.0,30000.0,0.25,-0.005667
always_on_account_aware_sizer,2025-07-24,420.0,30000.0,0.25,0.014
always_on_account_aware_sizer,2025-07-25,620.0,30000.0,0.25,0.020667
always_on_account_aware_sizer,2025-07-28,550.0,30000.0,0.25,0.018333
always_on_account_aware_sizer,2025-07-29,440.0,30000.0,0.25,0.014667
always_on_account_aware_sizer,2025-07-30,3240.0,30000.0,0.25,0.108
always_on_account_aware_sizer,2025-07-31,-1150.0,30000.0,0.25,-0.038333
always_on_account_aware_sizer,2025-08-01,2900.0,30000.0,0.25,0.096667
always_on_account_aware_sizer,2025-08-04,690.0,30000.0,0.25,0.023
always_on_account_aware_sizer,2025-08-05,3530.0,30000.0,0.25,0.117667
always_on_account_aware_sizer,2025-08-06,4510.0,30000.0,0.25,0.150333
always_on_account_aware_sizer,2025-08-07,-1470.0,30000.0,0.25,-0.049
always_on_account_aware_sizer,2025-08-08,340.0,30000.0,0.25,0.011333
always_on_account_aware_sizer,2025-08-11,-750.0,30000.0,0.25,-0.025
always_on_account_aware_sizer,2025-08-12,2370.0,30000.0,0.25,0.079
always_on_account_aware_sizer,2025-08-13,1470.0,30000.0,0.25,0.049
always_on_account_aware_sizer,2025-08-14,500.0,30000.0,0.25,0.016667
always_on_account_aware_sizer,2025-08-15,-70.0,30000.0,0.25,-0.002333
always_on_account_aware_sizer,2025-08-18,-900.0,30000.0,0.25,-0.03
always_on_account_aware_sizer,2025-08-19,1270.0,30000.0,0.25,0.042333
always_on_account_aware_sizer,2025-08-20,-960.0,30000.0,0.25,-0.032
always_on_account_aware_sizer,2025-08-21,2300.0,30000.0,0.25,0.076667
always_on_account_aware_sizer,2025-08-22,8080.0,30000.0,0.25,0.269333
always_on_account_aware_sizer,2025-08-25,300.0,30000.0,0.25,0.01
always_on_account_aware_sizer,2025-08-26,770.0,30000.0,0.25,0.025667
always_on_account_aware_sizer,2025-08-27,360.0,30000.0,0.25,0.012
always_on_account_aware_sizer,2025-08-28,-50.0,30000.0,0.25,-0.001667
always_on_account_aware_sizer,2025-08-29,750.0,30000.0,0.25,0.025
always_on_account_aware_sizer,2025-09-02,-960.0,30000.0,0.25,-0.032
always_on_account_aware_sizer,2025-09-03,200.0,30000.0,0.25,0.006667
always_on_account_aware_sizer,2025-09-04,3200.0,30000.0,0.25,0.106667
always_on_account_aware_sizer,2025-09-05,6210.0,30000.0,0.25,0.207
always_on_account_aware_sizer,2025-09-08,1750.0,30000.0,0.25,0.058333
always_on_account_aware_sizer,2025-09-09,440.0,30000.0,0.25,0.014667
always_on_account_aware_sizer,2025-09-10,-660.0,30000.0,0.25,-0.022
always_on_account_aware_sizer,2025-09-11,1160.0,30000.0,0.25,0.038667
always_on_account_aware_sizer,2025-09-12,450.0,30000.0,0.25,0.015
always_on_account_aware_sizer,2025-09-15,320.0,30000.0,0.25,0.010667
always_on_account_aware_sizer,2025-09-16,-900.0,30000.0,0.25,-0.03
always_on_account_aware_sizer,2025-09-17,9060.0,30000.0,0.25,0.302
always_on_account_aware_sizer,2025-09-18,2700.0,30000.0,0.25,0.09
always_on_account_aware_sizer,2025-09-19,330.0,30000.0,0.25,0.011
always_on_account_aware_sizer,2025-09-22,2200.0,30000.0,0.25,0.073333
always_on_account_aware_sizer,2025-09-23,2520.0,30000.0,0.25,0.084
always_on_account_aware_sizer,2025-09-24,90.0,30000.0,0.25,0.003
always_on_account_aware_sizer,2025-09-25,-1660.0,30000.0,0.25,-0.055333
always_on_account_aware_sizer,2025-09-26,6030.0,30000.0,0.25,0.201
always_on_account_aware_sizer,2025-09-29,840.0,30000.0,0.25,0.028
always_on_account_aware_sizer,2025-09-30,1080.0,30000.0,0.25,0.036
always_on_account_aware_sizer,2025-10-01,-520.0,30000.0,0.25,-0.017333
always_on_account_aware_sizer,2025-10-02,1080.0,30000.0,0.25,0.036
always_on_account_aware_sizer,2025-10-03,3040.0,30000.0,0.25,0.101333
always_on_account_aware_sizer,2025-10-06,750.0,30000.0,0.25,0.025
always_on_account_aware_sizer,2025-10-07,510.0,30000.0,0.25,0.017
always_on_account_aware_sizer,2025-10-08,1070.0,30000.0,0.25,0.035667
always_on_account_aware_sizer,2025-10-09,260.0,30000.0,0.25,0.008667
always_on_account_aware_sizer,2025-10-10,530.0,30000.0,0.25,0.017667
always_on_account_aware_sizer,2025-10-13,1840.0,30000.0,0.25,0.061333
always_on_account_aware_sizer,2025-10-14,860.0,30000.0,0.25,0.028667
always_on_account_aware_sizer,2025-10-15,3010.0,30000.0,0.25,0.100333
always_on_account_aware_sizer,2025-10-16,670.0,30000.0,0.25,0.022333
always_on_account_aware_sizer,2025-10-17,3160.0,30000.0,0.25,0.105333
always_on_account_aware_sizer,2025-10-20,1620.0,30000.0,0.25,0.054
always_on_account_aware_sizer,2025-10-21,950.0,30000.0,0.25,0.031667
always_on_account_aware_sizer,2025-10-22,1700.0,30000.0,0.25,0.056667
always_on_account_aware_sizer,2025-10-23,1250.0,30000.0,0.25,0.041667
always_on_account_aware_sizer,2025-10-24,880.0,30000.0,0.25,0.029333
always_on_account_aware_sizer,2025-10-27,320.0,30000.0,0.25,0.010667
always_on_account_aware_sizer,2025-10-28,-230.0,30000.0,0.25,-0.007667
always_on_account_aware_sizer,2025-10-29,6870.0,30000.0,0.25,0.229
always_on_account_aware_sizer,2025-10-30,610.0,30000.0,0.25,0.020333
always_on_account_aware_sizer,2025-10-31,2140.0,30000.0,0.25,0.071333
always_on_account_aware_sizer,2025-11-03,2800.0,30000.0,0.25,0.093333
always_on_account_aware_sizer,2025-11-04,1740.0,30000.0,0.25,0.058
always_on_account_aware_sizer,2025-11-05,700.0,30000.0,0.25,0.023333
always_on_account_aware_sizer,2025-11-06,890.0,30000.0,0.25,0.029667
always_on_account_aware_sizer,2025-11-07,1360.0,30000.0,0.25,0.045333
always_on_account_aware_sizer,2025-11-10,-470.0,30000.0,0.25,-0.015667
always_on_account_aware_sizer,2025-11-11,1180.0,30000.0,0.25,0.039333
always_on_account_aware_sizer,2025-11-12,2110.0,30000.0,0.25,0.070333
always_on_account_aware_sizer,2025-11-13,3740.0,30000.0,0.25,0.124667
always_on_account_aware_sizer,2025-11-14,5330.0,30000.0,0.25,0.177667
always_on_account_aware_sizer,2025-11-17,530.0,30000.0,0.25,0.017667
always_on_account_aware_sizer,2025-11-18,4430.0,30000.0,0.25,0.147667
always_on_account_aware_sizer,2025-11-19,2950.0,30000.0,0.25,0.098333
always_on_account_aware_sizer,2025-11-20,4870.0,30000.0,0.25,0.162333
always_on_account_aware_sizer,2025-11-21,6850.0,30000.0,0.25,0.228333
always_on_account_aware_sizer,2025-11-24,2500.0,30000.0,0.25,0.083333
always_on_account_aware_sizer,2025-11-25,-250.0,30000.0,0.25,-0.008333
always_on_account_aware_sizer,2025-11-26,-1520.0,30000.0,0.25,-0.050667
always_on_account_aware_sizer,2025-11-28,-120.0,30000.0,0.25,-0.004
always_on_account_aware_sizer,2025-12-01,1450.0,30000.0,0.25,0.048333
always_on_account_aware_sizer,2025-12-02,1370.0,30000.0,0.25,0.045667
always_on_account_aware_sizer,2025-12-03,2020.0,30000.0,0.25,0.067333
always_on_account_aware_sizer,2025-12-04,1940.0,30000.0,0.25,0.064667
always_on_account_aware_sizer,2025-12-05,1270.0,30000.0,0.25,0.042333
always_on_account_aware_sizer,2025-12-08,1830.0,30000.0,0.25,0.061
always_on_account_aware_sizer,2025-12-09,0.0,30000.0,0.25,0.0
always_on_account_aware_sizer,2025-12-10,2770.0,30000.0,0.25,0.092333
always_on_account_aware_sizer,2025-12-11,-1610.0,30000.0,0.25,-0.053667
always_on_account_aware_sizer,2025-12-12,1220.0,30000.0,0.25,0.040667
always_on_account_aware_sizer,2025-12-15,860.0,30000.0,0.25,0.028667
always_on_account_aware_sizer,2025-12-16,-1050.0,30000.0,0.25,-0.035
always_on_account_aware_sizer,2025-12-17,1620.0,30000.0,0.25,0.054
always_on_account_aware_sizer,2025-12-18,-1040.0,30000.0,0.25,-0.034667
always_on_account_aware_sizer,2025-12-19,430.0,30000.0,0.25,0.014333
always_on_account_aware_sizer,2025-12-22,460.0,30000.0,0.25,0.015333
always_on_account_aware_sizer,2025-12-23,910.0,30000.0,0.25,0.030333
always_on_account_aware_sizer,2025-12-24,90.0,30000.0,0.25,0.003
always_on_account_aware_sizer,2025-12-26,-430.0,30000.0,0.25,-0.014333
always_on_account_aware_sizer,2025-12-29,20.0,30000.0,0.25,0.000667
always_on_account_aware_sizer,2025-12-30,60.0,30000.0,0.25,0.002
always_on_account_aware_sizer,2025-12-31,-10.0,30000.0,0.25,-0.000333
always_on_account_aware_sizer,2026-01-02,3580.0,30000.0,0.25,0.119333
always_on_account_aware_sizer,2026-01-05,1440.0,30000.0,0.25,0.048
always_on_account_aware_sizer,2026-01-06,-520.0,30000.0,0.25,-0.017333
always_on_account_aware_sizer,2026-01-07,530.0,30000.0,0.25,0.017667
always_on_account_aware_sizer,2026-01-08,-990.0,30000.0,0.25,-0.033
always_on_account_aware_sizer,2026-01-09,-960.0,30000.0,0.25,-0.032
always_on_account_aware_sizer,2026-01-12,540.0,30000.0,0.25,0.018
always_on_account_aware_sizer,2026-01-13,-350.0,30000.0,0.25,-0.011667
always_on_account_aware_sizer,2026-01-14,2550.0,30000.0,0.25,0.085
always_on_account_aware_sizer,2026-01-15,-480.0,30000.0,0.25,-0.016
always_on_account_aware_sizer,2026-01-16,1610.0,30000.0,0.25,0.053667
always_on_account_aware_sizer,2026-01-20,1140.0,30000.0,0.25,0.038
always_on_account_aware_sizer,2026-01-21,7060.0,30000.0,0.25,0.235333
always_on_account_aware_sizer,2026-01-22,1020.0,30000.0,0.25,0.034
always_on_account_aware_sizer,2026-01-23,40.0,30000.0,0.25,0.001333
always_on_account_aware_sizer,2026-01-26,-50.0,30000.0,0.25,-0.001667
always_on_account_aware_sizer,2026-01-27,1370.0,30000.0,0.25,0.045667
always_on_account_aware_sizer,2026-01-28,1410.0,30000.0,0.25,0.047
always_on_account_aware_sizer,2026-01-29,3360.0,30000.0,0.25,0.112
always_on_account_aware_sizer,2026-01-30,-320.0,30000.0,0.25,-0.010667
always_on_account_aware_sizer,2026-02-02,-60.0,30000.0,0.25,-0.002
always_on_account_aware_sizer,2026-02-03,2310.0,30000.0,0.25,0.077
always_on_account_aware_sizer,2026-02-04,-1400.0,30000.0,0.25,-0.046667
always_on_account_aware_sizer,2026-02-05,2780.0,30000.0,0.25,0.092667
always_on_account_aware_sizer,2026-02-09,1480.0,30000.0,0.25,0.049333
always_on_account_aware_sizer,2026-02-10,160.0,30000.0,0.25,0.005333
always_on_account_aware_sizer,2026-02-11,1590.0,30000.0,0.25,0.053
always_on_account_aware_sizer,2026-02-12,2300.0,30000.0,0.25,0.076667
always_on_account_aware_sizer,2026-02-13,4510.0,30000.0,0.25,0.150333
always_on_account_aware_sizer,2026-02-17,5430.0,30000.0,0.25,0.181
always_on_account_aware_sizer,2026-02-18,-820.0,30000.0,0.25,-0.027333
always_on_account_aware_sizer,2026-02-19,0.0,30000.0,0.25,0.0
always_on_account_aware_sizer,2026-02-20,2230.0,30000.0,0.25,0.074333
always_on_account_aware_sizer,2026-02-23,1950.0,30000.0,0.25,0.065
always_on_account_aware_sizer,2026-02-24,2120.0,30000.0,0.25,0.070667
always_on_account_aware_sizer,2026-02-25,-660.0,30000.0,0.25,-0.022
always_on_account_aware_sizer,2026-02-26,70.0,30000.0,0.25,0.002333
always_on_account_aware_sizer,2026-02-27,970.0,30000.0,0.25,0.032333
always_on_account_aware_sizer,2026-03-02,-920.0,30000.0,0.25,-0.030667
always_on_account_aware_sizer,2026-03-03,10360.0,30000.0,0.25,0.345333
always_on_account_aware_sizer,2026-03-04,-1890.0,30000.0,0.25,-0.063
always_on_account_aware_sizer,2026-03-05,4650.0,30000.0,0.25,0.155
always_on_account_aware_sizer,2026-03-06,1810.0,30000.0,0.25,0.060333
always_on_account_aware_sizer,2026-03-09,980.0,30000.0,0.25,0.032667
always_on_account_aware_sizer,2026-03-10,-1130.0,30000.0,0.25,-0.037667
always_on_account_aware_sizer,2026-03-11,-1690.0,30000.0,0.25,-0.056333
always_on_account_aware_sizer,2026-03-12,1030.0,30000.0,0.25,0.034333
always_on_account_aware_sizer,2026-03-13,-1070.0,30000.0,0.25,-0.035667
always_on_account_aware_sizer,2026-03-16,-810.0,30000.0,0.25,-0.027
always_on_account_aware_sizer,2026-03-17,-770.0,30000.0,0.25,-0.025667
always_on_account_aware_sizer,2026-03-18,2330.0,30000.0,0.25,0.077667
always_on_account_aware_sizer,2026-03-19,2540.0,30000.0,0.25,0.084667
always_on_account_aware_sizer,2026-03-20,2320.0,30000.0,0.25,0.077333
always_on_account_aware_sizer,2026-03-23,3730.0,30000.0,0.25,0.124333
always_on_account_aware_sizer,2026-03-24,1860.0,30000.0,0.25,0.062
always_on_account_aware_sizer,2026-03-25,1610.0,30000.0,0.25,0.053667
always_on_account_aware_sizer,2026-03-26,20.0,30000.0,0.25,0.000667
always_on_account_aware_sizer,2026-03-27,1770.0,30000.0,0.25,0.059
always_on_account_aware_sizer,2026-03-30,5340.0,30000.0,0.25,0.178
always_on_account_aware_sizer,2026-03-31,3860.0,30000.0,0.25,0.128667
one_contract_baseline,2024-10-01,3210.0,30000.0,0.5,0.107
one_contract_baseline,2024-10-02,2210.0,30000.0,0.5,0.073667
one_contract_baseline,2024-10-03,2150.0,30000.0,0.5,0.071667
one_contract_baseline,2024-10-04,1910.0,30000.0,0.5,0.063667
one_contract_baseline,2024-10-07,-230.0,30000.0,0.5,-0.007667
one_contract_baseline,2024-10-08,840.0,30000.0,0.5,0.028
one_contract_baseline,2024-10-09,730.0,30000.0,0.5,0.024333
one_contract_baseline,2024-10-10,430.0,30000.0,0.5,0.014333
one_contract_baseline,2024-10-11,2270.0,30000.0,0.5,0.075667
one_contract_baseline,2024-10-14,-1080.0,30000.0,0.5,-0.036
one_contract_baseline,2024-10-15,470.0,30000.0,0.5,0.015667
one_contract_baseline,2024-10-16,630.0,30000.0,0.5,0.021
one_contract_baseline,2024-10-17,-220.0,30000.0,0.5,-0.007333
one_contract_baseline,2024-10-18,170.0,30000.0,0.5,0.005667
one_contract_baseline,2024-10-21,1870.0,30000.0,0.5,0.062333
one_contract_baseline,2024-10-22,-780.0,30000.0,0.5,-0.026
one_contract_baseline,2024-10-23,870.0,30000.0,0.5,0.029
one_contract_baseline,2024-10-24,-830.0,30000.0,0.5,-0.027667
one_contract_baseline,2024-10-25,2570.0,30000.0,0.5,0.085667
one_contract_baseline,2024-10-28,-380.0,30000.0,0.5,-0.012667
one_contract_baseline,2024-10-29,470.0,30000.0,0.5,0.015667
one_contract_baseline,2024-10-30,60.0,30000.0,0.5,0.002
one_contract_baseline,2024-10-31,-2480.0,30000.0,0.5,-0.082667
one_contract_baseline,2024-11-01,1220.0,30000.0,0.5,0.040667
one_contract_baseline,2024-11-04,-140.0,30000.0,0.5,-0.004667
one_contract_baseline,2024-11-05,890.0,30000.0,0.5,0.029667
one_contract_baseline,2024-11-06,-680.0,30000.0,0.5,-0.022667
one_contract_baseline,2024-11-07,240.0,30000.0,0.5,0.008
one_contract_baseline,2024-11-08,-220.0,30000.0,0.5,-0.007333
one_contract_baseline,2024-11-11,-360.0,30000.0,0.5,-0.012
one_contract_baseline,2024-11-12,670.0,30000.0,0.5,0.022333
one_contract_baseline,2024-11-13,1150.0,30000.0,0.5,0.038333
one_contract_baseline,2024-11-14,-70.0,30000.0,0.5,-0.002333
one_contract_baseline,2024-11-15,1420.0,30000.0,0.5,0.047333
one_contract_baseline,2024-11-18,1360.0,30000.0,0.5,0.045333
one_contract_baseline,2024-11-19,990.0,30000.0,0.5,0.033
one_contract_baseline,2024-11-20,3380.0,30000.0,0.5,0.112667
one_contract_baseline,2024-11-21,5310.0,30000.0,0.5,0.177
one_contract_baseline,2024-11-22,-1800.0,30000.0,0.5,-0.06
one_contract_baseline,2024-11-25,190.0,30000.0,0.5,0.006333
one_contract_baseline,2024-11-26,-1190.0,30000.0,0.5,-0.039667
one_contract_baseline,2024-11-27,240.0,30000.0,0.5,0.008
one_contract_baseline,2024-11-29,610.0,30000.0,0.5,0.020333
one_contract_baseline,2024-12-02,-480.0,30000.0,0.5,-0.016
one_contract_baseline,2024-12-03,-840.0,30000.0,0.5,-0.028
one_contract_baseline,2024-12-04,-760.0,30000.0,0.5,-0.025333
one_contract_baseline,2024-12-05,-780.0,30000.0,0.5,-0.026
one_contract_baseline,2024-12-06,-110.0,30000.0,0.5,-0.003667
one_contract_baseline,2024-12-09,-230.0,30000.0,0.5,-0.007667
one_contract_baseline,2024-12-10,90.0,30000.0,0.5,0.003
one_contract_baseline,2024-12-11,-90.0,30000.0,0.5,-0.003
one_contract_baseline,2024-12-12,-1390.0,30000.0,0.5,-0.046333
one_contract_baseline,2024-12-13,1020.0,30000.0,0.5,0.034
one_contract_baseline,2024-12-16,370.0,30000.0,0.5,0.012333
one_contract_baseline,2024-12-17,790.0,30000.0,0.5,0.026333
one_contract_baseline,2024-12-18,250.0,30000.0,0.5,0.008333
one_contract_baseline,2024-12-19,-100.0,30000.0,0.5,-0.003333
one_contract_baseline,2024-12-20,3820.0,30000.0,0.5,0.127333
one_contract_baseline,2024-12-23,1570.0,30000.0,0.5,0.052333
one_contract_baseline,2024-12-24,450.0,30000.0,0.5,0.015
one_contract_baseline,2024-12-26,90.0,30000.0,0.5,0.003
one_contract_baseline,2024-12-27,5000.0,30000.0,0.5,0.166667
one_contract_baseline,2024-12-30,-150.0,30000.0,0.5,-0.005
one_contract_baseline,2024-12-31,590.0,30000.0,0.5,0.019667
one_contract_baseline,2025-07-01,-180.0,30000.0,0.5,-0.006
one_contract_baseline,2025-07-02,490.0,30000.0,0.5,0.016333
one_contract_baseline,2025-07-03,290.0,30000.0,0.5,0.009667
one_contract_baseline,2025-07-07,980.0,30000.0,0.5,0.032667
one_contract_baseline,2025-07-08,710.0,30000.0,0.5,0.023667
one_contract_baseline,2025-07-09,270.0,30000.0,0.5,0.009
one_contract_baseline,2025-07-10,420.0,30000.0,0.5,0.014
one_contract_baseline,2025-07-11,-140.0,30000.0,0.5,-0.004667
one_contract_baseline,2025-07-14,570.0,30000.0,0.5,0.019
one_contract_baseline,2025-07-15,980.0,30000.0,0.5,0.032667
one_contract_baseline,2025-07-16,3240.0,30000.0,0.5,0.108
one_contract_baseline,2025-07-17,840.0,30000.0,0.5,0.028
one_contract_baseline,2025-07-18,-190.0,30000.0,0.5,-0.006333
one_contract_baseline,2025-07-21,300.0,30000.0,0.5,0.01
one_contract_baseline,2025-07-22,550.0,30000.0,0.5,0.018333
one_contract_baseline,2025-07-23,-320.0,30000.0,0.5,-0.010667
one_contract_baseline,2025-07-24,60.0,30000.0,0.5,0.002
one_contract_baseline,2025-07-25,250.0,30000.0,0.5,0.008333
one_contract_baseline,2025-07-28,260.0,30000.0,0.5,0.008667
one_contract_baseline,2025-07-29,340.0,30000.0,0.5,0.011333
one_contract_baseline,2025-07-30,1850.0,30000.0,0.5,0.061667
one_contract_baseline,2025-07-31,-540.0,30000.0,0.5,-0.018
one_contract_baseline,2025-08-01,1920.0,30000.0,0.5,0.064
one_contract_baseline,2025-08-04,450.0,30000.0,0.5,0.015
one_contract_baseline,2025-08-05,2240.0,30000.0,0.5,0.074667
one_contract_baseline,2025-08-06,2010.0,30000.0,0.5,0.067
one_contract_baseline,2025-08-07,-760.0,30000.0,0.5,-0.025333
one_contract_baseline,2025-08-08,240.0,30000.0,0.5,0.008
one_contract_baseline,2025-08-11,-950.0,30000.0,0.5,-0.031667
one_contract_baseline,2025-08-12,2070.0,30000.0,0.5,0.069
one_contract_baseline,2025-08-13,480.0,30000.0,0.5,0.016
one_contract_baseline,2025-08-14,-250.0,30000.0,0.5,-0.008333
one_contract_baseline,2025-08-15,20.0,30000.0,0.5,0.000667
one_contract_baseline,2025-08-18,-660.0,30000.0,0.5,-0.022
one_contract_baseline,2025-08-19,1070.0,30000.0,0.5,0.035667
one_contract_baseline,2025-08-20,1110.0,30000.0,0.5,0.037
one_contract_baseline,2025-08-21,1680.0,30000.0,0.5,0.056
one_contract_baseline,2025-08-22,4540.0,30000.0,0.5,0.151333
one_contract_baseline,2025-08-25,150.0,30000.0,0.5,0.005
one_contract_baseline,2025-08-26,-200.0,30000.0,0.5,-0.006667
one_contract_baseline,2025-08-27,60.0,30000.0,0.5,0.002
one_contract_baseline,2025-08-28,100.0,30000.0,0.5,0.003333
one_contract_baseline,2025-08-29,310.0,30000.0,0.5,0.010333
one_contract_baseline,2025-09-02,-1110.0,30000.0,0.5,-0.037
one_contract_baseline,2025-09-03,-50.0,30000.0,0.5,-0.001667
one_contract_baseline,2025-09-04,1750.0,30000.0,0.5,0.058333
one_contract_baseline,2025-09-05,4010.0,30000.0,0.5,0.133667
one_contract_baseline,2025-09-08,880.0,30000.0,0.5,0.029333
one_contract_baseline,2025-09-09,70.0,30000.0,0.5,0.002333
one_contract_baseline,2025-09-10,-740.0,30000.0,0.5,-0.024667
one_contract_baseline,2025-09-11,780.0,30000.0,0.5,0.026
one_contract_baseline,2025-09-12,140.0,30000.0,0.5,0.004667
one_contract_baseline,2025-09-15,170.0,30000.0,0.5,0.005667
one_contract_baseline,2025-09-16,-550.0,30000.0,0.5,-0.018333
one_contract_baseline,2025-09-17,4120.0,30000.0,0.5,0.137333
one_contract_baseline,2025-09-18,970.0,30000.0,0.5,0.032333
one_contract_baseline,2025-09-19,120.0,30000.0,0.5,0.004
one_contract_baseline,2025-09-22,1010.0,30000.0,0.5,0.033667
one_contract_baseline,2025-09-23,880.0,30000.0,0.5,0.029333
one_contract_baseline,2025-09-24,-100.0,30000.0,0.5,-0.003333
one_contract_baseline,2025-09-25,-1500.0,30000.0,0.5,-0.05
one_contract_baseline,2025-09-26,3430.0,30000.0,0.5,0.114333
one_contract_baseline,2025-09-29,180.0,30000.0,0.5,0.006
one_contract_baseline,2025-09-30,220.0,30000.0,0.5,0.007333
one_contract_baseline,2025-10-01,-620.0,30000.0,0.5,-0.020667
one_contract_baseline,2025-10-02,880.0,30000.0,0.5,0.029333
one_contract_baseline,2025-10-03,1580.0,30000.0,0.5,0.052667
one_contract_baseline,2025-10-06,400.0,30000.0,0.5,0.013333
one_contract_baseline,2025-10-07,360.0,30000.0,0.5,0.012
one_contract_baseline,2025-10-08,910.0,30000.0,0.5,0.030333
one_contract_baseline,2025-10-09,110.0,30000.0,0.5,0.003667
one_contract_baseline,2025-10-10,330.0,30000.0,0.5,0.011
one_contract_baseline,2025-10-13,1640.0,30000.0,0.5,0.054667
one_contract_baseline,2025-10-14,460.0,30000.0,0.5,0.015333
one_contract_baseline,2025-10-15,2560.0,30000.0,0.5,0.085333
one_contract_baseline,2025-10-16,520.0,30000.0,0.5,0.017333
one_contract_baseline,2025-10-17,2810.0,30000.0,0.5,0.093667
one_contract_baseline,2025-10-20,1420.0,30000.0,0.5,0.047333
one_contract_baseline,2025-10-21,850.0,30000.0,0.5,0.028333
one_contract_baseline,2025-10-22,1510.0,30000.0,0.5,0.050333
one_contract_baseline,2025-10-23,1050.0,30000.0,0.5,0.035
one_contract_baseline,2025-10-24,680.0,30000.0,0.5,0.022667
one_contract_baseline,2025-10-27,50.0,30000.0,0.5,0.001667
one_contract_baseline,2025-10-28,-480.0,30000.0,0.5,-0.016
one_contract_baseline,2025-10-29,5250.0,30000.0,0.5,0.175
one_contract_baseline,2025-10-30,220.0,30000.0,0.5,0.007333
one_contract_baseline,2025-10-31,1790.0,30000.0,0.5,0.059667
one_contract_baseline,2025-11-03,2230.0,30000.0,0.5,0.074333
one_contract_baseline,2025-11-04,850.0,30000.0,0.5,0.028333
one_contract_baseline,2025-11-05,550.0,30000.0,0.5,0.018333
one_contract_baseline,2025-11-06,790.0,30000.0,0.5,0.026333
one_contract_baseline,2025-11-07,1110.0,30000.0,0.5,0.037
one_contract_baseline,2025-11-10,-670.0,30000.0,0.5,-0.022333
one_contract_baseline,2025-11-11,980.0,30000.0,0.5,0.032667
one_contract_baseline,2025-11-12,1910.0,30000.0,0.5,0.063667
one_contract_baseline,2025-11-13,3540.0,30000.0,0.5,0.118
one_contract_baseline,2025-11-14,4880.0,30000.0,0.5,0.162667
one_contract_baseline,2025-11-17,180.0,30000.0,0.5,0.006
one_contract_baseline,2025-11-18,4080.0,30000.0,0.5,0.136
one_contract_baseline,2025-11-19,2870.0,30000.0,0.5,0.095667
one_contract_baseline,2025-11-20,4570.0,30000.0,0.5,0.152333
one_contract_baseline,2025-11-21,6300.0,30000.0,0.5,0.21
one_contract_baseline,2025-11-24,2300.0,30000.0,0.5,0.076667
one_contract_baseline,2025-11-25,-400.0,30000.0,0.5,-0.013333
one_contract_baseline,2025-11-26,-1620.0,30000.0,0.5,-0.054
one_contract_baseline,2025-11-28,-270.0,30000.0,0.5,-0.009
one_contract_baseline,2025-12-01,1300.0,30000.0,0.5,0.043333
one_contract_baseline,2025-12-02,1220.0,30000.0,0.5,0.040667
one_contract_baseline,2025-12-03,1350.0,30000.0,0.5,0.045
one_contract_baseline,2025-12-04,840.0,30000.0,0.5,0.028
one_contract_baseline,2025-12-05,920.0,30000.0,0.5,0.030667
one_contract_baseline,2025-12-08,1630.0,30000.0,0.5,0.054333
one_contract_baseline,2025-12-09,-250.0,30000.0,0.5,-0.008333
one_contract_baseline,2025-12-10,2570.0,30000.0,0.5,0.085667
one_contract_baseline,2025-12-11,-1740.0,30000.0,0.5,-0.058
one_contract_baseline,2025-12-12,1120.0,30000.0,0.5,0.037333
one_contract_baseline,2025-12-15,510.0,30000.0,0.5,0.017
one_contract_baseline,2025-12-16,-1150.0,30000.0,0.5,-0.038333
one_contract_baseline,2025-12-17,1520.0,30000.0,0.5,0.050667
one_contract_baseline,2025-12-18,-660.0,30000.0,0.5,-0.022
one_contract_baseline,2025-12-19,180.0,30000.0,0.5,0.006
one_contract_baseline,2025-12-22,310.0,30000.0,0.5,0.010333
one_contract_baseline,2025-12-23,810.0,30000.0,0.5,0.027
one_contract_baseline,2025-12-24,-10.0,30000.0,0.5,-0.000333
one_contract_baseline,2025-12-26,-580.0,30000.0,0.5,-0.019333
one_contract_baseline,2025-12-29,-180.0,30000.0,0.5,-0.006
one_contract_baseline,2025-12-30,-340.0,30000.0,0.5,-0.011333
one_contract_baseline,2025-12-31,-210.0,30000.0,0.5,-0.007
one_contract_baseline,2026-01-02,1020.0,30000.0,0.5,0.034
one_contract_baseline,2026-01-05,860.0,30000.0,0.5,0.028667
one_contract_baseline,2026-01-06,-870.0,30000.0,0.5,-0.029
one_contract_baseline,2026-01-07,-180.0,30000.0,0.5,-0.006
one_contract_baseline,2026-01-08,-1190.0,30000.0,0.5,-0.039667
one_contract_baseline,2026-01-09,830.0,30000.0,0.5,0.027667
one_contract_baseline,2026-01-12,340.0,30000.0,0.5,0.011333
one_contract_baseline,2026-01-13,-550.0,30000.0,0.5,-0.018333
one_contract_baseline,2026-01-14,1110.0,30000.0,0.5,0.037
one_contract_baseline,2026-01-15,-170.0,30000.0,0.5,-0.005667
one_contract_baseline,2026-01-16,1510.0,30000.0,0.5,0.050333
one_contract_baseline,2026-01-20,870.0,30000.0,0.5,0.029
one_contract_baseline,2026-01-21,5200.0,30000.0,0.5,0.173333
one_contract_baseline,2026-01-22,820.0,30000.0,0.5,0.027333
one_contract_baseline,2026-01-23,-110.0,30000.0,0.5,-0.003667
one_contract_baseline,2026-01-26,-150.0,30000.0,0.5,-0.005
one_contract_baseline,2026-01-27,1170.0,30000.0,0.5,0.039
one_contract_baseline,2026-01-28,1260.0,30000.0,0.5,0.042
one_contract_baseline,2026-01-29,3700.0,30000.0,0.5,0.123333
one_contract_baseline,2026-01-30,-420.0,30000.0,0.5,-0.014
one_contract_baseline,2026-02-02,-110.0,30000.0,0.5,-0.003667
one_contract_baseline,2026-02-03,2110.0,30000.0,0.5,0.070333
one_contract_baseline,2026-02-04,1240.0,30000.0,0.5,0.041333
one_contract_baseline,2026-02-05,2730.0,30000.0,0.5,0.091
one_contract_baseline,2026-02-09,1180.0,30000.0,0.5,0.039333
one_contract_baseline,2026-02-10,60.0,30000.0,0.5,0.002
one_contract_baseline,2026-02-11,2110.0,30000.0,0.5,0.070333
one_contract_baseline,2026-02-12,2200.0,30000.0,0.5,0.073333
one_contract_baseline,2026-02-13,3390.0,30000.0,0.5,0.113
one_contract_baseline,2026-02-17,5280.0,30000.0,0.5,0.176
one_contract_baseline,2026-02-18,-560.0,30000.0,0.5,-0.018667
one_contract_baseline,2026-02-19,-250.0,30000.0,0.5,-0.008333
one_contract_baseline,2026-02-20,1980.0,30000.0,0.5,0.066
one_contract_baseline,2026-02-23,1600.0,30000.0,0.5,0.053333
one_contract_baseline,2026-02-24,1430.0,30000.0,0.5,0.047667
one_contract_baseline,2026-02-25,-760.0,30000.0,0.5,-0.025333
one_contract_baseline,2026-02-26,-80.0,30000.0,0.5,-0.002667
one_contract_baseline,2026-02-27,720.0,30000.0,0.5,0.024
one_contract_baseline,2026-03-02,1120.0,30000.0,0.5,0.037333
one_contract_baseline,2026-03-03,8670.0,30000.0,0.5,0.289
one_contract_baseline,2026-03-04,-2480.0,30000.0,0.5,-0.082667
one_contract_baseline,2026-03-05,4400.0,30000.0,0.5,0.146667
one_contract_baseline,2026-03-06,1610.0,30000.0,0.5,0.053667
one_contract_baseline,2026-03-09,830.0,30000.0,0.5,0.027667
one_contract_baseline,2026-03-10,-770.0,30000.0,0.5,-0.025667
one_contract_baseline,2026-03-11,-1210.0,30000.0,0.5,-0.040333
one_contract_baseline,2026-03-12,730.0,30000.0,0.5,0.024333
one_contract_baseline,2026-03-13,140.0,30000.0,0.5,0.004667
one_contract_baseline,2026-03-16,-1640.0,30000.0,0.5,-0.054667
one_contract_baseline,2026-03-17,-200.0,30000.0,0.5,-0.006667
one_contract_baseline,2026-03-18,2230.0,30000.0,0.5,0.074333
one_contract_baseline,2026-03-19,1630.0,30000.0,0.5,0.054333
one_contract_baseline,2026-03-20,1950.0,30000.0,0.5,0.065
one_contract_baseline,2026-03-23,3190.0,30000.0,0.5,0.106333
one_contract_baseline,2026-03-24,1660.0,30000.0,0.5,0.055333
one_contract_baseline,2026-03-25,1310.0,30000.0,0.5,0.043667
one_contract_baseline,2026-03-26,-470.0,30000.0,0.5,-0.015667
one_contract_baseline,2026-03-27,850.0,30000.0,0.5,0.028333
one_contract_baseline,2026-03-30,4680.0,30000.0,0.5,0.156
one_contract_baseline,2026-03-31,2560.0,30000.0,0.5,0.085333
always_on_account_aware_sizer,2024-10-01,3210.0,30000.0,0.5,0.107
always_on_account_aware_sizer,2024-10-02,2210.0,30000.0,0.5,0.073667
always_on_account_aware_sizer,2024-10-03,2150.0,30000.0,0.5,0.071667
always_on_account_aware_sizer,2024-10-04,-970.0,30000.0,0.5,-0.032333
always_on_account_aware_sizer,2024-10-07,-230.0,30000.0,0.5,-0.007667
always_on_account_aware_sizer,2024-10-08,840.0,30000.0,0.5,0.028
always_on_account_aware_sizer,2024-10-09,730.0,30000.0,0.5,0.024333
always_on_account_aware_sizer,2024-10-10,430.0,30000.0,0.5,0.014333
always_on_account_aware_sizer,2024-10-11,2270.0,30000.0,0.5,0.075667
always_on_account_aware_sizer,2024-10-14,-1230.0,30000.0,0.5,-0.041
always_on_account_aware_sizer,2024-10-15,470.0,30000.0,0.5,0.015667
always_on_account_aware_sizer,2024-10-16,630.0,30000.0,0.5,0.021
always_on_account_aware_sizer,2024-10-17,-220.0,30000.0,0.5,-0.007333
always_on_account_aware_sizer,2024-10-18,170.0,30000.0,0.5,0.005667
always_on_account_aware_sizer,2024-10-21,1870.0,30000.0,0.5,0.062333
always_on_account_aware_sizer,2024-10-22,-780.0,30000.0,0.5,-0.026
always_on_account_aware_sizer,2024-10-23,870.0,30000.0,0.5,0.029
always_on_account_aware_sizer,2024-10-24,-830.0,30000.0,0.5,-0.027667
always_on_account_aware_sizer,2024-10-25,2570.0,30000.0,0.5,0.085667
always_on_account_aware_sizer,2024-10-28,-380.0,30000.0,0.5,-0.012667
always_on_account_aware_sizer,2024-10-29,470.0,30000.0,0.5,0.015667
always_on_account_aware_sizer,2024-10-30,60.0,30000.0,0.5,0.002
always_on_account_aware_sizer,2024-10-31,-1120.0,30000.0,0.5,-0.037333
always_on_account_aware_sizer,2024-11-01,1220.0,30000.0,0.5,0.040667
always_on_account_aware_sizer,2024-11-04,-140.0,30000.0,0.5,-0.004667
always_on_account_aware_sizer,2024-11-05,890.0,30000.0,0.5,0.029667
always_on_account_aware_sizer,2024-11-06,-680.0,30000.0,0.5,-0.022667
always_on_account_aware_sizer,2024-11-07,240.0,30000.0,0.5,0.008
always_on_account_aware_sizer,2024-11-08,-220.0,30000.0,0.5,-0.007333
always_on_account_aware_sizer,2024-11-11,-360.0,30000.0,0.5,-0.012
always_on_account_aware_sizer,2024-11-12,670.0,30000.0,0.5,0.022333
always_on_account_aware_sizer,2024-11-13,1150.0,30000.0,0.5,0.038333
always_on_account_aware_sizer,2024-11-14,-70.0,30000.0,0.5,-0.002333
always_on_account_aware_sizer,2024-11-15,1420.0,30000.0,0.5,0.047333
always_on_account_aware_sizer,2024-11-18,1360.0,30000.0,0.5,0.045333
always_on_account_aware_sizer,2024-11-19,-1030.0,30000.0,0.5,-0.034333
always_on_account_aware_sizer,2024-11-20,3380.0,30000.0,0.5,0.112667
always_on_account_aware_sizer,2024-11-21,5310.0,30000.0,0.5,0.177
always_on_account_aware_sizer,2024-11-22,-760.0,30000.0,0.5,-0.025333
always_on_account_aware_sizer,2024-11-25,-200.0,30000.0,0.5,-0.006667
always_on_account_aware_sizer,2024-11-26,-1020.0,30000.0,0.5,-0.034
always_on_account_aware_sizer,2024-11-27,240.0,30000.0,0.5,0.008
always_on_account_aware_sizer,2024-11-29,610.0,30000.0,0.5,0.020333
always_on_account_aware_sizer,2024-12-02,-480.0,30000.0,0.5,-0.016
always_on_account_aware_sizer,2024-12-03,-770.0,30000.0,0.5,-0.025667
always_on_account_aware_sizer,2024-12-04,-770.0,30000.0,0.5,-0.025667
always_on_account_aware_sizer,2024-12-05,-800.0,30000.0,0.5,-0.026667
always_on_account_aware_sizer,2024-12-06,-110.0,30000.0,0.5,-0.003667
always_on_account_aware_sizer,2024-12-09,-800.0,30000.0,0.5,-0.026667
always_on_account_aware_sizer,2024-12-10,90.0,30000.0,0.5,0.003
always_on_account_aware_sizer,2024-12-11,-90.0,30000.0,0.5,-0.003
always_on_account_aware_sizer,2024-12-12,-1180.0,30000.0,0.5,-0.039333
always_on_account_aware_sizer,2024-12-13,1020.0,30000.0,0.5,0.034
always_on_account_aware_sizer,2024-12-16,370.0,30000.0,0.5,0.012333
always_on_account_aware_sizer,2024-12-17,790.0,30000.0,0.5,0.026333
always_on_account_aware_sizer,2024-12-18,250.0,30000.0,0.5,0.008333
always_on_account_aware_sizer,2024-12-19,-100.0,30000.0,0.5,-0.003333
always_on_account_aware_sizer,2024-12-20,3820.0,30000.0,0.5,0.127333
always_on_account_aware_sizer,2024-12-23,2060.0,30000.0,0.5,0.068667
always_on_account_aware_sizer,2024-12-24,450.0,30000.0,0.5,0.015
always_on_account_aware_sizer,2024-12-26,90.0,30000.0,0.5,0.003
always_on_account_aware_sizer,2024-12-27,5570.0,30000.0,0.5,0.185667
always_on_account_aware_sizer,2024-12-30,-1450.0,30000.0,0.5,-0.048333
always_on_account_aware_sizer,2024-12-31,590.0,30000.0,0.5,0.019667
always_on_account_aware_sizer,2025-07-01,-850.0,30000.0,0.5,-0.028333
always_on_account_aware_sizer,2025-07-02,490.0,30000.0,0.5,0.016333
always_on_account_aware_sizer,2025-07-03,290.0,30000.0,0.5,0.009667
always_on_account_aware_sizer,2025-07-07,1000.0,30000.0,0.5,0.033333
always_on_account_aware_sizer,2025-07-08,1420.0,30000.0,0.5,0.047333
always_on_account_aware_sizer,2025-07-09,380.0,30000.0,0.5,0.012667
always_on_account_aware_sizer,2025-07-10,900.0,30000.0,0.5,0.03
always_on_account_aware_sizer,2025-07-11,-290.0,30000.0,0.5,-0.009667
always_on_account_aware_sizer,2025-07-14,1080.0,30000.0,0.5,0.036
always_on_account_aware_sizer,2025-07-15,1850.0,30000.0,0.5,0.061667
always_on_account_aware_sizer,2025-07-16,3750.0,30000.0,0.5,0.125
always_on_account_aware_sizer,2025-07-17,1230.0,30000.0,0.5,0.041
always_on_account_aware_sizer,2025-07-18,-190.0,30000.0,0.5,-0.006333
always_on_account_aware_sizer,2025-07-21,300.0,30000.0,0.5,0.01
always_on_account_aware_sizer,2025-07-22,990.0,30000.0,0.5,0.033
always_on_account_aware_sizer,2025-07-23,-320.0,30000.0,0.5,-0.010667
always_on_account_aware_sizer,2025-07-24,-10.0,30000.0,0.5,-0.000333
always_on_account_aware_sizer,2025-07-25,470.0,30000.0,0.5,0.015667
always_on_account_aware_sizer,2025-07-28,220.0,30000.0,0.5,0.007333
always_on_account_aware_sizer,2025-07-29,340.0,30000.0,0.5,0.011333
always_on_account_aware_sizer,2025-07-30,2590.0,30000.0,0.5,0.086333
always_on_account_aware_sizer,2025-07-31,-1250.0,30000.0,0.5,-0.041667
always_on_account_aware_sizer,2025-08-01,2500.0,30000.0,0.5,0.083333
always_on_account_aware_sizer,2025-08-04,490.0,30000.0,0.5,0.016333
always_on_account_aware_sizer,2025-08-05,2740.0,30000.0,0.5,0.091333
always_on_account_aware_sizer,2025-08-06,3770.0,30000.0,0.5,0.125667
always_on_account_aware_sizer,2025-08-07,-1520.0,30000.0,0.5,-0.050667
always_on_account_aware_sizer,2025-08-08,240.0,30000.0,0.5,0.008
always_on_account_aware_sizer,2025-08-11,-850.0,30000.0,0.5,-0.028333
always_on_account_aware_sizer,2025-08-12,2070.0,30000.0,0.5,0.069
always_on_account_aware_sizer,2025-08-13,960.0,30000.0,0.5,0.032
always_on_account_aware_sizer,2025-08-14,-240.0,30000.0,0.5,-0.008
always_on_account_aware_sizer,2025-08-15,-370.0,30000.0,0.5,-0.012333
always_on_account_aware_sizer,2025-08-18,-660.0,30000.0,0.5,-0.022
always_on_account_aware_sizer,2025-08-19,1100.0,30000.0,0.5,0.036667
always_on_account_aware_sizer,2025-08-20,-1010.0,30000.0,0.5,-0.033667
always_on_account_aware_sizer,2025-08-21,1840.0,30000.0,0.5,0.061333
always_on_account_aware_sizer,2025-08-22,7830.0,30000.0,0.5,0.261
always_on_account_aware_sizer,2025-08-25,150.0,30000.0,0.5,0.005
always_on_account_aware_sizer,2025-08-26,160.0,30000.0,0.5,0.005333
always_on_account_aware_sizer,2025-08-27,160.0,30000.0,0.5,0.005333
always_on_account_aware_sizer,2025-08-28,-180.0,30000.0,0.5,-0.006
always_on_account_aware_sizer,2025-08-29,300.0,30000.0,0.5,0.01
always_on_account_aware_sizer,2025-09-02,-1110.0,30000.0,0.5,-0.037
always_on_account_aware_sizer,2025-09-03,-50.0,30000.0,0.5,-0.001667
always_on_account_aware_sizer,2025-09-04,2310.0,30000.0,0.5,0.077
always_on_account_aware_sizer,2025-09-05,5460.0,30000.0,0.5,0.182
always_on_account_aware_sizer,2025-09-08,1350.0,30000.0,0.5,0.045
always_on_account_aware_sizer,2025-09-09,140.0,30000.0,0.5,0.004667
always_on_account_aware_sizer,2025-09-10,-910.0,30000.0,0.5,-0.030333
always_on_account_aware_sizer,2025-09-11,860.0,30000.0,0.5,0.028667
always_on_account_aware_sizer,2025-09-12,140.0,30000.0,0.5,0.004667
always_on_account_aware_sizer,2025-09-15,170.0,30000.0,0.5,0.005667
always_on_account_aware_sizer,2025-09-16,-1100.0,30000.0,0.5,-0.036667
always_on_account_aware_sizer,2025-09-17,8310.0,30000.0,0.5,0.277
always_on_account_aware_sizer,2025-09-18,2100.0,30000.0,0.5,0.07
always_on_account_aware_sizer,2025-09-19,-20.0,30000.0,0.5,-0.000667
always_on_account_aware_sizer,2025-09-22,1950.0,30000.0,0.5,0.065
always_on_account_aware_sizer,2025-09-23,1770.0,30000.0,0.5,0.059
always_on_account_aware_sizer,2025-09-24,-100.0,30000.0,0.5,-0.003333
always_on_account_aware_sizer,2025-09-25,-1710.0,30000.0,0.5,-0.057
always_on_account_aware_sizer,2025-09-26,3810.0,30000.0,0.5,0.127
always_on_account_aware_sizer,2025-09-29,540.0,30000.0,0.5,0.018
always_on_account_aware_sizer,2025-09-30,220.0,30000.0,0.5,0.007333
always_on_account_aware_sizer,2025-10-01,-620.0,30000.0,0.5,-0.020667
always_on_account_aware_sizer,2025-10-02,880.0,30000.0,0.5,0.029333
always_on_account_aware_sizer,2025-10-03,2840.0,30000.0,0.5,0.094667
always_on_account_aware_sizer,2025-10-06,400.0,30000.0,0.5,0.013333
always_on_account_aware_sizer,2025-10-07,360.0,30000.0,0.5,0.012
always_on_account_aware_sizer,2025-10-08,820.0,30000.0,0.5,0.027333
always_on_account_aware_sizer,2025-10-09,110.0,30000.0,0.5,0.003667
always_on_account_aware_sizer,2025-10-10,330.0,30000.0,0.5,0.011
always_on_account_aware_sizer,2025-10-13,1640.0,30000.0,0.5,0.054667
always_on_account_aware_sizer,2025-10-14,460.0,30000.0,0.5,0.015333
always_on_account_aware_sizer,2025-10-15,2560.0,30000.0,0.5,0.085333
always_on_account_aware_sizer,2025-10-16,520.0,30000.0,0.5,0.017333
always_on_account_aware_sizer,2025-10-17,2810.0,30000.0,0.5,0.093667
always_on_account_aware_sizer,2025-10-20,1420.0,30000.0,0.5,0.047333
always_on_account_aware_sizer,2025-10-21,850.0,30000.0,0.5,0.028333
always_on_account_aware_sizer,2025-10-22,1510.0,30000.0,0.5,0.050333
always_on_account_aware_sizer,2025-10-23,1050.0,30000.0,0.5,0.035
always_on_account_aware_sizer,2025-10-24,680.0,30000.0,0.5,0.022667
always_on_account_aware_sizer,2025-10-27,-30.0,30000.0,0.5,-0.001
always_on_account_aware_sizer,2025-10-28,-480.0,30000.0,0.5,-0.016
always_on_account_aware_sizer,2025-10-29,6520.0,30000.0,0.5,0.217333
always_on_account_aware_sizer,2025-10-30,310.0,30000.0,0.5,0.010333
always_on_account_aware_sizer,2025-10-31,1790.0,30000.0,0.5,0.059667
always_on_account_aware_sizer,2025-11-03,2400.0,30000.0,0.5,0.08
always_on_account_aware_sizer,2025-11-04,1190.0,30000.0,0.5,0.039667
always_on_account_aware_sizer,2025-11-05,550.0,30000.0,0.5,0.018333
always_on_account_aware_sizer,2025-11-06,790.0,30000.0,0.5,0.026333
always_on_account_aware_sizer,2025-11-07,1110.0,30000.0,0.5,0.037
always_on_account_aware_sizer,2025-11-10,-670.0,30000.0,0.5,-0.022333
always_on_account_aware_sizer,2025-11-11,980.0,30000.0,0.5,0.032667
always_on_account_aware_sizer,2025-11-12,1910.0,30000.0,0.5,0.063667
always_on_account_aware_sizer,2025-11-13,3540.0,30000.0,0.5,0.118
always_on_account_aware_sizer,2025-11-14,4880.0,30000.0,0.5,0.162667
always_on_account_aware_sizer,2025-11-17,-810.0,30000.0,0.5,-0.027
always_on_account_aware_sizer,2025-11-18,4080.0,30000.0,0.5,0.136
always_on_account_aware_sizer,2025-11-19,2010.0,30000.0,0.5,0.067
always_on_account_aware_sizer,2025-11-20,4570.0,30000.0,0.5,0.152333
always_on_account_aware_sizer,2025-11-21,6300.0,30000.0,0.5,0.21
always_on_account_aware_sizer,2025-11-24,2300.0,30000.0,0.5,0.076667
always_on_account_aware_sizer,2025-11-25,-400.0,30000.0,0.5,-0.013333
always_on_account_aware_sizer,2025-11-26,-1620.0,30000.0,0.5,-0.054
always_on_account_aware_sizer,2025-11-28,-270.0,30000.0,0.5,-0.009
always_on_account_aware_sizer,2025-12-01,1300.0,30000.0,0.5,0.043333
always_on_account_aware_sizer,2025-12-02,1220.0,30000.0,0.5,0.040667
always_on_account_aware_sizer,2025-12-03,1720.0,30000.0,0.5,0.057333
always_on_account_aware_sizer,2025-12-04,1540.0,30000.0,0.5,0.051333
always_on_account_aware_sizer,2025-12-05,920.0,30000.0,0.5,0.030667
always_on_account_aware_sizer,2025-12-08,1630.0,30000.0,0.5,0.054333
always_on_account_aware_sizer,2025-12-09,-250.0,30000.0,0.5,-0.008333
always_on_account_aware_sizer,2025-12-10,2570.0,30000.0,0.5,0.085667
always_on_account_aware_sizer,2025-12-11,-1660.0,30000.0,0.5,-0.055333
always_on_account_aware_sizer,2025-12-12,1120.0,30000.0,0.5,0.037333
always_on_account_aware_sizer,2025-12-15,660.0,30000.0,0.5,0.022
always_on_account_aware_sizer,2025-12-16,-1150.0,30000.0,0.5,-0.038333
always_on_account_aware_sizer,2025-12-17,1520.0,30000.0,0.5,0.050667
always_on_account_aware_sizer,2025-12-18,-1140.0,30000.0,0.5,-0.038
always_on_account_aware_sizer,2025-12-19,180.0,30000.0,0.5,0.006
always_on_account_aware_sizer,2025-12-22,310.0,30000.0,0.5,0.010333
always_on_account_aware_sizer,2025-12-23,810.0,30000.0,0.5,0.027
always_on_account_aware_sizer,2025-12-24,-10.0,30000.0,0.5,-0.000333
always_on_account_aware_sizer,2025-12-26,-580.0,30000.0,0.5,-0.019333
always_on_account_aware_sizer,2025-12-29,-180.0,30000.0,0.5,-0.006
always_on_account_aware_sizer,2025-12-30,-340.0,30000.0,0.5,-0.011333
always_on_account_aware_sizer,2025-12-31,-210.0,30000.0,0.5,-0.007
always_on_account_aware_sizer,2026-01-02,3280.0,30000.0,0.5,0.109333
always_on_account_aware_sizer,2026-01-05,1240.0,30000.0,0.5,0.041333
always_on_account_aware_sizer,2026-01-06,-720.0,30000.0,0.5,-0.024
always_on_account_aware_sizer,2026-01-07,280.0,30000.0,0.5,0.009333
always_on_account_aware_sizer,2026-01-08,-1040.0,30000.0,0.5,-0.034667
always_on_account_aware_sizer,2026-01-09,-1010.0,30000.0,0.5,-0.033667
always_on_account_aware_sizer,2026-01-12,340.0,30000.0,0.5,0.011333
always_on_account_aware_sizer,2026-01-13,-550.0,30000.0,0.5,-0.018333
always_on_account_aware_sizer,2026-01-14,-790.0,30000.0,0.5,-0.026333
always_on_account_aware_sizer,2026-01-15,-170.0,30000.0,0.5,-0.005667
always_on_account_aware_sizer,2026-01-16,1510.0,30000.0,0.5,0.050333
always_on_account_aware_sizer,2026-01-20,890.0,30000.0,0.5,0.029667
always_on_account_aware_sizer,2026-01-21,6760.0,30000.0,0.5,0.225333
always_on_account_aware_sizer,2026-01-22,820.0,30000.0,0.5,0.027333
always_on_account_aware_sizer,2026-01-23,-110.0,30000.0,0.5,-0.003667
always_on_account_aware_sizer,2026-01-26,-150.0,30000.0,0.5,-0.005
always_on_account_aware_sizer,2026-01-27,1170.0,30000.0,0.5,0.039
always_on_account_aware_sizer,2026-01-28,1260.0,30000.0,0.5,0.042
always_on_account_aware_sizer,2026-01-29,3010.0,30000.0,0.5,0.100333
always_on_account_aware_sizer,2026-01-30,-420.0,30000.0,0.5,-0.014
always_on_account_aware_sizer,2026-02-02,-110.0,30000.0,0.5,-0.003667
always_on_account_aware_sizer,2026-02-03,2110.0,30000.0,0.5,0.070333
always_on_account_aware_sizer,2026-02-04,-1450.0,30000.0,0.5,-0.048333
always_on_account_aware_sizer,2026-02-05,2280.0,30000.0,0.5,0.076
always_on_account_aware_sizer,2026-02-09,1280.0,30000.0,0.5,0.042667
always_on_account_aware_sizer,2026-02-10,60.0,30000.0,0.5,0.002
always_on_account_aware_sizer,2026-02-11,550.0,30000.0,0.5,0.018333
always_on_account_aware_sizer,2026-02-12,2200.0,30000.0,0.5,0.073333
always_on_account_aware_sizer,2026-02-13,4010.0,30000.0,0.5,0.133667
always_on_account_aware_sizer,2026-02-17,5280.0,30000.0,0.5,0.176
always_on_account_aware_sizer,2026-02-18,-970.0,30000.0,0.5,-0.032333
always_on_account_aware_sizer,2026-02-19,-250.0,30000.0,0.5,-0.008333
always_on_account_aware_sizer,2026-02-20,1980.0,30000.0,0.5,0.066
always_on_account_aware_sizer,2026-02-23,1650.0,30000.0,0.5,0.055
always_on_account_aware_sizer,2026-02-24,1870.0,30000.0,0.5,0.062333
always_on_account_aware_sizer,2026-02-25,-760.0,30000.0,0.5,-0.025333
always_on_account_aware_sizer,2026-02-26,-80.0,30000.0,0.5,-0.002667
always_on_account_aware_sizer,2026-02-27,720.0,30000.0,0.5,0.024
always_on_account_aware_sizer,2026-03-02,-970.0,30000.0,0.5,-0.032333
always_on_account_aware_sizer,2026-03-03,9960.0,30000.0,0.5,0.332
always_on_account_aware_sizer,2026-03-04,-1940.0,30000.0,0.5,-0.064667
always_on_account_aware_sizer,2026-03-05,4400.0,30000.0,0.5,0.146667
always_on_account_aware_sizer,2026-03-06,1610.0,30000.0,0.5,0.053667
always_on_account_aware_sizer,2026-03-09,830.0,30000.0,0.5,0.027667
always_on_account_aware_sizer,2026-03-10,-1230.0,30000.0,0.5,-0.041
always_on_account_aware_sizer,2026-03-11,-1790.0,30000.0,0.5,-0.059667
always_on_account_aware_sizer,2026-03-12,730.0,30000.0,0.5,0.024333
always_on_account_aware_sizer,2026-03-13,-1120.0,30000.0,0.5,-0.037333
always_on_account_aware_sizer,2026-03-16,-960.0,30000.0,0.5,-0.032
always_on_account_aware_sizer,2026-03-17,-820.0,30000.0,0.5,-0.027333
always_on_account_aware_sizer,2026-03-18,2230.0,30000.0,0.5,0.074333
always_on_account_aware_sizer,2026-03-19,2190.0,30000.0,0.5,0.073
always_on_account_aware_sizer,2026-03-20,1920.0,30000.0,0.5,0.064
always_on_account_aware_sizer,2026-03-23,3330.0,30000.0,0.5,0.111
always_on_account_aware_sizer,2026-03-24,1660.0,30000.0,0.5,0.055333
always_on_account_aware_sizer,2026-03-25,-750.0,30000.0,0.5,-0.025
always_on_account_aware_sizer,2026-03-26,-330.0,30000.0,0.5,-0.011
always_on_account_aware_sizer,2026-03-27,1270.0,30000.0,0.5,0.042333
always_on_account_aware_sizer,2026-03-30,4940.0,30000.0,0.5,0.164667
always_on_account_aware_sizer,2026-03-31,3610.0,30000.0,0.5,0.120333
one_contract_baseline,2024-10-01,3910.0,50000.0,0.0,0.0782
one_contract_baseline,2024-10-02,2510.0,50000.0,0.0,0.0502
one_contract_baseline,2024-10-03,2550.0,50000.0,0.0,0.051
one_contract_baseline,2024-10-04,2310.0,50000.0,0.0,0.0462
one_contract_baseline,2024-10-07,170.0,50000.0,0.0,0.0034
one_contract_baseline,2024-10-08,1040.0,50000.0,0.0,0.0208
one_contract_baseline,2024-10-09,1030.0,50000.0,0.0,0.0206
one_contract_baseline,2024-10-10,630.0,50000.0,0.0,0.0126
one_contract_baseline,2024-10-11,2670.0,50000.0,0.0,0.0534
one_contract_baseline,2024-10-14,-680.0,50000.0,0.0,-0.0136
one_contract_baseline,2024-10-15,670.0,50000.0,0.0,0.0134
one_contract_baseline,2024-10-16,930.0,50000.0,0.0,0.0186
one_contract_baseline,2024-10-17,180.0,50000.0,0.0,0.0036
one_contract_baseline,2024-10-18,670.0,50000.0,0.0,0.0134
one_contract_baseline,2024-10-21,2170.0,50000.0,0.0,0.0434
one_contract_baseline,2024-10-22,-480.0,50000.0,0.0,-0.0096
one_contract_baseline,2024-10-23,1170.0,50000.0,0.0,0.0234
one_contract_baseline,2024-10-24,-630.0,50000.0,0.0,-0.0126
one_contract_baseline,2024-10-25,3070.0,50000.0,0.0,0.0614
one_contract_baseline,2024-10-28,-180.0,50000.0,0.0,-0.0036
one_contract_baseline,2024-10-29,770.0,50000.0,0.0,0.0154
one_contract_baseline,2024-10-30,360.0,50000.0,0.0,0.0072
one_contract_baseline,2024-10-31,-2080.0,50000.0,0.0,-0.0416
one_contract_baseline,2024-11-01,1720.0,50000.0,0.0,0.0344
one_contract_baseline,2024-11-04,60.0,50000.0,0.0,0.0012
one_contract_baseline,2024-11-05,1590.0,50000.0,0.0,0.0318
one_contract_baseline,2024-11-06,20.0,50000.0,0.0,0.0004
one_contract_baseline,2024-11-07,440.0,50000.0,0.0,0.0088
one_contract_baseline,2024-11-08,-20.0,50000.0,0.0,-0.0004
one_contract_baseline,2024-11-11,-160.0,50000.0,0.0,-0.0032
one_contract_baseline,2024-11-12,870.0,50000.0,0.0,0.0174
one_contract_baseline,2024-11-13,1450.0,50000.0,0.0,0.029
one_contract_baseline,2024-11-14,230.0,50000.0,0.0,0.0046
one_contract_baseline,2024-11-15,1720.0,50000.0,0.0,0.0344
one_contract_baseline,2024-11-18,1560.0,50000.0,0.0,0.0312
one_contract_baseline,2024-11-19,1490.0,50000.0,0.0,0.0298
one_contract_baseline,2024-11-20,3880.0,50000.0,0.0,0.0776
one_contract_baseline,2024-11-21,5710.0,50000.0,0.0,0.1142
one_contract_baseline,2024-11-22,-1300.0,50000.0,0.0,-0.026
one_contract_baseline,2024-11-25,590.0,50000.0,0.0,0.0118
one_contract_baseline,2024-11-26,-890.0,50000.0,0.0,-0.0178
one_contract_baseline,2024-11-27,640.0,50000.0,0.0,0.0128
one_contract_baseline,2024-11-29,710.0,50000.0,0.0,0.0142
one_contract_baseline,2024-12-02,-280.0,50000.0,0.0,-0.0056
one_contract_baseline,2024-12-03,-640.0,50000.0,0.0,-0.0128
one_contract_baseline,2024-12-04,-460.0,50000.0,0.0,-0.0092
one_contract_baseline,2024-12-05,-580.0,50000.0,0.0,-0.0116
one_contract_baseline,2024-12-06,190.0,50000.0,0.0,0.0038
one_contract_baseline,2024-12-09,70.0,50000.0,0.0,0.0014
one_contract_baseline,2024-12-10,290.0,50000.0,0.0,0.0058
one_contract_baseline,2024-12-11,110.0,50000.0,0.0,0.0022
one_contract_baseline,2024-12-12,-1190.0,50000.0,0.0,-0.0238
one_contract_baseline,2024-12-13,1220.0,50000.0,0.0,0.0244
one_contract_baseline,2024-12-16,670.0,50000.0,0.0,0.0134
one_contract_baseline,2024-12-17,1190.0,50000.0,0.0,0.0238
one_contract_baseline,2024-12-18,550.0,50000.0,0.0,0.011
one_contract_baseline,2024-12-19,200.0,50000.0,0.0,0.004
one_contract_baseline,2024-12-20,4020.0,50000.0,0.0,0.0804
one_contract_baseline,2024-12-23,2170.0,50000.0,0.0,0.0434
one_contract_baseline,2024-12-24,550.0,50000.0,0.0,0.011
one_contract_baseline,2024-12-26,390.0,50000.0,0.0,0.0078
one_contract_baseline,2024-12-27,5400.0,50000.0,0.0,0.108
one_contract_baseline,2024-12-30,450.0,50000.0,0.0,0.009
one_contract_baseline,2024-12-31,890.0,50000.0,0.0,0.0178
one_contract_baseline,2025-07-01,320.0,50000.0,0.0,0.0064
one_contract_baseline,2025-07-02,690.0,50000.0,0.0,0.0138
one_contract_baseline,2025-07-03,490.0,50000.0,0.0,0.0098
one_contract_baseline,2025-07-07,1580.0,50000.0,0.0,0.0316
one_contract_baseline,2025-07-08,1010.0,50000.0,0.0,0.0202
one_contract_baseline,2025-07-09,670.0,50000.0,0.0,0.0134
one_contract_baseline,2025-07-10,1020.0,50000.0,0.0,0.0204
one_contract_baseline,2025-07-11,360.0,50000.0,0.0,0.0072
one_contract_baseline,2025-07-14,870.0,50000.0,0.0,0.0174
one_contract_baseline,2025-07-15,1480.0,50000.0,0.0,0.0296
one_contract_baseline,2025-07-16,3940.0,50000.0,0.0,0.0788
one_contract_baseline,2025-07-17,1240.0,50000.0,0.0,0.0248
one_contract_baseline,2025-07-18,-90.0,50000.0,0.0,-0.0018
one_contract_baseline,2025-07-21,500.0,50000.0,0.0,0.01
one_contract_baseline,2025-07-22,850.0,50000.0,0.0,0.017
one_contract_baseline,2025-07-23,-20.0,50000.0,0.0,-0.0004
one_contract_baseline,2025-07-24,360.0,50000.0,0.0,0.0072
one_contract_baseline,2025-07-25,450.0,50000.0,0.0,0.009
one_contract_baseline,2025-07-28,660.0,50000.0,0.0,0.0132
one_contract_baseline,2025-07-29,540.0,50000.0,0.0,0.0108
one_contract_baseline,2025-07-30,2750.0,50000.0,0.0,0.055
one_contract_baseline,2025-07-31,-140.0,50000.0,0.0,-0.0028
one_contract_baseline,2025-08-01,2520.0,50000.0,0.0,0.0504
one_contract_baseline,2025-08-04,750.0,50000.0,0.0,0.015
one_contract_baseline,2025-08-05,2840.0,50000.0,0.0,0.0568
one_contract_baseline,2025-08-06,2510.0,50000.0,0.0,0.0502
one_contract_baseline,2025-08-07,-160.0,50000.0,0.0,-0.0032
one_contract_baseline,2025-08-08,440.0,50000.0,0.0,0.0088
one_contract_baseline,2025-08-11,-650.0,50000.0,0.0,-0.013
one_contract_baseline,2025-08-12,2670.0,50000.0,0.0,0.0534
one_contract_baseline,2025-08-13,780.0,50000.0,0.0,0.0156
one_contract_baseline,2025-08-14,150.0,50000.0,0.0,0.003
one_contract_baseline,2025-08-15,520.0,50000.0,0.0,0.0104
one_contract_baseline,2025-08-18,-160.0,50000.0,0.0,-0.0032
one_contract_baseline,2025-08-19,1470.0,50000.0,0.0,0.0294
one_contract_baseline,2025-08-20,1610.0,50000.0,0.0,0.0322
one_contract_baseline,2025-08-21,2080.0,50000.0,0.0,0.0416
one_contract_baseline,2025-08-22,4940.0,50000.0,0.0,0.0988
one_contract_baseline,2025-08-25,450.0,50000.0,0.0,0.009
one_contract_baseline,2025-08-26,100.0,50000.0,0.0,0.002
one_contract_baseline,2025-08-27,360.0,50000.0,0.0,0.0072
one_contract_baseline,2025-08-28,400.0,50000.0,0.0,0.008
one_contract_baseline,2025-08-29,910.0,50000.0,0.0,0.0182
one_contract_baseline,2025-09-02,-810.0,50000.0,0.0,-0.0162
one_contract_baseline,2025-09-03,450.0,50000.0,0.0,0.009
one_contract_baseline,2025-09-04,2350.0,50000.0,0.0,0.047
one_contract_baseline,2025-09-05,5110.0,50000.0,0.0,0.1022
one_contract_baseline,2025-09-08,1380.0,50000.0,0.0,0.0276
one_contract_baseline,2025-09-09,370.0,50000.0,0.0,0.0074
one_contract_baseline,2025-09-10,-440.0,50000.0,0.0,-0.0088
one_contract_baseline,2025-09-11,1280.0,50000.0,0.0,0.0256
one_contract_baseline,2025-09-12,640.0,50000.0,0.0,0.0128
one_contract_baseline,2025-09-15,470.0,50000.0,0.0,0.0094
one_contract_baseline,2025-09-16,-350.0,50000.0,0.0,-0.007
one_contract_baseline,2025-09-17,4920.0,50000.0,0.0,0.0984
one_contract_baseline,2025-09-18,1570.0,50000.0,0.0,0.0314
one_contract_baseline,2025-09-19,520.0,50000.0,0.0,0.0104
one_contract_baseline,2025-09-22,1310.0,50000.0,0.0,0.0262
one_contract_baseline,2025-09-23,1580.0,50000.0,0.0,0.0316
one_contract_baseline,2025-09-24,200.0,50000.0,0.0,0.004
one_contract_baseline,2025-09-25,-1200.0,50000.0,0.0,-0.024
one_contract_baseline,2025-09-26,4330.0,50000.0,0.0,0.0866
one_contract_baseline,2025-09-29,380.0,50000.0,0.0,0.0076
one_contract_baseline,2025-09-30,620.0,50000.0,0.0,0.0124
one_contract_baseline,2025-10-01,-420.0,50000.0,0.0,-0.0084
one_contract_baseline,2025-10-02,1280.0,50000.0,0.0,0.0256
one_contract_baseline,2025-10-03,1880.0,50000.0,0.0,0.0376
one_contract_baseline,2025-10-06,1100.0,50000.0,0.0,0.022
one_contract_baseline,2025-10-07,660.0,50000.0,0.0,0.0132
one_contract_baseline,2025-10-08,1310.0,50000.0,0.0,0.0262
one_contract_baseline,2025-10-09,410.0,50000.0,0.0,0.0082
one_contract_baseline,2025-10-10,730.0,50000.0,0.0,0.0146
one_contract_baseline,2025-10-13,2040.0,50000.0,0.0,0.0408
one_contract_baseline,2025-10-14,1260.0,50000.0,0.0,0.0252
one_contract_baseline,2025-10-15,3460.0,50000.0,0.0,0.0692
one_contract_baseline,2025-10-16,820.0,50000.0,0.0,0.0164
one_contract_baseline,2025-10-17,3510.0,50000.0,0.0,0.0702
one_contract_baseline,2025-10-20,1820.0,50000.0,0.0,0.0364
one_contract_baseline,2025-10-21,1050.0,50000.0,0.0,0.021
one_contract_baseline,2025-10-22,1910.0,50000.0,0.0,0.0382
one_contract_baseline,2025-10-23,1450.0,50000.0,0.0,0.029
one_contract_baseline,2025-10-24,1080.0,50000.0,0.0,0.0216
one_contract_baseline,2025-10-27,650.0,50000.0,0.0,0.013
one_contract_baseline,2025-10-28,20.0,50000.0,0.0,0.0004
one_contract_baseline,2025-10-29,5850.0,50000.0,0.0,0.117
one_contract_baseline,2025-10-30,620.0,50000.0,0.0,0.0124
one_contract_baseline,2025-10-31,2490.0,50000.0,0.0,0.0498
one_contract_baseline,2025-11-03,2930.0,50000.0,0.0,0.0586
one_contract_baseline,2025-11-04,1850.0,50000.0,0.0,0.037
one_contract_baseline,2025-11-05,850.0,50000.0,0.0,0.017
one_contract_baseline,2025-11-06,990.0,50000.0,0.0,0.0198
one_contract_baseline,2025-11-07,1610.0,50000.0,0.0,0.0322
one_contract_baseline,2025-11-10,-270.0,50000.0,0.0,-0.0054
one_contract_baseline,2025-11-11,1380.0,50000.0,0.0,0.0276
one_contract_baseline,2025-11-12,2310.0,50000.0,0.0,0.0462
one_contract_baseline,2025-11-13,3940.0,50000.0,0.0,0.0788
one_contract_baseline,2025-11-14,5780.0,50000.0,0.0,0.1156
one_contract_baseline,2025-11-17,880.0,50000.0,0.0,0.0176
one_contract_baseline,2025-11-18,4780.0,50000.0,0.0,0.0956
one_contract_baseline,2025-11-19,3770.0,50000.0,0.0,0.0754
one_contract_baseline,2025-11-20,5170.0,50000.0,0.0,0.1034
one_contract_baseline,2025-11-21,7400.0,50000.0,0.0,0.148
one_contract_baseline,2025-11-24,2700.0,50000.0,0.0,0.054
one_contract_baseline,2025-11-25,-100.0,50000.0,0.0,-0.002
one_contract_baseline,2025-11-26,-1420.0,50000.0,0.0,-0.0284
one_contract_baseline,2025-11-28,30.0,50000.0,0.0,0.0006
one_contract_baseline,2025-12-01,1600.0,50000.0,0.0,0.032
one_contract_baseline,2025-12-02,1520.0,50000.0,0.0,0.0304
one_contract_baseline,2025-12-03,1850.0,50000.0,0.0,0.037
one_contract_baseline,2025-12-04,1440.0,50000.0,0.0,0.0288
one_contract_baseline,2025-12-05,1620.0,50000.0,0.0,0.0324
one_contract_baseline,2025-12-08,2030.0,50000.0,0.0,0.0406
one_contract_baseline,2025-12-09,250.0,50000.0,0.0,0.005
one_contract_baseline,2025-12-10,2970.0,50000.0,0.0,0.0594
one_contract_baseline,2025-12-11,-1540.0,50000.0,0.0,-0.0308
one_contract_baseline,2025-12-12,1320.0,50000.0,0.0,0.0264
one_contract_baseline,2025-12-15,810.0,50000.0,0.0,0.0162
one_contract_baseline,2025-12-16,-950.0,50000.0,0.0,-0.019
one_contract_baseline,2025-12-17,1720.0,50000.0,0.0,0.0344
one_contract_baseline,2025-12-18,-260.0,50000.0,0.0,-0.0052
one_contract_baseline,2025-12-19,680.0,50000.0,0.0,0.0136
one_contract_baseline,2025-12-22,610.0,50000.0,0.0,0.0122
one_contract_baseline,2025-12-23,1010.0,50000.0,0.0,0.0202
one_contract_baseline,2025-12-24,190.0,50000.0,0.0,0.0038
one_contract_baseline,2025-12-26,-280.0,50000.0,0.0,-0.0056
one_contract_baseline,2025-12-29,220.0,50000.0,0.0,0.0044
one_contract_baseline,2025-12-30,460.0,50000.0,0.0,0.0092
one_contract_baseline,2025-12-31,190.0,50000.0,0.0,0.0038
one_contract_baseline,2026-01-02,1420.0,50000.0,0.0,0.0284
one_contract_baseline,2026-01-05,1160.0,50000.0,0.0,0.0232
one_contract_baseline,2026-01-06,-570.0,50000.0,0.0,-0.0114
one_contract_baseline,2026-01-07,220.0,50000.0,0.0,0.0044
one_contract_baseline,2026-01-08,-990.0,50000.0,0.0,-0.0198
one_contract_baseline,2026-01-09,1130.0,50000.0,0.0,0.0226
one_contract_baseline,2026-01-12,740.0,50000.0,0.0,0.0148
one_contract_baseline,2026-01-13,-150.0,50000.0,0.0,-0.003
one_contract_baseline,2026-01-14,1510.0,50000.0,0.0,0.0302
one_contract_baseline,2026-01-15,130.0,50000.0,0.0,0.0026
one_contract_baseline,2026-01-16,1710.0,50000.0,0.0,0.0342
one_contract_baseline,2026-01-20,1270.0,50000.0,0.0,0.0254
one_contract_baseline,2026-01-21,5600.0,50000.0,0.0,0.112
one_contract_baseline,2026-01-22,1220.0,50000.0,0.0,0.0244
one_contract_baseline,2026-01-23,190.0,50000.0,0.0,0.0038
one_contract_baseline,2026-01-26,50.0,50000.0,0.0,0.001
one_contract_baseline,2026-01-27,1570.0,50000.0,0.0,0.0314
one_contract_baseline,2026-01-28,1560.0,50000.0,0.0,0.0312
one_contract_baseline,2026-01-29,4300.0,50000.0,0.0,0.086
one_contract_baseline,2026-01-30,-220.0,50000.0,0.0,-0.0044
one_contract_baseline,2026-02-02,-10.0,50000.0,0.0,-0.0002
one_contract_baseline,2026-02-03,2510.0,50000.0,0.0,0.0502
one_contract_baseline,2026-02-04,1740.0,50000.0,0.0,0.0348
one_contract_baseline,2026-02-05,3430.0,50000.0,0.0,0.0686
one_contract_baseline,2026-02-09,1480.0,50000.0,0.0,0.0296
one_contract_baseline,2026-02-10,260.0,50000.0,0.0,0.0052
one_contract_baseline,2026-02-11,2610.0,50000.0,0.0,0.0522
one_contract_baseline,2026-02-12,2400.0,50000.0,0.0,0.048
one_contract_baseline,2026-02-13,4090.0,50000.0,0.0,0.0818
one_contract_baseline,2026-02-17,5580.0,50000.0,0.0,0.1116
one_contract_baseline,2026-02-18,-160.0,50000.0,0.0,-0.0032
one_contract_baseline,2026-02-19,250.0,50000.0,0.0,0.005
one_contract_baseline,2026-02-20,2480.0,50000.0,0.0,0.0496
one_contract_baseline,2026-02-23,2000.0,50000.0,0.0,0.04
one_contract_baseline,2026-02-24,1830.0,50000.0,0.0,0.0366
one_contract_baseline,2026-02-25,-560.0,50000.0,0.0,-0.0112
one_contract_baseline,2026-02-26,220.0,50000.0,0.0,0.0044
one_contract_baseline,2026-02-27,1220.0,50000.0,0.0,0.0244
one_contract_baseline,2026-03-02,1520.0,50000.0,0.0,0.0304
one_contract_baseline,2026-03-03,9270.0,50000.0,0.0,0.1854
one_contract_baseline,2026-03-04,-1980.0,50000.0,0.0,-0.0396
one_contract_baseline,2026-03-05,4900.0,50000.0,0.0,0.098
one_contract_baseline,2026-03-06,2010.0,50000.0,0.0,0.0402
one_contract_baseline,2026-03-09,1130.0,50000.0,0.0,0.0226
one_contract_baseline,2026-03-10,-470.0,50000.0,0.0,-0.0094
one_contract_baseline,2026-03-11,-910.0,50000.0,0.0,-0.0182
one_contract_baseline,2026-03-12,1330.0,50000.0,0.0,0.0266
one_contract_baseline,2026-03-13,740.0,50000.0,0.0,0.0148
one_contract_baseline,2026-03-16,-1140.0,50000.0,0.0,-0.0228
one_contract_baseline,2026-03-17,200.0,50000.0,0.0,0.004
one_contract_baseline,2026-03-18,2430.0,50000.0,0.0,0.0486
one_contract_baseline,2026-03-19,2230.0,50000.0,0.0,0.0446
one_contract_baseline,2026-03-20,2650.0,50000.0,0.0,0.053
one_contract_baseline,2026-03-23,3790.0,50000.0,0.0,0.0758
one_contract_baseline,2026-03-24,2060.0,50000.0,0.0,0.0412
one_contract_baseline,2026-03-25,1910.0,50000.0,0.0,0.0382
one_contract_baseline,2026-03-26,130.0,50000.0,0.0,0.0026
one_contract_baseline,2026-03-27,1650.0,50000.0,0.0,0.033
one_contract_baseline,2026-03-30,5380.0,50000.0,0.0,0.1076
one_contract_baseline,2026-03-31,2960.0,50000.0,0.0,0.0592
always_on_account_aware_sizer,2024-10-01,3910.0,50000.0,0.0,0.0782
always_on_account_aware_sizer,2024-10-02,2510.0,50000.0,0.0,0.0502
always_on_account_aware_sizer,2024-10-03,2550.0,50000.0,0.0,0.051
always_on_account_aware_sizer,2024-10-04,-870.0,50000.0,0.0,-0.0174
always_on_account_aware_sizer,2024-10-07,170.0,50000.0,0.0,0.0034
always_on_account_aware_sizer,2024-10-08,1040.0,50000.0,0.0,0.0208
always_on_account_aware_sizer,2024-10-09,1030.0,50000.0,0.0,0.0206
always_on_account_aware_sizer,2024-10-10,630.0,50000.0,0.0,0.0126
always_on_account_aware_sizer,2024-10-11,2670.0,50000.0,0.0,0.0534
always_on_account_aware_sizer,2024-10-14,-930.0,50000.0,0.0,-0.0186
always_on_account_aware_sizer,2024-10-15,670.0,50000.0,0.0,0.0134
always_on_account_aware_sizer,2024-10-16,930.0,50000.0,0.0,0.0186
always_on_account_aware_sizer,2024-10-17,180.0,50000.0,0.0,0.0036
always_on_account_aware_sizer,2024-10-18,670.0,50000.0,0.0,0.0134
always_on_account_aware_sizer,2024-10-21,2170.0,50000.0,0.0,0.0434
always_on_account_aware_sizer,2024-10-22,-480.0,50000.0,0.0,-0.0096
always_on_account_aware_sizer,2024-10-23,1170.0,50000.0,0.0,0.0234
always_on_account_aware_sizer,2024-10-24,-630.0,50000.0,0.0,-0.0126
always_on_account_aware_sizer,2024-10-25,3070.0,50000.0,0.0,0.0614
always_on_account_aware_sizer,2024-10-28,-180.0,50000.0,0.0,-0.0036
always_on_account_aware_sizer,2024-10-29,770.0,50000.0,0.0,0.0154
always_on_account_aware_sizer,2024-10-30,360.0,50000.0,0.0,0.0072
always_on_account_aware_sizer,2024-10-31,-1020.0,50000.0,0.0,-0.0204
always_on_account_aware_sizer,2024-11-01,1590.0,50000.0,0.0,0.0318
always_on_account_aware_sizer,2024-11-04,60.0,50000.0,0.0,0.0012
always_on_account_aware_sizer,2024-11-05,1630.0,50000.0,0.0,0.0326
always_on_account_aware_sizer,2024-11-06,20.0,50000.0,0.0,0.0004
always_on_account_aware_sizer,2024-11-07,440.0,50000.0,0.0,0.0088
always_on_account_aware_sizer,2024-11-08,-20.0,50000.0,0.0,-0.0004
always_on_account_aware_sizer,2024-11-11,-320.0,50000.0,0.0,-0.0064
always_on_account_aware_sizer,2024-11-12,870.0,50000.0,0.0,0.0174
always_on_account_aware_sizer,2024-11-13,1720.0,50000.0,0.0,0.0344
always_on_account_aware_sizer,2024-11-14,180.0,50000.0,0.0,0.0036
always_on_account_aware_sizer,2024-11-15,2040.0,50000.0,0.0,0.0408
always_on_account_aware_sizer,2024-11-18,1560.0,50000.0,0.0,0.0312
always_on_account_aware_sizer,2024-11-19,-830.0,50000.0,0.0,-0.0166
always_on_account_aware_sizer,2024-11-20,3880.0,50000.0,0.0,0.0776
always_on_account_aware_sizer,2024-11-21,5710.0,50000.0,0.0,0.1142
always_on_account_aware_sizer,2024-11-22,-790.0,50000.0,0.0,-0.0158
always_on_account_aware_sizer,2024-11-25,500.0,50000.0,0.0,0.01
always_on_account_aware_sizer,2024-11-26,-820.0,50000.0,0.0,-0.0164
always_on_account_aware_sizer,2024-11-27,640.0,50000.0,0.0,0.0128
always_on_account_aware_sizer,2024-11-29,710.0,50000.0,0.0,0.0142
always_on_account_aware_sizer,2024-12-02,-280.0,50000.0,0.0,-0.0056
always_on_account_aware_sizer,2024-12-03,-640.0,50000.0,0.0,-0.0128
always_on_account_aware_sizer,2024-12-04,-460.0,50000.0,0.0,-0.0092
always_on_account_aware_sizer,2024-12-05,-580.0,50000.0,0.0,-0.0116
always_on_account_aware_sizer,2024-12-06,190.0,50000.0,0.0,0.0038
always_on_account_aware_sizer,2024-12-09,70.0,50000.0,0.0,0.0014
always_on_account_aware_sizer,2024-12-10,290.0,50000.0,0.0,0.0058
always_on_account_aware_sizer,2024-12-11,110.0,50000.0,0.0,0.0022
always_on_account_aware_sizer,2024-12-12,-1080.0,50000.0,0.0,-0.0216
always_on_account_aware_sizer,2024-12-13,1220.0,50000.0,0.0,0.0244
always_on_account_aware_sizer,2024-12-16,670.0,50000.0,0.0,0.0134
always_on_account_aware_sizer,2024-12-17,1630.0,50000.0,0.0,0.0326
always_on_account_aware_sizer,2024-12-18,550.0,50000.0,0.0,0.011
always_on_account_aware_sizer,2024-12-19,200.0,50000.0,0.0,0.004
always_on_account_aware_sizer,2024-12-20,4020.0,50000.0,0.0,0.0804
always_on_account_aware_sizer,2024-12-23,2760.0,50000.0,0.0,0.0552
always_on_account_aware_sizer,2024-12-24,550.0,50000.0,0.0,0.011
always_on_account_aware_sizer,2024-12-26,390.0,50000.0,0.0,0.0078
always_on_account_aware_sizer,2024-12-27,6070.0,50000.0,0.0,0.1214
always_on_account_aware_sizer,2024-12-30,-1250.0,50000.0,0.0,-0.025
always_on_account_aware_sizer,2024-12-31,890.0,50000.0,0.0,0.0178
always_on_account_aware_sizer,2025-07-01,210.0,50000.0,0.0,0.0042
always_on_account_aware_sizer,2025-07-02,690.0,50000.0,0.0,0.0138
always_on_account_aware_sizer,2025-07-03,950.0,50000.0,0.0,0.019
always_on_account_aware_sizer,2025-07-07,3300.0,50000.0,0.0,0.066
always_on_account_aware_sizer,2025-07-08,3350.0,50000.0,0.0,0.067
always_on_account_aware_sizer,2025-07-09,1160.0,50000.0,0.0,0.0232
always_on_account_aware_sizer,2025-07-10,2590.0,50000.0,0.0,0.0518
always_on_account_aware_sizer,2025-07-11,780.0,50000.0,0.0,0.0156
always_on_account_aware_sizer,2025-07-14,2050.0,50000.0,0.0,0.041
always_on_account_aware_sizer,2025-07-15,2750.0,50000.0,0.0,0.055
always_on_account_aware_sizer,2025-07-16,4650.0,50000.0,0.0,0.093
always_on_account_aware_sizer,2025-07-17,2010.0,50000.0,0.0,0.0402
always_on_account_aware_sizer,2025-07-18,-90.0,50000.0,0.0,-0.0018
always_on_account_aware_sizer,2025-07-21,500.0,50000.0,0.0,0.01
always_on_account_aware_sizer,2025-07-22,1490.0,50000.0,0.0,0.0298
always_on_account_aware_sizer,2025-07-23,-90.0,50000.0,0.0,-0.0018
always_on_account_aware_sizer,2025-07-24,720.0,50000.0,0.0,0.0144
always_on_account_aware_sizer,2025-07-25,770.0,50000.0,0.0,0.0154
always_on_account_aware_sizer,2025-07-28,1040.0,50000.0,0.0,0.0208
always_on_account_aware_sizer,2025-07-29,1620.0,50000.0,0.0,0.0324
always_on_account_aware_sizer,2025-07-30,4850.0,50000.0,0.0,0.097
always_on_account_aware_sizer,2025-07-31,-1050.0,50000.0,0.0,-0.021
always_on_account_aware_sizer,2025-08-01,3860.0,50000.0,0.0,0.0772
always_on_account_aware_sizer,2025-08-04,890.0,50000.0,0.0,0.0178
always_on_account_aware_sizer,2025-08-05,3980.0,50000.0,0.0,0.0796
always_on_account_aware_sizer,2025-08-06,4960.0,50000.0,0.0,0.0992
always_on_account_aware_sizer,2025-08-07,-1420.0,50000.0,0.0,-0.0284
always_on_account_aware_sizer,2025-08-08,440.0,50000.0,0.0,0.0088
always_on_account_aware_sizer,2025-08-11,-650.0,50000.0,0.0,-0.013
always_on_account_aware_sizer,2025-08-12,2670.0,50000.0,0.0,0.0534
always_on_account_aware_sizer,2025-08-13,1820.0,50000.0,0.0,0.0364
always_on_account_aware_sizer,2025-08-14,800.0,50000.0,0.0,0.016
always_on_account_aware_sizer,2025-08-15,460.0,50000.0,0.0,0.0092
always_on_account_aware_sizer,2025-08-18,-750.0,50000.0,0.0,-0.015
always_on_account_aware_sizer,2025-08-19,3060.0,50000.0,0.0,0.0612
always_on_account_aware_sizer,2025-08-20,-910.0,50000.0,0.0,-0.0182
always_on_account_aware_sizer,2025-08-21,2600.0,50000.0,0.0,0.052
always_on_account_aware_sizer,2025-08-22,8330.0,50000.0,0.0,0.1666
always_on_account_aware_sizer,2025-08-25,550.0,50000.0,0.0,0.011
always_on_account_aware_sizer,2025-08-26,1020.0,50000.0,0.0,0.0204
always_on_account_aware_sizer,2025-08-27,560.0,50000.0,0.0,0.0112
always_on_account_aware_sizer,2025-08-28,200.0,50000.0,0.0,0.004
always_on_account_aware_sizer,2025-08-29,1200.0,50000.0,0.0,0.024
always_on_account_aware_sizer,2025-09-02,-810.0,50000.0,0.0,-0.0162
always_on_account_aware_sizer,2025-09-03,670.0,50000.0,0.0,0.0134
always_on_account_aware_sizer,2025-09-04,3650.0,50000.0,0.0,0.073
always_on_account_aware_sizer,2025-09-05,6960.0,50000.0,0.0,0.1392
always_on_account_aware_sizer,2025-09-08,2150.0,50000.0,0.0,0.043
always_on_account_aware_sizer,2025-09-09,740.0,50000.0,0.0,0.0148
always_on_account_aware_sizer,2025-09-10,-410.0,50000.0,0.0,-0.0082
always_on_account_aware_sizer,2025-09-11,1460.0,50000.0,0.0,0.0292
always_on_account_aware_sizer,2025-09-12,1020.0,50000.0,0.0,0.0204
always_on_account_aware_sizer,2025-09-15,830.0,50000.0,0.0,0.0166
always_on_account_aware_sizer,2025-09-16,-700.0,50000.0,0.0,-0.014
always_on_account_aware_sizer,2025-09-17,9810.0,50000.0,0.0,0.1962
always_on_account_aware_sizer,2025-09-18,3300.0,50000.0,0.0,0.066
always_on_account_aware_sizer,2025-09-19,680.0,50000.0,0.0,0.0136
always_on_account_aware_sizer,2025-09-22,2450.0,50000.0,0.0,0.049
always_on_account_aware_sizer,2025-09-23,3270.0,50000.0,0.0,0.0654
always_on_account_aware_sizer,2025-09-24,290.0,50000.0,0.0,0.0058
always_on_account_aware_sizer,2025-09-25,-1610.0,50000.0,0.0,-0.0322
always_on_account_aware_sizer,2025-09-26,6780.0,50000.0,0.0,0.1356
always_on_account_aware_sizer,2025-09-29,1140.0,50000.0,0.0,0.0228
always_on_account_aware_sizer,2025-09-30,1560.0,50000.0,0.0,0.0312
always_on_account_aware_sizer,2025-10-01,-420.0,50000.0,0.0,-0.0084
always_on_account_aware_sizer,2025-10-02,1280.0,50000.0,0.0,0.0256
always_on_account_aware_sizer,2025-10-03,3240.0,50000.0,0.0,0.0648
always_on_account_aware_sizer,2025-10-06,1100.0,50000.0,0.0,0.022
always_on_account_aware_sizer,2025-10-07,660.0,50000.0,0.0,0.0132
always_on_account_aware_sizer,2025-10-08,1320.0,50000.0,0.0,0.0264
always_on_account_aware_sizer,2025-10-09,410.0,50000.0,0.0,0.0082
always_on_account_aware_sizer,2025-10-10,730.0,50000.0,0.0,0.0146
always_on_account_aware_sizer,2025-10-13,2040.0,50000.0,0.0,0.0408
always_on_account_aware_sizer,2025-10-14,1260.0,50000.0,0.0,0.0252
always_on_account_aware_sizer,2025-10-15,3460.0,50000.0,0.0,0.0692
always_on_account_aware_sizer,2025-10-16,820.0,50000.0,0.0,0.0164
always_on_account_aware_sizer,2025-10-17,3510.0,50000.0,0.0,0.0702
always_on_account_aware_sizer,2025-10-20,1820.0,50000.0,0.0,0.0364
always_on_account_aware_sizer,2025-10-21,1050.0,50000.0,0.0,0.021
always_on_account_aware_sizer,2025-10-22,1950.0,50000.0,0.0,0.039
always_on_account_aware_sizer,2025-10-23,1450.0,50000.0,0.0,0.029
always_on_account_aware_sizer,2025-10-24,1080.0,50000.0,0.0,0.0216
always_on_account_aware_sizer,2025-10-27,670.0,50000.0,0.0,0.0134
always_on_account_aware_sizer,2025-10-28,20.0,50000.0,0.0,0.0004
always_on_account_aware_sizer,2025-10-29,7220.0,50000.0,0.0,0.1444
always_on_account_aware_sizer,2025-10-30,910.0,50000.0,0.0,0.0182
always_on_account_aware_sizer,2025-10-31,2490.0,50000.0,0.0,0.0498
always_on_account_aware_sizer,2025-11-03,3200.0,50000.0,0.0,0.064
always_on_account_aware_sizer,2025-11-04,2290.0,50000.0,0.0,0.0458
always_on_account_aware_sizer,2025-11-05,850.0,50000.0,0.0,0.017
always_on_account_aware_sizer,2025-11-06,990.0,50000.0,0.0,0.0198
always_on_account_aware_sizer,2025-11-07,1610.0,50000.0,0.0,0.0322
always_on_account_aware_sizer,2025-11-10,-270.0,50000.0,0.0,-0.0054
always_on_account_aware_sizer,2025-11-11,1380.0,50000.0,0.0,0.0276
always_on_account_aware_sizer,2025-11-12,2310.0,50000.0,0.0,0.0462
always_on_account_aware_sizer,2025-11-13,3940.0,50000.0,0.0,0.0788
always_on_account_aware_sizer,2025-11-14,5780.0,50000.0,0.0,0.1156
always_on_account_aware_sizer,2025-11-17,880.0,50000.0,0.0,0.0176
always_on_account_aware_sizer,2025-11-18,4780.0,50000.0,0.0,0.0956
always_on_account_aware_sizer,2025-11-19,3500.0,50000.0,0.0,0.07
always_on_account_aware_sizer,2025-11-20,5170.0,50000.0,0.0,0.1034
always_on_account_aware_sizer,2025-11-21,7400.0,50000.0,0.0,0.148
always_on_account_aware_sizer,2025-11-24,2700.0,50000.0,0.0,0.054
always_on_account_aware_sizer,2025-11-25,-100.0,50000.0,0.0,-0.002
always_on_account_aware_sizer,2025-11-26,-1420.0,50000.0,0.0,-0.0284
always_on_account_aware_sizer,2025-11-28,-150.0,50000.0,0.0,-0.003
always_on_account_aware_sizer,2025-12-01,1600.0,50000.0,0.0,0.032
always_on_account_aware_sizer,2025-12-02,1520.0,50000.0,0.0,0.0304
always_on_account_aware_sizer,2025-12-03,2320.0,50000.0,0.0,0.0464
always_on_account_aware_sizer,2025-12-04,2340.0,50000.0,0.0,0.0468
always_on_account_aware_sizer,2025-12-05,1620.0,50000.0,0.0,0.0324
always_on_account_aware_sizer,2025-12-08,2030.0,50000.0,0.0,0.0406
always_on_account_aware_sizer,2025-12-09,250.0,50000.0,0.0,0.005
always_on_account_aware_sizer,2025-12-10,2970.0,50000.0,0.0,0.0594
always_on_account_aware_sizer,2025-12-11,-1560.0,50000.0,0.0,-0.0312
always_on_account_aware_sizer,2025-12-12,1320.0,50000.0,0.0,0.0264
always_on_account_aware_sizer,2025-12-15,1060.0,50000.0,0.0,0.0212
always_on_account_aware_sizer,2025-12-16,-950.0,50000.0,0.0,-0.019
always_on_account_aware_sizer,2025-12-17,1720.0,50000.0,0.0,0.0344
always_on_account_aware_sizer,2025-12-18,-940.0,50000.0,0.0,-0.0188
always_on_account_aware_sizer,2025-12-19,680.0,50000.0,0.0,0.0136
always_on_account_aware_sizer,2025-12-22,610.0,50000.0,0.0,0.0122
always_on_account_aware_sizer,2025-12-23,1010.0,50000.0,0.0,0.0202
always_on_account_aware_sizer,2025-12-24,190.0,50000.0,0.0,0.0038
always_on_account_aware_sizer,2025-12-26,-280.0,50000.0,0.0,-0.0056
always_on_account_aware_sizer,2025-12-29,220.0,50000.0,0.0,0.0044
always_on_account_aware_sizer,2025-12-30,460.0,50000.0,0.0,0.0092
always_on_account_aware_sizer,2025-12-31,190.0,50000.0,0.0,0.0038
always_on_account_aware_sizer,2026-01-02,3880.0,50000.0,0.0,0.0776
always_on_account_aware_sizer,2026-01-05,1640.0,50000.0,0.0,0.0328
always_on_account_aware_sizer,2026-01-06,-320.0,50000.0,0.0,-0.0064
always_on_account_aware_sizer,2026-01-07,780.0,50000.0,0.0,0.0156
always_on_account_aware_sizer,2026-01-08,-940.0,50000.0,0.0,-0.0188
always_on_account_aware_sizer,2026-01-09,-910.0,50000.0,0.0,-0.0182
always_on_account_aware_sizer,2026-01-12,740.0,50000.0,0.0,0.0148
always_on_account_aware_sizer,2026-01-13,-150.0,50000.0,0.0,-0.003
always_on_account_aware_sizer,2026-01-14,2800.0,50000.0,0.0,0.056
always_on_account_aware_sizer,2026-01-15,-280.0,50000.0,0.0,-0.0056
always_on_account_aware_sizer,2026-01-16,1710.0,50000.0,0.0,0.0342
always_on_account_aware_sizer,2026-01-20,1390.0,50000.0,0.0,0.0278
always_on_account_aware_sizer,2026-01-21,7360.0,50000.0,0.0,0.1472
always_on_account_aware_sizer,2026-01-22,1220.0,50000.0,0.0,0.0244
always_on_account_aware_sizer,2026-01-23,190.0,50000.0,0.0,0.0038
always_on_account_aware_sizer,2026-01-26,50.0,50000.0,0.0,0.001
always_on_account_aware_sizer,2026-01-27,1570.0,50000.0,0.0,0.0314
always_on_account_aware_sizer,2026-01-28,1560.0,50000.0,0.0,0.0312
always_on_account_aware_sizer,2026-01-29,3710.0,50000.0,0.0,0.0742
always_on_account_aware_sizer,2026-01-30,-220.0,50000.0,0.0,-0.0044
always_on_account_aware_sizer,2026-02-02,-10.0,50000.0,0.0,-0.0002
always_on_account_aware_sizer,2026-02-03,2510.0,50000.0,0.0,0.0502
always_on_account_aware_sizer,2026-02-04,-1350.0,50000.0,0.0,-0.027
always_on_account_aware_sizer,2026-02-05,3280.0,50000.0,0.0,0.0656
always_on_account_aware_sizer,2026-02-09,1680.0,50000.0,0.0,0.0336
always_on_account_aware_sizer,2026-02-10,260.0,50000.0,0.0,0.0052
always_on_account_aware_sizer,2026-02-11,1990.0,50000.0,0.0,0.0398
always_on_account_aware_sizer,2026-02-12,2400.0,50000.0,0.0,0.048
always_on_account_aware_sizer,2026-02-13,5010.0,50000.0,0.0,0.1002
always_on_account_aware_sizer,2026-02-17,5580.0,50000.0,0.0,0.1116
always_on_account_aware_sizer,2026-02-18,-160.0,50000.0,0.0,-0.0032
always_on_account_aware_sizer,2026-02-19,430.0,50000.0,0.0,0.0086
always_on_account_aware_sizer,2026-02-20,2480.0,50000.0,0.0,0.0496
always_on_account_aware_sizer,2026-02-23,2250.0,50000.0,0.0,0.045
always_on_account_aware_sizer,2026-02-24,2370.0,50000.0,0.0,0.0474
always_on_account_aware_sizer,2026-02-25,-560.0,50000.0,0.0,-0.0112
always_on_account_aware_sizer,2026-02-26,220.0,50000.0,0.0,0.0044
always_on_account_aware_sizer,2026-02-27,1330.0,50000.0,0.0,0.0266
always_on_account_aware_sizer,2026-03-02,-870.0,50000.0,0.0,-0.0174
always_on_account_aware_sizer,2026-03-03,10760.0,50000.0,0.0,0.2152
always_on_account_aware_sizer,2026-03-04,-1840.0,50000.0,0.0,-0.0368
always_on_account_aware_sizer,2026-03-05,4900.0,50000.0,0.0,0.098
always_on_account_aware_sizer,2026-03-06,2010.0,50000.0,0.0,0.0402
always_on_account_aware_sizer,2026-03-09,1130.0,50000.0,0.0,0.0226
always_on_account_aware_sizer,2026-03-10,-1030.0,50000.0,0.0,-0.0206
always_on_account_aware_sizer,2026-03-11,-1590.0,50000.0,0.0,-0.0318
always_on_account_aware_sizer,2026-03-12,1330.0,50000.0,0.0,0.0266
always_on_account_aware_sizer,2026-03-13,-1020.0,50000.0,0.0,-0.0204
always_on_account_aware_sizer,2026-03-16,-1320.0,50000.0,0.0,-0.0264
always_on_account_aware_sizer,2026-03-17,200.0,50000.0,0.0,0.004
always_on_account_aware_sizer,2026-03-18,2430.0,50000.0,0.0,0.0486
always_on_account_aware_sizer,2026-03-19,2890.0,50000.0,0.0,0.0578
always_on_account_aware_sizer,2026-03-20,2720.0,50000.0,0.0,0.0544
always_on_account_aware_sizer,2026-03-23,4130.0,50000.0,0.0,0.0826
always_on_account_aware_sizer,2026-03-24,2060.0,50000.0,0.0,0.0412
always_on_account_aware_sizer,2026-03-25,1910.0,50000.0,0.0,0.0382
always_on_account_aware_sizer,2026-03-26,370.0,50000.0,0.0,0.0074
always_on_account_aware_sizer,2026-03-27,2270.0,50000.0,0.0,0.0454
always_on_account_aware_sizer,2026-03-30,5740.0,50000.0,0.0,0.1148
always_on_account_aware_sizer,2026-03-31,4110.0,50000.0,0.0,0.0822
one_contract_baseline,2024-10-01,3560.0,50000.0,0.25,0.0712
one_contract_baseline,2024-10-02,2360.0,50000.0,0.25,0.0472
one_contract_baseline,2024-10-03,2350.0,50000.0,0.25,0.047
one_contract_baseline,2024-10-04,2110.0,50000.0,0.25,0.0422
one_contract_baseline,2024-10-07,-30.0,50000.0,0.25,-0.0006
one_contract_baseline,2024-10-08,940.0,50000.0,0.25,0.0188
one_contract_baseline,2024-10-09,880.0,50000.0,0.25,0.0176
one_contract_baseline,2024-10-10,530.0,50000.0,0.25,0.0106
one_contract_baseline,2024-10-11,2470.0,50000.0,0.25,0.0494
one_contract_baseline,2024-10-14,-880.0,50000.0,0.25,-0.0176
one_contract_baseline,2024-10-15,570.0,50000.0,0.25,0.0114
one_contract_baseline,2024-10-16,780.0,50000.0,0.25,0.0156
one_contract_baseline,2024-10-17,-20.0,50000.0,0.25,-0.0004
one_contract_baseline,2024-10-18,420.0,50000.0,0.25,0.0084
one_contract_baseline,2024-10-21,2020.0,50000.0,0.25,0.0404
one_contract_baseline,2024-10-22,-630.0,50000.0,0.25,-0.0126
one_contract_baseline,2024-10-23,1020.0,50000.0,0.25,0.0204
one_contract_baseline,2024-10-24,-730.0,50000.0,0.25,-0.0146
one_contract_baseline,2024-10-25,2820.0,50000.0,0.25,0.0564
one_contract_baseline,2024-10-28,-280.0,50000.0,0.25,-0.0056
one_contract_baseline,2024-10-29,620.0,50000.0,0.25,0.0124
one_contract_baseline,2024-10-30,210.0,50000.0,0.25,0.0042
one_contract_baseline,2024-10-31,-2280.0,50000.0,0.25,-0.0456
one_contract_baseline,2024-11-01,1470.0,50000.0,0.25,0.0294
one_contract_baseline,2024-11-04,-40.0,50000.0,0.25,-0.0008
one_contract_baseline,2024-11-05,1240.0,50000.0,0.25,0.0248
one_contract_baseline,2024-11-06,-330.0,50000.0,0.25,-0.0066
one_contract_baseline,2024-11-07,340.0,50000.0,0.25,0.0068
one_contract_baseline,2024-11-08,-120.0,50000.0,0.25,-0.0024
one_contract_baseline,2024-11-11,-260.0,50000.0,0.25,-0.0052
one_contract_baseline,2024-11-12,770.0,50000.0,0.25,0.0154
one_contract_baseline,2024-11-13,1300.0,50000.0,0.25,0.026
one_contract_baseline,2024-11-14,80.0,50000.0,0.25,0.0016
one_contract_baseline,2024-11-15,1570.0,50000.0,0.25,0.0314
one_contract_baseline,2024-11-18,1460.0,50000.0,0.25,0.0292
one_contract_baseline,2024-11-19,1240.0,50000.0,0.25,0.0248
one_contract_baseline,2024-11-20,3630.0,50000.0,0.25,0.0726
one_contract_baseline,2024-11-21,5510.0,50000.0,0.25,0.1102
one_contract_baseline,2024-11-22,-1550.0,50000.0,0.25,-0.031
one_contract_baseline,2024-11-25,390.0,50000.0,0.25,0.0078
one_contract_baseline,2024-11-26,-1040.0,50000.0,0.25,-0.0208
one_contract_baseline,2024-11-27,440.0,50000.0,0.25,0.0088
one_contract_baseline,2024-11-29,660.0,50000.0,0.25,0.0132
one_contract_baseline,2024-12-02,-380.0,50000.0,0.25,-0.0076
one_contract_baseline,2024-12-03,-740.0,50000.0,0.25,-0.0148
one_contract_baseline,2024-12-04,-610.0,50000.0,0.25,-0.0122
one_contract_baseline,2024-12-05,-680.0,50000.0,0.25,-0.0136
one_contract_baseline,2024-12-06,40.0,50000.0,0.25,0.0008
one_contract_baseline,2024-12-09,-80.0,50000.0,0.25,-0.0016
one_contract_baseline,2024-12-10,190.0,50000.0,0.25,0.0038
one_contract_baseline,2024-12-11,10.0,50000.0,0.25,0.0002
one_contract_baseline,2024-12-12,-1290.0,50000.0,0.25,-0.0258
one_contract_baseline,2024-12-13,1120.0,50000.0,0.25,0.0224
one_contract_baseline,2024-12-16,520.0,50000.0,0.25,0.0104
one_contract_baseline,2024-12-17,990.0,50000.0,0.25,0.0198
one_contract_baseline,2024-12-18,400.0,50000.0,0.25,0.008
one_contract_baseline,2024-12-19,50.0,50000.0,0.25,0.001
one_contract_baseline,2024-12-20,3920.0,50000.0,0.25,0.0784
one_contract_baseline,2024-12-23,1870.0,50000.0,0.25,0.0374
one_contract_baseline,2024-12-24,500.0,50000.0,0.25,0.01
one_contract_baseline,2024-12-26,240.0,50000.0,0.25,0.0048
one_contract_baseline,2024-12-27,5200.0,50000.0,0.25,0.104
one_contract_baseline,2024-12-30,150.0,50000.0,0.25,0.003
one_contract_baseline,2024-12-31,740.0,50000.0,0.25,0.0148
one_contract_baseline,2025-07-01,70.0,50000.0,0.25,0.0014
one_contract_baseline,2025-07-02,590.0,50000.0,0.25,0.0118
one_contract_baseline,2025-07-03,390.0,50000.0,0.25,0.0078
one_contract_baseline,2025-07-07,1280.0,50000.0,0.25,0.0256
one_contract_baseline,2025-07-08,860.0,50000.0,0.25,0.0172
one_contract_baseline,2025-07-09,470.0,50000.0,0.25,0.0094
one_contract_baseline,2025-07-10,720.0,50000.0,0.25,0.0144
one_contract_baseline,2025-07-11,110.0,50000.0,0.25,0.0022
one_contract_baseline,2025-07-14,720.0,50000.0,0.25,0.0144
one_contract_baseline,2025-07-15,1230.0,50000.0,0.25,0.0246
one_contract_baseline,2025-07-16,3590.0,50000.0,0.25,0.0718
one_contract_baseline,2025-07-17,1040.0,50000.0,0.25,0.0208
one_contract_baseline,2025-07-18,-140.0,50000.0,0.25,-0.0028
one_contract_baseline,2025-07-21,400.0,50000.0,0.25,0.008
one_contract_baseline,2025-07-22,700.0,50000.0,0.25,0.014
one_contract_baseline,2025-07-23,-170.0,50000.0,0.25,-0.0034
one_contract_baseline,2025-07-24,210.0,50000.0,0.25,0.0042
one_contract_baseline,2025-07-25,350.0,50000.0,0.25,0.007
one_contract_baseline,2025-07-28,460.0,50000.0,0.25,0.0092
one_contract_baseline,2025-07-29,440.0,50000.0,0.25,0.0088
one_contract_baseline,2025-07-30,2300.0,50000.0,0.25,0.046
one_contract_baseline,2025-07-31,-340.0,50000.0,0.25,-0.0068
one_contract_baseline,2025-08-01,2220.0,50000.0,0.25,0.0444
one_contract_baseline,2025-08-04,600.0,50000.0,0.25,0.012
one_contract_baseline,2025-08-05,2540.0,50000.0,0.25,0.0508
one_contract_baseline,2025-08-06,2260.0,50000.0,0.25,0.0452
one_contract_baseline,2025-08-07,-460.0,50000.0,0.25,-0.0092
one_contract_baseline,2025-08-08,340.0,50000.0,0.25,0.0068
one_contract_baseline,2025-08-11,-800.0,50000.0,0.25,-0.016
one_contract_baseline,2025-08-12,2370.0,50000.0,0.25,0.0474
one_contract_baseline,2025-08-13,630.0,50000.0,0.25,0.0126
one_contract_baseline,2025-08-14,-50.0,50000.0,0.25,-0.001
one_contract_baseline,2025-08-15,270.0,50000.0,0.25,0.0054
one_contract_baseline,2025-08-18,-410.0,50000.0,0.25,-0.0082
one_contract_baseline,2025-08-19,1270.0,50000.0,0.25,0.0254
one_contract_baseline,2025-08-20,1360.0,50000.0,0.25,0.0272
one_contract_baseline,2025-08-21,1880.0,50000.0,0.25,0.0376
one_contract_baseline,2025-08-22,4740.0,50000.0,0.25,0.0948
one_contract_baseline,2025-08-25,300.0,50000.0,0.25,0.006
one_contract_baseline,2025-08-26,-50.0,50000.0,0.25,-0.001
one_contract_baseline,2025-08-27,210.0,50000.0,0.25,0.0042
one_contract_baseline,2025-08-28,250.0,50000.0,0.25,0.005
one_contract_baseline,2025-08-29,610.0,50000.0,0.25,0.0122
one_contract_baseline,2025-09-02,-960.0,50000.0,0.25,-0.0192
one_contract_baseline,2025-09-03,200.0,50000.0,0.25,0.004
one_contract_baseline,2025-09-04,2050.0,50000.0,0.25,0.041
one_contract_baseline,2025-09-05,4560.0,50000.0,0.25,0.0912
one_contract_baseline,2025-09-08,1130.0,50000.0,0.25,0.0226
one_contract_baseline,2025-09-09,220.0,50000.0,0.25,0.0044
one_contract_baseline,2025-09-10,-590.0,50000.0,0.25,-0.0118
one_contract_baseline,2025-09-11,1030.0,50000.0,0.25,0.0206
one_contract_baseline,2025-09-12,390.0,50000.0,0.25,0.0078
one_contract_baseline,2025-09-15,320.0,50000.0,0.25,0.0064
one_contract_baseline,2025-09-16,-450.0,50000.0,0.25,-0.009
one_contract_baseline,2025-09-17,4520.0,50000.0,0.25,0.0904
one_contract_baseline,2025-09-18,1270.0,50000.0,0.25,0.0254
one_contract_baseline,2025-09-19,320.0,50000.0,0.25,0.0064
one_contract_baseline,2025-09-22,1160.0,50000.0,0.25,0.0232
one_contract_baseline,2025-09-23,1230.0,50000.0,0.25,0.0246
one_contract_baseline,2025-09-24,50.0,50000.0,0.25,0.001
one_contract_baseline,2025-09-25,-1350.0,50000.0,0.25,-0.027
one_contract_baseline,2025-09-26,3880.0,50000.0,0.25,0.0776
one_contract_baseline,2025-09-29,280.0,50000.0,0.25,0.0056
one_contract_baseline,2025-09-30,420.0,50000.0,0.25,0.0084
one_contract_baseline,2025-10-01,-520.0,50000.0,0.25,-0.0104
one_contract_baseline,2025-10-02,1080.0,50000.0,0.25,0.0216
one_contract_baseline,2025-10-03,1730.0,50000.0,0.25,0.0346
one_contract_baseline,2025-10-06,750.0,50000.0,0.25,0.015
one_contract_baseline,2025-10-07,510.0,50000.0,0.25,0.0102
one_contract_baseline,2025-10-08,1110.0,50000.0,0.25,0.0222
one_contract_baseline,2025-10-09,260.0,50000.0,0.25,0.0052
one_contract_baseline,2025-10-10,530.0,50000.0,0.25,0.0106
one_contract_baseline,2025-10-13,1840.0,50000.0,0.25,0.0368
one_contract_baseline,2025-10-14,860.0,50000.0,0.25,0.0172
one_contract_baseline,2025-10-15,3010.0,50000.0,0.25,0.0602
one_contract_baseline,2025-10-16,670.0,50000.0,0.25,0.0134
one_contract_baseline,2025-10-17,3160.0,50000.0,0.25,0.0632
one_contract_baseline,2025-10-20,1620.0,50000.0,0.25,0.0324
one_contract_baseline,2025-10-21,950.0,50000.0,0.25,0.019
one_contract_baseline,2025-10-22,1710.0,50000.0,0.25,0.0342
one_contract_baseline,2025-10-23,1250.0,50000.0,0.25,0.025
one_contract_baseline,2025-10-24,880.0,50000.0,0.25,0.0176
one_contract_baseline,2025-10-27,350.0,50000.0,0.25,0.007
one_contract_baseline,2025-10-28,-230.0,50000.0,0.25,-0.0046
one_contract_baseline,2025-10-29,5550.0,50000.0,0.25,0.111
one_contract_baseline,2025-10-30,420.0,50000.0,0.25,0.0084
one_contract_baseline,2025-10-31,2140.0,50000.0,0.25,0.0428
one_contract_baseline,2025-11-03,2580.0,50000.0,0.25,0.0516
one_contract_baseline,2025-11-04,1350.0,50000.0,0.25,0.027
one_contract_baseline,2025-11-05,700.0,50000.0,0.25,0.014
one_contract_baseline,2025-11-06,890.0,50000.0,0.25,0.0178
one_contract_baseline,2025-11-07,1360.0,50000.0,0.25,0.0272
one_contract_baseline,2025-11-10,-470.0,50000.0,0.25,-0.0094
one_contract_baseline,2025-11-11,1180.0,50000.0,0.25,0.0236
one_contract_baseline,2025-11-12,2110.0,50000.0,0.25,0.0422
one_contract_baseline,2025-11-13,3740.0,50000.0,0.25,0.0748
one_contract_baseline,2025-11-14,5330.0,50000.0,0.25,0.1066
one_contract_baseline,2025-11-17,530.0,50000.0,0.25,0.0106
one_contract_baseline,2025-11-18,4430.0,50000.0,0.25,0.0886
one_contract_baseline,2025-11-19,3320.0,50000.0,0.25,0.0664
one_contract_baseline,2025-11-20,4870.0,50000.0,0.25,0.0974
one_contract_baseline,2025-11-21,6850.0,50000.0,0.25,0.137
one_contract_baseline,2025-11-24,2500.0,50000.0,0.25,0.05
one_contract_baseline,2025-11-25,-250.0,50000.0,0.25,-0.005
one_contract_baseline,2025-11-26,-1520.0,50000.0,0.25,-0.0304
one_contract_baseline,2025-11-28,-120.0,50000.0,0.25,-0.0024
one_contract_baseline,2025-12-01,1450.0,50000.0,0.25,0.029
one_contract_baseline,2025-12-02,1370.0,50000.0,0.25,0.0274
one_contract_baseline,2025-12-03,1600.0,50000.0,0.25,0.032
one_contract_baseline,2025-12-04,1140.0,50000.0,0.25,0.0228
one_contract_baseline,2025-12-05,1270.0,50000.0,0.25,0.0254
one_contract_baseline,2025-12-08,1830.0,50000.0,0.25,0.0366
one_contract_baseline,2025-12-09,0.0,50000.0,0.25,0.0
one_contract_baseline,2025-12-10,2770.0,50000.0,0.25,0.0554
one_contract_baseline,2025-12-11,-1640.0,50000.0,0.25,-0.0328
one_contract_baseline,2025-12-12,1220.0,50000.0,0.25,0.0244
one_contract_baseline,2025-12-15,660.0,50000.0,0.25,0.0132
one_contract_baseline,2025-12-16,-1050.0,50000.0,0.25,-0.021
one_contract_baseline,2025-12-17,1620.0,50000.0,0.25,0.0324
one_contract_baseline,2025-12-18,-460.0,50000.0,0.25,-0.0092
one_contract_baseline,2025-12-19,430.0,50000.0,0.25,0.0086
one_contract_baseline,2025-12-22,460.0,50000.0,0.25,0.0092
one_contract_baseline,2025-12-23,910.0,50000.0,0.25,0.0182
one_contract_baseline,2025-12-24,90.0,50000.0,0.25,0.0018
one_contract_baseline,2025-12-26,-430.0,50000.0,0.25,-0.0086
one_contract_baseline,2025-12-29,20.0,50000.0,0.25,0.0004
one_contract_baseline,2025-12-30,60.0,50000.0,0.25,0.0012
one_contract_baseline,2025-12-31,-10.0,50000.0,0.25,-0.0002
one_contract_baseline,2026-01-02,1220.0,50000.0,0.25,0.0244
one_contract_baseline,2026-01-05,1010.0,50000.0,0.25,0.0202
one_contract_baseline,2026-01-06,-720.0,50000.0,0.25,-0.0144
one_contract_baseline,2026-01-07,20.0,50000.0,0.25,0.0004
one_contract_baseline,2026-01-08,-1090.0,50000.0,0.25,-0.0218
one_contract_baseline,2026-01-09,980.0,50000.0,0.25,0.0196
one_contract_baseline,2026-01-12,540.0,50000.0,0.25,0.0108
one_contract_baseline,2026-01-13,-350.0,50000.0,0.25,-0.007
one_contract_baseline,2026-01-14,1310.0,50000.0,0.25,0.0262
one_contract_baseline,2026-01-15,-20.0,50000.0,0.25,-0.0004
one_contract_baseline,2026-01-16,1610.0,50000.0,0.25,0.0322
one_contract_baseline,2026-01-20,1070.0,50000.0,0.25,0.0214
one_contract_baseline,2026-01-21,5400.0,50000.0,0.25,0.108
one_contract_baseline,2026-01-22,1020.0,50000.0,0.25,0.0204
one_contract_baseline,2026-01-23,40.0,50000.0,0.25,0.0008
one_contract_baseline,2026-01-26,-50.0,50000.0,0.25,-0.001
one_contract_baseline,2026-01-27,1370.0,50000.0,0.25,0.0274
one_contract_baseline,2026-01-28,1410.0,50000.0,0.25,0.0282
one_contract_baseline,2026-01-29,4000.0,50000.0,0.25,0.08
one_contract_baseline,2026-01-30,-320.0,50000.0,0.25,-0.0064
one_contract_baseline,2026-02-02,-60.0,50000.0,0.25,-0.0012
one_contract_baseline,2026-02-03,2310.0,50000.0,0.25,0.0462
one_contract_baseline,2026-02-04,1490.0,50000.0,0.25,0.0298
one_contract_baseline,2026-02-05,3080.0,50000.0,0.25,0.0616
one_contract_baseline,2026-02-09,1330.0,50000.0,0.25,0.0266
one_contract_baseline,2026-02-10,160.0,50000.0,0.25,0.0032
one_contract_baseline,2026-02-11,2360.0,50000.0,0.25,0.0472
one_contract_baseline,2026-02-12,2300.0,50000.0,0.25,0.046
one_contract_baseline,2026-02-13,3740.0,50000.0,0.25,0.0748
one_contract_baseline,2026-02-17,5430.0,50000.0,0.25,0.1086
one_contract_baseline,2026-02-18,-360.0,50000.0,0.25,-0.0072
one_contract_baseline,2026-02-19,0.0,50000.0,0.25,0.0
one_contract_baseline,2026-02-20,2230.0,50000.0,0.25,0.0446
one_contract_baseline,2026-02-23,1800.0,50000.0,0.25,0.036
one_contract_baseline,2026-02-24,1630.0,50000.0,0.25,0.0326
one_contract_baseline,2026-02-25,-660.0,50000.0,0.25,-0.0132
one_contract_baseline,2026-02-26,70.0,50000.0,0.25,0.0014
one_contract_baseline,2026-02-27,970.0,50000.0,0.25,0.0194
one_contract_baseline,2026-03-02,1320.0,50000.0,0.25,0.0264
one_contract_baseline,2026-03-03,8970.0,50000.0,0.25,0.1794
one_contract_baseline,2026-03-04,-2230.0,50000.0,0.25,-0.0446
one_contract_baseline,2026-03-05,4650.0,50000.0,0.25,0.093
one_contract_baseline,2026-03-06,1810.0,50000.0,0.25,0.0362
one_contract_baseline,2026-03-09,980.0,50000.0,0.25,0.0196
one_contract_baseline,2026-03-10,-620.0,50000.0,0.25,-0.0124
one_contract_baseline,2026-03-11,-1060.0,50000.0,0.25,-0.0212
one_contract_baseline,2026-03-12,1030.0,50000.0,0.25,0.0206
one_contract_baseline,2026-03-13,440.0,50000.0,0.25,0.0088
one_contract_baseline,2026-03-16,-1390.0,50000.0,0.25,-0.0278
one_contract_baseline,2026-03-17,0.0,50000.0,0.25,0.0
one_contract_baseline,2026-03-18,2330.0,50000.0,0.25,0.0466
one_contract_baseline,2026-03-19,1930.0,50000.0,0.25,0.0386
one_contract_baseline,2026-03-20,2300.0,50000.0,0.25,0.046
one_contract_baseline,2026-03-23,3490.0,50000.0,0.25,0.0698
one_contract_baseline,2026-03-24,1860.0,50000.0,0.25,0.0372
one_contract_baseline,2026-03-25,1610.0,50000.0,0.25,0.0322
one_contract_baseline,2026-03-26,-170.0,50000.0,0.25,-0.0034
one_contract_baseline,2026-03-27,1250.0,50000.0,0.25,0.025
one_contract_baseline,2026-03-30,5030.0,50000.0,0.25,0.1006
one_contract_baseline,2026-03-31,2760.0,50000.0,0.25,0.0552
always_on_account_aware_sizer,2024-10-01,3560.0,50000.0,0.25,0.0712
always_on_account_aware_sizer,2024-10-02,2360.0,50000.0,0.25,0.0472
always_on_account_aware_sizer,2024-10-03,2350.0,50000.0,0.25,0.047
always_on_account_aware_sizer,2024-10-04,-920.0,50000.0,0.25,-0.0184
always_on_account_aware_sizer,2024-10-07,-30.0,50000.0,0.25,-0.0006
always_on_account_aware_sizer,2024-10-08,940.0,50000.0,0.25,0.0188
always_on_account_aware_sizer,2024-10-09,880.0,50000.0,0.25,0.0176
always_on_account_aware_sizer,2024-10-10,530.0,50000.0,0.25,0.0106
always_on_account_aware_sizer,2024-10-11,2470.0,50000.0,0.25,0.0494
always_on_account_aware_sizer,2024-10-14,-1080.0,50000.0,0.25,-0.0216
always_on_account_aware_sizer,2024-10-15,570.0,50000.0,0.25,0.0114
always_on_account_aware_sizer,2024-10-16,780.0,50000.0,0.25,0.0156
always_on_account_aware_sizer,2024-10-17,-20.0,50000.0,0.25,-0.0004
always_on_account_aware_sizer,2024-10-18,420.0,50000.0,0.25,0.0084
always_on_account_aware_sizer,2024-10-21,2020.0,50000.0,0.25,0.0404
always_on_account_aware_sizer,2024-10-22,-630.0,50000.0,0.25,-0.0126
always_on_account_aware_sizer,2024-10-23,1020.0,50000.0,0.25,0.0204
always_on_account_aware_sizer,2024-10-24,-730.0,50000.0,0.25,-0.0146
always_on_account_aware_sizer,2024-10-25,2820.0,50000.0,0.25,0.0564
always_on_account_aware_sizer,2024-10-28,-280.0,50000.0,0.25,-0.0056
always_on_account_aware_sizer,2024-10-29,620.0,50000.0,0.25,0.0124
always_on_account_aware_sizer,2024-10-30,210.0,50000.0,0.25,0.0042
always_on_account_aware_sizer,2024-10-31,-1070.0,50000.0,0.25,-0.0214
always_on_account_aware_sizer,2024-11-01,1470.0,50000.0,0.25,0.0294
always_on_account_aware_sizer,2024-11-04,-40.0,50000.0,0.25,-0.0008
always_on_account_aware_sizer,2024-11-05,1240.0,50000.0,0.25,0.0248
always_on_account_aware_sizer,2024-11-06,-330.0,50000.0,0.25,-0.0066
always_on_account_aware_sizer,2024-11-07,340.0,50000.0,0.25,0.0068
always_on_account_aware_sizer,2024-11-08,-120.0,50000.0,0.25,-0.0024
always_on_account_aware_sizer,2024-11-11,-260.0,50000.0,0.25,-0.0052
always_on_account_aware_sizer,2024-11-12,770.0,50000.0,0.25,0.0154
always_on_account_aware_sizer,2024-11-13,1520.0,50000.0,0.25,0.0304
always_on_account_aware_sizer,2024-11-14,-20.0,50000.0,0.25,-0.0004
always_on_account_aware_sizer,2024-11-15,1840.0,50000.0,0.25,0.0368
always_on_account_aware_sizer,2024-11-18,1460.0,50000.0,0.25,0.0292
always_on_account_aware_sizer,2024-11-19,-930.0,50000.0,0.25,-0.0186
always_on_account_aware_sizer,2024-11-20,3630.0,50000.0,0.25,0.0726
always_on_account_aware_sizer,2024-11-21,5510.0,50000.0,0.25,0.1102
always_on_account_aware_sizer,2024-11-22,-990.0,50000.0,0.25,-0.0198
always_on_account_aware_sizer,2024-11-25,150.0,50000.0,0.25,0.003
always_on_account_aware_sizer,2024-11-26,-920.0,50000.0,0.25,-0.0184
always_on_account_aware_sizer,2024-11-27,440.0,50000.0,0.25,0.0088
always_on_account_aware_sizer,2024-11-29,660.0,50000.0,0.25,0.0132
always_on_account_aware_sizer,2024-12-02,-380.0,50000.0,0.25,-0.0076
always_on_account_aware_sizer,2024-12-03,-740.0,50000.0,0.25,-0.0148
always_on_account_aware_sizer,2024-12-04,-610.0,50000.0,0.25,-0.0122
always_on_account_aware_sizer,2024-12-05,-680.0,50000.0,0.25,-0.0136
always_on_account_aware_sizer,2024-12-06,40.0,50000.0,0.25,0.0008
always_on_account_aware_sizer,2024-12-09,-80.0,50000.0,0.25,-0.0016
always_on_account_aware_sizer,2024-12-10,190.0,50000.0,0.25,0.0038
always_on_account_aware_sizer,2024-12-11,10.0,50000.0,0.25,0.0002
always_on_account_aware_sizer,2024-12-12,-1130.0,50000.0,0.25,-0.0226
always_on_account_aware_sizer,2024-12-13,1120.0,50000.0,0.25,0.0224
always_on_account_aware_sizer,2024-12-16,520.0,50000.0,0.25,0.0104
always_on_account_aware_sizer,2024-12-17,960.0,50000.0,0.25,0.0192
always_on_account_aware_sizer,2024-12-18,400.0,50000.0,0.25,0.008
always_on_account_aware_sizer,2024-12-19,50.0,50000.0,0.25,0.001
always_on_account_aware_sizer,2024-12-20,3920.0,50000.0,0.25,0.0784
always_on_account_aware_sizer,2024-12-23,2410.0,50000.0,0.25,0.0482
always_on_account_aware_sizer,2024-12-24,500.0,50000.0,0.25,0.01
always_on_account_aware_sizer,2024-12-26,240.0,50000.0,0.25,0.0048
always_on_account_aware_sizer,2024-12-27,5820.0,50000.0,0.25,0.1164
always_on_account_aware_sizer,2024-12-30,-1350.0,50000.0,0.25,-0.027
always_on_account_aware_sizer,2024-12-31,740.0,50000.0,0.25,0.0148
always_on_account_aware_sizer,2025-07-01,-360.0,50000.0,0.25,-0.0072
always_on_account_aware_sizer,2025-07-02,590.0,50000.0,0.25,0.0118
always_on_account_aware_sizer,2025-07-03,800.0,50000.0,0.25,0.016
always_on_account_aware_sizer,2025-07-07,2620.0,50000.0,0.25,0.0524
always_on_account_aware_sizer,2025-07-08,1720.0,50000.0,0.25,0.0344
always_on_account_aware_sizer,2025-07-09,730.0,50000.0,0.25,0.0146
always_on_account_aware_sizer,2025-07-10,1890.0,50000.0,0.25,0.0378
always_on_account_aware_sizer,2025-07-11,110.0,50000.0,0.25,0.0022
always_on_account_aware_sizer,2025-07-14,1750.0,50000.0,0.25,0.035
always_on_account_aware_sizer,2025-07-15,2300.0,50000.0,0.25,0.046
always_on_account_aware_sizer,2025-07-16,4200.0,50000.0,0.25,0.084
always_on_account_aware_sizer,2025-07-17,1660.0,50000.0,0.25,0.0332
always_on_account_aware_sizer,2025-07-18,-140.0,50000.0,0.25,-0.0028
always_on_account_aware_sizer,2025-07-21,400.0,50000.0,0.25,0.008
always_on_account_aware_sizer,2025-07-22,1240.0,50000.0,0.25,0.0248
always_on_account_aware_sizer,2025-07-23,-170.0,50000.0,0.25,-0.0034
always_on_account_aware_sizer,2025-07-24,420.0,50000.0,0.25,0.0084
always_on_account_aware_sizer,2025-07-25,620.0,50000.0,0.25,0.0124
always_on_account_aware_sizer,2025-07-28,640.0,50000.0,0.25,0.0128
always_on_account_aware_sizer,2025-07-29,440.0,50000.0,0.25,0.0088
always_on_account_aware_sizer,2025-07-30,4050.0,50000.0,0.25,0.081
always_on_account_aware_sizer,2025-07-31,-1150.0,50000.0,0.25,-0.023
always_on_account_aware_sizer,2025-08-01,3410.0,50000.0,0.25,0.0682
always_on_account_aware_sizer,2025-08-04,690.0,50000.0,0.25,0.0138
always_on_account_aware_sizer,2025-08-05,3530.0,50000.0,0.25,0.0706
always_on_account_aware_sizer,2025-08-06,4510.0,50000.0,0.25,0.0902
always_on_account_aware_sizer,2025-08-07,-1470.0,50000.0,0.25,-0.0294
always_on_account_aware_sizer,2025-08-08,340.0,50000.0,0.25,0.0068
always_on_account_aware_sizer,2025-08-11,-750.0,50000.0,0.25,-0.015
always_on_account_aware_sizer,2025-08-12,2370.0,50000.0,0.25,0.0474
always_on_account_aware_sizer,2025-08-13,1470.0,50000.0,0.25,0.0294
always_on_account_aware_sizer,2025-08-14,500.0,50000.0,0.25,0.01
always_on_account_aware_sizer,2025-08-15,-70.0,50000.0,0.25,-0.0014
always_on_account_aware_sizer,2025-08-18,-900.0,50000.0,0.25,-0.018
always_on_account_aware_sizer,2025-08-19,1270.0,50000.0,0.25,0.0254
always_on_account_aware_sizer,2025-08-20,-960.0,50000.0,0.25,-0.0192
always_on_account_aware_sizer,2025-08-21,2300.0,50000.0,0.25,0.046
always_on_account_aware_sizer,2025-08-22,8080.0,50000.0,0.25,0.1616
always_on_account_aware_sizer,2025-08-25,300.0,50000.0,0.25,0.006
always_on_account_aware_sizer,2025-08-26,770.0,50000.0,0.25,0.0154
always_on_account_aware_sizer,2025-08-27,360.0,50000.0,0.25,0.0072
always_on_account_aware_sizer,2025-08-28,-50.0,50000.0,0.25,-0.001
always_on_account_aware_sizer,2025-08-29,750.0,50000.0,0.25,0.015
always_on_account_aware_sizer,2025-09-02,-960.0,50000.0,0.25,-0.0192
always_on_account_aware_sizer,2025-09-03,200.0,50000.0,0.25,0.004
always_on_account_aware_sizer,2025-09-04,3200.0,50000.0,0.25,0.064
always_on_account_aware_sizer,2025-09-05,6210.0,50000.0,0.25,0.1242
always_on_account_aware_sizer,2025-09-08,1750.0,50000.0,0.25,0.035
always_on_account_aware_sizer,2025-09-09,440.0,50000.0,0.25,0.0088
always_on_account_aware_sizer,2025-09-10,-660.0,50000.0,0.25,-0.0132
always_on_account_aware_sizer,2025-09-11,1160.0,50000.0,0.25,0.0232
always_on_account_aware_sizer,2025-09-12,450.0,50000.0,0.25,0.009
always_on_account_aware_sizer,2025-09-15,320.0,50000.0,0.25,0.0064
always_on_account_aware_sizer,2025-09-16,-900.0,50000.0,0.25,-0.018
always_on_account_aware_sizer,2025-09-17,9060.0,50000.0,0.25,0.1812
always_on_account_aware_sizer,2025-09-18,2700.0,50000.0,0.25,0.054
always_on_account_aware_sizer,2025-09-19,330.0,50000.0,0.25,0.0066
always_on_account_aware_sizer,2025-09-22,2200.0,50000.0,0.25,0.044
always_on_account_aware_sizer,2025-09-23,2520.0,50000.0,0.25,0.0504
always_on_account_aware_sizer,2025-09-24,90.0,50000.0,0.25,0.0018
always_on_account_aware_sizer,2025-09-25,-1660.0,50000.0,0.25,-0.0332
always_on_account_aware_sizer,2025-09-26,6030.0,50000.0,0.25,0.1206
always_on_account_aware_sizer,2025-09-29,840.0,50000.0,0.25,0.0168
always_on_account_aware_sizer,2025-09-30,1080.0,50000.0,0.25,0.0216
always_on_account_aware_sizer,2025-10-01,-520.0,50000.0,0.25,-0.0104
always_on_account_aware_sizer,2025-10-02,1080.0,50000.0,0.25,0.0216
always_on_account_aware_sizer,2025-10-03,3040.0,50000.0,0.25,0.0608
always_on_account_aware_sizer,2025-10-06,750.0,50000.0,0.25,0.015
always_on_account_aware_sizer,2025-10-07,510.0,50000.0,0.25,0.0102
always_on_account_aware_sizer,2025-10-08,1070.0,50000.0,0.25,0.0214
always_on_account_aware_sizer,2025-10-09,260.0,50000.0,0.25,0.0052
always_on_account_aware_sizer,2025-10-10,530.0,50000.0,0.25,0.0106
always_on_account_aware_sizer,2025-10-13,1840.0,50000.0,0.25,0.0368
always_on_account_aware_sizer,2025-10-14,860.0,50000.0,0.25,0.0172
always_on_account_aware_sizer,2025-10-15,3010.0,50000.0,0.25,0.0602
always_on_account_aware_sizer,2025-10-16,670.0,50000.0,0.25,0.0134
always_on_account_aware_sizer,2025-10-17,3160.0,50000.0,0.25,0.0632
always_on_account_aware_sizer,2025-10-20,1620.0,50000.0,0.25,0.0324
always_on_account_aware_sizer,2025-10-21,950.0,50000.0,0.25,0.019
always_on_account_aware_sizer,2025-10-22,1700.0,50000.0,0.25,0.034
always_on_account_aware_sizer,2025-10-23,1250.0,50000.0,0.25,0.025
always_on_account_aware_sizer,2025-10-24,880.0,50000.0,0.25,0.0176
always_on_account_aware_sizer,2025-10-27,320.0,50000.0,0.25,0.0064
always_on_account_aware_sizer,2025-10-28,-230.0,50000.0,0.25,-0.0046
always_on_account_aware_sizer,2025-10-29,6870.0,50000.0,0.25,0.1374
always_on_account_aware_sizer,2025-10-30,610.0,50000.0,0.25,0.0122
always_on_account_aware_sizer,2025-10-31,2140.0,50000.0,0.25,0.0428
always_on_account_aware_sizer,2025-11-03,2800.0,50000.0,0.25,0.056
always_on_account_aware_sizer,2025-11-04,1740.0,50000.0,0.25,0.0348
always_on_account_aware_sizer,2025-11-05,700.0,50000.0,0.25,0.014
always_on_account_aware_sizer,2025-11-06,890.0,50000.0,0.25,0.0178
always_on_account_aware_sizer,2025-11-07,1360.0,50000.0,0.25,0.0272
always_on_account_aware_sizer,2025-11-10,-470.0,50000.0,0.25,-0.0094
always_on_account_aware_sizer,2025-11-11,1180.0,50000.0,0.25,0.0236
always_on_account_aware_sizer,2025-11-12,2110.0,50000.0,0.25,0.0422
always_on_account_aware_sizer,2025-11-13,3740.0,50000.0,0.25,0.0748
always_on_account_aware_sizer,2025-11-14,5330.0,50000.0,0.25,0.1066
always_on_account_aware_sizer,2025-11-17,530.0,50000.0,0.25,0.0106
always_on_account_aware_sizer,2025-11-18,4430.0,50000.0,0.25,0.0886
always_on_account_aware_sizer,2025-11-19,2950.0,50000.0,0.25,0.059
always_on_account_aware_sizer,2025-11-20,4870.0,50000.0,0.25,0.0974
always_on_account_aware_sizer,2025-11-21,6850.0,50000.0,0.25,0.137
always_on_account_aware_sizer,2025-11-24,2500.0,50000.0,0.25,0.05
always_on_account_aware_sizer,2025-11-25,-250.0,50000.0,0.25,-0.005
always_on_account_aware_sizer,2025-11-26,-1520.0,50000.0,0.25,-0.0304
always_on_account_aware_sizer,2025-11-28,-120.0,50000.0,0.25,-0.0024
always_on_account_aware_sizer,2025-12-01,1450.0,50000.0,0.25,0.029
always_on_account_aware_sizer,2025-12-02,1370.0,50000.0,0.25,0.0274
always_on_account_aware_sizer,2025-12-03,2020.0,50000.0,0.25,0.0404
always_on_account_aware_sizer,2025-12-04,1940.0,50000.0,0.25,0.0388
always_on_account_aware_sizer,2025-12-05,1270.0,50000.0,0.25,0.0254
always_on_account_aware_sizer,2025-12-08,1830.0,50000.0,0.25,0.0366
always_on_account_aware_sizer,2025-12-09,0.0,50000.0,0.25,0.0
always_on_account_aware_sizer,2025-12-10,2770.0,50000.0,0.25,0.0554
always_on_account_aware_sizer,2025-12-11,-1610.0,50000.0,0.25,-0.0322
always_on_account_aware_sizer,2025-12-12,1220.0,50000.0,0.25,0.0244
always_on_account_aware_sizer,2025-12-15,860.0,50000.0,0.25,0.0172
always_on_account_aware_sizer,2025-12-16,-1050.0,50000.0,0.25,-0.021
always_on_account_aware_sizer,2025-12-17,1620.0,50000.0,0.25,0.0324
always_on_account_aware_sizer,2025-12-18,-1040.0,50000.0,0.25,-0.0208
always_on_account_aware_sizer,2025-12-19,430.0,50000.0,0.25,0.0086
always_on_account_aware_sizer,2025-12-22,460.0,50000.0,0.25,0.0092
always_on_account_aware_sizer,2025-12-23,910.0,50000.0,0.25,0.0182
always_on_account_aware_sizer,2025-12-24,90.0,50000.0,0.25,0.0018
always_on_account_aware_sizer,2025-12-26,-430.0,50000.0,0.25,-0.0086
always_on_account_aware_sizer,2025-12-29,20.0,50000.0,0.25,0.0004
always_on_account_aware_sizer,2025-12-30,60.0,50000.0,0.25,0.0012
always_on_account_aware_sizer,2025-12-31,-10.0,50000.0,0.25,-0.0002
always_on_account_aware_sizer,2026-01-02,3580.0,50000.0,0.25,0.0716
always_on_account_aware_sizer,2026-01-05,1440.0,50000.0,0.25,0.0288
always_on_account_aware_sizer,2026-01-06,-520.0,50000.0,0.25,-0.0104
always_on_account_aware_sizer,2026-01-07,530.0,50000.0,0.25,0.0106
always_on_account_aware_sizer,2026-01-08,-990.0,50000.0,0.25,-0.0198
always_on_account_aware_sizer,2026-01-09,-960.0,50000.0,0.25,-0.0192
always_on_account_aware_sizer,2026-01-12,540.0,50000.0,0.25,0.0108
always_on_account_aware_sizer,2026-01-13,-350.0,50000.0,0.25,-0.007
always_on_account_aware_sizer,2026-01-14,2550.0,50000.0,0.25,0.051
always_on_account_aware_sizer,2026-01-15,-480.0,50000.0,0.25,-0.0096
always_on_account_aware_sizer,2026-01-16,1610.0,50000.0,0.25,0.0322
always_on_account_aware_sizer,2026-01-20,1140.0,50000.0,0.25,0.0228
always_on_account_aware_sizer,2026-01-21,7060.0,50000.0,0.25,0.1412
always_on_account_aware_sizer,2026-01-22,1020.0,50000.0,0.25,0.0204
always_on_account_aware_sizer,2026-01-23,40.0,50000.0,0.25,0.0008
always_on_account_aware_sizer,2026-01-26,-50.0,50000.0,0.25,-0.001
always_on_account_aware_sizer,2026-01-27,1370.0,50000.0,0.25,0.0274
always_on_account_aware_sizer,2026-01-28,1410.0,50000.0,0.25,0.0282
always_on_account_aware_sizer,2026-01-29,3360.0,50000.0,0.25,0.0672
always_on_account_aware_sizer,2026-01-30,-320.0,50000.0,0.25,-0.0064
always_on_account_aware_sizer,2026-02-02,-60.0,50000.0,0.25,-0.0012
always_on_account_aware_sizer,2026-02-03,2310.0,50000.0,0.25,0.0462
always_on_account_aware_sizer,2026-02-04,-1400.0,50000.0,0.25,-0.028
always_on_account_aware_sizer,2026-02-05,2780.0,50000.0,0.25,0.0556
always_on_account_aware_sizer,2026-02-09,1480.0,50000.0,0.25,0.0296
always_on_account_aware_sizer,2026-02-10,160.0,50000.0,0.25,0.0032
always_on_account_aware_sizer,2026-02-11,1590.0,50000.0,0.25,0.0318
always_on_account_aware_sizer,2026-02-12,2300.0,50000.0,0.25,0.046
always_on_account_aware_sizer,2026-02-13,4510.0,50000.0,0.25,0.0902
always_on_account_aware_sizer,2026-02-17,5430.0,50000.0,0.25,0.1086
always_on_account_aware_sizer,2026-02-18,-820.0,50000.0,0.25,-0.0164
always_on_account_aware_sizer,2026-02-19,0.0,50000.0,0.25,0.0
always_on_account_aware_sizer,2026-02-20,2230.0,50000.0,0.25,0.0446
always_on_account_aware_sizer,2026-02-23,1950.0,50000.0,0.25,0.039
always_on_account_aware_sizer,2026-02-24,2120.0,50000.0,0.25,0.0424
always_on_account_aware_sizer,2026-02-25,-660.0,50000.0,0.25,-0.0132
always_on_account_aware_sizer,2026-02-26,70.0,50000.0,0.25,0.0014
always_on_account_aware_sizer,2026-02-27,970.0,50000.0,0.25,0.0194
always_on_account_aware_sizer,2026-03-02,-920.0,50000.0,0.25,-0.0184
always_on_account_aware_sizer,2026-03-03,10360.0,50000.0,0.25,0.2072
always_on_account_aware_sizer,2026-03-04,-1890.0,50000.0,0.25,-0.0378
always_on_account_aware_sizer,2026-03-05,4650.0,50000.0,0.25,0.093
always_on_account_aware_sizer,2026-03-06,1810.0,50000.0,0.25,0.0362
always_on_account_aware_sizer,2026-03-09,980.0,50000.0,0.25,0.0196
always_on_account_aware_sizer,2026-03-10,-1130.0,50000.0,0.25,-0.0226
always_on_account_aware_sizer,2026-03-11,-1690.0,50000.0,0.25,-0.0338
always_on_account_aware_sizer,2026-03-12,1030.0,50000.0,0.25,0.0206
always_on_account_aware_sizer,2026-03-13,-1070.0,50000.0,0.25,-0.0214
always_on_account_aware_sizer,2026-03-16,-810.0,50000.0,0.25,-0.0162
always_on_account_aware_sizer,2026-03-17,-770.0,50000.0,0.25,-0.0154
always_on_account_aware_sizer,2026-03-18,2330.0,50000.0,0.25,0.0466
always_on_account_aware_sizer,2026-03-19,2540.0,50000.0,0.25,0.0508
always_on_account_aware_sizer,2026-03-20,2320.0,50000.0,0.25,0.0464
always_on_account_aware_sizer,2026-03-23,3730.0,50000.0,0.25,0.0746
always_on_account_aware_sizer,2026-03-24,1860.0,50000.0,0.25,0.0372
always_on_account_aware_sizer,2026-03-25,1610.0,50000.0,0.25,0.0322
always_on_account_aware_sizer,2026-03-26,20.0,50000.0,0.25,0.0004
always_on_account_aware_sizer,2026-03-27,1770.0,50000.0,0.25,0.0354
always_on_account_aware_sizer,2026-03-30,5340.0,50000.0,0.25,0.1068
always_on_account_aware_sizer,2026-03-31,3860.0,50000.0,0.25,0.0772
one_contract_baseline,2024-10-01,3210.0,50000.0,0.5,0.0642
one_contract_baseline,2024-10-02,2210.0,50000.0,0.5,0.0442
one_contract_baseline,2024-10-03,2150.0,50000.0,0.5,0.043
one_contract_baseline,2024-10-04,1910.0,50000.0,0.5,0.0382
one_contract_baseline,2024-10-07,-230.0,50000.0,0.5,-0.0046
one_contract_baseline,2024-10-08,840.0,50000.0,0.5,0.0168
one_contract_baseline,2024-10-09,730.0,50000.0,0.5,0.0146
one_contract_baseline,2024-10-10,430.0,50000.0,0.5,0.0086
one_contract_baseline,2024-10-11,2270.0,50000.0,0.5,0.0454
one_contract_baseline,2024-10-14,-1080.0,50000.0,0.5,-0.0216
one_contract_baseline,2024-10-15,470.0,50000.0,0.5,0.0094
one_contract_baseline,2024-10-16,630.0,50000.0,0.5,0.0126
one_contract_baseline,2024-10-17,-220.0,50000.0,0.5,-0.0044
one_contract_baseline,2024-10-18,170.0,50000.0,0.5,0.0034
one_contract_baseline,2024-10-21,1870.0,50000.0,0.5,0.0374
one_contract_baseline,2024-10-22,-780.0,50000.0,0.5,-0.0156
one_contract_baseline,2024-10-23,870.0,50000.0,0.5,0.0174
one_contract_baseline,2024-10-24,-830.0,50000.0,0.5,-0.0166
one_contract_baseline,2024-10-25,2570.0,50000.0,0.5,0.0514
one_contract_baseline,2024-10-28,-380.0,50000.0,0.5,-0.0076
one_contract_baseline,2024-10-29,470.0,50000.0,0.5,0.0094
one_contract_baseline,2024-10-30,60.0,50000.0,0.5,0.0012
one_contract_baseline,2024-10-31,-2480.0,50000.0,0.5,-0.0496
one_contract_baseline,2024-11-01,1220.0,50000.0,0.5,0.0244
one_contract_baseline,2024-11-04,-140.0,50000.0,0.5,-0.0028
one_contract_baseline,2024-11-05,890.0,50000.0,0.5,0.0178
one_contract_baseline,2024-11-06,-680.0,50000.0,0.5,-0.0136
one_contract_baseline,2024-11-07,240.0,50000.0,0.5,0.0048
one_contract_baseline,2024-11-08,-220.0,50000.0,0.5,-0.0044
one_contract_baseline,2024-11-11,-360.0,50000.0,0.5,-0.0072
one_contract_baseline,2024-11-12,670.0,50000.0,0.5,0.0134
one_contract_baseline,2024-11-13,1150.0,50000.0,0.5,0.023
one_contract_baseline,2024-11-14,-70.0,50000.0,0.5,-0.0014
one_contract_baseline,2024-11-15,1420.0,50000.0,0.5,0.0284
one_contract_baseline,2024-11-18,1360.0,50000.0,0.5,0.0272
one_contract_baseline,2024-11-19,990.0,50000.0,0.5,0.0198
one_contract_baseline,2024-11-20,3380.0,50000.0,0.5,0.0676
one_contract_baseline,2024-11-21,5310.0,50000.0,0.5,0.1062
one_contract_baseline,2024-11-22,-1800.0,50000.0,0.5,-0.036
one_contract_baseline,2024-11-25,190.0,50000.0,0.5,0.0038
one_contract_baseline,2024-11-26,-1190.0,50000.0,0.5,-0.0238
one_contract_baseline,2024-11-27,240.0,50000.0,0.5,0.0048
one_contract_baseline,2024-11-29,610.0,50000.0,0.5,0.0122
one_contract_baseline,2024-12-02,-480.0,50000.0,0.5,-0.0096
one_contract_baseline,2024-12-03,-840.0,50000.0,0.5,-0.0168
one_contract_baseline,2024-12-04,-760.0,50000.0,0.5,-0.0152
one_contract_baseline,2024-12-05,-780.0,50000.0,0.5,-0.0156
one_contract_baseline,2024-12-06,-110.0,50000.0,0.5,-0.0022
one_contract_baseline,2024-12-09,-230.0,50000.0,0.5,-0.0046
one_contract_baseline,2024-12-10,90.0,50000.0,0.5,0.0018
one_contract_baseline,2024-12-11,-90.0,50000.0,0.5,-0.0018
one_contract_baseline,2024-12-12,-1390.0,50000.0,0.5,-0.0278
one_contract_baseline,2024-12-13,1020.0,50000.0,0.5,0.0204
one_contract_baseline,2024-12-16,370.0,50000.0,0.5,0.0074
one_contract_baseline,2024-12-17,790.0,50000.0,0.5,0.0158
one_contract_baseline,2024-12-18,250.0,50000.0,0.5,0.005
one_contract_baseline,2024-12-19,-100.0,50000.0,0.5,-0.002
one_contract_baseline,2024-12-20,3820.0,50000.0,0.5,0.0764
one_contract_baseline,2024-12-23,1570.0,50000.0,0.5,0.0314
one_contract_baseline,2024-12-24,450.0,50000.0,0.5,0.009
one_contract_baseline,2024-12-26,90.0,50000.0,0.5,0.0018
one_contract_baseline,2024-12-27,5000.0,50000.0,0.5,0.1
one_contract_baseline,2024-12-30,-150.0,50000.0,0.5,-0.003
one_contract_baseline,2024-12-31,590.0,50000.0,0.5,0.0118
one_contract_baseline,2025-07-01,-180.0,50000.0,0.5,-0.0036
one_contract_baseline,2025-07-02,490.0,50000.0,0.5,0.0098
one_contract_baseline,2025-07-03,290.0,50000.0,0.5,0.0058
one_contract_baseline,2025-07-07,980.0,50000.0,0.5,0.0196
one_contract_baseline,2025-07-08,710.0,50000.0,0.5,0.0142
one_contract_baseline,2025-07-09,270.0,50000.0,0.5,0.0054
one_contract_baseline,2025-07-10,420.0,50000.0,0.5,0.0084
one_contract_baseline,2025-07-11,-140.0,50000.0,0.5,-0.0028
one_contract_baseline,2025-07-14,570.0,50000.0,0.5,0.0114
one_contract_baseline,2025-07-15,980.0,50000.0,0.5,0.0196
one_contract_baseline,2025-07-16,3240.0,50000.0,0.5,0.0648
one_contract_baseline,2025-07-17,840.0,50000.0,0.5,0.0168
one_contract_baseline,2025-07-18,-190.0,50000.0,0.5,-0.0038
one_contract_baseline,2025-07-21,300.0,50000.0,0.5,0.006
one_contract_baseline,2025-07-22,550.0,50000.0,0.5,0.011
one_contract_baseline,2025-07-23,-320.0,50000.0,0.5,-0.0064
one_contract_baseline,2025-07-24,60.0,50000.0,0.5,0.0012
one_contract_baseline,2025-07-25,250.0,50000.0,0.5,0.005
one_contract_baseline,2025-07-28,260.0,50000.0,0.5,0.0052
one_contract_baseline,2025-07-29,340.0,50000.0,0.5,0.0068
one_contract_baseline,2025-07-30,1850.0,50000.0,0.5,0.037
one_contract_baseline,2025-07-31,-540.0,50000.0,0.5,-0.0108
one_contract_baseline,2025-08-01,1920.0,50000.0,0.5,0.0384
one_contract_baseline,2025-08-04,450.0,50000.0,0.5,0.009
one_contract_baseline,2025-08-05,2240.0,50000.0,0.5,0.0448
one_contract_baseline,2025-08-06,2010.0,50000.0,0.5,0.0402
one_contract_baseline,2025-08-07,-760.0,50000.0,0.5,-0.0152
one_contract_baseline,2025-08-08,240.0,50000.0,0.5,0.0048
one_contract_baseline,2025-08-11,-950.0,50000.0,0.5,-0.019
one_contract_baseline,2025-08-12,2070.0,50000.0,0.5,0.0414
one_contract_baseline,2025-08-13,480.0,50000.0,0.5,0.0096
one_contract_baseline,2025-08-14,-250.0,50000.0,0.5,-0.005
one_contract_baseline,2025-08-15,20.0,50000.0,0.5,0.0004
one_contract_baseline,2025-08-18,-660.0,50000.0,0.5,-0.0132
one_contract_baseline,2025-08-19,1070.0,50000.0,0.5,0.0214
one_contract_baseline,2025-08-20,1110.0,50000.0,0.5,0.0222
one_contract_baseline,2025-08-21,1680.0,50000.0,0.5,0.0336
one_contract_baseline,2025-08-22,4540.0,50000.0,0.5,0.0908
one_contract_baseline,2025-08-25,150.0,50000.0,0.5,0.003
one_contract_baseline,2025-08-26,-200.0,50000.0,0.5,-0.004
one_contract_baseline,2025-08-27,60.0,50000.0,0.5,0.0012
one_contract_baseline,2025-08-28,100.0,50000.0,0.5,0.002
one_contract_baseline,2025-08-29,310.0,50000.0,0.5,0.0062
one_contract_baseline,2025-09-02,-1110.0,50000.0,0.5,-0.0222
one_contract_baseline,2025-09-03,-50.0,50000.0,0.5,-0.001
one_contract_baseline,2025-09-04,1750.0,50000.0,0.5,0.035
one_contract_baseline,2025-09-05,4010.0,50000.0,0.5,0.0802
one_contract_baseline,2025-09-08,880.0,50000.0,0.5,0.0176
one_contract_baseline,2025-09-09,70.0,50000.0,0.5,0.0014
one_contract_baseline,2025-09-10,-740.0,50000.0,0.5,-0.0148
one_contract_baseline,2025-09-11,780.0,50000.0,0.5,0.0156
one_contract_baseline,2025-09-12,140.0,50000.0,0.5,0.0028
one_contract_baseline,2025-09-15,170.0,50000.0,0.5,0.0034
one_contract_baseline,2025-09-16,-550.0,50000.0,0.5,-0.011
one_contract_baseline,2025-09-17,4120.0,50000.0,0.5,0.0824
one_contract_baseline,2025-09-18,970.0,50000.0,0.5,0.0194
one_contract_baseline,2025-09-19,120.0,50000.0,0.5,0.0024
one_contract_baseline,2025-09-22,1010.0,50000.0,0.5,0.0202
one_contract_baseline,2025-09-23,880.0,50000.0,0.5,0.0176
one_contract_baseline,2025-09-24,-100.0,50000.0,0.5,-0.002
one_contract_baseline,2025-09-25,-1500.0,50000.0,0.5,-0.03
one_contract_baseline,2025-09-26,3430.0,50000.0,0.5,0.0686
one_contract_baseline,2025-09-29,180.0,50000.0,0.5,0.0036
one_contract_baseline,2025-09-30,220.0,50000.0,0.5,0.0044
one_contract_baseline,2025-10-01,-620.0,50000.0,0.5,-0.0124
one_contract_baseline,2025-10-02,880.0,50000.0,0.5,0.0176
one_contract_baseline,2025-10-03,1580.0,50000.0,0.5,0.0316
one_contract_baseline,2025-10-06,400.0,50000.0,0.5,0.008
one_contract_baseline,2025-10-07,360.0,50000.0,0.5,0.0072
one_contract_baseline,2025-10-08,910.0,50000.0,0.5,0.0182
one_contract_baseline,2025-10-09,110.0,50000.0,0.5,0.0022
one_contract_baseline,2025-10-10,330.0,50000.0,0.5,0.0066
one_contract_baseline,2025-10-13,1640.0,50000.0,0.5,0.0328
one_contract_baseline,2025-10-14,460.0,50000.0,0.5,0.0092
one_contract_baseline,2025-10-15,2560.0,50000.0,0.5,0.0512
one_contract_baseline,2025-10-16,520.0,50000.0,0.5,0.0104
one_contract_baseline,2025-10-17,2810.0,50000.0,0.5,0.0562
one_contract_baseline,2025-10-20,1420.0,50000.0,0.5,0.0284
one_contract_baseline,2025-10-21,850.0,50000.0,0.5,0.017
one_contract_baseline,2025-10-22,1510.0,50000.0,0.5,0.0302
one_contract_baseline,2025-10-23,1050.0,50000.0,0.5,0.021
one_contract_baseline,2025-10-24,680.0,50000.0,0.5,0.0136
one_contract_baseline,2025-10-27,50.0,50000.0,0.5,0.001
one_contract_baseline,2025-10-28,-480.0,50000.0,0.5,-0.0096
one_contract_baseline,2025-10-29,5250.0,50000.0,0.5,0.105
one_contract_baseline,2025-10-30,220.0,50000.0,0.5,0.0044
one_contract_baseline,2025-10-31,1790.0,50000.0,0.5,0.0358
one_contract_baseline,2025-11-03,2230.0,50000.0,0.5,0.0446
one_contract_baseline,2025-11-04,850.0,50000.0,0.5,0.017
one_contract_baseline,2025-11-05,550.0,50000.0,0.5,0.011
one_contract_baseline,2025-11-06,790.0,50000.0,0.5,0.0158
one_contract_baseline,2025-11-07,1110.0,50000.0,0.5,0.0222
one_contract_baseline,2025-11-10,-670.0,50000.0,0.5,-0.0134
one_contract_baseline,2025-11-11,980.0,50000.0,0.5,0.0196
one_contract_baseline,2025-11-12,1910.0,50000.0,0.5,0.0382
one_contract_baseline,2025-11-13,3540.0,50000.0,0.5,0.0708
one_contract_baseline,2025-11-14,4880.0,50000.0,0.5,0.0976
one_contract_baseline,2025-11-17,180.0,50000.0,0.5,0.0036
one_contract_baseline,2025-11-18,4080.0,50000.0,0.5,0.0816
one_contract_baseline,2025-11-19,2870.0,50000.0,0.5,0.0574
one_contract_baseline,2025-11-20,4570.0,50000.0,0.5,0.0914
one_contract_baseline,2025-11-21,6300.0,50000.0,0.5,0.126
one_contract_baseline,2025-11-24,2300.0,50000.0,0.5,0.046
one_contract_baseline,2025-11-25,-400.0,50000.0,0.5,-0.008
one_contract_baseline,2025-11-26,-1620.0,50000.0,0.5,-0.0324
one_contract_baseline,2025-11-28,-270.0,50000.0,0.5,-0.0054
one_contract_baseline,2025-12-01,1300.0,50000.0,0.5,0.026
one_contract_baseline,2025-12-02,1220.0,50000.0,0.5,0.0244
one_contract_baseline,2025-12-03,1350.0,50000.0,0.5,0.027
one_contract_baseline,2025-12-04,840.0,50000.0,0.5,0.0168
one_contract_baseline,2025-12-05,920.0,50000.0,0.5,0.0184
one_contract_baseline,2025-12-08,1630.0,50000.0,0.5,0.0326
one_contract_baseline,2025-12-09,-250.0,50000.0,0.5,-0.005
one_contract_baseline,2025-12-10,2570.0,50000.0,0.5,0.0514
one_contract_baseline,2025-12-11,-1740.0,50000.0,0.5,-0.0348
one_contract_baseline,2025-12-12,1120.0,50000.0,0.5,0.0224
one_contract_baseline,2025-12-15,510.0,50000.0,0.5,0.0102
one_contract_baseline,2025-12-16,-1150.0,50000.0,0.5,-0.023
one_contract_baseline,2025-12-17,1520.0,50000.0,0.5,0.0304
one_contract_baseline,2025-12-18,-660.0,50000.0,0.5,-0.0132
one_contract_baseline,2025-12-19,180.0,50000.0,0.5,0.0036
one_contract_baseline,2025-12-22,310.0,50000.0,0.5,0.0062
one_contract_baseline,2025-12-23,810.0,50000.0,0.5,0.0162
one_contract_baseline,2025-12-24,-10.0,50000.0,0.5,-0.0002
one_contract_baseline,2025-12-26,-580.0,50000.0,0.5,-0.0116
one_contract_baseline,2025-12-29,-180.0,50000.0,0.5,-0.0036
one_contract_baseline,2025-12-30,-340.0,50000.0,0.5,-0.0068
one_contract_baseline,2025-12-31,-210.0,50000.0,0.5,-0.0042
one_contract_baseline,2026-01-02,1020.0,50000.0,0.5,0.0204
one_contract_baseline,2026-01-05,860.0,50000.0,0.5,0.0172
one_contract_baseline,2026-01-06,-870.0,50000.0,0.5,-0.0174
one_contract_baseline,2026-01-07,-180.0,50000.0,0.5,-0.0036
one_contract_baseline,2026-01-08,-1190.0,50000.0,0.5,-0.0238
one_contract_baseline,2026-01-09,830.0,50000.0,0.5,0.0166
one_contract_baseline,2026-01-12,340.0,50000.0,0.5,0.0068
one_contract_baseline,2026-01-13,-550.0,50000.0,0.5,-0.011
one_contract_baseline,2026-01-14,1110.0,50000.0,0.5,0.0222
one_contract_baseline,2026-01-15,-170.0,50000.0,0.5,-0.0034
one_contract_baseline,2026-01-16,1510.0,50000.0,0.5,0.0302
one_contract_baseline,2026-01-20,870.0,50000.0,0.5,0.0174
one_contract_baseline,2026-01-21,5200.0,50000.0,0.5,0.104
one_contract_baseline,2026-01-22,820.0,50000.0,0.5,0.0164
one_contract_baseline,2026-01-23,-110.0,50000.0,0.5,-0.0022
one_contract_baseline,2026-01-26,-150.0,50000.0,0.5,-0.003
one_contract_baseline,2026-01-27,1170.0,50000.0,0.5,0.0234
one_contract_baseline,2026-01-28,1260.0,50000.0,0.5,0.0252
one_contract_baseline,2026-01-29,3700.0,50000.0,0.5,0.074
one_contract_baseline,2026-01-30,-420.0,50000.0,0.5,-0.0084
one_contract_baseline,2026-02-02,-110.0,50000.0,0.5,-0.0022
one_contract_baseline,2026-02-03,2110.0,50000.0,0.5,0.0422
one_contract_baseline,2026-02-04,1240.0,50000.0,0.5,0.0248
one_contract_baseline,2026-02-05,2730.0,50000.0,0.5,0.0546
one_contract_baseline,2026-02-09,1180.0,50000.0,0.5,0.0236
one_contract_baseline,2026-02-10,60.0,50000.0,0.5,0.0012
one_contract_baseline,2026-02-11,2110.0,50000.0,0.5,0.0422
one_contract_baseline,2026-02-12,2200.0,50000.0,0.5,0.044
one_contract_baseline,2026-02-13,3390.0,50000.0,0.5,0.0678
one_contract_baseline,2026-02-17,5280.0,50000.0,0.5,0.1056
one_contract_baseline,2026-02-18,-560.0,50000.0,0.5,-0.0112
one_contract_baseline,2026-02-19,-250.0,50000.0,0.5,-0.005
one_contract_baseline,2026-02-20,1980.0,50000.0,0.5,0.0396
one_contract_baseline,2026-02-23,1600.0,50000.0,0.5,0.032
one_contract_baseline,2026-02-24,1430.0,50000.0,0.5,0.0286
one_contract_baseline,2026-02-25,-760.0,50000.0,0.5,-0.0152
one_contract_baseline,2026-02-26,-80.0,50000.0,0.5,-0.0016
one_contract_baseline,2026-02-27,720.0,50000.0,0.5,0.0144
one_contract_baseline,2026-03-02,1120.0,50000.0,0.5,0.0224
one_contract_baseline,2026-03-03,8670.0,50000.0,0.5,0.1734
one_contract_baseline,2026-03-04,-2480.0,50000.0,0.5,-0.0496
one_contract_baseline,2026-03-05,4400.0,50000.0,0.5,0.088
one_contract_baseline,2026-03-06,1610.0,50000.0,0.5,0.0322
one_contract_baseline,2026-03-09,830.0,50000.0,0.5,0.0166
one_contract_baseline,2026-03-10,-770.0,50000.0,0.5,-0.0154
one_contract_baseline,2026-03-11,-1210.0,50000.0,0.5,-0.0242
one_contract_baseline,2026-03-12,730.0,50000.0,0.5,0.0146
one_contract_baseline,2026-03-13,140.0,50000.0,0.5,0.0028
one_contract_baseline,2026-03-16,-1640.0,50000.0,0.5,-0.0328
one_contract_baseline,2026-03-17,-200.0,50000.0,0.5,-0.004
one_contract_baseline,2026-03-18,2230.0,50000.0,0.5,0.0446
one_contract_baseline,2026-03-19,1630.0,50000.0,0.5,0.0326
one_contract_baseline,2026-03-20,1950.0,50000.0,0.5,0.039
one_contract_baseline,2026-03-23,3190.0,50000.0,0.5,0.0638
one_contract_baseline,2026-03-24,1660.0,50000.0,0.5,0.0332
one_contract_baseline,2026-03-25,1310.0,50000.0,0.5,0.0262
one_contract_baseline,2026-03-26,-470.0,50000.0,0.5,-0.0094
one_contract_baseline,2026-03-27,850.0,50000.0,0.5,0.017
one_contract_baseline,2026-03-30,4680.0,50000.0,0.5,0.0936
one_contract_baseline,2026-03-31,2560.0,50000.0,0.5,0.0512
always_on_account_aware_sizer,2024-10-01,3210.0,50000.0,0.5,0.0642
always_on_account_aware_sizer,2024-10-02,2210.0,50000.0,0.5,0.0442
always_on_account_aware_sizer,2024-10-03,2150.0,50000.0,0.5,0.043
always_on_account_aware_sizer,2024-10-04,-970.0,50000.0,0.5,-0.0194
always_on_account_aware_sizer,2024-10-07,-230.0,50000.0,0.5,-0.0046
always_on_account_aware_sizer,2024-10-08,840.0,50000.0,0.5,0.0168
always_on_account_aware_sizer,2024-10-09,730.0,50000.0,0.5,0.0146
always_on_account_aware_sizer,2024-10-10,430.0,50000.0,0.5,0.0086
always_on_account_aware_sizer,2024-10-11,2270.0,50000.0,0.5,0.0454
always_on_account_aware_sizer,2024-10-14,-1230.0,50000.0,0.5,-0.0246
always_on_account_aware_sizer,2024-10-15,470.0,50000.0,0.5,0.0094
always_on_account_aware_sizer,2024-10-16,630.0,50000.0,0.5,0.0126
always_on_account_aware_sizer,2024-10-17,-220.0,50000.0,0.5,-0.0044
always_on_account_aware_sizer,2024-10-18,170.0,50000.0,0.5,0.0034
always_on_account_aware_sizer,2024-10-21,1870.0,50000.0,0.5,0.0374
always_on_account_aware_sizer,2024-10-22,-780.0,50000.0,0.5,-0.0156
always_on_account_aware_sizer,2024-10-23,870.0,50000.0,0.5,0.0174
always_on_account_aware_sizer,2024-10-24,-830.0,50000.0,0.5,-0.0166
always_on_account_aware_sizer,2024-10-25,2570.0,50000.0,0.5,0.0514
always_on_account_aware_sizer,2024-10-28,-380.0,50000.0,0.5,-0.0076
always_on_account_aware_sizer,2024-10-29,470.0,50000.0,0.5,0.0094
always_on_account_aware_sizer,2024-10-30,60.0,50000.0,0.5,0.0012
always_on_account_aware_sizer,2024-10-31,-1120.0,50000.0,0.5,-0.0224
always_on_account_aware_sizer,2024-11-01,1220.0,50000.0,0.5,0.0244
always_on_account_aware_sizer,2024-11-04,-140.0,50000.0,0.5,-0.0028
always_on_account_aware_sizer,2024-11-05,890.0,50000.0,0.5,0.0178
always_on_account_aware_sizer,2024-11-06,-680.0,50000.0,0.5,-0.0136
always_on_account_aware_sizer,2024-11-07,240.0,50000.0,0.5,0.0048
always_on_account_aware_sizer,2024-11-08,-220.0,50000.0,0.5,-0.0044
always_on_account_aware_sizer,2024-11-11,-360.0,50000.0,0.5,-0.0072
always_on_account_aware_sizer,2024-11-12,670.0,50000.0,0.5,0.0134
always_on_account_aware_sizer,2024-11-13,1150.0,50000.0,0.5,0.023
always_on_account_aware_sizer,2024-11-14,-70.0,50000.0,0.5,-0.0014
always_on_account_aware_sizer,2024-11-15,1420.0,50000.0,0.5,0.0284
always_on_account_aware_sizer,2024-11-18,1360.0,50000.0,0.5,0.0272
always_on_account_aware_sizer,2024-11-19,-1030.0,50000.0,0.5,-0.0206
always_on_account_aware_sizer,2024-11-20,3380.0,50000.0,0.5,0.0676
always_on_account_aware_sizer,2024-11-21,5310.0,50000.0,0.5,0.1062
always_on_account_aware_sizer,2024-11-22,-760.0,50000.0,0.5,-0.0152
always_on_account_aware_sizer,2024-11-25,-200.0,50000.0,0.5,-0.004
always_on_account_aware_sizer,2024-11-26,-1020.0,50000.0,0.5,-0.0204
always_on_account_aware_sizer,2024-11-27,240.0,50000.0,0.5,0.0048
always_on_account_aware_sizer,2024-11-29,610.0,50000.0,0.5,0.0122
always_on_account_aware_sizer,2024-12-02,-480.0,50000.0,0.5,-0.0096
always_on_account_aware_sizer,2024-12-03,-770.0,50000.0,0.5,-0.0154
always_on_account_aware_sizer,2024-12-04,-770.0,50000.0,0.5,-0.0154
always_on_account_aware_sizer,2024-12-05,-800.0,50000.0,0.5,-0.016
always_on_account_aware_sizer,2024-12-06,-110.0,50000.0,0.5,-0.0022
always_on_account_aware_sizer,2024-12-09,-800.0,50000.0,0.5,-0.016
always_on_account_aware_sizer,2024-12-10,90.0,50000.0,0.5,0.0018
always_on_account_aware_sizer,2024-12-11,-90.0,50000.0,0.5,-0.0018
always_on_account_aware_sizer,2024-12-12,-1180.0,50000.0,0.5,-0.0236
always_on_account_aware_sizer,2024-12-13,1020.0,50000.0,0.5,0.0204
always_on_account_aware_sizer,2024-12-16,370.0,50000.0,0.5,0.0074
always_on_account_aware_sizer,2024-12-17,790.0,50000.0,0.5,0.0158
always_on_account_aware_sizer,2024-12-18,250.0,50000.0,0.5,0.005
always_on_account_aware_sizer,2024-12-19,-100.0,50000.0,0.5,-0.002
always_on_account_aware_sizer,2024-12-20,3820.0,50000.0,0.5,0.0764
always_on_account_aware_sizer,2024-12-23,2060.0,50000.0,0.5,0.0412
always_on_account_aware_sizer,2024-12-24,450.0,50000.0,0.5,0.009
always_on_account_aware_sizer,2024-12-26,90.0,50000.0,0.5,0.0018
always_on_account_aware_sizer,2024-12-27,5570.0,50000.0,0.5,0.1114
always_on_account_aware_sizer,2024-12-30,-1450.0,50000.0,0.5,-0.029
always_on_account_aware_sizer,2024-12-31,590.0,50000.0,0.5,0.0118
always_on_account_aware_sizer,2025-07-01,-850.0,50000.0,0.5,-0.017
always_on_account_aware_sizer,2025-07-02,490.0,50000.0,0.5,0.0098
always_on_account_aware_sizer,2025-07-03,290.0,50000.0,0.5,0.0058
always_on_account_aware_sizer,2025-07-07,1000.0,50000.0,0.5,0.02
always_on_account_aware_sizer,2025-07-08,1420.0,50000.0,0.5,0.0284
always_on_account_aware_sizer,2025-07-09,380.0,50000.0,0.5,0.0076
always_on_account_aware_sizer,2025-07-10,900.0,50000.0,0.5,0.018
always_on_account_aware_sizer,2025-07-11,-290.0,50000.0,0.5,-0.0058
always_on_account_aware_sizer,2025-07-14,1080.0,50000.0,0.5,0.0216
always_on_account_aware_sizer,2025-07-15,1850.0,50000.0,0.5,0.037
always_on_account_aware_sizer,2025-07-16,3750.0,50000.0,0.5,0.075
always_on_account_aware_sizer,2025-07-17,1230.0,50000.0,0.5,0.0246
always_on_account_aware_sizer,2025-07-18,-190.0,50000.0,0.5,-0.0038
always_on_account_aware_sizer,2025-07-21,300.0,50000.0,0.5,0.006
always_on_account_aware_sizer,2025-07-22,990.0,50000.0,0.5,0.0198
always_on_account_aware_sizer,2025-07-23,-320.0,50000.0,0.5,-0.0064
always_on_account_aware_sizer,2025-07-24,-10.0,50000.0,0.5,-0.0002
always_on_account_aware_sizer,2025-07-25,470.0,50000.0,0.5,0.0094
always_on_account_aware_sizer,2025-07-28,220.0,50000.0,0.5,0.0044
always_on_account_aware_sizer,2025-07-29,340.0,50000.0,0.5,0.0068
always_on_account_aware_sizer,2025-07-30,2590.0,50000.0,0.5,0.0518
always_on_account_aware_sizer,2025-07-31,-1250.0,50000.0,0.5,-0.025
always_on_account_aware_sizer,2025-08-01,2500.0,50000.0,0.5,0.05
always_on_account_aware_sizer,2025-08-04,490.0,50000.0,0.5,0.0098
always_on_account_aware_sizer,2025-08-05,3080.0,50000.0,0.5,0.0616
always_on_account_aware_sizer,2025-08-06,4060.0,50000.0,0.5,0.0812
always_on_account_aware_sizer,2025-08-07,-1520.0,50000.0,0.5,-0.0304
always_on_account_aware_sizer,2025-08-08,240.0,50000.0,0.5,0.0048
always_on_account_aware_sizer,2025-08-11,-850.0,50000.0,0.5,-0.017
always_on_account_aware_sizer,2025-08-12,2070.0,50000.0,0.5,0.0414
always_on_account_aware_sizer,2025-08-13,1120.0,50000.0,0.5,0.0224
always_on_account_aware_sizer,2025-08-14,-240.0,50000.0,0.5,-0.0048
always_on_account_aware_sizer,2025-08-15,-370.0,50000.0,0.5,-0.0074
always_on_account_aware_sizer,2025-08-18,-660.0,50000.0,0.5,-0.0132
always_on_account_aware_sizer,2025-08-19,1100.0,50000.0,0.5,0.022
always_on_account_aware_sizer,2025-08-20,-1010.0,50000.0,0.5,-0.0202
always_on_account_aware_sizer,2025-08-21,2000.0,50000.0,0.5,0.04
always_on_account_aware_sizer,2025-08-22,7830.0,50000.0,0.5,0.1566
always_on_account_aware_sizer,2025-08-25,150.0,50000.0,0.5,0.003
always_on_account_aware_sizer,2025-08-26,520.0,50000.0,0.5,0.0104
always_on_account_aware_sizer,2025-08-27,160.0,50000.0,0.5,0.0032
always_on_account_aware_sizer,2025-08-28,-180.0,50000.0,0.5,-0.0036
always_on_account_aware_sizer,2025-08-29,300.0,50000.0,0.5,0.006
always_on_account_aware_sizer,2025-09-02,-1110.0,50000.0,0.5,-0.0222
always_on_account_aware_sizer,2025-09-03,-50.0,50000.0,0.5,-0.001
always_on_account_aware_sizer,2025-09-04,2310.0,50000.0,0.5,0.0462
always_on_account_aware_sizer,2025-09-05,5460.0,50000.0,0.5,0.1092
always_on_account_aware_sizer,2025-09-08,1350.0,50000.0,0.5,0.027
always_on_account_aware_sizer,2025-09-09,140.0,50000.0,0.5,0.0028
always_on_account_aware_sizer,2025-09-10,-910.0,50000.0,0.5,-0.0182
always_on_account_aware_sizer,2025-09-11,860.0,50000.0,0.5,0.0172
always_on_account_aware_sizer,2025-09-12,140.0,50000.0,0.5,0.0028
always_on_account_aware_sizer,2025-09-15,170.0,50000.0,0.5,0.0034
always_on_account_aware_sizer,2025-09-16,-1100.0,50000.0,0.5,-0.022
always_on_account_aware_sizer,2025-09-17,8310.0,50000.0,0.5,0.1662
always_on_account_aware_sizer,2025-09-18,2100.0,50000.0,0.5,0.042
always_on_account_aware_sizer,2025-09-19,-20.0,50000.0,0.5,-0.0004
always_on_account_aware_sizer,2025-09-22,1950.0,50000.0,0.5,0.039
always_on_account_aware_sizer,2025-09-23,1770.0,50000.0,0.5,0.0354
always_on_account_aware_sizer,2025-09-24,-100.0,50000.0,0.5,-0.002
always_on_account_aware_sizer,2025-09-25,-1710.0,50000.0,0.5,-0.0342
always_on_account_aware_sizer,2025-09-26,3810.0,50000.0,0.5,0.0762
always_on_account_aware_sizer,2025-09-29,540.0,50000.0,0.5,0.0108
always_on_account_aware_sizer,2025-09-30,220.0,50000.0,0.5,0.0044
always_on_account_aware_sizer,2025-10-01,-620.0,50000.0,0.5,-0.0124
always_on_account_aware_sizer,2025-10-02,880.0,50000.0,0.5,0.0176
always_on_account_aware_sizer,2025-10-03,2840.0,50000.0,0.5,0.0568
always_on_account_aware_sizer,2025-10-06,400.0,50000.0,0.5,0.008
always_on_account_aware_sizer,2025-10-07,360.0,50000.0,0.5,0.0072
always_on_account_aware_sizer,2025-10-08,820.0,50000.0,0.5,0.0164
always_on_account_aware_sizer,2025-10-09,110.0,50000.0,0.5,0.0022
always_on_account_aware_sizer,2025-10-10,330.0,50000.0,0.5,0.0066
always_on_account_aware_sizer,2025-10-13,1640.0,50000.0,0.5,0.0328
always_on_account_aware_sizer,2025-10-14,460.0,50000.0,0.5,0.0092
always_on_account_aware_sizer,2025-10-15,2560.0,50000.0,0.5,0.0512
always_on_account_aware_sizer,2025-10-16,520.0,50000.0,0.5,0.0104
always_on_account_aware_sizer,2025-10-17,2810.0,50000.0,0.5,0.0562
always_on_account_aware_sizer,2025-10-20,1420.0,50000.0,0.5,0.0284
always_on_account_aware_sizer,2025-10-21,850.0,50000.0,0.5,0.017
always_on_account_aware_sizer,2025-10-22,1510.0,50000.0,0.5,0.0302
always_on_account_aware_sizer,2025-10-23,1050.0,50000.0,0.5,0.021
always_on_account_aware_sizer,2025-10-24,680.0,50000.0,0.5,0.0136
always_on_account_aware_sizer,2025-10-27,-30.0,50000.0,0.5,-0.0006
always_on_account_aware_sizer,2025-10-28,-480.0,50000.0,0.5,-0.0096
always_on_account_aware_sizer,2025-10-29,6520.0,50000.0,0.5,0.1304
always_on_account_aware_sizer,2025-10-30,310.0,50000.0,0.5,0.0062
always_on_account_aware_sizer,2025-10-31,1790.0,50000.0,0.5,0.0358
always_on_account_aware_sizer,2025-11-03,2400.0,50000.0,0.5,0.048
always_on_account_aware_sizer,2025-11-04,1190.0,50000.0,0.5,0.0238
always_on_account_aware_sizer,2025-11-05,550.0,50000.0,0.5,0.011
always_on_account_aware_sizer,2025-11-06,790.0,50000.0,0.5,0.0158
always_on_account_aware_sizer,2025-11-07,1110.0,50000.0,0.5,0.0222
always_on_account_aware_sizer,2025-11-10,-670.0,50000.0,0.5,-0.0134
always_on_account_aware_sizer,2025-11-11,980.0,50000.0,0.5,0.0196
always_on_account_aware_sizer,2025-11-12,1910.0,50000.0,0.5,0.0382
always_on_account_aware_sizer,2025-11-13,3540.0,50000.0,0.5,0.0708
always_on_account_aware_sizer,2025-11-14,4880.0,50000.0,0.5,0.0976
always_on_account_aware_sizer,2025-11-17,-810.0,50000.0,0.5,-0.0162
always_on_account_aware_sizer,2025-11-18,4080.0,50000.0,0.5,0.0816
always_on_account_aware_sizer,2025-11-19,2010.0,50000.0,0.5,0.0402
always_on_account_aware_sizer,2025-11-20,4570.0,50000.0,0.5,0.0914
always_on_account_aware_sizer,2025-11-21,6300.0,50000.0,0.5,0.126
always_on_account_aware_sizer,2025-11-24,2300.0,50000.0,0.5,0.046
always_on_account_aware_sizer,2025-11-25,-400.0,50000.0,0.5,-0.008
always_on_account_aware_sizer,2025-11-26,-1620.0,50000.0,0.5,-0.0324
always_on_account_aware_sizer,2025-11-28,-270.0,50000.0,0.5,-0.0054
always_on_account_aware_sizer,2025-12-01,1300.0,50000.0,0.5,0.026
always_on_account_aware_sizer,2025-12-02,1220.0,50000.0,0.5,0.0244
always_on_account_aware_sizer,2025-12-03,1720.0,50000.0,0.5,0.0344
always_on_account_aware_sizer,2025-12-04,1540.0,50000.0,0.5,0.0308
always_on_account_aware_sizer,2025-12-05,920.0,50000.0,0.5,0.0184
always_on_account_aware_sizer,2025-12-08,1630.0,50000.0,0.5,0.0326
always_on_account_aware_sizer,2025-12-09,-250.0,50000.0,0.5,-0.005
always_on_account_aware_sizer,2025-12-10,2570.0,50000.0,0.5,0.0514
always_on_account_aware_sizer,2025-12-11,-1660.0,50000.0,0.5,-0.0332
always_on_account_aware_sizer,2025-12-12,1120.0,50000.0,0.5,0.0224
always_on_account_aware_sizer,2025-12-15,660.0,50000.0,0.5,0.0132
always_on_account_aware_sizer,2025-12-16,-1150.0,50000.0,0.5,-0.023
always_on_account_aware_sizer,2025-12-17,1520.0,50000.0,0.5,0.0304
always_on_account_aware_sizer,2025-12-18,-1140.0,50000.0,0.5,-0.0228
always_on_account_aware_sizer,2025-12-19,180.0,50000.0,0.5,0.0036
always_on_account_aware_sizer,2025-12-22,310.0,50000.0,0.5,0.0062
always_on_account_aware_sizer,2025-12-23,810.0,50000.0,0.5,0.0162
always_on_account_aware_sizer,2025-12-24,-10.0,50000.0,0.5,-0.0002
always_on_account_aware_sizer,2025-12-26,-580.0,50000.0,0.5,-0.0116
always_on_account_aware_sizer,2025-12-29,-180.0,50000.0,0.5,-0.0036
always_on_account_aware_sizer,2025-12-30,-340.0,50000.0,0.5,-0.0068
always_on_account_aware_sizer,2025-12-31,-210.0,50000.0,0.5,-0.0042
always_on_account_aware_sizer,2026-01-02,3280.0,50000.0,0.5,0.0656
always_on_account_aware_sizer,2026-01-05,1240.0,50000.0,0.5,0.0248
always_on_account_aware_sizer,2026-01-06,-720.0,50000.0,0.5,-0.0144
always_on_account_aware_sizer,2026-01-07,280.0,50000.0,0.5,0.0056
always_on_account_aware_sizer,2026-01-08,-1040.0,50000.0,0.5,-0.0208
always_on_account_aware_sizer,2026-01-09,-1010.0,50000.0,0.5,-0.0202
always_on_account_aware_sizer,2026-01-12,340.0,50000.0,0.5,0.0068
always_on_account_aware_sizer,2026-01-13,-550.0,50000.0,0.5,-0.011
always_on_account_aware_sizer,2026-01-14,-790.0,50000.0,0.5,-0.0158
always_on_account_aware_sizer,2026-01-15,-170.0,50000.0,0.5,-0.0034
always_on_account_aware_sizer,2026-01-16,1510.0,50000.0,0.5,0.0302
always_on_account_aware_sizer,2026-01-20,890.0,50000.0,0.5,0.0178
always_on_account_aware_sizer,2026-01-21,6760.0,50000.0,0.5,0.1352
always_on_account_aware_sizer,2026-01-22,820.0,50000.0,0.5,0.0164
always_on_account_aware_sizer,2026-01-23,-110.0,50000.0,0.5,-0.0022
always_on_account_aware_sizer,2026-01-26,-150.0,50000.0,0.5,-0.003
always_on_account_aware_sizer,2026-01-27,1170.0,50000.0,0.5,0.0234
always_on_account_aware_sizer,2026-01-28,1260.0,50000.0,0.5,0.0252
always_on_account_aware_sizer,2026-01-29,3010.0,50000.0,0.5,0.0602
always_on_account_aware_sizer,2026-01-30,-420.0,50000.0,0.5,-0.0084
always_on_account_aware_sizer,2026-02-02,-110.0,50000.0,0.5,-0.0022
always_on_account_aware_sizer,2026-02-03,2110.0,50000.0,0.5,0.0422
always_on_account_aware_sizer,2026-02-04,-1450.0,50000.0,0.5,-0.029
always_on_account_aware_sizer,2026-02-05,2280.0,50000.0,0.5,0.0456
always_on_account_aware_sizer,2026-02-09,1280.0,50000.0,0.5,0.0256
always_on_account_aware_sizer,2026-02-10,60.0,50000.0,0.5,0.0012
always_on_account_aware_sizer,2026-02-11,550.0,50000.0,0.5,0.011
always_on_account_aware_sizer,2026-02-12,2200.0,50000.0,0.5,0.044
always_on_account_aware_sizer,2026-02-13,4010.0,50000.0,0.5,0.0802
always_on_account_aware_sizer,2026-02-17,5280.0,50000.0,0.5,0.1056
always_on_account_aware_sizer,2026-02-18,-970.0,50000.0,0.5,-0.0194
always_on_account_aware_sizer,2026-02-19,-250.0,50000.0,0.5,-0.005
always_on_account_aware_sizer,2026-02-20,1980.0,50000.0,0.5,0.0396
always_on_account_aware_sizer,2026-02-23,1650.0,50000.0,0.5,0.033
always_on_account_aware_sizer,2026-02-24,1870.0,50000.0,0.5,0.0374
always_on_account_aware_sizer,2026-02-25,-760.0,50000.0,0.5,-0.0152
always_on_account_aware_sizer,2026-02-26,-80.0,50000.0,0.5,-0.0016
always_on_account_aware_sizer,2026-02-27,720.0,50000.0,0.5,0.0144
always_on_account_aware_sizer,2026-03-02,-970.0,50000.0,0.5,-0.0194
always_on_account_aware_sizer,2026-03-03,9960.0,50000.0,0.5,0.1992
always_on_account_aware_sizer,2026-03-04,-1940.0,50000.0,0.5,-0.0388
always_on_account_aware_sizer,2026-03-05,4400.0,50000.0,0.5,0.088
always_on_account_aware_sizer,2026-03-06,1610.0,50000.0,0.5,0.0322
always_on_account_aware_sizer,2026-03-09,830.0,50000.0,0.5,0.0166
always_on_account_aware_sizer,2026-03-10,-1230.0,50000.0,0.5,-0.0246
always_on_account_aware_sizer,2026-03-11,-1790.0,50000.0,0.5,-0.0358
always_on_account_aware_sizer,2026-03-12,730.0,50000.0,0.5,0.0146
always_on_account_aware_sizer,2026-03-13,-1120.0,50000.0,0.5,-0.0224
always_on_account_aware_sizer,2026-03-16,-960.0,50000.0,0.5,-0.0192
always_on_account_aware_sizer,2026-03-17,-820.0,50000.0,0.5,-0.0164
always_on_account_aware_sizer,2026-03-18,2230.0,50000.0,0.5,0.0446
always_on_account_aware_sizer,2026-03-19,2190.0,50000.0,0.5,0.0438
always_on_account_aware_sizer,2026-03-20,1920.0,50000.0,0.5,0.0384
always_on_account_aware_sizer,2026-03-23,3330.0,50000.0,0.5,0.0666
always_on_account_aware_sizer,2026-03-24,1660.0,50000.0,0.5,0.0332
always_on_account_aware_sizer,2026-03-25,-750.0,50000.0,0.5,-0.015
always_on_account_aware_sizer,2026-03-26,-330.0,50000.0,0.5,-0.0066
always_on_account_aware_sizer,2026-03-27,1270.0,50000.0,0.5,0.0254
always_on_account_aware_sizer,2026-03-30,4940.0,50000.0,0.5,0.0988
always_on_account_aware_sizer,2026-03-31,3610.0,50000.0,0.5,0.0722
one_contract_baseline,2024-10-01,3910.0,100000.0,0.0,0.0391
one_contract_baseline,2024-10-02,2510.0,100000.0,0.0,0.0251
one_contract_baseline,2024-10-03,2550.0,100000.0,0.0,0.0255
one_contract_baseline,2024-10-04,2310.0,100000.0,0.0,0.0231
one_contract_baseline,2024-10-07,170.0,100000.0,0.0,0.0017
one_contract_baseline,2024-10-08,1040.0,100000.0,0.0,0.0104
one_contract_baseline,2024-10-09,1030.0,100000.0,0.0,0.0103
one_contract_baseline,2024-10-10,630.0,100000.0,0.0,0.0063
one_contract_baseline,2024-10-11,2670.0,100000.0,0.0,0.0267
one_contract_baseline,2024-10-14,-680.0,100000.0,0.0,-0.0068
one_contract_baseline,2024-10-15,670.0,100000.0,0.0,0.0067
one_contract_baseline,2024-10-16,930.0,100000.0,0.0,0.0093
one_contract_baseline,2024-10-17,180.0,100000.0,0.0,0.0018
one_contract_baseline,2024-10-18,670.0,100000.0,0.0,0.0067
one_contract_baseline,2024-10-21,2170.0,100000.0,0.0,0.0217
one_contract_baseline,2024-10-22,-480.0,100000.0,0.0,-0.0048
one_contract_baseline,2024-10-23,1170.0,100000.0,0.0,0.0117
one_contract_baseline,2024-10-24,-630.0,100000.0,0.0,-0.0063
one_contract_baseline,2024-10-25,3070.0,100000.0,0.0,0.0307
one_contract_baseline,2024-10-28,-180.0,100000.0,0.0,-0.0018
one_contract_baseline,2024-10-29,770.0,100000.0,0.0,0.0077
one_contract_baseline,2024-10-30,360.0,100000.0,0.0,0.0036
one_contract_baseline,2024-10-31,-2080.0,100000.0,0.0,-0.0208
one_contract_baseline,2024-11-01,1720.0,100000.0,0.0,0.0172
one_contract_baseline,2024-11-04,60.0,100000.0,0.0,0.0006
one_contract_baseline,2024-11-05,1590.0,100000.0,0.0,0.0159
one_contract_baseline,2024-11-06,20.0,100000.0,0.0,0.0002
one_contract_baseline,2024-11-07,440.0,100000.0,0.0,0.0044
one_contract_baseline,2024-11-08,-20.0,100000.0,0.0,-0.0002
one_contract_baseline,2024-11-11,-160.0,100000.0,0.0,-0.0016
one_contract_baseline,2024-11-12,870.0,100000.0,0.0,0.0087
one_contract_baseline,2024-11-13,1450.0,100000.0,0.0,0.0145
one_contract_baseline,2024-11-14,230.0,100000.0,0.0,0.0023
one_contract_baseline,2024-11-15,1720.0,100000.0,0.0,0.0172
one_contract_baseline,2024-11-18,1560.0,100000.0,0.0,0.0156
one_contract_baseline,2024-11-19,1490.0,100000.0,0.0,0.0149
one_contract_baseline,2024-11-20,3880.0,100000.0,0.0,0.0388
one_contract_baseline,2024-11-21,5710.0,100000.0,0.0,0.0571
one_contract_baseline,2024-11-22,-1300.0,100000.0,0.0,-0.013
one_contract_baseline,2024-11-25,590.0,100000.0,0.0,0.0059
one_contract_baseline,2024-11-26,-890.0,100000.0,0.0,-0.0089
one_contract_baseline,2024-11-27,640.0,100000.0,0.0,0.0064
one_contract_baseline,2024-11-29,710.0,100000.0,0.0,0.0071
one_contract_baseline,2024-12-02,-280.0,100000.0,0.0,-0.0028
one_contract_baseline,2024-12-03,-640.0,100000.0,0.0,-0.0064
one_contract_baseline,2024-12-04,-460.0,100000.0,0.0,-0.0046
one_contract_baseline,2024-12-05,-580.0,100000.0,0.0,-0.0058
one_contract_baseline,2024-12-06,190.0,100000.0,0.0,0.0019
one_contract_baseline,2024-12-09,70.0,100000.0,0.0,0.0007
one_contract_baseline,2024-12-10,290.0,100000.0,0.0,0.0029
one_contract_baseline,2024-12-11,110.0,100000.0,0.0,0.0011
one_contract_baseline,2024-12-12,-1190.0,100000.0,0.0,-0.0119
one_contract_baseline,2024-12-13,1220.0,100000.0,0.0,0.0122
one_contract_baseline,2024-12-16,670.0,100000.0,0.0,0.0067
one_contract_baseline,2024-12-17,1190.0,100000.0,0.0,0.0119
one_contract_baseline,2024-12-18,550.0,100000.0,0.0,0.0055
one_contract_baseline,2024-12-19,200.0,100000.0,0.0,0.002
one_contract_baseline,2024-12-20,4020.0,100000.0,0.0,0.0402
one_contract_baseline,2024-12-23,2170.0,100000.0,0.0,0.0217
one_contract_baseline,2024-12-24,550.0,100000.0,0.0,0.0055
one_contract_baseline,2024-12-26,390.0,100000.0,0.0,0.0039
one_contract_baseline,2024-12-27,5400.0,100000.0,0.0,0.054
one_contract_baseline,2024-12-30,450.0,100000.0,0.0,0.0045
one_contract_baseline,2024-12-31,890.0,100000.0,0.0,0.0089
one_contract_baseline,2025-07-01,320.0,100000.0,0.0,0.0032
one_contract_baseline,2025-07-02,690.0,100000.0,0.0,0.0069
one_contract_baseline,2025-07-03,490.0,100000.0,0.0,0.0049
one_contract_baseline,2025-07-07,1580.0,100000.0,0.0,0.0158
one_contract_baseline,2025-07-08,1010.0,100000.0,0.0,0.0101
one_contract_baseline,2025-07-09,670.0,100000.0,0.0,0.0067
one_contract_baseline,2025-07-10,1020.0,100000.0,0.0,0.0102
one_contract_baseline,2025-07-11,360.0,100000.0,0.0,0.0036
one_contract_baseline,2025-07-14,870.0,100000.0,0.0,0.0087
one_contract_baseline,2025-07-15,1480.0,100000.0,0.0,0.0148
one_contract_baseline,2025-07-16,3940.0,100000.0,0.0,0.0394
one_contract_baseline,2025-07-17,1240.0,100000.0,0.0,0.0124
one_contract_baseline,2025-07-18,-90.0,100000.0,0.0,-0.0009
one_contract_baseline,2025-07-21,500.0,100000.0,0.0,0.005
one_contract_baseline,2025-07-22,850.0,100000.0,0.0,0.0085
one_contract_baseline,2025-07-23,-20.0,100000.0,0.0,-0.0002
one_contract_baseline,2025-07-24,360.0,100000.0,0.0,0.0036
one_contract_baseline,2025-07-25,450.0,100000.0,0.0,0.0045
one_contract_baseline,2025-07-28,660.0,100000.0,0.0,0.0066
one_contract_baseline,2025-07-29,540.0,100000.0,0.0,0.0054
one_contract_baseline,2025-07-30,2750.0,100000.0,0.0,0.0275
one_contract_baseline,2025-07-31,-140.0,100000.0,0.0,-0.0014
one_contract_baseline,2025-08-01,2520.0,100000.0,0.0,0.0252
one_contract_baseline,2025-08-04,750.0,100000.0,0.0,0.0075
one_contract_baseline,2025-08-05,2840.0,100000.0,0.0,0.0284
one_contract_baseline,2025-08-06,2510.0,100000.0,0.0,0.0251
one_contract_baseline,2025-08-07,-160.0,100000.0,0.0,-0.0016
one_contract_baseline,2025-08-08,440.0,100000.0,0.0,0.0044
one_contract_baseline,2025-08-11,-650.0,100000.0,0.0,-0.0065
one_contract_baseline,2025-08-12,2670.0,100000.0,0.0,0.0267
one_contract_baseline,2025-08-13,780.0,100000.0,0.0,0.0078
one_contract_baseline,2025-08-14,150.0,100000.0,0.0,0.0015
one_contract_baseline,2025-08-15,520.0,100000.0,0.0,0.0052
one_contract_baseline,2025-08-18,-160.0,100000.0,0.0,-0.0016
one_contract_baseline,2025-08-19,1470.0,100000.0,0.0,0.0147
one_contract_baseline,2025-08-20,1610.0,100000.0,0.0,0.0161
one_contract_baseline,2025-08-21,2080.0,100000.0,0.0,0.0208
one_contract_baseline,2025-08-22,4940.0,100000.0,0.0,0.0494
one_contract_baseline,2025-08-25,450.0,100000.0,0.0,0.0045
one_contract_baseline,2025-08-26,100.0,100000.0,0.0,0.001
one_contract_baseline,2025-08-27,360.0,100000.0,0.0,0.0036
one_contract_baseline,2025-08-28,400.0,100000.0,0.0,0.004
one_contract_baseline,2025-08-29,910.0,100000.0,0.0,0.0091
one_contract_baseline,2025-09-02,-810.0,100000.0,0.0,-0.0081
one_contract_baseline,2025-09-03,450.0,100000.0,0.0,0.0045
one_contract_baseline,2025-09-04,2350.0,100000.0,0.0,0.0235
one_contract_baseline,2025-09-05,5110.0,100000.0,0.0,0.0511
one_contract_baseline,2025-09-08,1380.0,100000.0,0.0,0.0138
one_contract_baseline,2025-09-09,370.0,100000.0,0.0,0.0037
one_contract_baseline,2025-09-10,-440.0,100000.0,0.0,-0.0044
one_contract_baseline,2025-09-11,1280.0,100000.0,0.0,0.0128
one_contract_baseline,2025-09-12,640.0,100000.0,0.0,0.0064
one_contract_baseline,2025-09-15,470.0,100000.0,0.0,0.0047
one_contract_baseline,2025-09-16,-350.0,100000.0,0.0,-0.0035
one_contract_baseline,2025-09-17,4920.0,100000.0,0.0,0.0492
one_contract_baseline,2025-09-18,1570.0,100000.0,0.0,0.0157
one_contract_baseline,2025-09-19,520.0,100000.0,0.0,0.0052
one_contract_baseline,2025-09-22,1310.0,100000.0,0.0,0.0131
one_contract_baseline,2025-09-23,1580.0,100000.0,0.0,0.0158
one_contract_baseline,2025-09-24,200.0,100000.0,0.0,0.002
one_contract_baseline,2025-09-25,-1200.0,100000.0,0.0,-0.012
one_contract_baseline,2025-09-26,4330.0,100000.0,0.0,0.0433
one_contract_baseline,2025-09-29,380.0,100000.0,0.0,0.0038
one_contract_baseline,2025-09-30,620.0,100000.0,0.0,0.0062
one_contract_baseline,2025-10-01,-420.0,100000.0,0.0,-0.0042
one_contract_baseline,2025-10-02,1280.0,100000.0,0.0,0.0128
one_contract_baseline,2025-10-03,1880.0,100000.0,0.0,0.0188
one_contract_baseline,2025-10-06,1100.0,100000.0,0.0,0.011
one_contract_baseline,2025-10-07,660.0,100000.0,0.0,0.0066
one_contract_baseline,2025-10-08,1310.0,100000.0,0.0,0.0131
one_contract_baseline,2025-10-09,410.0,100000.0,0.0,0.0041
one_contract_baseline,2025-10-10,730.0,100000.0,0.0,0.0073
one_contract_baseline,2025-10-13,2040.0,100000.0,0.0,0.0204
one_contract_baseline,2025-10-14,1260.0,100000.0,0.0,0.0126
one_contract_baseline,2025-10-15,3460.0,100000.0,0.0,0.0346
one_contract_baseline,2025-10-16,820.0,100000.0,0.0,0.0082
one_contract_baseline,2025-10-17,3510.0,100000.0,0.0,0.0351
one_contract_baseline,2025-10-20,1820.0,100000.0,0.0,0.0182
one_contract_baseline,2025-10-21,1050.0,100000.0,0.0,0.0105
one_contract_baseline,2025-10-22,1910.0,100000.0,0.0,0.0191
one_contract_baseline,2025-10-23,1450.0,100000.0,0.0,0.0145
one_contract_baseline,2025-10-24,1080.0,100000.0,0.0,0.0108
one_contract_baseline,2025-10-27,650.0,100000.0,0.0,0.0065
one_contract_baseline,2025-10-28,20.0,100000.0,0.0,0.0002
one_contract_baseline,2025-10-29,5850.0,100000.0,0.0,0.0585
one_contract_baseline,2025-10-30,620.0,100000.0,0.0,0.0062
one_contract_baseline,2025-10-31,2490.0,100000.0,0.0,0.0249
one_contract_baseline,2025-11-03,2930.0,100000.0,0.0,0.0293
one_contract_baseline,2025-11-04,1850.0,100000.0,0.0,0.0185
one_contract_baseline,2025-11-05,850.0,100000.0,0.0,0.0085
one_contract_baseline,2025-11-06,990.0,100000.0,0.0,0.0099
one_contract_baseline,2025-11-07,1610.0,100000.0,0.0,0.0161
one_contract_baseline,2025-11-10,-270.0,100000.0,0.0,-0.0027
one_contract_baseline,2025-11-11,1380.0,100000.0,0.0,0.0138
one_contract_baseline,2025-11-12,2310.0,100000.0,0.0,0.0231
one_contract_baseline,2025-11-13,3940.0,100000.0,0.0,0.0394
one_contract_baseline,2025-11-14,5780.0,100000.0,0.0,0.0578
one_contract_baseline,2025-11-17,880.0,100000.0,0.0,0.0088
one_contract_baseline,2025-11-18,4780.0,100000.0,0.0,0.0478
one_contract_baseline,2025-11-19,3770.0,100000.0,0.0,0.0377
one_contract_baseline,2025-11-20,5170.0,100000.0,0.0,0.0517
one_contract_baseline,2025-11-21,7400.0,100000.0,0.0,0.074
one_contract_baseline,2025-11-24,2700.0,100000.0,0.0,0.027
one_contract_baseline,2025-11-25,-100.0,100000.0,0.0,-0.001
one_contract_baseline,2025-11-26,-1420.0,100000.0,0.0,-0.0142
one_contract_baseline,2025-11-28,30.0,100000.0,0.0,0.0003
one_contract_baseline,2025-12-01,1600.0,100000.0,0.0,0.016
one_contract_baseline,2025-12-02,1520.0,100000.0,0.0,0.0152
one_contract_baseline,2025-12-03,1850.0,100000.0,0.0,0.0185
one_contract_baseline,2025-12-04,1440.0,100000.0,0.0,0.0144
one_contract_baseline,2025-12-05,1620.0,100000.0,0.0,0.0162
one_contract_baseline,2025-12-08,2030.0,100000.0,0.0,0.0203
one_contract_baseline,2025-12-09,250.0,100000.0,0.0,0.0025
one_contract_baseline,2025-12-10,2970.0,100000.0,0.0,0.0297
one_contract_baseline,2025-12-11,-1540.0,100000.0,0.0,-0.0154
one_contract_baseline,2025-12-12,1320.0,100000.0,0.0,0.0132
one_contract_baseline,2025-12-15,810.0,100000.0,0.0,0.0081
one_contract_baseline,2025-12-16,-950.0,100000.0,0.0,-0.0095
one_contract_baseline,2025-12-17,1720.0,100000.0,0.0,0.0172
one_contract_baseline,2025-12-18,-260.0,100000.0,0.0,-0.0026
one_contract_baseline,2025-12-19,680.0,100000.0,0.0,0.0068
one_contract_baseline,2025-12-22,610.0,100000.0,0.0,0.0061
one_contract_baseline,2025-12-23,1010.0,100000.0,0.0,0.0101
one_contract_baseline,2025-12-24,190.0,100000.0,0.0,0.0019
one_contract_baseline,2025-12-26,-280.0,100000.0,0.0,-0.0028
one_contract_baseline,2025-12-29,220.0,100000.0,0.0,0.0022
one_contract_baseline,2025-12-30,460.0,100000.0,0.0,0.0046
one_contract_baseline,2025-12-31,190.0,100000.0,0.0,0.0019
one_contract_baseline,2026-01-02,1420.0,100000.0,0.0,0.0142
one_contract_baseline,2026-01-05,1160.0,100000.0,0.0,0.0116
one_contract_baseline,2026-01-06,-570.0,100000.0,0.0,-0.0057
one_contract_baseline,2026-01-07,220.0,100000.0,0.0,0.0022
one_contract_baseline,2026-01-08,-990.0,100000.0,0.0,-0.0099
one_contract_baseline,2026-01-09,1130.0,100000.0,0.0,0.0113
one_contract_baseline,2026-01-12,740.0,100000.0,0.0,0.0074
one_contract_baseline,2026-01-13,-150.0,100000.0,0.0,-0.0015
one_contract_baseline,2026-01-14,1510.0,100000.0,0.0,0.0151
one_contract_baseline,2026-01-15,130.0,100000.0,0.0,0.0013
one_contract_baseline,2026-01-16,1710.0,100000.0,0.0,0.0171
one_contract_baseline,2026-01-20,1270.0,100000.0,0.0,0.0127
one_contract_baseline,2026-01-21,5600.0,100000.0,0.0,0.056
one_contract_baseline,2026-01-22,1220.0,100000.0,0.0,0.0122
one_contract_baseline,2026-01-23,190.0,100000.0,0.0,0.0019
one_contract_baseline,2026-01-26,50.0,100000.0,0.0,0.0005
one_contract_baseline,2026-01-27,1570.0,100000.0,0.0,0.0157
one_contract_baseline,2026-01-28,1560.0,100000.0,0.0,0.0156
one_contract_baseline,2026-01-29,4300.0,100000.0,0.0,0.043
one_contract_baseline,2026-01-30,-220.0,100000.0,0.0,-0.0022
one_contract_baseline,2026-02-02,-10.0,100000.0,0.0,-0.0001
one_contract_baseline,2026-02-03,2510.0,100000.0,0.0,0.0251
one_contract_baseline,2026-02-04,1740.0,100000.0,0.0,0.0174
one_contract_baseline,2026-02-05,3430.0,100000.0,0.0,0.0343
one_contract_baseline,2026-02-09,1480.0,100000.0,0.0,0.0148
one_contract_baseline,2026-02-10,260.0,100000.0,0.0,0.0026
one_contract_baseline,2026-02-11,2610.0,100000.0,0.0,0.0261
one_contract_baseline,2026-02-12,2400.0,100000.0,0.0,0.024
one_contract_baseline,2026-02-13,4090.0,100000.0,0.0,0.0409
one_contract_baseline,2026-02-17,5580.0,100000.0,0.0,0.0558
one_contract_baseline,2026-02-18,-160.0,100000.0,0.0,-0.0016
one_contract_baseline,2026-02-19,250.0,100000.0,0.0,0.0025
one_contract_baseline,2026-02-20,2480.0,100000.0,0.0,0.0248
one_contract_baseline,2026-02-23,2000.0,100000.0,0.0,0.02
one_contract_baseline,2026-02-24,1830.0,100000.0,0.0,0.0183
one_contract_baseline,2026-02-25,-560.0,100000.0,0.0,-0.0056
one_contract_baseline,2026-02-26,220.0,100000.0,0.0,0.0022
one_contract_baseline,2026-02-27,1220.0,100000.0,0.0,0.0122
one_contract_baseline,2026-03-02,1520.0,100000.0,0.0,0.0152
one_contract_baseline,2026-03-03,9270.0,100000.0,0.0,0.0927
one_contract_baseline,2026-03-04,-1980.0,100000.0,0.0,-0.0198
one_contract_baseline,2026-03-05,4900.0,100000.0,0.0,0.049
one_contract_baseline,2026-03-06,2010.0,100000.0,0.0,0.0201
one_contract_baseline,2026-03-09,1130.0,100000.0,0.0,0.0113
one_contract_baseline,2026-03-10,-470.0,100000.0,0.0,-0.0047
one_contract_baseline,2026-03-11,-910.0,100000.0,0.0,-0.0091
one_contract_baseline,2026-03-12,1330.0,100000.0,0.0,0.0133
one_contract_baseline,2026-03-13,740.0,100000.0,0.0,0.0074
one_contract_baseline,2026-03-16,-1140.0,100000.0,0.0,-0.0114
one_contract_baseline,2026-03-17,200.0,100000.0,0.0,0.002
one_contract_baseline,2026-03-18,2430.0,100000.0,0.0,0.0243
one_contract_baseline,2026-03-19,2230.0,100000.0,0.0,0.0223
one_contract_baseline,2026-03-20,2650.0,100000.0,0.0,0.0265
one_contract_baseline,2026-03-23,3790.0,100000.0,0.0,0.0379
one_contract_baseline,2026-03-24,2060.0,100000.0,0.0,0.0206
one_contract_baseline,2026-03-25,1910.0,100000.0,0.0,0.0191
one_contract_baseline,2026-03-26,130.0,100000.0,0.0,0.0013
one_contract_baseline,2026-03-27,1650.0,100000.0,0.0,0.0165
one_contract_baseline,2026-03-30,5380.0,100000.0,0.0,0.0538
one_contract_baseline,2026-03-31,2960.0,100000.0,0.0,0.0296
always_on_account_aware_sizer,2024-10-01,3910.0,100000.0,0.0,0.0391
always_on_account_aware_sizer,2024-10-02,2510.0,100000.0,0.0,0.0251
always_on_account_aware_sizer,2024-10-03,2550.0,100000.0,0.0,0.0255
always_on_account_aware_sizer,2024-10-04,-870.0,100000.0,0.0,-0.0087
always_on_account_aware_sizer,2024-10-07,170.0,100000.0,0.0,0.0017
always_on_account_aware_sizer,2024-10-08,1040.0,100000.0,0.0,0.0104
always_on_account_aware_sizer,2024-10-09,1030.0,100000.0,0.0,0.0103
always_on_account_aware_sizer,2024-10-10,630.0,100000.0,0.0,0.0063
always_on_account_aware_sizer,2024-10-11,2670.0,100000.0,0.0,0.0267
always_on_account_aware_sizer,2024-10-14,-930.0,100000.0,0.0,-0.0093
always_on_account_aware_sizer,2024-10-15,670.0,100000.0,0.0,0.0067
always_on_account_aware_sizer,2024-10-16,930.0,100000.0,0.0,0.0093
always_on_account_aware_sizer,2024-10-17,180.0,100000.0,0.0,0.0018
always_on_account_aware_sizer,2024-10-18,670.0,100000.0,0.0,0.0067
always_on_account_aware_sizer,2024-10-21,2170.0,100000.0,0.0,0.0217
always_on_account_aware_sizer,2024-10-22,-480.0,100000.0,0.0,-0.0048
always_on_account_aware_sizer,2024-10-23,1170.0,100000.0,0.0,0.0117
always_on_account_aware_sizer,2024-10-24,-630.0,100000.0,0.0,-0.0063
always_on_account_aware_sizer,2024-10-25,3070.0,100000.0,0.0,0.0307
always_on_account_aware_sizer,2024-10-28,-180.0,100000.0,0.0,-0.0018
always_on_account_aware_sizer,2024-10-29,770.0,100000.0,0.0,0.0077
always_on_account_aware_sizer,2024-10-30,360.0,100000.0,0.0,0.0036
always_on_account_aware_sizer,2024-10-31,-1020.0,100000.0,0.0,-0.0102
always_on_account_aware_sizer,2024-11-01,1590.0,100000.0,0.0,0.0159
always_on_account_aware_sizer,2024-11-04,60.0,100000.0,0.0,0.0006
always_on_account_aware_sizer,2024-11-05,1630.0,100000.0,0.0,0.0163
always_on_account_aware_sizer,2024-11-06,20.0,100000.0,0.0,0.0002
always_on_account_aware_sizer,2024-11-07,440.0,100000.0,0.0,0.0044
always_on_account_aware_sizer,2024-11-08,-20.0,100000.0,0.0,-0.0002
always_on_account_aware_sizer,2024-11-11,-320.0,100000.0,0.0,-0.0032
always_on_account_aware_sizer,2024-11-12,870.0,100000.0,0.0,0.0087
always_on_account_aware_sizer,2024-11-13,1720.0,100000.0,0.0,0.0172
always_on_account_aware_sizer,2024-11-14,180.0,100000.0,0.0,0.0018
always_on_account_aware_sizer,2024-11-15,2040.0,100000.0,0.0,0.0204
always_on_account_aware_sizer,2024-11-18,1560.0,100000.0,0.0,0.0156
always_on_account_aware_sizer,2024-11-19,-830.0,100000.0,0.0,-0.0083
always_on_account_aware_sizer,2024-11-20,3880.0,100000.0,0.0,0.0388
always_on_account_aware_sizer,2024-11-21,5710.0,100000.0,0.0,0.0571
always_on_account_aware_sizer,2024-11-22,-790.0,100000.0,0.0,-0.0079
always_on_account_aware_sizer,2024-11-25,500.0,100000.0,0.0,0.005
always_on_account_aware_sizer,2024-11-26,-820.0,100000.0,0.0,-0.0082
always_on_account_aware_sizer,2024-11-27,640.0,100000.0,0.0,0.0064
always_on_account_aware_sizer,2024-11-29,710.0,100000.0,0.0,0.0071
always_on_account_aware_sizer,2024-12-02,-280.0,100000.0,0.0,-0.0028
always_on_account_aware_sizer,2024-12-03,-640.0,100000.0,0.0,-0.0064
always_on_account_aware_sizer,2024-12-04,-460.0,100000.0,0.0,-0.0046
always_on_account_aware_sizer,2024-12-05,-580.0,100000.0,0.0,-0.0058
always_on_account_aware_sizer,2024-12-06,190.0,100000.0,0.0,0.0019
always_on_account_aware_sizer,2024-12-09,70.0,100000.0,0.0,0.0007
always_on_account_aware_sizer,2024-12-10,290.0,100000.0,0.0,0.0029
always_on_account_aware_sizer,2024-12-11,110.0,100000.0,0.0,0.0011
always_on_account_aware_sizer,2024-12-12,-1080.0,100000.0,0.0,-0.0108
always_on_account_aware_sizer,2024-12-13,1220.0,100000.0,0.0,0.0122
always_on_account_aware_sizer,2024-12-16,670.0,100000.0,0.0,0.0067
always_on_account_aware_sizer,2024-12-17,1630.0,100000.0,0.0,0.0163
always_on_account_aware_sizer,2024-12-18,550.0,100000.0,0.0,0.0055
always_on_account_aware_sizer,2024-12-19,200.0,100000.0,0.0,0.002
always_on_account_aware_sizer,2024-12-20,4020.0,100000.0,0.0,0.0402
always_on_account_aware_sizer,2024-12-23,2760.0,100000.0,0.0,0.0276
always_on_account_aware_sizer,2024-12-24,550.0,100000.0,0.0,0.0055
always_on_account_aware_sizer,2024-12-26,390.0,100000.0,0.0,0.0039
always_on_account_aware_sizer,2024-12-27,6070.0,100000.0,0.0,0.0607
always_on_account_aware_sizer,2024-12-30,-1250.0,100000.0,0.0,-0.0125
always_on_account_aware_sizer,2024-12-31,890.0,100000.0,0.0,0.0089
always_on_account_aware_sizer,2025-07-01,210.0,100000.0,0.0,0.0021
always_on_account_aware_sizer,2025-07-02,690.0,100000.0,0.0,0.0069
always_on_account_aware_sizer,2025-07-03,950.0,100000.0,0.0,0.0095
always_on_account_aware_sizer,2025-07-07,3300.0,100000.0,0.0,0.033
always_on_account_aware_sizer,2025-07-08,3350.0,100000.0,0.0,0.0335
always_on_account_aware_sizer,2025-07-09,1160.0,100000.0,0.0,0.0116
always_on_account_aware_sizer,2025-07-10,2590.0,100000.0,0.0,0.0259
always_on_account_aware_sizer,2025-07-11,780.0,100000.0,0.0,0.0078
always_on_account_aware_sizer,2025-07-14,2050.0,100000.0,0.0,0.0205
always_on_account_aware_sizer,2025-07-15,2750.0,100000.0,0.0,0.0275
always_on_account_aware_sizer,2025-07-16,4650.0,100000.0,0.0,0.0465
always_on_account_aware_sizer,2025-07-17,2010.0,100000.0,0.0,0.0201
always_on_account_aware_sizer,2025-07-18,-90.0,100000.0,0.0,-0.0009
always_on_account_aware_sizer,2025-07-21,500.0,100000.0,0.0,0.005
always_on_account_aware_sizer,2025-07-22,1490.0,100000.0,0.0,0.0149
always_on_account_aware_sizer,2025-07-23,-90.0,100000.0,0.0,-0.0009
always_on_account_aware_sizer,2025-07-24,720.0,100000.0,0.0,0.0072
always_on_account_aware_sizer,2025-07-25,770.0,100000.0,0.0,0.0077
always_on_account_aware_sizer,2025-07-28,1040.0,100000.0,0.0,0.0104
always_on_account_aware_sizer,2025-07-29,1620.0,100000.0,0.0,0.0162
always_on_account_aware_sizer,2025-07-30,4850.0,100000.0,0.0,0.0485
always_on_account_aware_sizer,2025-07-31,-1050.0,100000.0,0.0,-0.0105
always_on_account_aware_sizer,2025-08-01,3860.0,100000.0,0.0,0.0386
always_on_account_aware_sizer,2025-08-04,890.0,100000.0,0.0,0.0089
always_on_account_aware_sizer,2025-08-05,3980.0,100000.0,0.0,0.0398
always_on_account_aware_sizer,2025-08-06,4960.0,100000.0,0.0,0.0496
always_on_account_aware_sizer,2025-08-07,-1420.0,100000.0,0.0,-0.0142
always_on_account_aware_sizer,2025-08-08,440.0,100000.0,0.0,0.0044
always_on_account_aware_sizer,2025-08-11,-650.0,100000.0,0.0,-0.0065
always_on_account_aware_sizer,2025-08-12,2670.0,100000.0,0.0,0.0267
always_on_account_aware_sizer,2025-08-13,1820.0,100000.0,0.0,0.0182
always_on_account_aware_sizer,2025-08-14,800.0,100000.0,0.0,0.008
always_on_account_aware_sizer,2025-08-15,460.0,100000.0,0.0,0.0046
always_on_account_aware_sizer,2025-08-18,-750.0,100000.0,0.0,-0.0075
always_on_account_aware_sizer,2025-08-19,3060.0,100000.0,0.0,0.0306
always_on_account_aware_sizer,2025-08-20,-910.0,100000.0,0.0,-0.0091
always_on_account_aware_sizer,2025-08-21,2600.0,100000.0,0.0,0.026
always_on_account_aware_sizer,2025-08-22,8330.0,100000.0,0.0,0.0833
always_on_account_aware_sizer,2025-08-25,550.0,100000.0,0.0,0.0055
always_on_account_aware_sizer,2025-08-26,1020.0,100000.0,0.0,0.0102
always_on_account_aware_sizer,2025-08-27,560.0,100000.0,0.0,0.0056
always_on_account_aware_sizer,2025-08-28,200.0,100000.0,0.0,0.002
always_on_account_aware_sizer,2025-08-29,1200.0,100000.0,0.0,0.012
always_on_account_aware_sizer,2025-09-02,-810.0,100000.0,0.0,-0.0081
always_on_account_aware_sizer,2025-09-03,670.0,100000.0,0.0,0.0067
always_on_account_aware_sizer,2025-09-04,3650.0,100000.0,0.0,0.0365
always_on_account_aware_sizer,2025-09-05,6960.0,100000.0,0.0,0.0696
always_on_account_aware_sizer,2025-09-08,2150.0,100000.0,0.0,0.0215
always_on_account_aware_sizer,2025-09-09,740.0,100000.0,0.0,0.0074
always_on_account_aware_sizer,2025-09-10,-410.0,100000.0,0.0,-0.0041
always_on_account_aware_sizer,2025-09-11,1460.0,100000.0,0.0,0.0146
always_on_account_aware_sizer,2025-09-12,1020.0,100000.0,0.0,0.0102
always_on_account_aware_sizer,2025-09-15,830.0,100000.0,0.0,0.0083
always_on_account_aware_sizer,2025-09-16,-700.0,100000.0,0.0,-0.007
always_on_account_aware_sizer,2025-09-17,9810.0,100000.0,0.0,0.0981
always_on_account_aware_sizer,2025-09-18,3300.0,100000.0,0.0,0.033
always_on_account_aware_sizer,2025-09-19,680.0,100000.0,0.0,0.0068
always_on_account_aware_sizer,2025-09-22,2450.0,100000.0,0.0,0.0245
always_on_account_aware_sizer,2025-09-23,3270.0,100000.0,0.0,0.0327
always_on_account_aware_sizer,2025-09-24,290.0,100000.0,0.0,0.0029
always_on_account_aware_sizer,2025-09-25,-1610.0,100000.0,0.0,-0.0161
always_on_account_aware_sizer,2025-09-26,6780.0,100000.0,0.0,0.0678
always_on_account_aware_sizer,2025-09-29,1140.0,100000.0,0.0,0.0114
always_on_account_aware_sizer,2025-09-30,1560.0,100000.0,0.0,0.0156
always_on_account_aware_sizer,2025-10-01,-420.0,100000.0,0.0,-0.0042
always_on_account_aware_sizer,2025-10-02,1280.0,100000.0,0.0,0.0128
always_on_account_aware_sizer,2025-10-03,3240.0,100000.0,0.0,0.0324
always_on_account_aware_sizer,2025-10-06,1100.0,100000.0,0.0,0.011
always_on_account_aware_sizer,2025-10-07,660.0,100000.0,0.0,0.0066
always_on_account_aware_sizer,2025-10-08,1320.0,100000.0,0.0,0.0132
always_on_account_aware_sizer,2025-10-09,410.0,100000.0,0.0,0.0041
always_on_account_aware_sizer,2025-10-10,730.0,100000.0,0.0,0.0073
always_on_account_aware_sizer,2025-10-13,2040.0,100000.0,0.0,0.0204
always_on_account_aware_sizer,2025-10-14,1260.0,100000.0,0.0,0.0126
always_on_account_aware_sizer,2025-10-15,3460.0,100000.0,0.0,0.0346
always_on_account_aware_sizer,2025-10-16,820.0,100000.0,0.0,0.0082
always_on_account_aware_sizer,2025-10-17,3510.0,100000.0,0.0,0.0351
always_on_account_aware_sizer,2025-10-20,1820.0,100000.0,0.0,0.0182
always_on_account_aware_sizer,2025-10-21,1050.0,100000.0,0.0,0.0105
always_on_account_aware_sizer,2025-10-22,1950.0,100000.0,0.0,0.0195
always_on_account_aware_sizer,2025-10-23,1450.0,100000.0,0.0,0.0145
always_on_account_aware_sizer,2025-10-24,1080.0,100000.0,0.0,0.0108
always_on_account_aware_sizer,2025-10-27,670.0,100000.0,0.0,0.0067
always_on_account_aware_sizer,2025-10-28,20.0,100000.0,0.0,0.0002
always_on_account_aware_sizer,2025-10-29,7220.0,100000.0,0.0,0.0722
always_on_account_aware_sizer,2025-10-30,910.0,100000.0,0.0,0.0091
always_on_account_aware_sizer,2025-10-31,2490.0,100000.0,0.0,0.0249
always_on_account_aware_sizer,2025-11-03,3200.0,100000.0,0.0,0.032
always_on_account_aware_sizer,2025-11-04,2290.0,100000.0,0.0,0.0229
always_on_account_aware_sizer,2025-11-05,850.0,100000.0,0.0,0.0085
always_on_account_aware_sizer,2025-11-06,990.0,100000.0,0.0,0.0099
always_on_account_aware_sizer,2025-11-07,1610.0,100000.0,0.0,0.0161
always_on_account_aware_sizer,2025-11-10,-270.0,100000.0,0.0,-0.0027
always_on_account_aware_sizer,2025-11-11,1380.0,100000.0,0.0,0.0138
always_on_account_aware_sizer,2025-11-12,2310.0,100000.0,0.0,0.0231
always_on_account_aware_sizer,2025-11-13,3940.0,100000.0,0.0,0.0394
always_on_account_aware_sizer,2025-11-14,5780.0,100000.0,0.0,0.0578
always_on_account_aware_sizer,2025-11-17,880.0,100000.0,0.0,0.0088
always_on_account_aware_sizer,2025-11-18,4780.0,100000.0,0.0,0.0478
always_on_account_aware_sizer,2025-11-19,3500.0,100000.0,0.0,0.035
always_on_account_aware_sizer,2025-11-20,5170.0,100000.0,0.0,0.0517
always_on_account_aware_sizer,2025-11-21,7400.0,100000.0,0.0,0.074
always_on_account_aware_sizer,2025-11-24,2700.0,100000.0,0.0,0.027
always_on_account_aware_sizer,2025-11-25,-100.0,100000.0,0.0,-0.001
always_on_account_aware_sizer,2025-11-26,-1420.0,100000.0,0.0,-0.0142
always_on_account_aware_sizer,2025-11-28,-150.0,100000.0,0.0,-0.0015
always_on_account_aware_sizer,2025-12-01,1600.0,100000.0,0.0,0.016
always_on_account_aware_sizer,2025-12-02,1520.0,100000.0,0.0,0.0152
always_on_account_aware_sizer,2025-12-03,2320.0,100000.0,0.0,0.0232
always_on_account_aware_sizer,2025-12-04,2340.0,100000.0,0.0,0.0234
always_on_account_aware_sizer,2025-12-05,1620.0,100000.0,0.0,0.0162
always_on_account_aware_sizer,2025-12-08,2030.0,100000.0,0.0,0.0203
always_on_account_aware_sizer,2025-12-09,250.0,100000.0,0.0,0.0025
always_on_account_aware_sizer,2025-12-10,2970.0,100000.0,0.0,0.0297
always_on_account_aware_sizer,2025-12-11,-1560.0,100000.0,0.0,-0.0156
always_on_account_aware_sizer,2025-12-12,1320.0,100000.0,0.0,0.0132
always_on_account_aware_sizer,2025-12-15,1060.0,100000.0,0.0,0.0106
always_on_account_aware_sizer,2025-12-16,-950.0,100000.0,0.0,-0.0095
always_on_account_aware_sizer,2025-12-17,1720.0,100000.0,0.0,0.0172
always_on_account_aware_sizer,2025-12-18,-940.0,100000.0,0.0,-0.0094
always_on_account_aware_sizer,2025-12-19,680.0,100000.0,0.0,0.0068
always_on_account_aware_sizer,2025-12-22,610.0,100000.0,0.0,0.0061
always_on_account_aware_sizer,2025-12-23,1010.0,100000.0,0.0,0.0101
always_on_account_aware_sizer,2025-12-24,190.0,100000.0,0.0,0.0019
always_on_account_aware_sizer,2025-12-26,-280.0,100000.0,0.0,-0.0028
always_on_account_aware_sizer,2025-12-29,220.0,100000.0,0.0,0.0022
always_on_account_aware_sizer,2025-12-30,460.0,100000.0,0.0,0.0046
always_on_account_aware_sizer,2025-12-31,190.0,100000.0,0.0,0.0019
always_on_account_aware_sizer,2026-01-02,3880.0,100000.0,0.0,0.0388
always_on_account_aware_sizer,2026-01-05,1640.0,100000.0,0.0,0.0164
always_on_account_aware_sizer,2026-01-06,-320.0,100000.0,0.0,-0.0032
always_on_account_aware_sizer,2026-01-07,780.0,100000.0,0.0,0.0078
always_on_account_aware_sizer,2026-01-08,-940.0,100000.0,0.0,-0.0094
always_on_account_aware_sizer,2026-01-09,-910.0,100000.0,0.0,-0.0091
always_on_account_aware_sizer,2026-01-12,740.0,100000.0,0.0,0.0074
always_on_account_aware_sizer,2026-01-13,-150.0,100000.0,0.0,-0.0015
always_on_account_aware_sizer,2026-01-14,2800.0,100000.0,0.0,0.028
always_on_account_aware_sizer,2026-01-15,-280.0,100000.0,0.0,-0.0028
always_on_account_aware_sizer,2026-01-16,1710.0,100000.0,0.0,0.0171
always_on_account_aware_sizer,2026-01-20,1390.0,100000.0,0.0,0.0139
always_on_account_aware_sizer,2026-01-21,7360.0,100000.0,0.0,0.0736
always_on_account_aware_sizer,2026-01-22,1220.0,100000.0,0.0,0.0122
always_on_account_aware_sizer,2026-01-23,190.0,100000.0,0.0,0.0019
always_on_account_aware_sizer,2026-01-26,50.0,100000.0,0.0,0.0005
always_on_account_aware_sizer,2026-01-27,1570.0,100000.0,0.0,0.0157
always_on_account_aware_sizer,2026-01-28,1560.0,100000.0,0.0,0.0156
always_on_account_aware_sizer,2026-01-29,3710.0,100000.0,0.0,0.0371
always_on_account_aware_sizer,2026-01-30,-220.0,100000.0,0.0,-0.0022
always_on_account_aware_sizer,2026-02-02,-10.0,100000.0,0.0,-0.0001
always_on_account_aware_sizer,2026-02-03,2510.0,100000.0,0.0,0.0251
always_on_account_aware_sizer,2026-02-04,-1350.0,100000.0,0.0,-0.0135
always_on_account_aware_sizer,2026-02-05,3280.0,100000.0,0.0,0.0328
always_on_account_aware_sizer,2026-02-09,1680.0,100000.0,0.0,0.0168
always_on_account_aware_sizer,2026-02-10,260.0,100000.0,0.0,0.0026
always_on_account_aware_sizer,2026-02-11,1990.0,100000.0,0.0,0.0199
always_on_account_aware_sizer,2026-02-12,2400.0,100000.0,0.0,0.024
always_on_account_aware_sizer,2026-02-13,5010.0,100000.0,0.0,0.0501
always_on_account_aware_sizer,2026-02-17,5580.0,100000.0,0.0,0.0558
always_on_account_aware_sizer,2026-02-18,-160.0,100000.0,0.0,-0.0016
always_on_account_aware_sizer,2026-02-19,430.0,100000.0,0.0,0.0043
always_on_account_aware_sizer,2026-02-20,2480.0,100000.0,0.0,0.0248
always_on_account_aware_sizer,2026-02-23,2250.0,100000.0,0.0,0.0225
always_on_account_aware_sizer,2026-02-24,2370.0,100000.0,0.0,0.0237
always_on_account_aware_sizer,2026-02-25,-560.0,100000.0,0.0,-0.0056
always_on_account_aware_sizer,2026-02-26,220.0,100000.0,0.0,0.0022
always_on_account_aware_sizer,2026-02-27,1330.0,100000.0,0.0,0.0133
always_on_account_aware_sizer,2026-03-02,-870.0,100000.0,0.0,-0.0087
always_on_account_aware_sizer,2026-03-03,10760.0,100000.0,0.0,0.1076
always_on_account_aware_sizer,2026-03-04,-1840.0,100000.0,0.0,-0.0184
always_on_account_aware_sizer,2026-03-05,4900.0,100000.0,0.0,0.049
always_on_account_aware_sizer,2026-03-06,2010.0,100000.0,0.0,0.0201
always_on_account_aware_sizer,2026-03-09,1130.0,100000.0,0.0,0.0113
always_on_account_aware_sizer,2026-03-10,-1030.0,100000.0,0.0,-0.0103
always_on_account_aware_sizer,2026-03-11,-1590.0,100000.0,0.0,-0.0159
always_on_account_aware_sizer,2026-03-12,1330.0,100000.0,0.0,0.0133
always_on_account_aware_sizer,2026-03-13,-1020.0,100000.0,0.0,-0.0102
always_on_account_aware_sizer,2026-03-16,-1320.0,100000.0,0.0,-0.0132
always_on_account_aware_sizer,2026-03-17,200.0,100000.0,0.0,0.002
always_on_account_aware_sizer,2026-03-18,2430.0,100000.0,0.0,0.0243
always_on_account_aware_sizer,2026-03-19,2890.0,100000.0,0.0,0.0289
always_on_account_aware_sizer,2026-03-20,2720.0,100000.0,0.0,0.0272
always_on_account_aware_sizer,2026-03-23,4130.0,100000.0,0.0,0.0413
always_on_account_aware_sizer,2026-03-24,2060.0,100000.0,0.0,0.0206
always_on_account_aware_sizer,2026-03-25,1910.0,100000.0,0.0,0.0191
always_on_account_aware_sizer,2026-03-26,370.0,100000.0,0.0,0.0037
always_on_account_aware_sizer,2026-03-27,2270.0,100000.0,0.0,0.0227
always_on_account_aware_sizer,2026-03-30,5740.0,100000.0,0.0,0.0574
always_on_account_aware_sizer,2026-03-31,4110.0,100000.0,0.0,0.0411
one_contract_baseline,2024-10-01,3560.0,100000.0,0.25,0.0356
one_contract_baseline,2024-10-02,2360.0,100000.0,0.25,0.0236
one_contract_baseline,2024-10-03,2350.0,100000.0,0.25,0.0235
one_contract_baseline,2024-10-04,2110.0,100000.0,0.25,0.0211
one_contract_baseline,2024-10-07,-30.0,100000.0,0.25,-0.0003
one_contract_baseline,2024-10-08,940.0,100000.0,0.25,0.0094
one_contract_baseline,2024-10-09,880.0,100000.0,0.25,0.0088
one_contract_baseline,2024-10-10,530.0,100000.0,0.25,0.0053
one_contract_baseline,2024-10-11,2470.0,100000.0,0.25,0.0247
one_contract_baseline,2024-10-14,-880.0,100000.0,0.25,-0.0088
one_contract_baseline,2024-10-15,570.0,100000.0,0.25,0.0057
one_contract_baseline,2024-10-16,780.0,100000.0,0.25,0.0078
one_contract_baseline,2024-10-17,-20.0,100000.0,0.25,-0.0002
one_contract_baseline,2024-10-18,420.0,100000.0,0.25,0.0042
one_contract_baseline,2024-10-21,2020.0,100000.0,0.25,0.0202
one_contract_baseline,2024-10-22,-630.0,100000.0,0.25,-0.0063
one_contract_baseline,2024-10-23,1020.0,100000.0,0.25,0.0102
one_contract_baseline,2024-10-24,-730.0,100000.0,0.25,-0.0073
one_contract_baseline,2024-10-25,2820.0,100000.0,0.25,0.0282
one_contract_baseline,2024-10-28,-280.0,100000.0,0.25,-0.0028
one_contract_baseline,2024-10-29,620.0,100000.0,0.25,0.0062
one_contract_baseline,2024-10-30,210.0,100000.0,0.25,0.0021
one_contract_baseline,2024-10-31,-2280.0,100000.0,0.25,-0.0228
one_contract_baseline,2024-11-01,1470.0,100000.0,0.25,0.0147
one_contract_baseline,2024-11-04,-40.0,100000.0,0.25,-0.0004
one_contract_baseline,2024-11-05,1240.0,100000.0,0.25,0.0124
one_contract_baseline,2024-11-06,-330.0,100000.0,0.25,-0.0033
one_contract_baseline,2024-11-07,340.0,100000.0,0.25,0.0034
one_contract_baseline,2024-11-08,-120.0,100000.0,0.25,-0.0012
one_contract_baseline,2024-11-11,-260.0,100000.0,0.25,-0.0026
one_contract_baseline,2024-11-12,770.0,100000.0,0.25,0.0077
one_contract_baseline,2024-11-13,1300.0,100000.0,0.25,0.013
one_contract_baseline,2024-11-14,80.0,100000.0,0.25,0.0008
one_contract_baseline,2024-11-15,1570.0,100000.0,0.25,0.0157
one_contract_baseline,2024-11-18,1460.0,100000.0,0.25,0.0146
one_contract_baseline,2024-11-19,1240.0,100000.0,0.25,0.0124
one_contract_baseline,2024-11-20,3630.0,100000.0,0.25,0.0363
one_contract_baseline,2024-11-21,5510.0,100000.0,0.25,0.0551
one_contract_baseline,2024-11-22,-1550.0,100000.0,0.25,-0.0155
one_contract_baseline,2024-11-25,390.0,100000.0,0.25,0.0039
one_contract_baseline,2024-11-26,-1040.0,100000.0,0.25,-0.0104
one_contract_baseline,2024-11-27,440.0,100000.0,0.25,0.0044
one_contract_baseline,2024-11-29,660.0,100000.0,0.25,0.0066
one_contract_baseline,2024-12-02,-380.0,100000.0,0.25,-0.0038
one_contract_baseline,2024-12-03,-740.0,100000.0,0.25,-0.0074
one_contract_baseline,2024-12-04,-610.0,100000.0,0.25,-0.0061
one_contract_baseline,2024-12-05,-680.0,100000.0,0.25,-0.0068
one_contract_baseline,2024-12-06,40.0,100000.0,0.25,0.0004
one_contract_baseline,2024-12-09,-80.0,100000.0,0.25,-0.0008
one_contract_baseline,2024-12-10,190.0,100000.0,0.25,0.0019
one_contract_baseline,2024-12-11,10.0,100000.0,0.25,0.0001
one_contract_baseline,2024-12-12,-1290.0,100000.0,0.25,-0.0129
one_contract_baseline,2024-12-13,1120.0,100000.0,0.25,0.0112
one_contract_baseline,2024-12-16,520.0,100000.0,0.25,0.0052
one_contract_baseline,2024-12-17,990.0,100000.0,0.25,0.0099
one_contract_baseline,2024-12-18,400.0,100000.0,0.25,0.004
one_contract_baseline,2024-12-19,50.0,100000.0,0.25,0.0005
one_contract_baseline,2024-12-20,3920.0,100000.0,0.25,0.0392
one_contract_baseline,2024-12-23,1870.0,100000.0,0.25,0.0187
one_contract_baseline,2024-12-24,500.0,100000.0,0.25,0.005
one_contract_baseline,2024-12-26,240.0,100000.0,0.25,0.0024
one_contract_baseline,2024-12-27,5200.0,100000.0,0.25,0.052
one_contract_baseline,2024-12-30,150.0,100000.0,0.25,0.0015
one_contract_baseline,2024-12-31,740.0,100000.0,0.25,0.0074
one_contract_baseline,2025-07-01,70.0,100000.0,0.25,0.0007
one_contract_baseline,2025-07-02,590.0,100000.0,0.25,0.0059
one_contract_baseline,2025-07-03,390.0,100000.0,0.25,0.0039
one_contract_baseline,2025-07-07,1280.0,100000.0,0.25,0.0128
one_contract_baseline,2025-07-08,860.0,100000.0,0.25,0.0086
one_contract_baseline,2025-07-09,470.0,100000.0,0.25,0.0047
one_contract_baseline,2025-07-10,720.0,100000.0,0.25,0.0072
one_contract_baseline,2025-07-11,110.0,100000.0,0.25,0.0011
one_contract_baseline,2025-07-14,720.0,100000.0,0.25,0.0072
one_contract_baseline,2025-07-15,1230.0,100000.0,0.25,0.0123
one_contract_baseline,2025-07-16,3590.0,100000.0,0.25,0.0359
one_contract_baseline,2025-07-17,1040.0,100000.0,0.25,0.0104
one_contract_baseline,2025-07-18,-140.0,100000.0,0.25,-0.0014
one_contract_baseline,2025-07-21,400.0,100000.0,0.25,0.004
one_contract_baseline,2025-07-22,700.0,100000.0,0.25,0.007
one_contract_baseline,2025-07-23,-170.0,100000.0,0.25,-0.0017
one_contract_baseline,2025-07-24,210.0,100000.0,0.25,0.0021
one_contract_baseline,2025-07-25,350.0,100000.0,0.25,0.0035
one_contract_baseline,2025-07-28,460.0,100000.0,0.25,0.0046
one_contract_baseline,2025-07-29,440.0,100000.0,0.25,0.0044
one_contract_baseline,2025-07-30,2300.0,100000.0,0.25,0.023
one_contract_baseline,2025-07-31,-340.0,100000.0,0.25,-0.0034
one_contract_baseline,2025-08-01,2220.0,100000.0,0.25,0.0222
one_contract_baseline,2025-08-04,600.0,100000.0,0.25,0.006
one_contract_baseline,2025-08-05,2540.0,100000.0,0.25,0.0254
one_contract_baseline,2025-08-06,2260.0,100000.0,0.25,0.0226
one_contract_baseline,2025-08-07,-460.0,100000.0,0.25,-0.0046
one_contract_baseline,2025-08-08,340.0,100000.0,0.25,0.0034
one_contract_baseline,2025-08-11,-800.0,100000.0,0.25,-0.008
one_contract_baseline,2025-08-12,2370.0,100000.0,0.25,0.0237
one_contract_baseline,2025-08-13,630.0,100000.0,0.25,0.0063
one_contract_baseline,2025-08-14,-50.0,100000.0,0.25,-0.0005
one_contract_baseline,2025-08-15,270.0,100000.0,0.25,0.0027
one_contract_baseline,2025-08-18,-410.0,100000.0,0.25,-0.0041
one_contract_baseline,2025-08-19,1270.0,100000.0,0.25,0.0127
one_contract_baseline,2025-08-20,1360.0,100000.0,0.25,0.0136
one_contract_baseline,2025-08-21,1880.0,100000.0,0.25,0.0188
one_contract_baseline,2025-08-22,4740.0,100000.0,0.25,0.0474
one_contract_baseline,2025-08-25,300.0,100000.0,0.25,0.003
one_contract_baseline,2025-08-26,-50.0,100000.0,0.25,-0.0005
one_contract_baseline,2025-08-27,210.0,100000.0,0.25,0.0021
one_contract_baseline,2025-08-28,250.0,100000.0,0.25,0.0025
one_contract_baseline,2025-08-29,610.0,100000.0,0.25,0.0061
one_contract_baseline,2025-09-02,-960.0,100000.0,0.25,-0.0096
one_contract_baseline,2025-09-03,200.0,100000.0,0.25,0.002
one_contract_baseline,2025-09-04,2050.0,100000.0,0.25,0.0205
one_contract_baseline,2025-09-05,4560.0,100000.0,0.25,0.0456
one_contract_baseline,2025-09-08,1130.0,100000.0,0.25,0.0113
one_contract_baseline,2025-09-09,220.0,100000.0,0.25,0.0022
one_contract_baseline,2025-09-10,-590.0,100000.0,0.25,-0.0059
one_contract_baseline,2025-09-11,1030.0,100000.0,0.25,0.0103
one_contract_baseline,2025-09-12,390.0,100000.0,0.25,0.0039
one_contract_baseline,2025-09-15,320.0,100000.0,0.25,0.0032
one_contract_baseline,2025-09-16,-450.0,100000.0,0.25,-0.0045
one_contract_baseline,2025-09-17,4520.0,100000.0,0.25,0.0452
one_contract_baseline,2025-09-18,1270.0,100000.0,0.25,0.0127
one_contract_baseline,2025-09-19,320.0,100000.0,0.25,0.0032
one_contract_baseline,2025-09-22,1160.0,100000.0,0.25,0.0116
one_contract_baseline,2025-09-23,1230.0,100000.0,0.25,0.0123
one_contract_baseline,2025-09-24,50.0,100000.0,0.25,0.0005
one_contract_baseline,2025-09-25,-1350.0,100000.0,0.25,-0.0135
one_contract_baseline,2025-09-26,3880.0,100000.0,0.25,0.0388
one_contract_baseline,2025-09-29,280.0,100000.0,0.25,0.0028
one_contract_baseline,2025-09-30,420.0,100000.0,0.25,0.0042
one_contract_baseline,2025-10-01,-520.0,100000.0,0.25,-0.0052
one_contract_baseline,2025-10-02,1080.0,100000.0,0.25,0.0108
one_contract_baseline,2025-10-03,1730.0,100000.0,0.25,0.0173
one_contract_baseline,2025-10-06,750.0,100000.0,0.25,0.0075
one_contract_baseline,2025-10-07,510.0,100000.0,0.25,0.0051
one_contract_baseline,2025-10-08,1110.0,100000.0,0.25,0.0111
one_contract_baseline,2025-10-09,260.0,100000.0,0.25,0.0026
one_contract_baseline,2025-10-10,530.0,100000.0,0.25,0.0053
one_contract_baseline,2025-10-13,1840.0,100000.0,0.25,0.0184
one_contract_baseline,2025-10-14,860.0,100000.0,0.25,0.0086
one_contract_baseline,2025-10-15,3010.0,100000.0,0.25,0.0301
one_contract_baseline,2025-10-16,670.0,100000.0,0.25,0.0067
one_contract_baseline,2025-10-17,3160.0,100000.0,0.25,0.0316
one_contract_baseline,2025-10-20,1620.0,100000.0,0.25,0.0162
one_contract_baseline,2025-10-21,950.0,100000.0,0.25,0.0095
one_contract_baseline,2025-10-22,1710.0,100000.0,0.25,0.0171
one_contract_baseline,2025-10-23,1250.0,100000.0,0.25,0.0125
one_contract_baseline,2025-10-24,880.0,100000.0,0.25,0.0088
one_contract_baseline,2025-10-27,350.0,100000.0,0.25,0.0035
one_contract_baseline,2025-10-28,-230.0,100000.0,0.25,-0.0023
one_contract_baseline,2025-10-29,5550.0,100000.0,0.25,0.0555
one_contract_baseline,2025-10-30,420.0,100000.0,0.25,0.0042
one_contract_baseline,2025-10-31,2140.0,100000.0,0.25,0.0214
one_contract_baseline,2025-11-03,2580.0,100000.0,0.25,0.0258
one_contract_baseline,2025-11-04,1350.0,100000.0,0.25,0.0135
one_contract_baseline,2025-11-05,700.0,100000.0,0.25,0.007
one_contract_baseline,2025-11-06,890.0,100000.0,0.25,0.0089
one_contract_baseline,2025-11-07,1360.0,100000.0,0.25,0.0136
one_contract_baseline,2025-11-10,-470.0,100000.0,0.25,-0.0047
one_contract_baseline,2025-11-11,1180.0,100000.0,0.25,0.0118
one_contract_baseline,2025-11-12,2110.0,100000.0,0.25,0.0211
one_contract_baseline,2025-11-13,3740.0,100000.0,0.25,0.0374
one_contract_baseline,2025-11-14,5330.0,100000.0,0.25,0.0533
one_contract_baseline,2025-11-17,530.0,100000.0,0.25,0.0053
one_contract_baseline,2025-11-18,4430.0,100000.0,0.25,0.0443
one_contract_baseline,2025-11-19,3320.0,100000.0,0.25,0.0332
one_contract_baseline,2025-11-20,4870.0,100000.0,0.25,0.0487
one_contract_baseline,2025-11-21,6850.0,100000.0,0.25,0.0685
one_contract_baseline,2025-11-24,2500.0,100000.0,0.25,0.025
one_contract_baseline,2025-11-25,-250.0,100000.0,0.25,-0.0025
one_contract_baseline,2025-11-26,-1520.0,100000.0,0.25,-0.0152
one_contract_baseline,2025-11-28,-120.0,100000.0,0.25,-0.0012
one_contract_baseline,2025-12-01,1450.0,100000.0,0.25,0.0145
one_contract_baseline,2025-12-02,1370.0,100000.0,0.25,0.0137
one_contract_baseline,2025-12-03,1600.0,100000.0,0.25,0.016
one_contract_baseline,2025-12-04,1140.0,100000.0,0.25,0.0114
one_contract_baseline,2025-12-05,1270.0,100000.0,0.25,0.0127
one_contract_baseline,2025-12-08,1830.0,100000.0,0.25,0.0183
one_contract_baseline,2025-12-09,0.0,100000.0,0.25,0.0
one_contract_baseline,2025-12-10,2770.0,100000.0,0.25,0.0277
one_contract_baseline,2025-12-11,-1640.0,100000.0,0.25,-0.0164
one_contract_baseline,2025-12-12,1220.0,100000.0,0.25,0.0122
one_contract_baseline,2025-12-15,660.0,100000.0,0.25,0.0066
one_contract_baseline,2025-12-16,-1050.0,100000.0,0.25,-0.0105
one_contract_baseline,2025-12-17,1620.0,100000.0,0.25,0.0162
one_contract_baseline,2025-12-18,-460.0,100000.0,0.25,-0.0046
one_contract_baseline,2025-12-19,430.0,100000.0,0.25,0.0043
one_contract_baseline,2025-12-22,460.0,100000.0,0.25,0.0046
one_contract_baseline,2025-12-23,910.0,100000.0,0.25,0.0091
one_contract_baseline,2025-12-24,90.0,100000.0,0.25,0.0009
one_contract_baseline,2025-12-26,-430.0,100000.0,0.25,-0.0043
one_contract_baseline,2025-12-29,20.0,100000.0,0.25,0.0002
one_contract_baseline,2025-12-30,60.0,100000.0,0.25,0.0006
one_contract_baseline,2025-12-31,-10.0,100000.0,0.25,-0.0001
one_contract_baseline,2026-01-02,1220.0,100000.0,0.25,0.0122
one_contract_baseline,2026-01-05,1010.0,100000.0,0.25,0.0101
one_contract_baseline,2026-01-06,-720.0,100000.0,0.25,-0.0072
one_contract_baseline,2026-01-07,20.0,100000.0,0.25,0.0002
one_contract_baseline,2026-01-08,-1090.0,100000.0,0.25,-0.0109
one_contract_baseline,2026-01-09,980.0,100000.0,0.25,0.0098
one_contract_baseline,2026-01-12,540.0,100000.0,0.25,0.0054
one_contract_baseline,2026-01-13,-350.0,100000.0,0.25,-0.0035
one_contract_baseline,2026-01-14,1310.0,100000.0,0.25,0.0131
one_contract_baseline,2026-01-15,-20.0,100000.0,0.25,-0.0002
one_contract_baseline,2026-01-16,1610.0,100000.0,0.25,0.0161
one_contract_baseline,2026-01-20,1070.0,100000.0,0.25,0.0107
one_contract_baseline,2026-01-21,5400.0,100000.0,0.25,0.054
one_contract_baseline,2026-01-22,1020.0,100000.0,0.25,0.0102
one_contract_baseline,2026-01-23,40.0,100000.0,0.25,0.0004
one_contract_baseline,2026-01-26,-50.0,100000.0,0.25,-0.0005
one_contract_baseline,2026-01-27,1370.0,100000.0,0.25,0.0137
one_contract_baseline,2026-01-28,1410.0,100000.0,0.25,0.0141
one_contract_baseline,2026-01-29,4000.0,100000.0,0.25,0.04
one_contract_baseline,2026-01-30,-320.0,100000.0,0.25,-0.0032
one_contract_baseline,2026-02-02,-60.0,100000.0,0.25,-0.0006
one_contract_baseline,2026-02-03,2310.0,100000.0,0.25,0.0231
one_contract_baseline,2026-02-04,1490.0,100000.0,0.25,0.0149
one_contract_baseline,2026-02-05,3080.0,100000.0,0.25,0.0308
one_contract_baseline,2026-02-09,1330.0,100000.0,0.25,0.0133
one_contract_baseline,2026-02-10,160.0,100000.0,0.25,0.0016
one_contract_baseline,2026-02-11,2360.0,100000.0,0.25,0.0236
one_contract_baseline,2026-02-12,2300.0,100000.0,0.25,0.023
one_contract_baseline,2026-02-13,3740.0,100000.0,0.25,0.0374
one_contract_baseline,2026-02-17,5430.0,100000.0,0.25,0.0543
one_contract_baseline,2026-02-18,-360.0,100000.0,0.25,-0.0036
one_contract_baseline,2026-02-19,0.0,100000.0,0.25,0.0
one_contract_baseline,2026-02-20,2230.0,100000.0,0.25,0.0223
one_contract_baseline,2026-02-23,1800.0,100000.0,0.25,0.018
one_contract_baseline,2026-02-24,1630.0,100000.0,0.25,0.0163
one_contract_baseline,2026-02-25,-660.0,100000.0,0.25,-0.0066
one_contract_baseline,2026-02-26,70.0,100000.0,0.25,0.0007
one_contract_baseline,2026-02-27,970.0,100000.0,0.25,0.0097
one_contract_baseline,2026-03-02,1320.0,100000.0,0.25,0.0132
one_contract_baseline,2026-03-03,8970.0,100000.0,0.25,0.0897
one_contract_baseline,2026-03-04,-2230.0,100000.0,0.25,-0.0223
one_contract_baseline,2026-03-05,4650.0,100000.0,0.25,0.0465
one_contract_baseline,2026-03-06,1810.0,100000.0,0.25,0.0181
one_contract_baseline,2026-03-09,980.0,100000.0,0.25,0.0098
one_contract_baseline,2026-03-10,-620.0,100000.0,0.25,-0.0062
one_contract_baseline,2026-03-11,-1060.0,100000.0,0.25,-0.0106
one_contract_baseline,2026-03-12,1030.0,100000.0,0.25,0.0103
one_contract_baseline,2026-03-13,440.0,100000.0,0.25,0.0044
one_contract_baseline,2026-03-16,-1390.0,100000.0,0.25,-0.0139
one_contract_baseline,2026-03-17,0.0,100000.0,0.25,0.0
one_contract_baseline,2026-03-18,2330.0,100000.0,0.25,0.0233
one_contract_baseline,2026-03-19,1930.0,100000.0,0.25,0.0193
one_contract_baseline,2026-03-20,2300.0,100000.0,0.25,0.023
one_contract_baseline,2026-03-23,3490.0,100000.0,0.25,0.0349
one_contract_baseline,2026-03-24,1860.0,100000.0,0.25,0.0186
one_contract_baseline,2026-03-25,1610.0,100000.0,0.25,0.0161
one_contract_baseline,2026-03-26,-170.0,100000.0,0.25,-0.0017
one_contract_baseline,2026-03-27,1250.0,100000.0,0.25,0.0125
one_contract_baseline,2026-03-30,5030.0,100000.0,0.25,0.0503
one_contract_baseline,2026-03-31,2760.0,100000.0,0.25,0.0276
always_on_account_aware_sizer,2024-10-01,3560.0,100000.0,0.25,0.0356
always_on_account_aware_sizer,2024-10-02,2360.0,100000.0,0.25,0.0236
always_on_account_aware_sizer,2024-10-03,2350.0,100000.0,0.25,0.0235
always_on_account_aware_sizer,2024-10-04,-920.0,100000.0,0.25,-0.0092
always_on_account_aware_sizer,2024-10-07,-30.0,100000.0,0.25,-0.0003
always_on_account_aware_sizer,2024-10-08,940.0,100000.0,0.25,0.0094
always_on_account_aware_sizer,2024-10-09,880.0,100000.0,0.25,0.0088
always_on_account_aware_sizer,2024-10-10,530.0,100000.0,0.25,0.0053
always_on_account_aware_sizer,2024-10-11,2470.0,100000.0,0.25,0.0247
always_on_account_aware_sizer,2024-10-14,-1080.0,100000.0,0.25,-0.0108
always_on_account_aware_sizer,2024-10-15,570.0,100000.0,0.25,0.0057
always_on_account_aware_sizer,2024-10-16,780.0,100000.0,0.25,0.0078
always_on_account_aware_sizer,2024-10-17,-20.0,100000.0,0.25,-0.0002
always_on_account_aware_sizer,2024-10-18,420.0,100000.0,0.25,0.0042
always_on_account_aware_sizer,2024-10-21,2020.0,100000.0,0.25,0.0202
always_on_account_aware_sizer,2024-10-22,-630.0,100000.0,0.25,-0.0063
always_on_account_aware_sizer,2024-10-23,1020.0,100000.0,0.25,0.0102
always_on_account_aware_sizer,2024-10-24,-730.0,100000.0,0.25,-0.0073
always_on_account_aware_sizer,2024-10-25,2820.0,100000.0,0.25,0.0282
always_on_account_aware_sizer,2024-10-28,-280.0,100000.0,0.25,-0.0028
always_on_account_aware_sizer,2024-10-29,620.0,100000.0,0.25,0.0062
always_on_account_aware_sizer,2024-10-30,210.0,100000.0,0.25,0.0021
always_on_account_aware_sizer,2024-10-31,-1070.0,100000.0,0.25,-0.0107
always_on_account_aware_sizer,2024-11-01,1470.0,100000.0,0.25,0.0147
always_on_account_aware_sizer,2024-11-04,-40.0,100000.0,0.25,-0.0004
always_on_account_aware_sizer,2024-11-05,1240.0,100000.0,0.25,0.0124
always_on_account_aware_sizer,2024-11-06,-330.0,100000.0,0.25,-0.0033
always_on_account_aware_sizer,2024-11-07,340.0,100000.0,0.25,0.0034
always_on_account_aware_sizer,2024-11-08,-120.0,100000.0,0.25,-0.0012
always_on_account_aware_sizer,2024-11-11,-260.0,100000.0,0.25,-0.0026
always_on_account_aware_sizer,2024-11-12,770.0,100000.0,0.25,0.0077
always_on_account_aware_sizer,2024-11-13,1520.0,100000.0,0.25,0.0152
always_on_account_aware_sizer,2024-11-14,-20.0,100000.0,0.25,-0.0002
always_on_account_aware_sizer,2024-11-15,1840.0,100000.0,0.25,0.0184
always_on_account_aware_sizer,2024-11-18,1460.0,100000.0,0.25,0.0146
always_on_account_aware_sizer,2024-11-19,-930.0,100000.0,0.25,-0.0093
always_on_account_aware_sizer,2024-11-20,3630.0,100000.0,0.25,0.0363
always_on_account_aware_sizer,2024-11-21,5510.0,100000.0,0.25,0.0551
always_on_account_aware_sizer,2024-11-22,-990.0,100000.0,0.25,-0.0099
always_on_account_aware_sizer,2024-11-25,150.0,100000.0,0.25,0.0015
always_on_account_aware_sizer,2024-11-26,-920.0,100000.0,0.25,-0.0092
always_on_account_aware_sizer,2024-11-27,440.0,100000.0,0.25,0.0044
always_on_account_aware_sizer,2024-11-29,660.0,100000.0,0.25,0.0066
always_on_account_aware_sizer,2024-12-02,-380.0,100000.0,0.25,-0.0038
always_on_account_aware_sizer,2024-12-03,-740.0,100000.0,0.25,-0.0074
always_on_account_aware_sizer,2024-12-04,-610.0,100000.0,0.25,-0.0061
always_on_account_aware_sizer,2024-12-05,-680.0,100000.0,0.25,-0.0068
always_on_account_aware_sizer,2024-12-06,40.0,100000.0,0.25,0.0004
always_on_account_aware_sizer,2024-12-09,-80.0,100000.0,0.25,-0.0008
always_on_account_aware_sizer,2024-12-10,190.0,100000.0,0.25,0.0019
always_on_account_aware_sizer,2024-12-11,10.0,100000.0,0.25,0.0001
always_on_account_aware_sizer,2024-12-12,-1130.0,100000.0,0.25,-0.0113
always_on_account_aware_sizer,2024-12-13,1120.0,100000.0,0.25,0.0112
always_on_account_aware_sizer,2024-12-16,520.0,100000.0,0.25,0.0052
always_on_account_aware_sizer,2024-12-17,1330.0,100000.0,0.25,0.0133
always_on_account_aware_sizer,2024-12-18,400.0,100000.0,0.25,0.004
always_on_account_aware_sizer,2024-12-19,50.0,100000.0,0.25,0.0005
always_on_account_aware_sizer,2024-12-20,3920.0,100000.0,0.25,0.0392
always_on_account_aware_sizer,2024-12-23,2410.0,100000.0,0.25,0.0241
always_on_account_aware_sizer,2024-12-24,500.0,100000.0,0.25,0.005
always_on_account_aware_sizer,2024-12-26,240.0,100000.0,0.25,0.0024
always_on_account_aware_sizer,2024-12-27,5820.0,100000.0,0.25,0.0582
always_on_account_aware_sizer,2024-12-30,-1350.0,100000.0,0.25,-0.0135
always_on_account_aware_sizer,2024-12-31,740.0,100000.0,0.25,0.0074
always_on_account_aware_sizer,2025-07-01,-190.0,100000.0,0.25,-0.0019
always_on_account_aware_sizer,2025-07-02,590.0,100000.0,0.25,0.0059
always_on_account_aware_sizer,2025-07-03,800.0,100000.0,0.25,0.008
always_on_account_aware_sizer,2025-07-07,2750.0,100000.0,0.25,0.0275
always_on_account_aware_sizer,2025-07-08,2950.0,100000.0,0.25,0.0295
always_on_account_aware_sizer,2025-07-09,760.0,100000.0,0.25,0.0076
always_on_account_aware_sizer,2025-07-10,1890.0,100000.0,0.25,0.0189
always_on_account_aware_sizer,2025-07-11,110.0,100000.0,0.25,0.0011
always_on_account_aware_sizer,2025-07-14,1750.0,100000.0,0.25,0.0175
always_on_account_aware_sizer,2025-07-15,2300.0,100000.0,0.25,0.023
always_on_account_aware_sizer,2025-07-16,4200.0,100000.0,0.25,0.042
always_on_account_aware_sizer,2025-07-17,1660.0,100000.0,0.25,0.0166
always_on_account_aware_sizer,2025-07-18,-140.0,100000.0,0.25,-0.0014
always_on_account_aware_sizer,2025-07-21,400.0,100000.0,0.25,0.004
always_on_account_aware_sizer,2025-07-22,1240.0,100000.0,0.25,0.0124
always_on_account_aware_sizer,2025-07-23,-170.0,100000.0,0.25,-0.0017
always_on_account_aware_sizer,2025-07-24,420.0,100000.0,0.25,0.0042
always_on_account_aware_sizer,2025-07-25,620.0,100000.0,0.25,0.0062
always_on_account_aware_sizer,2025-07-28,640.0,100000.0,0.25,0.0064
always_on_account_aware_sizer,2025-07-29,440.0,100000.0,0.25,0.0044
always_on_account_aware_sizer,2025-07-30,4050.0,100000.0,0.25,0.0405
always_on_account_aware_sizer,2025-07-31,-1150.0,100000.0,0.25,-0.0115
always_on_account_aware_sizer,2025-08-01,3410.0,100000.0,0.25,0.0341
always_on_account_aware_sizer,2025-08-04,690.0,100000.0,0.25,0.0069
always_on_account_aware_sizer,2025-08-05,3530.0,100000.0,0.25,0.0353
always_on_account_aware_sizer,2025-08-06,4510.0,100000.0,0.25,0.0451
always_on_account_aware_sizer,2025-08-07,-1470.0,100000.0,0.25,-0.0147
always_on_account_aware_sizer,2025-08-08,340.0,100000.0,0.25,0.0034
always_on_account_aware_sizer,2025-08-11,-750.0,100000.0,0.25,-0.0075
always_on_account_aware_sizer,2025-08-12,2370.0,100000.0,0.25,0.0237
always_on_account_aware_sizer,2025-08-13,1470.0,100000.0,0.25,0.0147
always_on_account_aware_sizer,2025-08-14,500.0,100000.0,0.25,0.005
always_on_account_aware_sizer,2025-08-15,-70.0,100000.0,0.25,-0.0007
always_on_account_aware_sizer,2025-08-18,-900.0,100000.0,0.25,-0.009
always_on_account_aware_sizer,2025-08-19,1270.0,100000.0,0.25,0.0127
always_on_account_aware_sizer,2025-08-20,-960.0,100000.0,0.25,-0.0096
always_on_account_aware_sizer,2025-08-21,2300.0,100000.0,0.25,0.023
always_on_account_aware_sizer,2025-08-22,8080.0,100000.0,0.25,0.0808
always_on_account_aware_sizer,2025-08-25,300.0,100000.0,0.25,0.003
always_on_account_aware_sizer,2025-08-26,770.0,100000.0,0.25,0.0077
always_on_account_aware_sizer,2025-08-27,360.0,100000.0,0.25,0.0036
always_on_account_aware_sizer,2025-08-28,-50.0,100000.0,0.25,-0.0005
always_on_account_aware_sizer,2025-08-29,750.0,100000.0,0.25,0.0075
always_on_account_aware_sizer,2025-09-02,-960.0,100000.0,0.25,-0.0096
always_on_account_aware_sizer,2025-09-03,200.0,100000.0,0.25,0.002
always_on_account_aware_sizer,2025-09-04,3200.0,100000.0,0.25,0.032
always_on_account_aware_sizer,2025-09-05,6210.0,100000.0,0.25,0.0621
always_on_account_aware_sizer,2025-09-08,1750.0,100000.0,0.25,0.0175
always_on_account_aware_sizer,2025-09-09,440.0,100000.0,0.25,0.0044
always_on_account_aware_sizer,2025-09-10,-660.0,100000.0,0.25,-0.0066
always_on_account_aware_sizer,2025-09-11,1160.0,100000.0,0.25,0.0116
always_on_account_aware_sizer,2025-09-12,450.0,100000.0,0.25,0.0045
always_on_account_aware_sizer,2025-09-15,320.0,100000.0,0.25,0.0032
always_on_account_aware_sizer,2025-09-16,-900.0,100000.0,0.25,-0.009
always_on_account_aware_sizer,2025-09-17,9060.0,100000.0,0.25,0.0906
always_on_account_aware_sizer,2025-09-18,2700.0,100000.0,0.25,0.027
always_on_account_aware_sizer,2025-09-19,330.0,100000.0,0.25,0.0033
always_on_account_aware_sizer,2025-09-22,2200.0,100000.0,0.25,0.022
always_on_account_aware_sizer,2025-09-23,2520.0,100000.0,0.25,0.0252
always_on_account_aware_sizer,2025-09-24,90.0,100000.0,0.25,0.0009
always_on_account_aware_sizer,2025-09-25,-1660.0,100000.0,0.25,-0.0166
always_on_account_aware_sizer,2025-09-26,6030.0,100000.0,0.25,0.0603
always_on_account_aware_sizer,2025-09-29,840.0,100000.0,0.25,0.0084
always_on_account_aware_sizer,2025-09-30,1080.0,100000.0,0.25,0.0108
always_on_account_aware_sizer,2025-10-01,-520.0,100000.0,0.25,-0.0052
always_on_account_aware_sizer,2025-10-02,1080.0,100000.0,0.25,0.0108
always_on_account_aware_sizer,2025-10-03,3040.0,100000.0,0.25,0.0304
always_on_account_aware_sizer,2025-10-06,750.0,100000.0,0.25,0.0075
always_on_account_aware_sizer,2025-10-07,510.0,100000.0,0.25,0.0051
always_on_account_aware_sizer,2025-10-08,1070.0,100000.0,0.25,0.0107
always_on_account_aware_sizer,2025-10-09,260.0,100000.0,0.25,0.0026
always_on_account_aware_sizer,2025-10-10,530.0,100000.0,0.25,0.0053
always_on_account_aware_sizer,2025-10-13,1840.0,100000.0,0.25,0.0184
always_on_account_aware_sizer,2025-10-14,860.0,100000.0,0.25,0.0086
always_on_account_aware_sizer,2025-10-15,3010.0,100000.0,0.25,0.0301
always_on_account_aware_sizer,2025-10-16,670.0,100000.0,0.25,0.0067
always_on_account_aware_sizer,2025-10-17,3160.0,100000.0,0.25,0.0316
always_on_account_aware_sizer,2025-10-20,1620.0,100000.0,0.25,0.0162
always_on_account_aware_sizer,2025-10-21,950.0,100000.0,0.25,0.0095
always_on_account_aware_sizer,2025-10-22,1700.0,100000.0,0.25,0.017
always_on_account_aware_sizer,2025-10-23,1250.0,100000.0,0.25,0.0125
always_on_account_aware_sizer,2025-10-24,880.0,100000.0,0.25,0.0088
always_on_account_aware_sizer,2025-10-27,320.0,100000.0,0.25,0.0032
always_on_account_aware_sizer,2025-10-28,-230.0,100000.0,0.25,-0.0023
always_on_account_aware_sizer,2025-10-29,6870.0,100000.0,0.25,0.0687
always_on_account_aware_sizer,2025-10-30,610.0,100000.0,0.25,0.0061
always_on_account_aware_sizer,2025-10-31,2140.0,100000.0,0.25,0.0214
always_on_account_aware_sizer,2025-11-03,2800.0,100000.0,0.25,0.028
always_on_account_aware_sizer,2025-11-04,1740.0,100000.0,0.25,0.0174
always_on_account_aware_sizer,2025-11-05,700.0,100000.0,0.25,0.007
always_on_account_aware_sizer,2025-11-06,890.0,100000.0,0.25,0.0089
always_on_account_aware_sizer,2025-11-07,1360.0,100000.0,0.25,0.0136
always_on_account_aware_sizer,2025-11-10,-470.0,100000.0,0.25,-0.0047
always_on_account_aware_sizer,2025-11-11,1180.0,100000.0,0.25,0.0118
always_on_account_aware_sizer,2025-11-12,2110.0,100000.0,0.25,0.0211
always_on_account_aware_sizer,2025-11-13,3740.0,100000.0,0.25,0.0374
always_on_account_aware_sizer,2025-11-14,5330.0,100000.0,0.25,0.0533
always_on_account_aware_sizer,2025-11-17,530.0,100000.0,0.25,0.0053
always_on_account_aware_sizer,2025-11-18,4430.0,100000.0,0.25,0.0443
always_on_account_aware_sizer,2025-11-19,2950.0,100000.0,0.25,0.0295
always_on_account_aware_sizer,2025-11-20,4870.0,100000.0,0.25,0.0487
always_on_account_aware_sizer,2025-11-21,6850.0,100000.0,0.25,0.0685
always_on_account_aware_sizer,2025-11-24,2500.0,100000.0,0.25,0.025
always_on_account_aware_sizer,2025-11-25,-250.0,100000.0,0.25,-0.0025
always_on_account_aware_sizer,2025-11-26,-1520.0,100000.0,0.25,-0.0152
always_on_account_aware_sizer,2025-11-28,-120.0,100000.0,0.25,-0.0012
always_on_account_aware_sizer,2025-12-01,1450.0,100000.0,0.25,0.0145
always_on_account_aware_sizer,2025-12-02,1370.0,100000.0,0.25,0.0137
always_on_account_aware_sizer,2025-12-03,2020.0,100000.0,0.25,0.0202
always_on_account_aware_sizer,2025-12-04,1940.0,100000.0,0.25,0.0194
always_on_account_aware_sizer,2025-12-05,1270.0,100000.0,0.25,0.0127
always_on_account_aware_sizer,2025-12-08,1830.0,100000.0,0.25,0.0183
always_on_account_aware_sizer,2025-12-09,0.0,100000.0,0.25,0.0
always_on_account_aware_sizer,2025-12-10,2770.0,100000.0,0.25,0.0277
always_on_account_aware_sizer,2025-12-11,-1610.0,100000.0,0.25,-0.0161
always_on_account_aware_sizer,2025-12-12,1220.0,100000.0,0.25,0.0122
always_on_account_aware_sizer,2025-12-15,860.0,100000.0,0.25,0.0086
always_on_account_aware_sizer,2025-12-16,-1050.0,100000.0,0.25,-0.0105
always_on_account_aware_sizer,2025-12-17,1620.0,100000.0,0.25,0.0162
always_on_account_aware_sizer,2025-12-18,-1040.0,100000.0,0.25,-0.0104
always_on_account_aware_sizer,2025-12-19,430.0,100000.0,0.25,0.0043
always_on_account_aware_sizer,2025-12-22,460.0,100000.0,0.25,0.0046
always_on_account_aware_sizer,2025-12-23,910.0,100000.0,0.25,0.0091
always_on_account_aware_sizer,2025-12-24,90.0,100000.0,0.25,0.0009
always_on_account_aware_sizer,2025-12-26,-430.0,100000.0,0.25,-0.0043
always_on_account_aware_sizer,2025-12-29,20.0,100000.0,0.25,0.0002
always_on_account_aware_sizer,2025-12-30,60.0,100000.0,0.25,0.0006
always_on_account_aware_sizer,2025-12-31,-10.0,100000.0,0.25,-0.0001
always_on_account_aware_sizer,2026-01-02,3580.0,100000.0,0.25,0.0358
always_on_account_aware_sizer,2026-01-05,1440.0,100000.0,0.25,0.0144
always_on_account_aware_sizer,2026-01-06,-520.0,100000.0,0.25,-0.0052
always_on_account_aware_sizer,2026-01-07,530.0,100000.0,0.25,0.0053
always_on_account_aware_sizer,2026-01-08,-990.0,100000.0,0.25,-0.0099
always_on_account_aware_sizer,2026-01-09,-960.0,100000.0,0.25,-0.0096
always_on_account_aware_sizer,2026-01-12,540.0,100000.0,0.25,0.0054
always_on_account_aware_sizer,2026-01-13,-350.0,100000.0,0.25,-0.0035
always_on_account_aware_sizer,2026-01-14,2550.0,100000.0,0.25,0.0255
always_on_account_aware_sizer,2026-01-15,-480.0,100000.0,0.25,-0.0048
always_on_account_aware_sizer,2026-01-16,1610.0,100000.0,0.25,0.0161
always_on_account_aware_sizer,2026-01-20,1140.0,100000.0,0.25,0.0114
always_on_account_aware_sizer,2026-01-21,7060.0,100000.0,0.25,0.0706
always_on_account_aware_sizer,2026-01-22,1020.0,100000.0,0.25,0.0102
always_on_account_aware_sizer,2026-01-23,40.0,100000.0,0.25,0.0004
always_on_account_aware_sizer,2026-01-26,-50.0,100000.0,0.25,-0.0005
always_on_account_aware_sizer,2026-01-27,1370.0,100000.0,0.25,0.0137
always_on_account_aware_sizer,2026-01-28,1410.0,100000.0,0.25,0.0141
always_on_account_aware_sizer,2026-01-29,3360.0,100000.0,0.25,0.0336
always_on_account_aware_sizer,2026-01-30,-320.0,100000.0,0.25,-0.0032
always_on_account_aware_sizer,2026-02-02,-60.0,100000.0,0.25,-0.0006
always_on_account_aware_sizer,2026-02-03,2310.0,100000.0,0.25,0.0231
always_on_account_aware_sizer,2026-02-04,-1400.0,100000.0,0.25,-0.014
always_on_account_aware_sizer,2026-02-05,2780.0,100000.0,0.25,0.0278
always_on_account_aware_sizer,2026-02-09,1480.0,100000.0,0.25,0.0148
always_on_account_aware_sizer,2026-02-10,160.0,100000.0,0.25,0.0016
always_on_account_aware_sizer,2026-02-11,1590.0,100000.0,0.25,0.0159
always_on_account_aware_sizer,2026-02-12,2300.0,100000.0,0.25,0.023
always_on_account_aware_sizer,2026-02-13,4510.0,100000.0,0.25,0.0451
always_on_account_aware_sizer,2026-02-17,5430.0,100000.0,0.25,0.0543
always_on_account_aware_sizer,2026-02-18,-820.0,100000.0,0.25,-0.0082
always_on_account_aware_sizer,2026-02-19,0.0,100000.0,0.25,0.0
always_on_account_aware_sizer,2026-02-20,2230.0,100000.0,0.25,0.0223
always_on_account_aware_sizer,2026-02-23,1950.0,100000.0,0.25,0.0195
always_on_account_aware_sizer,2026-02-24,2120.0,100000.0,0.25,0.0212
always_on_account_aware_sizer,2026-02-25,-660.0,100000.0,0.25,-0.0066
always_on_account_aware_sizer,2026-02-26,70.0,100000.0,0.25,0.0007
always_on_account_aware_sizer,2026-02-27,970.0,100000.0,0.25,0.0097
always_on_account_aware_sizer,2026-03-02,-920.0,100000.0,0.25,-0.0092
always_on_account_aware_sizer,2026-03-03,10360.0,100000.0,0.25,0.1036
always_on_account_aware_sizer,2026-03-04,-1890.0,100000.0,0.25,-0.0189
always_on_account_aware_sizer,2026-03-05,4650.0,100000.0,0.25,0.0465
always_on_account_aware_sizer,2026-03-06,1810.0,100000.0,0.25,0.0181
always_on_account_aware_sizer,2026-03-09,980.0,100000.0,0.25,0.0098
always_on_account_aware_sizer,2026-03-10,-1130.0,100000.0,0.25,-0.0113
always_on_account_aware_sizer,2026-03-11,-1690.0,100000.0,0.25,-0.0169
always_on_account_aware_sizer,2026-03-12,1030.0,100000.0,0.25,0.0103
always_on_account_aware_sizer,2026-03-13,-1070.0,100000.0,0.25,-0.0107
always_on_account_aware_sizer,2026-03-16,-810.0,100000.0,0.25,-0.0081
always_on_account_aware_sizer,2026-03-17,-770.0,100000.0,0.25,-0.0077
always_on_account_aware_sizer,2026-03-18,2330.0,100000.0,0.25,0.0233
always_on_account_aware_sizer,2026-03-19,2540.0,100000.0,0.25,0.0254
always_on_account_aware_sizer,2026-03-20,2320.0,100000.0,0.25,0.0232
always_on_account_aware_sizer,2026-03-23,3730.0,100000.0,0.25,0.0373
always_on_account_aware_sizer,2026-03-24,1860.0,100000.0,0.25,0.0186
always_on_account_aware_sizer,2026-03-25,1610.0,100000.0,0.25,0.0161
always_on_account_aware_sizer,2026-03-26,20.0,100000.0,0.25,0.0002
always_on_account_aware_sizer,2026-03-27,1770.0,100000.0,0.25,0.0177
always_on_account_aware_sizer,2026-03-30,5340.0,100000.0,0.25,0.0534
always_on_account_aware_sizer,2026-03-31,3860.0,100000.0,0.25,0.0386
one_contract_baseline,2024-10-01,3210.0,100000.0,0.5,0.0321
one_contract_baseline,2024-10-02,2210.0,100000.0,0.5,0.0221
one_contract_baseline,2024-10-03,2150.0,100000.0,0.5,0.0215
one_contract_baseline,2024-10-04,1910.0,100000.0,0.5,0.0191
one_contract_baseline,2024-10-07,-230.0,100000.0,0.5,-0.0023
one_contract_baseline,2024-10-08,840.0,100000.0,0.5,0.0084
one_contract_baseline,2024-10-09,730.0,100000.0,0.5,0.0073
one_contract_baseline,2024-10-10,430.0,100000.0,0.5,0.0043
one_contract_baseline,2024-10-11,2270.0,100000.0,0.5,0.0227
one_contract_baseline,2024-10-14,-1080.0,100000.0,0.5,-0.0108
one_contract_baseline,2024-10-15,470.0,100000.0,0.5,0.0047
one_contract_baseline,2024-10-16,630.0,100000.0,0.5,0.0063
one_contract_baseline,2024-10-17,-220.0,100000.0,0.5,-0.0022
one_contract_baseline,2024-10-18,170.0,100000.0,0.5,0.0017
one_contract_baseline,2024-10-21,1870.0,100000.0,0.5,0.0187
one_contract_baseline,2024-10-22,-780.0,100000.0,0.5,-0.0078
one_contract_baseline,2024-10-23,870.0,100000.0,0.5,0.0087
one_contract_baseline,2024-10-24,-830.0,100000.0,0.5,-0.0083
one_contract_baseline,2024-10-25,2570.0,100000.0,0.5,0.0257
one_contract_baseline,2024-10-28,-380.0,100000.0,0.5,-0.0038
one_contract_baseline,2024-10-29,470.0,100000.0,0.5,0.0047
one_contract_baseline,2024-10-30,60.0,100000.0,0.5,0.0006
one_contract_baseline,2024-10-31,-2480.0,100000.0,0.5,-0.0248
one_contract_baseline,2024-11-01,1220.0,100000.0,0.5,0.0122
one_contract_baseline,2024-11-04,-140.0,100000.0,0.5,-0.0014
one_contract_baseline,2024-11-05,890.0,100000.0,0.5,0.0089
one_contract_baseline,2024-11-06,-680.0,100000.0,0.5,-0.0068
one_contract_baseline,2024-11-07,240.0,100000.0,0.5,0.0024
one_contract_baseline,2024-11-08,-220.0,100000.0,0.5,-0.0022
one_contract_baseline,2024-11-11,-360.0,100000.0,0.5,-0.0036
one_contract_baseline,2024-11-12,670.0,100000.0,0.5,0.0067
one_contract_baseline,2024-11-13,1150.0,100000.0,0.5,0.0115
one_contract_baseline,2024-11-14,-70.0,100000.0,0.5,-0.0007
one_contract_baseline,2024-11-15,1420.0,100000.0,0.5,0.0142
one_contract_baseline,2024-11-18,1360.0,100000.0,0.5,0.0136
one_contract_baseline,2024-11-19,990.0,100000.0,0.5,0.0099
one_contract_baseline,2024-11-20,3380.0,100000.0,0.5,0.0338
one_contract_baseline,2024-11-21,5310.0,100000.0,0.5,0.0531
one_contract_baseline,2024-11-22,-1800.0,100000.0,0.5,-0.018
one_contract_baseline,2024-11-25,190.0,100000.0,0.5,0.0019
one_contract_baseline,2024-11-26,-1190.0,100000.0,0.5,-0.0119
one_contract_baseline,2024-11-27,240.0,100000.0,0.5,0.0024
one_contract_baseline,2024-11-29,610.0,100000.0,0.5,0.0061
one_contract_baseline,2024-12-02,-480.0,100000.0,0.5,-0.0048
one_contract_baseline,2024-12-03,-840.0,100000.0,0.5,-0.0084
one_contract_baseline,2024-12-04,-760.0,100000.0,0.5,-0.0076
one_contract_baseline,2024-12-05,-780.0,100000.0,0.5,-0.0078
one_contract_baseline,2024-12-06,-110.0,100000.0,0.5,-0.0011
one_contract_baseline,2024-12-09,-230.0,100000.0,0.5,-0.0023
one_contract_baseline,2024-12-10,90.0,100000.0,0.5,0.0009
one_contract_baseline,2024-12-11,-90.0,100000.0,0.5,-0.0009
one_contract_baseline,2024-12-12,-1390.0,100000.0,0.5,-0.0139
one_contract_baseline,2024-12-13,1020.0,100000.0,0.5,0.0102
one_contract_baseline,2024-12-16,370.0,100000.0,0.5,0.0037
one_contract_baseline,2024-12-17,790.0,100000.0,0.5,0.0079
one_contract_baseline,2024-12-18,250.0,100000.0,0.5,0.0025
one_contract_baseline,2024-12-19,-100.0,100000.0,0.5,-0.001
one_contract_baseline,2024-12-20,3820.0,100000.0,0.5,0.0382
one_contract_baseline,2024-12-23,1570.0,100000.0,0.5,0.0157
one_contract_baseline,2024-12-24,450.0,100000.0,0.5,0.0045
one_contract_baseline,2024-12-26,90.0,100000.0,0.5,0.0009
one_contract_baseline,2024-12-27,5000.0,100000.0,0.5,0.05
one_contract_baseline,2024-12-30,-150.0,100000.0,0.5,-0.0015
one_contract_baseline,2024-12-31,590.0,100000.0,0.5,0.0059
one_contract_baseline,2025-07-01,-180.0,100000.0,0.5,-0.0018
one_contract_baseline,2025-07-02,490.0,100000.0,0.5,0.0049
one_contract_baseline,2025-07-03,290.0,100000.0,0.5,0.0029
one_contract_baseline,2025-07-07,980.0,100000.0,0.5,0.0098
one_contract_baseline,2025-07-08,710.0,100000.0,0.5,0.0071
one_contract_baseline,2025-07-09,270.0,100000.0,0.5,0.0027
one_contract_baseline,2025-07-10,420.0,100000.0,0.5,0.0042
one_contract_baseline,2025-07-11,-140.0,100000.0,0.5,-0.0014
one_contract_baseline,2025-07-14,570.0,100000.0,0.5,0.0057
one_contract_baseline,2025-07-15,980.0,100000.0,0.5,0.0098
one_contract_baseline,2025-07-16,3240.0,100000.0,0.5,0.0324
one_contract_baseline,2025-07-17,840.0,100000.0,0.5,0.0084
one_contract_baseline,2025-07-18,-190.0,100000.0,0.5,-0.0019
one_contract_baseline,2025-07-21,300.0,100000.0,0.5,0.003
one_contract_baseline,2025-07-22,550.0,100000.0,0.5,0.0055
one_contract_baseline,2025-07-23,-320.0,100000.0,0.5,-0.0032
one_contract_baseline,2025-07-24,60.0,100000.0,0.5,0.0006
one_contract_baseline,2025-07-25,250.0,100000.0,0.5,0.0025
one_contract_baseline,2025-07-28,260.0,100000.0,0.5,0.0026
one_contract_baseline,2025-07-29,340.0,100000.0,0.5,0.0034
one_contract_baseline,2025-07-30,1850.0,100000.0,0.5,0.0185
one_contract_baseline,2025-07-31,-540.0,100000.0,0.5,-0.0054
one_contract_baseline,2025-08-01,1920.0,100000.0,0.5,0.0192
one_contract_baseline,2025-08-04,450.0,100000.0,0.5,0.0045
one_contract_baseline,2025-08-05,2240.0,100000.0,0.5,0.0224
one_contract_baseline,2025-08-06,2010.0,100000.0,0.5,0.0201
one_contract_baseline,2025-08-07,-760.0,100000.0,0.5,-0.0076
one_contract_baseline,2025-08-08,240.0,100000.0,0.5,0.0024
one_contract_baseline,2025-08-11,-950.0,100000.0,0.5,-0.0095
one_contract_baseline,2025-08-12,2070.0,100000.0,0.5,0.0207
one_contract_baseline,2025-08-13,480.0,100000.0,0.5,0.0048
one_contract_baseline,2025-08-14,-250.0,100000.0,0.5,-0.0025
one_contract_baseline,2025-08-15,20.0,100000.0,0.5,0.0002
one_contract_baseline,2025-08-18,-660.0,100000.0,0.5,-0.0066
one_contract_baseline,2025-08-19,1070.0,100000.0,0.5,0.0107
one_contract_baseline,2025-08-20,1110.0,100000.0,0.5,0.0111
one_contract_baseline,2025-08-21,1680.0,100000.0,0.5,0.0168
one_contract_baseline,2025-08-22,4540.0,100000.0,0.5,0.0454
one_contract_baseline,2025-08-25,150.0,100000.0,0.5,0.0015
one_contract_baseline,2025-08-26,-200.0,100000.0,0.5,-0.002
one_contract_baseline,2025-08-27,60.0,100000.0,0.5,0.0006
one_contract_baseline,2025-08-28,100.0,100000.0,0.5,0.001
one_contract_baseline,2025-08-29,310.0,100000.0,0.5,0.0031
one_contract_baseline,2025-09-02,-1110.0,100000.0,0.5,-0.0111
one_contract_baseline,2025-09-03,-50.0,100000.0,0.5,-0.0005
one_contract_baseline,2025-09-04,1750.0,100000.0,0.5,0.0175
one_contract_baseline,2025-09-05,4010.0,100000.0,0.5,0.0401
one_contract_baseline,2025-09-08,880.0,100000.0,0.5,0.0088
one_contract_baseline,2025-09-09,70.0,100000.0,0.5,0.0007
one_contract_baseline,2025-09-10,-740.0,100000.0,0.5,-0.0074
one_contract_baseline,2025-09-11,780.0,100000.0,0.5,0.0078
one_contract_baseline,2025-09-12,140.0,100000.0,0.5,0.0014
one_contract_baseline,2025-09-15,170.0,100000.0,0.5,0.0017
one_contract_baseline,2025-09-16,-550.0,100000.0,0.5,-0.0055
one_contract_baseline,2025-09-17,4120.0,100000.0,0.5,0.0412
one_contract_baseline,2025-09-18,970.0,100000.0,0.5,0.0097
one_contract_baseline,2025-09-19,120.0,100000.0,0.5,0.0012
one_contract_baseline,2025-09-22,1010.0,100000.0,0.5,0.0101
one_contract_baseline,2025-09-23,880.0,100000.0,0.5,0.0088
one_contract_baseline,2025-09-24,-100.0,100000.0,0.5,-0.001
one_contract_baseline,2025-09-25,-1500.0,100000.0,0.5,-0.015
one_contract_baseline,2025-09-26,3430.0,100000.0,0.5,0.0343
one_contract_baseline,2025-09-29,180.0,100000.0,0.5,0.0018
one_contract_baseline,2025-09-30,220.0,100000.0,0.5,0.0022
one_contract_baseline,2025-10-01,-620.0,100000.0,0.5,-0.0062
one_contract_baseline,2025-10-02,880.0,100000.0,0.5,0.0088
one_contract_baseline,2025-10-03,1580.0,100000.0,0.5,0.0158
one_contract_baseline,2025-10-06,400.0,100000.0,0.5,0.004
one_contract_baseline,2025-10-07,360.0,100000.0,0.5,0.0036
one_contract_baseline,2025-10-08,910.0,100000.0,0.5,0.0091
one_contract_baseline,2025-10-09,110.0,100000.0,0.5,0.0011
one_contract_baseline,2025-10-10,330.0,100000.0,0.5,0.0033
one_contract_baseline,2025-10-13,1640.0,100000.0,0.5,0.0164
one_contract_baseline,2025-10-14,460.0,100000.0,0.5,0.0046
one_contract_baseline,2025-10-15,2560.0,100000.0,0.5,0.0256
one_contract_baseline,2025-10-16,520.0,100000.0,0.5,0.0052
one_contract_baseline,2025-10-17,2810.0,100000.0,0.5,0.0281
one_contract_baseline,2025-10-20,1420.0,100000.0,0.5,0.0142
one_contract_baseline,2025-10-21,850.0,100000.0,0.5,0.0085
one_contract_baseline,2025-10-22,1510.0,100000.0,0.5,0.0151
one_contract_baseline,2025-10-23,1050.0,100000.0,0.5,0.0105
one_contract_baseline,2025-10-24,680.0,100000.0,0.5,0.0068
one_contract_baseline,2025-10-27,50.0,100000.0,0.5,0.0005
one_contract_baseline,2025-10-28,-480.0,100000.0,0.5,-0.0048
one_contract_baseline,2025-10-29,5250.0,100000.0,0.5,0.0525
one_contract_baseline,2025-10-30,220.0,100000.0,0.5,0.0022
one_contract_baseline,2025-10-31,1790.0,100000.0,0.5,0.0179
one_contract_baseline,2025-11-03,2230.0,100000.0,0.5,0.0223
one_contract_baseline,2025-11-04,850.0,100000.0,0.5,0.0085
one_contract_baseline,2025-11-05,550.0,100000.0,0.5,0.0055
one_contract_baseline,2025-11-06,790.0,100000.0,0.5,0.0079
one_contract_baseline,2025-11-07,1110.0,100000.0,0.5,0.0111
one_contract_baseline,2025-11-10,-670.0,100000.0,0.5,-0.0067
one_contract_baseline,2025-11-11,980.0,100000.0,0.5,0.0098
one_contract_baseline,2025-11-12,1910.0,100000.0,0.5,0.0191
one_contract_baseline,2025-11-13,3540.0,100000.0,0.5,0.0354
one_contract_baseline,2025-11-14,4880.0,100000.0,0.5,0.0488
one_contract_baseline,2025-11-17,180.0,100000.0,0.5,0.0018
one_contract_baseline,2025-11-18,4080.0,100000.0,0.5,0.0408
one_contract_baseline,2025-11-19,2870.0,100000.0,0.5,0.0287
one_contract_baseline,2025-11-20,4570.0,100000.0,0.5,0.0457
one_contract_baseline,2025-11-21,6300.0,100000.0,0.5,0.063
one_contract_baseline,2025-11-24,2300.0,100000.0,0.5,0.023
one_contract_baseline,2025-11-25,-400.0,100000.0,0.5,-0.004
one_contract_baseline,2025-11-26,-1620.0,100000.0,0.5,-0.0162
one_contract_baseline,2025-11-28,-270.0,100000.0,0.5,-0.0027
one_contract_baseline,2025-12-01,1300.0,100000.0,0.5,0.013
one_contract_baseline,2025-12-02,1220.0,100000.0,0.5,0.0122
one_contract_baseline,2025-12-03,1350.0,100000.0,0.5,0.0135
one_contract_baseline,2025-12-04,840.0,100000.0,0.5,0.0084
one_contract_baseline,2025-12-05,920.0,100000.0,0.5,0.0092
one_contract_baseline,2025-12-08,1630.0,100000.0,0.5,0.0163
one_contract_baseline,2025-12-09,-250.0,100000.0,0.5,-0.0025
one_contract_baseline,2025-12-10,2570.0,100000.0,0.5,0.0257
one_contract_baseline,2025-12-11,-1740.0,100000.0,0.5,-0.0174
one_contract_baseline,2025-12-12,1120.0,100000.0,0.5,0.0112
one_contract_baseline,2025-12-15,510.0,100000.0,0.5,0.0051
one_contract_baseline,2025-12-16,-1150.0,100000.0,0.5,-0.0115
one_contract_baseline,2025-12-17,1520.0,100000.0,0.5,0.0152
one_contract_baseline,2025-12-18,-660.0,100000.0,0.5,-0.0066
one_contract_baseline,2025-12-19,180.0,100000.0,0.5,0.0018
one_contract_baseline,2025-12-22,310.0,100000.0,0.5,0.0031
one_contract_baseline,2025-12-23,810.0,100000.0,0.5,0.0081
one_contract_baseline,2025-12-24,-10.0,100000.0,0.5,-0.0001
one_contract_baseline,2025-12-26,-580.0,100000.0,0.5,-0.0058
one_contract_baseline,2025-12-29,-180.0,100000.0,0.5,-0.0018
one_contract_baseline,2025-12-30,-340.0,100000.0,0.5,-0.0034
one_contract_baseline,2025-12-31,-210.0,100000.0,0.5,-0.0021
one_contract_baseline,2026-01-02,1020.0,100000.0,0.5,0.0102
one_contract_baseline,2026-01-05,860.0,100000.0,0.5,0.0086
one_contract_baseline,2026-01-06,-870.0,100000.0,0.5,-0.0087
one_contract_baseline,2026-01-07,-180.0,100000.0,0.5,-0.0018
one_contract_baseline,2026-01-08,-1190.0,100000.0,0.5,-0.0119
one_contract_baseline,2026-01-09,830.0,100000.0,0.5,0.0083
one_contract_baseline,2026-01-12,340.0,100000.0,0.5,0.0034
one_contract_baseline,2026-01-13,-550.0,100000.0,0.5,-0.0055
one_contract_baseline,2026-01-14,1110.0,100000.0,0.5,0.0111
one_contract_baseline,2026-01-15,-170.0,100000.0,0.5,-0.0017
one_contract_baseline,2026-01-16,1510.0,100000.0,0.5,0.0151
one_contract_baseline,2026-01-20,870.0,100000.0,0.5,0.0087
one_contract_baseline,2026-01-21,5200.0,100000.0,0.5,0.052
one_contract_baseline,2026-01-22,820.0,100000.0,0.5,0.0082
one_contract_baseline,2026-01-23,-110.0,100000.0,0.5,-0.0011
one_contract_baseline,2026-01-26,-150.0,100000.0,0.5,-0.0015
one_contract_baseline,2026-01-27,1170.0,100000.0,0.5,0.0117
one_contract_baseline,2026-01-28,1260.0,100000.0,0.5,0.0126
one_contract_baseline,2026-01-29,3700.0,100000.0,0.5,0.037
one_contract_baseline,2026-01-30,-420.0,100000.0,0.5,-0.0042
one_contract_baseline,2026-02-02,-110.0,100000.0,0.5,-0.0011
one_contract_baseline,2026-02-03,2110.0,100000.0,0.5,0.0211
one_contract_baseline,2026-02-04,1240.0,100000.0,0.5,0.0124
one_contract_baseline,2026-02-05,2730.0,100000.0,0.5,0.0273
one_contract_baseline,2026-02-09,1180.0,100000.0,0.5,0.0118
one_contract_baseline,2026-02-10,60.0,100000.0,0.5,0.0006
one_contract_baseline,2026-02-11,2110.0,100000.0,0.5,0.0211
one_contract_baseline,2026-02-12,2200.0,100000.0,0.5,0.022
one_contract_baseline,2026-02-13,3390.0,100000.0,0.5,0.0339
one_contract_baseline,2026-02-17,5280.0,100000.0,0.5,0.0528
one_contract_baseline,2026-02-18,-560.0,100000.0,0.5,-0.0056
one_contract_baseline,2026-02-19,-250.0,100000.0,0.5,-0.0025
one_contract_baseline,2026-02-20,1980.0,100000.0,0.5,0.0198
one_contract_baseline,2026-02-23,1600.0,100000.0,0.5,0.016
one_contract_baseline,2026-02-24,1430.0,100000.0,0.5,0.0143
one_contract_baseline,2026-02-25,-760.0,100000.0,0.5,-0.0076
one_contract_baseline,2026-02-26,-80.0,100000.0,0.5,-0.0008
one_contract_baseline,2026-02-27,720.0,100000.0,0.5,0.0072
one_contract_baseline,2026-03-02,1120.0,100000.0,0.5,0.0112
one_contract_baseline,2026-03-03,8670.0,100000.0,0.5,0.0867
one_contract_baseline,2026-03-04,-2480.0,100000.0,0.5,-0.0248
one_contract_baseline,2026-03-05,4400.0,100000.0,0.5,0.044
one_contract_baseline,2026-03-06,1610.0,100000.0,0.5,0.0161
one_contract_baseline,2026-03-09,830.0,100000.0,0.5,0.0083
one_contract_baseline,2026-03-10,-770.0,100000.0,0.5,-0.0077
one_contract_baseline,2026-03-11,-1210.0,100000.0,0.5,-0.0121
one_contract_baseline,2026-03-12,730.0,100000.0,0.5,0.0073
one_contract_baseline,2026-03-13,140.0,100000.0,0.5,0.0014
one_contract_baseline,2026-03-16,-1640.0,100000.0,0.5,-0.0164
one_contract_baseline,2026-03-17,-200.0,100000.0,0.5,-0.002
one_contract_baseline,2026-03-18,2230.0,100000.0,0.5,0.0223
one_contract_baseline,2026-03-19,1630.0,100000.0,0.5,0.0163
one_contract_baseline,2026-03-20,1950.0,100000.0,0.5,0.0195
one_contract_baseline,2026-03-23,3190.0,100000.0,0.5,0.0319
one_contract_baseline,2026-03-24,1660.0,100000.0,0.5,0.0166
one_contract_baseline,2026-03-25,1310.0,100000.0,0.5,0.0131
one_contract_baseline,2026-03-26,-470.0,100000.0,0.5,-0.0047
one_contract_baseline,2026-03-27,850.0,100000.0,0.5,0.0085
one_contract_baseline,2026-03-30,4680.0,100000.0,0.5,0.0468
one_contract_baseline,2026-03-31,2560.0,100000.0,0.5,0.0256
always_on_account_aware_sizer,2024-10-01,3210.0,100000.0,0.5,0.0321
always_on_account_aware_sizer,2024-10-02,2210.0,100000.0,0.5,0.0221
always_on_account_aware_sizer,2024-10-03,2150.0,100000.0,0.5,0.0215
always_on_account_aware_sizer,2024-10-04,-970.0,100000.0,0.5,-0.0097
always_on_account_aware_sizer,2024-10-07,-230.0,100000.0,0.5,-0.0023
always_on_account_aware_sizer,2024-10-08,840.0,100000.0,0.5,0.0084
always_on_account_aware_sizer,2024-10-09,730.0,100000.0,0.5,0.0073
always_on_account_aware_sizer,2024-10-10,430.0,100000.0,0.5,0.0043
always_on_account_aware_sizer,2024-10-11,2270.0,100000.0,0.5,0.0227
always_on_account_aware_sizer,2024-10-14,-1230.0,100000.0,0.5,-0.0123
always_on_account_aware_sizer,2024-10-15,470.0,100000.0,0.5,0.0047
always_on_account_aware_sizer,2024-10-16,630.0,100000.0,0.5,0.0063
always_on_account_aware_sizer,2024-10-17,-220.0,100000.0,0.5,-0.0022
always_on_account_aware_sizer,2024-10-18,170.0,100000.0,0.5,0.0017
always_on_account_aware_sizer,2024-10-21,1870.0,100000.0,0.5,0.0187
always_on_account_aware_sizer,2024-10-22,-780.0,100000.0,0.5,-0.0078
always_on_account_aware_sizer,2024-10-23,870.0,100000.0,0.5,0.0087
always_on_account_aware_sizer,2024-10-24,-830.0,100000.0,0.5,-0.0083
always_on_account_aware_sizer,2024-10-25,2570.0,100000.0,0.5,0.0257
always_on_account_aware_sizer,2024-10-28,-380.0,100000.0,0.5,-0.0038
always_on_account_aware_sizer,2024-10-29,470.0,100000.0,0.5,0.0047
always_on_account_aware_sizer,2024-10-30,60.0,100000.0,0.5,0.0006
always_on_account_aware_sizer,2024-10-31,-1120.0,100000.0,0.5,-0.0112
always_on_account_aware_sizer,2024-11-01,1220.0,100000.0,0.5,0.0122
always_on_account_aware_sizer,2024-11-04,-140.0,100000.0,0.5,-0.0014
always_on_account_aware_sizer,2024-11-05,890.0,100000.0,0.5,0.0089
always_on_account_aware_sizer,2024-11-06,-680.0,100000.0,0.5,-0.0068
always_on_account_aware_sizer,2024-11-07,240.0,100000.0,0.5,0.0024
always_on_account_aware_sizer,2024-11-08,-220.0,100000.0,0.5,-0.0022
always_on_account_aware_sizer,2024-11-11,-360.0,100000.0,0.5,-0.0036
always_on_account_aware_sizer,2024-11-12,670.0,100000.0,0.5,0.0067
always_on_account_aware_sizer,2024-11-13,1150.0,100000.0,0.5,0.0115
always_on_account_aware_sizer,2024-11-14,-70.0,100000.0,0.5,-0.0007
always_on_account_aware_sizer,2024-11-15,1420.0,100000.0,0.5,0.0142
always_on_account_aware_sizer,2024-11-18,1360.0,100000.0,0.5,0.0136
always_on_account_aware_sizer,2024-11-19,-1030.0,100000.0,0.5,-0.0103
always_on_account_aware_sizer,2024-11-20,3380.0,100000.0,0.5,0.0338
always_on_account_aware_sizer,2024-11-21,5310.0,100000.0,0.5,0.0531
always_on_account_aware_sizer,2024-11-22,-760.0,100000.0,0.5,-0.0076
always_on_account_aware_sizer,2024-11-25,-200.0,100000.0,0.5,-0.002
always_on_account_aware_sizer,2024-11-26,-1020.0,100000.0,0.5,-0.0102
always_on_account_aware_sizer,2024-11-27,300.0,100000.0,0.5,0.003
always_on_account_aware_sizer,2024-11-29,610.0,100000.0,0.5,0.0061
always_on_account_aware_sizer,2024-12-02,-480.0,100000.0,0.5,-0.0048
always_on_account_aware_sizer,2024-12-03,-770.0,100000.0,0.5,-0.0077
always_on_account_aware_sizer,2024-12-04,-770.0,100000.0,0.5,-0.0077
always_on_account_aware_sizer,2024-12-05,-800.0,100000.0,0.5,-0.008
always_on_account_aware_sizer,2024-12-06,-110.0,100000.0,0.5,-0.0011
always_on_account_aware_sizer,2024-12-09,-800.0,100000.0,0.5,-0.008
always_on_account_aware_sizer,2024-12-10,90.0,100000.0,0.5,0.0009
always_on_account_aware_sizer,2024-12-11,-90.0,100000.0,0.5,-0.0009
always_on_account_aware_sizer,2024-12-12,-1180.0,100000.0,0.5,-0.0118
always_on_account_aware_sizer,2024-12-13,1020.0,100000.0,0.5,0.0102
always_on_account_aware_sizer,2024-12-16,370.0,100000.0,0.5,0.0037
always_on_account_aware_sizer,2024-12-17,790.0,100000.0,0.5,0.0079
always_on_account_aware_sizer,2024-12-18,250.0,100000.0,0.5,0.0025
always_on_account_aware_sizer,2024-12-19,-100.0,100000.0,0.5,-0.001
always_on_account_aware_sizer,2024-12-20,3820.0,100000.0,0.5,0.0382
always_on_account_aware_sizer,2024-12-23,2060.0,100000.0,0.5,0.0206
always_on_account_aware_sizer,2024-12-24,450.0,100000.0,0.5,0.0045
always_on_account_aware_sizer,2024-12-26,90.0,100000.0,0.5,0.0009
always_on_account_aware_sizer,2024-12-27,5570.0,100000.0,0.5,0.0557
always_on_account_aware_sizer,2024-12-30,-1450.0,100000.0,0.5,-0.0145
always_on_account_aware_sizer,2024-12-31,590.0,100000.0,0.5,0.0059
always_on_account_aware_sizer,2025-07-01,-590.0,100000.0,0.5,-0.0059
always_on_account_aware_sizer,2025-07-02,490.0,100000.0,0.5,0.0049
always_on_account_aware_sizer,2025-07-03,650.0,100000.0,0.5,0.0065
always_on_account_aware_sizer,2025-07-07,1020.0,100000.0,0.5,0.0102
always_on_account_aware_sizer,2025-07-08,2550.0,100000.0,0.5,0.0255
always_on_account_aware_sizer,2025-07-09,360.0,100000.0,0.5,0.0036
always_on_account_aware_sizer,2025-07-10,1190.0,100000.0,0.5,0.0119
always_on_account_aware_sizer,2025-07-11,-290.0,100000.0,0.5,-0.0029
always_on_account_aware_sizer,2025-07-14,1450.0,100000.0,0.5,0.0145
always_on_account_aware_sizer,2025-07-15,1850.0,100000.0,0.5,0.0185
always_on_account_aware_sizer,2025-07-16,3750.0,100000.0,0.5,0.0375
always_on_account_aware_sizer,2025-07-17,1310.0,100000.0,0.5,0.0131
always_on_account_aware_sizer,2025-07-18,-190.0,100000.0,0.5,-0.0019
always_on_account_aware_sizer,2025-07-21,300.0,100000.0,0.5,0.003
always_on_account_aware_sizer,2025-07-22,990.0,100000.0,0.5,0.0099
always_on_account_aware_sizer,2025-07-23,-320.0,100000.0,0.5,-0.0032
always_on_account_aware_sizer,2025-07-24,-10.0,100000.0,0.5,-0.0001
always_on_account_aware_sizer,2025-07-25,470.0,100000.0,0.5,0.0047
always_on_account_aware_sizer,2025-07-28,180.0,100000.0,0.5,0.0018
always_on_account_aware_sizer,2025-07-29,340.0,100000.0,0.5,0.0034
always_on_account_aware_sizer,2025-07-30,3250.0,100000.0,0.5,0.0325
always_on_account_aware_sizer,2025-07-31,-1250.0,100000.0,0.5,-0.0125
always_on_account_aware_sizer,2025-08-01,2960.0,100000.0,0.5,0.0296
always_on_account_aware_sizer,2025-08-04,490.0,100000.0,0.5,0.0049
always_on_account_aware_sizer,2025-08-05,3080.0,100000.0,0.5,0.0308
always_on_account_aware_sizer,2025-08-06,4060.0,100000.0,0.5,0.0406
always_on_account_aware_sizer,2025-08-07,-1520.0,100000.0,0.5,-0.0152
always_on_account_aware_sizer,2025-08-08,240.0,100000.0,0.5,0.0024
always_on_account_aware_sizer,2025-08-11,-850.0,100000.0,0.5,-0.0085
always_on_account_aware_sizer,2025-08-12,2070.0,100000.0,0.5,0.0207
always_on_account_aware_sizer,2025-08-13,1120.0,100000.0,0.5,0.0112
always_on_account_aware_sizer,2025-08-14,-240.0,100000.0,0.5,-0.0024
always_on_account_aware_sizer,2025-08-15,-370.0,100000.0,0.5,-0.0037
always_on_account_aware_sizer,2025-08-18,-660.0,100000.0,0.5,-0.0066
always_on_account_aware_sizer,2025-08-19,1100.0,100000.0,0.5,0.011
always_on_account_aware_sizer,2025-08-20,-1010.0,100000.0,0.5,-0.0101
always_on_account_aware_sizer,2025-08-21,2000.0,100000.0,0.5,0.02
always_on_account_aware_sizer,2025-08-22,7830.0,100000.0,0.5,0.0783
always_on_account_aware_sizer,2025-08-25,150.0,100000.0,0.5,0.0015
always_on_account_aware_sizer,2025-08-26,520.0,100000.0,0.5,0.0052
always_on_account_aware_sizer,2025-08-27,160.0,100000.0,0.5,0.0016
always_on_account_aware_sizer,2025-08-28,-180.0,100000.0,0.5,-0.0018
always_on_account_aware_sizer,2025-08-29,300.0,100000.0,0.5,0.003
always_on_account_aware_sizer,2025-09-02,-1110.0,100000.0,0.5,-0.0111
always_on_account_aware_sizer,2025-09-03,-50.0,100000.0,0.5,-0.0005
always_on_account_aware_sizer,2025-09-04,2310.0,100000.0,0.5,0.0231
always_on_account_aware_sizer,2025-09-05,5460.0,100000.0,0.5,0.0546
always_on_account_aware_sizer,2025-09-08,1350.0,100000.0,0.5,0.0135
always_on_account_aware_sizer,2025-09-09,140.0,100000.0,0.5,0.0014
always_on_account_aware_sizer,2025-09-10,-910.0,100000.0,0.5,-0.0091
always_on_account_aware_sizer,2025-09-11,860.0,100000.0,0.5,0.0086
always_on_account_aware_sizer,2025-09-12,140.0,100000.0,0.5,0.0014
always_on_account_aware_sizer,2025-09-15,170.0,100000.0,0.5,0.0017
always_on_account_aware_sizer,2025-09-16,-1100.0,100000.0,0.5,-0.011
always_on_account_aware_sizer,2025-09-17,8310.0,100000.0,0.5,0.0831
always_on_account_aware_sizer,2025-09-18,2100.0,100000.0,0.5,0.021
always_on_account_aware_sizer,2025-09-19,-20.0,100000.0,0.5,-0.0002
always_on_account_aware_sizer,2025-09-22,1950.0,100000.0,0.5,0.0195
always_on_account_aware_sizer,2025-09-23,1770.0,100000.0,0.5,0.0177
always_on_account_aware_sizer,2025-09-24,-100.0,100000.0,0.5,-0.001
always_on_account_aware_sizer,2025-09-25,-1710.0,100000.0,0.5,-0.0171
always_on_account_aware_sizer,2025-09-26,3810.0,100000.0,0.5,0.0381
always_on_account_aware_sizer,2025-09-29,540.0,100000.0,0.5,0.0054
always_on_account_aware_sizer,2025-09-30,220.0,100000.0,0.5,0.0022
always_on_account_aware_sizer,2025-10-01,-620.0,100000.0,0.5,-0.0062
always_on_account_aware_sizer,2025-10-02,880.0,100000.0,0.5,0.0088
always_on_account_aware_sizer,2025-10-03,2840.0,100000.0,0.5,0.0284
always_on_account_aware_sizer,2025-10-06,400.0,100000.0,0.5,0.004
always_on_account_aware_sizer,2025-10-07,360.0,100000.0,0.5,0.0036
always_on_account_aware_sizer,2025-10-08,820.0,100000.0,0.5,0.0082
always_on_account_aware_sizer,2025-10-09,110.0,100000.0,0.5,0.0011
always_on_account_aware_sizer,2025-10-10,330.0,100000.0,0.5,0.0033
always_on_account_aware_sizer,2025-10-13,1640.0,100000.0,0.5,0.0164
always_on_account_aware_sizer,2025-10-14,460.0,100000.0,0.5,0.0046
always_on_account_aware_sizer,2025-10-15,2560.0,100000.0,0.5,0.0256
always_on_account_aware_sizer,2025-10-16,520.0,100000.0,0.5,0.0052
always_on_account_aware_sizer,2025-10-17,2810.0,100000.0,0.5,0.0281
always_on_account_aware_sizer,2025-10-20,1420.0,100000.0,0.5,0.0142
always_on_account_aware_sizer,2025-10-21,850.0,100000.0,0.5,0.0085
always_on_account_aware_sizer,2025-10-22,1510.0,100000.0,0.5,0.0151
always_on_account_aware_sizer,2025-10-23,1050.0,100000.0,0.5,0.0105
always_on_account_aware_sizer,2025-10-24,680.0,100000.0,0.5,0.0068
always_on_account_aware_sizer,2025-10-27,-30.0,100000.0,0.5,-0.0003
always_on_account_aware_sizer,2025-10-28,-480.0,100000.0,0.5,-0.0048
always_on_account_aware_sizer,2025-10-29,6520.0,100000.0,0.5,0.0652
always_on_account_aware_sizer,2025-10-30,310.0,100000.0,0.5,0.0031
always_on_account_aware_sizer,2025-10-31,1790.0,100000.0,0.5,0.0179
always_on_account_aware_sizer,2025-11-03,2400.0,100000.0,0.5,0.024
always_on_account_aware_sizer,2025-11-04,1190.0,100000.0,0.5,0.0119
always_on_account_aware_sizer,2025-11-05,550.0,100000.0,0.5,0.0055
always_on_account_aware_sizer,2025-11-06,790.0,100000.0,0.5,0.0079
always_on_account_aware_sizer,2025-11-07,1110.0,100000.0,0.5,0.0111
always_on_account_aware_sizer,2025-11-10,-670.0,100000.0,0.5,-0.0067
always_on_account_aware_sizer,2025-11-11,980.0,100000.0,0.5,0.0098
always_on_account_aware_sizer,2025-11-12,1910.0,100000.0,0.5,0.0191
always_on_account_aware_sizer,2025-11-13,3540.0,100000.0,0.5,0.0354
always_on_account_aware_sizer,2025-11-14,4880.0,100000.0,0.5,0.0488
always_on_account_aware_sizer,2025-11-17,-810.0,100000.0,0.5,-0.0081
always_on_account_aware_sizer,2025-11-18,4080.0,100000.0,0.5,0.0408
always_on_account_aware_sizer,2025-11-19,2010.0,100000.0,0.5,0.0201
always_on_account_aware_sizer,2025-11-20,4570.0,100000.0,0.5,0.0457
always_on_account_aware_sizer,2025-11-21,6300.0,100000.0,0.5,0.063
always_on_account_aware_sizer,2025-11-24,2300.0,100000.0,0.5,0.023
always_on_account_aware_sizer,2025-11-25,-400.0,100000.0,0.5,-0.004
always_on_account_aware_sizer,2025-11-26,-1620.0,100000.0,0.5,-0.0162
always_on_account_aware_sizer,2025-11-28,-270.0,100000.0,0.5,-0.0027
always_on_account_aware_sizer,2025-12-01,1300.0,100000.0,0.5,0.013
always_on_account_aware_sizer,2025-12-02,1220.0,100000.0,0.5,0.0122
always_on_account_aware_sizer,2025-12-03,1720.0,100000.0,0.5,0.0172
always_on_account_aware_sizer,2025-12-04,1540.0,100000.0,0.5,0.0154
always_on_account_aware_sizer,2025-12-05,920.0,100000.0,0.5,0.0092
always_on_account_aware_sizer,2025-12-08,1630.0,100000.0,0.5,0.0163
always_on_account_aware_sizer,2025-12-09,-250.0,100000.0,0.5,-0.0025
always_on_account_aware_sizer,2025-12-10,2570.0,100000.0,0.5,0.0257
always_on_account_aware_sizer,2025-12-11,-1660.0,100000.0,0.5,-0.0166
always_on_account_aware_sizer,2025-12-12,1120.0,100000.0,0.5,0.0112
always_on_account_aware_sizer,2025-12-15,660.0,100000.0,0.5,0.0066
always_on_account_aware_sizer,2025-12-16,-1150.0,100000.0,0.5,-0.0115
always_on_account_aware_sizer,2025-12-17,1520.0,100000.0,0.5,0.0152
always_on_account_aware_sizer,2025-12-18,-1140.0,100000.0,0.5,-0.0114
always_on_account_aware_sizer,2025-12-19,180.0,100000.0,0.5,0.0018
always_on_account_aware_sizer,2025-12-22,310.0,100000.0,0.5,0.0031
always_on_account_aware_sizer,2025-12-23,810.0,100000.0,0.5,0.0081
always_on_account_aware_sizer,2025-12-24,-10.0,100000.0,0.5,-0.0001
always_on_account_aware_sizer,2025-12-26,-580.0,100000.0,0.5,-0.0058
always_on_account_aware_sizer,2025-12-29,-180.0,100000.0,0.5,-0.0018
always_on_account_aware_sizer,2025-12-30,-340.0,100000.0,0.5,-0.0034
always_on_account_aware_sizer,2025-12-31,-210.0,100000.0,0.5,-0.0021
always_on_account_aware_sizer,2026-01-02,3280.0,100000.0,0.5,0.0328
always_on_account_aware_sizer,2026-01-05,1240.0,100000.0,0.5,0.0124
always_on_account_aware_sizer,2026-01-06,-720.0,100000.0,0.5,-0.0072
always_on_account_aware_sizer,2026-01-07,280.0,100000.0,0.5,0.0028
always_on_account_aware_sizer,2026-01-08,-1040.0,100000.0,0.5,-0.0104
always_on_account_aware_sizer,2026-01-09,-1010.0,100000.0,0.5,-0.0101
always_on_account_aware_sizer,2026-01-12,340.0,100000.0,0.5,0.0034
always_on_account_aware_sizer,2026-01-13,-550.0,100000.0,0.5,-0.0055
always_on_account_aware_sizer,2026-01-14,-790.0,100000.0,0.5,-0.0079
always_on_account_aware_sizer,2026-01-15,-170.0,100000.0,0.5,-0.0017
always_on_account_aware_sizer,2026-01-16,1510.0,100000.0,0.5,0.0151
always_on_account_aware_sizer,2026-01-20,890.0,100000.0,0.5,0.0089
always_on_account_aware_sizer,2026-01-21,6760.0,100000.0,0.5,0.0676
always_on_account_aware_sizer,2026-01-22,820.0,100000.0,0.5,0.0082
always_on_account_aware_sizer,2026-01-23,-110.0,100000.0,0.5,-0.0011
always_on_account_aware_sizer,2026-01-26,-150.0,100000.0,0.5,-0.0015
always_on_account_aware_sizer,2026-01-27,1170.0,100000.0,0.5,0.0117
always_on_account_aware_sizer,2026-01-28,1260.0,100000.0,0.5,0.0126
always_on_account_aware_sizer,2026-01-29,3010.0,100000.0,0.5,0.0301
always_on_account_aware_sizer,2026-01-30,-420.0,100000.0,0.5,-0.0042
always_on_account_aware_sizer,2026-02-02,-110.0,100000.0,0.5,-0.0011
always_on_account_aware_sizer,2026-02-03,2110.0,100000.0,0.5,0.0211
always_on_account_aware_sizer,2026-02-04,-1450.0,100000.0,0.5,-0.0145
always_on_account_aware_sizer,2026-02-05,2280.0,100000.0,0.5,0.0228
always_on_account_aware_sizer,2026-02-09,1280.0,100000.0,0.5,0.0128
always_on_account_aware_sizer,2026-02-10,60.0,100000.0,0.5,0.0006
always_on_account_aware_sizer,2026-02-11,550.0,100000.0,0.5,0.0055
always_on_account_aware_sizer,2026-02-12,2200.0,100000.0,0.5,0.022
always_on_account_aware_sizer,2026-02-13,4010.0,100000.0,0.5,0.0401
always_on_account_aware_sizer,2026-02-17,5280.0,100000.0,0.5,0.0528
always_on_account_aware_sizer,2026-02-18,-970.0,100000.0,0.5,-0.0097
always_on_account_aware_sizer,2026-02-19,-250.0,100000.0,0.5,-0.0025
always_on_account_aware_sizer,2026-02-20,1980.0,100000.0,0.5,0.0198
always_on_account_aware_sizer,2026-02-23,1650.0,100000.0,0.5,0.0165
always_on_account_aware_sizer,2026-02-24,1870.0,100000.0,0.5,0.0187
always_on_account_aware_sizer,2026-02-25,-760.0,100000.0,0.5,-0.0076
always_on_account_aware_sizer,2026-02-26,-80.0,100000.0,0.5,-0.0008
always_on_account_aware_sizer,2026-02-27,720.0,100000.0,0.5,0.0072
always_on_account_aware_sizer,2026-03-02,-970.0,100000.0,0.5,-0.0097
always_on_account_aware_sizer,2026-03-03,9960.0,100000.0,0.5,0.0996
always_on_account_aware_sizer,2026-03-04,-1940.0,100000.0,0.5,-0.0194
always_on_account_aware_sizer,2026-03-05,4400.0,100000.0,0.5,0.044
always_on_account_aware_sizer,2026-03-06,1610.0,100000.0,0.5,0.0161
always_on_account_aware_sizer,2026-03-09,830.0,100000.0,0.5,0.0083
always_on_account_aware_sizer,2026-03-10,-1230.0,100000.0,0.5,-0.0123
always_on_account_aware_sizer,2026-03-11,-1790.0,100000.0,0.5,-0.0179
always_on_account_aware_sizer,2026-03-12,730.0,100000.0,0.5,0.0073
always_on_account_aware_sizer,2026-03-13,-1120.0,100000.0,0.5,-0.0112
always_on_account_aware_sizer,2026-03-16,-960.0,100000.0,0.5,-0.0096
always_on_account_aware_sizer,2026-03-17,-820.0,100000.0,0.5,-0.0082
always_on_account_aware_sizer,2026-03-18,2230.0,100000.0,0.5,0.0223
always_on_account_aware_sizer,2026-03-19,2190.0,100000.0,0.5,0.0219
always_on_account_aware_sizer,2026-03-20,1920.0,100000.0,0.5,0.0192
always_on_account_aware_sizer,2026-03-23,3330.0,100000.0,0.5,0.0333
always_on_account_aware_sizer,2026-03-24,1660.0,100000.0,0.5,0.0166
always_on_account_aware_sizer,2026-03-25,-750.0,100000.0,0.5,-0.0075
always_on_account_aware_sizer,2026-03-26,-330.0,100000.0,0.5,-0.0033
always_on_account_aware_sizer,2026-03-27,1270.0,100000.0,0.5,0.0127
always_on_account_aware_sizer,2026-03-30,4940.0,100000.0,0.5,0.0494
always_on_account_aware_sizer,2026-03-31,3610.0,100000.0,0.5,0.0361
