source_file,line_number,timestamp,run_id,mode,candidate_count,candidate_sample_count,has_full_candidate_features,has_surface_scores,has_surface_gate_diagnostics,has_replay_candidate_set,status,missing_evidence
/Users/gduby/Documents/autoresearch-trading/v4/logs/paper_trading/2026-05-19/protocol101_intent-shadow_bridge_verify_2026-05-19.jsonl,3,2026-05-19T16:14:26.956482+00:00,protocol101_intent-shadow_bridge_verify_2026-05-19,intent-shadow,,0,false,false,false,false,not_comparable,full_candidate_features;surface_scores;replay_candidate_set
/Users/gduby/Documents/autoresearch-trading/v4/logs/paper_trading/2026-05-19/protocol101_intent-shadow_bridge_verify_2026-05-19.jsonl,8,2026-05-19T16:14:31.990403+00:00,protocol101_intent-shadow_bridge_verify_2026-05-19,intent-shadow,,0,false,false,false,false,not_comparable,full_candidate_features;surface_scores;replay_candidate_set
/Users/gduby/Documents/autoresearch-trading/v4/logs/paper_trading/2026-05-19/protocol101_no-order-shadow_2026-05-19.jsonl,9,2026-05-19T16:41:06.186830+00:00,protocol101_no-order-shadow_2026-05-19,paper-submit,,0,false,false,false,false,not_comparable,full_candidate_features;surface_scores;replay_candidate_set
/Users/gduby/Documents/autoresearch-trading/v4/logs/paper_trading/2026-05-19/protocol101_no-order-shadow_2026-05-19.jsonl,14,2026-05-19T16:41:11.291679+00:00,protocol101_no-order-shadow_2026-05-19,paper-submit,,0,false,false,false,false,not_comparable,full_candidate_features;surface_scores;replay_candidate_set
/Users/gduby/Documents/autoresearch-trading/v4/logs/paper_trading/2026-05-19/protocol101_no-order-shadow_2026-05-19.jsonl,19,2026-05-19T16:41:16.346459+00:00,protocol101_no-order-shadow_2026-05-19,paper-submit,,0,false,false,false,false,not_comparable,full_candidate_features;surface_scores;replay_candidate_set
/Users/gduby/Documents/autoresearch-trading/v4/logs/paper_trading/2026-05-19/protocol101_no-order-shadow_2026-05-19.jsonl,28,2026-05-19T16:43:58.254711+00:00,protocol101_no-order-shadow_2026-05-19,paper-submit,,0,false,false,false,false,not_comparable,full_candidate_features;surface_scores;replay_candidate_set
/Users/gduby/Documents/autoresearch-trading/v4/logs/paper_trading/2026-05-19/protocol101_no-order-shadow_2026-05-19.jsonl,33,2026-05-19T16:44:03.342438+00:00,protocol101_no-order-shadow_2026-05-19,paper-submit,,0,false,false,false,false,not_comparable,full_candidate_features;surface_scores;replay_candidate_set
/Users/gduby/Documents/autoresearch-trading/v4/logs/paper_trading/2026-05-19/protocol101_no-order-shadow_2026-05-19.jsonl,38,2026-05-19T16:44:08.421185+00:00,protocol101_no-order-shadow_2026-05-19,paper-submit,,0,false,false,false,false,not_comparable,full_candidate_features;surface_scores;replay_candidate_set
/Users/gduby/Documents/autoresearch-trading/v4/logs/paper_trading/2026-05-19/protocol101_no-order-shadow_2026-05-19.jsonl,47,2026-05-19T16:46:32.149490+00:00,protocol101_no-order-shadow_2026-05-19,paper-submit,,0,false,false,false,false,not_comparable,full_candidate_features;surface_scores;replay_candidate_set
/Users/gduby/Documents/autoresearch-trading/v4/logs/paper_trading/2026-05-19/protocol101_no-order-shadow_2026-05-19.jsonl,52,2026-05-19T16:46:37.239893+00:00,protocol101_no-order-shadow_2026-05-19,paper-submit,,0,false,false,false,false,not_comparable,full_candidate_features;surface_scores;replay_candidate_set
/Users/gduby/Documents/autoresearch-trading/v4/logs/paper_trading/2026-05-19/protocol101_no-order-shadow_2026-05-19.jsonl,57,2026-05-19T16:46:42.336195+00:00,protocol101_no-order-shadow_2026-05-19,paper-submit,,0,false,false,false,false,not_comparable,full_candidate_features;surface_scores;replay_candidate_set
/Users/gduby/Documents/autoresearch-trading/v4/logs/paper_trading/2026-05-19/protocol101_no-order-shadow_2026-05-19.jsonl,66,2026-05-19T16:49:22.410955+00:00,protocol101_no-order-shadow_2026-05-19,paper-submit,,0,false,false,false,false,not_comparable,full_candidate_features;surface_scores;replay_candidate_set
/Users/gduby/Documents/autoresearch-trading/v4/logs/paper_trading/2026-05-19/protocol101_no-order-shadow_2026-05-19.jsonl,71,2026-05-19T16:49:27.511163+00:00,protocol101_no-order-shadow_2026-05-19,paper-submit,,0,false,false,false,false,not_comparable,full_candidate_features;surface_scores;replay_candidate_set
/Users/gduby/Documents/autoresearch-trading/v4/logs/paper_trading/2026-05-19/protocol101_no-order-shadow_2026-05-19.jsonl,76,2026-05-19T16:49:32.602616+00:00,protocol101_no-order-shadow_2026-05-19,paper-submit,,0,false,false,false,false,not_comparable,full_candidate_features;surface_scores;replay_candidate_set
/Users/gduby/Documents/autoresearch-trading/v4/logs/paper_trading/2026-05-19/protocol101_no-order-shadow_2026-05-19.jsonl,85,2026-05-19T16:52:08.507198+00:00,protocol101_no-order-shadow_2026-05-19,paper-submit,,0,false,false,false,false,not_comparable,full_candidate_features;surface_scores;replay_candidate_set
/Users/gduby/Documents/autoresearch-trading/v4/logs/paper_trading/2026-05-19/protocol101_no-order-shadow_2026-05-19.jsonl,90,2026-05-19T16:52:13.578225+00:00,protocol101_no-order-shadow_2026-05-19,paper-submit,,0,false,false,false,false,not_comparable,full_candidate_features;surface_scores;replay_candidate_set
/Users/gduby/Documents/autoresearch-trading/v4/logs/paper_trading/2026-05-19/protocol101_no-order-shadow_2026-05-19.jsonl,95,2026-05-19T16:52:18.650718+00:00,protocol101_no-order-shadow_2026-05-19,paper-submit,,0,false,false,false,false,not_comparable,full_candidate_features;surface_scores;replay_candidate_set
/Users/gduby/Documents/autoresearch-trading/v4/logs/paper_trading/2026-05-19/protocol101_no-order-shadow_2026-05-19.jsonl,104,2026-05-19T16:55:01.958204+00:00,protocol101_no-order-shadow_2026-05-19,paper-submit,,0,false,false,false,false,not_comparable,full_candidate_features;surface_scores;replay_candidate_set
/Users/gduby/Documents/autoresearch-trading/v4/logs/paper_trading/2026-05-19/protocol101_no-order-shadow_2026-05-19.jsonl,109,2026-05-19T16:55:07.087390+00:00,protocol101_no-order-shadow_2026-05-19,paper-submit,,0,false,false,false,false,not_comparable,full_candidate_features;surface_scores;replay_candidate_set
/Users/gduby/Documents/autoresearch-trading/v4/logs/paper_trading/2026-05-19/protocol101_no-order-shadow_2026-05-19.jsonl,114,2026-05-19T16:55:12.140311+00:00,protocol101_no-order-shadow_2026-05-19,paper-submit,,0,false,false,false,false,not_comparable,full_candidate_features;surface_scores;replay_candidate_set
/Users/gduby/Documents/autoresearch-trading/v4/logs/paper_trading/2026-05-19/protocol101_no-order-shadow_2026-05-19.jsonl,123,2026-05-19T16:58:01.457332+00:00,protocol101_no-order-shadow_2026-05-19,paper-submit,,0,false,false,false,false,not_comparable,full_candidate_features;surface_scores;replay_candidate_set
/Users/gduby/Documents/autoresearch-trading/v4/logs/paper_trading/2026-05-19/protocol101_no-order-shadow_2026-05-19.jsonl,128,2026-05-19T16:58:06.547985+00:00,protocol101_no-order-shadow_2026-05-19,paper-submit,,0,false,false,false,false,not_comparable,full_candidate_features;surface_scores;replay_candidate_set
/Users/gduby/Documents/autoresearch-trading/v4/logs/paper_trading/2026-05-19/protocol101_no-order-shadow_2026-05-19.jsonl,133,2026-05-19T16:58:11.597993+00:00,protocol101_no-order-shadow_2026-05-19,paper-submit,,0,false,false,false,false,not_comparable,full_candidate_features;surface_scores;replay_candidate_set
/Users/gduby/Documents/autoresearch-trading/v4/logs/paper_trading/2026-05-19/protocol101_no-order-shadow_2026-05-19.jsonl,142,2026-05-19T17:00:53.424885+00:00,protocol101_no-order-shadow_2026-05-19,paper-submit,,0,false,false,false,false,not_comparable,full_candidate_features;surface_scores;replay_candidate_set
/Users/gduby/Documents/autoresearch-trading/v4/logs/paper_trading/2026-05-19/protocol101_no-order-shadow_2026-05-19.jsonl,147,2026-05-19T17:00:58.519688+00:00,protocol101_no-order-shadow_2026-05-19,paper-submit,,0,false,false,false,false,not_comparable,full_candidate_features;surface_scores;replay_candidate_set
/Users/gduby/Documents/autoresearch-trading/v4/logs/paper_trading/2026-05-19/protocol101_no-order-shadow_2026-05-19.jsonl,152,2026-05-19T17:01:03.594960+00:00,protocol101_no-order-shadow_2026-05-19,paper-submit,,0,false,false,false,false,not_comparable,full_candidate_features;surface_scores;replay_candidate_set
/Users/gduby/Documents/autoresearch-trading/v4/logs/paper_trading/2026-05-19/protocol101_no-order-shadow_2026-05-19.jsonl,161,2026-05-19T17:03:14.192103+00:00,protocol101_no-order-shadow_2026-05-19,paper-submit,,0,false,false,false,false,not_comparable,full_candidate_features;surface_scores;replay_candidate_set
/Users/gduby/Documents/autoresearch-trading/v4/logs/paper_trading/2026-05-19/protocol101_no-order-shadow_2026-05-19.jsonl,166,2026-05-19T17:03:19.271196+00:00,protocol101_no-order-shadow_2026-05-19,paper-submit,,0,false,false,false,false,not_comparable,full_candidate_features;surface_scores;replay_candidate_set
/Users/gduby/Documents/autoresearch-trading/v4/logs/paper_trading/2026-05-19/protocol101_no-order-shadow_2026-05-19.jsonl,171,2026-05-19T17:03:24.324684+00:00,protocol101_no-order-shadow_2026-05-19,paper-submit,,0,false,false,false,false,not_comparable,full_candidate_features;surface_scores;replay_candidate_set
/Users/gduby/Documents/autoresearch-trading/v4/logs/paper_trading/2026-05-19/protocol101_no-order-shadow_2026-05-19.jsonl,180,2026-05-19T17:05:50.600352+00:00,protocol101_no-order-shadow_2026-05-19,paper-submit,,0,false,false,false,false,not_comparable,full_candidate_features;surface_scores;replay_candidate_set
/Users/gduby/Documents/autoresearch-trading/v4/logs/paper_trading/2026-05-19/protocol101_no-order-shadow_2026-05-19.jsonl,185,2026-05-19T17:05:55.661972+00:00,protocol101_no-order-shadow_2026-05-19,paper-submit,,0,false,false,false,false,not_comparable,full_candidate_features;surface_scores;replay_candidate_set
/Users/gduby/Documents/autoresearch-trading/v4/logs/paper_trading/2026-05-19/protocol101_no-order-shadow_2026-05-19.jsonl,190,2026-05-19T17:06:00.714774+00:00,protocol101_no-order-shadow_2026-05-19,paper-submit,,0,false,false,false,false,not_comparable,full_candidate_features;surface_scores;replay_candidate_set
/Users/gduby/Documents/autoresearch-trading/v4/logs/paper_trading/2026-05-19/protocol101_no-order-shadow_2026-05-19.jsonl,199,2026-05-19T17:08:40.879105+00:00,protocol101_no-order-shadow_2026-05-19,paper-submit,,0,false,false,false,false,not_comparable,full_candidate_features;surface_scores;replay_candidate_set
/Users/gduby/Documents/autoresearch-trading/v4/logs/paper_trading/2026-05-19/protocol101_no-order-shadow_2026-05-19.jsonl,204,2026-05-19T17:08:45.931496+00:00,protocol101_no-order-shadow_2026-05-19,paper-submit,,0,false,false,false,false,not_comparable,full_candidate_features;surface_scores;replay_candidate_set
/Users/gduby/Documents/autoresearch-trading/v4/logs/paper_trading/2026-05-19/protocol101_no-order-shadow_2026-05-19.jsonl,209,2026-05-19T17:08:51.010347+00:00,protocol101_no-order-shadow_2026-05-19,paper-submit,,0,false,false,false,false,not_comparable,full_candidate_features;surface_scores;replay_candidate_set
/Users/gduby/Documents/autoresearch-trading/v4/logs/paper_trading/2026-05-19/protocol101_no-order-shadow_2026-05-19.jsonl,218,2026-05-19T17:11:14.668357+00:00,protocol101_no-order-shadow_2026-05-19,paper-submit,,0,false,false,false,false,not_comparable,full_candidate_features;surface_scores;replay_candidate_set
/Users/gduby/Documents/autoresearch-trading/v4/logs/paper_trading/2026-05-19/protocol101_no-order-shadow_2026-05-19.jsonl,223,2026-05-19T17:11:19.771345+00:00,protocol101_no-order-shadow_2026-05-19,paper-submit,,0,false,false,false,false,not_comparable,full_candidate_features;surface_scores;replay_candidate_set
/Users/gduby/Documents/autoresearch-trading/v4/logs/paper_trading/2026-05-19/protocol101_no-order-shadow_2026-05-19.jsonl,228,2026-05-19T17:11:24.824096+00:00,protocol101_no-order-shadow_2026-05-19,paper-submit,,0,false,false,false,false,not_comparable,full_candidate_features;surface_scores;replay_candidate_set
/Users/gduby/Documents/autoresearch-trading/v4/logs/paper_trading/2026-05-19/protocol101_no-order-shadow_2026-05-19.jsonl,237,2026-05-19T17:14:09.604419+00:00,protocol101_no-order-shadow_2026-05-19,paper-submit,,0,false,false,false,false,not_comparable,full_candidate_features;surface_scores;replay_candidate_set
/Users/gduby/Documents/autoresearch-trading/v4/logs/paper_trading/2026-05-19/protocol101_no-order-shadow_2026-05-19.jsonl,242,2026-05-19T17:14:14.654864+00:00,protocol101_no-order-shadow_2026-05-19,paper-submit,,0,false,false,false,false,not_comparable,full_candidate_features;surface_scores;replay_candidate_set
/Users/gduby/Documents/autoresearch-trading/v4/logs/paper_trading/2026-05-19/protocol101_no-order-shadow_2026-05-19.jsonl,247,2026-05-19T17:14:19.705081+00:00,protocol101_no-order-shadow_2026-05-19,paper-submit,,0,false,false,false,false,not_comparable,full_candidate_features;surface_scores;replay_candidate_set
/Users/gduby/Documents/autoresearch-trading/v4/logs/paper_trading/2026-05-19/protocol101_no-order-shadow_2026-05-19.jsonl,256,2026-05-19T17:16:44.777618+00:00,protocol101_no-order-shadow_2026-05-19,paper-submit,,0,false,false,false,false,not_comparable,full_candidate_features;surface_scores;replay_candidate_set
/Users/gduby/Documents/autoresearch-trading/v4/logs/paper_trading/2026-05-19/protocol101_no-order-shadow_2026-05-19.jsonl,261,2026-05-19T17:16:49.882088+00:00,protocol101_no-order-shadow_2026-05-19,paper-submit,,0,false,false,false,false,not_comparable,full_candidate_features;surface_scores;replay_candidate_set
/Users/gduby/Documents/autoresearch-trading/v4/logs/paper_trading/2026-05-19/protocol101_no-order-shadow_2026-05-19.jsonl,266,2026-05-19T17:16:54.937481+00:00,protocol101_no-order-shadow_2026-05-19,paper-submit,,0,false,false,false,false,not_comparable,full_candidate_features;surface_scores;replay_candidate_set
/Users/gduby/Documents/autoresearch-trading/v4/logs/paper_trading/2026-05-19/protocol101_no-order-shadow_2026-05-19.jsonl,275,2026-05-19T17:19:37.043952+00:00,protocol101_no-order-shadow_2026-05-19,paper-submit,,0,false,false,false,false,not_comparable,full_candidate_features;surface_scores;replay_candidate_set
/Users/gduby/Documents/autoresearch-trading/v4/logs/paper_trading/2026-05-19/protocol101_no-order-shadow_2026-05-19.jsonl,280,2026-05-19T17:19:42.121131+00:00,protocol101_no-order-shadow_2026-05-19,paper-submit,,0,false,false,false,false,not_comparable,full_candidate_features;surface_scores;replay_candidate_set
/Users/gduby/Documents/autoresearch-trading/v4/logs/paper_trading/2026-05-19/protocol101_no-order-shadow_2026-05-19.jsonl,285,2026-05-19T17:19:47.174960+00:00,protocol101_no-order-shadow_2026-05-19,paper-submit,,0,false,false,false,false,not_comparable,full_candidate_features;surface_scores;replay_candidate_set
/Users/gduby/Documents/autoresearch-trading/v4/logs/paper_trading/2026-05-19/protocol101_no-order-shadow_2026-05-19.jsonl,294,2026-05-19T17:22:15.296297+00:00,protocol101_no-order-shadow_2026-05-19,paper-submit,,0,false,false,false,false,not_comparable,full_candidate_features;surface_scores;replay_candidate_set
/Users/gduby/Documents/autoresearch-trading/v4/logs/paper_trading/2026-05-19/protocol101_no-order-shadow_2026-05-19.jsonl,299,2026-05-19T17:22:20.369304+00:00,protocol101_no-order-shadow_2026-05-19,paper-submit,,0,false,false,false,false,not_comparable,full_candidate_features;surface_scores;replay_candidate_set
/Users/gduby/Documents/autoresearch-trading/v4/logs/paper_trading/2026-05-19/protocol101_no-order-shadow_2026-05-19.jsonl,304,2026-05-19T17:22:25.421050+00:00,protocol101_no-order-shadow_2026-05-19,paper-submit,,0,false,false,false,false,not_comparable,full_candidate_features;surface_scores;replay_candidate_set
/Users/gduby/Documents/autoresearch-trading/v4/logs/paper_trading/2026-05-19/protocol101_no-order-shadow_2026-05-19.jsonl,313,2026-05-19T17:24:35.830881+00:00,protocol101_no-order-shadow_2026-05-19,paper-submit,,0,false,false,false,false,not_comparable,full_candidate_features;surface_scores;replay_candidate_set
/Users/gduby/Documents/autoresearch-trading/v4/logs/paper_trading/2026-05-19/protocol101_no-order-shadow_2026-05-19.jsonl,318,2026-05-19T17:24:40.903004+00:00,protocol101_no-order-shadow_2026-05-19,paper-submit,,0,false,false,false,false,not_comparable,full_candidate_features;surface_scores;replay_candidate_set
/Users/gduby/Documents/autoresearch-trading/v4/logs/paper_trading/2026-05-19/protocol101_no-order-shadow_2026-05-19.jsonl,323,2026-05-19T17:24:45.957187+00:00,protocol101_no-order-shadow_2026-05-19,paper-submit,,0,false,false,false,false,not_comparable,full_candidate_features;surface_scores;replay_candidate_set
/Users/gduby/Documents/autoresearch-trading/v4/logs/paper_trading/2026-05-19/protocol101_no-order-shadow_2026-05-19.jsonl,332,2026-05-19T17:26:54.595592+00:00,protocol101_no-order-shadow_2026-05-19,paper-submit,,0,false,false,false,false,not_comparable,full_candidate_features;surface_scores;replay_candidate_set
/Users/gduby/Documents/autoresearch-trading/v4/logs/paper_trading/2026-05-19/protocol101_no-order-shadow_2026-05-19.jsonl,337,2026-05-19T17:26:59.696985+00:00,protocol101_no-order-shadow_2026-05-19,paper-submit,,0,false,false,false,false,not_comparable,full_candidate_features;surface_scores;replay_candidate_set
/Users/gduby/Documents/autoresearch-trading/v4/logs/paper_trading/2026-05-19/protocol101_no-order-shadow_2026-05-19.jsonl,342,2026-05-19T17:27:04.745573+00:00,protocol101_no-order-shadow_2026-05-19,paper-submit,,0,false,false,false,false,not_comparable,full_candidate_features;surface_scores;replay_candidate_set
/Users/gduby/Documents/autoresearch-trading/v4/logs/paper_trading/2026-05-19/protocol101_no-order-shadow_2026-05-19.jsonl,351,2026-05-19T17:29:09.208778+00:00,protocol101_no-order-shadow_2026-05-19,paper-submit,,0,false,false,false,false,not_comparable,full_candidate_features;surface_scores;replay_candidate_set
/Users/gduby/Documents/autoresearch-trading/v4/logs/paper_trading/2026-05-19/protocol101_no-order-shadow_2026-05-19.jsonl,356,2026-05-19T17:29:14.259328+00:00,protocol101_no-order-shadow_2026-05-19,paper-submit,,0,false,false,false,false,not_comparable,full_candidate_features;surface_scores;replay_candidate_set
/Users/gduby/Documents/autoresearch-trading/v4/logs/paper_trading/2026-05-19/protocol101_no-order-shadow_2026-05-19.jsonl,361,2026-05-19T17:29:19.336967+00:00,protocol101_no-order-shadow_2026-05-19,paper-submit,,0,false,false,false,false,not_comparable,full_candidate_features;surface_scores;replay_candidate_set
/Users/gduby/Documents/autoresearch-trading/v4/logs/paper_trading/2026-05-19/protocol101_no-order-shadow_2026-05-19.jsonl,370,2026-05-19T17:31:52.761758+00:00,protocol101_no-order-shadow_2026-05-19,paper-submit,,0,false,false,false,false,not_comparable,full_candidate_features;surface_scores;replay_candidate_set
/Users/gduby/Documents/autoresearch-trading/v4/logs/paper_trading/2026-05-19/protocol101_no-order-shadow_2026-05-19.jsonl,375,2026-05-19T17:31:57.865583+00:00,protocol101_no-order-shadow_2026-05-19,paper-submit,,0,false,false,false,false,not_comparable,full_candidate_features;surface_scores;replay_candidate_set
/Users/gduby/Documents/autoresearch-trading/v4/logs/paper_trading/2026-05-19/protocol101_no-order-shadow_2026-05-19.jsonl,380,2026-05-19T17:32:02.959343+00:00,protocol101_no-order-shadow_2026-05-19,paper-submit,,0,false,false,false,false,not_comparable,full_candidate_features;surface_scores;replay_candidate_set
/Users/gduby/Documents/autoresearch-trading/v4/logs/paper_trading/2026-05-19/protocol101_no-order-shadow_2026-05-19.jsonl,389,2026-05-19T17:34:24.575996+00:00,protocol101_no-order-shadow_2026-05-19,paper-submit,,0,false,false,false,false,not_comparable,full_candidate_features;surface_scores;replay_candidate_set
/Users/gduby/Documents/autoresearch-trading/v4/logs/paper_trading/2026-05-19/protocol101_no-order-shadow_2026-05-19.jsonl,394,2026-05-19T17:34:29.629170+00:00,protocol101_no-order-shadow_2026-05-19,paper-submit,,0,false,false,false,false,not_comparable,full_candidate_features;surface_scores;replay_candidate_set
/Users/gduby/Documents/autoresearch-trading/v4/logs/paper_trading/2026-05-19/protocol101_no-order-shadow_2026-05-19.jsonl,399,2026-05-19T17:34:34.680585+00:00,protocol101_no-order-shadow_2026-05-19,paper-submit,,0,false,false,false,false,not_comparable,full_candidate_features;surface_scores;replay_candidate_set
/Users/gduby/Documents/autoresearch-trading/v4/logs/paper_trading/2026-05-19/protocol101_no-order-shadow_2026-05-19.jsonl,408,2026-05-19T17:36:50.139626+00:00,protocol101_no-order-shadow_2026-05-19,paper-submit,,0,false,false,false,false,not_comparable,full_candidate_features;surface_scores;replay_candidate_set
/Users/gduby/Documents/autoresearch-trading/v4/logs/paper_trading/2026-05-19/protocol101_no-order-shadow_2026-05-19.jsonl,413,2026-05-19T17:36:55.244550+00:00,protocol101_no-order-shadow_2026-05-19,paper-submit,,0,false,false,false,false,not_comparable,full_candidate_features;surface_scores;replay_candidate_set
/Users/gduby/Documents/autoresearch-trading/v4/logs/paper_trading/2026-05-19/protocol101_no-order-shadow_2026-05-19.jsonl,418,2026-05-19T17:37:00.303250+00:00,protocol101_no-order-shadow_2026-05-19,paper-submit,,0,false,false,false,false,not_comparable,full_candidate_features;surface_scores;replay_candidate_set
/Users/gduby/Documents/autoresearch-trading/v4/logs/paper_trading/2026-05-19/protocol101_no-order-shadow_2026-05-19.jsonl,427,2026-05-19T17:39:35.749247+00:00,protocol101_no-order-shadow_2026-05-19,paper-submit,,0,false,false,false,false,not_comparable,full_candidate_features;surface_scores;replay_candidate_set
/Users/gduby/Documents/autoresearch-trading/v4/logs/paper_trading/2026-05-19/protocol101_no-order-shadow_2026-05-19.jsonl,432,2026-05-19T17:39:40.840781+00:00,protocol101_no-order-shadow_2026-05-19,paper-submit,,0,false,false,false,false,not_comparable,full_candidate_features;surface_scores;replay_candidate_set
/Users/gduby/Documents/autoresearch-trading/v4/logs/paper_trading/2026-05-19/protocol101_no-order-shadow_2026-05-19.jsonl,437,2026-05-19T17:39:45.895637+00:00,protocol101_no-order-shadow_2026-05-19,paper-submit,,0,false,false,false,false,not_comparable,full_candidate_features;surface_scores;replay_candidate_set
/Users/gduby/Documents/autoresearch-trading/v4/logs/paper_trading/2026-05-19/protocol101_no-order-shadow_2026-05-19.jsonl,446,2026-05-19T17:42:07.077370+00:00,protocol101_no-order-shadow_2026-05-19,paper-submit,,0,false,false,false,false,not_comparable,full_candidate_features;surface_scores;replay_candidate_set
/Users/gduby/Documents/autoresearch-trading/v4/logs/paper_trading/2026-05-19/protocol101_no-order-shadow_2026-05-19.jsonl,451,2026-05-19T17:42:12.183714+00:00,protocol101_no-order-shadow_2026-05-19,paper-submit,,0,false,false,false,false,not_comparable,full_candidate_features;surface_scores;replay_candidate_set
/Users/gduby/Documents/autoresearch-trading/v4/logs/paper_trading/2026-05-19/protocol101_no-order-shadow_2026-05-19.jsonl,456,2026-05-19T17:42:17.234899+00:00,protocol101_no-order-shadow_2026-05-19,paper-submit,,0,false,false,false,false,not_comparable,full_candidate_features;surface_scores;replay_candidate_set
/Users/gduby/Documents/autoresearch-trading/v4/logs/paper_trading/2026-05-19/protocol101_no-order-shadow_2026-05-19.jsonl,465,2026-05-19T17:44:34.578546+00:00,protocol101_no-order-shadow_2026-05-19,paper-submit,,0,false,false,false,false,not_comparable,full_candidate_features;surface_scores;replay_candidate_set
/Users/gduby/Documents/autoresearch-trading/v4/logs/paper_trading/2026-05-19/protocol101_no-order-shadow_2026-05-19.jsonl,470,2026-05-19T17:44:39.682623+00:00,protocol101_no-order-shadow_2026-05-19,paper-submit,,0,false,false,false,false,not_comparable,full_candidate_features;surface_scores;replay_candidate_set
/Users/gduby/Documents/autoresearch-trading/v4/logs/paper_trading/2026-05-19/protocol101_no-order-shadow_2026-05-19.jsonl,475,2026-05-19T17:44:44.736374+00:00,protocol101_no-order-shadow_2026-05-19,paper-submit,,0,false,false,false,false,not_comparable,full_candidate_features;surface_scores;replay_candidate_set
/Users/gduby/Documents/autoresearch-trading/v4/logs/paper_trading/2026-05-19/protocol101_no-order-shadow_2026-05-19.jsonl,484,2026-05-19T17:47:19.948931+00:00,protocol101_no-order-shadow_2026-05-19,paper-submit,,0,false,false,false,false,not_comparable,full_candidate_features;surface_scores;replay_candidate_set
/Users/gduby/Documents/autoresearch-trading/v4/logs/paper_trading/2026-05-19/protocol101_no-order-shadow_2026-05-19.jsonl,489,2026-05-19T17:47:25.033150+00:00,protocol101_no-order-shadow_2026-05-19,paper-submit,,0,false,false,false,false,not_comparable,full_candidate_features;surface_scores;replay_candidate_set
/Users/gduby/Documents/autoresearch-trading/v4/logs/paper_trading/2026-05-19/protocol101_no-order-shadow_2026-05-19.jsonl,494,2026-05-19T17:47:30.087579+00:00,protocol101_no-order-shadow_2026-05-19,paper-submit,,0,false,false,false,false,not_comparable,full_candidate_features;surface_scores;replay_candidate_set
/Users/gduby/Documents/autoresearch-trading/v4/logs/paper_trading/2026-05-19/protocol101_no-order-shadow_2026-05-19.jsonl,503,2026-05-19T17:49:47.836593+00:00,protocol101_no-order-shadow_2026-05-19,paper-submit,,0,false,false,false,false,not_comparable,full_candidate_features;surface_scores;replay_candidate_set
/Users/gduby/Documents/autoresearch-trading/v4/logs/paper_trading/2026-05-19/protocol101_no-order-shadow_2026-05-19.jsonl,508,2026-05-19T17:49:52.884922+00:00,protocol101_no-order-shadow_2026-05-19,paper-submit,,0,false,false,false,false,not_comparable,full_candidate_features;surface_scores;replay_candidate_set
/Users/gduby/Documents/autoresearch-trading/v4/logs/paper_trading/2026-05-19/protocol101_no-order-shadow_2026-05-19.jsonl,513,2026-05-19T17:49:57.962712+00:00,protocol101_no-order-shadow_2026-05-19,paper-submit,,0,false,false,false,false,not_comparable,full_candidate_features;surface_scores;replay_candidate_set
/Users/gduby/Documents/autoresearch-trading/v4/logs/paper_trading/2026-05-19/protocol101_no-order-shadow_2026-05-19.jsonl,522,2026-05-19T17:52:08.877641+00:00,protocol101_no-order-shadow_2026-05-19,paper-submit,,0,false,false,false,false,not_comparable,full_candidate_features;surface_scores;replay_candidate_set
/Users/gduby/Documents/autoresearch-trading/v4/logs/paper_trading/2026-05-19/protocol101_no-order-shadow_2026-05-19.jsonl,527,2026-05-19T17:52:13.936096+00:00,protocol101_no-order-shadow_2026-05-19,paper-submit,,0,false,false,false,false,not_comparable,full_candidate_features;surface_scores;replay_candidate_set
/Users/gduby/Documents/autoresearch-trading/v4/logs/paper_trading/2026-05-19/protocol101_no-order-shadow_2026-05-19.jsonl,532,2026-05-19T17:52:18.999476+00:00,protocol101_no-order-shadow_2026-05-19,paper-submit,,0,false,false,false,false,not_comparable,full_candidate_features;surface_scores;replay_candidate_set
/Users/gduby/Documents/autoresearch-trading/v4/logs/paper_trading/2026-05-19/protocol101_no-order-shadow_2026-05-19.jsonl,541,2026-05-19T17:54:52.962384+00:00,protocol101_no-order-shadow_2026-05-19,paper-submit,,0,false,false,false,false,not_comparable,full_candidate_features;surface_scores;replay_candidate_set
/Users/gduby/Documents/autoresearch-trading/v4/logs/paper_trading/2026-05-19/protocol101_no-order-shadow_2026-05-19.jsonl,546,2026-05-19T17:54:58.045703+00:00,protocol101_no-order-shadow_2026-05-19,paper-submit,,0,false,false,false,false,not_comparable,full_candidate_features;surface_scores;replay_candidate_set
/Users/gduby/Documents/autoresearch-trading/v4/logs/paper_trading/2026-05-19/protocol101_no-order-shadow_2026-05-19.jsonl,551,2026-05-19T17:55:03.121096+00:00,protocol101_no-order-shadow_2026-05-19,paper-submit,,0,false,false,false,false,not_comparable,full_candidate_features;surface_scores;replay_candidate_set
/Users/gduby/Documents/autoresearch-trading/v4/logs/paper_trading/2026-05-19/protocol101_no-order-shadow_2026-05-19.jsonl,560,2026-05-19T17:57:17.076235+00:00,protocol101_no-order-shadow_2026-05-19,paper-submit,,0,false,false,false,false,not_comparable,full_candidate_features;surface_scores;replay_candidate_set
/Users/gduby/Documents/autoresearch-trading/v4/logs/paper_trading/2026-05-19/protocol101_no-order-shadow_2026-05-19.jsonl,565,2026-05-19T17:57:22.132074+00:00,protocol101_no-order-shadow_2026-05-19,paper-submit,,0,false,false,false,false,not_comparable,full_candidate_features;surface_scores;replay_candidate_set
/Users/gduby/Documents/autoresearch-trading/v4/logs/paper_trading/2026-05-19/protocol101_no-order-shadow_2026-05-19.jsonl,570,2026-05-19T17:57:27.185256+00:00,protocol101_no-order-shadow_2026-05-19,paper-submit,,0,false,false,false,false,not_comparable,full_candidate_features;surface_scores;replay_candidate_set
/Users/gduby/Documents/autoresearch-trading/v4/logs/paper_trading/2026-05-19/protocol101_no-order-shadow_2026-05-19.jsonl,579,2026-05-19T17:59:46.285197+00:00,protocol101_no-order-shadow_2026-05-19,paper-submit,,0,false,false,false,false,not_comparable,full_candidate_features;surface_scores;replay_candidate_set
/Users/gduby/Documents/autoresearch-trading/v4/logs/paper_trading/2026-05-19/protocol101_no-order-shadow_2026-05-19.jsonl,584,2026-05-19T17:59:51.344268+00:00,protocol101_no-order-shadow_2026-05-19,paper-submit,,0,false,false,false,false,not_comparable,full_candidate_features;surface_scores;replay_candidate_set
/Users/gduby/Documents/autoresearch-trading/v4/logs/paper_trading/2026-05-19/protocol101_no-order-shadow_2026-05-19.jsonl,589,2026-05-19T17:59:56.424859+00:00,protocol101_no-order-shadow_2026-05-19,paper-submit,,0,false,false,false,false,not_comparable,full_candidate_features;surface_scores;replay_candidate_set
/Users/gduby/Documents/autoresearch-trading/v4/logs/paper_trading/2026-05-19/protocol101_no-order-shadow_2026-05-19.jsonl,598,2026-05-19T18:02:11.185417+00:00,protocol101_no-order-shadow_2026-05-19,paper-submit,,0,false,false,false,false,not_comparable,full_candidate_features;surface_scores;replay_candidate_set
/Users/gduby/Documents/autoresearch-trading/v4/logs/paper_trading/2026-05-19/protocol101_no-order-shadow_2026-05-19.jsonl,603,2026-05-19T18:02:16.258339+00:00,protocol101_no-order-shadow_2026-05-19,paper-submit,,0,false,false,false,false,not_comparable,full_candidate_features;surface_scores;replay_candidate_set
/Users/gduby/Documents/autoresearch-trading/v4/logs/paper_trading/2026-05-19/protocol101_no-order-shadow_2026-05-19.jsonl,608,2026-05-19T18:02:21.335748+00:00,protocol101_no-order-shadow_2026-05-19,paper-submit,,0,false,false,false,false,not_comparable,full_candidate_features;surface_scores;replay_candidate_set
/Users/gduby/Documents/autoresearch-trading/v4/logs/paper_trading/2026-05-19/protocol101_no-order-shadow_2026-05-19.jsonl,617,2026-05-19T18:04:49.936365+00:00,protocol101_no-order-shadow_2026-05-19,paper-submit,,0,false,false,false,false,not_comparable,full_candidate_features;surface_scores;replay_candidate_set
/Users/gduby/Documents/autoresearch-trading/v4/logs/paper_trading/2026-05-19/protocol101_no-order-shadow_2026-05-19.jsonl,622,2026-05-19T18:04:54.989415+00:00,protocol101_no-order-shadow_2026-05-19,paper-submit,,0,false,false,false,false,not_comparable,full_candidate_features;surface_scores;replay_candidate_set
/Users/gduby/Documents/autoresearch-trading/v4/logs/paper_trading/2026-05-19/protocol101_no-order-shadow_2026-05-19.jsonl,627,2026-05-19T18:05:00.038918+00:00,protocol101_no-order-shadow_2026-05-19,paper-submit,,0,false,false,false,false,not_comparable,full_candidate_features;surface_scores;replay_candidate_set
/Users/gduby/Documents/autoresearch-trading/v4/logs/paper_trading/2026-05-19/protocol101_no-order-shadow_2026-05-19.jsonl,636,2026-05-19T18:07:14.542361+00:00,protocol101_no-order-shadow_2026-05-19,paper-submit,,0,false,false,false,false,not_comparable,full_candidate_features;surface_scores;replay_candidate_set
/Users/gduby/Documents/autoresearch-trading/v4/logs/paper_trading/2026-05-19/protocol101_no-order-shadow_2026-05-19.jsonl,641,2026-05-19T18:07:19.645160+00:00,protocol101_no-order-shadow_2026-05-19,paper-submit,,0,false,false,false,false,not_comparable,full_candidate_features;surface_scores;replay_candidate_set
/Users/gduby/Documents/autoresearch-trading/v4/logs/paper_trading/2026-05-19/protocol101_no-order-shadow_2026-05-19.jsonl,646,2026-05-19T18:07:24.699713+00:00,protocol101_no-order-shadow_2026-05-19,paper-submit,,0,false,false,false,false,not_comparable,full_candidate_features;surface_scores;replay_candidate_set
/Users/gduby/Documents/autoresearch-trading/v4/logs/paper_trading/2026-05-19/protocol101_no-order-shadow_2026-05-19.jsonl,655,2026-05-19T18:09:53.873682+00:00,protocol101_no-order-shadow_2026-05-19,paper-submit,,0,false,false,false,false,not_comparable,full_candidate_features;surface_scores;replay_candidate_set
/Users/gduby/Documents/autoresearch-trading/v4/logs/paper_trading/2026-05-19/protocol101_no-order-shadow_2026-05-19.jsonl,660,2026-05-19T18:09:58.954375+00:00,protocol101_no-order-shadow_2026-05-19,paper-submit,,0,false,false,false,false,not_comparable,full_candidate_features;surface_scores;replay_candidate_set
/Users/gduby/Documents/autoresearch-trading/v4/logs/paper_trading/2026-05-19/protocol101_no-order-shadow_2026-05-19.jsonl,665,2026-05-19T18:10:04.009074+00:00,protocol101_no-order-shadow_2026-05-19,paper-submit,,0,false,false,false,false,not_comparable,full_candidate_features;surface_scores;replay_candidate_set
/Users/gduby/Documents/autoresearch-trading/v4/logs/paper_trading/2026-05-19/protocol101_no-order-shadow_2026-05-19.jsonl,674,2026-05-19T18:12:49.212693+00:00,protocol101_no-order-shadow_2026-05-19,paper-submit,,0,false,true,true,false,not_comparable,full_candidate_features;replay_candidate_set
/Users/gduby/Documents/autoresearch-trading/v4/logs/paper_trading/2026-05-19/protocol101_no-order-shadow_2026-05-19.jsonl,679,2026-05-19T18:12:54.294566+00:00,protocol101_no-order-shadow_2026-05-19,paper-submit,,0,false,true,true,false,not_comparable,full_candidate_features;replay_candidate_set
/Users/gduby/Documents/autoresearch-trading/v4/logs/paper_trading/2026-05-19/protocol101_no-order-shadow_2026-05-19.jsonl,684,2026-05-19T18:12:59.351032+00:00,protocol101_no-order-shadow_2026-05-19,paper-submit,,0,false,true,true,false,not_comparable,full_candidate_features;replay_candidate_set
/Users/gduby/Documents/autoresearch-trading/v4/logs/paper_trading/2026-05-19/protocol101_no-order-shadow_2026-05-19.jsonl,693,2026-05-19T18:15:30.603782+00:00,protocol101_no-order-shadow_2026-05-19,paper-submit,,0,false,true,true,false,not_comparable,full_candidate_features;replay_candidate_set
/Users/gduby/Documents/autoresearch-trading/v4/logs/paper_trading/2026-05-19/protocol101_no-order-shadow_2026-05-19.jsonl,698,2026-05-19T18:15:35.708737+00:00,protocol101_no-order-shadow_2026-05-19,paper-submit,,0,false,true,true,false,not_comparable,full_candidate_features;replay_candidate_set
/Users/gduby/Documents/autoresearch-trading/v4/logs/paper_trading/2026-05-19/protocol101_no-order-shadow_2026-05-19.jsonl,703,2026-05-19T18:15:40.784933+00:00,protocol101_no-order-shadow_2026-05-19,paper-submit,,0,false,true,true,false,not_comparable,full_candidate_features;replay_candidate_set
/Users/gduby/Documents/autoresearch-trading/v4/logs/paper_trading/2026-05-19/protocol101_no-order-shadow_2026-05-19.jsonl,712,2026-05-19T18:17:58.610422+00:00,protocol101_no-order-shadow_2026-05-19,paper-submit,,0,false,true,true,false,not_comparable,full_candidate_features;replay_candidate_set
/Users/gduby/Documents/autoresearch-trading/v4/logs/paper_trading/2026-05-19/protocol101_no-order-shadow_2026-05-19.jsonl,717,2026-05-19T18:18:03.712904+00:00,protocol101_no-order-shadow_2026-05-19,paper-submit,,0,false,true,true,false,not_comparable,full_candidate_features;replay_candidate_set
/Users/gduby/Documents/autoresearch-trading/v4/logs/paper_trading/2026-05-19/protocol101_no-order-shadow_2026-05-19.jsonl,722,2026-05-19T18:18:08.784007+00:00,protocol101_no-order-shadow_2026-05-19,paper-submit,,0,false,true,true,false,not_comparable,full_candidate_features;replay_candidate_set
/Users/gduby/Documents/autoresearch-trading/v4/logs/paper_trading/2026-05-19/protocol101_no-order-shadow_2026-05-19.jsonl,731,2026-05-19T18:20:34.475616+00:00,protocol101_no-order-shadow_2026-05-19,paper-submit,,0,false,true,true,false,not_comparable,full_candidate_features;replay_candidate_set
/Users/gduby/Documents/autoresearch-trading/v4/logs/paper_trading/2026-05-19/protocol101_no-order-shadow_2026-05-19.jsonl,736,2026-05-19T18:20:39.600283+00:00,protocol101_no-order-shadow_2026-05-19,paper-submit,,0,false,true,true,false,not_comparable,full_candidate_features;replay_candidate_set
/Users/gduby/Documents/autoresearch-trading/v4/logs/paper_trading/2026-05-19/protocol101_no-order-shadow_2026-05-19.jsonl,741,2026-05-19T18:20:44.678482+00:00,protocol101_no-order-shadow_2026-05-19,paper-submit,,0,false,true,true,false,not_comparable,full_candidate_features;replay_candidate_set
/Users/gduby/Documents/autoresearch-trading/v4/logs/paper_trading/2026-05-19/protocol101_no-order-shadow_2026-05-19.jsonl,750,2026-05-19T18:22:57.734605+00:00,protocol101_no-order-shadow_2026-05-19,paper-submit,,0,false,true,true,false,not_comparable,full_candidate_features;replay_candidate_set
/Users/gduby/Documents/autoresearch-trading/v4/logs/paper_trading/2026-05-19/protocol101_no-order-shadow_2026-05-19.jsonl,755,2026-05-19T18:23:02.834605+00:00,protocol101_no-order-shadow_2026-05-19,paper-submit,,0,false,true,true,false,not_comparable,full_candidate_features;replay_candidate_set
/Users/gduby/Documents/autoresearch-trading/v4/logs/paper_trading/2026-05-19/protocol101_no-order-shadow_2026-05-19.jsonl,760,2026-05-19T18:23:07.910561+00:00,protocol101_no-order-shadow_2026-05-19,paper-submit,,0,false,true,true,false,not_comparable,full_candidate_features;replay_candidate_set
/Users/gduby/Documents/autoresearch-trading/v4/logs/paper_trading/2026-05-19/protocol101_no-order-shadow_2026-05-19.jsonl,769,2026-05-19T18:25:10.754405+00:00,protocol101_no-order-shadow_2026-05-19,paper-submit,,0,false,true,true,false,not_comparable,full_candidate_features;replay_candidate_set
/Users/gduby/Documents/autoresearch-trading/v4/logs/paper_trading/2026-05-19/protocol101_no-order-shadow_2026-05-19.jsonl,774,2026-05-19T18:25:15.848869+00:00,protocol101_no-order-shadow_2026-05-19,paper-submit,,0,false,true,true,false,not_comparable,full_candidate_features;replay_candidate_set
/Users/gduby/Documents/autoresearch-trading/v4/logs/paper_trading/2026-05-19/protocol101_no-order-shadow_2026-05-19.jsonl,779,2026-05-19T18:25:20.901979+00:00,protocol101_no-order-shadow_2026-05-19,paper-submit,,0,false,true,true,false,not_comparable,full_candidate_features;replay_candidate_set
/Users/gduby/Documents/autoresearch-trading/v4/logs/paper_trading/2026-05-19/protocol101_no-order-shadow_2026-05-19.jsonl,788,2026-05-19T18:27:25.822463+00:00,protocol101_no-order-shadow_2026-05-19,paper-submit,,0,false,true,true,false,not_comparable,full_candidate_features;replay_candidate_set
/Users/gduby/Documents/autoresearch-trading/v4/logs/paper_trading/2026-05-19/protocol101_no-order-shadow_2026-05-19.jsonl,793,2026-05-19T18:27:30.878428+00:00,protocol101_no-order-shadow_2026-05-19,paper-submit,,0,false,true,true,false,not_comparable,full_candidate_features;replay_candidate_set
/Users/gduby/Documents/autoresearch-trading/v4/logs/paper_trading/2026-05-19/protocol101_no-order-shadow_2026-05-19.jsonl,798,2026-05-19T18:27:35.930379+00:00,protocol101_no-order-shadow_2026-05-19,paper-submit,,0,false,true,true,false,not_comparable,full_candidate_features;replay_candidate_set
/Users/gduby/Documents/autoresearch-trading/v4/logs/paper_trading/2026-05-19/protocol101_no-order-shadow_2026-05-19.jsonl,807,2026-05-19T18:29:59.582434+00:00,protocol101_no-order-shadow_2026-05-19,paper-submit,,0,false,true,true,false,not_comparable,full_candidate_features;replay_candidate_set
/Users/gduby/Documents/autoresearch-trading/v4/logs/paper_trading/2026-05-19/protocol101_no-order-shadow_2026-05-19.jsonl,812,2026-05-19T18:30:04.661863+00:00,protocol101_no-order-shadow_2026-05-19,paper-submit,,0,false,true,true,false,not_comparable,full_candidate_features;replay_candidate_set
/Users/gduby/Documents/autoresearch-trading/v4/logs/paper_trading/2026-05-19/protocol101_no-order-shadow_2026-05-19.jsonl,817,2026-05-19T18:30:09.718950+00:00,protocol101_no-order-shadow_2026-05-19,paper-submit,,0,false,true,true,false,not_comparable,full_candidate_features;replay_candidate_set
/Users/gduby/Documents/autoresearch-trading/v4/logs/paper_trading/2026-05-19/protocol101_no-order-shadow_2026-05-19.jsonl,826,2026-05-19T18:32:14.372067+00:00,protocol101_no-order-shadow_2026-05-19,paper-submit,,0,false,true,true,false,not_comparable,full_candidate_features;replay_candidate_set
/Users/gduby/Documents/autoresearch-trading/v4/logs/paper_trading/2026-05-19/protocol101_no-order-shadow_2026-05-19.jsonl,831,2026-05-19T18:32:19.425085+00:00,protocol101_no-order-shadow_2026-05-19,paper-submit,,0,false,true,true,false,not_comparable,full_candidate_features;replay_candidate_set
/Users/gduby/Documents/autoresearch-trading/v4/logs/paper_trading/2026-05-19/protocol101_no-order-shadow_2026-05-19.jsonl,836,2026-05-19T18:32:24.487022+00:00,protocol101_no-order-shadow_2026-05-19,paper-submit,,0,false,true,true,false,not_comparable,full_candidate_features;replay_candidate_set
/Users/gduby/Documents/autoresearch-trading/v4/logs/paper_trading/2026-05-19/protocol101_no-order-shadow_2026-05-19.jsonl,845,2026-05-19T18:34:34.528563+00:00,protocol101_no-order-shadow_2026-05-19,paper-submit,,0,false,true,true,false,not_comparable,full_candidate_features;replay_candidate_set
/Users/gduby/Documents/autoresearch-trading/v4/logs/paper_trading/2026-05-19/protocol101_no-order-shadow_2026-05-19.jsonl,850,2026-05-19T18:34:39.578494+00:00,protocol101_no-order-shadow_2026-05-19,paper-submit,,0,false,true,true,false,not_comparable,full_candidate_features;replay_candidate_set
/Users/gduby/Documents/autoresearch-trading/v4/logs/paper_trading/2026-05-19/protocol101_no-order-shadow_2026-05-19.jsonl,855,2026-05-19T18:34:44.628846+00:00,protocol101_no-order-shadow_2026-05-19,paper-submit,,0,false,true,true,false,not_comparable,full_candidate_features;replay_candidate_set
/Users/gduby/Documents/autoresearch-trading/v4/logs/paper_trading/2026-05-19/protocol101_no-order-shadow_2026-05-19.jsonl,864,2026-05-19T18:36:58.369731+00:00,protocol101_no-order-shadow_2026-05-19,paper-submit,,0,false,true,true,false,not_comparable,full_candidate_features;replay_candidate_set
/Users/gduby/Documents/autoresearch-trading/v4/logs/paper_trading/2026-05-19/protocol101_no-order-shadow_2026-05-19.jsonl,869,2026-05-19T18:37:03.486785+00:00,protocol101_no-order-shadow_2026-05-19,paper-submit,,0,false,true,true,false,not_comparable,full_candidate_features;replay_candidate_set
/Users/gduby/Documents/autoresearch-trading/v4/logs/paper_trading/2026-05-19/protocol101_no-order-shadow_2026-05-19.jsonl,874,2026-05-19T18:37:08.562802+00:00,protocol101_no-order-shadow_2026-05-19,paper-submit,,0,false,true,true,false,not_comparable,full_candidate_features;replay_candidate_set
/Users/gduby/Documents/autoresearch-trading/v4/logs/paper_trading/2026-05-19/protocol101_no-order-shadow_2026-05-19.jsonl,883,2026-05-19T18:39:13.746869+00:00,protocol101_no-order-shadow_2026-05-19,paper-submit,,0,false,true,true,false,not_comparable,full_candidate_features;replay_candidate_set
/Users/gduby/Documents/autoresearch-trading/v4/logs/paper_trading/2026-05-19/protocol101_no-order-shadow_2026-05-19.jsonl,888,2026-05-19T18:39:18.797501+00:00,protocol101_no-order-shadow_2026-05-19,paper-submit,,0,false,true,true,false,not_comparable,full_candidate_features;replay_candidate_set
/Users/gduby/Documents/autoresearch-trading/v4/logs/paper_trading/2026-05-19/protocol101_no-order-shadow_2026-05-19.jsonl,893,2026-05-19T18:39:23.848017+00:00,protocol101_no-order-shadow_2026-05-19,paper-submit,,0,false,true,true,false,not_comparable,full_candidate_features;replay_candidate_set
/Users/gduby/Documents/autoresearch-trading/v4/logs/paper_trading/2026-05-19/protocol101_no-order-shadow_2026-05-19.jsonl,902,2026-05-19T18:41:28.894801+00:00,protocol101_no-order-shadow_2026-05-19,paper-submit,,0,false,true,true,false,not_comparable,full_candidate_features;replay_candidate_set
/Users/gduby/Documents/autoresearch-trading/v4/logs/paper_trading/2026-05-19/protocol101_no-order-shadow_2026-05-19.jsonl,907,2026-05-19T18:41:33.998781+00:00,protocol101_no-order-shadow_2026-05-19,paper-submit,,0,false,true,true,false,not_comparable,full_candidate_features;replay_candidate_set
/Users/gduby/Documents/autoresearch-trading/v4/logs/paper_trading/2026-05-19/protocol101_no-order-shadow_2026-05-19.jsonl,912,2026-05-19T18:41:39.047574+00:00,protocol101_no-order-shadow_2026-05-19,paper-submit,,0,false,true,true,false,not_comparable,full_candidate_features;replay_candidate_set
/Users/gduby/Documents/autoresearch-trading/v4/logs/paper_trading/2026-05-19/protocol101_no-order-shadow_2026-05-19.jsonl,921,2026-05-19T18:43:43.706781+00:00,protocol101_no-order-shadow_2026-05-19,paper-submit,,0,false,true,true,false,not_comparable,full_candidate_features;replay_candidate_set
/Users/gduby/Documents/autoresearch-trading/v4/logs/paper_trading/2026-05-19/protocol101_no-order-shadow_2026-05-19.jsonl,926,2026-05-19T18:43:48.760413+00:00,protocol101_no-order-shadow_2026-05-19,paper-submit,,0,false,true,true,false,not_comparable,full_candidate_features;replay_candidate_set
/Users/gduby/Documents/autoresearch-trading/v4/logs/paper_trading/2026-05-19/protocol101_no-order-shadow_2026-05-19.jsonl,931,2026-05-19T18:43:53.812011+00:00,protocol101_no-order-shadow_2026-05-19,paper-submit,,0,false,true,true,false,not_comparable,full_candidate_features;replay_candidate_set
/Users/gduby/Documents/autoresearch-trading/v4/logs/paper_trading/2026-05-19/protocol101_no-order-shadow_2026-05-19.jsonl,940,2026-05-19T18:45:59.147363+00:00,protocol101_no-order-shadow_2026-05-19,paper-submit,,0,false,true,true,false,not_comparable,full_candidate_features;replay_candidate_set
/Users/gduby/Documents/autoresearch-trading/v4/logs/paper_trading/2026-05-19/protocol101_no-order-shadow_2026-05-19.jsonl,945,2026-05-19T18:46:04.199647+00:00,protocol101_no-order-shadow_2026-05-19,paper-submit,,0,false,true,true,false,not_comparable,full_candidate_features;replay_candidate_set
/Users/gduby/Documents/autoresearch-trading/v4/logs/paper_trading/2026-05-19/protocol101_no-order-shadow_2026-05-19.jsonl,950,2026-05-19T18:46:09.249906+00:00,protocol101_no-order-shadow_2026-05-19,paper-submit,,0,false,true,true,false,not_comparable,full_candidate_features;replay_candidate_set
/Users/gduby/Documents/autoresearch-trading/v4/logs/paper_trading/2026-05-19/protocol101_no-order-shadow_2026-05-19.jsonl,959,2026-05-19T18:48:38.892836+00:00,protocol101_no-order-shadow_2026-05-19,paper-submit,,0,false,true,true,false,not_comparable,full_candidate_features;replay_candidate_set
/Users/gduby/Documents/autoresearch-trading/v4/logs/paper_trading/2026-05-19/protocol101_no-order-shadow_2026-05-19.jsonl,964,2026-05-19T18:48:43.998063+00:00,protocol101_no-order-shadow_2026-05-19,paper-submit,,0,false,true,true,false,not_comparable,full_candidate_features;replay_candidate_set
/Users/gduby/Documents/autoresearch-trading/v4/logs/paper_trading/2026-05-19/protocol101_no-order-shadow_2026-05-19.jsonl,969,2026-05-19T18:48:49.055767+00:00,protocol101_no-order-shadow_2026-05-19,paper-submit,,0,false,true,true,false,not_comparable,full_candidate_features;replay_candidate_set
/Users/gduby/Documents/autoresearch-trading/v4/logs/paper_trading/2026-05-19/protocol101_no-order-shadow_2026-05-19.jsonl,978,2026-05-19T18:53:57.766985+00:00,protocol101_no-order-shadow_2026-05-19,paper-submit,,0,false,true,true,false,not_comparable,full_candidate_features;replay_candidate_set
/Users/gduby/Documents/autoresearch-trading/v4/logs/paper_trading/2026-05-19/protocol101_no-order-shadow_2026-05-19.jsonl,983,2026-05-19T18:54:02.858088+00:00,protocol101_no-order-shadow_2026-05-19,paper-submit,,0,false,true,true,false,not_comparable,full_candidate_features;replay_candidate_set
/Users/gduby/Documents/autoresearch-trading/v4/logs/paper_trading/2026-05-19/protocol101_no-order-shadow_2026-05-19.jsonl,988,2026-05-19T18:54:07.935674+00:00,protocol101_no-order-shadow_2026-05-19,paper-submit,,0,false,true,true,false,not_comparable,full_candidate_features;replay_candidate_set
/Users/gduby/Documents/autoresearch-trading/v4/logs/paper_trading/2026-05-19/protocol101_no-order-shadow_2026-05-19.jsonl,997,2026-05-19T18:56:24.135600+00:00,protocol101_no-order-shadow_2026-05-19,paper-submit,,0,false,true,true,false,not_comparable,full_candidate_features;replay_candidate_set
/Users/gduby/Documents/autoresearch-trading/v4/logs/paper_trading/2026-05-19/protocol101_no-order-shadow_2026-05-19.jsonl,1002,2026-05-19T18:56:29.187943+00:00,protocol101_no-order-shadow_2026-05-19,paper-submit,,0,false,true,true,false,not_comparable,full_candidate_features;replay_candidate_set
/Users/gduby/Documents/autoresearch-trading/v4/logs/paper_trading/2026-05-19/protocol101_no-order-shadow_2026-05-19.jsonl,1007,2026-05-19T18:56:34.264025+00:00,protocol101_no-order-shadow_2026-05-19,paper-submit,,0,false,true,true,false,not_comparable,full_candidate_features;replay_candidate_set
/Users/gduby/Documents/autoresearch-trading/v4/logs/paper_trading/2026-05-19/protocol101_no-order-shadow_2026-05-19.jsonl,1016,2026-05-19T18:58:53.056459+00:00,protocol101_no-order-shadow_2026-05-19,paper-submit,,0,false,true,true,false,not_comparable,full_candidate_features;replay_candidate_set
/Users/gduby/Documents/autoresearch-trading/v4/logs/paper_trading/2026-05-19/protocol101_no-order-shadow_2026-05-19.jsonl,1021,2026-05-19T18:58:58.111968+00:00,protocol101_no-order-shadow_2026-05-19,paper-submit,,0,false,true,true,false,not_comparable,full_candidate_features;replay_candidate_set
/Users/gduby/Documents/autoresearch-trading/v4/logs/paper_trading/2026-05-19/protocol101_no-order-shadow_2026-05-19.jsonl,1026,2026-05-19T18:59:03.161699+00:00,protocol101_no-order-shadow_2026-05-19,paper-submit,,0,false,true,true,false,not_comparable,full_candidate_features;replay_candidate_set
/Users/gduby/Documents/autoresearch-trading/v4/logs/paper_trading/2026-05-19/protocol101_no-order-shadow_2026-05-19.jsonl,1035,2026-05-19T19:01:10.316374+00:00,protocol101_no-order-shadow_2026-05-19,paper-submit,,0,false,true,true,false,not_comparable,full_candidate_features;replay_candidate_set
/Users/gduby/Documents/autoresearch-trading/v4/logs/paper_trading/2026-05-19/protocol101_no-order-shadow_2026-05-19.jsonl,1040,2026-05-19T19:01:15.370770+00:00,protocol101_no-order-shadow_2026-05-19,paper-submit,,0,false,true,true,false,not_comparable,full_candidate_features;replay_candidate_set
/Users/gduby/Documents/autoresearch-trading/v4/logs/paper_trading/2026-05-19/protocol101_no-order-shadow_2026-05-19.jsonl,1045,2026-05-19T19:01:20.451000+00:00,protocol101_no-order-shadow_2026-05-19,paper-submit,,0,false,true,true,false,not_comparable,full_candidate_features;replay_candidate_set
/Users/gduby/Documents/autoresearch-trading/v4/logs/paper_trading/2026-05-19/protocol101_no-order-shadow_2026-05-19.jsonl,1054,2026-05-19T19:03:29.012280+00:00,protocol101_no-order-shadow_2026-05-19,paper-submit,,0,false,true,true,false,not_comparable,full_candidate_features;replay_candidate_set
/Users/gduby/Documents/autoresearch-trading/v4/logs/paper_trading/2026-05-19/protocol101_no-order-shadow_2026-05-19.jsonl,1059,2026-05-19T19:03:34.070430+00:00,protocol101_no-order-shadow_2026-05-19,paper-submit,,0,false,true,true,false,not_comparable,full_candidate_features;replay_candidate_set
/Users/gduby/Documents/autoresearch-trading/v4/logs/paper_trading/2026-05-19/protocol101_no-order-shadow_2026-05-19.jsonl,1064,2026-05-19T19:03:39.209460+00:00,protocol101_no-order-shadow_2026-05-19,paper-submit,,0,false,true,true,false,not_comparable,full_candidate_features;replay_candidate_set
/Users/gduby/Documents/autoresearch-trading/v4/logs/paper_trading/2026-05-19/protocol101_no-order-shadow_2026-05-19.jsonl,1073,2026-05-19T19:06:02.000857+00:00,protocol101_no-order-shadow_2026-05-19,paper-submit,,0,false,true,true,false,not_comparable,full_candidate_features;replay_candidate_set
/Users/gduby/Documents/autoresearch-trading/v4/logs/paper_trading/2026-05-19/protocol101_no-order-shadow_2026-05-19.jsonl,1078,2026-05-19T19:06:07.081829+00:00,protocol101_no-order-shadow_2026-05-19,paper-submit,,0,false,true,true,false,not_comparable,full_candidate_features;replay_candidate_set
/Users/gduby/Documents/autoresearch-trading/v4/logs/paper_trading/2026-05-19/protocol101_no-order-shadow_2026-05-19.jsonl,1083,2026-05-19T19:06:12.217886+00:00,protocol101_no-order-shadow_2026-05-19,paper-submit,,0,false,true,true,false,not_comparable,full_candidate_features;replay_candidate_set
/Users/gduby/Documents/autoresearch-trading/v4/logs/paper_trading/2026-05-19/protocol101_no-order-shadow_2026-05-19.jsonl,1092,2026-05-19T19:08:41.085374+00:00,protocol101_no-order-shadow_2026-05-19,paper-submit,,0,false,true,true,false,not_comparable,full_candidate_features;replay_candidate_set
/Users/gduby/Documents/autoresearch-trading/v4/logs/paper_trading/2026-05-19/protocol101_no-order-shadow_2026-05-19.jsonl,1097,2026-05-19T19:08:46.141224+00:00,protocol101_no-order-shadow_2026-05-19,paper-submit,,0,false,true,true,false,not_comparable,full_candidate_features;replay_candidate_set
/Users/gduby/Documents/autoresearch-trading/v4/logs/paper_trading/2026-05-19/protocol101_no-order-shadow_2026-05-19.jsonl,1102,2026-05-19T19:08:51.265309+00:00,protocol101_no-order-shadow_2026-05-19,paper-submit,,0,false,true,true,false,not_comparable,full_candidate_features;replay_candidate_set
/Users/gduby/Documents/autoresearch-trading/v4/logs/paper_trading/2026-05-19/protocol101_no-order-shadow_2026-05-19.jsonl,1111,2026-05-19T19:10:59.552552+00:00,protocol101_no-order-shadow_2026-05-19,paper-submit,,0,false,true,true,false,not_comparable,full_candidate_features;replay_candidate_set
/Users/gduby/Documents/autoresearch-trading/v4/logs/paper_trading/2026-05-19/protocol101_no-order-shadow_2026-05-19.jsonl,1116,2026-05-19T19:11:04.603914+00:00,protocol101_no-order-shadow_2026-05-19,paper-submit,,0,false,true,true,false,not_comparable,full_candidate_features;replay_candidate_set
/Users/gduby/Documents/autoresearch-trading/v4/logs/paper_trading/2026-05-19/protocol101_no-order-shadow_2026-05-19.jsonl,1121,2026-05-19T19:11:09.722632+00:00,protocol101_no-order-shadow_2026-05-19,paper-submit,,0,false,true,true,false,not_comparable,full_candidate_features;replay_candidate_set
/Users/gduby/Documents/autoresearch-trading/v4/logs/paper_trading/2026-05-19/protocol101_no-order-shadow_2026-05-19.jsonl,1130,2026-05-19T19:13:30.031547+00:00,protocol101_no-order-shadow_2026-05-19,paper-submit,,0,false,true,true,false,not_comparable,full_candidate_features;replay_candidate_set
/Users/gduby/Documents/autoresearch-trading/v4/logs/paper_trading/2026-05-19/protocol101_no-order-shadow_2026-05-19.jsonl,1135,2026-05-19T19:13:35.142900+00:00,protocol101_no-order-shadow_2026-05-19,paper-submit,,0,false,true,true,false,not_comparable,full_candidate_features;replay_candidate_set
/Users/gduby/Documents/autoresearch-trading/v4/logs/paper_trading/2026-05-19/protocol101_no-order-shadow_2026-05-19.jsonl,1140,2026-05-19T19:13:40.254600+00:00,protocol101_no-order-shadow_2026-05-19,paper-submit,,0,false,true,true,false,not_comparable,full_candidate_features;replay_candidate_set
/Users/gduby/Documents/autoresearch-trading/v4/logs/paper_trading/2026-05-19/protocol101_no-order-shadow_2026-05-19.jsonl,1149,2026-05-19T19:15:51.129510+00:00,protocol101_no-order-shadow_2026-05-19,paper-submit,,0,false,true,true,false,not_comparable,full_candidate_features;replay_candidate_set
/Users/gduby/Documents/autoresearch-trading/v4/logs/paper_trading/2026-05-19/protocol101_no-order-shadow_2026-05-19.jsonl,1154,2026-05-19T19:15:56.207941+00:00,protocol101_no-order-shadow_2026-05-19,paper-submit,,0,false,true,true,false,not_comparable,full_candidate_features;replay_candidate_set
/Users/gduby/Documents/autoresearch-trading/v4/logs/paper_trading/2026-05-19/protocol101_no-order-shadow_2026-05-19.jsonl,1159,2026-05-19T19:16:01.345440+00:00,protocol101_no-order-shadow_2026-05-19,paper-submit,,0,false,true,true,false,not_comparable,full_candidate_features;replay_candidate_set
/Users/gduby/Documents/autoresearch-trading/v4/logs/paper_trading/2026-05-19/protocol101_no-order-shadow_2026-05-19.jsonl,1168,2026-05-19T19:18:17.656447+00:00,protocol101_no-order-shadow_2026-05-19,paper-submit,,0,false,true,true,false,not_comparable,full_candidate_features;replay_candidate_set
/Users/gduby/Documents/autoresearch-trading/v4/logs/paper_trading/2026-05-19/protocol101_no-order-shadow_2026-05-19.jsonl,1173,2026-05-19T19:18:22.712525+00:00,protocol101_no-order-shadow_2026-05-19,paper-submit,,0,false,true,true,false,not_comparable,full_candidate_features;replay_candidate_set
/Users/gduby/Documents/autoresearch-trading/v4/logs/paper_trading/2026-05-19/protocol101_no-order-shadow_2026-05-19.jsonl,1178,2026-05-19T19:18:27.768945+00:00,protocol101_no-order-shadow_2026-05-19,paper-submit,,0,false,true,true,false,not_comparable,full_candidate_features;replay_candidate_set
/Users/gduby/Documents/autoresearch-trading/v4/logs/paper_trading/2026-05-19/protocol101_no-order-shadow_2026-05-19.jsonl,1193,2026-05-19T19:23:01.432574+00:00,protocol101_no-order-shadow_2026-05-19,paper-submit,,0,false,true,true,false,not_comparable,full_candidate_features;replay_candidate_set
/Users/gduby/Documents/autoresearch-trading/v4/logs/paper_trading/2026-05-19/protocol101_no-order-shadow_2026-05-19.jsonl,1198,2026-05-19T19:23:06.500925+00:00,protocol101_no-order-shadow_2026-05-19,paper-submit,,0,false,true,true,false,not_comparable,full_candidate_features;replay_candidate_set
/Users/gduby/Documents/autoresearch-trading/v4/logs/paper_trading/2026-05-19/protocol101_no-order-shadow_2026-05-19.jsonl,1203,2026-05-19T19:23:11.615577+00:00,protocol101_no-order-shadow_2026-05-19,paper-submit,,0,false,true,true,false,not_comparable,full_candidate_features;replay_candidate_set
/Users/gduby/Documents/autoresearch-trading/v4/logs/paper_trading/2026-05-19/protocol101_no-order-shadow_2026-05-19.jsonl,1212,2026-05-19T19:25:16.672446+00:00,protocol101_no-order-shadow_2026-05-19,paper-submit,,0,false,true,true,false,not_comparable,full_candidate_features;replay_candidate_set
/Users/gduby/Documents/autoresearch-trading/v4/logs/paper_trading/2026-05-19/protocol101_no-order-shadow_2026-05-19.jsonl,1217,2026-05-19T19:25:21.732803+00:00,protocol101_no-order-shadow_2026-05-19,paper-submit,,0,false,true,true,false,not_comparable,full_candidate_features;replay_candidate_set
/Users/gduby/Documents/autoresearch-trading/v4/logs/paper_trading/2026-05-19/protocol101_no-order-shadow_2026-05-19.jsonl,1222,2026-05-19T19:25:26.818647+00:00,protocol101_no-order-shadow_2026-05-19,paper-submit,,0,false,true,true,false,not_comparable,full_candidate_features;replay_candidate_set
/Users/gduby/Documents/autoresearch-trading/v4/logs/paper_trading/2026-05-19/protocol101_no-order-shadow_2026-05-19.jsonl,1231,2026-05-19T19:27:35.663531+00:00,protocol101_no-order-shadow_2026-05-19,paper-submit,,0,false,true,true,false,not_comparable,full_candidate_features;replay_candidate_set
/Users/gduby/Documents/autoresearch-trading/v4/logs/paper_trading/2026-05-19/protocol101_no-order-shadow_2026-05-19.jsonl,1236,2026-05-19T19:27:40.723172+00:00,protocol101_no-order-shadow_2026-05-19,paper-submit,,0,false,true,true,false,not_comparable,full_candidate_features;replay_candidate_set
/Users/gduby/Documents/autoresearch-trading/v4/logs/paper_trading/2026-05-19/protocol101_no-order-shadow_2026-05-19.jsonl,1241,2026-05-19T19:27:45.792537+00:00,protocol101_no-order-shadow_2026-05-19,paper-submit,,0,false,true,true,false,not_comparable,full_candidate_features;replay_candidate_set
/Users/gduby/Documents/autoresearch-trading/v4/logs/paper_trading/2026-05-19/protocol101_no-order-shadow_2026-05-19.jsonl,1250,2026-05-19T19:30:10.326658+00:00,protocol101_no-order-shadow_2026-05-19,paper-submit,,0,false,true,true,false,not_comparable,full_candidate_features;replay_candidate_set
/Users/gduby/Documents/autoresearch-trading/v4/logs/paper_trading/2026-05-19/protocol101_no-order-shadow_2026-05-19.jsonl,1255,2026-05-19T19:30:15.381506+00:00,protocol101_no-order-shadow_2026-05-19,paper-submit,,0,false,true,true,false,not_comparable,full_candidate_features;replay_candidate_set
/Users/gduby/Documents/autoresearch-trading/v4/logs/paper_trading/2026-05-19/protocol101_no-order-shadow_2026-05-19.jsonl,1260,2026-05-19T19:30:20.451198+00:00,protocol101_no-order-shadow_2026-05-19,paper-submit,,0,false,true,true,false,not_comparable,full_candidate_features;replay_candidate_set
/Users/gduby/Documents/autoresearch-trading/v4/logs/paper_trading/2026-05-19/protocol101_no-order-shadow_2026-05-19.jsonl,1269,2026-05-19T19:32:39.319893+00:00,protocol101_no-order-shadow_2026-05-19,paper-submit,,0,false,true,true,false,not_comparable,full_candidate_features;replay_candidate_set
/Users/gduby/Documents/autoresearch-trading/v4/logs/paper_trading/2026-05-19/protocol101_no-order-shadow_2026-05-19.jsonl,1274,2026-05-19T19:32:44.381797+00:00,protocol101_no-order-shadow_2026-05-19,paper-submit,,0,false,true,true,false,not_comparable,full_candidate_features;replay_candidate_set
/Users/gduby/Documents/autoresearch-trading/v4/logs/paper_trading/2026-05-19/protocol101_no-order-shadow_2026-05-19.jsonl,1279,2026-05-19T19:32:49.498320+00:00,protocol101_no-order-shadow_2026-05-19,paper-submit,,0,false,true,true,false,not_comparable,full_candidate_features;replay_candidate_set
/Users/gduby/Documents/autoresearch-trading/v4/logs/paper_trading/2026-05-19/protocol101_no-order-shadow_2026-05-19.jsonl,1288,2026-05-19T19:34:52.561917+00:00,protocol101_no-order-shadow_2026-05-19,paper-submit,,0,false,true,true,false,not_comparable,full_candidate_features;replay_candidate_set
/Users/gduby/Documents/autoresearch-trading/v4/logs/paper_trading/2026-05-19/protocol101_no-order-shadow_2026-05-19.jsonl,1293,2026-05-19T19:34:57.621588+00:00,protocol101_no-order-shadow_2026-05-19,paper-submit,,0,false,true,true,false,not_comparable,full_candidate_features;replay_candidate_set
/Users/gduby/Documents/autoresearch-trading/v4/logs/paper_trading/2026-05-19/protocol101_no-order-shadow_2026-05-19.jsonl,1298,2026-05-19T19:35:02.711977+00:00,protocol101_no-order-shadow_2026-05-19,paper-submit,,0,false,true,true,false,not_comparable,full_candidate_features;replay_candidate_set
/Users/gduby/Documents/autoresearch-trading/v4/logs/paper_trading/2026-05-19/protocol101_no-order-shadow_2026-05-19.jsonl,1307,2026-05-19T19:37:39.037702+00:00,protocol101_no-order-shadow_2026-05-19,paper-submit,,0,false,true,true,false,not_comparable,full_candidate_features;replay_candidate_set
/Users/gduby/Documents/autoresearch-trading/v4/logs/paper_trading/2026-05-19/protocol101_no-order-shadow_2026-05-19.jsonl,1312,2026-05-19T19:37:44.091480+00:00,protocol101_no-order-shadow_2026-05-19,paper-submit,,0,false,true,true,false,not_comparable,full_candidate_features;replay_candidate_set
/Users/gduby/Documents/autoresearch-trading/v4/logs/paper_trading/2026-05-19/protocol101_no-order-shadow_2026-05-19.jsonl,1317,2026-05-19T19:37:49.180554+00:00,protocol101_no-order-shadow_2026-05-19,paper-submit,,0,false,true,true,false,not_comparable,full_candidate_features;replay_candidate_set
/Users/gduby/Documents/autoresearch-trading/v4/logs/paper_trading/2026-05-19/protocol101_no-order-shadow_2026-05-19.jsonl,1326,2026-05-19T19:40:26.275688+00:00,protocol101_no-order-shadow_2026-05-19,paper-submit,,0,false,true,true,false,not_comparable,full_candidate_features;replay_candidate_set
/Users/gduby/Documents/autoresearch-trading/v4/logs/paper_trading/2026-05-19/protocol101_no-order-shadow_2026-05-19.jsonl,1331,2026-05-19T19:40:31.375978+00:00,protocol101_no-order-shadow_2026-05-19,paper-submit,,0,false,true,true,false,not_comparable,full_candidate_features;replay_candidate_set
/Users/gduby/Documents/autoresearch-trading/v4/logs/paper_trading/2026-05-19/protocol101_no-order-shadow_2026-05-19.jsonl,1336,2026-05-19T19:40:36.437004+00:00,protocol101_no-order-shadow_2026-05-19,paper-submit,,0,false,true,true,false,not_comparable,full_candidate_features;replay_candidate_set
/Users/gduby/Documents/autoresearch-trading/v4/logs/paper_trading/2026-05-19/protocol101_no-order-shadow_2026-05-19.jsonl,1345,2026-05-19T19:43:03.512905+00:00,protocol101_no-order-shadow_2026-05-19,paper-submit,,0,false,true,true,false,not_comparable,full_candidate_features;replay_candidate_set
/Users/gduby/Documents/autoresearch-trading/v4/logs/paper_trading/2026-05-19/protocol101_no-order-shadow_2026-05-19.jsonl,1350,2026-05-19T19:43:08.593573+00:00,protocol101_no-order-shadow_2026-05-19,paper-submit,,0,false,true,true,false,not_comparable,full_candidate_features;replay_candidate_set
/Users/gduby/Documents/autoresearch-trading/v4/logs/paper_trading/2026-05-19/protocol101_no-order-shadow_2026-05-19.jsonl,1355,2026-05-19T19:43:13.675303+00:00,protocol101_no-order-shadow_2026-05-19,paper-submit,,0,false,true,true,false,not_comparable,full_candidate_features;replay_candidate_set
/Users/gduby/Documents/autoresearch-trading/v4/logs/paper_trading/2026-05-19/protocol101_no-order-shadow_2026-05-19.jsonl,1364,2026-05-19T19:45:58.649312+00:00,protocol101_no-order-shadow_2026-05-19,paper-submit,,0,false,true,true,false,not_comparable,full_candidate_features;replay_candidate_set
/Users/gduby/Documents/autoresearch-trading/v4/logs/paper_trading/2026-05-19/protocol101_no-order-shadow_2026-05-19.jsonl,1369,2026-05-19T19:46:03.706663+00:00,protocol101_no-order-shadow_2026-05-19,paper-submit,,0,false,true,true,false,not_comparable,full_candidate_features;replay_candidate_set
/Users/gduby/Documents/autoresearch-trading/v4/logs/paper_trading/2026-05-19/protocol101_no-order-shadow_2026-05-19.jsonl,1374,2026-05-19T19:46:08.798550+00:00,protocol101_no-order-shadow_2026-05-19,paper-submit,,0,false,true,true,false,not_comparable,full_candidate_features;replay_candidate_set
/Users/gduby/Documents/autoresearch-trading/v4/logs/paper_trading/2026-05-19/protocol101_no-order-shadow_2026-05-19.jsonl,1383,2026-05-19T19:48:25.729337+00:00,protocol101_no-order-shadow_2026-05-19,paper-submit,,0,false,true,true,false,not_comparable,full_candidate_features;replay_candidate_set
/Users/gduby/Documents/autoresearch-trading/v4/logs/paper_trading/2026-05-19/protocol101_no-order-shadow_2026-05-19.jsonl,1388,2026-05-19T19:48:30.805292+00:00,protocol101_no-order-shadow_2026-05-19,paper-submit,,0,false,true,true,false,not_comparable,full_candidate_features;replay_candidate_set
/Users/gduby/Documents/autoresearch-trading/v4/logs/paper_trading/2026-05-19/protocol101_no-order-shadow_2026-05-19.jsonl,1393,2026-05-19T19:48:35.894381+00:00,protocol101_no-order-shadow_2026-05-19,paper-submit,,0,false,true,true,false,not_comparable,full_candidate_features;replay_candidate_set
/Users/gduby/Documents/autoresearch-trading/v4/logs/paper_trading/2026-05-19/protocol101_no-order-shadow_2026-05-19.jsonl,1402,2026-05-19T19:51:01.792744+00:00,protocol101_no-order-shadow_2026-05-19,paper-submit,,0,false,true,true,false,not_comparable,full_candidate_features;replay_candidate_set
/Users/gduby/Documents/autoresearch-trading/v4/logs/paper_trading/2026-05-19/protocol101_no-order-shadow_2026-05-19.jsonl,1407,2026-05-19T19:51:06.867946+00:00,protocol101_no-order-shadow_2026-05-19,paper-submit,,0,false,true,true,false,not_comparable,full_candidate_features;replay_candidate_set
/Users/gduby/Documents/autoresearch-trading/v4/logs/paper_trading/2026-05-19/protocol101_no-order-shadow_2026-05-19.jsonl,1412,2026-05-19T19:51:11.943467+00:00,protocol101_no-order-shadow_2026-05-19,paper-submit,,0,false,true,true,false,not_comparable,full_candidate_features;replay_candidate_set
/Users/gduby/Documents/autoresearch-trading/v4/logs/paper_trading/2026-05-19/protocol101_no-order-shadow_2026-05-19.jsonl,1421,2026-05-19T19:53:15.777518+00:00,protocol101_no-order-shadow_2026-05-19,paper-submit,,0,false,true,true,false,not_comparable,full_candidate_features;replay_candidate_set
/Users/gduby/Documents/autoresearch-trading/v4/logs/paper_trading/2026-05-19/protocol101_no-order-shadow_2026-05-19.jsonl,1426,2026-05-19T19:53:20.842442+00:00,protocol101_no-order-shadow_2026-05-19,paper-submit,,0,false,true,true,false,not_comparable,full_candidate_features;replay_candidate_set
/Users/gduby/Documents/autoresearch-trading/v4/logs/paper_trading/2026-05-19/protocol101_no-order-shadow_2026-05-19.jsonl,1431,2026-05-19T19:53:25.888974+00:00,protocol101_no-order-shadow_2026-05-19,paper-submit,,0,false,true,true,false,not_comparable,full_candidate_features;replay_candidate_set
/Users/gduby/Documents/autoresearch-trading/v4/logs/paper_trading/2026-05-19/protocol101_no-order-shadow_2026-05-19.jsonl,1440,2026-05-19T19:55:54.339533+00:00,protocol101_no-order-shadow_2026-05-19,paper-submit,,0,false,true,true,false,not_comparable,full_candidate_features;replay_candidate_set
/Users/gduby/Documents/autoresearch-trading/v4/logs/paper_trading/2026-05-19/protocol101_no-order-shadow_2026-05-19.jsonl,1445,2026-05-19T19:55:59.395496+00:00,protocol101_no-order-shadow_2026-05-19,paper-submit,,0,false,true,true,false,not_comparable,full_candidate_features;replay_candidate_set
/Users/gduby/Documents/autoresearch-trading/v4/logs/paper_trading/2026-05-19/protocol101_no-order-shadow_2026-05-19.jsonl,1450,2026-05-19T19:56:04.509821+00:00,protocol101_no-order-shadow_2026-05-19,paper-submit,,0,false,true,true,false,not_comparable,full_candidate_features;replay_candidate_set
/Users/gduby/Documents/autoresearch-trading/v4/logs/paper_trading/2026-05-19/protocol101_no-order-shadow_2026-05-19.jsonl,1459,2026-05-19T19:58:52.931248+00:00,protocol101_no-order-shadow_2026-05-19,paper-submit,,0,false,true,true,false,not_comparable,full_candidate_features;replay_candidate_set
/Users/gduby/Documents/autoresearch-trading/v4/logs/paper_trading/2026-05-19/protocol101_no-order-shadow_2026-05-19.jsonl,1464,2026-05-19T19:58:57.981141+00:00,protocol101_no-order-shadow_2026-05-19,paper-submit,,0,false,true,true,false,not_comparable,full_candidate_features;replay_candidate_set
/Users/gduby/Documents/autoresearch-trading/v4/logs/paper_trading/2026-05-19/protocol101_no-order-shadow_2026-05-19.jsonl,1469,2026-05-19T19:59:03.051900+00:00,protocol101_no-order-shadow_2026-05-19,paper-submit,,0,false,true,true,false,not_comparable,full_candidate_features;replay_candidate_set
/Users/gduby/Documents/autoresearch-trading/v4/logs/paper_trading/2026-05-19/protocol101_no-order-shadow_entrybridge_verify_2026-05-19.jsonl,6,2026-05-19T16:18:12.233639+00:00,protocol101_no-order-shadow_entrybridge_verify_2026-05-19,intent-shadow,,0,false,false,false,false,not_comparable,full_candidate_features;surface_scores;replay_candidate_set
/Users/gduby/Documents/autoresearch-trading/v4/logs/paper_trading/2026-05-19/protocol101_no-order-shadow_entrybridge_verify_2026-05-19.jsonl,11,2026-05-19T16:18:17.272069+00:00,protocol101_no-order-shadow_entrybridge_verify_2026-05-19,intent-shadow,,0,false,false,false,false,not_comparable,full_candidate_features;surface_scores;replay_candidate_set
/Users/gduby/Documents/autoresearch-trading/v4/logs/paper_trading/2026-05-19/protocol101_paper_dryrun_alignment_2026-05-19.jsonl,6,2026-05-19T16:38:39.974605+00:00,protocol101_paper_dryrun_alignment_2026-05-19,paper-dry-run,,0,false,false,false,false,not_comparable,full_candidate_features;surface_scores;replay_candidate_set
/Users/gduby/Documents/autoresearch-trading/v4/logs/paper_trading/2026-05-19/protocol101_paper_dryrun_alignment_2026-05-19.jsonl,11,2026-05-19T16:38:45.019500+00:00,protocol101_paper_dryrun_alignment_2026-05-19,paper-dry-run,,0,false,false,false,false,not_comparable,full_candidate_features;surface_scores;replay_candidate_set
/Users/gduby/Documents/autoresearch-trading/v4/logs/paper_trading/2026-05-20/protocol101_no-order-shadow_2026-05-20.jsonl,181,2026-05-20T15:01:25.127122+00:00,protocol101_no-order-shadow_2026-05-20,paper-submit,,0,false,true,true,false,not_comparable,full_candidate_features;replay_candidate_set
/Users/gduby/Documents/autoresearch-trading/v4/logs/paper_trading/2026-05-20/protocol101_no-order-shadow_2026-05-20.jsonl,186,2026-05-20T15:01:30.236174+00:00,protocol101_no-order-shadow_2026-05-20,paper-submit,,0,false,true,true,false,not_comparable,full_candidate_features;replay_candidate_set
/Users/gduby/Documents/autoresearch-trading/v4/logs/paper_trading/2026-05-20/protocol101_no-order-shadow_2026-05-20.jsonl,191,2026-05-20T15:01:35.347457+00:00,protocol101_no-order-shadow_2026-05-20,paper-submit,,0,false,true,true,false,not_comparable,full_candidate_features;replay_candidate_set
/Users/gduby/Documents/autoresearch-trading/v4/logs/paper_trading/2026-05-20/protocol101_no-order-shadow_2026-05-20.jsonl,200,2026-05-20T15:04:14.971352+00:00,protocol101_no-order-shadow_2026-05-20,paper-submit,,0,false,false,true,false,not_comparable,full_candidate_features;surface_scores;replay_candidate_set
/Users/gduby/Documents/autoresearch-trading/v4/logs/paper_trading/2026-05-20/protocol101_no-order-shadow_2026-05-20.jsonl,205,2026-05-20T15:04:20.049848+00:00,protocol101_no-order-shadow_2026-05-20,paper-submit,,0,false,false,true,false,not_comparable,full_candidate_features;surface_scores;replay_candidate_set
/Users/gduby/Documents/autoresearch-trading/v4/logs/paper_trading/2026-05-20/protocol101_no-order-shadow_2026-05-20.jsonl,210,2026-05-20T15:04:25.107130+00:00,protocol101_no-order-shadow_2026-05-20,paper-submit,,0,false,false,true,false,not_comparable,full_candidate_features;surface_scores;replay_candidate_set
/Users/gduby/Documents/autoresearch-trading/v4/logs/paper_trading/2026-05-20/protocol101_no-order-shadow_2026-05-20.jsonl,219,2026-05-20T15:07:11.245695+00:00,protocol101_no-order-shadow_2026-05-20,paper-submit,,0,false,false,true,false,not_comparable,full_candidate_features;surface_scores;replay_candidate_set
/Users/gduby/Documents/autoresearch-trading/v4/logs/paper_trading/2026-05-20/protocol101_no-order-shadow_2026-05-20.jsonl,224,2026-05-20T15:07:16.315821+00:00,protocol101_no-order-shadow_2026-05-20,paper-submit,,0,false,false,true,false,not_comparable,full_candidate_features;surface_scores;replay_candidate_set
/Users/gduby/Documents/autoresearch-trading/v4/logs/paper_trading/2026-05-20/protocol101_no-order-shadow_2026-05-20.jsonl,229,2026-05-20T15:07:21.364846+00:00,protocol101_no-order-shadow_2026-05-20,paper-submit,,0,false,false,true,false,not_comparable,full_candidate_features;surface_scores;replay_candidate_set
/Users/gduby/Documents/autoresearch-trading/v4/logs/paper_trading/2026-05-20/protocol101_no-order-shadow_2026-05-20.jsonl,238,2026-05-20T15:10:01.121917+00:00,protocol101_no-order-shadow_2026-05-20,paper-submit,,0,false,false,true,false,not_comparable,full_candidate_features;surface_scores;replay_candidate_set
/Users/gduby/Documents/autoresearch-trading/v4/logs/paper_trading/2026-05-20/protocol101_no-order-shadow_2026-05-20.jsonl,243,2026-05-20T15:10:06.172099+00:00,protocol101_no-order-shadow_2026-05-20,paper-submit,,0,false,false,true,false,not_comparable,full_candidate_features;surface_scores;replay_candidate_set
/Users/gduby/Documents/autoresearch-trading/v4/logs/paper_trading/2026-05-20/protocol101_no-order-shadow_2026-05-20.jsonl,248,2026-05-20T15:10:11.222051+00:00,protocol101_no-order-shadow_2026-05-20,paper-submit,,0,false,false,true,false,not_comparable,full_candidate_features;surface_scores;replay_candidate_set
/Users/gduby/Documents/autoresearch-trading/v4/logs/paper_trading/2026-05-20/protocol101_no-order-shadow_2026-05-20.jsonl,257,2026-05-20T15:12:34.691756+00:00,protocol101_no-order-shadow_2026-05-20,paper-submit,,0,false,false,true,false,not_comparable,full_candidate_features;surface_scores;replay_candidate_set
/Users/gduby/Documents/autoresearch-trading/v4/logs/paper_trading/2026-05-20/protocol101_no-order-shadow_2026-05-20.jsonl,262,2026-05-20T15:12:39.744845+00:00,protocol101_no-order-shadow_2026-05-20,paper-submit,,0,false,false,true,false,not_comparable,full_candidate_features;surface_scores;replay_candidate_set
/Users/gduby/Documents/autoresearch-trading/v4/logs/paper_trading/2026-05-20/protocol101_no-order-shadow_2026-05-20.jsonl,267,2026-05-20T15:12:44.848380+00:00,protocol101_no-order-shadow_2026-05-20,paper-submit,,0,false,false,true,false,not_comparable,full_candidate_features;surface_scores;replay_candidate_set
/Users/gduby/Documents/autoresearch-trading/v4/logs/paper_trading/2026-05-20/protocol101_no-order-shadow_2026-05-20.jsonl,276,2026-05-20T15:15:32.913645+00:00,protocol101_no-order-shadow_2026-05-20,paper-submit,,0,false,false,true,false,not_comparable,full_candidate_features;surface_scores;replay_candidate_set
/Users/gduby/Documents/autoresearch-trading/v4/logs/paper_trading/2026-05-20/protocol101_no-order-shadow_2026-05-20.jsonl,281,2026-05-20T15:15:38.037675+00:00,protocol101_no-order-shadow_2026-05-20,paper-submit,,0,false,false,true,false,not_comparable,full_candidate_features;surface_scores;replay_candidate_set
/Users/gduby/Documents/autoresearch-trading/v4/logs/paper_trading/2026-05-20/protocol101_no-order-shadow_2026-05-20.jsonl,286,2026-05-20T15:15:43.091996+00:00,protocol101_no-order-shadow_2026-05-20,paper-submit,,0,false,false,true,false,not_comparable,full_candidate_features;surface_scores;replay_candidate_set
/Users/gduby/Documents/autoresearch-trading/v4/logs/paper_trading/2026-05-20/protocol101_no-order-shadow_2026-05-20.jsonl,295,2026-05-20T15:18:16.409723+00:00,protocol101_no-order-shadow_2026-05-20,paper-submit,,0,false,false,true,false,not_comparable,full_candidate_features;surface_scores;replay_candidate_set
/Users/gduby/Documents/autoresearch-trading/v4/logs/paper_trading/2026-05-20/protocol101_no-order-shadow_2026-05-20.jsonl,300,2026-05-20T15:18:21.512704+00:00,protocol101_no-order-shadow_2026-05-20,paper-submit,,0,false,false,true,false,not_comparable,full_candidate_features;surface_scores;replay_candidate_set
/Users/gduby/Documents/autoresearch-trading/v4/logs/paper_trading/2026-05-20/protocol101_no-order-shadow_2026-05-20.jsonl,305,2026-05-20T15:18:26.590791+00:00,protocol101_no-order-shadow_2026-05-20,paper-submit,,0,false,false,true,false,not_comparable,full_candidate_features;surface_scores;replay_candidate_set
/Users/gduby/Documents/autoresearch-trading/v4/logs/paper_trading/2026-05-20/protocol101_no-order-shadow_2026-05-20.jsonl,314,2026-05-20T15:21:09.592692+00:00,protocol101_no-order-shadow_2026-05-20,paper-submit,,0,false,false,true,false,not_comparable,full_candidate_features;surface_scores;replay_candidate_set
/Users/gduby/Documents/autoresearch-trading/v4/logs/paper_trading/2026-05-20/protocol101_no-order-shadow_2026-05-20.jsonl,319,2026-05-20T15:21:14.661600+00:00,protocol101_no-order-shadow_2026-05-20,paper-submit,,0,false,false,true,false,not_comparable,full_candidate_features;surface_scores;replay_candidate_set
/Users/gduby/Documents/autoresearch-trading/v4/logs/paper_trading/2026-05-20/protocol101_no-order-shadow_2026-05-20.jsonl,324,2026-05-20T15:21:19.712756+00:00,protocol101_no-order-shadow_2026-05-20,paper-submit,,0,false,false,true,false,not_comparable,full_candidate_features;surface_scores;replay_candidate_set
/Users/gduby/Documents/autoresearch-trading/v4/logs/paper_trading/2026-05-20/protocol101_no-order-shadow_2026-05-20.jsonl,333,2026-05-20T15:23:50.067183+00:00,protocol101_no-order-shadow_2026-05-20,paper-submit,,0,false,false,true,false,not_comparable,full_candidate_features;surface_scores;replay_candidate_set
/Users/gduby/Documents/autoresearch-trading/v4/logs/paper_trading/2026-05-20/protocol101_no-order-shadow_2026-05-20.jsonl,338,2026-05-20T15:23:55.118395+00:00,protocol101_no-order-shadow_2026-05-20,paper-submit,,0,false,false,true,false,not_comparable,full_candidate_features;surface_scores;replay_candidate_set
/Users/gduby/Documents/autoresearch-trading/v4/logs/paper_trading/2026-05-20/protocol101_no-order-shadow_2026-05-20.jsonl,343,2026-05-20T15:24:00.168131+00:00,protocol101_no-order-shadow_2026-05-20,paper-submit,,0,false,false,true,false,not_comparable,full_candidate_features;surface_scores;replay_candidate_set
/Users/gduby/Documents/autoresearch-trading/v4/logs/paper_trading/2026-05-20/protocol101_no-order-shadow_2026-05-20.jsonl,352,2026-05-20T15:26:22.142705+00:00,protocol101_no-order-shadow_2026-05-20,paper-submit,,0,false,false,true,false,not_comparable,full_candidate_features;surface_scores;replay_candidate_set
/Users/gduby/Documents/autoresearch-trading/v4/logs/paper_trading/2026-05-20/protocol101_no-order-shadow_2026-05-20.jsonl,357,2026-05-20T15:26:27.194402+00:00,protocol101_no-order-shadow_2026-05-20,paper-submit,,0,false,false,true,false,not_comparable,full_candidate_features;surface_scores;replay_candidate_set
/Users/gduby/Documents/autoresearch-trading/v4/logs/paper_trading/2026-05-20/protocol101_no-order-shadow_2026-05-20.jsonl,362,2026-05-20T15:26:32.244633+00:00,protocol101_no-order-shadow_2026-05-20,paper-submit,,0,false,false,true,false,not_comparable,full_candidate_features;surface_scores;replay_candidate_set
/Users/gduby/Documents/autoresearch-trading/v4/logs/paper_trading/2026-05-20/protocol101_no-order-shadow_2026-05-20.jsonl,371,2026-05-20T15:28:50.512942+00:00,protocol101_no-order-shadow_2026-05-20,paper-submit,,0,false,false,true,false,not_comparable,full_candidate_features;surface_scores;replay_candidate_set
/Users/gduby/Documents/autoresearch-trading/v4/logs/paper_trading/2026-05-20/protocol101_no-order-shadow_2026-05-20.jsonl,376,2026-05-20T15:28:55.563980+00:00,protocol101_no-order-shadow_2026-05-20,paper-submit,,0,false,false,true,false,not_comparable,full_candidate_features;surface_scores;replay_candidate_set
/Users/gduby/Documents/autoresearch-trading/v4/logs/paper_trading/2026-05-20/protocol101_no-order-shadow_2026-05-20.jsonl,381,2026-05-20T15:29:00.617381+00:00,protocol101_no-order-shadow_2026-05-20,paper-submit,,0,false,false,true,false,not_comparable,full_candidate_features;surface_scores;replay_candidate_set
/Users/gduby/Documents/autoresearch-trading/v4/logs/paper_trading/2026-05-20/protocol101_no-order-shadow_2026-05-20.jsonl,390,2026-05-20T15:31:25.428593+00:00,protocol101_no-order-shadow_2026-05-20,paper-submit,,0,false,true,true,false,not_comparable,full_candidate_features;replay_candidate_set
/Users/gduby/Documents/autoresearch-trading/v4/logs/paper_trading/2026-05-20/protocol101_no-order-shadow_2026-05-20.jsonl,395,2026-05-20T15:31:30.537271+00:00,protocol101_no-order-shadow_2026-05-20,paper-submit,,0,false,true,true,false,not_comparable,full_candidate_features;replay_candidate_set
/Users/gduby/Documents/autoresearch-trading/v4/logs/paper_trading/2026-05-20/protocol101_no-order-shadow_2026-05-20.jsonl,400,2026-05-20T15:31:35.603690+00:00,protocol101_no-order-shadow_2026-05-20,paper-submit,,0,false,true,true,false,not_comparable,full_candidate_features;replay_candidate_set
/Users/gduby/Documents/autoresearch-trading/v4/logs/paper_trading/2026-05-20/protocol101_no-order-shadow_2026-05-20.jsonl,409,2026-05-20T15:34:00.861869+00:00,protocol101_no-order-shadow_2026-05-20,paper-submit,,0,false,true,true,false,not_comparable,full_candidate_features;replay_candidate_set
/Users/gduby/Documents/autoresearch-trading/v4/logs/paper_trading/2026-05-20/protocol101_no-order-shadow_2026-05-20.jsonl,414,2026-05-20T15:34:05.916609+00:00,protocol101_no-order-shadow_2026-05-20,paper-submit,,0,false,true,true,false,not_comparable,full_candidate_features;replay_candidate_set
/Users/gduby/Documents/autoresearch-trading/v4/logs/paper_trading/2026-05-20/protocol101_no-order-shadow_2026-05-20.jsonl,419,2026-05-20T15:34:10.973863+00:00,protocol101_no-order-shadow_2026-05-20,paper-submit,,0,false,true,true,false,not_comparable,full_candidate_features;replay_candidate_set
/Users/gduby/Documents/autoresearch-trading/v4/logs/paper_trading/2026-05-20/protocol101_no-order-shadow_2026-05-20.jsonl,428,2026-05-20T15:36:26.998545+00:00,protocol101_no-order-shadow_2026-05-20,paper-submit,,0,false,true,true,false,not_comparable,full_candidate_features;replay_candidate_set
/Users/gduby/Documents/autoresearch-trading/v4/logs/paper_trading/2026-05-20/protocol101_no-order-shadow_2026-05-20.jsonl,433,2026-05-20T15:36:32.089136+00:00,protocol101_no-order-shadow_2026-05-20,paper-submit,,0,false,true,true,false,not_comparable,full_candidate_features;replay_candidate_set
/Users/gduby/Documents/autoresearch-trading/v4/logs/paper_trading/2026-05-20/protocol101_no-order-shadow_2026-05-20.jsonl,438,2026-05-20T15:36:37.199748+00:00,protocol101_no-order-shadow_2026-05-20,paper-submit,,0,false,true,true,false,not_comparable,full_candidate_features;replay_candidate_set
/Users/gduby/Documents/autoresearch-trading/v4/logs/paper_trading/2026-05-20/protocol101_no-order-shadow_2026-05-20.jsonl,447,2026-05-20T15:39:06.883453+00:00,protocol101_no-order-shadow_2026-05-20,paper-submit,,0,false,true,true,false,not_comparable,full_candidate_features;replay_candidate_set
/Users/gduby/Documents/autoresearch-trading/v4/logs/paper_trading/2026-05-20/protocol101_no-order-shadow_2026-05-20.jsonl,452,2026-05-20T15:39:11.948880+00:00,protocol101_no-order-shadow_2026-05-20,paper-submit,,0,false,true,true,false,not_comparable,full_candidate_features;replay_candidate_set
/Users/gduby/Documents/autoresearch-trading/v4/logs/paper_trading/2026-05-20/protocol101_no-order-shadow_2026-05-20.jsonl,457,2026-05-20T15:39:17.007746+00:00,protocol101_no-order-shadow_2026-05-20,paper-submit,,0,false,true,true,false,not_comparable,full_candidate_features;replay_candidate_set
/Users/gduby/Documents/autoresearch-trading/v4/logs/paper_trading/2026-05-20/protocol101_no-order-shadow_2026-05-20.jsonl,466,2026-05-20T15:41:37.476380+00:00,protocol101_no-order-shadow_2026-05-20,paper-submit,,0,false,true,true,false,not_comparable,full_candidate_features;replay_candidate_set
/Users/gduby/Documents/autoresearch-trading/v4/logs/paper_trading/2026-05-20/protocol101_no-order-shadow_2026-05-20.jsonl,471,2026-05-20T15:41:42.536777+00:00,protocol101_no-order-shadow_2026-05-20,paper-submit,,0,false,true,true,false,not_comparable,full_candidate_features;replay_candidate_set
/Users/gduby/Documents/autoresearch-trading/v4/logs/paper_trading/2026-05-20/protocol101_no-order-shadow_2026-05-20.jsonl,476,2026-05-20T15:41:47.639394+00:00,protocol101_no-order-shadow_2026-05-20,paper-submit,,0,false,true,true,false,not_comparable,full_candidate_features;replay_candidate_set
/Users/gduby/Documents/autoresearch-trading/v4/logs/paper_trading/2026-05-20/protocol101_no-order-shadow_2026-05-20.jsonl,485,2026-05-20T15:44:34.463192+00:00,protocol101_no-order-shadow_2026-05-20,paper-submit,,0,false,true,true,false,not_comparable,full_candidate_features;replay_candidate_set
/Users/gduby/Documents/autoresearch-trading/v4/logs/paper_trading/2026-05-20/protocol101_no-order-shadow_2026-05-20.jsonl,490,2026-05-20T15:44:39.522922+00:00,protocol101_no-order-shadow_2026-05-20,paper-submit,,0,false,true,true,false,not_comparable,full_candidate_features;replay_candidate_set
/Users/gduby/Documents/autoresearch-trading/v4/logs/paper_trading/2026-05-20/protocol101_no-order-shadow_2026-05-20.jsonl,495,2026-05-20T15:44:44.623900+00:00,protocol101_no-order-shadow_2026-05-20,paper-submit,,0,false,true,true,false,not_comparable,full_candidate_features;replay_candidate_set
/Users/gduby/Documents/autoresearch-trading/v4/logs/paper_trading/2026-05-20/protocol101_no-order-shadow_2026-05-20.jsonl,504,2026-05-20T15:47:01.408230+00:00,protocol101_no-order-shadow_2026-05-20,paper-submit,,0,false,true,true,false,not_comparable,full_candidate_features;replay_candidate_set
/Users/gduby/Documents/autoresearch-trading/v4/logs/paper_trading/2026-05-20/protocol101_no-order-shadow_2026-05-20.jsonl,509,2026-05-20T15:47:06.467732+00:00,protocol101_no-order-shadow_2026-05-20,paper-submit,,0,false,true,true,false,not_comparable,full_candidate_features;replay_candidate_set
/Users/gduby/Documents/autoresearch-trading/v4/logs/paper_trading/2026-05-20/protocol101_no-order-shadow_2026-05-20.jsonl,514,2026-05-20T15:47:11.524467+00:00,protocol101_no-order-shadow_2026-05-20,paper-submit,,0,false,true,true,false,not_comparable,full_candidate_features;replay_candidate_set
/Users/gduby/Documents/autoresearch-trading/v4/logs/paper_trading/2026-05-20/protocol101_no-order-shadow_2026-05-20.jsonl,523,2026-05-20T15:49:30.802666+00:00,protocol101_no-order-shadow_2026-05-20,paper-submit,,0,false,true,true,false,not_comparable,full_candidate_features;replay_candidate_set
/Users/gduby/Documents/autoresearch-trading/v4/logs/paper_trading/2026-05-20/protocol101_no-order-shadow_2026-05-20.jsonl,528,2026-05-20T15:49:35.860854+00:00,protocol101_no-order-shadow_2026-05-20,paper-submit,,0,false,true,true,false,not_comparable,full_candidate_features;replay_candidate_set
/Users/gduby/Documents/autoresearch-trading/v4/logs/paper_trading/2026-05-20/protocol101_no-order-shadow_2026-05-20.jsonl,533,2026-05-20T15:49:40.923916+00:00,protocol101_no-order-shadow_2026-05-20,paper-submit,,0,false,true,true,false,not_comparable,full_candidate_features;replay_candidate_set
/Users/gduby/Documents/autoresearch-trading/v4/logs/paper_trading/2026-05-20/protocol101_no-order-shadow_2026-05-20.jsonl,542,2026-05-20T15:52:01.350318+00:00,protocol101_no-order-shadow_2026-05-20,paper-submit,,0,false,true,true,false,not_comparable,full_candidate_features;replay_candidate_set
/Users/gduby/Documents/autoresearch-trading/v4/logs/paper_trading/2026-05-20/protocol101_no-order-shadow_2026-05-20.jsonl,547,2026-05-20T15:52:06.407220+00:00,protocol101_no-order-shadow_2026-05-20,paper-submit,,0,false,true,true,false,not_comparable,full_candidate_features;replay_candidate_set
/Users/gduby/Documents/autoresearch-trading/v4/logs/paper_trading/2026-05-20/protocol101_no-order-shadow_2026-05-20.jsonl,552,2026-05-20T15:52:11.465449+00:00,protocol101_no-order-shadow_2026-05-20,paper-submit,,0,false,true,true,false,not_comparable,full_candidate_features;replay_candidate_set
/Users/gduby/Documents/autoresearch-trading/v4/logs/paper_trading/2026-05-20/protocol101_no-order-shadow_2026-05-20.jsonl,561,2026-05-20T15:55:05.532309+00:00,protocol101_no-order-shadow_2026-05-20,paper-submit,,0,false,true,true,false,not_comparable,full_candidate_features;replay_candidate_set
/Users/gduby/Documents/autoresearch-trading/v4/logs/paper_trading/2026-05-20/protocol101_no-order-shadow_2026-05-20.jsonl,566,2026-05-20T15:55:10.593694+00:00,protocol101_no-order-shadow_2026-05-20,paper-submit,,0,false,true,true,false,not_comparable,full_candidate_features;replay_candidate_set
/Users/gduby/Documents/autoresearch-trading/v4/logs/paper_trading/2026-05-20/protocol101_no-order-shadow_2026-05-20.jsonl,571,2026-05-20T15:55:15.662183+00:00,protocol101_no-order-shadow_2026-05-20,paper-submit,,0,false,true,true,false,not_comparable,full_candidate_features;replay_candidate_set
/Users/gduby/Documents/autoresearch-trading/v4/logs/paper_trading/2026-05-20/protocol101_no-order-shadow_2026-05-20.jsonl,580,2026-05-20T15:57:45.572994+00:00,protocol101_no-order-shadow_2026-05-20,paper-submit,,0,false,true,true,false,not_comparable,full_candidate_features;replay_candidate_set
/Users/gduby/Documents/autoresearch-trading/v4/logs/paper_trading/2026-05-20/protocol101_no-order-shadow_2026-05-20.jsonl,585,2026-05-20T15:57:50.683866+00:00,protocol101_no-order-shadow_2026-05-20,paper-submit,,0,false,true,true,false,not_comparable,full_candidate_features;replay_candidate_set
/Users/gduby/Documents/autoresearch-trading/v4/logs/paper_trading/2026-05-20/protocol101_no-order-shadow_2026-05-20.jsonl,590,2026-05-20T15:57:55.738322+00:00,protocol101_no-order-shadow_2026-05-20,paper-submit,,0,false,true,true,false,not_comparable,full_candidate_features;replay_candidate_set
/Users/gduby/Documents/autoresearch-trading/v4/logs/paper_trading/2026-05-20/protocol101_no-order-shadow_2026-05-20.jsonl,599,2026-05-20T16:00:12.102973+00:00,protocol101_no-order-shadow_2026-05-20,paper-submit,,0,false,true,true,false,not_comparable,full_candidate_features;replay_candidate_set
/Users/gduby/Documents/autoresearch-trading/v4/logs/paper_trading/2026-05-20/protocol101_no-order-shadow_2026-05-20.jsonl,604,2026-05-20T16:00:17.159782+00:00,protocol101_no-order-shadow_2026-05-20,paper-submit,,0,false,true,true,false,not_comparable,full_candidate_features;replay_candidate_set
/Users/gduby/Documents/autoresearch-trading/v4/logs/paper_trading/2026-05-20/protocol101_no-order-shadow_2026-05-20.jsonl,609,2026-05-20T16:00:22.217186+00:00,protocol101_no-order-shadow_2026-05-20,paper-submit,,0,false,true,true,false,not_comparable,full_candidate_features;replay_candidate_set
/Users/gduby/Documents/autoresearch-trading/v4/logs/paper_trading/2026-05-20/protocol101_no-order-shadow_2026-05-20.jsonl,618,2026-05-20T16:03:05.949699+00:00,protocol101_no-order-shadow_2026-05-20,paper-submit,,0,false,true,true,false,not_comparable,full_candidate_features;replay_candidate_set
/Users/gduby/Documents/autoresearch-trading/v4/logs/paper_trading/2026-05-20/protocol101_no-order-shadow_2026-05-20.jsonl,623,2026-05-20T16:03:11.027230+00:00,protocol101_no-order-shadow_2026-05-20,paper-submit,,0,false,true,true,false,not_comparable,full_candidate_features;replay_candidate_set
/Users/gduby/Documents/autoresearch-trading/v4/logs/paper_trading/2026-05-20/protocol101_no-order-shadow_2026-05-20.jsonl,628,2026-05-20T16:03:16.082714+00:00,protocol101_no-order-shadow_2026-05-20,paper-submit,,0,false,true,true,false,not_comparable,full_candidate_features;replay_candidate_set
/Users/gduby/Documents/autoresearch-trading/v4/logs/paper_trading/2026-05-20/protocol101_no-order-shadow_2026-05-20.jsonl,637,2026-05-20T16:05:49.790029+00:00,protocol101_no-order-shadow_2026-05-20,paper-submit,,0,false,true,true,false,not_comparable,full_candidate_features;replay_candidate_set
/Users/gduby/Documents/autoresearch-trading/v4/logs/paper_trading/2026-05-20/protocol101_no-order-shadow_2026-05-20.jsonl,642,2026-05-20T16:05:54.893903+00:00,protocol101_no-order-shadow_2026-05-20,paper-submit,,0,false,true,true,false,not_comparable,full_candidate_features;replay_candidate_set
/Users/gduby/Documents/autoresearch-trading/v4/logs/paper_trading/2026-05-20/protocol101_no-order-shadow_2026-05-20.jsonl,647,2026-05-20T16:05:59.948474+00:00,protocol101_no-order-shadow_2026-05-20,paper-submit,,0,false,true,true,false,not_comparable,full_candidate_features;replay_candidate_set
/Users/gduby/Documents/autoresearch-trading/v4/logs/paper_trading/2026-05-20/protocol101_no-order-shadow_2026-05-20.jsonl,656,2026-05-20T16:08:38.925247+00:00,protocol101_no-order-shadow_2026-05-20,paper-submit,,0,false,true,true,false,not_comparable,full_candidate_features;replay_candidate_set
/Users/gduby/Documents/autoresearch-trading/v4/logs/paper_trading/2026-05-20/protocol101_no-order-shadow_2026-05-20.jsonl,661,2026-05-20T16:08:43.986762+00:00,protocol101_no-order-shadow_2026-05-20,paper-submit,,0,false,true,true,false,not_comparable,full_candidate_features;replay_candidate_set
/Users/gduby/Documents/autoresearch-trading/v4/logs/paper_trading/2026-05-20/protocol101_no-order-shadow_2026-05-20.jsonl,666,2026-05-20T16:08:49.046101+00:00,protocol101_no-order-shadow_2026-05-20,paper-submit,,0,false,true,true,false,not_comparable,full_candidate_features;replay_candidate_set
/Users/gduby/Documents/autoresearch-trading/v4/logs/paper_trading/2026-05-20/protocol101_no-order-shadow_2026-05-20.jsonl,675,2026-05-20T16:11:16.088085+00:00,protocol101_no-order-shadow_2026-05-20,paper-submit,,0,false,true,true,false,not_comparable,full_candidate_features;replay_candidate_set
/Users/gduby/Documents/autoresearch-trading/v4/logs/paper_trading/2026-05-20/protocol101_no-order-shadow_2026-05-20.jsonl,680,2026-05-20T16:11:21.144357+00:00,protocol101_no-order-shadow_2026-05-20,paper-submit,,0,false,true,true,false,not_comparable,full_candidate_features;replay_candidate_set
/Users/gduby/Documents/autoresearch-trading/v4/logs/paper_trading/2026-05-20/protocol101_no-order-shadow_2026-05-20.jsonl,685,2026-05-20T16:11:26.201818+00:00,protocol101_no-order-shadow_2026-05-20,paper-submit,,0,false,true,true,false,not_comparable,full_candidate_features;replay_candidate_set
/Users/gduby/Documents/autoresearch-trading/v4/logs/paper_trading/2026-05-20/protocol101_no-order-shadow_2026-05-20.jsonl,694,2026-05-20T16:13:46.016075+00:00,protocol101_no-order-shadow_2026-05-20,paper-submit,,0,false,true,true,false,not_comparable,full_candidate_features;replay_candidate_set
/Users/gduby/Documents/autoresearch-trading/v4/logs/paper_trading/2026-05-20/protocol101_no-order-shadow_2026-05-20.jsonl,699,2026-05-20T16:13:51.071691+00:00,protocol101_no-order-shadow_2026-05-20,paper-submit,,0,false,true,true,false,not_comparable,full_candidate_features;replay_candidate_set
/Users/gduby/Documents/autoresearch-trading/v4/logs/paper_trading/2026-05-20/protocol101_no-order-shadow_2026-05-20.jsonl,704,2026-05-20T16:13:56.135481+00:00,protocol101_no-order-shadow_2026-05-20,paper-submit,,0,false,true,true,false,not_comparable,full_candidate_features;replay_candidate_set
/Users/gduby/Documents/autoresearch-trading/v4/logs/paper_trading/2026-05-20/protocol101_no-order-shadow_2026-05-20.jsonl,713,2026-05-20T16:16:34.515249+00:00,protocol101_no-order-shadow_2026-05-20,paper-submit,,0,false,true,true,false,not_comparable,full_candidate_features;replay_candidate_set
/Users/gduby/Documents/autoresearch-trading/v4/logs/paper_trading/2026-05-20/protocol101_no-order-shadow_2026-05-20.jsonl,718,2026-05-20T16:16:39.573769+00:00,protocol101_no-order-shadow_2026-05-20,paper-submit,,0,false,true,true,false,not_comparable,full_candidate_features;replay_candidate_set
/Users/gduby/Documents/autoresearch-trading/v4/logs/paper_trading/2026-05-20/protocol101_no-order-shadow_2026-05-20.jsonl,723,2026-05-20T16:16:44.640836+00:00,protocol101_no-order-shadow_2026-05-20,paper-submit,,0,false,true,true,false,not_comparable,full_candidate_features;replay_candidate_set
/Users/gduby/Documents/autoresearch-trading/v4/logs/paper_trading/2026-05-20/protocol101_no-order-shadow_2026-05-20.jsonl,732,2026-05-20T16:19:01.399699+00:00,protocol101_no-order-shadow_2026-05-20,paper-submit,,0,false,true,true,false,not_comparable,full_candidate_features;replay_candidate_set
/Users/gduby/Documents/autoresearch-trading/v4/logs/paper_trading/2026-05-20/protocol101_no-order-shadow_2026-05-20.jsonl,737,2026-05-20T16:19:06.459383+00:00,protocol101_no-order-shadow_2026-05-20,paper-submit,,0,false,true,true,false,not_comparable,full_candidate_features;replay_candidate_set
/Users/gduby/Documents/autoresearch-trading/v4/logs/paper_trading/2026-05-20/protocol101_no-order-shadow_2026-05-20.jsonl,742,2026-05-20T16:19:11.569545+00:00,protocol101_no-order-shadow_2026-05-20,paper-submit,,0,false,true,true,false,not_comparable,full_candidate_features;replay_candidate_set
/Users/gduby/Documents/autoresearch-trading/v4/logs/paper_trading/2026-05-20/protocol101_no-order-shadow_2026-05-20.jsonl,751,2026-05-20T16:21:32.452519+00:00,protocol101_no-order-shadow_2026-05-20,paper-submit,,0,false,true,true,false,not_comparable,full_candidate_features;replay_candidate_set
/Users/gduby/Documents/autoresearch-trading/v4/logs/paper_trading/2026-05-20/protocol101_no-order-shadow_2026-05-20.jsonl,756,2026-05-20T16:21:37.556620+00:00,protocol101_no-order-shadow_2026-05-20,paper-submit,,0,false,true,true,false,not_comparable,full_candidate_features;replay_candidate_set
/Users/gduby/Documents/autoresearch-trading/v4/logs/paper_trading/2026-05-20/protocol101_no-order-shadow_2026-05-20.jsonl,761,2026-05-20T16:21:42.691549+00:00,protocol101_no-order-shadow_2026-05-20,paper-submit,,0,false,true,true,false,not_comparable,full_candidate_features;replay_candidate_set
/Users/gduby/Documents/autoresearch-trading/v4/logs/paper_trading/2026-05-20/protocol101_no-order-shadow_2026-05-20.jsonl,770,2026-05-20T16:24:13.893709+00:00,protocol101_no-order-shadow_2026-05-20,paper-submit,,0,false,true,true,false,not_comparable,full_candidate_features;replay_candidate_set
/Users/gduby/Documents/autoresearch-trading/v4/logs/paper_trading/2026-05-20/protocol101_no-order-shadow_2026-05-20.jsonl,775,2026-05-20T16:24:19.001280+00:00,protocol101_no-order-shadow_2026-05-20,paper-submit,,0,false,true,true,false,not_comparable,full_candidate_features;replay_candidate_set
/Users/gduby/Documents/autoresearch-trading/v4/logs/paper_trading/2026-05-20/protocol101_no-order-shadow_2026-05-20.jsonl,780,2026-05-20T16:24:24.063526+00:00,protocol101_no-order-shadow_2026-05-20,paper-submit,,0,false,true,true,false,not_comparable,full_candidate_features;replay_candidate_set
/Users/gduby/Documents/autoresearch-trading/v4/logs/paper_trading/2026-05-20/protocol101_no-order-shadow_2026-05-20.jsonl,789,2026-05-20T16:26:56.494799+00:00,protocol101_no-order-shadow_2026-05-20,paper-submit,,0,false,true,true,false,not_comparable,full_candidate_features;replay_candidate_set
/Users/gduby/Documents/autoresearch-trading/v4/logs/paper_trading/2026-05-20/protocol101_no-order-shadow_2026-05-20.jsonl,794,2026-05-20T16:27:01.552346+00:00,protocol101_no-order-shadow_2026-05-20,paper-submit,,0,false,true,true,false,not_comparable,full_candidate_features;replay_candidate_set
/Users/gduby/Documents/autoresearch-trading/v4/logs/paper_trading/2026-05-20/protocol101_no-order-shadow_2026-05-20.jsonl,799,2026-05-20T16:27:06.631666+00:00,protocol101_no-order-shadow_2026-05-20,paper-submit,,0,false,true,true,false,not_comparable,full_candidate_features;replay_candidate_set
/Users/gduby/Documents/autoresearch-trading/v4/logs/paper_trading/2026-05-20/protocol101_no-order-shadow_2026-05-20.jsonl,808,2026-05-20T16:29:32.232506+00:00,protocol101_no-order-shadow_2026-05-20,paper-submit,,0,false,true,true,false,not_comparable,full_candidate_features;replay_candidate_set
/Users/gduby/Documents/autoresearch-trading/v4/logs/paper_trading/2026-05-20/protocol101_no-order-shadow_2026-05-20.jsonl,813,2026-05-20T16:29:37.314956+00:00,protocol101_no-order-shadow_2026-05-20,paper-submit,,0,false,true,true,false,not_comparable,full_candidate_features;replay_candidate_set
/Users/gduby/Documents/autoresearch-trading/v4/logs/paper_trading/2026-05-20/protocol101_no-order-shadow_2026-05-20.jsonl,818,2026-05-20T16:29:42.408777+00:00,protocol101_no-order-shadow_2026-05-20,paper-submit,,0,false,true,true,false,not_comparable,full_candidate_features;replay_candidate_set
/Users/gduby/Documents/autoresearch-trading/v4/logs/paper_trading/2026-05-20/protocol101_no-order-shadow_2026-05-20.jsonl,827,2026-05-20T16:32:00.037807+00:00,protocol101_no-order-shadow_2026-05-20,paper-submit,,0,false,true,true,false,not_comparable,full_candidate_features;replay_candidate_set
/Users/gduby/Documents/autoresearch-trading/v4/logs/paper_trading/2026-05-20/protocol101_no-order-shadow_2026-05-20.jsonl,832,2026-05-20T16:32:05.168289+00:00,protocol101_no-order-shadow_2026-05-20,paper-submit,,0,false,true,true,false,not_comparable,full_candidate_features;replay_candidate_set
/Users/gduby/Documents/autoresearch-trading/v4/logs/paper_trading/2026-05-20/protocol101_no-order-shadow_2026-05-20.jsonl,837,2026-05-20T16:32:10.227685+00:00,protocol101_no-order-shadow_2026-05-20,paper-submit,,0,false,true,true,false,not_comparable,full_candidate_features;replay_candidate_set
/Users/gduby/Documents/autoresearch-trading/v4/logs/paper_trading/2026-05-20/protocol101_no-order-shadow_2026-05-20.jsonl,846,2026-05-20T16:34:49.911869+00:00,protocol101_no-order-shadow_2026-05-20,paper-submit,,0,false,true,true,false,not_comparable,full_candidate_features;replay_candidate_set
/Users/gduby/Documents/autoresearch-trading/v4/logs/paper_trading/2026-05-20/protocol101_no-order-shadow_2026-05-20.jsonl,851,2026-05-20T16:34:54.989968+00:00,protocol101_no-order-shadow_2026-05-20,paper-submit,,0,false,true,true,false,not_comparable,full_candidate_features;replay_candidate_set
/Users/gduby/Documents/autoresearch-trading/v4/logs/paper_trading/2026-05-20/protocol101_no-order-shadow_2026-05-20.jsonl,856,2026-05-20T16:35:00.071227+00:00,protocol101_no-order-shadow_2026-05-20,paper-submit,,0,false,true,true,false,not_comparable,full_candidate_features;replay_candidate_set
/Users/gduby/Documents/autoresearch-trading/v4/logs/paper_trading/2026-05-20/protocol101_no-order-shadow_2026-05-20.jsonl,865,2026-05-20T16:38:05.335973+00:00,protocol101_no-order-shadow_2026-05-20,paper-submit,,0,false,true,true,false,not_comparable,full_candidate_features;replay_candidate_set
/Users/gduby/Documents/autoresearch-trading/v4/logs/paper_trading/2026-05-20/protocol101_no-order-shadow_2026-05-20.jsonl,870,2026-05-20T16:38:10.395804+00:00,protocol101_no-order-shadow_2026-05-20,paper-submit,,0,false,true,true,false,not_comparable,full_candidate_features;replay_candidate_set
/Users/gduby/Documents/autoresearch-trading/v4/logs/paper_trading/2026-05-20/protocol101_no-order-shadow_2026-05-20.jsonl,875,2026-05-20T16:38:15.481572+00:00,protocol101_no-order-shadow_2026-05-20,paper-submit,,0,false,true,true,false,not_comparable,full_candidate_features;replay_candidate_set
/Users/gduby/Documents/autoresearch-trading/v4/logs/paper_trading/2026-05-20/protocol101_no-order-shadow_2026-05-20.jsonl,884,2026-05-20T16:40:32.949299+00:00,protocol101_no-order-shadow_2026-05-20,paper-submit,,0,false,true,true,false,not_comparable,full_candidate_features;replay_candidate_set
/Users/gduby/Documents/autoresearch-trading/v4/logs/paper_trading/2026-05-20/protocol101_no-order-shadow_2026-05-20.jsonl,889,2026-05-20T16:40:38.056328+00:00,protocol101_no-order-shadow_2026-05-20,paper-submit,,0,false,true,true,false,not_comparable,full_candidate_features;replay_candidate_set
/Users/gduby/Documents/autoresearch-trading/v4/logs/paper_trading/2026-05-20/protocol101_no-order-shadow_2026-05-20.jsonl,894,2026-05-20T16:40:43.176799+00:00,protocol101_no-order-shadow_2026-05-20,paper-submit,,0,false,true,true,false,not_comparable,full_candidate_features;replay_candidate_set
/Users/gduby/Documents/autoresearch-trading/v4/logs/paper_trading/2026-05-20/protocol101_no-order-shadow_2026-05-20.jsonl,903,2026-05-20T16:43:01.315239+00:00,protocol101_no-order-shadow_2026-05-20,paper-submit,,0,false,true,true,false,not_comparable,full_candidate_features;replay_candidate_set
/Users/gduby/Documents/autoresearch-trading/v4/logs/paper_trading/2026-05-20/protocol101_no-order-shadow_2026-05-20.jsonl,908,2026-05-20T16:43:06.417129+00:00,protocol101_no-order-shadow_2026-05-20,paper-submit,,0,false,true,true,false,not_comparable,full_candidate_features;replay_candidate_set
/Users/gduby/Documents/autoresearch-trading/v4/logs/paper_trading/2026-05-20/protocol101_no-order-shadow_2026-05-20.jsonl,913,2026-05-20T16:43:11.486252+00:00,protocol101_no-order-shadow_2026-05-20,paper-submit,,0,false,true,true,false,not_comparable,full_candidate_features;replay_candidate_set
/Users/gduby/Documents/autoresearch-trading/v4/logs/paper_trading/2026-05-20/protocol101_no-order-shadow_2026-05-20.jsonl,922,2026-05-20T16:45:57.115608+00:00,protocol101_no-order-shadow_2026-05-20,paper-submit,,0,false,true,true,false,not_comparable,full_candidate_features;replay_candidate_set
/Users/gduby/Documents/autoresearch-trading/v4/logs/paper_trading/2026-05-20/protocol101_no-order-shadow_2026-05-20.jsonl,927,2026-05-20T16:46:02.219809+00:00,protocol101_no-order-shadow_2026-05-20,paper-submit,,0,false,true,true,false,not_comparable,full_candidate_features;replay_candidate_set
/Users/gduby/Documents/autoresearch-trading/v4/logs/paper_trading/2026-05-20/protocol101_no-order-shadow_2026-05-20.jsonl,932,2026-05-20T16:46:07.307958+00:00,protocol101_no-order-shadow_2026-05-20,paper-submit,,0,false,true,true,false,not_comparable,full_candidate_features;replay_candidate_set
/Users/gduby/Documents/autoresearch-trading/v4/logs/paper_trading/2026-05-20/protocol101_no-order-shadow_2026-05-20.jsonl,941,2026-05-20T16:48:48.383020+00:00,protocol101_no-order-shadow_2026-05-20,paper-submit,,0,false,true,true,false,not_comparable,full_candidate_features;replay_candidate_set
/Users/gduby/Documents/autoresearch-trading/v4/logs/paper_trading/2026-05-20/protocol101_no-order-shadow_2026-05-20.jsonl,946,2026-05-20T16:48:53.493369+00:00,protocol101_no-order-shadow_2026-05-20,paper-submit,,0,false,true,true,false,not_comparable,full_candidate_features;replay_candidate_set
/Users/gduby/Documents/autoresearch-trading/v4/logs/paper_trading/2026-05-20/protocol101_no-order-shadow_2026-05-20.jsonl,951,2026-05-20T16:48:58.613328+00:00,protocol101_no-order-shadow_2026-05-20,paper-submit,,0,false,true,true,false,not_comparable,full_candidate_features;replay_candidate_set
/Users/gduby/Documents/autoresearch-trading/v4/logs/paper_trading/2026-05-20/protocol101_no-order-shadow_2026-05-20.jsonl,960,2026-05-20T16:51:39.282283+00:00,protocol101_no-order-shadow_2026-05-20,paper-submit,,0,false,true,true,false,not_comparable,full_candidate_features;replay_candidate_set
/Users/gduby/Documents/autoresearch-trading/v4/logs/paper_trading/2026-05-20/protocol101_no-order-shadow_2026-05-20.jsonl,965,2026-05-20T16:51:44.341412+00:00,protocol101_no-order-shadow_2026-05-20,paper-submit,,0,false,true,true,false,not_comparable,full_candidate_features;replay_candidate_set
/Users/gduby/Documents/autoresearch-trading/v4/logs/paper_trading/2026-05-20/protocol101_no-order-shadow_2026-05-20.jsonl,970,2026-05-20T16:51:49.398251+00:00,protocol101_no-order-shadow_2026-05-20,paper-submit,,0,false,true,true,false,not_comparable,full_candidate_features;replay_candidate_set
/Users/gduby/Documents/autoresearch-trading/v4/logs/paper_trading/2026-05-20/protocol101_no-order-shadow_2026-05-20.jsonl,979,2026-05-20T16:54:10.168146+00:00,protocol101_no-order-shadow_2026-05-20,paper-submit,,0,false,true,true,false,not_comparable,full_candidate_features;replay_candidate_set
/Users/gduby/Documents/autoresearch-trading/v4/logs/paper_trading/2026-05-20/protocol101_no-order-shadow_2026-05-20.jsonl,984,2026-05-20T16:54:15.278776+00:00,protocol101_no-order-shadow_2026-05-20,paper-submit,,0,false,true,true,false,not_comparable,full_candidate_features;replay_candidate_set
/Users/gduby/Documents/autoresearch-trading/v4/logs/paper_trading/2026-05-20/protocol101_no-order-shadow_2026-05-20.jsonl,989,2026-05-20T16:54:20.363712+00:00,protocol101_no-order-shadow_2026-05-20,paper-submit,,0,false,true,true,false,not_comparable,full_candidate_features;replay_candidate_set
/Users/gduby/Documents/autoresearch-trading/v4/logs/paper_trading/2026-05-20/protocol101_no-order-shadow_2026-05-20.jsonl,998,2026-05-20T16:56:59.837223+00:00,protocol101_no-order-shadow_2026-05-20,paper-submit,,0,false,true,true,false,not_comparable,full_candidate_features;replay_candidate_set
/Users/gduby/Documents/autoresearch-trading/v4/logs/paper_trading/2026-05-20/protocol101_no-order-shadow_2026-05-20.jsonl,1003,2026-05-20T16:57:04.907351+00:00,protocol101_no-order-shadow_2026-05-20,paper-submit,,0,false,true,true,false,not_comparable,full_candidate_features;replay_candidate_set
/Users/gduby/Documents/autoresearch-trading/v4/logs/paper_trading/2026-05-20/protocol101_no-order-shadow_2026-05-20.jsonl,1008,2026-05-20T16:57:10.026778+00:00,protocol101_no-order-shadow_2026-05-20,paper-submit,,0,false,true,true,false,not_comparable,full_candidate_features;replay_candidate_set
/Users/gduby/Documents/autoresearch-trading/v4/logs/paper_trading/2026-05-20/protocol101_no-order-shadow_2026-05-20.jsonl,1017,2026-05-20T16:59:28.730032+00:00,protocol101_no-order-shadow_2026-05-20,paper-submit,,0,false,true,true,false,not_comparable,full_candidate_features;replay_candidate_set
/Users/gduby/Documents/autoresearch-trading/v4/logs/paper_trading/2026-05-20/protocol101_no-order-shadow_2026-05-20.jsonl,1022,2026-05-20T16:59:33.839848+00:00,protocol101_no-order-shadow_2026-05-20,paper-submit,,0,false,true,true,false,not_comparable,full_candidate_features;replay_candidate_set
/Users/gduby/Documents/autoresearch-trading/v4/logs/paper_trading/2026-05-20/protocol101_no-order-shadow_2026-05-20.jsonl,1027,2026-05-20T16:59:38.957100+00:00,protocol101_no-order-shadow_2026-05-20,paper-submit,,0,false,true,true,false,not_comparable,full_candidate_features;replay_candidate_set
/Users/gduby/Documents/autoresearch-trading/v4/logs/paper_trading/2026-05-20/protocol101_no-order-shadow_2026-05-20.jsonl,1036,2026-05-20T17:02:23.602948+00:00,protocol101_no-order-shadow_2026-05-20,paper-submit,,0,false,true,true,false,not_comparable,full_candidate_features;replay_candidate_set
/Users/gduby/Documents/autoresearch-trading/v4/logs/paper_trading/2026-05-20/protocol101_no-order-shadow_2026-05-20.jsonl,1041,2026-05-20T17:02:28.681085+00:00,protocol101_no-order-shadow_2026-05-20,paper-submit,,0,false,true,true,false,not_comparable,full_candidate_features;replay_candidate_set
/Users/gduby/Documents/autoresearch-trading/v4/logs/paper_trading/2026-05-20/protocol101_no-order-shadow_2026-05-20.jsonl,1046,2026-05-20T17:02:33.786319+00:00,protocol101_no-order-shadow_2026-05-20,paper-submit,,0,false,true,true,false,not_comparable,full_candidate_features;replay_candidate_set
/Users/gduby/Documents/autoresearch-trading/v4/logs/paper_trading/2026-05-20/protocol101_no-order-shadow_2026-05-20.jsonl,1055,2026-05-20T17:05:17.824681+00:00,protocol101_no-order-shadow_2026-05-20,paper-submit,,0,false,true,true,false,not_comparable,full_candidate_features;replay_candidate_set
/Users/gduby/Documents/autoresearch-trading/v4/logs/paper_trading/2026-05-20/protocol101_no-order-shadow_2026-05-20.jsonl,1060,2026-05-20T17:05:22.884472+00:00,protocol101_no-order-shadow_2026-05-20,paper-submit,,0,false,true,true,false,not_comparable,full_candidate_features;replay_candidate_set
/Users/gduby/Documents/autoresearch-trading/v4/logs/paper_trading/2026-05-20/protocol101_no-order-shadow_2026-05-20.jsonl,1065,2026-05-20T17:05:27.967027+00:00,protocol101_no-order-shadow_2026-05-20,paper-submit,,0,false,true,true,false,not_comparable,full_candidate_features;replay_candidate_set
/Users/gduby/Documents/autoresearch-trading/v4/logs/paper_trading/2026-05-20/protocol101_no-order-shadow_2026-05-20.jsonl,1074,2026-05-20T17:07:48.203808+00:00,protocol101_no-order-shadow_2026-05-20,paper-submit,,0,false,true,true,false,not_comparable,full_candidate_features;replay_candidate_set
/Users/gduby/Documents/autoresearch-trading/v4/logs/paper_trading/2026-05-20/protocol101_no-order-shadow_2026-05-20.jsonl,1079,2026-05-20T17:07:53.283587+00:00,protocol101_no-order-shadow_2026-05-20,paper-submit,,0,false,true,true,false,not_comparable,full_candidate_features;replay_candidate_set
/Users/gduby/Documents/autoresearch-trading/v4/logs/paper_trading/2026-05-20/protocol101_no-order-shadow_2026-05-20.jsonl,1084,2026-05-20T17:07:58.401571+00:00,protocol101_no-order-shadow_2026-05-20,paper-submit,,0,false,true,true,false,not_comparable,full_candidate_features;replay_candidate_set
/Users/gduby/Documents/autoresearch-trading/v4/logs/paper_trading/2026-05-20/protocol101_no-order-shadow_2026-05-20.jsonl,1093,2026-05-20T17:10:34.002624+00:00,protocol101_no-order-shadow_2026-05-20,paper-submit,,0,false,true,true,false,not_comparable,full_candidate_features;replay_candidate_set
/Users/gduby/Documents/autoresearch-trading/v4/logs/paper_trading/2026-05-20/protocol101_no-order-shadow_2026-05-20.jsonl,1098,2026-05-20T17:10:39.091213+00:00,protocol101_no-order-shadow_2026-05-20,paper-submit,,0,false,true,true,false,not_comparable,full_candidate_features;replay_candidate_set
/Users/gduby/Documents/autoresearch-trading/v4/logs/paper_trading/2026-05-20/protocol101_no-order-shadow_2026-05-20.jsonl,1103,2026-05-20T17:10:44.214961+00:00,protocol101_no-order-shadow_2026-05-20,paper-submit,,0,false,true,true,false,not_comparable,full_candidate_features;replay_candidate_set
/Users/gduby/Documents/autoresearch-trading/v4/logs/paper_trading/2026-05-20/protocol101_no-order-shadow_2026-05-20.jsonl,1112,2026-05-20T17:13:15.044847+00:00,protocol101_no-order-shadow_2026-05-20,paper-submit,,0,false,true,true,false,not_comparable,full_candidate_features;replay_candidate_set
/Users/gduby/Documents/autoresearch-trading/v4/logs/paper_trading/2026-05-20/protocol101_no-order-shadow_2026-05-20.jsonl,1117,2026-05-20T17:13:20.111907+00:00,protocol101_no-order-shadow_2026-05-20,paper-submit,,0,false,true,true,false,not_comparable,full_candidate_features;replay_candidate_set
/Users/gduby/Documents/autoresearch-trading/v4/logs/paper_trading/2026-05-20/protocol101_no-order-shadow_2026-05-20.jsonl,1122,2026-05-20T17:13:25.216785+00:00,protocol101_no-order-shadow_2026-05-20,paper-submit,,0,false,true,true,false,not_comparable,full_candidate_features;replay_candidate_set
/Users/gduby/Documents/autoresearch-trading/v4/logs/paper_trading/2026-05-20/protocol101_no-order-shadow_2026-05-20.jsonl,1131,2026-05-20T17:15:44.777313+00:00,protocol101_no-order-shadow_2026-05-20,paper-submit,,0,false,true,true,false,not_comparable,full_candidate_features;replay_candidate_set
/Users/gduby/Documents/autoresearch-trading/v4/logs/paper_trading/2026-05-20/protocol101_no-order-shadow_2026-05-20.jsonl,1136,2026-05-20T17:15:49.868092+00:00,protocol101_no-order-shadow_2026-05-20,paper-submit,,0,false,true,true,false,not_comparable,full_candidate_features;replay_candidate_set
/Users/gduby/Documents/autoresearch-trading/v4/logs/paper_trading/2026-05-20/protocol101_no-order-shadow_2026-05-20.jsonl,1141,2026-05-20T17:15:55.020000+00:00,protocol101_no-order-shadow_2026-05-20,paper-submit,,0,false,true,true,false,not_comparable,full_candidate_features;replay_candidate_set
/Users/gduby/Documents/autoresearch-trading/v4/logs/paper_trading/2026-05-20/protocol101_no-order-shadow_2026-05-20.jsonl,1150,2026-05-20T17:18:51.373586+00:00,protocol101_no-order-shadow_2026-05-20,paper-submit,,0,false,true,true,false,not_comparable,full_candidate_features;replay_candidate_set
/Users/gduby/Documents/autoresearch-trading/v4/logs/paper_trading/2026-05-20/protocol101_no-order-shadow_2026-05-20.jsonl,1155,2026-05-20T17:18:56.446841+00:00,protocol101_no-order-shadow_2026-05-20,paper-submit,,0,false,true,true,false,not_comparable,full_candidate_features;replay_candidate_set
/Users/gduby/Documents/autoresearch-trading/v4/logs/paper_trading/2026-05-20/protocol101_no-order-shadow_2026-05-20.jsonl,1160,2026-05-20T17:19:01.586129+00:00,protocol101_no-order-shadow_2026-05-20,paper-submit,,0,false,true,true,false,not_comparable,full_candidate_features;replay_candidate_set
/Users/gduby/Documents/autoresearch-trading/v4/logs/paper_trading/2026-05-20/protocol101_no-order-shadow_2026-05-20.jsonl,1169,2026-05-20T17:21:42.505215+00:00,protocol101_no-order-shadow_2026-05-20,paper-submit,,0,false,true,true,false,not_comparable,full_candidate_features;replay_candidate_set
/Users/gduby/Documents/autoresearch-trading/v4/logs/paper_trading/2026-05-20/protocol101_no-order-shadow_2026-05-20.jsonl,1174,2026-05-20T17:21:47.629405+00:00,protocol101_no-order-shadow_2026-05-20,paper-submit,,0,false,true,true,false,not_comparable,full_candidate_features;replay_candidate_set
/Users/gduby/Documents/autoresearch-trading/v4/logs/paper_trading/2026-05-20/protocol101_no-order-shadow_2026-05-20.jsonl,1179,2026-05-20T17:21:52.694174+00:00,protocol101_no-order-shadow_2026-05-20,paper-submit,,0,false,true,true,false,not_comparable,full_candidate_features;replay_candidate_set
/Users/gduby/Documents/autoresearch-trading/v4/logs/paper_trading/2026-05-20/protocol101_no-order-shadow_2026-05-20.jsonl,1188,2026-05-20T17:24:20.054184+00:00,protocol101_no-order-shadow_2026-05-20,paper-submit,,0,false,true,true,false,not_comparable,full_candidate_features;replay_candidate_set
/Users/gduby/Documents/autoresearch-trading/v4/logs/paper_trading/2026-05-20/protocol101_no-order-shadow_2026-05-20.jsonl,1193,2026-05-20T17:24:25.146805+00:00,protocol101_no-order-shadow_2026-05-20,paper-submit,,0,false,true,true,false,not_comparable,full_candidate_features;replay_candidate_set
/Users/gduby/Documents/autoresearch-trading/v4/logs/paper_trading/2026-05-20/protocol101_no-order-shadow_2026-05-20.jsonl,1198,2026-05-20T17:24:30.205531+00:00,protocol101_no-order-shadow_2026-05-20,paper-submit,,0,false,true,true,false,not_comparable,full_candidate_features;replay_candidate_set
/Users/gduby/Documents/autoresearch-trading/v4/logs/paper_trading/2026-05-20/protocol101_no-order-shadow_2026-05-20.jsonl,1207,2026-05-20T17:26:57.993553+00:00,protocol101_no-order-shadow_2026-05-20,paper-submit,,0,false,true,true,false,not_comparable,full_candidate_features;replay_candidate_set
/Users/gduby/Documents/autoresearch-trading/v4/logs/paper_trading/2026-05-20/protocol101_no-order-shadow_2026-05-20.jsonl,1212,2026-05-20T17:27:03.079211+00:00,protocol101_no-order-shadow_2026-05-20,paper-submit,,0,false,true,true,false,not_comparable,full_candidate_features;replay_candidate_set
/Users/gduby/Documents/autoresearch-trading/v4/logs/paper_trading/2026-05-20/protocol101_no-order-shadow_2026-05-20.jsonl,1217,2026-05-20T17:27:08.166232+00:00,protocol101_no-order-shadow_2026-05-20,paper-submit,,0,false,true,true,false,not_comparable,full_candidate_features;replay_candidate_set
/Users/gduby/Documents/autoresearch-trading/v4/logs/paper_trading/2026-05-20/protocol101_no-order-shadow_2026-05-20.jsonl,1226,2026-05-20T17:29:31.282129+00:00,protocol101_no-order-shadow_2026-05-20,paper-submit,,0,false,true,true,false,not_comparable,full_candidate_features;replay_candidate_set
/Users/gduby/Documents/autoresearch-trading/v4/logs/paper_trading/2026-05-20/protocol101_no-order-shadow_2026-05-20.jsonl,1231,2026-05-20T17:29:36.342755+00:00,protocol101_no-order-shadow_2026-05-20,paper-submit,,0,false,true,true,false,not_comparable,full_candidate_features;replay_candidate_set
/Users/gduby/Documents/autoresearch-trading/v4/logs/paper_trading/2026-05-20/protocol101_no-order-shadow_2026-05-20.jsonl,1236,2026-05-20T17:29:41.435153+00:00,protocol101_no-order-shadow_2026-05-20,paper-submit,,0,false,true,true,false,not_comparable,full_candidate_features;replay_candidate_set
/Users/gduby/Documents/autoresearch-trading/v4/logs/paper_trading/2026-05-20/protocol101_no-order-shadow_2026-05-20.jsonl,1245,2026-05-20T17:32:05.651374+00:00,protocol101_no-order-shadow_2026-05-20,paper-submit,,0,false,true,true,false,not_comparable,full_candidate_features;replay_candidate_set
/Users/gduby/Documents/autoresearch-trading/v4/logs/paper_trading/2026-05-20/protocol101_no-order-shadow_2026-05-20.jsonl,1250,2026-05-20T17:32:10.715902+00:00,protocol101_no-order-shadow_2026-05-20,paper-submit,,0,false,true,true,false,not_comparable,full_candidate_features;replay_candidate_set
/Users/gduby/Documents/autoresearch-trading/v4/logs/paper_trading/2026-05-20/protocol101_no-order-shadow_2026-05-20.jsonl,1255,2026-05-20T17:32:15.879275+00:00,protocol101_no-order-shadow_2026-05-20,paper-submit,,0,false,true,true,false,not_comparable,full_candidate_features;replay_candidate_set
/Users/gduby/Documents/autoresearch-trading/v4/logs/paper_trading/2026-05-20/protocol101_no-order-shadow_2026-05-20.jsonl,1264,2026-05-20T17:34:39.399015+00:00,protocol101_no-order-shadow_2026-05-20,paper-submit,,0,false,true,true,false,not_comparable,full_candidate_features;replay_candidate_set
/Users/gduby/Documents/autoresearch-trading/v4/logs/paper_trading/2026-05-20/protocol101_no-order-shadow_2026-05-20.jsonl,1269,2026-05-20T17:34:44.456152+00:00,protocol101_no-order-shadow_2026-05-20,paper-submit,,0,false,true,true,false,not_comparable,full_candidate_features;replay_candidate_set
/Users/gduby/Documents/autoresearch-trading/v4/logs/paper_trading/2026-05-20/protocol101_no-order-shadow_2026-05-20.jsonl,1274,2026-05-20T17:34:49.563447+00:00,protocol101_no-order-shadow_2026-05-20,paper-submit,,0,false,true,true,false,not_comparable,full_candidate_features;replay_candidate_set
/Users/gduby/Documents/autoresearch-trading/v4/logs/paper_trading/2026-05-20/protocol101_no-order-shadow_2026-05-20.jsonl,1283,2026-05-20T17:37:17.938244+00:00,protocol101_no-order-shadow_2026-05-20,paper-submit,,0,false,true,true,false,not_comparable,full_candidate_features;replay_candidate_set
/Users/gduby/Documents/autoresearch-trading/v4/logs/paper_trading/2026-05-20/protocol101_no-order-shadow_2026-05-20.jsonl,1288,2026-05-20T17:37:23.032620+00:00,protocol101_no-order-shadow_2026-05-20,paper-submit,,0,false,true,true,false,not_comparable,full_candidate_features;replay_candidate_set
/Users/gduby/Documents/autoresearch-trading/v4/logs/paper_trading/2026-05-20/protocol101_no-order-shadow_2026-05-20.jsonl,1293,2026-05-20T17:37:28.145923+00:00,protocol101_no-order-shadow_2026-05-20,paper-submit,,0,false,true,true,false,not_comparable,full_candidate_features;replay_candidate_set
/Users/gduby/Documents/autoresearch-trading/v4/logs/paper_trading/2026-05-20/protocol101_no-order-shadow_2026-05-20.jsonl,1302,2026-05-20T17:39:58.970660+00:00,protocol101_no-order-shadow_2026-05-20,paper-submit,,0,false,true,true,false,not_comparable,full_candidate_features;replay_candidate_set
/Users/gduby/Documents/autoresearch-trading/v4/logs/paper_trading/2026-05-20/protocol101_no-order-shadow_2026-05-20.jsonl,1307,2026-05-20T17:40:04.031292+00:00,protocol101_no-order-shadow_2026-05-20,paper-submit,,0,false,true,true,false,not_comparable,full_candidate_features;replay_candidate_set
/Users/gduby/Documents/autoresearch-trading/v4/logs/paper_trading/2026-05-20/protocol101_no-order-shadow_2026-05-20.jsonl,1312,2026-05-20T17:40:09.132118+00:00,protocol101_no-order-shadow_2026-05-20,paper-submit,,0,false,true,true,false,not_comparable,full_candidate_features;replay_candidate_set
/Users/gduby/Documents/autoresearch-trading/v4/logs/paper_trading/2026-05-20/protocol101_no-order-shadow_2026-05-20.jsonl,1321,2026-05-20T17:42:24.107722+00:00,protocol101_no-order-shadow_2026-05-20,paper-submit,,0,false,true,true,false,not_comparable,full_candidate_features;replay_candidate_set
/Users/gduby/Documents/autoresearch-trading/v4/logs/paper_trading/2026-05-20/protocol101_no-order-shadow_2026-05-20.jsonl,1326,2026-05-20T17:42:29.190138+00:00,protocol101_no-order-shadow_2026-05-20,paper-submit,,0,false,true,true,false,not_comparable,full_candidate_features;replay_candidate_set
/Users/gduby/Documents/autoresearch-trading/v4/logs/paper_trading/2026-05-20/protocol101_no-order-shadow_2026-05-20.jsonl,1331,2026-05-20T17:42:34.302596+00:00,protocol101_no-order-shadow_2026-05-20,paper-submit,,0,false,true,true,false,not_comparable,full_candidate_features;replay_candidate_set
/Users/gduby/Documents/autoresearch-trading/v4/logs/paper_trading/2026-05-20/protocol101_no-order-shadow_2026-05-20.jsonl,1340,2026-05-20T17:44:49.459165+00:00,protocol101_no-order-shadow_2026-05-20,paper-submit,,0,false,true,true,false,not_comparable,full_candidate_features;replay_candidate_set
/Users/gduby/Documents/autoresearch-trading/v4/logs/paper_trading/2026-05-20/protocol101_no-order-shadow_2026-05-20.jsonl,1345,2026-05-20T17:44:54.539486+00:00,protocol101_no-order-shadow_2026-05-20,paper-submit,,0,false,true,true,false,not_comparable,full_candidate_features;replay_candidate_set
/Users/gduby/Documents/autoresearch-trading/v4/logs/paper_trading/2026-05-20/protocol101_no-order-shadow_2026-05-20.jsonl,1350,2026-05-20T17:44:59.623479+00:00,protocol101_no-order-shadow_2026-05-20,paper-submit,,0,false,true,true,false,not_comparable,full_candidate_features;replay_candidate_set
/Users/gduby/Documents/autoresearch-trading/v4/logs/paper_trading/2026-05-20/protocol101_no-order-shadow_2026-05-20.jsonl,1359,2026-05-20T17:47:15.002561+00:00,protocol101_no-order-shadow_2026-05-20,paper-submit,,0,false,true,true,false,not_comparable,full_candidate_features;replay_candidate_set
/Users/gduby/Documents/autoresearch-trading/v4/logs/paper_trading/2026-05-20/protocol101_no-order-shadow_2026-05-20.jsonl,1364,2026-05-20T17:47:20.088118+00:00,protocol101_no-order-shadow_2026-05-20,paper-submit,,0,false,true,true,false,not_comparable,full_candidate_features;replay_candidate_set
/Users/gduby/Documents/autoresearch-trading/v4/logs/paper_trading/2026-05-20/protocol101_no-order-shadow_2026-05-20.jsonl,1369,2026-05-20T17:47:25.171123+00:00,protocol101_no-order-shadow_2026-05-20,paper-submit,,0,false,true,true,false,not_comparable,full_candidate_features;replay_candidate_set
/Users/gduby/Documents/autoresearch-trading/v4/logs/paper_trading/2026-05-20/protocol101_no-order-shadow_2026-05-20.jsonl,1378,2026-05-20T17:49:41.139306+00:00,protocol101_no-order-shadow_2026-05-20,paper-submit,,0,false,true,true,false,not_comparable,full_candidate_features;replay_candidate_set
/Users/gduby/Documents/autoresearch-trading/v4/logs/paper_trading/2026-05-20/protocol101_no-order-shadow_2026-05-20.jsonl,1383,2026-05-20T17:49:46.228144+00:00,protocol101_no-order-shadow_2026-05-20,paper-submit,,0,false,true,true,false,not_comparable,full_candidate_features;replay_candidate_set
/Users/gduby/Documents/autoresearch-trading/v4/logs/paper_trading/2026-05-20/protocol101_no-order-shadow_2026-05-20.jsonl,1388,2026-05-20T17:49:51.361991+00:00,protocol101_no-order-shadow_2026-05-20,paper-submit,,0,false,true,true,false,not_comparable,full_candidate_features;replay_candidate_set
/Users/gduby/Documents/autoresearch-trading/v4/logs/paper_trading/2026-05-20/protocol101_no-order-shadow_2026-05-20.jsonl,1397,2026-05-20T17:52:06.910234+00:00,protocol101_no-order-shadow_2026-05-20,paper-submit,,0,false,true,true,false,not_comparable,full_candidate_features;replay_candidate_set
/Users/gduby/Documents/autoresearch-trading/v4/logs/paper_trading/2026-05-20/protocol101_no-order-shadow_2026-05-20.jsonl,1402,2026-05-20T17:52:11.993882+00:00,protocol101_no-order-shadow_2026-05-20,paper-submit,,0,false,true,true,false,not_comparable,full_candidate_features;replay_candidate_set
/Users/gduby/Documents/autoresearch-trading/v4/logs/paper_trading/2026-05-20/protocol101_no-order-shadow_2026-05-20.jsonl,1407,2026-05-20T17:52:17.082490+00:00,protocol101_no-order-shadow_2026-05-20,paper-submit,,0,false,true,true,false,not_comparable,full_candidate_features;replay_candidate_set
/Users/gduby/Documents/autoresearch-trading/v4/logs/paper_trading/2026-05-20/protocol101_no-order-shadow_2026-05-20.jsonl,1416,2026-05-20T17:54:32.028871+00:00,protocol101_no-order-shadow_2026-05-20,paper-submit,,0,false,true,true,false,not_comparable,full_candidate_features;replay_candidate_set
/Users/gduby/Documents/autoresearch-trading/v4/logs/paper_trading/2026-05-20/protocol101_no-order-shadow_2026-05-20.jsonl,1421,2026-05-20T17:54:37.114463+00:00,protocol101_no-order-shadow_2026-05-20,paper-submit,,0,false,true,true,false,not_comparable,full_candidate_features;replay_candidate_set
/Users/gduby/Documents/autoresearch-trading/v4/logs/paper_trading/2026-05-20/protocol101_no-order-shadow_2026-05-20.jsonl,1426,2026-05-20T17:54:42.195656+00:00,protocol101_no-order-shadow_2026-05-20,paper-submit,,0,false,true,true,false,not_comparable,full_candidate_features;replay_candidate_set
/Users/gduby/Documents/autoresearch-trading/v4/logs/paper_trading/2026-05-20/protocol101_no-order-shadow_2026-05-20.jsonl,1435,2026-05-20T17:56:57.211947+00:00,protocol101_no-order-shadow_2026-05-20,paper-submit,,0,false,true,true,false,not_comparable,full_candidate_features;replay_candidate_set
/Users/gduby/Documents/autoresearch-trading/v4/logs/paper_trading/2026-05-20/protocol101_no-order-shadow_2026-05-20.jsonl,1440,2026-05-20T17:57:02.300051+00:00,protocol101_no-order-shadow_2026-05-20,paper-submit,,0,false,true,true,false,not_comparable,full_candidate_features;replay_candidate_set
/Users/gduby/Documents/autoresearch-trading/v4/logs/paper_trading/2026-05-20/protocol101_no-order-shadow_2026-05-20.jsonl,1445,2026-05-20T17:57:07.430102+00:00,protocol101_no-order-shadow_2026-05-20,paper-submit,,0,false,true,true,false,not_comparable,full_candidate_features;replay_candidate_set
/Users/gduby/Documents/autoresearch-trading/v4/logs/paper_trading/2026-05-20/protocol101_no-order-shadow_2026-05-20.jsonl,1454,2026-05-20T17:59:22.876591+00:00,protocol101_no-order-shadow_2026-05-20,paper-submit,,0,false,true,true,false,not_comparable,full_candidate_features;replay_candidate_set
/Users/gduby/Documents/autoresearch-trading/v4/logs/paper_trading/2026-05-20/protocol101_no-order-shadow_2026-05-20.jsonl,1459,2026-05-20T17:59:27.962369+00:00,protocol101_no-order-shadow_2026-05-20,paper-submit,,0,false,true,true,false,not_comparable,full_candidate_features;replay_candidate_set
/Users/gduby/Documents/autoresearch-trading/v4/logs/paper_trading/2026-05-20/protocol101_no-order-shadow_2026-05-20.jsonl,1464,2026-05-20T17:59:33.051714+00:00,protocol101_no-order-shadow_2026-05-20,paper-submit,,0,false,true,true,false,not_comparable,full_candidate_features;replay_candidate_set
/Users/gduby/Documents/autoresearch-trading/v4/logs/paper_trading/2026-05-20/protocol101_no-order-shadow_2026-05-20.jsonl,1473,2026-05-20T18:01:48.230307+00:00,protocol101_no-order-shadow_2026-05-20,paper-submit,,0,false,true,true,false,not_comparable,full_candidate_features;replay_candidate_set
/Users/gduby/Documents/autoresearch-trading/v4/logs/paper_trading/2026-05-20/protocol101_no-order-shadow_2026-05-20.jsonl,1478,2026-05-20T18:01:53.308747+00:00,protocol101_no-order-shadow_2026-05-20,paper-submit,,0,false,true,true,false,not_comparable,full_candidate_features;replay_candidate_set
/Users/gduby/Documents/autoresearch-trading/v4/logs/paper_trading/2026-05-20/protocol101_no-order-shadow_2026-05-20.jsonl,1483,2026-05-20T18:01:58.399895+00:00,protocol101_no-order-shadow_2026-05-20,paper-submit,,0,false,true,true,false,not_comparable,full_candidate_features;replay_candidate_set
/Users/gduby/Documents/autoresearch-trading/v4/logs/paper_trading/2026-05-20/protocol101_no-order-shadow_2026-05-20.jsonl,1492,2026-05-20T18:04:13.794591+00:00,protocol101_no-order-shadow_2026-05-20,paper-submit,,0,false,true,true,false,not_comparable,full_candidate_features;replay_candidate_set
/Users/gduby/Documents/autoresearch-trading/v4/logs/paper_trading/2026-05-20/protocol101_no-order-shadow_2026-05-20.jsonl,1497,2026-05-20T18:04:18.883792+00:00,protocol101_no-order-shadow_2026-05-20,paper-submit,,0,false,true,true,false,not_comparable,full_candidate_features;replay_candidate_set
/Users/gduby/Documents/autoresearch-trading/v4/logs/paper_trading/2026-05-20/protocol101_no-order-shadow_2026-05-20.jsonl,1502,2026-05-20T18:04:24.006916+00:00,protocol101_no-order-shadow_2026-05-20,paper-submit,,0,false,true,true,false,not_comparable,full_candidate_features;replay_candidate_set
/Users/gduby/Documents/autoresearch-trading/v4/logs/paper_trading/2026-05-20/protocol101_no-order-shadow_2026-05-20.jsonl,1511,2026-05-20T18:06:39.524694+00:00,protocol101_no-order-shadow_2026-05-20,paper-submit,,0,false,true,true,false,not_comparable,full_candidate_features;replay_candidate_set
/Users/gduby/Documents/autoresearch-trading/v4/logs/paper_trading/2026-05-20/protocol101_no-order-shadow_2026-05-20.jsonl,1516,2026-05-20T18:06:44.607093+00:00,protocol101_no-order-shadow_2026-05-20,paper-submit,,0,false,true,true,false,not_comparable,full_candidate_features;replay_candidate_set
/Users/gduby/Documents/autoresearch-trading/v4/logs/paper_trading/2026-05-20/protocol101_no-order-shadow_2026-05-20.jsonl,1521,2026-05-20T18:06:49.687377+00:00,protocol101_no-order-shadow_2026-05-20,paper-submit,,0,false,true,true,false,not_comparable,full_candidate_features;replay_candidate_set
/Users/gduby/Documents/autoresearch-trading/v4/logs/paper_trading/2026-05-20/protocol101_no-order-shadow_2026-05-20.jsonl,1530,2026-05-20T18:09:05.603466+00:00,protocol101_no-order-shadow_2026-05-20,paper-submit,,0,false,true,true,false,not_comparable,full_candidate_features;replay_candidate_set
/Users/gduby/Documents/autoresearch-trading/v4/logs/paper_trading/2026-05-20/protocol101_no-order-shadow_2026-05-20.jsonl,1535,2026-05-20T18:09:10.688741+00:00,protocol101_no-order-shadow_2026-05-20,paper-submit,,0,false,true,true,false,not_comparable,full_candidate_features;replay_candidate_set
/Users/gduby/Documents/autoresearch-trading/v4/logs/paper_trading/2026-05-20/protocol101_no-order-shadow_2026-05-20.jsonl,1540,2026-05-20T18:09:15.840017+00:00,protocol101_no-order-shadow_2026-05-20,paper-submit,,0,false,true,true,false,not_comparable,full_candidate_features;replay_candidate_set
/Users/gduby/Documents/autoresearch-trading/v4/logs/paper_trading/2026-05-20/protocol101_no-order-shadow_2026-05-20.jsonl,1549,2026-05-20T18:11:31.319470+00:00,protocol101_no-order-shadow_2026-05-20,paper-submit,,0,false,true,true,false,not_comparable,full_candidate_features;replay_candidate_set
/Users/gduby/Documents/autoresearch-trading/v4/logs/paper_trading/2026-05-20/protocol101_no-order-shadow_2026-05-20.jsonl,1554,2026-05-20T18:11:36.401122+00:00,protocol101_no-order-shadow_2026-05-20,paper-submit,,0,false,true,true,false,not_comparable,full_candidate_features;replay_candidate_set
/Users/gduby/Documents/autoresearch-trading/v4/logs/paper_trading/2026-05-20/protocol101_no-order-shadow_2026-05-20.jsonl,1559,2026-05-20T18:11:41.519524+00:00,protocol101_no-order-shadow_2026-05-20,paper-submit,,0,false,true,true,false,not_comparable,full_candidate_features;replay_candidate_set
/Users/gduby/Documents/autoresearch-trading/v4/logs/paper_trading/2026-05-20/protocol101_no-order-shadow_2026-05-20.jsonl,1568,2026-05-20T18:13:57.067438+00:00,protocol101_no-order-shadow_2026-05-20,paper-submit,,0,false,true,true,false,not_comparable,full_candidate_features;replay_candidate_set
/Users/gduby/Documents/autoresearch-trading/v4/logs/paper_trading/2026-05-20/protocol101_no-order-shadow_2026-05-20.jsonl,1573,2026-05-20T18:14:02.159479+00:00,protocol101_no-order-shadow_2026-05-20,paper-submit,,0,false,true,true,false,not_comparable,full_candidate_features;replay_candidate_set
/Users/gduby/Documents/autoresearch-trading/v4/logs/paper_trading/2026-05-20/protocol101_no-order-shadow_2026-05-20.jsonl,1578,2026-05-20T18:14:07.235861+00:00,protocol101_no-order-shadow_2026-05-20,paper-submit,,0,false,true,true,false,not_comparable,full_candidate_features;replay_candidate_set
/Users/gduby/Documents/autoresearch-trading/v4/logs/paper_trading/2026-05-20/protocol101_no-order-shadow_2026-05-20.jsonl,1587,2026-05-20T18:16:23.112942+00:00,protocol101_no-order-shadow_2026-05-20,paper-submit,,0,false,true,true,false,not_comparable,full_candidate_features;replay_candidate_set
/Users/gduby/Documents/autoresearch-trading/v4/logs/paper_trading/2026-05-20/protocol101_no-order-shadow_2026-05-20.jsonl,1592,2026-05-20T18:16:28.201705+00:00,protocol101_no-order-shadow_2026-05-20,paper-submit,,0,false,true,true,false,not_comparable,full_candidate_features;replay_candidate_set
/Users/gduby/Documents/autoresearch-trading/v4/logs/paper_trading/2026-05-20/protocol101_no-order-shadow_2026-05-20.jsonl,1597,2026-05-20T18:16:33.336324+00:00,protocol101_no-order-shadow_2026-05-20,paper-submit,,0,false,true,true,false,not_comparable,full_candidate_features;replay_candidate_set
/Users/gduby/Documents/autoresearch-trading/v4/logs/paper_trading/2026-05-20/protocol101_no-order-shadow_2026-05-20.jsonl,1606,2026-05-20T18:18:48.936023+00:00,protocol101_no-order-shadow_2026-05-20,paper-submit,,0,false,true,true,false,not_comparable,full_candidate_features;replay_candidate_set
/Users/gduby/Documents/autoresearch-trading/v4/logs/paper_trading/2026-05-20/protocol101_no-order-shadow_2026-05-20.jsonl,1611,2026-05-20T18:18:54.020562+00:00,protocol101_no-order-shadow_2026-05-20,paper-submit,,0,false,true,true,false,not_comparable,full_candidate_features;replay_candidate_set
/Users/gduby/Documents/autoresearch-trading/v4/logs/paper_trading/2026-05-20/protocol101_no-order-shadow_2026-05-20.jsonl,1616,2026-05-20T18:18:59.103035+00:00,protocol101_no-order-shadow_2026-05-20,paper-submit,,0,false,true,true,false,not_comparable,full_candidate_features;replay_candidate_set
/Users/gduby/Documents/autoresearch-trading/v4/logs/paper_trading/2026-05-20/protocol101_no-order-shadow_2026-05-20.jsonl,1625,2026-05-20T18:21:14.501691+00:00,protocol101_no-order-shadow_2026-05-20,paper-submit,,0,false,true,true,false,not_comparable,full_candidate_features;replay_candidate_set
/Users/gduby/Documents/autoresearch-trading/v4/logs/paper_trading/2026-05-20/protocol101_no-order-shadow_2026-05-20.jsonl,1630,2026-05-20T18:21:19.584913+00:00,protocol101_no-order-shadow_2026-05-20,paper-submit,,0,false,true,true,false,not_comparable,full_candidate_features;replay_candidate_set
/Users/gduby/Documents/autoresearch-trading/v4/logs/paper_trading/2026-05-20/protocol101_no-order-shadow_2026-05-20.jsonl,1635,2026-05-20T18:21:24.667903+00:00,protocol101_no-order-shadow_2026-05-20,paper-submit,,0,false,true,true,false,not_comparable,full_candidate_features;replay_candidate_set
/Users/gduby/Documents/autoresearch-trading/v4/logs/paper_trading/2026-05-20/protocol101_no-order-shadow_2026-05-20.jsonl,1644,2026-05-20T18:23:39.616788+00:00,protocol101_no-order-shadow_2026-05-20,paper-submit,,0,false,true,true,false,not_comparable,full_candidate_features;replay_candidate_set
/Users/gduby/Documents/autoresearch-trading/v4/logs/paper_trading/2026-05-20/protocol101_no-order-shadow_2026-05-20.jsonl,1649,2026-05-20T18:23:44.702904+00:00,protocol101_no-order-shadow_2026-05-20,paper-submit,,0,false,true,true,false,not_comparable,full_candidate_features;replay_candidate_set
/Users/gduby/Documents/autoresearch-trading/v4/logs/paper_trading/2026-05-20/protocol101_no-order-shadow_2026-05-20.jsonl,1654,2026-05-20T18:23:49.807021+00:00,protocol101_no-order-shadow_2026-05-20,paper-submit,,0,false,true,true,false,not_comparable,full_candidate_features;replay_candidate_set
/Users/gduby/Documents/autoresearch-trading/v4/logs/paper_trading/2026-05-20/protocol101_no-order-shadow_2026-05-20.jsonl,1663,2026-05-20T18:26:04.801146+00:00,protocol101_no-order-shadow_2026-05-20,paper-submit,,0,false,true,true,false,not_comparable,full_candidate_features;replay_candidate_set
/Users/gduby/Documents/autoresearch-trading/v4/logs/paper_trading/2026-05-20/protocol101_no-order-shadow_2026-05-20.jsonl,1668,2026-05-20T18:26:09.886132+00:00,protocol101_no-order-shadow_2026-05-20,paper-submit,,0,false,true,true,false,not_comparable,full_candidate_features;replay_candidate_set
/Users/gduby/Documents/autoresearch-trading/v4/logs/paper_trading/2026-05-20/protocol101_no-order-shadow_2026-05-20.jsonl,1673,2026-05-20T18:26:15.005599+00:00,protocol101_no-order-shadow_2026-05-20,paper-submit,,0,false,true,true,false,not_comparable,full_candidate_features;replay_candidate_set
/Users/gduby/Documents/autoresearch-trading/v4/logs/paper_trading/2026-05-20/protocol101_no-order-shadow_2026-05-20.jsonl,1682,2026-05-20T18:28:30.227235+00:00,protocol101_no-order-shadow_2026-05-20,paper-submit,,0,false,true,true,false,not_comparable,full_candidate_features;replay_candidate_set
/Users/gduby/Documents/autoresearch-trading/v4/logs/paper_trading/2026-05-20/protocol101_no-order-shadow_2026-05-20.jsonl,1687,2026-05-20T18:28:35.306678+00:00,protocol101_no-order-shadow_2026-05-20,paper-submit,,0,false,true,true,false,not_comparable,full_candidate_features;replay_candidate_set
/Users/gduby/Documents/autoresearch-trading/v4/logs/paper_trading/2026-05-20/protocol101_no-order-shadow_2026-05-20.jsonl,1692,2026-05-20T18:28:40.387592+00:00,protocol101_no-order-shadow_2026-05-20,paper-submit,,0,false,true,true,false,not_comparable,full_candidate_features;replay_candidate_set
/Users/gduby/Documents/autoresearch-trading/v4/logs/paper_trading/2026-05-20/protocol101_no-order-shadow_2026-05-20.jsonl,1701,2026-05-20T18:30:55.209925+00:00,protocol101_no-order-shadow_2026-05-20,paper-submit,,0,false,true,true,false,not_comparable,full_candidate_features;replay_candidate_set
/Users/gduby/Documents/autoresearch-trading/v4/logs/paper_trading/2026-05-20/protocol101_no-order-shadow_2026-05-20.jsonl,1706,2026-05-20T18:31:00.291296+00:00,protocol101_no-order-shadow_2026-05-20,paper-submit,,0,false,true,true,false,not_comparable,full_candidate_features;replay_candidate_set
/Users/gduby/Documents/autoresearch-trading/v4/logs/paper_trading/2026-05-20/protocol101_no-order-shadow_2026-05-20.jsonl,1711,2026-05-20T18:31:05.371359+00:00,protocol101_no-order-shadow_2026-05-20,paper-submit,,0,false,true,true,false,not_comparable,full_candidate_features;replay_candidate_set
/Users/gduby/Documents/autoresearch-trading/v4/logs/paper_trading/2026-05-20/protocol101_no-order-shadow_2026-05-20.jsonl,1720,2026-05-20T18:33:20.657032+00:00,protocol101_no-order-shadow_2026-05-20,paper-submit,,0,false,true,true,false,not_comparable,full_candidate_features;replay_candidate_set
/Users/gduby/Documents/autoresearch-trading/v4/logs/paper_trading/2026-05-20/protocol101_no-order-shadow_2026-05-20.jsonl,1725,2026-05-20T18:33:25.743354+00:00,protocol101_no-order-shadow_2026-05-20,paper-submit,,0,false,true,true,false,not_comparable,full_candidate_features;replay_candidate_set
/Users/gduby/Documents/autoresearch-trading/v4/logs/paper_trading/2026-05-20/protocol101_no-order-shadow_2026-05-20.jsonl,1730,2026-05-20T18:33:30.881602+00:00,protocol101_no-order-shadow_2026-05-20,paper-submit,,0,false,true,true,false,not_comparable,full_candidate_features;replay_candidate_set
/Users/gduby/Documents/autoresearch-trading/v4/logs/paper_trading/2026-05-20/protocol101_no-order-shadow_2026-05-20.jsonl,1739,2026-05-20T18:35:46.038397+00:00,protocol101_no-order-shadow_2026-05-20,paper-submit,,0,false,true,true,false,not_comparable,full_candidate_features;replay_candidate_set
/Users/gduby/Documents/autoresearch-trading/v4/logs/paper_trading/2026-05-20/protocol101_no-order-shadow_2026-05-20.jsonl,1744,2026-05-20T18:35:51.129353+00:00,protocol101_no-order-shadow_2026-05-20,paper-submit,,0,false,true,true,false,not_comparable,full_candidate_features;replay_candidate_set
/Users/gduby/Documents/autoresearch-trading/v4/logs/paper_trading/2026-05-20/protocol101_no-order-shadow_2026-05-20.jsonl,1749,2026-05-20T18:35:56.246714+00:00,protocol101_no-order-shadow_2026-05-20,paper-submit,,0,false,true,true,false,not_comparable,full_candidate_features;replay_candidate_set
/Users/gduby/Documents/autoresearch-trading/v4/logs/paper_trading/2026-05-20/protocol101_no-order-shadow_2026-05-20.jsonl,1758,2026-05-20T18:38:11.167938+00:00,protocol101_no-order-shadow_2026-05-20,paper-submit,,0,false,true,true,false,not_comparable,full_candidate_features;replay_candidate_set
/Users/gduby/Documents/autoresearch-trading/v4/logs/paper_trading/2026-05-20/protocol101_no-order-shadow_2026-05-20.jsonl,1763,2026-05-20T18:38:16.248701+00:00,protocol101_no-order-shadow_2026-05-20,paper-submit,,0,false,true,true,false,not_comparable,full_candidate_features;replay_candidate_set
/Users/gduby/Documents/autoresearch-trading/v4/logs/paper_trading/2026-05-20/protocol101_no-order-shadow_2026-05-20.jsonl,1768,2026-05-20T18:38:21.374400+00:00,protocol101_no-order-shadow_2026-05-20,paper-submit,,0,false,true,true,false,not_comparable,full_candidate_features;replay_candidate_set
/Users/gduby/Documents/autoresearch-trading/v4/logs/paper_trading/2026-05-20/protocol101_no-order-shadow_2026-05-20.jsonl,1777,2026-05-20T18:40:36.288310+00:00,protocol101_no-order-shadow_2026-05-20,paper-submit,,0,false,true,true,false,not_comparable,full_candidate_features;replay_candidate_set
/Users/gduby/Documents/autoresearch-trading/v4/logs/paper_trading/2026-05-20/protocol101_no-order-shadow_2026-05-20.jsonl,1782,2026-05-20T18:40:41.377168+00:00,protocol101_no-order-shadow_2026-05-20,paper-submit,,0,false,true,true,false,not_comparable,full_candidate_features;replay_candidate_set
/Users/gduby/Documents/autoresearch-trading/v4/logs/paper_trading/2026-05-20/protocol101_no-order-shadow_2026-05-20.jsonl,1787,2026-05-20T18:40:46.509292+00:00,protocol101_no-order-shadow_2026-05-20,paper-submit,,0,false,true,true,false,not_comparable,full_candidate_features;replay_candidate_set
/Users/gduby/Documents/autoresearch-trading/v4/logs/paper_trading/2026-05-20/protocol101_no-order-shadow_2026-05-20.jsonl,1796,2026-05-20T18:43:01.811990+00:00,protocol101_no-order-shadow_2026-05-20,paper-submit,,0,false,true,true,false,not_comparable,full_candidate_features;replay_candidate_set
/Users/gduby/Documents/autoresearch-trading/v4/logs/paper_trading/2026-05-20/protocol101_no-order-shadow_2026-05-20.jsonl,1801,2026-05-20T18:43:06.898658+00:00,protocol101_no-order-shadow_2026-05-20,paper-submit,,0,false,true,true,false,not_comparable,full_candidate_features;replay_candidate_set
/Users/gduby/Documents/autoresearch-trading/v4/logs/paper_trading/2026-05-20/protocol101_no-order-shadow_2026-05-20.jsonl,1806,2026-05-20T18:43:11.982964+00:00,protocol101_no-order-shadow_2026-05-20,paper-submit,,0,false,true,true,false,not_comparable,full_candidate_features;replay_candidate_set
/Users/gduby/Documents/autoresearch-trading/v4/logs/paper_trading/2026-05-20/protocol101_no-order-shadow_2026-05-20.jsonl,1815,2026-05-20T18:45:27.150330+00:00,protocol101_no-order-shadow_2026-05-20,paper-submit,,0,false,true,true,false,not_comparable,full_candidate_features;replay_candidate_set
/Users/gduby/Documents/autoresearch-trading/v4/logs/paper_trading/2026-05-20/protocol101_no-order-shadow_2026-05-20.jsonl,1820,2026-05-20T18:45:32.229323+00:00,protocol101_no-order-shadow_2026-05-20,paper-submit,,0,false,true,true,false,not_comparable,full_candidate_features;replay_candidate_set
/Users/gduby/Documents/autoresearch-trading/v4/logs/paper_trading/2026-05-20/protocol101_no-order-shadow_2026-05-20.jsonl,1825,2026-05-20T18:45:37.346297+00:00,protocol101_no-order-shadow_2026-05-20,paper-submit,,0,false,true,true,false,not_comparable,full_candidate_features;replay_candidate_set
/Users/gduby/Documents/autoresearch-trading/v4/logs/paper_trading/2026-05-20/protocol101_no-order-shadow_2026-05-20.jsonl,1834,2026-05-20T18:47:52.698167+00:00,protocol101_no-order-shadow_2026-05-20,paper-submit,,0,false,true,true,false,not_comparable,full_candidate_features;replay_candidate_set
/Users/gduby/Documents/autoresearch-trading/v4/logs/paper_trading/2026-05-20/protocol101_no-order-shadow_2026-05-20.jsonl,1839,2026-05-20T18:47:57.782028+00:00,protocol101_no-order-shadow_2026-05-20,paper-submit,,0,false,true,true,false,not_comparable,full_candidate_features;replay_candidate_set
/Users/gduby/Documents/autoresearch-trading/v4/logs/paper_trading/2026-05-20/protocol101_no-order-shadow_2026-05-20.jsonl,1844,2026-05-20T18:48:02.864759+00:00,protocol101_no-order-shadow_2026-05-20,paper-submit,,0,false,true,true,false,not_comparable,full_candidate_features;replay_candidate_set
/Users/gduby/Documents/autoresearch-trading/v4/logs/paper_trading/2026-05-20/protocol101_no-order-shadow_2026-05-20.jsonl,1853,2026-05-20T18:50:17.829058+00:00,protocol101_no-order-shadow_2026-05-20,paper-submit,,0,false,true,true,false,not_comparable,full_candidate_features;replay_candidate_set
/Users/gduby/Documents/autoresearch-trading/v4/logs/paper_trading/2026-05-20/protocol101_no-order-shadow_2026-05-20.jsonl,1858,2026-05-20T18:50:22.906417+00:00,protocol101_no-order-shadow_2026-05-20,paper-submit,,0,false,true,true,false,not_comparable,full_candidate_features;replay_candidate_set
/Users/gduby/Documents/autoresearch-trading/v4/logs/paper_trading/2026-05-20/protocol101_no-order-shadow_2026-05-20.jsonl,1863,2026-05-20T18:50:27.991308+00:00,protocol101_no-order-shadow_2026-05-20,paper-submit,,0,false,true,true,false,not_comparable,full_candidate_features;replay_candidate_set
/Users/gduby/Documents/autoresearch-trading/v4/logs/paper_trading/2026-05-20/protocol101_no-order-shadow_2026-05-20.jsonl,1872,2026-05-20T18:52:43.076727+00:00,protocol101_no-order-shadow_2026-05-20,paper-submit,,0,false,true,true,false,not_comparable,full_candidate_features;replay_candidate_set
/Users/gduby/Documents/autoresearch-trading/v4/logs/paper_trading/2026-05-20/protocol101_no-order-shadow_2026-05-20.jsonl,1877,2026-05-20T18:52:48.154335+00:00,protocol101_no-order-shadow_2026-05-20,paper-submit,,0,false,true,true,false,not_comparable,full_candidate_features;replay_candidate_set
/Users/gduby/Documents/autoresearch-trading/v4/logs/paper_trading/2026-05-20/protocol101_no-order-shadow_2026-05-20.jsonl,1882,2026-05-20T18:52:53.231937+00:00,protocol101_no-order-shadow_2026-05-20,paper-submit,,0,false,true,true,false,not_comparable,full_candidate_features;replay_candidate_set
/Users/gduby/Documents/autoresearch-trading/v4/logs/paper_trading/2026-05-20/protocol101_no-order-shadow_2026-05-20.jsonl,1891,2026-05-20T18:55:07.981022+00:00,protocol101_no-order-shadow_2026-05-20,paper-submit,,0,false,true,true,false,not_comparable,full_candidate_features;replay_candidate_set
/Users/gduby/Documents/autoresearch-trading/v4/logs/paper_trading/2026-05-20/protocol101_no-order-shadow_2026-05-20.jsonl,1896,2026-05-20T18:55:13.064156+00:00,protocol101_no-order-shadow_2026-05-20,paper-submit,,0,false,true,true,false,not_comparable,full_candidate_features;replay_candidate_set
/Users/gduby/Documents/autoresearch-trading/v4/logs/paper_trading/2026-05-20/protocol101_no-order-shadow_2026-05-20.jsonl,1901,2026-05-20T18:55:18.193997+00:00,protocol101_no-order-shadow_2026-05-20,paper-submit,,0,false,true,true,false,not_comparable,full_candidate_features;replay_candidate_set
/Users/gduby/Documents/autoresearch-trading/v4/logs/paper_trading/2026-05-20/protocol101_no-order-shadow_2026-05-20.jsonl,1910,2026-05-20T18:57:33.778294+00:00,protocol101_no-order-shadow_2026-05-20,paper-submit,,0,false,true,true,false,not_comparable,full_candidate_features;replay_candidate_set
/Users/gduby/Documents/autoresearch-trading/v4/logs/paper_trading/2026-05-20/protocol101_no-order-shadow_2026-05-20.jsonl,1915,2026-05-20T18:57:38.862853+00:00,protocol101_no-order-shadow_2026-05-20,paper-submit,,0,false,true,true,false,not_comparable,full_candidate_features;replay_candidate_set
/Users/gduby/Documents/autoresearch-trading/v4/logs/paper_trading/2026-05-20/protocol101_no-order-shadow_2026-05-20.jsonl,1920,2026-05-20T18:57:43.975956+00:00,protocol101_no-order-shadow_2026-05-20,paper-submit,,0,false,true,true,false,not_comparable,full_candidate_features;replay_candidate_set
/Users/gduby/Documents/autoresearch-trading/v4/logs/paper_trading/2026-05-20/protocol101_no-order-shadow_2026-05-20.jsonl,1929,2026-05-20T18:59:58.682275+00:00,protocol101_no-order-shadow_2026-05-20,paper-submit,,0,false,true,true,false,not_comparable,full_candidate_features;replay_candidate_set
/Users/gduby/Documents/autoresearch-trading/v4/logs/paper_trading/2026-05-20/protocol101_no-order-shadow_2026-05-20.jsonl,1934,2026-05-20T19:00:03.769625+00:00,protocol101_no-order-shadow_2026-05-20,paper-submit,,0,false,true,true,false,not_comparable,full_candidate_features;replay_candidate_set
/Users/gduby/Documents/autoresearch-trading/v4/logs/paper_trading/2026-05-20/protocol101_no-order-shadow_2026-05-20.jsonl,1939,2026-05-20T19:00:08.856001+00:00,protocol101_no-order-shadow_2026-05-20,paper-submit,,0,false,true,true,false,not_comparable,full_candidate_features;replay_candidate_set
/Users/gduby/Documents/autoresearch-trading/v4/logs/paper_trading/2026-05-20/protocol101_no-order-shadow_2026-05-20.jsonl,1948,2026-05-20T19:02:23.740915+00:00,protocol101_no-order-shadow_2026-05-20,paper-submit,,0,false,true,true,false,not_comparable,full_candidate_features;replay_candidate_set
/Users/gduby/Documents/autoresearch-trading/v4/logs/paper_trading/2026-05-20/protocol101_no-order-shadow_2026-05-20.jsonl,1953,2026-05-20T19:02:28.823406+00:00,protocol101_no-order-shadow_2026-05-20,paper-submit,,0,false,true,true,false,not_comparable,full_candidate_features;replay_candidate_set
/Users/gduby/Documents/autoresearch-trading/v4/logs/paper_trading/2026-05-20/protocol101_no-order-shadow_2026-05-20.jsonl,1958,2026-05-20T19:02:33.912814+00:00,protocol101_no-order-shadow_2026-05-20,paper-submit,,0,false,true,true,false,not_comparable,full_candidate_features;replay_candidate_set
/Users/gduby/Documents/autoresearch-trading/v4/logs/paper_trading/2026-05-20/protocol101_no-order-shadow_2026-05-20.jsonl,1967,2026-05-20T19:04:48.616111+00:00,protocol101_no-order-shadow_2026-05-20,paper-submit,,0,false,true,true,false,not_comparable,full_candidate_features;replay_candidate_set
/Users/gduby/Documents/autoresearch-trading/v4/logs/paper_trading/2026-05-20/protocol101_no-order-shadow_2026-05-20.jsonl,1972,2026-05-20T19:04:53.701380+00:00,protocol101_no-order-shadow_2026-05-20,paper-submit,,0,false,true,true,false,not_comparable,full_candidate_features;replay_candidate_set
/Users/gduby/Documents/autoresearch-trading/v4/logs/paper_trading/2026-05-20/protocol101_no-order-shadow_2026-05-20.jsonl,1977,2026-05-20T19:04:58.824485+00:00,protocol101_no-order-shadow_2026-05-20,paper-submit,,0,false,true,true,false,not_comparable,full_candidate_features;replay_candidate_set
/Users/gduby/Documents/autoresearch-trading/v4/logs/paper_trading/2026-05-20/protocol101_no-order-shadow_2026-05-20.jsonl,1986,2026-05-20T19:07:21.112311+00:00,protocol101_no-order-shadow_2026-05-20,paper-submit,,0,false,true,true,false,not_comparable,full_candidate_features;replay_candidate_set
/Users/gduby/Documents/autoresearch-trading/v4/logs/paper_trading/2026-05-20/protocol101_no-order-shadow_2026-05-20.jsonl,1991,2026-05-20T19:07:26.176201+00:00,protocol101_no-order-shadow_2026-05-20,paper-submit,,0,false,true,true,false,not_comparable,full_candidate_features;replay_candidate_set
/Users/gduby/Documents/autoresearch-trading/v4/logs/paper_trading/2026-05-20/protocol101_no-order-shadow_2026-05-20.jsonl,1996,2026-05-20T19:07:31.289038+00:00,protocol101_no-order-shadow_2026-05-20,paper-submit,,0,false,true,true,false,not_comparable,full_candidate_features;replay_candidate_set
/Users/gduby/Documents/autoresearch-trading/v4/logs/paper_trading/2026-05-20/protocol101_no-order-shadow_2026-05-20.jsonl,2005,2026-05-20T19:09:54.793325+00:00,protocol101_no-order-shadow_2026-05-20,paper-submit,,0,false,true,true,false,not_comparable,full_candidate_features;replay_candidate_set
/Users/gduby/Documents/autoresearch-trading/v4/logs/paper_trading/2026-05-20/protocol101_no-order-shadow_2026-05-20.jsonl,2010,2026-05-20T19:09:59.855246+00:00,protocol101_no-order-shadow_2026-05-20,paper-submit,,0,false,true,true,false,not_comparable,full_candidate_features;replay_candidate_set
/Users/gduby/Documents/autoresearch-trading/v4/logs/paper_trading/2026-05-20/protocol101_no-order-shadow_2026-05-20.jsonl,2015,2026-05-20T19:10:04.955877+00:00,protocol101_no-order-shadow_2026-05-20,paper-submit,,0,false,true,true,false,not_comparable,full_candidate_features;replay_candidate_set
/Users/gduby/Documents/autoresearch-trading/v4/logs/paper_trading/2026-05-20/protocol101_no-order-shadow_2026-05-20.jsonl,2024,2026-05-20T19:12:34.638097+00:00,protocol101_no-order-shadow_2026-05-20,paper-submit,,0,false,true,true,false,not_comparable,full_candidate_features;replay_candidate_set
/Users/gduby/Documents/autoresearch-trading/v4/logs/paper_trading/2026-05-20/protocol101_no-order-shadow_2026-05-20.jsonl,2029,2026-05-20T19:12:39.718400+00:00,protocol101_no-order-shadow_2026-05-20,paper-submit,,0,false,true,true,false,not_comparable,full_candidate_features;replay_candidate_set
/Users/gduby/Documents/autoresearch-trading/v4/logs/paper_trading/2026-05-20/protocol101_no-order-shadow_2026-05-20.jsonl,2034,2026-05-20T19:12:44.776697+00:00,protocol101_no-order-shadow_2026-05-20,paper-submit,,0,false,true,true,false,not_comparable,full_candidate_features;replay_candidate_set
/Users/gduby/Documents/autoresearch-trading/v4/logs/paper_trading/2026-05-20/protocol101_no-order-shadow_2026-05-20.jsonl,2043,2026-05-20T19:15:08.217292+00:00,protocol101_no-order-shadow_2026-05-20,paper-submit,,0,false,true,true,false,not_comparable,full_candidate_features;replay_candidate_set
/Users/gduby/Documents/autoresearch-trading/v4/logs/paper_trading/2026-05-20/protocol101_no-order-shadow_2026-05-20.jsonl,2048,2026-05-20T19:15:13.275632+00:00,protocol101_no-order-shadow_2026-05-20,paper-submit,,0,false,true,true,false,not_comparable,full_candidate_features;replay_candidate_set
/Users/gduby/Documents/autoresearch-trading/v4/logs/paper_trading/2026-05-20/protocol101_no-order-shadow_2026-05-20.jsonl,2053,2026-05-20T19:15:18.369679+00:00,protocol101_no-order-shadow_2026-05-20,paper-submit,,0,false,true,true,false,not_comparable,full_candidate_features;replay_candidate_set
/Users/gduby/Documents/autoresearch-trading/v4/logs/paper_trading/2026-05-20/protocol101_no-order-shadow_2026-05-20.jsonl,2062,2026-05-20T19:17:42.662469+00:00,protocol101_no-order-shadow_2026-05-20,paper-submit,,0,false,true,true,false,not_comparable,full_candidate_features;replay_candidate_set
/Users/gduby/Documents/autoresearch-trading/v4/logs/paper_trading/2026-05-20/protocol101_no-order-shadow_2026-05-20.jsonl,2067,2026-05-20T19:17:47.753038+00:00,protocol101_no-order-shadow_2026-05-20,paper-submit,,0,false,true,true,false,not_comparable,full_candidate_features;replay_candidate_set
/Users/gduby/Documents/autoresearch-trading/v4/logs/paper_trading/2026-05-20/protocol101_no-order-shadow_2026-05-20.jsonl,2072,2026-05-20T19:17:52.815892+00:00,protocol101_no-order-shadow_2026-05-20,paper-submit,,0,false,true,true,false,not_comparable,full_candidate_features;replay_candidate_set
/Users/gduby/Documents/autoresearch-trading/v4/logs/paper_trading/2026-05-20/protocol101_no-order-shadow_2026-05-20.jsonl,2081,2026-05-20T19:20:42.061156+00:00,protocol101_no-order-shadow_2026-05-20,paper-submit,,0,false,true,true,false,not_comparable,full_candidate_features;replay_candidate_set
/Users/gduby/Documents/autoresearch-trading/v4/logs/paper_trading/2026-05-20/protocol101_no-order-shadow_2026-05-20.jsonl,2086,2026-05-20T19:20:47.142474+00:00,protocol101_no-order-shadow_2026-05-20,paper-submit,,0,false,true,true,false,not_comparable,full_candidate_features;replay_candidate_set
/Users/gduby/Documents/autoresearch-trading/v4/logs/paper_trading/2026-05-20/protocol101_no-order-shadow_2026-05-20.jsonl,2091,2026-05-20T19:20:52.222721+00:00,protocol101_no-order-shadow_2026-05-20,paper-submit,,0,false,true,true,false,not_comparable,full_candidate_features;replay_candidate_set
/Users/gduby/Documents/autoresearch-trading/v4/logs/paper_trading/2026-05-20/protocol101_no-order-shadow_2026-05-20.jsonl,2100,2026-05-20T19:23:07.185506+00:00,protocol101_no-order-shadow_2026-05-20,paper-submit,,0,false,true,true,false,not_comparable,full_candidate_features;replay_candidate_set
/Users/gduby/Documents/autoresearch-trading/v4/logs/paper_trading/2026-05-20/protocol101_no-order-shadow_2026-05-20.jsonl,2105,2026-05-20T19:23:12.265743+00:00,protocol101_no-order-shadow_2026-05-20,paper-submit,,0,false,true,true,false,not_comparable,full_candidate_features;replay_candidate_set
/Users/gduby/Documents/autoresearch-trading/v4/logs/paper_trading/2026-05-20/protocol101_no-order-shadow_2026-05-20.jsonl,2110,2026-05-20T19:23:17.374924+00:00,protocol101_no-order-shadow_2026-05-20,paper-submit,,0,false,true,true,false,not_comparable,full_candidate_features;replay_candidate_set
/Users/gduby/Documents/autoresearch-trading/v4/logs/paper_trading/2026-05-20/protocol101_no-order-shadow_2026-05-20.jsonl,2119,2026-05-20T19:25:32.126647+00:00,protocol101_no-order-shadow_2026-05-20,paper-submit,,0,false,true,true,false,not_comparable,full_candidate_features;replay_candidate_set
/Users/gduby/Documents/autoresearch-trading/v4/logs/paper_trading/2026-05-20/protocol101_no-order-shadow_2026-05-20.jsonl,2124,2026-05-20T19:25:37.207857+00:00,protocol101_no-order-shadow_2026-05-20,paper-submit,,0,false,true,true,false,not_comparable,full_candidate_features;replay_candidate_set
/Users/gduby/Documents/autoresearch-trading/v4/logs/paper_trading/2026-05-20/protocol101_no-order-shadow_2026-05-20.jsonl,2129,2026-05-20T19:25:42.312198+00:00,protocol101_no-order-shadow_2026-05-20,paper-submit,,0,false,true,true,false,not_comparable,full_candidate_features;replay_candidate_set
/Users/gduby/Documents/autoresearch-trading/v4/logs/paper_trading/2026-05-20/protocol101_no-order-shadow_2026-05-20.jsonl,2138,2026-05-20T19:27:58.666872+00:00,protocol101_no-order-shadow_2026-05-20,paper-submit,,0,false,true,true,false,not_comparable,full_candidate_features;replay_candidate_set
/Users/gduby/Documents/autoresearch-trading/v4/logs/paper_trading/2026-05-20/protocol101_no-order-shadow_2026-05-20.jsonl,2143,2026-05-20T19:28:03.748626+00:00,protocol101_no-order-shadow_2026-05-20,paper-submit,,0,false,true,true,false,not_comparable,full_candidate_features;replay_candidate_set
/Users/gduby/Documents/autoresearch-trading/v4/logs/paper_trading/2026-05-20/protocol101_no-order-shadow_2026-05-20.jsonl,2148,2026-05-20T19:28:08.891663+00:00,protocol101_no-order-shadow_2026-05-20,paper-submit,,0,false,true,true,false,not_comparable,full_candidate_features;replay_candidate_set
/Users/gduby/Documents/autoresearch-trading/v4/logs/paper_trading/2026-05-20/protocol101_no-order-shadow_2026-05-20.jsonl,2157,2026-05-20T19:30:23.793571+00:00,protocol101_no-order-shadow_2026-05-20,paper-submit,,0,false,true,true,false,not_comparable,full_candidate_features;replay_candidate_set
/Users/gduby/Documents/autoresearch-trading/v4/logs/paper_trading/2026-05-20/protocol101_no-order-shadow_2026-05-20.jsonl,2162,2026-05-20T19:30:28.869482+00:00,protocol101_no-order-shadow_2026-05-20,paper-submit,,0,false,true,true,false,not_comparable,full_candidate_features;replay_candidate_set
/Users/gduby/Documents/autoresearch-trading/v4/logs/paper_trading/2026-05-20/protocol101_no-order-shadow_2026-05-20.jsonl,2167,2026-05-20T19:30:33.990504+00:00,protocol101_no-order-shadow_2026-05-20,paper-submit,,0,false,true,true,false,not_comparable,full_candidate_features;replay_candidate_set
/Users/gduby/Documents/autoresearch-trading/v4/logs/paper_trading/2026-05-20/protocol101_no-order-shadow_2026-05-20.jsonl,2176,2026-05-20T19:32:48.938511+00:00,protocol101_no-order-shadow_2026-05-20,paper-submit,,0,false,true,true,false,not_comparable,full_candidate_features;replay_candidate_set
/Users/gduby/Documents/autoresearch-trading/v4/logs/paper_trading/2026-05-20/protocol101_no-order-shadow_2026-05-20.jsonl,2181,2026-05-20T19:32:54.023885+00:00,protocol101_no-order-shadow_2026-05-20,paper-submit,,0,false,true,true,false,not_comparable,full_candidate_features;replay_candidate_set
/Users/gduby/Documents/autoresearch-trading/v4/logs/paper_trading/2026-05-20/protocol101_no-order-shadow_2026-05-20.jsonl,2186,2026-05-20T19:32:59.109941+00:00,protocol101_no-order-shadow_2026-05-20,paper-submit,,0,false,true,true,false,not_comparable,full_candidate_features;replay_candidate_set
/Users/gduby/Documents/autoresearch-trading/v4/logs/paper_trading/2026-05-20/protocol101_no-order-shadow_2026-05-20.jsonl,2195,2026-05-20T19:35:14.616902+00:00,protocol101_no-order-shadow_2026-05-20,paper-submit,,0,false,true,true,false,not_comparable,full_candidate_features;replay_candidate_set
/Users/gduby/Documents/autoresearch-trading/v4/logs/paper_trading/2026-05-20/protocol101_no-order-shadow_2026-05-20.jsonl,2200,2026-05-20T19:35:19.699632+00:00,protocol101_no-order-shadow_2026-05-20,paper-submit,,0,false,true,true,false,not_comparable,full_candidate_features;replay_candidate_set
/Users/gduby/Documents/autoresearch-trading/v4/logs/paper_trading/2026-05-20/protocol101_no-order-shadow_2026-05-20.jsonl,2205,2026-05-20T19:35:24.774256+00:00,protocol101_no-order-shadow_2026-05-20,paper-submit,,0,false,true,true,false,not_comparable,full_candidate_features;replay_candidate_set
/Users/gduby/Documents/autoresearch-trading/v4/logs/paper_trading/2026-05-20/protocol101_no-order-shadow_2026-05-20.jsonl,2214,2026-05-20T19:37:39.544947+00:00,protocol101_no-order-shadow_2026-05-20,paper-submit,,0,false,true,true,false,not_comparable,full_candidate_features;replay_candidate_set
/Users/gduby/Documents/autoresearch-trading/v4/logs/paper_trading/2026-05-20/protocol101_no-order-shadow_2026-05-20.jsonl,2219,2026-05-20T19:37:44.608746+00:00,protocol101_no-order-shadow_2026-05-20,paper-submit,,0,false,true,true,false,not_comparable,full_candidate_features;replay_candidate_set
/Users/gduby/Documents/autoresearch-trading/v4/logs/paper_trading/2026-05-20/protocol101_no-order-shadow_2026-05-20.jsonl,2224,2026-05-20T19:37:49.744279+00:00,protocol101_no-order-shadow_2026-05-20,paper-submit,,0,false,true,true,false,not_comparable,full_candidate_features;replay_candidate_set
/Users/gduby/Documents/autoresearch-trading/v4/logs/paper_trading/2026-05-20/protocol101_no-order-shadow_2026-05-20.jsonl,2233,2026-05-20T19:40:04.330086+00:00,protocol101_no-order-shadow_2026-05-20,paper-submit,,0,false,true,true,false,not_comparable,full_candidate_features;replay_candidate_set
/Users/gduby/Documents/autoresearch-trading/v4/logs/paper_trading/2026-05-20/protocol101_no-order-shadow_2026-05-20.jsonl,2238,2026-05-20T19:40:09.409516+00:00,protocol101_no-order-shadow_2026-05-20,paper-submit,,0,false,true,true,false,not_comparable,full_candidate_features;replay_candidate_set
/Users/gduby/Documents/autoresearch-trading/v4/logs/paper_trading/2026-05-20/protocol101_no-order-shadow_2026-05-20.jsonl,2243,2026-05-20T19:40:14.517570+00:00,protocol101_no-order-shadow_2026-05-20,paper-submit,,0,false,true,true,false,not_comparable,full_candidate_features;replay_candidate_set
/Users/gduby/Documents/autoresearch-trading/v4/logs/paper_trading/2026-05-20/protocol101_no-order-shadow_2026-05-20.jsonl,2252,2026-05-20T19:42:29.078623+00:00,protocol101_no-order-shadow_2026-05-20,paper-submit,,0,false,true,true,false,not_comparable,full_candidate_features;replay_candidate_set
/Users/gduby/Documents/autoresearch-trading/v4/logs/paper_trading/2026-05-20/protocol101_no-order-shadow_2026-05-20.jsonl,2257,2026-05-20T19:42:34.160392+00:00,protocol101_no-order-shadow_2026-05-20,paper-submit,,0,false,true,true,false,not_comparable,full_candidate_features;replay_candidate_set
/Users/gduby/Documents/autoresearch-trading/v4/logs/paper_trading/2026-05-20/protocol101_no-order-shadow_2026-05-20.jsonl,2262,2026-05-20T19:42:39.239497+00:00,protocol101_no-order-shadow_2026-05-20,paper-submit,,0,false,true,true,false,not_comparable,full_candidate_features;replay_candidate_set
/Users/gduby/Documents/autoresearch-trading/v4/logs/paper_trading/2026-05-20/protocol101_no-order-shadow_2026-05-20.jsonl,2271,2026-05-20T19:44:53.528277+00:00,protocol101_no-order-shadow_2026-05-20,paper-submit,,0,false,true,true,false,not_comparable,full_candidate_features;replay_candidate_set
/Users/gduby/Documents/autoresearch-trading/v4/logs/paper_trading/2026-05-20/protocol101_no-order-shadow_2026-05-20.jsonl,2276,2026-05-20T19:44:58.602190+00:00,protocol101_no-order-shadow_2026-05-20,paper-submit,,0,false,true,true,false,not_comparable,full_candidate_features;replay_candidate_set
/Users/gduby/Documents/autoresearch-trading/v4/logs/paper_trading/2026-05-20/protocol101_no-order-shadow_2026-05-20.jsonl,2281,2026-05-20T19:45:03.680136+00:00,protocol101_no-order-shadow_2026-05-20,paper-submit,,0,false,true,true,false,not_comparable,full_candidate_features;replay_candidate_set
/Users/gduby/Documents/autoresearch-trading/v4/logs/paper_trading/2026-05-20/protocol101_no-order-shadow_2026-05-20.jsonl,2290,2026-05-20T19:47:17.884022+00:00,protocol101_no-order-shadow_2026-05-20,paper-submit,,0,false,true,true,false,not_comparable,full_candidate_features;replay_candidate_set
/Users/gduby/Documents/autoresearch-trading/v4/logs/paper_trading/2026-05-20/protocol101_no-order-shadow_2026-05-20.jsonl,2295,2026-05-20T19:47:22.970729+00:00,protocol101_no-order-shadow_2026-05-20,paper-submit,,0,false,true,true,false,not_comparable,full_candidate_features;replay_candidate_set
/Users/gduby/Documents/autoresearch-trading/v4/logs/paper_trading/2026-05-20/protocol101_no-order-shadow_2026-05-20.jsonl,2300,2026-05-20T19:47:28.069019+00:00,protocol101_no-order-shadow_2026-05-20,paper-submit,,0,false,true,true,false,not_comparable,full_candidate_features;replay_candidate_set
/Users/gduby/Documents/autoresearch-trading/v4/logs/paper_trading/2026-05-20/protocol101_no-order-shadow_2026-05-20.jsonl,2309,2026-05-20T19:49:56.235124+00:00,protocol101_no-order-shadow_2026-05-20,paper-submit,,0,false,true,true,false,not_comparable,full_candidate_features;replay_candidate_set
/Users/gduby/Documents/autoresearch-trading/v4/logs/paper_trading/2026-05-20/protocol101_no-order-shadow_2026-05-20.jsonl,2314,2026-05-20T19:50:01.304225+00:00,protocol101_no-order-shadow_2026-05-20,paper-submit,,0,false,true,true,false,not_comparable,full_candidate_features;replay_candidate_set
/Users/gduby/Documents/autoresearch-trading/v4/logs/paper_trading/2026-05-20/protocol101_no-order-shadow_2026-05-20.jsonl,2319,2026-05-20T19:50:06.449366+00:00,protocol101_no-order-shadow_2026-05-20,paper-submit,,0,false,true,true,false,not_comparable,full_candidate_features;replay_candidate_set
/Users/gduby/Documents/autoresearch-trading/v4/logs/paper_trading/2026-05-20/protocol101_no-order-shadow_2026-05-20.jsonl,2328,2026-05-20T19:52:48.295873+00:00,protocol101_no-order-shadow_2026-05-20,paper-submit,,0,false,true,true,false,not_comparable,full_candidate_features;replay_candidate_set
/Users/gduby/Documents/autoresearch-trading/v4/logs/paper_trading/2026-05-20/protocol101_no-order-shadow_2026-05-20.jsonl,2333,2026-05-20T19:52:53.347680+00:00,protocol101_no-order-shadow_2026-05-20,paper-submit,,0,false,true,true,false,not_comparable,full_candidate_features;replay_candidate_set
/Users/gduby/Documents/autoresearch-trading/v4/logs/paper_trading/2026-05-20/protocol101_no-order-shadow_2026-05-20.jsonl,2338,2026-05-20T19:52:58.398987+00:00,protocol101_no-order-shadow_2026-05-20,paper-submit,,0,false,true,true,false,not_comparable,full_candidate_features;replay_candidate_set
/Users/gduby/Documents/autoresearch-trading/v4/logs/paper_trading/2026-05-20/protocol101_no-order-shadow_2026-05-20.jsonl,2347,2026-05-20T19:55:37.093021+00:00,protocol101_no-order-shadow_2026-05-20,paper-submit,,0,false,true,true,false,not_comparable,full_candidate_features;replay_candidate_set
/Users/gduby/Documents/autoresearch-trading/v4/logs/paper_trading/2026-05-20/protocol101_no-order-shadow_2026-05-20.jsonl,2352,2026-05-20T19:55:42.197497+00:00,protocol101_no-order-shadow_2026-05-20,paper-submit,,0,false,true,true,false,not_comparable,full_candidate_features;replay_candidate_set
/Users/gduby/Documents/autoresearch-trading/v4/logs/paper_trading/2026-05-20/protocol101_no-order-shadow_2026-05-20.jsonl,2357,2026-05-20T19:55:47.250470+00:00,protocol101_no-order-shadow_2026-05-20,paper-submit,,0,false,true,true,false,not_comparable,full_candidate_features;replay_candidate_set
/Users/gduby/Documents/autoresearch-trading/v4/logs/paper_trading/2026-05-20/protocol101_no-order-shadow_2026-05-20.jsonl,2366,2026-05-20T19:58:09.597941+00:00,protocol101_no-order-shadow_2026-05-20,paper-submit,,0,false,true,true,false,not_comparable,full_candidate_features;replay_candidate_set
/Users/gduby/Documents/autoresearch-trading/v4/logs/paper_trading/2026-05-20/protocol101_no-order-shadow_2026-05-20.jsonl,2371,2026-05-20T19:58:14.681606+00:00,protocol101_no-order-shadow_2026-05-20,paper-submit,,0,false,true,true,false,not_comparable,full_candidate_features;replay_candidate_set
/Users/gduby/Documents/autoresearch-trading/v4/logs/paper_trading/2026-05-20/protocol101_no-order-shadow_2026-05-20.jsonl,2376,2026-05-20T19:58:19.821098+00:00,protocol101_no-order-shadow_2026-05-20,paper-submit,,0,false,true,true,false,not_comparable,full_candidate_features;replay_candidate_set
/Users/gduby/Documents/autoresearch-trading/v4/logs/paper_trading/2026-05-20/protocol101_persistent_smoke_2026-05-20.jsonl,8,2026-05-20T19:59:13.595860+00:00,protocol101_persistent_smoke_2026-05-20,intent-shadow,,0,false,true,true,false,not_comparable,full_candidate_features;replay_candidate_set
/Users/gduby/Documents/autoresearch-trading/v4/logs/paper_trading/2026-05-21/protocol101_persistent-paper_2026-05-21.jsonl,9,2026-05-21T13:31:00.339532+00:00,protocol101_persistent-paper_2026-05-21,paper-submit,,0,false,false,true,false,not_comparable,full_candidate_features;surface_scores;replay_candidate_set
/Users/gduby/Documents/autoresearch-trading/v4/logs/paper_trading/2026-05-21/protocol101_persistent-paper_2026-05-21.jsonl,17,2026-05-21T13:32:00.498909+00:00,protocol101_persistent-paper_2026-05-21,paper-submit,,0,false,false,true,false,not_comparable,full_candidate_features;surface_scores;replay_candidate_set
/Users/gduby/Documents/autoresearch-trading/v4/logs/paper_trading/2026-05-21/protocol101_persistent-paper_2026-05-21.jsonl,25,2026-05-21T13:33:00.541022+00:00,protocol101_persistent-paper_2026-05-21,paper-submit,,0,false,false,true,false,not_comparable,full_candidate_features;surface_scores;replay_candidate_set
/Users/gduby/Documents/autoresearch-trading/v4/logs/paper_trading/2026-05-21/protocol101_persistent-paper_2026-05-21.jsonl,33,2026-05-21T13:34:00.680726+00:00,protocol101_persistent-paper_2026-05-21,paper-submit,,0,false,false,true,false,not_comparable,full_candidate_features;surface_scores;replay_candidate_set
/Users/gduby/Documents/autoresearch-trading/v4/logs/paper_trading/2026-05-21/protocol101_persistent-paper_2026-05-21.jsonl,41,2026-05-21T13:35:00.718333+00:00,protocol101_persistent-paper_2026-05-21,paper-submit,,0,false,false,true,false,not_comparable,full_candidate_features;surface_scores;replay_candidate_set
/Users/gduby/Documents/autoresearch-trading/v4/logs/paper_trading/2026-05-21/protocol101_persistent-paper_2026-05-21.jsonl,49,2026-05-21T13:36:00.874475+00:00,protocol101_persistent-paper_2026-05-21,paper-submit,,0,false,false,true,false,not_comparable,full_candidate_features;surface_scores;replay_candidate_set
/Users/gduby/Documents/autoresearch-trading/v4/logs/paper_trading/2026-05-21/protocol101_persistent-paper_2026-05-21.jsonl,57,2026-05-21T13:37:00.897636+00:00,protocol101_persistent-paper_2026-05-21,paper-submit,,0,false,false,true,false,not_comparable,full_candidate_features;surface_scores;replay_candidate_set
/Users/gduby/Documents/autoresearch-trading/v4/logs/paper_trading/2026-05-21/protocol101_persistent-paper_2026-05-21.jsonl,65,2026-05-21T13:38:00.935998+00:00,protocol101_persistent-paper_2026-05-21,paper-submit,,0,false,false,true,false,not_comparable,full_candidate_features;surface_scores;replay_candidate_set
/Users/gduby/Documents/autoresearch-trading/v4/logs/paper_trading/2026-05-21/protocol101_persistent-paper_2026-05-21.jsonl,73,2026-05-21T13:39:00.120644+00:00,protocol101_persistent-paper_2026-05-21,paper-submit,,0,false,false,true,false,not_comparable,full_candidate_features;surface_scores;replay_candidate_set
/Users/gduby/Documents/autoresearch-trading/v4/logs/paper_trading/2026-05-21/protocol101_persistent-paper_2026-05-21.jsonl,81,2026-05-21T13:40:00.245323+00:00,protocol101_persistent-paper_2026-05-21,paper-submit,,0,false,false,true,false,not_comparable,full_candidate_features;surface_scores;replay_candidate_set
/Users/gduby/Documents/autoresearch-trading/v4/logs/paper_trading/2026-05-21/protocol101_persistent-paper_2026-05-21.jsonl,89,2026-05-21T13:41:00.399729+00:00,protocol101_persistent-paper_2026-05-21,paper-submit,,0,false,false,true,false,not_comparable,full_candidate_features;surface_scores;replay_candidate_set
/Users/gduby/Documents/autoresearch-trading/v4/logs/paper_trading/2026-05-21/protocol101_persistent-paper_2026-05-21.jsonl,97,2026-05-21T13:42:00.500612+00:00,protocol101_persistent-paper_2026-05-21,paper-submit,,0,false,false,true,false,not_comparable,full_candidate_features;surface_scores;replay_candidate_set
/Users/gduby/Documents/autoresearch-trading/v4/logs/paper_trading/2026-05-21/protocol101_persistent-paper_2026-05-21.jsonl,105,2026-05-21T13:43:00.661715+00:00,protocol101_persistent-paper_2026-05-21,paper-submit,,0,false,false,true,false,not_comparable,full_candidate_features;surface_scores;replay_candidate_set
/Users/gduby/Documents/autoresearch-trading/v4/logs/paper_trading/2026-05-21/protocol101_persistent-paper_2026-05-21.jsonl,113,2026-05-21T13:44:00.834797+00:00,protocol101_persistent-paper_2026-05-21,paper-submit,,0,false,false,true,false,not_comparable,full_candidate_features;surface_scores;replay_candidate_set
/Users/gduby/Documents/autoresearch-trading/v4/logs/paper_trading/2026-05-21/protocol101_persistent-paper_2026-05-21.jsonl,121,2026-05-21T13:45:00.910142+00:00,protocol101_persistent-paper_2026-05-21,paper-submit,,0,false,false,true,false,not_comparable,full_candidate_features;surface_scores;replay_candidate_set
/Users/gduby/Documents/autoresearch-trading/v4/logs/paper_trading/2026-05-21/protocol101_persistent-paper_2026-05-21.jsonl,129,2026-05-21T13:46:01.012625+00:00,protocol101_persistent-paper_2026-05-21,paper-submit,,0,false,false,true,false,not_comparable,full_candidate_features;surface_scores;replay_candidate_set
/Users/gduby/Documents/autoresearch-trading/v4/logs/paper_trading/2026-05-21/protocol101_persistent-paper_2026-05-21.jsonl,137,2026-05-21T13:47:00.121951+00:00,protocol101_persistent-paper_2026-05-21,paper-submit,,0,false,false,true,false,not_comparable,full_candidate_features;surface_scores;replay_candidate_set
/Users/gduby/Documents/autoresearch-trading/v4/logs/paper_trading/2026-05-21/protocol101_persistent-paper_2026-05-21.jsonl,145,2026-05-21T13:48:03.284384+00:00,protocol101_persistent-paper_2026-05-21,paper-submit,,0,false,false,true,false,not_comparable,full_candidate_features;surface_scores;replay_candidate_set
/Users/gduby/Documents/autoresearch-trading/v4/logs/paper_trading/2026-05-21/protocol101_persistent-paper_2026-05-21.jsonl,151,2026-05-21T13:49:00.457582+00:00,protocol101_persistent-paper_2026-05-21,paper-submit,,0,false,false,true,false,not_comparable,full_candidate_features;surface_scores;replay_candidate_set
/Users/gduby/Documents/autoresearch-trading/v4/logs/paper_trading/2026-05-21/protocol101_persistent-paper_2026-05-21.jsonl,159,2026-05-21T13:50:00.587359+00:00,protocol101_persistent-paper_2026-05-21,paper-submit,,0,false,false,true,false,not_comparable,full_candidate_features;surface_scores;replay_candidate_set
/Users/gduby/Documents/autoresearch-trading/v4/logs/paper_trading/2026-05-21/protocol101_persistent-paper_2026-05-21.jsonl,167,2026-05-21T13:51:00.712730+00:00,protocol101_persistent-paper_2026-05-21,paper-submit,,0,false,false,true,false,not_comparable,full_candidate_features;surface_scores;replay_candidate_set
/Users/gduby/Documents/autoresearch-trading/v4/logs/paper_trading/2026-05-21/protocol101_persistent-paper_2026-05-21.jsonl,175,2026-05-21T13:52:00.707182+00:00,protocol101_persistent-paper_2026-05-21,paper-submit,,0,false,false,true,false,not_comparable,full_candidate_features;surface_scores;replay_candidate_set
/Users/gduby/Documents/autoresearch-trading/v4/logs/paper_trading/2026-05-21/protocol101_persistent-paper_2026-05-21.jsonl,183,2026-05-21T13:53:00.105028+00:00,protocol101_persistent-paper_2026-05-21,paper-submit,,0,false,false,true,false,not_comparable,full_candidate_features;surface_scores;replay_candidate_set
/Users/gduby/Documents/autoresearch-trading/v4/logs/paper_trading/2026-05-21/protocol101_persistent-paper_2026-05-21.jsonl,191,2026-05-21T13:54:00.511500+00:00,protocol101_persistent-paper_2026-05-21,paper-submit,,0,false,false,true,false,not_comparable,full_candidate_features;surface_scores;replay_candidate_set
/Users/gduby/Documents/autoresearch-trading/v4/logs/paper_trading/2026-05-21/protocol101_persistent-paper_2026-05-21.jsonl,199,2026-05-21T13:55:00.704686+00:00,protocol101_persistent-paper_2026-05-21,paper-submit,,0,false,false,true,false,not_comparable,full_candidate_features;surface_scores;replay_candidate_set
/Users/gduby/Documents/autoresearch-trading/v4/logs/paper_trading/2026-05-21/protocol101_persistent-paper_2026-05-21.jsonl,207,2026-05-21T13:56:00.974764+00:00,protocol101_persistent-paper_2026-05-21,paper-submit,,0,false,false,true,false,not_comparable,full_candidate_features;surface_scores;replay_candidate_set
/Users/gduby/Documents/autoresearch-trading/v4/logs/paper_trading/2026-05-21/protocol101_persistent-paper_2026-05-21.jsonl,215,2026-05-21T13:57:00.274905+00:00,protocol101_persistent-paper_2026-05-21,paper-submit,,0,false,false,true,false,not_comparable,full_candidate_features;surface_scores;replay_candidate_set
/Users/gduby/Documents/autoresearch-trading/v4/logs/paper_trading/2026-05-21/protocol101_persistent-paper_2026-05-21.jsonl,222,2026-05-21T13:58:00.379328+00:00,protocol101_persistent-paper_2026-05-21,paper-submit,,0,false,false,true,false,not_comparable,full_candidate_features;surface_scores;replay_candidate_set
/Users/gduby/Documents/autoresearch-trading/v4/logs/paper_trading/2026-05-21/protocol101_persistent-paper_2026-05-21.jsonl,230,2026-05-21T13:59:00.611470+00:00,protocol101_persistent-paper_2026-05-21,paper-submit,,0,false,false,true,false,not_comparable,full_candidate_features;surface_scores;replay_candidate_set
/Users/gduby/Documents/autoresearch-trading/v4/logs/paper_trading/2026-05-21/protocol101_persistent-paper_2026-05-21.jsonl,238,2026-05-21T14:00:00.728053+00:00,protocol101_persistent-paper_2026-05-21,paper-submit,,0,false,false,true,false,not_comparable,full_candidate_features;surface_scores;replay_candidate_set
/Users/gduby/Documents/autoresearch-trading/v4/logs/paper_trading/2026-05-21/protocol101_persistent-paper_2026-05-21.jsonl,246,2026-05-21T14:01:00.857966+00:00,protocol101_persistent-paper_2026-05-21,paper-submit,,0,false,true,true,false,not_comparable,full_candidate_features;replay_candidate_set
/Users/gduby/Documents/autoresearch-trading/v4/logs/paper_trading/2026-05-21/protocol101_persistent-paper_2026-05-21.jsonl,254,2026-05-21T14:02:00.930529+00:00,protocol101_persistent-paper_2026-05-21,paper-submit,,0,false,true,true,false,not_comparable,full_candidate_features;replay_candidate_set
/Users/gduby/Documents/autoresearch-trading/v4/logs/paper_trading/2026-05-21/protocol101_persistent-paper_2026-05-21.jsonl,262,2026-05-21T14:03:00.346867+00:00,protocol101_persistent-paper_2026-05-21,paper-submit,,0,false,true,true,false,not_comparable,full_candidate_features;replay_candidate_set
/Users/gduby/Documents/autoresearch-trading/v4/logs/paper_trading/2026-05-21/protocol101_persistent-paper_2026-05-21.jsonl,270,2026-05-21T14:04:00.599012+00:00,protocol101_persistent-paper_2026-05-21,paper-submit,,0,false,true,true,false,not_comparable,full_candidate_features;replay_candidate_set
/Users/gduby/Documents/autoresearch-trading/v4/logs/paper_trading/2026-05-21/protocol101_persistent-paper_2026-05-21.jsonl,278,2026-05-21T14:05:00.662410+00:00,protocol101_persistent-paper_2026-05-21,paper-submit,,0,false,true,true,false,not_comparable,full_candidate_features;replay_candidate_set
/Users/gduby/Documents/autoresearch-trading/v4/logs/paper_trading/2026-05-21/protocol101_persistent-paper_2026-05-21.jsonl,286,2026-05-21T14:06:00.878895+00:00,protocol101_persistent-paper_2026-05-21,paper-submit,,0,false,true,true,false,not_comparable,full_candidate_features;replay_candidate_set
/Users/gduby/Documents/autoresearch-trading/v4/logs/paper_trading/2026-05-21/protocol101_persistent-paper_2026-05-21.jsonl,294,2026-05-21T14:07:01.013197+00:00,protocol101_persistent-paper_2026-05-21,paper-submit,,0,false,true,true,false,not_comparable,full_candidate_features;replay_candidate_set
/Users/gduby/Documents/autoresearch-trading/v4/logs/paper_trading/2026-05-21/protocol101_persistent-paper_2026-05-21.jsonl,302,2026-05-21T14:08:03.226876+00:00,protocol101_persistent-paper_2026-05-21,paper-submit,,0,false,true,true,false,not_comparable,full_candidate_features;replay_candidate_set
/Users/gduby/Documents/autoresearch-trading/v4/logs/paper_trading/2026-05-21/protocol101_persistent-paper_2026-05-21.jsonl,308,2026-05-21T14:09:00.469213+00:00,protocol101_persistent-paper_2026-05-21,paper-submit,,0,false,true,true,false,not_comparable,full_candidate_features;replay_candidate_set
/Users/gduby/Documents/autoresearch-trading/v4/logs/paper_trading/2026-05-21/protocol101_persistent-paper_2026-05-21.jsonl,316,2026-05-21T14:10:00.599792+00:00,protocol101_persistent-paper_2026-05-21,paper-submit,,0,false,true,true,false,not_comparable,full_candidate_features;replay_candidate_set
/Users/gduby/Documents/autoresearch-trading/v4/logs/paper_trading/2026-05-21/protocol101_persistent-paper_2026-05-21.jsonl,324,2026-05-21T14:11:00.770928+00:00,protocol101_persistent-paper_2026-05-21,paper-submit,,0,false,true,true,false,not_comparable,full_candidate_features;replay_candidate_set
/Users/gduby/Documents/autoresearch-trading/v4/logs/paper_trading/2026-05-21/protocol101_persistent-paper_2026-05-21.jsonl,332,2026-05-21T14:12:00.997699+00:00,protocol101_persistent-paper_2026-05-21,paper-submit,,0,false,true,true,false,not_comparable,full_candidate_features;replay_candidate_set
/Users/gduby/Documents/autoresearch-trading/v4/logs/paper_trading/2026-05-21/protocol101_persistent-paper_2026-05-21.jsonl,340,2026-05-21T14:13:00.093864+00:00,protocol101_persistent-paper_2026-05-21,paper-submit,,0,false,true,true,false,not_comparable,full_candidate_features;replay_candidate_set
/Users/gduby/Documents/autoresearch-trading/v4/logs/paper_trading/2026-05-21/protocol101_persistent-paper_2026-05-21.jsonl,348,2026-05-21T14:14:00.268966+00:00,protocol101_persistent-paper_2026-05-21,paper-submit,,0,false,true,true,false,not_comparable,full_candidate_features;replay_candidate_set
/Users/gduby/Documents/autoresearch-trading/v4/logs/paper_trading/2026-05-21/protocol101_persistent-paper_2026-05-21.jsonl,356,2026-05-21T14:15:00.301096+00:00,protocol101_persistent-paper_2026-05-21,paper-submit,,0,false,true,true,false,not_comparable,full_candidate_features;replay_candidate_set
/Users/gduby/Documents/autoresearch-trading/v4/logs/paper_trading/2026-05-21/protocol101_persistent-paper_2026-05-21.jsonl,364,2026-05-21T14:16:00.459182+00:00,protocol101_persistent-paper_2026-05-21,paper-submit,,0,false,true,true,false,not_comparable,full_candidate_features;replay_candidate_set
/Users/gduby/Documents/autoresearch-trading/v4/logs/paper_trading/2026-05-21/protocol101_persistent-paper_2026-05-21.jsonl,372,2026-05-21T14:17:00.546248+00:00,protocol101_persistent-paper_2026-05-21,paper-submit,,0,false,true,true,false,not_comparable,full_candidate_features;replay_candidate_set
/Users/gduby/Documents/autoresearch-trading/v4/logs/paper_trading/2026-05-21/protocol101_persistent-paper_2026-05-21.jsonl,379,2026-05-21T14:18:00.714562+00:00,protocol101_persistent-paper_2026-05-21,paper-submit,,0,false,true,true,false,not_comparable,full_candidate_features;replay_candidate_set
/Users/gduby/Documents/autoresearch-trading/v4/logs/paper_trading/2026-05-21/protocol101_persistent-paper_2026-05-21.jsonl,387,2026-05-21T14:19:00.882520+00:00,protocol101_persistent-paper_2026-05-21,paper-submit,,0,false,true,true,false,not_comparable,full_candidate_features;replay_candidate_set
/Users/gduby/Documents/autoresearch-trading/v4/logs/paper_trading/2026-05-21/protocol101_persistent-paper_2026-05-21.jsonl,395,2026-05-21T14:20:00.974578+00:00,protocol101_persistent-paper_2026-05-21,paper-submit,,0,false,true,true,false,not_comparable,full_candidate_features;replay_candidate_set
/Users/gduby/Documents/autoresearch-trading/v4/logs/paper_trading/2026-05-21/protocol101_persistent-paper_2026-05-21.jsonl,403,2026-05-21T14:21:01.030760+00:00,protocol101_persistent-paper_2026-05-21,paper-submit,,0,false,true,true,false,not_comparable,full_candidate_features;replay_candidate_set
/Users/gduby/Documents/autoresearch-trading/v4/logs/paper_trading/2026-05-21/protocol101_persistent-paper_2026-05-21.jsonl,411,2026-05-21T14:22:01.020162+00:00,protocol101_persistent-paper_2026-05-21,paper-submit,,0,false,true,true,false,not_comparable,full_candidate_features;replay_candidate_set
/Users/gduby/Documents/autoresearch-trading/v4/logs/paper_trading/2026-05-21/protocol101_persistent-paper_2026-05-21.jsonl,419,2026-05-21T14:23:00.260751+00:00,protocol101_persistent-paper_2026-05-21,paper-submit,,0,false,true,true,false,not_comparable,full_candidate_features;replay_candidate_set
/Users/gduby/Documents/autoresearch-trading/v4/logs/paper_trading/2026-05-21/protocol101_persistent-paper_2026-05-21.jsonl,427,2026-05-21T14:24:00.266361+00:00,protocol101_persistent-paper_2026-05-21,paper-submit,,0,false,true,true,false,not_comparable,full_candidate_features;replay_candidate_set
/Users/gduby/Documents/autoresearch-trading/v4/logs/paper_trading/2026-05-21/protocol101_persistent-paper_2026-05-21.jsonl,435,2026-05-21T14:25:00.429706+00:00,protocol101_persistent-paper_2026-05-21,paper-submit,,0,false,true,true,false,not_comparable,full_candidate_features;replay_candidate_set
/Users/gduby/Documents/autoresearch-trading/v4/logs/paper_trading/2026-05-21/protocol101_persistent-paper_2026-05-21.jsonl,443,2026-05-21T14:26:00.614407+00:00,protocol101_persistent-paper_2026-05-21,paper-submit,,0,false,true,true,false,not_comparable,full_candidate_features;replay_candidate_set
/Users/gduby/Documents/autoresearch-trading/v4/logs/paper_trading/2026-05-21/protocol101_persistent-paper_2026-05-21.jsonl,451,2026-05-21T14:27:00.717362+00:00,protocol101_persistent-paper_2026-05-21,paper-submit,,0,false,true,true,false,not_comparable,full_candidate_features;replay_candidate_set
/Users/gduby/Documents/autoresearch-trading/v4/logs/paper_trading/2026-05-21/protocol101_persistent-paper_2026-05-21.jsonl,459,2026-05-21T14:28:02.773316+00:00,protocol101_persistent-paper_2026-05-21,paper-submit,,0,false,true,true,false,not_comparable,full_candidate_features;replay_candidate_set
/Users/gduby/Documents/autoresearch-trading/v4/logs/paper_trading/2026-05-21/protocol101_persistent-paper_2026-05-21.jsonl,465,2026-05-21T14:29:00.959704+00:00,protocol101_persistent-paper_2026-05-21,paper-submit,,0,false,true,true,false,not_comparable,full_candidate_features;replay_candidate_set
/Users/gduby/Documents/autoresearch-trading/v4/logs/paper_trading/2026-05-21/protocol101_persistent-paper_2026-05-21.jsonl,473,2026-05-21T14:30:00.225245+00:00,protocol101_persistent-paper_2026-05-21,paper-submit,,0,false,true,true,false,not_comparable,full_candidate_features;replay_candidate_set
/Users/gduby/Documents/autoresearch-trading/v4/logs/paper_trading/2026-05-21/protocol101_persistent-paper_2026-05-21.jsonl,481,2026-05-21T14:31:00.404593+00:00,protocol101_persistent-paper_2026-05-21,paper-submit,,0,false,true,true,false,not_comparable,full_candidate_features;replay_candidate_set
/Users/gduby/Documents/autoresearch-trading/v4/logs/paper_trading/2026-05-21/protocol101_persistent-paper_2026-05-21.jsonl,489,2026-05-21T14:32:00.444192+00:00,protocol101_persistent-paper_2026-05-21,paper-submit,,0,false,true,true,false,not_comparable,full_candidate_features;replay_candidate_set
/Users/gduby/Documents/autoresearch-trading/v4/logs/paper_trading/2026-05-21/protocol101_persistent-paper_2026-05-21.jsonl,497,2026-05-21T14:33:00.582818+00:00,protocol101_persistent-paper_2026-05-21,paper-submit,,0,false,true,true,false,not_comparable,full_candidate_features;replay_candidate_set
/Users/gduby/Documents/autoresearch-trading/v4/logs/paper_trading/2026-05-21/protocol101_persistent-paper_2026-05-21.jsonl,505,2026-05-21T14:34:00.781266+00:00,protocol101_persistent-paper_2026-05-21,paper-submit,,0,false,true,true,false,not_comparable,full_candidate_features;replay_candidate_set
/Users/gduby/Documents/autoresearch-trading/v4/logs/paper_trading/2026-05-21/protocol101_persistent-paper_2026-05-21.jsonl,513,2026-05-21T14:35:01.035041+00:00,protocol101_persistent-paper_2026-05-21,paper-submit,,0,false,true,true,false,not_comparable,full_candidate_features;replay_candidate_set
/Users/gduby/Documents/autoresearch-trading/v4/logs/paper_trading/2026-05-21/protocol101_persistent-paper_2026-05-21.jsonl,521,2026-05-21T14:36:00.431940+00:00,protocol101_persistent-paper_2026-05-21,paper-submit,,0,false,true,true,false,not_comparable,full_candidate_features;replay_candidate_set
/Users/gduby/Documents/autoresearch-trading/v4/logs/paper_trading/2026-05-21/protocol101_persistent-paper_2026-05-21.jsonl,529,2026-05-21T14:37:00.685207+00:00,protocol101_persistent-paper_2026-05-21,paper-submit,,0,false,true,true,false,not_comparable,full_candidate_features;replay_candidate_set
/Users/gduby/Documents/autoresearch-trading/v4/logs/paper_trading/2026-05-21/protocol101_persistent-paper_2026-05-21.jsonl,536,2026-05-21T14:38:00.845311+00:00,protocol101_persistent-paper_2026-05-21,paper-submit,,0,false,true,true,false,not_comparable,full_candidate_features;replay_candidate_set
/Users/gduby/Documents/autoresearch-trading/v4/logs/paper_trading/2026-05-21/protocol101_persistent-paper_2026-05-21.jsonl,544,2026-05-21T14:39:01.037194+00:00,protocol101_persistent-paper_2026-05-21,paper-submit,,0,false,true,true,false,not_comparable,full_candidate_features;replay_candidate_set
/Users/gduby/Documents/autoresearch-trading/v4/logs/paper_trading/2026-05-21/protocol101_persistent-paper_2026-05-21.jsonl,552,2026-05-21T14:40:00.206631+00:00,protocol101_persistent-paper_2026-05-21,paper-submit,,0,false,true,true,false,not_comparable,full_candidate_features;replay_candidate_set
/Users/gduby/Documents/autoresearch-trading/v4/logs/paper_trading/2026-05-21/protocol101_persistent-paper_2026-05-21.jsonl,560,2026-05-21T14:41:00.377615+00:00,protocol101_persistent-paper_2026-05-21,paper-submit,,0,false,true,true,false,not_comparable,full_candidate_features;replay_candidate_set
/Users/gduby/Documents/autoresearch-trading/v4/logs/paper_trading/2026-05-21/protocol101_persistent-paper_2026-05-21.jsonl,568,2026-05-21T14:42:00.585611+00:00,protocol101_persistent-paper_2026-05-21,paper-submit,,0,false,true,true,false,not_comparable,full_candidate_features;replay_candidate_set
/Users/gduby/Documents/autoresearch-trading/v4/logs/paper_trading/2026-05-21/protocol101_persistent-paper_2026-05-21.jsonl,576,2026-05-21T14:43:00.796223+00:00,protocol101_persistent-paper_2026-05-21,paper-submit,,0,false,true,true,false,not_comparable,full_candidate_features;replay_candidate_set
/Users/gduby/Documents/autoresearch-trading/v4/logs/paper_trading/2026-05-21/protocol101_persistent-paper_2026-05-21.jsonl,584,2026-05-21T14:44:00.944199+00:00,protocol101_persistent-paper_2026-05-21,paper-submit,,0,false,true,true,false,not_comparable,full_candidate_features;replay_candidate_set
/Users/gduby/Documents/autoresearch-trading/v4/logs/paper_trading/2026-05-21/protocol101_persistent-paper_2026-05-21.jsonl,592,2026-05-21T14:45:00.241406+00:00,protocol101_persistent-paper_2026-05-21,paper-submit,,0,false,true,true,false,not_comparable,full_candidate_features;replay_candidate_set
/Users/gduby/Documents/autoresearch-trading/v4/logs/paper_trading/2026-05-21/protocol101_persistent-paper_2026-05-21.jsonl,600,2026-05-21T14:46:00.422074+00:00,protocol101_persistent-paper_2026-05-21,paper-submit,,0,false,true,true,false,not_comparable,full_candidate_features;replay_candidate_set
/Users/gduby/Documents/autoresearch-trading/v4/logs/paper_trading/2026-05-21/protocol101_persistent-paper_2026-05-21.jsonl,608,2026-05-21T14:47:01.632348+00:00,protocol101_persistent-paper_2026-05-21,paper-submit,,0,false,true,true,false,not_comparable,full_candidate_features;replay_candidate_set
/Users/gduby/Documents/autoresearch-trading/v4/logs/paper_trading/2026-05-21/protocol101_persistent-paper_2026-05-21.jsonl,619,2026-05-21T14:49:00.952848+00:00,protocol101_persistent-paper_2026-05-21,paper-submit,,0,false,true,true,false,not_comparable,full_candidate_features;replay_candidate_set
/Users/gduby/Documents/autoresearch-trading/v4/logs/paper_trading/2026-05-21/protocol101_persistent-paper_2026-05-21.jsonl,627,2026-05-21T14:50:00.651584+00:00,protocol101_persistent-paper_2026-05-21,paper-submit,,0,false,true,true,false,not_comparable,full_candidate_features;replay_candidate_set
/Users/gduby/Documents/autoresearch-trading/v4/logs/paper_trading/2026-05-21/protocol101_persistent-paper_2026-05-21.jsonl,635,2026-05-21T14:51:01.037562+00:00,protocol101_persistent-paper_2026-05-21,paper-submit,,0,false,true,true,false,not_comparable,full_candidate_features;replay_candidate_set
/Users/gduby/Documents/autoresearch-trading/v4/logs/paper_trading/2026-05-21/protocol101_persistent-paper_2026-05-21.jsonl,643,2026-05-21T14:52:00.140973+00:00,protocol101_persistent-paper_2026-05-21,paper-submit,,0,false,true,true,false,not_comparable,full_candidate_features;replay_candidate_set
/Users/gduby/Documents/autoresearch-trading/v4/logs/paper_trading/2026-05-21/protocol101_persistent-paper_2026-05-21.jsonl,651,2026-05-21T14:53:00.401229+00:00,protocol101_persistent-paper_2026-05-21,paper-submit,,0,false,true,true,false,not_comparable,full_candidate_features;replay_candidate_set
/Users/gduby/Documents/autoresearch-trading/v4/logs/paper_trading/2026-05-21/protocol101_persistent-paper_2026-05-21.jsonl,659,2026-05-21T14:54:01.043898+00:00,protocol101_persistent-paper_2026-05-21,paper-submit,,0,false,true,true,false,not_comparable,full_candidate_features;replay_candidate_set
/Users/gduby/Documents/autoresearch-trading/v4/logs/paper_trading/2026-05-21/protocol101_persistent-paper_2026-05-21.jsonl,667,2026-05-21T14:55:00.182943+00:00,protocol101_persistent-paper_2026-05-21,paper-submit,,0,false,true,true,false,not_comparable,full_candidate_features;replay_candidate_set
/Users/gduby/Documents/autoresearch-trading/v4/logs/paper_trading/2026-05-21/protocol101_persistent-paper_2026-05-21.jsonl,675,2026-05-21T14:56:00.419405+00:00,protocol101_persistent-paper_2026-05-21,paper-submit,,0,false,true,true,false,not_comparable,full_candidate_features;replay_candidate_set
/Users/gduby/Documents/autoresearch-trading/v4/logs/paper_trading/2026-05-21/protocol101_persistent-paper_2026-05-21.jsonl,682,2026-05-21T14:57:00.659458+00:00,protocol101_persistent-paper_2026-05-21,paper-submit,,0,false,true,true,false,not_comparable,full_candidate_features;replay_candidate_set
/Users/gduby/Documents/autoresearch-trading/v4/logs/paper_trading/2026-05-21/protocol101_persistent-paper_2026-05-21.jsonl,690,2026-05-21T14:58:00.594661+00:00,protocol101_persistent-paper_2026-05-21,paper-submit,,0,false,true,true,false,not_comparable,full_candidate_features;replay_candidate_set
/Users/gduby/Documents/autoresearch-trading/v4/logs/paper_trading/2026-05-21/protocol101_persistent-paper_2026-05-21.jsonl,698,2026-05-21T14:59:00.709803+00:00,protocol101_persistent-paper_2026-05-21,paper-submit,,0,false,true,true,false,not_comparable,full_candidate_features;replay_candidate_set
/Users/gduby/Documents/autoresearch-trading/v4/logs/paper_trading/2026-05-21/protocol101_persistent-paper_2026-05-21.jsonl,706,2026-05-21T15:00:00.933703+00:00,protocol101_persistent-paper_2026-05-21,paper-submit,,0,false,true,true,false,not_comparable,full_candidate_features;replay_candidate_set
/Users/gduby/Documents/autoresearch-trading/v4/logs/paper_trading/2026-05-21/protocol101_persistent-paper_2026-05-21.jsonl,714,2026-05-21T15:01:00.223284+00:00,protocol101_persistent-paper_2026-05-21,paper-submit,,0,false,true,true,false,not_comparable,full_candidate_features;replay_candidate_set
/Users/gduby/Documents/autoresearch-trading/v4/logs/paper_trading/2026-05-21/protocol101_persistent-paper_2026-05-21.jsonl,722,2026-05-21T15:02:00.615969+00:00,protocol101_persistent-paper_2026-05-21,paper-submit,,0,false,true,true,false,not_comparable,full_candidate_features;replay_candidate_set
/Users/gduby/Documents/autoresearch-trading/v4/logs/paper_trading/2026-05-21/protocol101_persistent-paper_2026-05-21.jsonl,730,2026-05-21T15:03:00.791245+00:00,protocol101_persistent-paper_2026-05-21,paper-submit,,0,false,true,true,false,not_comparable,full_candidate_features;replay_candidate_set
/Users/gduby/Documents/autoresearch-trading/v4/logs/paper_trading/2026-05-21/protocol101_persistent-paper_2026-05-21.jsonl,738,2026-05-21T15:04:00.581200+00:00,protocol101_persistent-paper_2026-05-21,paper-submit,,0,false,true,true,false,not_comparable,full_candidate_features;replay_candidate_set
/Users/gduby/Documents/autoresearch-trading/v4/logs/paper_trading/2026-05-21/protocol101_persistent-paper_2026-05-21.jsonl,746,2026-05-21T15:05:00.913981+00:00,protocol101_persistent-paper_2026-05-21,paper-submit,,0,false,true,true,false,not_comparable,full_candidate_features;replay_candidate_set
/Users/gduby/Documents/autoresearch-trading/v4/logs/paper_trading/2026-05-21/protocol101_persistent-paper_2026-05-21.jsonl,754,2026-05-21T15:06:00.140608+00:00,protocol101_persistent-paper_2026-05-21,paper-submit,,0,false,true,true,false,not_comparable,full_candidate_features;replay_candidate_set
/Users/gduby/Documents/autoresearch-trading/v4/logs/paper_trading/2026-05-21/protocol101_persistent-paper_2026-05-21.jsonl,762,2026-05-21T15:07:03.385666+00:00,protocol101_persistent-paper_2026-05-21,paper-submit,,0,false,true,true,false,not_comparable,full_candidate_features;replay_candidate_set
/Users/gduby/Documents/autoresearch-trading/v4/logs/paper_trading/2026-05-21/protocol101_persistent-paper_2026-05-21.jsonl,768,2026-05-21T15:08:00.702263+00:00,protocol101_persistent-paper_2026-05-21,paper-submit,,0,false,true,true,false,not_comparable,full_candidate_features;replay_candidate_set
/Users/gduby/Documents/autoresearch-trading/v4/logs/paper_trading/2026-05-21/protocol101_persistent-paper_2026-05-21.jsonl,776,2026-05-21T15:09:01.015494+00:00,protocol101_persistent-paper_2026-05-21,paper-submit,,0,false,true,true,false,not_comparable,full_candidate_features;replay_candidate_set
/Users/gduby/Documents/autoresearch-trading/v4/logs/paper_trading/2026-05-21/protocol101_persistent-paper_2026-05-21.jsonl,784,2026-05-21T15:10:00.291082+00:00,protocol101_persistent-paper_2026-05-21,paper-submit,,0,false,true,true,false,not_comparable,full_candidate_features;replay_candidate_set
/Users/gduby/Documents/autoresearch-trading/v4/logs/paper_trading/2026-05-21/protocol101_persistent-paper_2026-05-21.jsonl,792,2026-05-21T15:11:00.576138+00:00,protocol101_persistent-paper_2026-05-21,paper-submit,,0,false,true,true,false,not_comparable,full_candidate_features;replay_candidate_set
/Users/gduby/Documents/autoresearch-trading/v4/logs/paper_trading/2026-05-21/protocol101_persistent-paper_2026-05-21.jsonl,800,2026-05-21T15:12:00.998118+00:00,protocol101_persistent-paper_2026-05-21,paper-submit,,0,false,true,true,false,not_comparable,full_candidate_features;replay_candidate_set
/Users/gduby/Documents/autoresearch-trading/v4/logs/paper_trading/2026-05-21/protocol101_persistent-paper_2026-05-21.jsonl,808,2026-05-21T15:13:00.148236+00:00,protocol101_persistent-paper_2026-05-21,paper-submit,,0,false,true,true,false,not_comparable,full_candidate_features;replay_candidate_set
/Users/gduby/Documents/autoresearch-trading/v4/logs/paper_trading/2026-05-21/protocol101_persistent-paper_2026-05-21.jsonl,816,2026-05-21T15:14:00.417507+00:00,protocol101_persistent-paper_2026-05-21,paper-submit,,0,false,true,true,false,not_comparable,full_candidate_features;replay_candidate_set
/Users/gduby/Documents/autoresearch-trading/v4/logs/paper_trading/2026-05-21/protocol101_persistent-paper_2026-05-21.jsonl,824,2026-05-21T15:15:00.840019+00:00,protocol101_persistent-paper_2026-05-21,paper-submit,,0,false,true,true,false,not_comparable,full_candidate_features;replay_candidate_set
/Users/gduby/Documents/autoresearch-trading/v4/logs/paper_trading/2026-05-21/protocol101_persistent-paper_2026-05-21.jsonl,832,2026-05-21T15:16:00.167477+00:00,protocol101_persistent-paper_2026-05-21,paper-submit,,0,false,true,true,false,not_comparable,full_candidate_features;replay_candidate_set
/Users/gduby/Documents/autoresearch-trading/v4/logs/paper_trading/2026-05-21/protocol101_persistent-paper_2026-05-21.jsonl,839,2026-05-21T15:17:00.490193+00:00,protocol101_persistent-paper_2026-05-21,paper-submit,,0,false,true,true,false,not_comparable,full_candidate_features;replay_candidate_set
/Users/gduby/Documents/autoresearch-trading/v4/logs/paper_trading/2026-05-21/protocol101_persistent-paper_2026-05-21.jsonl,847,2026-05-21T15:18:00.680929+00:00,protocol101_persistent-paper_2026-05-21,paper-submit,,0,false,true,true,false,not_comparable,full_candidate_features;replay_candidate_set
/Users/gduby/Documents/autoresearch-trading/v4/logs/paper_trading/2026-05-21/protocol101_persistent-paper_2026-05-21.jsonl,855,2026-05-21T15:19:01.059324+00:00,protocol101_persistent-paper_2026-05-21,paper-submit,,0,false,true,true,false,not_comparable,full_candidate_features;replay_candidate_set
/Users/gduby/Documents/autoresearch-trading/v4/logs/paper_trading/2026-05-21/protocol101_persistent-paper_2026-05-21.jsonl,863,2026-05-21T15:20:00.417922+00:00,protocol101_persistent-paper_2026-05-21,paper-submit,,0,false,true,true,false,not_comparable,full_candidate_features;replay_candidate_set
/Users/gduby/Documents/autoresearch-trading/v4/logs/paper_trading/2026-05-21/protocol101_persistent-paper_2026-05-21.jsonl,871,2026-05-21T15:21:00.492504+00:00,protocol101_persistent-paper_2026-05-21,paper-submit,,0,false,true,true,false,not_comparable,full_candidate_features;replay_candidate_set
/Users/gduby/Documents/autoresearch-trading/v4/logs/paper_trading/2026-05-21/protocol101_persistent-paper_2026-05-21.jsonl,879,2026-05-21T15:22:00.838538+00:00,protocol101_persistent-paper_2026-05-21,paper-submit,,0,false,true,true,false,not_comparable,full_candidate_features;replay_candidate_set
/Users/gduby/Documents/autoresearch-trading/v4/logs/paper_trading/2026-05-21/protocol101_persistent-paper_2026-05-21.jsonl,887,2026-05-21T15:23:00.163989+00:00,protocol101_persistent-paper_2026-05-21,paper-submit,,0,false,true,true,false,not_comparable,full_candidate_features;replay_candidate_set
/Users/gduby/Documents/autoresearch-trading/v4/logs/paper_trading/2026-05-21/protocol101_persistent-paper_2026-05-21.jsonl,895,2026-05-21T15:24:00.406008+00:00,protocol101_persistent-paper_2026-05-21,paper-submit,,0,false,true,true,false,not_comparable,full_candidate_features;replay_candidate_set
/Users/gduby/Documents/autoresearch-trading/v4/logs/paper_trading/2026-05-21/protocol101_persistent-paper_2026-05-21.jsonl,903,2026-05-21T15:25:00.585976+00:00,protocol101_persistent-paper_2026-05-21,paper-submit,,0,false,true,true,false,not_comparable,full_candidate_features;replay_candidate_set
/Users/gduby/Documents/autoresearch-trading/v4/logs/paper_trading/2026-05-21/protocol101_persistent-paper_2026-05-21.jsonl,911,2026-05-21T15:26:01.770175+00:00,protocol101_persistent-paper_2026-05-21,paper-submit,,0,false,true,true,false,not_comparable,full_candidate_features;replay_candidate_set
/Users/gduby/Documents/autoresearch-trading/v4/logs/paper_trading/2026-05-21/protocol101_persistent-paper_2026-05-21.jsonl,922,2026-05-21T15:28:00.253826+00:00,protocol101_persistent-paper_2026-05-21,paper-submit,,0,false,true,true,false,not_comparable,full_candidate_features;replay_candidate_set
/Users/gduby/Documents/autoresearch-trading/v4/logs/paper_trading/2026-05-21/protocol101_persistent-paper_2026-05-21.jsonl,930,2026-05-21T15:29:00.324173+00:00,protocol101_persistent-paper_2026-05-21,paper-submit,,0,false,true,true,false,not_comparable,full_candidate_features;replay_candidate_set
/Users/gduby/Documents/autoresearch-trading/v4/logs/paper_trading/2026-05-21/protocol101_persistent-paper_2026-05-21.jsonl,938,2026-05-21T15:30:00.509786+00:00,protocol101_persistent-paper_2026-05-21,paper-submit,,0,false,true,true,false,not_comparable,full_candidate_features;replay_candidate_set
/Users/gduby/Documents/autoresearch-trading/v4/logs/paper_trading/2026-05-21/protocol101_persistent-paper_2026-05-21.jsonl,946,2026-05-21T15:31:00.463048+00:00,protocol101_persistent-paper_2026-05-21,paper-submit,,0,false,true,true,false,not_comparable,full_candidate_features;replay_candidate_set
/Users/gduby/Documents/autoresearch-trading/v4/logs/paper_trading/2026-05-21/protocol101_persistent-paper_2026-05-21.jsonl,954,2026-05-21T15:32:00.644986+00:00,protocol101_persistent-paper_2026-05-21,paper-submit,,0,false,true,true,false,not_comparable,full_candidate_features;replay_candidate_set
/Users/gduby/Documents/autoresearch-trading/v4/logs/paper_trading/2026-05-21/protocol101_persistent-paper_2026-05-21.jsonl,962,2026-05-21T15:33:00.929664+00:00,protocol101_persistent-paper_2026-05-21,paper-submit,,0,false,true,true,false,not_comparable,full_candidate_features;replay_candidate_set
/Users/gduby/Documents/autoresearch-trading/v4/logs/paper_trading/2026-05-21/protocol101_persistent-paper_2026-05-21.jsonl,970,2026-05-21T15:34:00.160090+00:00,protocol101_persistent-paper_2026-05-21,paper-submit,,0,false,true,true,false,not_comparable,full_candidate_features;replay_candidate_set
/Users/gduby/Documents/autoresearch-trading/v4/logs/paper_trading/2026-05-21/protocol101_persistent-paper_2026-05-21.jsonl,978,2026-05-21T15:35:00.364071+00:00,protocol101_persistent-paper_2026-05-21,paper-submit,,0,false,true,true,false,not_comparable,full_candidate_features;replay_candidate_set
/Users/gduby/Documents/autoresearch-trading/v4/logs/paper_trading/2026-05-21/protocol101_persistent-paper_2026-05-21.jsonl,986,2026-05-21T15:36:00.600810+00:00,protocol101_persistent-paper_2026-05-21,paper-submit,,0,false,true,true,false,not_comparable,full_candidate_features;replay_candidate_set
/Users/gduby/Documents/autoresearch-trading/v4/logs/paper_trading/2026-05-21/protocol101_persistent-paper_2026-05-21.jsonl,993,2026-05-21T15:37:00.816452+00:00,protocol101_persistent-paper_2026-05-21,paper-submit,,0,false,true,true,false,not_comparable,full_candidate_features;replay_candidate_set
/Users/gduby/Documents/autoresearch-trading/v4/logs/paper_trading/2026-05-21/protocol101_persistent-paper_2026-05-21.jsonl,1001,2026-05-21T15:38:00.993490+00:00,protocol101_persistent-paper_2026-05-21,paper-submit,,0,false,true,true,false,not_comparable,full_candidate_features;replay_candidate_set
/Users/gduby/Documents/autoresearch-trading/v4/logs/paper_trading/2026-05-21/protocol101_persistent-paper_2026-05-21.jsonl,1009,2026-05-21T15:39:00.228545+00:00,protocol101_persistent-paper_2026-05-21,paper-submit,,0,false,true,true,false,not_comparable,full_candidate_features;replay_candidate_set
/Users/gduby/Documents/autoresearch-trading/v4/logs/paper_trading/2026-05-21/protocol101_persistent-paper_2026-05-21.jsonl,1017,2026-05-21T15:40:00.535105+00:00,protocol101_persistent-paper_2026-05-21,paper-submit,,0,false,true,true,false,not_comparable,full_candidate_features;replay_candidate_set
/Users/gduby/Documents/autoresearch-trading/v4/logs/paper_trading/2026-05-21/protocol101_persistent-paper_2026-05-21.jsonl,1025,2026-05-21T15:41:00.745707+00:00,protocol101_persistent-paper_2026-05-21,paper-submit,,0,false,true,true,false,not_comparable,full_candidate_features;replay_candidate_set
/Users/gduby/Documents/autoresearch-trading/v4/logs/paper_trading/2026-05-21/protocol101_persistent-paper_2026-05-21.jsonl,1033,2026-05-21T15:42:00.130785+00:00,protocol101_persistent-paper_2026-05-21,paper-submit,,0,false,true,true,false,not_comparable,full_candidate_features;replay_candidate_set
/Users/gduby/Documents/autoresearch-trading/v4/logs/paper_trading/2026-05-21/protocol101_persistent-paper_2026-05-21.jsonl,1041,2026-05-21T15:43:00.307815+00:00,protocol101_persistent-paper_2026-05-21,paper-submit,,0,false,true,true,false,not_comparable,full_candidate_features;replay_candidate_set
/Users/gduby/Documents/autoresearch-trading/v4/logs/paper_trading/2026-05-21/protocol101_persistent-paper_2026-05-21.jsonl,1049,2026-05-21T15:44:00.647397+00:00,protocol101_persistent-paper_2026-05-21,paper-submit,,0,false,true,true,false,not_comparable,full_candidate_features;replay_candidate_set
/Users/gduby/Documents/autoresearch-trading/v4/logs/paper_trading/2026-05-21/protocol101_persistent-paper_2026-05-21.jsonl,1057,2026-05-21T15:45:00.818947+00:00,protocol101_persistent-paper_2026-05-21,paper-submit,,0,false,true,true,false,not_comparable,full_candidate_features;replay_candidate_set
/Users/gduby/Documents/autoresearch-trading/v4/logs/paper_trading/2026-05-21/protocol101_persistent-paper_2026-05-21.jsonl,1065,2026-05-21T15:46:02.963060+00:00,protocol101_persistent-paper_2026-05-21,paper-submit,,0,false,true,true,false,not_comparable,full_candidate_features;replay_candidate_set
/Users/gduby/Documents/autoresearch-trading/v4/logs/paper_trading/2026-05-21/protocol101_persistent-paper_2026-05-21.jsonl,1071,2026-05-21T15:47:00.268515+00:00,protocol101_persistent-paper_2026-05-21,paper-submit,,0,false,true,true,false,not_comparable,full_candidate_features;replay_candidate_set
/Users/gduby/Documents/autoresearch-trading/v4/logs/paper_trading/2026-05-21/protocol101_persistent-paper_2026-05-21.jsonl,1079,2026-05-21T15:48:00.295227+00:00,protocol101_persistent-paper_2026-05-21,paper-submit,,0,false,true,true,false,not_comparable,full_candidate_features;replay_candidate_set
/Users/gduby/Documents/autoresearch-trading/v4/logs/paper_trading/2026-05-21/protocol101_persistent-paper_2026-05-21.jsonl,1087,2026-05-21T15:49:00.573899+00:00,protocol101_persistent-paper_2026-05-21,paper-submit,,0,false,true,true,false,not_comparable,full_candidate_features;replay_candidate_set
/Users/gduby/Documents/autoresearch-trading/v4/logs/paper_trading/2026-05-21/protocol101_persistent-paper_2026-05-21.jsonl,1095,2026-05-21T15:50:00.744149+00:00,protocol101_persistent-paper_2026-05-21,paper-submit,,0,false,true,true,false,not_comparable,full_candidate_features;replay_candidate_set
/Users/gduby/Documents/autoresearch-trading/v4/logs/paper_trading/2026-05-21/protocol101_persistent-paper_2026-05-21.jsonl,1103,2026-05-21T15:51:00.903695+00:00,protocol101_persistent-paper_2026-05-21,paper-submit,,0,false,true,true,false,not_comparable,full_candidate_features;replay_candidate_set
/Users/gduby/Documents/autoresearch-trading/v4/logs/paper_trading/2026-05-21/protocol101_persistent-paper_2026-05-21.jsonl,1111,2026-05-21T15:52:00.164895+00:00,protocol101_persistent-paper_2026-05-21,paper-submit,,0,false,true,true,false,not_comparable,full_candidate_features;replay_candidate_set
/Users/gduby/Documents/autoresearch-trading/v4/logs/paper_trading/2026-05-21/protocol101_persistent-paper_2026-05-21.jsonl,1119,2026-05-21T15:53:00.390509+00:00,protocol101_persistent-paper_2026-05-21,paper-submit,,0,false,true,true,false,not_comparable,full_candidate_features;replay_candidate_set
/Users/gduby/Documents/autoresearch-trading/v4/logs/paper_trading/2026-05-21/protocol101_persistent-paper_2026-05-21.jsonl,1127,2026-05-21T15:54:00.555325+00:00,protocol101_persistent-paper_2026-05-21,paper-submit,,0,false,true,true,false,not_comparable,full_candidate_features;replay_candidate_set
/Users/gduby/Documents/autoresearch-trading/v4/logs/paper_trading/2026-05-21/protocol101_persistent-paper_2026-05-21.jsonl,1135,2026-05-21T15:55:00.824214+00:00,protocol101_persistent-paper_2026-05-21,paper-submit,,0,false,true,true,false,not_comparable,full_candidate_features;replay_candidate_set
/Users/gduby/Documents/autoresearch-trading/v4/logs/paper_trading/2026-05-21/protocol101_persistent-paper_2026-05-21.jsonl,1142,2026-05-21T15:56:00.146964+00:00,protocol101_persistent-paper_2026-05-21,paper-submit,,0,false,true,true,false,not_comparable,full_candidate_features;replay_candidate_set
/Users/gduby/Documents/autoresearch-trading/v4/logs/paper_trading/2026-05-21/protocol101_persistent-paper_2026-05-21.jsonl,1150,2026-05-21T15:57:00.559201+00:00,protocol101_persistent-paper_2026-05-21,paper-submit,,0,false,true,true,false,not_comparable,full_candidate_features;replay_candidate_set
/Users/gduby/Documents/autoresearch-trading/v4/logs/paper_trading/2026-05-21/protocol101_persistent-paper_2026-05-21.jsonl,1158,2026-05-21T15:58:00.876822+00:00,protocol101_persistent-paper_2026-05-21,paper-submit,,0,false,true,true,false,not_comparable,full_candidate_features;replay_candidate_set
/Users/gduby/Documents/autoresearch-trading/v4/logs/paper_trading/2026-05-21/protocol101_persistent-paper_2026-05-21.jsonl,1166,2026-05-21T15:59:00.211016+00:00,protocol101_persistent-paper_2026-05-21,paper-submit,,0,false,true,true,false,not_comparable,full_candidate_features;replay_candidate_set
/Users/gduby/Documents/autoresearch-trading/v4/logs/paper_trading/2026-05-21/protocol101_persistent-paper_2026-05-21.jsonl,1174,2026-05-21T16:00:00.491500+00:00,protocol101_persistent-paper_2026-05-21,paper-submit,,0,false,true,true,false,not_comparable,full_candidate_features;replay_candidate_set
/Users/gduby/Documents/autoresearch-trading/v4/logs/paper_trading/2026-05-21/protocol101_persistent-paper_2026-05-21.jsonl,1182,2026-05-21T16:01:01.046656+00:00,protocol101_persistent-paper_2026-05-21,paper-submit,,0,false,true,true,false,not_comparable,full_candidate_features;replay_candidate_set
/Users/gduby/Documents/autoresearch-trading/v4/logs/paper_trading/2026-05-21/protocol101_persistent-paper_2026-05-21.jsonl,1190,2026-05-21T16:02:00.319131+00:00,protocol101_persistent-paper_2026-05-21,paper-submit,,0,false,true,true,false,not_comparable,full_candidate_features;replay_candidate_set
/Users/gduby/Documents/autoresearch-trading/v4/logs/paper_trading/2026-05-21/protocol101_persistent-paper_2026-05-21.jsonl,1198,2026-05-21T16:03:00.675563+00:00,protocol101_persistent-paper_2026-05-21,paper-submit,,0,false,true,true,false,not_comparable,full_candidate_features;replay_candidate_set
/Users/gduby/Documents/autoresearch-trading/v4/logs/paper_trading/2026-05-21/protocol101_persistent-paper_2026-05-21.jsonl,1206,2026-05-21T16:04:00.467805+00:00,protocol101_persistent-paper_2026-05-21,paper-submit,,0,false,true,true,false,not_comparable,full_candidate_features;replay_candidate_set
/Users/gduby/Documents/autoresearch-trading/v4/logs/paper_trading/2026-05-21/protocol101_persistent-paper_2026-05-21.jsonl,1214,2026-05-21T16:05:01.906220+00:00,protocol101_persistent-paper_2026-05-21,paper-submit,,0,false,true,true,false,not_comparable,full_candidate_features;replay_candidate_set
/Users/gduby/Documents/autoresearch-trading/v4/logs/paper_trading/2026-05-21/protocol101_persistent-paper_2026-05-21.jsonl,1220,2026-05-21T16:06:00.260846+00:00,protocol101_persistent-paper_2026-05-21,paper-submit,,0,false,true,true,false,not_comparable,full_candidate_features;replay_candidate_set
/Users/gduby/Documents/autoresearch-trading/v4/logs/paper_trading/2026-05-21/protocol101_persistent-paper_2026-05-21.jsonl,1228,2026-05-21T16:07:00.662598+00:00,protocol101_persistent-paper_2026-05-21,paper-submit,,0,false,true,true,false,not_comparable,full_candidate_features;replay_candidate_set
/Users/gduby/Documents/autoresearch-trading/v4/logs/paper_trading/2026-05-21/protocol101_persistent-paper_2026-05-21.jsonl,1236,2026-05-21T16:08:00.942637+00:00,protocol101_persistent-paper_2026-05-21,paper-submit,,0,false,true,true,false,not_comparable,full_candidate_features;replay_candidate_set
/Users/gduby/Documents/autoresearch-trading/v4/logs/paper_trading/2026-05-21/protocol101_persistent-paper_2026-05-21.jsonl,1244,2026-05-21T16:09:00.320633+00:00,protocol101_persistent-paper_2026-05-21,paper-submit,,0,false,true,true,false,not_comparable,full_candidate_features;replay_candidate_set
/Users/gduby/Documents/autoresearch-trading/v4/logs/paper_trading/2026-05-21/protocol101_persistent-paper_2026-05-21.jsonl,1252,2026-05-21T16:10:00.694883+00:00,protocol101_persistent-paper_2026-05-21,paper-submit,,0,false,true,true,false,not_comparable,full_candidate_features;replay_candidate_set
/Users/gduby/Documents/autoresearch-trading/v4/logs/paper_trading/2026-05-21/protocol101_persistent-paper_2026-05-21.jsonl,1260,2026-05-21T16:11:00.298510+00:00,protocol101_persistent-paper_2026-05-21,paper-submit,,0,false,true,true,false,not_comparable,full_candidate_features;replay_candidate_set
/Users/gduby/Documents/autoresearch-trading/v4/logs/paper_trading/2026-05-21/protocol101_persistent-paper_2026-05-21.jsonl,1268,2026-05-21T16:12:00.686662+00:00,protocol101_persistent-paper_2026-05-21,paper-submit,,0,false,true,true,false,not_comparable,full_candidate_features;replay_candidate_set
/Users/gduby/Documents/autoresearch-trading/v4/logs/paper_trading/2026-05-21/protocol101_persistent-paper_2026-05-21.jsonl,1276,2026-05-21T16:13:01.075151+00:00,protocol101_persistent-paper_2026-05-21,paper-submit,,0,false,true,true,false,not_comparable,full_candidate_features;replay_candidate_set
/Users/gduby/Documents/autoresearch-trading/v4/logs/paper_trading/2026-05-21/protocol101_persistent-paper_2026-05-21.jsonl,1284,2026-05-21T16:14:00.378467+00:00,protocol101_persistent-paper_2026-05-21,paper-submit,,0,false,true,true,false,not_comparable,full_candidate_features;replay_candidate_set
/Users/gduby/Documents/autoresearch-trading/v4/logs/paper_trading/2026-05-21/protocol101_persistent-paper_2026-05-21.jsonl,1291,2026-05-21T16:15:00.809463+00:00,protocol101_persistent-paper_2026-05-21,paper-submit,,0,false,true,true,false,not_comparable,full_candidate_features;replay_candidate_set
/Users/gduby/Documents/autoresearch-trading/v4/logs/paper_trading/2026-05-21/protocol101_persistent-paper_2026-05-21.jsonl,1299,2026-05-21T16:16:01.053603+00:00,protocol101_persistent-paper_2026-05-21,paper-submit,,0,false,true,true,false,not_comparable,full_candidate_features;replay_candidate_set
/Users/gduby/Documents/autoresearch-trading/v4/logs/paper_trading/2026-05-21/protocol101_persistent-paper_2026-05-21.jsonl,1307,2026-05-21T16:17:00.457068+00:00,protocol101_persistent-paper_2026-05-21,paper-submit,,0,false,true,true,false,not_comparable,full_candidate_features;replay_candidate_set
/Users/gduby/Documents/autoresearch-trading/v4/logs/paper_trading/2026-05-21/protocol101_persistent-paper_2026-05-21.jsonl,1315,2026-05-21T16:18:00.908876+00:00,protocol101_persistent-paper_2026-05-21,paper-submit,,0,false,true,true,false,not_comparable,full_candidate_features;replay_candidate_set
/Users/gduby/Documents/autoresearch-trading/v4/logs/paper_trading/2026-05-21/protocol101_persistent-paper_2026-05-21.jsonl,1323,2026-05-21T16:19:00.297047+00:00,protocol101_persistent-paper_2026-05-21,paper-submit,,0,false,true,true,false,not_comparable,full_candidate_features;replay_candidate_set
/Users/gduby/Documents/autoresearch-trading/v4/logs/paper_trading/2026-05-21/protocol101_persistent-paper_2026-05-21.jsonl,1331,2026-05-21T16:20:00.720594+00:00,protocol101_persistent-paper_2026-05-21,paper-submit,,0,false,true,true,false,not_comparable,full_candidate_features;replay_candidate_set
/Users/gduby/Documents/autoresearch-trading/v4/logs/paper_trading/2026-05-21/protocol101_persistent-paper_2026-05-21.jsonl,1339,2026-05-21T16:21:00.096607+00:00,protocol101_persistent-paper_2026-05-21,paper-submit,,0,false,true,true,false,not_comparable,full_candidate_features;replay_candidate_set
/Users/gduby/Documents/autoresearch-trading/v4/logs/paper_trading/2026-05-21/protocol101_persistent-paper_2026-05-21.jsonl,1347,2026-05-21T16:22:00.499398+00:00,protocol101_persistent-paper_2026-05-21,paper-submit,,0,false,true,true,false,not_comparable,full_candidate_features;replay_candidate_set
/Users/gduby/Documents/autoresearch-trading/v4/logs/paper_trading/2026-05-21/protocol101_persistent-paper_2026-05-21.jsonl,1355,2026-05-21T16:23:00.932146+00:00,protocol101_persistent-paper_2026-05-21,paper-submit,,0,false,true,true,false,not_comparable,full_candidate_features;replay_candidate_set
/Users/gduby/Documents/autoresearch-trading/v4/logs/paper_trading/2026-05-21/protocol101_persistent-paper_2026-05-21.jsonl,1363,2026-05-21T16:24:03.347658+00:00,protocol101_persistent-paper_2026-05-21,paper-submit,,0,false,true,true,false,not_comparable,full_candidate_features;replay_candidate_set
/Users/gduby/Documents/autoresearch-trading/v4/logs/paper_trading/2026-05-21/protocol101_persistent-paper_2026-05-21.jsonl,1369,2026-05-21T16:25:00.776360+00:00,protocol101_persistent-paper_2026-05-21,paper-submit,,0,false,true,true,false,not_comparable,full_candidate_features;replay_candidate_set
/Users/gduby/Documents/autoresearch-trading/v4/logs/paper_trading/2026-05-21/protocol101_persistent-paper_2026-05-21.jsonl,1377,2026-05-21T16:26:00.228376+00:00,protocol101_persistent-paper_2026-05-21,paper-submit,,0,false,true,true,false,not_comparable,full_candidate_features;replay_candidate_set
/Users/gduby/Documents/autoresearch-trading/v4/logs/paper_trading/2026-05-21/protocol101_persistent-paper_2026-05-21.jsonl,1385,2026-05-21T16:27:00.617939+00:00,protocol101_persistent-paper_2026-05-21,paper-submit,,0,false,true,true,false,not_comparable,full_candidate_features;replay_candidate_set
/Users/gduby/Documents/autoresearch-trading/v4/logs/paper_trading/2026-05-21/protocol101_persistent-paper_2026-05-21.jsonl,1393,2026-05-21T16:28:00.216366+00:00,protocol101_persistent-paper_2026-05-21,paper-submit,,0,false,true,true,false,not_comparable,full_candidate_features;replay_candidate_set
/Users/gduby/Documents/autoresearch-trading/v4/logs/paper_trading/2026-05-21/protocol101_persistent-paper_2026-05-21.jsonl,1401,2026-05-21T16:29:00.593872+00:00,protocol101_persistent-paper_2026-05-21,paper-submit,,0,false,true,true,false,not_comparable,full_candidate_features;replay_candidate_set
/Users/gduby/Documents/autoresearch-trading/v4/logs/paper_trading/2026-05-21/protocol101_persistent-paper_2026-05-21.jsonl,1409,2026-05-21T16:30:01.024865+00:00,protocol101_persistent-paper_2026-05-21,paper-submit,,0,false,true,true,false,not_comparable,full_candidate_features;replay_candidate_set
/Users/gduby/Documents/autoresearch-trading/v4/logs/paper_trading/2026-05-21/protocol101_persistent-paper_2026-05-21.jsonl,1417,2026-05-21T16:31:00.429749+00:00,protocol101_persistent-paper_2026-05-21,paper-submit,,0,false,true,true,false,not_comparable,full_candidate_features;replay_candidate_set
/Users/gduby/Documents/autoresearch-trading/v4/logs/paper_trading/2026-05-21/protocol101_persistent-paper_2026-05-21.jsonl,1425,2026-05-21T16:32:00.846821+00:00,protocol101_persistent-paper_2026-05-21,paper-submit,,0,false,true,true,false,not_comparable,full_candidate_features;replay_candidate_set
/Users/gduby/Documents/autoresearch-trading/v4/logs/paper_trading/2026-05-21/protocol101_persistent-paper_2026-05-21.jsonl,1432,2026-05-21T16:33:00.181928+00:00,protocol101_persistent-paper_2026-05-21,paper-submit,,0,false,true,true,false,not_comparable,full_candidate_features;replay_candidate_set
/Users/gduby/Documents/autoresearch-trading/v4/logs/paper_trading/2026-05-21/protocol101_persistent-paper_2026-05-21.jsonl,1440,2026-05-21T16:34:00.619292+00:00,protocol101_persistent-paper_2026-05-21,paper-submit,,0,false,true,true,false,not_comparable,full_candidate_features;replay_candidate_set
/Users/gduby/Documents/autoresearch-trading/v4/logs/paper_trading/2026-05-21/protocol101_persistent-paper_2026-05-21.jsonl,1448,2026-05-21T16:35:01.056331+00:00,protocol101_persistent-paper_2026-05-21,paper-submit,,0,false,true,true,false,not_comparable,full_candidate_features;replay_candidate_set
/Users/gduby/Documents/autoresearch-trading/v4/logs/paper_trading/2026-05-21/protocol101_persistent-paper_2026-05-21.jsonl,1456,2026-05-21T16:36:00.390128+00:00,protocol101_persistent-paper_2026-05-21,paper-submit,,0,false,true,true,false,not_comparable,full_candidate_features;replay_candidate_set
/Users/gduby/Documents/autoresearch-trading/v4/logs/paper_trading/2026-05-21/protocol101_persistent-paper_2026-05-21.jsonl,1464,2026-05-21T16:37:00.828245+00:00,protocol101_persistent-paper_2026-05-21,paper-submit,,0,false,true,true,false,not_comparable,full_candidate_features;replay_candidate_set
/Users/gduby/Documents/autoresearch-trading/v4/logs/paper_trading/2026-05-21/protocol101_persistent-paper_2026-05-21.jsonl,1472,2026-05-21T16:38:00.255252+00:00,protocol101_persistent-paper_2026-05-21,paper-submit,,0,false,true,true,false,not_comparable,full_candidate_features;replay_candidate_set
/Users/gduby/Documents/autoresearch-trading/v4/logs/paper_trading/2026-05-21/protocol101_persistent-paper_2026-05-21.jsonl,1480,2026-05-21T16:39:00.702685+00:00,protocol101_persistent-paper_2026-05-21,paper-submit,,0,false,true,true,false,not_comparable,full_candidate_features;replay_candidate_set
/Users/gduby/Documents/autoresearch-trading/v4/logs/paper_trading/2026-05-21/protocol101_persistent-paper_2026-05-21.jsonl,1488,2026-05-21T16:40:00.110009+00:00,protocol101_persistent-paper_2026-05-21,paper-submit,,0,false,true,true,false,not_comparable,full_candidate_features;replay_candidate_set
/Users/gduby/Documents/autoresearch-trading/v4/logs/paper_trading/2026-05-21/protocol101_persistent-paper_2026-05-21.jsonl,1496,2026-05-21T16:41:00.488974+00:00,protocol101_persistent-paper_2026-05-21,paper-submit,,0,false,true,true,false,not_comparable,full_candidate_features;replay_candidate_set
/Users/gduby/Documents/autoresearch-trading/v4/logs/paper_trading/2026-05-21/protocol101_persistent-paper_2026-05-21.jsonl,1504,2026-05-21T16:42:01.657899+00:00,protocol101_persistent-paper_2026-05-21,paper-submit,,0,false,true,true,false,not_comparable,full_candidate_features;replay_candidate_set
/Users/gduby/Documents/autoresearch-trading/v4/logs/paper_trading/2026-05-21/protocol101_persistent-paper_2026-05-21.jsonl,1515,2026-05-21T16:44:00.643861+00:00,protocol101_persistent-paper_2026-05-21,paper-submit,,0,false,true,true,false,not_comparable,full_candidate_features;replay_candidate_set
/Users/gduby/Documents/autoresearch-trading/v4/logs/paper_trading/2026-05-21/protocol101_persistent-paper_2026-05-21.jsonl,1523,2026-05-21T16:45:01.074935+00:00,protocol101_persistent-paper_2026-05-21,paper-submit,,0,false,true,true,false,not_comparable,full_candidate_features;replay_candidate_set
/Users/gduby/Documents/autoresearch-trading/v4/logs/paper_trading/2026-05-21/protocol101_persistent-paper_2026-05-21.jsonl,1531,2026-05-21T16:46:00.513824+00:00,protocol101_persistent-paper_2026-05-21,paper-submit,,0,false,true,true,false,not_comparable,full_candidate_features;replay_candidate_set
/Users/gduby/Documents/autoresearch-trading/v4/logs/paper_trading/2026-05-21/protocol101_persistent-paper_2026-05-21.jsonl,1539,2026-05-21T16:47:01.013859+00:00,protocol101_persistent-paper_2026-05-21,paper-submit,,0,false,true,true,false,not_comparable,full_candidate_features;replay_candidate_set
/Users/gduby/Documents/autoresearch-trading/v4/logs/paper_trading/2026-05-21/protocol101_persistent-paper_2026-05-21.jsonl,1547,2026-05-21T16:48:00.454729+00:00,protocol101_persistent-paper_2026-05-21,paper-submit,,0,false,true,true,false,not_comparable,full_candidate_features;replay_candidate_set
/Users/gduby/Documents/autoresearch-trading/v4/logs/paper_trading/2026-05-21/protocol101_persistent-paper_2026-05-21.jsonl,1555,2026-05-21T16:49:00.851434+00:00,protocol101_persistent-paper_2026-05-21,paper-submit,,0,false,true,true,false,not_comparable,full_candidate_features;replay_candidate_set
/Users/gduby/Documents/autoresearch-trading/v4/logs/paper_trading/2026-05-21/protocol101_persistent-paper_2026-05-21.jsonl,1563,2026-05-21T16:50:00.247974+00:00,protocol101_persistent-paper_2026-05-21,paper-submit,,0,false,true,true,false,not_comparable,full_candidate_features;replay_candidate_set
/Users/gduby/Documents/autoresearch-trading/v4/logs/paper_trading/2026-05-21/protocol101_persistent-paper_2026-05-21.jsonl,1571,2026-05-21T16:51:00.603165+00:00,protocol101_persistent-paper_2026-05-21,paper-submit,,0,false,true,true,false,not_comparable,full_candidate_features;replay_candidate_set
/Users/gduby/Documents/autoresearch-trading/v4/logs/paper_trading/2026-05-21/protocol101_persistent-paper_2026-05-21.jsonl,1578,2026-05-21T16:52:01.059314+00:00,protocol101_persistent-paper_2026-05-21,paper-submit,,0,false,true,true,false,not_comparable,full_candidate_features;replay_candidate_set
/Users/gduby/Documents/autoresearch-trading/v4/logs/paper_trading/2026-05-21/protocol101_persistent-paper_2026-05-21.jsonl,1586,2026-05-21T16:53:00.469103+00:00,protocol101_persistent-paper_2026-05-21,paper-submit,,0,false,true,true,false,not_comparable,full_candidate_features;replay_candidate_set
/Users/gduby/Documents/autoresearch-trading/v4/logs/paper_trading/2026-05-21/protocol101_persistent-paper_2026-05-21.jsonl,1594,2026-05-21T16:54:00.871100+00:00,protocol101_persistent-paper_2026-05-21,paper-submit,,0,false,true,true,false,not_comparable,full_candidate_features;replay_candidate_set
/Users/gduby/Documents/autoresearch-trading/v4/logs/paper_trading/2026-05-21/protocol101_persistent-paper_2026-05-21.jsonl,1602,2026-05-21T16:55:00.294733+00:00,protocol101_persistent-paper_2026-05-21,paper-submit,,0,false,true,true,false,not_comparable,full_candidate_features;replay_candidate_set
/Users/gduby/Documents/autoresearch-trading/v4/logs/paper_trading/2026-05-21/protocol101_persistent-paper_2026-05-21.jsonl,1610,2026-05-21T16:56:00.744143+00:00,protocol101_persistent-paper_2026-05-21,paper-submit,,0,false,true,true,false,not_comparable,full_candidate_features;replay_candidate_set
/Users/gduby/Documents/autoresearch-trading/v4/logs/paper_trading/2026-05-21/protocol101_persistent-paper_2026-05-21.jsonl,1618,2026-05-21T16:57:00.204666+00:00,protocol101_persistent-paper_2026-05-21,paper-submit,,0,false,true,true,false,not_comparable,full_candidate_features;replay_candidate_set
/Users/gduby/Documents/autoresearch-trading/v4/logs/paper_trading/2026-05-21/protocol101_persistent-paper_2026-05-21.jsonl,1626,2026-05-21T16:58:00.657442+00:00,protocol101_persistent-paper_2026-05-21,paper-submit,,0,false,true,true,false,not_comparable,full_candidate_features;replay_candidate_set
/Users/gduby/Documents/autoresearch-trading/v4/logs/paper_trading/2026-05-21/protocol101_persistent-paper_2026-05-21.jsonl,1634,2026-05-21T16:59:01.068360+00:00,protocol101_persistent-paper_2026-05-21,paper-submit,,0,false,true,true,false,not_comparable,full_candidate_features;replay_candidate_set
/Users/gduby/Documents/autoresearch-trading/v4/logs/paper_trading/2026-05-21/protocol101_persistent-paper_2026-05-21.jsonl,1642,2026-05-21T17:00:00.457564+00:00,protocol101_persistent-paper_2026-05-21,paper-submit,,0,false,true,true,false,not_comparable,full_candidate_features;replay_candidate_set
/Users/gduby/Documents/autoresearch-trading/v4/logs/paper_trading/2026-05-21/protocol101_persistent-paper_2026-05-21.jsonl,1650,2026-05-21T17:01:03.973404+00:00,protocol101_persistent-paper_2026-05-21,paper-submit,,0,false,true,true,false,not_comparable,full_candidate_features;replay_candidate_set
/Users/gduby/Documents/autoresearch-trading/v4/logs/paper_trading/2026-05-21/protocol101_persistent-paper_2026-05-21.jsonl,1656,2026-05-21T17:02:00.432974+00:00,protocol101_persistent-paper_2026-05-21,paper-submit,,0,false,true,true,false,not_comparable,full_candidate_features;replay_candidate_set
/Users/gduby/Documents/autoresearch-trading/v4/logs/paper_trading/2026-05-21/protocol101_persistent-paper_2026-05-21.jsonl,1664,2026-05-21T17:03:00.923403+00:00,protocol101_persistent-paper_2026-05-21,paper-submit,,0,false,true,true,false,not_comparable,full_candidate_features;replay_candidate_set
/Users/gduby/Documents/autoresearch-trading/v4/logs/paper_trading/2026-05-21/protocol101_persistent-paper_2026-05-21.jsonl,1672,2026-05-21T17:04:00.260387+00:00,protocol101_persistent-paper_2026-05-21,paper-submit,,0,false,true,true,false,not_comparable,full_candidate_features;replay_candidate_set
/Users/gduby/Documents/autoresearch-trading/v4/logs/paper_trading/2026-05-21/protocol101_persistent-paper_2026-05-21.jsonl,1680,2026-05-21T17:05:00.702286+00:00,protocol101_persistent-paper_2026-05-21,paper-submit,,0,false,true,true,false,not_comparable,full_candidate_features;replay_candidate_set
/Users/gduby/Documents/autoresearch-trading/v4/logs/paper_trading/2026-05-21/protocol101_persistent-paper_2026-05-21.jsonl,1688,2026-05-21T17:06:00.142633+00:00,protocol101_persistent-paper_2026-05-21,paper-submit,,0,false,true,true,false,not_comparable,full_candidate_features;replay_candidate_set
/Users/gduby/Documents/autoresearch-trading/v4/logs/paper_trading/2026-05-21/protocol101_persistent-paper_2026-05-21.jsonl,1696,2026-05-21T17:07:00.483359+00:00,protocol101_persistent-paper_2026-05-21,paper-submit,,0,false,true,true,false,not_comparable,full_candidate_features;replay_candidate_set
/Users/gduby/Documents/autoresearch-trading/v4/logs/paper_trading/2026-05-21/protocol101_persistent-paper_2026-05-21.jsonl,1704,2026-05-21T17:08:00.933639+00:00,protocol101_persistent-paper_2026-05-21,paper-submit,,0,false,true,true,false,not_comparable,full_candidate_features;replay_candidate_set
/Users/gduby/Documents/autoresearch-trading/v4/logs/paper_trading/2026-05-21/protocol101_persistent-paper_2026-05-21.jsonl,1712,2026-05-21T17:09:00.283815+00:00,protocol101_persistent-paper_2026-05-21,paper-submit,,0,false,true,true,false,not_comparable,full_candidate_features;replay_candidate_set
/Users/gduby/Documents/autoresearch-trading/v4/logs/paper_trading/2026-05-21/protocol101_persistent-paper_2026-05-21.jsonl,1719,2026-05-21T17:10:00.747810+00:00,protocol101_persistent-paper_2026-05-21,paper-submit,,0,false,true,true,false,not_comparable,full_candidate_features;replay_candidate_set
/Users/gduby/Documents/autoresearch-trading/v4/logs/paper_trading/2026-05-21/protocol101_persistent-paper_2026-05-21.jsonl,1727,2026-05-21T17:11:00.239869+00:00,protocol101_persistent-paper_2026-05-21,paper-submit,,0,false,true,true,false,not_comparable,full_candidate_features;replay_candidate_set
/Users/gduby/Documents/autoresearch-trading/v4/logs/paper_trading/2026-05-21/protocol101_persistent-paper_2026-05-21.jsonl,1735,2026-05-21T17:12:00.784950+00:00,protocol101_persistent-paper_2026-05-21,paper-submit,,0,false,true,true,false,not_comparable,full_candidate_features;replay_candidate_set
/Users/gduby/Documents/autoresearch-trading/v4/logs/paper_trading/2026-05-21/protocol101_persistent-paper_2026-05-21.jsonl,1743,2026-05-21T17:13:00.269079+00:00,protocol101_persistent-paper_2026-05-21,paper-submit,,0,false,true,true,false,not_comparable,full_candidate_features;replay_candidate_set
/Users/gduby/Documents/autoresearch-trading/v4/logs/paper_trading/2026-05-21/protocol101_persistent-paper_2026-05-21.jsonl,1751,2026-05-21T17:14:00.812715+00:00,protocol101_persistent-paper_2026-05-21,paper-submit,,0,false,true,true,false,not_comparable,full_candidate_features;replay_candidate_set
/Users/gduby/Documents/autoresearch-trading/v4/logs/paper_trading/2026-05-21/protocol101_persistent-paper_2026-05-21.jsonl,1759,2026-05-21T17:15:00.441932+00:00,protocol101_persistent-paper_2026-05-21,paper-submit,,0,false,true,true,false,not_comparable,full_candidate_features;replay_candidate_set
/Users/gduby/Documents/autoresearch-trading/v4/logs/paper_trading/2026-05-21/protocol101_persistent-paper_2026-05-21.jsonl,1767,2026-05-21T17:16:00.911785+00:00,protocol101_persistent-paper_2026-05-21,paper-submit,,0,false,true,true,false,not_comparable,full_candidate_features;replay_candidate_set
/Users/gduby/Documents/autoresearch-trading/v4/logs/paper_trading/2026-05-21/protocol101_persistent-paper_2026-05-21.jsonl,1775,2026-05-21T17:17:00.551854+00:00,protocol101_persistent-paper_2026-05-21,paper-submit,,0,false,true,true,false,not_comparable,full_candidate_features;replay_candidate_set
/Users/gduby/Documents/autoresearch-trading/v4/logs/paper_trading/2026-05-21/protocol101_persistent-paper_2026-05-21.jsonl,1783,2026-05-21T17:18:01.101308+00:00,protocol101_persistent-paper_2026-05-21,paper-submit,,0,false,true,true,false,not_comparable,full_candidate_features;replay_candidate_set
/Users/gduby/Documents/autoresearch-trading/v4/logs/paper_trading/2026-05-21/protocol101_persistent-paper_2026-05-21.jsonl,1791,2026-05-21T17:19:03.584299+00:00,protocol101_persistent-paper_2026-05-21,paper-submit,,0,false,true,true,false,not_comparable,full_candidate_features;replay_candidate_set
/Users/gduby/Documents/autoresearch-trading/v4/logs/paper_trading/2026-05-21/protocol101_persistent-paper_2026-05-21.jsonl,1797,2026-05-21T17:20:00.098043+00:00,protocol101_persistent-paper_2026-05-21,paper-submit,,0,false,true,true,false,not_comparable,full_candidate_features;replay_candidate_set
/Users/gduby/Documents/autoresearch-trading/v4/logs/paper_trading/2026-05-21/protocol101_persistent-paper_2026-05-21.jsonl,1805,2026-05-21T17:21:00.482720+00:00,protocol101_persistent-paper_2026-05-21,paper-submit,,0,false,true,true,false,not_comparable,full_candidate_features;replay_candidate_set
/Users/gduby/Documents/autoresearch-trading/v4/logs/paper_trading/2026-05-21/protocol101_persistent-paper_2026-05-21.jsonl,1813,2026-05-21T17:22:00.200388+00:00,protocol101_persistent-paper_2026-05-21,paper-submit,,0,false,true,true,false,not_comparable,full_candidate_features;replay_candidate_set
/Users/gduby/Documents/autoresearch-trading/v4/logs/paper_trading/2026-05-21/protocol101_persistent-paper_2026-05-21.jsonl,1821,2026-05-21T17:23:00.981736+00:00,protocol101_persistent-paper_2026-05-21,paper-submit,,0,false,true,true,false,not_comparable,full_candidate_features;replay_candidate_set
/Users/gduby/Documents/autoresearch-trading/v4/logs/paper_trading/2026-05-21/protocol101_persistent-paper_2026-05-21.jsonl,1829,2026-05-21T17:24:00.474409+00:00,protocol101_persistent-paper_2026-05-21,paper-submit,,0,false,true,true,false,not_comparable,full_candidate_features;replay_candidate_set
/Users/gduby/Documents/autoresearch-trading/v4/logs/paper_trading/2026-05-21/protocol101_persistent-paper_2026-05-21.jsonl,1837,2026-05-21T17:25:00.850746+00:00,protocol101_persistent-paper_2026-05-21,paper-submit,,0,false,true,true,false,not_comparable,full_candidate_features;replay_candidate_set
/Users/gduby/Documents/autoresearch-trading/v4/logs/paper_trading/2026-05-21/protocol101_persistent-paper_2026-05-21.jsonl,1845,2026-05-21T17:26:01.000394+00:00,protocol101_persistent-paper_2026-05-21,paper-submit,,0,false,true,true,false,not_comparable,full_candidate_features;replay_candidate_set
/Users/gduby/Documents/autoresearch-trading/v4/logs/paper_trading/2026-05-21/protocol101_persistent-paper_2026-05-21.jsonl,1853,2026-05-21T17:27:00.374208+00:00,protocol101_persistent-paper_2026-05-21,paper-submit,,0,false,true,true,false,not_comparable,full_candidate_features;replay_candidate_set
/Users/gduby/Documents/autoresearch-trading/v4/logs/paper_trading/2026-05-21/protocol101_persistent-paper_2026-05-21.jsonl,1861,2026-05-21T17:28:00.887237+00:00,protocol101_persistent-paper_2026-05-21,paper-submit,,0,false,true,true,false,not_comparable,full_candidate_features;replay_candidate_set
/Users/gduby/Documents/autoresearch-trading/v4/logs/paper_trading/2026-05-21/protocol101_persistent-paper_2026-05-21.jsonl,1868,2026-05-21T17:29:00.430833+00:00,protocol101_persistent-paper_2026-05-21,paper-submit,,0,false,true,true,false,not_comparable,full_candidate_features;replay_candidate_set
/Users/gduby/Documents/autoresearch-trading/v4/logs/paper_trading/2026-05-21/protocol101_persistent-paper_2026-05-21.jsonl,1876,2026-05-21T17:30:00.822214+00:00,protocol101_persistent-paper_2026-05-21,paper-submit,,0,false,true,true,false,not_comparable,full_candidate_features;replay_candidate_set
/Users/gduby/Documents/autoresearch-trading/v4/logs/paper_trading/2026-05-21/protocol101_persistent-paper_2026-05-21.jsonl,1884,2026-05-21T17:31:00.308186+00:00,protocol101_persistent-paper_2026-05-21,paper-submit,,0,false,true,true,false,not_comparable,full_candidate_features;replay_candidate_set
/Users/gduby/Documents/autoresearch-trading/v4/logs/paper_trading/2026-05-21/protocol101_persistent-paper_2026-05-21.jsonl,1892,2026-05-21T17:32:00.739287+00:00,protocol101_persistent-paper_2026-05-21,paper-submit,,0,false,true,true,false,not_comparable,full_candidate_features;replay_candidate_set
/Users/gduby/Documents/autoresearch-trading/v4/logs/paper_trading/2026-05-21/protocol101_persistent-paper_2026-05-21.jsonl,1900,2026-05-21T17:33:00.193245+00:00,protocol101_persistent-paper_2026-05-21,paper-submit,,0,false,true,true,false,not_comparable,full_candidate_features;replay_candidate_set
/Users/gduby/Documents/autoresearch-trading/v4/logs/paper_trading/2026-05-21/protocol101_persistent-paper_2026-05-21.jsonl,1908,2026-05-21T17:34:00.836693+00:00,protocol101_persistent-paper_2026-05-21,paper-submit,,0,false,true,true,false,not_comparable,full_candidate_features;replay_candidate_set
/Users/gduby/Documents/autoresearch-trading/v4/logs/paper_trading/2026-05-21/protocol101_persistent-paper_2026-05-21.jsonl,1916,2026-05-21T17:35:00.323824+00:00,protocol101_persistent-paper_2026-05-21,paper-submit,,0,false,true,true,false,not_comparable,full_candidate_features;replay_candidate_set
/Users/gduby/Documents/autoresearch-trading/v4/logs/paper_trading/2026-05-21/protocol101_persistent-paper_2026-05-21.jsonl,1924,2026-05-21T17:36:01.034070+00:00,protocol101_persistent-paper_2026-05-21,paper-submit,,0,false,true,true,false,not_comparable,full_candidate_features;replay_candidate_set
/Users/gduby/Documents/autoresearch-trading/v4/logs/paper_trading/2026-05-21/protocol101_persistent-paper_2026-05-21.jsonl,1932,2026-05-21T17:37:02.756709+00:00,protocol101_persistent-paper_2026-05-21,paper-submit,,0,false,true,true,false,not_comparable,full_candidate_features;replay_candidate_set
/Users/gduby/Documents/autoresearch-trading/v4/logs/paper_trading/2026-05-21/protocol101_persistent-paper_2026-05-21.jsonl,1938,2026-05-21T17:38:00.274981+00:00,protocol101_persistent-paper_2026-05-21,paper-submit,,0,false,true,true,false,not_comparable,full_candidate_features;replay_candidate_set
/Users/gduby/Documents/autoresearch-trading/v4/logs/paper_trading/2026-05-21/protocol101_persistent-paper_2026-05-21.jsonl,1946,2026-05-21T17:39:00.786238+00:00,protocol101_persistent-paper_2026-05-21,paper-submit,,0,false,true,true,false,not_comparable,full_candidate_features;replay_candidate_set
/Users/gduby/Documents/autoresearch-trading/v4/logs/paper_trading/2026-05-21/protocol101_persistent-paper_2026-05-21.jsonl,1954,2026-05-21T17:40:00.410835+00:00,protocol101_persistent-paper_2026-05-21,paper-submit,,0,false,true,true,false,not_comparable,full_candidate_features;replay_candidate_set
/Users/gduby/Documents/autoresearch-trading/v4/logs/paper_trading/2026-05-21/protocol101_persistent-paper_2026-05-21.jsonl,1962,2026-05-21T17:41:00.903950+00:00,protocol101_persistent-paper_2026-05-21,paper-submit,,0,false,true,true,false,not_comparable,full_candidate_features;replay_candidate_set
/Users/gduby/Documents/autoresearch-trading/v4/logs/paper_trading/2026-05-21/protocol101_persistent-paper_2026-05-21.jsonl,1970,2026-05-21T17:42:00.449423+00:00,protocol101_persistent-paper_2026-05-21,paper-submit,,0,false,true,true,false,not_comparable,full_candidate_features;replay_candidate_set
/Users/gduby/Documents/autoresearch-trading/v4/logs/paper_trading/2026-05-21/protocol101_persistent-paper_2026-05-21.jsonl,1978,2026-05-21T17:43:00.903530+00:00,protocol101_persistent-paper_2026-05-21,paper-submit,,0,false,true,true,false,not_comparable,full_candidate_features;replay_candidate_set
/Users/gduby/Documents/autoresearch-trading/v4/logs/paper_trading/2026-05-21/protocol101_persistent-paper_2026-05-21.jsonl,1986,2026-05-21T17:44:00.477214+00:00,protocol101_persistent-paper_2026-05-21,paper-submit,,0,false,true,true,false,not_comparable,full_candidate_features;replay_candidate_set
/Users/gduby/Documents/autoresearch-trading/v4/logs/paper_trading/2026-05-21/protocol101_persistent-paper_2026-05-21.jsonl,1994,2026-05-21T17:45:00.206039+00:00,protocol101_persistent-paper_2026-05-21,paper-submit,,0,false,true,true,false,not_comparable,full_candidate_features;replay_candidate_set
/Users/gduby/Documents/autoresearch-trading/v4/logs/paper_trading/2026-05-21/protocol101_persistent-paper_2026-05-21.jsonl,2001,2026-05-21T17:46:00.893856+00:00,protocol101_persistent-paper_2026-05-21,paper-submit,,0,false,true,true,false,not_comparable,full_candidate_features;replay_candidate_set
/Users/gduby/Documents/autoresearch-trading/v4/logs/paper_trading/2026-05-21/protocol101_persistent-paper_2026-05-21.jsonl,2009,2026-05-21T17:47:00.404644+00:00,protocol101_persistent-paper_2026-05-21,paper-submit,,0,false,true,true,false,not_comparable,full_candidate_features;replay_candidate_set
/Users/gduby/Documents/autoresearch-trading/v4/logs/paper_trading/2026-05-21/protocol101_persistent-paper_2026-05-21.jsonl,2017,2026-05-21T17:48:00.954534+00:00,protocol101_persistent-paper_2026-05-21,paper-submit,,0,false,true,true,false,not_comparable,full_candidate_features;replay_candidate_set
/Users/gduby/Documents/autoresearch-trading/v4/logs/paper_trading/2026-05-21/protocol101_persistent-paper_2026-05-21.jsonl,2025,2026-05-21T17:49:00.275540+00:00,protocol101_persistent-paper_2026-05-21,paper-submit,,0,false,true,true,false,not_comparable,full_candidate_features;replay_candidate_set
/Users/gduby/Documents/autoresearch-trading/v4/logs/paper_trading/2026-05-21/protocol101_persistent-paper_2026-05-21.jsonl,2033,2026-05-21T17:50:00.827532+00:00,protocol101_persistent-paper_2026-05-21,paper-submit,,0,false,true,true,false,not_comparable,full_candidate_features;replay_candidate_set
/Users/gduby/Documents/autoresearch-trading/v4/logs/paper_trading/2026-05-21/protocol101_persistent-paper_2026-05-21.jsonl,2041,2026-05-21T17:51:00.396678+00:00,protocol101_persistent-paper_2026-05-21,paper-submit,,0,false,true,true,false,not_comparable,full_candidate_features;replay_candidate_set
/Users/gduby/Documents/autoresearch-trading/v4/logs/paper_trading/2026-05-21/protocol101_persistent-paper_2026-05-21.jsonl,2049,2026-05-21T17:52:00.307186+00:00,protocol101_persistent-paper_2026-05-21,paper-submit,,0,false,true,true,false,not_comparable,full_candidate_features;replay_candidate_set
/Users/gduby/Documents/autoresearch-trading/v4/logs/paper_trading/2026-05-21/protocol101_persistent-paper_2026-05-21.jsonl,2057,2026-05-21T17:53:00.700358+00:00,protocol101_persistent-paper_2026-05-21,paper-submit,,0,false,true,true,false,not_comparable,full_candidate_features;replay_candidate_set
/Users/gduby/Documents/autoresearch-trading/v4/logs/paper_trading/2026-05-21/protocol101_persistent-paper_2026-05-21.jsonl,2065,2026-05-21T17:54:00.137420+00:00,protocol101_persistent-paper_2026-05-21,paper-submit,,0,false,true,true,false,not_comparable,full_candidate_features;replay_candidate_set
/Users/gduby/Documents/autoresearch-trading/v4/logs/paper_trading/2026-05-21/protocol101_persistent-paper_2026-05-21.jsonl,2073,2026-05-21T17:55:03.536944+00:00,protocol101_persistent-paper_2026-05-21,paper-submit,,0,false,true,true,false,not_comparable,full_candidate_features;replay_candidate_set
/Users/gduby/Documents/autoresearch-trading/v4/logs/paper_trading/2026-05-21/protocol101_persistent-paper_2026-05-21.jsonl,2079,2026-05-21T17:56:00.893241+00:00,protocol101_persistent-paper_2026-05-21,paper-submit,,0,false,true,true,false,not_comparable,full_candidate_features;replay_candidate_set
/Users/gduby/Documents/autoresearch-trading/v4/logs/paper_trading/2026-05-21/protocol101_persistent-paper_2026-05-21.jsonl,2087,2026-05-21T17:57:00.454657+00:00,protocol101_persistent-paper_2026-05-21,paper-submit,,0,false,true,true,false,not_comparable,full_candidate_features;replay_candidate_set
/Users/gduby/Documents/autoresearch-trading/v4/logs/paper_trading/2026-05-21/protocol101_persistent-paper_2026-05-21.jsonl,2095,2026-05-21T17:58:00.592381+00:00,protocol101_persistent-paper_2026-05-21,paper-submit,,0,false,true,true,false,not_comparable,full_candidate_features;replay_candidate_set
/Users/gduby/Documents/autoresearch-trading/v4/logs/paper_trading/2026-05-21/protocol101_persistent-paper_2026-05-21.jsonl,2103,2026-05-21T17:59:00.702947+00:00,protocol101_persistent-paper_2026-05-21,paper-submit,,0,false,true,true,false,not_comparable,full_candidate_features;replay_candidate_set
/Users/gduby/Documents/autoresearch-trading/v4/logs/paper_trading/2026-05-21/protocol101_persistent-paper_2026-05-21.jsonl,2111,2026-05-21T18:00:00.993329+00:00,protocol101_persistent-paper_2026-05-21,paper-submit,,0,false,true,true,false,not_comparable,full_candidate_features;replay_candidate_set
/Users/gduby/Documents/autoresearch-trading/v4/logs/paper_trading/2026-05-21/protocol101_persistent-paper_2026-05-21.jsonl,2119,2026-05-21T18:01:00.226709+00:00,protocol101_persistent-paper_2026-05-21,paper-submit,,0,false,true,true,false,not_comparable,full_candidate_features;replay_candidate_set
/Users/gduby/Documents/autoresearch-trading/v4/logs/paper_trading/2026-05-21/protocol101_persistent-paper_2026-05-21.jsonl,2127,2026-05-21T18:02:00.808517+00:00,protocol101_persistent-paper_2026-05-21,paper-submit,,0,false,true,true,false,not_comparable,full_candidate_features;replay_candidate_set
/Users/gduby/Documents/autoresearch-trading/v4/logs/paper_trading/2026-05-21/protocol101_persistent-paper_2026-05-21.jsonl,2135,2026-05-21T18:03:00.252424+00:00,protocol101_persistent-paper_2026-05-21,paper-submit,,0,false,true,true,false,not_comparable,full_candidate_features;replay_candidate_set
/Users/gduby/Documents/autoresearch-trading/v4/logs/paper_trading/2026-05-21/protocol101_persistent-paper_2026-05-21.jsonl,2143,2026-05-21T18:04:00.494739+00:00,protocol101_persistent-paper_2026-05-21,paper-submit,,0,false,true,true,false,not_comparable,full_candidate_features;replay_candidate_set
/Users/gduby/Documents/autoresearch-trading/v4/logs/paper_trading/2026-05-21/protocol101_persistent-paper_2026-05-21.jsonl,2150,2026-05-21T18:05:01.077103+00:00,protocol101_persistent-paper_2026-05-21,paper-submit,,0,false,true,true,false,not_comparable,full_candidate_features;replay_candidate_set
/Users/gduby/Documents/autoresearch-trading/v4/logs/paper_trading/2026-05-21/protocol101_persistent-paper_2026-05-21.jsonl,2158,2026-05-21T18:06:00.415591+00:00,protocol101_persistent-paper_2026-05-21,paper-submit,,0,false,true,true,false,not_comparable,full_candidate_features;replay_candidate_set
/Users/gduby/Documents/autoresearch-trading/v4/logs/paper_trading/2026-05-21/protocol101_persistent-paper_2026-05-21.jsonl,2166,2026-05-21T18:07:00.675197+00:00,protocol101_persistent-paper_2026-05-21,paper-submit,,0,false,true,true,false,not_comparable,full_candidate_features;replay_candidate_set
/Users/gduby/Documents/autoresearch-trading/v4/logs/paper_trading/2026-05-21/protocol101_persistent-paper_2026-05-21.jsonl,2174,2026-05-21T18:08:00.820762+00:00,protocol101_persistent-paper_2026-05-21,paper-submit,,0,false,true,true,false,not_comparable,full_candidate_features;replay_candidate_set
/Users/gduby/Documents/autoresearch-trading/v4/logs/paper_trading/2026-05-21/protocol101_persistent-paper_2026-05-21.jsonl,2182,2026-05-21T18:09:00.987925+00:00,protocol101_persistent-paper_2026-05-21,paper-submit,,0,false,true,true,false,not_comparable,full_candidate_features;replay_candidate_set
/Users/gduby/Documents/autoresearch-trading/v4/logs/paper_trading/2026-05-21/protocol101_persistent-paper_2026-05-21.jsonl,2190,2026-05-21T18:10:00.455043+00:00,protocol101_persistent-paper_2026-05-21,paper-submit,,0,false,true,true,false,not_comparable,full_candidate_features;replay_candidate_set
/Users/gduby/Documents/autoresearch-trading/v4/logs/paper_trading/2026-05-21/protocol101_persistent-paper_2026-05-21.jsonl,2198,2026-05-21T18:11:00.152013+00:00,protocol101_persistent-paper_2026-05-21,paper-submit,,0,false,true,true,false,not_comparable,full_candidate_features;replay_candidate_set
/Users/gduby/Documents/autoresearch-trading/v4/logs/paper_trading/2026-05-21/protocol101_persistent-paper_2026-05-21.jsonl,2206,2026-05-21T18:12:00.575641+00:00,protocol101_persistent-paper_2026-05-21,paper-submit,,0,false,true,true,false,not_comparable,full_candidate_features;replay_candidate_set
/Users/gduby/Documents/autoresearch-trading/v4/logs/paper_trading/2026-05-21/protocol101_persistent-paper_2026-05-21.jsonl,2214,2026-05-21T18:13:00.774510+00:00,protocol101_persistent-paper_2026-05-21,paper-submit,,0,false,true,true,false,not_comparable,full_candidate_features;replay_candidate_set
/Users/gduby/Documents/autoresearch-trading/v4/logs/paper_trading/2026-05-21/protocol101_persistent-paper_2026-05-21.jsonl,2222,2026-05-21T18:14:03.946135+00:00,protocol101_persistent-paper_2026-05-21,paper-submit,,0,false,true,true,false,not_comparable,full_candidate_features;replay_candidate_set
/Users/gduby/Documents/autoresearch-trading/v4/logs/paper_trading/2026-05-21/protocol101_persistent-paper_2026-05-21.jsonl,2228,2026-05-21T18:15:00.289622+00:00,protocol101_persistent-paper_2026-05-21,paper-submit,,0,false,true,true,false,not_comparable,full_candidate_features;replay_candidate_set
/Users/gduby/Documents/autoresearch-trading/v4/logs/paper_trading/2026-05-21/protocol101_persistent-paper_2026-05-21.jsonl,2236,2026-05-21T18:16:00.448843+00:00,protocol101_persistent-paper_2026-05-21,paper-submit,,0,false,true,true,false,not_comparable,full_candidate_features;replay_candidate_set
/Users/gduby/Documents/autoresearch-trading/v4/logs/paper_trading/2026-05-21/protocol101_persistent-paper_2026-05-21.jsonl,2244,2026-05-21T18:17:00.670156+00:00,protocol101_persistent-paper_2026-05-21,paper-submit,,0,false,true,true,false,not_comparable,full_candidate_features;replay_candidate_set
/Users/gduby/Documents/autoresearch-trading/v4/logs/paper_trading/2026-05-21/protocol101_persistent-paper_2026-05-21.jsonl,2252,2026-05-21T18:18:01.059069+00:00,protocol101_persistent-paper_2026-05-21,paper-submit,,0,false,true,true,false,not_comparable,full_candidate_features;replay_candidate_set
/Users/gduby/Documents/autoresearch-trading/v4/logs/paper_trading/2026-05-21/protocol101_persistent-paper_2026-05-21.jsonl,2260,2026-05-21T18:19:00.234286+00:00,protocol101_persistent-paper_2026-05-21,paper-submit,,0,false,true,true,false,not_comparable,full_candidate_features;replay_candidate_set
/Users/gduby/Documents/autoresearch-trading/v4/logs/paper_trading/2026-05-21/protocol101_persistent-paper_2026-05-21.jsonl,2268,2026-05-21T18:20:00.783421+00:00,protocol101_persistent-paper_2026-05-21,paper-submit,,0,false,true,true,false,not_comparable,full_candidate_features;replay_candidate_set
/Users/gduby/Documents/autoresearch-trading/v4/logs/paper_trading/2026-05-21/protocol101_persistent-paper_2026-05-21.jsonl,2276,2026-05-21T18:21:00.354891+00:00,protocol101_persistent-paper_2026-05-21,paper-submit,,0,false,true,true,false,not_comparable,full_candidate_features;replay_candidate_set
/Users/gduby/Documents/autoresearch-trading/v4/logs/paper_trading/2026-05-21/protocol101_persistent-paper_2026-05-21.jsonl,2284,2026-05-21T18:22:00.658887+00:00,protocol101_persistent-paper_2026-05-21,paper-submit,,0,false,true,true,false,not_comparable,full_candidate_features;replay_candidate_set
/Users/gduby/Documents/autoresearch-trading/v4/logs/paper_trading/2026-05-21/protocol101_persistent-paper_2026-05-21.jsonl,2292,2026-05-21T18:23:00.860681+00:00,protocol101_persistent-paper_2026-05-21,paper-submit,,0,false,true,true,false,not_comparable,full_candidate_features;replay_candidate_set
/Users/gduby/Documents/autoresearch-trading/v4/logs/paper_trading/2026-05-21/protocol101_persistent-paper_2026-05-21.jsonl,2299,2026-05-21T18:24:01.032491+00:00,protocol101_persistent-paper_2026-05-21,paper-submit,,0,false,true,true,false,not_comparable,full_candidate_features;replay_candidate_set
/Users/gduby/Documents/autoresearch-trading/v4/logs/paper_trading/2026-05-21/protocol101_persistent-paper_2026-05-21.jsonl,2307,2026-05-21T18:25:00.236434+00:00,protocol101_persistent-paper_2026-05-21,paper-submit,,0,false,true,true,false,not_comparable,full_candidate_features;replay_candidate_set
/Users/gduby/Documents/autoresearch-trading/v4/logs/paper_trading/2026-05-21/protocol101_persistent-paper_2026-05-21.jsonl,2315,2026-05-21T18:26:00.389679+00:00,protocol101_persistent-paper_2026-05-21,paper-submit,,0,false,true,true,false,not_comparable,full_candidate_features;replay_candidate_set
/Users/gduby/Documents/autoresearch-trading/v4/logs/paper_trading/2026-05-21/protocol101_persistent-paper_2026-05-21.jsonl,2323,2026-05-21T18:27:01.021034+00:00,protocol101_persistent-paper_2026-05-21,paper-submit,,0,false,true,true,false,not_comparable,full_candidate_features;replay_candidate_set
/Users/gduby/Documents/autoresearch-trading/v4/logs/paper_trading/2026-05-21/protocol101_persistent-paper_2026-05-21.jsonl,2331,2026-05-21T18:28:00.572333+00:00,protocol101_persistent-paper_2026-05-21,paper-submit,,0,false,true,true,false,not_comparable,full_candidate_features;replay_candidate_set
/Users/gduby/Documents/autoresearch-trading/v4/logs/paper_trading/2026-05-21/protocol101_persistent-paper_2026-05-21.jsonl,2339,2026-05-21T18:29:00.134772+00:00,protocol101_persistent-paper_2026-05-21,paper-submit,,0,false,true,true,false,not_comparable,full_candidate_features;replay_candidate_set
/Users/gduby/Documents/autoresearch-trading/v4/logs/paper_trading/2026-05-21/protocol101_persistent-paper_2026-05-21.jsonl,2347,2026-05-21T18:30:00.683388+00:00,protocol101_persistent-paper_2026-05-21,paper-submit,,0,false,true,true,false,not_comparable,full_candidate_features;replay_candidate_set
/Users/gduby/Documents/autoresearch-trading/v4/logs/paper_trading/2026-05-21/protocol101_persistent-paper_2026-05-21.jsonl,2355,2026-05-21T18:31:00.144759+00:00,protocol101_persistent-paper_2026-05-21,paper-submit,,0,false,true,true,false,not_comparable,full_candidate_features;replay_candidate_set
/Users/gduby/Documents/autoresearch-trading/v4/logs/paper_trading/2026-05-21/protocol101_persistent-paper_2026-05-21.jsonl,2363,2026-05-21T18:32:01.496605+00:00,protocol101_persistent-paper_2026-05-21,paper-submit,,0,false,true,true,false,not_comparable,full_candidate_features;replay_candidate_set
/Users/gduby/Documents/autoresearch-trading/v4/logs/paper_trading/2026-05-21/protocol101_persistent-paper_2026-05-21.jsonl,2374,2026-05-21T18:34:00.992586+00:00,protocol101_persistent-paper_2026-05-21,paper-submit,,0,false,true,true,false,not_comparable,full_candidate_features;replay_candidate_set
/Users/gduby/Documents/autoresearch-trading/v4/logs/paper_trading/2026-05-21/protocol101_persistent-paper_2026-05-21.jsonl,2382,2026-05-21T18:35:00.389198+00:00,protocol101_persistent-paper_2026-05-21,paper-submit,,0,false,true,true,false,not_comparable,full_candidate_features;replay_candidate_set
/Users/gduby/Documents/autoresearch-trading/v4/logs/paper_trading/2026-05-21/protocol101_persistent-paper_2026-05-21.jsonl,2390,2026-05-21T18:36:00.830485+00:00,protocol101_persistent-paper_2026-05-21,paper-submit,,0,false,true,true,false,not_comparable,full_candidate_features;replay_candidate_set
/Users/gduby/Documents/autoresearch-trading/v4/logs/paper_trading/2026-05-21/protocol101_persistent-paper_2026-05-21.jsonl,2398,2026-05-21T18:37:01.046897+00:00,protocol101_persistent-paper_2026-05-21,paper-submit,,0,false,true,true,false,not_comparable,full_candidate_features;replay_candidate_set
/Users/gduby/Documents/autoresearch-trading/v4/logs/paper_trading/2026-05-21/protocol101_persistent-paper_2026-05-21.jsonl,2406,2026-05-21T18:38:00.223072+00:00,protocol101_persistent-paper_2026-05-21,paper-submit,,0,false,true,true,false,not_comparable,full_candidate_features;replay_candidate_set
/Users/gduby/Documents/autoresearch-trading/v4/logs/paper_trading/2026-05-21/protocol101_persistent-paper_2026-05-21.jsonl,2414,2026-05-21T18:39:00.413424+00:00,protocol101_persistent-paper_2026-05-21,paper-submit,,0,false,true,true,false,not_comparable,full_candidate_features;replay_candidate_set
/Users/gduby/Documents/autoresearch-trading/v4/logs/paper_trading/2026-05-21/protocol101_persistent-paper_2026-05-21.jsonl,2422,2026-05-21T18:40:00.623566+00:00,protocol101_persistent-paper_2026-05-21,paper-submit,,0,false,true,true,false,not_comparable,full_candidate_features;replay_candidate_set
/Users/gduby/Documents/autoresearch-trading/v4/logs/paper_trading/2026-05-21/protocol101_persistent-paper_2026-05-21.jsonl,2430,2026-05-21T18:41:00.112047+00:00,protocol101_persistent-paper_2026-05-21,paper-submit,,0,false,true,true,false,not_comparable,full_candidate_features;replay_candidate_set
/Users/gduby/Documents/autoresearch-trading/v4/logs/paper_trading/2026-05-21/protocol101_persistent-paper_2026-05-21.jsonl,2437,2026-05-21T18:42:01.017202+00:00,protocol101_persistent-paper_2026-05-21,paper-submit,,0,false,true,true,false,not_comparable,full_candidate_features;replay_candidate_set
/Users/gduby/Documents/autoresearch-trading/v4/logs/paper_trading/2026-05-21/protocol101_persistent-paper_2026-05-21.jsonl,2445,2026-05-21T18:43:00.318215+00:00,protocol101_persistent-paper_2026-05-21,paper-submit,,0,false,true,true,false,not_comparable,full_candidate_features;replay_candidate_set
/Users/gduby/Documents/autoresearch-trading/v4/logs/paper_trading/2026-05-21/protocol101_persistent-paper_2026-05-21.jsonl,2453,2026-05-21T18:44:00.560427+00:00,protocol101_persistent-paper_2026-05-21,paper-submit,,0,false,true,true,false,not_comparable,full_candidate_features;replay_candidate_set
/Users/gduby/Documents/autoresearch-trading/v4/logs/paper_trading/2026-05-21/protocol101_persistent-paper_2026-05-21.jsonl,2461,2026-05-21T18:45:01.011963+00:00,protocol101_persistent-paper_2026-05-21,paper-submit,,0,false,true,true,false,not_comparable,full_candidate_features;replay_candidate_set
/Users/gduby/Documents/autoresearch-trading/v4/logs/paper_trading/2026-05-21/protocol101_persistent-paper_2026-05-21.jsonl,2469,2026-05-21T18:46:00.481619+00:00,protocol101_persistent-paper_2026-05-21,paper-submit,,0,false,true,true,false,not_comparable,full_candidate_features;replay_candidate_set
/Users/gduby/Documents/autoresearch-trading/v4/logs/paper_trading/2026-05-21/protocol101_persistent-paper_2026-05-21.jsonl,2477,2026-05-21T18:47:00.968282+00:00,protocol101_persistent-paper_2026-05-21,paper-submit,,0,false,true,true,false,not_comparable,full_candidate_features;replay_candidate_set
/Users/gduby/Documents/autoresearch-trading/v4/logs/paper_trading/2026-05-21/protocol101_persistent-paper_2026-05-21.jsonl,2485,2026-05-21T18:48:00.283181+00:00,protocol101_persistent-paper_2026-05-21,paper-submit,,0,false,true,true,false,not_comparable,full_candidate_features;replay_candidate_set
/Users/gduby/Documents/autoresearch-trading/v4/logs/paper_trading/2026-05-21/protocol101_persistent-paper_2026-05-21.jsonl,2493,2026-05-21T18:49:00.487093+00:00,protocol101_persistent-paper_2026-05-21,paper-submit,,0,false,true,true,false,not_comparable,full_candidate_features;replay_candidate_set
/Users/gduby/Documents/autoresearch-trading/v4/logs/paper_trading/2026-05-21/protocol101_persistent-paper_2026-05-21.jsonl,2501,2026-05-21T18:50:00.786104+00:00,protocol101_persistent-paper_2026-05-21,paper-submit,,0,false,true,true,false,not_comparable,full_candidate_features;replay_candidate_set
/Users/gduby/Documents/autoresearch-trading/v4/logs/paper_trading/2026-05-21/protocol101_persistent-paper_2026-05-21.jsonl,2509,2026-05-21T18:51:02.012183+00:00,protocol101_persistent-paper_2026-05-21,paper-submit,,0,false,true,true,false,not_comparable,full_candidate_features;replay_candidate_set
/Users/gduby/Documents/autoresearch-trading/v4/logs/paper_trading/2026-05-21/protocol101_persistent-paper_2026-05-21.jsonl,2515,2026-05-21T18:52:00.308090+00:00,protocol101_persistent-paper_2026-05-21,paper-submit,,0,false,true,true,false,not_comparable,full_candidate_features;replay_candidate_set
/Users/gduby/Documents/autoresearch-trading/v4/logs/paper_trading/2026-05-21/protocol101_persistent-paper_2026-05-21.jsonl,2524,2026-05-21T18:53:00.923301+00:00,protocol101_persistent-paper_2026-05-21,paper-submit,,0,false,true,true,false,not_comparable,full_candidate_features;replay_candidate_set
/Users/gduby/Documents/autoresearch-trading/v4/logs/paper_trading/2026-05-21/protocol101_persistent-paper_2026-05-21.jsonl,2532,2026-05-21T18:54:00.351334+00:00,protocol101_persistent-paper_2026-05-21,paper-submit,,0,false,true,true,false,not_comparable,full_candidate_features;replay_candidate_set
