date,bar_of_day,global_bar,target_delta,spx_spot,skip_reason,contract_idx,contract_strike,contract_delta,contract_mid_at_entry
2022-04-11,143,143,0.4,4440.02978515625,,101,4445.0,0.42805877327919006,7.519999980926514
2022-04-11,143,143,0.5,4440.02978515625,,99,4440.0,0.5110520124435425,9.649999618530273
2022-04-13,100,490,0.4,4421.27001953125,,123,4430.0,0.3799879848957062,6.900000095367432
2022-04-13,100,490,0.5,4421.27001953125,,119,4420.0,0.5302636027336121,11.5
2022-04-18,108,888,0.4,4394.02001953125,,108,4400.0,0.42818522453308105,9.100000381469727
2022-04-18,108,888,0.5,4394.02001953125,,106,4395.0,0.49651116132736206,11.399999618530273
2022-04-20,137,1307,0.4,4473.85009765625,,128,4480.0,0.4046505093574524,6.599999904632568
2022-04-20,137,1307,0.5,4473.85009765625,,126,4475.0,0.4914291799068451,9.199999809265137
2022-04-22,93,1653,0.4,4332.68994140625,,129,4345.0,0.38186365365982056,10.119999885559082
2022-04-22,93,1653,0.5,4332.68994140625,,125,4335.0,0.48205360770225525,12.6899995803833
2022-04-25,120,2070,0.4,4216.89013671875,,72,4230.0,0.38860902190208435,11.800000190734863
2022-04-25,120,2070,0.5,4216.89013671875,,68,4220.0,0.4803522527217865,17.200000762939453
2022-04-27,128,2468,0.4,4216.990234375,,102,4230.0,0.39953139424324036,13.5
2022-04-27,128,2468,0.5,4216.990234375,,98,4220.0,0.4827910363674164,18.700000762939453
2022-04-29,45,2775,0.4,4253.75,,174,4270.0,0.383907675743103,13.699999809265137
2022-04-29,45,2775,0.5,4253.75,,168,4255.0,0.4984470307826996,20.06999969482422
2022-05-02,22,3142,0.4,4134.02001953125,no_delta_match,-1,0.0,0.0,0.0
2022-05-02,22,3142,0.5,4134.02001953125,no_delta_match,-1,0.0,0.0,0.0
2022-05-04,55,3565,0.4,4161.14990234375,,124,4180.0,0.40546131134033203,21.0
2022-05-04,55,3565,0.5,4161.14990234375,,116,4160.0,0.5136244893074036,30.200000762939453
2022-05-06,53,3953,0.4,4114.4599609375,,146,4135.0,0.3863798677921295,17.899999618530273
2022-05-06,53,3953,0.5,4114.4599609375,,138,4115.0,0.504084587097168,25.0
2022-05-09,133,4423,0.4,4025.27001953125,,88,4040.0,0.40326055884361267,16.100000381469727
2022-05-09,133,4423,0.5,4025.27001953125,,82,4025.0,0.5085645318031311,21.899999618530273
2022-05-11,139,4819,0.4,4031.909912109375,,114,4045.0,0.4103732407093048,15.800000190734863
2022-05-11,139,4819,0.5,4031.909912109375,,110,4035.0,0.48357200622558594,20.200000762939453
2022-05-13,15,5085,0.4,3980.64990234375,no_delta_match,-1,0.0,0.0,0.0
2022-05-13,15,5085,0.5,3980.64990234375,no_delta_match,-1,0.0,0.0,0.0
2022-05-16,82,5542,0.4,3997.4599609375,,110,4010.0,0.4089801013469696,14.699999809265137
2022-05-16,82,5542,0.5,3997.4599609375,,106,4000.0,0.48686352372169495,18.600000381469727
2022-05-17,126,5976,0.4,4066.090087890625,,79,4075.0,0.4073975384235382,10.199999809265137
2022-05-17,126,5976,0.5,4066.090087890625,,75,4065.0,0.5202316641807556,14.899999618530273
2022-05-18,32,6272,0.4,4023.31005859375,,119,4035.0,0.4086676836013794,13.5
2022-05-18,32,6272,0.5,4023.31005859375,,115,4025.0,0.49427664279937744,18.399999618530273
2022-05-19,123,6753,0.4,3911.43994140625,,80,3925.0,0.3836122155189514,11.5
2022-05-19,123,6753,0.5,3911.43994140625,,74,3910.0,0.5203390717506409,18.299999237060547
2022-05-20,31,7051,0.4,3928.929931640625,,151,3945.0,0.4026842713356018,17.200000762939453
2022-05-20,31,7051,0.5,3928.929931640625,,145,3930.0,0.5001884698867798,21.56999969482422
2022-05-23,78,7488,0.4,3953.679931640625,,119,3965.0,0.41338449716567993,14.100000381469727
2022-05-23,78,7488,0.5,3953.679931640625,,115,3955.0,0.49679192900657654,19.100000381469727
2022-05-24,126,7926,0.4,3891.409912109375,,81,3905.0,0.3812091052532196,11.199999809265137
2022-05-24,126,7926,0.5,3891.409912109375,,75,3890.0,0.5209367275238037,17.299999237060547
2022-05-25,56,8246,0.4,3962.739990234375,,119,3975.0,0.41455769538879395,15.5
2022-05-25,56,8246,0.5,3962.739990234375,,115,3965.0,0.49073439836502075,20.3700008392334
2022-05-26,61,8641,0.4,4037.330078125,,131,4050.0,0.3850100636482239,10.800000190734863
2022-05-26,61,8641,0.5,4037.330078125,,127,4040.0,0.4831697344779968,15.800000190734863
2022-05-27,52,9022,0.4,4125.72021484375,,185,4135.0,0.3956153690814972,8.899999618530273
2022-05-27,52,9022,0.5,4125.72021484375,,181,4125.0,0.5189684629440308,13.8100004196167
2022-05-31,112,9472,0.4,4124.419921875,,162,4135.0,0.3981523811817169,10.699999809265137
2022-05-31,112,9472,0.5,4124.419921875,,158,4125.0,0.5019841194152832,16.100000381469727
2022-06-01,49,9799,0.4,4111.919921875,,138,4125.0,0.3855021297931671,11.199999809265137
2022-06-01,49,9799,0.5,4111.919921875,,134,4115.0,0.4797166883945465,15.699999809265137
2022-06-03,149,10289,0.4,4107.10009765625,,130,4115.0,0.416891872882843,10.399999618530273
2022-06-03,149,10289,0.5,4107.10009765625,,128,4110.0,0.47311192750930786,12.199999809265137
2022-06-06,75,10605,0.4,4164.009765625,,132,4175.0,0.3711474537849426,7.900000095367432
2022-06-06,75,10605,0.5,4164.009765625,,128,4165.0,0.49750596284866333,12.600000381469727
2022-06-07,80,11000,0.4,4137.60986328125,,129,4145.0,0.4237791895866394,10.579999923706055
2022-06-07,80,11000,0.5,4137.60986328125,,127,4140.0,0.48104327917099,12.579999923706055
2022-06-08,83,11393,0.4,4149.5498046875,,115,4160.0,0.39047694206237793,9.5
2022-06-08,83,11393,0.5,4149.5498046875,,111,4150.0,0.5040032863616943,12.899999618530273
2022-06-09,94,11794,0.4,4087.89990234375,,87,4095.0,0.4250361919403076,10.399999618530273
2022-06-09,94,11794,0.5,4087.89990234375,,85,4090.0,0.48405614495277405,12.699999809265137
2022-06-10,90,12180,0.4,3911.889892578125,,114,3925.0,0.3844500780105591,11.170000076293945
2022-06-10,90,12180,0.5,3911.889892578125,,110,3915.0,0.47892388701438904,15.949999809265137
2022-06-13,84,12564,0.4,3762.969970703125,,56,3780.0,0.3853119909763336,14.699999809265137
2022-06-13,84,12564,0.5,3762.969970703125,,50,3765.0,0.49208196997642517,20.649999618530273
2022-06-14,150,13020,0.4,3742.68994140625,,79,3755.0,0.3882928192615509,11.100000381469727
2022-06-14,150,13020,0.5,3742.68994140625,,75,3745.0,0.4835940897464752,15.0
2022-06-15,124,13384,0.4,3766.10009765625,,113,3790.0,0.39283767342567444,22.600000381469727
2022-06-15,124,13384,0.5,3766.10009765625,,103,3765.0,0.5122330784797668,32.97999954223633
2022-06-16,122,13772,0.4,3676.14990234375,,94,3690.0,0.3852962851524353,12.0
2022-06-16,122,13772,0.5,3676.14990234375,,88,3675.0,0.5169325470924377,19.0
2022-06-17,110,14150,0.4,3674.590087890625,,139,3690.0,0.3862799406051636,13.5
2022-06-17,110,14150,0.5,3674.590087890625,,133,3675.0,0.5036380887031555,20.200000762939453
2022-06-21,99,14529,0.4,3774.6201171875,,133,3785.0,0.3754535913467407,7.900000095367432
2022-06-21,99,14529,0.5,3774.6201171875,,129,3775.0,0.5039244294166565,12.800000190734863
2022-06-22,61,14881,0.4,3785.199951171875,,117,3795.0,0.4003221094608307,10.100000381469727
2022-06-22,61,14881,0.5,3785.199951171875,,113,3785.0,0.5111741423606873,14.699999809265137
2022-06-23,149,15359,0.4,3766.300048828125,,100,3775.0,0.3986743688583374,8.899999618530273
2022-06-23,149,15359,0.5,3766.300048828125,,96,3765.0,0.5240263342857361,13.430000305175781
2022-06-24,78,15678,0.4,3877.949951171875,,156,3885.0,0.420597106218338,9.600000381469727
2022-06-24,78,15678,0.5,3877.949951171875,,154,3880.0,0.4836747646331787,12.0
2022-06-27,44,16034,0.4,3899.56005859375,,140,3910.0,0.4085029363632202,12.020000457763672
2022-06-27,44,16034,0.5,3899.56005859375,,136,3900.0,0.5044907927513123,16.799999237060547
2022-06-28,129,16509,0.4,3867.010009765625,,96,3875.0,0.4092114567756653,9.369999885559082
2022-06-28,129,16509,0.5,3867.010009765625,,94,3870.0,0.4713916480541229,11.800000190734863
2022-06-29,36,16806,0.4,3830.199951171875,,95,3840.0,0.4152512848377228,12.399999618530273
2022-06-29,36,16806,0.5,3830.199951171875,,91,3830.0,0.5106309056282043,17.219999313354492
2022-06-30,131,17291,0.4,3783.719970703125,,113,3795.0,0.4053199589252472,12.65999984741211
2022-06-30,131,17291,0.5,3783.719970703125,,109,3785.0,0.49551528692245483,17.700000762939453
2022-07-01,98,17648,0.4,3778.699951171875,,113,3790.0,0.38842493295669556,10.100000381469727
2022-07-01,98,17648,0.5,3778.699951171875,,109,3780.0,0.49401378631591797,14.430000305175781
2022-07-05,30,17970,0.4,3751.280029296875,,90,3760.0,0.42372405529022217,12.5
2022-07-05,30,17970,0.5,3751.280029296875,,86,3750.0,0.5206716656684875,18.0
2022-07-06,20,18350,0.4,3827.590087890625,no_delta_match,-1,0.0,0.0,0.0
2022-07-06,20,18350,0.5,3827.590087890625,no_delta_match,-1,0.0,0.0,0.0
2022-07-07,75,18795,0.4,3880.3701171875,,98,3890.0,0.37236469984054565,7.0
2022-07-07,75,18795,0.5,3880.3701171875,,94,3880.0,0.5148977041244507,12.300000190734863
2022-07-08,19,19129,0.4,3880.56005859375,no_delta_match,-1,0.0,0.0,0.0
2022-07-08,19,19129,0.5,3880.56005859375,no_delta_match,-1,0.0,0.0,0.0
2022-07-11,34,19534,0.4,3853.419921875,,97,3865.0,0.3873560130596161,10.100000381469727
2022-07-11,34,19534,0.5,3853.419921875,,93,3855.0,0.4924647808074951,14.399999618530273
2022-07-12,85,19975,0.4,3851.280029296875,,84,3860.0,0.38430535793304443,7.300000190734863
2022-07-12,85,19975,0.5,3851.280029296875,,80,3850.0,0.528718113899231,11.899999618530273
2022-07-13,146,20426,0.4,3802.47998046875,,105,3810.0,0.4206872582435608,10.5
2022-07-13,146,20426,0.5,3802.47998046875,,103,3805.0,0.4778345227241516,12.600000381469727
2022-07-14,78,20748,0.4,3733.35009765625,,55,3740.0,0.43343961238861084,11.199999809265137
2022-07-14,78,20748,0.5,3733.35009765625,,53,3735.0,0.4899299442768097,13.550000190734863
2022-07-15,124,21184,0.4,3855.64990234375,,137,3865.0,0.37982016801834106,7.5
2022-07-15,124,21184,0.5,3855.64990234375,,133,3855.0,0.5182253122329712,11.699999809265137
2022-07-18,139,21589,0.4,3892.169921875,,109,3900.0,0.3706258237361908,5.599999904632568
2022-07-18,139,21589,0.5,3892.169921875,,107,3895.0,0.45909780263900757,7.699999809265137
2022-07-19,126,21966,0.4,3908.68994140625,,103,3915.0,0.4046292006969452,6.829999923706055
2022-07-19,126,21966,0.5,3908.68994140625,,101,3910.0,0.4878943860530853,9.0
2022-07-20,100,22330,0.4,3964.52001953125,,130,3975.0,0.36917272210121155,7.400000095367432
2022-07-20,100,22330,0.5,3964.52001953125,,126,3965.0,0.5029231309890747,13.0
2022-07-21,75,22695,0.4,3944.739990234375,,101,3955.0,0.3958883285522461,10.0
2022-07-21,75,22695,0.5,3944.739990234375,,97,3945.0,0.5060762166976929,13.800000190734863
2022-07-22,84,23094,0.4,4001.909912109375,,181,4010.0,0.39492812752723694,7.699999809265137
2022-07-22,84,23094,0.5,4001.909912109375,,179,4005.0,0.4656912684440613,9.800000190734863
2022-07-25,51,23451,0.4,3961.97998046875,,118,3970.0,0.4084227383136749,9.100000381469727
2022-07-25,51,23451,0.5,3961.97998046875,,116,3965.0,0.4721854627132416,11.5
2022-07-26,82,23872,0.4,3935.3798828125,,84,3945.0,0.3735933005809784,7.099999904632568
2022-07-26,82,23872,0.5,3935.3798828125,,80,3935.0,0.5155393481254578,11.739999771118164
2022-07-27,66,24246,0.4,3968.7099609375,,114,3985.0,0.38801974058151245,14.5
2022-07-27,66,24246,0.5,3968.7099609375,,108,3970.0,0.4981781840324402,21.700000762939453
2022-07-28,48,24618,0.4,4001.60009765625,,119,4010.0,0.41231781244277954,10.100000381469727
2022-07-28,48,24618,0.5,4001.60009765625,,115,4000.0,0.5283406376838684,14.890000343322754
2022-07-29,150,25110,0.4,4107.1298828125,,200,4115.0,0.39072492718696594,7.199999809265137
2022-07-29,150,25110,0.5,4107.1298828125,,198,4110.0,0.4662605822086334,9.600000381469727
2022-08-01,16,25366,0.4,4113.4599609375,no_delta_match,-1,0.0,0.0,0.0
2022-08-01,16,25366,0.5,4113.4599609375,no_delta_match,-1,0.0,0.0,0.0
2022-08-02,28,25768,0.4,4098.22998046875,no_delta_match,-1,0.0,0.0,0.0
2022-08-02,28,25768,0.5,4098.22998046875,no_delta_match,-1,0.0,0.0,0.0
2022-08-03,41,26171,0.4,4134.81982421875,,145,4145.0,0.3785237967967987,7.900000095367432
2022-08-03,41,26171,0.5,4134.81982421875,,141,4135.0,0.5088365077972412,12.199999809265137
2022-08-04,146,26666,0.4,4152.9599609375,,112,4160.0,0.39875921607017517,7.099999904632568
2022-08-04,146,26666,0.5,4152.9599609375,,110,4155.0,0.4765525758266449,9.100000381469727
2022-08-05,109,27019,0.4,4128.2099609375,,155,4135.0,0.4006862938404083,6.929999828338623
2022-08-05,109,27019,0.5,4128.2099609375,,153,4130.0,0.48179054260253906,9.25
2022-08-08,134,27434,0.4,4148.14990234375,,133,4155.0,0.40700680017471313,7.699999809265137
2022-08-08,134,27434,0.5,4148.14990234375,,131,4150.0,0.4820883572101593,10.199999809265137
2022-08-09,42,27732,0.4,4121.97998046875,,108,4130.0,0.4031066596508026,8.399999618530273
2022-08-09,42,27732,0.5,4121.97998046875,,106,4125.0,0.469759076833725,10.399999618530273
2022-08-10,113,28193,0.4,4204.31005859375,,144,4210.0,0.42012616991996765,7.599999904632568
2022-08-10,113,28193,0.5,4204.31005859375,,142,4205.0,0.49962499737739563,9.899999618530273
2022-08-11,65,28535,0.4,4253.6201171875,,139,4260.0,0.40449634194374084,6.699999809265137
2022-08-11,65,28535,0.5,4253.6201171875,,137,4255.0,0.48956531286239624,9.0
2022-08-12,81,28941,0.4,4228.56982421875,,161,4235.0,0.4034055769443512,6.699999809265137
2022-08-12,81,28941,0.5,4228.56982421875,,159,4230.0,0.488122820854187,9.0
2022-08-15,15,29265,0.4,4264.97021484375,no_delta_match,-1,0.0,0.0,0.0
2022-08-15,15,29265,0.5,4264.97021484375,no_delta_match,-1,0.0,0.0,0.0
2022-08-16,98,29738,0.4,4287.75,,115,4295.0,0.38335058093070984,5.900000095367432
2022-08-16,98,29738,0.5,4287.75,,113,4290.0,0.4721633493900299,8.100000381469727
2022-08-17,127,30157,0.4,4263.7900390625,,137,4270.0,0.41687077283859253,7.980000019073486
2022-08-17,127,30157,0.5,4263.7900390625,,135,4265.0,0.4916611313819885,10.300000190734863
2022-08-18,105,30525,0.4,4278.35009765625,,108,4285.0,0.40018364787101746,6.699999809265137
2022-08-18,105,30525,0.5,4278.35009765625,,106,4280.0,0.48368555307388306,8.899999618530273
2022-08-19,36,30846,0.4,4240.6201171875,,179,4250.0,0.3968634009361267,9.100000381469727
2022-08-19,36,30846,0.5,4240.6201171875,,175,4240.0,0.5185418725013733,13.640000343322754
2022-08-22,87,31287,0.4,4150.97021484375,,105,4160.0,0.3757469356060028,6.800000190734863
2022-08-22,87,31287,0.5,4150.97021484375,,101,4150.0,0.5261556506156921,11.100000381469727
2022-08-23,51,31641,0.4,4156.64013671875,,97,4165.0,0.3884361982345581,7.25
2022-08-23,51,31641,0.5,4156.64013671875,,95,4160.0,0.46374768018722534,9.899999618530273
2022-08-24,146,32126,0.4,4154.47998046875,,113,4160.0,0.397862046957016,5.400000095367432
2022-08-24,146,32126,0.5,4154.47998046875,,111,4155.0,0.5008387565612793,7.699999809265137
2022-08-25,134,32504,0.4,4166.7900390625,,92,4175.0,0.3602586090564728,5.199999809265137
2022-08-25,134,32504,0.5,4166.7900390625,,88,4165.0,0.5437024235725403,9.899999618530273
2022-08-26,40,32800,0.4,4195.58984375,,179,4205.0,0.43013936281204224,15.0
2022-08-26,40,32800,0.5,4195.58984375,,175,4195.0,0.5136902928352356,19.200000762939453
2022-08-29,84,33234,0.4,4020.3701171875,,86,4030.0,0.3992716670036316,9.800000190734863
2022-08-29,84,33234,0.5,4020.3701171875,,82,4020.0,0.512734591960907,15.0
2022-08-30,142,33682,0.4,3990.860107421875,,83,4000.0,0.3933442533016205,8.699999809265137
2022-08-30,142,33682,0.5,3990.860107421875,,79,3990.0,0.5189116597175598,13.199999809265137
2022-08-31,130,34060,0.4,3986.139892578125,,100,3995.0,0.3895483911037445,8.0
2022-08-31,130,34060,0.5,3986.139892578125,,96,3985.0,0.5232831239700317,13.039999961853027
2022-09-01,111,34431,0.4,3916.3798828125,,78,3925.0,0.40180718898773193,9.100000381469727
2022-09-01,111,34431,0.5,3916.3798828125,,74,3915.0,0.5258440375328064,13.699999809265137
2022-09-02,102,34812,0.4,4010.199951171875,,122,4020.0,0.38162967562675476,8.0
2022-09-02,102,34812,0.5,4010.199951171875,,118,4010.0,0.5119368433952332,12.399999618530273
2022-09-06,20,35120,0.4,3915.830078125,no_delta_match,-1,0.0,0.0,0.0
2022-09-06,20,35120,0.5,3915.830078125,no_delta_match,-1,0.0,0.0,0.0
2022-09-07,115,35605,0.4,3944.590087890625,,99,3955.0,0.3739984333515167,7.800000190734863
2022-09-07,115,35605,0.5,3944.590087890625,,95,3945.0,0.5033935308456421,12.5
2022-09-08,79,35959,0.4,3994.889892578125,,104,4005.0,0.3871776759624481,8.8100004196167
2022-09-08,79,35959,0.5,3994.889892578125,,100,3995.0,0.5081154108047485,13.0
2022-09-09,27,36297,0.4,4039.070068359375,no_delta_match,-1,0.0,0.0,0.0
2022-09-09,27,36297,0.5,4039.070068359375,no_delta_match,-1,0.0,0.0,0.0
2022-09-12,48,36708,0.4,4116.5,,136,4125.0,0.4002135396003723,8.609999656677246
2022-09-12,48,36708,0.5,4116.5,,132,4115.0,0.5297890305519104,13.600000381469727
2022-09-13,88,37138,0.4,3986.409912109375,,100,3995.0,0.4106583297252655,10.199999809265137
2022-09-13,88,37138,0.5,3986.409912109375,,96,3985.0,0.5250902771949768,14.800000190734863
2022-09-14,113,37553,0.4,3951.2900390625,,112,3960.0,0.4125027358531952,10.699999809265137
2022-09-14,113,37553,0.5,3951.2900390625,,108,3950.0,0.5216501951217651,15.800000190734863
2022-09-15,84,37914,0.4,3916.89990234375,,88,3925.0,0.41893818974494934,10.850000381469727
2022-09-15,84,37914,0.5,3916.89990234375,,86,3920.0,0.474357932806015,13.199999809265137
2022-09-16,98,38318,0.4,3855.56005859375,,134,3865.0,0.41751623153686523,12.5
2022-09-16,98,38318,0.5,3855.56005859375,,130,3855.0,0.5132115483283997,16.799999237060547
2022-09-19,133,38743,0.4,3862.52001953125,,85,3870.0,0.4213050603866577,10.5
2022-09-19,133,38743,0.5,3862.52001953125,,83,3865.0,0.47803357243537903,12.300000190734863
2022-09-20,108,39108,0.4,3861.330078125,,85,3870.0,0.3962755799293518,8.5
2022-09-20,108,39108,0.5,3861.330078125,,81,3860.0,0.5262600183486938,13.100000381469727
2022-09-21,64,39454,0.4,3880.3701171875,,105,3900.0,0.41198447346687317,23.899999618530273
2022-09-21,64,39454,0.5,3880.3701171875,,97,3880.0,0.5091512203216553,33.0
2022-09-22,102,39882,0.4,3757.25,,78,3770.0,0.3798941373825073,10.300000190734863
2022-09-22,102,39882,0.5,3757.25,,74,3760.0,0.4799971878528595,14.75
2022-09-23,96,40266,0.4,3692.669921875,,95,3705.0,0.38316264748573303,10.350000381469727
2022-09-23,96,40266,0.5,3692.669921875,,91,3695.0,0.484701931476593,15.300000190734863
2022-09-26,29,40589,0.4,3699.800048828125,no_delta_match,-1,0.0,0.0,0.0
2022-09-26,29,40589,0.5,3699.800048828125,no_delta_match,-1,0.0,0.0,0.0
2022-09-27,23,40973,0.4,3701.6298828125,no_delta_match,-1,0.0,0.0,0.0
2022-09-27,23,40973,0.5,3701.6298828125,no_delta_match,-1,0.0,0.0,0.0
2022-09-28,104,41444,0.4,3681.60009765625,,103,3690.0,0.424034982919693,12.300000190734863
2022-09-28,104,41444,0.5,3681.60009765625,,99,3680.0,0.5225110054016113,17.8799991607666
2022-09-29,67,41797,0.4,3621.43994140625,,84,3635.0,0.3876288831233978,12.0
2022-09-29,67,41797,0.5,3621.43994140625,,78,3620.0,0.5204987525939941,19.0
2022-09-30,96,42216,0.4,3659.89990234375,,125,3670.0,0.4143933355808258,12.800000190734863
2022-09-30,96,42216,0.5,3659.89990234375,,121,3660.0,0.506460964679718,17.700000762939453
2022-10-03,58,42568,0.4,3658.110107421875,,104,3670.0,0.37510862946510315,9.0
2022-10-03,58,42568,0.5,3658.110107421875,,100,3660.0,0.48771917819976807,13.600000381469727
2022-10-04,45,42945,0.4,3782.320068359375,,135,3790.0,0.42556798458099365,11.300000190734863
2022-10-04,45,42945,0.5,3782.320068359375,,133,3785.0,0.47982656955718994,13.529999732971191
2022-10-05,35,43325,0.4,3737.830078125,,103,3750.0,0.3854655921459198,10.399999618530273
2022-10-05,35,43325,0.5,3737.830078125,,99,3740.0,0.48704585433006287,15.050000190734863
2022-10-06,66,43746,0.4,3750.760009765625,,102,3760.0,0.4193567931652069,12.5
2022-10-06,66,43746,0.5,3750.760009765625,,98,3750.0,0.5154207944869995,17.299999237060547
2022-10-07,126,44196,0.4,3669.52001953125,,112,3680.0,0.3900706171989441,9.600000381469727
2022-10-07,126,44196,0.5,3669.52001953125,,108,3670.0,0.5020534992218018,14.0
2022-10-10,69,44529,0.4,3613.239990234375,,91,3625.0,0.38437411189079285,9.970000267028809
2022-10-10,69,44529,0.5,3613.239990234375,,87,3615.0,0.4898355305194855,14.600000381469727
2022-10-11,66,44916,0.4,3586.43994140625,,80,3595.0,0.41291335225105286,10.5
2022-10-11,66,44916,0.5,3586.43994140625,,76,3585.0,0.5246365070343018,15.300000190734863
2022-10-12,93,45333,0.4,3597.18994140625,,93,3610.0,0.38113582134246826,10.5
2022-10-12,93,45333,0.5,3597.18994140625,,89,3600.0,0.47970208525657654,14.899999618530273
2022-10-13,148,45778,0.4,3637.6298828125,,129,3650.0,0.4051363170146942,13.899999618530273
2022-10-13,148,45778,0.5,3637.6298828125,,125,3640.0,0.48655861616134644,18.100000381469727
2022-10-14,68,46088,0.4,3632.139892578125,,135,3645.0,0.4137357473373413,16.1200008392334
2022-10-14,68,46088,0.5,3632.139892578125,,131,3635.0,0.4865616261959076,20.790000915527344
2022-10-17,95,46505,0.4,3667.889892578125,,133,3680.0,0.3818484842777252,10.0
2022-10-17,95,46505,0.5,3667.889892578125,,129,3670.0,0.4855848550796509,14.300000190734863
2022-10-18,74,46874,0.4,3729.080078125,,130,3740.0,0.39669445157051086,10.800000190734863
2022-10-18,74,46874,0.5,3729.080078125,,126,3730.0,0.49884411692619324,15.5
2022-10-19,97,47287,0.4,3710.159912109375,,126,3720.0,0.40366947650909424,10.699999809265137
2022-10-19,97,47287,0.5,3710.159912109375,,122,3710.0,0.5095551609992981,15.4399995803833
2022-10-20,75,47655,0.4,3721.580078125,,113,3730.0,0.4120868146419525,10.199999809265137
2022-10-20,75,47655,0.5,3721.580078125,,109,3720.0,0.526145875453949,15.399999618530273
2022-10-21,101,48071,0.4,3682.14990234375,,142,3695.0,0.38536953926086426,11.100000381469727
2022-10-21,101,48071,0.5,3682.14990234375,,138,3685.0,0.48002496361732483,15.399999618530273
2022-10-24,89,48449,0.4,3776.300048828125,,165,3785.0,0.4134756326675415,10.800000190734863
2022-10-24,89,48449,0.5,3776.300048828125,,161,3775.0,0.5223419666290283,15.600000381469727
2022-10-25,106,48856,0.4,3842.659912109375,,185,3850.0,0.4106573462486267,8.699999809265137
2022-10-25,106,48856,0.5,3842.659912109375,,183,3845.0,0.47762998938560486,11.0
2022-10-26,145,49285,0.4,3876.06005859375,,154,3885.0,0.37517207860946655,6.800000190734863
2022-10-26,145,49285,0.5,3876.06005859375,,150,3875.0,0.5245187878608704,11.390000343322754
2022-10-27,35,49565,0.4,3835.949951171875,,118,3845.0,0.4128044545650482,11.0
2022-10-27,35,49565,0.5,3835.949951171875,,114,3835.0,0.5191081762313843,16.100000381469727
2022-10-28,91,50011,0.4,3865.7900390625,,175,3875.0,0.3899521231651306,8.3100004196167
2022-10-28,91,50011,0.5,3865.7900390625,,171,3865.0,0.5198215842247009,12.699999809265137
2022-10-31,74,50384,0.4,3872.699951171875,,151,3885.0,0.3739352524280548,9.199999809265137
2022-10-31,74,50384,0.5,3872.699951171875,,147,3875.0,0.48263055086135864,13.100000381469727
2022-11-01,63,50763,0.4,3871.02001953125,,132,3880.0,0.39149659872055054,8.199999809265137
2022-11-01,63,50763,0.5,3871.02001953125,,128,3870.0,0.523518443107605,12.899999618530273
2022-11-02,47,51137,0.4,3833.239990234375,,129,3855.0,0.3916548788547516,20.200000762939453
2022-11-02,47,51137,0.5,3833.239990234375,,121,3835.0,0.497742235660553,28.299999237060547
2022-11-03,22,51502,0.4,3706.820068359375,no_delta_match,-1,0.0,0.0,0.0
2022-11-03,22,51502,0.5,3706.820068359375,no_delta_match,-1,0.0,0.0,0.0
2022-11-04,69,51939,0.4,3785.39990234375,,137,3795.0,0.3968189060688019,9.449999809265137
2022-11-04,69,51939,0.5,3785.39990234375,,133,3785.0,0.5135714411735535,14.300000190734863
2022-11-07,127,52387,0.4,3784.679931640625,,105,3790.0,0.43135663866996765,8.640000343322754
2022-11-07,127,52387,0.5,3784.679931640625,,103,3785.0,0.5041907429695129,10.75
2022-11-08,28,52678,0.4,3817.27001953125,no_delta_match,-1,0.0,0.0,0.0
2022-11-08,28,52678,0.5,3817.27001953125,no_delta_match,-1,0.0,0.0,0.0
2022-11-09,70,53110,0.4,3793.679931640625,,109,3805.0,0.39300066232681274,10.670000076293945
2022-11-09,70,53110,0.5,3793.679931640625,,105,3795.0,0.4952068328857422,15.800000190734863
2022-11-10,146,53576,0.4,3926.580078125,,168,3935.0,0.38933873176574707,7.599999904632568
2022-11-10,146,53576,0.5,3926.580078125,,164,3925.0,0.5294995903968811,12.800000190734863
2022-11-11,144,53964,0.4,3960.389892578125,,182,3970.0,0.37717849016189575,7.5
2022-11-11,144,53964,0.5,3960.389892578125,,178,3960.0,0.5136367678642273,12.020000457763672
2022-11-14,44,54254,0.4,3990.02001953125,,153,4000.0,0.39052584767341614,9.0
2022-11-14,44,54254,0.5,3990.02001953125,,149,3990.0,0.5102905035018921,13.699999809265137
2022-11-15,16,54616,0.4,4014.25,no_delta_match,-1,0.0,0.0,0.0
2022-11-15,16,54616,0.5,4014.25,no_delta_match,-1,0.0,0.0,0.0
2022-11-16,106,55096,0.4,3965.530029296875,,139,3975.0,0.3823741674423218,7.800000190734863
2022-11-16,106,55096,0.5,3965.530029296875,,135,3965.0,0.5161794424057007,12.520000457763672
2022-11-17,16,55396,0.4,3921.3798828125,no_delta_match,-1,0.0,0.0,0.0
2022-11-17,16,55396,0.5,3921.3798828125,no_delta_match,-1,0.0,0.0,0.0
2022-11-18,55,55825,0.4,3956.949951171875,,156,3965.0,0.4189916253089905,10.699999809265137
2022-11-18,55,55825,0.5,3956.949951171875,,154,3960.0,0.4748974144458771,12.899999618530273
2022-11-21,82,56242,0.4,3939.360107421875,,124,3945.0,0.4243004024028778,8.0
2022-11-21,82,56242,0.5,3939.360107421875,,122,3940.0,0.5009605288505554,10.300000190734863
2022-11-22,133,56683,0.4,3976.179931640625,,111,3980.0,0.4351528286933899,6.400000095367432
2022-11-22,133,56683,0.5,3976.179931640625,,109,3975.0,0.5352684855461121,8.760000228881836
2022-11-23,27,56967,0.4,4018.43994140625,no_delta_match,-1,0.0,0.0,0.0
2022-11-23,27,56967,0.5,4018.43994140625,no_delta_match,-1,0.0,0.0,0.0
2022-11-25,105,57435,0.4,4030.60009765625,no_delta_match,-1,0.0,0.0,0.0
2022-11-25,105,57435,0.5,4030.60009765625,no_delta_match,-1,0.0,0.0,0.0
2022-11-28,87,57627,0.4,3991.840087890625,,119,4000.0,0.3650311231613159,5.400000095367432
2022-11-28,87,57627,0.5,3991.840087890625,,117,3995.0,0.455256849527359,7.599999904632568
2022-11-29,32,57962,0.4,3961.820068359375,,95,3970.0,0.3816666901111603,6.5
2022-11-29,32,57962,0.5,3961.820068359375,,93,3965.0,0.46129634976387024,8.600000381469727
2022-11-30,130,58450,0.4,3956.68994140625,,122,3970.0,0.4097345471382141,15.899999618530273
2022-11-30,130,58450,0.5,3956.68994140625,,118,3960.0,0.4830031991004944,21.0
2022-12-01,129,58839,0.4,4072.090087890625,,146,4080.0,0.3938840329647064,7.5
2022-12-01,129,58839,0.5,4072.090087890625,,144,4075.0,0.4672551155090332,9.899999618530273
2022-12-02,80,59180,0.4,4046.409912109375,,152,4055.0,0.3891121447086334,7.599999904632568
2022-12-02,80,59180,0.5,4046.409912109375,,148,4045.0,0.5298589468002319,12.5
2022-12-05,143,59633,0.4,4020.02001953125,,123,4025.0,0.4153008759021759,6.199999809265137
2022-12-05,143,59633,0.5,4020.02001953125,,121,4020.0,0.5114001631736755,8.300000190734863
2022-12-06,97,59977,0.4,3956.780029296875,,92,3965.0,0.39527958631515503,7.900000095367432
2022-12-06,97,59977,0.5,3956.780029296875,,88,3955.0,0.5351132750511169,12.399999618530273
2022-12-07,137,60407,0.4,3934.14990234375,,99,3940.0,0.4197262227535248,7.900000095367432
2022-12-07,137,60407,0.5,3934.14990234375,,97,3935.0,0.4959804117679596,10.100000381469727
2022-12-08,145,60805,0.4,3964.659912109375,,115,3970.0,0.4122045934200287,6.400000095367432
2022-12-08,145,60805,0.5,3964.659912109375,,113,3965.0,0.5039316415786743,8.699999809265137
2022-12-09,92,61142,0.4,3972.530029296875,,128,3980.0,0.3950241208076477,7.099999904632568
2022-12-09,92,61142,0.5,3972.530029296875,,126,3975.0,0.4727729856967926,9.5
2022-12-12,53,61493,0.4,3943.7900390625,,110,3950.0,0.40941745042800903,7.0
2022-12-12,53,61493,0.5,3943.7900390625,,108,3945.0,0.4925401508808136,9.5
2022-12-13,34,61864,0.4,4083.5,,172,4095.0,0.4082869291305542,13.199999809265137
2022-12-13,34,61864,0.5,4083.5,,168,4085.0,0.495761901140213,18.200000762939453
2022-12-14,91,62311,0.4,4045.699951171875,,156,4070.0,0.3912319242954254,22.5
2022-12-14,91,62311,0.5,4045.699951171875,,146,4045.0,0.510351300239563,34.779998779296875
2022-12-15,41,62651,0.4,3911.080078125,,105,3920.0,0.4171941876411438,11.569999694824219
2022-12-15,41,62651,0.5,3911.080078125,,101,3910.0,0.5207383632659912,15.899999618530273
2022-12-16,117,63117,0.4,3841.489990234375,,143,3850.0,0.4026206135749817,9.100000381469727
2022-12-16,117,63117,0.5,3841.489990234375,,139,3840.0,0.5257011651992798,14.470000267028809
2022-12-19,141,63531,0.4,3828.6201171875,,90,3835.0,0.39495858550071716,6.099999904632568
2022-12-19,141,63531,0.5,3828.6201171875,,88,3830.0,0.4846503734588623,8.199999809265137
2022-12-20,48,63828,0.4,3825.419921875,,96,3835.0,0.38631564378738403,8.199999809265137
2022-12-20,48,63828,0.5,3825.419921875,,92,3825.0,0.5155981183052063,12.899999618530273
2022-12-21,90,64260,0.4,3884.10009765625,,107,3890.0,0.4112672507762909,6.900000095367432
2022-12-21,90,64260,0.5,3884.10009765625,,105,3885.0,0.49597978591918945,9.199999809265137
2022-12-22,21,64581,0.4,3830.510009765625,no_delta_match,-1,0.0,0.0,0.0
2022-12-22,21,64581,0.5,3830.510009765625,no_delta_match,-1,0.0,0.0,0.0
2022-12-23,39,64989,0.4,3810.489990234375,,96,3820.0,0.4112977385520935,11.350000381469727
2022-12-23,39,64989,0.5,3810.489990234375,,92,3810.0,0.5141075849533081,16.0
2022-12-27,66,65406,0.4,3840.35009765625,,100,3850.0,0.3729024827480316,7.050000190734863
2022-12-27,66,65406,0.5,3840.35009765625,,96,3840.0,0.515886664390564,11.300000190734863
2022-12-28,135,65865,0.4,3803.6298828125,,76,3810.0,0.3939399719238281,6.0
2022-12-28,135,65865,0.5,3803.6298828125,,74,3805.0,0.4845656454563141,8.0
2022-12-29,146,66266,0.4,3855.1201171875,,97,3860.0,0.40959611535072327,5.599999904632568
2022-12-29,146,66266,0.5,3855.1201171875,,95,3855.0,0.5132282376289368,8.100000381469727
2022-12-30,102,66612,0.4,3817.22998046875,,125,3825.0,0.3828982412815094,6.380000114440918
2022-12-30,102,66612,0.5,3817.22998046875,,123,3820.0,0.4652986526489258,8.699999809265137
2023-01-03,94,66994,0.4,3831.280029296875,,98,3840.0,0.3903946280479431,7.900000095367432
2023-01-03,94,66994,0.5,3831.280029296875,,94,3830.0,0.5272870063781738,12.399999618530273
2023-01-04,92,67382,0.4,3841.1298828125,,97,3850.0,0.41184544563293457,10.760000228881836
2023-01-04,92,67382,0.5,3841.1298828125,,93,3840.0,0.5202971696853638,15.699999809265137
2023-01-05,23,67703,0.4,3810.5,no_delta_match,-1,0.0,0.0,0.0
2023-01-05,23,67703,0.5,3810.5,no_delta_match,-1,0.0,0.0,0.0
2023-01-06,66,68136,0.4,3856.25,,131,3865.0,0.3971782624721527,8.600000381469727
2023-01-06,66,68136,0.5,3856.25,,127,3855.0,0.5255470275878906,13.5
2023-01-09,148,68608,0.4,3947.8701171875,,124,3955.0,0.3692592978477478,5.0
2023-01-09,148,68608,0.5,3947.8701171875,,122,3950.0,0.4683266282081604,7.199999809265137
2023-01-10,70,68920,0.4,3886.9599609375,,90,3895.0,0.40291517972946167,8.5
2023-01-10,70,68920,0.5,3886.9599609375,,88,3890.0,0.4706408381462097,11.199999809265137
2023-01-11,44,69284,0.4,3939.110107421875,,115,3945.0,0.4181525409221649,7.5
2023-01-11,44,69284,0.5,3939.110107421875,,113,3940.0,0.498098224401474,9.800000190734863
2023-01-12,47,69677,0.4,3978.449951171875,,142,3990.0,0.3816651403903961,9.399999618530273
2023-01-12,47,69677,0.5,3978.449951171875,,138,3980.0,0.4923722445964813,14.0
2023-01-13,112,70132,0.4,3974.699951171875,,139,3980.0,0.41861093044281006,6.900000095367432
2023-01-13,112,70132,0.5,3974.699951171875,,137,3975.0,0.5057031512260437,9.300000190734863
2023-01-17,20,70430,0.4,3997.820068359375,no_delta_match,-1,0.0,0.0,0.0
2023-01-17,20,70430,0.5,3997.820068359375,no_delta_match,-1,0.0,0.0,0.0
2023-01-18,146,70946,0.4,3958.010009765625,,96,3965.0,0.38615819811820984,6.0
2023-01-18,146,70946,0.5,3958.010009765625,,94,3960.0,0.4744369387626648,8.199999809265137
2023-01-19,134,71324,0.4,3886.1298828125,,95,3890.0,0.4414905607700348,7.360000133514404
2023-01-19,134,71324,0.5,3886.1298828125,,93,3885.0,0.5292835831642151,10.100000381469727
2023-01-20,92,71672,0.4,3925.8798828125,,124,3930.0,0.438003271818161,7.199999809265137
2023-01-20,92,71672,0.5,3925.8798828125,,122,3925.0,0.527309238910675,9.720000267028809
2023-01-23,78,72048,0.4,4011.199951171875,,130,4020.0,0.36595845222473145,5.900000095367432
2023-01-23,78,72048,0.5,4011.199951171875,,126,4010.0,0.5314458012580872,10.600000381469727
2023-01-24,118,72478,0.4,4018.419921875,,119,4025.0,0.3954920470714569,6.28000020980835
2023-01-24,118,72478,0.5,4018.419921875,,117,4020.0,0.4830252528190613,8.5
2023-01-25,89,72839,0.4,3961.7900390625,,109,3970.0,0.38943931460380554,7.300000190734863
2023-01-25,89,72839,0.5,3961.7900390625,,105,3960.0,0.537074089050293,11.899999618530273
2023-01-26,79,73219,0.4,4033.679931640625,,120,4040.0,0.4240950644016266,9.0
2023-01-26,79,73219,0.5,4033.679931640625,,118,4035.0,0.49221205711364746,11.399999618530273
2023-01-27,58,73588,0.4,4067.4599609375,,147,4075.0,0.40990161895751953,8.699999809265137
2023-01-27,58,73588,0.5,4067.4599609375,,145,4070.0,0.4760277271270752,10.699999809265137
2023-01-30,75,73995,0.4,4035.3701171875,,128,4045.0,0.3737487494945526,7.099999904632568
2023-01-30,75,73995,0.5,4035.3701171875,,124,4035.0,0.5159677267074585,11.600000381469727
2023-01-31,117,74427,0.4,4043.3701171875,,135,4050.0,0.3975312113761902,6.5
2023-01-31,117,74427,0.5,4043.3701171875,,133,4045.0,0.4827166199684143,8.699999809265137
2023-02-01,22,74722,0.4,4074.070068359375,no_delta_match,-1,0.0,0.0,0.0
2023-02-01,22,74722,0.5,4074.070068359375,no_delta_match,-1,0.0,0.0,0.0
2023-02-02,18,75108,0.4,4156.4501953125,no_delta_match,-1,0.0,0.0,0.0
2023-02-02,18,75108,0.5,4156.4501953125,no_delta_match,-1,0.0,0.0,0.0
2023-02-03,112,75592,0.4,4174.72021484375,,195,4185.0,0.371457576751709,7.449999809265137
2023-02-03,112,75592,0.5,4174.72021484375,,191,4175.0,0.5055928230285645,12.0
2023-02-06,65,75935,0.4,4098.39990234375,,124,4105.0,0.417906254529953,8.5
2023-02-06,65,75935,0.5,4098.39990234375,,122,4100.0,0.48833349347114563,10.800000190734863
2023-02-07,124,76384,0.4,4115.58984375,,131,4125.0,0.421505868434906,13.300000190734863
2023-02-07,124,76384,0.5,4115.58984375,,127,4115.0,0.5127377510070801,17.700000762939453
2023-02-08,19,76669,0.4,4149.52001953125,no_delta_match,-1,0.0,0.0,0.0
2023-02-08,19,76669,0.5,4149.52001953125,no_delta_match,-1,0.0,0.0,0.0
2023-02-09,138,77178,0.4,4123.22998046875,,112,4130.0,0.40197643637657166,7.099999904632568
2023-02-09,138,77178,0.5,4123.22998046875,,110,4125.0,0.480150431394577,8.800000190734863
2023-02-10,31,77461,0.4,4070.39990234375,,141,4080.0,0.4074905514717102,10.800000190734863
2023-02-10,31,77461,0.5,4070.39990234375,,137,4070.0,0.5140936374664307,15.399999618530273
2023-02-13,71,77891,0.4,4116.93017578125,,138,4125.0,0.3829784095287323,6.559999942779541
2023-02-13,71,77891,0.5,4116.93017578125,,136,4120.0,0.46287110447883606,8.800000190734863
2023-02-14,146,78356,0.4,4101.6298828125,,123,4110.0,0.40111035108566284,8.800000190734863
2023-02-14,146,78356,0.5,4101.6298828125,,119,4100.0,0.5283240675926208,13.800000190734863
2023-02-15,29,78629,0.4,4111.4501953125,no_delta_match,-1,0.0,0.0,0.0
2023-02-15,29,78629,0.5,4111.4501953125,no_delta_match,-1,0.0,0.0,0.0
2023-02-16,104,79094,0.4,4120.18994140625,,122,4125.0,0.43772244453430176,8.529999732971191
2023-02-16,104,79094,0.5,4120.18994140625,,120,4120.0,0.5131755471229553,10.960000038146973
2023-02-17,113,79493,0.4,4053.219970703125,,169,4060.0,0.41862761974334717,9.0
2023-02-17,113,79493,0.5,4053.219970703125,,167,4055.0,0.4848429560661316,11.0
2023-02-21,73,79843,0.4,4029.929931640625,,101,4040.0,0.3697579801082611,7.099999904632568
2023-02-21,73,79843,0.5,4029.929931640625,,97,4030.0,0.5098321437835693,11.170000076293945
2023-02-22,25,80185,0.4,4005.820068359375,no_delta_match,-1,0.0,0.0,0.0
2023-02-22,25,80185,0.5,4005.820068359375,no_delta_match,-1,0.0,0.0,0.0
2023-02-23,86,80636,0.4,3997.949951171875,,97,4005.0,0.4075376093387604,7.900000095367432
2023-02-23,86,80636,0.5,3997.949951171875,,95,4000.0,0.4804711639881134,10.199999809265137
2023-02-24,73,81013,0.4,3948.090087890625,,119,3955.0,0.42147502303123474,9.5
2023-02-24,73,81013,0.5,3948.090087890625,,117,3950.0,0.48527294397354126,11.800000190734863
2023-02-27,133,81463,0.4,3987.3798828125,,96,3995.0,0.374818354845047,5.699999809265137
2023-02-27,133,81463,0.5,3987.3798828125,,94,3990.0,0.4627971053123474,7.699999809265137
2023-02-28,107,81827,0.4,3987.85009765625,,124,3995.0,0.38883963227272034,6.28000020980835
2023-02-28,107,81827,0.5,3987.85009765625,,122,3990.0,0.4741203188896179,8.5
2023-03-01,61,82171,0.4,3948.429931640625,,81,3955.0,0.41197216510772705,7.75
2023-03-01,61,82171,0.5,3948.429931640625,,79,3950.0,0.4874058663845062,9.949999809265137
2023-03-02,22,82522,0.4,3938.10009765625,no_delta_match,-1,0.0,0.0,0.0
2023-03-02,22,82522,0.5,3938.10009765625,no_delta_match,-1,0.0,0.0,0.0
2023-03-03,95,82985,0.4,4013.080078125,,131,4020.0,0.3930041491985321,6.369999885559082
2023-03-03,95,82985,0.5,4013.080078125,,129,4015.0,0.47886067628860474,8.75
2023-03-06,53,83333,0.4,4070.300048828125,,136,4075.0,0.43194976449012756,7.300000190734863
2023-03-06,53,83333,0.5,4070.300048828125,,134,4070.0,0.5183980464935303,9.699999809265137
2023-03-07,107,83777,0.4,4009.800048828125,,116,4020.0,0.3737879991531372,7.599999904632568
2023-03-07,107,83777,0.5,4009.800048828125,,112,4010.0,0.5065575838088989,12.0
2023-03-08,132,84192,0.4,3990.830078125,,111,3995.0,0.43547505140304565,7.099999904632568
2023-03-08,132,84192,0.5,3990.830078125,,109,3990.0,0.5255516171455383,9.5
2023-03-09,63,84513,0.4,4009.280029296875,,126,4015.0,0.41447487473487854,6.900000095367432
2023-03-09,63,84513,0.5,4009.280029296875,,124,4010.0,0.5002378225326538,9.199999809265137
2023-03-10,137,84977,0.4,3908.889892578125,,134,3920.0,0.38267573714256287,9.300000190734863
2023-03-10,137,84977,0.5,3908.889892578125,,130,3910.0,0.49485528469085693,13.640000343322754
2023-03-13,85,85315,0.4,3868.280029296875,,114,3880.0,0.4190656840801239,15.920000076293945
2023-03-13,85,85315,0.5,3868.280029296875,,110,3870.0,0.49446848034858704,20.899999618530273
2023-03-14,87,85707,0.4,3928.97998046875,,139,3935.0,0.4284193515777588,9.220000267028809
2023-03-14,87,85707,0.5,3928.97998046875,,137,3930.0,0.4959597885608673,11.670000076293945
2023-03-15,119,86129,0.4,3864.06005859375,,119,3875.0,0.39456573128700256,10.600000381469727
2023-03-15,119,86129,0.5,3864.06005859375,,115,3865.0,0.4977904260158539,15.210000038146973
2023-03-16,122,86522,0.4,3928.3701171875,,130,3935.0,0.4298475384712219,10.600000381469727
2023-03-16,122,86522,0.5,3928.3701171875,,128,3930.0,0.48875588178634644,12.899999618530273
2023-03-17,138,86928,0.4,3908.169921875,,146,3915.0,0.4247618615627289,10.100000381469727
2023-03-17,138,86928,0.5,3908.169921875,,144,3910.0,0.48533356189727783,12.300000190734863
2023-03-20,150,87330,0.4,3940.8701171875,,122,3950.0,0.3812311589717865,7.480000019073486
2023-03-20,150,87330,0.5,3940.8701171875,,118,3940.0,0.5198389887809753,12.399999618530273
2023-03-21,35,87605,0.4,3988.06005859375,,125,3995.0,0.4155714511871338,8.600000381469727
2023-03-21,35,87605,0.5,3988.06005859375,,123,3990.0,0.4847581088542938,11.020000457763672
2023-03-22,71,88031,0.4,4010.60009765625,,134,4030.0,0.3932981491088867,18.459999084472656
2023-03-22,71,88031,0.5,4010.60009765625,,126,4010.0,0.510728120803833,27.700000762939453
2023-03-23,141,88491,0.4,3998.320068359375,,131,4005.0,0.40671080350875854,7.5
2023-03-23,141,88491,0.5,3998.320068359375,,129,4000.0,0.48411059379577637,10.25
2023-03-24,56,88796,0.4,3932.239990234375,,135,3945.0,0.39083239436149597,11.699999809265137
2023-03-24,56,88796,0.5,3932.239990234375,,131,3935.0,0.48313090205192566,16.40999984741211
2023-03-27,15,89145,0.4,4000.679931640625,no_delta_match,-1,0.0,0.0,0.0
2023-03-27,15,89145,0.5,4000.679931640625,no_delta_match,-1,0.0,0.0,0.0
2023-03-28,93,89613,0.4,3968.14990234375,,102,3975.0,0.40109196305274963,7.019999980926514
2023-03-28,93,89613,0.5,3968.14990234375,,100,3970.0,0.4811815619468689,9.300000190734863
2023-03-29,117,90027,0.4,4007.25,,105,4015.0,0.36044248938560486,4.889999866485596
2023-03-29,117,90027,0.5,4007.25,,103,4010.0,0.4587956368923187,7.199999809265137
2023-03-30,116,90416,0.4,4048.75,,117,4055.0,0.36952680349349976,4.300000190734863
2023-03-30,116,90416,0.5,4048.75,,115,4050.0,0.4851340353488922,6.599999904632568
2023-03-31,125,90815,0.4,4082.5,,173,4090.0,0.36877498030662537,5.199999809265137
2023-03-31,125,90815,0.5,4082.5,,171,4085.0,0.46340036392211914,7.300000190734863
2023-04-03,102,91182,0.4,4101.43994140625,,130,4110.0,0.35868194699287415,5.300000190734863
2023-04-03,102,91182,0.5,4101.43994140625,,126,4100.0,0.5377517938613892,9.899999618530273
2023-04-04,33,91503,0.4,4126.0,,129,4130.0,0.439859002828598,6.900000095367432
2023-04-04,33,91503,0.5,4126.0,,127,4125.0,0.5337527394294739,9.399999618530273
2023-04-05,130,91990,0.4,4085.5,,104,4090.0,0.4069633185863495,4.860000133514404
2023-04-05,130,91990,0.5,4085.5,,102,4085.0,0.5252085328102112,7.320000171661377
2023-04-06,71,92321,0.4,4077.8701171875,,130,4085.0,0.37946754693984985,5.5
2023-04-06,71,92321,0.5,4077.8701171875,,128,4080.0,0.473285973072052,7.699999809265137
2023-04-10,130,92770,0.4,4089.8798828125,,125,4095.0,0.3924008309841156,4.599999904632568
2023-04-10,130,92770,0.5,4089.8798828125,,123,4090.0,0.5109577775001526,6.809999942779541
2023-04-11,125,93155,0.4,4108.97021484375,,113,4115.0,0.3749954104423523,4.420000076293945
2023-04-11,125,93155,0.5,4108.97021484375,,111,4110.0,0.4896150529384613,6.519999980926514
2023-04-12,146,93566,0.4,4115.60986328125,,117,4120.0,0.42921045422554016,6.75
2023-04-12,146,93566,0.5,4115.60986328125,,115,4115.0,0.5221754312515259,9.0
2023-04-13,16,93826,0.4,4103.39013671875,no_delta_match,-1,0.0,0.0,0.0
2023-04-13,16,93826,0.5,4103.39013671875,no_delta_match,-1,0.0,0.0,0.0
2023-04-14,132,94332,0.4,4127.580078125,,146,4135.0,0.36214011907577515,4.769999980926514
2023-04-14,132,94332,0.5,4127.580078125,,144,4130.0,0.46269744634628296,6.900000095367432
2023-04-17,100,94690,0.4,4134.830078125,,124,4140.0,0.395938515663147,4.800000190734863
2023-04-17,100,94690,0.5,4134.830078125,,122,4135.0,0.5106251835823059,7.400000095367432
2023-04-18,81,95061,0.4,4146.33984375,,108,4150.0,0.44159695506095886,6.619999885559082
2023-04-18,81,95061,0.5,4146.33984375,,106,4145.0,0.540489137172699,9.039999961853027
2023-04-19,122,95492,0.4,4142.97021484375,no_delta_match,-1,0.0,0.0,0.0
2023-04-19,122,95492,0.5,4142.97021484375,,114,4145.0,0.46555522084236145,5.900000095367432
2023-04-20,144,95904,0.4,4136.91015625,,109,4140.0,0.43503475189208984,5.0
2023-04-20,144,95904,0.5,4136.91015625,no_delta_match,-1,0.0,0.0,0.0
2023-04-21,84,96234,0.4,4118.669921875,,153,4125.0,0.386707067489624,5.300000190734863
2023-04-21,84,96234,0.5,4118.669921875,,151,4120.0,0.4871598184108734,7.599999904632568
2023-04-24,26,96566,0.4,4140.31982421875,no_delta_match,-1,0.0,0.0,0.0
2023-04-24,26,96566,0.5,4140.31982421875,no_delta_match,-1,0.0,0.0,0.0
2023-04-25,113,97043,0.4,4109.10009765625,,103,4115.0,0.37105831503868103,4.099999904632568
2023-04-25,113,97043,0.5,4109.10009765625,,101,4110.0,0.4931447207927704,6.5
2023-04-26,46,97366,0.4,4070.659912109375,,87,4075.0,0.44064685702323914,7.800000190734863
2023-04-26,46,97366,0.5,4070.659912109375,,85,4070.0,0.5224568843841553,11.0
2023-04-27,45,97755,0.4,4096.10009765625,,114,4100.0,0.4386708438396454,6.599999904632568
2023-04-27,45,97755,0.5,4096.10009765625,,112,4095.0,0.5364264845848083,9.100000381469727
2023-04-28,41,98141,0.4,4151.4599609375,,157,4160.0,0.39255475997924805,7.800000190734863
2023-04-28,41,98141,0.5,4151.4599609375,,153,4150.0,0.5334447026252747,12.0
2023-05-01,41,98531,0.4,4173.169921875,,136,4180.0,0.37974271178245544,5.199999809265137
2023-05-01,41,98531,0.5,4173.169921875,,134,4175.0,0.47911354899406433,7.400000095367432
2023-05-02,138,99018,0.4,4103.35009765625,,115,4110.0,0.39325985312461853,6.199999809265137
2023-05-02,138,99018,0.5,4103.35009765625,,113,4105.0,0.48087939620018005,8.300000190734863
2023-05-03,64,99334,0.4,4126.1201171875,,123,4140.0,0.3935251832008362,13.199999809265137
2023-05-03,64,99334,0.5,4126.1201171875,,117,4125.0,0.5172220468521118,20.200000762939453
2023-05-04,29,99689,0.4,4066.9599609375,no_delta_match,-1,0.0,0.0,0.0
2023-05-04,29,99689,0.5,4066.9599609375,no_delta_match,-1,0.0,0.0,0.0
2023-05-05,39,100089,0.4,4119.66015625,,143,4125.0,0.4238635301589966,7.300000190734863
2023-05-05,39,100089,0.5,4119.66015625,,141,4120.0,0.5077831149101257,9.699999809265137
2023-05-08,68,100508,0.4,4128.06982421875,,110,4135.0,0.3727724552154541,4.909999847412109
2023-05-08,68,100508,0.5,4128.06982421875,,108,4130.0,0.4754166007041931,7.199999809265137
2023-05-09,62,100892,0.4,4121.9501953125,,103,4125.0,0.44895458221435547,6.099999904632568
2023-05-09,62,100892,0.5,4121.9501953125,no_delta_match,-1,0.0,0.0,0.0
2023-05-10,57,101277,0.4,4134.43017578125,,113,4140.0,0.41965705156326294,7.210000038146973
2023-05-10,57,101277,0.5,4134.43017578125,,111,4135.0,0.5033448338508606,9.5
2023-05-11,143,101753,0.4,4127.5,no_delta_match,-1,0.0,0.0,0.0
2023-05-11,143,101753,0.5,4127.5,,114,4130.0,0.45553892850875854,6.0
2023-05-12,132,102132,0.4,4117.3798828125,,145,4125.0,0.35025283694267273,4.300000190734863
2023-05-12,132,102132,0.5,4117.3798828125,,143,4120.0,0.4562227725982666,6.400000095367432
2023-05-15,92,102482,0.4,4124.22998046875,,119,4130.0,0.38156184554100037,4.5
2023-05-15,92,102482,0.5,4124.22998046875,,117,4125.0,0.4974822998046875,6.800000190734863
2023-05-16,149,102929,0.4,4126.14013671875,,102,4130.0,0.415771484375,4.699999809265137
2023-05-16,149,102929,0.5,4126.14013671875,,100,4125.0,0.541987419128418,7.199999809265137
2023-05-17,61,103231,0.4,4124.93017578125,,116,4130.0,0.40042728185653687,4.900000095367432
2023-05-17,61,103231,0.5,4124.93017578125,,114,4125.0,0.5151752829551697,7.199999809265137
2023-05-18,33,103593,0.4,4156.4501953125,,117,4165.0,0.35601186752319336,5.039999961853027
2023-05-18,33,103593,0.5,4156.4501953125,,113,4155.0,0.5425981879234314,9.569999694824219
2023-05-19,51,104001,0.4,4212.06005859375,,188,4220.0,0.38668516278266907,6.699999809265137
2023-05-19,51,104001,0.5,4212.06005859375,,186,4215.0,0.4662506580352783,9.0
2023-05-22,27,104367,0.4,4195.4501953125,no_delta_match,-1,0.0,0.0,0.0
2023-05-22,27,104367,0.5,4195.4501953125,no_delta_match,-1,0.0,0.0,0.0
2023-05-23,144,104874,0.4,4184.91015625,,118,4190.0,0.37952476739883423,3.9000000953674316
2023-05-23,144,104874,0.5,4184.91015625,,116,4185.0,0.5126348733901978,6.0
2023-05-24,44,105164,0.4,4115.1298828125,,98,4125.0,0.36977988481521606,6.900000095367432
2023-05-24,44,105164,0.5,4115.1298828125,,94,4115.0,0.5138270854949951,11.300000190734863
2023-05-25,75,105585,0.4,4143.330078125,,116,4150.0,0.39826545119285583,6.5
2023-05-25,75,105585,0.5,4143.330078125,,114,4145.0,0.48370450735092163,8.699999809265137
2023-05-26,42,105942,0.4,4183.31982421875,,165,4190.0,0.4023726284503937,6.800000190734863
2023-05-26,42,105942,0.5,4183.31982421875,,163,4185.0,0.48533499240875244,9.0
2023-05-30,148,106438,0.4,4210.009765625,,146,4215.0,0.39889031648635864,4.900000095367432
2023-05-30,148,106438,0.5,4210.009765625,,144,4210.0,0.5127832293510437,7.300000190734863
2023-05-31,36,106716,0.4,4182.2900390625,,145,4190.0,0.3806791603565216,6.0
2023-05-31,36,106716,0.5,4182.2900390625,,143,4185.0,0.46669477224349976,8.100000381469727
2023-06-01,85,107155,0.4,4198.18994140625,,129,4205.0,0.3646443486213684,4.400000095367432
2023-06-01,85,107155,0.5,4198.18994140625,,127,4200.0,0.4743724465370178,6.400000095367432
2023-06-02,144,107604,0.4,4274.97998046875,,188,4280.0,0.3955601453781128,4.699999809265137
2023-06-02,144,107604,0.5,4274.97998046875,,186,4275.0,0.5132960081100464,6.800000190734863
2023-06-05,85,107935,0.4,4290.669921875,,149,4295.0,0.41809800267219543,5.320000171661377
2023-06-05,85,107935,0.5,4290.669921875,,147,4290.0,0.5319658517837524,7.5
2023-06-06,137,108377,0.4,4283.3701171875,,125,4290.0,0.35030826926231384,3.700000047683716
2023-06-06,137,108377,0.5,4283.3701171875,,123,4285.0,0.47405460476875305,5.900000095367432
2023-06-07,136,108766,0.4,4279.2998046875,,134,4285.0,0.365032821893692,3.700000047683716
2023-06-07,136,108766,0.5,4279.2998046875,,132,4280.0,0.4966985583305359,5.800000190734863
2023-06-08,119,109139,0.4,4284.89990234375,,123,4290.0,0.3727332651615143,3.549999952316284
2023-06-08,119,109139,0.5,4284.89990234375,,121,4285.0,0.5147112607955933,5.800000190734863
2023-06-09,116,109526,0.4,4301.68017578125,,171,4305.0,0.4415900707244873,6.0
2023-06-09,116,109526,0.5,4301.68017578125,no_delta_match,-1,0.0,0.0,0.0
2023-06-12,93,109893,0.4,4308.43017578125,no_delta_match,-1,0.0,0.0,0.0
2023-06-12,93,109893,0.5,4308.43017578125,,137,4310.0,0.47612398862838745,5.5
2023-06-13,93,110283,0.4,4362.18017578125,,155,4370.0,0.36094868183135986,4.900000095367432
2023-06-13,93,110283,0.5,4362.18017578125,,153,4365.0,0.4576498568058014,6.900000095367432
2023-06-14,128,110708,0.4,4387.18994140625,,161,4400.0,0.37696999311447144,10.0
2023-06-14,128,110708,0.5,4387.18994140625,,157,4390.0,0.4785875082015991,14.199999809265137
2023-06-15,73,111043,0.4,4391.14013671875,,146,4395.0,0.43828362226486206,6.5
2023-06-15,73,111043,0.5,4391.14013671875,,144,4390.0,0.5378831624984741,8.899999618530273
2023-06-16,143,111503,0.4,4424.72021484375,,227,4430.0,0.40104201436042786,5.329999923706055
2023-06-16,143,111503,0.5,4424.72021484375,,225,4425.0,0.5066685676574707,7.699999809265137
2023-06-20,134,111884,0.4,4377.02001953125,,128,4380.0,0.4362477660179138,4.800000190734863
2023-06-20,134,111884,0.5,4377.02001953125,no_delta_match,-1,0.0,0.0,0.0
2023-06-21,65,112205,0.4,4370.27978515625,,112,4375.0,0.4277767241001129,6.789999961853027
2023-06-21,65,112205,0.5,4370.27978515625,,110,4370.0,0.5195460915565491,9.100000381469727
2023-06-22,70,112600,0.4,4365.419921875,,95,4370.0,0.4201539158821106,5.800000190734863
2023-06-22,70,112600,0.5,4365.419921875,,93,4365.0,0.5253980755805969,7.900000095367432
2023-06-23,112,113032,0.4,4348.72021484375,,138,4355.0,0.3635316491127014,4.0
2023-06-23,112,113032,0.5,4348.72021484375,,136,4350.0,0.48428478837013245,6.099999904632568
2023-06-26,140,113450,0.4,4346.43017578125,,106,4350.0,0.418233722448349,4.400000095367432
2023-06-26,140,113450,0.5,4346.43017578125,no_delta_match,-1,0.0,0.0,0.0
2023-06-27,28,113728,0.4,4342.080078125,no_delta_match,-1,0.0,0.0,0.0
2023-06-27,28,113728,0.5,4342.080078125,no_delta_match,-1,0.0,0.0,0.0
2023-06-28,24,114114,0.4,4362.83984375,no_delta_match,-1,0.0,0.0,0.0
2023-06-28,24,114114,0.5,4362.83984375,no_delta_match,-1,0.0,0.0,0.0
2023-06-29,48,114528,0.4,4384.18994140625,,109,4390.0,0.40117383003234863,5.699999809265137
2023-06-29,48,114528,0.5,4384.18994140625,,107,4385.0,0.49995625019073486,7.900000095367432
2023-06-30,73,114943,0.4,4441.2099609375,,201,4450.0,0.3556298613548279,5.199999809265137
2023-06-30,73,114943,0.5,4441.2099609375,,197,4440.0,0.5357618927955627,9.800000190734863
2023-07-03,37,115297,0.4,4450.9599609375,,128,4455.0,0.39542093873023987,3.4000000953674316
2023-07-03,37,115297,0.5,4450.9599609375,no_delta_match,-1,0.0,0.0,0.0
2023-07-05,85,115555,0.4,4451.9501953125,,130,4455.0,0.4362402558326721,4.699999809265137
2023-07-05,85,115555,0.5,4451.9501953125,no_delta_match,-1,0.0,0.0,0.0
2023-07-06,88,115948,0.4,4386.75,,105,4395.0,0.35410276055336,4.800000190734863
2023-07-06,88,115948,0.5,4386.75,,101,4385.0,0.5494242906570435,9.199999809265137
2023-07-07,144,116394,0.4,4414.6201171875,,162,4420.0,0.36057135462760925,3.299999952316284
2023-07-07,144,116394,0.5,4414.6201171875,,160,4415.0,0.5057986378669739,5.369999885559082
2023-07-10,116,116756,0.4,4399.31005859375,,109,4405.0,0.3707196116447449,3.9000000953674316
2023-07-10,116,116756,0.5,4399.31005859375,,107,4400.0,0.4988776445388794,6.5
2023-07-11,49,117079,0.4,4414.68017578125,,110,4420.0,0.402160108089447,5.21999979019165
2023-07-11,49,117079,0.5,4414.68017578125,,108,4415.0,0.5105810165405273,7.5
2023-07-12,121,117541,0.4,4480.3701171875,,123,4485.0,0.4003932774066925,4.5
2023-07-12,121,117541,0.5,4480.3701171875,,121,4480.0,0.5251606702804565,6.900000095367432
2023-07-13,124,117934,0.4,4493.259765625,no_delta_match,-1,0.0,0.0,0.0
2023-07-13,124,117934,0.5,4493.259765625,,125,4495.0,0.4687620997428894,5.099999904632568
2023-07-14,107,118307,0.4,4516.6201171875,,175,4520.0,0.43119508028030396,4.949999809265137
2023-07-14,107,118307,0.5,4516.6201171875,no_delta_match,-1,0.0,0.0,0.0
2023-07-17,107,118697,0.4,4514.43994140625,,142,4520.0,0.36668387055397034,3.5999999046325684
2023-07-17,107,118697,0.5,4514.43994140625,,140,4515.0,0.5031578540802002,5.699999809265137
2023-07-18,57,119037,0.4,4529.10986328125,,135,4535.0,0.3720884919166565,4.0
2023-07-18,57,119037,0.5,4529.10986328125,,133,4530.0,0.4975091516971588,6.099999904632568
2023-07-19,112,119482,0.4,4570.43017578125,,138,4575.0,0.40206778049468994,4.5
2023-07-19,112,119482,0.5,4570.43017578125,,136,4570.0,0.5285208225250244,6.699999809265137
2023-07-20,33,119793,0.4,4557.7998046875,,139,4565.0,0.3707686960697174,4.889999866485596
2023-07-20,33,119793,0.5,4557.7998046875,,137,4560.0,0.4724174439907074,7.010000228881836
2023-07-21,100,120250,0.4,4550.5,,209,4555.0,0.4053637981414795,4.599999904632568
2023-07-21,100,120250,0.5,4550.5,,207,4550.0,0.5298138856887817,7.0
2023-07-24,140,120680,0.4,4556.31982421875,,131,4560.0,0.4047515094280243,3.700000047683716
2023-07-24,140,120680,0.5,4556.31982421875,no_delta_match,-1,0.0,0.0,0.0
2023-07-25,147,121077,0.4,4566.7001953125,,121,4570.0,0.40952828526496887,3.5
2023-07-25,147,121077,0.5,4566.7001953125,no_delta_match,-1,0.0,0.0,0.0
2023-07-26,55,121375,0.4,4561.81005859375,,137,4570.0,0.4112243950366974,9.600000381469727
2023-07-26,55,121375,0.5,4561.81005859375,,135,4565.0,0.4722028076648712,11.949999809265137
2023-07-27,60,121770,0.4,4589.72021484375,,142,4595.0,0.39897018671035767,4.949999809265137
2023-07-27,60,121770,0.5,4589.72021484375,,140,4590.0,0.5118423700332642,7.300000190734863
2023-07-28,99,122199,0.4,4580.4501953125,,189,4585.0,0.4060925841331482,4.699999809265137
2023-07-28,99,122199,0.5,4580.4501953125,,187,4580.0,0.5282262563705444,7.099999904632568
2023-07-31,69,122559,0.4,4587.89013671875,,181,4595.0,0.352578729391098,3.9700000286102295
2023-07-31,69,122559,0.5,4587.89013671875,,179,4590.0,0.46873363852500916,6.099999904632568
2023-08-01,114,122994,0.4,4571.509765625,,118,4575.0,0.4270050525665283,4.800000190734863
2023-08-01,114,122994,0.5,4571.509765625,no_delta_match,-1,0.0,0.0,0.0
2023-08-02,42,123312,0.4,4533.009765625,,119,4540.0,0.39237910509109497,6.199999809265137
2023-08-02,42,123312,0.5,4533.009765625,,117,4535.0,0.47970911860466003,8.300000190734863
2023-08-03,37,123697,0.4,4498.3798828125,,110,4505.0,0.40056705474853516,6.5
2023-08-03,37,123697,0.5,4498.3798828125,,108,4500.0,0.4869775176048279,8.800000190734863
2023-08-04,21,124071,0.4,4520.5498046875,no_delta_match,-1,0.0,0.0,0.0
2023-08-04,21,124071,0.5,4520.5498046875,no_delta_match,-1,0.0,0.0,0.0
2023-08-07,78,124518,0.4,4505.259765625,,119,4510.0,0.41419145464897156,5.5
2023-08-07,78,124518,0.5,4505.259765625,,117,4505.0,0.5216341614723206,7.949999809265137
2023-08-08,43,124873,0.4,4472.5400390625,,109,4480.0,0.3926546275615692,6.699999809265137
2023-08-08,43,124873,0.5,4472.5400390625,,107,4475.0,0.4740276634693146,9.0
2023-08-09,55,125275,0.4,4493.08984375,,116,4500.0,0.3824734687805176,5.429999828338623
2023-08-09,55,125275,0.5,4493.08984375,,114,4495.0,0.4785436987876892,7.579999923706055
2023-08-10,139,125749,0.4,4489.1298828125,,122,4495.0,0.41501015424728394,7.300000190734863
2023-08-10,139,125749,0.5,4489.1298828125,,120,4490.0,0.49617841839790344,9.5
2023-08-11,125,126125,0.4,4454.7998046875,,142,4460.0,0.4200668931007385,6.869999885559082
2023-08-11,125,126125,0.5,4454.7998046875,,140,4455.0,0.5077507495880127,9.739999771118164
2023-08-14,129,126519,0.4,4480.68994140625,,116,4485.0,0.41571101546287537,5.199999809265137
2023-08-14,129,126519,0.5,4480.68994140625,,114,4480.0,0.5306344032287598,7.5
2023-08-15,95,126875,0.4,4455.0400390625,,98,4460.0,0.423037588596344,6.730000019073486
2023-08-15,95,126875,0.5,4455.0400390625,,96,4455.0,0.5141598582267761,8.899999618530273
2023-08-16,30,127200,0.4,4440.97998046875,,109,4450.0,0.3737100064754486,6.5
2023-08-16,30,127200,0.5,4440.97998046875,,105,4440.0,0.5296974778175354,10.899999618530273
2023-08-17,116,127676,0.4,4400.18994140625,,100,4405.0,0.42456793785095215,6.75
2023-08-17,116,127676,0.5,4400.18994140625,,98,4400.0,0.515565812587738,9.180000305175781
2023-08-18,97,128047,0.4,4359.580078125,,146,4365.0,0.42795148491859436,8.100000381469727
2023-08-18,97,128047,0.5,4359.580078125,,144,4360.0,0.5047613978385925,10.300000190734863
2023-08-21,138,128478,0.4,4363.490234375,,102,4370.0,0.3915664255619049,5.900000095367432
2023-08-21,138,128478,0.5,4363.490234375,,100,4365.0,0.48354870080947876,8.199999809265137
2023-08-22,80,128810,0.4,4398.31982421875,,109,4405.0,0.3984403908252716,6.5
2023-08-22,80,128810,0.5,4398.31982421875,,107,4400.0,0.48415306210517883,8.800000190734863
2023-08-23,38,129158,0.4,4414.2998046875,,111,4420.0,0.4171717166900635,7.0
2023-08-23,38,129158,0.5,4414.2998046875,,109,4415.0,0.5025971531867981,9.399999618530273
2023-08-24,95,129605,0.4,4413.33984375,,112,4420.0,0.39942824840545654,6.599999904632568
2023-08-24,95,129605,0.5,4413.33984375,,110,4415.0,0.48412156105041504,8.880000114440918
2023-08-25,77,129977,0.4,4362.81005859375,,114,4375.0,0.3787015974521637,9.609999656677246
2023-08-25,77,129977,0.5,4362.81005859375,,110,4365.0,0.4857844412326813,14.199999809265137
2023-08-28,104,130394,0.4,4421.259765625,,112,4425.0,0.4383661150932312,6.400000095367432
2023-08-28,104,130394,0.5,4421.259765625,,110,4420.0,0.5391080379486084,8.899999618530273
2023-08-29,66,130746,0.4,4473.4501953125,,123,4480.0,0.3885927200317383,5.550000190734863
2023-08-29,66,130746,0.5,4473.4501953125,,121,4475.0,0.4849488139152527,7.699999809265137
2023-08-30,56,131126,0.4,4499.39990234375,,126,4505.0,0.4171900153160095,6.900000095367432
2023-08-30,56,131126,0.5,4499.39990234375,,124,4500.0,0.5038989186286926,9.130000114440918
2023-08-31,32,131492,0.4,4526.10009765625,,180,4535.0,0.36220070719718933,5.599999904632568
2023-08-31,32,131492,0.5,4526.10009765625,,176,4525.0,0.5345949530601501,10.100000381469727
2023-09-01,145,131995,0.4,4503.31005859375,no_delta_match,-1,0.0,0.0,0.0
2023-09-01,145,131995,0.5,4503.31005859375,,144,4505.0,0.471971720457077,5.699999809265137
2023-09-05,117,132357,0.4,4509.06005859375,,135,4515.0,0.36682379245758057,3.9000000953674316
2023-09-05,117,132357,0.5,4509.06005859375,,133,4510.0,0.4925747513771057,6.0
2023-09-06,78,132708,0.4,4464.14013671875,,115,4470.0,0.3831769824028015,4.599999904632568
2023-09-06,78,132708,0.5,4464.14013671875,,113,4465.0,0.4973316192626953,6.900000095367432
2023-09-07,46,133066,0.4,4438.06982421875,,113,4445.0,0.38897618651390076,5.900000095367432
2023-09-07,46,133066,0.5,4438.06982421875,,111,4440.0,0.479801744222641,8.100000381469727
2023-09-08,100,133510,0.4,4463.39013671875,,128,4470.0,0.3655502498149872,4.300000190734863
2023-09-08,100,133510,0.5,4463.39013671875,,126,4465.0,0.47872820496559143,6.400000095367432
2023-09-11,71,133871,0.4,4476.68017578125,,113,4480.0,0.4345441162586212,5.0
2023-09-11,71,133871,0.5,4476.68017578125,no_delta_match,-1,0.0,0.0,0.0
2023-09-12,101,134291,0.4,4464.14013671875,,92,4470.0,0.3728718161582947,4.099999904632568
2023-09-12,101,134291,0.5,4464.14013671875,,90,4465.0,0.4958347976207733,6.5
2023-09-13,27,134607,0.4,4471.08984375,no_delta_match,-1,0.0,0.0,0.0
2023-09-13,27,134607,0.5,4471.08984375,no_delta_match,-1,0.0,0.0,0.0
2023-09-14,40,135010,0.4,4479.91015625,,114,4485.0,0.41682296991348267,6.099999904632568
2023-09-14,40,135010,0.5,4479.91015625,,112,4480.0,0.5146949887275696,8.529999732971191
2023-09-15,114,135474,0.4,4463.740234375,,174,4470.0,0.38740742206573486,5.300000190734863
2023-09-15,114,135474,0.5,4463.740234375,,172,4465.0,0.4878057837486267,7.400000095367432
2023-09-18,23,135773,0.4,4448.740234375,no_delta_match,-1,0.0,0.0,0.0
2023-09-18,23,135773,0.5,4448.740234375,no_delta_match,-1,0.0,0.0,0.0
2023-09-19,107,136247,0.4,4422.81982421875,no_delta_match,-1,0.0,0.0,0.0
2023-09-19,107,136247,0.5,4422.81982421875,,82,4425.0,0.46265968680381775,5.699999809265137
2023-09-20,70,136600,0.4,4454.0400390625,,94,4465.0,0.3759588301181793,8.300000190734863
2023-09-20,70,136600,0.5,4454.0400390625,,90,4455.0,0.4985509216785431,12.779999732971191
2023-09-21,15,136935,0.4,4365.7099609375,no_delta_match,-1,0.0,0.0,0.0
2023-09-21,15,136935,0.5,4365.7099609375,no_delta_match,-1,0.0,0.0,0.0
2023-09-22,118,137428,0.4,4354.68017578125,,120,4360.0,0.39335769414901733,4.800000190734863
2023-09-22,118,137428,0.5,4354.68017578125,,118,4355.0,0.5072106122970581,7.170000076293945
2023-09-25,110,137810,0.4,4328.14990234375,,101,4335.0,0.3838414251804352,5.599999904632568
2023-09-25,110,137810,0.5,4328.14990234375,,99,4330.0,0.47762060165405273,7.800000190734863
2023-09-26,125,138215,0.4,4286.81005859375,,89,4295.0,0.38117772340774536,6.599999904632568
2023-09-26,125,138215,0.5,4286.81005859375,,85,4285.0,0.5400087237358093,11.0
2023-09-27,136,138616,0.4,4264.08984375,,94,4270.0,0.4095045030117035,6.800000190734863
2023-09-27,136,138616,0.5,4264.08984375,,92,4265.0,0.4948502480983734,9.0
2023-09-28,114,138984,0.4,4295.6201171875,,118,4305.0,0.3696554899215698,6.619999885559082
2023-09-28,114,138984,0.5,4295.6201171875,,114,4295.0,0.5195154547691345,11.270000457763672
2023-09-29,129,139389,0.4,4308.64990234375,,161,4315.0,0.4154604375362396,8.0
2023-09-29,129,139389,0.5,4308.64990234375,,159,4310.0,0.4895332157611847,10.199999809265137
2023-10-02,30,139680,0.4,4290.08984375,,108,4295.0,0.43729743361473083,8.300000190734863
2023-10-02,30,139680,0.5,4290.08984375,,106,4290.0,0.5145411491394043,10.899999618530273
2023-10-03,139,140179,0.4,4224.1201171875,,82,4230.0,0.41886231303215027,7.800000190734863
2023-10-03,139,140179,0.5,4224.1201171875,,80,4225.0,0.4958763122558594,10.0
2023-10-04,139,140569,0.4,4247.72998046875,,90,4255.0,0.37945330142974854,5.71999979019165
2023-10-04,139,140569,0.5,4247.72998046875,,88,4250.0,0.46959027647972107,7.900000095367432
2023-10-05,109,140929,0.4,4229.669921875,,99,4235.0,0.4239243268966675,7.5
2023-10-05,109,140929,0.5,4229.669921875,,97,4230.0,0.50566166639328,9.8100004196167
2023-10-06,124,141334,0.4,4280.60986328125,,136,4290.0,0.3740873336791992,7.0
2023-10-06,124,141334,0.5,4280.60986328125,,132,4280.0,0.518635094165802,11.5
2023-10-09,115,141715,0.4,4295.7001953125,,117,4300.0,0.43385788798332214,7.0
2023-10-09,115,141715,0.5,4295.7001953125,,115,4295.0,0.5247091054916382,9.399999618530273
2023-10-10,134,142124,0.4,4382.31982421875,,147,4390.0,0.3633491098880768,5.0
2023-10-10,134,142124,0.5,4382.31982421875,,145,4385.0,0.46012458205223083,7.199999809265137
2023-10-11,135,142515,0.4,4358.81982421875,,127,4365.0,0.40831324458122253,7.0
2023-10-11,135,142515,0.5,4358.81982421875,,125,4360.0,0.49103429913520813,9.399999618530273
2023-10-12,86,142856,0.4,4371.89013671875,,142,4380.0,0.37520885467529297,6.0
2023-10-12,86,142856,0.5,4371.89013671875,,140,4375.0,0.45886728167533875,8.0
2023-10-13,126,143286,0.4,4335.33984375,,142,4345.0,0.3651733696460724,6.5
2023-10-13,126,143286,0.5,4335.33984375,,138,4335.0,0.5153905153274536,10.800000190734863
2023-10-16,139,143689,0.4,4371.669921875,,147,4380.0,0.35902169346809387,5.199999809265137
2023-10-16,139,143689,0.5,4371.669921875,,143,4370.0,0.5419489741325378,9.800000190734863
2023-10-17,55,143995,0.4,4361.89990234375,,125,4370.0,0.3896906077861786,7.099999904632568
2023-10-17,55,143995,0.5,4361.89990234375,,123,4365.0,0.465305358171463,9.300000190734863
2023-10-18,21,144351,0.4,4349.97998046875,no_delta_match,-1,0.0,0.0,0.0
2023-10-18,21,144351,0.5,4349.97998046875,no_delta_match,-1,0.0,0.0,0.0
2023-10-19,38,144758,0.4,4313.169921875,,121,4325.0,0.3822040855884552,9.649999618530273
2023-10-19,38,144758,0.5,4313.169921875,,117,4315.0,0.4900685250759125,13.970000267028809
2023-10-20,19,145129,0.4,4274.10009765625,no_delta_match,-1,0.0,0.0,0.0
2023-10-20,19,145129,0.5,4274.10009765625,no_delta_match,-1,0.0,0.0,0.0
2023-10-23,74,145574,0.4,4224.85986328125,,103,4235.0,0.3804304599761963,8.100000381469727
2023-10-23,74,145574,0.5,4224.85986328125,,99,4225.0,0.5084171891212463,12.600000381469727
2023-10-24,17,145907,0.4,4239.14013671875,no_delta_match,-1,0.0,0.0,0.0
2023-10-24,17,145907,0.5,4239.14013671875,no_delta_match,-1,0.0,0.0,0.0
2023-10-25,50,146330,0.4,4205.52001953125,,100,4215.0,0.3929655849933624,8.779999732971191
2023-10-25,50,146330,0.5,4205.52001953125,,96,4205.0,0.5175178050994873,13.0
2023-10-26,49,146719,0.4,4157.89990234375,,85,4170.0,0.37687546014785767,9.300000190734863
2023-10-26,49,146719,0.5,4157.89990234375,,81,4160.0,0.48611223697662354,13.399999618530273
2023-10-27,111,147171,0.4,4153.43994140625,,119,4160.0,0.4151742160320282,8.220000267028809
2023-10-27,111,147171,0.5,4153.43994140625,,117,4155.0,0.4872565269470215,10.5
2023-10-30,48,147498,0.4,4141.509765625,,106,4150.0,0.400250643491745,8.600000381469727
2023-10-30,48,147498,0.5,4141.509765625,,102,4140.0,0.531107485294342,13.100000381469727
2023-10-31,144,147984,0.4,4166.25,,105,4170.0,0.440186083316803,6.900000095367432
2023-10-31,144,147984,0.5,4166.25,,103,4165.0,0.5353814959526062,9.100000381469727
2023-11-01,40,148270,0.4,4206.490234375,,119,4220.0,0.37600046396255493,10.300000190734863
2023-11-01,40,148270,0.5,4206.490234375,,113,4205.0,0.5240879058837891,17.200000762939453
2023-11-02,147,148767,0.4,4298.97021484375,,139,4305.0,0.3736650347709656,4.369999885559082
2023-11-02,147,148767,0.5,4298.97021484375,,137,4300.0,0.48903194069862366,6.5
2023-11-03,92,149102,0.4,4351.6298828125,,176,4360.0,0.3614158034324646,5.300000190734863
2023-11-03,92,149102,0.5,4351.6298828125,,172,4350.0,0.541404128074646,10.199999809265137
2023-11-06,48,149448,0.4,4362.7900390625,,151,4370.0,0.3815295398235321,5.630000114440918
2023-11-06,48,149448,0.5,4362.7900390625,,149,4365.0,0.47391700744628906,7.820000171661377
2023-11-07,20,149810,0.4,4362.77001953125,no_delta_match,-1,0.0,0.0,0.0
2023-11-07,20,149810,0.5,4362.77001953125,no_delta_match,-1,0.0,0.0,0.0
2023-11-08,56,150236,0.4,4380.43017578125,,132,4385.0,0.42192012071609497,5.900000095367432
2023-11-08,56,150236,0.5,4380.43017578125,,130,4380.0,0.5254484415054321,8.199999809265137
2023-11-09,95,150665,0.4,4384.169921875,,141,4390.0,0.3908618688583374,5.090000152587891
2023-11-09,95,150665,0.5,4384.169921875,,139,4385.0,0.49719637632369995,7.400000095367432
2023-11-10,29,150989,0.4,4367.1298828125,no_delta_match,-1,0.0,0.0,0.0
2023-11-10,29,150989,0.5,4367.1298828125,no_delta_match,-1,0.0,0.0,0.0
2023-11-13,37,151387,0.4,4398.27978515625,,129,4405.0,0.38632893562316895,5.5
2023-11-13,37,151387,0.5,4398.27978515625,,127,4400.0,0.48242706060409546,7.550000190734863
2023-11-14,30,151770,0.4,4490.3701171875,,165,4495.0,0.4354420304298401,7.420000076293945
2023-11-14,30,151770,0.5,4490.3701171875,,163,4490.0,0.5212422609329224,10.0
2023-11-15,107,152237,0.4,4514.330078125,,168,4520.0,0.39002224802970886,4.889999866485596
2023-11-15,107,152237,0.5,4514.330078125,,166,4515.0,0.5003589391708374,7.199999809265137
2023-11-16,26,152546,0.4,4510.81982421875,no_delta_match,-1,0.0,0.0,0.0
2023-11-16,26,152546,0.5,4510.81982421875,no_delta_match,-1,0.0,0.0,0.0
2023-11-17,17,152927,0.4,4504.75,no_delta_match,-1,0.0,0.0,0.0
2023-11-17,17,152927,0.5,4504.75,no_delta_match,-1,0.0,0.0,0.0
2023-11-20,76,153376,0.4,4528.6201171875,no_delta_match,-1,0.0,0.0,0.0
2023-11-20,76,153376,0.5,4528.6201171875,,136,4530.0,0.48170045018196106,5.199999809265137
2023-11-21,57,153747,0.4,4528.31005859375,,135,4535.0,0.3679417073726654,4.400000095367432
2023-11-21,57,153747,0.5,4528.31005859375,,133,4530.0,0.47965437173843384,6.5
2023-11-22,92,154172,0.4,4555.2900390625,,142,4560.0,0.3952273428440094,4.199999809265137
2023-11-22,92,154172,0.5,4555.2900390625,,140,4555.0,0.52666175365448,6.5
2023-11-24,142,154612,0.4,4555.7900390625,no_delta_match,-1,0.0,0.0,0.0
2023-11-24,142,154612,0.5,4555.7900390625,no_delta_match,-1,0.0,0.0,0.0
2023-11-27,131,154811,0.4,4555.169921875,no_delta_match,-1,0.0,0.0,0.0
2023-11-27,131,154811,0.5,4555.169921875,,142,4555.0,0.5295897126197815,4.599999904632568
2023-11-28,88,155158,0.4,4556.5,,124,4560.0,0.421403169631958,4.300000190734863
2023-11-28,88,155158,0.5,4556.5,no_delta_match,-1,0.0,0.0,0.0
2023-11-29,102,155562,0.4,4561.97998046875,,122,4565.0,0.440592497587204,5.099999904632568
2023-11-29,102,155562,0.5,4561.97998046875,no_delta_match,-1,0.0,0.0,0.0
2023-11-30,125,155975,0.4,4546.27001953125,,153,4550.0,0.4203297793865204,4.699999809265137
2023-11-30,125,155975,0.5,4546.27001953125,,151,4545.0,0.5483332872390747,7.260000228881836
2023-12-01,74,156314,0.4,4564.990234375,,150,4570.0,0.4296688437461853,7.5
2023-12-01,74,156314,0.5,4564.990234375,,148,4565.0,0.5132467746734619,9.800000190734863
2023-12-04,104,156734,0.4,4550.580078125,,121,4555.0,0.40352362394332886,4.400000095367432
2023-12-04,104,156734,0.5,4550.580078125,,119,4550.0,0.5335206985473633,6.650000095367432
2023-12-05,44,157064,0.4,4564.33984375,,118,4570.0,0.3999702036380768,5.400000095367432
2023-12-05,44,157064,0.5,4564.33984375,,116,4565.0,0.5038848519325256,7.5
2023-12-06,98,157508,0.4,4574.35009765625,,115,4580.0,0.37460118532180786,4.0
2023-12-06,98,157508,0.5,4574.35009765625,,113,4575.0,0.5014399886131287,6.199999809265137
2023-12-07,47,157847,0.4,4577.169921875,no_delta_match,-1,0.0,0.0,0.0
2023-12-07,47,157847,0.5,4577.169921875,,116,4580.0,0.4543392062187195,5.980000019073486
2023-12-08,41,158231,0.4,4601.22998046875,,154,4605.0,0.43968528509140015,6.269999980926514
2023-12-08,41,158231,0.5,4601.22998046875,,152,4600.0,0.543973445892334,8.600000381469727
2023-12-11,118,158698,0.4,4606.919921875,,122,4610.0,0.42943286895751953,4.300000190734863
2023-12-11,118,158698,0.5,4606.919921875,no_delta_match,-1,0.0,0.0,0.0
2023-12-12,93,159063,0.4,4629.39990234375,,126,4635.0,0.36288461089134216,3.440000057220459
2023-12-12,93,159063,0.5,4629.39990234375,,124,4630.0,0.5034111738204956,5.699999809265137
2023-12-13,66,159426,0.4,4650.740234375,,146,4660.0,0.39169251918792725,8.399999618530273
2023-12-13,66,159426,0.5,4650.740234375,,142,4650.0,0.5209094285964966,13.0
2023-12-14,20,159770,0.4,4729.81005859375,no_delta_match,-1,0.0,0.0,0.0
2023-12-14,20,159770,0.5,4729.81005859375,no_delta_match,-1,0.0,0.0,0.0
2023-12-15,47,160187,0.4,4717.580078125,,263,4725.0,0.37773120403289795,5.5
2023-12-15,47,160187,0.5,4717.580078125,,261,4720.0,0.4701967239379883,7.5
2023-12-18,124,160654,0.4,4740.60986328125,,167,4745.0,0.3739601969718933,3.0
2023-12-18,124,160654,0.5,4740.60986328125,,165,4740.0,0.5428932309150696,5.340000152587891
2023-12-19,78,160998,0.4,4757.58984375,no_delta_match,-1,0.0,0.0,0.0
2023-12-19,78,160998,0.5,4757.58984375,,158,4760.0,0.4535685181617737,4.800000190734863
2023-12-20,145,161455,0.4,4771.72998046875,,159,4775.0,0.4153883159160614,3.740000009536743
2023-12-20,145,161455,0.5,4771.72998046875,no_delta_match,-1,0.0,0.0,0.0
2023-12-21,137,161837,0.4,4732.1298828125,,154,4740.0,0.3578217625617981,4.800000190734863
2023-12-21,137,161837,0.5,4732.1298828125,,152,4735.0,0.456411212682724,7.0
2023-12-22,131,162221,0.4,4760.68994140625,,204,4765.0,0.4149629771709442,5.099999904632568
2023-12-22,131,162221,0.5,4760.68994140625,,202,4760.0,0.5312837958335876,7.53000020980835
2023-12-26,17,162497,0.4,4767.5498046875,no_delta_match,-1,0.0,0.0,0.0
2023-12-26,17,162497,0.5,4767.5498046875,no_delta_match,-1,0.0,0.0,0.0
2023-12-27,21,162891,0.4,4778.509765625,no_delta_match,-1,0.0,0.0,0.0
2023-12-27,21,162891,0.5,4778.509765625,no_delta_match,-1,0.0,0.0,0.0
2023-12-28,93,163353,0.4,4787.97998046875,no_delta_match,-1,0.0,0.0,0.0
2023-12-28,93,163353,0.5,4787.97998046875,,150,4790.0,0.4664314389228821,5.400000095367432
2023-12-29,61,163711,0.4,4784.18994140625,,238,4790.0,0.38869932293891907,4.800000190734863
2023-12-29,61,163711,0.5,4784.18994140625,,236,4785.0,0.5005360245704651,7.099999904632568
2024-01-02,129,164169,0.4,4742.2900390625,,139,4745.0,0.44546815752983093,5.0
2024-01-02,129,164169,0.5,4742.2900390625,no_delta_match,-1,0.0,0.0,0.0
2024-01-03,58,164488,0.4,4714.1201171875,,120,4720.0,0.4077262580394745,6.300000190734863
2024-01-03,58,164488,0.5,4714.1201171875,,118,4715.0,0.49937760829925537,8.600000381469727
2024-01-04,35,164855,0.4,4712.56005859375,,125,4720.0,0.36447349190711975,4.699999809265137
2024-01-04,35,164855,0.5,4712.56005859375,,123,4715.0,0.46787887811660767,6.900000095367432
2024-01-05,30,165240,0.4,4705.22021484375,,162,4710.0,0.43608561158180237,7.730000019073486
2024-01-05,30,165240,0.5,4705.22021484375,,160,4705.0,0.5192186832427979,10.0
2024-01-08,55,165655,0.4,4715.41015625,,127,4720.0,0.4156962037086487,5.300000190734863
2024-01-08,55,165655,0.5,4715.41015625,,125,4715.0,0.5280231833457947,7.699999809265137
2024-01-09,100,166090,0.4,4744.1201171875,,126,4750.0,0.3771834075450897,4.300000190734863
2024-01-09,100,166090,0.5,4744.1201171875,,124,4745.0,0.49619317054748535,6.300000190734863
2024-01-10,32,166412,0.4,4758.02978515625,,129,4765.0,0.3745146691799164,4.900000095367432
2024-01-10,32,166412,0.5,4758.02978515625,,127,4760.0,0.47718730568885803,6.900000095367432
2024-01-11,123,166893,0.4,4745.06982421875,,140,4750.0,0.42768844962120056,7.269999980926514
2024-01-11,123,166893,0.5,4745.06982421875,,138,4745.0,0.5132161378860474,9.649999618530273
2024-01-12,56,167216,0.4,4780.14990234375,,179,4785.0,0.43295496702194214,7.519999980926514
2024-01-12,56,167216,0.5,4780.14990234375,,177,4780.0,0.5174131393432617,9.800000190734863
2024-01-16,57,167607,0.4,4776.2900390625,,147,4780.0,0.44381430745124817,6.699999809265137
2024-01-16,57,167607,0.5,4776.2900390625,,145,4775.0,0.5419750213623047,9.199999809265137
2024-01-17,105,168045,0.4,4741.64013671875,,126,4745.0,0.4469101130962372,6.599999904632568
2024-01-17,105,168045,0.5,4741.64013671875,,124,4740.0,0.5471352338790894,9.199999809265137
2024-01-18,132,168462,0.4,4762.1201171875,,140,4765.0,0.44620415568351746,5.5
2024-01-18,132,168462,0.5,4762.1201171875,no_delta_match,-1,0.0,0.0,0.0
2024-01-19,74,168794,0.4,4797.5,,264,4805.0,0.37455448508262634,5.400000095367432
2024-01-19,74,168794,0.5,4797.5,,262,4800.0,0.46749165654182434,7.400000095367432
2024-01-22,123,169233,0.4,4856.0,,170,4860.0,0.41859811544418335,4.900000095367432
2024-01-22,123,169233,0.5,4856.0,,168,4855.0,0.5422586798667908,7.199999809265137
2024-01-23,56,169556,0.4,4852.10986328125,,155,4860.0,0.350524365901947,4.309999942779541
2024-01-23,56,169556,0.5,4852.10986328125,,153,4855.0,0.45509135723114014,6.199999809265137
2024-01-24,32,169922,0.4,4883.2001953125,,155,4890.0,0.3699929118156433,4.5
2024-01-24,32,169922,0.5,4883.2001953125,,153,4885.0,0.4798325300216675,6.489999771118164
2024-01-25,127,170407,0.4,4893.35986328125,,144,4900.0,0.3629394769668579,4.199999809265137
2024-01-25,127,170407,0.5,4893.35986328125,,142,4895.0,0.4782644510269165,6.5
2024-01-26,119,170789,0.4,4902.41015625,,197,4910.0,0.3522642254829407,4.300000190734863
2024-01-26,119,170789,0.5,4902.41015625,,195,4905.0,0.45860645174980164,6.300000190734863
2024-01-29,117,171177,0.4,4892.5498046875,no_delta_match,-1,0.0,0.0,0.0
2024-01-29,117,171177,0.5,4892.5498046875,,139,4895.0,0.45248356461524963,5.0
2024-01-30,135,171585,0.4,4928.0498046875,no_delta_match,-1,0.0,0.0,0.0
2024-01-30,135,171585,0.5,4928.0498046875,,145,4930.0,0.4648687243461609,5.199999809265137
2024-01-31,82,171922,0.4,4880.91015625,,198,4890.0,0.4138728678226471,11.199999809265137
2024-01-31,82,171922,0.5,4880.91015625,,194,4880.0,0.5194657444953918,15.699999809265137
2024-02-01,41,172271,0.4,4872.740234375,,132,4880.0,0.3910401463508606,6.300000190734863
2024-02-01,41,172271,0.5,4872.740234375,,130,4875.0,0.4767831563949585,8.5
2024-02-02,94,172714,0.4,4933.490234375,,204,4940.0,0.39510664343833923,6.0
2024-02-02,94,172714,0.5,4933.490234375,,202,4935.0,0.4866470992565155,8.199999809265137
2024-02-05,93,173103,0.4,4924.009765625,,159,4930.0,0.39955201745033264,5.800000190734863
2024-02-05,93,173103,0.5,4924.009765625,,157,4925.0,0.49600207805633545,8.0
2024-02-06,67,173467,0.4,4944.77001953125,,135,4950.0,0.41800129413604736,6.400000095367432
2024-02-06,67,173467,0.5,4944.77001953125,,133,4945.0,0.5117589235305786,8.800000190734863
2024-02-07,101,173891,0.4,4990.009765625,,159,4995.0,0.4172615706920624,6.099999904632568
2024-02-07,101,173891,0.5,4990.009765625,,157,4990.0,0.5153756141662598,8.5
2024-02-08,50,174230,0.4,4994.43017578125,,139,5000.0,0.4034857749938965,5.5
2024-02-08,50,174230,0.5,4994.43017578125,,137,4995.0,0.5069539546966553,7.699999809265137
2024-02-09,97,174667,0.4,5015.41015625,,198,5020.0,0.4034951627254486,4.5
2024-02-09,97,174667,0.5,5015.41015625,,196,5015.0,0.5300551056861877,6.849999904632568
2024-02-12,122,175082,0.4,5047.740234375,,172,5055.0,0.3546771705150604,4.199999809265137
2024-02-12,122,175082,0.5,5047.740234375,,170,5050.0,0.46505263447761536,6.25
2024-02-13,28,175378,0.4,4953.06005859375,no_delta_match,-1,0.0,0.0,0.0
2024-02-13,28,175378,0.5,4953.06005859375,no_delta_match,-1,0.0,0.0,0.0
2024-02-14,76,175816,0.4,4983.16015625,,161,4990.0,0.38473019003868103,5.5
2024-02-14,76,175816,0.5,4983.16015625,,159,4985.0,0.48060446977615356,7.699999809265137
2024-02-15,104,176234,0.4,5004.41015625,,158,5010.0,0.4138284921646118,6.599999904632568
2024-02-15,104,176234,0.5,5004.41015625,,156,5005.0,0.5033756494522095,8.899999618530273
2024-02-16,21,176541,0.4,5016.0,no_delta_match,-1,0.0,0.0,0.0
2024-02-16,21,176541,0.5,5016.0,no_delta_match,-1,0.0,0.0,0.0
2024-02-20,100,177010,0.4,4976.97021484375,,157,4985.0,0.3688202202320099,5.46999979019165
2024-02-20,100,177010,0.5,4976.97021484375,,155,4980.0,0.4594450891017914,7.699999809265137
2024-02-21,139,177439,0.4,4967.7001953125,,128,4975.0,0.3687902092933655,5.0
2024-02-21,139,177439,0.5,4967.7001953125,,126,4970.0,0.46641412377357483,6.900000095367432
2024-02-22,127,177817,0.4,5066.419921875,,176,5070.0,0.4430130422115326,6.599999904632568
2024-02-22,127,177817,0.5,5066.419921875,,174,5065.0,0.5424010753631592,9.100000381469727
2024-02-23,108,178188,0.4,5085.25,,220,5090.0,0.42989781498908997,7.099999904632568
2024-02-23,108,178188,0.5,5085.25,,218,5085.0,0.5180160403251648,9.600000381469727
2024-02-26,124,178594,0.4,5083.1201171875,,165,5090.0,0.3578073978424072,4.099999904632568
2024-02-26,124,178594,0.5,5083.1201171875,,163,5085.0,0.47270864248275757,6.199999809265137
2024-02-27,64,178924,0.4,5070.97021484375,,136,5075.0,0.42940375208854675,5.599999904632568
2024-02-27,64,178924,0.5,5070.97021484375,,134,5070.0,0.5413479804992676,8.020000457763672
2024-02-28,59,179309,0.4,5065.31005859375,,130,5070.0,0.41742369532585144,5.519999980926514
2024-02-28,59,179309,0.5,5065.31005859375,,128,5065.0,0.5263850688934326,7.800000190734863
2024-02-29,26,179666,0.4,5093.759765625,no_delta_match,-1,0.0,0.0,0.0
2024-02-29,26,179666,0.5,5093.759765625,no_delta_match,-1,0.0,0.0,0.0
2024-03-01,113,180143,0.4,5119.43994140625,,196,5125.0,0.38968849182128906,4.699999809265137
2024-03-01,113,180143,0.5,5119.43994140625,,194,5120.0,0.5043888092041016,7.0
2024-03-04,57,180477,0.4,5132.9501953125,no_delta_match,-1,0.0,0.0,0.0
2024-03-04,57,180477,0.5,5132.9501953125,,160,5135.0,0.46916380524635315,5.400000095367432
2024-03-05,132,180942,0.4,5083.72021484375,,134,5090.0,0.37336084246635437,4.449999809265137
2024-03-05,132,180942,0.5,5083.72021484375,,132,5085.0,0.4861188232898712,6.400000095367432
2024-03-06,78,181278,0.4,5105.490234375,,141,5110.0,0.4387686550617218,7.699999809265137
2024-03-06,78,181278,0.5,5105.490234375,,139,5105.0,0.5230730175971985,10.0
2024-03-07,136,181726,0.4,5147.72998046875,,162,5155.0,0.3660259544849396,4.800000190734863
2024-03-07,136,181726,0.5,5147.72998046875,,160,5150.0,0.46794813871383667,7.0
2024-03-08,33,182013,0.4,5186.14990234375,,217,5195.0,0.376624196767807,6.5
2024-03-08,33,182013,0.5,5186.14990234375,,213,5185.0,0.5338287949562073,11.199999809265137
2024-03-11,36,182406,0.4,5095.72021484375,,138,5105.0,0.38490670919418335,7.599999904632568
2024-03-11,36,182406,0.5,5095.72021484375,,134,5095.0,0.5242343544960022,12.100000381469727
2024-03-12,62,182822,0.4,5160.490234375,,163,5170.0,0.38188812136650085,7.570000171661377
2024-03-12,62,182822,0.5,5160.490234375,,159,5160.0,0.5197884440422058,12.199999809265137
2024-03-13,18,183168,0.4,5167.3701171875,no_delta_match,-1,0.0,0.0,0.0
2024-03-13,18,183168,0.5,5167.3701171875,no_delta_match,-1,0.0,0.0,0.0
2024-03-14,81,183621,0.4,5154.97998046875,,136,5160.0,0.4304308295249939,7.5
2024-03-14,81,183621,0.5,5154.97998046875,,134,5155.0,0.5140308737754822,10.0
2024-03-15,103,184033,0.4,5128.35009765625,,248,5135.0,0.40860414505004883,7.400000095367432
2024-03-15,103,184033,0.5,5128.35009765625,,246,5130.0,0.48700419068336487,9.800000190734863
2024-03-18,104,184424,0.4,5167.31005859375,no_delta_match,-1,0.0,0.0,0.0
2024-03-18,104,184424,0.5,5167.31005859375,,151,5170.0,0.4558998942375183,5.949999809265137
2024-03-19,44,184754,0.4,5138.169921875,,116,5145.0,0.3967227339744568,6.300000190734863
2024-03-19,44,184754,0.5,5138.169921875,,114,5140.0,0.4846203625202179,8.600000381469727
2024-03-20,37,185137,0.4,5178.14990234375,,132,5190.0,0.40171244740486145,12.300000190734863
2024-03-20,37,185137,0.5,5178.14990234375,,128,5180.0,0.4931643307209015,16.770000457763672
2024-03-21,91,185581,0.4,5257.9599609375,,159,5265.0,0.36334455013275146,4.400000095367432
2024-03-21,91,185581,0.5,5257.9599609375,,157,5260.0,0.4736916720867157,6.699999809265137
2024-03-22,101,185981,0.4,5235.31982421875,,182,5240.0,0.40960344672203064,5.0
2024-03-22,101,185981,0.5,5235.31982421875,,180,5235.0,0.5263459086418152,7.300000190734863
2024-03-25,143,186413,0.4,5227.58984375,,147,5230.0,0.4440293312072754,4.099999904632568
2024-03-25,143,186413,0.5,5227.58984375,no_delta_match,-1,0.0,0.0,0.0
2024-03-26,136,186796,0.4,5231.3798828125,,131,5235.0,0.40233030915260315,3.4000000953674316
2024-03-26,136,186796,0.5,5231.3798828125,no_delta_match,-1,0.0,0.0,0.0
2024-03-27,66,187116,0.4,5221.10986328125,,132,5225.0,0.436859667301178,6.099999904632568
2024-03-27,66,187116,0.5,5221.10986328125,,130,5220.0,0.5420476794242859,8.600000381469727
2024-03-28,36,187476,0.4,5253.6298828125,,258,5260.0,0.3902127146720886,5.300000190734863
2024-03-28,36,187476,0.5,5253.6298828125,,256,5255.0,0.4919862151145935,7.5
2024-04-01,49,187879,0.4,5249.02001953125,,142,5255.0,0.3749474883079529,4.099999904632568
2024-04-01,49,187879,0.5,5249.02001953125,,140,5250.0,0.4988630414009094,6.300000190734863
2024-04-02,134,188354,0.4,5192.85009765625,,112,5200.0,0.3566369116306305,4.230000019073486
2024-04-02,134,188354,0.5,5192.85009765625,,110,5195.0,0.46727079153060913,6.300000190734863
2024-04-03,77,188687,0.4,5223.72021484375,,127,5230.0,0.38686445355415344,5.099999904632568
2024-04-03,77,188687,0.5,5223.72021484375,,125,5225.0,0.49137887358665466,7.400000095367432
2024-04-04,150,189150,0.4,5250.419921875,,165,5255.0,0.3801726698875427,3.4000000953674316
2024-04-04,150,189150,0.5,5250.419921875,,163,5250.0,0.5326101779937744,5.800000190734863
2024-04-05,104,189494,0.4,5190.22998046875,,202,5200.0,0.3731662333011627,7.099999904632568
2024-04-05,104,189494,0.5,5190.22998046875,,198,5190.0,0.5148468613624573,11.899999618530273
2024-04-08,95,189875,0.4,5215.72998046875,,154,5220.0,0.42627981305122375,5.800000190734863
2024-04-08,95,189875,0.5,5215.72998046875,,152,5215.0,0.5322887897491455,8.399999618530273
2024-04-09,28,190198,0.4,5205.97021484375,no_delta_match,-1,0.0,0.0,0.0
2024-04-09,28,190198,0.5,5205.97021484375,no_delta_match,-1,0.0,0.0,0.0
2024-04-10,95,190655,0.4,5157.1201171875,,127,5165.0,0.4138649106025696,9.600000381469727
2024-04-10,95,190655,0.5,5157.1201171875,,125,5160.0,0.4753428101539612,11.899999618530273
2024-04-11,66,191016,0.4,5146.22021484375,,134,5155.0,0.4142255187034607,10.75
2024-04-11,66,191016,0.5,5146.22021484375,,130,5145.0,0.5238886475563049,15.699999809265137
2024-04-12,129,191469,0.4,5150.669921875,,191,5160.0,0.39422807097435,8.850000381469727
2024-04-12,129,191469,0.5,5150.669921875,,187,5150.0,0.5179696679115295,13.569999694824219
2024-04-15,33,191763,0.4,5163.39013671875,,154,5170.0,0.42389121651649475,9.0
2024-04-15,33,191763,0.5,5163.39013671875,,152,5165.0,0.49227920174598694,11.699999809265137
2024-04-16,41,192161,0.4,5061.2001953125,,128,5075.0,0.3924373686313629,12.800000190734863
2024-04-16,41,192161,0.5,5061.2001953125,,122,5060.0,0.5193397402763367,20.200000762939453
2024-04-17,105,192615,0.4,5045.52001953125,,127,5055.0,0.39872488379478455,9.5
2024-04-17,105,192615,0.5,5045.52001953125,,123,5045.0,0.5166648626327515,13.579999923706055
2024-04-18,107,193007,0.4,5056.52978515625,,124,5065.0,0.3948439359664917,8.0
2024-04-18,107,193007,0.5,5056.52978515625,,120,5055.0,0.5314916968345642,13.0
2024-04-19,127,193417,0.4,4993.509765625,,212,5000.0,0.42984846234321594,10.199999809265137
2024-04-19,127,193417,0.5,4993.509765625,,210,4995.0,0.49119287729263306,12.539999961853027
2024-04-22,86,193766,0.4,4975.43994140625,,119,4985.0,0.38608479499816895,8.100000381469727
2024-04-22,86,193766,0.5,4975.43994140625,,115,4975.0,0.5172575116157532,12.600000381469727
2024-04-23,66,194136,0.4,5062.5498046875,,138,5070.0,0.40253105759620667,7.599999904632568
2024-04-23,66,194136,0.5,5062.5498046875,,136,5065.0,0.47677719593048096,9.800000190734863
2024-04-24,56,194516,0.4,5079.93017578125,,136,5085.0,0.43408921360969543,8.0
2024-04-24,56,194516,0.5,5079.93017578125,,134,5080.0,0.513551652431488,10.449999809265137
2024-04-25,65,194915,0.4,5006.39990234375,,111,5015.0,0.39779311418533325,8.350000381469727
2024-04-25,65,194915,0.5,5006.39990234375,,107,5005.0,0.5303523540496826,13.300000190734863
2024-04-26,105,195345,0.4,5096.14013671875,,191,5105.0,0.381741464138031,7.099999904632568
2024-04-26,105,195345,0.5,5096.14013671875,,187,5095.0,0.5288846492767334,11.699999809265137
2024-04-29,88,195718,0.4,5115.31005859375,,136,5120.0,0.4148777425289154,5.400000095367432
2024-04-29,88,195718,0.5,5115.31005859375,,134,5115.0,0.524467408657074,7.900000095367432
2024-04-30,55,196075,0.4,5106.06982421875,,159,5110.0,0.4380476176738739,6.300000190734863
2024-04-30,55,196075,0.5,5106.06982421875,,157,5105.0,0.5393453240394592,9.0
2024-05-01,44,196454,0.4,5021.5400390625,,123,5035.0,0.40301716327667236,14.359999656677246
2024-05-01,44,196454,0.5,5021.5400390625,,119,5025.0,0.4813455641269684,18.600000381469727
2024-05-02,111,196911,0.4,5043.66015625,,126,5050.0,0.42304903268814087,8.800000190734863
2024-05-02,111,196911,0.5,5043.66015625,,124,5045.0,0.49251511693000793,11.199999809265137
2024-05-03,48,197238,0.4,5113.10986328125,,165,5120.0,0.42516106367111206,9.710000038146973
2024-05-03,48,197238,0.5,5113.10986328125,,163,5115.0,0.4886581599712372,12.15999984741211
2024-05-06,43,197623,0.4,5158.0400390625,,154,5165.0,0.37851041555404663,5.099999904632568
2024-05-06,43,197623,0.5,5158.0400390625,,152,5160.0,0.4793964624404907,7.300000190734863
2024-05-07,59,198029,0.4,5187.10009765625,,129,5195.0,0.3528619110584259,4.400000095367432
2024-05-07,59,198029,0.5,5187.10009765625,,127,5190.0,0.45821020007133484,6.599999904632568
2024-05-08,131,198491,0.4,5184.5498046875,,129,5190.0,0.3799862563610077,4.099999904632568
2024-05-08,131,198491,0.5,5184.5498046875,,127,5185.0,0.5064243078231812,6.5
2024-05-09,77,198827,0.4,5202.0400390625,no_delta_match,-1,0.0,0.0,0.0
2024-05-09,77,198827,0.5,5202.0400390625,,125,5205.0,0.45378923416137695,6.199999809265137
2024-05-10,95,199235,0.4,5219.240234375,,182,5225.0,0.3907466232776642,4.900000095367432
2024-05-10,95,199235,0.5,5219.240234375,,180,5220.0,0.5012111663818359,7.199999809265137
2024-05-13,26,199556,0.4,5226.669921875,no_delta_match,-1,0.0,0.0,0.0
2024-05-13,26,199556,0.5,5226.669921875,no_delta_match,-1,0.0,0.0,0.0
2024-05-14,61,199981,0.4,5233.72021484375,,137,5240.0,0.3905002474784851,5.300000190734863
2024-05-14,61,199981,0.5,5233.72021484375,,135,5235.0,0.49256715178489685,7.650000095367432
2024-05-15,117,200427,0.4,5289.7099609375,,158,5295.0,0.39261892437934875,4.599999904632568
2024-05-15,117,200427,0.5,5289.7099609375,,156,5290.0,0.511275589466095,6.869999885559082
2024-05-16,120,200820,0.4,5321.91015625,,150,5325.0,0.4338090717792511,4.5
2024-05-16,120,200820,0.5,5321.91015625,no_delta_match,-1,0.0,0.0,0.0
2024-05-17,93,201183,0.4,5297.35986328125,no_delta_match,-1,0.0,0.0,0.0
2024-05-17,93,201183,0.5,5297.35986328125,,233,5300.0,0.45250096917152405,5.199999809265137
2024-05-20,134,201614,0.4,5320.7900390625,,162,5325.0,0.3867924213409424,3.299999952316284
2024-05-20,134,201614,0.5,5320.7900390625,,160,5320.0,0.5473384261131287,5.800000190734863
2024-05-21,55,201925,0.4,5308.41015625,no_delta_match,-1,0.0,0.0,0.0
2024-05-21,55,201925,0.5,5308.41015625,,128,5310.0,0.4804649353027344,5.099999904632568
2024-05-22,37,202297,0.4,5320.080078125,,133,5325.0,0.3903374969959259,3.890000104904175
2024-05-22,37,202297,0.5,5320.080078125,,131,5320.0,0.5295830965042114,6.199999809265137
2024-05-23,25,202675,0.4,5307.33984375,no_delta_match,-1,0.0,0.0,0.0
2024-05-23,25,202675,0.5,5307.33984375,no_delta_match,-1,0.0,0.0,0.0
2024-05-24,42,203082,0.4,5290.2900390625,,178,5295.0,0.43012574315071106,6.699999809265137
2024-05-24,42,203082,0.5,5290.2900390625,,176,5290.0,0.5235671997070312,9.199999809265137
2024-05-28,118,203548,0.4,5308.47021484375,no_delta_match,-1,0.0,0.0,0.0
2024-05-28,118,203548,0.5,5308.47021484375,,127,5310.0,0.4774738848209381,5.099999904632568
2024-05-29,137,203957,0.4,5272.35009765625,,117,5280.0,0.35146981477737427,4.300000190734863
2024-05-29,137,203957,0.5,5272.35009765625,,115,5275.0,0.45875489711761475,6.519999980926514
2024-05-30,32,204242,0.4,5252.85009765625,,119,5260.0,0.38275089859962463,5.5
2024-05-30,32,204242,0.5,5252.85009765625,,117,5255.0,0.47787824273109436,7.699999809265137
2024-05-31,83,204683,0.4,5211.169921875,,180,5220.0,0.3780182898044586,6.699999809265137
2024-05-31,83,204683,0.5,5211.169921875,,176,5210.0,0.5313832759857178,11.399999618530273
2024-06-03,33,205023,0.4,5287.7900390625,,138,5295.0,0.38894158601760864,6.0
2024-06-03,33,205023,0.5,5287.7900390625,,136,5290.0,0.477223664522171,7.820000171661377
2024-06-04,129,205509,0.4,5263.080078125,,113,5270.0,0.3973681926727295,6.670000076293945
2024-06-04,129,205509,0.5,5263.080078125,,111,5265.0,0.4802480936050415,8.8100004196167
2024-06-05,32,205802,0.4,5304.8701171875,,123,5315.0,0.3680783808231354,6.800000190734863
2024-06-05,32,205802,0.5,5304.8701171875,,119,5305.0,0.5132386088371277,11.319999694824219
2024-06-06,102,206262,0.4,5353.740234375,,152,5360.0,0.3832665979862213,4.900000095367432
2024-06-06,102,206262,0.5,5353.740234375,,150,5355.0,0.4905231297016144,7.199999809265137
2024-06-07,26,206576,0.4,5346.0498046875,no_delta_match,-1,0.0,0.0,0.0
2024-06-07,26,206576,0.5,5346.0498046875,no_delta_match,-1,0.0,0.0,0.0
2024-06-10,115,207055,0.4,5349.72998046875,,136,5355.0,0.3851700723171234,4.150000095367432
2024-06-10,115,207055,0.5,5349.72998046875,,134,5350.0,0.5128437876701355,6.449999809265137
2024-06-11,138,207468,0.4,5346.9501953125,no_delta_match,-1,0.0,0.0,0.0
2024-06-11,138,207468,0.5,5346.9501953125,,122,5350.0,0.45013365149497986,6.300000190734863
2024-06-12,114,207834,0.4,5438.9599609375,,162,5450.0,0.39877840876579285,11.149999618530273
2024-06-12,114,207834,0.5,5438.9599609375,,158,5440.0,0.4988365173339844,16.299999237060547
2024-06-13,51,208161,0.4,5419.7900390625,,141,5425.0,0.4331539273262024,8.0
2024-06-13,51,208161,0.5,5419.7900390625,,139,5420.0,0.5122133493423462,10.600000381469727
2024-06-14,129,208629,0.4,5418.509765625,,188,5425.0,0.37985819578170776,4.949999809265137
2024-06-14,129,208629,0.5,5418.509765625,,186,5420.0,0.4845212996006012,7.199999809265137
2024-06-17,56,208946,0.4,5427.75,,155,5435.0,0.36211490631103516,4.400000095367432
2024-06-17,56,208946,0.5,5427.75,,153,5430.0,0.471935510635376,6.699999809265137
2024-06-18,117,209397,0.4,5474.35009765625,,146,5480.0,0.40449970960617065,5.800000190734863
2024-06-18,117,209397,0.5,5474.35009765625,,144,5475.0,0.5028920769691467,8.260000228881836
2024-06-20,128,209798,0.4,5493.259765625,,166,5500.0,0.37399423122406006,4.800000190734863
2024-06-20,128,209798,0.5,5493.259765625,,164,5495.0,0.47913631796836853,6.949999809265137
2024-06-21,81,210141,0.4,5467.169921875,,247,5475.0,0.3774876892566681,5.800000190734863
2024-06-21,81,210141,0.5,5467.169921875,,245,5470.0,0.46582669019699097,8.0
2024-06-24,99,210549,0.4,5479.08984375,,152,5485.0,0.3894762098789215,4.940000057220459
2024-06-24,99,210549,0.5,5479.08984375,,150,5480.0,0.498639851808548,7.599999904632568
2024-06-25,131,210971,0.4,5462.5400390625,no_delta_match,-1,0.0,0.0,0.0
2024-06-25,131,210971,0.5,5462.5400390625,,117,5465.0,0.45761969685554504,5.599999904632568
2024-06-26,40,211270,0.4,5465.77978515625,,115,5470.0,0.4349038302898407,6.300000190734863
2024-06-26,40,211270,0.5,5465.77978515625,,113,5465.0,0.5364628434181213,8.699999809265137
2024-06-27,17,211637,0.4,5487.18017578125,no_delta_match,-1,0.0,0.0,0.0
2024-06-27,17,211637,0.5,5487.18017578125,no_delta_match,-1,0.0,0.0,0.0
2024-06-28,74,212084,0.4,5514.7998046875,,246,5520.0,0.43123286962509155,7.800000190734863
2024-06-28,74,212084,0.5,5514.7998046875,,244,5515.0,0.51177579164505,10.399999618530273
2024-07-01,39,212439,0.4,5468.35986328125,,129,5475.0,0.40547314286231995,6.800000190734863
2024-07-01,39,212439,0.5,5468.35986328125,,127,5470.0,0.4895343780517578,9.0
2024-07-02,135,212925,0.4,5483.35986328125,,118,5490.0,0.3615832030773163,4.099999904632568
2024-07-02,135,212925,0.5,5483.35986328125,,116,5485.0,0.47874417901039124,6.300000190734863
2024-07-03,132,213312,0.4,5522.5498046875,,121,5525.0,0.4174668788909912,2.5
2024-07-03,132,213312,0.5,5522.5498046875,no_delta_match,-1,0.0,0.0,0.0
2024-07-05,66,213456,0.4,5538.7998046875,,204,5545.0,0.3876052796840668,5.0
2024-07-05,66,213456,0.5,5538.7998046875,,202,5540.0,0.4943741261959076,7.130000114440918
2024-07-08,56,213836,0.4,5575.1298828125,,144,5580.0,0.4050590693950653,4.699999809265137
2024-07-08,56,213836,0.5,5575.1298828125,,142,5575.0,0.5267501473426819,7.099999904632568
2024-07-09,111,214281,0.4,5580.759765625,,133,5585.0,0.41434136033058167,4.739999771118164
2024-07-09,111,214281,0.5,5580.759765625,,131,5580.0,0.5385480523109436,7.300000190734863
2024-07-10,76,214636,0.4,5590.77001953125,,147,5595.0,0.40740901231765747,4.139999866485596
2024-07-10,76,214636,0.5,5590.77001953125,,145,5590.0,0.5465940237045288,6.599999904632568
2024-07-11,28,214978,0.4,5637.009765625,no_delta_match,-1,0.0,0.0,0.0
2024-07-11,28,214978,0.5,5637.009765625,no_delta_match,-1,0.0,0.0,0.0
2024-07-12,105,215445,0.4,5634.740234375,,222,5640.0,0.41332176327705383,6.0
2024-07-12,105,215445,0.5,5634.740234375,,220,5635.0,0.5117313861846924,8.329999923706055
2024-07-15,113,215843,0.4,5666.490234375,,161,5675.0,0.36753684282302856,5.699999809265137
2024-07-15,113,215843,0.5,5666.490234375,,157,5665.0,0.5404154062271118,10.369999885559082
2024-07-16,24,216144,0.4,5652.830078125,no_delta_match,-1,0.0,0.0,0.0
2024-07-16,24,216144,0.5,5652.830078125,no_delta_match,-1,0.0,0.0,0.0
2024-07-17,120,216630,0.4,5602.27001953125,,146,5610.0,0.3957611918449402,7.300000190734863
2024-07-17,120,216630,0.5,5602.27001953125,,144,5605.0,0.47081002593040466,9.399999618530273
2024-07-18,87,216987,0.4,5590.2998046875,,158,5600.0,0.37591060996055603,7.199999809265137
2024-07-18,87,216987,0.5,5590.2998046875,,154,5590.0,0.5173503756523132,11.899999618530273
2024-07-19,127,217417,0.4,5510.68994140625,,216,5520.0,0.3916977047920227,8.5
2024-07-19,127,217417,0.5,5510.68994140625,,212,5510.0,0.5189334750175476,13.5
2024-07-22,130,217810,0.4,5532.91015625,,134,5540.0,0.4113563001155853,8.300000190734863
2024-07-22,130,217810,0.5,5532.91015625,,132,5535.0,0.4814782738685608,10.399999618530273
2024-07-23,106,218176,0.4,5583.2099609375,,131,5590.0,0.3743271231651306,4.800000190734863
2024-07-23,106,218176,0.5,5583.2099609375,,129,5585.0,0.4794710576534271,6.900000095367432
2024-07-24,60,218520,0.4,5477.97998046875,,128,5485.0,0.42143335938453674,9.300000190734863
2024-07-24,60,218520,0.5,5477.97998046875,,126,5480.0,0.4870663285255432,11.899999618530273
2024-07-25,65,218915,0.4,5424.02001953125,,122,5435.0,0.3998335003852844,11.100000381469727
2024-07-25,65,218915,0.5,5424.02001953125,,118,5425.0,0.5005967020988464,15.600000381469727
2024-07-26,113,219353,0.4,5450.47021484375,,169,5460.0,0.4030115306377411,10.100000381469727
2024-07-26,113,219353,0.5,5450.47021484375,,165,5450.0,0.5152015089988708,14.800000190734863
2024-07-29,23,219653,0.4,5473.97998046875,no_delta_match,-1,0.0,0.0,0.0
2024-07-29,23,219653,0.5,5473.97998046875,no_delta_match,-1,0.0,0.0,0.0
2024-07-30,46,220066,0.4,5474.97021484375,,131,5485.0,0.3804231286048889,7.800000190734863
2024-07-30,46,220066,0.5,5474.97021484375,,127,5475.0,0.5133774876594543,12.5
2024-07-31,85,220495,0.4,5516.02978515625,,200,5530.0,0.3986165225505829,14.130000114440918
2024-07-31,85,220495,0.5,5516.02978515625,,194,5515.0,0.5170525312423706,20.600000381469727
2024-08-01,143,220943,0.4,5466.31982421875,,136,5475.0,0.41869157552719116,11.609999656677246
2024-08-01,143,220943,0.5,5466.31982421875,,132,5465.0,0.5226826667785645,16.0
2024-08-02,118,221308,0.4,5313.3798828125,,208,5330.0,0.3872262239456177,14.699999809265137
2024-08-02,118,221308,0.5,5313.3798828125,,202,5315.0,0.4953286349773407,20.700000762939453
2024-08-05,125,221705,0.4,5213.89990234375,,149,5230.0,0.4076384902000427,18.649999618530273
2024-08-05,125,221705,0.5,5213.89990234375,,143,5215.0,0.5000528693199158,25.75
2024-08-06,40,222010,0.4,5250.06982421875,,187,5265.0,0.412204384803772,18.149999618530273
2024-08-06,40,222010,0.5,5250.06982421875,,181,5250.0,0.5087448358535767,25.700000762939453
2024-08-07,53,222413,0.4,5312.58984375,,181,5325.0,0.4058240056037903,13.699999809265137
2024-08-07,53,222413,0.5,5312.58984375,,177,5315.0,0.48942703008651733,18.520000457763672
2024-08-08,51,222801,0.4,5277.7001953125,,171,5295.0,0.38194766640663147,14.199999809265137
2024-08-08,51,222801,0.5,5277.7001953125,,165,5280.0,0.49213698506355286,21.5
2024-08-09,116,223256,0.4,5332.7001953125,,191,5345.0,0.38710108399391174,10.75
2024-08-09,116,223256,0.5,5332.7001953125,,187,5335.0,0.4863015115261078,15.5
2024-08-12,87,223617,0.4,5363.7998046875,,176,5375.0,0.3714955449104309,8.0
2024-08-12,87,223617,0.5,5363.7998046875,,172,5365.0,0.4965957701206207,12.710000038146973
2024-08-13,43,223963,0.4,5386.81005859375,,149,5395.0,0.41725224256515503,10.300000190734863
2024-08-13,43,223963,0.5,5386.81005859375,,147,5390.0,0.47565603256225586,12.800000190734863
2024-08-14,116,224426,0.4,5443.85009765625,,163,5450.0,0.42410582304000854,8.600000381469727
2024-08-14,116,224426,0.5,5443.85009765625,,161,5445.0,0.4953506886959076,10.800000190734863
2024-08-15,101,224801,0.4,5527.47998046875,,182,5535.0,0.3637389838695526,4.75
2024-08-15,101,224801,0.5,5527.47998046875,,180,5530.0,0.4656584858894348,6.920000076293945
2024-08-16,136,225226,0.4,5544.72021484375,,252,5550.0,0.4168412387371063,6.5
2024-08-16,136,225226,0.5,5544.72021484375,,250,5545.0,0.5088738203048706,8.800000190734863
2024-08-19,90,225570,0.4,5576.97021484375,no_delta_match,-1,0.0,0.0,0.0
2024-08-19,90,225570,0.5,5576.97021484375,,176,5580.0,0.4529232680797577,6.210000038146973
2024-08-20,32,225902,0.4,5615.43017578125,,172,5625.0,0.35860416293144226,5.699999809265137
2024-08-20,32,225902,0.5,5615.43017578125,,168,5615.0,0.5248603224754333,10.369999885559082
2024-08-21,135,226395,0.4,5612.27001953125,,167,5620.0,0.3838413655757904,6.300000190734863
2024-08-21,135,226395,0.5,5612.27001953125,,165,5615.0,0.4667133092880249,8.359999656677246
2024-08-22,40,226690,0.4,5621.97021484375,,154,5630.0,0.4044656753540039,8.300000190734863
2024-08-22,40,226690,0.5,5621.97021484375,,152,5625.0,0.473678857088089,10.800000190734863
2024-08-23,22,227062,0.4,5603.41015625,no_delta_match,-1,0.0,0.0,0.0
2024-08-23,22,227062,0.5,5603.41015625,no_delta_match,-1,0.0,0.0,0.0
2024-08-26,123,227553,0.4,5616.7001953125,,161,5625.0,0.38171422481536865,6.599999904632568
2024-08-26,123,227553,0.5,5616.7001953125,,159,5620.0,0.4606557786464691,8.800000190734863
2024-08-27,76,227896,0.4,5623.7001953125,,137,5630.0,0.40102702379226685,6.099999904632568
2024-08-27,76,227896,0.5,5623.7001953125,,135,5625.0,0.49361464381217957,8.699999809265137
2024-08-28,102,228312,0.4,5593.419921875,,126,5600.0,0.40827640891075134,7.199999809265137
2024-08-28,102,228312,0.5,5593.419921875,,124,5595.0,0.4887358844280243,9.579999923706055
2024-08-29,32,228632,0.4,5623.759765625,,160,5635.0,0.373780757188797,8.100000381469727
2024-08-29,32,228632,0.5,5623.759765625,,156,5625.0,0.4984266459941864,12.600000381469727
2024-08-30,113,229103,0.4,5601.97021484375,,245,5610.0,0.4065389335155487,8.800000190734863
2024-08-30,113,229103,0.5,5601.97021484375,,243,5605.0,0.4721059799194336,11.199999809265137
2024-09-03,70,229450,0.4,5571.7001953125,,138,5580.0,0.4139042794704437,10.0
2024-09-03,70,229450,0.5,5571.7001953125,,136,5575.0,0.47250211238861084,12.100000381469727
2024-09-04,150,229920,0.4,5527.02001953125,,132,5535.0,0.4029510021209717,8.4399995803833
2024-09-04,150,229920,0.5,5527.02001953125,,130,5530.0,0.4703238010406494,10.800000190734863
2024-09-05,101,230261,0.4,5508.72998046875,,126,5520.0,0.37489965558052063,8.399999618530273
2024-09-05,101,230261,0.5,5508.72998046875,,122,5510.0,0.49556398391723633,12.800000190734863
2024-09-06,142,230692,0.4,5412.6201171875,,180,5425.0,0.38423874974250793,10.5
2024-09-06,142,230692,0.5,5412.6201171875,,176,5415.0,0.4841751754283905,14.800000190734863
2024-09-09,122,231062,0.4,5454.68994140625,,147,5465.0,0.3760870695114136,7.800000190734863
2024-09-09,122,231062,0.5,5454.68994140625,,143,5455.0,0.5067449808120728,12.5
2024-09-10,129,231459,0.4,5471.81005859375,,128,5480.0,0.3965420722961426,7.900000095367432
2024-09-10,129,231459,0.5,5471.81005859375,,126,5475.0,0.46681585907936096,10.25
2024-09-11,26,231746,0.4,5460.68017578125,no_delta_match,-1,0.0,0.0,0.0
2024-09-11,26,231746,0.5,5460.68017578125,no_delta_match,-1,0.0,0.0,0.0
2024-09-12,120,232230,0.4,5557.2001953125,,155,5565.0,0.4164462089538574,9.899999618530273
2024-09-12,120,232230,0.5,5557.2001953125,,153,5560.0,0.47828710079193115,13.100000381469727
2024-09-13,97,232597,0.4,5624.169921875,,207,5630.0,0.42898082733154297,8.65999984741211
2024-09-13,97,232597,0.5,5624.169921875,,205,5625.0,0.5011139512062073,11.199999809265137
2024-09-16,68,232958,0.4,5611.830078125,,153,5620.0,0.40448081493377686,8.5600004196167
2024-09-16,68,232958,0.5,5611.830078125,,151,5615.0,0.47148430347442627,11.0
2024-09-17,57,233337,0.4,5665.85009765625,,164,5675.0,0.38232338428497314,7.21999979019165
2024-09-17,57,233337,0.5,5665.85009765625,,160,5665.0,0.5263121128082275,12.300000190734863
2024-09-18,102,233772,0.4,5630.990234375,,193,5650.0,0.40108737349510193,20.079999923706055
2024-09-18,102,233772,0.5,5630.990234375,,185,5630.0,0.5124338865280151,30.31999969482422
2024-09-19,41,234101,0.4,5706.66015625,,201,5715.0,0.4228716492652893,11.399999618530273
2024-09-19,41,234101,0.5,5706.66015625,,199,5710.0,0.4768775999546051,14.0
2024-09-20,40,234490,0.4,5690.830078125,,294,5700.0,0.4043735861778259,9.600000381469727
2024-09-20,40,234490,0.5,5690.830078125,,290,5690.0,0.5225179195404053,14.699999809265137
2024-09-23,133,234973,0.4,5721.990234375,no_delta_match,-1,0.0,0.0,0.0
2024-09-23,133,234973,0.5,5721.990234375,,168,5725.0,0.45128586888313293,6.199999809265137
2024-09-24,118,235348,0.4,5720.83984375,,136,5725.0,0.419251948595047,5.0
2024-09-24,118,235348,0.5,5720.83984375,,134,5720.0,0.5398353934288025,7.449999809265137
2024-09-25,95,235715,0.4,5734.56982421875,,156,5740.0,0.39587074518203735,4.820000171661377
2024-09-25,95,235715,0.5,5734.56982421875,,154,5735.0,0.5102896690368652,7.300000190734863
2024-09-26,118,236128,0.4,5732.68994140625,,141,5740.0,0.3800501525402069,5.599999904632568
2024-09-26,118,236128,0.5,5732.68994140625,,139,5735.0,0.47214972972869873,7.699999809265137
2024-09-27,58,236458,0.4,5763.7001953125,,224,5770.0,0.39921626448631287,5.869999885559082
2024-09-27,58,236458,0.5,5763.7001953125,,222,5765.0,0.49458375573158264,8.279999732971191
2024-09-30,113,236903,0.4,5737.10009765625,,259,5745.0,0.3667764365673065,5.199999809265137
2024-09-30,113,236903,0.5,5737.10009765625,,257,5740.0,0.4621320366859436,7.599999904632568
2024-10-01,42,237222,0.4,5697.97998046875,,159,5710.0,0.4055387079715729,13.100000381469727
2024-10-01,42,237222,0.5,5697.97998046875,,155,5700.0,0.4927573800086975,17.700000762939453
2024-10-02,75,237645,0.4,5709.3701171875,,159,5720.0,0.37257686257362366,7.599999904632568
2024-10-02,75,237645,0.5,5709.3701171875,,155,5710.0,0.5048193335533142,12.199999809265137
2024-10-03,35,237995,0.4,5714.759765625,,163,5725.0,0.38797181844711304,8.699999809265137
2024-10-03,35,237995,0.5,5714.759765625,,159,5715.0,0.5107844471931458,13.470000267028809
2024-10-04,66,238416,0.4,5705.89990234375,,205,5715.0,0.41946297883987427,12.0
2024-10-04,66,238416,0.5,5705.89990234375,,201,5705.0,0.5200633406639099,16.600000381469727
2024-10-07,61,238801,0.4,5733.259765625,,175,5740.0,0.40420934557914734,6.820000171661377
2024-10-07,61,238801,0.5,5733.259765625,,173,5735.0,0.4879513680934906,9.25
2024-10-08,72,239202,0.4,5741.490234375,no_delta_match,-1,0.0,0.0,0.0
2024-10-08,72,239202,0.5,5741.490234375,,146,5740.0,0.5380533933639526,11.600000381469727
2024-10-09,79,239599,0.4,5763.43017578125,,164,5770.0,0.4033784568309784,6.599999904632568
2024-10-09,79,239599,0.5,5763.43017578125,,162,5765.0,0.48983725905418396,9.199999809265137
2024-10-10,19,239929,0.4,5766.5498046875,no_delta_match,-1,0.0,0.0,0.0
2024-10-10,19,239929,0.5,5766.5498046875,no_delta_match,-1,0.0,0.0,0.0
2024-10-11,61,240361,0.4,5816.47021484375,,226,5825.0,0.381481796503067,6.599999904632568
2024-10-11,61,240361,0.5,5816.47021484375,,222,5815.0,0.5381142497062683,11.699999809265137
2024-10-14,129,240819,0.4,5849.7998046875,,206,5855.0,0.3797895908355713,3.799999952316284
2024-10-14,129,240819,0.5,5849.7998046875,,204,5850.0,0.5160338878631592,6.199999809265137
2024-10-15,73,241153,0.4,5838.33984375,,159,5845.0,0.40874066948890686,7.199999809265137
2024-10-15,73,241153,0.5,5838.33984375,,157,5840.0,0.48936858773231506,9.600000381469727
2024-10-16,88,241558,0.4,5819.0498046875,,158,5825.0,0.4068167805671692,6.199999809265137
2024-10-16,88,241558,0.5,5819.0498046875,,156,5820.0,0.4997071921825409,8.600000381469727
2024-10-17,28,241888,0.4,5860.27001953125,no_delta_match,-1,0.0,0.0,0.0
2024-10-17,28,241888,0.5,5860.27001953125,no_delta_match,-1,0.0,0.0,0.0
2024-10-18,67,242317,0.4,5852.6298828125,,293,5860.0,0.37367191910743713,5.099999904632568
2024-10-18,67,242317,0.5,5852.6298828125,,291,5855.0,0.47245463728904724,7.25
2024-10-21,146,242786,0.4,5841.85986328125,,158,5845.0,0.4413298964500427,5.329999923706055
2024-10-21,146,242786,0.5,5841.85986328125,no_delta_match,-1,0.0,0.0,0.0
2024-10-22,89,243119,0.4,5838.31982421875,,140,5845.0,0.3787657916545868,4.900000095367432
2024-10-22,89,243119,0.5,5838.31982421875,,138,5840.0,0.48393696546554565,7.099999904632568
2024-10-23,17,243437,0.4,5832.56982421875,no_delta_match,-1,0.0,0.0,0.0
2024-10-23,17,243437,0.5,5832.56982421875,no_delta_match,-1,0.0,0.0,0.0
2024-10-24,113,243923,0.4,5804.83984375,,130,5810.0,0.42618244886398315,7.199999809265137
2024-10-24,113,243923,0.5,5804.83984375,,128,5805.0,0.5120941400527954,9.600000381469727
2024-10-25,119,244319,0.4,5843.2099609375,,239,5850.0,0.3908924460411072,5.900000095367432
2024-10-25,119,244319,0.5,5843.2099609375,,237,5845.0,0.4827083349227905,8.199999809265137
2024-10-28,66,244656,0.4,5838.1201171875,,154,5845.0,0.39429590106010437,6.099999904632568
2024-10-28,66,244656,0.5,5838.1201171875,,152,5840.0,0.48446017503738403,8.5
2024-10-29,19,244999,0.4,5807.27001953125,no_delta_match,-1,0.0,0.0,0.0
2024-10-29,19,244999,0.5,5807.27001953125,no_delta_match,-1,0.0,0.0,0.0
2024-10-30,127,245497,0.4,5845.81005859375,,163,5850.0,0.4172261655330658,4.900000095367432
2024-10-30,127,245497,0.5,5845.81005859375,,161,5845.0,0.5396344661712646,7.300000190734863
2024-10-31,49,245809,0.4,5751.27978515625,,208,5760.0,0.4095888137817383,9.800000190734863
2024-10-31,49,245809,0.5,5751.27978515625,,204,5750.0,0.5291298031806946,14.100000381469727
2024-11-01,140,246290,0.4,5757.10986328125,,196,5765.0,0.37380659580230713,5.699999809265137
2024-11-01,140,246290,0.5,5757.10986328125,,194,5760.0,0.46284398436546326,8.0
2024-11-04,64,246604,0.4,5735.85009765625,,148,5745.0,0.3748300075531006,6.599999904632568
2024-11-04,64,246604,0.5,5735.85009765625,,144,5735.0,0.5278592109680176,11.5600004196167
2024-11-05,67,246997,0.4,5763.5,,164,5770.0,0.42226654291152954,8.600000381469727
2024-11-05,67,246997,0.5,5763.5,,162,5765.0,0.49332889914512634,11.199999809265137
2024-11-06,122,247442,0.4,5899.97021484375,,242,5910.0,0.3674047291278839,6.800000190734863
2024-11-06,122,247442,0.5,5899.97021484375,,238,5900.0,0.511601984500885,12.0
2024-11-07,33,247743,0.4,5957.93994140625,,212,5970.0,0.3801979422569275,9.399999618530273
2024-11-07,33,247743,0.5,5957.93994140625,,208,5960.0,0.4904729425907135,14.0
2024-11-08,19,248119,0.4,5985.72998046875,no_delta_match,-1,0.0,0.0,0.0
2024-11-08,19,248119,0.5,5985.72998046875,no_delta_match,-1,0.0,0.0,0.0
2024-11-11,118,248608,0.4,6007.169921875,,183,6010.0,0.4489137828350067,5.199999809265137
2024-11-11,118,248608,0.5,6007.169921875,no_delta_match,-1,0.0,0.0,0.0
2024-11-12,140,249020,0.4,5983.009765625,,159,5990.0,0.36727356910705566,4.599999904632568
2024-11-12,140,249020,0.5,5983.009765625,,157,5985.0,0.47525155544281006,7.099999904632568
2024-11-13,150,249420,0.4,5996.16015625,,161,6000.0,0.42692551016807556,5.239999771118164
2024-11-13,150,249420,0.5,5996.16015625,,159,5995.0,0.5446800589561462,7.800000190734863
2024-11-14,32,249692,0.4,5977.66015625,,152,5985.0,0.40047675371170044,7.0
2024-11-14,32,249692,0.5,5977.66015625,,150,5980.0,0.48038992285728455,9.130000114440918
2024-11-15,35,250085,0.4,5894.27001953125,,240,5905.0,0.371852844953537,7.5
2024-11-15,35,250085,0.5,5894.27001953125,,236,5895.0,0.505504310131073,12.0
2024-11-18,61,250501,0.4,5890.25,,136,5895.0,0.4301828444004059,6.699999809265137
2024-11-18,61,250501,0.5,5890.25,,134,5890.0,0.5239314436912537,9.100000381469727
2024-11-19,111,250941,0.4,5896.8701171875,,126,5905.0,0.359117329120636,4.900000095367432
2024-11-19,111,250941,0.5,5896.8701171875,,124,5900.0,0.4572867751121521,7.289999961853027
2024-11-20,139,251359,0.4,5892.669921875,,141,5900.0,0.3967645764350891,7.0
2024-11-20,139,251359,0.5,5892.669921875,,139,5895.0,0.4756779372692108,9.199999809265137
2024-11-21,127,251737,0.4,5934.22021484375,,159,5945.0,0.3673466444015503,7.349999904632568
2024-11-21,127,251737,0.5,5934.22021484375,,155,5935.0,0.5012274980545044,12.399999618530273
2024-11-22,65,252065,0.4,5953.3701171875,,213,5960.0,0.42078688740730286,8.539999961853027
2024-11-22,65,252065,0.5,5953.3701171875,,211,5955.0,0.49141642451286316,10.5
2024-11-25,140,252530,0.4,5984.56982421875,,167,5990.0,0.3984500765800476,5.099999904632568
2024-11-25,140,252530,0.5,5984.56982421875,,165,5985.0,0.5078867077827454,7.400000095367432
2024-11-26,49,252829,0.4,5993.64013671875,,140,6000.0,0.4080623388290405,6.639999866485596
2024-11-26,49,252829,0.5,5993.64013671875,,138,5995.0,0.49533388018608093,9.1899995803833
2024-11-27,31,253201,0.4,6010.39990234375,,162,6015.0,0.437949538230896,7.199999809265137
2024-11-27,31,253201,0.5,6010.39990234375,,160,6010.0,0.5268386602401733,9.899999618530273
2024-11-29,74,253634,0.4,6028.0,no_delta_match,-1,0.0,0.0,0.0
2024-11-29,74,253634,0.5,6028.0,,239,6030.0,0.461308091878891,3.700000047683716
2024-12-02,27,253797,0.4,6036.81005859375,no_delta_match,-1,0.0,0.0,0.0
2024-12-02,27,253797,0.5,6036.81005859375,no_delta_match,-1,0.0,0.0,0.0
2024-12-03,107,254267,0.4,6040.0498046875,,124,6045.0,0.38189697265625,3.5999999046325684
2024-12-03,107,254267,0.5,6040.0498046875,,122,6040.0,0.5265803337097168,6.070000171661377
2024-12-04,149,254699,0.4,6074.0,,154,6080.0,0.3512052595615387,3.240000009536743
2024-12-04,149,254699,0.5,6074.0,,152,6075.0,0.4931062161922455,5.400000095367432
2024-12-05,29,254969,0.4,6088.5400390625,no_delta_match,-1,0.0,0.0,0.0
2024-12-05,29,254969,0.5,6088.5400390625,no_delta_match,-1,0.0,0.0,0.0
2024-12-06,30,255360,0.4,6097.009765625,,234,6105.0,0.3547380268573761,4.400000095367432
2024-12-06,30,255360,0.5,6097.009765625,,232,6100.0,0.4609253704547882,6.599999904632568
2024-12-09,39,255759,0.4,6081.5498046875,,162,6085.0,0.42699307203292847,4.0
2024-12-09,39,255759,0.5,6081.5498046875,no_delta_match,-1,0.0,0.0,0.0
2024-12-10,39,256149,0.4,6060.56982421875,,141,6065.0,0.4142531156539917,4.599999904632568
2024-12-10,39,256149,0.5,6060.56982421875,,139,6060.0,0.5427714586257935,7.070000171661377
2024-12-11,87,256587,0.4,6074.77001953125,,152,6080.0,0.37777581810951233,3.5999999046325684
2024-12-11,87,256587,0.5,6074.77001953125,,150,6075.0,0.5203905701637268,6.0
2024-12-12,93,256983,0.4,6078.330078125,no_delta_match,-1,0.0,0.0,0.0
2024-12-12,93,256983,0.5,6078.330078125,,151,6080.0,0.47817397117614746,5.0
2024-12-13,144,257424,0.4,6042.8701171875,no_delta_match,-1,0.0,0.0,0.0
2024-12-13,144,257424,0.5,6042.8701171875,,191,6045.0,0.46621572971343994,5.699999809265137
2024-12-16,75,257745,0.4,6075.2001953125,,154,6080.0,0.3869898319244385,3.5999999046325684
2024-12-16,75,257745,0.5,6075.2001953125,,152,6075.0,0.5344142317771912,6.099999904632568
2024-12-17,141,258201,0.4,6057.009765625,,148,6060.0,0.43687698245048523,4.5
2024-12-17,141,258201,0.5,6057.009765625,no_delta_match,-1,0.0,0.0,0.0
2024-12-18,117,258567,0.4,6058.8798828125,,198,6070.0,0.3752433657646179,8.300000190734863
2024-12-18,117,258567,0.5,6058.8798828125,,194,6060.0,0.49771055579185486,13.0
2024-12-19,131,258971,0.4,5911.47998046875,,199,5920.0,0.41886991262435913,11.300000190734863
2024-12-19,131,258971,0.5,5911.47998046875,,195,5910.0,0.5254565477371216,16.0
2024-12-20,40,259270,0.4,5852.1298828125,,261,5865.0,0.39629489183425903,12.399999618530273
2024-12-20,40,259270,0.5,5852.1298828125,,257,5855.0,0.48538005352020264,17.100000381469727
2024-12-23,76,259696,0.4,5915.93994140625,,148,5925.0,0.41347283124923706,10.899999618530273
2024-12-23,76,259696,0.5,5915.93994140625,,144,5915.0,0.5215882658958435,15.699999809265137
2024-12-24,139,260149,0.4,6022.97998046875,,177,6025.0,0.44425031542778015,2.950000047683716
2024-12-24,139,260149,0.5,6022.97998046875,no_delta_match,-1,0.0,0.0,0.0
2024-12-26,117,260337,0.4,6032.330078125,,171,6040.0,0.3611498177051544,4.699999809265137
2024-12-26,117,260337,0.5,6032.330078125,,169,6035.0,0.46273601055145264,6.800000190734863
2024-12-27,44,260654,0.4,5964.1201171875,,207,5975.0,0.39814192056655884,10.600000381469727
2024-12-27,44,260654,0.5,5964.1201171875,,203,5965.0,0.503052830696106,15.34000015258789
2024-12-30,130,261130,0.4,5914.509765625,,146,5925.0,0.3837730288505554,8.699999809265137
2024-12-30,130,261130,0.5,5914.509765625,,142,5915.0,0.5047235488891602,12.899999618530273
2024-12-31,119,261509,0.4,5893.3798828125,,197,5905.0,0.3932751417160034,10.90999984741211
2024-12-31,119,261509,0.5,5893.3798828125,,193,5895.0,0.4930865168571472,15.199999809265137
2025-01-02,34,261814,0.4,5929.3798828125,,157,5940.0,0.4009742736816406,10.699999809265137
2025-01-02,34,261814,0.5,5929.3798828125,,153,5930.0,0.5060627460479736,15.300000190734863
2025-01-03,24,262194,0.4,5898.919921875,no_delta_match,-1,0.0,0.0,0.0
2025-01-03,24,262194,0.5,5898.919921875,no_delta_match,-1,0.0,0.0,0.0
2025-01-06,50,262610,0.4,6007.27978515625,,169,6015.0,0.3836066722869873,6.0
2025-01-06,50,262610,0.5,6007.27978515625,,167,6010.0,0.4720853269100189,8.5
2025-01-07,79,263029,0.4,5932.009765625,,133,5940.0,0.4229327440261841,11.0
2025-01-07,79,263029,0.5,5932.009765625,,131,5935.0,0.47855642437934875,13.399999618530273
2025-01-08,35,263375,0.4,5907.02978515625,,146,5920.0,0.38965338468551636,11.449999809265137
2025-01-08,35,263375,0.5,5907.02978515625,,142,5910.0,0.4838903546333313,16.299999237060547
2025-01-10,19,263749,0.4,5848.740234375,no_delta_match,-1,0.0,0.0,0.0
2025-01-10,19,263749,0.5,5848.740234375,no_delta_match,-1,0.0,0.0,0.0
2025-01-13,29,264149,0.4,5799.0400390625,no_delta_match,-1,0.0,0.0,0.0
2025-01-13,29,264149,0.5,5799.0400390625,no_delta_match,-1,0.0,0.0,0.0
2025-01-14,57,264567,0.4,5854.97998046875,,155,5865.0,0.40691709518432617,11.0
2025-01-14,57,264567,0.5,5854.97998046875,,151,5855.0,0.5113860368728638,15.84000015258789
2025-01-15,68,264968,0.4,5941.06005859375,,181,5950.0,0.4074242115020752,9.800000190734863
2025-01-15,68,264968,0.5,5941.06005859375,,177,5940.0,0.5243384838104248,15.0
2025-01-16,57,265347,0.4,5942.10986328125,,144,5950.0,0.41618335247039795,9.65999984741211
2025-01-16,57,265347,0.5,5942.10986328125,,142,5945.0,0.4779013395309448,12.0
2025-01-17,75,265755,0.4,5995.77978515625,,288,6005.0,0.36308979988098145,5.800000190734863
2025-01-17,75,265755,0.5,5995.77978515625,,284,5995.0,0.5302104949951172,10.300000190734863
2025-01-21,112,266182,0.4,6029.39990234375,,210,6035.0,0.40826547145843506,5.949999809265137
2025-01-21,112,266182,0.5,6029.39990234375,,208,6030.0,0.5055469274520874,8.399999618530273
2025-01-22,48,266508,0.4,6092.43994140625,,171,6100.0,0.3576524257659912,4.300000190734863
2025-01-22,48,266508,0.5,6092.43994140625,,169,6095.0,0.46805301308631897,6.599999904632568
2025-01-23,76,266926,0.4,6088.81005859375,,164,6095.0,0.37644946575164795,4.300000190734863
2025-01-23,76,266926,0.5,6088.81005859375,,162,6090.0,0.49522390961647034,6.400000095367432
2025-01-24,114,267354,0.4,6116.9501953125,,219,6120.0,0.448563814163208,5.650000095367432
2025-01-24,114,267354,0.5,6116.9501953125,no_delta_match,-1,0.0,0.0,0.0
2025-01-27,22,267652,0.4,6002.25,no_delta_match,-1,0.0,0.0,0.0
2025-01-27,22,267652,0.5,6002.25,no_delta_match,-1,0.0,0.0,0.0
2025-01-28,142,268162,0.4,6036.77978515625,,153,6045.0,0.38125500082969666,6.5
2025-01-28,142,268162,0.5,6036.77978515625,,151,6040.0,0.4620847702026367,8.899999618530273
2025-01-29,150,268560,0.4,6046.31982421875,,167,6055.0,0.41891077160835266,11.600000381469727
2025-01-29,150,268560,0.5,6046.31982421875,,163,6045.0,0.5225954651832581,16.399999618530273
2025-01-30,54,268854,0.4,6060.43994140625,,147,6070.0,0.3873068690299988,8.0
2025-01-30,54,268854,0.5,6060.43994140625,,143,6060.0,0.5209532976150513,12.5
2025-01-31,135,269325,0.4,6109.3798828125,,256,6115.0,0.4110260605812073,6.300000190734863
2025-01-31,135,269325,0.5,6109.3798828125,,254,6110.0,0.5038093328475952,9.0
2025-02-03,49,269629,0.4,5924.4599609375,,156,5940.0,0.3811241090297699,12.510000228881836
2025-02-03,49,269629,0.5,5924.4599609375,,150,5925.0,0.5057495832443237,18.799999237060547
2025-02-04,139,270109,0.4,6030.6298828125,,154,6040.0,0.36398881673812866,6.099999904632568
2025-02-04,139,270109,0.5,6030.6298828125,,150,6030.0,0.5225028395652771,11.0
2025-02-05,104,270464,0.4,6029.7001953125,,142,6035.0,0.4293935298919678,7.75
2025-02-05,104,270464,0.5,6029.7001953125,,140,6030.0,0.5101830959320068,10.100000381469727
2025-02-06,48,270798,0.4,6078.31005859375,,158,6085.0,0.4057755768299103,6.800000190734863
2025-02-06,48,270798,0.5,6078.31005859375,,156,6080.0,0.4900864064693451,9.100000381469727
2025-02-07,23,271163,0.4,6101.2001953125,no_delta_match,-1,0.0,0.0,0.0
2025-02-07,23,271163,0.5,6101.2001953125,no_delta_match,-1,0.0,0.0,0.0
2025-02-10,68,271598,0.4,6066.02001953125,,160,6075.0,0.35635867714881897,5.199999809265137
2025-02-10,68,271598,0.5,6066.02001953125,,156,6065.0,0.5353294014930725,10.300000190734863
2025-02-11,116,272036,0.4,6068.06982421875,,149,6075.0,0.3626299500465393,4.260000228881836
2025-02-11,116,272036,0.5,6068.06982421875,,147,6070.0,0.47674164175987244,6.699999809265137
2025-02-12,45,272355,0.4,6020.31005859375,,132,6030.0,0.3971007168292999,9.199999809265137
2025-02-12,45,272355,0.5,6020.31005859375,,128,6020.0,0.5173324942588806,14.100000381469727
2025-02-13,85,272785,0.4,6085.75,,159,6090.0,0.44220301508903503,7.400000095367432
2025-02-13,85,272785,0.5,6085.75,,157,6085.0,0.5299480557441711,10.100000381469727
2025-02-14,31,273121,0.4,6118.6298828125,,205,6125.0,0.420657217502594,7.940000057220459
2025-02-14,31,273121,0.5,6118.6298828125,,203,6120.0,0.49713045358657837,10.600000381469727
2025-02-18,72,273552,0.4,6116.68017578125,,181,6125.0,0.3638811409473419,5.199999809265137
2025-02-18,72,273552,0.5,6116.68017578125,,179,6120.0,0.45670175552368164,7.300000190734863
2025-02-19,19,273889,0.4,6113.3701171875,no_delta_match,-1,0.0,0.0,0.0
2025-02-19,19,273889,0.5,6113.3701171875,no_delta_match,-1,0.0,0.0,0.0
2025-02-20,149,274409,0.4,6089.60009765625,,143,6095.0,0.4220101535320282,7.199999809265137
2025-02-20,149,274409,0.5,6089.60009765625,,141,6090.0,0.5065752267837524,9.699999809265137
2025-02-21,83,274733,0.4,6078.56005859375,,256,6085.0,0.42451047897338867,8.829999923706055
2025-02-21,83,274733,0.5,6078.56005859375,,254,6080.0,0.4940526783466339,11.100000381469727
2025-02-24,129,275169,0.4,6008.919921875,,155,6015.0,0.42666399478912354,8.8100004196167
2025-02-24,129,275169,0.5,6008.919921875,,153,6010.0,0.496984601020813,11.199999809265137
2025-02-25,31,275461,0.4,5950.240234375,,130,5965.0,0.3918863832950592,13.5
2025-02-25,31,275461,0.5,5950.240234375,,124,5950.0,0.5123140215873718,20.5
2025-02-26,37,275857,0.4,5990.240234375,,137,6000.0,0.3999147117137909,9.609999656677246
2025-02-26,37,275857,0.5,5990.240234375,,133,5990.0,0.5163927674293518,14.399999618530273
2025-02-27,38,276248,0.4,5932.77001953125,,148,5950.0,0.3839690089225769,14.399999618530273
2025-02-27,38,276248,0.5,5932.77001953125,,142,5935.0,0.49335306882858276,21.299999237060547
2025-02-28,92,276692,0.4,5902.39990234375,,241,5915.0,0.3816372752189636,10.1899995803833
2025-02-28,92,276692,0.5,5902.39990234375,,237,5905.0,0.48397672176361084,14.800000190734863
2025-03-03,132,277122,0.4,5929.6298828125,,170,5940.0,0.41053563356399536,12.300000190734863
2025-03-03,132,277122,0.5,5929.6298828125,,166,5930.0,0.5052841901779175,17.0
2025-03-04,97,277477,0.4,5744.669921875,,137,5760.0,0.3952631652355194,14.899999618530273
2025-03-04,97,277477,0.5,5744.669921875,,131,5745.0,0.5057920813560486,21.5
2025-03-05,80,277850,0.4,5776.7099609375,,162,5795.0,0.39607861638069153,18.0
2025-03-05,80,277850,0.5,5776.7099609375,,156,5780.0,0.4876740276813507,24.799999237060547
2025-03-06,143,278303,0.4,5763.509765625,,159,5780.0,0.39235061407089233,15.600000381469727
2025-03-06,143,278303,0.5,5763.509765625,,153,5765.0,0.4968460500240326,23.100000381469727
2025-03-07,39,278589,0.4,5755.60009765625,,217,5775.0,0.4028109610080719,20.770000457763672
2025-03-07,39,278589,0.5,5755.60009765625,,209,5755.0,0.5113264322280884,30.399999618530273
2025-03-10,37,278977,0.4,5668.39013671875,,151,5690.0,0.38949814438819885,19.5
2025-03-10,37,278977,0.5,5668.39013671875,,143,5670.0,0.49924927949905396,28.399999618530273
2025-03-11,106,279436,0.4,5588.85986328125,,154,5605.0,0.40982672572135925,19.200000762939453
2025-03-11,106,279436,0.5,5588.85986328125,,148,5590.0,0.5003015398979187,25.899999618530273
2025-03-12,131,279851,0.4,5584.77978515625,,148,5600.0,0.40017032623291016,15.899999618530273
2025-03-12,131,279851,0.5,5584.77978515625,,142,5585.0,0.5056660771369934,22.700000762939453
2025-03-13,51,280161,0.4,5587.7099609375,,159,5605.0,0.3887113630771637,15.399999618530273
2025-03-13,51,280161,0.5,5587.7099609375,,153,5590.0,0.49271273612976074,22.0
2025-03-14,50,280550,0.4,5567.6298828125,,184,5585.0,0.3840351402759552,14.600000381469727
2025-03-14,50,280550,0.5,5567.6298828125,,178,5570.0,0.49196118116378784,21.600000381469727
2025-03-17,86,280976,0.4,5646.68017578125,,168,5655.0,0.42654597759246826,12.300000190734863
2025-03-17,86,280976,0.5,5646.68017578125,,166,5650.0,0.4762568175792694,14.300000190734863
2025-03-18,120,281400,0.4,5608.7099609375,,136,5620.0,0.4021530747413635,11.949999809265137
2025-03-18,120,281400,0.5,5608.7099609375,,132,5610.0,0.4963640868663788,16.0
2025-03-19,53,281723,0.4,5656.2001953125,,154,5670.0,0.4135350286960602,17.049999237060547
2025-03-19,53,281723,0.5,5656.2001953125,,148,5655.0,0.5166085958480835,24.899999618530273
2025-03-20,127,282187,0.4,5689.009765625,,183,5700.0,0.3814753293991089,8.899999618530273
2025-03-20,127,282187,0.5,5689.009765625,,179,5690.0,0.4985482394695282,13.600000381469727
2025-03-21,85,282535,0.4,5627.10009765625,,210,5640.0,0.39128315448760986,11.800000190734863
2025-03-21,85,282535,0.5,5627.10009765625,,206,5630.0,0.4826575815677643,16.100000381469727
2025-03-24,110,282950,0.4,5762.18994140625,,178,5770.0,0.37578457593917847,5.699999809265137
2025-03-24,110,282950,0.5,5762.18994140625,,176,5765.0,0.46627840399742126,8.199999809265137
2025-03-25,100,283330,0.4,5784.02978515625,,142,5790.0,0.404847651720047,6.099999904632568
2025-03-25,100,283330,0.5,5784.02978515625,,140,5785.0,0.4985339045524597,8.399999618530273
2025-03-26,80,283700,0.4,5755.2900390625,,145,5765.0,0.36620381474494934,6.400000095367432
2025-03-26,80,283700,0.5,5755.2900390625,,141,5755.0,0.5190737247467041,11.100000381469727
2025-03-27,87,284097,0.4,5728.10986328125,,147,5735.0,0.4209725260734558,9.100000381469727
2025-03-27,87,284097,0.5,5728.10986328125,,145,5730.0,0.4878099262714386,11.600000381469727
2025-03-28,150,284550,0.4,5605.759765625,,172,5615.0,0.4039437174797058,10.0
2025-03-28,150,284550,0.5,5605.759765625,,168,5605.0,0.5179178714752197,14.5
2025-03-31,68,284858,0.4,5534.43994140625,,215,5550.0,0.3917575478553772,14.399999618530273
2025-03-31,68,284858,0.5,5534.43994140625,,209,5535.0,0.5045230388641357,21.200000762939453
2025-04-01,143,285323,0.4,5635.43017578125,,166,5645.0,0.404274046421051,10.399999618530273
2025-04-01,143,285323,0.5,5635.43017578125,,162,5635.0,0.5136297941207886,15.270000457763672
2025-04-02,122,285692,0.4,5654.9599609375,,176,5665.0,0.4165782332420349,13.0
2025-04-02,122,285692,0.5,5654.9599609375,,172,5655.0,0.508243978023529,17.700000762939453
2025-04-03,39,285999,0.4,5450.27978515625,,132,5470.0,0.40405988693237305,21.5
2025-04-03,39,285999,0.5,5450.27978515625,,124,5450.0,0.5094287991523743,30.399999618530273
2025-04-04,133,286483,0.4,5179.89013671875,,150,5205.0,0.4025401771068573,27.100000381469727
2025-04-04,133,286483,0.5,5179.89013671875,,140,5180.0,0.5060482621192932,38.400001525878906
2025-04-07,67,286807,0.4,4975.7998046875,,163,5025.0,0.4038234055042267,52.0
2025-04-07,67,286807,0.5,4975.7998046875,,145,4980.0,0.5008748769760132,76.0
2025-04-08,39,287169,0.4,5259.080078125,,273,5285.0,0.406230628490448,29.100000381469727
2025-04-08,39,287169,0.5,5259.080078125,,263,5260.0,0.504030704498291,41.630001068115234
2025-04-09,49,287569,0.4,5006.759765625,,206,5050.0,0.39448195695877075,41.0
2025-04-09,49,287569,0.5,5006.759765625,,190,5010.0,0.499849408864975,59.54999923706055
2025-04-10,33,287943,0.4,5305.27001953125,,317,5340.0,0.39898303151130676,35.20000076293945
2025-04-10,33,287943,0.5,5305.27001953125,,305,5310.0,0.49284473061561584,48.5
2025-04-11,61,288361,0.4,5240.72021484375,,339,5275.0,0.40640929341316223,38.349998474121094
2025-04-11,61,288361,0.5,5240.72021484375,,327,5245.0,0.49503499269485474,52.0
2025-04-14,30,288720,0.4,5423.9501953125,,301,5445.0,0.4067581593990326,23.799999237060547
2025-04-14,30,288720,0.5,5423.9501953125,,293,5425.0,0.5028834939002991,34.099998474121094
2025-04-15,88,289168,0.4,5427.66015625,,225,5440.0,0.40677982568740845,13.899999618530273
2025-04-15,88,289168,0.5,5427.66015625,,221,5430.0,0.4904246926307678,20.100000381469727
2025-04-16,148,289618,0.4,5336.4599609375,,200,5350.0,0.4043627381324768,15.0
2025-04-16,148,289618,0.5,5336.4599609375,,194,5335.0,0.5179877877235413,22.100000381469727
2025-04-17,146,290006,0.4,5290.0400390625,,226,5305.0,0.38801953196525574,13.399999618530273
2025-04-17,146,290006,0.5,5290.0400390625,,220,5290.0,0.5073376297950745,20.899999618530273
2025-04-21,143,290393,0.4,5129.3701171875,,139,5145.0,0.3850148618221283,13.5
2025-04-21,143,290393,0.5,5129.3701171875,,133,5130.0,0.5021027326583862,20.399999618530273
2025-04-22,48,290688,0.4,5242.02001953125,,193,5255.0,0.4129790961742401,15.899999618530273
2025-04-22,48,290688,0.5,5242.02001953125,,189,5245.0,0.4869226813316345,20.700000762939453
2025-04-23,46,291076,0.4,5433.35986328125,,247,5455.0,0.3869331181049347,18.950000762939453
2025-04-23,46,291076,0.5,5433.35986328125,,239,5435.0,0.4989188313484192,28.799999237060547
2025-04-24,107,291527,0.4,5453.72998046875,,227,5465.0,0.4185711145401001,15.100000381469727
2025-04-24,107,291527,0.5,5453.72998046875,,223,5455.0,0.4980446994304657,20.0
2025-04-25,146,291956,0.4,5489.06982421875,,264,5500.0,0.3922020196914673,10.199999809265137
2025-04-25,146,291956,0.5,5489.06982421875,,260,5490.0,0.49870702624320984,14.800000190734863
2025-04-28,127,292327,0.4,5497.43017578125,,208,5510.0,0.38630107045173645,10.899999618530273
2025-04-28,127,292327,0.5,5497.43017578125,,204,5500.0,0.48369887471199036,15.5
2025-04-29,43,292633,0.4,5537.080078125,,207,5550.0,0.39687544107437134,12.600000381469727
2025-04-29,43,292633,0.5,5537.080078125,,203,5540.0,0.4847203195095062,17.299999237060547
2025-04-30,115,293095,0.4,5502.18994140625,,248,5515.0,0.4094717800617218,15.100000381469727
2025-04-30,115,293095,0.5,5502.18994140625,,244,5505.0,0.4859447479248047,19.399999618530273
2025-05-01,83,293453,0.4,5645.02001953125,,229,5655.0,0.41013509035110474,11.600000381469727
2025-05-01,83,293453,0.5,5645.02001953125,,225,5645.0,0.5103964805603027,16.43000030517578
2025-05-02,75,293835,0.4,5669.52978515625,,283,5680.0,0.4009123146533966,10.699999809265137
2025-05-02,75,293835,0.5,5669.52978515625,,279,5670.0,0.5058519244194031,15.800000190734863
2025-05-05,82,294232,0.4,5661.009765625,,206,5670.0,0.3985072672367096,8.800000190734863
2025-05-05,82,294232,0.5,5661.009765625,,202,5660.0,0.5250006318092346,13.600000381469727
2025-05-06,89,294629,0.4,5624.93994140625,,180,5635.0,0.39242303371429443,9.199999809265137
2025-05-06,89,294629,0.5,5624.93994140625,,176,5625.0,0.510527491569519,14.100000381469727
2025-05-07,139,295069,0.4,5605.64990234375,,218,5620.0,0.39971575140953064,14.899999618530273
2025-05-07,139,295069,0.5,5605.64990234375,,212,5605.0,0.5121371746063232,21.899999618530273
2025-05-08,122,295442,0.4,5680.75,,207,5690.0,0.41483062505722046,11.600000381469727
2025-05-08,122,295442,0.5,5680.75,,203,5680.0,0.5168068408966064,16.5
2025-05-09,20,295730,0.4,5682.18994140625,no_delta_match,-1,0.0,0.0,0.0
2025-05-09,20,295730,0.5,5682.18994140625,no_delta_match,-1,0.0,0.0,0.0
2025-05-12,118,296218,0.4,5804.02978515625,,245,5815.0,0.3828490078449249,9.0
2025-05-12,118,296218,0.5,5804.02978515625,,241,5805.0,0.4993041455745697,13.899999618530273
2025-05-13,57,296547,0.4,5890.47998046875,,234,5900.0,0.39116838574409485,8.399999618530273
2025-05-13,57,296547,0.5,5890.47998046875,,230,5890.0,0.5199434161186218,13.199999809265137
2025-05-14,60,296940,0.4,5891.25,,221,5900.0,0.40631628036499023,9.399999618530273
2025-05-14,60,296940,0.5,5891.25,,217,5890.0,0.5285895466804504,14.100000381469727
2025-05-15,96,297366,0.4,5886.9599609375,,196,5895.0,0.3881184458732605,6.800000190734863
2025-05-15,96,297366,0.5,5886.9599609375,,194,5890.0,0.46596163511276245,8.800000190734863
2025-05-16,148,297808,0.4,5924.56982421875,,284,5930.0,0.41964825987815857,7.0
2025-05-16,148,297808,0.5,5924.56982421875,,282,5925.0,0.5059295296669006,9.399999618530273
2025-05-19,24,298074,0.4,5924.25,no_delta_match,-1,0.0,0.0,0.0
2025-05-19,24,298074,0.5,5924.25,no_delta_match,-1,0.0,0.0,0.0
2025-05-20,84,298524,0.4,5950.43994140625,,200,5960.0,0.3716229796409607,6.690000057220459
2025-05-20,84,298524,0.5,5950.43994140625,,196,5950.0,0.5219591856002808,11.0
2025-05-21,47,298877,0.4,5913.06982421875,,208,5920.0,0.4259513020515442,9.699999809265137
2025-05-21,47,298877,0.5,5913.06982421875,,206,5915.0,0.48966699838638306,12.100000381469727
2025-05-22,139,299359,0.4,5849.83984375,,179,5860.0,0.39309799671173096,9.5
2025-05-22,139,299359,0.5,5849.83984375,,175,5850.0,0.5078654289245605,14.300000190734863
2025-05-23,78,299688,0.4,5799.47021484375,,233,5810.0,0.412631630897522,12.699999809265137
2025-05-23,78,299688,0.5,5799.47021484375,,229,5800.0,0.5051107406616211,17.299999237060547
2025-05-27,131,300131,0.4,5897.490234375,,194,5905.0,0.3788330852985382,5.699999809265137
2025-05-27,131,300131,0.5,5897.490234375,,192,5900.0,0.4692205488681793,7.900000095367432
2025-05-28,134,300524,0.4,5903.64990234375,,167,5910.0,0.4122285544872284,7.400000095367432
2025-05-28,134,300524,0.5,5903.64990234375,,165,5905.0,0.49148494005203247,9.600000381469727
2025-05-29,28,300808,0.4,5921.72021484375,no_delta_match,-1,0.0,0.0,0.0
2025-05-29,28,300808,0.5,5921.72021484375,no_delta_match,-1,0.0,0.0,0.0
2025-05-30,118,301288,0.4,5903.22998046875,,278,5915.0,0.3749120831489563,8.800000190734863
2025-05-30,118,301288,0.5,5903.22998046875,,274,5905.0,0.48997488617897034,13.100000381469727
2025-06-02,122,301682,0.4,5896.60009765625,,164,5905.0,0.39321255683898926,7.699999809265137
2025-06-02,122,301682,0.5,5896.60009765625,,160,5895.0,0.5336272120475769,12.949999809265137
2025-06-03,127,302077,0.4,5961.75,,162,5970.0,0.36575332283973694,5.400000095367432
2025-06-03,127,302077,0.5,5961.75,,160,5965.0,0.4558122456073761,7.5
2025-06-04,149,302489,0.4,5978.990234375,,168,5985.0,0.4078871011734009,6.570000171661377
2025-06-04,149,302489,0.5,5978.990234375,,166,5980.0,0.49600687623023987,9.100000381469727
2025-06-05,118,302848,0.4,5994.72998046875,,166,6000.0,0.4336945712566376,8.399999618530273
2025-06-05,118,302848,0.5,5994.72998046875,,164,5995.0,0.5094828009605408,10.609999656677246
2025-06-06,128,303248,0.4,5991.56982421875,,253,6000.0,0.3908175528049469,7.5
2025-06-06,128,303248,0.5,5991.56982421875,,249,5990.0,0.5346142053604126,12.399999618530273
2025-06-09,111,303621,0.4,6002.6201171875,,176,6010.0,0.388031005859375,6.199999809265137
2025-06-09,111,303621,0.5,6002.6201171875,,174,6005.0,0.47388747334480286,8.300000190734863
2025-06-10,55,303955,0.4,6020.759765625,,160,6030.0,0.36356478929519653,5.800000190734863
2025-06-10,55,303955,0.5,6020.759765625,,156,6020.0,0.531363844871521,10.199999809265137
2025-06-11,130,304420,0.4,6050.1298828125,,183,6055.0,0.427410364151001,6.900000095367432
2025-06-11,130,304420,0.5,6050.1298828125,,181,6050.0,0.5171387195587158,9.5
2025-06-12,110,304790,0.4,6036.35986328125,,199,6045.0,0.3827067017555237,6.900000095367432
2025-06-12,110,304790,0.5,6036.35986328125,,195,6035.0,0.533404529094696,12.0
2025-06-13,107,305177,0.4,6003.4599609375,,241,6010.0,0.42436808347702026,9.100000381469727
2025-06-13,107,305177,0.5,6003.4599609375,,239,6005.0,0.49198606610298157,11.600000381469727
2025-06-16,147,305607,0.4,6037.3701171875,,214,6045.0,0.37984150648117065,5.900000095367432
2025-06-16,147,305607,0.5,6037.3701171875,,212,6040.0,0.4686141908168793,8.399999618530273
2025-06-17,115,305965,0.4,6013.0,,176,6020.0,0.3882638216018677,5.869999885559082
2025-06-17,115,305965,0.5,6013.0,,174,6015.0,0.479878693819046,8.270000457763672
2025-06-18,61,306301,0.4,6016.75,,199,6030.0,0.3781352937221527,10.210000038146973
2025-06-18,61,306301,0.5,6016.75,,195,6020.0,0.47960492968559265,15.300000190734863
2025-06-20,56,306686,0.4,5979.6298828125,,277,5990.0,0.3959161043167114,9.800000190734863
2025-06-20,56,306686,0.5,5979.6298828125,,273,5980.0,0.508480429649353,14.399999618530273
2025-06-23,59,307079,0.4,5999.64990234375,,188,6005.0,0.43556326627731323,8.5
2025-06-23,59,307079,0.5,5999.64990234375,,186,6000.0,0.5106551647186279,11.100000381469727
2025-06-24,37,307447,0.4,6066.58984375,,198,6075.0,0.3929428160190582,7.400000095367432
2025-06-24,37,307447,0.5,6066.58984375,,196,6070.0,0.4668038487434387,9.699999809265137
2025-06-25,26,307826,0.4,6106.080078125,no_delta_match,-1,0.0,0.0,0.0
2025-06-25,26,307826,0.5,6106.080078125,no_delta_match,-1,0.0,0.0,0.0
2025-06-26,117,308307,0.4,6127.72998046875,,197,6135.0,0.356658935546875,4.199999809265137
2025-06-26,117,308307,0.5,6127.72998046875,,195,6130.0,0.4685186743736267,6.349999904632568
2025-06-27,121,308701,0.4,6178.56005859375,,248,6185.0,0.37062355875968933,4.300000190734863
2025-06-27,121,308701,0.5,6178.56005859375,,246,6180.0,0.48671427369117737,6.539999961853027
2025-06-30,37,309007,0.4,6187.6298828125,,272,6195.0,0.41617313027381897,8.800000190734863
2025-06-30,37,309007,0.5,6187.6298828125,,270,6190.0,0.48401084542274475,11.199999809265137
2025-07-01,68,309428,0.4,6190.97021484375,,178,6200.0,0.35772326588630676,5.300000190734863
2025-07-01,68,309428,0.5,6190.97021484375,,174,6190.0,0.5359079241752625,9.989999771118164
2025-07-02,140,309890,0.4,6215.66015625,,167,6220.0,0.4158945083618164,5.0
2025-07-02,140,309890,0.5,6215.66015625,,165,6215.0,0.5347020030021667,7.5
2025-07-03,128,310268,0.4,6279.8701171875,no_delta_match,-1,0.0,0.0,0.0
2025-07-03,128,310268,0.5,6279.8701171875,,208,6280.0,0.526879072189331,4.599999904632568
2025-07-07,96,310446,0.4,6242.259765625,,214,6250.0,0.3749426603317261,5.5
2025-07-07,96,310446,0.5,6242.259765625,,212,6245.0,0.46758580207824707,7.800000190734863
2025-07-08,147,310887,0.4,6233.830078125,,166,6240.0,0.3889695107936859,5.199999809265137
2025-07-08,147,310887,0.5,6233.830078125,,164,6235.0,0.4923652708530426,7.5
2025-07-09,59,311189,0.4,6256.080078125,,164,6265.0,0.3631207346916199,5.53000020980835
2025-07-09,59,311189,0.5,6256.080078125,,160,6255.0,0.5380063056945801,10.199999809265137
2025-07-10,129,311649,0.4,6277.490234375,no_delta_match,-1,0.0,0.0,0.0
2025-07-10,129,311649,0.5,6277.490234375,,168,6280.0,0.4582567512989044,5.5
2025-07-11,142,312052,0.4,6259.8798828125,,209,6265.0,0.41600170731544495,6.099999904632568
2025-07-11,142,312052,0.5,6259.8798828125,,207,6260.0,0.514183521270752,8.199999809265137
2025-07-14,95,312395,0.4,6255.3798828125,,172,6260.0,0.41482412815093994,5.099999904632568
2025-07-14,95,312395,0.5,6255.3798828125,,170,6255.0,0.5311057567596436,7.539999961853027
2025-07-15,36,312726,0.4,6279.81982421875,,164,6285.0,0.4372410178184509,8.199999809265137
2025-07-15,36,312726,0.5,6279.81982421875,,162,6280.0,0.5156188011169434,10.699999809265137
2025-07-16,54,313134,0.4,6246.2099609375,,184,6255.0,0.3650381863117218,5.550000190734863
2025-07-16,54,313134,0.5,6246.2099609375,,180,6245.0,0.5399974584579468,10.399999618530273
2025-07-17,84,313554,0.4,6280.22021484375,,149,6285.0,0.4176337718963623,5.5
2025-07-17,84,313554,0.5,6280.22021484375,,147,6280.0,0.5274492502212524,7.699999809265137
2025-07-18,52,313912,0.4,6298.72998046875,,278,6305.0,0.4026549756526947,6.0
2025-07-18,52,313912,0.5,6298.72998046875,,276,6300.0,0.49722275137901306,8.5
2025-07-21,27,314277,0.4,6326.02001953125,no_delta_match,-1,0.0,0.0,0.0
2025-07-21,27,314277,0.5,6326.02001953125,no_delta_match,-1,0.0,0.0,0.0
2025-07-22,38,314678,0.4,6289.47021484375,,170,6295.0,0.4284811019897461,7.599999904632568
2025-07-22,38,314678,0.5,6289.47021484375,,168,6290.0,0.5105587244033813,10.0
2025-07-23,146,315176,0.4,6345.509765625,no_delta_match,-1,0.0,0.0,0.0
2025-07-23,146,315176,0.5,6345.509765625,no_delta_match,-1,0.0,0.0,0.0
2025-07-24,66,315486,0.4,6371.56005859375,,180,6375.0,0.4492144286632538,6.25
2025-07-24,66,315486,0.5,6371.56005859375,no_delta_match,-1,0.0,0.0,0.0
2025-07-25,93,315903,0.4,6379.490234375,,229,6385.0,0.3817102015018463,4.0
2025-07-25,93,315903,0.5,6379.490234375,,227,6380.0,0.5123817324638367,6.300000190734863
2025-07-28,74,316274,0.4,6398.64990234375,,188,6405.0,0.3707871735095978,4.099999904632568
2025-07-28,74,316274,0.5,6398.64990234375,,186,6400.0,0.49258893728256226,6.300000190734863
2025-07-29,124,316714,0.4,6376.1298828125,,165,6380.0,0.43396449089050293,5.75
2025-07-29,124,316714,0.5,6376.1298828125,,163,6375.0,0.5438632965087891,8.350000381469727
2025-07-30,28,317008,0.4,6378.2001953125,no_delta_match,-1,0.0,0.0,0.0
2025-07-30,28,317008,0.5,6378.2001953125,no_delta_match,-1,0.0,0.0,0.0
2025-07-31,53,317423,0.4,6410.08984375,,303,6420.0,0.3632662296295166,6.199999809265137
2025-07-31,53,317423,0.5,6410.08984375,,299,6410.0,0.5182082653045654,11.5
2025-08-01,94,317854,0.4,6238.990234375,,196,6250.0,0.40265190601348877,11.550000190734863
2025-08-01,94,317854,0.5,6238.990234375,,192,6240.0,0.5005887746810913,16.0
2025-08-04,124,318274,0.4,6312.1201171875,,195,6320.0,0.3623466193675995,4.900000095367432
2025-08-04,124,318274,0.5,6312.1201171875,,193,6315.0,0.46051761507987976,7.050000190734863
2025-08-05,77,318617,0.4,6296.77978515625,,174,6305.0,0.40418967604637146,8.5
2025-08-05,77,318617,0.5,6296.77978515625,,172,6300.0,0.4714089035987854,10.859999656677246
2025-08-06,110,319040,0.4,6332.77978515625,,179,6340.0,0.3676997125148773,4.690000057220459
2025-08-06,110,319040,0.5,6332.77978515625,,177,6335.0,0.4730626046657562,6.96999979019165
2025-08-07,123,319443,0.4,6338.080078125,,162,6345.0,0.41195744276046753,8.0
2025-08-07,123,319443,0.5,6338.080078125,,160,6340.0,0.4854351580142975,10.399999618530273
2025-08-08,102,319812,0.4,6378.31982421875,,240,6385.0,0.38852009177207947,5.5
2025-08-08,102,319812,0.5,6378.31982421875,,238,6380.0,0.4861166477203369,7.800000190734863
2025-08-11,126,320226,0.4,6389.2001953125,,194,6395.0,0.3779445290565491,4.150000095367432
2025-08-11,126,320226,0.5,6389.2001953125,,192,6390.0,0.5019422769546509,6.5
2025-08-12,144,320634,0.4,6426.240234375,,199,6430.0,0.43246835470199585,5.5
2025-08-12,144,320634,0.5,6426.240234375,,197,6425.0,0.546076238155365,8.199999809265137
2025-08-13,44,320924,0.4,6469.5400390625,,195,6475.0,0.41504567861557007,6.0
2025-08-13,44,320924,0.5,6469.5400390625,,193,6470.0,0.5137214660644531,8.600000381469727
2025-08-14,73,321343,0.4,6466.330078125,,190,6470.0,0.44456490874290466,6.199999809265137
2025-08-14,73,321343,0.5,6466.330078125,,188,6465.0,0.5494109392166138,8.960000038146973
2025-08-15,45,321705,0.4,6463.2001953125,,300,6470.0,0.40132495760917664,6.429999828338623
2025-08-15,45,321705,0.5,6463.2001953125,,298,6465.0,0.48901551961898804,8.729999542236328
2025-08-18,71,322121,0.4,6449.56982421875,,183,6455.0,0.40006980299949646,4.900000095367432
2025-08-18,71,322121,0.5,6449.56982421875,,181,6450.0,0.5145811438560486,7.300000190734863
2025-08-19,15,322455,0.4,6441.2900390625,no_delta_match,-1,0.0,0.0,0.0
2025-08-19,15,322455,0.5,6441.2900390625,no_delta_match,-1,0.0,0.0,0.0
2025-08-20,109,322939,0.4,6369.89990234375,,159,6380.0,0.3637561798095703,6.5
2025-08-20,109,322939,0.5,6369.89990234375,,155,6370.0,0.5129036903381348,11.100000381469727
2025-08-21,47,323267,0.4,6391.02001953125,,165,6400.0,0.39886897802352905,8.600000381469727
2025-08-21,47,323267,0.5,6391.02001953125,,161,6390.0,0.528130829334259,13.600000381469727
2025-08-22,128,323738,0.4,6472.47021484375,,251,6480.0,0.38236790895462036,5.900000095367432
2025-08-22,128,323738,0.5,6472.47021484375,,249,6475.0,0.4712747037410736,8.199999809265137
2025-08-25,112,324112,0.4,6464.72021484375,,185,6470.0,0.3648028075695038,3.140000104904175
2025-08-25,112,324112,0.5,6464.72021484375,,183,6465.0,0.5206689834594727,5.300000190734863
2025-08-26,60,324450,0.4,6444.68017578125,,155,6450.0,0.39284536242485046,4.300000190734863
2025-08-26,60,324450,0.5,6444.68017578125,,153,6445.0,0.5191248059272766,6.900000095367432
2025-08-27,76,324856,0.4,6472.75,no_delta_match,-1,0.0,0.0,0.0
2025-08-27,76,324856,0.5,6472.75,,149,6475.0,0.4664573073387146,5.099999904632568
2025-08-28,106,325276,0.4,6489.669921875,,169,6495.0,0.40138310194015503,5.0
2025-08-28,106,325276,0.5,6489.669921875,,167,6490.0,0.5141779184341431,7.400000095367432
2025-08-29,71,325631,0.4,6459.990234375,,272,6470.0,0.3722692131996155,7.0
2025-08-29,71,325631,0.5,6459.990234375,,268,6460.0,0.5157803893089294,11.600000381469727
2025-09-02,43,325993,0.4,6400.22021484375,,169,6410.0,0.3935350775718689,8.800000190734863
2025-09-02,43,325993,0.5,6400.22021484375,,165,6400.0,0.5176405310630798,13.600000381469727
2025-09-03,20,326360,0.4,6438.02001953125,no_delta_match,-1,0.0,0.0,0.0
2025-09-03,20,326360,0.5,6438.02001953125,no_delta_match,-1,0.0,0.0,0.0
2025-09-04,90,326820,0.4,6468.9599609375,,164,6475.0,0.3809117376804352,4.400000095367432
2025-09-04,90,326820,0.5,6468.9599609375,,162,6470.0,0.4993509352207184,7.0
2025-09-05,87,327207,0.4,6460.7900390625,,214,6470.0,0.40870222449302673,10.300000190734863
2025-09-05,87,327207,0.5,6460.7900390625,,210,6460.0,0.5211187601089478,15.100000381469727
2025-09-08,119,327629,0.4,6507.9599609375,no_delta_match,-1,0.0,0.0,0.0
2025-09-08,119,327629,0.5,6507.9599609375,,183,6510.0,0.4694141149520874,5.300000190734863
2025-09-09,32,327932,0.4,6497.3701171875,,171,6505.0,0.3930691182613373,6.539999961853027
2025-09-09,32,327932,0.5,6497.3701171875,,169,6500.0,0.4765319526195526,8.800000190734863
2025-09-10,23,328313,0.4,6544.1201171875,no_delta_match,-1,0.0,0.0,0.0
2025-09-10,23,328313,0.5,6544.1201171875,no_delta_match,-1,0.0,0.0,0.0
2025-09-11,115,328795,0.4,6584.68994140625,,194,6590.0,0.39529868960380554,4.599999904632568
2025-09-11,115,328795,0.5,6584.68994140625,,192,6585.0,0.5148374438285828,7.099999904632568
2025-09-12,113,329183,0.4,6587.0,,231,6590.0,0.4435589909553528,4.800000190734863
2025-09-12,113,329183,0.5,6587.0,no_delta_match,-1,0.0,0.0,0.0
2025-09-15,123,329583,0.4,6611.330078125,,220,6615.0,0.4258885085582733,4.599999904632568
2025-09-15,123,329583,0.5,6611.330078125,no_delta_match,-1,0.0,0.0,0.0
2025-09-16,17,329867,0.4,6614.77978515625,no_delta_match,-1,0.0,0.0,0.0
2025-09-16,17,329867,0.5,6614.77978515625,no_delta_match,-1,0.0,0.0,0.0
2025-09-17,104,330344,0.4,6602.990234375,,210,6620.0,0.3877056837081909,15.010000228881836
2025-09-17,104,330344,0.5,6602.990234375,,204,6605.0,0.49425286054611206,21.899999618530273
2025-09-18,145,330775,0.4,6632.7001953125,,194,6640.0,0.3735743761062622,5.150000095367432
2025-09-18,145,330775,0.5,6632.7001953125,,192,6635.0,0.47153013944625854,7.340000152587891
2025-09-19,118,331138,0.4,6633.56982421875,,328,6640.0,0.3888179361820221,5.300000190734863
2025-09-19,118,331138,0.5,6633.56982421875,,326,6635.0,0.49048787355422974,7.800000190734863
2025-09-22,78,331488,0.4,6674.22021484375,,206,6680.0,0.37864476442337036,4.0
2025-09-22,78,331488,0.5,6674.22021484375,,204,6675.0,0.5076873302459717,6.300000190734863
2025-09-23,79,331879,0.4,6689.68017578125,,199,6695.0,0.40251779556274414,4.929999828338623
2025-09-23,79,331879,0.5,6689.68017578125,,197,6690.0,0.5172539949417114,7.400000095367432
2025-09-24,70,332260,0.4,6656.7998046875,,173,6665.0,0.37270793318748474,5.599999904632568
2025-09-24,70,332260,0.5,6656.7998046875,,171,6660.0,0.4625239074230194,7.800000190734863
2025-09-25,22,332602,0.4,6582.1298828125,no_delta_match,-1,0.0,0.0,0.0
2025-09-25,22,332602,0.5,6582.1298828125,no_delta_match,-1,0.0,0.0,0.0
2025-09-26,112,333082,0.4,6616.7099609375,,207,6625.0,0.393547922372818,7.5
2025-09-26,112,333082,0.5,6616.7099609375,,205,6620.0,0.46661147475242615,9.800000190734863
2025-09-29,88,333448,0.4,6669.740234375,,187,6675.0,0.4039630889892578,5.0
2025-09-29,88,333448,0.5,6669.740234375,,185,6670.0,0.5176481604576111,7.5
2025-09-30,86,333836,0.4,6655.4501953125,,238,6660.0,0.44167569279670715,7.800000190734863
2025-09-30,86,333836,0.5,6655.4501953125,,236,6655.0,0.5251264572143555,10.399999618530273
2025-10-01,141,334281,0.4,6696.5400390625,,199,6700.0,0.4328375458717346,4.900000095367432
2025-10-01,141,334281,0.5,6696.5400390625,no_delta_match,-1,0.0,0.0,0.0
2025-10-02,114,334644,0.4,6702.2001953125,,189,6710.0,0.37426427006721497,5.5
2025-10-02,114,334644,0.5,6702.2001953125,,187,6705.0,0.4662784934043884,7.699999809265137
2025-10-03,145,335065,0.4,6747.18017578125,,250,6750.0,0.44663530588150024,4.900000095367432
2025-10-03,145,335065,0.5,6747.18017578125,no_delta_match,-1,0.0,0.0,0.0
2025-10-06,26,335336,0.4,6724.2001953125,no_delta_match,-1,0.0,0.0,0.0
2025-10-06,26,335336,0.5,6724.2001953125,no_delta_match,-1,0.0,0.0,0.0
2025-10-07,144,335844,0.4,6700.830078125,,189,6710.0,0.3805778920650482,7.199999809265137
2025-10-07,144,335844,0.5,6700.830078125,,185,6700.0,0.524641752243042,12.0
2025-10-08,91,336181,0.4,6743.4599609375,,180,6750.0,0.3809022307395935,4.800000190734863
2025-10-08,91,336181,0.5,6743.4599609375,,178,6745.0,0.48973023891448975,7.300000190734863
2025-10-09,69,336549,0.4,6728.18994140625,,182,6735.0,0.4003771245479584,6.400000095367432
2025-10-09,69,336549,0.5,6728.18994140625,,180,6730.0,0.48831474781036377,8.800000190734863
2025-10-10,90,336960,0.4,6695.5498046875,,273,6705.0,0.43449193239212036,16.0
2025-10-10,90,336960,0.5,6695.5498046875,,269,6695.0,0.5138855576515198,21.0
2025-10-13,19,337279,0.4,6635.240234375,no_delta_match,-1,0.0,0.0,0.0
2025-10-13,19,337279,0.5,6635.240234375,no_delta_match,-1,0.0,0.0,0.0
2025-10-14,141,337791,0.4,6648.97021484375,,222,6660.0,0.38770660758018494,9.600000381469727
2025-10-14,141,337791,0.5,6648.97021484375,,218,6650.0,0.49903178215026855,14.399999618530273
2025-10-15,100,338140,0.4,6707.56005859375,,222,6715.0,0.40768346190452576,8.0
2025-10-15,100,338140,0.5,6707.56005859375,,220,6710.0,0.4803897738456726,10.569999694824219
2025-10-16,20,338450,0.4,6687.4501953125,no_delta_match,-1,0.0,0.0,0.0
2025-10-16,20,338450,0.5,6687.4501953125,no_delta_match,-1,0.0,0.0,0.0
2025-10-17,139,338959,0.4,6634.25,,309,6650.0,0.38442739844322205,13.399999618530273
2025-10-17,139,338959,0.5,6634.25,,303,6635.0,0.502313494682312,20.899999618530273
2025-10-20,76,339286,0.4,6733.58984375,,226,6740.0,0.4052237570285797,6.400000095367432
2025-10-20,76,339286,0.5,6733.58984375,,224,6735.0,0.49494558572769165,9.100000381469727
2025-10-21,31,339631,0.4,6725.02001953125,,201,6735.0,0.38311684131622314,7.800000190734863
2025-10-21,31,339631,0.5,6725.02001953125,,197,6725.0,0.516978919506073,13.0
2025-10-22,100,340090,0.4,6719.1201171875,,203,6725.0,0.42755377292633057,8.300000190734863
2025-10-22,100,340090,0.5,6719.1201171875,,201,6720.0,0.5024433732032776,10.899999618530273
2025-10-23,24,340404,0.4,6726.47021484375,no_delta_match,-1,0.0,0.0,0.0
2025-10-23,24,340404,0.5,6726.47021484375,no_delta_match,-1,0.0,0.0,0.0
2025-10-24,89,340859,0.4,6789.18017578125,,261,6795.0,0.42280781269073486,7.5
2025-10-24,89,340859,0.5,6789.18017578125,,259,6790.0,0.5042113065719604,10.199999809265137
2025-10-27,118,341278,0.4,6856.35986328125,,224,6860.0,0.42359688878059387,4.300000190734863
2025-10-27,118,341278,0.5,6856.35986328125,no_delta_match,-1,0.0,0.0,0.0
2025-10-28,25,341575,0.4,6878.10009765625,no_delta_match,-1,0.0,0.0,0.0
2025-10-28,25,341575,0.5,6878.10009765625,no_delta_match,-1,0.0,0.0,0.0
2025-10-29,122,342062,0.4,6904.93994140625,,206,6915.0,0.4120490550994873,12.0
2025-10-29,122,342062,0.5,6904.93994140625,,202,6905.0,0.5096269845962524,17.100000381469727
2025-10-30,95,342425,0.4,6870.22998046875,,215,6880.0,0.40364745259284973,10.199999809265137
2025-10-30,95,342425,0.5,6870.22998046875,,211,6870.0,0.5146669745445251,15.399999618530273
2025-10-31,59,342779,0.4,6853.9501953125,,332,6865.0,0.39231425523757935,9.899999618530273
2025-10-31,59,342779,0.5,6853.9501953125,,328,6855.0,0.5022025108337402,15.100000381469727
2025-11-03,45,343155,0.4,6842.1201171875,,194,6850.0,0.4260175824165344,11.0
2025-11-03,45,343155,0.5,6842.1201171875,,192,6845.0,0.4824012517929077,13.5
2025-11-04,16,343516,0.4,6788.919921875,no_delta_match,-1,0.0,0.0,0.0
2025-11-04,16,343516,0.5,6788.919921875,no_delta_match,-1,0.0,0.0,0.0
2025-11-05,41,343931,0.4,6793.919921875,,174,6805.0,0.3850170969963074,9.0
2025-11-05,41,343931,0.5,6793.919921875,,170,6795.0,0.502467930316925,14.0
2025-11-06,53,344333,0.4,6772.68994140625,,172,6785.0,0.3838488757610321,10.0
2025-11-06,53,344333,0.5,6772.68994140625,,168,6775.0,0.48924022912979126,14.800000190734863
2025-11-07,134,344804,0.4,6651.43017578125,,197,6665.0,0.38334131240844727,11.300000190734863
2025-11-07,134,344804,0.5,6651.43017578125,,191,6650.0,0.5229707360267639,18.0
2025-11-10,84,345144,0.4,6789.10986328125,,200,6800.0,0.3655552566051483,7.099999904632568
2025-11-10,84,345144,0.5,6789.10986328125,,196,6790.0,0.5031172633171082,11.899999618530273
2025-11-11,41,345491,0.4,6816.8701171875,,174,6825.0,0.3939480483531952,7.099999904632568
2025-11-11,41,345491,0.5,6816.8701171875,,172,6820.0,0.4719356894493103,9.649999618530273
2025-11-12,116,345956,0.4,6839.0498046875,,179,6850.0,0.3711186349391937,7.699999809265137
2025-11-12,116,345956,0.5,6839.0498046875,,175,6840.0,0.5009477734565735,12.399999618530273
2025-11-13,76,346306,0.4,6783.31005859375,,162,6795.0,0.39549189805984497,11.050000190734863
2025-11-13,76,346306,0.5,6783.31005859375,,158,6785.0,0.4950733482837677,15.529999732971191
2025-11-14,128,346748,0.4,6764.14013671875,,233,6775.0,0.3977426588535309,10.699999809265137
2025-11-14,128,346748,0.5,6764.14013671875,,229,6765.0,0.501569390296936,15.399999618530273
2025-11-17,117,347127,0.4,6714.72021484375,,173,6725.0,0.4063664972782135,11.319999694824219
2025-11-17,117,347127,0.5,6714.72021484375,,169,6715.0,0.507693886756897,16.299999237060547
2025-11-18,141,347541,0.4,6625.72021484375,,164,6640.0,0.3968822956085205,14.199999809265137
2025-11-18,141,347541,0.5,6625.72021484375,,158,6625.0,0.5141902565956116,20.299999237060547
2025-11-19,111,347901,0.4,6646.9599609375,,199,6660.0,0.38720810413360596,11.300000190734863
2025-11-19,111,347901,0.5,6646.9599609375,,195,6650.0,0.481446236371994,15.800000190734863
2025-11-20,29,348209,0.4,6763.5400390625,no_delta_match,-1,0.0,0.0,0.0
2025-11-20,29,348209,0.5,6763.5400390625,no_delta_match,-1,0.0,0.0,0.0
2025-11-21,90,348660,0.4,6543.509765625,,306,6565.0,0.3878973722457886,19.100000381469727
2025-11-21,90,348660,0.5,6543.509765625,,298,6545.0,0.4994586110115051,28.399999618530273
2025-11-24,72,349032,0.4,6682.02001953125,,224,6690.0,0.42679262161254883,11.5
2025-11-24,72,349032,0.5,6682.02001953125,,222,6685.0,0.480885773897171,14.0
2025-11-25,124,349474,0.4,6721.39013671875,,198,6730.0,0.392067551612854,7.699999809265137
2025-11-25,124,349474,0.5,6721.39013671875,,194,6720.0,0.5323398113250732,12.800000190734863
2025-11-26,35,349775,0.4,6788.009765625,,189,6800.0,0.3807726800441742,9.300000190734863
2025-11-26,35,349775,0.5,6788.009765625,,185,6790.0,0.492668479681015,14.100000381469727
2025-11-28,78,350208,0.4,6838.02978515625,,290,6845.0,0.3924596905708313,5.929999828338623
2025-11-28,78,350208,0.5,6838.02978515625,,288,6840.0,0.4841330647468567,8.100000381469727
2025-12-01,127,350467,0.4,6829.7001953125,,207,6835.0,0.4262932240962982,7.300000190734863
2025-12-01,127,350467,0.5,6829.7001953125,,205,6830.0,0.5109907984733582,9.800000190734863
2025-12-02,99,350829,0.4,6840.31005859375,,166,6850.0,0.3616732060909271,6.0
2025-12-02,99,350829,0.5,6840.31005859375,,162,6840.0,0.521324098110199,10.899999618530273
2025-12-03,20,351140,0.4,6821.169921875,no_delta_match,-1,0.0,0.0,0.0
2025-12-03,20,351140,0.5,6821.169921875,no_delta_match,-1,0.0,0.0,0.0
2025-12-04,126,351636,0.4,6847.10986328125,,161,6855.0,0.39230528473854065,7.0
2025-12-04,126,351636,0.5,6847.10986328125,,159,6850.0,0.4701998829841614,9.300000190734863
2025-12-05,64,351964,0.4,6895.0498046875,,236,6900.0,0.43495577573776245,7.400000095367432
2025-12-05,64,351964,0.5,6895.0498046875,,234,6895.0,0.5208938121795654,10.0
2025-12-08,107,352397,0.4,6845.6201171875,,172,6855.0,0.3799542486667633,7.199999809265137
2025-12-08,107,352397,0.5,6845.6201171875,,168,6845.0,0.5236613154411316,12.0
2025-12-09,103,352783,0.4,6859.06982421875,,181,6865.0,0.38641199469566345,4.599999904632568
2025-12-09,103,352783,0.5,6859.06982421875,,179,6860.0,0.502139151096344,7.0
2025-12-10,102,353172,0.4,6840.3798828125,,177,6855.0,0.3914083242416382,13.399999618530273
2025-12-10,102,353172,0.5,6840.3798828125,,171,6840.0,0.5126025080680847,20.399999618530273
2025-12-11,71,353531,0.4,6869.58984375,,190,6880.0,0.3678986132144928,6.900000095367432
2025-12-11,71,353531,0.5,6869.58984375,,186,6870.0,0.5107110738754272,11.699999809265137
2025-12-12,70,353920,0.4,6854.89013671875,,241,6865.0,0.4046435058116913,10.640000343322754
2025-12-12,70,353920,0.5,6854.89013671875,,237,6855.0,0.5118367075920105,15.399999618530273
2025-12-15,28,354268,0.4,6832.419921875,no_delta_match,-1,0.0,0.0,0.0
2025-12-15,28,354268,0.5,6832.419921875,no_delta_match,-1,0.0,0.0,0.0
2025-12-16,90,354720,0.4,6800.08984375,,167,6810.0,0.39494946599006653,9.199999809265137
2025-12-16,90,354720,0.5,6800.08984375,,163,6800.0,0.514394998550415,13.949999809265137
2025-12-17,54,355074,0.4,6797.60986328125,,163,6810.0,0.37995779514312744,9.600000381469727
2025-12-17,54,355074,0.5,6797.60986328125,,159,6800.0,0.48763707280158997,13.9399995803833
2025-12-18,68,355478,0.4,6812.669921875,,183,6820.0,0.4218682646751404,9.569999694824219
2025-12-18,68,355478,0.5,6812.669921875,,181,6815.0,0.48589766025543213,12.239999771118164
2025-12-19,37,355837,0.4,6823.35009765625,,276,6835.0,0.36868107318878174,7.800000190734863
2025-12-19,37,355837,0.5,6823.35009765625,,272,6825.0,0.49572989344596863,12.729999542236328
2025-12-22,116,356306,0.4,6874.68994140625,,183,6880.0,0.3810403347015381,3.799999952316284
2025-12-22,116,356306,0.5,6874.68994140625,,181,6875.0,0.5179960131645203,6.199999809265137
2025-12-23,140,356720,0.4,6897.740234375,,161,6900.0,0.4376155138015747,2.8499999046325684
2025-12-23,140,356720,0.5,6897.740234375,no_delta_match,-1,0.0,0.0,0.0
2025-12-24,66,357036,0.4,6919.33984375,no_delta_match,-1,0.0,0.0,0.0
2025-12-24,66,357036,0.5,6919.33984375,,138,6920.0,0.5269818902015686,3.0999999046325684
2025-12-26,72,357252,0.4,6935.52978515625,,212,6940.0,0.4127350151538849,4.5
2025-12-26,72,357252,0.5,6935.52978515625,,210,6935.0,0.5436674952507019,6.929999828338623
2025-12-29,78,357648,0.4,6905.5498046875,,180,6910.0,0.42525023221969604,5.5
2025-12-29,78,357648,0.5,6905.5498046875,,178,6905.0,0.5371127128601074,8.0
2025-12-30,24,357984,0.4,6908.080078125,no_delta_match,-1,0.0,0.0,0.0
2025-12-30,24,357984,0.5,6908.080078125,no_delta_match,-1,0.0,0.0,0.0
2025-12-31,117,358467,0.4,6876.97021484375,,240,6885.0,0.3716585040092468,5.5
2025-12-31,117,358467,0.5,6876.97021484375,,238,6880.0,0.46273064613342285,7.699999809265137
2026-01-02,134,358874,0.4,6841.06982421875,,179,6850.0,0.3685480058193207,6.019999980926514
2026-01-02,134,358874,0.5,6841.06982421875,,175,6840.0,0.5335436463356018,10.5
2026-01-05,83,359213,0.4,6909.47998046875,,165,6915.0,0.3910142481327057,4.400000095367432
2026-01-05,83,359213,0.5,6909.47998046875,,163,6910.0,0.5143301486968994,6.699999809265137
2026-01-06,23,359543,0.4,6922.5,no_delta_match,-1,0.0,0.0,0.0
2026-01-06,23,359543,0.5,6922.5,no_delta_match,-1,0.0,0.0,0.0
2026-01-07,60,359970,0.4,6941.89013671875,,159,6950.0,0.35773470997810364,4.599999904632568
2026-01-07,60,359970,0.5,6941.89013671875,,157,6945.0,0.4595353305339813,6.599999904632568
2026-01-08,36,360336,0.4,6915.490234375,,154,6925.0,0.37651583552360535,6.800000190734863
2026-01-08,36,360336,0.5,6915.490234375,,150,6915.0,0.5256458520889282,12.0
2026-01-09,127,360817,0.4,6954.56005859375,,216,6960.0,0.4075140058994293,5.599999904632568
2026-01-09,127,360817,0.5,6954.56005859375,,214,6955.0,0.5105068683624268,8.100000381469727
2026-01-12,123,361203,0.4,6967.58984375,no_delta_match,-1,0.0,0.0,0.0
2026-01-12,123,361203,0.5,6967.58984375,,187,6970.0,0.4610280394554138,5.199999809265137
2026-01-13,66,361536,0.4,6960.7900390625,,150,6970.0,0.373492956161499,6.400000095367432
2026-01-13,66,361536,0.5,6960.7900390625,,146,6960.0,0.5309224724769592,11.199999809265137
2026-01-14,66,361926,0.4,6906.18017578125,,150,6915.0,0.4076119661331177,9.5
2026-01-14,66,361926,0.5,6906.18017578125,,146,6905.0,0.5288650393486023,14.399999618530273
2026-01-15,129,362379,0.4,6973.7001953125,,185,6980.0,0.3758505582809448,4.400000095367432
2026-01-15,129,362379,0.5,6973.7001953125,,183,6975.0,0.49198687076568604,6.800000190734863
2026-01-16,27,362667,0.4,6947.25,no_delta_match,-1,0.0,0.0,0.0
2026-01-16,27,362667,0.5,6947.25,no_delta_match,-1,0.0,0.0,0.0
2026-01-20,121,363151,0.4,6860.93017578125,,183,6870.0,0.3908468186855316,8.0
2026-01-20,121,363151,0.5,6860.93017578125,,179,6860.0,0.5261693596839905,12.699999809265137
2026-01-21,145,363565,0.4,6827.93994140625,,147,6835.0,0.42429932951927185,9.949999809265137
2026-01-21,145,363565,0.5,6827.93994140625,,145,6830.0,0.4859042167663574,12.199999809265137
2026-01-22,75,363885,0.4,6916.66015625,,162,6925.0,0.3943755030632019,7.460000038146973
2026-01-22,75,363885,0.5,6916.66015625,,160,6920.0,0.4681825041770935,9.800000190734863
2026-01-23,117,364317,0.4,6925.419921875,,174,6930.0,0.4269237220287323,6.099999904632568
2026-01-23,117,364317,0.5,6925.419921875,,172,6925.0,0.5280748009681702,8.699999809265137
2026-01-26,111,364701,0.4,6950.02978515625,,195,6955.0,0.41085681319236755,5.199999809265137
2026-01-26,111,364701,0.5,6950.02978515625,,193,6950.0,0.5227259397506714,7.800000190734863
2026-01-27,136,365116,0.4,6985.7900390625,,172,6990.0,0.3979668617248535,3.5999999046325684
2026-01-27,136,365116,0.5,6985.7900390625,no_delta_match,-1,0.0,0.0,0.0
2026-01-28,19,365389,0.4,6995.52978515625,no_delta_match,-1,0.0,0.0,0.0
2026-01-28,19,365389,0.5,6995.52978515625,no_delta_match,-1,0.0,0.0,0.0
2026-01-29,110,365870,0.4,6905.89013671875,,155,6915.0,0.42104458808898926,12.300000190734863
2026-01-29,110,365870,0.5,6905.89013671875,,151,6905.0,0.519419252872467,17.299999237060547
2026-01-30,68,366218,0.4,6952.5498046875,,249,6965.0,0.3793362081050873,9.600000381469727
2026-01-30,68,366218,0.5,6952.5498046875,,245,6955.0,0.4873163402080536,14.5
2026-02-02,131,366671,0.4,6972.60986328125,,182,6980.0,0.3579706847667694,4.300000190734863
2026-02-02,131,366671,0.5,6972.60986328125,,180,6975.0,0.4680849015712738,6.5
2026-02-03,132,367062,0.4,6930.93994140625,,164,6940.0,0.39439404010772705,8.399999618530273
2026-02-03,132,367062,0.5,6930.93994140625,,160,6930.0,0.5247038006782532,13.300000190734863
2026-02-04,53,367373,0.4,6922.81005859375,,177,6935.0,0.4030926525592804,12.699999809265137
2026-02-04,53,367373,0.5,6922.81005859375,,173,6925.0,0.4925442636013031,17.700000762939453
2026-02-05,93,367803,0.4,6789.5400390625,,153,6805.0,0.40368130803108215,16.700000762939453
2026-02-05,93,367803,0.5,6789.5400390625,,147,6790.0,0.5056377649307251,23.0
2026-02-06,82,368182,0.4,6870.22021484375,,205,6880.0,0.421019971370697,13.149999618530273
2026-02-06,82,368182,0.5,6870.22021484375,,201,6870.0,0.5128613114356995,18.5
2026-02-09,90,368580,0.4,6966.8798828125,,194,6975.0,0.3636761009693146,5.0
2026-02-09,90,368580,0.5,6966.8798828125,,192,6970.0,0.4601741135120392,7.099999904632568
2026-02-10,128,369008,0.4,6969.39990234375,,166,6975.0,0.4208151698112488,7.099999904632568
2026-02-10,128,369008,0.5,6969.39990234375,,164,6970.0,0.5062247514724731,9.600000381469727
2026-02-11,105,369375,0.4,6946.02978515625,,170,6955.0,0.3954075574874878,8.319999694824219
2026-02-11,105,369375,0.5,6946.02978515625,,166,6945.0,0.5270436406135559,13.430000305175781
2026-02-12,117,369777,0.4,6866.97021484375,,171,6880.0,0.4075978696346283,14.819999694824219
2026-02-12,117,369777,0.5,6866.97021484375,,167,6870.0,0.4854843318462372,19.600000381469727
2026-02-13,107,370157,0.4,6858.25,,212,6870.0,0.40897050499916077,13.5
2026-02-13,107,370157,0.5,6858.25,,208,6860.0,0.4949491620063782,18.5
2026-02-17,49,370489,0.4,6814.02001953125,,183,6830.0,0.38956892490386963,14.199999809265137
2026-02-17,49,370489,0.5,6814.02001953125,,177,6815.0,0.5030738711357117,21.399999618530273
2026-02-18,94,370924,0.4,6904.0498046875,,185,6910.0,0.4203198552131653,7.400000095367432
2026-02-18,94,370924,0.5,6904.0498046875,,183,6905.0,0.5021491050720215,10.050000190734863
2026-02-19,66,371286,0.4,6871.830078125,,158,6885.0,0.3768104910850525,9.899999618530273
2026-02-19,66,371286,0.5,6871.830078125,,154,6875.0,0.4806370437145233,14.800000190734863
2026-02-20,72,371682,0.4,6888.33984375,,243,6900.0,0.39758187532424927,11.300000190734863
2026-02-20,72,371682,0.5,6888.33984375,,239,6890.0,0.49606677889823914,16.56999969482422
2026-02-23,30,372030,0.4,6880.22021484375,,195,6890.0,0.4216119050979614,13.0
2026-02-23,30,372030,0.5,6880.22021484375,,191,6880.0,0.5145586729049683,18.5
2026-02-24,39,372429,0.4,6855.58984375,,164,6865.0,0.41795676946640015,11.800000190734863
2026-02-24,39,372429,0.5,6855.58984375,,160,6855.0,0.5191217660903931,17.0
2026-02-25,61,372841,0.4,6928.919921875,,165,6935.0,0.4063006341457367,6.0
2026-02-25,61,372841,0.5,6928.919921875,,163,6930.0,0.5021109580993652,8.5
2026-02-26,54,373224,0.4,6868.31005859375,,173,6885.0,0.3841418921947479,13.899999618530273
2026-02-26,54,373224,0.5,6868.31005859375,,167,6870.0,0.49778681993484497,21.399999618530273
2026-02-27,101,373661,0.4,6865.3701171875,,232,6875.0,0.4046098291873932,10.199999809265137
2026-02-27,101,373661,0.5,6865.3701171875,,228,6865.0,0.5159072875976562,15.5
2026-03-02,54,374004,0.4,6857.18994140625,,185,6870.0,0.3908572494983673,11.399999618530273
2026-03-02,54,374004,0.5,6857.18994140625,,181,6860.0,0.48611071705818176,16.399999618530273
2026-03-03,48,374388,0.4,6723.759765625,,139,6740.0,0.4060668647289276,18.0
2026-03-03,48,374388,0.5,6723.759765625,,133,6725.0,0.5013874769210815,24.700000762939453
2026-03-04,73,374803,0.4,6860.22998046875,,181,6870.0,0.4013761878013611,9.800000190734863
2026-03-04,73,374803,0.5,6860.22998046875,,177,6860.0,0.5160350203514099,14.850000381469727
2026-03-05,92,375212,0.4,6830.35009765625,,182,6840.0,0.41895434260368347,12.600000381469727
2026-03-05,92,375212,0.5,6830.35009765625,,178,6830.0,0.5143536329269409,17.5
2026-03-06,150,375660,0.4,6761.0498046875,,223,6775.0,0.38408684730529785,11.779999732971191
2026-03-06,150,375660,0.5,6761.0498046875,,217,6760.0,0.5176992416381836,19.200000762939453
2026-03-09,84,375984,0.4,6693.41015625,,165,6705.0,0.41496944427490234,14.449999809265137
2026-03-09,84,375984,0.5,6693.41015625,,161,6695.0,0.497008740901947,19.299999237060547
2026-03-10,62,376352,0.4,6796.7001953125,,195,6810.0,0.39145994186401367,12.0
2026-03-10,62,376352,0.5,6796.7001953125,,191,6800.0,0.4819112718105316,16.700000762939453
2026-03-11,58,376738,0.4,6767.14990234375,,171,6780.0,0.41494911909103394,16.0
2026-03-11,58,376738,0.5,6767.14990234375,,167,6770.0,0.4889839291572571,20.700000762939453
2026-03-12,75,377145,0.4,6698.919921875,,160,6715.0,0.3832579553127289,13.300000190734863
2026-03-12,75,377145,0.5,6698.919921875,,154,6700.0,0.5014262795448303,19.799999237060547
2026-03-13,141,377601,0.4,6648.81982421875,,176,6660.0,0.4132142961025238,13.800000190734863
2026-03-13,141,377601,0.5,6648.81982421875,,172,6650.0,0.49850085377693176,18.399999618530273
2026-03-16,65,377915,0.4,6704.33984375,,193,6715.0,0.40896159410476685,12.0
2026-03-16,65,377915,0.5,6704.33984375,,189,6705.0,0.5054872632026672,17.100000381469727
2026-03-17,48,378288,0.4,6732.22021484375,,187,6740.0,0.4238562285900116,10.5
2026-03-17,48,378288,0.5,6732.22021484375,,185,6735.0,0.4827081263065338,13.170000076293945
2026-03-18,94,378724,0.4,6680.5,,166,6695.0,0.3915567696094513,13.300000190734863
2026-03-18,94,378724,0.5,6680.5,,160,6680.0,0.5136715173721313,20.399999618530273
2026-03-19,120,379140,0.4,6584.64013671875,,156,6595.0,0.4067026972770691,11.5
2026-03-19,120,379140,0.5,6584.64013671875,,152,6585.0,0.5066514611244202,16.200000762939453
2026-03-20,143,379553,0.4,6553.16015625,,198,6565.0,0.3840208649635315,9.899999618530273
2026-03-20,143,379553,0.5,6553.16015625,,194,6555.0,0.4901224970817566,14.199999809265137
2026-03-23,53,379853,0.4,6647.68017578125,,205,6660.0,0.4010201692581177,12.529999732971191
2026-03-23,53,379853,0.5,6647.68017578125,,201,6650.0,0.49107426404953003,17.649999618530273
2026-03-24,135,380325,0.4,6589.6201171875,,186,6600.0,0.39962247014045715,10.5
2026-03-24,135,380325,0.5,6589.6201171875,,182,6590.0,0.5062411427497864,15.0
2026-03-25,131,380711,0.4,6591.14013671875,,175,6600.0,0.41786107420921326,11.5
2026-03-25,131,380711,0.5,6591.14013671875,,171,6590.0,0.5214490294456482,16.799999237060547
2026-03-26,66,381036,0.4,6565.72021484375,,180,6580.0,0.37956440448760986,11.199999809265137
2026-03-26,66,381036,0.5,6565.72021484375,,174,6565.0,0.517906129360199,18.200000762939453
2026-03-27,60,381420,0.4,6415.919921875,,168,6430.0,0.40141820907592773,14.600000381469727
2026-03-27,60,381420,0.5,6415.919921875,,162,6415.0,0.5168388485908508,21.899999618530273
2026-03-30,51,381801,0.4,6381.419921875,,157,6395.0,0.4090539216995239,15.600000381469727
2026-03-30,51,381801,0.5,6381.419921875,,153,6385.0,0.4829752445220947,19.899999618530273
2026-03-31,58,382198,0.4,6448.7001953125,,272,6460.0,0.4168926477432251,14.399999618530273
2026-03-31,58,382198,0.5,6448.7001953125,,268,6450.0,0.4998443126678467,19.700000762939453
2026-04-01,135,382665,0.4,6597.91015625,,223,6605.0,0.41409412026405334,8.5
2026-04-01,135,382665,0.5,6597.91015625,,221,6600.0,0.48365503549575806,10.800000190734863
