date,bar_of_day,global_bar_idx,spot_price,vix_regime,minutes_to_close,no_trade_score,best_contract_score,score_delta,top_5_scores,top_5_strikes,top_5_rights,n_valid_contracts,decision,skip_reason,selected_strike,selected_right,selected_mid,selected_contract_idx,oracle_contract_idx,oracle_strike,oracle_right,oracle_pnl,label_quality,bar_is_labelable,model_pnl,delta_pnl,exit_reason,bars_held
2025-12-05,60,351960,6893.14013671875,-0.33000001311302185,330,2.430086851119995,2.2490739822387695,-0.18101286888122559,2.2491;2.2343;2.2261;2.1806;2.0644,6895;6900;6890;6905;6910,C;C;C;C;C,51,no_trade,gate,0.0,,0.0,-1,203,6815.0,P,0.45529404282569885,0.003181278705596924,True,nan,nan,,0
2025-12-05,61,351961,6893.16015625,-0.33000001311302185,329,2.533543586730957,2.2015764713287354,-0.3319671154022217,2.2016;2.1721;2.1394;2.1335;2.0772,6895;6900;6890;6905;6890,C;C;C;C;P,51,no_trade,gate,0.0,,0.0,-1,197,6800.0,P,0.5672726035118103,0.011490285396575928,True,nan,nan,,0
2025-12-05,62,351962,6895.259765625,-0.33000001311302185,328,2.317068338394165,2.4467551708221436,0.12968683242797852,2.4468;2.4463;2.4152;2.3702;2.3540,6900;6895;6905;6890;6910,C;C;C;C;C,61,trade,,6900.0,C,7.400000095367432,236,231,6885.0,P,0.42096075415611267,0.004223436117172241,True,-0.3053146852437975,-0.7262754393999102,STOP_LOSS,10
2025-12-05,63,351963,6894.68017578125,-0.33000001311302185,327,2.469040632247925,2.3808164596557617,-0.08822417259216309,2.3808;2.3732;2.3262;2.3011;2.2109,6900;6905;6895;6910;6915,C;C;C;C;C,52,no_trade,in_position,0.0,,0.0,-1,203,6815.0,P,0.3141176104545593,0.09590865671634674,True,nan,nan,,0
2025-12-05,64,351964,6895.0498046875,-0.33000001311302185,326,2.477611541748047,2.203077793121338,-0.274533748626709,2.2031;2.1608;2.1531;2.1033;1.9863,6900;6905;6895;6910;6915,C;C;C;C;C,46,no_trade,in_position,0.0,,0.0,-1,231,6885.0,P,0.3854929506778717,0.02079913020133972,True,nan,nan,,0
2025-12-05,65,351965,6893.7001953125,-0.33000001311302185,325,2.1821646690368652,2.2260799407958984,0.0439152717590332,2.2261;2.2230;2.1929;2.1537;2.1193,6900;6895;6905;6910;6890,C;C;C;C;C,55,no_trade,in_position,0.0,,0.0,-1,205,6820.0,P,0.412631630897522,0.015358895063400269,True,nan,nan,,0
2025-12-05,66,351966,6894.0498046875,-0.33000001311302185,324,2.303973913192749,1.922183632850647,-0.38179028034210205,1.9222;1.8049;1.7722;1.7630;1.7492,6890;6880;6875;6870;6895,P;P;P;P;C,43,no_trade,in_position,0.0,,0.0,-1,203,6815.0,P,0.43977275490760803,0.028084397315979004,True,nan,nan,,0
2025-12-05,67,351967,6893.33984375,-0.33000001311302185,323,2.2381913661956787,2.090780258178711,-0.14741110801696777,2.0908;2.0801;2.0449;2.0180;1.9481,6895;6890;6900;6905;6910,C;C;C;C;C,49,no_trade,in_position,0.0,,0.0,-1,223,6865.0,P,0.32081082463264465,0.011251986026763916,True,nan,nan,,0
2025-12-05,68,351968,6890.77001953125,-0.33000001311302185,322,1.982191562652588,2.0865864753723145,0.10439491271972656,2.0866;2.0749;2.0464;1.9965;1.9225,6890;6895;6900;6905;6885,C;C;C;C;C,52,no_trade,in_position,0.0,,0.0,-1,219,6855.0,P,0.49698108434677124,0.004955798387527466,True,nan,nan,,0
2025-12-05,69,351969,6891.27001953125,-0.33000001311302185,321,2.3104500770568848,2.124919891357422,-0.1855301856994629,2.1249;2.1216;2.0745;2.0203;1.9516,6895;6900;6905;6910;6890,C;C;C;C;C,46,no_trade,in_position,0.0,,0.0,-1,231,6885.0,P,0.40204817056655884,0.028728902339935303,True,nan,nan,,0
2025-12-05,70,351970,6889.39990234375,-0.33000001311302185,320,2.1284804344177246,2.3893091678619385,0.26082873344421387,2.3893;2.3640;2.3581;2.2977;2.2278,6895;6890;6900;6905;6910,C;C;C;C;C,51,no_trade,in_position,0.0,,0.0,-1,229,6880.0,P,0.42875003814697266,0.014249980449676514,True,nan,nan,,0
2025-12-05,71,351971,6889.1201171875,-0.33000001311302185,319,2.2120471000671387,2.4359848499298096,0.2239377498626709,2.4360;2.4246;2.4231;2.3630;2.2825,6895;6890;6900;6905;6910,C;C;C;C;C,52,no_trade,in_position,0.0,,0.0,-1,221,6860.0,P,0.5718181729316711,0.03023916482925415,True,nan,nan,,0
2025-12-05,72,351972,6889.419921875,-0.33000001311302185,318,2.113107919692993,2.1945385932922363,0.08143067359924316,2.1945;2.1759;2.1646;2.1279;2.0847,6900;6905;6895;6890;6910,C;C;C;C;C,51,no_trade,in_position,0.0,,0.0,-1,209,6830.0,P,0.4246666729450226,0.011589765548706055,True,nan,nan,,0
2025-12-05,73,351973,6888.41015625,-0.33000001311302185,317,1.9030635356903076,2.273176670074463,0.3701131343841553,2.2732;2.2697;2.2361;2.1631;2.1531,6890;6895;6900;6905;6885,C;C;C;C;C,53,no_trade,in_position,0.0,,0.0,-1,221,6860.0,P,0.5248571634292603,0.00803905725479126,True,nan,nan,,0
2025-12-05,74,351974,6888.93017578125,-0.33000001311302185,316,2.163639545440674,2.4654483795166016,0.30180883407592773,2.4654;2.4468;2.4305;2.3714;2.2945,6895;6890;6900;6905;6910,C;C;C;C;C,49,no_trade,cooldown,0.0,,0.0,-1,211,6835.0,P,0.33901098370552063,0.003385990858078003,True,nan,nan,,0
2025-12-05,75,351975,6885.85009765625,-0.33000001311302185,315,1.991870403289795,2.435152530670166,0.4432821273803711,2.4352;2.4075;2.4062;2.3298;2.2346,6890;6895;6885;6900;6880,C;C;C;C;C,55,no_trade,cooldown,0.0,,0.0,-1,205,6820.0,P,0.5609090924263,0.3613257110118866,True,nan,nan,,0
2025-12-05,76,351976,6889.0,-0.33000001311302185,314,2.2147696018218994,2.6002328395843506,0.38546323776245117,2.6002;2.5942;2.5860;2.5579;2.4720,6895;6900;6890;6905;6910,C;C;C;C;C,55,trade,,6895.0,C,7.199999809265137,234,229,6880.0,P,0.7994827032089233,0.00039184093475341797,True,-0.4321176627664006,-1.231600365975324,STOP_LOSS,8
2025-12-05,77,351977,6892.35986328125,-0.33000001311302185,313,2.123744010925293,2.5989389419555664,0.47519493103027344,2.5989;2.5988;2.5737;2.5644;2.5034,6895;6900;6890;6905;6910,C;C;C;C;C,53,no_trade,loss_cap,0.0,,0.0,-1,231,6885.0,P,0.5906667113304138,0.018999993801116943,True,nan,nan,,0
2025-12-05,78,351978,6893.2001953125,-0.33000001311302185,312,1.9690630435943604,2.1335315704345703,0.16446852684020996,2.1335;2.0633;2.0572;2.0490;2.0281,6880;6890;6900;6895;6905,P;P;C;C;C,48,no_trade,loss_cap,0.0,,0.0,-1,211,6835.0,P,0.36074066162109375,0.011216819286346436,True,nan,nan,,0
2025-12-05,79,351979,6891.85009765625,-0.33000001311302185,311,1.9986474514007568,2.0141406059265137,0.015493154525756836,2.0141;1.9980;1.9641;1.9630;1.9564,6880;6895;6900;6890;6890,P;C;C;C;P,49,no_trade,loss_cap,0.0,,0.0,-1,209,6830.0,P,0.46833327412605286,0.03895828127861023,True,nan,nan,,0
2025-12-05,80,351980,6889.68994140625,-0.33000001311302185,310,1.9694271087646484,2.0359270572662354,0.06649994850158691,2.0359;2.0230;2.0113;2.0013;2.0005,6890;6880;6895;6890;6885,C;P;C;P;P,50,no_trade,loss_cap,0.0,,0.0,-1,201,6810.0,P,0.2411111295223236,0.06136973202228546,True,nan,nan,,0
2025-12-05,81,351981,6885.9501953125,-0.33000001311302185,309,1.992173194885254,2.0684709548950195,0.07629776000976562,2.0685;2.0333;2.0059;1.9856;1.9702,6880;6870;6875;6860;6885,P;P;P;P;P,52,no_trade,loss_cap,0.0,,0.0,-1,197,6800.0,P,0.3142857551574707,0.016593337059020996,True,nan,nan,,0
2025-12-05,82,351982,6882.31005859375,-0.33000001311302185,308,1.9911564588546753,2.196023464202881,0.20486700534820557,2.1960;2.1959;2.1650;2.1520;2.0925,6890;6885;6880;6895;6900,C;C;C;C;C,56,no_trade,loss_cap,0.0,,0.0,-1,211,6835.0,P,0.6591953635215759,0.018778741359710693,True,nan,nan,,0
2025-12-05,83,351983,6884.240234375,-0.33000001311302185,307,2.0682754516601562,2.3886702060699463,0.32039475440979004,2.3887;2.3882;2.3535;2.3289;2.2304,6900;6895;6890;6905;6910,C;C;C;C;C,54,no_trade,loss_cap,0.0,,0.0,-1,231,6885.0,P,0.46699994802474976,0.007786363363265991,True,nan,nan,,0
2025-12-05,84,351984,6884.080078125,-0.33000001311302185,306,2.13204026222229,2.131538152694702,-0.0005021095275878906,2.1315;2.1196;2.1175;2.0537;1.9782,6895;6890;6900;6905;6880,C;C;C;C;P,47,no_trade,loss_cap,0.0,,0.0,-1,231,6885.0,P,0.2625581622123718,0.012754186987876892,True,nan,nan,,0
2025-12-05,85,351985,6880.91015625,-0.33000001311302185,305,1.9671562910079956,2.496164321899414,0.5290080308914185,2.4962;2.4807;2.4606;2.4302;2.4282,6890;6885;6895;6880;6900,C;C;C;C;C,58,no_trade,loss_cap,0.0,,0.0,-1,205,6820.0,P,0.23354844748973846,0.0013745278120040894,True,nan,nan,,0
2025-12-05,86,351986,6876.240234375,-0.33000001311302185,304,2.1542866230010986,2.5191636085510254,0.36487698554992676,2.5192;2.4981;2.4772;2.4708;2.4346,6890;6885;6895;6880;6900,C;C;C;C;C,59,no_trade,loss_cap,0.0,,0.0,-1,227,6875.0,P,0.5368570685386658,0.002357006072998047,True,nan,nan,,0
2025-12-05,87,351987,6877.43017578125,-0.33000001311302185,303,2.3139994144439697,2.483001232147217,0.16900181770324707,2.4830;2.4705;2.4267;2.4165;2.3229,6890;6895;6900;6885;6880,C;C;C;C;C,54,no_trade,loss_cap,0.0,,0.0,-1,211,6835.0,P,0.5154166221618652,0.011951327323913574,True,nan,nan,,0
2025-12-05,88,351988,6878.14013671875,-0.33000001311302185,302,2.1847898960113525,2.1765565872192383,-0.008233308792114258,2.1766;2.1531;2.1272;2.1174;2.0583,6890;6895;6885;6900;6880,C;C;C;C;C,51,no_trade,loss_cap,0.0,,0.0,-1,205,6820.0,P,0.4944056570529938,0.012659549713134766,True,nan,nan,,0
2025-12-05,89,351989,6878.9599609375,-0.33000001311302185,301,2.1832849979400635,2.170384407043457,-0.012900590896606445,2.1704;2.1463;2.1440;2.0698;2.0561,6890;6895;6900;6905;6885,C;C;C;C;C,48,no_trade,loss_cap,0.0,,0.0,-1,231,6885.0,P,0.23282258212566376,0.003704935312271118,True,nan,nan,,0
2025-12-05,90,351990,6881.77978515625,-0.33000001311302185,300,1.9997060298919678,2.277186870574951,0.2774808406829834,2.2772;2.2619;2.2592;2.2301;2.1774,6890;6895;6885;6900;6880,C;C;C;C;C,52,no_trade,loss_cap,0.0,,0.0,-1,211,6835.0,P,0.3259090483188629,0.0024879872798919678,True,nan,nan,,0
2025-12-05,91,351991,6879.75,-0.33000001311302185,299,2.0180320739746094,2.1482648849487305,0.1302328109741211,2.1483;2.1317;2.1145;2.0982;2.0117,6890;6885;6895;6900;6880,C;C;C;C;C,55,no_trade,loss_cap,0.0,,0.0,-1,209,6830.0,P,0.3684999942779541,0.028499960899353027,True,nan,nan,,0
2025-12-05,92,351992,6878.33984375,-0.33000001311302185,298,2.0340378284454346,2.301973342895508,0.26793551445007324,2.3020;2.2929;2.2732;2.2446;2.2286,6890;6885;6895;6900;6880,C;C;C;C;C,50,no_trade,loss_cap,0.0,,0.0,-1,201,6810.0,P,0.392380952835083,0.033630937337875366,True,nan,nan,,0
2025-12-05,93,351993,6878.5498046875,-0.33000001311302185,297,2.0057108402252197,2.3098113536834717,0.30410051345825195,2.3098;2.3098;2.2784;2.2584;2.2255,6890;6885;6895;6900;6880,C;C;C;C;C,46,no_trade,loss_cap,0.0,,0.0,-1,197,6800.0,P,0.35875001549720764,0.3735416829586029,True,nan,nan,,0
2025-12-05,94,351994,6878.47998046875,-0.33000001311302185,296,1.7790188789367676,2.1581196784973145,0.3791007995605469,2.1581;2.1371;2.1291;2.1150;2.0727,6890;6895;6885;6900;6880,C;C;C;C;C,49,no_trade,loss_cap,0.0,,0.0,-1,197,6800.0,P,0.35875001549720764,0.00914996862411499,True,nan,nan,,0
2025-12-05,95,351995,6879.080078125,-0.33000001311302185,295,1.7485932111740112,1.9137312173843384,0.16513800621032715,1.9137;1.9051;1.9018;1.8307;1.8299,6890;6900;6895;6860;6885,C;C;C;P;C,48,no_trade,loss_cap,0.0,,0.0,-1,215,6845.0,P,0.5392982959747314,0.12760993838310242,True,nan,nan,,0
2025-12-05,96,351996,6880.3798828125,-0.33000001311302185,294,1.8096420764923096,2.019904613494873,0.21026253700256348,2.0199;1.9955;1.9807;1.9545;1.8589,6890;6895;6900;6885;6880,C;C;C;C;C,48,no_trade,loss_cap,0.0,,0.0,-1,231,6885.0,P,0.2673509120941162,0.006441861391067505,True,nan,nan,,0
2025-12-05,97,351997,6876.7099609375,-0.33000001311302185,293,1.8044514656066895,2.0562736988067627,0.25182223320007324,2.0563;2.0545;2.0522;2.0426;1.9857,6875;6860;6865;6870;6850,P;P;P;P;P,58,no_trade,loss_cap,0.0,,0.0,-1,197,6800.0,P,0.10875000059604645,0.12304530292749405,True,nan,nan,,0
2025-12-05,98,351998,6877.1298828125,-0.33000001311302185,292,2.2093024253845215,2.1621718406677246,-0.047130584716796875,2.1622;2.1138;2.1128;2.0909;2.0550,6890;6885;6895;6900;6880,C;C;C;C;C,46,no_trade,loss_cap,0.0,,0.0,-1,219,6855.0,P,0.42740002274513245,0.002754896879196167,True,nan,nan,,0
2025-12-05,99,351999,6876.06005859375,-0.33000001311302185,291,1.7279188632965088,1.8935413360595703,0.16562247276306152,1.8935;1.8666;1.8427;1.8107;1.7960,6860;6875;6850;6865;6870,P;P;P;P;P,51,no_trade,loss_cap,0.0,,0.0,-1,223,6865.0,P,0.47121620178222656,0.02193048596382141,True,nan,nan,,0
2025-12-05,100,352000,6875.330078125,-0.33000001311302185,290,2.0048513412475586,2.234999179840088,0.2301478385925293,2.2350;2.2240;2.1991;2.1971;2.1272,6890;6885;6880;6895;6900,C;C;C;C;C,56,no_trade,loss_cap,0.0,,0.0,-1,229,6880.0,P,0.5874016284942627,0.01517421007156372,True,nan,nan,,0
2025-12-05,101,352001,6876.33984375,-0.33000001311302185,289,2.1548287868499756,2.225917339324951,0.07108855247497559,2.2259;2.2075;2.1886;2.1805;2.1712,6890;6885;6895;6860;6880,C;C;C;P;C,54,no_trade,loss_cap,0.0,,0.0,-1,227,6875.0,P,0.48685717582702637,0.03341555595397949,True,nan,nan,,0
2025-12-05,102,352002,6876.22021484375,-0.33000001311302185,288,1.9754557609558105,2.0046231746673584,0.02916741371154785,2.0046;1.9666;1.9657;1.9186;1.9136,6890;6885;6895;6880;6900,C;C;C;C;C,48,no_trade,loss_cap,0.0,,0.0,-1,215,6845.0,P,0.18039216101169586,0.19468745589256287,True,nan,nan,,0
2025-12-05,103,352003,6876.97998046875,-0.33000001311302185,287,1.4870812892913818,1.7587388753890991,0.2716575860977173,1.7587;1.7297;1.7226;1.7168;1.7013,6865;6890;6860;6885;6870,P;C;P;C;P,48,no_trade,loss_cap,0.0,,0.0,-1,231,6885.0,P,0.2603999674320221,0.0067158043384552,True,nan,nan,,0
2025-12-05,104,352004,6873.47998046875,-0.33000001311302185,286,1.5083458423614502,1.81191885471344,0.30357301235198975,1.8119;1.8074;1.7540;1.7436;1.7005,6885;6880;6875;6890;6860,C;C;C;C;P,49,no_trade,loss_cap,0.0,,0.0,-1,209,6830.0,P,0.35916662216186523,0.0015804469585418701,True,nan,nan,,0
2025-12-08,60,352350,6854.27978515625,-0.33000001311302185,330,2.154155969619751,1.9706673622131348,-0.1834886074066162,1.9707;1.9704;1.9365;1.9066;1.8644,6845;6840;6850;6835;6870,P;P;P;P;C,48,no_trade,gate,0.0,,0.0,-1,173,6855.0,P,0.7102885246276855,0.005002737045288086,True,nan,nan,,0
2025-12-08,61,352351,6857.64013671875,-0.33000001311302185,329,2.753575086593628,2.689218282699585,-0.06435680389404297,2.6892;2.6708;2.6534;2.5746;2.5307,6870;6875;6880;6885;6865,C;C;C;C;C,52,no_trade,gate,0.0,,0.0,-1,175,6860.0,P,0.4559907019138336,0.017953336238861084,True,nan,nan,,0
2025-12-08,62,352352,6856.8798828125,-0.33000001311302185,328,2.549957513809204,2.251002311706543,-0.29895520210266113,2.2510;2.2309;2.2258;2.1326;1.9918,6875;6880;6870;6885;6890,C;C;C;C;C,45,no_trade,gate,0.0,,0.0,-1,157,6815.0,P,0.9769697189331055,0.03883403539657593,True,nan,nan,,0
2025-12-08,63,352353,6860.97998046875,-0.33000001311302185,327,2.558312177658081,2.3257038593292236,-0.23260831832885742,2.3257;2.3203;2.2794;2.2746;2.1599,6880;6875;6870;6885;6890,C;C;C;C;C,47,no_trade,gate,0.0,,0.0,-1,175,6860.0,P,0.45336365699768066,0.005537569522857666,True,nan,nan,,0
2025-12-08,64,352354,6860.27978515625,-0.33000001311302185,326,2.377906322479248,2.1444244384765625,-0.23348188400268555,2.1444;2.1430;2.1360;2.0594;2.0446,6880;6875;6870;6885;6850,C;C;C;C;P,49,no_trade,gate,0.0,,0.0,-1,157,6815.0,P,0.5940120220184326,0.052433013916015625,True,nan,nan,,0
2025-12-08,65,352355,6860.91015625,-0.33000001311302185,325,2.565915822982788,2.0577306747436523,-0.5081851482391357,2.0577;2.0343;2.0324;1.9589;1.9472,6875;6870;6880;6885;6850,C;C;C;C;P,43,no_trade,gate,0.0,,0.0,-1,175,6860.0,P,0.33225002884864807,0.034557610750198364,True,nan,nan,,0
2025-12-08,66,352356,6858.990234375,-0.33000001311302185,324,2.3137876987457275,1.9144389629364014,-0.39934873580932617,1.9144;1.9029;1.8572;1.8536;1.8071,6875;6870;6850;6880;6865,C;C;P;C;C,48,no_trade,gate,0.0,,0.0,-1,165,6835.0,P,0.5592500567436218,4.887580871582031e-06,True,nan,nan,,0
2025-12-08,67,352357,6859.25,-0.33000001311302185,323,2.46156644821167,2.0050301551818848,-0.45653629302978516,2.0050;2.0001;1.9749;1.9556;1.9219,6875;6870;6880;6850;6885,C;C;C;P;C,50,no_trade,gate,0.0,,0.0,-1,153,6805.0,P,0.6626087427139282,0.07964581251144409,True,nan,nan,,0
2025-12-08,68,352358,6859.60009765625,-0.33000001311302185,322,2.465855360031128,2.2541444301605225,-0.21171092987060547,2.2541;2.1389;2.1383;2.0870;2.0250,6850;6840;6855;6845;6835,P;P;P;P;P,45,no_trade,gate,0.0,,0.0,-1,169,6845.0,P,0.43950003385543823,0.03382211923599243,True,nan,nan,,0
2025-12-08,69,352359,6858.9599609375,-0.33000001311302185,321,2.327564001083374,2.0429093837738037,-0.2846546173095703,2.0429;2.0147;1.9474;1.9293;1.8765,6850;6845;6840;6855;6860,P;P;P;P;P,46,no_trade,gate,0.0,,0.0,-1,175,6860.0,P,0.39896002411842346,0.00807759165763855,True,nan,nan,,0
2025-12-08,70,352360,6857.77978515625,-0.33000001311302185,320,2.3874847888946533,2.058098554611206,-0.32938623428344727,2.0581;1.9813;1.9539;1.9299;1.8884,6850;6855;6840;6845;6835,P;P;P;P;P,48,no_trade,gate,0.0,,0.0,-1,175,6860.0,P,0.4369767904281616,0.026224136352539062,True,nan,nan,,0
2025-12-08,71,352361,6856.60009765625,-0.33000001311302185,319,2.183551788330078,2.093916177749634,-0.08963561058044434,2.0939;2.0251;1.9955;1.9701;1.9674,6850;6840;6845;6835;6855,P;P;P;P;P,47,no_trade,gate,0.0,,0.0,-1,169,6845.0,P,0.4297259747982025,0.002969294786453247,True,nan,nan,,0
2025-12-08,72,352362,6855.259765625,-0.33000001311302185,318,2.0841526985168457,1.8405251502990723,-0.24362754821777344,1.8405;1.8158;1.8107;1.7503;1.7465,6850;6840;6845;6855;6835,P;P;P;P;P,44,no_trade,gate,0.0,,0.0,-1,165,6835.0,P,0.440618634223938,0.005190074443817139,True,nan,nan,,0
2025-12-08,73,352363,6854.43994140625,-0.33000001311302185,317,2.31217098236084,1.9758586883544922,-0.33631229400634766,1.9759;1.9640;1.9405;1.9297;1.9046,6870;6865;6875;6850;6860,C;C;C;P;C,46,no_trade,gate,0.0,,0.0,-1,173,6855.0,P,0.3427343964576721,0.007445931434631348,True,nan,nan,,0
2025-12-08,74,352364,6852.02001953125,-0.33000001311302185,316,2.476867914199829,2.2207109928131104,-0.25615692138671875,2.2207;2.2012;2.1809;2.1393;2.0689,6870;6865;6875;6860;6880,C;C;C;C;C,48,no_trade,gate,0.0,,0.0,-1,157,6815.0,P,0.696190595626831,0.0020014047622680664,True,nan,nan,,0
2025-12-08,75,352365,6854.06005859375,-0.33000001311302185,315,2.4634382724761963,2.1612353324890137,-0.3022029399871826,2.1612;2.0856;2.0816;1.9804;1.9527,6850;6840;6845;6835;6870,P;P;P;P;C,45,no_trade,gate,0.0,,0.0,-1,157,6815.0,P,0.5574358105659485,0.03002840280532837,True,nan,nan,,0
2025-12-08,76,352366,6854.31982421875,-0.33000001311302185,314,2.59344482421875,1.9399012327194214,-0.6535435914993286,1.9399;1.8935;1.8917;1.7893;1.7565,6850;6845;6840;6835;6830,P;P;P;P;P,43,no_trade,gate,0.0,,0.0,-1,165,6835.0,P,0.5058314800262451,0.016051262617111206,True,nan,nan,,0
2025-12-08,77,352367,6854.18994140625,-0.33000001311302185,313,2.485665798187256,1.8096998929977417,-0.6759659051895142,1.8097;1.7692;1.7671;1.6427;1.6187,6840;6845;6850;6835;6830,P;P;P;P;P,40,no_trade,gate,0.0,,0.0,-1,169,6845.0,P,0.6776562929153442,0.0016194581985473633,True,nan,nan,,0
2025-12-08,78,352368,6855.8701171875,-0.33000001311302185,312,2.467782974243164,1.97146737575531,-0.496315598487854,1.9715;1.9597;1.8547;1.8544;1.8157,6850;6845;6840;6855;6835,P;P;P;P;P,43,no_trade,gate,0.0,,0.0,-1,173,6855.0,P,0.4233018159866333,0.013701826333999634,True,nan,nan,,0
2025-12-08,79,352369,6854.9599609375,-0.33000001311302185,311,2.3593156337738037,1.9242304563522339,-0.4350851774215698,1.9242;1.7853;1.7550;1.6929;1.6628,6850;6840;6845;6835;6855,P;P;P;P;P,42,no_trade,gate,0.0,,0.0,-1,169,6845.0,P,0.27754077315330505,0.002174884080886841,True,nan,nan,,0
2025-12-08,80,352370,6852.16015625,-0.33000001311302185,310,2.443984270095825,1.857912540435791,-0.5860717296600342,1.8579;1.8572;1.8234;1.8001;1.7960,6870;6865;6860;6875;6850,C;C;C;C;P,46,no_trade,gate,0.0,,0.0,-1,171,6850.0,P,0.5403124094009399,0.0014598965644836426,True,nan,nan,,0
2025-12-08,81,352371,6852.759765625,-0.33000001311302185,309,2.4022462368011475,2.063401699066162,-0.33884453773498535,2.0634;2.0394;2.0176;1.8822;1.8756,6850;6840;6845;6835;6870,P;P;P;P;C,40,no_trade,gate,0.0,,0.0,-1,173,6855.0,P,0.39619043469429016,0.005308002233505249,True,nan,nan,,0
2025-12-08,82,352372,6852.080078125,-0.33000001311302185,308,2.3040196895599365,2.1659860610961914,-0.13803362846374512,2.1660;2.1245;2.1059;2.0533;2.0176,6850;6845;6840;6835;6830,P;P;P;P;P,49,no_trade,gate,0.0,,0.0,-1,157,6815.0,P,0.5912195444107056,0.011864662170410156,True,nan,nan,,0
2025-12-08,83,352373,6853.169921875,-0.33000001311302185,307,2.4495913982391357,1.8751150369644165,-0.5744763612747192,1.8751;1.8707;1.8574;1.8544;1.8276,6840;6830;6845;6870;6850,P;P;P;C;P,40,no_trade,gate,0.0,,0.0,-1,171,6850.0,P,0.40283751487731934,0.0019837915897369385,True,nan,nan,,0
2025-12-08,84,352374,6851.60009765625,-0.33000001311302185,306,2.310446262359619,2.2895357608795166,-0.02091050148010254,2.2895;2.2559;2.2445;2.1291;2.0952,6850;6840;6845;6835;6830,P;P;P;P;P,50,no_trade,gate,0.0,,0.0,-1,173,6855.0,P,0.3662043809890747,0.016472190618515015,True,nan,nan,,0
2025-12-08,85,352375,6849.8701171875,-0.33000001311302185,305,2.3372058868408203,2.180906295776367,-0.15629959106445312,2.1809;2.1607;2.1604;2.1147;2.1035,6860;6865;6870;6875;6855,C;C;C;C;C,55,no_trade,gate,0.0,,0.0,-1,171,6850.0,P,0.3765144646167755,0.019241631031036377,True,nan,nan,,0
2025-12-08,86,352376,6848.22021484375,-0.33000001311302185,304,2.593846321105957,2.316126585006714,-0.27771973609924316,2.3161;2.2799;2.2700;2.2588;2.2254,6840;6835;6845;6830;6850,P;P;P;P;P,50,no_trade,gate,0.0,,0.0,-1,151,6800.0,P,0.7407143712043762,0.015914320945739746,True,nan,nan,,0
2025-12-08,87,352377,6850.919921875,-0.33000001311302185,303,2.668415069580078,2.2420835494995117,-0.4263315200805664,2.2421;2.2294;2.1859;2.1658;2.0960,6870;6865;6875;6860;6880,C;C;C;C;C,48,no_trade,gate,0.0,,0.0,-1,155,6810.0,P,0.46682924032211304,0.004197657108306885,True,nan,nan,,0
2025-12-08,88,352378,6850.2001953125,-0.33000001311302185,302,2.414363145828247,2.189683198928833,-0.22467994689941406,2.1897;2.1699;2.1647;2.1093;2.0919,6850;6845;6840;6835;6830,P;P;P;P;P,48,no_trade,gate,0.0,,0.0,-1,173,6855.0,P,0.3406756520271301,0.017300695180892944,True,nan,nan,,0
2025-12-08,89,352379,6847.93994140625,-0.33000001311302185,301,2.353158712387085,2.0915207862854004,-0.26163792610168457,2.0915;2.0915;2.0564;2.0082;1.9892,6845;6840;6835;6850;6830,P;P;P;P;P,47,no_trade,gate,0.0,,0.0,-1,165,6835.0,P,0.26990675926208496,0.01597052812576294,True,nan,nan,,0
2025-12-08,90,352380,6846.22998046875,-0.33000001311302185,300,2.570258855819702,2.123210906982422,-0.4470479488372803,2.1232;2.1168;2.1008;2.0089;1.9949,6865;6860;6870;6875;6855,C;C;C;C;C,54,no_trade,gate,0.0,,0.0,-1,164,6835.0,C,-0.016932515427470207,0.0016280915588140488,True,nan,nan,,0
2025-12-08,91,352381,6841.39013671875,-0.33000001311302185,299,2.482820510864258,2.0611045360565186,-0.42171597480773926,2.0611;2.0358;2.0127;2.0021;1.9702,6830;6825;6835;6820;6840,P;P;P;P;P,52,no_trade,gate,0.0,,0.0,-1,188,6895.0,C,0.024000000208616257,0.04030933976173401,True,nan,nan,,0
2025-12-08,92,352382,6841.22021484375,-0.33000001311302185,298,2.5018882751464844,2.598878860473633,0.09699058532714844,2.5989;2.5792;2.5564;2.5187;2.5020,6860;6865;6855;6870;6850,C;C;C;C;C,55,trade,,6860.0,C,4.800000190734863,174,188,6895.0,C,0.11754387617111206,0.13343939185142517,True,0.036969695311640564,-0.08057418085947149,TRAILING_STOP,12
2025-12-08,93,352383,6842.25,-0.33000001311302185,297,2.470235586166382,2.2428672313690186,-0.22736835479736328,2.2429;2.2228;2.1816;2.0836;2.0593,6860;6865;6870;6850;6875,C;C;C;C;C,50,no_trade,in_position,0.0,,0.0,-1,176,6865.0,C,-0.054615382105112076,0.020717952400445938,True,nan,nan,,0
2025-12-08,94,352384,6844.64990234375,-0.33000001311302185,296,2.3829824924468994,2.1302871704101562,-0.25269532203674316,2.1303;2.1164;2.1120;1.9827;1.8576,6870;6860;6865;6875;6835,C;C;C;C;P,49,no_trade,in_position,0.0,,0.0,-1,167,6840.0,P,-0.19453492760658264,0.007745727896690369,True,nan,nan,,0
2025-12-08,95,352385,6847.009765625,-0.33000001311302185,295,2.20450496673584,1.8538978099822998,-0.35060715675354004,1.8539;1.7594;1.7396;1.7360;1.7337,6840;6835;6830;6860;6845,P;P;P;C;P,51,no_trade,in_position,0.0,,0.0,-1,182,6880.0,C,-0.07533333450555801,0.1817462146282196,True,nan,nan,,0
2025-12-08,96,352386,6845.18017578125,-0.33000001311302185,294,2.3466904163360596,1.921352505683899,-0.42533791065216064,1.9214;1.9040;1.8993;1.8492;1.8071,6860;6870;6865;6840;6845,C;C;C;P;P,50,no_trade,in_position,0.0,,0.0,-1,165,6835.0,P,-0.24867504835128784,0.001513659954071045,True,nan,nan,,0
2025-12-08,97,352387,6847.22021484375,-0.33000001311302185,293,2.469797134399414,2.283463478088379,-0.18633365631103516,2.2835;2.2411;2.2369;2.1825;2.1090,6860;6865;6870;6875;6855,C;C;C;C;C,58,no_trade,in_position,0.0,,0.0,-1,173,6855.0,P,-0.02319745160639286,0.27056217193603516,True,nan,nan,,0
2025-12-08,98,352388,6847.68017578125,-0.33000001311302185,292,2.2727115154266357,1.8978283405303955,-0.37488317489624023,1.8978;1.8632;1.8573;1.8315;1.7193,6840;6830;6845;6835;6860,P;P;P;P;C,45,no_trade,in_position,0.0,,0.0,-1,171,6850.0,P,-0.01693163812160492,0.00048792921006679535,True,nan,nan,,0
2025-12-08,99,352389,6848.22021484375,-0.33000001311302185,291,2.465136766433716,2.028715133666992,-0.43642163276672363,2.0287;1.9758;1.9745;1.9685;1.8999,6840;6830;6835;6845;6870,P;P;P;P;C,47,no_trade,in_position,0.0,,0.0,-1,171,6850.0,P,-0.016547655686736107,0.006514843553304672,True,nan,nan,,0
2025-12-08,100,352390,6846.81982421875,-0.33000001311302185,290,2.447870969772339,2.250441312789917,-0.19742965698242188,2.2504;2.2149;2.2054;2.2049;2.1449,6860;6865;6870;6855;6850,C;C;C;C;C,52,no_trade,in_position,0.0,,0.0,-1,173,6855.0,P,-0.01743421144783497,0.001904631033539772,True,nan,nan,,0
2025-12-08,101,352391,6848.27001953125,-0.33000001311302185,289,2.475764751434326,2.254884719848633,-0.22088003158569336,2.2549;2.2277;2.1883;2.1743;2.1352,6845;6840;6835;6830;6825,P;P;P;P;P,43,no_trade,in_position,0.0,,0.0,-1,171,6850.0,P,-0.017177419736981392,0.00035591423511505127,True,nan,nan,,0
2025-12-08,102,352392,6847.60986328125,-0.33000001311302185,288,2.0901479721069336,1.765334129333496,-0.3248138427734375,1.7653;1.7575;1.7207;1.6924;1.6744,6845;6840;6830;6835;6825,P;P;P;P;P,43,no_trade,in_position,0.0,,0.0,-1,171,6850.0,P,-0.01703999936580658,0.0004434436559677124,True,nan,nan,,0
2025-12-08,103,352393,6847.91015625,-0.33000001311302185,287,2.1563875675201416,1.7100698947906494,-0.4463176727294922,1.7101;1.7092;1.7044;1.6873;1.6268,6840;6830;6835;6845;6865,P;P;P;P;C,46,no_trade,in_position,0.0,,0.0,-1,171,6850.0,P,-0.01621818169951439,0.22048214077949524,True,nan,nan,,0
2025-12-08,104,352394,6844.89990234375,-0.33000001311302185,286,2.3804221153259277,2.094571113586426,-0.28585100173950195,2.0946;2.0552;2.0512;2.0202;1.9863,6840;6830;6845;6835;6825,P;P;P;P;P,46,no_trade,in_position,0.0,,0.0,-1,168,6845.0,C,-0.019017856568098068,0.005186688154935837,True,nan,nan,,0
2025-12-09,60,352740,6853.93017578125,-0.33000001311302185,330,1.6051952838897705,1.9757535457611084,0.3705582618713379,1.9758;1.9429;1.9046;1.8373;1.7852,6865;6860;6870;6855;6875,C;C;C;C;C,37,trade,,6865.0,C,4.300000190734863,181,175,6850.0,C,0.45615386962890625,0.4738743305206299,True,-0.3340475570155351,-0.7902014266444414,STOP_LOSS,16
2025-12-09,61,352741,6854.6201171875,-0.33000001311302185,329,1.4736930131912231,2.2420566082000732,0.7683635950088501,2.2421;2.2162;2.1963;2.1582;2.0455,6860;6865;6855;6870;6875,C;C;C;C;C,41,no_trade,in_position,0.0,,0.0,-1,175,6850.0,C,0.22953703999519348,0.47675222158432007,True,nan,nan,,0
2025-12-09,62,352742,6852.41015625,-0.33000001311302185,328,1.597565770149231,2.1532235145568848,0.5556577444076538,2.1532;2.0968;2.0733;2.0559;1.8409,6860;6865;6855;6870;6875,C;C;C;C;C,39,no_trade,in_position,0.0,,0.0,-1,175,6850.0,C,0.5254771709442139,0.003810584545135498,True,nan,nan,,0
2025-12-09,63,352743,6852.22021484375,-0.33000001311302185,327,1.5321310758590698,2.1599836349487305,0.6278525590896606,2.1600;2.1073;2.0214;2.0107;1.8488,6860;6865;6855;6870;6875,C;C;C;C;C,35,no_trade,in_position,0.0,,0.0,-1,175,6850.0,C,0.397026926279068,0.031123369932174683,True,nan,nan,,0
2025-12-09,64,352744,6853.740234375,-0.33000001311302185,326,1.4728200435638428,2.081448554992676,0.608628511428833,2.0814;2.0207;1.9924;1.9409;1.8625,6860;6865;6870;6855;6875,C;C;C;C;C,37,no_trade,in_position,0.0,,0.0,-1,177,6855.0,C,0.6855371594429016,0.025233983993530273,True,nan,nan,,0
2025-12-09,65,352745,6851.580078125,-0.33000001311302185,325,1.373561143875122,1.8335065841674805,0.4599454402923584,1.8335;1.8030;1.7721;1.7288;1.5602,6860;6865;6855;6870;6840,C;C;C;C;P,39,no_trade,in_position,0.0,,0.0,-1,175,6850.0,C,0.4349999725818634,0.011399924755096436,True,nan,nan,,0
2025-12-09,66,352746,6852.33984375,-0.33000001311302185,324,1.5651277303695679,1.6050043106079102,0.039876580238342285,1.6050;1.5823;1.5758;1.5015;1.4726,6840;6830;6835;6860;6865,P;P;P;C;C,35,no_trade,in_position,0.0,,0.0,-1,177,6855.0,C,0.5545070767402649,0.576717734336853,True,nan,nan,,0
2025-12-09,67,352747,6851.02001953125,-0.33000001311302185,323,1.2873183488845825,1.8605133295059204,0.5731949806213379,1.8605;1.8002;1.7972;1.7482;1.6893,6860;6855;6865;6840;6835,C;C;C;P;P,35,no_trade,in_position,0.0,,0.0,-1,175,6850.0,C,-0.022187499329447746,0.008907390758395195,True,nan,nan,,0
2025-12-09,68,352748,6851.02978515625,-0.33000001311302185,322,1.6036194562911987,2.0895767211914062,0.4859572649002075,2.0896;2.0649;2.0553;1.9787;1.8415,6860;6855;6865;6870;6850,C;C;C;C;C,40,no_trade,in_position,0.0,,0.0,-1,175,6850.0,C,0.41870006918907166,0.026998847723007202,True,nan,nan,,0
2025-12-09,69,352749,6852.41015625,-0.33000001311302185,321,1.5190151929855347,2.1712801456451416,0.6522649526596069,2.1713;2.1404;2.1361;2.0854;1.9997,6860;6865;6855;6870;6850,C;C;C;C;C,38,no_trade,in_position,0.0,,0.0,-1,175,6850.0,C,-0.022421052679419518,0.008007518947124481,True,nan,nan,,0
2025-12-09,70,352750,6850.919921875,-0.33000001311302185,320,1.3532238006591797,1.9623067378997803,0.6090829372406006,1.9623;1.9556;1.9143;1.8482;1.8274,6860;6855;6865;6870;6850,C;C;C;C;C,40,no_trade,in_position,0.0,,0.0,-1,175,6850.0,C,0.32424524426460266,0.03837025165557861,True,nan,nan,,0
2025-12-09,71,352751,6853.39013671875,-0.33000001311302185,319,1.586554765701294,2.5446338653564453,0.9580790996551514,2.5446;2.5226;2.4764;2.4531;2.2920,6860;6865;6870;6855;6850,C;C;C;C;C,39,no_trade,in_position,0.0,,0.0,-1,177,6855.0,C,0.5716000199317932,0.06323450803756714,True,nan,nan,,0
2025-12-09,72,352752,6852.14013671875,-0.33000001311302185,318,1.5398991107940674,1.968012809753418,0.4281136989593506,1.9680;1.9319;1.8973;1.8047;1.7035,6860;6865;6870;6855;6875,C;C;C;C;C,34,no_trade,in_position,0.0,,0.0,-1,175,6850.0,C,0.3151281774044037,0.046507447957992554,True,nan,nan,,0
2025-12-09,73,352753,6854.31005859375,-0.33000001311302185,317,1.4572970867156982,2.130129337310791,0.6728322505950928,2.1301;2.1178;2.0644;2.0321;1.9331,6860;6865;6870;6855;6875,C;C;C;C;C,37,no_trade,in_position,0.0,,0.0,-1,170,6835.0,P,0.6445614695549011,0.0720071792602539,True,nan,nan,,0
2025-12-09,74,352754,6855.669921875,-0.33000001311302185,316,1.5083765983581543,1.9919159412384033,0.483539342880249,1.9919;1.9795;1.9675;1.9633;1.9372,6860;6865;6855;6870;6850,C;C;C;C;P,39,no_trade,in_position,0.0,,0.0,-1,180,6860.0,P,0.4353543817996979,0.004521071910858154,True,nan,nan,,0
2025-12-09,75,352755,6855.330078125,-0.33000001311302185,315,1.6384601593017578,2.444608449935913,0.8061482906341553,2.4446;2.4254;2.4167;2.3577;2.2476,6860;6855;6865;6870;6875,C;C;C;C;C,43,no_trade,in_position,0.0,,0.0,-1,172,6840.0,P,0.3918518126010895,0.027051866054534912,True,nan,nan,,0
2025-12-09,76,352756,6854.14990234375,-0.33000001311302185,314,1.5840476751327515,2.1347484588623047,0.5507007837295532,2.1347;2.1278;2.0751;1.9854;1.8934,6855;6860;6865;6870;6840,C;C;C;C;P,38,no_trade,in_position,0.0,,0.0,-1,183,6870.0,C,0.9254054427146912,0.03063279390335083,True,nan,nan,,0
2025-12-09,77,352757,6849.7099609375,-0.33000001311302185,313,1.521353840827942,1.871356725692749,0.35000288486480713,1.8714;1.8463;1.8079;1.7994;1.7958,6840;6830;6850;6855;6845,P;P;P;C;P,38,no_trade,in_position,0.0,,0.0,-1,181,6865.0,C,0.6584616303443909,0.015251755714416504,True,nan,nan,,0
2025-12-09,78,352758,6847.89990234375,-0.33000001311302185,312,1.6883189678192139,2.6964569091796875,1.0081379413604736,2.6965;2.6951;2.6361;2.6101;2.4941,6855;6860;6865;6850;6870,C;C;C;C;C,45,no_trade,cooldown,0.0,,0.0,-1,175,6850.0,C,0.34472525119781494,0.03608885407447815,True,nan,nan,,0
2025-12-09,79,352759,6849.77001953125,-0.33000001311302185,311,1.8327605724334717,2.4222660064697266,0.5895054340362549,2.4223;2.3999;2.3670;2.3472;2.2265,6860;6865;6855;6870;6850,C;C;C;C;C,43,no_trade,cooldown,0.0,,0.0,-1,175,6850.0,C,0.27971434593200684,0.021662384271621704,True,nan,nan,,0
2025-12-09,80,352760,6853.10009765625,-0.33000001311302185,310,1.630925178527832,2.184358596801758,0.5534334182739258,2.1844;2.1736;2.1199;2.0912;1.9167,6860;6865;6855;6870;6845,C;C;C;C;P,38,trade,,6860.0,C,5.300000190734863,179,175,6850.0,C,0.3749557435512543,0.009052187204360962,True,0.33396552270147645,-0.040990220849777825,TAKE_PROFIT,24
2025-12-09,81,352761,6854.64990234375,-0.33000001311302185,309,1.6839289665222168,2.2327325344085693,0.5488035678863525,2.2327;2.1953;2.1871;2.1401;2.0098,6860;6865;6855;6870;6875,C;C;C;C;C,40,no_trade,in_position,0.0,,0.0,-1,175,6850.0,C,0.5078378319740295,0.015520691871643066,True,nan,nan,,0
2025-12-09,82,352762,6854.5,-0.33000001311302185,308,1.6379982233047485,1.9157869815826416,0.27778875827789307,1.9158;1.9010;1.8866;1.8219;1.7897,6860;6855;6865;6850;6870,C;C;C;P;C,36,no_trade,in_position,0.0,,0.0,-1,179,6860.0,C,0.5430909395217896,0.03221595287322998,True,nan,nan,,0
2025-12-09,83,352763,6854.27001953125,-0.33000001311302185,307,1.7969990968704224,1.8635146617889404,0.06651556491851807,1.8635;1.8375;1.8218;1.8014;1.7296,6860;6855;6865;6850;6870,C;C;C;P;C,32,no_trade,in_position,0.0,,0.0,-1,175,6850.0,C,0.52174311876297,0.01202094554901123,True,nan,nan,,0
2025-12-09,84,352764,6854.259765625,-0.33000001311302185,306,1.6646084785461426,1.9338048696517944,0.26919639110565186,1.9338;1.9335;1.8587;1.8489;1.6921,6865;6860;6870;6855;6875,C;C;C;C;C,32,no_trade,in_position,0.0,,0.0,-1,175,6850.0,C,0.35605040192604065,0.0012227892875671387,True,nan,nan,,0
2025-12-09,85,352765,6855.8701171875,-0.33000001311302185,305,1.6476428508758545,2.4500572681427,0.8024144172668457,2.4501;2.4274;2.4242;2.3799;2.2773,6860;6865;6855;6870;6850,C;C;C;C;C,45,no_trade,in_position,0.0,,0.0,-1,181,6865.0,C,0.6534285545349121,0.0002467632293701172,True,nan,nan,,0
2025-12-09,86,352766,6854.6201171875,-0.33000001311302185,304,1.768370270729065,2.2917561531066895,0.5233858823776245,2.2918;2.2650;2.1676;2.1047;1.9860,6860;6865;6870;6855;6875,C;C;C;C;C,36,no_trade,in_position,0.0,,0.0,-1,175,6850.0,C,0.3920513093471527,0.0372236967086792,True,nan,nan,,0
2025-12-09,87,352767,6856.10986328125,-0.33000001311302185,303,2.073603868484497,2.273621082305908,0.20001721382141113,2.2736;2.2411;2.1738;2.1720;2.0454,6860;6865;6855;6870;6875,C;C;C;C;C,35,no_trade,in_position,0.0,,0.0,-1,177,6855.0,C,0.5102352499961853,0.020913243293762207,True,nan,nan,,0
2025-12-09,88,352768,6856.08984375,-0.33000001311302185,302,1.6983330249786377,1.871557593345642,0.1732245683670044,1.8716;1.8610;1.8004;1.7976;1.6541,6860;6865;6855;6870;6875,C;C;C;C;C,35,no_trade,in_position,0.0,,0.0,-1,183,6870.0,C,0.44090911746025085,0.016250044107437134,True,nan,nan,,0
2025-12-09,89,352769,6856.47021484375,-0.33000001311302185,301,1.7261961698532104,2.3845646381378174,0.6583684682846069,2.3846;2.3690;2.3071;2.3050;2.1379,6860;6865;6855;6870;6875,C;C;C;C;C,36,no_trade,in_position,0.0,,0.0,-1,177,6855.0,C,0.4116304814815521,0.05753958225250244,True,nan,nan,,0
2025-12-09,90,352770,6857.3798828125,-0.33000001311302185,300,1.6730725765228271,2.383936882019043,0.7108643054962158,2.3839;2.3611;2.3293;2.3052;2.1782,6860;6865;6855;6870;6875,C;C;C;C;C,39,no_trade,in_position,0.0,,0.0,-1,181,6865.0,C,0.35893625020980835,0.024359971284866333,True,nan,nan,,0
2025-12-09,91,352771,6858.75,-0.33000001311302185,299,1.8767642974853516,2.2618038654327393,0.3850395679473877,2.2618;2.2416;2.1701;2.1113;2.0038,6860;6865;6870;6855;6875,C;C;C;C;C,32,no_trade,in_position,0.0,,0.0,-1,187,6880.0,C,0.541111171245575,0.017986178398132324,True,nan,nan,,0
2025-12-09,92,352772,6858.89013671875,-0.33000001311302185,298,2.087186336517334,2.3629531860351562,0.27576684951782227,2.3630;2.3388;2.2700;2.2403;2.1060,6860;6865;6870;6855;6875,C;C;C;C;C,36,no_trade,in_position,0.0,,0.0,-1,185,6875.0,C,0.6335715055465698,0.02707803249359131,True,nan,nan,,0
2025-12-09,93,352773,6856.5498046875,-0.33000001311302185,297,2.0770816802978516,2.659520387649536,0.5824387073516846,2.6595;2.6206;2.5246;2.5198;2.3238,6860;6865;6870;6855;6875,C;C;C;C;C,34,no_trade,in_position,0.0,,0.0,-1,183,6870.0,C,0.4042471647262573,0.006247222423553467,True,nan,nan,,0
2025-12-09,94,352774,6857.6201171875,-0.33000001311302185,296,2.0972955226898193,2.4806504249572754,0.38335490226745605,2.4807;2.4654;2.4053;2.3488;2.1557,6860;6865;6870;6855;6875,C;C;C;C;C,35,no_trade,in_position,0.0,,0.0,-1,179,6860.0,C,0.32458338141441345,0.025208383798599243,True,nan,nan,,0
2025-12-09,95,352775,6859.25,-0.33000001311302185,295,1.9993500709533691,2.3176074028015137,0.31825733184814453,2.3176;2.2914;2.2459;2.2200;2.0838,6860;6865;6855;6870;6875,C;C;C;C;C,36,no_trade,in_position,0.0,,0.0,-1,185,6875.0,C,0.5138363838195801,0.08939188718795776,True,nan,nan,,0
2025-12-09,96,352776,6858.08984375,-0.33000001311302185,294,2.0526750087738037,2.392529010772705,0.33985400199890137,2.3925;2.3624;2.2856;2.1113;2.0634,6860;6865;6870;6855;6875,C;C;C;C;C,27,no_trade,in_position,0.0,,0.0,-1,181,6865.0,C,0.48906609416007996,0.003140181303024292,True,nan,nan,,0
2025-12-09,97,352777,6857.72998046875,-0.33000001311302185,293,2.0056426525115967,2.392324924468994,0.38668227195739746,2.3923;2.3494;2.3359;2.2527;2.0864,6860;6855;6865;6870;6875,C;C;C;C;C,32,no_trade,in_position,0.0,,0.0,-1,183,6870.0,C,0.5142308473587036,0.019636332988739014,True,nan,nan,,0
2025-12-09,98,352778,6857.60986328125,-0.33000001311302185,292,2.0840518474578857,2.331470489501953,0.24741864204406738,2.3315;2.3069;2.2328;2.2204;2.0847,6860;6865;6855;6870;6875,C;C;C;C;C,29,no_trade,in_position,0.0,,0.0,-1,181,6865.0,C,0.3860000669956207,0.0089091956615448,True,nan,nan,,0
2025-12-09,99,352779,6858.740234375,-0.33000001311302185,291,1.9121311902999878,2.0387368202209473,0.12660562992095947,2.0387;2.0142;1.9509;1.8865;1.8340,6860;6865;6870;6855;6875,C;C;C;C;C,29,no_trade,in_position,0.0,,0.0,-1,183,6870.0,C,0.5026216506958008,0.016939878463745117,True,nan,nan,,0
2025-12-09,100,352780,6858.18994140625,-0.33000001311302185,290,2.0375757217407227,2.382668972015381,0.3450932502746582,2.3827;2.3607;2.2773;2.1823;2.1549,6860;6865;6870;6855;6875,C;C;C;C;C,35,no_trade,in_position,0.0,,0.0,-1,183,6870.0,C,0.34206897020339966,0.011444002389907837,True,nan,nan,,0
2025-12-09,101,352781,6859.3798828125,-0.33000001311302185,289,2.2119195461273193,2.313028573989868,0.10110902786254883,2.3130;2.3026;2.2661;2.1174;1.9718,6865;6860;6870;6875;6855,C;C;C;C;C,32,no_trade,in_position,0.0,,0.0,-1,183,6870.0,C,0.3790000379085541,0.002163827419281006,True,nan,nan,,0
2025-12-09,102,352782,6859.72998046875,-0.33000001311302185,288,2.189225673675537,2.540351152420044,0.35112547874450684,2.5404;2.5257;2.4823;2.3775;2.1356,6865;6860;6870;6875;6880,C;C;C;C;C,36,no_trade,in_position,0.0,,0.0,-1,185,6875.0,C,0.5406060814857483,0.08060607314109802,True,nan,nan,,0
2025-12-09,103,352783,6859.06982421875,-0.33000001311302185,287,2.1397554874420166,2.1318273544311523,-0.007928133010864258,2.1318;2.1194;2.0160;1.9614;1.8501,6860;6865;6870;6855;6875,C;C;C;C;C,30,no_trade,in_position,0.0,,0.0,-1,181,6865.0,C,0.337399959564209,0.025177717208862305,True,nan,nan,,0
2025-12-09,104,352784,6859.9501953125,-0.33000001311302185,286,2.2068474292755127,2.3071229457855225,0.10027551651000977,2.3071;2.2734;2.1894;2.0600;2.0143,6860;6865;6870;6875;6855,C;C;C;C;C,29,no_trade,in_position,0.0,,0.0,-1,185,6875.0,C,0.22028304636478424,0.06444975733757019,True,nan,nan,,0
2025-12-10,60,353130,6840.06005859375,-0.33000001311302185,330,1.5214745998382568,1.6662085056304932,0.14473390579223633,1.6662;1.4239;1.3327;1.3260;1.3188,6865;6890;6765;6870;6900,C;C;P;C;C,60,trade,,6865.0,C,9.5,181,193,6895.0,C,0.2056862711906433,0.11102695018053055,True,0.05659340757460522,-0.14909286361603807,TRAILING_STOP,74
2025-12-10,61,353131,6839.0498046875,-0.33000001311302185,329,1.3356982469558716,1.4110851287841797,0.0753868818283081,1.4111;1.3266;1.3261;1.2976;1.2949,6800;6810;6795;6775;6765,P;P;P;P;P,61,no_trade,in_position,0.0,,0.0,-1,193,6895.0,C,0.48479998111724854,0.2639780640602112,True,nan,nan,,0
2025-12-10,62,353132,6837.27978515625,-0.33000001311302185,328,1.7134597301483154,1.5763431787490845,-0.13711655139923096,1.5763;1.5541;1.5252;1.5102;1.4662,6880;6890;6870;6885;6775,C;C;C;C;P,64,no_trade,in_position,0.0,,0.0,-1,183,6870.0,C,0.41276320815086365,0.0012997686862945557,True,nan,nan,,0
2025-12-10,63,353133,6838.6201171875,-0.33000001311302185,327,1.5158796310424805,1.4720189571380615,-0.043860673904418945,1.4720;1.4678;1.4323;1.4229;1.4205,6870;6880;6800;6795;6890,C;C;P;P;C,67,no_trade,in_position,0.0,,0.0,-1,158,6805.0,P,0.3586999773979187,0.010972708463668823,True,nan,nan,,0
2025-12-10,64,353134,6835.419921875,-0.33000001311302185,326,1.7218835353851318,1.4988822937011719,-0.22300124168395996,1.4989;1.4716;1.4397;1.3998;1.3972,6800;6770;6875;6870;6865,P;P;C;C;C,65,no_trade,in_position,0.0,,0.0,-1,183,6870.0,C,0.5126086473464966,0.018908590078353882,True,nan,nan,,0
2025-12-10,65,353135,6834.35009765625,-0.33000001311302185,325,1.805894374847412,1.8588457107543945,0.05295133590698242,1.8588;1.7528;1.7359;1.7136;1.7030,6800;6785;6790;6830;6795,P;P;P;P;P,75,no_trade,in_position,0.0,,0.0,-1,179,6860.0,C,0.5565263032913208,0.008151352405548096,True,nan,nan,,0
2025-12-10,66,353136,6831.009765625,-0.33000001311302185,324,1.9874587059020996,1.8104228973388672,-0.17703580856323242,1.8104;1.7947;1.6782;1.6633;1.6120,6790;6780;6770;6800;6795,P;P;P;P;P,72,no_trade,in_position,0.0,,0.0,-1,181,6865.0,C,0.530779242515564,6.502866744995117e-05,True,nan,nan,,0
2025-12-10,67,353137,6830.4501953125,-0.33000001311302185,323,1.9302160739898682,1.7414603233337402,-0.18875575065612793,1.7415;1.7223;1.7059;1.7008;1.6697,6875;6885;6860;6865;6890,C;C;C;C;C,70,no_trade,in_position,0.0,,0.0,-1,177,6855.0,C,0.4983440935611725,0.006653517484664917,True,nan,nan,,0
2025-12-10,68,353138,6829.5498046875,-0.33000001311302185,322,2.1914618015289307,2.0279059410095215,-0.16355586051940918,2.0279;2.0242;2.0117;1.9527;1.9463,6880;6870;6885;6875;6860,C;C;C;C;C,78,no_trade,in_position,0.0,,0.0,-1,177,6855.0,C,0.44972965121269226,0.004729628562927246,True,nan,nan,,0
2025-12-10,69,353139,6831.02978515625,-0.33000001311302185,321,2.194415807723999,1.9838346242904663,-0.21058118343353271,1.9838;1.9823;1.9099;1.8731;1.7240,6880;6870;6890;6875;6885,C;C;C;C;C,73,no_trade,in_position,0.0,,0.0,-1,181,6865.0,C,0.520637035369873,0.004549980163574219,True,nan,nan,,0
2025-12-10,70,353140,6830.0,-0.33000001311302185,320,2.22563099861145,1.585071086883545,-0.6405599117279053,1.5851;1.5208;1.4918;1.4585;1.4534,6800;6785;6890;6880;6780,P;P;C;C;P,67,no_trade,in_position,0.0,,0.0,-1,175,6850.0,C,0.4388721287250519,0.007222682237625122,True,nan,nan,,0
2025-12-10,71,353141,6832.52978515625,-0.33000001311302185,319,2.3271803855895996,1.8885455131530762,-0.43863487243652344,1.8885;1.8857;1.8569;1.8441;1.8432,6870;6890;6880;6875;6860,C;C;C;C;C,63,no_trade,in_position,0.0,,0.0,-1,193,6895.0,C,0.484489768743515,0.04098975658416748,True,nan,nan,,0
2025-12-10,72,353142,6835.35009765625,-0.33000001311302185,318,2.4240000247955322,1.7586884498596191,-0.6653115749359131,1.7587;1.6582;1.5853;1.5664;1.5206,6870;6885;6800;6880;6860,C;C;P;C;C,71,no_trade,in_position,0.0,,0.0,-1,189,6885.0,C,0.5228947401046753,0.0335727334022522,True,nan,nan,,0
2025-12-10,73,353143,6835.25,-0.33000001311302185,317,2.244154691696167,1.7155144214630127,-0.5286402702331543,1.7155;1.5322;1.5309;1.4208;1.4023,6800;6785;6780;6795;6870,P;P;P;P;C,67,no_trade,in_position,0.0,,0.0,-1,187,6880.0,C,0.5526667237281799,0.0050070881843566895,True,nan,nan,,0
2025-12-10,74,353144,6834.509765625,-0.33000001311302185,316,2.12068510055542,1.499136209487915,-0.6215488910675049,1.4991;1.4494;1.4371;1.4043;1.3727,6880;6890;6870;6800;6885,C;C;C;P;C,63,no_trade,in_position,0.0,,0.0,-1,175,6850.0,C,0.46007248759269714,0.0027784407138824463,True,nan,nan,,0
2025-12-10,75,353145,6834.64990234375,-0.33000001311302185,315,2.4141688346862793,1.6460983753204346,-0.7680704593658447,1.6461;1.6226;1.6085;1.5880;1.5460,6870;6875;6880;6890;6900,C;C;C;C;C,63,no_trade,in_position,0.0,,0.0,-1,187,6880.0,C,0.48659586906433105,0.006270080804824829,True,nan,nan,,0
2025-12-10,76,353146,6835.02001953125,-0.33000001311302185,314,2.1480906009674072,1.7979240417480469,-0.35016655921936035,1.7979;1.5493;1.4404;1.4360;1.3334,6870;6880;6750;6875;6900,C;C;P;C;C,59,no_trade,in_position,0.0,,0.0,-1,183,6870.0,C,0.41040536761283875,0.004405319690704346,True,nan,nan,,0
2025-12-10,77,353147,6837.81005859375,-0.33000001311302185,313,2.0730397701263428,1.4760692119598389,-0.5969705581665039,1.4761;1.4099;1.4012;1.3602;1.3241,6790;6800;6880;6870;6885,P;P;C;C;C,63,no_trade,in_position,0.0,,0.0,-1,148,6780.0,P,0.6193333268165588,0.24451854825019836,True,nan,nan,,0
2025-12-10,78,353148,6839.66015625,-0.33000001311302185,312,2.1416428089141846,1.7066848278045654,-0.43495798110961914,1.7067;1.6930;1.6518;1.5941;1.5893,6880;6885;6870;6875;6895,C;C;C;C;C,71,no_trade,in_position,0.0,,0.0,-1,164,6820.0,P,0.5899999141693115,0.015937447547912598,True,nan,nan,,0
2025-12-10,79,353149,6842.3798828125,-0.33000001311302185,311,2.096587657928467,1.770131230354309,-0.3264564275741577,1.7701;1.6260;1.6111;1.6032;1.5976,6800;6820;6870;6825;6810,P;P;C;P;P,70,no_trade,in_position,0.0,,0.0,-1,172,6840.0,P,0.48099473118782043,0.0025269389152526855,True,nan,nan,,0
2025-12-10,80,353150,6842.27978515625,-0.33000001311302185,310,1.870206594467163,1.5700690746307373,-0.3001375198364258,1.5701;1.5649;1.5270;1.4571;1.4566,6880;6885;6890;6870;6790,C;C;C;C;P,68,no_trade,in_position,0.0,,0.0,-1,158,6805.0,P,0.4335593283176422,0.021323323249816895,True,nan,nan,,0
2025-12-10,81,353151,6840.1201171875,-0.33000001311302185,309,1.6455843448638916,1.69778311252594,0.05219876766204834,1.6978;1.6272;1.5545;1.5485;1.5322,6800;6810;6805;6825;6820,P;P;P;P;P,70,no_trade,in_position,0.0,,0.0,-1,195,6900.0,C,0.6038889288902283,0.015075385570526123,True,nan,nan,,0
2025-12-10,82,353152,6836.85009765625,-0.33000001311302185,308,1.8198771476745605,1.869117021560669,0.0492398738861084,1.8691;1.7719;1.6818;1.6726;1.6386,6800;6795;6790;6780;6810,P;P;P;P;P,65,no_trade,in_position,0.0,,0.0,-1,177,6855.0,C,0.49444451928138733,0.002034991979598999,True,nan,nan,,0
2025-12-10,83,353153,6835.9599609375,-0.33000001311302185,307,1.8460206985473633,1.6966184377670288,-0.14940226078033447,1.6966;1.4822;1.4646;1.4634;1.4560,6800;6780;6760;6820;6790,P;P;P;P;P,67,no_trade,in_position,0.0,,0.0,-1,181,6865.0,C,0.5489873886108398,0.02455437183380127,True,nan,nan,,0
2025-12-10,84,353154,6834.3798828125,-0.33000001311302185,306,1.8442766666412354,1.600633978843689,-0.2436426877975464,1.6006;1.4983;1.4822;1.4074;1.3878,6870;6880;6800;6875;6835,C;C;P;C;P,69,no_trade,in_position,0.0,,0.0,-1,185,6875.0,C,0.5758823752403259,0.0003879666328430176,True,nan,nan,,0
2025-12-10,85,353155,6831.4501953125,-0.33000001311302185,305,1.754679560661316,1.8017436265945435,0.04706406593322754,1.8017;1.6900;1.6440;1.6244;1.6208,6860;6875;6870;6850;6880,C;C;C;C;C,74,no_trade,in_position,0.0,,0.0,-1,173,6845.0,C,0.41668811440467834,0.0027436017990112305,True,nan,nan,,0
2025-12-10,86,353156,6832.97998046875,-0.33000001311302185,304,2.032228469848633,1.7662603855133057,-0.26596808433532715,1.7663;1.6769;1.6259;1.6204;1.6172,6860;6880;6800;6890;6875,C;C;P;C;C,72,no_trade,in_position,0.0,,0.0,-1,175,6850.0,C,0.41310957074165344,0.005093097686767578,True,nan,nan,,0
2025-12-10,87,353157,6835.240234375,-0.33000001311302185,303,2.070345163345337,1.756439447402954,-0.3139057159423828,1.7564;1.7437;1.7076;1.6627;1.6384,6790;6800;6775;6795;6780,P;P;P;P;P,67,no_trade,in_position,0.0,,0.0,-1,193,6895.0,C,0.5795745253562927,0.02805274724960327,True,nan,nan,,0
2025-12-10,88,353158,6833.080078125,-0.33000001311302185,302,2.0198888778686523,1.5604050159454346,-0.4594838619232178,1.5604;1.4546;1.4322;1.3961;1.3851,6800;6810;6785;6820;6790,P;P;P;P;P,67,no_trade,in_position,0.0,,0.0,-1,175,6850.0,C,0.49829626083374023,0.01687091588973999,True,nan,nan,,0
2025-12-10,89,353159,6833.18994140625,-0.33000001311302185,301,2.212885618209839,1.6562423706054688,-0.5566432476043701,1.6562;1.6347;1.6017;1.5446;1.5420,6790;6800;6875;6870;6765,P;P;C;C;P,64,no_trade,in_position,0.0,,0.0,-1,181,6865.0,C,0.5483749508857727,0.0020032525062561035,True,nan,nan,,0
2025-12-10,90,353160,6830.2998046875,-0.33000001311302185,300,1.9231479167938232,1.6703484058380127,-0.25279951095581055,1.6703;1.6293;1.6190;1.5594;1.5538,6870;6860;6880;6800;6850,C;C;C;P;C,75,no_trade,in_position,0.0,,0.0,-1,171,6840.0,C,0.5364852547645569,0.0009806156158447266,True,nan,nan,,0
2025-12-10,91,353161,6829.56005859375,-0.33000001311302185,299,2.409515380859375,1.6649584770202637,-0.7445569038391113,1.6650;1.6347;1.6123;1.5812;1.5692,6870;6875;6850;6865;6885,C;C;C;C;C,67,no_trade,in_position,0.0,,0.0,-1,197,6905.0,C,0.5829629302024841,0.002324700355529785,True,nan,nan,,0
2025-12-10,92,353162,6827.509765625,-0.33000001311302185,298,2.1801412105560303,1.7376829385757446,-0.44245827198028564,1.7377;1.5452;1.5032;1.4678;1.4388,6880;6875;6900;6865;6885,C;C;C;C;C,69,no_trade,in_position,0.0,,0.0,-1,171,6840.0,C,0.4602753520011902,0.019169092178344727,True,nan,nan,,0
2025-12-10,93,353163,6827.490234375,-0.33000001311302185,297,2.3955740928649902,1.8795355558395386,-0.5160385370254517,1.8795;1.8710;1.7793;1.6504;1.6445,6885;6880;6890;6860;6875,C;C;C;C;C,70,no_trade,in_position,0.0,,0.0,-1,183,6870.0,C,0.46772727370262146,0.01481059193611145,True,nan,nan,,0
2025-12-10,94,353164,6830.080078125,-0.33000001311302185,296,2.2309720516204834,1.9067710638046265,-0.32420098781585693,1.9068;1.9053;1.8665;1.8198;1.8182,6880;6860;6870;6875;6865,C;C;C;C;C,70,no_trade,in_position,0.0,,0.0,-1,181,6865.0,C,0.47337499260902405,0.011410713195800781,True,nan,nan,,0
2025-12-10,95,353165,6832.16015625,-0.33000001311302185,295,2.4246678352355957,1.5684735774993896,-0.856194257736206,1.5685;1.4336;1.4022;1.3594;1.3528,6800;6880;6775;6790;6795,P;C;P;P;P,66,no_trade,in_position,0.0,,0.0,-1,193,6895.0,C,0.5160870552062988,0.02023175358772278,True,nan,nan,,0
2025-12-10,96,353166,6831.83984375,-0.33000001311302185,294,2.2600505352020264,1.4683904647827148,-0.7916600704193115,1.4684;1.3841;1.3766;1.3541;1.3516,6880;6870;6785;6800;6790,C;C;P;P;P,64,no_trade,in_position,0.0,,0.0,-1,195,6900.0,C,0.40105265378952026,0.0024319589138031006,True,nan,nan,,0
2025-12-10,97,353167,6835.2900390625,-0.33000001311302185,293,2.005225658416748,1.6460191011428833,-0.35920655727386475,1.6460;1.6171;1.5976;1.5459;1.4972,6880;6870;6875;6860;6885,C;C;C;C;C,69,no_trade,in_position,0.0,,0.0,-1,179,6860.0,C,0.5239394307136536,0.004391908645629883,True,nan,nan,,0
2025-12-10,98,353168,6834.81005859375,-0.33000001311302185,292,1.9647653102874756,1.5341540575027466,-0.430611252784729,1.5342;1.3375;1.3286;1.2931;1.2482,6755;6800;6780;6785;6790,P;P;P;P;P,63,no_trade,in_position,0.0,,0.0,-1,191,6890.0,C,0.5379660129547119,0.051186323165893555,True,nan,nan,,0
2025-12-10,99,353169,6835.7001953125,-0.33000001311302185,291,1.7828421592712402,1.697163462638855,-0.08567869663238525,1.6972;1.6296;1.6188;1.5941;1.5862,6875;6880;6865;6890;6870,C;C;C;C;C,67,no_trade,in_position,0.0,,0.0,-1,183,6870.0,C,0.4909999668598175,0.02176344394683838,True,nan,nan,,0
2025-12-10,100,353170,6835.7900390625,-0.33000001311302185,290,1.7481762170791626,1.5604394674301147,-0.18773674964904785,1.5604;1.4438;1.4207;1.3846;1.3700,6800;6790;6775;6770;6780,P;P;P;P;P,62,no_trade,in_position,0.0,,0.0,-1,181,6865.0,C,0.3627174198627472,0.00417289137840271,True,nan,nan,,0
2025-12-10,101,353171,6839.330078125,-0.33000001311302185,289,1.9561794996261597,1.7631381750106812,-0.19304132461547852,1.7631;1.7060;1.6148;1.5559;1.5536,6880;6885;6890;6900;6895,C;C;C;C;C,62,no_trade,in_position,0.0,,0.0,-1,185,6875.0,C,0.44353848695755005,0.002916276454925537,True,nan,nan,,0
2025-12-10,102,353172,6840.3798828125,-0.33000001311302185,288,2.0251893997192383,1.819617509841919,-0.20557188987731934,1.8196;1.6545;1.5936;1.5628;1.5564,6880;6875;6885;6800;6795,C;C;C;P;P,69,no_trade,in_position,0.0,,0.0,-1,181,6865.0,C,0.4926772713661194,0.002896040678024292,True,nan,nan,,0
2025-12-10,103,353173,6841.0400390625,-0.33000001311302185,287,1.9201892614364624,1.5619392395019531,-0.3582500219345093,1.5619;1.4900;1.4680;1.3696;1.3570,6800;6795;6790;6900;6890,P;P;P;C;C,65,no_trade,in_position,0.0,,0.0,-1,177,6855.0,C,0.2511739134788513,0.03730379045009613,True,nan,nan,,0
2025-12-10,104,353174,6841.77978515625,-0.33000001311302185,286,1.8690663576126099,1.7243847846984863,-0.14468157291412354,1.7244;1.6537;1.6405;1.6133;1.5835,6880;6900;6870;6890;6800,C;C;C;C;P,63,no_trade,in_position,0.0,,0.0,-1,185,6875.0,C,0.3922014534473419,0.14878961443901062,True,nan,nan,,0
2025-12-11,60,353520,6872.330078125,-0.33000001311302185,330,2.15669846534729,2.3798375129699707,0.22313904762268066,2.3798;2.3468;2.3350;2.2870;2.2556,6890;6885;6880;6895;6900,C;C;C;C;C,50,trade,,6890.0,C,4.800000190734863,194,185,6865.0,P,0.5257608890533447,0.008701980113983154,True,-0.3232257916188848,-0.8489866806722295,STOP_LOSS,11
2025-12-11,61,353521,6872.0400390625,-0.33000001311302185,329,2.095165967941284,2.279768705368042,0.1846027374267578,2.2798;2.2658;2.2462;2.2295;2.1839,6885;6890;6880;6895;6875,C;C;C;C;C,52,no_trade,in_position,0.0,,0.0,-1,191,6880.0,P,0.6844056248664856,0.043523192405700684,True,nan,nan,,0
2025-12-11,62,353522,6873.580078125,-0.33000001311302185,328,2.0909833908081055,2.302460193634033,0.21147680282592773,2.3025;2.2939;2.2886;2.2181;2.2051,6890;6880;6885;6875;6895,C;C;C;C;C,47,no_trade,in_position,0.0,,0.0,-1,183,6860.0,P,0.44958335161209106,0.001788109540939331,True,nan,nan,,0
2025-12-11,63,353523,6873.740234375,-0.33000001311302185,327,2.133929491043091,1.9732966423034668,-0.16063284873962402,1.9733;1.9655;1.9426;1.8804;1.8285,6885;6890;6880;6895;6900,C;C;C;C;C,44,no_trade,in_position,0.0,,0.0,-1,167,6820.0,P,0.4011428952217102,0.006342828273773193,True,nan,nan,,0
2025-12-11,64,353524,6870.7900390625,-0.33000001311302185,326,2.0609006881713867,1.8063037395477295,-0.2545969486236572,1.8063;1.7943;1.7845;1.7778;1.7738,6875;6880;6885;6840;6850,C;C;C;P;P,46,no_trade,in_position,0.0,,0.0,-1,173,6835.0,P,0.5127585530281067,0.007828950881958008,True,nan,nan,,0
2025-12-11,65,353525,6869.89013671875,-0.33000001311302185,325,1.9287173748016357,2.18497896194458,0.25626158714294434,2.1850;2.1759;2.1580;2.1225;2.0706,6885;6880;6890;6875;6895,C;C;C;C;C,49,no_trade,in_position,0.0,,0.0,-1,191,6880.0,P,0.42023470997810364,0.01834288239479065,True,nan,nan,,0
2025-12-11,66,353526,6868.10986328125,-0.33000001311302185,324,2.046299457550049,2.0767040252685547,0.03040456771850586,2.0767;2.0557;2.0223;1.9877;1.9640,6880;6875;6885;6870;6890,C;C;C;C;C,49,no_trade,in_position,0.0,,0.0,-1,165,6815.0,P,0.49466672539711,0.01193949580192566,True,nan,nan,,0
2025-12-11,67,353527,6867.93994140625,-0.33000001311302185,323,2.1660685539245605,2.527545928955078,0.3614773750305176,2.5275;2.4948;2.4853;2.4502;2.4011,6880;6885;6875;6890;6870,C;C;C;C;C,50,no_trade,in_position,0.0,,0.0,-1,179,6850.0,P,0.7320408225059509,0.004060685634613037,True,nan,nan,,0
2025-12-11,68,353528,6870.6298828125,-0.33000001311302185,322,2.1683292388916016,2.1715307235717773,0.0032014846801757812,2.1715;2.1652;2.1605;2.0459;1.9540,6885;6890;6880;6895;6875,C;C;C;C;C,46,no_trade,in_position,0.0,,0.0,-1,165,6815.0,P,0.5933333039283752,0.008662164211273193,True,nan,nan,,0
2025-12-11,69,353529,6872.7099609375,-0.33000001311302185,321,1.7101068496704102,2.0202722549438477,0.3101654052734375,2.0203;2.0077;1.9851;1.9499;1.8728,6880;6885;6890;6875;6895,C;C;C;C;C,44,no_trade,in_position,0.0,,0.0,-1,191,6880.0,P,0.20007450878620148,0.007859349250793457,True,nan,nan,,0
2025-12-11,70,353530,6867.5400390625,-0.33000001311302185,320,2.001101493835449,2.045525312423706,0.044423818588256836,2.0455;2.0302;2.0085;1.9674;1.8986,6875;6880;6870;6885;6890,C;C;C;C;C,48,no_trade,in_position,0.0,,0.0,-1,185,6865.0,P,0.6451515555381775,0.0076233744621276855,True,nan,nan,,0
2025-12-11,71,353531,6869.58984375,-0.33000001311302185,319,2.116001844406128,1.8458369970321655,-0.2701648473739624,1.8458;1.8361;1.8159;1.7517;1.7089,6880;6885;6890;6875;6895,C;C;C;C;C,44,no_trade,in_position,0.0,,0.0,-1,181,6855.0,P,0.40791672468185425,0.008377671241760254,True,nan,nan,,0
2025-12-11,72,353532,6867.33984375,-0.33000001311302185,318,1.8223201036453247,1.9691295623779297,0.14680945873260498,1.9691;1.9654;1.9469;1.8859;1.7878,6870;6875;6880;6885;6890,C;C;C;C;C,46,no_trade,in_position,0.0,,0.0,-1,191,6880.0,P,0.5364699959754944,0.02658367156982422,True,nan,nan,,0
2025-12-11,73,353533,6867.52001953125,-0.33000001311302185,317,1.7024731636047363,2.0530741214752197,0.3506009578704834,2.0531;2.0083;1.9941;1.9875;1.9433,6880;6885;6875;6890;6870,C;C;C;C;C,45,no_trade,cooldown,0.0,,0.0,-1,181,6855.0,P,0.6010293960571289,0.015029370784759521,True,nan,nan,,0
2025-12-11,74,353534,6868.7900390625,-0.33000001311302185,316,1.858866810798645,1.8292529582977295,-0.029613852500915527,1.8293;1.8220;1.7893;1.7826;1.7350,6880;6885;6890;6875;6870,C;C;C;C;C,49,no_trade,cooldown,0.0,,0.0,-1,173,6835.0,P,0.7450000047683716,0.011136412620544434,True,nan,nan,,0
2025-12-11,75,353535,6872.06005859375,-0.33000001311302185,315,1.9935506582260132,2.0764222145080566,0.08287155628204346,2.0764;2.0727;2.0666;1.9937;1.9780,6880;6890;6885;6875;6895,C;C;C;C;C,46,trade,,6880.0,C,7.900000095367432,190,191,6880.0,P,0.35011425614356995,0.03190520405769348,True,-0.2122962864063405,-0.5624105425499104,STOP_LOSS,2
2025-12-11,76,353536,6869.0498046875,-0.33000001311302185,314,1.630314826965332,1.7157009840011597,0.08538615703582764,1.7157;1.6581;1.6571;1.6472;1.6377,6850;6875;6870;6855;6860,P;C;C;P;P,49,no_trade,in_position,0.0,,0.0,-1,187,6870.0,P,0.2696574926376343,0.008248448371887207,True,nan,nan,,0
2025-12-11,77,353537,6864.52001953125,-0.33000001311302185,313,1.7401065826416016,1.8527319431304932,0.1126253604888916,1.8527;1.7314;1.7205;1.6496;1.6373,6840;6850;6845;6835;6830,P;P;P;P;P,43,no_trade,in_position,0.0,,0.0,-1,177,6845.0,P,0.2595384418964386,0.0034967660903930664,True,nan,nan,,0
2025-12-11,78,353538,6860.81982421875,-0.33000001311302185,312,1.8621433973312378,1.861079216003418,-0.0010641813278198242,1.8611;1.8584;1.8398;1.7957;1.7940,6870;6875;6880;6850;6840,C;C;C;P;P,52,no_trade,in_position,0.0,,0.0,-1,194,6890.0,C,0.4508695602416992,0.2674320638179779,True,nan,nan,,0
2025-12-11,79,353539,6859.7900390625,-0.33000001311302185,311,2.1777846813201904,2.297621488571167,0.11983680725097656,2.2976;2.2926;2.2915;2.2245;2.2144,6880;6875;6870;6885;6865,C;C;C;C;C,56,no_trade,cooldown,0.0,,0.0,-1,192,6885.0,C,0.7686792016029358,0.012363433837890625,True,nan,nan,,0
2025-12-11,80,353540,6854.60986328125,-0.33000001311302185,310,2.1797587871551514,2.43203067779541,0.2522718906402588,2.4320;2.4168;2.4021;2.3766;2.3113,6870;6875;6880;6865;6885,C;C;C;C;C,53,no_trade,cooldown,0.0,,0.0,-1,198,6900.0,C,0.541111171245575,0.07034185528755188,True,nan,nan,,0
2025-12-11,81,353541,6855.009765625,-0.33000001311302185,309,2.132336139678955,2.6798818111419678,0.5475456714630127,2.6799;2.6672;2.6640;2.6002;2.5675,6880;6875;6870;6885;6865,C;C;C;C;C,55,trade,,6880.0,C,3.799999952316284,190,184,6865.0,C,0.44170457124710083,0.013651549816131592,True,0.4069230241794333,-0.034781547067667506,TAKE_PROFIT,3
2025-12-11,82,353542,6857.740234375,-0.33000001311302185,308,2.2004001140594482,2.323528289794922,0.12312817573547363,2.3235;2.3156;2.3122;2.2477;2.2391,6880;6870;6875;6885;6865,C;C;C;C;C,48,no_trade,in_position,0.0,,0.0,-1,196,6895.0,C,0.3246666491031647,0.006792604923248291,True,nan,nan,,0
2025-12-11,83,353543,6860.0,-0.33000001311302185,307,2.133359670639038,2.5382111072540283,0.40485143661499023,2.5382;2.4978;2.4874;2.4840;2.4409,6880;6875;6870;6885;6890,C;C;C;C;C,53,no_trade,in_position,0.0,,0.0,-1,196,6895.0,C,0.3356249928474426,0.007708340883255005,True,nan,nan,,0
2025-12-11,84,353544,6861.68017578125,-0.33000001311302185,306,1.803972601890564,2.304215908050537,0.5002433061599731,2.3042;2.2929;2.2724;2.2426;2.2267,6880;6875;6885;6870;6890,C;C;C;C;C,52,no_trade,in_position,0.0,,0.0,-1,182,6860.0,C,0.2571337819099426,0.012251898646354675,True,nan,nan,,0
2025-12-11,85,353545,6866.02978515625,-0.33000001311302185,305,1.6762079000473022,2.110543966293335,0.4343360662460327,2.1105;2.0836;2.0653;2.0424;1.9780,6880;6885;6890;6875;6870,C;C;C;C;C,46,no_trade,in_position,0.0,,0.0,-1,191,6880.0,P,-0.016684209927916527,0.00037829019129276276,True,nan,nan,,0
2025-12-11,86,353546,6866.669921875,-0.33000001311302185,304,1.6232386827468872,2.124941110610962,0.5017024278640747,2.1249;2.1171;2.0879;2.0184;2.0059,6885;6880;6890;6895;6875,C;C;C;C;C,51,trade,,6885.0,C,4.5,192,189,6875.0,P,-0.014013158157467842,0.002692596986889839,True,-0.37510635761936095,-0.3610931994618931,STOP_LOSS,12
2025-12-11,87,353547,6868.0,-0.33000001311302185,303,1.6790623664855957,2.223538398742676,0.5444760322570801,2.2235;2.2173;2.1956;2.1554;2.0946,6885;6890;6880;6895;6875,C;C;C;C;C,51,no_trade,in_position,0.0,,0.0,-1,191,6880.0,P,-0.012734463438391685,0.0018545771017670631,True,nan,nan,,0
2025-12-11,88,353548,6868.39990234375,-0.33000001311302185,302,1.6938029527664185,2.168853998184204,0.47505104541778564,2.1689;2.1609;2.1388;2.1005;2.0080,6885;6890;6880;6895;6900,C;C;C;C;C,44,no_trade,in_position,0.0,,0.0,-1,191,6880.0,P,-0.012726256623864174,0.0015690457075834274,True,nan,nan,,0
2025-12-11,89,353549,6868.39013671875,-0.33000001311302185,301,1.6209474802017212,1.8902411460876465,0.2692936658859253,1.8902;1.8726;1.8426;1.8170;1.7421,6890;6885;6880;6895;6875,C;C;C;C;C,45,no_trade,in_position,0.0,,0.0,-1,187,6870.0,P,-0.01651162840425968,0.00018244609236717224,True,nan,nan,,0
2025-12-11,90,353550,6866.5400390625,-0.33000001311302185,300,1.5880664587020874,2.988582134246826,1.4005156755447388,2.9886;2.9838;2.9435;2.7704;2.5069,6880;6875;6870;6865;6860,C;C;C;C;C,49,no_trade,in_position,0.0,,0.0,-1,191,6880.0,P,-0.016684209927916527,0.00037829019129276276,True,nan,nan,,0
2025-12-11,91,353551,6866.1201171875,-0.33000001311302185,299,1.7381097078323364,2.002108573913574,0.2639988660812378,2.0021;1.9904;1.9018;1.8857;1.8654,6890;6885;6895;6880;6850,C;C;C;C;P,41,no_trade,in_position,0.0,,0.0,-1,191,6880.0,P,-0.016680628061294556,0.000226462259888649,True,nan,nan,,0
2025-12-11,92,353552,6865.7099609375,-0.33000001311302185,298,1.672881841659546,2.065558671951294,0.39267683029174805,2.0656;2.0435;2.0312;1.9206;1.9202,6880;6885;6890;6875;6870,C;C;C;C;C,40,no_trade,in_position,0.0,,0.0,-1,173,6835.0,P,0.20814815163612366,0.22089101374149323,True,nan,nan,,0
2025-12-11,93,353553,6868.740234375,-0.33000001311302185,297,1.54519784450531,2.03106427192688,0.4858664274215698,2.0311;2.0179;2.0076;1.9326;1.8295,6885;6880;6890;6895;6900,C;C;C;C;C,43,no_trade,in_position,0.0,,0.0,-1,173,6835.0,P,0.42129966616630554,0.4340425133705139,True,nan,nan,,0
2025-12-11,94,353554,6868.52978515625,-0.33000001311302185,296,1.416652798652649,2.203582286834717,0.7869294881820679,2.2036;2.1807;2.1804;2.1320;2.1302,6880;6885;6875;6890;6870,C;C;C;C;C,48,no_trade,in_position,0.0,,0.0,-1,189,6875.0,P,0.1956111043691635,0.03476688265800476,True,nan,nan,,0
2025-12-11,95,353555,6863.759765625,-0.33000001311302185,295,1.575731635093689,2.1122069358825684,0.5364753007888794,2.1122;2.1060;2.1052;2.0003;1.9291,6875;6870;6880;6885;6865,C;C;C;C;C,42,no_trade,in_position,0.0,,0.0,-1,182,6860.0,C,0.3779861032962799,0.39617452025413513,True,nan,nan,,0
2025-12-11,96,353556,6865.4501953125,-0.33000001311302185,294,1.6557414531707764,2.015813112258911,0.36007165908813477,2.0158;1.8567;1.8525;1.8477;1.8402,6850;6855;6845;6840;6860,P;P;P;P;P,44,no_trade,in_position,0.0,,0.0,-1,191,6880.0,P,-0.01667010225355625,0.00029660575091838837,True,nan,nan,,0
2025-12-11,97,353557,6865.7099609375,-0.33000001311302185,293,1.2781528234481812,1.7777533531188965,0.49960052967071533,1.7778;1.7586;1.7149;1.7119;1.6904,6855;6850;6845;6860;6840,P;P;P;P;P,43,no_trade,in_position,0.0,,0.0,-1,187,6870.0,P,-0.018248176202178,0.06545552611351013,True,nan,nan,,0
2025-12-11,98,353558,6863.9599609375,-0.33000001311302185,292,1.2621405124664307,1.75494384765625,0.49280333518981934,1.7549;1.7400;1.7054;1.6894;1.5559,6850;6845;6840;6830;6860,P;P;P;P;P,38,no_trade,in_position,0.0,,0.0,-1,182,6860.0,C,0.6296774744987488,0.6588555574417114,True,nan,nan,,0
2025-12-11,99,353559,6861.18994140625,-0.33000001311302185,291,1.4150277376174927,1.917222499847412,0.5021947622299194,1.9172;1.9080;1.8810;1.8167;1.8132,6870;6875;6880;6850;6885,C;C;C;P;C,46,no_trade,in_position,0.0,,0.0,-1,188,6875.0,C,0.48854541778564453,0.5064445734024048,True,nan,nan,,0
2025-12-11,100,353560,6860.43994140625,-0.33000001311302185,290,1.7714059352874756,2.576770305633545,0.8053643703460693,2.5768;2.5269;2.5251;2.4893;2.4315,6875;6880;6870;6865;6885,C;C;C;C;C,49,no_trade,cooldown,0.0,,0.0,-1,188,6875.0,C,0.3395000100135803,0.01612505316734314,True,nan,nan,,0
2025-12-11,101,353561,6863.22998046875,-0.33000001311302185,289,1.6631962060928345,2.3122611045837402,0.6490648984909058,2.3123;2.3093;2.2606;2.2482;2.1838,6880;6875;6870;6885;6890,C;C;C;C;C,44,no_trade,cooldown,0.0,,0.0,-1,182,6860.0,C,0.5271755456924438,0.8444045186042786,True,nan,nan,,0
2025-12-11,102,353562,6862.5400390625,-0.33000001311302185,288,1.336472511291504,1.7656444311141968,0.42917191982269287,1.7656;1.7572;1.7201;1.6698;1.6328,6880;6875;6885;6870;6845,C;C;C;C;P,40,trade,,6880.0,C,4.400000095367432,190,182,6860.0,C,0.45016446709632874,0.7387478351593018,True,-0.04733333333333334,-0.4974978004296621,TRAILING_STOP,12
2025-12-11,103,353563,6863.02978515625,-0.33000001311302185,287,1.421825885772705,1.8963778018951416,0.4745519161224365,1.8964;1.8191;1.8148;1.7102;1.5645,6880;6885;6875;6890;6870,C;C;C;C;C,34,no_trade,in_position,0.0,,0.0,-1,182,6860.0,C,0.3569177985191345,0.37361299991607666,True,nan,nan,,0
2025-12-11,104,353564,6865.72021484375,-0.33000001311302185,286,1.4531925916671753,2.14450740814209,0.6913148164749146,2.1445;2.1267;2.0855;2.0809;1.9863,6875;6880;6885;6870;6890,C;C;C;C;C,42,no_trade,in_position,0.0,,0.0,-1,177,6845.0,P,-0.04176470637321472,0.16847920417785645,True,nan,nan,,0
2025-12-12,60,353910,6847.669921875,-0.33000001311302185,330,2.6093878746032715,2.2126355171203613,-0.39675235748291016,2.2126;2.2035;2.2023;2.1989;2.1954,6830;6875;6880;6840;6870,P;C;C;P;C,74,no_trade,gate,0.0,,0.0,-1,-1,0.0,,nan,0.0,False,nan,nan,,0
2025-12-12,61,353911,6851.22021484375,-0.33000001311302185,329,2.673717975616455,2.222752571105957,-0.45096540451049805,2.2228;2.1424;2.1379;2.1035;2.1000,6880;6885;6875;6890;6870,C;C;C;C;C,62,no_trade,gate,0.0,,0.0,-1,-1,0.0,,nan,0.0,False,nan,nan,,0
2025-12-12,62,353912,6853.77001953125,-0.33000001311302185,328,2.514143943786621,2.1089396476745605,-0.40520429611206055,2.1089;2.1042;2.0885;2.0551;2.0465,6850;6840;6830;6835;6845,P;P;P;P;P,64,no_trade,gate,0.0,,0.0,-1,-1,0.0,,nan,0.0,False,nan,nan,,0
2025-12-12,63,353913,6856.64013671875,-0.33000001311302185,327,2.589885950088501,2.0493977069854736,-0.5404882431030273,2.0494;2.0217;1.9876;1.9796;1.9411,6850;6845;6840;6835;6880,P;P;P;P;C,59,no_trade,gate,0.0,,0.0,-1,-1,0.0,,nan,0.0,False,nan,nan,,0
2025-12-12,64,353914,6853.0,-0.33000001311302185,326,2.503406286239624,1.9570586681365967,-0.5463476181030273,1.9571;1.9534;1.9374;1.8777;1.8595,6830;6840;6820;6835;6850,P;P;P;P;P,64,no_trade,gate,0.0,,0.0,-1,-1,0.0,,nan,0.0,False,nan,nan,,0
2025-12-12,65,353915,6850.85009765625,-0.33000001311302185,325,2.5741465091705322,2.1544575691223145,-0.4196889400482178,2.1545;2.1189;2.0894;2.0856;2.0814,6835;6830;6840;6820;6825,P;P;P;P;P,63,no_trade,gate,0.0,,0.0,-1,-1,0.0,,nan,0.0,False,nan,nan,,0
2025-12-12,66,353916,6857.35009765625,-0.33000001311302185,324,2.5933423042297363,2.097899913787842,-0.49544239044189453,2.0979;2.0384;2.0309;2.0181;1.9542,6880;6875;6885;6890;6895,C;C;C;C;C,53,no_trade,gate,0.0,,0.0,-1,-1,0.0,,nan,0.0,False,nan,nan,,0
2025-12-12,67,353917,6858.31005859375,-0.33000001311302185,323,2.3413546085357666,1.9141042232513428,-0.42725038528442383,1.9141;1.9052;1.9039;1.8853;1.8785,6880;6890;6850;6835;6840,C;C;P;P;P,57,no_trade,gate,0.0,,0.0,-1,-1,0.0,,nan,0.0,False,nan,nan,,0
2025-12-12,68,353918,6857.8701171875,-0.33000001311302185,322,2.5140068531036377,2.063347101211548,-0.45065975189208984,2.0633;2.0341;2.0191;1.9897;1.9547,6845;6850;6840;6830;6835,P;P;P;P;P,61,no_trade,gate,0.0,,0.0,-1,-1,0.0,,nan,0.0,False,nan,nan,,0
2025-12-12,69,353919,6859.759765625,-0.33000001311302185,321,2.390775442123413,2.021815299987793,-0.3689601421356201,2.0218;1.9635;1.9389;1.9161;1.9100,6880;6885;6890;6875;6870,C;C;C;C;C,58,no_trade,gate,0.0,,0.0,-1,-1,0.0,,nan,0.0,False,nan,nan,,0
2025-12-12,70,353920,6854.89013671875,-0.33000001311302185,320,2.040618896484375,2.275696039199829,0.2350771427154541,2.2757;2.2206;2.2155;2.2090;2.1754,6840;6850;6835;6830;6845,P;P;P;P;P,64,no_trade,gate,0.0,,0.0,-1,-1,0.0,,nan,0.0,False,nan,nan,,0
2025-12-12,71,353921,6858.18994140625,-0.33000001311302185,319,2.320544481277466,1.8707904815673828,-0.449753999710083,1.8708;1.8087;1.7614;1.7265;1.7139,6880;6840;6900;6850;6890,C;P;C;P;C,56,no_trade,gate,0.0,,0.0,-1,-1,0.0,,nan,0.0,False,nan,nan,,0
2025-12-12,72,353922,6859.009765625,-0.33000001311302185,318,2.076692819595337,2.078399896621704,0.0017070770263671875,2.0784;2.0491;2.0161;1.9781;1.9200,6850;6840;6845;6855;6835,P;P;P;P;P,56,no_trade,gate,0.0,,0.0,-1,-1,0.0,,nan,0.0,False,nan,nan,,0
2025-12-12,73,353923,6860.68994140625,-0.33000001311302185,317,2.0443832874298096,1.75157630443573,-0.2928069829940796,1.7516;1.6560;1.6255;1.5919;1.5697,6850;6840;6845;6835;6855,P;P;P;P;P,51,no_trade,gate,0.0,,0.0,-1,-1,0.0,,nan,0.0,False,nan,nan,,0
2025-12-12,74,353924,6862.669921875,-0.33000001311302185,316,1.9752137660980225,1.9222835302352905,-0.052930235862731934,1.9223;1.8756;1.7879;1.7522;1.7465,6850;6840;6845;6835;6855,P;P;P;P;P,55,no_trade,gate,0.0,,0.0,-1,-1,0.0,,nan,0.0,False,nan,nan,,0
2025-12-12,75,353925,6864.58984375,-0.33000001311302185,315,1.9205265045166016,1.884966492652893,-0.035560011863708496,1.8850;1.8327;1.8167;1.8136;1.7731,6850;6840;6860;6855;6845,P;P;P;P;P,59,no_trade,gate,0.0,,0.0,-1,-1,0.0,,nan,0.0,False,nan,nan,,0
2025-12-12,76,353926,6861.1298828125,-0.33000001311302185,314,2.095778226852417,2.0810492038726807,-0.014729022979736328,2.0810;2.0778;2.0332;1.9751;1.9524,6850;6840;6830;6835;6845,P;P;P;P;P,56,no_trade,gate,0.0,,0.0,-1,-1,0.0,,nan,0.0,False,nan,nan,,0
2025-12-12,77,353927,6863.14013671875,-0.33000001311302185,313,2.1030690670013428,1.8937159776687622,-0.20935308933258057,1.8937;1.7622;1.6902;1.6591;1.6528,6850;6840;6835;6830;6890,P;P;P;P;C,46,no_trade,gate,0.0,,0.0,-1,-1,0.0,,nan,0.0,False,nan,nan,,0
2025-12-12,78,353928,6864.759765625,-0.33000001311302185,312,1.813349723815918,2.0660862922668457,0.25273656845092773,2.0661;1.9250;1.9192;1.8881;1.8531,6850;6840;6845;6860;6855,P;P;P;P;P,48,no_trade,gate,0.0,,0.0,-1,-1,0.0,,nan,0.0,False,nan,nan,,0
2025-12-12,79,353929,6862.31982421875,-0.33000001311302185,311,1.9676378965377808,2.1921703815460205,0.22453248500823975,2.1922;2.1852;2.1611;2.1199;2.0939,6840;6850;6845;6860;6855,P;P;P;P;P,53,no_trade,gate,0.0,,0.0,-1,-1,0.0,,nan,0.0,False,nan,nan,,0
2025-12-12,80,353930,6858.27001953125,-0.33000001311302185,310,2.0161263942718506,1.8224693536758423,-0.1936570405960083,1.8225;1.7941;1.7861;1.7806;1.7662,6880;6840;6850;6870;6875,C;P;P;C;C,54,no_trade,gate,0.0,,0.0,-1,-1,0.0,,nan,0.0,False,nan,nan,,0
2025-12-12,81,353931,6855.7900390625,-0.33000001311302185,309,2.097968816757202,2.52038836479187,0.42241954803466797,2.5204;2.4897;2.4838;2.4216;2.4125,6840;6850;6830;6825;6845,P;P;P;P;P,58,no_trade,gate,0.0,,0.0,-1,-1,0.0,,nan,0.0,False,nan,nan,,0
2025-12-12,82,353932,6854.85009765625,-0.33000001311302185,308,2.146548271179199,2.002593755722046,-0.14395451545715332,2.0026;1.9350;1.9191;1.9159;1.9071,6840;6835;6845;6830;6850,P;P;P;P;P,54,no_trade,gate,0.0,,0.0,-1,-1,0.0,,nan,0.0,False,nan,nan,,0
2025-12-12,83,353933,6852.7099609375,-0.33000001311302185,307,2.0649070739746094,2.144975185394287,0.08006811141967773,2.1450;2.1149;2.1133;2.0859;2.0571,6850;6835;6830;6825;6840,P;P;P;P;P,52,no_trade,gate,0.0,,0.0,-1,-1,0.0,,nan,0.0,False,nan,nan,,0
2025-12-12,84,353934,6849.56005859375,-0.33000001311302185,306,2.1410863399505615,2.1567373275756836,0.01565098762512207,2.1567;2.1552;2.1483;2.1141;2.0544,6880;6875;6870;6865;6885,C;C;C;C;C,58,no_trade,gate,0.0,,0.0,-1,-1,0.0,,nan,0.0,False,nan,nan,,0
2025-12-12,85,353935,6845.97021484375,-0.33000001311302185,305,2.327101945877075,2.2944178581237793,-0.0326840877532959,2.2944;2.2741;2.2598;2.2582;2.2545,6870;6875;6860;6865;6880,C;C;C;C;C,62,no_trade,gate,0.0,,0.0,-1,-1,0.0,,nan,0.0,False,nan,nan,,0
2025-12-12,86,353936,6844.39013671875,-0.33000001311302185,304,2.210076093673706,2.123070478439331,-0.087005615234375,2.1231;2.0961;2.0817;2.0226;2.0212,6830;6825;6820;6840;6815,P;P;P;P;P,59,no_trade,gate,0.0,,0.0,-1,-1,0.0,,nan,0.0,False,nan,nan,,0
2025-12-12,87,353937,6844.58984375,-0.33000001311302185,303,2.2754762172698975,2.159060001373291,-0.11641621589660645,2.1591;2.1447;2.1371;2.1276;2.0827,6840;6830;6825;6820;6835,P;P;P;P;P,60,no_trade,gate,0.0,,0.0,-1,-1,0.0,,nan,0.0,False,nan,nan,,0
2025-12-12,88,353938,6827.1201171875,-0.33000001311302185,302,2.2383530139923096,2.4205265045166016,0.182173490524292,2.4205;2.1243;1.9278;1.7562;1.6925,6850;6855;6860;6840;6865,P;P;P;C;C,47,no_trade,gate,0.0,,0.0,-1,-1,0.0,,nan,0.0,False,nan,nan,,0
2025-12-12,89,353939,6828.169921875,-0.33000001311302185,301,2.1761536598205566,1.9700874090194702,-0.20606625080108643,1.9701;1.8924;1.5510;-0.3542;-0.5572,6780;6905;6885;6770;6920,C;P;P;C;P,9,no_trade,gate,0.0,,0.0,-1,-1,0.0,,nan,0.0,False,nan,nan,,0
2025-12-12,90,353940,6833.6298828125,-0.33000001311302185,300,1.4820400476455688,1.8446799516677856,0.3626399040222168,1.8447;1.8293;1.8244;1.8070;1.7753,6820;6815;6825;6810;6805,P;P;P;P;P,73,trade,,6820.0,P,12.199999809265137,224,228,6830.0,P,0.3546667695045471,0.006666779518127441,True,0.2827659024511594,-0.07190086705338772,TAKE_PROFIT,2
2025-12-12,91,353941,6830.16015625,-0.33000001311302185,299,2.029940128326416,2.1932318210601807,0.16329169273376465,2.1932;2.0808;2.0665;2.0636;2.0632,6800;6805;6815;6795;6810,P;P;P;P;P,76,no_trade,in_position,0.0,,0.0,-1,230,6835.0,P,0.34096428751945496,0.02084749937057495,True,nan,nan,,0
2025-12-12,92,353942,6826.259765625,-0.33000001311302185,298,2.1214869022369385,2.119875907897949,-0.0016109943389892578,2.1199;2.0116;2.0083;2.0067;2.0020,6800;6805;6790;6795;6810,P;P;P;P;P,78,no_trade,in_position,0.0,,0.0,-1,228,6830.0,P,0.32055413722991943,7.134675979614258e-05,True,nan,nan,,0
2025-12-12,93,353943,6822.27978515625,-0.33000001311302185,297,2.1214425563812256,2.3675754070281982,0.24613285064697266,2.3676;2.3454;2.3144;2.2790;2.2464,6850;6860;6855;6865;6870,C;C;C;C;C,88,no_trade,in_position,0.0,,0.0,-1,224,6820.0,P,0.20714916288852692,0.479574978351593,True,nan,nan,,0
2025-12-12,94,353944,6817.240234375,-0.33000001311302185,296,2.093519449234009,2.270228862762451,0.17670941352844238,2.2702;2.2377;2.1650;2.1587;2.1551,6850;6860;6855;6865;6870,C;C;C;C;C,93,trade,,6850.0,C,8.199999809265137,235,230,6835.0,P,-0.012478820979595184,0.003939185291528702,True,-0.38588890372382273,-0.37341008274422754,STOP_LOSS,16
2025-12-12,95,353945,6820.330078125,-0.33000001311302185,295,2.1237375736236572,2.1872899532318115,0.0635523796081543,2.1873;2.1434;2.0363;2.0170;1.9738,6850;6860;6865;6870;6875,C;C;C;C;C,96,no_trade,in_position,0.0,,0.0,-1,232,6840.0,P,0.23352082073688507,0.24590453505516052,True,nan,nan,,0
2025-12-12,96,353946,6825.0400390625,-0.33000001311302185,294,2.0177884101867676,2.1098792552948,0.09209084510803223,2.1099;2.0724;2.0490;1.9997;1.9730,6800;6810;6805;6795;6815,P;P;P;P;P,88,no_trade,in_position,0.0,,0.0,-1,228,6830.0,P,0.41058340668678284,0.4212334156036377,True,nan,nan,,0
2025-12-12,97,353947,6824.81982421875,-0.33000001311302185,293,1.9663195610046387,2.057962417602539,0.09164285659790039,2.0580;1.9705;1.9466;1.9187;1.9169,6800;6795;6780;6785;6790,P;P;P;P;P,83,no_trade,in_position,0.0,,0.0,-1,226,6825.0,P,-0.0098247230052948,0.0026087546721100807,True,nan,nan,,0
2025-12-12,98,353948,6820.60009765625,-0.33000001311302185,292,1.952996015548706,2.0713210105895996,0.11832499504089355,2.0713;1.9868;1.9756;1.9319;1.9027,6800;6780;6790;6785;6775,P;P;P;P;P,84,no_trade,in_position,0.0,,0.0,-1,224,6820.0,P,-0.010649999603629112,0.001882786862552166,True,nan,nan,,0
2025-12-12,99,353949,6819.83984375,-0.33000001311302185,291,1.9560363292694092,1.9551197290420532,-0.000916600227355957,1.9551;1.8662;1.8651;1.8342;1.8277,6800;6850;6860;6780;6790,P;C;C;P;P,81,no_trade,in_position,0.0,,0.0,-1,227,6830.0,C,-0.2744201719760895,0.0004767477512359619,True,nan,nan,,0
2025-12-12,100,353950,6816.75,-0.33000001311302185,290,2.0166430473327637,2.140470027923584,0.12382698059082031,2.1405;2.1380;2.0016;1.9883;1.9719,6860;6850;6865;6870;6840,C;C;C;C;C,87,no_trade,in_position,0.0,,0.0,-1,231,6840.0,C,-0.2539980113506317,0.0005921125411987305,True,nan,nan,,0
2025-12-12,101,353951,6813.759765625,-0.33000001311302185,289,1.9423415660858154,2.1486990451812744,0.20635747909545898,2.1487;2.1206;2.0946;2.0482;2.0329,6850;6860;6840;6845;6865,C;C;C;C;C,94,no_trade,in_position,0.0,,0.0,-1,232,6840.0,P,-0.016428617760539055,4.4109299778938293e-05,True,nan,nan,,0
2025-12-12,102,353952,6819.64990234375,-0.33000001311302185,288,1.9878065586090088,1.9758517742156982,-0.011954784393310547,1.9759;1.9213;1.9106;1.9037;1.9000,6850;6860;6800;6845;6855,C;C;P;C;C,82,no_trade,in_position,0.0,,0.0,-1,214,6795.0,P,0.22757895290851593,0.008007526397705078,True,nan,nan,,0
2025-12-12,103,353953,6821.81005859375,-0.33000001311302185,287,1.9202193021774292,1.9849510192871094,0.06473171710968018,1.9850;1.8963;1.8380;1.8352;1.8349,6800;6790;6780;6810;6795,P;P;P;P;P,77,no_trade,in_position,0.0,,0.0,-1,214,6795.0,P,0.40369999408721924,0.03209999203681946,True,nan,nan,,0
2025-12-12,104,353954,6820.6298828125,-0.33000001311302185,286,1.8052772283554077,1.825805902481079,0.020528674125671387,1.8258;1.8217;1.7656;1.7654;1.7592,6850;6800;6805;6860;6810,C;P;P;C;P,85,no_trade,in_position,0.0,,0.0,-1,216,6800.0,P,0.47593221068382263,0.0035945475101470947,True,nan,nan,,0
2025-12-15,60,354300,6810.10009765625,-0.33000001311302185,330,2.5592262744903564,2.042173147201538,-0.5170531272888184,2.0422;2.0405;2.0372;2.0303;2.0040,6800;6825;6830;6840;6835,P;C;C;C;C,64,no_trade,gate,0.0,,0.0,-1,169,6850.0,C,0.31057146191596985,0.01131659746170044,True,nan,nan,,0
2025-12-15,61,354301,6816.5,-0.33000001311302185,329,2.5933897495269775,2.263099193572998,-0.3302905559539795,2.2631;2.2054;2.1985;2.1925;2.1789,6840;6845;6835;6850;6830,C;C;C;C;C,54,no_trade,gate,0.0,,0.0,-1,163,6835.0,C,0.21957142651081085,0.008298695087432861,True,nan,nan,,0
2025-12-15,62,354302,6815.4599609375,-0.33000001311302185,328,2.421165704727173,2.44477915763855,0.023613452911376953,2.4448;2.4359;2.3883;2.3694;2.3029,6840;6850;6845;6835;6830,C;C;C;C;C,60,trade,,6840.0,C,5.5,165,149,6800.0,C,0.30425703525543213,0.011485278606414795,True,0.19955227295469233,-0.1047047623007398,TAKE_PROFIT,13
2025-12-15,63,354303,6820.56005859375,-0.33000001311302185,327,2.4988625049591064,2.3065290451049805,-0.19233345985412598,2.3065;2.2152;2.2083;2.1853;2.1344,6850;6840;6845;6855;6860,C;C;C;C;C,57,no_trade,in_position,0.0,,0.0,-1,132,6755.0,P,0.3186206817626953,0.0363793671131134,True,nan,nan,,0
2025-12-15,64,354304,6818.52001953125,-0.33000001311302185,326,2.2028074264526367,2.130838394165039,-0.07196903228759766,2.1308;2.0968;2.0657;1.9752;1.9606,6850;6840;6845;6800;6855,C;C;C;P;C,57,no_trade,in_position,0.0,,0.0,-1,153,6810.0,C,0.4653039872646332,0.12634286284446716,True,nan,nan,,0
2025-12-15,65,354305,6819.3798828125,-0.33000001311302185,325,2.3827929496765137,2.069760322570801,-0.3130326271057129,2.0698;2.0049;1.9697;1.9568;1.8808,6850;6840;6845;6800;6835,C;C;C;P;C,55,no_trade,in_position,0.0,,0.0,-1,163,6835.0,C,0.46327584981918335,0.024132996797561646,True,nan,nan,,0
2025-12-15,66,354306,6811.72021484375,-0.33000001311302185,324,2.191617965698242,2.0201361179351807,-0.17148184776306152,2.0201;1.9854;1.9558;1.8979;1.8931,6800;6790;6795;6780;6810,P;P;P;P;P,59,no_trade,in_position,0.0,,0.0,-1,149,6800.0,C,0.22475185990333557,0.0374947190284729,True,nan,nan,,0
2025-12-15,67,354307,6819.0,-0.33000001311302185,323,2.3716650009155273,1.9859267473220825,-0.3857382535934448,1.9859;1.9339;1.8986;1.8529;1.8194,6850;6840;6845;6835;6800,C;C;C;C;P,57,no_trade,in_position,0.0,,0.0,-1,153,6810.0,C,-0.012677083723247051,0.0005527297034859657,True,nan,nan,,0
2025-12-15,68,354308,6817.18017578125,-0.33000001311302185,322,2.0117063522338867,1.940527081489563,-0.07117927074432373,1.9405;1.9325;1.8621;1.8361;1.8332,6850;6840;6845;6835;6800,C;C;C;C;P,54,no_trade,in_position,0.0,,0.0,-1,153,6810.0,C,0.6143841743469238,0.3788739740848541,True,nan,nan,,0
2025-12-15,69,354309,6814.0400390625,-0.33000001311302185,321,1.9241902828216553,1.9342482089996338,0.010057926177978516,1.9342;1.9303;1.8826;1.8807;1.8538,6840;6850;6845;6830;6835,C;C;C;C;C,58,no_trade,in_position,0.0,,0.0,-1,161,6830.0,C,0.6115999817848206,0.002245187759399414,True,nan,nan,,0
2025-12-15,70,354310,6810.7998046875,-0.33000001311302185,320,2.066988706588745,1.736875295639038,-0.33011341094970703,1.7369;1.7080;1.6809;1.6721;1.6389,6800;6780;6795;6790;6840,P;P;P;P;C,56,no_trade,in_position,0.0,,0.0,-1,149,6800.0,C,0.23474077880382538,0.039299607276916504,True,nan,nan,,0
2025-12-15,71,354311,6818.31982421875,-0.33000001311302185,319,2.3357346057891846,2.7675623893737793,0.4318277835845947,2.7676;2.7419;2.6898;2.6636;2.6618,6850;6840;6855;6835;6845,C;C;C;C;C,55,no_trade,in_position,0.0,,0.0,-1,149,6800.0,C,-0.01249056588858366,0.0001659998670220375,True,nan,nan,,0
2025-12-15,72,354312,6818.68994140625,-0.33000001311302185,318,1.8660221099853516,2.455704689025879,0.5896825790405273,2.4557;2.4548;2.4484;2.4400;2.3881,6835;6850;6840;6845;6830,C;C;C;C;C,58,no_trade,in_position,0.0,,0.0,-1,149,6800.0,C,0.4652119278907776,0.04995232820510864,True,nan,nan,,0
2025-12-15,73,354313,6820.419921875,-0.33000001311302185,317,2.1268436908721924,2.555952548980713,0.4291088581085205,2.5560;2.5398;2.4968;2.4519;2.4174,6850;6840;6845;6855;6835,C;C;C;C;C,54,no_trade,in_position,0.0,,0.0,-1,153,6810.0,C,0.2354799509048462,0.008894622325897217,True,nan,nan,,0
2025-12-15,74,354314,6827.2900390625,-0.33000001311302185,316,1.9538441896438599,2.453986406326294,0.5001422166824341,2.4540;2.4066;2.3950;2.3924;2.3392,6850;6845;6855;6840;6860,C;C;C;C;C,58,no_trade,in_position,0.0,,0.0,-1,148,6795.0,P,0.1998823583126068,0.03680543601512909,True,nan,nan,,0
2025-12-15,75,354315,6827.77978515625,-0.33000001311302185,315,2.0303571224212646,2.703195810317993,0.6728386878967285,2.7032;2.6762;2.6623;2.6524;2.5955,6850;6845;6840;6855;6860,C;C;C;C;C,60,no_trade,in_position,0.0,,0.0,-1,148,6795.0,P,0.5922480821609497,0.061414897441864014,True,nan,nan,,0
2025-12-15,76,354316,6828.97021484375,-0.33000001311302185,314,2.2020785808563232,2.4677131175994873,0.26563453674316406,2.4677;2.4332;2.3808;2.3153;2.2527,6850;6855;6860;6845;6840,C;C;C;C;C,56,no_trade,in_position,0.0,,0.0,-1,158,6820.0,P,0.37971431016921997,0.027571499347686768,True,nan,nan,,0
2025-12-15,77,354317,6826.4501953125,-0.33000001311302185,313,2.024087429046631,2.400024175643921,0.37593674659729004,2.4000;2.3651;2.3063;2.2996;2.2545,6850;6840;6855;6845;6860,C;C;C;C;C,53,trade,,6850.0,C,4.099999904632568,169,142,6780.0,P,0.40411514043807983,0.009699493646621704,True,-0.33575001668930055,-0.7398651571273804,STOP_LOSS,5
2025-12-15,78,354318,6825.18017578125,-0.33000001311302185,312,1.9333281517028809,2.8180301189422607,0.8847019672393799,2.8180;2.7840;2.7563;2.7252;2.7155,6850;6840;6845;6855;6835,C;C;C;C;C,53,no_trade,in_position,0.0,,0.0,-1,154,6810.0,P,0.4647933840751648,0.005884289741516113,True,nan,nan,,0
2025-12-15,79,354319,6830.080078125,-0.33000001311302185,311,1.900768756866455,2.7367539405822754,0.8359851837158203,2.7368;2.6553;2.6351;2.5529;2.5242,6850;6855;6860;6840;6845,C;C;C;C;C,49,no_trade,in_position,0.0,,0.0,-1,152,6805.0,P,0.45739999413490295,0.013773739337921143,True,nan,nan,,0
2025-12-15,80,354320,6829.18017578125,-0.33000001311302185,310,1.7930313348770142,2.356799602508545,0.5637682676315308,2.3568;2.2507;2.2483;2.2358;2.2225,6850;6855;6845;6860;6840,C;C;C;C;C,51,no_trade,in_position,0.0,,0.0,-1,154,6810.0,P,0.5018897652626038,0.006034791469573975,True,nan,nan,,0
2025-12-15,81,354321,6828.47021484375,-0.33000001311302185,309,1.8894566297531128,1.9838006496429443,0.09434401988983154,1.9838;1.9284;1.9097;1.8375;1.8316,6850;6855;6845;6840;6860,C;C;C;C;C,46,no_trade,in_position,0.0,,0.0,-1,162,6830.0,P,0.21085897088050842,0.011509746313095093,True,nan,nan,,0
2025-12-15,82,354322,6823.7900390625,-0.33000001311302185,308,1.821260929107666,2.2844018936157227,0.46314096450805664,2.2844;2.2675;2.2198;2.2078;2.1428,6840;6850;6845;6835;6830,C;C;C;C;C,52,no_trade,in_position,0.0,,0.0,-1,167,6845.0,C,0.8731505870819092,0.3921545743942261,True,nan,nan,,0
2025-12-15,83,354323,6817.330078125,-0.33000001311302185,307,2.019293785095215,2.589785575866699,0.5704917907714844,2.5898;2.5268;2.5158;2.5119;2.5019,6840;6835;6830;6850;6845,C;C;C;C;C,54,no_trade,in_position,0.0,,0.0,-1,153,6810.0,C,0.4036784768104553,0.052514851093292236,True,nan,nan,,0
2025-12-15,84,354324,6820.77978515625,-0.33000001311302185,306,2.1541054248809814,2.113027572631836,-0.04107785224914551,2.1130;1.9864;1.8889;1.8628;1.7955,6850;6840;6835;6830;6845,C;C;C;C;C,51,no_trade,cooldown,0.0,,0.0,-1,159,6825.0,C,0.44474998116493225,0.024515271186828613,True,nan,nan,,0
2025-12-15,85,354325,6822.18017578125,-0.33000001311302185,305,1.8162728548049927,2.128481149673462,0.31220829486846924,2.1285;2.0880;2.0247;2.0081;1.9674,6850;6840;6845;6835;6855,C;C;C;C;C,47,no_trade,cooldown,0.0,,0.0,-1,169,6850.0,C,0.6782757639884949,0.002561509609222412,True,nan,nan,,0
2025-12-15,86,354326,6819.240234375,-0.33000001311302185,304,1.6881039142608643,2.1893253326416016,0.5012214183807373,2.1893;2.1812;2.1735;2.1623;2.0057,6835;6850;6845;6840;6830,C;C;C;C;C,52,trade,,6835.0,C,6.699999809265137,163,167,6845.0,C,0.5866667032241821,0.006666719913482666,True,0.04671875049592939,-0.5399479527282527,TRAILING_STOP,15
2025-12-15,87,354327,6818.1201171875,-0.33000001311302185,303,1.952956199645996,2.1201162338256836,0.1671600341796875,2.1201;2.0360;2.0103;1.9580;1.9056,6840;6850;6830;6845;6835,C;C;C;C;C,49,no_trade,in_position,0.0,,0.0,-1,157,6820.0,C,0.500933825969696,0.004998296499252319,True,nan,nan,,0
2025-12-15,88,354328,6818.14013671875,-0.33000001311302185,302,1.9421393871307373,2.3820271492004395,0.43988776206970215,2.3820;2.3729;2.3518;2.2050;2.1766,6850;6845;6840;6830;6835,C;C;C;C;C,45,no_trade,in_position,0.0,,0.0,-1,149,6800.0,C,0.40489163994789124,0.02870112657546997,True,nan,nan,,0
2025-12-15,89,354329,6820.68017578125,-0.33000001311302185,301,1.7779173851013184,2.1403183937072754,0.36240100860595703,2.1403;2.1208;2.0436;2.0085;2.0074,6840;6850;6830;6845;6835,C;C;C;C;C,45,no_trade,in_position,0.0,,0.0,-1,153,6810.0,C,0.5805907249450684,0.002624690532684326,True,nan,nan,,0
2025-12-15,90,354330,6819.6201171875,-0.33000001311302185,300,1.7143726348876953,2.0638809204101562,0.34950828552246094,2.0639;2.0183;1.9831;1.9243;1.9152,6840;6830;6850;6835;6845,C;C;C;C;C,50,no_trade,in_position,0.0,,0.0,-1,153,6810.0,C,0.5521621108055115,0.005848407745361328,True,nan,nan,,0
2025-12-15,91,354331,6818.43994140625,-0.33000001311302185,299,1.9005467891693115,1.7927886247634888,-0.10775816440582275,1.7928;1.7652;1.7134;1.7103;1.5804,6840;6850;6845;6800;6790,C;C;C;P;P,44,no_trade,in_position,0.0,,0.0,-1,155,6815.0,C,0.44092032313346863,0.06248396635055542,True,nan,nan,,0
2025-12-15,92,354332,6820.89013671875,-0.33000001311302185,298,1.8314741849899292,2.173565149307251,0.3420909643173218,2.1736;2.0748;2.0505;1.9090;1.7339,6850;6840;6845;6855;6835,C;C;C;C;C,43,no_trade,in_position,0.0,,0.0,-1,169,6850.0,C,0.7966666221618652,0.023046016693115234,True,nan,nan,,0
2025-12-15,93,354333,6817.64013671875,-0.33000001311302185,297,1.5006697177886963,1.891160011291504,0.3904902935028076,1.8912;1.8450;1.8328;1.8168;1.7540,6835;6840;6850;6845;6830,C;C;C;C;C,50,no_trade,in_position,0.0,,0.0,-1,149,6800.0,C,0.4705965220928192,0.09697872400283813,True,nan,nan,,0
2025-12-15,94,354334,6819.580078125,-0.33000001311302185,296,1.8328094482421875,2.182279348373413,0.3494699001312256,2.1823;2.1503;2.1336;2.0847;1.9897,6850;6845;6840;6835;6855,C;C;C;C;C,52,no_trade,in_position,0.0,,0.0,-1,155,6815.0,C,0.496086984872818,0.004076600074768066,True,nan,nan,,0
2025-12-15,95,354335,6820.18017578125,-0.33000001311302185,295,1.6960318088531494,2.9236273765563965,1.227595567703247,2.9236;2.8929;2.8594;2.8514;2.8429,6840;6835;6830;6850;6845,C;C;C;C;C,55,no_trade,in_position,0.0,,0.0,-1,153,6810.0,C,0.40607893466949463,0.006558477878570557,True,nan,nan,,0
2025-12-15,96,354336,6822.97998046875,-0.33000001311302185,294,1.894080638885498,2.763131856918335,0.8690512180328369,2.7631;2.7010;2.6454;2.6144;2.4631,6850;6845;6840;6855;6860,C;C;C;C;C,47,no_trade,in_position,0.0,,0.0,-1,163,6835.0,C,0.37962499260902405,0.011394232511520386,True,nan,nan,,0
2025-12-15,97,354337,6825.35986328125,-0.33000001311302185,293,1.6622693538665771,2.473541736602783,0.811272382736206,2.4735;2.3958;2.3683;2.3170;2.1606,6850;6855;6840;6845;6860,C;C;C;C;C,45,no_trade,in_position,0.0,,0.0,-1,169,6850.0,C,0.6679309606552124,0.028960347175598145,True,nan,nan,,0
2025-12-15,98,354338,6823.25,-0.33000001311302185,292,1.5780848264694214,2.4186201095581055,0.8405352830886841,2.4186;2.3953;2.3766;2.2968;2.2631,6840;6835;6850;6845;6830,C;C;C;C;C,48,no_trade,in_position,0.0,,0.0,-1,157,6820.0,C,0.30644577741622925,0.019073545932769775,True,nan,nan,,0
2025-12-15,99,354339,6826.52001953125,-0.33000001311302185,291,1.7137727737426758,2.5544166564941406,0.8406438827514648,2.5544;2.4247;2.4081;2.3999;2.2282,6850;6845;6840;6855;6835,C;C;C;C;C,44,no_trade,in_position,0.0,,0.0,-1,167,6845.0,C,0.6511110067367554,0.41895824670791626,True,nan,nan,,0
2025-12-15,100,354340,6823.22998046875,-0.33000001311302185,290,1.5079891681671143,2.521249532699585,1.0132603645324707,2.5212;2.4647;2.4622;2.4253;2.3556,6840;6835;6845;6850;6830,C;C;C;C;C,46,no_trade,in_position,0.0,,0.0,-1,159,6825.0,C,0.5074999928474426,0.009810924530029297,True,nan,nan,,0
2025-12-15,101,354341,6822.7998046875,-0.33000001311302185,289,1.660157561302185,2.1010117530822754,0.44085419178009033,2.1010;2.0791;2.0538;2.0016;1.8968,6840;6850;6845;6835;6855,C;C;C;C;C,43,no_trade,in_position,0.0,,0.0,-1,169,6850.0,C,0.7722448706626892,0.014396846294403076,True,nan,nan,,0
2025-12-15,102,354342,6819.169921875,-0.33000001311302185,288,1.4351226091384888,1.8422356843948364,0.40711307525634766,1.8422;1.8011;1.7828;1.6825;1.6691,6840;6830;6850;6845;6835,C;C;C;C;C,47,no_trade,in_position,0.0,,0.0,-1,153,6810.0,C,0.46001413464546204,0.02889382839202881,True,nan,nan,,0
2025-12-15,103,354343,6821.22021484375,-0.33000001311302185,287,1.626631498336792,2.1319684982299805,0.5053369998931885,2.1320;2.0808;2.0707;2.0346;2.0321,6840;6850;6845;6835;6830,C;C;C;C;C,47,trade,,6840.0,C,4.900000095367432,165,171,6855.0,C,0.5622223019599915,0.003657698631286621,True,0.48687497071921937,-0.07534733124077209,TAKE_PROFIT,2
2025-12-15,104,354344,6820.2099609375,-0.33000001311302185,286,1.3015083074569702,1.8764503002166748,0.5749419927597046,1.8765;1.7884;1.7604;1.7495;1.7336,6840;6830;6845;6835;6850,C;C;C;C;C,42,no_trade,in_position,0.0,,0.0,-1,149,6800.0,C,0.15878081321716309,0.004630029201507568,True,nan,nan,,0
2025-12-16,60,354690,6786.83984375,-0.33000001311302185,330,1.8796981573104858,2.45099139213562,0.5712932348251343,2.4510;2.4161;2.3961;2.3945;2.3922,6810;6820;6805;6800;6815,C;C;C;C;C,60,trade,,6810.0,C,6.800000190734863,167,158,6785.0,P,0.2327110320329666,0.005614250898361206,True,-0.025058823529411765,-0.25776985556237836,TRAILING_STOP,26
2025-12-16,61,354691,6793.4599609375,-0.33000001311302185,329,1.8543031215667725,2.4610676765441895,0.606764554977417,2.4611;2.4220;2.3685;2.3463;2.3084,6820;6815;6825;6810;6830,C;C;C;C;C,53,no_trade,in_position,0.0,,0.0,-1,144,6750.0,P,0.6045945286750793,0.022446811199188232,True,nan,nan,,0
2025-12-16,62,354692,6794.8701171875,-0.33000001311302185,328,1.731250524520874,2.0611379146575928,0.32988739013671875,2.0611;1.9945;1.9845;1.9305;1.8871,6820;6815;6825;6830;6770,C;C;C;C;P,60,no_trade,in_position,0.0,,0.0,-1,160,6790.0,P,0.28043752908706665,0.0007972121238708496,True,nan,nan,,0
2025-12-16,63,354693,6790.43994140625,-0.33000001311302185,327,1.6352992057800293,2.1691067218780518,0.5338075160980225,2.1691;2.0845;2.0809;2.0788;2.0352,6820;6815;6810;6825;6830,C;C;C;C;C,62,no_trade,in_position,0.0,,0.0,-1,138,6735.0,P,0.4290564954280853,0.24552708864212036,True,nan,nan,,0
2025-12-16,64,354694,6790.240234375,-0.33000001311302185,326,1.804084062576294,2.181889057159424,0.3778049945831299,2.1819;2.1640;2.1286;2.0863;2.0646,6820;6825;6810;6815;6830,C;C;C;C;C,54,no_trade,in_position,0.0,,0.0,-1,132,6720.0,P,0.41928571462631226,0.0653967559337616,True,nan,nan,,0
2025-12-16,65,354695,6791.18994140625,-0.33000001311302185,325,1.6262028217315674,2.3317158222198486,0.7055130004882812,2.3317;2.2772;2.2683;2.2544;2.1735,6820;6825;6810;6815;6830,C;C;C;C;C,54,no_trade,in_position,0.0,,0.0,-1,157,6785.0,C,0.23643311858177185,0.19064365327358246,True,nan,nan,,0
2025-12-16,66,354696,6784.4599609375,-0.33000001311302185,324,1.6237999200820923,1.9372787475585938,0.31347882747650146,1.9373;1.9306;1.8882;1.8643;1.8269,6750;6760;6740;6770;6765,P;P;P;P;P,56,no_trade,in_position,0.0,,0.0,-1,157,6785.0,C,0.44055548310279846,0.017789512872695923,True,nan,nan,,0
2025-12-16,67,354697,6784.39990234375,-0.33000001311302185,323,1.7995091676712036,2.202075481414795,0.4025663137435913,2.2021;2.1664;2.1226;2.1187;2.0210,6820;6810;6825;6815;6800,C;C;C;C;C,55,no_trade,in_position,0.0,,0.0,-1,155,6780.0,C,0.23725713789463043,0.0016490370035171509,True,nan,nan,,0
2025-12-16,68,354698,6781.2998046875,-0.33000001311302185,322,1.8050554990768433,2.248537540435791,0.44348204135894775,2.2485;2.1943;2.1759;2.1727;2.1722,6820;6815;6825;6810;6800,C;C;C;C;C,63,no_trade,in_position,0.0,,0.0,-1,155,6780.0,C,0.25177890062332153,0.004295513033866882,True,nan,nan,,0
2025-12-16,69,354699,6786.91015625,-0.33000001311302185,321,2.0102195739746094,2.5214476585388184,0.511228084564209,2.5214;2.3955;2.3920;2.3907;2.2885,6820;6810;6815;6825;6830,C;C;C;C;C,59,no_trade,in_position,0.0,,0.0,-1,155,6780.0,C,0.23728571832180023,0.0011168867349624634,True,nan,nan,,0
2025-12-16,70,354700,6782.81005859375,-0.33000001311302185,320,1.6607240438461304,2.095863103866577,0.4351390600204468,2.0959;2.0894;2.0696;2.0284;2.0127,6800;6815;6810;6820;6805,C;C;C;C;C,56,no_trade,in_position,0.0,,0.0,-1,163,6800.0,C,0.6233750581741333,0.07026028633117676,True,nan,nan,,0
2025-12-16,71,354701,6781.259765625,-0.33000001311302185,319,1.8662135601043701,2.4924821853637695,0.6262686252593994,2.4925;2.4610;2.4443;2.3660;2.3435,6820;6800;6810;6825;6815,C;C;C;C;C,53,no_trade,in_position,0.0,,0.0,-1,155,6780.0,C,0.43830373883247375,0.010582417249679565,True,nan,nan,,0
2025-12-16,72,354702,6782.97998046875,-0.33000001311302185,318,1.8340561389923096,2.369051456451416,0.5349953174591064,2.3691;2.3446;2.2182;2.2142;2.1525,6810;6820;6800;6815;6825,C;C;C;C;C,54,no_trade,in_position,0.0,,0.0,-1,173,6825.0,C,0.49677416682243347,0.04341050982475281,True,nan,nan,,0
2025-12-16,73,354703,6784.22998046875,-0.33000001311302185,317,1.7914763689041138,2.3902945518493652,0.5988181829452515,2.3903;2.3840;2.3809;2.3034;2.2602,6820;6800;6810;6805;6815,C;C;C;C;C,56,no_trade,in_position,0.0,,0.0,-1,157,6785.0,C,0.2732447683811188,0.0036220550537109375,True,nan,nan,,0
2025-12-16,74,354704,6790.08984375,-0.33000001311302185,316,1.6871695518493652,2.258530855178833,0.5713613033294678,2.2585;2.2138;2.1405;2.1148;2.1029,6820;6815;6825;6810;6830,C;C;C;C;C,54,no_trade,in_position,0.0,,0.0,-1,160,6790.0,P,-0.016015037894248962,0.005500113591551781,True,nan,nan,,0
2025-12-16,75,354705,6793.97998046875,-0.33000001311302185,315,1.7221814393997192,2.2697935104370117,0.5476120710372925,2.2698;2.2298;2.2196;2.2092;2.1881,6820;6815;6825;6810;6830,C;C;C;C;C,60,no_trade,in_position,0.0,,0.0,-1,142,6745.0,P,0.20653845369815826,0.0038717836141586304,True,nan,nan,,0
2025-12-16,76,354706,6796.919921875,-0.33000001311302185,314,1.9038530588150024,2.2881319522857666,0.38427889347076416,2.2881;2.2533;2.1760;2.1745;2.0955,6820;6825;6815;6830;6835,C;C;C;C;C,52,no_trade,in_position,0.0,,0.0,-1,148,6760.0,P,0.39085111021995544,0.027268648147583008,True,nan,nan,,0
2025-12-16,77,354707,6795.35986328125,-0.33000001311302185,313,1.6253727674484253,2.2226593494415283,0.597286581993103,2.2227;2.1591;2.1264;2.1200;2.0398,6820;6810;6825;6815;6830,C;C;C;C;C,58,no_trade,in_position,0.0,,0.0,-1,166,6805.0,P,-0.012666666880249977,0.00010714307427406311,True,nan,nan,,0
2025-12-16,78,354708,6795.259765625,-0.33000001311302185,312,1.6681125164031982,2.2094717025756836,0.5413591861724854,2.2095;2.1714;2.1362;2.0911;2.0889,6820;6830;6815;6825;6810,C;C;C;C;C,49,no_trade,in_position,0.0,,0.0,-1,154,6775.0,P,0.43743905425071716,0.006853967905044556,True,nan,nan,,0
2025-12-16,79,354709,6793.52001953125,-0.33000001311302185,311,1.3635231256484985,2.0985612869262695,0.735038161277771,2.0986;2.0335;1.9975;1.9725;1.9673,6820;6810;6825;6815;6830,C;C;C;C;C,52,no_trade,in_position,0.0,,0.0,-1,173,6825.0,C,0.454800009727478,0.015227824449539185,True,nan,nan,,0
2025-12-16,80,354710,6786.0498046875,-0.33000001311302185,310,1.4383853673934937,1.8426554203033447,0.4042700529098511,1.8427;1.6938;1.6833;1.6567;1.5693,6820;6750;6815;6810;6825,C;P;C;C;C,50,no_trade,in_position,0.0,,0.0,-1,179,6840.0,C,0.392380952835083,0.030751734972000122,True,nan,nan,,0
2025-12-16,81,354711,6789.169921875,-0.33000001311302185,309,1.8024840354919434,2.6636927127838135,0.8612086772918701,2.6637;2.5855;2.5012;2.4516;2.4487,6820;6815;6825;6800;6830,C;C;C;C;C,54,no_trade,in_position,0.0,,0.0,-1,175,6830.0,C,0.29666668176651,0.018245577812194824,True,nan,nan,,0
2025-12-16,82,354712,6793.72998046875,-0.33000001311302185,308,1.7047029733657837,2.6289446353912354,0.9242416620254517,2.6289;2.5196;2.4759;2.4749;2.4658,6820;6815;6825;6810;6830,C;C;C;C;C,55,no_trade,in_position,0.0,,0.0,-1,166,6805.0,P,0.6846816539764404,0.06500720977783203,True,nan,nan,,0
2025-12-16,83,354713,6796.0400390625,-0.33000001311302185,307,1.531432867050171,2.100592613220215,0.569159746170044,2.1006;1.9824;1.9075;1.8607;1.8387,6820;6825;6810;6815;6830,C;C;C;C;C,52,no_trade,in_position,0.0,,0.0,-1,150,6765.0,P,0.6819565892219543,0.020802855491638184,True,nan,nan,,0
2025-12-16,84,354714,6798.91015625,-0.33000001311302185,306,1.4989944696426392,2.5031352043151855,1.0041407346725464,2.5031;2.4589;2.4156;2.3763;2.3720,6820;6825;6815;6830;6810,C;C;C;C;C,57,no_trade,in_position,0.0,,0.0,-1,144,6750.0,P,0.6611815690994263,0.017335355281829834,True,nan,nan,,0
2025-12-16,85,354715,6801.31982421875,-0.33000001311302185,305,1.730811595916748,2.444384813308716,0.7135732173919678,2.4444;2.4227;2.3923;2.3774;2.3269,6820;6825;6815;6830;6810,C;C;C;C;C,54,no_trade,in_position,0.0,,0.0,-1,166,6805.0,P,0.4822770059108734,0.0031593739986419678,True,nan,nan,,0
2025-12-16,86,354716,6800.43994140625,-0.33000001311302185,304,1.7596774101257324,2.4357028007507324,0.676025390625,2.4357;2.4081;2.3667;2.3258;2.2515,6820;6825;6830;6815;6810,C;C;C;C;C,52,no_trade,in_position,0.0,,0.0,-1,164,6800.0,P,0.2574775516986847,0.007197707891464233,True,nan,nan,,0
2025-12-16,87,354717,6796.27978515625,-0.33000001311302185,303,1.6361477375030518,1.9421623945236206,0.30601465702056885,1.9422;1.8781;1.8335;1.8323;1.7651,6820;6750;6760;6770;6825,C;P;P;P;C,52,no_trade,in_position,0.0,,0.0,-1,154,6775.0,P,0.6949999928474426,0.03952836990356445,True,nan,nan,,0
2025-12-16,88,354718,6797.5498046875,-0.33000001311302185,302,1.4449902772903442,2.194288969039917,0.7492986917495728,2.1943;2.1047;2.0677;2.0599;1.9714,6820;6825;6830;6815;6810,C;C;C;C;C,51,trade,,6820.0,C,5.199999809265137,171,156,6780.0,P,0.6557533144950867,0.027133822441101074,True,-0.35943926587397623,-1.015192580369063,STOP_LOSS,8
2025-12-16,89,354719,6799.4599609375,-0.33000001311302185,301,1.531254768371582,1.8650723695755005,0.33381760120391846,1.8651;1.8157;1.7834;1.7324;1.6540,6820;6825;6830;6815;6770,C;C;C;C;P,47,no_trade,in_position,0.0,,0.0,-1,154,6775.0,P,0.5645000338554382,0.012512564659118652,True,nan,nan,,0
2025-12-16,90,354720,6800.08984375,-0.33000001311302185,300,1.298112154006958,2.143038749694824,0.8449265956878662,2.1430;2.0728;2.0380;2.0254;2.0076,6820;6825;6815;6830;6810,C;C;C;C;C,50,no_trade,in_position,0.0,,0.0,-1,164,6800.0,P,0.45758411288261414,0.021136701107025146,True,nan,nan,,0
2025-12-16,91,354721,6798.72021484375,-0.33000001311302185,299,1.443540096282959,2.058797836303711,0.615257740020752,2.0588;1.9723;1.9451;1.9152;1.9026,6820;6830;6825;6810;6815,C;C;C;C;C,50,no_trade,in_position,0.0,,0.0,-1,152,6770.0,P,0.5464706420898438,0.016470611095428467,True,nan,nan,,0
2025-12-16,92,354722,6799.18994140625,-0.33000001311302185,298,1.249971628189087,2.076223850250244,0.8262522220611572,2.0762;1.9211;1.9119;1.9063;1.7531,6820;6825;6815;6830;6810,C;C;C;C;C,45,no_trade,in_position,0.0,,0.0,-1,160,6790.0,P,0.5862886309623718,0.033431410789489746,True,nan,nan,,0
2025-12-16,93,354723,6799.169921875,-0.33000001311302185,297,1.1815775632858276,2.2735447883605957,1.091967225074768,2.2735;2.1428;2.1017;2.0964;2.0536,6820;6815;6830;6810;6825,C;C;C;C;C,46,no_trade,in_position,0.0,,0.0,-1,144,6750.0,P,0.3724527955055237,0.0005124509334564209,True,nan,nan,,0
2025-12-16,94,354724,6796.22998046875,-0.33000001311302185,296,1.0636937618255615,2.0790486335754395,1.015354871749878,2.0790;2.0685;2.0402;1.9846;1.9315,6820;6810;6815;6825;6830,C;C;C;C;C,49,no_trade,in_position,0.0,,0.0,-1,156,6780.0,P,0.5296250581741333,0.02046722173690796,True,nan,nan,,0
2025-12-16,95,354725,6796.06005859375,-0.33000001311302185,295,1.3548239469528198,2.434936285018921,1.080112338066101,2.4349;2.3996;2.3722;2.3001;2.2860,6820;6810;6815;6825;6805,C;C;C;C;C,54,no_trade,in_position,0.0,,0.0,-1,148,6760.0,P,0.6075000166893005,0.0012382268905639648,True,nan,nan,,0
2025-12-16,96,354726,6796.68994140625,-0.33000001311302185,294,1.445838212966919,2.1740562915802,0.7282180786132812,2.1741;2.0553;2.0317;1.9857;1.8515,6820;6825;6815;6810;6830,C;C;C;C;C,45,no_trade,in_position,0.0,,0.0,-1,164,6800.0,P,0.1985347419977188,0.02724170684814453,True,nan,nan,,0
2025-12-16,97,354727,6790.35986328125,-0.33000001311302185,293,1.157244086265564,1.9801135063171387,0.8228694200515747,1.9801;1.9630;1.9543;1.9211;1.9088,6810;6800;6805;6820;6815,C;C;C;C;C,55,no_trade,in_position,0.0,,0.0,-1,156,6780.0,P,0.6096667051315308,0.06992149353027344,True,nan,nan,,0
2025-12-16,98,354728,6792.02978515625,-0.33000001311302185,292,1.6313503980636597,2.2109458446502686,0.5795954465866089,2.2109;2.1630;2.1341;2.1015;2.0992,6810;6815;6820;6800;6805,C;C;C;C;C,50,no_trade,cooldown,0.0,,0.0,-1,164,6800.0,P,0.4725273847579956,0.0048001110553741455,True,nan,nan,,0
2025-12-16,99,354729,6791.10009765625,-0.33000001311302185,291,1.5103493928909302,2.159943103790283,0.649593710899353,2.1599;2.1382;2.0843;2.0230;1.9374,6810;6820;6815;6800;6795,C;C;C;C;C,51,no_trade,cooldown,0.0,,0.0,-1,146,6755.0,P,0.6358822584152222,0.013482213020324707,True,nan,nan,,0
2025-12-16,100,354730,6792.02978515625,-0.33000001311302185,290,1.6632297039031982,2.054379463195801,0.39114975929260254,2.0544;2.0319;2.0309;1.9802;1.9610,6820;6815;6810;6805;6800,C;C;C;C;C,52,trade,,6820.0,C,3.4000000953674316,171,160,6790.0,P,0.3347857594490051,0.010671645402908325,True,-0.2289115569268139,-0.563697316375819,STOP_LOSS,4
2025-12-16,101,354731,6788.56982421875,-0.33000001311302185,289,1.2566452026367188,1.808266043663025,0.5516208410263062,1.8083;1.7861;1.7767;1.7464;1.7413,6775;6770;6780;6790;6760,P;P;P;P;P,51,no_trade,in_position,0.0,,0.0,-1,160,6790.0,P,0.28951606154441833,0.08057981729507446,True,nan,nan,,0
2025-12-16,102,354732,6786.18994140625,-0.33000001311302185,288,1.706302523612976,2.0504496097564697,0.34414708614349365,2.0504;2.0243;1.9799;1.9583;1.9134,6800;6810;6805;6815;6820,C;C;C;C;C,50,no_trade,in_position,0.0,,0.0,-1,164,6800.0,P,-0.01665922999382019,0.0006578434258699417,True,nan,nan,,0
2025-12-16,103,354733,6788.5498046875,-0.33000001311302185,287,1.5879175662994385,2.1284115314483643,0.5404939651489258,2.1284;2.1220;2.0837;2.0810;2.0251,6810;6800;6805;6815;6820,C;C;C;C;C,57,no_trade,in_position,0.0,,0.0,-1,160,6790.0,P,-0.013831169344484806,0.002787877805531025,True,nan,nan,,0
2025-12-16,104,354734,6786.7099609375,-0.33000001311302185,286,1.6279007196426392,1.88736093044281,0.2594602108001709,1.8874;1.8188;1.7454;1.7182;1.6693,6800;6810;6805;6760;6770,C;C;C;P;P,46,no_trade,in_position,0.0,,0.0,-1,160,6790.0,P,-0.01715189777314663,0.24153971672058105,True,nan,nan,,0
2025-12-17,60,355080,6797.39013671875,-0.33000001311302185,330,1.7642678022384644,2.2927770614624023,0.528509259223938,2.2928;2.2382;2.1854;2.1197;2.0548,6815;6820;6825;6830;6810,C;C;C;C;C,54,trade,,6815.0,C,7.599999904632568,165,130,6725.0,P,0.46833327412605286,0.04976192116737366,True,-0.2400297481114729,-0.7083630222375258,STOP_LOSS,3
2025-12-17,61,355081,6795.830078125,-0.33000001311302185,329,1.2292805910110474,1.9297840595245361,0.7005034685134888,1.9298;1.9084;1.7789;1.7629;1.7484,6775;6770;6760;6750;6780,P;P;P;P;P,49,no_trade,in_position,0.0,,0.0,-1,126,6715.0,P,0.33563220500946045,0.04901924729347229,True,nan,nan,,0
2025-12-17,62,355082,6792.39013671875,-0.33000001311302185,328,1.371098518371582,1.8093637228012085,0.43826520442962646,1.8094;1.7922;1.7635;1.6781;1.6500,6770;6750;6760;6740;6755,P;P;P;P;P,50,no_trade,in_position,0.0,,0.0,-1,146,6765.0,P,0.48967209458351135,0.005241066217422485,True,nan,nan,,0
2025-12-17,63,355083,6792.14990234375,-0.33000001311302185,327,1.1986644268035889,1.9502474069595337,0.7515829801559448,1.9502;1.8577;1.8467;1.8271;1.8213,6760;6770;6750;6755;6740,P;P;P;P;P,54,no_trade,in_position,0.0,,0.0,-1,130,6725.0,P,0.28193551301956177,0.012580633163452148,True,nan,nan,,0
2025-12-17,64,355084,6788.52978515625,-0.33000001311302185,326,1.4717857837677002,1.9086837768554688,0.43689799308776855,1.9087;1.9037;1.8500;1.8175;1.7955,6750;6760;6770;6765;6740,P;P;P;P;P,55,no_trade,in_position,0.0,,0.0,-1,146,6765.0,P,0.15451613068580627,0.0011524409055709839,True,nan,nan,,0
2025-12-17,65,355085,6782.0400390625,-0.33000001311302185,325,1.961517333984375,2.2487573623657227,0.28724002838134766,2.2488;2.2174;2.2084;2.1878;2.1827,6810;6800;6815;6805;6820,C;C;C;C;C,65,no_trade,cooldown,0.0,,0.0,-1,140,6750.0,P,0.4883333146572113,0.007696956396102905,True,nan,nan,,0
2025-12-17,66,355086,6780.9501953125,-0.33000001311302185,324,1.90997314453125,2.119955539703369,0.20998239517211914,2.1200;2.0922;2.0809;2.0785;2.0617,6810;6750;6760;6800;6805,C;P;P;C;C,65,no_trade,cooldown,0.0,,0.0,-1,148,6770.0,P,0.5511428713798523,0.010915696620941162,True,nan,nan,,0
2025-12-17,67,355087,6783.1298828125,-0.33000001311302185,323,1.966865062713623,2.2765328884124756,0.30966782569885254,2.2765;2.2747;2.2065;2.2018;2.1907,6810;6815;6805;6820;6800,C;C;C;C;C,55,trade,,6810.0,C,5.699999809265137,163,142,6755.0,P,0.29116886854171753,0.047002166509628296,True,-0.16066669633653435,-0.4518355648782519,STOP_LOSS,4
2025-12-17,68,355088,6778.27978515625,-0.33000001311302185,322,2.0794405937194824,2.1078927516937256,0.028452157974243164,2.1079;2.0278;2.0250;2.0204;2.0048,6750;6800;6740;6745;6810,P;C;P;P;C,64,no_trade,in_position,0.0,,0.0,-1,146,6765.0,P,0.5225714445114136,0.004522562026977539,True,nan,nan,,0
2025-12-17,69,355089,6778.06005859375,-0.33000001311302185,321,2.1901614665985107,2.598576307296753,0.4084148406982422,2.5986;2.5541;2.5411;2.4396;2.4046,6810;6800;6815;6820;6805,C;C;C;C;C,60,no_trade,in_position,0.0,,0.0,-1,114,6685.0,P,0.5740000605583191,0.01757138967514038,True,nan,nan,,0
2025-12-17,70,355090,6778.68994140625,-0.33000001311302185,320,2.208716869354248,2.4440605640411377,0.23534369468688965,2.4441;2.4294;2.3766;2.3473;2.3312,6810;6800;6815;6805;6820,C;C;C;C;C,59,no_trade,in_position,0.0,,0.0,-1,144,6760.0,P,0.3104945123195648,0.0026268959045410156,True,nan,nan,,0
2025-12-17,71,355091,6775.1298828125,-0.33000001311302185,319,2.1375155448913574,2.1156258583068848,-0.021889686584472656,2.1156;2.0752;2.0618;2.0012;1.9923,6750;6760;6745;6740;6755,P;P;P;P;P,61,no_trade,in_position,0.0,,0.0,-1,126,6715.0,P,0.44744187593460083,0.05959653854370117,True,nan,nan,,0
2025-12-17,72,355092,6772.06982421875,-0.33000001311302185,318,2.177330493927002,2.228954792022705,0.051624298095703125,2.2290;2.1051;2.1004;2.0283;2.0147,6800;6805;6810;6815;6750,C;C;C;C;P,61,no_trade,in_position,0.0,,0.0,-1,144,6760.0,P,0.33500000834465027,0.0059092044830322266,True,nan,nan,,0
2025-12-17,73,355093,6769.60009765625,-0.33000001311302185,317,2.184166431427002,2.425100564956665,0.24093413352966309,2.4251;2.2824;2.2764;2.2760;2.2347,6800;6810;6795;6805;6790,C;C;C;C;C,66,no_trade,cooldown,0.0,,0.0,-1,148,6770.0,P,0.4521765112876892,0.013274341821670532,True,nan,nan,,0
2025-12-17,74,355094,6768.72021484375,-0.33000001311302185,316,2.25860333442688,2.452863931655884,0.1942605972290039,2.4529;2.3655;2.3573;2.2741;2.2699,6800;6805;6795;6810;6790,C;C;C;C;C,66,no_trade,cooldown,0.0,,0.0,-1,148,6770.0,P,0.27712127566337585,0.015967488288879395,True,nan,nan,,0
2025-12-17,75,355095,6764.1201171875,-0.33000001311302185,315,2.220019817352295,2.208735227584839,-0.011284589767456055,2.2087;2.2049;2.1903;2.1798;2.1752,6740;6750;6745;6735;6730,P;P;P;P;P,73,no_trade,gate,0.0,,0.0,-1,140,6750.0,P,0.5223583579063416,0.00594329833984375,True,nan,nan,,0
2025-12-17,76,355096,6764.4501953125,-0.33000001311302185,314,2.2473978996276855,2.353132963180542,0.10573506355285645,2.3531;2.1344;2.1305;2.0962;1.9667,6800;6805;6780;6790;6785,C;C;C;C;C,65,trade,,6800.0,C,5.199999809265137,159,126,6715.0,P,0.6837735176086426,0.03334248065948486,True,-0.35339627487627884,-1.0371697924849215,STOP_LOSS,5
2025-12-17,77,355097,6766.43994140625,-0.33000001311302185,313,2.2986273765563965,2.3224587440490723,0.02383136749267578,2.3225;2.1896;2.1755;2.1133;2.0901,6800;6790;6795;6810;6805,C;C;C;C;C,63,no_trade,in_position,0.0,,0.0,-1,138,6745.0,P,0.8768181204795837,0.016498863697052002,True,nan,nan,,0
2025-12-17,78,355098,6771.759765625,-0.33000001311302185,312,2.1074607372283936,2.123931884765625,0.016471147537231445,2.1239;2.0181;2.0170;1.9826;1.9714,6800;6805;6810;6795;6790,C;C;C;C;C,66,no_trade,in_position,0.0,,0.0,-1,148,6770.0,P,0.3242352604866028,0.02029159665107727,True,nan,nan,,0
2025-12-17,79,355099,6768.47021484375,-0.33000001311302185,311,2.0370256900787354,1.92784583568573,-0.10917985439300537,1.9278;1.8847;1.8723;1.8055;1.7928,6740;6750;6730;6735;6800,P;P;P;P;C,56,no_trade,in_position,0.0,,0.0,-1,144,6760.0,P,0.327762246131897,0.007292240858078003,True,nan,nan,,0
2025-12-17,80,355100,6764.56005859375,-0.33000001311302185,310,2.248342275619507,1.9736392498016357,-0.2747030258178711,1.9736;1.9646;1.8997;1.8286;1.8267,6750;6730;6740;6800;6725,P;P;P;C;P,57,no_trade,in_position,0.0,,0.0,-1,124,6710.0,P,0.5273468494415283,0.01757955551147461,True,nan,nan,,0
2025-12-17,81,355101,6764.7099609375,-0.33000001311302185,309,2.211760997772217,2.204747200012207,-0.007013797760009766,2.2047;2.1384;2.0748;2.0269;2.0190,6750;6740;6745;6730;6760,P;P;P;P;P,60,no_trade,in_position,0.0,,0.0,-1,148,6770.0,P,0.07630112767219543,0.057227928191423416,True,nan,nan,,0
2025-12-17,82,355102,6754.06005859375,-0.33000001311302185,308,2.1580638885498047,2.07415771484375,-0.08390617370605469,2.0742;2.0489;2.0488;2.0158;2.0155,6730;6740;6735;6725;6750,P;P;P;P;P,77,no_trade,in_position,0.0,,0.0,-1,148,6770.0,P,-0.016507811844348907,0.2648048996925354,True,nan,nan,,0
2025-12-17,83,355103,6754.58984375,-0.33000001311302185,307,2.2686376571655273,2.2301993370056152,-0.03843832015991211,2.2302;2.2186;2.1381;2.1329;2.1026,6790;6800;6780;6785;6795,C;C;C;C;C,67,no_trade,cooldown,0.0,,0.0,-1,148,6770.0,P,-0.016522929072380066,0.045564983040094376,True,nan,nan,,0
2025-12-17,84,355104,6756.4501953125,-0.33000001311302185,306,2.32934308052063,2.114044189453125,-0.21529889106750488,2.1140;2.1042;2.0963;2.0906;2.0877,6740;6785;6800;6780;6790,P;C;C;C;C,68,no_trade,cooldown,0.0,,0.0,-1,148,6770.0,P,0.0029818459879606962,0.16174238920211792,True,nan,nan,,0
2025-12-17,85,355105,6752.18994140625,-0.33000001311302185,305,2.238332748413086,2.1478588581085205,-0.09047389030456543,2.1479;2.0952;2.0927;2.0755;2.0750,6730;6735;6740;6720;6790,P;P;P;P;C,74,no_trade,gate,0.0,,0.0,-1,136,6740.0,P,-0.301991730928421,0.0031433701515197754,True,nan,nan,,0
2025-12-17,86,355106,6753.7001953125,-0.33000001311302185,304,2.3660504817962646,2.2830159664154053,-0.08303451538085938,2.2830;2.2718;2.2292;2.1961;2.1651,6780;6790;6800;6770;6785,C;C;C;C;C,68,no_trade,gate,0.0,,0.0,-1,110,6675.0,P,-0.24833333492279053,0.03059139847755432,True,nan,nan,,0
2025-12-17,87,355107,6752.02001953125,-0.33000001311302185,303,2.350281000137329,2.155263900756836,-0.19501709938049316,2.1553;2.1350;2.0979;2.0916;2.0635,6730;6735;6720;6800;6700,P;P;P;C;P,72,no_trade,gate,0.0,,0.0,-1,137,6745.0,C,-0.28016290068626404,0.002305448055267334,True,nan,nan,,0
2025-12-17,88,355108,6752.16015625,-0.33000001311302185,302,2.3571884632110596,2.0665206909179688,-0.2906677722930908,2.0665;2.0616;2.0550;2.0287;2.0276,6730;6735;6750;6740;6725,P;P;P;P;P,72,no_trade,gate,0.0,,0.0,-1,136,6740.0,P,-0.26174306869506836,0.0004157721996307373,True,nan,nan,,0
2025-12-17,89,355109,6754.02001953125,-0.33000001311302185,301,2.3225982189178467,2.2139151096343994,-0.10868310928344727,2.2139;2.1636;2.1626;2.1224;2.1211,6780;6800;6790;6785;6795,C;C;C;C;C,68,no_trade,gate,0.0,,0.0,-1,144,6760.0,P,-0.28104254603385925,0.007468074560165405,True,nan,nan,,0
2025-12-17,90,355110,6754.330078125,-0.33000001311302185,300,2.257175922393799,2.025613784790039,-0.23156213760375977,2.0256;2.0031;1.9915;1.9844;1.9740,6730;6780;6725;6800;6790,P;C;P;C;C,65,no_trade,gate,0.0,,0.0,-1,135,6740.0,C,-0.21487967669963837,0.022029384970664978,True,nan,nan,,0
2025-12-17,91,355111,6751.0400390625,-0.33000001311302185,299,2.3965253829956055,2.2956790924072266,-0.1008462905883789,2.2957;2.2720;2.2473;2.1876;2.1750,6780;6800;6790;6795;6775,C;C;C;C;C,67,no_trade,gate,0.0,,0.0,-1,118,6695.0,P,-0.16731709241867065,0.009882926940917969,True,nan,nan,,0
2025-12-17,92,355112,6755.72998046875,-0.33000001311302185,298,2.513899326324463,2.0354771614074707,-0.4784221649169922,2.0355;2.0021;1.9756;1.9473;1.9389,6800;6780;6790;6785;6730,C;C;C;C;P,58,no_trade,gate,0.0,,0.0,-1,144,6760.0,P,-0.01276023406535387,0.001729561947286129,True,nan,nan,,0
2025-12-17,93,355113,6758.169921875,-0.33000001311302185,297,2.360912322998047,2.1760220527648926,-0.1848902702331543,2.1760;2.1586;2.1246;2.0869;2.0671,6790;6800;6780;6785;6795,C;C;C;C;C,64,no_trade,gate,0.0,,0.0,-1,136,6740.0,P,0.5996429920196533,0.010142982006072998,True,nan,nan,,0
2025-12-17,94,355114,6758.89990234375,-0.33000001311302185,296,2.387932062149048,2.2001593112945557,-0.1877727508544922,2.2002;2.1944;2.0665;2.0652;2.0615,6730;6740;6745;6750;6735,P;P;P;P;P,56,no_trade,gate,0.0,,0.0,-1,114,6685.0,P,0.7666667103767395,0.028484880924224854,True,nan,nan,,0
2025-12-17,95,355115,6760.7998046875,-0.33000001311302185,295,2.4179275035858154,2.180396556854248,-0.23753094673156738,2.1804;2.1590;2.1528;2.1329;2.1130,6750;6730;6745;6740;6735,P;P;P;P;P,62,no_trade,gate,0.0,,0.0,-1,126,6715.0,P,0.7792156338691711,0.02664428949356079,True,nan,nan,,0
2025-12-17,96,355116,6763.3798828125,-0.33000001311302185,294,2.318446636199951,2.4169211387634277,0.09847450256347656,2.4169;2.4090;2.3657;2.3325;2.3052,6750;6745;6740;6730;6735,P;P;P;P;P,67,trade,,6750.0,P,9.800000190734863,140,140,6750.0,P,0.44870004057884216,0.027080267667770386,True,0.44870002861022945,-1.1968612712021098e-08,TAKE_PROFIT,5
2025-12-17,97,355117,6762.52978515625,-0.33000001311302185,293,2.208970069885254,2.11889386177063,-0.09007620811462402,2.1189;2.0189;2.0094;1.9927;1.9389,6750;6745;6730;6740;6735,P;P;P;P;P,61,no_trade,in_position,0.0,,0.0,-1,134,6735.0,P,0.5279310345649719,0.0032643675804138184,True,nan,nan,,0
2025-12-17,98,355118,6762.27001953125,-0.33000001311302185,292,2.2480013370513916,2.038846015930176,-0.20915532112121582,2.0388;1.9978;1.9921;1.9555;1.8939,6740;6730;6750;6735;6720,P;P;P;P;P,57,no_trade,in_position,0.0,,0.0,-1,124,6710.0,P,0.42166656255722046,0.012066572904586792,True,nan,nan,,0
2025-12-17,99,355119,6760.72998046875,-0.33000001311302185,291,2.2227187156677246,2.141174077987671,-0.08154463768005371,2.1412;2.0865;2.0855;2.0853;2.0347,6740;6745;6735;6730;6750,P;P;P;P;P,57,no_trade,in_position,0.0,,0.0,-1,144,6760.0,P,0.33553579449653625,0.0065774619579315186,True,nan,nan,,0
2025-12-17,100,355120,6757.6201171875,-0.33000001311302185,290,2.2437186241149902,1.893812656402588,-0.34990596771240234,1.8938;1.8644;1.8609;1.8210;1.8083,6730;6735;6740;6720;6750,P;P;P;P;P,57,no_trade,in_position,0.0,,0.0,-1,140,6750.0,P,0.4035876989364624,0.016462713479995728,True,nan,nan,,0
2025-12-17,101,355121,6755.06982421875,-0.33000001311302185,289,2.200788736343384,2.083170175552368,-0.11761856079101562,2.0832;2.0089;1.9534;1.9510;1.9449,6730;6750;6720;6740;6745,P;P;P;P;P,60,no_trade,in_position,0.0,,0.0,-1,144,6760.0,P,0.21505506336688995,0.0033708661794662476,True,nan,nan,,0
2025-12-17,102,355122,6749.7998046875,-0.33000001311302185,288,2.0950393676757812,2.190685987472534,0.09564661979675293,2.1907;2.1198;2.0867;2.0163;2.0101,6730;6720;6725;6715;6740,P;P;P;P;P,63,no_trade,in_position,0.0,,0.0,-1,139,6750.0,C,-0.013312499970197678,0.003289351239800453,True,nan,nan,,0
2025-12-17,103,355123,6748.85009765625,-0.33000001311302185,287,2.3002243041992188,2.1831586360931396,-0.1170656681060791,2.1832;2.0788;2.0125;2.0125;2.0096,6730;6720;6780;6740;6725,P;P;C;P;P,63,no_trade,gate,0.0,,0.0,-1,139,6750.0,C,-0.014295302331447601,0.0023546982556581497,True,nan,nan,,0
2025-12-17,104,355124,6745.41015625,-0.33000001311302185,286,2.299769639968872,2.2448527812957764,-0.0549168586730957,2.2449;2.2365;2.2230;2.2030;2.1923,6720;6730;6725;6710;6715,P;P;P;P;P,65,no_trade,gate,0.0,,0.0,-1,137,6745.0,C,-0.011576087214052677,0.005037120543420315,True,nan,nan,,0
2025-12-18,60,355470,6799.06982421875,-0.33000001311302185,330,2.123589277267456,2.2457735538482666,0.12218427658081055,2.2458;2.2351;2.2259;2.2128;2.1669,6815;6820;6810;6825;6830,C;C;C;C;C,63,trade,,6815.0,C,6.900000095367432,181,175,6800.0,C,0.409403920173645,0.012928485870361328,True,0.3338158250333864,-0.0755880951402586,TAKE_PROFIT,6
2025-12-18,61,355471,6801.16015625,-0.33000001311302185,329,2.2618496417999268,2.483426809310913,0.22157716751098633,2.4834;2.4687;2.4345;2.4251;2.3872,6820;6825;6830;6815;6810,C;C;C;C;C,59,no_trade,in_position,0.0,,0.0,-1,189,6835.0,C,0.518048882484436,0.02644890546798706,True,nan,nan,,0
2025-12-18,62,355472,6801.25,-0.33000001311302185,328,2.3246726989746094,2.508869171142578,0.18419647216796875,2.5089;2.4924;2.4482;2.4429;2.3659,6820;6825;6830;6815;6835,C;C;C;C;C,63,no_trade,in_position,0.0,,0.0,-1,187,6830.0,C,0.6248148083686829,0.021545588970184326,True,nan,nan,,0
2025-12-18,63,355473,6799.75,-0.33000001311302185,327,2.353593111038208,2.535947322845459,0.18235421180725098,2.5359;2.5246;2.4777;2.4742;2.4438,6820;6825;6815;6830;6810,C;C;C;C;C,61,no_trade,in_position,0.0,,0.0,-1,175,6800.0,C,0.2730357348918915,0.02069994807243347,True,nan,nan,,0
2025-12-18,64,355474,6804.06982421875,-0.33000001311302185,326,2.3151426315307617,2.827183246612549,0.5120406150817871,2.8272;2.8214;2.8007;2.7800;2.7486,6820;6825;6830;6815;6810,C;C;C;C;C,65,no_trade,in_position,0.0,,0.0,-1,185,6825.0,C,0.7992104887962341,0.05550408363342285,True,nan,nan,,0
2025-12-18,65,355475,6803.33984375,-0.33000001311302185,325,2.341252565383911,2.697417736053467,0.35616517066955566,2.6974;2.6613;2.6610;2.6353;2.6270,6820;6825;6815;6830;6810,C;C;C;C;C,62,no_trade,in_position,0.0,,0.0,-1,193,6845.0,C,0.32909080386161804,0.05982765555381775,True,nan,nan,,0
2025-12-18,66,355476,6805.81005859375,-0.33000001311302185,324,2.533146858215332,2.727172613143921,0.19402575492858887,2.7272;2.7113;2.6823;2.6268;2.5902,6825;6830;6820;6835;6815,C;C;C;C;C,64,no_trade,in_position,0.0,,0.0,-1,187,6830.0,C,0.11933333426713943,0.037458330392837524,True,nan,nan,,0
2025-12-18,67,355477,6810.6201171875,-0.33000001311302185,323,2.335932493209839,2.777996778488159,0.4420642852783203,2.7780;2.7677;2.7558;2.7526;2.6813,6825;6830;6820;6835;6815,C;C;C;C;C,68,no_trade,in_position,0.0,,0.0,-1,176,6800.0,P,-0.27712711691856384,0.009795963764190674,True,nan,nan,,0
2025-12-18,68,355478,6812.669921875,-0.33000001311302185,322,2.534324884414673,2.654421806335449,0.12009692192077637,2.6544;2.6320;2.6172;2.5888;2.5798,6830;6835;6825;6840;6820,C;C;C;C;C,67,trade,,6830.0,C,5.400000095367432,187,195,6850.0,C,-0.23800000548362732,0.005829736590385437,True,-0.2568750156213834,-0.018875010137756054,STOP_LOSS,11
2025-12-18,69,355479,6811.39013671875,-0.33000001311302185,321,2.6431241035461426,2.4889698028564453,-0.15415430068969727,2.4890;2.4700;2.4583;2.4290;2.3691,6830;6825;6835;6820;6840,C;C;C;C;C,59,no_trade,in_position,0.0,,0.0,-1,195,6850.0,C,-0.13780488073825836,0.09619514644145966,True,nan,nan,,0
2025-12-18,70,355480,6810.0,-0.33000001311302185,320,2.5936105251312256,2.3247900009155273,-0.26882052421569824,2.3248;2.3101;2.2865;2.2505;2.1638,6830;6825;6820;6835;6840,C;C;C;C;C,57,no_trade,in_position,0.0,,0.0,-1,176,6800.0,P,-0.2351723611354828,0.009227678179740906,True,nan,nan,,0
2025-12-18,71,355481,6813.14990234375,-0.33000001311302185,319,2.589877128601074,2.6633763313293457,0.07349920272827148,2.6634;2.6557;2.6295;2.6160;2.5820,6830;6825;6835;6820;6840,C;C;C;C;C,58,no_trade,in_position,0.0,,0.0,-1,174,6795.0,P,-0.3100000321865082,0.006627917289733887,True,nan,nan,,0
2025-12-18,72,355482,6814.16015625,-0.33000001311302185,318,2.536763906478882,2.354362964630127,-0.18240094184875488,2.3544;2.3337;2.3110;2.2796;2.2428,6830;6835;6825;6840;6820,C;C;C;C;C,60,no_trade,in_position,0.0,,0.0,-1,183,6820.0,C,-0.2704493999481201,0.000988990068435669,True,nan,nan,,0
2025-12-18,73,355483,6812.83984375,-0.33000001311302185,317,2.6484408378601074,2.480401039123535,-0.16803979873657227,2.4804;2.4547;2.4496;2.4453;2.4025,6830;6825;6820;6835;6840,C;C;C;C;C,62,no_trade,in_position,0.0,,0.0,-1,158,6755.0,P,-0.2874419093132019,0.0004151761531829834,True,nan,nan,,0
2025-12-18,74,355484,6813.08984375,-0.33000001311302185,316,2.6108152866363525,2.5436575412750244,-0.06715774536132812,2.5437;2.5299;2.5238;2.4761;2.4732,6830;6825;6835;6820;6840,C;C;C;C;C,61,no_trade,in_position,0.0,,0.0,-1,193,6845.0,C,-0.26734691858291626,0.0005254149436950684,True,nan,nan,,0
2025-12-18,75,355485,6812.759765625,-0.33000001311302185,315,2.5748634338378906,2.2394661903381348,-0.33539724349975586,2.2395;2.2122;2.2035;2.1661;2.1627,6830;6825;6835;6840;6820,C;C;C;C;C,57,no_trade,in_position,0.0,,0.0,-1,185,6825.0,C,-0.2799019515514374,0.0035920143127441406,True,nan,nan,,0
2025-12-18,76,355486,6811.330078125,-0.33000001311302185,314,2.5413949489593506,2.090543031692505,-0.4508519172668457,2.0905;2.0699;2.0605;2.0475;2.0061,6800;6825;6830;6820;6835,P;C;C;C;C,57,no_trade,in_position,0.0,,0.0,-1,189,6835.0,C,-0.22377364337444305,0.0030811727046966553,True,nan,nan,,0
2025-12-18,77,355487,6808.759765625,-0.33000001311302185,313,2.509443998336792,2.149523973464966,-0.35992002487182617,2.1495;2.1351;2.0851;2.0834;2.0804,6800;6775;6830;6825;6820,P;P;C;C;C,62,no_trade,in_position,0.0,,0.0,-1,172,6790.0,P,-0.2898484766483307,0.004487812519073486,True,nan,nan,,0
2025-12-18,78,355488,6809.97021484375,-0.33000001311302185,312,2.579082489013672,2.129518747329712,-0.44956374168395996,2.1295;2.1247;2.0897;2.0783;2.0750,6780;6790;6830;6825;6800,P;P;C;C;P,58,no_trade,in_position,0.0,,0.0,-1,183,6820.0,C,-0.30496731400489807,0.0029674768447875977,True,nan,nan,,0
2025-12-18,79,355489,6810.18017578125,-0.33000001311302185,311,2.4456381797790527,2.183570146560669,-0.2620680332183838,2.1836;2.0042;1.9754;1.9687;1.9677,6800;6830;6790;6825;6780,P;C;P;C;P,59,no_trade,in_position,0.0,,0.0,-1,193,6845.0,C,-0.10560747236013412,0.140802800655365,True,nan,nan,,0
2025-12-18,80,355490,6808.1201171875,-0.33000001311302185,310,2.4528744220733643,1.9187235832214355,-0.5341508388519287,1.9187;1.8874;1.8829;1.8708;1.8458,6750;6830;6825;6835;6820,P;C;C;C;C,53,no_trade,in_position,0.0,,0.0,-1,174,6795.0,P,-0.30879518389701843,0.008404850959777832,True,nan,nan,,0
2025-12-18,81,355491,6808.2001953125,-0.33000001311302185,309,2.4917244911193848,2.110074043273926,-0.381650447845459,2.1101;2.1063;2.0939;2.0415;1.9537,6825;6830;6820;6835;6815,C;C;C;C;C,58,no_trade,cooldown,0.0,,0.0,-1,176,6800.0,P,-0.22793105244636536,0.011911481618881226,True,nan,nan,,0
2025-12-18,82,355492,6811.14013671875,-0.33000001311302185,308,2.430081367492676,2.074155330657959,-0.3559260368347168,2.0742;2.0647;2.0575;2.0141;2.0065,6820;6825;6830;6835;6800,C;C;C;C;P,63,no_trade,cooldown,0.0,,0.0,-1,189,6835.0,C,-0.17720001935958862,0.031930387020111084,True,nan,nan,,0
2025-12-18,83,355493,6808.240234375,-0.33000001311302185,307,2.2575981616973877,2.215529680252075,-0.0420684814453125,2.2155;2.2076;2.1758;2.1675;2.1165,6820;6815;6825;6810;6830,C;C;C;C;C,60,no_trade,gate,0.0,,0.0,-1,176,6800.0,P,-0.3076842129230499,0.0014407932758331299,True,nan,nan,,0
2025-12-18,84,355494,6808.4599609375,-0.33000001311302185,306,2.1867520809173584,2.1248037815093994,-0.061948299407958984,2.1248;2.1021;2.1021;2.0754;2.0605,6820;6815;6825;6830;6810,C;C;C;C;C,63,no_trade,gate,0.0,,0.0,-1,175,6800.0,C,-0.2887428402900696,0.011515825986862183,True,nan,nan,,0
2025-12-18,85,355495,6807.7900390625,-0.33000001311302185,305,2.2896084785461426,1.942591905593872,-0.3470165729522705,1.9426;1.9288;1.8825;1.8322;1.8036,6770;6760;6800;6780;6750,P;P;P;P;P,55,no_trade,gate,0.0,,0.0,-1,185,6825.0,C,-0.04840908944606781,0.20010946691036224,True,nan,nan,,0
2025-12-18,86,355496,6806.10986328125,-0.33000001311302185,304,1.9938037395477295,1.7510031461715698,-0.24280059337615967,1.7510;1.7279;1.7093;1.7072;1.6588,6820;6830;6825;6815;6750,C;C;C;C;P,57,no_trade,gate,0.0,,0.0,-1,181,6815.0,C,-0.026624999940395355,0.008875001221895218,True,nan,nan,,0
2025-12-18,87,355497,6805.990234375,-0.33000001311302185,303,2.0031654834747314,1.8747872114181519,-0.1283782720565796,1.8748;1.8620;1.8476;1.8346;1.7620,6820;6815;6825;6830;6810,C;C;C;C;C,56,no_trade,gate,0.0,,0.0,-1,176,6800.0,P,-0.23505616188049316,1.0505318641662598e-05,True,nan,nan,,0
2025-12-18,88,355498,6808.31982421875,-0.33000001311302185,302,1.935435175895691,2.221660614013672,0.28622543811798096,2.2217;2.2085;2.1942;2.1676;2.1336,6820;6825;6830;6815;6835,C;C;C;C;C,64,trade,,6820.0,C,6.570000171661377,183,174,6795.0,P,-0.3071526885032654,0.0012381374835968018,True,-0.03203007472862768,0.2751226137746377,TRAILING_STOP,15
2025-12-18,89,355499,6808.56982421875,-0.33000001311302185,301,1.7945773601531982,1.8733881711959839,0.07881081104278564,1.8734;1.8174;1.7380;1.7359;1.7323,6790;6785;6775;6800;6795,P;P;P;P;P,52,no_trade,in_position,0.0,,0.0,-1,181,6815.0,C,-0.3003448247909546,0.007780134677886963,True,nan,nan,,0
2025-12-18,90,355500,6808.580078125,-0.33000001311302185,300,1.9370529651641846,2.0755255222320557,0.1384725570678711,2.0755;2.0731;2.0597;2.0511;2.0046,6820;6815;6825;6830;6810,C;C;C;C;C,58,no_trade,in_position,0.0,,0.0,-1,158,6755.0,P,-0.30390241742134094,0.0036223232746124268,True,nan,nan,,0
2025-12-18,91,355501,6808.81982421875,-0.33000001311302185,299,1.966158151626587,1.824183702468872,-0.14197444915771484,1.8242;1.7995;1.7458;1.7381;1.6873,6780;6775;6790;6800;6785,P;P;P;P;P,56,no_trade,in_position,0.0,,0.0,-1,164,6770.0,P,-0.24241383373737335,0.04122249782085419,True,nan,nan,,0
2025-12-18,92,355502,6809.10009765625,-0.33000001311302185,298,1.7437652349472046,2.0806210041046143,0.33685576915740967,2.0806;2.0606;2.0134;2.0096;1.9531,6820;6825;6815;6830;6835,C;C;C;C;C,56,no_trade,in_position,0.0,,0.0,-1,179,6810.0,C,-0.3002631366252899,8.168816566467285e-05,True,nan,nan,,0
2025-12-18,93,355503,6808.8798828125,-0.33000001311302185,297,1.6309581995010376,1.981454849243164,0.35049664974212646,1.9815;1.9485;1.9333;1.9164;1.8896,6820;6830;6825;6815;6810,C;C;C;C;C,61,no_trade,in_position,0.0,,0.0,-1,162,6765.0,P,-0.19481131434440613,0.010388687252998352,True,nan,nan,,0
2025-12-18,94,355504,6811.72998046875,-0.33000001311302185,296,1.6991088390350342,2.068891763687134,0.3697829246520996,2.0689;2.0471;2.0425;2.0088;1.9804,6820;6825;6830;6815;6835,C;C;C;C;C,56,no_trade,in_position,0.0,,0.0,-1,176,6800.0,P,-0.03227272629737854,0.006454546004533768,True,nan,nan,,0
2025-12-18,95,355505,6814.009765625,-0.33000001311302185,295,1.8899714946746826,2.1009085178375244,0.2109370231628418,2.1009;2.0894;2.0731;2.0502;2.0202,6820;6825;6830;6815;6835,C;C;C;C;C,56,no_trade,in_position,0.0,,0.0,-1,174,6795.0,P,0.43517860770225525,0.006417602300643921,True,nan,nan,,0
2025-12-18,96,355506,6813.330078125,-0.33000001311302185,294,2.0113413333892822,2.1007320880889893,0.08939075469970703,2.1007;2.0683;2.0326;1.9714;1.9668,6790;6800;6780;6825;6820,P;P;P;C;C,55,no_trade,in_position,0.0,,0.0,-1,176,6800.0,P,-0.032769229263067245,0.00734376534819603,True,nan,nan,,0
2025-12-18,97,355507,6813.759765625,-0.33000001311302185,293,1.909294605255127,1.9303069114685059,0.021012306213378906,1.9303;1.9276;1.9255;1.8951;1.8616,6820;6830;6825;6800;6835,C;C;C;P;C,50,no_trade,in_position,0.0,,0.0,-1,168,6780.0,P,0.4119355082511902,0.024792611598968506,True,nan,nan,,0
2025-12-18,98,355508,6812.990234375,-0.33000001311302185,292,1.738181233406067,2.00734281539917,0.269161581993103,2.0073;2.0061;1.9948;1.9453;1.8910,6825;6820;6830;6815;6835,C;C;C;C;C,53,no_trade,in_position,0.0,,0.0,-1,168,6780.0,P,0.43129032850265503,0.002233833074569702,True,nan,nan,,0
2025-12-18,99,355509,6813.47021484375,-0.33000001311302185,291,1.6802830696105957,1.7028335332870483,0.022550463676452637,1.7028;1.6961;1.6761;1.6660;1.6649,6830;6800;6825;6820;6790,C;P;C;C;P,47,no_trade,in_position,0.0,,0.0,-1,176,6800.0,P,0.4024999737739563,0.01593753695487976,True,nan,nan,,0
2025-12-18,100,355510,6812.22998046875,-0.33000001311302185,290,1.608899474143982,2.0656449794769287,0.4567455053329468,2.0656;2.0354;2.0119;1.9966;1.9415,6820;6825;6830;6815;6835,C;C;C;C;C,50,no_trade,in_position,0.0,,0.0,-1,176,6800.0,P,-0.034354839473962784,0.005294285714626312,True,nan,nan,,0
2025-12-18,101,355511,6813.85986328125,-0.33000001311302185,289,1.5456128120422363,2.0392489433288574,0.4936361312866211,2.0392;2.0332;2.0212;2.0198;1.9776,6820;6825;6815;6830;6835,C;C;C;C;C,56,no_trade,in_position,0.0,,0.0,-1,172,6790.0,P,0.1967500001192093,0.23166802525520325,True,nan,nan,,0
2025-12-18,102,355512,6813.81005859375,-0.33000001311302185,288,1.652919888496399,2.0114638805389404,0.3585439920425415,2.0115;2.0074;1.9878;1.9764;1.9228,6825;6820;6830;6815;6835,C;C;C;C;C,56,no_trade,in_position,0.0,,0.0,-1,172,6790.0,P,0.3778572082519531,0.11285722255706787,True,nan,nan,,0
2025-12-18,103,355513,6813.259765625,-0.33000001311302185,287,1.7541745901107788,1.8053367137908936,0.051162123680114746,1.8053;1.8009;1.7734;1.7014;1.7005,6825;6820;6830;6835;6815,C;C;C;C;C,48,no_trade,in_position,0.0,,0.0,-1,176,6800.0,P,0.13587495684623718,0.009056776762008667,True,nan,nan,,0
2025-12-18,104,355514,6808.56982421875,-0.33000001311302185,286,1.5732756853103638,1.9602081775665283,0.38693249225616455,1.9602;1.9299;1.9101;1.8591;1.7983,6820;6825;6815;6830;6810,C;C;C;C;C,57,no_trade,in_position,0.0,,0.0,-1,187,6830.0,C,-0.04520000144839287,0.0108526311814785,True,nan,nan,,0
2025-12-19,60,355860,6816.89013671875,-0.33000001311302185,330,2.2861387729644775,2.6468091011047363,0.3606703281402588,2.6468;2.6188;2.5885;2.5815;2.5317,6835;6840;6830;6845;6825,C;C;C;C;C,63,no_trade,gate,0.0,,0.0,-1,270,6820.0,C,0.06416759639978409,0.022074077278375626,True,nan,nan,,0
2025-12-19,61,355861,6825.47021484375,-0.33000001311302185,329,2.2011420726776123,2.9555160999298096,0.7543740272521973,2.9555;2.9378;2.9359;2.8606;2.8017,6840;6845;6850;6835;6830,C;C;C;C;C,57,trade,,6840.0,C,6.0,278,275,6830.0,P,-0.014589040540158749,0.002450958825647831,True,-0.3355000000000001,-0.3209109594598413,STOP_LOSS,15
2025-12-19,62,355862,6826.58984375,-0.33000001311302185,328,1.9695825576782227,2.329514741897583,0.35993218421936035,2.3295;2.3271;2.2990;2.2950;2.2105,6840;6845;6850;6835;6855,C;C;C;C;C,58,no_trade,in_position,0.0,,0.0,-1,275,6830.0,P,-0.015138593502342701,0.003066535107791424,True,nan,nan,,0
2025-12-19,63,355863,6827.64013671875,-0.33000001311302185,327,2.0534884929656982,2.6442766189575195,0.5907881259918213,2.6443;2.6291;2.6106;2.5624;2.5238,6850;6845;6840;6835;6855,C;C;C;C;C,62,no_trade,in_position,0.0,,0.0,-1,275,6830.0,P,-0.013831169344484806,0.002305193804204464,True,nan,nan,,0
2025-12-19,64,355864,6824.830078125,-0.33000001311302185,326,2.1561410427093506,2.4055368900299072,0.24939584732055664,2.4055;2.4042;2.3810;2.3619;2.3030,6830;6840;6835;6845;6850,C;C;C;C;C,58,no_trade,in_position,0.0,,0.0,-1,273,6825.0,P,0.23081080615520477,0.003470376133918762,True,nan,nan,,0
2025-12-19,65,355865,6828.2998046875,-0.33000001311302185,325,2.0601248741149902,2.7285304069519043,0.6684055328369141,2.7285;2.7259;2.7258;2.6777;2.6338,6845;6850;6840;6835;6855,C;C;C;C;C,57,no_trade,in_position,0.0,,0.0,-1,255,6780.0,P,0.5439216494560242,0.0034216642379760742,True,nan,nan,,0
2025-12-19,66,355866,6829.06982421875,-0.33000001311302185,324,2.2060649394989014,2.69166898727417,0.48560404777526855,2.6917;2.6698;2.6600;2.6220;2.5581,6850;6845;6840;6835;6830,C;C;C;C;C,56,no_trade,in_position,0.0,,0.0,-1,275,6830.0,P,0.51880943775177,0.002991318702697754,True,nan,nan,,0
2025-12-19,67,355867,6828.2998046875,-0.33000001311302185,323,2.305431604385376,2.3392536640167236,0.033822059631347656,2.3393;2.3044;2.2955;2.2540;2.2306,6850;6840;6845;6835;6855,C;C;C;C;C,58,no_trade,in_position,0.0,,0.0,-1,273,6825.0,P,0.5082857012748718,0.013325661420822144,True,nan,nan,,0
2025-12-19,68,355868,6828.759765625,-0.33000001311302185,322,2.3084802627563477,2.168750047683716,-0.13973021507263184,2.1688;2.1172;2.1069;2.0822;2.0612,6850;6845;6840;6855;6810,C;C;C;C;P,53,no_trade,in_position,0.0,,0.0,-1,263,6800.0,P,0.5899998545646667,0.00543898344039917,True,nan,nan,,0
2025-12-19,69,355869,6829.77978515625,-0.33000001311302185,321,2.2103569507598877,2.0509729385375977,-0.15938401222229004,2.0510;2.0415;1.9314;1.8986;1.8574,6820;6800;6825;6810;6850,P;P;P;P;C,50,no_trade,in_position,0.0,,0.0,-1,247,6760.0,P,0.37034475803375244,0.012435615062713623,True,nan,nan,,0
2025-12-19,70,355870,6828.06982421875,-0.33000001311302185,320,2.2115259170532227,2.586367607116699,0.37484169006347656,2.5864;2.5675;2.5666;2.5592;2.4613,6835;6850;6840;6845;6830,C;C;C;C;C,52,no_trade,in_position,0.0,,0.0,-1,273,6825.0,P,0.5080555081367493,0.005055487155914307,True,nan,nan,,0
2025-12-19,71,355871,6827.9501953125,-0.33000001311302185,319,2.2476208209991455,2.096107244491577,-0.15151357650756836,2.0961;1.9502;1.8799;1.8432;1.7849,6800;6820;6810;6795;6825,P;P;P;P;P,48,no_trade,in_position,0.0,,0.0,-1,251,6770.0,P,0.5036458373069763,0.020534753799438477,True,nan,nan,,0
2025-12-19,72,355872,6826.7001953125,-0.33000001311302185,318,2.2570958137512207,2.078160047531128,-0.17893576622009277,2.0782;2.0759;2.0390;1.9708;1.9623,6835;6840;6845;6850;6830,C;C;C;C;C,49,no_trade,in_position,0.0,,0.0,-1,267,6810.0,P,0.28587499260902405,0.0021462440490722656,True,nan,nan,,0
2025-12-19,73,355873,6823.2900390625,-0.33000001311302185,317,2.2550830841064453,2.2884297370910645,0.03334665298461914,2.2884;2.2881;2.2628;2.2538;2.1449,6830;6835;6825;6840;6845,C;C;C;C;C,57,no_trade,in_position,0.0,,0.0,-1,270,6820.0,C,-0.018327193334698677,0.001579349860548973,True,nan,nan,,0
2025-12-19,74,355874,6822.14990234375,-0.33000001311302185,316,2.2344675064086914,1.9981989860534668,-0.2362685203552246,1.9982;1.9872;1.9631;1.9237;1.9135,6840;6835;6830;6845;6800,C;C;C;C;P,50,no_trade,in_position,0.0,,0.0,-1,270,6820.0,C,-0.01510638277977705,0.003743174485862255,True,nan,nan,,0
2025-12-19,75,355875,6822.240234375,-0.33000001311302185,315,2.0351357460021973,1.9690420627593994,-0.06609368324279785,1.9690;1.9546;1.9396;1.9340;1.8756,6835;6840;6830;6845;6850,C;C;C;C;C,50,no_trade,in_position,0.0,,0.0,-1,270,6820.0,C,0.16351726651191711,0.09008549153804779,True,nan,nan,,0
2025-12-19,76,355876,6822.7001953125,-0.33000001311302185,314,1.9697139263153076,2.0060830116271973,0.03636908531188965,2.0061;1.9958;1.9836;1.9353;1.9333,6835;6840;6830;6845;6820,C;C;C;C;P,56,no_trade,in_position,0.0,,0.0,-1,270,6820.0,C,0.2305833399295807,0.0034865587949752808,True,nan,nan,,0
2025-12-19,77,355877,6818.259765625,-0.33000001311302185,313,2.03342342376709,2.2287793159484863,0.19535589218139648,2.2288;2.2234;2.2011;2.1642;2.1605,6830;6825;6835;6840;6820,C;C;C;C;C,55,no_trade,in_position,0.0,,0.0,-1,270,6820.0,C,0.4627467393875122,0.013873487710952759,True,nan,nan,,0
2025-12-19,78,355878,6817.77001953125,-0.33000001311302185,312,2.2206122875213623,2.1551647186279297,-0.06544756889343262,2.1552;2.1492;2.1376;2.0920;2.0743,6830;6835;6840;6845;6825,C;C;C;C;C,54,no_trade,cooldown,0.0,,0.0,-1,272,6825.0,C,0.5596666932106018,0.024813830852508545,True,nan,nan,,0
2025-12-19,79,355879,6817.25,-0.33000001311302185,311,2.2175912857055664,2.462289571762085,0.24469828605651855,2.4623;2.4569;2.4152;2.3998;2.3405,6835;6830;6840;6825;6845,C;C;C;C;C,52,no_trade,cooldown,0.0,,0.0,-1,270,6820.0,C,0.3964754343032837,0.012412995100021362,True,nan,nan,,0
2025-12-19,80,355880,6819.080078125,-0.33000001311302185,310,1.821923851966858,2.208289861679077,0.38636600971221924,2.2083;2.1946;2.1890;2.1378;2.1343,6835;6830;6840;6825;6845,C;C;C;C;C,52,trade,,6835.0,C,5.300000190734863,276,278,6840.0,C,0.5722062587738037,0.018591761589050293,True,0.5536145093312147,-0.018591749442589012,TAKE_PROFIT,20
2025-12-19,81,355881,6817.919921875,-0.33000001311302185,309,1.8405070304870605,2.562321186065674,0.7218141555786133,2.5623;2.5536;2.5313;2.5120;2.4335,6830;6835;6825;6840;6820,C;C;C;C;C,51,no_trade,in_position,0.0,,0.0,-1,270,6820.0,C,0.4817948639392853,0.005201458930969238,True,nan,nan,,0
2025-12-19,82,355882,6818.33984375,-0.33000001311302185,308,2.2620930671691895,2.277040958404541,0.014947891235351562,2.2770;2.2754;2.2476;2.2433;2.2428,6830;6835;6825;6845;6840,C;C;C;C;C,55,no_trade,in_position,0.0,,0.0,-1,270,6820.0,C,0.3981451690196991,0.012887358665466309,True,nan,nan,,0
2025-12-19,83,355883,6819.60986328125,-0.33000001311302185,307,1.9638035297393799,1.9930319786071777,0.02922844886779785,1.9930;1.9776;1.9701;1.9485;1.9444,6835;6840;6830;6845;6825,C;C;C;C;C,48,no_trade,in_position,0.0,,0.0,-1,280,6845.0,C,0.42769232392311096,0.007952064275741577,True,nan,nan,,0
2025-12-19,84,355884,6821.06982421875,-0.33000001311302185,306,1.7776575088500977,1.9211406707763672,0.14348316192626953,1.9211;1.9052;1.8947;1.8546;1.8292,6835;6840;6830;6845;6825,C;C;C;C;C,47,no_trade,in_position,0.0,,0.0,-1,272,6825.0,C,0.22804123163223267,0.00682501494884491,True,nan,nan,,0
2025-12-19,85,355885,6820.4599609375,-0.33000001311302185,305,2.014012098312378,2.263352632522583,0.24934053421020508,2.2634;2.2608;2.2571;2.2465;2.2062,6840;6830;6835;6845;6825,C;C;C;C;C,49,no_trade,in_position,0.0,,0.0,-1,276,6835.0,C,0.5170589089393616,0.007736802101135254,True,nan,nan,,0
2025-12-19,86,355886,6819.7900390625,-0.33000001311302185,304,2.0160858631134033,2.011017322540283,-0.005068540573120117,2.0110;2.0091;1.9890;1.9629;1.9267,6830;6835;6825;6840;6820,C;C;C;C;C,51,no_trade,in_position,0.0,,0.0,-1,282,6850.0,C,0.6335715055465698,0.006753265857696533,True,nan,nan,,0
2025-12-19,87,355887,6818.490234375,-0.33000001311302185,303,1.8582466840744019,1.8068046569824219,-0.05144202709197998,1.8068;1.7483;1.7250;1.7122;1.6798,6800;6830;6825;6835;6840,P;C;C;C;C,48,no_trade,in_position,0.0,,0.0,-1,280,6845.0,C,0.4962790310382843,0.01480075716972351,True,nan,nan,,0
2025-12-19,88,355888,6818.8798828125,-0.33000001311302185,302,1.7482514381408691,1.9520387649536133,0.20378732681274414,1.9520;1.9036;1.8815;1.8801;1.7908,6830;6835;6840;6825;6845,C;C;C;C;C,45,no_trade,in_position,0.0,,0.0,-1,272,6825.0,C,0.5097754001617432,0.027870506048202515,True,nan,nan,,0
2025-12-19,89,355889,6819.06982421875,-0.33000001311302185,301,1.6538417339324951,1.6539456844329834,0.00010395050048828125,1.6539;1.5811;1.5686;1.5262;1.5244,6800;6835;6830;6825;6840,P;C;C;C;C,44,no_trade,in_position,0.0,,0.0,-1,276,6835.0,C,0.5652745962142944,0.01689624786376953,True,nan,nan,,0
2025-12-19,90,355890,6817.27001953125,-0.33000001311302185,300,1.6151306629180908,2.144721269607544,0.5295906066894531,2.1447;2.1264;2.1214;2.0919;2.0487,6830;6835;6825;6840;6820,C;C;C;C;C,57,no_trade,in_position,0.0,,0.0,-1,270,6820.0,C,0.48081082105636597,0.03593277931213379,True,nan,nan,,0
2025-12-19,91,355891,6817.83984375,-0.33000001311302185,299,1.8887956142425537,2.294468402862549,0.4056727886199951,2.2945;2.2765;2.2611;2.2095;2.1810,6835;6830;6840;6825;6845,C;C;C;C;C,50,no_trade,in_position,0.0,,0.0,-1,272,6825.0,C,0.3234020471572876,0.008442014455795288,True,nan,nan,,0
2025-12-19,92,355892,6820.58984375,-0.33000001311302185,298,1.6751410961151123,2.4509549140930176,0.7758138179779053,2.4510;2.4482;2.4069;2.3835;2.3817,6840;6835;6830;6825;6845,C;C;C;C;C,53,no_trade,in_position,0.0,,0.0,-1,272,6825.0,C,0.4053921699523926,0.010976523160934448,True,nan,nan,,0
2025-12-19,93,355893,6822.06005859375,-0.33000001311302185,297,1.427836298942566,2.304708480834961,0.876872181892395,2.3047;2.2975;2.2722;2.2707;2.2002,6830;6835;6825;6840;6845,C;C;C;C;C,53,no_trade,in_position,0.0,,0.0,-1,282,6850.0,C,0.38941171765327454,0.0014117658138275146,True,nan,nan,,0
2025-12-19,94,355894,6823.08984375,-0.33000001311302185,296,1.7125427722930908,2.025836944580078,0.3132941722869873,2.0258;2.0055;2.0000;1.9923;1.9239,6830;6840;6835;6825;6845,C;C;C;C;C,48,no_trade,in_position,0.0,,0.0,-1,278,6840.0,C,0.44804877042770386,0.2657134532928467,True,nan,nan,,0
2025-12-19,95,355895,6823.0,-0.33000001311302185,295,1.7882983684539795,2.3198375701904297,0.5315392017364502,2.3198;2.3083;2.2635;2.2573;2.2035,6830;6835;6825;6840;6845,C;C;C;C;C,49,no_trade,in_position,0.0,,0.0,-1,270,6820.0,C,0.217884823679924,0.011192470788955688,True,nan,nan,,0
2025-12-19,96,355896,6827.990234375,-0.33000001311302185,294,1.949889898300171,2.424572467803955,0.4746825695037842,2.4246;2.4195;2.3847;2.3700;2.3338,6840;6835;6845;6830;6850,C;C;C;C;C,54,no_trade,in_position,0.0,,0.0,-1,270,6820.0,C,0.22388829290866852,0.004691407084465027,True,nan,nan,,0
2025-12-19,97,355897,6827.330078125,-0.33000001311302185,293,2.111128807067871,2.3651463985443115,0.25401759147644043,2.3651;2.3318;2.3304;2.3061;2.2618,6840;6845;6835;6830;6850,C;C;C;C;C,50,no_trade,in_position,0.0,,0.0,-1,272,6825.0,C,0.2489166557788849,0.0043284595012664795,True,nan,nan,,0
2025-12-19,98,355898,6826.47998046875,-0.33000001311302185,292,1.870762586593628,2.460205554962158,0.5894429683685303,2.4602;2.4594;2.4494;2.3702;2.3638,6830;6835;6840;6845;6825,C;C;C;C;C,55,no_trade,in_position,0.0,,0.0,-1,270,6820.0,C,0.22319093346595764,0.005795955657958984,True,nan,nan,,0
2025-12-19,99,355899,6826.169921875,-0.33000001311302185,291,1.8049757480621338,2.4869329929351807,0.6819572448730469,2.4869;2.4774;2.4646;2.4390;2.3657,6840;6835;6830;6845;6850,C;C;C;C;C,51,no_trade,in_position,0.0,,0.0,-1,270,6820.0,C,0.2163313925266266,0.05663140118122101,True,nan,nan,,0
2025-12-19,100,355900,6828.06005859375,-0.33000001311302185,290,1.7275937795639038,2.4666595458984375,0.7390657663345337,2.4667;2.4502;2.4220;2.4201;2.3128,6840;6835;6830;6845;6850,C;C;C;C;C,49,no_trade,in_position,0.0,,0.0,-1,270,6820.0,C,0.14104600250720978,0.020306870341300964,True,nan,nan,,0
2025-12-19,101,355901,6830.080078125,-0.33000001311302185,289,2.271385908126831,2.379037618637085,0.1076517105102539,2.3790;2.3446;2.3351;2.3058;2.2781,6840;6835;6845;6830;6850,C;C;C;C;C,51,no_trade,in_position,0.0,,0.0,-1,275,6830.0,P,-0.01990654319524765,0.28349769115448,True,nan,nan,,0
2025-12-19,102,355902,6830.52978515625,-0.33000001311302185,288,2.1990246772766113,2.4084558486938477,0.20943117141723633,2.4085;2.3944;2.3670;2.3476;2.2608,6835;6840;6830;6845;6850,C;C;C;C;C,51,trade,,6835.0,C,7.900000095367432,276,272,6825.0,C,-0.02018018066883087,0.005176963284611702,True,0.044909391437183296,0.06508957210601417,TRAILING_STOP,10
2025-12-19,103,355903,6825.31982421875,-0.33000001311302185,287,2.3272979259490967,2.4630768299102783,0.13577890396118164,2.4631;2.4542;2.4038;2.3627;2.3068,6830;6835;6840;6825;6845,C;C;C;C;C,52,no_trade,in_position,0.0,,0.0,-1,272,6825.0,C,0.42435014247894287,0.00506281852722168,True,nan,nan,,0
2025-12-19,104,355904,6825.97998046875,-0.33000001311302185,286,2.3072988986968994,2.5030765533447266,0.19577765464782715,2.5031;2.4825;2.4688;2.4299;2.3875,6840;6835;6830;6845;6850,C;C;C;C;C,45,no_trade,in_position,0.0,,0.0,-1,272,6825.0,C,0.30542320013046265,0.33357372879981995,True,nan,nan,,0
2025-12-22,60,356250,6866.77001953125,-1.0,330,2.0759787559509277,2.5385115146636963,0.46253275871276855,2.5385;2.5281;2.5053;2.3787;2.2653,6870;6865;6875;6880;6860,C;C;C;C;C,45,trade,,6870.0,C,6.599999904632568,179,184,6880.0,P,0.30828407406806946,0.057203084230422974,True,-0.21303571280472136,-0.5213197868727908,STOP_LOSS,4
2025-12-22,61,356251,6864.41015625,-1.0,329,2.2954463958740234,2.1939239501953125,-0.10152244567871094,2.1939;2.1664;2.1616;2.1073;1.9631,6860;6850;6855;6865;6845,P;P;P;P;P,39,no_trade,in_position,0.0,,0.0,-1,176,6860.0,P,0.5634426474571228,0.0012203454971313477,True,nan,nan,,0
2025-12-22,62,356252,6864.97998046875,-1.0,328,2.441948652267456,2.3739511966705322,-0.06799745559692383,2.3740;2.2456;2.2382;2.1527;2.0855,6860;6850;6865;6855;6845,P;P;P;P;P,38,no_trade,in_position,0.0,,0.0,-1,170,6845.0,P,0.46666666865348816,0.028473854064941406,True,nan,nan,,0
2025-12-22,63,356253,6864.169921875,-1.0,327,2.272487163543701,1.9522783756256104,-0.3202087879180908,1.9523;1.8768;1.8113;1.7973;1.7817,6870;6875;6865;6860;6880,C;C;C;P;C,34,no_trade,in_position,0.0,,0.0,-1,175,6860.0,C,0.5688236355781555,0.17825543880462646,True,nan,nan,,0
2025-12-22,64,356254,6863.4599609375,-1.0,326,2.1882317066192627,2.298158645629883,0.10992693901062012,2.2982;2.2792;2.2140;2.0872;2.0395,6865;6870;6875;6860;6880,C;C;C;C;C,39,no_trade,in_position,0.0,,0.0,-1,177,6865.0,C,0.6708333492279053,0.030942022800445557,True,nan,nan,,0
2025-12-22,65,356255,6860.330078125,-1.0,325,2.361809253692627,2.3167877197265625,-0.04502153396606445,2.3168;2.2465;2.2382;2.1006;2.0868,6865;6870;6860;6875;6850,C;C;C;C;P,46,no_trade,in_position,0.0,,0.0,-1,175,6860.0,C,0.7877631187438965,0.0007330775260925293,True,nan,nan,,0
2025-12-22,66,356256,6857.68994140625,-1.0,324,2.3700668811798096,2.217529773712158,-0.15253710746765137,2.2175;2.1670;2.1622;2.0508;1.9889,6865;6860;6870;6850;6840,C;C;C;P;P,45,no_trade,cooldown,0.0,,0.0,-1,181,6875.0,C,0.44863635301589966,0.014405637979507446,True,nan,nan,,0
2025-12-22,67,356257,6858.4599609375,-1.0,323,2.498460531234741,2.608957052230835,0.11049652099609375,2.6090;2.5892;2.5513;2.5276;2.3282,6865;6870;6860;6875;6880,C;C;C;C;C,42,no_trade,cooldown,0.0,,0.0,-1,177,6865.0,C,0.4581651985645294,0.0041145384311676025,True,nan,nan,,0
2025-12-22,68,356258,6858.330078125,-1.0,322,2.338881015777588,2.202371835708618,-0.13650918006896973,2.2024;2.1827;2.0784;2.0663;2.0618,6850;6855;6845;6865;6840,P;P;P;C;P,38,no_trade,gate,0.0,,0.0,-1,175,6860.0,C,0.5311842560768127,0.005896866321563721,True,nan,nan,,0
2025-12-22,69,356259,6857.509765625,-1.0,321,2.1301326751708984,2.2395036220550537,0.10937094688415527,2.2395;2.2246;2.2071;2.0654;2.0327,6865;6860;6870;6875;6855,C;C;C;C;P,41,trade,,6865.0,C,5.21999979019165,177,175,6860.0,C,0.38624539971351624,0.020531058311462402,True,0.3363157789771023,-0.04992962073641394,TAKE_PROFIT,2
2025-12-22,70,356260,6858.759765625,-1.0,320,2.135615825653076,2.259488821029663,0.12387299537658691,2.2595;2.2001;2.1827;2.1697;2.1565,6855;6850;6865;6860;6870,P;P;C;C;C,44,no_trade,in_position,0.0,,0.0,-1,175,6860.0,C,0.46814802289009094,0.004234999418258667,True,nan,nan,,0
2025-12-22,71,356261,6859.18994140625,-1.0,319,2.312854528427124,2.60280179977417,0.2899472713470459,2.6028;2.5919;2.5771;2.4733;2.3602,6865;6860;6870;6875;6880,C;C;C;C;C,44,no_trade,in_position,0.0,,0.0,-1,175,6860.0,C,0.08518186956644058,0.010878048837184906,True,nan,nan,,0
2025-12-22,72,356262,6864.8701171875,-1.0,318,2.3341407775878906,2.601653575897217,0.26751279830932617,2.6017;2.5511;2.5423;2.4481;2.3519,6870;6875;6865;6880;6860,C;C;C;C;C,39,no_trade,in_position,0.0,,0.0,-1,175,6860.0,C,0.45549604296684265,0.01814308762550354,True,nan,nan,,0
2025-12-22,73,356263,6865.3701171875,-1.0,317,2.2656612396240234,2.5841825008392334,0.31852126121520996,2.5842;2.5200;2.4901;2.4716;2.2998,6860;6865;6855;6850;6845,P;P;P;P;P,42,trade,,6860.0,P,5.900000095367432,176,175,6860.0,C,0.4286205768585205,0.007549017667770386,True,-0.3128069828370406,-0.7414275596955611,STOP_LOSS,21
2025-12-22,74,356264,6866.2900390625,-1.0,316,2.2040016651153564,2.3464202880859375,0.14241862297058105,2.3464;2.2685;2.1734;2.1177;2.1176,6860;6850;6865;6845;6855,P;P;P;P;P,36,no_trade,in_position,0.0,,0.0,-1,175,6860.0,C,0.4442858099937439,0.003937095403671265,True,nan,nan,,0
2025-12-22,75,356265,6866.759765625,-1.0,315,2.115771532058716,2.361051321029663,0.24527978897094727,2.3611;2.3401;2.3310;2.2751;2.2350,6860;6855;6850;6865;6845,P;P;P;P;P,39,no_trade,in_position,0.0,,0.0,-1,179,6870.0,C,0.44145163893699646,0.007549256086349487,True,nan,nan,,0
2025-12-22,76,356266,6867.72021484375,-1.0,314,2.0632853507995605,2.2889413833618164,0.22565603256225586,2.2889;2.2654;2.2156;2.1536;2.0771,6870;6875;6880;6865;6860,C;C;C;C;P,43,no_trade,in_position,0.0,,0.0,-1,183,6880.0,C,0.529386043548584,0.006491303443908691,True,nan,nan,,0
2025-12-22,77,356267,6866.60986328125,-1.0,313,2.242234945297241,2.1760456562042236,-0.06618928909301758,2.1760;2.1666;2.1461;2.0972;2.0609,6865;6860;6855;6850;6870,P;P;P;P;C,38,no_trade,in_position,0.0,,0.0,-1,177,6865.0,C,0.49275869131088257,0.010361999273300171,True,nan,nan,,0
2025-12-22,78,356268,6866.8798828125,-1.0,312,2.142043113708496,1.9236679077148438,-0.21837520599365234,1.9237;1.9153;1.8757;1.8357;1.6433,6860;6865;6855;6850;6845,P;P;P;P;P,30,no_trade,in_position,0.0,,0.0,-1,177,6865.0,C,0.5155843496322632,0.0005844235420227051,True,nan,nan,,0
2025-12-22,79,356269,6867.02001953125,-1.0,311,1.9318053722381592,1.8207014799118042,-0.11110389232635498,1.8207;1.7658;1.7231;1.7153;1.7036,6870;6875;6860;6865;6865,C;C;P;C;P,33,no_trade,in_position,0.0,,0.0,-1,181,6875.0,C,0.6477477550506592,0.017111361026763916,True,nan,nan,,0
2025-12-22,80,356270,6865.33984375,-1.0,310,2.0674283504486084,2.099452495574951,0.03202414512634277,2.0995;2.0656;1.9929;1.8350;1.7150,6870;6865;6875;6880;6860,C;C;C;C;P,38,no_trade,in_position,0.0,,0.0,-1,177,6865.0,C,0.3548276126384735,0.008794605731964111,True,nan,nan,,0
2025-12-22,81,356271,6867.72021484375,-1.0,309,2.2664170265197754,2.481060028076172,0.21464300155639648,2.4811;2.4296;2.3756;2.2983;1.9932,6870;6875;6865;6880;6885,C;C;C;C;C,36,no_trade,in_position,0.0,,0.0,-1,181,6875.0,C,0.5329577326774597,0.004743397235870361,True,nan,nan,,0
2025-12-22,82,356272,6867.27001953125,-1.0,308,2.3481733798980713,2.2533247470855713,-0.0948486328125,2.2533;2.1818;2.0925;2.0842;1.7539,6870;6875;6865;6880;6885,C;C;C;C;C,34,no_trade,in_position,0.0,,0.0,-1,179,6870.0,C,0.5294545292854309,0.00019538402557373047,True,nan,nan,,0
2025-12-22,83,356273,6866.72021484375,-1.0,307,2.286221742630005,2.3573789596557617,0.07115721702575684,2.3574;2.3143;2.2945;2.1604;1.7844,6870;6865;6875;6880;6885,C;C;C;C;C,33,no_trade,in_position,0.0,,0.0,-1,183,6880.0,C,0.45911329984664917,0.00295943021774292,True,nan,nan,,0
2025-12-22,84,356274,6867.06982421875,-1.0,306,2.2013509273529053,1.9694361686706543,-0.23191475868225098,1.9694;1.9329;1.9086;1.8621;1.8311,6865;6860;6870;6855;6875,P;P;C;P;C,35,no_trade,in_position,0.0,,0.0,-1,175,6860.0,C,0.4997403919696808,0.007330864667892456,True,nan,nan,,0
2025-12-22,85,356275,6867.08984375,-1.0,305,2.015249252319336,1.7936214208602905,-0.2216278314590454,1.7936;1.7930;1.6601;1.6066;1.4623,6875;6870;6880;6865;6860,C;C;C;C;P,33,no_trade,in_position,0.0,,0.0,-1,175,6860.0,C,0.41897276043891907,0.011595696210861206,True,nan,nan,,0
2025-12-22,86,356276,6867.669921875,-1.0,304,1.956548810005188,1.9302899837493896,-0.02625882625579834,1.9303;1.8914;1.7533;1.7450;1.7426,6865;6860;6855;6875;6870,P;P;P;C;C,33,no_trade,in_position,0.0,,0.0,-1,183,6880.0,C,0.5172092318534851,0.02445054054260254,True,nan,nan,,0
2025-12-22,87,356277,6867.64013671875,-1.0,303,2.0766773223876953,2.1102099418640137,0.03353261947631836,2.1102;2.0491;1.9653;1.9636;1.8352,6870;6875;6865;6880;6865,C;C;C;C;P,34,no_trade,in_position,0.0,,0.0,-1,183,6880.0,C,0.7098901271820068,0.031066596508026123,True,nan,nan,,0
2025-12-22,88,356278,6865.759765625,-1.0,302,2.2840521335601807,2.319880723953247,0.035828590393066406,2.3199;2.3053;2.2360;2.1524;2.0781,6860;6865;6855;6850;6870,P;P;P;P;P,36,no_trade,in_position,0.0,,0.0,-1,181,6875.0,C,0.5633898377418518,0.023978054523468018,True,nan,nan,,0
2025-12-22,89,356279,6864.990234375,-1.0,301,2.073298931121826,1.8974521160125732,-0.17584681510925293,1.8975;1.8256;1.7849;1.7788;1.7332,6860;6865;6855;6850;6870,P;P;P;P;C,32,no_trade,in_position,0.0,,0.0,-1,177,6865.0,C,0.4522368609905243,0.039782315492630005,True,nan,nan,,0
2025-12-22,90,356280,6865.85986328125,-1.0,300,2.27191424369812,2.1842503547668457,-0.08766388893127441,2.1843;2.1431;2.1186;1.9903;1.9276,6870;6865;6875;6860;6880,C;C;C;P;C,34,no_trade,in_position,0.0,,0.0,-1,175,6860.0,C,0.4779491126537323,0.01971381902694702,True,nan,nan,,0
2025-12-22,91,356281,6866.259765625,-1.0,299,2.279179096221924,2.257052183151245,-0.02212691307067871,2.2571;2.1681;2.0408;2.0404;1.8510,6875;6870;6865;6880;6885,C;C;C;C;C,32,no_trade,in_position,0.0,,0.0,-1,185,6885.0,C,0.524175763130188,0.036775797605514526,True,nan,nan,,0
2025-12-22,92,356282,6866.4501953125,-1.0,298,2.1552860736846924,1.9889707565307617,-0.16631531715393066,1.9890;1.9501;1.9086;1.7232;1.7137,6870;6875;6865;6880;6860,C;C;C;C;P,30,no_trade,in_position,0.0,,0.0,-1,175,6860.0,C,0.3929661214351654,0.043323248624801636,True,nan,nan,,0
2025-12-22,93,356283,6867.3701171875,-1.0,297,2.071354389190674,1.940316915512085,-0.13103747367858887,1.9403;1.9195;1.7228;1.6942;1.4450,6870;6875;6880;6865;6860,C;C;C;C;P,28,no_trade,in_position,0.0,,0.0,-1,177,6865.0,C,0.5032766461372375,0.003826141357421875,True,nan,nan,,0
2025-12-22,94,356284,6867.31005859375,-1.0,296,2.0510141849517822,2.4204466342926025,0.3694324493408203,2.4204;2.3761;2.3597;2.2018;2.0228,6870;6865;6875;6880;6860,C;C;C;C;C,35,no_trade,in_position,0.0,,0.0,-1,175,6860.0,C,0.4070731997489929,0.007599472999572754,True,nan,nan,,0
2025-12-22,95,356285,6868.18994140625,-1.0,295,2.2829763889312744,1.8631281852722168,-0.4198482036590576,1.8631;1.8062;1.7901;1.7404;1.6481,6870;6875;6865;6860;6880,C;C;P;P;C,29,no_trade,in_position,0.0,,0.0,-1,175,6860.0,C,0.3429308235645294,0.05278006196022034,True,nan,nan,,0
2025-12-22,96,356286,6869.85986328125,-1.0,294,2.2342894077301025,2.629847526550293,0.39555811882019043,2.6298;2.5848;2.5435;2.4521;2.1715,6870;6875;6865;6880;6885,C;C;C;C;C,37,no_trade,cooldown,0.0,,0.0,-1,179,6870.0,C,0.5716279745101929,0.005383193492889404,True,nan,nan,,0
2025-12-22,97,356287,6869.27001953125,-1.0,293,2.3950722217559814,2.5389935970306396,0.1439213752746582,2.5390;2.4730;2.4015;2.3555;2.1827,6870;6875;6865;6880;6860,C;C;C;C;P,36,no_trade,cooldown,0.0,,0.0,-1,175,6860.0,C,0.37851065397262573,0.001131981611251831,True,nan,nan,,0
2025-12-22,98,356288,6870.1201171875,-1.0,292,2.403243064880371,2.4784374237060547,0.0751943588256836,2.4784;2.4347;2.3559;2.3270;2.2188,6870;6875;6880;6865;6860,C;C;C;C;P,38,trade,,6870.0,C,7.150000095367432,179,175,6860.0,C,0.45511889457702637,0.003976017236709595,True,0.42054054156457354,-0.03457835301245282,TAKE_PROFIT,7
2025-12-22,99,356289,6870.580078125,-1.0,291,2.2163572311401367,2.5152382850646973,0.29888105392456055,2.5152;2.4794;2.4175;2.2989;2.1261,6870;6875;6880;6865;6885,C;C;C;C;C,36,no_trade,in_position,0.0,,0.0,-1,175,6860.0,C,0.31175363063812256,0.038229018449783325,True,nan,nan,,0
2025-12-22,100,356290,6872.830078125,-1.0,290,2.388659954071045,2.5894975662231445,0.2008376121520996,2.5895;2.5846;2.5135;2.2914;2.2166,6875;6870;6880;6885;6865,C;C;C;C;P,37,no_trade,in_position,0.0,,0.0,-1,183,6880.0,C,0.4819999635219574,0.035809487104415894,True,nan,nan,,0
2025-12-22,101,356291,6873.1298828125,-1.0,289,2.503361463546753,2.6437008380889893,0.14033937454223633,2.6437;2.5795;2.5263;2.3805;2.1723,6875;6880;6870;6885;6890,C;C;C;C;C,35,no_trade,in_position,0.0,,0.0,-1,185,6885.0,C,0.4191587567329407,0.006107985973358154,True,nan,nan,,0
2025-12-22,102,356292,6872.93017578125,-1.0,288,2.4099738597869873,2.6048879623413086,0.1949141025543213,2.6049;2.5461;2.5408;2.3187;2.1788,6875;6870;6880;6885;6865,C;C;C;C;C,34,no_trade,in_position,0.0,,0.0,-1,185,6885.0,C,0.3764445185661316,0.005952686071395874,True,nan,nan,,0
2025-12-22,103,356293,6873.81005859375,-1.0,287,2.40742564201355,2.368255615234375,-0.039170026779174805,2.3683;2.3150;2.2578;2.1758;2.0150,6875;6880;6870;6885;6870,C;C;C;C;P,31,no_trade,in_position,0.0,,0.0,-1,185,6885.0,C,0.2546154260635376,0.10994872450828552,True,nan,nan,,0
2025-12-22,104,356294,6875.35009765625,-1.0,286,2.407968044281006,2.7574656009674072,0.34949755668640137,2.7575;2.7558;2.6551;2.5491;2.4468,6875;6880;6885;6870;6890,C;C;C;C;C,39,no_trade,in_position,0.0,,0.0,-1,175,6860.0,C,-0.06074993684887886,0.04260067269206047,True,nan,nan,,0
2025-12-23,60,356640,6884.47021484375,-1.0,330,2.1662163734436035,2.5619099140167236,0.3956935405731201,2.5619;2.5513;2.4896;2.4337;2.2705,6885;6890;6880;6895;6900,C;C;C;C;C,40,trade,,6885.0,C,6.800000190734863,155,159,6895.0,C,0.6831110715866089,0.043209612369537354,True,0.6399014837230192,-0.04320958786358964,TAKE_PROFIT,27
2025-12-23,61,356641,6883.0498046875,-1.0,329,2.231682538986206,2.5262534618377686,0.2945709228515625,2.5263;2.4707;2.4630;2.3307;2.1108,6885;6880;6890;6895;6900,C;C;C;C;C,34,no_trade,in_position,0.0,,0.0,-1,153,6880.0,C,0.3558163046836853,0.043757498264312744,True,nan,nan,,0
2025-12-23,62,356642,6884.9501953125,-1.0,328,2.3208162784576416,2.8404922485351562,0.5196759700775146,2.8405;2.8009;2.7589;2.7178;2.5241,6885;6890;6880;6895;6900,C;C;C;C;C,39,no_trade,in_position,0.0,,0.0,-1,159,6895.0,C,0.5457141995429993,0.07285699248313904,True,nan,nan,,0
2025-12-23,63,356643,6884.72021484375,-1.0,327,2.193446397781372,2.2226641178131104,0.02921772003173828,2.2227;2.1859;2.0451;2.0040;1.9717,6885;6890;6895;6880;6880,C;C;C;P;C,30,no_trade,in_position,0.0,,0.0,-1,153,6880.0,C,0.4784848392009735,0.028019726276397705,True,nan,nan,,0
2025-12-23,64,356644,6885.3798828125,-1.0,326,2.2476696968078613,2.2625741958618164,0.014904499053955078,2.2626;2.2540;2.1662;1.9799;1.8176,6890;6885;6895;6900;6880,C;C;C;C;C,31,no_trade,in_position,0.0,,0.0,-1,153,6880.0,C,0.3808489441871643,0.02497929334640503,True,nan,nan,,0
2025-12-23,65,356645,6886.41015625,-1.0,325,2.3567886352539062,2.543828248977661,0.18703961372375488,2.5438;2.5295;2.4457;2.2657;2.1915,6890;6885;6895;6900;6880,C;C;C;C;C,34,no_trade,in_position,0.0,,0.0,-1,153,6880.0,C,0.41324323415756226,0.1020667552947998,True,nan,nan,,0
2025-12-23,66,356646,6887.25,-1.0,324,2.3594791889190674,2.67623233795166,0.3167531490325928,2.6762;2.6609;2.5725;2.4466;2.3707,6890;6885;6895;6900;6880,C;C;C;C;C,41,no_trade,in_position,0.0,,0.0,-1,153,6880.0,C,0.512143611907959,0.024743646383285522,True,nan,nan,,0
2025-12-23,67,356647,6887.35986328125,-1.0,323,2.3295438289642334,2.401888370513916,0.07234454154968262,2.4019;2.3222;2.2972;2.1536;2.0071,6890;6895;6885;6900;6880,C;C;C;C;P,32,no_trade,in_position,0.0,,0.0,-1,157,6890.0,C,0.4288235604763031,0.024823546409606934,True,nan,nan,,0
2025-12-23,68,356648,6887.52001953125,-1.0,322,2.3405723571777344,2.5535566806793213,0.21298432350158691,2.5536;2.5278;2.4622;2.2732;2.2045,6890;6885;6895;6900;6880,C;C;C;C;C,36,no_trade,in_position,0.0,,0.0,-1,161,6900.0,C,0.39257147908210754,0.01534929871559143,True,nan,nan,,0
2025-12-23,69,356649,6888.68017578125,-1.0,321,2.3997809886932373,2.401554584503174,0.0017735958099365234,2.4016;2.3372;2.3022;2.1737;1.8671,6890;6895;6885;6900;6905,C;C;C;C;C,33,no_trade,in_position,0.0,,0.0,-1,159,6895.0,C,0.2802702486515045,0.00817340612411499,True,nan,nan,,0
2025-12-23,70,356650,6890.35986328125,-1.0,320,2.3809292316436768,2.824544906616211,0.4436156749725342,2.8245;2.7449;2.7292;2.5792;2.2735,6890;6895;6885;6900;6905,C;C;C;C;C,39,no_trade,in_position,0.0,,0.0,-1,157,6890.0,C,0.6521817445755005,0.4632628262042999,True,nan,nan,,0
2025-12-23,71,356651,6889.08984375,-1.0,319,2.3316032886505127,2.401555061340332,0.06995177268981934,2.4016;2.3350;2.1758;2.1641;1.8358,6890;6895;6885;6900;6880,C;C;C;C;P,32,no_trade,in_position,0.0,,0.0,-1,159,6895.0,C,0.3575000762939453,0.06120970845222473,True,nan,nan,,0
2025-12-23,72,356652,6890.56005859375,-1.0,318,2.366523027420044,2.4595301151275635,0.09300708770751953,2.4595;2.4269;2.2991;2.2790;2.0406,6890;6895;6900;6885;6905,C;C;C;C;C,35,no_trade,in_position,0.0,,0.0,-1,157,6890.0,C,0.50447016954422,0.08725711703300476,True,nan,nan,,0
2025-12-23,73,356653,6890.2998046875,-1.0,317,2.224813938140869,2.251023769378662,0.02620983123779297,2.2510;2.2280;2.0930;1.7446;1.6583,6890;6895;6900;6905;6885,C;C;C;C;C,30,no_trade,in_position,0.0,,0.0,-1,157,6890.0,C,0.49949148297309875,0.3086581528186798,True,nan,nan,,0
2025-12-23,74,356654,6890.169921875,-1.0,316,2.317671537399292,2.9701335430145264,0.6524620056152344,2.9701;2.9219;2.8014;2.7733;2.4544,6890;6895;6885;6900;6905,C;C;C;C;C,33,no_trade,in_position,0.0,,0.0,-1,159,6895.0,C,0.5862385034561157,0.015874862670898438,True,nan,nan,,0
2025-12-23,75,356655,6889.1201171875,-1.0,315,2.2464678287506104,2.572380304336548,0.3259124755859375,2.5724;2.4799;2.3200;2.3193;1.8972,6890;6895;6900;6885;6905,C;C;C;C;C,32,no_trade,in_position,0.0,,0.0,-1,161,6900.0,C,0.4700564742088318,0.03487786650657654,True,nan,nan,,0
2025-12-23,76,356656,6888.85986328125,-1.0,314,2.3469979763031006,2.4291393756866455,0.08214139938354492,2.4291;2.3810;2.2427;2.1765;1.9183,6890;6895;6900;6885;6905,C;C;C;C;C,32,no_trade,in_position,0.0,,0.0,-1,157,6890.0,C,0.48854541778564453,0.06672722101211548,True,nan,nan,,0
2025-12-23,77,356657,6888.83984375,-1.0,313,2.2615270614624023,2.506669521331787,0.24514245986938477,2.5067;2.4294;2.2676;2.2301;1.9125,6890;6895;6900;6885;6905,C;C;C;C;C,31,no_trade,in_position,0.0,,0.0,-1,157,6890.0,C,0.3395000100135803,0.012609243392944336,True,nan,nan,,0
2025-12-23,78,356658,6889.93017578125,-1.0,312,2.2858266830444336,2.5299243927001953,0.24409770965576172,2.5299;2.4806;2.3464;2.1986;2.0389,6890;6895;6900;6885;6905,C;C;C;C;C,31,no_trade,in_position,0.0,,0.0,-1,157,6890.0,C,0.394761860370636,0.04160398244857788,True,nan,nan,,0
2025-12-23,79,356659,6890.5498046875,-1.0,311,2.236837387084961,2.572964668273926,0.33612728118896484,2.5730;2.5253;2.3937;2.1691;2.0968,6890;6895;6900;6885;6905,C;C;C;C;C,31,no_trade,in_position,0.0,,0.0,-1,157,6890.0,C,0.4210769534111023,0.014153927564620972,True,nan,nan,,0
2025-12-23,80,356660,6890.77978515625,-1.0,310,2.3126065731048584,2.5907645225524902,0.27815794944763184,2.5908;2.5782;2.4434;2.2597;2.1334,6890;6895;6900;6885;6905,C;C;C;C;C,30,no_trade,in_position,0.0,,0.0,-1,157,6890.0,C,0.5138095021247864,0.03038838505744934,True,nan,nan,,0
2025-12-23,81,356661,6890.5,-1.0,309,2.299426555633545,2.3818154335021973,0.08238887786865234,2.3818;2.3351;2.1980;2.1776;1.8568,6890;6895;6900;6885;6905,C;C;C;C;C,30,no_trade,in_position,0.0,,0.0,-1,157,6890.0,C,0.44328126311302185,0.03635823726654053,True,nan,nan,,0
2025-12-23,82,356662,6890.919921875,-1.0,308,2.395293951034546,2.3595492839813232,-0.035744667053222656,2.3595;2.3428;2.2251;1.9016;1.6318,6890;6895;6900;6905;6885,C;C;C;C;C,30,no_trade,in_position,0.0,,0.0,-1,157,6890.0,C,0.44415387511253357,0.4955175220966339,True,nan,nan,,0
2025-12-23,83,356663,6890.85009765625,-1.0,307,2.2331979274749756,2.0977909564971924,-0.1354069709777832,2.0978;2.0956;1.9440;1.7632;1.5785,6890;6895;6900;6885;6905,C;C;C;C;C,29,no_trade,in_position,0.0,,0.0,-1,159,6895.0,C,0.5811474919319153,0.0673379898071289,True,nan,nan,,0
2025-12-23,84,356664,6890.64990234375,-1.0,306,2.2482972145080566,2.6387054920196533,0.3904082775115967,2.6387;2.6093;2.4481;2.1513;2.0762,6890;6895;6900;6905;6885,C;C;C;C;C,33,no_trade,in_position,0.0,,0.0,-1,157,6890.0,C,0.7428301572799683,0.04057198762893677,True,nan,nan,,0
2025-12-23,85,356665,6889.240234375,-1.0,305,2.2586512565612793,2.3890645503997803,0.13041329383850098,2.3891;2.2434;2.1481;2.0102;1.3301,6890;6895;6885;6900;6905,C;C;C;C;C,27,no_trade,in_position,0.0,,0.0,-1,157,6890.0,C,0.1513393670320511,0.06914425641298294,True,nan,nan,,0
2025-12-23,86,356666,6891.72021484375,-1.0,304,2.355252504348755,2.9019885063171387,0.5467360019683838,2.9020;2.8381;2.6745;2.6658;2.4211,6890;6895;6900;6885;6905,C;C;C;C;C,34,no_trade,in_position,0.0,,0.0,-1,157,6890.0,C,0.4726865589618683,0.06685322523117065,True,nan,nan,,0
2025-12-23,87,356667,6891.27978515625,-1.0,303,2.204103469848633,2.4702341556549072,0.2661306858062744,2.4702;2.4446;2.2791;2.0205;1.9849,6890;6895;6900;6885;6905,C;C;C;C;C,32,no_trade,in_position,0.0,,0.0,-1,157,6890.0,C,0.30119043588638306,0.03799891471862793,True,nan,nan,,0
2025-12-23,88,356668,6893.39013671875,-1.0,302,2.3067028522491455,2.2306225299835205,-0.076080322265625,2.2306;2.2255;2.0791;1.8296;1.8172,6895;6890;6900;6905;6885,C;C;C;C;C,33,no_trade,in_position,0.0,,0.0,-1,157,6890.0,C,0.6126086711883545,0.4117391109466553,True,nan,nan,,0
2025-12-23,89,356669,6892.27001953125,-1.0,301,2.203766345977783,2.561115264892578,0.3573489189147949,2.5611;2.5422;2.3724;2.1462;2.0452,6890;6895;6900;6885;6905,C;C;C;C;C,33,trade,,6890.0,C,6.900000095367432,157,157,6890.0,C,0.38863012194633484,0.04846951365470886,True,-0.02917808142941406,-0.4178082033757489,TRAILING_STOP,30
2025-12-23,90,356670,6892.64013671875,-1.0,300,2.2851665019989014,2.8880810737609863,0.602914571762085,2.8881;2.8510;2.7251;2.6511;2.4467,6890;6895;6900;6885;6905,C;C;C;C;C,33,no_trade,in_position,0.0,,0.0,-1,157,6890.0,C,0.3093903064727783,0.023428738117218018,True,nan,nan,,0
2025-12-23,91,356671,6894.16015625,-1.0,299,2.208571434020996,2.6686952114105225,0.46012377738952637,2.6687;2.6673;2.5202;2.3328;2.0353,6895;6890;6900;6905;6885,C;C;C;C;C,32,no_trade,in_position,0.0,,0.0,-1,159,6895.0,C,0.5173999667167664,0.2634000778198242,True,nan,nan,,0
2025-12-23,92,356672,6894.72998046875,-1.0,298,2.1753928661346436,2.6862730979919434,0.5108802318572998,2.6863;2.6080;2.5456;2.2610;1.9404,6895;6890;6900;6905;6910,C;C;C;C;C,31,no_trade,in_position,0.0,,0.0,-1,159,6895.0,C,0.4871428310871124,0.2674466371536255,True,nan,nan,,0
2025-12-23,93,356673,6894.18017578125,-1.0,297,2.165855884552002,2.4187893867492676,0.2529335021972656,2.4188;2.3643;2.2912;2.0260;1.6524,6895;6890;6900;6905;6885,C;C;C;C;C,30,no_trade,in_position,0.0,,0.0,-1,159,6895.0,C,0.6147058606147766,0.02059626579284668,True,nan,nan,,0
2025-12-23,94,356674,6893.75,-1.0,296,2.1573495864868164,2.5916552543640137,0.43430566787719727,2.5917;2.5162;2.4413;2.1417;1.5258,6895;6890;6900;6905;6910,C;C;C;C;C,26,no_trade,in_position,0.0,,0.0,-1,157,6890.0,C,0.43160003423690796,0.022000044584274292,True,nan,nan,,0
2025-12-23,95,356675,6893.89990234375,-1.0,295,2.1766762733459473,2.761577844619751,0.5849015712738037,2.7616;2.7439;2.6201;2.4269;2.2749,6895;6890;6900;6905;6885,C;C;C;C;C,31,no_trade,in_position,0.0,,0.0,-1,157,6890.0,C,0.41499996185302734,0.010168135166168213,True,nan,nan,,0
2025-12-23,96,356676,6894.330078125,-1.0,294,2.1620349884033203,2.427258253097534,0.26522326469421387,2.4273;2.2986;2.2934;2.0541;1.4428,6895;6890;6900;6905;6910,C;C;C;C;C,24,no_trade,in_position,0.0,,0.0,-1,157,6890.0,C,0.5522972941398621,0.006016373634338379,True,nan,nan,,0
2025-12-23,97,356677,6893.89013671875,-1.0,293,2.1371662616729736,2.27071213722229,0.1335458755493164,2.2707;2.2593;2.1231;1.7949;1.3103,6895;6890;6900;6905;6885,C;C;C;C;C,27,no_trade,in_position,0.0,,0.0,-1,157,6890.0,C,0.5333803296089172,0.02713024616241455,True,nan,nan,,0
2025-12-23,98,356678,6893.1298828125,-1.0,292,2.1948015689849854,1.966210961341858,-0.22859060764312744,1.9662;1.9388;1.8225;1.4571;1.2951,6895;6890;6900;6905;6885,C;C;C;C;C,28,no_trade,in_position,0.0,,0.0,-1,157,6890.0,C,0.5126086473464966,0.11350148916244507,True,nan,nan,,0
2025-12-23,99,356679,6893.18994140625,-1.0,291,2.235746383666992,2.697033643722534,0.461287260055542,2.6970;2.6567;2.5436;2.2307;1.4344,6895;6890;6900;6905;6885,C;C;C;C;C,26,no_trade,in_position,0.0,,0.0,-1,157,6890.0,C,0.46913042664527893,0.22000756859779358,True,nan,nan,,0
2025-12-23,100,356680,6892.89013671875,-1.0,290,2.199319839477539,2.612125873565674,0.41280603408813477,2.6121;2.5703;2.4185;2.3986;2.1647,6890;6895;6900;6885;6905,C;C;C;C;C,39,no_trade,in_position,0.0,,0.0,-1,157,6890.0,C,0.40791672468185425,0.027219146490097046,True,nan,nan,,0
2025-12-23,101,356681,6893.18017578125,-1.0,289,2.247255563735962,2.355248212814331,0.10799264907836914,2.3552;2.3323;2.1920;1.9246;1.8081,6895;6890;6900;6905;6885,C;C;C;C;C,26,no_trade,in_position,0.0,,0.0,-1,157,6890.0,C,0.21957142651081085,0.2715226411819458,True,nan,nan,,0
2025-12-23,102,356682,6892.93017578125,-1.0,288,2.2100651264190674,2.645049810409546,0.4349846839904785,2.6450;2.6235;2.4823;2.1903;1.8113,6895;6890;6900;6905;6885,C;C;C;C;C,27,no_trade,in_position,0.0,,0.0,-1,157,6890.0,C,0.39013510942459106,0.06587967276573181,True,nan,nan,,0
2025-12-23,103,356683,6893.81005859375,-1.0,287,2.179083824157715,2.115457057952881,-0.06362676620483398,2.1155;2.1047;1.9744;1.7474;1.2490,6895;6890;6900;6905;6890,C;C;C;C;P,26,no_trade,in_position,0.0,,0.0,-1,161,6900.0,C,0.48347821831703186,0.012262016534805298,True,nan,nan,,0
2025-12-23,104,356684,6893.77978515625,-1.0,286,2.1149420738220215,2.3408069610595703,0.22586488723754883,2.3408;2.3064;2.2085;1.5675;1.5107,6895;6890;6900;6885;6905,C;C;C;C;C,27,no_trade,in_position,0.0,,0.0,-1,157,6890.0,C,0.3608750104904175,0.052247554063797,True,nan,nan,,0
2025-12-24,60,357030,6920.259765625,-1.0,330,1.6205509901046753,1.8952816724777222,0.2747306823730469,1.8953;1.7451;1.5919;1.5428;1.3127,6920;6925;6915;6920;6910,C;C;P;P;P,22,trade,,6920.0,C,3.700000047683716,138,136,6915.0,C,0.5082369446754456,0.004045307636260986,True,0.47430945863174073,-0.033927486043704824,TAKE_PROFIT,37
2025-12-24,61,357031,6919.669921875,-1.0,329,1.5791747570037842,2.2718873023986816,0.6927125453948975,2.2719;2.0683;1.6525;1.5664;1.5335,6920;6925;6915;6915;6920,C;C;C;P;P,20,no_trade,in_position,0.0,,0.0,-1,138,6920.0,C,0.630312442779541,0.016502976417541504,True,nan,nan,,0
2025-12-24,62,357032,6918.85009765625,-1.0,328,1.5176185369491577,2.21757173538208,0.6999531984329224,2.2176;2.1891;2.0018;1.6835;1.4906,6915;6920;6925;6930;6915,C;C;C;C;P,28,no_trade,in_position,0.0,,0.0,-1,136,6915.0,C,0.44328126311302185,0.05328121781349182,True,nan,nan,,0
2025-12-24,63,357033,6919.22998046875,-1.0,327,1.4804760217666626,2.1066253185272217,0.6261492967605591,2.1066;1.8581;1.7755;1.2836;1.1701,6920;6925;6915;6930;6915,C;C;C;C;P,19,no_trade,in_position,0.0,,0.0,-1,136,6915.0,C,0.44415387511253357,0.00869932770729065,True,nan,nan,,0
2025-12-24,64,357034,6919.41015625,-1.0,326,1.383378267288208,1.9540519714355469,0.5706737041473389,1.9541;1.7002;1.5659;1.1787;1.1467,6920;6925;6915;6915;6920,C;C;C;P;P,20,no_trade,in_position,0.0,,0.0,-1,136,6915.0,C,0.5138095021247864,0.07835495471954346,True,nan,nan,,0
2025-12-24,65,357035,6919.740234375,-1.0,325,1.3521482944488525,1.602903962135315,0.2507556676864624,1.6029;1.5724;1.4581;1.3790;1.2646,6920;6915;6920;6910;6915,P;P;C;P;C,21,no_trade,in_position,0.0,,0.0,-1,140,6925.0,C,0.5598540306091309,0.03178948163986206,True,nan,nan,,0
2025-12-24,66,357036,6919.33984375,-1.0,324,1.487987995147705,1.722923755645752,0.23493576049804688,1.7229;1.4829;0.9541;0.9007;0.8822,6920;6925;6915;6915;6930,C;C;P;C;C,26,no_trade,in_position,0.0,,0.0,-1,136,6915.0,C,0.37681815028190613,0.03227272629737854,True,nan,nan,,0
2025-12-24,67,357037,6920.1298828125,-1.0,323,1.5287718772888184,1.726447582244873,0.1976757049560547,1.7264;1.5271;1.3182;1.3060;1.3012,6920;6925;6915;6920;6915,C;C;P;P;C,17,no_trade,in_position,0.0,,0.0,-1,136,6915.0,C,0.3838571310043335,0.04823213815689087,True,nan,nan,,0
2025-12-24,68,357038,6920.830078125,-1.0,322,1.5500003099441528,1.9487745761871338,0.39877426624298096,1.9488;1.7448;1.4284;1.3697;1.2112,6920;6925;6920;6915;6930,C;C;P;P;C,20,no_trade,in_position,0.0,,0.0,-1,136,6915.0,C,0.49086955189704895,0.008869588375091553,True,nan,nan,,0
2025-12-24,69,357039,6920.5400390625,-1.0,321,1.521691083908081,1.8536489009857178,0.3319578170776367,1.8536;1.6619;1.2486;1.1959;0.9225,6920;6925;6915;6920;6930,C;C;P;P;C,18,no_trade,in_position,0.0,,0.0,-1,142,6930.0,C,0.5596774816513062,0.00013899803161621094,True,nan,nan,,0
2025-12-24,70,357040,6920.08984375,-1.0,320,1.5850971937179565,2.107649326324463,0.5225521326065063,2.1076;1.9078;1.7164;1.1714;1.1355,6920;6925;6915;6920;6915,C;C;C;P;P,20,no_trade,in_position,0.0,,0.0,-1,136,6915.0,C,0.38217389583587646,0.02281898260116577,True,nan,nan,,0
2025-12-24,71,357041,6920.4501953125,-1.0,319,1.5636097192764282,1.992422103881836,0.4288123846054077,1.9924;1.8023;1.5734;1.2453;1.1582,6920;6925;6915;6930;6920,C;C;C;C;P,19,no_trade,in_position,0.0,,0.0,-1,138,6920.0,C,0.5255881547927856,0.07744526863098145,True,nan,nan,,0
2025-12-24,72,357042,6920.31982421875,-1.0,318,1.3720371723175049,1.5187416076660156,0.14670443534851074,1.5187;1.4004;1.3903;1.2310;1.0602,6920;6920;6915;6925;6910,C;P;P;C;P,20,no_trade,in_position,0.0,,0.0,-1,136,6915.0,C,0.44887325167655945,0.08772680163383484,True,nan,nan,,0
2025-12-24,73,357043,6920.3798828125,-1.0,317,1.4268465042114258,1.900207757949829,0.4733612537384033,1.9002;1.7399;1.5100;1.4906;1.4120,6920;6925;6915;6920;6915,C;C;C;P;P,24,no_trade,in_position,0.0,,0.0,-1,136,6915.0,C,0.42581960558891296,0.06081962585449219,True,nan,nan,,0
2025-12-24,74,357044,6921.0400390625,-1.0,316,1.4155704975128174,1.6192007064819336,0.2036302089691162,1.6192;1.4399;1.2610;1.1783;1.0079,6920;6925;6920;6915;6915,C;C;P;P;C,19,no_trade,in_position,0.0,,0.0,-1,136,6915.0,C,0.4432976245880127,0.03623887896537781,True,nan,nan,,0
2025-12-24,75,357045,6921.39013671875,-1.0,315,1.4565473794937134,1.736015796661377,0.2794684171676636,1.7360;1.5681;1.5035;1.3630;1.1000,6920;6925;6920;6915;6925,C;C;P;P;P,19,no_trade,in_position,0.0,,0.0,-1,138,6920.0,C,0.5486263632774353,0.0025699734687805176,True,nan,nan,,0
2025-12-24,76,357046,6921.02978515625,-1.0,314,1.5148121118545532,1.7861844301223755,0.27137231826782227,1.7862;1.5990;1.5210;1.4332;1.0598,6920;6925;6920;6915;6925,C;C;P;P;P,21,no_trade,in_position,0.0,,0.0,-1,136,6915.0,C,0.42581960558891296,0.007711470127105713,True,nan,nan,,0
2025-12-24,77,357047,6921.2001953125,-1.0,313,1.5169618129730225,2.0145034790039062,0.4975416660308838,2.0145;1.8455;1.3774;1.2404;1.1461,6920;6925;6920;6915;6930,C;C;P;P;C,20,no_trade,in_position,0.0,,0.0,-1,140,6925.0,C,0.514193594455719,0.0125199556350708,True,nan,nan,,0
2025-12-24,78,357048,6921.169921875,-1.0,312,1.5642118453979492,1.7766449451446533,0.2124330997467041,1.7766;1.6255;1.2699;1.1939;1.0446,6920;6925;6920;6915;6930,C;C;P;P;C,20,no_trade,in_position,0.0,,0.0,-1,136,6915.0,C,0.3981432616710663,0.029681742191314697,True,nan,nan,,0
2025-12-24,79,357049,6921.47998046875,-1.0,311,1.4594194889068604,1.7826159000396729,0.3231964111328125,1.7826;1.6196;1.4925;1.3625;1.1486,6920;6925;6920;6915;6930,C;C;P;P;C,24,no_trade,in_position,0.0,,0.0,-1,136,6915.0,C,0.4795999825000763,0.021575331687927246,True,nan,nan,,0
2025-12-24,80,357050,6921.64990234375,-1.0,310,1.471133828163147,1.8442354202270508,0.3731015920639038,1.8442;1.6966;1.4096;1.3122;1.1122,6920;6925;6920;6915;6930,C;C;P;P;C,22,no_trade,in_position,0.0,,0.0,-1,138,6920.0,C,0.4798450171947479,0.027608156204223633,True,nan,nan,,0
2025-12-24,81,357051,6921.4501953125,-1.0,309,1.4833922386169434,1.9344171285629272,0.4510248899459839,1.9344;1.7778;1.2343;1.1359;1.1324,6920;6925;6920;6930;6915,C;C;P;C;P,21,no_trade,in_position,0.0,,0.0,-1,136,6915.0,C,0.3543582856655121,0.10502497851848602,True,nan,nan,,0
2025-12-24,82,357052,6922.58984375,-1.0,308,1.392250895500183,1.9433510303497314,0.5511001348495483,1.9434;1.8369;1.4523;1.3591;1.1727,6920;6925;6930;6920;6925,C;C;C;P;P,19,no_trade,in_position,0.0,,0.0,-1,138,6920.0,C,0.45266667008399963,0.004747450351715088,True,nan,nan,,0
2025-12-24,83,357053,6922.64013671875,-1.0,307,1.4760026931762695,1.9689719676971436,0.492969274520874,1.9690;1.8423;1.7201;1.4910;1.3826,6920;6925;6920;6925;6915,C;C;P;P;P,17,no_trade,in_position,0.0,,0.0,-1,136,6915.0,C,0.5311110019683838,0.010878503322601318,True,nan,nan,,0
2025-12-24,84,357054,6922.06005859375,-1.0,306,1.4821786880493164,1.8654576539993286,0.3832789659500122,1.8655;1.7373;1.2574;1.0046;0.9734,6920;6925;6920;6930;6915,C;C;P;C;P,21,no_trade,in_position,0.0,,0.0,-1,136,6915.0,C,0.4210715591907501,0.05594336986541748,True,nan,nan,,0
2025-12-24,85,357055,6922.64990234375,-1.0,305,1.3657891750335693,1.8400344848632812,0.4742453098297119,1.8400;1.7303;1.6976;1.4330;1.4175,6920;6925;6920;6925;6915,C;C;P;P;P,21,no_trade,in_position,0.0,,0.0,-1,138,6920.0,C,0.5197726488113403,0.039772599935531616,True,nan,nan,,0
2025-12-24,86,357056,6922.27001953125,-1.0,304,1.4514453411102295,2.003019094467163,0.5515737533569336,2.0030;1.8440;1.4399;1.1079;1.1068,6920;6925;6920;6925;6930,C;C;P;P;C,17,no_trade,in_position,0.0,,0.0,-1,136,6915.0,C,0.4506418704986572,0.031308501958847046,True,nan,nan,,0
2025-12-24,87,357057,6922.740234375,-1.0,303,1.368807077407837,1.8803024291992188,0.5114953517913818,1.8803;1.8108;1.4651;1.3143;1.2314,6920;6925;6920;6930;6925,C;C;P;C;P,21,no_trade,in_position,0.0,,0.0,-1,136,6915.0,C,0.48206329345703125,0.002063244581222534,True,nan,nan,,0
2025-12-24,88,357058,6922.830078125,-1.0,302,1.3413500785827637,1.869823694229126,0.5284736156463623,1.8698;1.7904;1.5243;1.2937;1.1379,6920;6925;6920;6925;6915,C;C;P;P;P,19,no_trade,in_position,0.0,,0.0,-1,136,6915.0,C,0.39799994230270386,0.0048750340938568115,True,nan,nan,,0
2025-12-24,89,357059,6923.5498046875,-1.0,301,1.4205775260925293,1.769197940826416,0.3486204147338867,1.7692;1.7129;1.6795;1.3952;1.3638,6920;6925;6925;6930;6915,P;C;P;C;P,25,no_trade,in_position,0.0,,0.0,-1,136,6915.0,C,0.4537198543548584,0.05631980299949646,True,nan,nan,,0
2025-12-24,90,357060,6923.759765625,-1.0,300,1.4482629299163818,1.922867774963379,0.47460484504699707,1.9229;1.6600;1.5015;1.4484;1.2883,6925;6920;6930;6925;6915,C;P;C;P;P,21,no_trade,in_position,0.0,,0.0,-1,136,6915.0,C,0.48809272050857544,0.030692726373672485,True,nan,nan,,0
2025-12-24,91,357061,6924.08984375,-1.0,299,1.4606717824935913,2.18925404548645,0.7285822629928589,2.1893;1.7095;1.2974;1.2449;1.1399,6925;6930;6920;6915;6920,C;C;C;C;P,17,no_trade,in_position,0.0,,0.0,-1,140,6925.0,C,0.5533334016799927,0.03520846366882324,True,nan,nan,,0
2025-12-24,92,357062,6923.60986328125,-1.0,298,1.511466383934021,1.7720593214035034,0.2605929374694824,1.7721;1.5598;1.3827;1.3416;1.2017,6925;6920;6930;6925;6915,C;P;C;P;P,18,no_trade,in_position,0.0,,0.0,-1,142,6930.0,C,0.549333393573761,0.007709145545959473,True,nan,nan,,0
2025-12-24,93,357063,6923.14013671875,-1.0,297,1.4994820356369019,1.6275827884674072,0.12810075283050537,1.6276;1.4838;1.4507;1.4097;1.3521,6920;6920;6925;6925;6915,P;C;P;C;P,21,no_trade,in_position,0.0,,0.0,-1,136,6915.0,C,0.420449435710907,0.03669944405555725,True,nan,nan,,0
2025-12-24,94,357064,6923.5400390625,-1.0,296,1.4646788835525513,1.759901762008667,0.2952228784561157,1.7599;1.6514;1.3152;1.1419;0.9296,6925;6920;6930;6920;6925,C;C;C;P;P,16,no_trade,in_position,0.0,,0.0,-1,142,6930.0,C,0.7876924276351929,0.10047024488449097,True,nan,nan,,0
2025-12-24,95,357065,6922.6201171875,-1.0,295,1.4050456285476685,1.9198064804077148,0.5147608518600464,1.9198;1.7563;1.5991;1.3618;1.3074,6920;6925;6920;6925;6915,C;C;P;P;P,25,no_trade,in_position,0.0,,0.0,-1,136,6915.0,C,0.30593743920326233,0.09984889626502991,True,nan,nan,,0
2025-12-24,96,357066,6924.080078125,-1.0,294,1.4419950246810913,1.73527991771698,0.29328489303588867,1.7353;1.7137;1.4836;1.4626;1.4128,6925;6920;6930;6920;6925,C;C;C;P;P,21,no_trade,in_position,0.0,,0.0,-1,140,6925.0,C,0.5297777056694031,0.03600415587425232,True,nan,nan,,0
2025-12-24,97,357067,6924.259765625,-1.0,293,1.3465734720230103,2.1811270713806152,0.834553599357605,2.1811;1.6826;1.2669;1.2194;1.1753,6925;6930;6920;6920;6925,C;C;P;C;P,15,no_trade,in_position,0.0,,0.0,-1,136,6915.0,C,0.3869367837905884,0.05297127366065979,True,nan,nan,,0
2025-12-24,98,357068,6924.919921875,-1.0,292,1.523200273513794,1.6031835079193115,0.07998323440551758,1.6032;1.4039;1.3619;1.3307;1.0992,6925;6920;6925;6930;6915,C;P;P;C;P,23,no_trade,in_position,0.0,,0.0,-1,136,6915.0,C,0.4966999888420105,0.03342413902282715,True,nan,nan,,0
2025-12-24,99,357069,6924.89990234375,-1.0,291,1.5348107814788818,1.869035243988037,0.3342244625091553,1.8690;1.6375;1.5718;1.5299;1.3351,6925;6920;6925;6930;6915,C;P;P;C;P,20,trade,,6925.0,C,2.549999952316284,140,136,6915.0,C,0.3684259057044983,0.06273356080055237,True,0.12874996082857312,-0.23967594487592517,TAKE_PROFIT,3
2025-12-24,100,357070,6925.68017578125,-1.0,290,1.5621782541275024,2.179555654525757,0.6173774003982544,2.1796;1.8724;1.7530;1.7307;1.4481,6925;6930;6920;6925;6935,C;C;P;P;C,20,no_trade,in_position,0.0,,0.0,-1,136,6915.0,C,0.4795370399951935,0.04609954357147217,True,nan,nan,,0
2025-12-24,101,357071,6926.10986328125,-1.0,289,1.6048462390899658,2.4502816200256348,0.845435380935669,2.4503;2.2392;1.5974;1.5959;1.5245,6925;6930;6920;6925;6920,C;C;C;P;P,22,no_trade,in_position,0.0,,0.0,-1,138,6920.0,C,0.40528568625450134,0.004145264625549316,True,nan,nan,,0
2025-12-24,102,357072,6926.47021484375,-1.0,288,1.6430246829986572,2.2966554164886475,0.6536307334899902,2.2967;2.0266;1.5975;1.3753;1.2670,6925;6930;6935;6920;6925,C;C;C;C;P,18,no_trade,in_position,0.0,,0.0,-1,136,6915.0,C,0.40558329224586487,0.05203065276145935,True,nan,nan,,0
2025-12-24,103,357073,6926.85986328125,-1.0,287,1.6914492845535278,2.3208212852478027,0.6293720006942749,2.3208;2.1350;1.8057;1.7058;1.6092,6925;6930;6925;6920;6935,C;C;P;P;C,21,no_trade,in_position,0.0,,0.0,-1,136,6915.0,C,0.36592307686805725,0.04980543255805969,True,nan,nan,,0
2025-12-24,104,357074,6927.83984375,-1.0,286,1.7104476690292358,2.2564897537231445,0.5460420846939087,2.2565;2.1704;2.0137;1.8684;1.8335,6925;6930;6925;6920;6935,C;C;P;P;C,26,trade,,6925.0,C,4.849999904632568,140,140,6925.0,C,0.634722113609314,0.06759709119796753,True,0.6347221241505097,1.0541195694102612e-08,TAKE_PROFIT,22
2025-12-26,60,357240,6936.2001953125,-1.0,330,2.0365092754364014,2.0289039611816406,-0.007605314254760742,2.0289;1.9915;1.9723;1.8416;1.7485,6940;6945;6935;6950;6930,C;C;C;C;P,33,no_trade,gate,0.0,,0.0,-1,213,6940.0,P,0.40072163939476013,0.013638228178024292,True,nan,nan,,0
2025-12-26,61,357241,6936.4501953125,-1.0,329,2.141559362411499,2.594423294067383,0.4528639316558838,2.5944;2.5839;2.5188;2.4990;2.3764,6935;6940;6945;6930;6950,C;C;C;C;C,42,trade,,6935.0,C,7.800000190734863,210,213,6940.0,P,0.39194169640541077,0.06358537077903748,True,-0.02991573081791906,-0.4218574272233298,TRAILING_STOP,9
2025-12-26,62,357242,6934.52001953125,-1.0,328,2.2909977436065674,2.6927928924560547,0.4017951488494873,2.6928;2.6875;2.5826;2.4487;2.4337,6935;6940;6945;6930;6950,C;C;C;C;C,40,no_trade,in_position,0.0,,0.0,-1,213,6940.0,P,0.22664473950862885,0.4375271201133728,True,nan,nan,,0
2025-12-26,63,357243,6936.2998046875,-1.0,327,2.2918875217437744,2.438858985900879,0.1469714641571045,2.4389;2.3776;2.3693;2.2318;1.9221,6940;6935;6945;6950;6955,C;C;C;C;C,32,no_trade,in_position,0.0,,0.0,-1,213,6940.0,P,0.6225300431251526,0.00319671630859375,True,nan,nan,,0
2025-12-26,64,357244,6937.72998046875,-1.0,326,2.1626195907592773,2.2987782955169678,0.13615870475769043,2.2988;2.2606;2.2098;2.1636;1.9150,6940;6945;6935;6950;6930,C;C;C;C;P,36,no_trade,in_position,0.0,,0.0,-1,211,6935.0,P,0.4423808753490448,0.040662556886672974,True,nan,nan,,0
2025-12-26,65,357245,6937.2099609375,-1.0,325,2.1504130363464355,2.3735222816467285,0.22310924530029297,2.3735;2.3156;2.3083;2.2140;1.9485,6940;6945;6935;6950;6955,C;C;C;C;C,36,no_trade,in_position,0.0,,0.0,-1,213,6940.0,P,0.48752880096435547,0.040881574153900146,True,nan,nan,,0
2025-12-26,66,357246,6937.5400390625,-1.0,324,2.268832206726074,2.414029121398926,0.14519691467285156,2.4140;2.3431;2.3330;2.2022;1.8957,6940;6945;6935;6950;6955,C;C;C;C;C,35,no_trade,in_position,0.0,,0.0,-1,209,6930.0,P,0.5709090828895569,0.031511545181274414,True,nan,nan,,0
2025-12-26,67,357247,6938.08984375,-1.0,323,2.103027582168579,1.8146201372146606,-0.28840744495391846,1.8146;1.7704;1.6681;1.6643;1.6536,6940;6945;6925;6950;6930,C;C;P;C;P,30,no_trade,in_position,0.0,,0.0,-1,211,6935.0,P,0.33632344007492065,0.017064183950424194,True,nan,nan,,0
2025-12-26,68,357248,6936.56005859375,-1.0,322,2.0151515007019043,2.420365571975708,0.4052140712738037,2.4204;2.4015;2.3579;2.2315;2.1522,6940;6935;6945;6950;6930,C;C;C;C;C,38,no_trade,in_position,0.0,,0.0,-1,213,6940.0,P,0.4309374690055847,0.01434171199798584,True,nan,nan,,0
2025-12-26,69,357249,6935.8798828125,-1.0,321,2.2568066120147705,2.334176540374756,0.07736992835998535,2.3342;2.2600;2.2399;2.0463;1.9486,6940;6935;6945;6950;6930,C;C;C;C;C,36,no_trade,in_position,0.0,,0.0,-1,213,6940.0,P,0.4933684766292572,0.054201722145080566,True,nan,nan,,0
2025-12-26,70,357250,6935.31982421875,-1.0,320,2.355208158493042,2.481321334838867,0.1261131763458252,2.4813;2.3954;2.3766;2.1956;1.7991,6940;6935;6945;6950;6955,C;C;C;C;C,31,no_trade,in_position,0.0,,0.0,-1,211,6935.0,P,0.4704166650772095,0.027765005826950073,True,nan,nan,,0
2025-12-26,71,357251,6935.759765625,-1.0,319,2.3191568851470947,2.4578843116760254,0.13872742652893066,2.4579;2.4558;2.3546;2.1997;1.9405,6935;6940;6945;6950;6930,C;C;C;C;C,36,no_trade,in_position,0.0,,0.0,-1,211,6935.0,P,0.49112674593925476,0.008446365594863892,True,nan,nan,,0
2025-12-26,72,357252,6935.52978515625,-1.0,318,2.1311163902282715,2.254669666290283,0.12355327606201172,2.2547;2.2488;2.1562;1.9915;1.8264,6940;6935;6945;6950;6930,C;C;C;C;C,37,trade,,6940.0,C,4.5,212,213,6940.0,P,0.39194169640541077,0.00034171342849731445,True,-0.051951220720598656,-0.4438929171260094,TRAILING_STOP,25
2025-12-26,73,357253,6934.5400390625,-1.0,317,1.9517656564712524,1.986080527305603,0.034314870834350586,1.9861;1.9707;1.8457;1.6997;1.6352,6935;6940;6945;6930;6950,C;C;C;C;C,32,no_trade,in_position,0.0,,0.0,-1,213,6940.0,P,0.4368867576122284,0.7213473320007324,True,nan,nan,,0
2025-12-26,74,357254,6933.91015625,-1.0,316,2.1587300300598145,2.3319039344787598,0.1731739044189453,2.3319;2.2582;2.2102;2.1416;1.8482,6935;6940;6930;6945;6950,C;C;C;C;C,31,no_trade,in_position,0.0,,0.0,-1,213,6940.0,P,0.5377451777458191,0.8240538835525513,True,nan,nan,,0
2025-12-26,75,357255,6934.08984375,-1.0,315,2.0375053882598877,1.9628612995147705,-0.07464408874511719,1.9629;1.9149;1.7734;1.6955;1.6130,6935;6940;6945;6930;6930,C;C;C;C;P,31,no_trade,in_position,0.0,,0.0,-1,213,6940.0,P,0.22595936059951782,0.461728572845459,True,nan,nan,,0
2025-12-26,76,357256,6935.7001953125,-1.0,314,2.2199089527130127,2.435561418533325,0.2156524658203125,2.4356;2.4213;2.3349;2.0829;1.8032,6940;6935;6945;6950;6930,C;C;C;C;C,32,no_trade,in_position,0.0,,0.0,-1,211,6935.0,P,0.3854929506778717,0.016033530235290527,True,nan,nan,,0
2025-12-26,77,357257,6934.64990234375,-1.0,313,2.040900945663452,1.6970880031585693,-0.3438129425048828,1.6971;1.6653;1.5548;1.4182;1.3235,6940;6935;6945;6930;6935,C;C;C;P;P,27,no_trade,in_position,0.0,,0.0,-1,211,6935.0,P,0.5348528623580933,0.009905457496643066,True,nan,nan,,0
2025-12-26,78,357258,6934.9501953125,-1.0,312,1.9823191165924072,2.0161874294281006,0.03386831283569336,2.0162;2.0060;1.9006;1.6787;1.5391,6940;6935;6945;6950;6930,C;C;C;C;C,28,no_trade,in_position,0.0,,0.0,-1,213,6940.0,P,0.5596666932106018,0.01534128189086914,True,nan,nan,,0
2025-12-26,79,357259,6935.83984375,-1.0,311,1.7521421909332275,2.0658934116363525,0.313751220703125,2.0659;2.0589;1.9834;1.7941;1.7802,6940;6935;6945;6950;6930,C;C;C;C;C,32,no_trade,in_position,0.0,,0.0,-1,213,6940.0,P,0.30264708399772644,0.02704709768295288,True,nan,nan,,0
2025-12-26,80,357260,6934.330078125,-1.0,310,1.7859623432159424,2.2200818061828613,0.43411946296691895,2.2201;2.1707;2.1204;2.0635;1.8219,6935;6940;6930;6945;6950,C;C;C;C;C,37,no_trade,in_position,0.0,,0.0,-1,213,6940.0,P,0.45028847455978394,0.7432315349578857,True,nan,nan,,0
2025-12-26,81,357261,6933.77978515625,-1.0,309,2.0848731994628906,2.012418031692505,-0.07245516777038574,2.0124;1.9976;1.8692;1.7679;1.6527,6935;6940;6945;6930;6930,C;C;C;C;P,34,no_trade,in_position,0.0,,0.0,-1,213,6940.0,P,0.4551844596862793,0.5077425837516785,True,nan,nan,,0
2025-12-26,82,357262,6933.4501953125,-1.0,308,2.064967155456543,2.2269394397735596,0.1619722843170166,2.2269;2.2065;2.0472;1.9557;1.7588,6935;6940;6945;6930;6950,C;C;C;C;C,31,no_trade,in_position,0.0,,0.0,-1,213,6940.0,P,0.22804123163223267,0.5186046361923218,True,nan,nan,,0
2025-12-26,83,357263,6934.4501953125,-1.0,307,1.8988369703292847,2.380970001220703,0.48213303089141846,2.3810;2.3424;2.1983;2.1902;1.9745,6935;6940;6945;6930;6950,C;C;C;C;C,32,no_trade,in_position,0.0,,0.0,-1,211,6935.0,P,0.5126086473464966,0.04964950680732727,True,nan,nan,,0
2025-12-26,84,357264,6934.89013671875,-1.0,306,1.8438427448272705,2.0361077785491943,0.19226503372192383,2.0361;2.0065;1.9147;1.6700;1.3923,6940;6935;6945;6950;6930,C;C;C;C;P,29,no_trade,in_position,0.0,,0.0,-1,213,6940.0,P,0.5577419400215149,0.039231181144714355,True,nan,nan,,0
2025-12-26,85,357265,6934.85986328125,-1.0,305,1.8784323930740356,2.573660135269165,0.6952277421951294,2.5737;2.5441;2.4149;2.3780;2.1778,6935;6940;6945;6930;6950,C;C;C;C;C,33,no_trade,in_position,0.0,,0.0,-1,213,6940.0,P,0.3600989878177643,0.010280817747116089,True,nan,nan,,0
2025-12-26,86,357266,6934.2099609375,-1.0,304,1.935500144958496,1.8701320886611938,-0.06536805629730225,1.8701;1.8178;1.6499;1.6452;1.6181,6935;6940;6930;6945;6930,C;C;P;C;C,30,no_trade,in_position,0.0,,0.0,-1,211,6935.0,P,0.5674453377723694,0.3396328389644623,True,nan,nan,,0
2025-12-26,87,357267,6934.64990234375,-1.0,303,1.959369421005249,1.915906548500061,-0.04346287250518799,1.9159;1.8798;1.7707;1.5314;1.5149,6935;6940;6945;6950;6930,C;C;C;C;C,32,no_trade,in_position,0.0,,0.0,-1,207,6925.0,P,0.7972412705421448,0.029622197151184082,True,nan,nan,,0
2025-12-26,88,357268,6936.85986328125,-1.0,302,1.92583429813385,2.599471092224121,0.673636794090271,2.5995;2.5760;2.4801;2.2618;2.1340,6940;6935;6945;6950;6930,C;C;C;C;C,34,no_trade,in_position,0.0,,0.0,-1,213,6940.0,P,0.4557318091392517,0.004704385995864868,True,nan,nan,,0
2025-12-26,89,357269,6936.759765625,-1.0,301,1.960524559020996,2.4734811782836914,0.5129566192626953,2.4735;2.4390;2.3638;2.1430;1.6351,6940;6935;6945;6950;6935,C;C;C;C;P,31,no_trade,in_position,0.0,,0.0,-1,207,6925.0,P,0.45631399750709534,0.025480687618255615,True,nan,nan,,0
2025-12-26,90,357270,6936.47021484375,-1.0,300,1.995482087135315,2.581606388092041,0.5861243009567261,2.5816;2.5735;2.4694;2.2847;2.1929,6935;6940;6945;6950;6930,C;C;C;C;C,33,no_trade,in_position,0.0,,0.0,-1,205,6920.0,P,0.5805128812789917,0.0032715201377868652,True,nan,nan,,0
2025-12-26,91,357271,6937.25,-1.0,299,2.0548856258392334,2.5235955715179443,0.46870994567871094,2.5236;2.5033;2.4240;2.2528;2.0235,6940;6935;6945;6950;6930,C;C;C;C;C,34,no_trade,in_position,0.0,,0.0,-1,207,6925.0,P,0.5137036442756653,0.02495366334915161,True,nan,nan,,0
2025-12-26,92,357272,6937.009765625,-1.0,298,1.7958890199661255,2.378734827041626,0.5828458070755005,2.3787;2.3432;2.2825;2.1022;1.9102,6940;6935;6945;6950;6930,C;C;C;C;C,33,no_trade,in_position,0.0,,0.0,-1,203,6915.0,P,0.5861539840698242,0.01135396957397461,True,nan,nan,,0
2025-12-26,93,357273,6937.81005859375,-1.0,297,1.8471468687057495,2.514134645462036,0.6669877767562866,2.5141;2.4850;2.4383;2.2731;2.0512,6940;6935;6945;6950;6930,C;C;C;C;C,37,no_trade,in_position,0.0,,0.0,-1,205,6920.0,P,0.4372222125530243,0.0057128965854644775,True,nan,nan,,0
2025-12-26,94,357274,6937.39990234375,-1.0,296,1.9272632598876953,2.363534927368164,0.43627166748046875,2.3635;2.3604;2.3012;2.1150;1.9536,6935;6940;6945;6950;6930,C;C;C;C;C,55,no_trade,in_position,0.0,,0.0,-1,209,6930.0,P,0.4242105484008789,0.017483234405517578,True,nan,nan,,0
2025-12-26,95,357275,6937.47998046875,-1.0,295,1.8832149505615234,2.186034679412842,0.30281972885131836,2.1860;2.0797;1.9929;1.8958;1.3641,6940;6945;6935;6950;6930,C;C;C;C;C,32,no_trade,in_position,0.0,,0.0,-1,211,6935.0,P,0.4612727165222168,0.02074640989303589,True,nan,nan,,0
2025-12-26,96,357276,6936.9501953125,-1.0,294,1.8664543628692627,2.2176780700683594,0.3512237071990967,2.2177;2.1142;2.0962;1.8755;1.4892,6940;6935;6945;6950;6935,C;C;C;C;P,30,no_trade,in_position,0.0,,0.0,-1,203,6915.0,P,0.47379305958747864,0.06268191337585449,True,nan,nan,,0
2025-12-26,97,357277,6936.1201171875,-1.0,293,1.8220278024673462,2.2490663528442383,0.4270385503768921,2.2491;2.2382;2.1303;2.0294;1.8849,6940;6935;6945;6930;6950,C;C;C;C;C,34,no_trade,in_position,0.0,,0.0,-1,211,6935.0,P,0.17875006794929504,0.02135007083415985,True,nan,nan,,0
2025-12-26,98,357278,6933.91015625,-1.0,292,2.021174669265747,2.7665281295776367,0.7453534603118896,2.7665;2.7093;2.6837;2.5143;2.1609,6935;6930;6940;6945;6925,C;C;C;C;C,39,no_trade,in_position,0.0,,0.0,-1,201,6910.0,P,0.5159420371055603,0.024815291166305542,True,nan,nan,,0
2025-12-26,99,357279,6934.1201171875,-1.0,291,2.069877862930298,2.206939935684204,0.13706207275390625,2.2069;2.1784;1.9968;1.6727;1.5464,6935;6940;6945;6950;6930,C;C;C;C;C,26,trade,,6935.0,C,5.800000190734863,210,205,6920.0,P,0.5779165625572205,0.06530791521072388,True,-0.3390034329816454,-0.9169199955388658,STOP_LOSS,4
2025-12-26,100,357280,6934.06005859375,-1.0,290,1.9208197593688965,2.4151313304901123,0.4943115711212158,2.4151;2.3893;2.2584;2.1759;2.0233,6935;6940;6945;6930;6950,C;C;C;C;C,33,no_trade,in_position,0.0,,0.0,-1,211,6935.0,P,0.22132529318332672,0.008580207824707031,True,nan,nan,,0
2025-12-26,101,357281,6932.6298828125,-1.0,289,1.5167499780654907,2.109851837158203,0.5931018590927124,2.1099;2.0907;2.0107;1.8952;1.8712,6925;6930;6920;6915;6935,P;P;P;P;P,34,no_trade,in_position,0.0,,0.0,-1,211,6935.0,P,0.33010876178741455,0.02147236466407776,True,nan,nan,,0
2025-12-26,102,357282,6930.64013671875,-1.0,288,1.7258152961730957,2.3511741161346436,0.6253588199615479,2.3512;2.3260;2.2124;2.0188;1.9851,6930;6935;6940;6925;6945,C;C;C;C;C,33,no_trade,in_position,0.0,,0.0,-1,211,6935.0,P,-0.023152174428105354,0.009120551869273186,True,nan,nan,,0
2025-12-26,103,357283,6930.60986328125,-1.0,287,1.888267159461975,2.0349884033203125,0.1467212438583374,2.0350;2.0062;1.9471;1.8601;1.8207,6935;6930;6940;6925;6920,C;C;C;P;P,31,no_trade,in_position,0.0,,0.0,-1,216,6950.0,C,0.024000000208616257,0.08285416662693024,True,nan,nan,,0
2025-12-26,104,357284,6928.02001953125,-1.0,286,1.7657536268234253,2.531525135040283,0.7657715082168579,2.5315;2.4680;2.4527;2.2912;2.0123,6930;6925;6935;6940;6920,C;C;C;C;C,41,no_trade,in_position,0.0,,0.0,-1,206,6925.0,C,-0.027099236845970154,0.013862304389476776,True,nan,nan,,0
2025-12-29,60,357630,6907.5400390625,-1.0,330,2.3095524311065674,2.416532039642334,0.1069796085357666,2.4165;2.3860;2.3395;2.3262;2.1333,6910;6915;6905;6920;6925,C;C;C;C;C,38,trade,,6910.0,C,6.599999904632568,180,188,6930.0,C,0.1258241832256317,0.14434592425823212,True,0.04479338953969069,-0.08103079368594102,TRAILING_STOP,8
2025-12-29,61,357631,6906.06982421875,-1.0,329,2.392976999282837,2.587636947631836,0.19465994834899902,2.5876;2.5485;2.4619;2.4385;2.2566,6910;6915;6920;6905;6925,C;C;C;C;C,36,no_trade,in_position,0.0,,0.0,-1,188,6930.0,C,0.19238103926181793,0.23203016817569733,True,nan,nan,,0
2025-12-29,62,357632,6907.68994140625,-1.0,328,2.4464571475982666,2.6286752223968506,0.18221807479858398,2.6287;2.5862;2.5831;2.3076;2.3048,6910;6915;6920;6925;6905,C;C;C;C;C,32,no_trade,in_position,0.0,,0.0,-1,181,6910.0,P,0.4760674238204956,0.007858455181121826,True,nan,nan,,0
2025-12-29,63,357633,6907.47998046875,-1.0,327,2.379768133163452,2.614025592803955,0.23425745964050293,2.6140;2.5803;2.5283;2.4593;2.3578,6910;6915;6920;6905;6925,C;C;C;C;C,35,no_trade,in_position,0.0,,0.0,-1,175,6895.0,P,0.6678125262260437,0.0283125638961792,True,nan,nan,,0
2025-12-29,64,357634,6908.97998046875,-1.0,326,2.282971143722534,2.6102466583251953,0.32727551460266113,2.6102;2.5763;2.5499;2.4564;2.1974,6915;6920;6910;6925;6905,C;C;C;C;C,39,no_trade,in_position,0.0,,0.0,-1,175,6895.0,P,0.9130612015724182,0.006204128265380859,True,nan,nan,,0
2025-12-29,65,357635,6911.66015625,-1.0,325,2.4718756675720215,2.6302547454833984,0.15837907791137695,2.6303;2.6048;2.6002;2.4912;2.2781,6915;6920;6910;6925;6930,C;C;C;C;C,40,no_trade,in_position,0.0,,0.0,-1,177,6900.0,P,0.22853662073612213,0.002334117889404297,True,nan,nan,,0
2025-12-29,66,357636,6909.14013671875,-1.0,324,2.3444061279296875,2.1011574268341064,-0.24324870109558105,2.1012;2.0919;2.0297;2.0179;1.9934,6915;6900;6895;6920;6910,C;P;P;C;C,32,no_trade,in_position,0.0,,0.0,-1,181,6910.0,P,0.38535723090171814,0.016486167907714844,True,nan,nan,,0
2025-12-29,67,357637,6908.14013671875,-1.0,323,2.546353578567505,2.57597017288208,0.029616594314575195,2.5760;2.5396;2.4292;2.2264;2.1978,6910;6915;6920;6905;6925,C;C;C;C;C,34,no_trade,in_position,0.0,,0.0,-1,181,6910.0,P,0.4572940468788147,0.014913171529769897,True,nan,nan,,0
2025-12-29,68,357638,6907.22998046875,-1.0,322,2.488032817840576,2.4880709648132324,3.814697265625e-05,2.4881;2.4590;2.3679;2.3544;2.1253,6910;6915;6905;6920;6925,C;C;C;C;C,37,no_trade,in_position,0.0,,0.0,-1,171,6885.0,P,0.5372222065925598,0.009814798831939697,True,nan,nan,,0
2025-12-29,69,357639,6907.75,-1.0,321,2.4146344661712646,2.1014466285705566,-0.313187837600708,2.1014;2.0829;2.0112;1.7360;1.7014,6910;6915;6920;6925;6900,C;C;C;C;P,30,no_trade,in_position,0.0,,0.0,-1,179,6905.0,P,0.5388525128364563,0.0035076141357421875,True,nan,nan,,0
2025-12-29,70,357640,6907.60986328125,-1.0,320,2.4283039569854736,2.4250478744506836,-0.003256082534790039,2.4250;2.4010;2.2964;2.1816;2.0387,6910;6915;6920;6905;6925,C;C;C;C;C,30,no_trade,gate,0.0,,0.0,-1,181,6910.0,P,0.5708601474761963,0.02024286985397339,True,nan,nan,,0
2025-12-29,71,357641,6907.77001953125,-1.0,319,2.2447829246520996,2.235581398010254,-0.009201526641845703,2.2356;2.2230;2.1454;2.0662;1.9115,6910;6915;6920;6905;6925,C;C;C;C;C,33,no_trade,gate,0.0,,0.0,-1,175,6895.0,P,0.5290000438690186,0.012333452701568604,True,nan,nan,,0
2025-12-29,72,357642,6907.990234375,-1.0,318,2.2550408840179443,2.185807704925537,-0.06923317909240723,2.1858;2.1400;2.0422;1.7506;1.6645,6910;6915;6920;6925;6905,C;C;C;C;C,27,no_trade,gate,0.0,,0.0,-1,177,6900.0,P,0.7325001358985901,0.03510010242462158,True,nan,nan,,0
2025-12-29,73,357643,6910.02978515625,-1.0,317,2.1838159561157227,1.8382389545440674,-0.3455770015716553,1.8382;1.8261;1.7854;1.6374;1.5590,6910;6915;6920;6905;6900,C;C;C;P;P,26,no_trade,gate,0.0,,0.0,-1,181,6910.0,P,0.46978724002838135,0.04096367955207825,True,nan,nan,,0
2025-12-29,74,357644,6909.66015625,-1.0,316,2.2811758518218994,2.098205804824829,-0.1829700469970703,2.0982;2.0399;2.0318;1.9272;1.9178,6915;6910;6920;6900;6905,C;C;C;P;P,29,no_trade,gate,0.0,,0.0,-1,175,6895.0,P,0.3953571915626526,0.0032779276371002197,True,nan,nan,,0
2025-12-29,75,357645,6908.2001953125,-1.0,315,2.250176191329956,2.2328567504882812,-0.017319440841674805,2.2329;2.1754;2.0968;1.8632;1.7472,6910;6915;6920;6925;6905,C;C;C;C;C,32,no_trade,gate,0.0,,0.0,-1,181,6910.0,P,0.3533332347869873,0.024333268404006958,True,nan,nan,,0
2025-12-29,76,357646,6907.52001953125,-1.0,314,2.2083356380462646,2.1346821784973145,-0.0736534595489502,2.1347;2.1010;2.0630;2.0194;1.9089,6900;6905;6895;6910;6890,P;P;P;P;P,30,no_trade,gate,0.0,,0.0,-1,179,6905.0,P,0.24125000834465027,0.010631367564201355,True,nan,nan,,0
2025-12-29,77,357647,6905.58984375,-1.0,313,2.0060930252075195,1.8439170122146606,-0.1621760129928589,1.8439;1.8177;1.8055;1.7848;1.7388,6900;6910;6905;6905;6895,P;C;P;C;P,34,no_trade,gate,0.0,,0.0,-1,165,6870.0,P,0.5435293316841125,0.03437149524688721,True,nan,nan,,0
2025-12-29,78,357648,6905.5498046875,-1.0,312,2.2689805030822754,1.9925124645233154,-0.27646803855895996,1.9925;1.9395;1.9259;1.8145;1.8118,6910;6905;6915;6900;6895,C;C;C;P;P,39,no_trade,gate,0.0,,0.0,-1,181,6910.0,P,0.24221237003803253,0.02860778570175171,True,nan,nan,,0
2025-12-29,79,357649,6902.830078125,-1.0,311,2.221956253051758,2.166719675064087,-0.0552365779876709,2.1667;2.1188;2.1137;2.0898;2.0128,6900;6910;6895;6890;6905,P;C;P;P;P,38,no_trade,gate,0.0,,0.0,-1,181,6910.0,P,0.1757042557001114,0.03273126482963562,True,nan,nan,,0
2025-12-29,80,357650,6899.419921875,-1.0,310,2.384443759918213,2.2099244594573975,-0.17451930046081543,2.2099;2.1491;2.0834;2.0706;2.0060,6890;6895;6900;6885;6910,P;P;P;P;C,36,no_trade,gate,0.0,,0.0,-1,182,6915.0,C,0.18924731016159058,0.009313106536865234,True,nan,nan,,0
2025-12-29,81,357651,6896.8798828125,-1.0,309,2.4310340881347656,2.738788604736328,0.3077545166015625,2.7388;2.7375;2.6598;2.6392;2.4743,6905;6910;6900;6915;6920,C;C;C;C;C,42,trade,,6905.0,C,4.769999980926514,178,182,6915.0,C,0.2451162338256836,0.037616223096847534,True,0.041272727272727336,-0.20384350655295624,TRAILING_STOP,8
2025-12-29,82,357652,6899.419921875,-1.0,308,2.196357488632202,2.2915685176849365,0.09521102905273438,2.2916;2.2362;2.2322;2.0828;2.0502,6910;6915;6905;6900;6920,C;C;C;C;C,37,no_trade,in_position,0.0,,0.0,-1,181,6910.0,P,0.2252403050661087,0.00288979709148407,True,nan,nan,,0
2025-12-29,83,357653,6900.60986328125,-1.0,307,2.0758626461029053,2.2728404998779297,0.19697785377502441,2.2728;2.2465;2.2026;2.1135;2.0401,6910;6905;6915;6900;6895,C;C;C;C;P,37,no_trade,in_position,0.0,,0.0,-1,179,6905.0,P,0.49499472975730896,0.025225549936294556,True,nan,nan,,0
2025-12-29,84,357654,6900.68994140625,-1.0,306,1.9650120735168457,2.3367230892181396,0.37171101570129395,2.3367;2.2536;2.2199;2.1766;2.0402,6900;6895;6890;6885;6880,P;P;P;P;P,36,no_trade,in_position,0.0,,0.0,-1,181,6910.0,P,-0.02027272805571556,0.006186898797750473,True,nan,nan,,0
2025-12-29,85,357655,6902.97998046875,-1.0,305,1.7873167991638184,1.9977850914001465,0.21046829223632812,1.9978;1.8782;1.8181;1.7640;1.7621,6900;6895;6890;6910;6905,P;P;P;C;P,35,no_trade,in_position,0.0,,0.0,-1,181,6910.0,P,0.22953703999519348,0.25551265478134155,True,nan,nan,,0
2025-12-29,86,357656,6903.18994140625,-1.0,304,1.9001961946487427,2.04160737991333,0.1414111852645874,2.0416;1.9818;1.9598;1.9560;1.8782,6900;6895;6910;6905;6915,P;P;C;C;C,33,no_trade,in_position,0.0,,0.0,-1,179,6905.0,P,0.5576030015945435,0.02964884042739868,True,nan,nan,,0
2025-12-29,87,357657,6903.97021484375,-1.0,303,1.9079418182373047,2.3479702472686768,0.44002842903137207,2.3480;2.2799;2.2581;2.1882;2.0070,6900;6895;6905;6890;6885,P;P;P;P;P,37,no_trade,in_position,0.0,,0.0,-1,181,6910.0,P,0.4457944333553314,0.4717700481414795,True,nan,nan,,0
2025-12-29,88,357658,6903.43994140625,-1.0,302,1.6434592008590698,2.116360902786255,0.47290170192718506,2.1164;2.0699;1.9438;1.8611;1.8513,6900;6895;6890;6905;6885,P;P;P;P;P,31,no_trade,in_position,0.0,,0.0,-1,179,6905.0,P,0.3282416760921478,0.010158360004425049,True,nan,nan,,0
2025-12-29,89,357659,6901.52001953125,-1.0,301,1.6728763580322266,1.9523649215698242,0.27948856353759766,1.9524;1.8891;1.8691;1.8544;1.8455,6900;6905;6900;6895;6910,P;C;C;P;C,33,no_trade,in_position,0.0,,0.0,-1,181,6910.0,P,-0.019262295216321945,0.003640929237008095,True,nan,nan,,0
2025-12-29,90,357660,6901.0,-1.0,300,2.1540920734405518,2.132188320159912,-0.02190375328063965,2.1322;2.1061;2.0004;1.9673;1.9129,6905;6910;6915;6900;6900,C;C;C;C;P,35,no_trade,in_position,0.0,,0.0,-1,181,6910.0,P,-0.01941666752099991,0.004515917971730232,True,nan,nan,,0
2025-12-29,91,357661,6901.3798828125,-1.0,299,2.163031816482544,1.963874101638794,-0.19915771484375,1.9639;1.9499;1.8425;1.7750;1.7638,6905;6910;6915;6900;6900,C;C;C;P;C,30,no_trade,gate,0.0,,0.0,-1,181,6910.0,P,0.3874218463897705,0.018984466791152954,True,nan,nan,,0
2025-12-29,92,357662,6900.240234375,-1.0,298,1.795533299446106,1.8722344636917114,0.07670116424560547,1.8722;1.8678;1.8133;1.7536;1.6909,6900;6895;6890;6905;6910,P;P;P;C;C,32,trade,,6900.0,P,7.099999904632568,177,181,6910.0,P,0.4811718761920929,0.003359377384185791,True,-0.03042857142857143,-0.5116004476206644,TRAILING_STOP,21
2025-12-29,93,357663,6900.18994140625,-1.0,297,2.097196340560913,2.1155569553375244,0.018360614776611328,2.1156;2.1150;2.0273;1.9510;1.9396,6905;6910;6900;6915;6900,C;C;C;C;P,32,no_trade,in_position,0.0,,0.0,-1,181,6910.0,P,0.4144030511379242,0.02371668815612793,True,nan,nan,,0
2025-12-29,94,357664,6899.240234375,-1.0,296,1.9811375141143799,2.1766467094421387,0.1955091953277588,2.1766;2.1310;2.1058;1.9797;1.7012,6905;6910;6900;6915;6920,C;C;C;C;C,31,no_trade,in_position,0.0,,0.0,-1,181,6910.0,P,0.2250317484140396,0.24818392097949982,True,nan,nan,,0
2025-12-29,95,357665,6900.41015625,-1.0,295,2.0172524452209473,2.3501408100128174,0.3328883647918701,2.3501;2.3312;2.3269;2.2291;2.0093,6905;6900;6910;6915;6920,C;C;C;C;C,35,no_trade,in_position,0.0,,0.0,-1,181,6910.0,P,-0.01933884248137474,0.004327824339270592,True,nan,nan,,0
2025-12-29,96,357666,6901.10986328125,-1.0,294,1.8427585363388062,2.0227608680725098,0.1800023317337036,2.0228;2.0136;1.9867;1.8303;1.5296,6900;6905;6910;6915;6895,C;C;C;C;C,32,no_trade,in_position,0.0,,0.0,-1,181,6910.0,P,0.294193834066391,0.04955466091632843,True,nan,nan,,0
2025-12-29,97,357667,6898.97998046875,-1.0,293,1.7729315757751465,1.8945086002349854,0.12157702445983887,1.8945;1.8731;1.8556;1.8359;1.8075,6900;6905;6900;6890;6895,C;C;P;P;P,36,no_trade,in_position,0.0,,0.0,-1,179,6905.0,P,0.22281187772750854,0.2472447156906128,True,nan,nan,,0
2025-12-29,98,357668,6899.02978515625,-1.0,292,2.184941530227661,2.07533597946167,-0.10960555076599121,2.0753;2.0272;2.0135;1.8881;1.7486,6905;6900;6910;6915;6890,C;C;C;C;P,30,no_trade,in_position,0.0,,0.0,-1,179,6905.0,P,0.4642157554626465,0.48852458596229553,True,nan,nan,,0
2025-12-29,99,357669,6898.91015625,-1.0,291,1.7597187757492065,1.945122480392456,0.1854037046432495,1.9451;1.9273;1.9210;1.8310;1.8055,6895;6900;6890;6905;6885,P;P;P;C;P,33,no_trade,in_position,0.0,,0.0,-1,179,6905.0,P,0.5086999535560608,0.283202588558197,True,nan,nan,,0
2025-12-29,100,357670,6899.259765625,-1.0,290,1.7343693971633911,1.8839551210403442,0.14958572387695312,1.8840;1.8687;1.8447;1.8294;1.8238,6895;6900;6900;6905;6890,P;P;C;C;P,35,no_trade,in_position,0.0,,0.0,-1,181,6910.0,P,0.5031297206878662,0.5267964005470276,True,nan,nan,,0
2025-12-29,101,357671,6900.72998046875,-1.0,289,1.6547739505767822,2.1385960578918457,0.4838221073150635,2.1386;2.0970;2.0904;1.9724;1.8363,6905;6910;6900;6915;6900,C;C;C;C;P,33,no_trade,in_position,0.0,,0.0,-1,181,6910.0,P,-0.01982608623802662,0.004656672477722168,True,nan,nan,,0
2025-12-29,102,357672,6901.25,-1.0,288,1.5532279014587402,2.496769905090332,0.9435420036315918,2.4968;2.4824;2.4481;2.2538;2.0586,6905;6900;6910;6915;6920,C;C;C;C;C,31,no_trade,in_position,0.0,,0.0,-1,181,6910.0,P,0.22953703999519348,0.006162047386169434,True,nan,nan,,0
2025-12-29,103,357673,6902.6201171875,-1.0,287,1.682419776916504,2.406144857406616,0.7237250804901123,2.4061;2.3480;2.3302;2.2125;1.9232,6905;6910;6900;6915;6920,C;C;C;C;C,29,no_trade,in_position,0.0,,0.0,-1,181,6910.0,P,0.5076414942741394,0.02617812156677246,True,nan,nan,,0
2025-12-29,104,357674,6902.85009765625,-1.0,286,1.7086753845214844,2.034850835800171,0.3261754512786865,2.0349;1.9902;1.8873;1.8671;1.8629,6905;6910;6895;6915;6900,C;C;P;C;P,30,no_trade,in_position,0.0,,0.0,-1,179,6905.0,P,0.3322436213493347,0.026551276445388794,True,nan,nan,,0
2025-12-30,60,358020,6896.7099609375,-1.0,330,1.8796608448028564,1.946543574333191,0.06688272953033447,1.9465;1.9411;1.9311;1.8079;1.7831,6900;6905;6910;6895;6915,C;C;C;C;C,39,trade,,6900.0,C,6.900000095367432,148,146,6895.0,C,0.5254839062690735,0.013092517852783203,True,0.49073527334058215,-0.03474863292849134,TAKE_PROFIT,30
2025-12-30,61,358021,6896.06982421875,-1.0,329,1.9433197975158691,1.9756063222885132,0.03228652477264404,1.9756;1.9586;1.8905;1.8538;1.8069,6890;6895;6885;6880;6900,P;P;P;P;P,36,no_trade,in_position,0.0,,0.0,-1,148,6900.0,C,0.4473913311958313,0.02974417805671692,True,nan,nan,,0
2025-12-30,62,358022,6896.990234375,-1.0,328,1.9560134410858154,2.1063709259033203,0.15035748481750488,2.1064;2.0947;2.0424;1.9556;1.9089,6900;6905;6910;6915;6895,C;C;C;C;C,41,no_trade,in_position,0.0,,0.0,-1,150,6905.0,C,0.5526667237281799,0.004342496395111084,True,nan,nan,,0
2025-12-30,63,358023,6895.72021484375,-1.0,327,1.73843252658844,1.7888633012771606,0.0504307746887207,1.7889;1.7603;1.7590;1.7406;1.6907,6900;6895;6905;6890;6910,C;P;C;P;C,38,no_trade,in_position,0.0,,0.0,-1,150,6905.0,C,0.48568177223205566,0.0006817281246185303,True,nan,nan,,0
2025-12-30,64,358024,6895.830078125,-1.0,326,2.0334787368774414,1.9148070812225342,-0.11867165565490723,1.9148;1.8919;1.8172;1.7957;1.6880,6900;6905;6910;6895;6915,C;C;C;C;C,37,no_trade,in_position,0.0,,0.0,-1,146,6895.0,C,0.5266292691230774,0.012819766998291016,True,nan,nan,,0
2025-12-30,65,358025,6895.35986328125,-1.0,325,1.8308684825897217,1.9002175331115723,0.06934905052185059,1.9002;1.8868;1.8858;1.8520;1.8187,6895;6890;6885;6900;6880,P;P;P;C;P,43,no_trade,in_position,0.0,,0.0,-1,156,6920.0,C,0.5198198556900024,0.006365358829498291,True,nan,nan,,0
2025-12-30,66,358026,6895.5400390625,-1.0,324,2.2540860176086426,2.320873737335205,0.0667877197265625,2.3209;2.2819;2.2495;2.0875;2.0564,6905;6900;6910;6895;6915,C;C;C;C;C,35,no_trade,in_position,0.0,,0.0,-1,146,6895.0,C,0.4116304814815521,0.010057330131530762,True,nan,nan,,0
2025-12-30,67,358027,6896.52978515625,-1.0,323,2.1671507358551025,2.0106406211853027,-0.1565101146697998,2.0106;2.0087;1.9318;1.8453;1.7920,6900;6905;6910;6895;6895,C;C;C;C;P,37,no_trade,in_position,0.0,,0.0,-1,146,6895.0,C,0.43021050095558167,0.025427937507629395,True,nan,nan,,0
2025-12-30,68,358028,6897.0400390625,-1.0,322,2.0929293632507324,1.8790555000305176,-0.21387386322021484,1.8791;1.8701;1.7987;1.7499;1.7273,6895;6890;6885;6905;6900,P;P;P;C;C,34,no_trade,in_position,0.0,,0.0,-1,146,6895.0,C,0.47757893800735474,0.00890246033668518,True,nan,nan,,0
2025-12-30,69,358029,6897.16015625,-1.0,321,1.954358696937561,2.1490373611450195,0.1946786642074585,2.1490;2.1265;2.0698;2.0081;1.9571,6900;6905;6910;6895;6915,C;C;C;C;C,40,no_trade,in_position,0.0,,0.0,-1,152,6910.0,C,0.5667857527732849,0.02600240707397461,True,nan,nan,,0
2025-12-30,70,358030,6896.669921875,-1.0,320,1.807741403579712,1.8182811737060547,0.010539770126342773,1.8183;1.8019;1.7299;1.6627;1.5645,6900;6905;6910;6895;6895,C;C;C;C;P,36,no_trade,in_position,0.0,,0.0,-1,154,6915.0,C,0.7746666669845581,0.07163089513778687,True,nan,nan,,0
2025-12-30,71,358031,6894.60009765625,-1.0,319,1.8217060565948486,1.8616446256637573,0.03993856906890869,1.8616;1.8049;1.7945;1.7895;1.6901,6890;6885;6880;6895;6875,P;P;P;P;P,37,no_trade,in_position,0.0,,0.0,-1,148,6900.0,C,0.4413732588291168,0.0004197657108306885,True,nan,nan,,0
2025-12-30,72,358032,6894.85986328125,-1.0,318,2.142582416534424,2.3682303428649902,0.2256479263305664,2.3682;2.3214;2.2983;2.2518;2.1013,6900;6905;6895;6910;6915,C;C;C;C;C,45,no_trade,in_position,0.0,,0.0,-1,150,6905.0,C,0.6579411625862122,0.00119704008102417,True,nan,nan,,0
2025-12-30,73,358033,6893.66015625,-1.0,317,2.0908851623535156,1.9668374061584473,-0.12404775619506836,1.9668;1.9198;1.9072;1.8851;1.8701,6900;6890;6885;6905;6895,C;P;P;C;C,34,no_trade,in_position,0.0,,0.0,-1,146,6895.0,C,0.3337646722793579,0.0370979905128479,True,nan,nan,,0
2025-12-30,74,358034,6895.2998046875,-1.0,316,2.069838047027588,2.070913314819336,0.0010752677917480469,2.0709;2.0431;1.9451;1.9375;1.8395,6900;6905;6910;6895;6890,C;C;C;C;P,36,no_trade,in_position,0.0,,0.0,-1,150,6905.0,C,0.5235135555267334,0.00742650032043457,True,nan,nan,,0
2025-12-30,75,358035,6894.89990234375,-1.0,315,1.9901020526885986,1.9555649757385254,-0.03453707695007324,1.9556;1.8846;1.8294;1.8064;1.6805,6890;6885;6880;6895;6875,P;P;P;P;P,31,no_trade,in_position,0.0,,0.0,-1,148,6900.0,C,0.44258609414100647,0.008233070373535156,True,nan,nan,,0
2025-12-30,76,358036,6895.33984375,-1.0,314,2.1747891902923584,2.1295530796051025,-0.04523611068725586,2.1296;2.0824;2.0324;1.9216;1.8389,6905;6900;6910;6890;6885,C;C;C;P;P,36,no_trade,in_position,0.0,,0.0,-1,146,6895.0,C,0.4410345256328583,0.04972296953201294,True,nan,nan,,0
2025-12-30,77,358037,6896.0,-1.0,313,2.0265393257141113,2.003474712371826,-0.023064613342285156,2.0035;1.9720;1.9049;1.8996;1.6657,6900;6905;6895;6910;6915,C;C;C;C;C,33,no_trade,in_position,0.0,,0.0,-1,150,6905.0,C,0.5069230198860168,0.003761470317840576,True,nan,nan,,0
2025-12-30,78,358038,6895.72998046875,-1.0,312,2.0978915691375732,1.930836796760559,-0.16705477237701416,1.9308;1.9136;1.7954;1.6459;1.5643,6900;6905;6910;6890;6895,C;C;C;P;P,30,no_trade,in_position,0.0,,0.0,-1,148,6900.0,C,0.2855881452560425,0.0001800060272216797,True,nan,nan,,0
2025-12-30,79,358039,6898.22998046875,-1.0,311,2.100148916244507,1.936953067779541,-0.16319584846496582,1.9370;1.9197;1.9175;1.9120;1.9044,6905;6895;6900;6910;6890,C;P;C;C;P,37,no_trade,in_position,0.0,,0.0,-1,146,6895.0,C,0.37971431016921997,0.03011968731880188,True,nan,nan,,0
2025-12-30,80,358040,6899.56982421875,-1.0,310,2.283129930496216,2.296557903289795,0.013427972793579102,2.2966;2.2931;2.2340;2.1364;2.0948,6900;6905;6910;6895;6915,C;C;C;P;C,40,no_trade,in_position,0.0,,0.0,-1,156,6920.0,C,0.3874015808105469,0.012445837259292603,True,nan,nan,,0
2025-12-30,81,358041,6901.22998046875,-1.0,309,2.273402452468872,2.270495891571045,-0.0029065608978271484,2.2705;2.2604;2.1472;2.1238;2.0967,6910;6905;6915;6900;6895,C;C;C;C;P,33,no_trade,in_position,0.0,,0.0,-1,154,6915.0,C,0.5176191329956055,0.036468684673309326,True,nan,nan,,0
2025-12-30,82,358042,6901.72021484375,-1.0,308,2.172661066055298,2.3534553050994873,0.18079423904418945,2.3535;2.3347;2.3144;2.2986;2.2960,6895;6900;6905;6910;6890,P;P;C;C;P,34,no_trade,in_position,0.0,,0.0,-1,146,6895.0,C,0.3718852996826172,0.009681940078735352,True,nan,nan,,0
2025-12-30,83,358043,6903.1298828125,-1.0,307,2.150867223739624,2.241135358810425,0.09026813507080078,2.2411;2.2289;2.2064;2.1177;2.0664,6910;6905;6895;6915;6900,C;C;P;C;P,32,no_trade,in_position,0.0,,0.0,-1,154,6915.0,C,0.6483091711997986,0.04623603820800781,True,nan,nan,,0
2025-12-30,84,358044,6902.08984375,-1.0,306,2.188337564468384,2.433441638946533,0.24510407447814941,2.4334;2.4282;2.3445;2.2664;2.2538,6895;6900;6890;6885;6905,P;P;P;P;C,37,no_trade,in_position,0.0,,0.0,-1,146,6895.0,C,0.36295390129089355,0.019953936338424683,True,nan,nan,,0
2025-12-30,85,358045,6903.3798828125,-1.0,305,2.1797754764556885,2.3339974880218506,0.1542220115661621,2.3340;2.3016;2.2113;2.1575;1.9480,6905;6910;6900;6915;6920,C;C;C;C;C,35,no_trade,in_position,0.0,,0.0,-1,154,6915.0,C,0.6247619390487671,0.06158548593521118,True,nan,nan,,0
2025-12-30,86,358046,6902.72998046875,-1.0,304,2.305041790008545,2.349184513092041,0.044142723083496094,2.3492;2.3462;2.1859;2.1671;1.9482,6905;6910;6915;6900;6920,C;C;C;C;C,31,no_trade,in_position,0.0,,0.0,-1,146,6895.0,C,0.494750052690506,0.005802571773529053,True,nan,nan,,0
2025-12-30,87,358047,6903.009765625,-1.0,303,2.2133285999298096,1.9175888299942017,-0.2957397699356079,1.9176;1.7991;1.7890;1.7718;1.7656,6900;6905;6890;6895;6910,P;C;P;P;C,26,no_trade,in_position,0.0,,0.0,-1,146,6895.0,C,0.38960936665534973,0.04154488444328308,True,nan,nan,,0
2025-12-30,88,358048,6904.41015625,-1.0,302,2.170067548751831,2.240969657897949,0.07090210914611816,2.2410;2.1539;2.1441;2.0867;2.0693,6900;6895;6905;6905;6910,P;P;P;C;C,35,no_trade,in_position,0.0,,0.0,-1,148,6900.0,C,0.5263333916664124,0.010246336460113525,True,nan,nan,,0
2025-12-30,89,358049,6903.8798828125,-1.0,301,2.316301107406616,2.4156453609466553,0.09934425354003906,2.4156;2.3727;2.2696;2.2522;2.1797,6905;6910;6900;6915;6900,C;C;C;C;P,36,no_trade,in_position,0.0,,0.0,-1,146,6895.0,C,0.4379388689994812,0.021642565727233887,True,nan,nan,,0
2025-12-30,90,358050,6904.490234375,-1.0,300,2.3457071781158447,2.2118608951568604,-0.13384628295898438,2.2119;2.1906;2.1768;2.1600;2.1365,6900;6895;6905;6905;6910,P;P;P;C;C,33,no_trade,in_position,0.0,,0.0,-1,146,6895.0,C,0.37851065397262573,0.028796344995498657,True,nan,nan,,0
2025-12-30,91,358051,6905.7998046875,-1.0,299,2.3815364837646484,2.442368984222412,0.06083250045776367,2.4424;2.4380;2.3297;2.2656;2.2242,6910;6905;6915;6900;6895,C;C;C;P;P,36,no_trade,in_position,0.0,,0.0,-1,156,6920.0,C,0.6496550440788269,0.01485508680343628,True,nan,nan,,0
2025-12-30,92,358052,6904.77978515625,-1.0,298,2.331164598464966,2.2057766914367676,-0.12538790702819824,2.2058;2.1388;2.0533;2.0506;1.9789,6910;6905;6915;6895;6900,C;C;C;P;P,28,no_trade,gate,0.0,,0.0,-1,150,6905.0,C,0.40528568625450134,0.0006322264671325684,True,nan,nan,,0
2025-12-30,93,358053,6905.0498046875,-1.0,297,2.4177017211914062,2.258268117904663,-0.15943360328674316,2.2583;2.2434;2.1601;2.0168;1.9598,6910;6905;6915;6895;6900,C;C;C;P;P,31,no_trade,gate,0.0,,0.0,-1,148,6900.0,C,0.34567567706108093,0.04352378845214844,True,nan,nan,,0
2025-12-30,94,358054,6907.10009765625,-1.0,296,2.3313729763031006,2.345181465148926,0.013808488845825195,2.3452;2.3312;2.2369;2.0581;2.0148,6910;6905;6915;6920;6900,C;C;C;C;C,36,trade,,6910.0,C,5.099999904632568,152,152,6910.0,C,0.5823404788970947,0.017857849597930908,True,0.5823404593098603,-1.958723438999499e-08,TAKE_PROFIT,16
2025-12-30,95,358055,6906.330078125,-1.0,295,2.404679536819458,2.570722818374634,0.16604328155517578,2.5707;2.5569;2.4249;2.4213;2.2362,6905;6910;6915;6900;6920,C;C;C;C;C,37,no_trade,in_position,0.0,,0.0,-1,150,6905.0,C,0.4913698434829712,0.00470307469367981,True,nan,nan,,0
2025-12-30,96,358056,6905.91015625,-1.0,294,2.455406427383423,2.302739143371582,-0.15266728401184082,2.3027;2.2765;2.2173;2.0974;2.0757,6910;6905;6915;6900;6895,C;C;C;P;P,32,no_trade,in_position,0.0,,0.0,-1,150,6905.0,C,0.5338571667671204,0.04106244444847107,True,nan,nan,,0
2025-12-30,97,358057,6905.3701171875,-1.0,293,2.3957231044769287,2.4085581302642822,0.012835025787353516,2.4086;2.4014;2.3092;2.0822;1.9429,6910;6905;6915;6920;6900,C;C;C;C;C,33,no_trade,in_position,0.0,,0.0,-1,148,6900.0,C,0.4473584294319153,0.030975431203842163,True,nan,nan,,0
2025-12-30,98,358058,6906.0,-1.0,292,2.2880215644836426,2.1296021938323975,-0.15841937065124512,2.1296;2.0957;2.0493;2.0179;1.9982,6910;6905;6900;6905;6895,C;C;P;P;P,34,no_trade,in_position,0.0,,0.0,-1,154,6915.0,C,0.5988678932189941,0.011841654777526855,True,nan,nan,,0
2025-12-30,99,358059,6905.2099609375,-1.0,291,2.2293407917022705,2.2103629112243652,-0.018977880477905273,2.2104;2.1992;2.0514;1.8064;1.8049,6910;6905;6915;6900;6920,C;C;C;P;C,29,no_trade,in_position,0.0,,0.0,-1,154,6915.0,C,0.514509916305542,0.029161125421524048,True,nan,nan,,0
2025-12-30,100,358060,6905.35009765625,-1.0,290,2.1099112033843994,1.9937776327133179,-0.11613357067108154,1.9938;1.9750;1.8812;1.8780;1.8723,6910;6905;6900;6915;6905,C;C;P;C;P,29,no_trade,in_position,0.0,,0.0,-1,148,6900.0,C,0.5012121796607971,0.04591813683509827,True,nan,nan,,0
2025-12-30,101,358061,6905.6201171875,-1.0,289,2.4226388931274414,2.2155165672302246,-0.2071223258972168,2.2155;2.1957;2.0763;1.9789;1.8246,6910;6905;6915;6900;6920,C;C;C;C;C,30,no_trade,in_position,0.0,,0.0,-1,150,6905.0,C,0.5826153755187988,0.004698812961578369,True,nan,nan,,0
2025-12-30,102,358062,6905.31005859375,-1.0,288,2.2657992839813232,2.189335823059082,-0.07646346092224121,2.1893;2.1536;2.0379;2.0032;1.8225,6905;6910;6900;6915;6920,C;C;C;C;C,32,no_trade,in_position,0.0,,0.0,-1,148,6900.0,C,0.3399065434932709,0.047630131244659424,True,nan,nan,,0
2025-12-30,103,358063,6906.72998046875,-1.0,287,2.2755720615386963,2.097226142883301,-0.1783459186553955,2.0972;2.0714;1.9679;1.7718;1.6421,6910;6905;6915;6920;6900,C;C;C;C;C,29,no_trade,in_position,0.0,,0.0,-1,154,6915.0,C,0.6194552183151245,0.012652575969696045,True,nan,nan,,0
2025-12-30,104,358064,6905.43994140625,-1.0,286,2.1473214626312256,2.1695618629455566,0.022240400314331055,2.1696;2.1520;2.0230;1.8778;1.7508,6905;6910;6915;6900;6920,C;C;C;C;C,27,no_trade,in_position,0.0,,0.0,-1,148,6900.0,C,0.4966999888420105,0.02924901247024536,True,nan,nan,,0
2025-12-31,60,358410,6881.35009765625,-1.0,330,2.011732339859009,1.8553905487060547,-0.1563417911529541,1.8554;1.8438;1.7961;1.7718;1.6489,6895;6890;6885;6900;6880,C;C;C;C;C,42,no_trade,gate,0.0,,0.0,-1,243,6890.0,P,0.39158228039741516,0.027551770210266113,True,nan,nan,,0
2025-12-31,61,358411,6879.419921875,-1.0,329,2.450772523880005,1.8460232019424438,-0.604749321937561,1.8460;1.8416;1.7932;1.7916;1.7802,6860;6870;6865;6875;6880,P;P;P;P;P,39,no_trade,gate,0.0,,0.0,-1,227,6850.0,P,0.6646552681922913,0.021530330181121826,True,nan,nan,,0
2025-12-31,62,358412,6880.56005859375,-1.0,328,2.469421148300171,2.083026885986328,-0.3863942623138428,2.0830;2.0183;2.0139;1.9679;1.8754,6895;6900;6890;6885;6905,C;C;C;C;C,42,no_trade,gate,0.0,,0.0,-1,229,6855.0,P,0.6248148083686829,0.0058754682540893555,True,nan,nan,,0
2025-12-31,63,358413,6881.58984375,-1.0,327,2.293670654296875,1.8155817985534668,-0.4780888557434082,1.8156;1.7718;1.7283;1.7247;1.6927,6880;6875;6870;6865;6860,P;P;P;P;P,40,no_trade,gate,0.0,,0.0,-1,243,6890.0,P,0.4646207094192505,0.025120675563812256,True,nan,nan,,0
2025-12-31,64,358414,6881.0498046875,-1.0,326,2.2580573558807373,1.8321526050567627,-0.4259047508239746,1.8322;1.7637;1.7557;1.6559;1.5404,6880;6875;6860;6870;6865,P;P;P;P;P,36,no_trade,gate,0.0,,0.0,-1,241,6885.0,P,0.439028263092041,0.005997836589813232,True,nan,nan,,0
2025-12-31,65,358415,6879.990234375,-1.0,325,2.178190231323242,1.5588663816452026,-0.6193238496780396,1.5589;1.5458;1.5428;1.5191;1.5036,6870;6875;6880;6865;6860,P;P;P;P;P,43,no_trade,gate,0.0,,0.0,-1,237,6875.0,P,0.6370833516120911,0.012268543243408203,True,nan,nan,,0
2025-12-31,66,358416,6881.43017578125,-1.0,324,2.375007390975952,1.834757924079895,-0.5402494668960571,1.8348;1.8333;1.7469;1.7010;1.6920,6875;6880;6870;6865;6890,P;P;P;P;C,42,no_trade,gate,0.0,,0.0,-1,241,6885.0,P,0.37395164370536804,0.0029901862144470215,True,nan,nan,,0
2025-12-31,67,358417,6879.8701171875,-1.0,323,2.2074105739593506,1.753186821937561,-0.45422375202178955,1.7532;1.7525;1.7321;1.7185;1.7015,6870;6860;6875;6865;6880,P;P;P;P;P,40,no_trade,gate,0.0,,0.0,-1,239,6880.0,P,0.41481131315231323,0.03233018517494202,True,nan,nan,,0
2025-12-31,68,358418,6878.56982421875,-1.0,322,2.369541883468628,1.758833408355713,-0.610708475112915,1.7588;1.7557;1.7393;1.7270;1.7253,6875;6890;6885;6870;6880,P;C;C;P;P,42,no_trade,gate,0.0,,0.0,-1,225,6845.0,P,0.5194737315177917,0.026885420083999634,True,nan,nan,,0
2025-12-31,69,358419,6878.43017578125,-1.0,321,2.5218496322631836,1.9623336791992188,-0.5595159530639648,1.9623;1.9606;1.9415;1.9292;1.9028,6895;6875;6870;6890;6900,C;P;P;C;C,44,no_trade,gate,0.0,,0.0,-1,239,6880.0,P,0.3892105519771576,0.002127140760421753,True,nan,nan,,0
2025-12-31,70,358420,6877.0,-1.0,320,2.420774459838867,1.9272810220718384,-0.4934934377670288,1.9273;1.8914;1.8737;1.8406;1.7947,6875;6870;6860;6865;6855,P;P;P;P;P,42,no_trade,gate,0.0,,0.0,-1,231,6860.0,P,0.48534879088401794,0.004348814487457275,True,nan,nan,,0
2025-12-31,71,358421,6877.27001953125,-1.0,319,2.5469958782196045,2.0856995582580566,-0.46129631996154785,2.0857;2.0691;2.0048;1.9832;1.9316,6890;6885;6895;6875;6880,C;C;C;P;C,39,no_trade,gate,0.0,,0.0,-1,227,6850.0,P,0.4853847324848175,0.009900778532028198,True,nan,nan,,0
2025-12-31,72,358422,6877.669921875,-1.0,318,2.2778618335723877,1.91689932346344,-0.36096251010894775,1.9169;1.8893;1.8815;1.8589;1.8482,6890;6870;6875;6895;6865,C;P;P;C;P,41,no_trade,gate,0.0,,0.0,-1,225,6845.0,P,0.560540497303009,0.01845085620880127,True,nan,nan,,0
2025-12-31,73,358423,6878.27978515625,-1.0,317,2.384019613265991,1.9723186492919922,-0.411700963973999,1.9723;1.9455;1.9295;1.8577;1.7966,6870;6875;6865;6860;6880,P;P;P;P;P,43,no_trade,gate,0.0,,0.0,-1,227,6850.0,P,0.5154166221618652,0.021130859851837158,True,nan,nan,,0
2025-12-31,74,358424,6878.240234375,-1.0,316,2.3222830295562744,1.9256129264831543,-0.3966701030731201,1.9256;1.8572;1.8351;1.8336;1.7635,6865;6860;6870;6875;6855,P;P;P;P;P,43,no_trade,gate,0.0,,0.0,-1,239,6880.0,P,0.36643654108047485,0.012548893690109253,True,nan,nan,,0
2025-12-31,75,358425,6876.68994140625,-1.0,315,2.334170341491699,2.0341367721557617,-0.3000335693359375,2.0341;2.0313;2.0078;1.9958;1.8837,6890;6880;6885;6895;6900,C;C;C;C;C,51,no_trade,gate,0.0,,0.0,-1,227,6850.0,P,0.48592591285705566,0.000244140625,True,nan,nan,,0
2025-12-31,76,358426,6876.97021484375,-1.0,314,2.383316993713379,2.085386037826538,-0.2979309558868408,2.0854;2.0243;2.0002;1.9388;1.8988,6870;6875;6865;6860;6880,P;P;P;P;P,47,no_trade,gate,0.0,,0.0,-1,223,6840.0,P,0.4323353171348572,0.026263833045959473,True,nan,nan,,0
2025-12-31,77,358427,6876.18017578125,-1.0,313,2.3435511589050293,1.8530116081237793,-0.49053955078125,1.8530;1.8430;1.8424;1.8197;1.8043,6865;6875;6870;6860;6890,P;P;P;P;C,45,no_trade,gate,0.0,,0.0,-1,223,6840.0,P,0.36685711145401,0.3841741979122162,True,nan,nan,,0
2025-12-31,78,358428,6875.3701171875,-1.0,312,2.1802992820739746,1.7641843557357788,-0.4161149263381958,1.7642;1.7309;1.7302;1.7134;1.6767,6870;6860;6875;6865;6855,P;P;P;P;P,40,no_trade,gate,0.0,,0.0,-1,229,6855.0,P,0.19083333015441895,0.008095234632492065,True,nan,nan,,0
2025-12-31,79,358429,6875.64990234375,-1.0,311,2.455200672149658,2.1498847007751465,-0.3053159713745117,2.1499;2.1217;2.1030;2.0534;2.0312,6870;6875;6865;6860;6855,P;P;P;P;P,44,no_trade,gate,0.0,,0.0,-1,229,6855.0,P,0.3299999237060547,0.06315785646438599,True,nan,nan,,0
2025-12-31,80,358430,6873.7900390625,-1.0,310,2.1868364810943604,2.242527961730957,0.05569148063659668,2.2425;2.2131;2.2067;2.1862;2.0960,6870;6865;6875;6860;6855,P;P;P;P;P,47,trade,,6870.0,P,8.300000190734863,235,235,6870.0,P,-0.026624999940395355,0.007184524089097977,True,0.05337500000000007,0.07999999994039542,TRAILING_STOP,12
2025-12-31,81,358431,6874.2998046875,-1.0,309,2.635155439376831,2.128582000732422,-0.5065734386444092,2.1286;2.0377;2.0218;1.9780;1.9287,6870;6860;6865;6855;6850,P;P;P;P;P,37,no_trade,in_position,0.0,,0.0,-1,239,6880.0,P,-0.017177419736981392,0.004337731748819351,True,nan,nan,,0
2025-12-31,82,358432,6874.919921875,-1.0,308,2.298614978790283,2.070434808731079,-0.2281801700592041,2.0704;2.0619;2.0050;1.9942;1.8984,6865;6870;6875;6860;6855,P;P;P;P;P,39,no_trade,in_position,0.0,,0.0,-1,233,6865.0,P,-0.03354330733418465,0.008468527346849442,True,nan,nan,,0
2025-12-31,83,358433,6874.240234375,-1.0,307,2.030330181121826,1.7954288721084595,-0.2349013090133667,1.7954;1.7885;1.7873;1.7715;1.7467,6860;6865;6870;6855;6850,P;P;P;P;P,43,no_trade,in_position,0.0,,0.0,-1,234,6870.0,C,-0.12362293899059296,0.04911963641643524,True,nan,nan,,0
2025-12-31,84,358434,6872.68994140625,-1.0,306,2.2204244136810303,1.7644102573394775,-0.45601415634155273,1.7644;1.7216;1.7106;1.6880;1.5778,6880;6885;6875;6890;6895,C;C;C;C;C,42,no_trade,in_position,0.0,,0.0,-1,234,6870.0,C,-0.020319635048508644,0.0050375089049339294,True,nan,nan,,0
2025-12-31,85,358435,6870.27978515625,-1.0,305,2.4448959827423096,2.1646530628204346,-0.280242919921875,2.1647;2.1530;2.1456;2.1192;2.0919,6860;6870;6865;6855;6850,P;P;P;P;P,48,no_trade,in_position,0.0,,0.0,-1,234,6870.0,C,-0.01990654319524765,0.006228426471352577,True,nan,nan,,0
2025-12-31,86,358436,6869.47021484375,-1.0,304,2.6412761211395264,2.21517276763916,-0.4261033535003662,2.2152;2.2013;2.1817;2.1303;1.9948,6885;6880;6890;6875;6895,C;C;C;C;C,48,no_trade,in_position,0.0,,0.0,-1,234,6870.0,C,-0.020285714417696,0.006010580807924271,True,nan,nan,,0
2025-12-31,87,358437,6869.259765625,-1.0,303,2.5224685668945312,2.4095826148986816,-0.11288595199584961,2.4096;2.3956;2.3874;2.2785;2.2688,6885;6880;6890;6895;6875,C;C;C;C;C,49,no_trade,in_position,0.0,,0.0,-1,234,6870.0,C,-0.01918918825685978,0.005869634449481964,True,nan,nan,,0
2025-12-31,88,358438,6870.7001953125,-1.0,302,2.4482622146606445,1.90286123752594,-0.5454009771347046,1.9029;1.8916;1.8906;1.8394;1.8261,6880;6890;6885;6860;6875,C;C;C;P;C,45,no_trade,in_position,0.0,,0.0,-1,234,6870.0,C,-0.019363636150956154,0.00569518655538559,True,nan,nan,,0
2025-12-31,89,358439,6870.14990234375,-1.0,301,2.426786184310913,2.0914859771728516,-0.3353002071380615,2.0915;2.0758;2.0701;2.0316;2.0122,6865;6860;6855;6850;6870,P;P;P;P;P,47,no_trade,in_position,0.0,,0.0,-1,234,6870.0,C,-0.12419892847537994,0.0610184520483017,True,nan,nan,,0
2025-12-31,90,358440,6872.330078125,-1.0,300,2.2441351413726807,1.8807249069213867,-0.36341023445129395,1.8807;1.8768;1.8026;1.7600;1.7191,6865;6870;6860;6885;6880,P;P;P;C;C,44,no_trade,in_position,0.0,,0.0,-1,234,6870.0,C,-0.018651489168405533,0.005553055554628372,True,nan,nan,,0
2025-12-31,91,358441,6871.56005859375,-1.0,299,2.4605517387390137,2.0948517322540283,-0.36570000648498535,2.0949;2.0923;2.0799;1.9462;1.8925,6870;6860;6865;6850;6855,P;P;P;P;P,45,no_trade,in_position,0.0,,0.0,-1,234,6870.0,C,-0.01879964768886566,0.005683111026883125,True,nan,nan,,0
2025-12-31,92,358442,6871.56982421875,-1.0,298,2.5014901161193848,1.9162110090255737,-0.585279107093811,1.9162;1.8638;1.8283;1.7536;1.7151,6870;6865;6860;6855;6850,P;P;P;P;P,40,no_trade,in_position,0.0,,0.0,-1,234,6870.0,C,-0.11974574625492096,0.08449605107307434,True,nan,nan,,0
2025-12-31,93,358443,6872.85009765625,-1.0,297,2.322941303253174,1.9283666610717773,-0.3945746421813965,1.9284;1.9230;1.8734;1.7797;1.7412,6870;6865;6860;6855;6875,P;P;P;P;P,42,no_trade,in_position,0.0,,0.0,-1,234,6870.0,C,-0.019766638055443764,0.004437906667590141,True,nan,nan,,0
2025-12-31,94,358444,6872.5400390625,-1.0,296,2.3474578857421875,1.7834458351135254,-0.5640120506286621,1.7834;1.7811;1.7395;1.7152;1.6552,6865;6860;6870;6855;6885,P;P;P;P;C,43,no_trade,gate,0.0,,0.0,-1,234,6870.0,C,-0.01991228014230728,0.0042922645807266235,True,nan,nan,,0
2025-12-31,95,358445,6871.919921875,-1.0,295,2.2377312183380127,1.8489582538604736,-0.38877296447753906,1.8490;1.8221;1.7713;1.7555;1.7244,6870;6865;6860;6880;6890,P;P;P;C;C,41,no_trade,gate,0.0,,0.0,-1,234,6870.0,C,-0.019722221419215202,0.005940428003668785,True,nan,nan,,0
2025-12-31,96,358446,6870.89013671875,-1.0,294,2.2815072536468506,1.7598803043365479,-0.5216269493103027,1.7599;1.7232;1.6741;1.6736;1.6722,6880;6885;6875;6890;6870,C;C;C;C;P,41,no_trade,gate,0.0,,0.0,-1,234,6870.0,C,-0.01918918825685978,0.006167955696582794,True,nan,nan,,0
2025-12-31,97,358447,6871.1201171875,-1.0,293,2.2680506706237793,1.5876555442810059,-0.6803951263427734,1.5877;1.5192;1.4769;1.4662;1.4660,6885;6890;6875;6870;6865,C;C;C;P;P,39,no_trade,gate,0.0,,0.0,-1,234,6870.0,C,-0.009576319716870785,0.014090347103774548,True,nan,nan,,0
2025-12-31,98,358448,6872.669921875,-1.0,292,2.2609949111938477,1.7166110277175903,-0.5443838834762573,1.7166;1.6939;1.5964;1.5886;1.5203,6870;6865;6860;6890;6885,P;P;P;C;C,38,no_trade,gate,0.0,,0.0,-1,234,6870.0,C,-0.02008928544819355,0.004969537258148193,True,nan,nan,,0
2025-12-31,99,358449,6871.4599609375,-1.0,291,2.2367844581604004,1.928646445274353,-0.30813801288604736,1.9286;1.9131;1.8774;1.7802;1.7624,6870;6860;6865;6850;6855,P;P;P;P;P,40,no_trade,gate,0.0,,0.0,-1,234,6870.0,C,-0.01994382031261921,0.0063524749130010605,True,nan,nan,,0
2025-12-31,100,358450,6870.56982421875,-1.0,290,2.1974494457244873,1.777076005935669,-0.42037343978881836,1.7771;1.7571;1.7330;1.6999;1.6263,6865;6870;6860;6855;6885,P;P;P;P;C,40,no_trade,gate,0.0,,0.0,-1,234,6870.0,C,-0.018684210255742073,0.005658647045493126,True,nan,nan,,0
2025-12-31,101,358451,6871.97021484375,-1.0,289,2.1775829792022705,1.9187052249908447,-0.2588777542114258,1.9187;1.8473;1.8432;1.7411;1.6520,6870;6865;6860;6855;6850,P;P;P;P;P,36,no_trade,gate,0.0,,0.0,-1,234,6870.0,C,-0.018521739169955254,0.005961019545793533,True,nan,nan,,0
2025-12-31,102,358452,6872.5,-1.0,288,1.9737451076507568,1.5239791870117188,-0.4497659206390381,1.5240;1.5124;1.4460;1.4277;1.3464,6880;6875;6885;6890;6870,C;C;C;C;P,40,no_trade,gate,0.0,,0.0,-1,234,6870.0,C,-0.018205128610134125,0.00599941611289978,True,nan,nan,,0
2025-12-31,103,358453,6872.89013671875,-1.0,287,2.0790491104125977,1.7890758514404297,-0.28997325897216797,1.7891;1.7745;1.7268;1.7060;1.6176,6870;6865;6855;6860;6885,P;P;P;P;C,42,no_trade,gate,0.0,,0.0,-1,234,6870.0,C,-0.01994718424975872,0.0048202574253082275,True,nan,nan,,0
2025-12-31,104,358454,6872.35986328125,-1.0,286,2.1901328563690186,1.6955618858337402,-0.4945709705352783,1.6956;1.6559;1.5624;1.5472;1.5342,6870;6865;6860;6875;6855,P;P;P;P;P,38,no_trade,gate,0.0,,0.0,-1,234,6870.0,C,-0.018521739169955254,0.005961019545793533,True,nan,nan,,0
2026-01-02,60,358800,6849.85009765625,-0.33000001311302185,330,2.166224479675293,2.190373420715332,0.024148941040039062,2.1904;2.1651;2.1455;2.0816;2.0718,6840;6835;6830;6845;6820,P;P;P;P;P,53,trade,,6840.0,P,8.800000190734863,176,171,6830.0,C,0.4650411009788513,0.015268385410308838,True,-0.2834939762829247,-0.748535077261776,STOP_LOSS,2
2026-01-02,61,358801,6850.18994140625,-0.33000001311302185,329,2.3766400814056396,2.2844583988189697,-0.09218168258666992,2.2845;2.2616;2.2046;2.0961;2.0361,6875;6870;6880;6865;6885,C;C;C;C;C,50,no_trade,in_position,0.0,,0.0,-1,171,6830.0,C,0.3181329071521759,0.03995108604431152,True,nan,nan,,0
2026-01-02,62,358802,6856.43017578125,-0.33000001311302185,328,2.0770480632781982,2.345547676086426,0.26849961280822754,2.3455;2.3356;2.3079;2.2461;2.2292,6875;6870;6880;6865;6885,C;C;C;C;C,42,no_trade,in_position,0.0,,0.0,-1,181,6855.0,C,0.3669285178184509,0.026227355003356934,True,nan,nan,,0
2026-01-02,63,358803,6859.66015625,-1.0,327,2.055392265319824,2.204167366027832,0.1487751007080078,2.2042;2.1862;2.1250;2.1007;2.0383,6875;6880;6870;6885;6865,C;C;C;C;C,54,no_trade,in_position,0.0,,0.0,-1,191,6880.0,C,0.40485718846321106,0.04368069767951965,True,nan,nan,,0
2026-01-02,64,358804,6860.490234375,-1.0,326,1.956765055656433,2.085318088531494,0.12855303287506104,2.0853;2.0800;2.0662;2.0389;2.0308,6875;6880;6850;6870;6855,C;C;P;C;P,49,no_trade,cooldown,0.0,,0.0,-1,191,6880.0,C,0.29153841733932495,0.3128384053707123,True,nan,nan,,0
2026-01-02,65,358805,6863.47998046875,-1.0,325,1.8439137935638428,2.3133692741394043,0.4694554805755615,2.3134;2.2835;2.2744;2.2552;2.2039,6850;6845;6860;6855;6840,P;P;P;P;P,51,no_trade,cooldown,0.0,,0.0,-1,181,6855.0,C,-0.013653845526278019,0.003523574210703373,True,nan,nan,,0
2026-01-02,66,358806,6862.8701171875,-1.0,324,1.7821011543273926,2.1273436546325684,0.3452425003051758,2.1273;2.1117;2.0712;2.0491;1.9902,6875;6880;6870;6885;6890,C;C;C;C;C,53,trade,,6875.0,C,5.400000095367432,189,189,6875.0,C,0.20739999413490295,0.01825714111328125,True,0.2074,5.865097046919843e-09,TRAILING_STOP,8
2026-01-02,67,358807,6862.1201171875,-1.0,323,1.96857750415802,2.419475793838501,0.45089828968048096,2.4195;2.4125;2.3871;2.3827;2.3723,6845;6850;6855;6840;6835,P;P;P;P;P,49,no_trade,in_position,0.0,,0.0,-1,189,6875.0,C,0.9176316261291504,0.01503908634185791,True,nan,nan,,0
2026-01-02,68,358808,6856.89990234375,-1.0,322,1.7012193202972412,1.932741403579712,0.2315220832824707,1.9327;1.8977;1.8943;1.8847;1.8325,6835;6850;6840;6845;6830,P;P;P;P;P,43,no_trade,in_position,0.0,,0.0,-1,177,6845.0,C,0.2721203565597534,0.011103600263595581,True,nan,nan,,0
2026-01-02,69,358809,6861.81005859375,-1.0,321,1.9680103063583374,2.1655616760253906,0.19755136966705322,2.1656;2.1545;2.0838;2.0584;1.9957,6880;6875;6885;6870;6890,C;C;C;C;C,43,no_trade,in_position,0.0,,0.0,-1,191,6880.0,C,0.39916670322418213,0.4162067174911499,True,nan,nan,,0
2026-01-02,70,358810,6863.419921875,-1.0,320,1.59589421749115,2.083353281021118,0.48745906352996826,2.0834;2.0787;2.0673;1.9992;1.9782,6875;6880;6870;6865;6885,C;C;C;C;C,52,no_trade,in_position,0.0,,0.0,-1,162,6805.0,P,0.8741936087608337,0.36073195934295654,True,nan,nan,,0
2026-01-02,71,358811,6866.16015625,-1.0,319,1.903771162033081,2.1676840782165527,0.2639129161834717,2.1677;2.1249;2.1127;2.0537;2.0281,6880;6875;6885;6890;6870,C;C;C;C;C,49,no_trade,in_position,0.0,,0.0,-1,174,6835.0,P,0.9254054427146912,0.03935277462005615,True,nan,nan,,0
2026-01-02,72,358812,6870.3701171875,-1.0,318,1.6270828247070312,2.041576623916626,0.4144937992095947,2.0416;2.0293;2.0035;1.9431;1.8541,6880;6885;6890;6875;6870,C;C;C;C;C,47,no_trade,in_position,0.0,,0.0,-1,178,6845.0,P,0.3049999177455902,0.026578813791275024,True,nan,nan,,0
2026-01-02,73,358813,6868.66015625,-1.0,317,2.050774097442627,2.06905460357666,0.018280506134033203,2.0691;2.0539;1.9905;1.9553;1.9157,6880;6875;6885;6870;6890,C;C;C;C;C,44,no_trade,in_position,0.0,,0.0,-1,170,6825.0,P,0.4722627103328705,0.023626357316970825,True,nan,nan,,0
2026-01-02,74,358814,6867.56982421875,-1.0,316,2.096696615219116,2.274501323699951,0.17780470848083496,2.2745;2.2323;2.2128;2.1486;2.1370,6880;6875;6885;6890;6870,C;C;C;C;C,44,no_trade,in_position,0.0,,0.0,-1,176,6840.0,P,0.43627122044563293,0.05849343538284302,True,nan,nan,,0
2026-01-02,75,358815,6866.490234375,-1.0,315,1.8580737113952637,2.142221689224243,0.2841479778289795,2.1422;2.0916;2.0729;2.0122;1.9722,6880;6875;6885;6870;6890,C;C;C;C;C,42,no_trade,in_position,0.0,,0.0,-1,182,6855.0,P,0.48967209458351135,0.062272071838378906,True,nan,nan,,0
2026-01-02,76,358816,6866.2001953125,-1.0,314,1.6691069602966309,2.288282871246338,0.619175910949707,2.2883;2.2254;2.2003;2.1648;2.1295,6850;6860;6855;6840;6845,P;P;P;P;P,43,trade,,6850.0,P,5.0,180,174,6835.0,P,0.8266666531562805,0.00111466646194458,True,0.82175,-0.004916653156280537,TAKE_PROFIT,2
2026-01-02,77,358817,6869.240234375,-1.0,313,1.7381236553192139,1.8056271076202393,0.06750345230102539,1.8056;1.7774;1.7142;1.6904;1.6281,6865;6860;6850;6855;6880,P;P;P;P;C,42,no_trade,in_position,0.0,,0.0,-1,160,6800.0,P,0.12428578734397888,0.040428683161735535,True,nan,nan,,0
2026-01-02,78,358818,6864.490234375,-1.0,312,1.8049542903900146,2.2172653675079346,0.4123110771179199,2.2173;2.1994;2.1395;2.1334;2.1316,6850;6860;6865;6855;6845,P;P;P;P;P,45,no_trade,in_position,0.0,,0.0,-1,182,6855.0,P,0.14300000667572021,0.07140000909566879,True,nan,nan,,0
2026-01-02,79,358819,6859.31005859375,-1.0,311,1.8210643529891968,1.9860575199127197,0.16499316692352295,1.9861;1.9764;1.9689;1.9438;1.9262,6870;6875;6850;6880;6855,C;C;P;C;P,47,no_trade,in_position,0.0,,0.0,-1,170,6825.0,P,0.3748147785663605,0.012222260236740112,True,nan,nan,,0
2026-01-02,80,358820,6857.2099609375,-1.0,310,1.969032645225525,2.389988422393799,0.4209557771682739,2.3900;2.3698;2.3487;2.3313;2.1997,6875;6870;6880;6865;6885,C;C;C;C;C,49,trade,,6875.0,C,3.700000047683716,189,182,6855.0,P,0.10052625834941864,0.0053885504603385925,True,0.03905797087302408,-0.06146828747639456,TRAILING_STOP,5
2026-01-02,81,358821,6851.6298828125,-0.33000001311302185,309,1.9643770456314087,1.9728931188583374,0.008516073226928711,1.9729;1.9677;1.9621;1.9302;1.8223,6870;6865;6860;6875;6855,C;C;C;C;C,48,no_trade,in_position,0.0,,0.0,-1,182,6855.0,P,0.22437961399555206,0.011071398854255676,True,nan,nan,,0
2026-01-02,82,358822,6847.75,-0.33000001311302185,308,2.0770349502563477,2.462498188018799,0.38546323776245117,2.4625;2.4606;2.4459;2.3646;2.3557,6860;6865;6870;6875;6855,C;C;C;C;C,60,no_trade,in_position,0.0,,0.0,-1,168,6820.0,P,-0.06542376428842545,0.02639441192150116,True,nan,nan,,0
2026-01-02,83,358823,6851.759765625,-0.33000001311302185,307,2.262840986251831,2.4516849517822266,0.1888439655303955,2.4517;2.3882;2.3836;2.3685;2.2564,6870;6865;6875;6860;6880,C;C;C;C;C,54,no_trade,in_position,0.0,,0.0,-1,172,6830.0,P,0.7432000041007996,0.008939146995544434,True,nan,nan,,0
2026-01-02,84,358824,6855.02978515625,-0.33000001311302185,306,1.7957791090011597,2.257996082305908,0.46221697330474854,2.2580;2.2236;2.2082;2.1063;2.0773,6850;6845;6840;6835;6855,P;P;P;P;P,54,no_trade,in_position,0.0,,0.0,-1,166,6815.0,P,0.6177664995193481,0.011831700801849365,True,nan,nan,,0
2026-01-02,85,358825,6856.240234375,-1.0,305,1.681132197380066,2.0731308460235596,0.39199864864349365,2.0731;2.0541;2.0360;2.0320;1.9988,6870;6875;6865;6860;6880,C;C;C;C;C,50,no_trade,in_position,0.0,,0.0,-1,182,6855.0,P,0.19751881062984467,0.015104994177818298,True,nan,nan,,0
2026-01-02,86,358826,6851.8701171875,-0.33000001311302185,304,1.5929365158081055,2.060485601425171,0.46754908561706543,2.0605;2.0399;2.0098;1.9554;1.9495,6845;6840;6850;6830;6835,P;P;P;P;P,51,no_trade,in_position,0.0,,0.0,-1,182,6855.0,P,0.014093668200075626,0.06340406835079193,True,nan,nan,,0
2026-01-02,87,358827,6842.2900390625,-0.33000001311302185,303,1.7761904001235962,2.054231643676758,0.2780412435531616,2.0542;2.0498;2.0261;2.0019;1.9886,6830;6840;6835;6825;6845,P;P;P;P;P,60,trade,,6830.0,P,8.100000381469727,172,178,6845.0,P,-0.015000000596046448,0.002749999985098839,True,0.054642855991311676,0.06964285658735812,TRAILING_STOP,10
2026-01-02,88,358828,6841.93017578125,-0.33000001311302185,302,1.8943623304367065,2.1495745182037354,0.2552121877670288,2.1496;2.1495;2.1294;2.0819;2.0607,6860;6870;6865;6875;6830,C;C;C;C;P,64,no_trade,in_position,0.0,,0.0,-1,173,6835.0,C,-0.2830723226070404,0.004585325717926025,True,nan,nan,,0
2026-01-02,89,358829,6840.18994140625,-0.33000001311302185,301,1.9185587167739868,2.2205471992492676,0.30198848247528076,2.2205;2.1787;2.1778;2.1448;2.1346,6860;6865;6870;6855;6875,C;C;C;C;C,63,no_trade,in_position,0.0,,0.0,-1,175,6840.0,C,-0.01651162840425968,0.25011491775512695,True,nan,nan,,0
2026-01-02,90,358830,6838.0,-0.33000001311302185,300,2.0064148902893066,2.033440589904785,0.027025699615478516,2.0334;2.0294;2.0281;2.0234;1.9595,6820;6830;6825;6835;6815,P;P;P;P;P,61,no_trade,in_position,0.0,,0.0,-1,171,6830.0,C,-0.016702702268958092,0.00047471746802330017,True,nan,nan,,0
2026-01-02,91,358831,6837.35986328125,-0.33000001311302185,299,2.058617115020752,2.2512259483337402,0.19260883331298828,2.2512;2.2043;2.1977;2.1974;2.1262,6860;6850;6855;6865;6870,C;C;C;C;C,63,no_trade,in_position,0.0,,0.0,-1,173,6835.0,C,-0.014391891658306122,0.0023303311318159103,True,nan,nan,,0
2026-01-02,92,358832,6837.0498046875,-0.33000001311302185,298,1.9532947540283203,1.8202705383300781,-0.1330242156982422,1.8203;1.8201;1.8118;1.7881;1.7872,6820;6860;6825;6815;6835,P;C;P;P;P,56,no_trade,in_position,0.0,,0.0,-1,171,6830.0,C,-0.012738636694848537,0.001461363397538662,True,nan,nan,,0
2026-01-02,93,358833,6837.75,-0.33000001311302185,297,1.8586044311523438,1.9347258806228638,0.07612144947052002,1.9347;1.9241;1.8998;1.8961;1.8710,6825;6820;6830;6835;6815,P;P;P;P;P,59,no_trade,in_position,0.0,,0.0,-1,173,6835.0,C,-0.01510638277977705,0.0016538510099053383,True,nan,nan,,0
2026-01-02,94,358834,6836.330078125,-0.33000001311302185,296,1.8210915327072144,2.015570878982544,0.1944793462753296,2.0156;2.0112;1.9820;1.9731;1.9533,6830;6835;6825;6820;6850,P;P;P;P;C,62,no_trade,in_position,0.0,,0.0,-1,173,6835.0,C,0.23398496210575104,0.004447922110557556,True,nan,nan,,0
2026-01-02,95,358835,6834.8701171875,-0.33000001311302185,295,1.9326516389846802,2.074892044067383,0.14224040508270264,2.0749;2.0302;1.9869;1.9396;1.9218,6860;6850;6855;6865;6870,C;C;C;C;C,56,no_trade,in_position,0.0,,0.0,-1,181,6855.0,C,0.5483672618865967,0.01074826717376709,True,nan,nan,,0
2026-01-02,96,358836,6834.72021484375,-0.33000001311302185,294,2.003323554992676,2.0054543018341064,0.002130746841430664,2.0055;1.9041;1.8742;1.8294;1.6781,6860;6850;6865;6870;6830,C;C;C;C;P,57,no_trade,in_position,0.0,,0.0,-1,173,6835.0,C,0.4181617200374603,0.00570717453956604,True,nan,nan,,0
2026-01-02,97,358837,6836.47021484375,-0.33000001311302185,293,1.899261713027954,1.7950282096862793,-0.1042335033416748,1.7950;1.7768;1.7377;1.7258;1.6856,6860;6850;6855;6830;6825,C;C;C;P;P,54,no_trade,in_position,0.0,,0.0,-1,181,6855.0,C,0.32803571224212646,0.34233102202415466,True,nan,nan,,0
2026-01-02,98,358838,6839.2998046875,-0.33000001311302185,292,1.7432801723480225,2.1800918579101562,0.4368116855621338,2.1801;2.1473;2.1225;2.1104;2.0867,6860;6855;6850;6865;6870,C;C;C;C;C,56,no_trade,in_position,0.0,,0.0,-1,178,6845.0,P,-0.014791667461395264,0.0019072573632001877,True,nan,nan,,0
2026-01-02,99,358839,6839.75,-0.33000001311302185,291,1.7972054481506348,1.9336504936218262,0.1364450454711914,1.9337;1.9277;1.9121;1.9029;1.8931,6860;6830;6850;6855;6835,C;P;C;C;P,55,trade,,6860.0,C,4.099999904632568,183,180,6850.0,P,-0.013481012545526028,0.010451572947204113,True,0.03266666666666673,0.04614767921219276,TRAILING_STOP,8
2026-01-02,100,358840,6842.759765625,-0.33000001311302185,290,1.8682948350906372,2.069579601287842,0.2012847661972046,2.0696;2.0664;2.0214;2.0015;1.9954,6835;6840;6830;6860;6850,P;P;P;C;C,50,no_trade,in_position,0.0,,0.0,-1,187,6870.0,C,0.4293749928474426,0.19367030262947083,True,nan,nan,,0
2026-01-02,101,358841,6833.43994140625,-0.33000001311302185,289,1.8539454936981201,2.5902950763702393,0.7363495826721191,2.5903;2.4983;2.3135;2.1173;1.9756,6845;6840;6875;6880;6820,C;C;C;C;P,53,no_trade,in_position,0.0,,0.0,-1,173,6835.0,C,0.3439204692840576,0.010366320610046387,True,nan,nan,,0
2026-01-02,102,358842,6836.41015625,-0.33000001311302185,288,2.0367515087127686,2.0915329456329346,0.054781436920166016,2.0915;2.0866;2.0701;2.0438;1.9821,6850;6855;6860;6830;6865,C;C;C;P;C,49,no_trade,in_position,0.0,,0.0,-1,175,6840.0,C,0.31153228878974915,0.03692701458930969,True,nan,nan,,0
2026-01-02,103,358843,6840.2900390625,-0.33000001311302185,287,1.9008928537368774,2.1042697429656982,0.2033768892288208,2.1043;2.0725;2.0284;2.0105;2.0105,6860;6865;6855;6870;6850,C;C;C;C;C,52,no_trade,in_position,0.0,,0.0,-1,158,6795.0,P,-0.14295773208141327,0.037143275141716,True,nan,nan,,0
2026-01-02,104,358844,6843.93994140625,-0.33000001311302185,286,1.7128156423568726,2.0642311573028564,0.3514155149459839,2.0642;2.0338;1.9945;1.9681;1.9658,6860;6865;6850;6855;6870,C;C;C;C;C,51,no_trade,in_position,0.0,,0.0,-1,176,6840.0,P,0.2243373543024063,0.006033778190612793,True,nan,nan,,0
2026-01-05,60,359190,6911.56982421875,-1.0,330,2.5439188480377197,2.8023521900177,0.25843334197998047,2.8024;2.7944;2.7383;2.6399;2.5892,6915;6910;6920;6925;6905,C;C;C;C;C,49,trade,,6915.0,C,5.900000095367432,165,166,6915.0,P,-0.02290322445333004,0.2007550746202469,True,-0.033281249504070735,-0.010378025050740695,TRAILING_STOP,4
2026-01-05,61,359191,6912.18994140625,-1.0,329,2.4917287826538086,2.5407586097717285,0.04902982711791992,2.5408;2.5152;2.4243;2.3953;2.2255,6915;6920;6910;6925;6930,C;C;C;C;C,44,no_trade,in_position,0.0,,0.0,-1,166,6915.0,P,-0.023666666820645332,0.007202897220849991,True,nan,nan,,0
2026-01-05,62,359192,6913.16015625,-1.0,328,2.3418288230895996,2.7016217708587646,0.35979294776916504,2.7016;2.6973;2.6309;2.5744;2.4717,6915;6920;6925;6910;6930,C;C;C;C;C,42,no_trade,in_position,0.0,,0.0,-1,166,6915.0,P,-0.025058822706341743,0.007710406556725502,True,nan,nan,,0
2026-01-05,63,359193,6914.41015625,-1.0,327,2.540987253189087,2.4409658908843994,-0.1000213623046875,2.4410;2.4297;2.3635;2.3026;2.1986,6920;6915;6925;6910;6930,C;C;C;C;C,46,no_trade,in_position,0.0,,0.0,-1,166,6915.0,P,-0.023666666820645332,0.007202897220849991,True,nan,nan,,0
2026-01-05,64,359194,6912.81982421875,-1.0,326,2.508317708969116,2.609313488006592,0.10099577903747559,2.6093;2.5646;2.5004;2.4105;2.2702,6915;6920;6910;6925;6905,C;C;C;C;C,45,no_trade,in_position,0.0,,0.0,-1,157,6895.0,C,-0.016695931553840637,0.00099114328622818,True,nan,nan,,0
2026-01-05,65,359195,6910.43994140625,-1.0,325,2.5238890647888184,2.6333677768707275,0.10947871208190918,2.6334;2.6293;2.5409;2.3699;2.3331,6915;6910;6920;6925;6905,C;C;C;C;C,43,no_trade,in_position,0.0,,0.0,-1,163,6910.0,C,0.2226923108100891,0.23938380181789398,True,nan,nan,,0
2026-01-05,66,359196,6910.77978515625,-1.0,324,2.556255578994751,2.7019619941711426,0.1457064151763916,2.7020;2.6955;2.6093;2.4510;2.4218,6910;6915;6920;6925;6905,C;C;C;C;C,44,trade,,6910.0,C,7.800000190734863,163,163,6910.0,C,0.689264714717865,0.45789068937301636,True,-0.03132352853316339,-0.7205882432510284,TRAILING_STOP,21
2026-01-05,67,359197,6908.66015625,-1.0,323,2.5274579524993896,2.546332836151123,0.0188748836517334,2.5463;2.4933;2.3534;2.3388;2.0524,6910;6915;6920;6905;6925,C;C;C;C;C,39,no_trade,in_position,0.0,,0.0,-1,159,6900.0,C,0.5655646324157715,0.5889711976051331,True,nan,nan,,0
2026-01-05,68,359198,6907.52001953125,-1.0,322,2.5878777503967285,2.6761958599090576,0.0883181095123291,2.6762;2.6136;2.5733;2.4972;2.2077,6910;6915;6905;6920;6925,C;C;C;C;C,41,no_trade,in_position,0.0,,0.0,-1,159,6900.0,C,0.4808870851993561,0.50429368019104,True,nan,nan,,0
2026-01-05,69,359199,6907.6298828125,-1.0,321,2.472364664077759,2.594935178756714,0.12257051467895508,2.5949;2.5471;2.5339;2.4452;2.3017,6910;6915;6905;6920;6900,C;C;C;C;C,43,no_trade,in_position,0.0,,0.0,-1,159,6900.0,C,0.3199999928474426,0.008027255535125732,True,nan,nan,,0
2026-01-05,70,359200,6909.330078125,-1.0,320,2.4540891647338867,2.553567409515381,0.09947824478149414,2.5536;2.5139;2.4086;2.4028;2.1686,6910;6915;6905;6920;6925,C;C;C;C;C,40,no_trade,in_position,0.0,,0.0,-1,167,6920.0,C,0.5129825472831726,0.013378679752349854,True,nan,nan,,0
2026-01-05,71,359201,6909.1201171875,-1.0,319,2.3026347160339355,2.195605754852295,-0.10702896118164062,2.1956;2.1518;2.1413;2.0299;1.9406,6910;6915;6905;6920;6900,C;C;C;C;C,48,no_trade,in_position,0.0,,0.0,-1,161,6905.0,C,0.5210795402526855,0.04120942950248718,True,nan,nan,,0
2026-01-05,72,359202,6908.9501953125,-1.0,318,2.378089189529419,2.192450523376465,-0.1856386661529541,2.1925;2.1529;2.0557;2.0248;1.8497,6910;6915;6920;6905;6925,C;C;C;C;C,37,no_trade,in_position,0.0,,0.0,-1,163,6910.0,C,0.5569117069244385,0.04472428560256958,True,nan,nan,,0
2026-01-05,73,359203,6908.330078125,-1.0,317,2.4769890308380127,2.466620922088623,-0.010368108749389648,2.4666;2.4392;2.4092;2.2735;2.1814,6910;6905;6915;6920;6900,C;C;C;C;C,41,no_trade,in_position,0.0,,0.0,-1,159,6900.0,C,0.5790984034538269,0.41949838399887085,True,nan,nan,,0
2026-01-05,74,359204,6907.02978515625,-1.0,316,2.365558385848999,2.3741066455841064,0.008548259735107422,2.3741;2.3680;2.2671;2.2038;2.0811,6905;6910;6915;6900;6920,C;C;C;C;C,39,no_trade,in_position,0.0,,0.0,-1,159,6900.0,C,0.34723880887031555,0.05057212710380554,True,nan,nan,,0
2026-01-05,75,359205,6909.35986328125,-1.0,315,2.3390564918518066,2.4248883724212646,0.08583188056945801,2.4249;2.3338;2.2994;2.1712;2.0199,6910;6915;6905;6920;6900,C;C;C;C;C,38,no_trade,in_position,0.0,,0.0,-1,159,6900.0,C,0.4227598309516907,0.0292360782623291,True,nan,nan,,0
2026-01-05,76,359206,6910.1201171875,-1.0,314,2.3773882389068604,2.3063130378723145,-0.0710752010345459,2.3063;2.2512;2.1665;2.0851;1.9582,6910;6915;6920;6905;6925,C;C;C;C;C,37,no_trade,in_position,0.0,,0.0,-1,163,6910.0,C,0.43160003423690796,0.005681633949279785,True,nan,nan,,0
2026-01-05,77,359207,6910.3798828125,-1.0,313,2.289381265640259,2.508300542831421,0.2189192771911621,2.5083;2.4618;2.3889;2.3341;2.1130,6910;6915;6905;6920;6925,C;C;C;C;C,41,no_trade,in_position,0.0,,0.0,-1,163,6910.0,C,0.49350476264953613,0.0066297948360443115,True,nan,nan,,0
2026-01-05,78,359208,6910.3701171875,-1.0,312,2.3637478351593018,2.393219470977783,0.029471635818481445,2.3932;2.3642;2.2491;2.0681;1.9493,6910;6915;6920;6925;6905,C;C;C;C;C,35,no_trade,in_position,0.0,,0.0,-1,163,6910.0,C,0.5312675833702087,0.07023310661315918,True,nan,nan,,0
2026-01-05,79,359209,6910.22998046875,-1.0,311,2.398988962173462,2.4096286296844482,0.010639667510986328,2.4096;2.3854;2.2668;2.1198;2.0524,6910;6915;6920;6905;6925,C;C;C;C;C,35,no_trade,in_position,0.0,,0.0,-1,159,6900.0,C,0.23137404024600983,0.004033610224723816,True,nan,nan,,0
2026-01-05,80,359210,6908.83984375,-1.0,310,2.1637463569641113,2.495359420776367,0.33161306381225586,2.4954;2.4538;2.4105;2.2891;2.1499,6910;6905;6915;6920;6900,C;C;C;C;C,43,no_trade,in_position,0.0,,0.0,-1,159,6900.0,C,0.481374055147171,0.03481167554855347,True,nan,nan,,0
2026-01-05,81,359211,6909.02978515625,-1.0,309,2.28071665763855,2.2393958568573,-0.04132080078125,2.2394;2.1846;2.1843;2.0283;1.8322,6910;6905;6915;6920;6905,C;C;C;C;P,40,no_trade,in_position,0.0,,0.0,-1,161,6905.0,C,0.4933684766292572,0.0366266667842865,True,nan,nan,,0
2026-01-05,82,359212,6909.31005859375,-1.0,308,2.237718105316162,2.2232935428619385,-0.014424562454223633,2.2233;2.1752;2.0888;2.0436;1.8498,6910;6915;6905;6920;6900,C;C;C;C;C,43,no_trade,in_position,0.0,,0.0,-1,163,6910.0,C,0.49059709906578064,0.006837755441665649,True,nan,nan,,0
2026-01-05,83,359213,6909.47998046875,-1.0,307,2.1796820163726807,2.4526689052581787,0.27298688888549805,2.4527;2.4073;2.3686;2.2204;2.1110,6910;6905;6915;6920;6900,C;C;C;C;C,37,no_trade,in_position,0.0,,0.0,-1,159,6900.0,C,0.5897581577301025,0.6134248375892639,True,nan,nan,,0
2026-01-05,84,359214,6908.18017578125,-1.0,306,2.1903250217437744,1.7429194450378418,-0.4474055767059326,1.7429;1.7062;1.6218;1.6002;1.5218,6900;6905;6910;6895;6910,P;P;P;P;C,34,no_trade,in_position,0.0,,0.0,-1,159,6900.0,C,0.3199999928474426,0.02649468183517456,True,nan,nan,,0
2026-01-05,85,359215,6909.89990234375,-1.0,305,2.4131710529327393,2.4413464069366455,0.02817535400390625,2.4413;2.3965;2.3099;2.2718;2.0702,6910;6915;6905;6920;6925,C;C;C;C;C,40,no_trade,in_position,0.0,,0.0,-1,161,6905.0,C,0.3197391927242279,0.062269359827041626,True,nan,nan,,0
2026-01-05,86,359216,6911.83984375,-1.0,304,2.0708682537078857,2.4715936183929443,0.4007253646850586,2.4716;2.4236;2.3296;2.2538;2.0787,6910;6915;6920;6905;6925,C;C;C;C;C,40,no_trade,in_position,0.0,,0.0,-1,161,6905.0,C,0.22913461923599243,0.00013466179370880127,True,nan,nan,,0
2026-01-05,87,359217,6909.9501953125,-1.0,303,1.9773476123809814,2.519852876663208,0.5425052642822266,2.5199;2.4618;2.4213;2.2808;2.0521,6910;6905;6915;6920;6900,C;C;C;C;C,40,no_trade,in_position,0.0,,0.0,-1,161,6905.0,C,0.5589665174484253,0.04617244005203247,True,nan,nan,,0
2026-01-05,88,359218,6909.60009765625,-1.0,302,2.083160400390625,2.0473062992095947,-0.03585410118103027,2.0473;2.0127;1.8982;1.7252;1.6655,6910;6915;6920;6905;6900,C;C;C;C;P,33,no_trade,in_position,0.0,,0.0,-1,161,6905.0,C,0.4739394187927246,0.005262941122055054,True,nan,nan,,0
2026-01-05,89,359219,6909.6298828125,-1.0,301,2.112917184829712,1.965087890625,-0.14782929420471191,1.9651;1.9369;1.8081;1.5913;1.4377,6910;6915;6920;6905;6900,C;C;C;C;P,27,no_trade,gate,0.0,,0.0,-1,161,6905.0,C,0.7219999432563782,0.4911869168281555,True,nan,nan,,0
2026-01-05,90,359220,6907.740234375,-1.0,300,1.8273770809173584,2.0680840015411377,0.2407069206237793,2.0681;2.0321;1.9610;1.8057;1.7328,6910;6905;6915;6920;6900,C;C;C;C;P,38,trade,,6910.0,C,6.0,163,169,6925.0,C,0.5933333039283752,0.04935026168823242,True,0.21196428506654133,-0.38136901886183394,TRAILING_STOP,13
2026-01-05,91,359221,6906.830078125,-1.0,299,2.0832815170288086,2.1088504791259766,0.02556896209716797,2.1089;2.0123;1.9571;1.8310;1.7311,6910;6915;6905;6920;6900,C;C;C;C;P,34,no_trade,in_position,0.0,,0.0,-1,159,6900.0,C,0.4083065092563629,0.0438065230846405,True,nan,nan,,0
2026-01-05,92,359222,6907.68017578125,-1.0,298,2.0394954681396484,2.4280734062194824,0.388577938079834,2.4281;2.3649;2.2644;2.2169;1.9782,6910;6915;6905;6920;6925,C;C;C;C;C,36,no_trade,in_position,0.0,,0.0,-1,161,6905.0,C,0.44423916935920715,0.03216227889060974,True,nan,nan,,0
2026-01-05,93,359223,6908.58984375,-1.0,297,1.6850987672805786,2.4066810607910156,0.721582293510437,2.4067;2.3440;2.3141;2.1631;1.9621,6910;6915;6905;6920;6925,C;C;C;C;C,35,no_trade,in_position,0.0,,0.0,-1,159,6900.0,C,0.5409600138664246,0.12788310647010803,True,nan,nan,,0
2026-01-05,94,359224,6908.10986328125,-1.0,296,1.7189488410949707,2.0458688735961914,0.3269200325012207,2.0459;2.0017;1.9498;1.7906;1.7710,6910;6905;6915;6920;6900,C;C;C;C;C,35,no_trade,in_position,0.0,,0.0,-1,171,6930.0,C,0.5569231510162354,0.0048302412033081055,True,nan,nan,,0
2026-01-05,95,359225,6908.080078125,-1.0,295,2.0048036575317383,2.0342679023742676,0.029464244842529297,2.0343;1.9620;1.7860;1.7721;1.7296,6910;6915;6920;6905;6905,C;C;C;C;P,33,no_trade,in_position,0.0,,0.0,-1,161,6905.0,C,0.5278823971748352,0.045977503061294556,True,nan,nan,,0
2026-01-05,96,359226,6908.02001953125,-1.0,294,1.7760318517684937,1.8121110200881958,0.03607916831970215,1.8121;1.7335;1.7154;1.5739;1.3683,6910;6915;6905;6920;6900,C;C;C;C;P,31,no_trade,in_position,0.0,,0.0,-1,159,6900.0,C,0.44495996832847595,0.07206526398658752,True,nan,nan,,0
2026-01-05,97,359227,6908.72998046875,-1.0,293,1.6843374967575073,1.9963072538375854,0.3119697570800781,1.9963;1.9180;1.7894;1.7847;1.4985,6910;6915;6920;6905;6925,C;C;C;C;C,31,no_trade,in_position,0.0,,0.0,-1,159,6900.0,C,0.3603675961494446,0.018246322870254517,True,nan,nan,,0
2026-01-05,98,359228,6910.2998046875,-1.0,292,1.5582671165466309,2.202181339263916,0.6439142227172852,2.2022;2.1178;2.0868;2.0032;1.7630,6910;6915;6905;6920;6925,C;C;C;C;C,35,no_trade,in_position,0.0,,0.0,-1,159,6900.0,C,0.3700680732727051,0.0403408408164978,True,nan,nan,,0
2026-01-05,99,359229,6911.58984375,-1.0,291,1.8621559143066406,2.360896110534668,0.49874019622802734,2.3609;2.3375;2.2063;2.0231;1.9667,6910;6915;6920;6905;6925,C;C;C;C;C,36,no_trade,in_position,0.0,,0.0,-1,163,6910.0,C,0.47233766317367554,0.014937669038772583,True,nan,nan,,0
2026-01-05,100,359230,6911.759765625,-1.0,290,1.839686393737793,2.2165684700012207,0.37688207626342773,2.2166;2.2149;2.1250;1.9192;1.9167,6915;6910;6920;6900;6925,C;C;C;P;C,38,no_trade,in_position,0.0,,0.0,-1,163,6910.0,C,0.3337646722793579,0.055343568325042725,True,nan,nan,,0
2026-01-05,101,359231,6913.27001953125,-1.0,289,1.8919309377670288,2.3908066749572754,0.4988757371902466,2.3908;2.3887;2.2784;2.0938;2.0429,6915;6910;6920;6925;6905,C;C;C;C;C,40,no_trade,in_position,0.0,,0.0,-1,159,6900.0,C,-0.01733766309916973,0.002488423138856888,True,nan,nan,,0
2026-01-05,102,359232,6912.58984375,-1.0,288,1.9205994606018066,2.124154567718506,0.20355510711669922,2.1242;2.1184;2.0212;1.8946;1.8929,6910;6915;6920;6900;6910,C;C;C;P;P,37,no_trade,in_position,0.0,,0.0,-1,165,6915.0,C,0.5806248784065247,0.35902488231658936,True,nan,nan,,0
2026-01-05,103,359233,6911.7998046875,-1.0,287,1.9765005111694336,2.2857882976531982,0.30928778648376465,2.2858;2.2462;2.1170;1.9098;1.8873,6910;6915;6920;6925;6905,C;C;C;C;C,34,no_trade,in_position,0.0,,0.0,-1,163,6910.0,C,0.6473134756088257,0.4156838655471802,True,nan,nan,,0
2026-01-05,104,359234,6910.66015625,-1.0,286,2.0897793769836426,2.6666579246520996,0.576878547668457,2.6667;2.5818;2.5376;2.4304;2.0885,6910;6915;6905;6920;6925,C;C;C;C;C,37,no_trade,in_position,0.0,,0.0,-1,161,6905.0,C,0.43480390310287476,0.016647905111312866,True,nan,nan,,0
2026-01-06,60,359580,6931.39013671875,-1.0,330,2.415529489517212,2.393042802810669,-0.02248668670654297,2.3930;2.3446;2.2543;2.1065;2.0491,6930;6935;6940;6925;6945,C;C;C;C;C,44,no_trade,gate,0.0,,0.0,-1,149,6925.0,P,0.3081033527851105,0.001917809247970581,True,nan,nan,,0
2026-01-06,61,359581,6928.81005859375,-1.0,329,2.4131908416748047,2.735241651535034,0.3220508098602295,2.7352;2.7053;2.6392;2.5108;2.3650,6930;6925;6935;6940;6920,C;C;C;C;C,42,trade,,6930.0,C,6.789999961853027,150,147,6920.0,P,0.5713942646980286,0.025680065155029297,True,-0.34202899847128787,-0.9134232631693164,STOP_LOSS,4
2026-01-06,62,359582,6929.2998046875,-1.0,328,2.3423080444335938,2.5037713050842285,0.16146326065063477,2.5038;2.4483;2.4182;2.3217;2.1440,6930;6935;6925;6940;6945,C;C;C;C;C,39,no_trade,in_position,0.0,,0.0,-1,139,6900.0,P,0.3860606551170349,0.02969697117805481,True,nan,nan,,0
2026-01-06,63,359583,6927.9501953125,-1.0,327,2.150261640548706,2.045769453048706,-0.1044921875,2.0458;1.9645;1.9569;1.7940;1.7435,6930;6925;6935;6940;6925,C;C;C;C;P,37,no_trade,in_position,0.0,,0.0,-1,137,6895.0,P,0.41928571462631226,0.011140882968902588,True,nan,nan,,0
2026-01-06,64,359584,6926.5,-1.0,326,2.290480136871338,2.7870407104492188,0.49656057357788086,2.7870;2.7696;2.6792;2.6247;2.5087,6925;6930;6935;6920;6940,C;C;C;C;C,43,no_trade,in_position,0.0,,0.0,-1,147,6920.0,P,0.45739999413490295,0.013452619314193726,True,nan,nan,,0
2026-01-06,65,359585,6926.5,-1.0,325,2.355095863342285,2.7320289611816406,0.37693309783935547,2.7320;2.7031;2.6521;2.5269;2.3835,6930;6925;6935;6940;6920,C;C;C;C;C,40,no_trade,in_position,0.0,,0.0,-1,149,6925.0,P,0.3495946228504181,0.003907740116119385,True,nan,nan,,0
2026-01-06,66,359586,6924.39990234375,-1.0,324,2.3227508068084717,2.4116873741149902,0.08893656730651855,2.4117;2.3847;2.2754;2.2703;2.0383,6925;6930;6935;6920;6940,C;C;C;C;C,40,no_trade,in_position,0.0,,0.0,-1,127,6870.0,P,0.6322580575942993,0.015813589096069336,True,nan,nan,,0
2026-01-06,67,359587,6925.330078125,-1.0,323,2.3134219646453857,2.725839614868164,0.4124176502227783,2.7258;2.7111;2.6372;2.5788;2.5046,6925;6930;6935;6920;6940,C;C;C;C;C,41,no_trade,cooldown,0.0,,0.0,-1,149,6925.0,P,0.46913042664527893,0.010895133018493652,True,nan,nan,,0
2026-01-06,68,359588,6926.14013671875,-1.0,322,2.3040993213653564,2.237366199493408,-0.06673312187194824,2.2374;2.1730;2.1704;2.0436;1.9646,6930;6925;6935;6940;6915,C;C;C;C;P,36,no_trade,cooldown,0.0,,0.0,-1,149,6925.0,P,0.3338158130645752,0.02863064408302307,True,nan,nan,,0
2026-01-06,69,359589,6924.4501953125,-1.0,321,2.170138359069824,2.4071707725524902,0.23703241348266602,2.4072;2.4021;2.2847;2.1270;2.0713,6930;6925;6935;6940;6920,C;C;C;C;C,40,trade,,6930.0,C,4.699999809265137,150,137,6895.0,P,0.45802465081214905,0.0014861822128295898,True,-0.3006818636833134,-0.7587065144954624,STOP_LOSS,12
2026-01-06,70,359590,6923.68017578125,-1.0,320,2.408083200454712,2.398444890975952,-0.009638309478759766,2.3984;2.3362;2.2818;2.2294;2.0012,6925;6930;6920;6935;6940,C;C;C;C;C,36,no_trade,in_position,0.0,,0.0,-1,139,6900.0,P,0.48099997639656067,0.015545487403869629,True,nan,nan,,0
2026-01-06,71,359591,6923.080078125,-1.0,319,2.250570774078369,2.4600393772125244,0.20946860313415527,2.4600;2.4299;2.3881;2.3139;2.0688,6925;6930;6920;6935;6940,C;C;C;C;C,37,no_trade,in_position,0.0,,0.0,-1,149,6925.0,P,0.6391667723655701,0.04477649927139282,True,nan,nan,,0
2026-01-06,72,359592,6924.31005859375,-1.0,318,2.353294610977173,2.7215352058410645,0.3682405948638916,2.7215;2.6756;2.5833;2.5650;2.3940,6925;6930;6935;6920;6940,C;C;C;C;C,37,no_trade,in_position,0.0,,0.0,-1,147,6920.0,P,0.4883333146572113,0.008333265781402588,True,nan,nan,,0
2026-01-06,73,359593,6925.1201171875,-1.0,317,2.180816411972046,2.365215301513672,0.18439888954162598,2.3652;2.3193;2.1708;2.0666;1.9770,6925;6930;6935;6920;6940,C;C;C;C;C,36,no_trade,in_position,0.0,,0.0,-1,149,6925.0,P,0.3255555331707001,0.00622221827507019,True,nan,nan,,0
2026-01-06,74,359594,6923.43017578125,-0.33000001311302185,316,2.0126352310180664,2.1048290729522705,0.0921938419342041,2.1048;1.9925;1.9386;1.9083;1.8804,6920;6915;6925;6910;6925,P;P;P;P;C,35,no_trade,in_position,0.0,,0.0,-1,149,6925.0,P,0.4921250641345978,0.0028030574321746826,True,nan,nan,,0
2026-01-06,75,359595,6922.9501953125,-0.33000001311302185,315,2.1712806224823,2.525386333465576,0.35410571098327637,2.5254;2.4519;2.4501;2.3333;2.1058,6925;6920;6930;6935;6940,C;C;C;C;C,38,no_trade,in_position,0.0,,0.0,-1,145,6915.0,P,0.6342499852180481,0.005284547805786133,True,nan,nan,,0
2026-01-06,76,359596,6924.66015625,-1.0,314,2.2313992977142334,2.3876149654388428,0.15621566772460938,2.3876;2.3291;2.2949;2.2218;1.9968,6925;6930;6920;6935;6940,C;C;C;C;C,34,no_trade,in_position,0.0,,0.0,-1,143,6910.0,P,0.47899994254112244,0.027085036039352417,True,nan,nan,,0
2026-01-06,77,359597,6923.85009765625,-0.33000001311302185,313,1.9679826498031616,2.2082531452178955,0.2402704954147339,2.2083;2.1350;2.1005;2.0144;1.9748,6925;6930;6920;6920;6935,C;C;C;P;C,34,no_trade,in_position,0.0,,0.0,-1,149,6925.0,P,0.49148645997047424,0.030213743448257446,True,nan,nan,,0
2026-01-06,78,359598,6924.33984375,-1.0,312,1.763660192489624,2.0532381534576416,0.2895779609680176,2.0532;2.0524;1.9766;1.9483;1.8177,6920;6925;6930;6920;6935,C;C;C;P;C,35,no_trade,in_position,0.0,,0.0,-1,141,6905.0,P,0.6138249039649963,0.003824949264526367,True,nan,nan,,0
2026-01-06,79,359599,6924.68994140625,-1.0,311,1.7993943691253662,2.0371832847595215,0.23778891563415527,2.0372;1.9663;1.8936;1.8303;1.8170,6925;6930;6920;6920;6935,C;C;P;C;C,30,no_trade,in_position,0.0,,0.0,-1,149,6925.0,P,0.35740265250205994,0.0025812387466430664,True,nan,nan,,0
2026-01-06,80,359600,6923.47998046875,-1.0,310,1.9295191764831543,2.17588210105896,0.24636292457580566,2.1759;2.1639;2.0418;1.8668;1.8203,6925;6920;6930;6935;6915,C;C;C;C;C,34,no_trade,in_position,0.0,,0.0,-1,145,6915.0,P,0.4846341013908386,0.012152105569839478,True,nan,nan,,0
2026-01-06,81,359601,6923.240234375,-1.0,309,1.9545750617980957,2.0941953659057617,0.13962030410766602,2.0942;2.0167;1.9165;1.8456;1.8140,6920;6915;6910;6925;6925,P;P;P;C;P,34,no_trade,in_position,0.0,,0.0,-1,149,6925.0,P,0.2590109705924988,0.009351179003715515,True,nan,nan,,0
2026-01-06,82,359602,6920.35986328125,-1.0,308,1.8486518859863281,1.9205507040023804,0.07189881801605225,1.9206;1.8924;1.8713;1.8639;1.7974,6920;6920;6915;6925;6910,P;C;P;C;P,38,no_trade,in_position,0.0,,0.0,-1,127,6870.0,P,0.20777782797813416,0.05931621789932251,True,nan,nan,,0
2026-01-06,83,359603,6917.0498046875,-1.0,307,2.234185218811035,2.4010558128356934,0.1668705940246582,2.4011;2.3237;2.2619;2.1576;1.8838,6920;6925;6915;6930;6935,C;C;C;C;C,37,no_trade,cooldown,0.0,,0.0,-1,139,6900.0,P,0.5644826292991638,0.026842176914215088,True,nan,nan,,0
2026-01-06,84,359604,6917.2099609375,-1.0,306,2.2423174381256104,2.461371660232544,0.2190542221069336,2.4614;2.4434;2.3790;2.3034;2.2219,6920;6925;6930;6915;6935,C;C;C;C;C,38,no_trade,cooldown,0.0,,0.0,-1,147,6920.0,P,0.13972727954387665,0.004370078444480896,True,nan,nan,,0
2026-01-06,85,359605,6914.25,-0.33000001311302185,305,2.0867178440093994,2.2191379070281982,0.13242006301879883,2.2191;2.2090;2.1746;2.1450;2.0357,6910;6905;6900;6915;6920,P;P;P;P;C,41,trade,,6910.0,P,6.400000095367432,143,144,6915.0,C,0.36750009655952454,0.3838846981525421,True,0.044500000000000074,-0.32300009655952444,TRAILING_STOP,13
2026-01-06,86,359606,6915.58984375,-0.33000001311302185,304,2.325134515762329,2.498215913772583,0.1730813980102539,2.4982;2.4612;2.4553;2.2998;2.2444,6925;6920;6930;6915;6935,C;C;C;C;C,37,no_trade,in_position,0.0,,0.0,-1,149,6925.0,P,-0.016904762014746666,0.0043952371925115585,True,nan,nan,,0
2026-01-06,87,359607,6916.27978515625,-0.33000001311302185,303,2.083367109298706,2.6376214027404785,0.5542542934417725,2.6376;2.6324;2.5920;2.4886;2.4644,6925;6920;6930;6915;6935,C;C;C;C;C,38,no_trade,in_position,0.0,,0.0,-1,137,6895.0,P,0.2038775533437729,0.005828768014907837,True,nan,nan,,0
2026-01-06,88,359608,6916.97021484375,-0.33000001311302185,302,1.971390724182129,2.1866421699523926,0.21525144577026367,2.1866;2.1775;2.1149;1.9737;1.9185,6920;6925;6930;6915;6935,C;C;C;C;C,32,no_trade,in_position,0.0,,0.0,-1,141,6905.0,P,0.48424994945526123,8.32974910736084e-05,True,nan,nan,,0
2026-01-06,89,359609,6916.81982421875,-1.0,301,1.9825406074523926,1.8635704517364502,-0.11897015571594238,1.8636;1.8371;1.8345;1.8154;1.8010,6920;6910;6925;6915;6905,C;P;C;P;P,33,no_trade,in_position,0.0,,0.0,-1,145,6915.0,P,0.3535526394844055,0.0184306800365448,True,nan,nan,,0
2026-01-06,90,359610,6915.60986328125,-0.33000001311302185,300,2.0789716243743896,2.348235845565796,0.26926422119140625,2.3482;2.2815;2.2661;2.1769;1.9644,6920;6925;6915;6930;6935,C;C;C;C;C,37,no_trade,in_position,0.0,,0.0,-1,137,6895.0,P,-0.04035714268684387,0.018809527158737183,True,nan,nan,,0
2026-01-06,91,359611,6914.009765625,-0.33000001311302185,299,2.218332290649414,2.444497585296631,0.2261652946472168,2.4445;2.4303;2.3683;2.2197;1.9840,6920;6915;6925;6930;6935,C;C;C;C;C,37,no_trade,in_position,0.0,,0.0,-1,144,6915.0,C,0.45160001516342163,0.09924712777137756,True,nan,nan,,0
2026-01-06,92,359612,6914.22021484375,-0.33000001311302185,298,2.0728042125701904,2.0711426734924316,-0.001661539077758789,2.0711;2.0056;1.9976;1.8809;1.7826,6920;6925;6915;6930;6910,C;C;C;C;P,31,no_trade,in_position,0.0,,0.0,-1,144,6915.0,C,-0.030000001192092896,0.008965514600276947,True,nan,nan,,0
2026-01-06,93,359613,6913.47021484375,-0.33000001311302185,297,1.7569944858551025,2.078777551651001,0.32178306579589844,2.0788;2.0704;2.0173;1.9078;1.8893,6915;6920;6925;6930;6910,C;C;C;C;P,38,no_trade,in_position,0.0,,0.0,-1,144,6915.0,C,-0.032769229263067245,0.009872280061244965,True,nan,nan,,0
2026-01-06,94,359614,6911.72021484375,-0.33000001311302185,296,1.8922147750854492,2.2478396892547607,0.3556249141693115,2.2478;2.2470;2.1866;2.0662;2.0515,6915;6920;6925;6900;6910,C;C;C;P;C,37,no_trade,in_position,0.0,,0.0,-1,144,6915.0,C,-0.03227272629737854,0.009579125791788101,True,nan,nan,,0
2026-01-06,95,359615,6912.22998046875,-0.33000001311302185,295,2.142028331756592,2.3195087909698486,0.17748045921325684,2.3195;2.2804;2.2396;2.1906;2.1720,6910;6905;6900;6920;6915,P;P;P;C;C,40,no_trade,in_position,0.0,,0.0,-1,144,6915.0,C,0.21449999511241913,0.011583328247070312,True,nan,nan,,0
2026-01-06,96,359616,6911.02001953125,-0.33000001311302185,294,2.057888984680176,2.651181221008301,0.593292236328125,2.6512;2.6385;2.5714;2.5213;2.4075,6915;6920;6925;6910;6930,C;C;C;C;C,40,no_trade,in_position,0.0,,0.0,-1,144,6915.0,C,0.4893220067024231,0.005475878715515137,True,nan,nan,,0
2026-01-06,97,359617,6910.52001953125,-0.33000001311302185,293,2.305760145187378,2.7308998107910156,0.4251396656036377,2.7309;2.6840;2.6839;2.5528;2.4384,6920;6915;6925;6930;6910,C;C;C;C;C,37,no_trade,in_position,0.0,,0.0,-1,144,6915.0,C,0.4467337429523468,0.001349121332168579,True,nan,nan,,0
2026-01-06,98,359618,6910.6298828125,-0.33000001311302185,292,2.2992846965789795,2.8790900707244873,0.5798053741455078,2.8791;2.8372;2.8298;2.7395;2.5851,6920;6925;6915;6930;6910,C;C;C;C;C,37,no_trade,in_position,0.0,,0.0,-1,150,6930.0,C,0.20424242317676544,0.0018286257982254028,True,nan,nan,,0
2026-01-06,99,359619,6914.240234375,-0.33000001311302185,291,2.0648558139801025,2.490269422531128,0.4254136085510254,2.4903;2.4761;2.4291;2.3806;2.1654,6920;6925;6915;6930;6935,C;C;C;C;C,36,no_trade,in_position,0.0,,0.0,-1,144,6915.0,C,0.41276320815086365,0.0427631139755249,True,nan,nan,,0
2026-01-06,100,359620,6914.72021484375,-0.33000001311302185,290,1.8675310611724854,2.2183589935302734,0.3508279323577881,2.2184;2.1788;2.1783;2.0712;1.9128,6920;6915;6925;6930;6910,C;C;C;C;P,35,trade,,6920.0,C,5.099999904632568,146,144,6915.0,C,0.491599977016449,0.7919946908950806,True,0.03740000000000007,-0.4541999770164489,TRAILING_STOP,14
2026-01-06,101,359621,6915.240234375,-1.0,289,1.939304232597351,2.084500312805176,0.1451960802078247,2.0845;2.0838;2.0498;2.0297;2.0008,6910;6920;6925;6915;6905,P;C;C;C;P,35,no_trade,in_position,0.0,,0.0,-1,144,6915.0,C,0.37962499260902405,0.628873884677887,True,nan,nan,,0
2026-01-06,102,359622,6916.330078125,-1.0,288,1.851320743560791,1.9332845211029053,0.08196377754211426,1.9333;1.8932;1.8612;1.8382;1.7780,6920;6925;6915;6910;6930,C;C;C;P;C,33,no_trade,in_position,0.0,,0.0,-1,146,6920.0,C,-0.26632654666900635,0.015406787395477295,True,nan,nan,,0
2026-01-06,103,359623,6915.0,-1.0,287,1.9422705173492432,2.0667428970336914,0.12447237968444824,2.0667;1.9979;1.9552;1.9155;1.8721,6905;6900;6910;6920;6925,P;P;P;C;C,30,no_trade,in_position,0.0,,0.0,-1,144,6915.0,C,-0.030000001192092896,0.010357141494750977,True,nan,nan,,0
2026-01-06,104,359624,6914.580078125,-0.33000001311302185,286,2.020606279373169,1.9534413814544678,-0.06716489791870117,1.9534;1.9298;1.9188;1.7189;1.6998,6905;6910;6900;6895;6915,P;P;P;P;P,29,no_trade,in_position,0.0,,0.0,-1,144,6915.0,C,0.3823840618133545,0.014984130859375,True,nan,nan,,0
2026-01-07,60,359970,6941.89013671875,-0.33000001311302185,330,1.947951078414917,2.433621644973755,0.4856705665588379,2.4336;2.4232;2.3707;2.3058;2.2516,6945;6950;6955;6940;6960,C;C;C;C;C,44,no_trade,gate,0.0,,0.0,-1,155,6940.0,C,0.49322572350502014,0.00592416524887085,True,nan,nan,,0
2026-01-07,61,359971,6941.830078125,-0.33000001311302185,329,1.8778696060180664,2.5737929344177246,0.6959233283996582,2.5738;2.5527;2.4984;2.4938;2.2709,6950;6955;6960;6945;6965,C;C;C;C;C,38,trade,,6950.0,C,4.599999904632568,159,155,6940.0,C,0.14475002884864807,0.0999063178896904,True,0.04484371207887377,-0.0999063167697743,TAKE_PROFIT,3
2026-01-07,62,359972,6946.60986328125,-0.33000001311302185,328,1.8339523077011108,2.6791164875030518,0.8451641798019409,2.6791;2.6549;2.6301;2.5521;2.4682,6955;6960;6950;6965;6945,C;C;C;C;C,40,no_trade,in_position,0.0,,0.0,-1,148,6920.0,P,0.44350001215934753,0.09418189525604248,True,nan,nan,,0
2026-01-07,63,359973,6947.080078125,-0.33000001311302185,327,2.0485434532165527,2.350512981414795,0.3019695281982422,2.3505;2.3402;2.3151;2.2444;2.0398,6955;6960;6950;6965;6935,C;C;C;C;P,39,no_trade,in_position,0.0,,0.0,-1,148,6920.0,P,0.5194737315177917,0.08010870218276978,True,nan,nan,,0
2026-01-07,64,359974,6947.2900390625,-0.33000001311302185,326,2.0749499797821045,2.516240358352661,0.44129037857055664,2.5162;2.4940;2.4678;2.3852;2.1463,6955;6960;6950;6965;6945,C;C;C;C;C,37,no_trade,in_position,0.0,,0.0,-1,150,6925.0,P,0.8184999823570251,0.1078750491142273,True,nan,nan,,0
2026-01-07,65,359975,6950.06005859375,-0.33000001311302185,325,2.046985149383545,2.217918634414673,0.17093348503112793,2.2179;2.2115;2.1135;2.1006;1.9174,6955;6960;6950;6965;6970,C;C;C;C;C,37,no_trade,in_position,0.0,,0.0,-1,158,6945.0,P,0.4899999797344208,0.00992479920387268,True,nan,nan,,0
2026-01-07,66,359976,6950.35009765625,-0.33000001311302185,324,2.3127975463867188,2.1633684635162354,-0.1494290828704834,2.1634;2.1161;2.1123;2.0427;2.0069,6960;6955;6935;6965;6940,C;C;P;C;P,35,no_trade,gate,0.0,,0.0,-1,155,6940.0,C,0.5162142515182495,0.018390953540802002,True,nan,nan,,0
2026-01-07,67,359977,6949.89013671875,-0.33000001311302185,323,2.168980836868286,2.1363914012908936,-0.03258943557739258,2.1364;2.1314;2.0963;2.0322;2.0236,6940;6955;6960;6930;6950,P;C;C;P;C,34,no_trade,gate,0.0,,0.0,-1,155,6940.0,C,0.22876371443271637,0.6958573460578918,True,nan,nan,,0
2026-01-07,68,359978,6940.7900390625,-0.33000001311302185,322,2.099585771560669,2.9996232986450195,0.9000375270843506,2.9996;2.0595;2.0394;1.9938;1.9622,6940;6930;6940;6935;6925,C;P;P;P;P,34,trade,,6940.0,C,10.029999732971191,155,155,6940.0,C,0.32428571581840515,0.6129634380340576,True,0.32428570107537846,-1.4743026688357475e-08,TAKE_PROFIT,21
2026-01-07,69,359979,6943.2998046875,-0.33000001311302185,321,2.141176462173462,3.0623555183410645,0.9211790561676025,3.0624;2.3856;2.3757;2.3608;2.3244,6955;6950;6955;6945;6960,P;C;C;C;C,33,no_trade,in_position,0.0,,0.0,-1,155,6940.0,C,0.2638167440891266,0.07281678915023804,True,nan,nan,,0
2026-01-07,70,359980,6947.39990234375,-0.33000001311302185,320,2.19344425201416,2.274693012237549,0.08124876022338867,2.2747;2.2606;2.2434;2.1603;2.1533,6955;6960;6950;6965;6940,C;C;C;C;P,40,no_trade,in_position,0.0,,0.0,-1,155,6940.0,C,-0.017750000581145287,0.20602364838123322,True,nan,nan,,0
2026-01-07,71,359981,6945.990234375,-0.33000001311302185,319,1.8995682001113892,2.21208119392395,0.31251299381256104,2.2121;2.2003;2.1486;2.1224;1.9915,6950;6955;6960;6945;6965,C;C;C;C;C,41,no_trade,in_position,0.0,,0.0,-1,165,6965.0,C,0.6940740942955017,0.014943540096282959,True,nan,nan,,0
2026-01-07,72,359982,6944.9501953125,-0.33000001311302185,318,1.8681162595748901,2.3655292987823486,0.4974130392074585,2.3655;2.3282;2.2720;2.2653;2.0984,6950;6955;6945;6960;6965,C;C;C;C;C,36,no_trade,in_position,0.0,,0.0,-1,163,6960.0,C,0.7563157677650452,0.018133938312530518,True,nan,nan,,0
2026-01-07,73,359983,6942.85009765625,-0.33000001311302185,317,1.8875569105148315,2.4019594192504883,0.5144025087356567,2.4020;2.3423;2.3367;2.2735;2.0478,6950;6945;6955;6960;6965,C;C;C;C;C,40,no_trade,in_position,0.0,,0.0,-1,159,6950.0,C,0.37000009417533875,0.008308559656143188,True,nan,nan,,0
2026-01-07,74,359984,6943.77001953125,-0.33000001311302185,316,2.030994415283203,2.9403398036956787,0.9093453884124756,2.9403;2.9305;2.8853;2.8162;2.7460,6950;6955;6960;6945;6965,C;C;C;C;C,41,no_trade,in_position,0.0,,0.0,-1,159,6950.0,C,0.23949997127056122,0.04025000333786011,True,nan,nan,,0
2026-01-07,75,359985,6945.580078125,-0.33000001311302185,315,1.8624504804611206,2.5632107257843018,0.7007602453231812,2.5632;2.5459;2.5324;2.4102;2.3928,6955;6950;6960;6945;6965,C;C;C;C;C,37,no_trade,in_position,0.0,,0.0,-1,159,6950.0,C,0.4893220067024231,0.03452199697494507,True,nan,nan,,0
2026-01-07,76,359986,6946.7900390625,-0.33000001311302185,314,1.7471256256103516,2.167742967605591,0.42061734199523926,2.1677;2.1593;2.1306;2.0262;1.9897,6950;6955;6960;6945;6965,C;C;C;C;C,34,no_trade,in_position,0.0,,0.0,-1,161,6955.0,C,0.3489510715007782,0.0019140541553497314,True,nan,nan,,0
2026-01-07,77,359987,6948.22021484375,-0.33000001311302185,313,1.9012501239776611,2.1495847702026367,0.24833464622497559,2.1496;2.1432;2.1326;2.0089;1.7827,6960;6955;6950;6965;6970,C;C;C;C;C,32,no_trade,in_position,0.0,,0.0,-1,161,6955.0,C,-0.04437499865889549,0.01840278133749962,True,nan,nan,,0
2026-01-07,78,359988,6949.2099609375,-0.33000001311302185,312,2.0849571228027344,2.2191920280456543,0.13423490524291992,2.2192;2.2087;2.2008;2.1178;1.9374,6955;6960;6950;6965;6945,C;C;C;C;C,34,no_trade,in_position,0.0,,0.0,-1,160,6950.0,P,-0.2626347243785858,0.011298924684524536,True,nan,nan,,0
2026-01-07,79,359989,6950.39990234375,-0.33000001311302185,311,2.021003007888794,2.395214319229126,0.37421131134033203,2.3952;2.3933;2.3241;2.3082;2.1148,6955;6960;6950;6965;6970,C;C;C;C;C,34,no_trade,in_position,0.0,,0.0,-1,162,6955.0,P,-0.30420559644699097,0.008965075016021729,True,nan,nan,,0
2026-01-07,80,359990,6950.240234375,-0.33000001311302185,310,2.065305471420288,2.32041597366333,0.255110502243042,2.3204;2.3118;2.2277;2.2126;1.9674,6955;6960;6965;6950;6970,C;C;C;C;C,32,no_trade,in_position,0.0,,0.0,-1,164,6960.0,P,-0.3029196858406067,0.009047508239746094,True,nan,nan,,0
2026-01-07,81,359991,6950.5498046875,-0.33000001311302185,309,1.9715547561645508,2.554555654525757,0.583000898361206,2.5546;2.5381;2.4992;2.4499;2.2940,6955;6960;6950;6965;6970,C;C;C;C;C,33,no_trade,in_position,0.0,,0.0,-1,159,6950.0,C,-0.3003999888896942,0.0001882314682006836,True,nan,nan,,0
2026-01-07,82,359992,6950.35009765625,-0.33000001311302185,308,1.9830747842788696,2.1769049167633057,0.19383013248443604,2.1769;2.1596;2.1439;2.0624;1.8745,6955;6960;6950;6965;6970,C;C;C;C;C,32,no_trade,in_position,0.0,,0.0,-1,160,6950.0,P,-0.2731168568134308,0.003262460231781006,True,nan,nan,,0
2026-01-07,83,359993,6950.47998046875,-0.33000001311302185,307,2.098374128341675,2.625870704650879,0.5274965763092041,2.6259;2.6004;2.5636;2.5053;2.3071,6955;6960;6950;6965;6970,C;C;C;C;C,35,no_trade,in_position,0.0,,0.0,-1,165,6965.0,C,-0.3041026294231415,0.005502611398696899,True,nan,nan,,0
2026-01-07,84,359994,6950.2099609375,-0.33000001311302185,306,2.083390951156616,2.128884792327881,0.04549384117126465,2.1289;2.1286;2.0417;1.9806;1.7541,6960;6955;6950;6965;6970,C;C;C;C;C,29,no_trade,in_position,0.0,,0.0,-1,160,6950.0,P,-0.2782668173313141,0.0003929436206817627,True,nan,nan,,0
2026-01-07,85,359995,6950.83984375,-0.33000001311302185,305,2.0773048400878906,2.2591757774353027,0.1818709373474121,2.2592;2.2462;2.1783;2.1758;1.9967,6955;6960;6950;6965;6970,C;C;C;C;C,35,no_trade,in_position,0.0,,0.0,-1,159,6950.0,C,-0.3003895878791809,0.023474007844924927,True,nan,nan,,0
2026-01-07,86,359996,6950.77001953125,-0.33000001311302185,304,2.1341712474823,2.5873775482177734,0.45320630073547363,2.5874;2.5729;2.5051;2.4887;2.2626,6955;6960;6965;6950;6970,C;C;C;C;C,33,no_trade,in_position,0.0,,0.0,-1,158,6945.0,P,-0.27679243683815,0.014885812997817993,True,nan,nan,,0
2026-01-07,87,359997,6951.47998046875,-0.33000001311302185,303,2.217226982116699,2.340240478515625,0.12301349639892578,2.3402;2.3347;2.2623;2.2427;2.0544,6960;6955;6965;6950;6970,C;C;C;C;C,32,no_trade,in_position,0.0,,0.0,-1,162,6955.0,P,-0.02290322445333004,0.007832707837224007,True,nan,nan,,0
2026-01-07,88,359998,6952.06005859375,-1.0,302,2.1607532501220703,2.3311243057250977,0.17037105560302734,2.3311;2.3285;2.2712;2.2121;2.0637,6960;6955;6965;6950;6970,C;C;C;C;C,34,no_trade,in_position,0.0,,0.0,-1,159,6950.0,C,-0.29141029715538025,0.0010896921157836914,True,nan,nan,,0
2026-01-07,89,359999,6951.47998046875,-0.33000001311302185,301,2.2195167541503906,2.151230812072754,-0.06828594207763672,2.1512;2.1321;2.0748;2.0196;1.7211,6955;6960;6950;6965;6970,C;C;C;C;C,30,no_trade,in_position,0.0,,0.0,-1,164,6960.0,P,-0.01991228014230728,0.0048551615327596664,True,nan,nan,,0
2026-01-07,90,360000,6952.97021484375,-1.0,300,2.345543622970581,2.8794867992401123,0.5339431762695312,2.8795;2.8672;2.7951;2.7837;2.5951,6955;6960;6950;6965;6970,C;C;C;C;C,37,no_trade,in_position,0.0,,0.0,-1,164,6960.0,P,-0.019576270133256912,0.0043563153594732285,True,nan,nan,,0
2026-01-07,91,360001,6952.35986328125,-1.0,299,2.649475336074829,2.694225788116455,0.04475045204162598,2.6942;2.6760;2.5615;2.4670;2.2868,6955;6960;6965;6950;6970,C;C;C;C;C,32,trade,,6955.0,C,5.699999809265137,161,160,6950.0,P,0.21508195996284485,0.013491049408912659,True,-0.37050002225240075,-0.5855819822152456,STOP_LOSS,21
2026-01-07,92,360002,6953.39013671875,-1.0,298,2.371262788772583,2.528608798980713,0.15734601020812988,2.5286;2.5192;2.4240;2.3571;2.2182,6955;6960;6965;6950;6970,C;C;C;C;C,34,no_trade,in_position,0.0,,0.0,-1,160,6950.0,P,0.5147457122802734,0.025934487581253052,True,nan,nan,,0
2026-01-07,93,360003,6953.919921875,-1.0,297,2.4223289489746094,2.353633403778076,-0.0686955451965332,2.3536;2.3435;2.2268;2.2067;2.0369,6960;6955;6965;6950;6970,C;C;C;C;C,35,no_trade,in_position,0.0,,0.0,-1,162,6955.0,P,0.44866517186164856,0.0028586089611053467,True,nan,nan,,0
2026-01-07,94,360004,6953.5,-1.0,296,2.5133326053619385,2.582160472869873,0.06882786750793457,2.5822;2.5533;2.4519;2.2710;2.2154,6955;6960;6965;6950;6970,C;C;C;C;C,31,no_trade,in_position,0.0,,0.0,-1,160,6950.0,P,0.4172581136226654,0.018556833267211914,True,nan,nan,,0
2026-01-07,95,360005,6952.580078125,-1.0,295,2.353076696395874,2.064850091934204,-0.2882266044616699,2.0649;2.0353;1.9163;1.8643;1.6782,6955;6960;6965;6950;6950,C;C;C;C;P,27,no_trade,in_position,0.0,,0.0,-1,160,6950.0,P,0.4423808753490448,0.46220695972442627,True,nan,nan,,0
2026-01-07,96,360006,6952.72021484375,-1.0,294,2.39477801322937,2.3350894451141357,-0.059688568115234375,2.3351;2.3173;2.2212;2.1850;1.9319,6955;6960;6950;6965;6970,C;C;C;C;C,29,no_trade,in_position,0.0,,0.0,-1,164,6960.0,P,-0.01933884248137474,0.0038133319467306137,True,nan,nan,,0
2026-01-07,97,360007,6952.0498046875,-1.0,293,2.297854423522949,2.581789016723633,0.2839345932006836,2.5818;2.5608;2.4907;2.3559;2.1163,6955;6950;6960;6965;6970,C;C;C;C;C,34,no_trade,in_position,0.0,,0.0,-1,160,6950.0,P,0.21564516425132751,0.01297849416732788,True,nan,nan,,0
2026-01-07,98,360008,6952.2099609375,-1.0,292,2.317659616470337,2.425846576690674,0.10818696022033691,2.4258;2.3638;2.2969;2.2256;1.8815,6955;6960;6950;6965;6970,C;C;C;C;C,27,no_trade,in_position,0.0,,0.0,-1,160,6950.0,P,0.4423808753490448,0.02129387855529785,True,nan,nan,,0
2026-01-07,99,360009,6952.60986328125,-1.0,291,2.124086380004883,2.1216673851013184,-0.002418994903564453,2.1217;2.0864;2.0798;1.9235;1.6112,6955;6950;6960;6965;6970,C;C;C;C;C,31,no_trade,in_position,0.0,,0.0,-1,164,6960.0,P,-0.01941666752099991,0.004515917971730232,True,nan,nan,,0
2026-01-07,100,360010,6951.85986328125,-1.0,290,1.9794740676879883,2.192164659500122,0.2126905918121338,2.1922;2.1566;2.1094;1.9625;1.7272,6955;6950;6960;6965;6970,C;C;C;C;C,30,no_trade,in_position,0.0,,0.0,-1,164,6960.0,P,-0.01941666752099991,0.004249999299645424,True,nan,nan,,0
2026-01-07,101,360011,6951.77001953125,-1.0,289,2.3013498783111572,2.200260639190674,-0.1010892391204834,2.2003;2.1775;2.1130;1.9336;1.5282,6955;6950;6960;6965;6970,C;C;C;C;C,30,no_trade,in_position,0.0,,0.0,-1,164,6960.0,P,-0.019608844071626663,0.004595700651407242,True,nan,nan,,0
2026-01-07,102,360012,6952.52001953125,-1.0,288,2.26025128364563,2.189054250717163,-0.0711970329284668,2.1891;2.1224;2.0985;1.9608;1.6909,6955;6950;6960;6965;6970,C;C;C;C;C,31,no_trade,in_position,0.0,,0.0,-1,164,6960.0,P,-0.01941666752099991,0.004249999299645424,True,nan,nan,,0
2026-01-07,103,360013,6951.7998046875,-1.0,287,1.9670195579528809,2.1669259071350098,0.1999063491821289,2.1669;2.1589;2.0770;1.9437;1.6720,6955;6950;6960;6965;6970,C;C;C;C;C,30,no_trade,in_position,0.0,,0.0,-1,164,6960.0,P,-0.01946398615837097,0.005018772557377815,True,nan,nan,,0
2026-01-07,104,360014,6951.8701171875,-1.0,286,2.138509511947632,2.189757823944092,0.05124831199645996,2.1898;2.1714;2.1467;1.9742;1.6798,6950;6955;6960;6965;6970,C;C;C;C;C,29,no_trade,in_position,0.0,,0.0,-1,160,6950.0,P,0.21461793780326843,0.013359352946281433,True,nan,nan,,0
2026-01-08,60,360360,6919.5498046875,-0.33000001311302185,330,2.049665689468384,1.8568873405456543,-0.1927783489227295,1.8569;1.8188;1.8029;1.7574;1.7531,6900;6910;6915;6920;6905,P;P;P;P;P,43,no_trade,gate,0.0,,0.0,-1,149,6910.0,P,0.21389830112457275,0.0018177628517150879,True,nan,nan,,0
2026-01-08,61,360361,6922.0400390625,-0.33000001311302185,329,2.200024366378784,2.2242660522460938,0.02424168586730957,2.2243;2.2141;2.1604;2.1100;2.1048,6900;6910;6915;6905;6920,P;P;P;P;P,39,trade,,6900.0,P,3.5999999046325684,145,149,6910.0,P,0.4891379177570343,0.005308002233505249,True,0.38319996185302735,-0.10593795590400695,TAKE_PROFIT,5
2026-01-08,62,360362,6921.85986328125,-0.33000001311302185,328,2.0220141410827637,1.815948724746704,-0.20606541633605957,1.8159;1.7949;1.7774;1.7295;1.7291,6900;6910;6930;6935;6925,P;P;C;C;C,40,no_trade,in_position,0.0,,0.0,-1,153,6920.0,P,0.4026096761226654,0.008194029331207275,True,nan,nan,,0
2026-01-08,63,360363,6920.72021484375,-0.33000001311302185,327,2.0003812313079834,1.9888132810592651,-0.011567950248718262,1.9888;1.9737;1.9730;1.9467;1.9111,6910;6900;6920;6905;6890,P;P;P;P;P,40,no_trade,in_position,0.0,,0.0,-1,143,6895.0,P,0.32844310998916626,0.004131227731704712,True,nan,nan,,0
2026-01-08,64,360364,6919.759765625,-0.33000001311302185,326,2.0059821605682373,1.8630259037017822,-0.14295625686645508,1.8630;1.8215;1.8150;1.7990;1.7332,6930;6925;6935;6920;6900,C;C;C;C;P,38,no_trade,in_position,0.0,,0.0,-1,151,6915.0,P,0.3479999303817749,0.02341654896736145,True,nan,nan,,0
2026-01-08,65,360365,6917.81005859375,-0.33000001311302185,325,1.7646280527114868,2.00911808013916,0.24449002742767334,2.0091;1.9914;1.9854;1.9494;1.8458,6925;6930;6920;6935;6940,C;C;C;C;C,44,no_trade,in_position,0.0,,0.0,-1,160,6940.0,C,0.7864704728126526,0.11416268348693848,True,nan,nan,,0
2026-01-08,66,360366,6914.4599609375,-0.33000001311302185,324,2.0392210483551025,1.8780163526535034,-0.16120469570159912,1.8780;1.7843;1.7677;1.7252;1.6616,6900;6905;6890;6895;6910,P;P;P;P;P,41,no_trade,in_position,0.0,,0.0,-1,158,6935.0,C,0.6047999858856201,0.02319997549057007,True,nan,nan,,0
2026-01-08,67,360367,6913.31005859375,-0.33000001311302185,323,2.1894664764404297,2.4986424446105957,0.309175968170166,2.4986;2.4881;2.4779;2.3613;2.3202,6930;6925;6935;6940;6920,C;C;C;C;C,43,no_trade,in_position,0.0,,0.0,-1,150,6915.0,C,0.4082857072353363,0.01295238733291626,True,nan,nan,,0
2026-01-08,68,360368,6914.2001953125,-0.33000001311302185,322,2.1780123710632324,2.5591630935668945,0.3811507225036621,2.5592;2.5248;2.5180;2.3936;2.3798,6930;6935;6925;6940;6920,C;C;C;C;C,40,trade,,6930.0,C,4.0,156,150,6915.0,C,0.20441864430904388,0.01140245795249939,True,0.0918867531583263,-0.11253189115071759,TAKE_PROFIT,2
2026-01-08,69,360369,6918.8701171875,-0.33000001311302185,321,1.8844735622406006,2.225067615509033,0.3405940532684326,2.2251;2.2024;2.1402;2.0188;1.9811,6935;6930;6940;6925;6920,C;C;C;C;C,38,no_trade,in_position,0.0,,0.0,-1,137,6880.0,P,0.6746666431427002,0.02953159809112549,True,nan,nan,,0
2026-01-08,70,360370,6920.68017578125,-0.33000001311302185,320,1.7021112442016602,2.119621992111206,0.4175107479095459,2.1196;2.1060;2.0711;2.0331;1.9481,6930;6935;6925;6940;6920,C;C;C;C;C,42,no_trade,in_position,0.0,,0.0,-1,153,6920.0,P,0.7171250581741333,0.011125147342681885,True,nan,nan,,0
2026-01-08,71,360371,6923.7099609375,-0.33000001311302185,319,1.7635399103164673,2.1826887130737305,0.4191488027572632,2.1827;2.1821;2.1429;2.1125;2.0025,6930;6935;6940;6925;6945,C;C;C;C;C,40,no_trade,in_position,0.0,,0.0,-1,149,6910.0,P,0.4371697008609772,0.02359825372695923,True,nan,nan,,0
2026-01-08,72,360372,6922.22021484375,-0.33000001311302185,318,1.8662796020507812,2.078308582305908,0.21202898025512695,2.0783;2.0279;2.0276;1.9887;1.8427,6900;6910;6905;6915;6935,P;P;P;P;C,40,trade,,6900.0,P,3.299999952316284,145,153,6920.0,P,0.6218516826629639,0.0012064576148986816,True,0.48031245558988367,-0.1415392270730802,TAKE_PROFIT,8
2026-01-08,73,360373,6923.81982421875,-0.33000001311302185,317,1.658259630203247,1.9158074855804443,0.25754785537719727,1.9158;1.8632;1.7706;1.7236;1.6580,6910;6900;6905;6890;6920,P;P;P;P;P,34,no_trade,in_position,0.0,,0.0,-1,145,6900.0,P,0.39000004529953003,0.009338349103927612,True,nan,nan,,0
2026-01-08,74,360374,6922.72998046875,-0.33000001311302185,316,1.6927045583724976,1.8197286128997803,0.12702405452728271,1.8197;1.8128;1.8051;1.7806;1.6972,6935;6930;6900;6940;6925,C;C;P;C;C,34,no_trade,in_position,0.0,,0.0,-1,151,6915.0,P,0.5515837073326111,0.01618891954421997,True,nan,nan,,0
2026-01-08,75,360375,6922.580078125,-0.33000001311302185,315,1.6753864288330078,1.7051382064819336,0.02975177764892578,1.7051;1.6975;1.6622;1.6098;1.5710,6910;6900;6905;6895;6915,P;P;P;P;P,34,no_trade,in_position,0.0,,0.0,-1,157,6930.0,P,0.3417450189590454,0.062459319829940796,True,nan,nan,,0
2026-01-08,76,360376,6920.39990234375,-0.33000001311302185,314,1.6622992753982544,1.976287603378296,0.3139883279800415,1.9763;1.9314;1.9294;1.9162;1.8608,6900;6910;6890;6895;6905,P;P;P;P;P,39,no_trade,in_position,0.0,,0.0,-1,153,6920.0,P,0.2934821844100952,0.0015536248683929443,True,nan,nan,,0
2026-01-08,77,360377,6917.25,-0.33000001311302185,313,1.6294569969177246,1.9630049467086792,0.3335479497909546,1.9630;1.8840;1.8146;1.8135;1.7841,6900;6910;6905;6890;6915,P;P;P;P;P,39,no_trade,in_position,0.0,,0.0,-1,131,6865.0,P,0.3869999945163727,0.11005991697311401,True,nan,nan,,0
2026-01-08,78,360378,6917.5400390625,-0.33000001311302185,312,1.6018959283828735,2.0883421897888184,0.4864462614059448,2.0883;2.0375;1.9367;1.8837;1.7893,6900;6905;6890;6910;6895,P;P;P;P;P,38,no_trade,in_position,0.0,,0.0,-1,139,6885.0,P,0.398695707321167,0.07774326205253601,True,nan,nan,,0
2026-01-08,79,360379,6916.85986328125,-0.33000001311302185,311,1.7209364175796509,1.9926934242248535,0.27175700664520264,1.9927;1.9183;1.9160;1.8977;1.8869,6900;6915;6930;6895;6925,P;P;C;P;C,39,no_trade,in_position,0.0,,0.0,-1,144,6900.0,C,0.3433266580104828,0.1561044305562973,True,nan,nan,,0
2026-01-08,80,360380,6917.3798828125,-0.33000001311302185,310,1.452770709991455,1.7670199871063232,0.31424927711486816,1.7670;1.7404;1.7289;1.7228;1.6211,6930;6935;6900;6925;6940,C;C;P;C;C,37,no_trade,in_position,0.0,,0.0,-1,137,6880.0,P,0.29349997639656067,0.08022411167621613,True,nan,nan,,0
2026-01-08,81,360381,6916.06982421875,-0.33000001311302185,309,1.4289982318878174,1.8007848262786865,0.37178659439086914,1.8008;1.7723;1.7404;1.6836;1.6790,6900;6905;6910;6915;6895,P;P;P;P;P,35,no_trade,in_position,0.0,,0.0,-1,160,6940.0,C,0.46222230792045593,0.012936592102050781,True,nan,nan,,0
2026-01-08,82,360382,6915.9501953125,-0.33000001311302185,308,1.721297025680542,1.900911569595337,0.17961454391479492,1.9009;1.8710;1.8676;1.8367;1.7703,6930;6920;6925;6935;6900,C;C;C;C;P,41,trade,,6930.0,C,4.199999809265137,156,158,6935.0,C,0.6321568489074707,0.015281915664672852,True,0.601842050073549,-0.03031479883392174,TAKE_PROFIT,7
2026-01-08,83,360383,6914.52978515625,-0.33000001311302185,307,1.6604183912277222,1.8432120084762573,0.18279361724853516,1.8432;1.7635;1.7628;1.7308;1.7188,6900;6895;6890;6905;6910,P;P;P;P;P,37,no_trade,in_position,0.0,,0.0,-1,158,6935.0,C,0.8107317090034485,0.030949115753173828,True,nan,nan,,0
2026-01-08,84,360384,6911.759765625,-0.33000001311302185,306,1.878283143043518,2.14691424369812,0.26863110065460205,2.1469;2.1469;2.1462;2.0224;2.0023,6920;6925;6930;6935;6915,C;C;C;C;C,44,no_trade,in_position,0.0,,0.0,-1,144,6900.0,C,0.3565640449523926,0.003256887197494507,True,nan,nan,,0
2026-01-08,85,360385,6913.169921875,-0.33000001311302185,305,1.9892058372497559,2.5860495567321777,0.5968437194824219,2.5860;2.5477;2.5041;2.4916;2.3736,6930;6925;6920;6935;6940,C;C;C;C;C,46,no_trade,in_position,0.0,,0.0,-1,158,6935.0,C,0.5707207918167114,0.02582859992980957,True,nan,nan,,0
2026-01-08,86,360386,6912.27978515625,-0.33000001311302185,304,1.8539092540740967,2.718449592590332,0.8645403385162354,2.7184;2.6285;2.6224;2.4570;2.3244,6930;6935;6925;6940;6920,C;C;C;C;C,39,no_trade,in_position,0.0,,0.0,-1,148,6910.0,C,0.3202189803123474,0.02760547399520874,True,nan,nan,,0
2026-01-08,87,360387,6916.10986328125,-0.33000001311302185,303,1.7795130014419556,2.514956474304199,0.7354434728622437,2.5150;2.4549;2.4208;2.2944;2.2847,6930;6935;6925;6940;6920,C;C;C;C;C,37,no_trade,in_position,0.0,,0.0,-1,148,6910.0,C,0.1382824182510376,0.0028317421674728394,True,nan,nan,,0
2026-01-08,88,360388,6922.169921875,-0.33000001311302185,302,1.661498785018921,2.4881489276885986,0.8266501426696777,2.4881;2.4749;2.4522;2.3237;2.3222,6935;6930;6940;6925;6945,C;C;C;C;C,37,no_trade,in_position,0.0,,0.0,-1,143,6895.0,P,0.6352422833442688,0.0011891722679138184,True,nan,nan,,0
2026-01-08,89,360389,6923.68017578125,-0.33000001311302185,301,1.677854299545288,2.249680280685425,0.5718259811401367,2.2497;2.2205;2.2101;2.1122;2.0893,6935;6930;6940;6925;6945,C;C;C;C;C,41,no_trade,in_position,0.0,,0.0,-1,157,6930.0,P,0.5325210690498352,0.0004941225051879883,True,nan,nan,,0
2026-01-08,90,360390,6923.89013671875,-0.33000001311302185,300,1.8841456174850464,2.144179344177246,0.2600337266921997,2.1442;2.1173;2.1160;2.0765;2.0675,6935;6930;6940;6915;6920,C;C;C;P;P,42,no_trade,in_position,0.0,,0.0,-1,141,6890.0,P,0.47828567028045654,0.007408499717712402,True,nan,nan,,0
2026-01-08,91,360391,6924.1298828125,-0.33000001311302185,299,1.9081242084503174,2.2276077270507812,0.31948351860046387,2.2276;2.1435;2.1418;2.1175;2.1047,6910;6915;6905;6920;6900,P;P;P;P;P,39,trade,,6910.0,P,4.699999809265137,149,155,6925.0,P,0.41950488090515137,0.0023799240589141846,True,0.367399942779541,-0.052104938125610345,TAKE_PROFIT,6
2026-01-08,92,360392,6923.7001953125,-0.33000001311302185,298,1.8163893222808838,2.08833646774292,0.27194714546203613,2.0883;2.0728;2.0399;2.0178;2.0080,6930;6935;6940;6925;6905,C;C;C;C;P,36,no_trade,in_position,0.0,,0.0,-1,157,6930.0,P,0.5253657698631287,0.011103391647338867,True,nan,nan,,0
2026-01-08,93,360393,6923.43994140625,-0.33000001311302185,297,1.8561822175979614,1.9507437944412231,0.09456157684326172,1.9507;1.9446;1.8951;1.8796;1.8547,6930;6935;6940;6915;6925,C;C;C;P;C,34,no_trade,in_position,0.0,,0.0,-1,149,6910.0,P,0.6193333268165588,0.03637039661407471,True,nan,nan,,0
2026-01-08,94,360394,6924.60009765625,-0.33000001311302185,296,1.8192417621612549,1.8829593658447266,0.06371760368347168,1.8830;1.8734;1.8733;1.8567;1.8432,6935;6930;6910;6940;6905,C;C;P;C;P,33,no_trade,in_position,0.0,,0.0,-1,157,6930.0,P,0.25085097551345825,0.010940298438072205,True,nan,nan,,0
2026-01-08,95,360395,6921.0400390625,-0.33000001311302185,295,1.8492263555526733,2.2049741744995117,0.3557478189468384,2.2050;2.1855;2.1506;2.1367;2.0639,6925;6930;6935;6920;6940,C;C;C;C;C,40,no_trade,in_position,0.0,,0.0,-1,135,6875.0,P,0.5370000600814819,0.04825007915496826,True,nan,nan,,0
2026-01-08,96,360396,6921.169921875,-0.33000001311302185,294,1.7051568031311035,1.9147024154663086,0.20954561233520508,1.9147;1.8478;1.8461;1.7667;1.7466,6900;6905;6910;6925;6930,P;P;P;C;C,35,no_trade,in_position,0.0,,0.0,-1,143,6895.0,P,0.3814035654067993,0.016903579235076904,True,nan,nan,,0
2026-01-08,97,360397,6919.83984375,-0.33000001311302185,293,1.5782814025878906,1.7366424798965454,0.15836107730865479,1.7366;1.6830;1.6544;1.6396;1.5813,6910;6900;6915;6905;6920,P;P;P;P;P,34,no_trade,in_position,0.0,,0.0,-1,155,6925.0,P,0.23393107950687408,0.039181098341941833,True,nan,nan,,0
2026-01-08,98,360398,6916.41015625,-0.33000001311302185,292,1.6853996515274048,2.0939552783966064,0.40855562686920166,2.0940;2.0541;2.0326;2.0113;1.9678,6900;6905;6910;6915;6895,P;P;P;P;P,42,no_trade,in_position,0.0,,0.0,-1,154,6925.0,C,0.421999990940094,0.4401884078979492,True,nan,nan,,0
2026-01-08,99,360399,6916.1201171875,-0.33000001311302185,291,1.9616962671279907,2.035061836242676,0.07336556911468506,2.0351;2.0272;2.0091;2.0050;1.8714,6900;6905;6910;6915;6895,P;P;P;P;P,40,trade,,6900.0,P,4.800000190734863,145,152,6920.0,C,0.2226923108100891,0.24112515151500702,True,-0.39480764443352206,-0.6174999552436111,STOP_LOSS,11
2026-01-08,100,360400,6914.759765625,-0.33000001311302185,290,1.7093297243118286,2.196342945098877,0.48701322078704834,2.1963;2.1747;2.1193;2.1191;1.9817,6930;6925;6920;6935;6940,C;C;C;C;C,39,no_trade,in_position,0.0,,0.0,-1,154,6925.0,C,0.3894999623298645,0.021999865770339966,True,nan,nan,,0
2026-01-08,101,360401,6916.75,-0.33000001311302185,289,1.9306695461273193,2.198258876800537,0.2675893306732178,2.1983;2.1899;2.1503;2.1276;2.0067,6925;6930;6935;6920;6940,C;C;C;C;C,37,no_trade,in_position,0.0,,0.0,-1,148,6910.0,C,0.3359922766685486,0.021032243967056274,True,nan,nan,,0
2026-01-08,102,360402,6918.60009765625,-0.33000001311302185,288,1.3442860841751099,1.8851895332336426,0.5409034490585327,1.8852;1.8358;1.8297;1.8140;1.7661,6910;6905;6915;6900;6930,P;P;P;P;C,43,no_trade,in_position,0.0,,0.0,-1,153,6920.0,P,0.18999993801116943,0.014545336365699768,True,nan,nan,,0
2026-01-08,103,360403,6915.18017578125,-0.33000001311302185,287,1.6169394254684448,2.254049301147461,0.6371098756790161,2.2540;2.1295;2.1139;2.0542;2.0532,6900;6910;6905;6890;6895,P;P;P;P;P,44,no_trade,in_position,0.0,,0.0,-1,148,6910.0,C,0.5445384979248047,0.315669447183609,True,nan,nan,,0
2026-01-08,104,360404,6914.52001953125,-0.33000001311302185,286,1.6639634370803833,1.7852109670639038,0.12124752998352051,1.7852;1.7423;1.7171;1.7062;1.6920,6900;6905;6895;6910;6890,P;P;P;P;P,36,no_trade,in_position,0.0,,0.0,-1,148,6910.0,C,0.23103885352611542,0.2532263398170471,True,nan,nan,,0
2026-01-09,60,360750,6955.18994140625,-1.0,330,2.3943469524383545,3.0935473442077637,0.6992003917694092,3.0935;3.0878;3.0672;3.0150;2.9945,6960;6965;6970;6955;6975,C;C;C;C;C,58,trade,,6960.0,C,8.0,216,213,6950.0,P,0.7115999460220337,0.022795557975769043,True,-0.42075270005189847,-1.1323526460739322,STOP_LOSS,9
2026-01-09,61,360751,6958.490234375,-1.0,329,2.452392578125,2.8526363372802734,0.40024375915527344,2.8526;2.8368;2.8144;2.8092;2.7518,6970;6965;6960;6975;6980,C;C;C;C;C,54,no_trade,in_position,0.0,,0.0,-1,211,6945.0,P,0.540861964225769,0.007945239543914795,True,nan,nan,,0
2026-01-09,62,360752,6959.66015625,-1.0,328,2.590360164642334,2.3980326652526855,-0.19232749938964844,2.3980;2.3923;2.3626;2.3608;2.2816,6970;6965;6975;6960;6980,C;C;C;C;C,49,no_trade,in_position,0.0,,0.0,-1,215,6955.0,P,0.4760674238204956,0.017919272184371948,True,nan,nan,,0
2026-01-09,63,360753,6958.93994140625,-1.0,327,2.465916156768799,2.855356216430664,0.38944005966186523,2.8554;2.8396;2.8363;2.7708;2.6943,6965;6960;6970;6975;6980,C;C;C;C;C,57,no_trade,in_position,0.0,,0.0,-1,213,6950.0,P,0.43160003423690796,0.011600017547607422,True,nan,nan,,0
2026-01-09,64,360754,6957.8798828125,-0.33000001311302185,326,2.4796602725982666,2.525052070617676,0.04539179801940918,2.5251;2.5093;2.4682;2.3912;2.3870,6960;6965;6970;6955;6975,C;C;C;C;C,53,no_trade,in_position,0.0,,0.0,-1,203,6925.0,P,0.5132143497467041,0.010251522064208984,True,nan,nan,,0
2026-01-09,65,360755,6957.9501953125,-0.33000001311302185,325,2.489654541015625,2.538743019104004,0.049088478088378906,2.5387;2.5358;2.5201;2.4723;2.3795,6965;6960;6970;6975;6980,C;C;C;C;C,51,no_trade,in_position,0.0,,0.0,-1,213,6950.0,P,0.5223448276519775,0.01377338171005249,True,nan,nan,,0
2026-01-09,66,360756,6957.97998046875,-0.33000001311302185,324,2.4892208576202393,2.314150094985962,-0.17507076263427734,2.3142;2.3131;2.2802;2.2294;2.1335,6960;6965;6970;6975;6980,C;C;C;C;C,52,no_trade,in_position,0.0,,0.0,-1,193,6900.0,P,0.2800000011920929,0.003285735845565796,True,nan,nan,,0
2026-01-09,67,360757,6954.93017578125,-0.33000001311302185,323,2.4527900218963623,2.2096505165100098,-0.24313950538635254,2.2097;2.2053;2.1596;2.1195;2.0935,6960;6955;6965;6950;6970,C;C;C;C;C,49,no_trade,in_position,0.0,,0.0,-1,205,6930.0,P,0.5658333897590637,0.036833345890045166,True,nan,nan,,0
2026-01-09,68,360758,6954.97998046875,-0.33000001311302185,322,2.3936710357666016,2.3090744018554688,-0.08459663391113281,2.3091;2.2981;2.2434;2.2398;2.1652,6960;6965;6970;6955;6975,C;C;C;C;C,47,no_trade,in_position,0.0,,0.0,-1,215,6955.0,P,0.39881813526153564,0.01054227352142334,True,nan,nan,,0
2026-01-09,69,360759,6954.0498046875,-0.33000001311302185,321,2.32332181930542,2.2198023796081543,-0.10351943969726562,2.2198;2.1788;2.1654;2.1107;2.0981,6960;6965;6955;6970;6950,C;C;C;C;C,47,no_trade,in_position,0.0,,0.0,-1,207,6935.0,P,0.2938889265060425,0.00027444958686828613,True,nan,nan,,0
2026-01-09,70,360760,6950.72021484375,-0.33000001311302185,320,2.4159586429595947,2.486496925354004,0.07053828239440918,2.4865;2.4793;2.4326;2.4194;2.3267,6955;6960;6950;6965;6970,C;C;C;C;C,55,no_trade,in_position,0.0,,0.0,-1,213,6950.0,P,0.33657902479171753,0.007920503616333008,True,nan,nan,,0
2026-01-09,71,360761,6947.97021484375,-0.33000001311302185,319,2.1485908031463623,2.149815559387207,0.0012247562408447266,2.1498;2.1384;2.1018;2.0146;1.9355,6955;6950;6960;6965;6930,C;C;C;C;P,53,no_trade,cooldown,0.0,,0.0,-1,205,6930.0,P,0.32722222805023193,0.34439966082572937,True,nan,nan,,0
2026-01-09,72,360762,6945.97998046875,-0.33000001311302185,318,2.2522666454315186,2.4127089977264404,0.16044235229492188,2.4127;2.3809;2.3586;2.3237;2.2472,6950;6955;6945;6960;6940,C;C;C;C;P,57,no_trade,cooldown,0.0,,0.0,-1,212,6950.0,C,0.5205062627792358,0.03136834502220154,True,nan,nan,,0
2026-01-09,73,360763,6945.490234375,-0.33000001311302185,317,2.0978221893310547,2.5665316581726074,0.46870946884155273,2.5665;2.5323;2.5177;2.4768;2.4050,6950;6955;6945;6960;6940,C;C;C;C;C,55,trade,,6950.0,C,7.900000095367432,212,214,6955.0,C,0.6974000334739685,0.049099743366241455,True,-0.03016997191591213,-0.7275700053898806,TRAILING_STOP,4
2026-01-09,74,360764,6942.7099609375,-0.33000001311302185,316,2.146699905395508,2.315063714981079,0.1683638095855713,2.3151;2.3072;2.2638;2.2209;2.1667,6950;6955;6960;6945;6965,C;C;C;C;C,53,no_trade,in_position,0.0,,0.0,-1,212,6950.0,C,0.461549311876297,0.032725751399993896,True,nan,nan,,0
2026-01-09,75,360765,6941.89990234375,-0.33000001311302185,315,2.2344863414764404,2.5348637104034424,0.30037736892700195,2.5349;2.5178;2.4647;2.4608;2.3890,6950;6955;6945;6960;6965,C;C;C;C;C,51,no_trade,in_position,0.0,,0.0,-1,216,6960.0,C,0.3649999797344208,0.00954541563987732,True,nan,nan,,0
2026-01-09,76,360766,6943.33984375,-0.33000001311302185,314,2.095459222793579,2.500871181488037,0.405411958694458,2.5009;2.4885;2.4711;2.4458;2.4058,6950;6955;6960;6945;6965,C;C;C;C;C,52,no_trade,in_position,0.0,,0.0,-1,212,6950.0,C,0.3031034469604492,0.023884743452072144,True,nan,nan,,0
2026-01-09,77,360767,6946.4599609375,-0.33000001311302185,313,2.0139617919921875,2.0803637504577637,0.06640195846557617,2.0804;2.0678;2.0373;2.0272;1.9719,6950;6955;6960;6945;6965,C;C;C;C;C,47,no_trade,in_position,0.0,,0.0,-1,214,6955.0,C,-0.051777761429548264,0.026034753769636154,True,nan,nan,,0
2026-01-09,78,360768,6940.68017578125,-0.33000001311302185,312,2.0672826766967773,2.0026159286499023,-0.064666748046875,2.0026;1.9585;1.9422;1.9035;1.8379,6920;6925;6930;6915;6910,P;P;P;P;P,46,no_trade,in_position,0.0,,0.0,-1,212,6950.0,C,0.46671876311302185,0.020528286695480347,True,nan,nan,,0
2026-01-09,79,360769,6940.85009765625,-0.33000001311302185,311,2.190521717071533,2.2523651123046875,0.0618433952331543,2.2524;2.2489;2.2285;2.1801;2.1384,6950;6945;6955;6960;6940,C;C;C;C;C,47,trade,,6950.0,C,6.400000095367432,212,212,6950.0,C,0.23513160645961761,0.019313454627990723,True,0.23513161326874701,6.809129399210079e-09,TAKE_PROFIT,12
2026-01-09,80,360770,6944.2099609375,-0.33000001311302185,310,1.9099323749542236,2.053367853164673,0.14343547821044922,2.0534;2.0171;2.0160;2.0009;1.9476,6950;6955;6960;6945;6965,C;C;C;C;C,43,no_trade,in_position,0.0,,0.0,-1,214,6955.0,C,0.43517860770225525,0.0009478926658630371,True,nan,nan,,0
2026-01-09,81,360771,6944.990234375,-0.33000001311302185,309,1.809025764465332,1.9196031093597412,0.11057734489440918,1.9196;1.8957;1.8941;1.8449;1.7511,6950;6955;6945;6960;6965,C;C;C;C;C,43,no_trade,in_position,0.0,,0.0,-1,218,6965.0,C,0.789545476436615,0.04909086227416992,True,nan,nan,,0
2026-01-09,82,360772,6942.2900390625,-0.33000001311302185,308,1.8708689212799072,1.9684486389160156,0.0975797176361084,1.9684;1.9362;1.8675;1.8280;1.7760,6945;6950;6955;6940;6960,C;C;C;C;C,45,no_trade,in_position,0.0,,0.0,-1,214,6955.0,C,0.48659586906433105,0.006283402442932129,True,nan,nan,,0
2026-01-09,83,360773,6941.39013671875,-0.33000001311302185,307,1.7487925291061401,2.036832809448242,0.28804028034210205,2.0368;2.0096;2.0045;1.9264;1.9204,6950;6945;6955;6960;6940,C;C;C;C;C,45,no_trade,in_position,0.0,,0.0,-1,212,6950.0,C,0.5135937333106995,0.02728942036628723,True,nan,nan,,0
2026-01-09,84,360774,6940.919921875,-0.33000001311302185,306,1.8289909362792969,2.406261920928955,0.5772709846496582,2.4063;2.3887;2.3728;2.3426;2.2557,6950;6955;6945;6960;6965,C;C;C;C;C,46,no_trade,in_position,0.0,,0.0,-1,224,6980.0,C,0.6576923131942749,0.023333370685577393,True,nan,nan,,0
2026-01-09,85,360775,6939.89013671875,-0.33000001311302185,305,2.0426218509674072,1.9937660694122314,-0.04885578155517578,1.9938;1.9430;1.9412;1.9011;1.8584,6950;6955;6945;6960;6940,C;C;C;C;C,45,no_trade,in_position,0.0,,0.0,-1,212,6950.0,C,0.20999999344348907,0.03833334147930145,True,nan,nan,,0
2026-01-09,86,360776,6944.41015625,-1.0,304,2.0888748168945312,2.9935529232025146,0.9046781063079834,2.9936;2.9581;2.9369;2.9277;2.8368,6960;6955;6950;6965;6970,C;C;C;C;C,45,no_trade,in_position,0.0,,0.0,-1,218,6965.0,C,0.5497778654098511,0.0014106035232543945,True,nan,nan,,0
2026-01-09,87,360777,6943.47021484375,-1.0,303,1.7018847465515137,2.140714645385742,0.4388298988342285,2.1407;2.1108;2.0933;2.0800;1.9545,6950;6955;6945;6960;6965,C;C;C;C;C,44,no_trade,in_position,0.0,,0.0,-1,212,6950.0,C,0.49086955189704895,0.017076492309570312,True,nan,nan,,0
2026-01-09,88,360778,6944.240234375,-1.0,302,1.6429357528686523,2.043476104736328,0.4005403518676758,2.0435;2.0429;2.0248;1.9668;1.9581,6955;6960;6950;6945;6965,C;C;C;C;C,39,no_trade,in_position,0.0,,0.0,-1,212,6950.0,C,0.40791672468185425,0.015608996152877808,True,nan,nan,,0
2026-01-09,89,360779,6945.75,-1.0,301,1.4565595388412476,1.7534245252609253,0.29686498641967773,1.7534;1.7390;1.7343;1.7024;1.6622,6950;6955;6960;6945;6920,C;C;C;C;P,40,no_trade,in_position,0.0,,0.0,-1,224,6980.0,C,0.4366665482521057,0.009569764137268066,True,nan,nan,,0
2026-01-09,90,360780,6946.759765625,-1.0,300,1.507185697555542,2.254326105117798,0.7471404075622559,2.2543;2.2403;2.2107;2.1814;2.1510,6950;6955;6960;6945;6965,C;C;C;C;C,48,no_trade,in_position,0.0,,0.0,-1,212,6950.0,C,0.38256096839904785,0.020357608795166016,True,nan,nan,,0
2026-01-09,91,360781,6947.56005859375,-1.0,299,1.8158949613571167,2.2515273094177246,0.4356323480606079,2.2515;2.2017;2.1803;2.1652;2.0049,6960;6955;6950;6965;6970,C;C;C;C;C,39,no_trade,in_position,0.0,,0.0,-1,212,6950.0,C,0.12962615489959717,0.03216741979122162,True,nan,nan,,0
2026-01-09,92,360782,6952.77001953125,-1.0,298,1.7670304775238037,2.584758758544922,0.8177282810211182,2.5848;2.5553;2.5515;2.4952;2.4909,6960;6965;6955;6970;6950,C;C;C;C;C,47,no_trade,in_position,0.0,,0.0,-1,220,6970.0,C,0.6448114514350891,0.0009652376174926758,True,nan,nan,,0
2026-01-09,93,360783,6950.990234375,-1.0,297,2.124213933944702,2.008992910385132,-0.11522102355957031,2.0090;1.8941;1.8840;1.8801;1.8156,6930;6920;6960;6940;6965,P;P;C;P;C,39,no_trade,gate,0.0,,0.0,-1,212,6950.0,C,0.4578684866428375,0.007594585418701172,True,nan,nan,,0
2026-01-09,94,360784,6951.60009765625,-1.0,296,1.944885492324829,2.180110454559326,0.23522496223449707,2.1801;2.1355;2.1298;2.0438;2.0106,6960;6965;6955;6970;6950,C;C;C;C;C,39,trade,,6960.0,C,5.099999904632568,216,220,6970.0,C,0.44863635301589966,0.007180064916610718,True,0.4301923326416137,-0.01844402037428594,TAKE_PROFIT,8
2026-01-09,95,360785,6952.06005859375,-1.0,295,1.8767305612564087,2.0559964179992676,0.1792658567428589,2.0560;2.0155;1.9672;1.9642;1.9372,6930;6960;6965;6955;6920,P;C;C;C;P,41,no_trade,in_position,0.0,,0.0,-1,212,6950.0,C,0.3727026879787445,0.010110169649124146,True,nan,nan,,0
2026-01-09,96,360786,6953.81982421875,-1.0,294,1.938815712928772,2.509385585784912,0.5705698728561401,2.5094;2.4976;2.4403;2.4071;2.2751,6960;6965;6955;6970;6975,C;C;C;C;C,47,no_trade,in_position,0.0,,0.0,-1,220,6970.0,C,0.6190909147262573,0.046072185039520264,True,nan,nan,,0
2026-01-09,97,360787,6952.52001953125,-1.0,293,2.07464337348938,2.5315890312194824,0.45694565773010254,2.5316;2.5026;2.4868;2.3967;2.2911,6960;6955;6965;6970;6950,C;C;C;C;C,40,no_trade,in_position,0.0,,0.0,-1,212,6950.0,C,0.3749557435512543,0.058838099241256714,True,nan,nan,,0
2026-01-09,98,360788,6955.18017578125,-1.0,292,1.964599847793579,2.793604850769043,0.8290050029754639,2.7936;2.7854;2.7641;2.6829;2.6821,6960;6955;6965;6950;6970,C;C;C;C;C,49,no_trade,in_position,0.0,,0.0,-1,214,6955.0,C,0.29247424006462097,0.007320374250411987,True,nan,nan,,0
2026-01-09,99,360789,6957.14990234375,-1.0,291,2.0991783142089844,2.360685348510742,0.2615070343017578,2.3607;2.3418;2.2677;2.2505;2.1299,6960;6965;6970;6955;6975,C;C;C;C;C,41,no_trade,in_position,0.0,,0.0,-1,212,6950.0,C,0.5165354609489441,0.038494229316711426,True,nan,nan,,0
2026-01-09,100,360790,6956.740234375,-1.0,290,2.084371566772461,2.609830379486084,0.525458812713623,2.6098;2.6083;2.5555;2.4560;2.4153,6960;6965;6970;6955;6975,C;C;C;C;C,45,no_trade,in_position,0.0,,0.0,-1,214,6955.0,C,0.43369996547698975,0.005810856819152832,True,nan,nan,,0
2026-01-09,101,360791,6957.66015625,-1.0,289,2.362806797027588,2.761951446533203,0.39914464950561523,2.7620;2.7418;2.6961;2.6222;2.5859,6960;6965;6970;6955;6975,C;C;C;C;C,44,no_trade,in_position,0.0,,0.0,-1,212,6950.0,C,0.5830251574516296,0.3934529721736908,True,nan,nan,,0
2026-01-09,102,360792,6955.56982421875,-1.0,288,2.403783082962036,2.6842432022094727,0.2804601192474365,2.6842;2.6600;2.5973;2.5828;2.4667,6960;6965;6970;6955;6975,C;C;C;C;C,44,no_trade,in_position,0.0,,0.0,-1,212,6950.0,C,0.14103315770626068,0.04530733823776245,True,nan,nan,,0
2026-01-09,103,360793,6960.81982421875,-1.0,287,2.4244089126586914,3.0339431762695312,0.6095342636108398,3.0339;3.0280;2.9692;2.9615;2.8343,6965;6970;6960;6975;6980,C;C;C;C;C,45,no_trade,in_position,0.0,,0.0,-1,221,6970.0,P,-0.01801418326795101,0.0020751021802425385,True,nan,nan,,0
2026-01-09,104,360794,6960.64013671875,-1.0,286,2.4560494422912598,2.4403603076934814,-0.01568913459777832,2.4404;2.4248;2.3873;2.3539;2.2099,6965;6970;6960;6975;6980,C;C;C;C;C,45,no_trade,gate,0.0,,0.0,-1,221,6970.0,P,-0.017687074840068817,0.28693318367004395,True,nan,nan,,0
2026-01-12,60,361140,6959.22998046875,-0.33000001311302185,330,1.715598225593567,2.298280954360962,0.582682728767395,2.2983;2.2937;2.2881;2.2182;2.0978,6960;6965;6970;6975;6980,C;C;C;C;C,49,trade,,6960.0,C,7.900000095367432,183,179,6950.0,C,0.4589795768260956,0.039693862199783325,True,0.41914639191851716,-0.03983318490757842,TAKE_PROFIT,42
2026-01-12,61,361141,6959.3798828125,-0.33000001311302185,329,1.736595630645752,1.8125104904174805,0.07591485977172852,1.8125;1.8013;1.7309;1.6370;1.5718,6965;6970;6975;6960;6980,C;C;C;C;C,34,no_trade,in_position,0.0,,0.0,-1,179,6950.0,C,0.5597856640815735,0.010170340538024902,True,nan,nan,,0
2026-01-12,62,361142,6958.3701171875,-0.33000001311302185,328,1.5829440355300903,1.8561952114105225,0.27325117588043213,1.8562;1.8071;1.7735;1.7714;1.7392,6950;6955;6960;6965;6945,P;P;C;C;P,40,no_trade,in_position,0.0,,0.0,-1,187,6970.0,C,0.7413558959960938,0.002436995506286621,True,nan,nan,,0
2026-01-12,63,361143,6955.77001953125,-0.33000001311302185,327,1.6208996772766113,2.2814717292785645,0.6605720520019531,2.2815;2.2734;2.2221;2.1400;2.1341,6960;6965;6970;6975;6955,C;C;C;C;C,45,no_trade,in_position,0.0,,0.0,-1,179,6950.0,C,0.409312903881073,0.004027217626571655,True,nan,nan,,0
2026-01-12,64,361144,6956.68994140625,-0.33000001311302185,326,1.7686076164245605,2.5570414066314697,0.7884337902069092,2.5570;2.5277;2.4874;2.4744;2.3159,6965;6970;6960;6975;6980,C;C;C;C;C,43,no_trade,in_position,0.0,,0.0,-1,179,6950.0,C,0.33130136132240295,0.045426368713378906,True,nan,nan,,0
2026-01-12,65,361145,6959.47021484375,-0.33000001311302185,325,1.573306918144226,2.3511135578155518,0.7778066396713257,2.3511;2.3229;2.2976;2.2487;2.1842,6970;6965;6975;6960;6980,C;C;C;C;C,42,no_trade,in_position,0.0,,0.0,-1,187,6970.0,C,0.9417857527732849,0.03492867946624756,True,nan,nan,,0
2026-01-12,66,361146,6955.740234375,-0.33000001311302185,324,1.5326651334762573,2.3741960525512695,0.8415309190750122,2.3742;2.3334;2.3325;2.2718;2.1292,6960;6965;6955;6970;6975,C;C;C;C;C,42,no_trade,in_position,0.0,,0.0,-1,179,6950.0,C,0.35373589396476746,0.017214089632034302,True,nan,nan,,0
2026-01-12,67,361147,6958.06005859375,-0.33000001311302185,323,1.8325570821762085,2.5491459369659424,0.7165888547897339,2.5491;2.5487;2.4746;2.4470;2.3330,6970;6965;6975;6960;6980,C;C;C;C;C,39,no_trade,in_position,0.0,,0.0,-1,183,6960.0,C,0.5211206674575806,0.0026099085807800293,True,nan,nan,,0
2026-01-12,68,361148,6958.1201171875,-0.33000001311302185,322,1.6648253202438354,2.183797597885132,0.5189722776412964,2.1838;2.1759;2.1531;2.0804;1.9645,6965;6960;6970;6975;6980,C;C;C;C;C,40,no_trade,in_position,0.0,,0.0,-1,179,6950.0,C,0.3393750488758087,0.044818103313446045,True,nan,nan,,0
2026-01-12,69,361149,6959.66015625,-0.33000001311302185,321,1.6770403385162354,2.460691452026367,0.7836511135101318,2.4607;2.4429;2.4104;2.4077;2.3191,6970;6965;6975;6960;6980,C;C;C;C;C,42,no_trade,in_position,0.0,,0.0,-1,191,6980.0,C,0.5055118799209595,0.007828474044799805,True,nan,nan,,0
2026-01-12,70,361150,6959.77001953125,-0.33000001311302185,320,1.4759087562561035,2.0788557529449463,0.6029469966888428,2.0789;2.0768;2.0605;1.9628;1.8212,6960;6965;6970;6975;6955,C;C;C;C;C,42,no_trade,in_position,0.0,,0.0,-1,185,6965.0,C,0.6095918416976929,0.013547062873840332,True,nan,nan,,0
2026-01-12,71,361151,6958.66015625,-0.33000001311302185,319,1.5437191724777222,2.265303134918213,0.7215839624404907,2.2653;2.2474;2.1619;2.1308;2.1007,6960;6965;6970;6955;6975,C;C;C;C;C,40,no_trade,in_position,0.0,,0.0,-1,183,6960.0,C,0.5204167366027832,0.013825833797454834,True,nan,nan,,0
2026-01-12,72,361152,6958.93017578125,-0.33000001311302185,318,1.7442255020141602,1.6591631174087524,-0.08506238460540771,1.6592;1.6225;1.6127;1.5412;1.5399,6950;6945;6940;6935;6955,P;P;P;P;P,35,no_trade,in_position,0.0,,0.0,-1,187,6970.0,C,0.6971930265426636,0.010192930698394775,True,nan,nan,,0
2026-01-12,73,361153,6956.7998046875,-0.33000001311302185,317,1.5264527797698975,1.9773499965667725,0.450897216796875,1.9773;1.9668;1.9172;1.8456;1.8239,6965;6960;6970;6975;6955,C;C;C;C;C,39,no_trade,in_position,0.0,,0.0,-1,179,6950.0,C,0.2852083146572113,0.046885743737220764,True,nan,nan,,0
2026-01-12,74,361154,6959.7099609375,-0.33000001311302185,316,1.6235082149505615,2.165705442428589,0.5421972274780273,2.1657;2.1437;2.1222;2.0494;1.9176,6965;6960;6970;6975;6980,C;C;C;C;C,40,no_trade,in_position,0.0,,0.0,-1,187,6970.0,C,0.7592465281486511,0.04141521453857422,True,nan,nan,,0
2026-01-12,75,361155,6957.47998046875,-0.33000001311302185,315,1.2870559692382812,1.6270105838775635,0.3399546146392822,1.6270;1.5991;1.5832;1.5145;1.3903,6965;6970;6960;6975;6950,C;C;C;C;P,38,no_trade,in_position,0.0,,0.0,-1,179,6950.0,C,0.4537007808685303,0.006309449672698975,True,nan,nan,,0
2026-01-12,76,361156,6958.0498046875,-0.33000001311302185,314,1.4310141801834106,1.8842600584030151,0.4532458782196045,1.8843;1.8799;1.8613;1.7626;1.6303,6965;6960;6970;6975;6980,C;C;C;C;C,36,no_trade,in_position,0.0,,0.0,-1,183,6960.0,C,0.31649357080459595,0.00836855173110962,True,nan,nan,,0
2026-01-12,77,361157,6959.68994140625,-0.33000001311302185,313,1.2947378158569336,1.628016471862793,0.3332786560058594,1.6280;1.6167;1.6150;1.5367;1.4088,6965;6960;6970;6975;6980,C;C;C;C;C,36,no_trade,in_position,0.0,,0.0,-1,179,6950.0,C,0.5061267614364624,0.014416247606277466,True,nan,nan,,0
2026-01-12,78,361158,6959.33984375,-0.33000001311302185,312,1.3098111152648926,2.0950872898101807,0.7852761745452881,2.0951;2.0826;2.0378;1.9433;1.9098,6960;6965;6970;6975;6955,C;C;C;C;C,37,no_trade,in_position,0.0,,0.0,-1,179,6950.0,C,0.45427584648132324,0.05590087175369263,True,nan,nan,,0
2026-01-12,79,361159,6960.16015625,-0.33000001311302185,311,1.2559127807617188,1.7964571714401245,0.5405443906784058,1.7965;1.7952;1.7869;1.7249;1.5790,6965;6960;6970;6975;6980,C;C;C;C;C,37,no_trade,in_position,0.0,,0.0,-1,185,6965.0,C,0.6708162426948547,0.07797843217849731,True,nan,nan,,0
2026-01-12,80,361160,6959.10009765625,-0.33000001311302185,310,1.382110595703125,1.8028188943862915,0.4207082986831665,1.8028;1.8008;1.7434;1.6374;1.6136,6965;6960;6970;6975;6950,C;C;C;C;P,36,no_trade,in_position,0.0,,0.0,-1,189,6975.0,C,0.4448780417442322,0.009423494338989258,True,nan,nan,,0
2026-01-12,81,361161,6959.56005859375,-0.33000001311302185,309,1.4806747436523438,2.000458002090454,0.5197832584381104,2.0005;1.9861;1.9823;1.9183;1.7126,6965;6960;6970;6975;6980,C;C;C;C;C,36,no_trade,in_position,0.0,,0.0,-1,183,6960.0,C,0.4342307150363922,0.0027213990688323975,True,nan,nan,,0
2026-01-12,82,361162,6960.10986328125,-0.33000001311302185,308,1.4336860179901123,2.6120645999908447,1.1783785820007324,2.6121;2.5843;2.5718;2.5184;2.3890,6965;6970;6960;6975;6980,C;C;C;C;C,40,no_trade,in_position,0.0,,0.0,-1,183,6960.0,C,0.29067423939704895,0.031424254179000854,True,nan,nan,,0
2026-01-12,83,361163,6962.5498046875,-0.33000001311302185,307,1.416603922843933,2.658533811569214,1.2419298887252808,2.6585;2.6477;2.5945;2.5865;2.4620,6970;6965;6960;6975;6980,C;C;C;C;C,39,no_trade,in_position,0.0,,0.0,-1,185,6965.0,C,0.4210769534111023,0.020322322845458984,True,nan,nan,,0
2026-01-12,84,361164,6963.3701171875,-0.33000001311302185,306,1.7164897918701172,2.6427526473999023,0.9262628555297852,2.6428;2.6137;2.6100;2.5111;2.3312,6970;6965;6975;6980;6960,C;C;C;C;C,40,no_trade,in_position,0.0,,0.0,-1,183,6960.0,C,0.4791359603404999,0.0036520063877105713,True,nan,nan,,0
2026-01-12,85,361165,6963.22998046875,-0.33000001311302185,305,1.7015835046768188,2.3646106719970703,0.6630271673202515,2.3646;2.3376;2.3112;2.1933;2.1013,6970;6965;6975;6980;6960,C;C;C;C;C,38,no_trade,in_position,0.0,,0.0,-1,189,6975.0,C,0.6069387793540955,0.045510292053222656,True,nan,nan,,0
2026-01-12,86,361166,6962.9599609375,-0.33000001311302185,304,1.7420787811279297,2.7380001544952393,0.9959213733673096,2.7380;2.7180;2.6590;2.6546;2.5554,6965;6970;6975;6960;6980,C;C;C;C;C,42,no_trade,in_position,0.0,,0.0,-1,183,6960.0,C,0.3697938323020935,0.011411488056182861,True,nan,nan,,0
2026-01-12,87,361167,6963.93994140625,-0.33000001311302185,303,1.7918329238891602,2.451725482940674,0.6598925590515137,2.4517;2.4101;2.3926;2.3078;2.1994,6970;6975;6965;6980;6960,C;C;C;C;C,39,no_trade,in_position,0.0,,0.0,-1,183,6960.0,C,0.39848777651786804,0.011404365301132202,True,nan,nan,,0
2026-01-12,88,361168,6965.06005859375,-0.33000001311302185,302,1.6517291069030762,2.435389757156372,0.7836606502532959,2.4354;2.4029;2.3897;2.2777;2.1348,6970;6975;6965;6980;6985,C;C;C;C;C,36,no_trade,in_position,0.0,,0.0,-1,189,6975.0,C,0.5379660129547119,0.0009659528732299805,True,nan,nan,,0
2026-01-12,89,361169,6964.8701171875,-0.33000001311302185,301,1.7452678680419922,2.504502296447754,0.7592344284057617,2.5045;2.4858;2.4075;2.4030;2.3148,6965;6970;6975;6960;6980,C;C;C;C;C,44,no_trade,in_position,0.0,,0.0,-1,191,6980.0,C,0.7324137091636658,0.028267264366149902,True,nan,nan,,0
2026-01-12,90,361170,6963.5,-0.33000001311302185,300,1.796988606452942,2.697951316833496,0.9009627103805542,2.6980;2.6877;2.6157;2.4546;2.4288,6965;6970;6975;6980;6960,C;C;C;C;C,41,no_trade,in_position,0.0,,0.0,-1,189,6975.0,C,0.4443579912185669,0.001076728105545044,True,nan,nan,,0
2026-01-12,91,361171,6964.2001953125,-0.33000001311302185,299,1.806557536125183,2.3411591053009033,0.5346015691757202,2.3412;2.3399;2.2752;2.1712;1.9504,6965;6970;6975;6980;6985,C;C;C;C;C,35,no_trade,in_position,0.0,,0.0,-1,183,6960.0,C,0.3886999487876892,0.016033202409744263,True,nan,nan,,0
2026-01-12,92,361172,6964.81982421875,-0.33000001311302185,298,1.787394642829895,2.0464162826538086,0.2590216398239136,2.0464;1.9932;1.9917;1.8817;1.6330,6970;6975;6965;6980;6985,C;C;C;C;C,34,no_trade,in_position,0.0,,0.0,-1,189,6975.0,C,0.6007692217826843,0.06486010551452637,True,nan,nan,,0
2026-01-12,93,361173,6964.14990234375,-0.33000001311302185,297,1.6382248401641846,2.0446252822875977,0.4064004421234131,2.0446;2.0292;1.9529;1.8752;1.8456,6965;6970;6975;6960;6980,C;C;C;C;C,35,no_trade,in_position,0.0,,0.0,-1,183,6960.0,C,0.43540820479393005,0.03149521350860596,True,nan,nan,,0
2026-01-12,94,361174,6964.81005859375,-0.33000001311302185,296,1.756645917892456,2.3544304370880127,0.5977845191955566,2.3544;2.3377;2.2791;2.1653;2.1352,6965;6970;6975;6980;6960,C;C;C;C;C,37,no_trade,in_position,0.0,,0.0,-1,185,6965.0,C,0.38863012194633484,0.007577478885650635,True,nan,nan,,0
2026-01-12,95,361175,6965.5,-0.33000001311302185,295,1.591538667678833,2.248199939727783,0.6566612720489502,2.2482;2.2282;2.1685;2.0661;2.0129,6965;6970;6975;6980;6960,C;C;C;C;C,36,no_trade,in_position,0.0,,0.0,-1,191,6980.0,C,0.39837831258773804,0.015475034713745117,True,nan,nan,,0
2026-01-12,96,361176,6965.91015625,-0.33000001311302185,294,1.7097375392913818,2.207057476043701,0.49731993675231934,2.2071;2.1968;2.1246;2.0087;1.8550,6965;6970;6975;6980;6960,C;C;C;C;C,35,no_trade,in_position,0.0,,0.0,-1,191,6980.0,C,0.36512818932533264,0.020582765340805054,True,nan,nan,,0
2026-01-12,97,361177,6966.8701171875,-0.33000001311302185,293,1.8314692974090576,2.21197247505188,0.38050317764282227,2.2120;2.1427;2.1199;2.0346;1.7967,6970;6975;6965;6980;6985,C;C;C;C;C,32,no_trade,in_position,0.0,,0.0,-1,191,6980.0,C,0.18542857468128204,0.006428569555282593,True,nan,nan,,0
2026-01-12,98,361178,6965.89013671875,-0.33000001311302185,292,1.8453574180603027,2.3025622367858887,0.45720481872558594,2.3026;2.2451;2.2324;2.0993;1.8212,6970;6975;6965;6980;6985,C;C;C;C;C,32,no_trade,in_position,0.0,,0.0,-1,191,6980.0,C,0.3955555856227875,0.034603238105773926,True,nan,nan,,0
2026-01-12,99,361179,6966.52001953125,-0.33000001311302185,291,1.9105470180511475,2.3983559608459473,0.4878089427947998,2.3984;2.3529;2.3156;2.1784;1.9217,6970;6965;6975;6980;6985,C;C;C;C;C,32,no_trade,in_position,0.0,,0.0,-1,183,6960.0,C,0.3306956887245178,0.033304303884506226,True,nan,nan,,0
2026-01-12,100,361180,6967.85009765625,-0.33000001311302185,290,1.7882919311523438,2.4523205757141113,0.6640286445617676,2.4523;2.4057;2.3694;2.2633;2.0540,6970;6965;6975;6980;6985,C;C;C;C;C,35,no_trade,in_position,0.0,,0.0,-1,183,6960.0,C,-0.019999999552965164,0.006296295672655106,True,nan,nan,,0
2026-01-12,101,361181,6967.7001953125,-0.33000001311302185,289,2.162001371383667,2.9282479286193848,0.7662465572357178,2.9282;2.8961;2.8084;2.7407;2.6558,6970;6975;6980;6965;6985,C;C;C;C;C,35,no_trade,in_position,0.0,,0.0,-1,193,6985.0,C,0.1472727358341217,0.16727273166179657,True,nan,nan,,0
2026-01-12,102,361182,6967.77978515625,-0.33000001311302185,288,2.144465446472168,2.7945728302001953,0.6501073837280273,2.7946;2.7546;2.6792;2.6549;2.5007,6970;6975;6965;6980;6985,C;C;C;C;C,38,no_trade,in_position,0.0,,0.0,-1,183,6960.0,C,0.26862186193466187,0.01556307077407837,True,nan,nan,,0
2026-01-12,103,361183,6968.7900390625,-0.33000001311302185,287,2.1586856842041016,2.897660970687866,0.7389752864837646,2.8977;2.8687;2.8204;2.7896;2.6534,6970;6975;6965;6980;6985,C;C;C;C;C,40,no_trade,in_position,0.0,,0.0,-1,183,6960.0,C,0.1173582524061203,0.05345981568098068,True,nan,nan,,0
2026-01-12,104,361184,6970.64990234375,-0.33000001311302185,286,2.175625801086426,2.6109304428100586,0.4353046417236328,2.6109;2.6047;2.5430;2.4330;2.4242,6970;6975;6980;6985;6965,C;C;C;C;C,40,trade,,6970.0,C,6.760000228881836,187,183,6960.0,C,0.12377777695655823,0.4241003394126892,True,-0.32552234494571813,-0.44930012190227636,STOP_LOSS,62
2026-01-13,60,361530,6952.33984375,-0.33000001311302185,330,2.4783408641815186,2.197791576385498,-0.2805492877960205,2.1978;2.1599;2.1418;2.1294;2.0987,6940;6945;6935;6950;6930,P;P;P;P;P,47,no_trade,gate,0.0,,0.0,-1,150,6970.0,C,0.1998823583126068,0.02088235318660736,True,nan,nan,,0
2026-01-13,61,361531,6952.08984375,-0.33000001311302185,329,2.3815317153930664,2.2976276874542236,-0.08390402793884277,2.2976;2.2670;2.2235;2.1986;2.1947,6940;6945;6935;6950;6930,P;P;P;P;P,50,no_trade,gate,0.0,,0.0,-1,142,6950.0,C,0.3347857594490051,0.009872257709503174,True,nan,nan,,0
2026-01-13,62,361532,6954.60009765625,-0.33000001311302185,328,2.3299243450164795,2.0890719890594482,-0.24085235595703125,2.0891;2.0611;2.0129;1.9899;1.9650,6970;6975;6980;6965;6940,C;C;C;C;P,50,no_trade,gate,0.0,,0.0,-1,142,6950.0,C,0.3551633954048157,0.02266344428062439,True,nan,nan,,0
2026-01-13,63,361533,6957.41015625,-0.33000001311302185,327,2.286017656326294,1.9552671909332275,-0.3307504653930664,1.9553;1.9350;1.9041;1.9017;1.8679,6970;6975;6940;6980;6945,C;C;P;C;P,44,no_trade,gate,0.0,,0.0,-1,142,6950.0,C,-0.014589040540158749,0.03153340518474579,True,nan,nan,,0
2026-01-13,64,361534,6956.330078125,-0.33000001311302185,326,2.1733944416046143,2.0875613689422607,-0.08583307266235352,2.0876;2.0706;2.0590;2.0391;1.9864,6940;6945;6950;6935;6930,P;P;P;P;P,46,no_trade,gate,0.0,,0.0,-1,142,6950.0,C,0.3024698793888092,0.02934187650680542,True,nan,nan,,0
2026-01-13,65,361535,6959.3798828125,-0.33000001311302185,325,2.309136152267456,2.0724165439605713,-0.23671960830688477,2.0724;2.0695;2.0105;2.0052;1.8913,6945;6950;6955;6940;6935,P;P;P;P;P,43,no_trade,gate,0.0,,0.0,-1,143,6950.0,P,0.21564516425132751,0.009114548563957214,True,nan,nan,,0
2026-01-13,66,361536,6960.7900390625,-0.33000001311302185,324,2.119155168533325,2.232442617416382,0.11328744888305664,2.2324;2.2123;2.1825;2.0881;1.9898,6950;6945;6940;6955;6935,P;P;P;P;P,43,trade,,6950.0,P,6.199999809265137,143,143,6950.0,P,0.3542473316192627,0.01862233877182007,True,0.04825633401057009,-0.3059909976086926,TRAILING_STOP,9
2026-01-13,67,361537,6959.56982421875,-0.33000001311302185,323,2.3059885501861572,2.0097053050994873,-0.2962832450866699,2.0097;2.0074;1.9564;1.8253;1.8201,6940;6950;6945;6930;6955,P;P;P;P;P,40,no_trade,in_position,0.0,,0.0,-1,146,6960.0,C,-0.22340665757656097,0.007469803094863892,True,nan,nan,,0
2026-01-13,68,361538,6956.89990234375,-0.33000001311302185,322,2.197770118713379,2.123175621032715,-0.07459449768066406,2.1232;2.1028;2.0764;2.0129;1.9814,6940;6945;6950;6955;6935,P;P;P;P;P,44,no_trade,in_position,0.0,,0.0,-1,142,6950.0,C,-0.014519426971673965,0.009147239848971367,True,nan,nan,,0
2026-01-13,69,361539,6956.830078125,-0.33000001311302185,321,2.131281614303589,2.269798994064331,0.1385173797607422,2.2698;2.2314;2.2276;2.2209;2.0825,6950;6955;6940;6945;6935,P;P;P;P;P,47,no_trade,in_position,0.0,,0.0,-1,142,6950.0,C,0.3933333158493042,0.00927087664604187,True,nan,nan,,0
2026-01-13,70,361540,6958.6201171875,-0.33000001311302185,320,1.9678740501403809,2.133565902709961,0.16569185256958008,2.1336;2.1161;2.0897;2.0218;1.9776,6955;6950;6945;6940;6960,P;P;P;P;P,44,no_trade,in_position,0.0,,0.0,-1,142,6950.0,C,-0.014791667461395264,0.1638130396604538,True,nan,nan,,0
2026-01-13,71,361541,6955.14013671875,-0.33000001311302185,319,1.9896425008773804,1.7103261947631836,-0.2793163061141968,1.7103;1.6489;1.6421;1.6404;1.6024,6970;6965;6940;6960;6950,C;C;P;C;P,44,no_trade,in_position,0.0,,0.0,-1,150,6970.0,C,0.2993749976158142,0.31396403908729553,True,nan,nan,,0
2026-01-13,72,361542,6957.14990234375,-0.33000001311302185,318,2.081270217895508,2.1243653297424316,0.04309511184692383,2.1244;2.1190;2.1083;2.0483;1.9215,6950;6955;6945;6940;6935,P;P;P;P;P,44,no_trade,in_position,0.0,,0.0,-1,142,6950.0,C,-0.015323741361498833,0.01003340259194374,True,nan,nan,,0
2026-01-13,73,361543,6955.68017578125,-0.33000001311302185,317,1.819808006286621,2.1169753074645996,0.2971673011779785,2.1170;2.1090;2.0905;2.0905;1.9917,6940;6950;6945;6955;6935,P;P;P;P;P,44,no_trade,in_position,0.0,,0.0,-1,152,6975.0,C,0.17993420362472534,0.19514848291873932,True,nan,nan,,0
2026-01-13,74,361544,6955.58984375,-0.33000001311302185,316,2.0018229484558105,1.7449967861175537,-0.25682616233825684,1.7450;1.7444;1.7385;1.7242;1.6549,6950;6940;6945;6955;6970,P;P;P;P;C,41,no_trade,in_position,0.0,,0.0,-1,152,6975.0,C,0.31727272272109985,0.33196237683296204,True,nan,nan,,0
2026-01-13,75,361545,6957.169921875,-0.33000001311302185,315,2.0103626251220703,1.8321471214294434,-0.17821550369262695,1.8321;1.7968;1.7562;1.7062;1.6037,6950;6955;6945;6940;6935,P;P;P;P;P,35,no_trade,in_position,0.0,,0.0,-1,142,6950.0,C,-0.014295302331447601,0.009371364489197731,True,nan,nan,,0
2026-01-13,76,361546,6957.7001953125,-0.33000001311302185,314,1.7728488445281982,1.7010977268218994,-0.07175111770629883,1.7011;1.6628;1.6259;1.5613;1.5301,6970;6965;6975;6960;6980,C;C;C;C;C,42,no_trade,in_position,0.0,,0.0,-1,142,6950.0,C,-0.014649243094027042,0.009555301629006863,True,nan,nan,,0
2026-01-13,77,361547,6957.72998046875,-0.33000001311302185,313,2.0550010204315186,2.2548751831054688,0.1998741626739502,2.2549;2.1672;2.0576;1.9933;1.9183,6950;6940;6945;6935;6955,P;P;P;P;P,39,trade,,6950.0,P,6.929999828338623,143,152,6975.0,C,0.454800009727478,0.013966679573059082,True,-0.47295457053282985,-0.9277545802603079,STOP_LOSS,7
2026-01-13,78,361548,6953.64990234375,-0.33000001311302185,312,2.037229061126709,2.08668851852417,0.04945945739746094,2.0867;2.0767;2.0762;1.9604;1.9320,6940;6950;6945;6935;6955,P;P;P;P;P,43,no_trade,in_position,0.0,,0.0,-1,154,6980.0,C,0.624666690826416,0.008222222328186035,True,nan,nan,,0
2026-01-13,79,361549,6952.3798828125,-0.33000001311302185,311,2.2235982418060303,2.1645395755767822,-0.05905866622924805,2.1645;2.1586;2.1381;2.0474;2.0381,6960;6965;6970;6955;6975,C;C;C;C;C,46,no_trade,in_position,0.0,,0.0,-1,142,6950.0,C,0.19450703263282776,0.05485999584197998,True,nan,nan,,0
2026-01-13,80,361550,6956.93994140625,-0.33000001311302185,310,2.2467539310455322,2.0455574989318848,-0.20119643211364746,2.0456;2.0062;1.9768;1.9564;1.9138,6950;6970;6945;6955;6975,P;C;P;P;C,40,no_trade,in_position,0.0,,0.0,-1,142,6950.0,C,-0.014689655043184757,0.009514889679849148,True,nan,nan,,0
2026-01-13,81,361551,6958.0,-0.33000001311302185,309,2.050886392593384,2.038846015930176,-0.012040376663208008,2.0388;2.0331;2.0250;1.9717;1.9655,6950;6955;6945;6940;6970,P;P;P;P;C,40,no_trade,in_position,0.0,,0.0,-1,152,6975.0,C,0.21169491112232208,0.018194913864135742,True,nan,nan,,0
2026-01-13,82,361552,6957.330078125,-0.33000001311302185,308,2.053859233856201,2.075561046600342,0.021701812744140625,2.0756;2.0403;2.0344;1.9804;1.9532,6970;6975;6965;6960;6980,C;C;C;C;C,40,no_trade,in_position,0.0,,0.0,-1,154,6980.0,C,0.6497142910957336,0.022544503211975098,True,nan,nan,,0
2026-01-13,83,361553,6956.2001953125,-0.33000001311302185,307,1.765352487564087,1.682582139968872,-0.08277034759521484,1.6826;1.6781;1.6386;1.6059;1.5579,6970;6965;6960;6975;6955,C;C;C;C;P,37,no_trade,in_position,0.0,,0.0,-1,142,6950.0,C,0.1867583692073822,0.06917598843574524,True,nan,nan,,0
2026-01-13,84,361554,6961.2998046875,-0.33000001311302185,306,1.732731580734253,2.1477324962615967,0.41500091552734375,2.1477;2.1451;2.0764;2.0140;1.9016,6975;6970;6980;6965;6960,C;C;C;C;C,41,no_trade,in_position,0.0,,0.0,-1,142,6950.0,C,0.4091162383556366,0.025751709938049316,True,nan,nan,,0
2026-01-13,85,361555,6963.14990234375,-0.33000001311302185,305,2.0805938243865967,2.2099051475524902,0.12931132316589355,2.2099;2.1975;2.1911;2.1783;2.1131,6975;6950;6980;6970;6945,C;P;C;C;P,43,no_trade,in_position,0.0,,0.0,-1,142,6950.0,C,0.44089266657829285,0.04675176739692688,True,nan,nan,,0
2026-01-13,86,361556,6964.47021484375,-0.33000001311302185,304,2.2303287982940674,2.343792676925659,0.1134638786315918,2.3438;2.3049;2.2953;2.1825;2.1449,6975;6980;6970;6985;6965,C;C;C;C;C,40,no_trade,cooldown,0.0,,0.0,-1,142,6950.0,C,0.6020122766494751,0.662869393825531,True,nan,nan,,0
2026-01-13,87,361557,6961.60009765625,-0.33000001311302185,303,2.237902879714966,2.1682827472686768,-0.06962013244628906,2.1683;2.1175;2.0276;1.9366;1.8181,6970;6975;6980;6965;6985,C;C;C;C;C,38,no_trade,cooldown,0.0,,0.0,-1,142,6950.0,C,0.3423977196216583,0.018579483032226562,True,nan,nan,,0
2026-01-13,88,361558,6964.4599609375,-0.33000001311302185,302,1.9613096714019775,1.9544808864593506,-0.006828784942626953,1.9545;1.9049;1.9001;1.8861;1.8165,6975;6970;6980;6955;6960,C;C;C;P;P,36,no_trade,gate,0.0,,0.0,-1,145,6955.0,P,0.3269999623298645,0.025445520877838135,True,nan,nan,,0
2026-01-13,89,361559,6962.830078125,-0.33000001311302185,301,2.0329151153564453,2.111126184463501,0.07821106910705566,2.1111;2.1009;2.0985;2.0894;2.0408,6955;6945;6950;6960;6940,P;P;P;P;P,38,trade,,6955.0,P,6.0,145,148,6965.0,C,0.5117567181587219,0.0014556050300598145,True,0.0465620088184185,-0.46519470934030344,TRAILING_STOP,28
2026-01-13,90,361560,6962.35986328125,-0.33000001311302185,300,2.015218496322632,2.11167311668396,0.09645462036132812,2.1117;2.1022;2.0542;2.0329;1.9175,6970;6975;6980;6965;6985,C;C;C;C;C,37,no_trade,in_position,0.0,,0.0,-1,146,6960.0,C,0.53948974609375,0.024135887622833252,True,nan,nan,,0
2026-01-13,91,361561,6962.0,-0.33000001311302185,299,1.7449735403060913,1.6602890491485596,-0.08468449115753174,1.6603;1.6256;1.6134;1.5786;1.5248,6950;6940;6945;6975;6965,P;P;P;C;C,33,no_trade,in_position,0.0,,0.0,-1,142,6950.0,C,0.4604242444038391,0.011724203824996948,True,nan,nan,,0
2026-01-13,92,361562,6961.830078125,-0.33000001311302185,298,1.6224311590194702,1.7966358661651611,0.17420470714569092,1.7966;1.7829;1.7720;1.7311;1.7270,6970;6975;6950;6955;6960,C;C;P;P;P,37,no_trade,in_position,0.0,,0.0,-1,142,6950.0,C,0.3895113468170166,0.05734923481941223,True,nan,nan,,0
2026-01-13,93,361563,6963.4501953125,-0.33000001311302185,297,1.7805861234664917,2.1668906211853027,0.38630449771881104,2.1669;2.1493;2.1213;2.0051;1.9235,6975;6970;6980;6965;6985,C;C;C;C;C,37,no_trade,in_position,0.0,,0.0,-1,142,6950.0,C,0.5546548962593079,0.5884644389152527,True,nan,nan,,0
2026-01-13,94,361564,6962.009765625,-0.33000001311302185,296,1.8786914348602295,1.8972883224487305,0.018596887588500977,1.8973;1.8885;1.8852;1.8848;1.8185,6975;6950;6955;6970;6945,C;P;P;C;P,37,no_trade,in_position,0.0,,0.0,-1,142,6950.0,C,0.46558818221092224,0.032211512327194214,True,nan,nan,,0
2026-01-13,95,361565,6962.47021484375,-0.33000001311302185,295,1.7819771766662598,2.2346956729888916,0.45271849632263184,2.2347;2.2347;2.1585;2.1572;1.9228,6975;6970;6980;6965;6985,C;C;C;C;C,35,no_trade,in_position,0.0,,0.0,-1,142,6950.0,C,0.40785476565361023,0.022672921419143677,True,nan,nan,,0
2026-01-13,96,361566,6963.89013671875,-0.33000001311302185,294,1.6109956502914429,1.8434820175170898,0.23248636722564697,1.8435;1.7929;1.7758;1.7685;1.7237,6960;6975;6970;6955;6950,P;C;C;P;P,33,no_trade,in_position,0.0,,0.0,-1,142,6950.0,C,0.68221515417099,0.7128626108169556,True,nan,nan,,0
2026-01-13,97,361567,6961.27978515625,-0.33000001311302185,293,1.791393518447876,2.0482990741729736,0.25690555572509766,2.0483;2.0327;2.0025;1.9108;1.8488,6965;6970;6975;6980;6960,C;C;C;C;C,37,no_trade,in_position,0.0,,0.0,-1,142,6950.0,C,0.3453218936920166,0.04559969902038574,True,nan,nan,,0
2026-01-13,98,361568,6963.91015625,-0.33000001311302185,292,1.8869121074676514,2.1424829959869385,0.2555708885192871,2.1425;2.1370;2.1125;1.9481;1.9470,6975;6980;6970;6985;6965,C;C;C;C;C,34,no_trade,in_position,0.0,,0.0,-1,146,6960.0,C,0.522095263004303,0.021409332752227783,True,nan,nan,,0
2026-01-13,99,361569,6963.2099609375,-0.33000001311302185,291,1.7594839334487915,1.89901864528656,0.13953471183776855,1.8990;1.8940;1.8782;1.8548;1.6979,6975;6970;6965;6980;6950,C;C;C;C;P,34,no_trade,in_position,0.0,,0.0,-1,146,6960.0,C,0.5568137168884277,0.01847130060195923,True,nan,nan,,0
2026-01-13,100,361570,6962.66015625,-0.33000001311302185,290,1.8012540340423584,1.979410171508789,0.17815613746643066,1.9794;1.9487;1.9344;1.8910;1.7770,6970;6975;6965;6980;6985,C;C;C;C;C,33,no_trade,in_position,0.0,,0.0,-1,142,6950.0,C,0.38130342960357666,0.01565536856651306,True,nan,nan,,0
2026-01-13,101,361571,6963.740234375,-0.33000001311302185,289,1.9268321990966797,2.5169425010681152,0.5901103019714355,2.5169;2.4856;2.4839;2.4181;2.3842,6975;6980;6970;6985;6965,C;C;C;C;C,35,no_trade,in_position,0.0,,0.0,-1,146,6960.0,C,0.4795370399951935,0.012925982475280762,True,nan,nan,,0
2026-01-13,102,361572,6964.02978515625,-0.33000001311302185,288,1.7656927108764648,2.1437106132507324,0.3780179023742676,2.1437;2.1212;2.0960;2.0342;2.0044,6975;6970;6980;6965;6985,C;C;C;C;C,33,no_trade,in_position,0.0,,0.0,-1,137,6935.0,P,0.5217646360397339,0.038486868143081665,True,nan,nan,,0
2026-01-13,103,361573,6964.5498046875,-0.33000001311302185,287,1.8616398572921753,2.174551248550415,0.31291139125823975,2.1746;2.1387;2.1102;2.0042;1.9466,6955;6960;6950;6945;6940,P;P;P;P;P,38,no_trade,in_position,0.0,,0.0,-1,142,6950.0,C,0.5394466519355774,0.16015246510505676,True,nan,nan,,0
2026-01-13,104,361574,6963.580078125,-0.33000001311302185,286,1.8487224578857422,1.8853107690811157,0.036588311195373535,1.8853;1.8161;1.8109;1.7668;1.7552,6950;6970;6975;6965;6960,P;C;C;C;P,33,no_trade,in_position,0.0,,0.0,-1,141,6945.0,P,0.454800009727478,0.019345462322235107,True,nan,nan,,0
2026-01-14,60,361920,6906.93017578125,-0.33000001311302185,330,1.9072012901306152,1.9183887243270874,0.011187434196472168,1.9184;1.9175;1.8978;1.8949;1.8832,6880;6885;6890;6930;6875,P;P;P;C;P,54,trade,,6880.0,P,5.199999809265137,137,125,6850.0,P,-0.2807142734527588,0.0014789700508117676,True,-0.30061228575779897,-0.01989801230504018,STOP_LOSS,8
2026-01-14,61,361921,6905.83984375,-0.33000001311302185,329,1.913480281829834,2.0551247596740723,0.14164447784423828,2.0551;2.0179;2.0066;1.9743;1.9084,6930;6935;6925;6940;6920,C;C;C;C;C,53,no_trade,in_position,0.0,,0.0,-1,140,6890.0,C,-0.28238794207572937,0.00029215216636657715,True,nan,nan,,0
2026-01-14,62,361922,6905.509765625,-0.33000001311302185,328,1.9270015954971313,2.237718343734741,0.31071674823760986,2.2377;2.2002;2.1383;2.1382;2.0477,6930;6925;6920;6935;6940,C;C;C;C;C,56,no_trade,in_position,0.0,,0.0,-1,143,6895.0,P,-0.27647730708122253,0.009993314743041992,True,nan,nan,,0
2026-01-14,63,361923,6906.10986328125,-0.33000001311302185,327,1.836308240890503,1.925676703453064,0.08936846256256104,1.9257;1.9132;1.8667;1.8393;1.8315,6925;6930;6920;6935;6895,C;C;C;C;P,52,no_trade,in_position,0.0,,0.0,-1,149,6910.0,P,0.45563381910324097,0.7437838315963745,True,nan,nan,,0
2026-01-14,64,361924,6905.66015625,-0.33000001311302185,326,1.858030915260315,2.0468950271606445,0.1888641119003296,2.0469;2.0446;2.0287;2.0020;1.8906,6925;6930;6935;6920;6915,C;C;C;C;C,51,no_trade,in_position,0.0,,0.0,-1,144,6900.0,C,-0.3061901330947876,0.002206772565841675,True,nan,nan,,0
2026-01-14,65,361925,6904.7998046875,-0.33000001311302185,325,1.950359582901001,1.9892306327819824,0.038871049880981445,1.9892;1.9731;1.9192;1.9023;1.8278,6930;6935;6925;6920;6940,C;C;C;C;C,53,no_trade,in_position,0.0,,0.0,-1,149,6910.0,P,-0.2722000181674957,0.0009067952632904053,True,nan,nan,,0
2026-01-14,66,361926,6906.18017578125,-0.33000001311302185,324,1.946131944656372,2.16214656829834,0.21601462364196777,2.1621;2.1428;2.1401;2.1327;2.0839,6930;6925;6920;6935;6915,C;C;C;C;C,53,no_trade,in_position,0.0,,0.0,-1,147,6905.0,P,0.6835135221481323,0.027317821979522705,True,nan,nan,,0
2026-01-14,67,361927,6908.14990234375,-0.33000001311302185,323,1.8163725137710571,2.067591667175293,0.25121915340423584,2.0676;2.0607;1.9281;1.9271;1.9185,6935;6930;6925;6940;6920,C;C;C;C;C,47,no_trade,in_position,0.0,,0.0,-1,149,6910.0,P,0.5532558560371399,0.009619534015655518,True,nan,nan,,0
2026-01-14,68,361928,6907.8798828125,-0.33000001311302185,322,1.8428239822387695,2.3513259887695312,0.5085020065307617,2.3513;2.2778;2.2506;2.2177;2.2165,6930;6935;6920;6940;6925,C;C;C;C;C,49,no_trade,in_position,0.0,,0.0,-1,137,6880.0,P,0.753636360168457,0.004006803035736084,True,nan,nan,,0
2026-01-14,69,361929,6910.9501953125,-0.33000001311302185,321,1.864104986190796,2.5403940677642822,0.6762890815734863,2.5404;2.5166;2.4798;2.4293;2.3447,6930;6935;6925;6940;6920,C;C;C;C;C,48,no_trade,in_position,0.0,,0.0,-1,131,6865.0,P,0.6690322756767273,0.05354839563369751,True,nan,nan,,0
2026-01-14,70,361930,6913.06005859375,-0.33000001311302185,320,1.5477373600006104,1.8087334632873535,0.26099610328674316,1.8087;1.7567;1.7279;1.6891;1.6861,6930;6935;6925;6900;6920,C;C;C;P;C,49,no_trade,cooldown,0.0,,0.0,-1,145,6900.0,P,0.3765384554862976,0.0034064650535583496,True,nan,nan,,0
2026-01-14,71,361931,6911.009765625,-0.33000001311302185,319,1.803970217704773,2.0300204753875732,0.2260502576828003,2.0300;2.0077;1.9480;1.8477;1.8256,6900;6890;6895;6885;6905,P;P;P;P;P,43,no_trade,cooldown,0.0,,0.0,-1,137,6880.0,P,0.5271875262260437,0.0005209445953369141,True,nan,nan,,0
2026-01-14,72,361932,6910.77978515625,-0.33000001311302185,318,1.5831711292266846,2.0311906337738037,0.44801950454711914,2.0312;1.9869;1.9622;1.8749;1.8666,6900;6895;6890;6905;6885,P;P;P;P;P,43,no_trade,gate,0.0,,0.0,-1,150,6915.0,C,-0.05493506044149399,0.005231644958257675,True,nan,nan,,0
2026-01-14,73,361933,6902.759765625,-0.33000001311302185,317,1.7938400506973267,1.9741438627243042,0.18030381202697754,1.9741;1.9713;1.9364;1.9318;1.8498,6915;6920;6925;6910;6930,C;C;C;C;C,52,trade,,6915.0,C,7.699999809265137,150,123,6845.0,P,0.46545448899269104,0.014049530029296875,True,-0.35287501668930055,-0.8183295056819916,STOP_LOSS,4
2026-01-14,74,361934,6902.490234375,-0.33000001311302185,316,2.171552896499634,2.176934242248535,0.005381345748901367,2.1769;2.1466;2.1422;2.0453;2.0408,6920;6930;6925;6915;6935,C;C;C;C;C,49,no_trade,in_position,0.0,,0.0,-1,145,6900.0,P,0.458292692899704,0.005626022815704346,True,nan,nan,,0
2026-01-14,75,361935,6901.419921875,-0.33000001311302185,315,2.0600638389587402,2.6121201515197754,0.5520563125610352,2.6121;2.5797;2.5591;2.4992;2.4505,6925;6930;6920;6935;6915,C;C;C;C;C,53,no_trade,in_position,0.0,,0.0,-1,145,6900.0,P,0.22808079421520233,0.009120777249336243,True,nan,nan,,0
2026-01-14,76,361936,6897.4501953125,-0.33000001311302185,314,2.011428117752075,2.0613365173339844,0.04990839958190918,2.0613;2.0599;1.9966;1.9883;1.8687,6920;6915;6910;6925;6880,C;C;C;C;P,53,no_trade,in_position,0.0,,0.0,-1,148,6910.0,C,0.6131081581115723,0.008108139038085938,True,nan,nan,,0
2026-01-14,77,361937,6895.580078125,-0.33000001311302185,313,2.1371078491210938,2.316544532775879,0.17943668365478516,2.3165;2.2510;2.2451;2.2444;2.2136,6910;6915;6920;6900;6905,C;C;C;C;C,63,no_trade,in_position,0.0,,0.0,-1,160,6940.0,C,0.8923810124397278,0.14255636930465698,True,nan,nan,,0
2026-01-14,78,361938,6892.7099609375,-0.33000001311302185,312,2.205145835876465,1.9739102125167847,-0.23123562335968018,1.9739;1.9661;1.9102;1.8465;1.8133,6920;6915;6910;6925;6880,C;C;C;C;P,54,no_trade,in_position,0.0,,0.0,-1,144,6900.0,C,0.5701019763946533,0.001255810260772705,True,nan,nan,,0
2026-01-14,79,361939,6890.990234375,-0.33000001311302185,311,2.324683666229248,2.526085615158081,0.201401948928833,2.5261;2.5182;2.4741;2.4131;2.3942,6910;6920;6915;6925;6900,C;C;C;C;C,56,no_trade,cooldown,0.0,,0.0,-1,140,6890.0,C,0.465337872505188,0.013142764568328857,True,nan,nan,,0
2026-01-14,80,361940,6891.27978515625,-0.33000001311302185,310,2.267655849456787,2.1379358768463135,-0.12971997261047363,2.1379;2.0923;2.0661;1.9837;1.9614,6910;6915;6920;6900;6905,C;C;C;C;C,51,no_trade,cooldown,0.0,,0.0,-1,140,6890.0,C,0.5593616962432861,0.0006436705589294434,True,nan,nan,,0
2026-01-14,81,361941,6890.240234375,-0.33000001311302185,309,2.298384428024292,2.7181553840637207,0.4197709560394287,2.7182;2.6595;2.6477;2.6441;2.5998,6910;6905;6915;6920;6900,C;C;C;C;C,54,trade,,6910.0,C,6.019999980926514,148,146,6905.0,C,0.5117567181587219,0.0041915178298950195,True,0.04358974299617911,-0.4681669751625428,TRAILING_STOP,14
2026-01-14,82,361942,6890.419921875,-0.33000001311302185,308,2.3994603157043457,2.862924575805664,0.46346426010131836,2.8629;2.8390;2.8343;2.7938;2.6669,6910;6915;6920;6900;6925,C;C;C;C;C,57,no_trade,in_position,0.0,,0.0,-1,144,6900.0,C,0.3886999487876892,0.003578007221221924,True,nan,nan,,0
2026-01-14,83,361943,6893.419921875,-0.33000001311302185,307,2.332597017288208,2.4445438385009766,0.11194682121276855,2.4445;2.4033;2.3973;2.2906;2.2279,6915;6910;6920;6925;6900,C;C;C;C;C,50,no_trade,in_position,0.0,,0.0,-1,140,6890.0,C,0.37496888637542725,0.003765881061553955,True,nan,nan,,0
2026-01-14,84,361944,6894.93994140625,-0.33000001311302185,306,2.1202688217163086,2.093766927719116,-0.026501893997192383,2.0938;2.0327;2.0277;1.9941;1.8895,6920;6910;6915;6925;6930,C;C;C;C;C,49,no_trade,in_position,0.0,,0.0,-1,146,6905.0,C,0.4423595666885376,0.009030252695083618,True,nan,nan,,0
2026-01-14,85,361945,6896.97021484375,-0.33000001311302185,305,2.039525032043457,2.1183836460113525,0.07885861396789551,2.1184;2.1090;2.0885;2.0588;1.9821,6910;6920;6915;6925;6905,C;C;C;C;C,50,no_trade,in_position,0.0,,0.0,-1,140,6890.0,C,0.49620485305786133,0.011019706726074219,True,nan,nan,,0
2026-01-14,86,361946,6896.64990234375,-0.33000001311302185,304,2.016403913497925,2.253591775894165,0.23718786239624023,2.2536;2.2469;2.2311;2.2303;2.0611,6920;6910;6925;6915;6930,C;C;C;C;C,50,no_trade,in_position,0.0,,0.0,-1,142,6895.0,C,0.4045270085334778,0.0089072585105896,True,nan,nan,,0
2026-01-14,87,361947,6898.89990234375,-0.33000001311302185,303,1.8337849378585815,2.3102760314941406,0.4764910936355591,2.3103;2.2787;2.2699;2.2289;2.1683,6920;6930;6925;6910;6915,C;C;C;C;C,50,no_trade,in_position,0.0,,0.0,-1,152,6920.0,C,0.7530767917633057,0.025727450847625732,True,nan,nan,,0
2026-01-14,88,361948,6895.68017578125,-0.33000001311302185,302,1.8381600379943848,1.859257459640503,0.021097421646118164,1.8593;1.8301;1.8134;1.7717;1.7396,6920;6910;6915;6880;6925,C;C;C;P;C,47,no_trade,in_position,0.0,,0.0,-1,140,6890.0,C,0.46793752908706665,0.00680115818977356,True,nan,nan,,0
2026-01-14,89,361949,6896.2900390625,-0.33000001311302185,301,2.067653179168701,1.9423757791519165,-0.12527740001678467,1.9424;1.9339;1.9197;1.8967;1.7945,6910;6925;6920;6915;6905,C;C;C;C;C,49,no_trade,in_position,0.0,,0.0,-1,140,6890.0,C,0.4416363537311554,0.018162548542022705,True,nan,nan,,0
2026-01-14,90,361950,6897.4599609375,-0.33000001311302185,300,1.8244022130966187,1.8739145994186401,0.049512386322021484,1.8739;1.8372;1.8301;1.7666;1.7452,6890;6880;6895;6875;6885,P;P;P;P;P,46,no_trade,in_position,0.0,,0.0,-1,142,6895.0,C,0.5358646512031555,0.0010117888450622559,True,nan,nan,,0
2026-01-14,91,361951,6896.81982421875,-0.33000001311302185,299,1.7784855365753174,1.858819842338562,0.08033430576324463,1.8588;1.8578;1.8304;1.8187;1.8127,6880;6890;6885;6895;6875,P;P;P;P;P,51,no_trade,in_position,0.0,,0.0,-1,144,6900.0,C,0.41626086831092834,0.004630386829376221,True,nan,nan,,0
2026-01-14,92,361952,6897.81005859375,-0.33000001311302185,298,1.7987444400787354,1.793973445892334,-0.004770994186401367,1.7940;1.7907;1.7196;1.6691;1.6545,6915;6920;6910;6895;6925,C;C;C;P;C,43,no_trade,in_position,0.0,,0.0,-1,146,6905.0,C,0.5266292691230774,0.0054863691329956055,True,nan,nan,,0
2026-01-14,93,361953,6898.39990234375,-0.33000001311302185,297,1.6913478374481201,1.8941330909729004,0.20278525352478027,1.8941;1.8883;1.8057;1.7116;1.6904,6915;6910;6920;6900;6905,C;C;C;C;C,42,no_trade,in_position,0.0,,0.0,-1,142,6895.0,C,0.4146621823310852,0.006997287273406982,True,nan,nan,,0
2026-01-14,94,361954,6899.68994140625,-0.33000001311302185,296,1.5107390880584717,1.8375403881072998,0.3268013000488281,1.8375;1.8227;1.7715;1.7480;1.7438,6915;6920;6910;6895;6925,C;C;C;P;C,46,no_trade,in_position,0.0,,0.0,-1,144,6900.0,C,0.5734211802482605,0.024834156036376953,True,nan,nan,,0
2026-01-14,95,361955,6898.669921875,-0.33000001311302185,295,1.7212104797363281,1.9972405433654785,0.2760300636291504,1.9972;1.9423;1.9323;1.9141;1.8789,6890;6895;6880;6885;6875,P;P;P;P;P,48,no_trade,in_position,0.0,,0.0,-1,152,6920.0,C,0.7741667628288269,0.047243595123291016,True,nan,nan,,0
2026-01-14,96,361956,6896.18994140625,-0.33000001311302185,294,1.9797340631484985,1.965802550315857,-0.013931512832641602,1.9658;1.9514;1.9327;1.8992;1.8148,6890;6895;6885;6880;6900,P;P;P;P;P,45,no_trade,in_position,0.0,,0.0,-1,140,6890.0,C,0.5252940654754639,0.003934085369110107,True,nan,nan,,0
2026-01-14,97,361957,6895.22998046875,-0.33000001311302185,293,2.049661159515381,1.796114444732666,-0.25354671478271484,1.7961;1.6953;1.6945;1.6577;1.6576,6915;6920;6910;6925;6890,C;C;C;C;P,47,no_trade,gate,0.0,,0.0,-1,140,6890.0,C,0.49585530161857605,0.0009359121322631836,True,nan,nan,,0
2026-01-14,98,361958,6895.02001953125,-0.33000001311302185,292,2.052125930786133,1.9743025302886963,-0.07782340049743652,1.9743;1.9435;1.9262;1.9082;1.7327,6915;6910;6925;6920;6930,C;C;C;C;C,44,no_trade,gate,0.0,,0.0,-1,156,6930.0,C,0.4325471818447113,0.002990245819091797,True,nan,nan,,0
2026-01-14,99,361959,6896.31005859375,-0.33000001311302185,291,1.8379111289978027,2.312562942504883,0.4746518135070801,2.3126;2.2974;2.2498;2.1991;2.0925,6915;6920;6910;6925;6930,C;C;C;C;C,47,trade,,6915.0,C,5.0,150,158,6935.0,C,0.6550000309944153,0.0056667327880859375,True,0.6375281600749909,-0.01747187091942437,TAKE_PROFIT,12
2026-01-14,100,361960,6894.68017578125,-0.33000001311302185,290,1.6618318557739258,1.7401196956634521,0.07828783988952637,1.7401;1.6449;1.6403;1.6065;1.5398,6920;6915;6910;6905;6890,C;C;C;C;P,41,no_trade,in_position,0.0,,0.0,-1,140,6890.0,C,0.33477988839149475,0.023287326097488403,True,nan,nan,,0
2026-01-14,101,361961,6897.35009765625,-0.33000001311302185,289,1.8928934335708618,2.178173542022705,0.28528010845184326,2.1782;2.0623;2.0528;2.0351;1.8434,6920;6915;6910;6925;6930,C;C;C;C;C,42,no_trade,in_position,0.0,,0.0,-1,140,6890.0,C,0.37370622158050537,0.006163924932479858,True,nan,nan,,0
2026-01-14,102,361962,6899.58984375,-0.33000001311302185,288,1.5549287796020508,1.8761504888534546,0.3212217092514038,1.8762;1.8659;1.8642;1.7993;1.6942,6920;6915;6910;6925;6930,C;C;C;C;C,45,no_trade,in_position,0.0,,0.0,-1,146,6905.0,C,0.5962068438529968,0.011867344379425049,True,nan,nan,,0
2026-01-14,103,361963,6898.0498046875,-0.33000001311302185,287,1.6622105836868286,1.9349371194839478,0.27272653579711914,1.9349;1.9290;1.8660;1.8410;1.7759,6890;6895;6885;6880;6875,P;P;P;P;P,40,no_trade,in_position,0.0,,0.0,-1,142,6895.0,C,0.4954347312450409,0.0021014809608459473,True,nan,nan,,0
2026-01-14,104,361964,6898.2099609375,-0.33000001311302185,286,1.6413911581039429,1.8703386783599854,0.22894752025604248,1.8703;1.8603;1.8367;1.6794;1.5363,6920;6910;6915;6925;6900,C;C;C;C;C,41,no_trade,in_position,0.0,,0.0,-1,144,6900.0,C,0.4208620488643646,0.005491375923156738,True,nan,nan,,0
2026-01-15,60,362310,6967.2099609375,-0.33000001311302185,330,1.8244925737380981,2.1454195976257324,0.3209270238876343,2.1454;2.1417;2.0823;2.0015;1.9399,6980;6975;6985;6970;6990,C;C;C;C;C,44,trade,,6980.0,C,4.0,185,186,6980.0,P,0.4872215688228607,0.006943792104721069,True,0.02675000000000007,-0.46047156882286067,TRAILING_STOP,12
2026-01-15,61,362311,6967.35009765625,-0.33000001311302185,329,2.053730010986328,2.12192440032959,0.06819438934326172,2.1219;2.1136;2.0610;1.9937;1.9605,6980;6975;6985;6970;6950,C;C;C;C;P,41,no_trade,in_position,0.0,,0.0,-1,184,6975.0,P,0.5413076877593994,0.007046639919281006,True,nan,nan,,0
2026-01-15,62,362312,6967.93017578125,-0.33000001311302185,328,2.0260987281799316,1.8619534969329834,-0.16414523124694824,1.8620;1.8067;1.7990;1.7753;1.7585,6975;6980;6985;6940;6950,C;C;C;P;P,35,no_trade,in_position,0.0,,0.0,-1,180,6965.0,P,0.5662962794303894,0.0002498626708984375,True,nan,nan,,0
2026-01-15,63,362313,6968.7998046875,-0.33000001311302185,327,2.125441074371338,2.217268943786621,0.0918278694152832,2.2173;2.1824;2.1754;2.1214;2.0547,6980;6975;6985;6970;6990,C;C;C;C;C,40,no_trade,in_position,0.0,,0.0,-1,186,6980.0,P,0.6223239898681641,0.005883336067199707,True,nan,nan,,0
2026-01-15,64,362314,6970.35009765625,-0.33000001311302185,326,2.273585081100464,2.458252429962158,0.18466734886169434,2.4583;2.4247;2.4187;2.2721;2.2286,6980;6985;6975;6990;6970,C;C;C;C;C,43,no_trade,in_position,0.0,,0.0,-1,166,6930.0,P,0.624666690826416,0.03273683786392212,True,nan,nan,,0
2026-01-15,65,362315,6971.72021484375,-0.33000001311302185,325,2.451765298843384,2.285585403442383,-0.16617989540100098,2.2856;2.2475;2.2432;2.1459;2.1279,6980;6975;6985;6950;6960,C;C;C;P;P,45,no_trade,in_position,0.0,,0.0,-1,186,6980.0,P,0.5595858693122864,0.014868974685668945,True,nan,nan,,0
2026-01-15,66,362316,6971.8701171875,-0.33000001311302185,324,2.3949544429779053,2.4911155700683594,0.0961611270904541,2.4911;2.4523;2.4260;2.3449;2.2583,6980;6985;6975;6990;6970,C;C;C;C;C,50,no_trade,in_position,0.0,,0.0,-1,172,6945.0,P,0.6027451157569885,0.021585702896118164,True,nan,nan,,0
2026-01-15,67,362317,6973.06982421875,-0.33000001311302185,323,2.2707505226135254,2.2666945457458496,-0.004055976867675781,2.2667;2.2188;2.1845;2.1287;1.9640,6980;6985;6975;6990;6950,C;C;C;C;P,42,no_trade,in_position,0.0,,0.0,-1,184,6975.0,P,0.2763959467411041,0.01639595627784729,True,nan,nan,,0
2026-01-15,68,362318,6969.9599609375,-0.33000001311302185,322,2.485844373703003,2.3894028663635254,-0.09644150733947754,2.3894;2.3489;2.3143;2.2243;1.9951,6975;6980;6970;6985;6990,C;C;C;C;C,46,no_trade,in_position,0.0,,0.0,-1,168,6935.0,P,0.6455555558204651,0.020646512508392334,True,nan,nan,,0
2026-01-15,69,362319,6970.22998046875,-0.33000001311302185,321,2.3604044914245605,2.271989107131958,-0.08841538429260254,2.2720;2.2260;2.2042;2.1108;1.9423,6980;6985;6975;6990;6960,C;C;C;C;P,43,no_trade,in_position,0.0,,0.0,-1,172,6945.0,P,0.7517374753952026,0.0049874186515808105,True,nan,nan,,0
2026-01-15,70,362320,6971.8798828125,-0.33000001311302185,320,2.2124478816986084,2.2386677265167236,0.026219844818115234,2.2387;2.1936;2.1510;2.1027;1.7820,6980;6985;6975;6990;6995,C;C;C;C;C,35,no_trade,in_position,0.0,,0.0,-1,186,6980.0,P,0.49744194746017456,0.002680063247680664,True,nan,nan,,0
2026-01-15,71,362321,6971.68994140625,-0.33000001311302185,319,1.9531829357147217,1.7304127216339111,-0.22277021408081055,1.7304;1.6345;1.6149;1.5963;1.5865,6960;6980;6985;6950;6975,P;C;C;P;C,38,no_trade,in_position,0.0,,0.0,-1,186,6980.0,P,0.3837309777736664,0.0587744414806366,True,nan,nan,,0
2026-01-15,72,362322,6969.7099609375,-0.33000001311302185,318,1.8841480016708374,1.8365033864974976,-0.047644615173339844,1.8365;1.7885;1.4961;1.4934;1.4279,6950;6940;6945;6930;6955,P;P;P;P;P,34,no_trade,in_position,0.0,,0.0,-1,186,6980.0,P,0.35973507165908813,0.010020792484283447,True,nan,nan,,0
2026-01-15,73,362323,6968.02001953125,-0.33000001311302185,317,1.9076660871505737,2.000783920288086,0.09311783313751221,2.0008;1.9903;1.9641;1.8526;1.7752,6975;6970;6980;6985;6965,C;C;C;C;C,43,no_trade,in_position,0.0,,0.0,-1,184,6975.0,P,0.2300000786781311,0.014827698469161987,True,nan,nan,,0
2026-01-15,74,362324,6963.8701171875,-0.33000001311302185,316,2.0977909564971924,2.1845626831054688,0.08677172660827637,2.1846;2.1463;2.1150;2.0388;2.0363,6970;6975;6965;6980;6950,C;C;C;C;P,43,trade,,6970.0,C,6.659999847412109,181,178,6960.0,P,0.3858621418476105,0.023433566093444824,True,-0.3259090973523038,-0.7117712391999143,STOP_LOSS,7
2026-01-15,75,362325,6963.1298828125,-0.33000001311302185,315,2.187941312789917,2.1029093265533447,-0.08503198623657227,2.1029;2.0731;2.0570;1.8962;1.8713,6975;6980;6970;6985;6950,C;C;C;C;P,41,no_trade,in_position,0.0,,0.0,-1,179,6965.0,C,0.7816000580787659,0.007433295249938965,True,nan,nan,,0
2026-01-15,76,362326,6958.7001953125,-0.33000001311302185,314,2.1701412200927734,2.3302927017211914,0.16015148162841797,2.3303;2.3205;2.3144;2.2381;2.1871,6970;6965;6975;6980;6940,C;C;C;C;P,54,no_trade,in_position,0.0,,0.0,-1,181,6970.0,C,0.2995237410068512,0.030903011560440063,True,nan,nan,,0
2026-01-15,77,362327,6962.22021484375,-0.33000001311302185,313,2.23915958404541,2.0579397678375244,-0.18121981620788574,2.0579;2.0529;2.0512;1.9910;1.9450,6975;6950;6980;6970;6985,C;P;C;C;C,42,no_trade,in_position,0.0,,0.0,-1,183,6975.0,C,0.7262162566184998,0.01566070318222046,True,nan,nan,,0
2026-01-15,78,362328,6959.18994140625,-0.33000001311302185,312,1.7941653728485107,1.9875998497009277,0.193434476852417,1.9876;1.9613;1.8819;1.8716;1.8714,6950;6940;6935;6945;6970,P;P;P;P;C,46,no_trade,in_position,0.0,,0.0,-1,187,6985.0,C,0.6145984530448914,0.014598488807678223,True,nan,nan,,0
2026-01-15,79,362329,6957.83984375,-0.33000001311302185,311,2.2300612926483154,2.1869423389434814,-0.043118953704833984,2.1869;2.1865;2.1462;2.0107;1.9570,6970;6975;6980;6965;6985,C;C;C;C;C,45,no_trade,in_position,0.0,,0.0,-1,179,6965.0,C,0.4306756258010864,0.02746814489364624,True,nan,nan,,0
2026-01-15,80,362330,6958.43994140625,-0.33000001311302185,310,2.256746768951416,2.7986361980438232,0.5418894290924072,2.7986;2.7696;2.7257;2.7131;2.5805,6970;6975;6980;6965;6985,C;C;C;C;C,50,no_trade,in_position,0.0,,0.0,-1,187,6985.0,C,0.47285720705986023,0.01304587721824646,True,nan,nan,,0
2026-01-15,81,362331,6958.7900390625,-0.33000001311302185,309,2.2775001525878906,2.0926990509033203,-0.1848011016845703,2.0927;2.0794;2.0410;2.0094;1.9701,6975;6970;6980;6940;6950,C;C;C;P;P,42,no_trade,in_position,0.0,,0.0,-1,185,6980.0,C,0.7770832777023315,0.0951266884803772,True,nan,nan,,0
2026-01-15,82,362332,6956.5400390625,-0.33000001311302185,308,2.0698583126068115,2.397435188293457,0.3275768756866455,2.3974;2.3631;2.3518;2.3114;2.2391,6970;6965;6975;6960;6980,C;C;C;C;C,47,no_trade,in_position,0.0,,0.0,-1,179,6965.0,C,0.4435821771621704,0.02081620693206787,True,nan,nan,,0
2026-01-15,83,362333,6957.60009765625,-0.33000001311302185,307,2.255362033843994,3.0202622413635254,0.7649002075195312,3.0203;3.0140;2.9405;2.9246;2.7361,6975;6970;6980;6965;6985,C;C;C;C;C,43,no_trade,cooldown,0.0,,0.0,-1,179,6965.0,C,0.41948050260543823,0.05208057165145874,True,nan,nan,,0
2026-01-15,84,362334,6958.7998046875,-0.33000001311302185,306,2.1346328258514404,2.401137113571167,0.26650428771972656,2.4011;2.3795;2.3392;2.3199;2.1551,6970;6975;6980;6965;6985,C;C;C;C;C,43,no_trade,cooldown,0.0,,0.0,-1,181,6970.0,C,0.30125001072883606,0.012389302253723145,True,nan,nan,,0
2026-01-15,85,362335,6960.990234375,-0.33000001311302185,305,1.9174460172653198,1.9154794216156006,-0.0019665956497192383,1.9155;1.8628;1.8607;1.8442;1.8100,6950;6975;6940;6970;6930,P;C;P;C;P,38,no_trade,gate,0.0,,0.0,-1,185,6980.0,C,0.49049583077430725,0.007522910833358765,True,nan,nan,,0
2026-01-15,86,362336,6961.2099609375,-0.33000001311302185,304,2.0224413871765137,2.734863758087158,0.7124223709106445,2.7349;2.7250;2.7001;2.6271;2.6060,6975;6970;6980;6965;6985,C;C;C;C;C,50,trade,,6975.0,C,3.700000047683716,183,179,6965.0,C,0.14088238775730133,0.03453107178211212,True,0.058928593635018615,-0.08195379412228271,TAKE_PROFIT,2
2026-01-15,87,362337,6966.080078125,-0.33000001311302185,303,2.2959063053131104,2.92171049118042,0.6258041858673096,2.9217;2.8399;2.6525;2.2485;2.0505,6970;6965;6960;6965;6970,C;C;C;P;P,24,no_trade,in_position,0.0,,0.0,-1,179,6965.0,C,0.34465235471725464,0.0005783140659332275,True,nan,nan,,0
2026-01-15,88,362338,6968.06982421875,-0.33000001311302185,302,2.4495019912719727,2.4240241050720215,-0.025477886199951172,2.4240;2.3676;2.3379;2.2299;2.1898,6980;6985;6975;6990;6970,C;C;C;C;C,40,no_trade,in_position,0.0,,0.0,-1,185,6980.0,C,0.37174996733665466,0.033710777759552,True,nan,nan,,0
2026-01-15,89,362339,6969.97021484375,-0.33000001311302185,301,2.437429189682007,2.2359793186187744,-0.20144987106323242,2.2360;2.1851;2.1304;2.0763;1.9552,6980;6985;6975;6990;6970,C;C;C;C;C,42,no_trade,in_position,0.0,,0.0,-1,179,6965.0,C,-0.019576270133256912,0.00409039668738842,True,nan,nan,,0
2026-01-15,90,362340,6970.1201171875,-0.33000001311302185,300,2.2892351150512695,2.251077175140381,-0.03815793991088867,2.2511;2.2115;2.1013;2.0999;2.0075,6980;6985;6990;6975;6950,C;C;C;C;P,41,no_trade,gate,0.0,,0.0,-1,184,6975.0,P,-0.2101980596780777,0.01045161485671997,True,nan,nan,,0
2026-01-15,91,362341,6972.10009765625,-0.33000001311302185,299,2.242182970046997,2.477097511291504,0.23491454124450684,2.4771;2.4649;2.3801;2.3503;2.0467,6980;6985;6990;6975;6970,C;C;C;C;C,40,trade,,6980.0,C,4.800000190734863,185,186,6980.0,P,-0.31171873211860657,0.012777507305145264,True,-0.044374998236695995,0.2673437338819106,TRAILING_STOP,23
2026-01-15,92,362342,6972.169921875,-0.33000001311302185,298,2.1590960025787354,2.3847007751464844,0.22560477256774902,2.3847;2.3477;2.3204;2.2253;2.1738,6980;6985;6975;6990;6970,C;C;C;C;C,42,no_trade,in_position,0.0,,0.0,-1,184,6975.0,P,-0.28443294763565063,0.012099266052246094,True,nan,nan,,0
2026-01-15,93,362343,6972.64013671875,-0.33000001311302185,297,2.2855193614959717,2.3015079498291016,0.015988588333129883,2.3015;2.3007;2.2569;2.1840;2.0121,6985;6980;6975;6990;6955,C;C;C;C;P,44,no_trade,in_position,0.0,,0.0,-1,186,6980.0,P,-0.3191128969192505,0.0020381510257720947,True,nan,nan,,0
2026-01-15,94,362344,6972.77001953125,-0.33000001311302185,296,2.3772361278533936,2.0677640438079834,-0.30947208404541016,2.0678;2.0424;1.9990;1.9852;1.9541,6980;6985;6960;6955;6975,C;C;P;P;C,35,no_trade,in_position,0.0,,0.0,-1,184,6975.0,P,-0.3161855638027191,0.0014997422695159912,True,nan,nan,,0
2026-01-15,95,362345,6972.91015625,-0.33000001311302185,295,2.409679651260376,2.361384630203247,-0.048295021057128906,2.3614;2.3573;2.2747;2.2713;2.0569,6980;6985;6990;6975;6995,C;C;C;C;C,37,no_trade,in_position,0.0,,0.0,-1,183,6975.0,C,-0.031791046261787415,0.18356609344482422,True,nan,nan,,0
2026-01-15,96,362346,6971.10009765625,-0.33000001311302185,294,2.3021833896636963,2.2126004695892334,-0.08958292007446289,2.2126;2.1850;2.1749;2.1372;2.0833,6960;6965;6970;6955;6950,P;P;P;P;P,39,no_trade,in_position,0.0,,0.0,-1,179,6965.0,C,-0.019112903624773026,0.004140371456742287,True,nan,nan,,0
2026-01-15,97,362347,6970.72998046875,-0.33000001311302185,293,2.333664655685425,2.257596492767334,-0.07606816291809082,2.2576;2.2343;2.2148;2.0917;2.0354,6980;6975;6985;6990;6960,C;C;C;C;P,40,no_trade,in_position,0.0,,0.0,-1,186,6980.0,P,-0.25529640913009644,0.01000356674194336,True,nan,nan,,0
2026-01-15,98,362348,6972.0498046875,-0.33000001311302185,292,2.1414361000061035,2.3302974700927734,0.18886137008666992,2.3303;2.2989;2.2969;2.2026;2.1458,6980;6985;6975;6990;6970,C;C;C;C;C,40,no_trade,in_position,0.0,,0.0,-1,187,6985.0,C,-0.04035714268684387,0.24044600129127502,True,nan,nan,,0
2026-01-15,99,362349,6971.4501953125,-0.33000001311302185,291,2.1841115951538086,2.3500466346740723,0.16593503952026367,2.3500;2.3365;2.2831;2.1669;2.1552,6980;6975;6985;6990;6970,C;C;C;C;C,40,no_trade,in_position,0.0,,0.0,-1,179,6965.0,C,-0.019323432818055153,0.0038287416100502014,True,nan,nan,,0
2026-01-15,100,362350,6970.509765625,-0.33000001311302185,290,2.1100378036499023,2.2377493381500244,0.12771153450012207,2.2377;2.2152;2.1740;2.1566;2.0230,6980;6975;6985;6970;6990,C;C;C;C;C,38,no_trade,in_position,0.0,,0.0,-1,187,6985.0,C,0.20291666686534882,0.03480072319507599,True,nan,nan,,0
2026-01-15,101,362351,6969.56982421875,-0.33000001311302185,289,2.184708833694458,2.100113868713379,-0.0845949649810791,2.1001;2.0862;2.0470;2.0065;1.9670,6980;6975;6965;6985;6955,C;C;P;C;P,34,no_trade,in_position,0.0,,0.0,-1,187,6985.0,C,0.3674510717391968,0.017795950174331665,True,nan,nan,,0
2026-01-15,102,362352,6970.72998046875,-0.33000001311302185,288,2.1988985538482666,2.024963617324829,-0.1739349365234375,2.0250;1.9793;1.9737;1.8925;1.8795,6980;6975;6985;6965;6960,C;C;C;P;P,32,no_trade,in_position,0.0,,0.0,-1,191,6995.0,C,0.5528572201728821,0.35094231367111206,True,nan,nan,,0
2026-01-15,103,362353,6970.1201171875,-0.33000001311302185,287,2.1459081172943115,2.0333712100982666,-0.11253690719604492,2.0334;2.0137;1.9548;1.8752;1.8009,6975;6980;6985;6970;6960,C;C;C;C;P,33,no_trade,in_position,0.0,,0.0,-1,187,6985.0,C,0.5509089827537537,0.08130905032157898,True,nan,nan,,0
2026-01-15,104,362354,6969.56005859375,-0.33000001311302185,286,1.9868545532226562,2.178999662399292,0.19214510917663574,2.1790;2.1768;2.1287;2.0949;1.9645,6980;6975;6985;6970;6990,C;C;C;C;C,37,no_trade,in_position,0.0,,0.0,-1,187,6985.0,C,0.4686635732650757,0.006699293851852417,True,nan,nan,,0
2026-01-16,60,362700,6940.0400390625,-0.33000001311302185,330,1.9892522096633911,2.043172836303711,0.053920626640319824,2.0432;2.0421;2.0268;1.9832;1.9094,6940;6930;6935;6925;6920,P;P;P;P;P,45,trade,,6940.0,P,11.100000381469727,230,232,6945.0,P,0.4526428282260895,0.0013495385646820068,True,0.42930439758300776,-0.02333843064308172,TAKE_PROFIT,9
2026-01-16,61,362701,6939.5498046875,-0.33000001311302185,329,2.1998114585876465,2.1093802452087402,-0.09043121337890625,2.1094;2.0727;2.0540;2.0243;1.8969,6950;6945;6960;6955;6965,C;C;C;C;C,46,no_trade,in_position,0.0,,0.0,-1,228,6935.0,P,0.4667712152004242,0.0028979480266571045,True,nan,nan,,0
2026-01-16,62,362702,6938.6298828125,-0.33000001311302185,328,2.018824815750122,1.7396540641784668,-0.2791707515716553,1.7397;1.6755;1.6318;1.6291;1.5907,6950;6945;6955;6960;6940,C;C;C;C;C,46,no_trade,in_position,0.0,,0.0,-1,236,6955.0,P,0.4120638966560364,0.036776989698410034,True,nan,nan,,0
2026-01-16,63,362703,6937.0498046875,-0.33000001311302185,327,2.219942808151245,2.274285316467285,0.05434250831604004,2.2743;2.2506;2.2407;2.2042;2.1717,6950;6955;6945;6960;6940,C;C;C;C;C,57,no_trade,in_position,0.0,,0.0,-1,232,6945.0,P,0.389011949300766,0.022083431482315063,True,nan,nan,,0
2026-01-16,64,362704,6934.89013671875,-0.33000001311302185,326,2.1652257442474365,2.131848096847534,-0.033377647399902344,2.1318;2.0916;2.0333;2.0265;1.9086,6950;6955;6945;6960;6930,C;C;C;C;P,48,no_trade,in_position,0.0,,0.0,-1,220,6915.0,P,0.42345213890075684,0.020952165126800537,True,nan,nan,,0
2026-01-16,65,362705,6933.5498046875,-0.33000001311302185,325,2.3158140182495117,2.443678617477417,0.12786459922790527,2.4437;2.4093;2.3816;2.3269;2.1945,6950;6955;6960;6945;6965,C;C;C;C;C,51,no_trade,in_position,0.0,,0.0,-1,243,6975.0,C,0.4882352650165558,0.024425625801086426,True,nan,nan,,0
2026-01-16,66,362706,6931.58984375,-0.33000001311302185,324,2.278174877166748,2.3282418251037598,0.05006694793701172,2.3282;2.2801;2.2478;2.1988;2.1450,6950;6945;6955;6940;6960,C;C;C;C;C,47,no_trade,in_position,0.0,,0.0,-1,229,6940.0,C,0.4923171401023865,0.019409656524658203,True,nan,nan,,0
2026-01-16,67,362707,6932.5498046875,-0.33000001311302185,323,2.2499961853027344,2.6861572265625,0.4361610412597656,2.6862;2.6512;2.6493;2.6025;2.5458,6950;6945;6955;6940;6960,C;C;C;C;C,48,no_trade,in_position,0.0,,0.0,-1,218,6910.0,P,0.43806445598602295,0.0038979053497314453,True,nan,nan,,0
2026-01-16,68,362708,6933.419921875,-0.33000001311302185,322,2.31770920753479,2.4519898891448975,0.13428068161010742,2.4520;2.3695;2.3224;2.3049;2.2873,6950;6945;6955;6940;6960,C;C;C;C;C,47,no_trade,in_position,0.0,,0.0,-1,241,6970.0,C,0.6282827854156494,0.0064223408699035645,True,nan,nan,,0
2026-01-16,69,362709,6931.4599609375,-0.33000001311302185,321,2.1106014251708984,2.246258497238159,0.13565707206726074,2.2463;2.2233;2.2052;2.1615;2.0416,6950;6945;6940;6955;6935,C;C;C;C;C,49,no_trade,in_position,0.0,,0.0,-1,235,6955.0,C,0.7120753526687622,0.018545866012573242,True,nan,nan,,0
2026-01-16,70,362710,6928.22998046875,-0.33000001311302185,320,2.251577854156494,2.5340428352355957,0.28246498107910156,2.5340;2.5194;2.5075;2.3904;2.3900,6950;6945;6940;6955;6935,C;C;C;C;C,52,no_trade,in_position,0.0,,0.0,-1,229,6940.0,C,0.5595384836196899,0.022968292236328125,True,nan,nan,,0
2026-01-16,71,362711,6926.85986328125,-0.33000001311302185,319,2.42268443107605,2.596789836883545,0.17410540580749512,2.5968;2.5956;2.5876;2.4970;2.4591,6950;6945;6940;6935;6955,C;C;C;C;C,50,trade,,6950.0,C,3.5799999237060547,233,229,6940.0,C,0.5382258296012878,0.016738295555114746,True,0.5078946697414765,-0.030331159859811385,TAKE_PROFIT,15
2026-01-16,72,362712,6926.0,-0.33000001311302185,318,2.340060234069824,2.854459285736084,0.5143990516662598,2.8545;2.8474;2.8176;2.7633;2.7062,6945;6940;6950;6935;6955,C;C;C;C;C,52,no_trade,in_position,0.0,,0.0,-1,231,6945.0,C,0.23218177258968353,0.004208847880363464,True,nan,nan,,0
2026-01-16,73,362713,6929.31005859375,-0.33000001311302185,317,2.344048261642456,2.5171167850494385,0.17306852340698242,2.5171;2.4497;2.4490;2.3497;2.3494,6950;6955;6945;6960;6940,C;C;C;C;C,48,no_trade,in_position,0.0,,0.0,-1,229,6940.0,C,0.4138961434364319,0.026896148920059204,True,nan,nan,,0
2026-01-16,74,362714,6930.85986328125,-0.33000001311302185,316,2.1633474826812744,2.1768784523010254,0.013530969619750977,2.1769;2.1257;2.1167;2.0748;2.0123,6950;6945;6955;6940;6960,C;C;C;C;C,49,no_trade,in_position,0.0,,0.0,-1,239,6965.0,C,0.47379305958747864,0.0014553964138031006,True,nan,nan,,0
2026-01-16,75,362715,6931.43994140625,-0.33000001311302185,315,2.004689931869507,2.0563783645629883,0.051688432693481445,2.0564;2.0460;2.0337;1.9877;1.9280,6950;6945;6940;6955;6935,C;C;C;C;C,47,no_trade,in_position,0.0,,0.0,-1,233,6950.0,C,0.6376923322677612,0.017335236072540283,True,nan,nan,,0
2026-01-16,76,362716,6929.830078125,-0.33000001311302185,314,2.2568702697753906,2.472991466522217,0.21612119674682617,2.4730;2.4346;2.4284;2.3571;2.3219,6950;6945;6940;6955;6935,C;C;C;C;C,49,no_trade,in_position,0.0,,0.0,-1,237,6960.0,C,0.5194737315177917,0.0027428865432739258,True,nan,nan,,0
2026-01-16,77,362717,6929.81982421875,-0.33000001311302185,313,2.3958919048309326,2.4325084686279297,0.03661656379699707,2.4325;2.3963;2.3860;2.2995;2.2618,6950;6945;6955;6940;6960,C;C;C;C;C,46,no_trade,in_position,0.0,,0.0,-1,229,6940.0,C,0.2701204717159271,0.017453759908676147,True,nan,nan,,0
2026-01-16,78,362718,6933.5400390625,-0.33000001311302185,312,2.31864857673645,2.3681836128234863,0.04953503608703613,2.3682;2.3167;2.3112;2.2551;2.2501,6950;6945;6955;6940;6960,C;C;C;C;C,46,no_trade,in_position,0.0,,0.0,-1,229,6940.0,C,0.37494391202926636,0.008179247379302979,True,nan,nan,,0
2026-01-16,79,362719,6935.68017578125,-0.33000001311302185,311,2.307422637939453,2.0978353023529053,-0.20958733558654785,2.0978;2.0839;2.0617;1.9620;1.9471,6930;6925;6920;6950;6935,P;P;P;C;P,48,no_trade,in_position,0.0,,0.0,-1,231,6945.0,C,0.4682089686393738,0.0036605894565582275,True,nan,nan,,0
2026-01-16,80,362720,6935.91015625,-0.33000001311302185,310,2.255449056625366,2.0373048782348633,-0.21814417839050293,2.0373;2.0169;2.0073;1.9083;1.8361,6930;6920;6925;6935;6915,P;P;P;P;P,46,no_trade,in_position,0.0,,0.0,-1,229,6940.0,C,0.4795531630516052,0.023022562265396118,True,nan,nan,,0
2026-01-16,81,362721,6935.81005859375,-0.33000001311302185,309,2.234180212020874,1.950138807296753,-0.2840414047241211,1.9501;1.8914;1.8638;1.8261;1.7972,6950;6955;6930;6960;6920,C;C;P;C;P,41,no_trade,in_position,0.0,,0.0,-1,235,6955.0,C,0.7898955345153809,0.008895516395568848,True,nan,nan,,0
2026-01-16,82,362722,6932.9501953125,-0.33000001311302185,308,2.2163658142089844,2.0460751056671143,-0.17029070854187012,2.0461;1.9689;1.9228;1.9228;1.9013,6930;6925;6920;6950;6915,P;P;P;C;P,44,no_trade,in_position,0.0,,0.0,-1,229,6940.0,C,0.33178576827049255,0.029129594564437866,True,nan,nan,,0
2026-01-16,83,362723,6935.33984375,-0.33000001311302185,307,2.3048253059387207,2.4025728702545166,0.0977475643157959,2.4026;2.3794;2.3291;2.3192;2.2298,6950;6955;6960;6945;6940,C;C;C;C;C,45,no_trade,in_position,0.0,,0.0,-1,231,6945.0,C,0.32211270928382874,0.004346758127212524,True,nan,nan,,0
2026-01-16,84,362724,6937.27978515625,-0.33000001311302185,306,1.9728186130523682,1.8816889524459839,-0.09112966060638428,1.8817;1.8188;1.8103;1.8083;1.7499,6930;6935;6950;6925;6955,P;P;C;P;C,46,no_trade,in_position,0.0,,0.0,-1,235,6955.0,C,0.5241667032241821,0.06762823462486267,True,nan,nan,,0
2026-01-16,85,362725,6938.85009765625,-0.33000001311302185,305,1.8963414430618286,2.0756702423095703,0.1793287992477417,2.0757;2.0710;2.0446;1.9397;1.8956,6950;6955;6960;6945;6965,C;C;C;C;C,45,no_trade,in_position,0.0,,0.0,-1,241,6970.0,C,0.5620370507240295,0.0036009550094604492,True,nan,nan,,0
2026-01-16,86,362726,6938.22021484375,-0.33000001311302185,304,2.233426332473755,2.1420998573303223,-0.09132647514343262,2.1421;2.1267;2.0584;2.0421;1.9861,6950;6955;6960;6925;6920,C;C;C;P;P,41,no_trade,in_position,0.0,,0.0,-1,231,6945.0,C,0.3021518886089325,0.008151918649673462,True,nan,nan,,0
2026-01-16,87,362727,6940.6298828125,-0.33000001311302185,303,2.1979076862335205,2.0027520656585693,-0.19515562057495117,2.0028;1.9871;1.9774;1.8754;1.7651,6960;6950;6955;6965;6945,C;C;C;C;C,42,no_trade,in_position,0.0,,0.0,-1,239,6965.0,C,0.5037433505058289,0.0007805228233337402,True,nan,nan,,0
2026-01-16,88,362728,6940.52001953125,-0.33000001311302185,302,2.1148247718811035,2.149721145629883,0.0348963737487793,2.1497;2.1399;2.0982;2.0933;2.0853,6960;6955;6950;6930;6925,C;C;C;P;P,40,trade,,6960.0,C,2.799999952316284,237,229,6940.0,C,0.3497368395328522,0.022329479455947876,True,0.3158415729772131,-0.03389526655563907,TAKE_PROFIT,9
2026-01-16,89,362729,6942.2001953125,-0.33000001311302185,301,2.130221366882324,2.111999273300171,-0.01822209358215332,2.1120;2.0949;2.0582;2.0166;1.9066,6950;6960;6955;6965;6945,C;C;C;C;C,44,no_trade,in_position,0.0,,0.0,-1,229,6940.0,C,0.36185482144355774,0.010591685771942139,True,nan,nan,,0
2026-01-16,90,362730,6944.080078125,-0.33000001311302185,300,2.0617825984954834,2.159853219985962,0.09807062149047852,2.1599;2.1329;2.1111;2.0820;2.0810,6930;6935;6960;6940;6955,P;P;C;P;C,45,no_trade,in_position,0.0,,0.0,-1,229,6940.0,C,0.583706796169281,0.0029636025428771973,True,nan,nan,,0
2026-01-16,91,362731,6943.080078125,-0.33000001311302185,299,2.4556243419647217,2.27604341506958,-0.1795809268951416,2.2760;2.2536;2.2230;2.2065;2.1149,6950;6955;6960;6945;6965,C;C;C;C;C,45,no_trade,in_position,0.0,,0.0,-1,229,6940.0,C,0.6056075692176819,0.38158318400382996,True,nan,nan,,0
2026-01-16,92,362732,6940.7001953125,-0.33000001311302185,298,2.712329387664795,2.2622129917144775,-0.4501163959503174,2.2622;2.1720;2.1659;2.1512;2.1301,6930;6955;6960;6950;6920,P;C;C;C;P,39,no_trade,in_position,0.0,,0.0,-1,229,6940.0,C,0.4940565228462219,0.004734516143798828,True,nan,nan,,0
2026-01-16,93,362733,6940.35009765625,-0.33000001311302185,297,2.2762861251831055,2.132819652557373,-0.14346647262573242,2.1328;2.1146;2.1044;2.0387;1.9531,6955;6960;6950;6965;6945,C;C;C;C;C,39,no_trade,in_position,0.0,,0.0,-1,231,6945.0,C,0.4721950888633728,0.011160612106323242,True,nan,nan,,0
2026-01-16,94,362734,6940.5,-0.33000001311302185,296,2.160191059112549,2.2701778411865234,0.10998678207397461,2.2702;2.2560;2.2408;2.1418;2.0959,6955;6950;6960;6965;6945,C;C;C;C;C,40,no_trade,in_position,0.0,,0.0,-1,231,6945.0,C,0.3282416760921478,0.007002025842666626,True,nan,nan,,0
2026-01-16,95,362735,6942.97021484375,-0.33000001311302185,295,2.085413932800293,1.9971437454223633,-0.08827018737792969,1.9971;1.9932;1.9842;1.9111;1.9089,6955;6940;6960;6930;6950,C;P;C;P;C,38,no_trade,in_position,0.0,,0.0,-1,229,6940.0,C,0.42150792479515076,0.021820425987243652,True,nan,nan,,0
2026-01-16,96,362736,6944.52001953125,-0.33000001311302185,294,2.2228493690490723,2.495950222015381,0.2731008529663086,2.4960;2.4847;2.4220;2.4174;2.2191,6960;6955;6950;6965;6970,C;C;C;C;C,36,no_trade,in_position,0.0,,0.0,-1,233,6950.0,C,0.49112674593925476,0.003726780414581299,True,nan,nan,,0
2026-01-16,97,362737,6944.10986328125,-0.33000001311302185,293,2.331073045730591,2.1957263946533203,-0.1353466510772705,2.1957;2.1903;2.1383;2.1231;2.0032,6960;6955;6965;6950;6940,C;C;C;C;P,37,no_trade,in_position,0.0,,0.0,-1,229,6940.0,C,0.30377623438835144,0.035015225410461426,True,nan,nan,,0
2026-01-16,98,362738,6947.06982421875,-0.33000001311302185,292,2.3211188316345215,2.530357837677002,0.20923900604248047,2.5304;2.5037;2.4954;2.4430;2.4096,6960;6965;6955;6950;6970,C;C;C;C;C,46,no_trade,in_position,0.0,,0.0,-1,229,6940.0,C,-0.017635134980082512,0.0008866041898727417,True,nan,nan,,0
2026-01-16,99,362739,6948.2900390625,-0.33000001311302185,291,2.26237154006958,2.2934653759002686,0.031093835830688477,2.2935;2.2878;2.1773;2.1682;2.0641,6965;6960;6970;6955;6950,C;C;C;C;C,40,trade,,6965.0,C,3.0,239,231,6945.0,C,-0.019186992198228836,0.003716232255101204,True,-0.06656249900814147,-0.047375506809912635,TRAILING_STOP,22
2026-01-16,100,362740,6950.02001953125,-0.33000001311302185,290,2.4771347045898438,2.4206395149230957,-0.05649518966674805,2.4206;2.4203;2.3289;2.2919;2.1137,6960;6965;6970;6955;6975,C;C;C;C;C,40,no_trade,in_position,0.0,,0.0,-1,231,6945.0,C,0.22963303327560425,0.005608648061752319,True,nan,nan,,0
2026-01-16,101,362741,6947.509765625,-0.33000001311302185,289,2.4251997470855713,2.2067389488220215,-0.2184607982635498,2.2067;2.1606;2.1386;2.1240;2.0809,6960;6955;6965;6950;6940,C;C;C;C;P,44,no_trade,in_position,0.0,,0.0,-1,233,6950.0,C,0.4458134174346924,0.01891082525253296,True,nan,nan,,0
2026-01-16,102,362742,6948.02978515625,-0.33000001311302185,288,2.356717824935913,2.3940205574035645,0.03730273246765137,2.3940;2.3135;2.2988;2.2464;2.1373,6940;6945;6935;6930;6925,P;P;P;P;P,36,no_trade,in_position,0.0,,0.0,-1,235,6955.0,C,0.7353397607803345,0.504099428653717,True,nan,nan,,0
2026-01-16,103,362743,6945.22998046875,-0.33000001311302185,287,2.3711817264556885,2.255155563354492,-0.11602616310119629,2.2552;2.2307;2.2118;2.1835;2.1832,6940;6945;6955;6950;6960,P;P;C;C;C,36,no_trade,in_position,0.0,,0.0,-1,231,6945.0,C,0.41524264216423035,0.010757416486740112,True,nan,nan,,0
2026-01-16,104,362744,6946.419921875,-0.33000001311302185,286,2.106358766555786,2.3981165885925293,0.29175782203674316,2.3981;2.3834;2.3531;2.2844;2.1091,6960;6955;6965;6950;6970,C;C;C;C;C,36,no_trade,in_position,0.0,,0.0,-1,235,6955.0,C,0.47513505816459656,0.0024427473545074463,True,nan,nan,,0
2026-01-20,60,363090,6863.0400390625,-0.33000001311302185,330,2.052384614944458,2.184601068496704,0.1322164535522461,2.1846;2.1543;2.1410;2.1065;2.0519,6880;6890;6900;6885;6895,C;C;C;C;C,61,trade,,6880.0,C,8.100000381469727,187,174,6845.0,P,-0.29532375931739807,0.0003596842288970947,True,-0.3262962950578716,-0.03097253574047354,STOP_LOSS,19
2026-01-20,61,363091,6863.77978515625,-0.33000001311302185,329,2.1597137451171875,2.4593513011932373,0.2996375560760498,2.4594;2.4379;2.4335;2.4192;2.4108,6890;6895;6900;6880;6885,C;C;C;C;C,65,no_trade,in_position,0.0,,0.0,-1,182,6865.0,P,-0.014791667461395264,0.0026673488318920135,True,nan,nan,,0
2026-01-20,62,363092,6866.64013671875,-0.33000001311302185,328,2.180945634841919,2.3938074111938477,0.2128617763519287,2.3938;2.3346;2.2883;2.2483;2.2082,6900;6890;6880;6885;6895,C;C;C;C;C,63,no_trade,in_position,0.0,,0.0,-1,172,6840.0,P,0.21389830112457275,0.004989206790924072,True,nan,nan,,0
2026-01-20,63,363093,6866.85986328125,-0.33000001311302185,327,2.089862823486328,2.2781877517700195,0.1883249282836914,2.2782;2.2654;2.2230;2.2104;2.2015,6890;6900;6880;6885;6895,C;C;C;C;C,64,no_trade,in_position,0.0,,0.0,-1,172,6840.0,P,0.6609616279602051,0.0234106183052063,True,nan,nan,,0
2026-01-20,64,363094,6869.1298828125,-0.33000001311302185,326,2.1286513805389404,2.331383466720581,0.20273208618164062,2.3314;2.3277;2.2994;2.2819;2.2358,6890;6900;6895;6885;6880,C;C;C;C;C,64,no_trade,in_position,0.0,,0.0,-1,182,6865.0,P,0.3301379382610321,0.012089192867279053,True,nan,nan,,0
2026-01-20,65,363095,6866.0400390625,-0.33000001311302185,325,2.1858768463134766,2.299313545227051,0.11343669891357422,2.2993;2.2745;2.2620;2.2498;2.2489,6890;6880;6885;6895;6900,C;C;C;C;C,67,no_trade,in_position,0.0,,0.0,-1,182,6865.0,P,0.23390021920204163,0.0029180794954299927,True,nan,nan,,0
2026-01-20,66,363096,6868.31982421875,-0.33000001311302185,324,2.0095417499542236,1.9406999349594116,-0.06884181499481201,1.9407;1.8918;1.8775;1.8745;1.8685,6830;6845;6850;6890;6835,P;P;P;C;P,61,no_trade,in_position,0.0,,0.0,-1,182,6865.0,P,0.30879995226860046,0.01294061541557312,True,nan,nan,,0
2026-01-20,67,363097,6864.18017578125,-0.33000001311302185,323,2.007672071456909,2.0698482990264893,0.06217622756958008,2.0698;2.0620;2.0366;2.0239;2.0145,6850;6830;6835;6840;6890,P;P;P;P;C,68,no_trade,in_position,0.0,,0.0,-1,170,6835.0,P,0.2065306156873703,0.008481830358505249,True,nan,nan,,0
2026-01-20,68,363098,6866.31982421875,-0.33000001311302185,322,1.9277026653289795,2.402968645095825,0.4752659797668457,2.4030;2.3537;2.3324;2.3172;2.2796,6890;6900;6880;6895;6885,C;C;C;C;C,59,no_trade,in_position,0.0,,0.0,-1,170,6835.0,P,0.35426947474479675,0.004951357841491699,True,nan,nan,,0
2026-01-20,69,363099,6864.81005859375,-0.33000001311302185,321,1.8665306568145752,1.9694719314575195,0.10294127464294434,1.9695;1.9538;1.9246;1.9039;1.8821,6890;6895;6880;6900;6875,C;C;C;C;C,58,no_trade,in_position,0.0,,0.0,-1,176,6850.0,P,0.2243373543024063,0.004765927791595459,True,nan,nan,,0
2026-01-20,70,363100,6866.4599609375,-0.33000001311302185,320,1.762596607208252,2.252776861190796,0.49018025398254395,2.2528;2.2370;2.2035;2.1956;2.1826,6880;6890;6885;6900;6895,C;C;C;C;C,68,no_trade,in_position,0.0,,0.0,-1,174,6845.0,P,0.5826153755187988,0.00364762544631958,True,nan,nan,,0
2026-01-20,71,363101,6868.1201171875,-0.33000001311302185,319,1.778390645980835,2.154183864593506,0.3757932186126709,2.1542;2.1362;2.1295;2.1103;2.0829,6890;6905;6895;6900;6885,C;C;C;C;C,57,no_trade,in_position,0.0,,0.0,-1,170,6835.0,P,0.49931812286376953,0.0036431849002838135,True,nan,nan,,0
2026-01-20,72,363102,6868.31005859375,-0.33000001311302185,318,1.721198558807373,2.2305002212524414,0.5093016624450684,2.2305;2.2194;2.2145;2.1516;2.1447,6880;6885;6890;6875;6895,C;C;C;C;C,64,no_trade,in_position,0.0,,0.0,-1,178,6855.0,P,0.46138307452201843,0.02555704116821289,True,nan,nan,,0
2026-01-20,73,363103,6866.8701171875,-0.33000001311302185,317,1.8979098796844482,2.1558191776275635,0.25790929794311523,2.1558;2.0890;2.0596;2.0571;1.9776,6850;6830;6855;6840;6825,P;P;P;P;P,53,no_trade,in_position,0.0,,0.0,-1,176,6850.0,P,0.501490592956543,0.004161179065704346,True,nan,nan,,0
2026-01-20,74,363104,6866.89990234375,-0.33000001311302185,316,1.6759051084518433,2.159393787384033,0.48348867893218994,2.1594;2.1584;2.1545;2.0892;2.0798,6880;6885;6890;6875;6900,C;C;C;C;C,60,no_trade,in_position,0.0,,0.0,-1,174,6845.0,P,0.4343477487564087,0.0034671425819396973,True,nan,nan,,0
2026-01-20,75,363105,6866.02978515625,-0.33000001311302185,315,1.5776094198226929,2.052229642868042,0.4746202230453491,2.0522;2.0449;2.0272;1.9328;1.9149,6880;6890;6885;6895;6900,C;C;C;C;C,53,no_trade,in_position,0.0,,0.0,-1,170,6835.0,P,0.5185107588768005,0.018878787755966187,True,nan,nan,,0
2026-01-20,76,363106,6866.509765625,-0.33000001311302185,314,1.634883999824524,1.9325507879257202,0.2976667881011963,1.9326;1.8971;1.8932;1.8508;1.8421,6850;6830;6840;6860;6835,P;P;P;P;P,55,no_trade,in_position,0.0,,0.0,-1,174,6845.0,P,0.3188461363315582,0.013193994760513306,True,nan,nan,,0
2026-01-20,77,363107,6862.75,-0.33000001311302185,313,1.5661498308181763,2.0106518268585205,0.44450199604034424,2.0107;1.9709;1.9263;1.9262;1.9069,6850;6840;6830;6845;6825,P;P;P;P;P,60,no_trade,in_position,0.0,,0.0,-1,182,6865.0,P,-0.013831169344484806,0.0019466085359454155,True,nan,nan,,0
2026-01-20,78,363108,6862.35009765625,-0.33000001311302185,312,1.8077291250228882,1.9369783401489258,0.1292492151260376,1.9370;1.8195;1.8129;1.8099;1.7885,6830;6845;6880;6850;6840,P;P;C;P;P,53,no_trade,in_position,0.0,,0.0,-1,182,6865.0,P,-0.013229813426733017,0.0019844723865389824,True,nan,nan,,0
2026-01-20,79,363109,6861.25,-0.33000001311302185,311,1.592466115951538,1.7571371793746948,0.16467106342315674,1.7571;1.7367;1.7362;1.7347;1.6971,6835;6850;6830;6825;6880,P;P;P;P;C,54,no_trade,in_position,0.0,,0.0,-1,182,6865.0,P,-0.01276023406535387,0.003052682615816593,True,nan,nan,,0
2026-01-20,80,363110,6859.169921875,-0.33000001311302185,310,1.7900292873382568,1.8315027952194214,0.04147350788116455,1.8315;1.8217;1.7948;1.7804;1.7788,6850;6830;6825;6820;6840,P;P;P;P;P,58,no_trade,in_position,0.0,,0.0,-1,173,6845.0,C,-0.012628018856048584,0.00011483859270811081,True,nan,nan,,0
2026-01-20,81,363111,6856.31982421875,-0.33000001311302185,309,1.8493486642837524,1.9720052480697632,0.12265658378601074,1.9720;1.9241;1.9153;1.8878;1.8807,6830;6825;6835;6840;6820,P;P;P;P;P,63,no_trade,cooldown,0.0,,0.0,-1,185,6875.0,C,0.33632344007492065,0.3490377366542816,True,nan,nan,,0
2026-01-20,82,363112,6857.58984375,-0.33000001311302185,308,1.6768378019332886,1.9523526430130005,0.2755148410797119,1.9524;1.9479;1.8567;1.7984;1.7941,6880;6875;6890;6870;6885,C;C;C;C;C,53,no_trade,cooldown,0.0,,0.0,-1,177,6855.0,C,-0.013566879555583,0.0028177350759506226,True,nan,nan,,0
2026-01-20,83,363113,6858.06982421875,-0.33000001311302185,307,1.8025375604629517,1.9547162055969238,0.15217864513397217,1.9547;1.9420;1.8969;1.8808;1.8788,6880;6875;6870;6885;6890,C;C;C;C;C,56,trade,,6880.0,C,5.300000190734863,187,173,6845.0,C,-0.012616113759577274,0.00011422298848628998,True,0.03562500176330405,0.04824111552288132,TRAILING_STOP,9
2026-01-20,84,363114,6857.18017578125,-0.33000001311302185,306,1.7878764867782593,1.8550097942352295,0.06713330745697021,1.8550;1.8404;1.8239;1.8217;1.7498,6880;6875;6885;6870;6890,C;C;C;C;C,55,no_trade,in_position,0.0,,0.0,-1,173,6845.0,C,-0.012625000439584255,0.00010533630847930908,True,nan,nan,,0
2026-01-20,85,363115,6856.1201171875,-0.33000001311302185,305,1.5528391599655151,1.7613751888275146,0.2085360288619995,1.7614;1.7540;1.7467;1.7444;1.6530,6880;6885;6875;6870;6865,C;C;C;C;C,55,no_trade,in_position,0.0,,0.0,-1,179,6860.0,C,0.2313973754644394,0.004300594329833984,True,nan,nan,,0
2026-01-20,86,363116,6854.14013671875,-0.33000001311302185,304,1.9340349435806274,2.080343246459961,0.1463083028793335,2.0803;2.0624;2.0306;1.9960;1.9906,6885;6870;6880;6875;6865,C;C;C;C;C,60,no_trade,in_position,0.0,,0.0,-1,181,6865.0,C,0.4770967662334442,0.0021402835845947266,True,nan,nan,,0
2026-01-20,87,363117,6854.919921875,-0.33000001311302185,303,2.0020623207092285,1.941467523574829,-0.060594797134399414,1.9415;1.8984;1.8911;1.8857;1.7719,6885;6880;6875;6870;6865,C;C;C;C;C,55,no_trade,in_position,0.0,,0.0,-1,187,6880.0,C,0.4859999716281891,0.01729312539100647,True,nan,nan,,0
2026-01-20,88,363118,6855.33984375,-0.33000001311302185,302,1.7946546077728271,1.8086036443710327,0.013949036598205566,1.8086;1.8034;1.7771;1.7134;1.6319,6880;6885;6875;6870;6890,C;C;C;C;C,54,no_trade,in_position,0.0,,0.0,-1,179,6860.0,C,0.17719179391860962,0.007441788911819458,True,nan,nan,,0
2026-01-20,89,363119,6861.43017578125,-0.33000001311302185,301,2.030036449432373,2.3816306591033936,0.3515942096710205,2.3816;2.3293;2.3161;2.2951;2.2719,6880;6885;6890;6875;6870,C;C;C;C;C,55,no_trade,in_position,0.0,,0.0,-1,180,6860.0,P,0.23282258212566376,0.2533033490180969,True,nan,nan,,0
2026-01-20,90,363120,6863.10009765625,-0.33000001311302185,300,1.4950395822525024,1.9282654523849487,0.4332258701324463,1.9283;1.8999;1.8915;1.8898;1.8826,6830;6850;6840;6845;6835,P;P;P;P;P,58,no_trade,in_position,0.0,,0.0,-1,174,6845.0,P,0.21564516425132751,0.005294293165206909,True,nan,nan,,0
2026-01-20,91,363121,6864.9501953125,-0.33000001311302185,299,1.7828803062438965,2.014319658279419,0.23143935203552246,2.0143;2.0065;1.9915;1.9398;1.9055,6890;6885;6880;6875;6895,C;C;C;C;C,49,no_trade,in_position,0.0,,0.0,-1,158,6805.0,P,0.3186206817626953,0.005152910947799683,True,nan,nan,,0
2026-01-20,92,363122,6862.9501953125,-0.33000001311302185,298,1.6621702909469604,2.090142250061035,0.4279719591140747,2.0901;1.9909;1.9877;1.9398;1.9213,6850;6830;6840;6845;6880,P;P;P;P;C,53,no_trade,in_position,0.0,,0.0,-1,180,6860.0,P,0.27687498927116394,0.0090598464012146,True,nan,nan,,0
2026-01-20,93,363123,6858.990234375,-0.33000001311302185,297,1.7016730308532715,1.7974743843078613,0.09580135345458984,1.7975;1.7870;1.7788;1.7607;1.7092,6840;6835;6830;6825;6880,P;P;P;P;C,50,no_trade,in_position,0.0,,0.0,-1,177,6855.0,C,-0.013653845526278019,0.0028577828779816628,True,nan,nan,,0
2026-01-20,94,363124,6858.759765625,-0.33000001311302185,296,1.884798526763916,1.8482370376586914,-0.03656148910522461,1.8482;1.8089;1.7521;1.7333;1.6927,6890;6880;6885;6875;6870,C;C;C;C;C,49,no_trade,gate,0.0,,0.0,-1,179,6860.0,C,0.23194915056228638,0.004608720541000366,True,nan,nan,,0
2026-01-20,95,363125,6856.02001953125,-0.33000001311302185,295,2.074049949645996,1.6010661125183105,-0.47298383712768555,1.6011;1.5983;1.5673;1.5352;1.5067,6830;6880;6875;6890;6825,P;C;C;C;P,49,no_trade,gate,0.0,,0.0,-1,179,6860.0,C,0.3769291639328003,0.027397900819778442,True,nan,nan,,0
2026-01-20,96,363126,6857.89990234375,-0.33000001311302185,294,1.790799856185913,1.8737202882766724,0.08292043209075928,1.8737;1.8703;1.8067;1.8015;1.7932,6875;6880;6870;6885;6890,C;C;C;C;C,59,trade,,6875.0,C,6.400000095367432,185,187,6880.0,C,-0.038035713136196136,0.011094722896814346,True,0.05082191857058598,0.08885763170678213,TRAILING_STOP,7
2026-01-20,97,363127,6860.85009765625,-0.33000001311302185,293,1.9139102697372437,2.263335704803467,0.34942543506622314,2.2633;2.2166;2.1871;2.1754;2.1359,6880;6890;6885;6875;6870,C;C;C;C;C,58,no_trade,in_position,0.0,,0.0,-1,162,6815.0,P,0.36204075813293457,0.031040728092193604,True,nan,nan,,0
2026-01-20,98,363128,6859.68017578125,-0.33000001311302185,292,1.5724486112594604,1.9960570335388184,0.4236084222793579,1.9961;1.9742;1.9002;1.8356;1.7899,6880;6875;6890;6885;6865,C;C;C;C;C,54,no_trade,in_position,0.0,,0.0,-1,185,6875.0,C,-0.030869564041495323,0.008574878796935081,True,nan,nan,,0
2026-01-20,99,363129,6860.990234375,-0.33000001311302185,291,1.7501888275146484,1.950836420059204,0.20064759254455566,1.9508;1.9430;1.9127;1.8826;1.8352,6880;6890;6875;6885;6895,C;C;C;C;C,51,no_trade,in_position,0.0,,0.0,-1,170,6835.0,P,0.9289189577102661,0.01262277364730835,True,nan,nan,,0
2026-01-20,100,363130,6866.240234375,-0.33000001311302185,290,1.5945841073989868,2.1219077110290527,0.5273236036300659,2.1219;2.1207;2.1152;2.0602;2.0591,6880;6890;6885;6895;6875,C;C;C;C;C,62,no_trade,in_position,0.0,,0.0,-1,178,6855.0,P,0.6009090542793274,0.00876617431640625,True,nan,nan,,0
2026-01-20,101,363131,6868.25,-0.33000001311302185,289,1.6367114782333374,1.9926416873931885,0.3559302091598511,1.9926;1.9865;1.9534;1.9407;1.9224,6850;6845;6890;6885;6880,P;P;C;C;C,51,no_trade,in_position,0.0,,0.0,-1,180,6860.0,P,0.39194169640541077,0.004941701889038086,True,nan,nan,,0
2026-01-20,102,363132,6866.3701171875,-0.33000001311302185,288,1.821745753288269,2.181145429611206,0.359399676322937,2.1811;2.0859;2.0550;2.0335;1.9867,6830;6825;6850;6840;6845,P;P;P;P;P,53,no_trade,in_position,0.0,,0.0,-1,174,6845.0,P,0.41450005769729614,0.0040946900844573975,True,nan,nan,,0
2026-01-20,103,363133,6864.77001953125,-0.33000001311302185,287,1.6653013229370117,1.8732056617736816,0.20790433883666992,1.8732;1.8538;1.8425;1.7737;1.7141,6880;6885;6890;6875;6830,C;C;C;C;P,47,no_trade,in_position,0.0,,0.0,-1,166,6825.0,P,0.3834482431411743,0.0022453367710113525,True,nan,nan,,0
2026-01-20,104,363134,6863.330078125,-0.33000001311302185,286,1.5725154876708984,1.9162651300430298,0.34374964237213135,1.9163;1.8543;1.8023;1.7649;1.7376,6830;6840;6845;6825;6850,P;P;P;P;P,46,no_trade,in_position,0.0,,0.0,-1,172,6840.0,P,0.4605555534362793,0.0035405755043029785,True,nan,nan,,0
2026-01-21,60,363480,6855.7099609375,-0.33000001311302185,330,2.018893003463745,2.294991970062256,0.27609896659851074,2.2950;2.2904;2.2625;2.2231;2.1624,6870;6875;6880;6865;6860,C;C;C;C;C,59,trade,,6870.0,C,6.0,161,161,6870.0,C,0.394761860370636,0.001790463924407959,True,0.39476186253496615,2.164330159537542e-09,TAKE_PROFIT,4
2026-01-21,61,363481,6857.85986328125,-0.33000001311302185,329,2.0675811767578125,2.491884231567383,0.4243030548095703,2.4919;2.4918;2.4776;2.4348;2.4010,6875;6880;6870;6885;6865,C;C;C;C;C,60,no_trade,in_position,0.0,,0.0,-1,153,6850.0,C,0.4537542164325714,0.009439200162887573,True,nan,nan,,0
2026-01-21,62,363482,6858.68994140625,-0.33000001311302185,328,2.2030136585235596,2.4470531940460205,0.24403953552246094,2.4471;2.4389;2.3964;2.3287;2.2275,6880;6875;6870;6885;6860,C;C;C;C;C,61,no_trade,in_position,0.0,,0.0,-1,151,6845.0,C,0.3556568920612335,0.01906391978263855,True,nan,nan,,0
2026-01-21,63,363483,6862.4599609375,-0.33000001311302185,327,2.2226972579956055,2.642646312713623,0.4199490547180176,2.6426;2.6384;2.6058;2.5997;2.5245,6875;6880;6870;6885;6890,C;C;C;C;C,61,no_trade,in_position,0.0,,0.0,-1,161,6870.0,C,0.5311842560768127,0.0011841654777526855,True,nan,nan,,0
2026-01-21,64,363484,6861.509765625,-0.33000001311302185,326,2.2141897678375244,2.4138882160186768,0.19969844818115234,2.4139;2.3867;2.3368;2.3089;2.3059,6880;6875;6870;6890;6885,C;C;C;C;C,56,no_trade,in_position,0.0,,0.0,-1,157,6860.0,C,0.2112024873495102,0.023249730467796326,True,nan,nan,,0
2026-01-21,65,363485,6865.27978515625,-0.33000001311302185,325,2.277722120285034,2.30373215675354,0.02601003646850586,2.3037;2.2937;2.2560;2.2381;2.1403,6880;6885;6875;6890;6870,C;C;C;C;C,58,no_trade,in_position,0.0,,0.0,-1,130,6790.0,P,0.4077778458595276,0.049027830362319946,True,nan,nan,,0
2026-01-21,66,363486,6866.60009765625,-0.33000001311302185,324,2.298968553543091,2.5209555625915527,0.22198700904846191,2.5210;2.5050;2.4533;2.4474;2.3655,6880;6885;6890;6875;6870,C;C;C;C;C,63,trade,,6880.0,C,5.699999809265137,165,130,6790.0,P,0.2752576470375061,0.06747981905937195,True,0.04055555625216964,-0.23470209078533646,TRAILING_STOP,23
2026-01-21,67,363487,6865.0400390625,-0.33000001311302185,323,2.325472593307495,2.6616244316101074,0.3361518383026123,2.6616;2.6435;2.6341;2.5869;2.5613,6880;6885;6875;6870;6890,C;C;C;C;C,63,no_trade,in_position,0.0,,0.0,-1,122,6770.0,P,0.2569231390953064,0.2709363102912903,True,nan,nan,,0
2026-01-21,68,363488,6865.14013671875,-0.33000001311302185,322,2.3343405723571777,2.6019911766052246,0.2676506042480469,2.6020;2.5694;2.5615;2.5280;2.5246,6880;6875;6885;6890;6870,C;C;C;C;C,56,no_trade,in_position,0.0,,0.0,-1,163,6875.0,C,0.21723076701164246,0.011605769395828247,True,nan,nan,,0
2026-01-21,69,363489,6864.240234375,-0.33000001311302185,321,2.286417245864868,2.5157902240753174,0.22937297821044922,2.5158;2.4998;2.4734;2.4480;2.4197,6880;6875;6885;6890;6870,C;C;C;C;C,60,no_trade,in_position,0.0,,0.0,-1,163,6875.0,C,0.46723076701164246,0.0024508237838745117,True,nan,nan,,0
2026-01-21,70,363490,6864.47021484375,-0.33000001311302185,320,2.326540231704712,2.6336493492126465,0.30710911750793457,2.6336;2.6221;2.6001;2.5665;2.5393,6875;6880;6885;6870;6890,C;C;C;C;C,58,no_trade,in_position,0.0,,0.0,-1,163,6875.0,C,0.22269228100776672,0.025795772671699524,True,nan,nan,,0
2026-01-21,71,363491,6867.990234375,-0.33000001311302185,319,2.264108657836914,2.4755892753601074,0.21148061752319336,2.4756;2.4522;2.4482;2.4356;2.3696,6880;6885;6875;6890;6870,C;C;C;C;C,64,no_trade,in_position,0.0,,0.0,-1,128,6785.0,P,0.4893333315849304,0.0584242045879364,True,nan,nan,,0
2026-01-21,72,363492,6868.85009765625,-0.33000001311302185,318,2.343491315841675,2.4487802982330322,0.10528898239135742,2.4488;2.4419;2.4371;2.3853;2.3717,6880;6890;6885;6895;6875,C;C;C;C;C,58,no_trade,in_position,0.0,,0.0,-1,130,6790.0,P,0.25473687052726746,0.020590513944625854,True,nan,nan,,0
2026-01-21,73,363493,6867.31005859375,-0.33000001311302185,317,2.416807174682617,2.484675645828247,0.06786847114562988,2.4847;2.4576;2.4249;2.3995;2.3984,6880;6885;6875;6870;6890,C;C;C;C;C,58,no_trade,in_position,0.0,,0.0,-1,169,6890.0,C,0.39884620904922485,0.002596229314804077,True,nan,nan,,0
2026-01-21,74,363494,6868.22021484375,-0.33000001311302185,316,2.1668338775634766,2.204349994659424,0.037516117095947266,2.2043;2.1841;2.1657;2.1473;2.0947,6880;6885;6890;6875;6870,C;C;C;C;C,52,no_trade,in_position,0.0,,0.0,-1,128,6785.0,P,0.4493333697319031,0.01600000262260437,True,nan,nan,,0
2026-01-21,75,363495,6872.39013671875,-0.33000001311302185,315,2.4221742153167725,2.3849050998687744,-0.03726911544799805,2.3849;2.3781;2.3634;2.3057;2.3035,6885;6880;6890;6895;6875,C;C;C;C;C,60,no_trade,in_position,0.0,,0.0,-1,138,6810.0,P,0.47076931595802307,0.039132922887802124,True,nan,nan,,0
2026-01-21,76,363496,6872.4599609375,-0.33000001311302185,314,2.433807611465454,2.394451379776001,-0.039356231689453125,2.3945;2.3854;2.3811;2.3394;2.3264,6885;6880;6890;6875;6895,C;C;C;C;C,62,no_trade,in_position,0.0,,0.0,-1,146,6830.0,P,0.48347821831703186,0.005831211805343628,True,nan,nan,,0
2026-01-21,77,363497,6872.83984375,-0.33000001311302185,313,2.3462371826171875,2.191035509109497,-0.15520167350769043,2.1910;2.1757;2.1573;2.1459;2.0827,6885;6890;6880;6895;6900,C;C;C;C;C,55,no_trade,in_position,0.0,,0.0,-1,144,6825.0,P,0.4082927107810974,0.017876118421554565,True,nan,nan,,0
2026-01-21,78,363498,6871.43017578125,-0.33000001311302185,312,2.3773810863494873,2.464233160018921,0.0868520736694336,2.4642;2.4446;2.4417;2.4039;2.3468,6880;6875;6885;6890;6870,C;C;C;C;C,59,no_trade,in_position,0.0,,0.0,-1,136,6805.0,P,0.46695661544799805,0.030685395002365112,True,nan,nan,,0
2026-01-21,79,363499,6870.35986328125,-0.33000001311302185,311,2.346447229385376,2.2241928577423096,-0.1222543716430664,2.2242;2.1909;2.1908;2.1506;2.0902,6880;6875;6885;6890;6895,C;C;C;C;C,52,no_trade,in_position,0.0,,0.0,-1,146,6830.0,P,0.61644446849823,0.019407451152801514,True,nan,nan,,0
2026-01-21,80,363500,6871.89990234375,-0.33000001311302185,310,2.3947763442993164,2.3174631595611572,-0.07731318473815918,2.3175;2.3148;2.3036;2.2730;2.2126,6885;6890;6880;6895;6875,C;C;C;C;C,55,no_trade,in_position,0.0,,0.0,-1,144,6825.0,P,0.5194737315177917,0.02447378635406494,True,nan,nan,,0
2026-01-21,81,363501,6873.31982421875,-0.33000001311302185,309,2.2649457454681396,2.2338223457336426,-0.03112339973449707,2.2338;2.2307;2.2162;2.1958;2.1612,6880;6890;6885;6875;6895,C;C;C;C;C,55,no_trade,in_position,0.0,,0.0,-1,144,6825.0,P,0.29103779792785645,0.01221427321434021,True,nan,nan,,0
2026-01-21,82,363502,6870.56982421875,-0.33000001311302185,308,2.3796796798706055,2.3833577632904053,0.0036780834197998047,2.3834;2.3647;2.3601;2.3306;2.2448,6880;6875;6885;6890;6895,C;C;C;C;C,59,no_trade,in_position,0.0,,0.0,-1,142,6820.0,P,0.6883872151374817,0.08428889513015747,True,nan,nan,,0
2026-01-21,83,363503,6873.97998046875,-0.33000001311302185,307,2.2662436962127686,2.416938066482544,0.1506943702697754,2.4169;2.4013;2.3904;2.3524;2.3259,6890;6885;6880;6895;6875,C;C;C;C;C,55,no_trade,in_position,0.0,,0.0,-1,136,6805.0,P,0.46545448899269104,0.018232375383377075,True,nan,nan,,0
2026-01-21,84,363504,6874.47998046875,-0.33000001311302185,306,2.308173656463623,2.1948018074035645,-0.1133718490600586,2.1948;2.0940;2.0739;2.0638;2.0511,6850;6860;6890;6835;6885,P;P;C;P;C,58,no_trade,in_position,0.0,,0.0,-1,144,6825.0,P,0.43891891837120056,0.010893434286117554,True,nan,nan,,0
2026-01-21,85,363505,6872.75,-0.33000001311302185,305,2.3397059440612793,2.2738242149353027,-0.06588172912597656,2.2738;2.2664;2.2184;2.2081;2.1002,6880;6885;6890;6875;6895,C;C;C;C;C,52,no_trade,in_position,0.0,,0.0,-1,140,6815.0,P,0.41292518377304077,0.11438855528831482,True,nan,nan,,0
2026-01-21,86,363506,6871.4599609375,-0.33000001311302185,304,2.343803882598877,2.2853548526763916,-0.05844902992248535,2.2854;2.2568;2.1912;2.1239;2.0967,6850;6840;6860;6870;6865,P;P;P;P;P,57,no_trade,in_position,0.0,,0.0,-1,146,6830.0,P,0.6045045256614685,0.05540275573730469,True,nan,nan,,0
2026-01-21,87,363507,6872.009765625,-0.33000001311302185,303,2.3469061851501465,2.0560781955718994,-0.29082798957824707,2.0561;1.9236;1.9120;1.8817;1.8718,6850;6860;6855;6840;6880,P;P;P;P;C,57,no_trade,in_position,0.0,,0.0,-1,144,6825.0,P,0.5037433505058289,0.007464319467544556,True,nan,nan,,0
2026-01-21,88,363508,6872.7001953125,-0.33000001311302185,302,2.226177215576172,1.9219876527786255,-0.3041895627975464,1.9220;1.8884;1.8433;1.8350;1.8343,6850;6880;6875;6885;6860,P;C;C;C;P,51,no_trade,in_position,0.0,,0.0,-1,142,6820.0,P,0.3497142791748047,0.008334875106811523,True,nan,nan,,0
2026-01-21,89,363509,6870.6298828125,-0.33000001311302185,301,2.210148334503174,2.133462429046631,-0.07668590545654297,2.1335;2.1288;2.1055;2.0608;2.0502,6880;6875;6885;6870;6890,C;C;C;C;C,57,no_trade,in_position,0.0,,0.0,-1,140,6815.0,P,0.34060603380203247,0.01235496997833252,True,nan,nan,,0
2026-01-21,90,363510,6869.39013671875,-0.33000001311302185,300,2.2203052043914795,2.1744096279144287,-0.04589557647705078,2.1744;2.1685;2.1497;2.1145;2.0681,6875;6880;6870;6885;6890,C;C;C;C;C,60,no_trade,in_position,0.0,,0.0,-1,146,6830.0,P,0.5331982970237732,0.8436744213104248,True,nan,nan,,0
2026-01-21,91,363511,6870.43017578125,-0.33000001311302185,299,2.2665042877197266,2.451359272003174,0.18485498428344727,2.4514;2.3673;2.3474;2.3421;2.3270,6850;6865;6860;6855;6870,P;P;P;P;P,61,no_trade,gate,0.0,,0.0,-1,146,6830.0,P,0.4086274802684784,0.010249167680740356,True,nan,nan,,0
2026-01-21,92,363512,6868.64013671875,-0.33000001311302185,298,2.1465563774108887,2.0751805305480957,-0.07137584686279297,2.0752;2.0705;2.0405;2.0252;2.0155,6875;6880;6870;6850;6885,C;C;C;P;C,60,no_trade,gate,0.0,,0.0,-1,146,6830.0,P,0.5466665625572205,0.025523662567138672,True,nan,nan,,0
2026-01-21,93,363513,6869.31982421875,-0.33000001311302185,297,2.1338722705841064,2.00081729888916,-0.1330549716949463,2.0008;1.9581;1.9484;1.9027;1.8297,6850;6845;6840;6865;6860,P;P;P;P;P,52,no_trade,gate,0.0,,0.0,-1,136,6805.0,P,0.3856000304222107,0.007925719022750854,True,nan,nan,,0
2026-01-21,94,363514,6868.0498046875,-0.33000001311302185,296,1.9238651990890503,1.9380853176116943,0.014220118522644043,1.9381;1.7459;1.7055;1.6881;1.6876,6850;6860;6875;6840;6880,P;P;C;P;C,50,no_trade,gate,0.0,,0.0,-1,138,6810.0,P,0.5515384674072266,0.005257546901702881,True,nan,nan,,0
2026-01-21,95,363515,6866.6201171875,-0.33000001311302185,295,2.0320701599121094,2.029601573944092,-0.002468585968017578,2.0296;2.0129;1.9951;1.9815;1.9763,6850;6860;6875;6870;6880,P;P;C;C;C,54,no_trade,gate,0.0,,0.0,-1,136,6805.0,P,0.6968420743942261,0.026842176914215088,True,nan,nan,,0
2026-01-21,96,363516,6869.5400390625,-0.33000001311302185,294,2.0913336277008057,2.2233774662017822,0.13204383850097656,2.2234;2.2209;2.1921;2.1757;2.1114,6875;6880;6870;6885;6890,C;C;C;C;C,53,trade,,6875.0,C,7.5,163,130,6790.0,P,0.25584423542022705,0.045074909925460815,True,0.04564516023344112,-0.21019907518678593,TRAILING_STOP,7
2026-01-21,97,363517,6866.27978515625,-0.33000001311302185,293,2.028373956680298,1.9107296466827393,-0.1176443099975586,1.9107;1.9053;1.8730;1.8588;1.7849,6870;6875;6880;6850;6845,C;C;C;P;P,52,no_trade,in_position,0.0,,0.0,-1,144,6825.0,P,0.44744187593460083,0.01961582899093628,True,nan,nan,,0
2026-01-21,98,363518,6865.52001953125,-0.33000001311302185,292,1.8274775743484497,1.7813878059387207,-0.046089768409729004,1.7814;1.7501;1.6726;1.6310;1.6214,6840;6850;6845;6830;6855,P;P;P;P;P,42,no_trade,in_position,0.0,,0.0,-1,144,6825.0,P,0.474881649017334,0.00021502375602722168,True,nan,nan,,0
2026-01-21,99,363519,6865.330078125,-0.33000001311302185,291,1.908345103263855,1.9853458404541016,0.07700073719024658,1.9853;1.9530;1.9236;1.9009;1.8558,6850;6845;6840;6860;6855,P;P;P;P;P,50,no_trade,in_position,0.0,,0.0,-1,146,6830.0,P,0.6940908432006836,0.08365607261657715,True,nan,nan,,0
2026-01-21,100,363520,6867.14013671875,-0.33000001311302185,290,2.060068130493164,2.370838165283203,0.31077003479003906,2.3708;2.3576;2.3350;2.2855;2.2806,6860;6850;6855;6865;6845,P;P;P;P;P,56,no_trade,in_position,0.0,,0.0,-1,140,6815.0,P,0.553600013256073,0.062021076679229736,True,nan,nan,,0
2026-01-21,101,363521,6868.85009765625,-0.33000001311302185,289,1.8492974042892456,2.0384013652801514,0.18910396099090576,2.0384;1.9462;1.9441;1.9093;1.9002,6860;6845;6865;6850;6840,P;P;P;P;P,49,no_trade,in_position,0.0,,0.0,-1,140,6815.0,P,0.6018181443214417,0.0007371306419372559,True,nan,nan,,0
2026-01-21,102,363522,6871.31982421875,-0.33000001311302185,288,1.8151991367340088,2.021427631378174,0.20622849464416504,2.0214;2.0198;1.9724;1.9546;1.9105,6875;6880;6885;6870;6890,C;C;C;C;C,52,no_trade,in_position,0.0,,0.0,-1,146,6830.0,P,0.36512818932533264,0.0023544132709503174,True,nan,nan,,0
2026-01-21,103,363523,6870.0498046875,-0.33000001311302185,287,1.8637977838516235,2.3606271743774414,0.49682939052581787,2.3606;2.2682;2.2646;2.1967;2.1948,6850;6865;6845;6860;6855,P;P;P;P;P,52,no_trade,in_position,0.0,,0.0,-1,136,6805.0,P,0.1927272379398346,0.0033938735723495483,True,nan,nan,,0
2026-01-21,104,363524,6865.2001953125,-0.33000001311302185,286,1.9226305484771729,1.9810364246368408,0.05840587615966797,1.9810;1.9806;1.9688;1.8842;1.7925,6845;6850;6840;6855;6830,P;P;P;P;P,46,no_trade,in_position,0.0,,0.0,-1,136,6805.0,P,0.5370000600814819,0.002400815486907959,True,nan,nan,,0
2026-01-22,60,363870,6910.2099609375,-0.33000001311302185,330,1.752212643623352,2.2417452335357666,0.48953258991241455,2.2417;2.2356;2.2206;2.1952;2.1513,6925;6930;6920;6935;6940,C;C;C;C;C,60,trade,,6925.0,C,6.400000095367432,162,154,6905.0,C,0.6521984934806824,0.012880444526672363,True,0.041964285066541346,-0.610234208414141,TRAILING_STOP,23
2026-01-22,61,363871,6906.97998046875,-0.33000001311302185,329,1.8773744106292725,2.173633337020874,0.29625892639160156,2.1736;2.1516;2.1458;2.0971;2.0605,6925;6920;6930;6935;6915,C;C;C;C;C,53,no_trade,in_position,0.0,,0.0,-1,152,6900.0,C,0.36762765049934387,0.022473782300949097,True,nan,nan,,0
2026-01-22,62,363872,6909.81982421875,-0.33000001311302185,328,1.7659144401550293,2.265867233276367,0.4999527931213379,2.2659;2.2377;2.2341;2.1696;2.1669,6925;6930;6935;6920;6940,C;C;C;C;C,46,no_trade,in_position,0.0,,0.0,-1,154,6905.0,C,0.4434970021247864,0.005626648664474487,True,nan,nan,,0
2026-01-22,63,363873,6911.14013671875,-0.33000001311302185,327,1.6270067691802979,2.089235782623291,0.46222901344299316,2.0892;2.0609;2.0558;2.0183;1.9277,6930;6920;6925;6935;6940,C;C;C;C;C,53,no_trade,in_position,0.0,,0.0,-1,152,6900.0,C,0.4316355586051941,0.00042128562927246094,True,nan,nan,,0
2026-01-22,64,363874,6912.7001953125,-0.33000001311302185,326,1.672713279724121,2.389835834503174,0.7171225547790527,2.3898;2.3889;2.3656;2.3609;2.3152,6925;6930;6920;6935;6940,C;C;C;C;C,57,no_trade,in_position,0.0,,0.0,-1,156,6910.0,C,0.41088438034057617,0.0030296146869659424,True,nan,nan,,0
2026-01-22,65,363875,6913.31982421875,-0.33000001311302185,325,2.127903938293457,2.580683708190918,0.45277976989746094,2.5807;2.5595;2.5351;2.5154;2.4894,6930;6935;6925;6940;6920,C;C;C;C;C,56,no_trade,in_position,0.0,,0.0,-1,158,6915.0,C,0.5602632164955139,0.030667543411254883,True,nan,nan,,0
2026-01-22,66,363876,6912.89990234375,-0.33000001311302185,324,2.1645898818969727,2.485830545425415,0.3212406635284424,2.4858;2.4643;2.4334;2.3995;2.3827,6930;6925;6935;6920;6940,C;C;C;C;C,53,no_trade,in_position,0.0,,0.0,-1,152,6900.0,C,0.2333499938249588,0.00019848346710205078,True,nan,nan,,0
2026-01-22,67,363877,6911.77978515625,-0.33000001311302185,323,1.9664263725280762,2.370952844619751,0.4045264720916748,2.3710;2.3614;2.3346;2.3013;2.2672,6930;6925;6920;6935;6940,C;C;C;C;C,52,no_trade,in_position,0.0,,0.0,-1,152,6900.0,C,0.47589051723480225,0.007745027542114258,True,nan,nan,,0
2026-01-22,68,363878,6912.3701171875,-0.33000001311302185,322,1.78556227684021,1.9331384897232056,0.1475762128829956,1.9331;1.9263;1.8793;1.8492;1.8191,6930;6925;6920;6935;6900,C;C;C;C;P,45,no_trade,in_position,0.0,,0.0,-1,156,6910.0,C,0.44765952229499817,0.0008453726768493652,True,nan,nan,,0
2026-01-22,69,363879,6913.75,-0.33000001311302185,321,1.5143718719482422,2.1804723739624023,0.6661005020141602,2.1805;2.1686;2.1378;2.0944;2.0684,6925;6930;6920;6935;6915,C;C;C;C;C,50,no_trade,in_position,0.0,,0.0,-1,152,6900.0,C,0.56964111328125,0.3366597294807434,True,nan,nan,,0
2026-01-22,70,363880,6911.5498046875,-0.33000001311302185,320,2.011526584625244,2.2010483741760254,0.18952178955078125,2.2010;2.1971;2.1896;2.1044;2.0861,6925;6920;6930;6935;6915,C;C;C;C;C,49,no_trade,in_position,0.0,,0.0,-1,154,6905.0,C,0.4380120635032654,0.006635874509811401,True,nan,nan,,0
2026-01-22,71,363881,6912.56982421875,-0.33000001311302185,319,1.8085724115371704,2.454113721847534,0.6455413103103638,2.4541;2.4082;2.3898;2.3690;2.2351,6930;6925;6920;6935;6940,C;C;C;C;C,47,no_trade,in_position,0.0,,0.0,-1,152,6900.0,C,0.38017594814300537,0.004230022430419922,True,nan,nan,,0
2026-01-22,72,363882,6915.06005859375,-0.33000001311302185,318,1.8733530044555664,2.452845573425293,0.5794925689697266,2.4528;2.4331;2.4080;2.3713;2.3568,6925;6930;6935;6920;6940,C;C;C;C;C,46,no_trade,in_position,0.0,,0.0,-1,158,6915.0,C,0.5202564597129822,0.02884519100189209,True,nan,nan,,0
2026-01-22,73,363883,6915.14990234375,-0.33000001311302185,317,1.9655735492706299,2.351895332336426,0.3863217830657959,2.3519;2.3430;2.3240;2.2922;2.2316,6930;6925;6920;6935;6940,C;C;C;C;C,51,no_trade,in_position,0.0,,0.0,-1,152,6900.0,C,0.4299004077911377,0.447383850812912,True,nan,nan,,0
2026-01-22,74,363884,6915.56005859375,-0.33000001311302185,316,2.051417350769043,2.3635525703430176,0.3121352195739746,2.3636;2.3521;2.3461;2.3321;2.2353,6930;6920;6925;6935;6915,C;C;C;C;C,51,no_trade,in_position,0.0,,0.0,-1,152,6900.0,C,0.44423893094062805,0.46127891540527344,True,nan,nan,,0
2026-01-22,75,363885,6916.66015625,-0.33000001311302185,315,2.0212924480438232,2.5094122886657715,0.48811984062194824,2.5094;2.4953;2.4950;2.4758;2.4026,6930;6920;6925;6935;6940,C;C;C;C;C,49,no_trade,in_position,0.0,,0.0,-1,152,6900.0,C,0.45972275733947754,0.011707156896591187,True,nan,nan,,0
2026-01-22,76,363886,6917.25,-0.33000001311302185,314,2.02209210395813,2.4606597423553467,0.4385676383972168,2.4607;2.4396;2.4191;2.4012;2.3330,6930;6925;6935;6920;6940,C;C;C;C;C,51,no_trade,in_position,0.0,,0.0,-1,152,6900.0,C,0.3945752680301666,0.40730974078178406,True,nan,nan,,0
2026-01-22,77,363887,6918.02001953125,-0.33000001311302185,313,2.181978940963745,2.3246896266937256,0.14271068572998047,2.3247;2.2958;2.2834;2.2599;2.2255,6930;6925;6935;6920;6940,C;C;C;C;C,50,no_trade,in_position,0.0,,0.0,-1,152,6900.0,C,0.4595625698566437,0.4789262115955353,True,nan,nan,,0
2026-01-22,78,363888,6916.5,-0.33000001311302185,312,2.479135513305664,2.4227073192596436,-0.05642819404602051,2.4227;2.4226;2.3987;2.3544;2.2586,6925;6920;6930;6935;6940,C;C;C;C;C,47,no_trade,in_position,0.0,,0.0,-1,158,6915.0,C,-0.017750000581145287,0.005153223872184753,True,nan,nan,,0
2026-01-22,79,363889,6915.64990234375,-0.33000001311302185,311,2.1470961570739746,2.611757755279541,0.4646615982055664,2.6118;2.5953;2.5740;2.5371;2.4633,6925;6920;6930;6935;6915,C;C;C;C;C,49,no_trade,in_position,0.0,,0.0,-1,158,6915.0,C,0.23081080615520477,0.005869626998901367,True,nan,nan,,0
2026-01-22,80,363890,6913.6201171875,-0.33000001311302185,310,2.185847043991089,2.6214675903320312,0.4356205463409424,2.6215;2.6123;2.5934;2.5520;2.5055,6925;6920;6930;6935;6915,C;C;C;C;C,53,no_trade,in_position,0.0,,0.0,-1,160,6920.0,C,0.49250006675720215,0.002500087022781372,True,nan,nan,,0
2026-01-22,81,363891,6913.7998046875,-0.33000001311302185,309,2.36617374420166,2.2211432456970215,-0.14503049850463867,2.2211;2.2199;2.1858;2.1365;2.1329,6920;6925;6930;6935;6900,C;C;C;C;P,47,no_trade,in_position,0.0,,0.0,-1,158,6915.0,C,0.4293043911457062,0.050647586584091187,True,nan,nan,,0
2026-01-22,82,363892,6914.85986328125,-0.33000001311302185,308,2.0391621589660645,2.07589054107666,0.0367283821105957,2.0759;2.0574;2.0398;1.9997;1.9723,6925;6930;6935;6920;6915,C;C;C;C;C,46,no_trade,in_position,0.0,,0.0,-1,158,6915.0,C,0.23045872151851654,0.0061213672161102295,True,nan,nan,,0
2026-01-22,83,363893,6913.85009765625,-0.33000001311302185,307,1.862070083618164,2.083932638168335,0.2218625545501709,2.0839;2.0613;2.0403;2.0121;2.0071,6920;6930;6915;6925;6935,C;C;C;C;C,44,no_trade,in_position,0.0,,0.0,-1,158,6915.0,C,0.5898522138595581,0.0006313323974609375,True,nan,nan,,0
2026-01-22,84,363894,6912.31005859375,-0.33000001311302185,306,2.1032352447509766,1.8678027391433716,-0.23543250560760498,1.8678;1.8452;1.8187;1.7945;1.7910,6920;6925;6915;6930;6900,C;C;C;C;P,44,no_trade,in_position,0.0,,0.0,-1,162,6925.0,C,0.48874998092651367,0.0023214221000671387,True,nan,nan,,0
2026-01-22,85,363895,6911.7998046875,-0.33000001311302185,305,1.8483240604400635,1.907755970954895,0.05943191051483154,1.9078;1.8999;1.8620;1.8609;1.8542,6925;6920;6930;6900;6915,C;C;C;P;C,47,trade,,6925.0,C,5.599999904632568,162,158,6915.0,C,0.5057460069656372,0.04378172755241394,True,0.041964285066541346,-0.46378172189909583,TRAILING_STOP,11
2026-01-22,86,363896,6912.009765625,-0.33000001311302185,304,1.9594712257385254,1.7618930339813232,-0.19757819175720215,1.7619;1.7489;1.7415;1.7153;1.7003,6900;6920;6925;6930;6890,P;C;C;C;P,44,no_trade,in_position,0.0,,0.0,-1,166,6935.0,C,0.5137036442756653,0.014461278915405273,True,nan,nan,,0
2026-01-22,87,363897,6911.669921875,-0.33000001311302185,303,1.8227790594100952,2.0485787391662598,0.22579967975616455,2.0486;2.0323;2.0049;1.9883;1.9868,6925;6920;6915;6935;6930,C;C;C;C;C,47,no_trade,in_position,0.0,,0.0,-1,160,6920.0,C,0.49148645997047424,0.013221144676208496,True,nan,nan,,0
2026-01-22,88,363898,6911.89990234375,-0.33000001311302185,302,1.6087970733642578,1.7865324020385742,0.1777353286743164,1.7865;1.7356;1.7201;1.7194;1.7139,6900;6910;6890;6895;6920,P;P;P;P;C,50,no_trade,in_position,0.0,,0.0,-1,168,6940.0,C,0.6637499928474426,0.03964686393737793,True,nan,nan,,0
2026-01-22,89,363899,6910.10009765625,-0.33000001311302185,301,1.7540258169174194,1.922968864440918,0.16894304752349854,1.9230;1.9161;1.8825;1.8329;1.7490,6920;6915;6925;6930;6910,C;C;C;C;C,44,no_trade,in_position,0.0,,0.0,-1,158,6915.0,C,0.21916665136814117,0.01591363549232483,True,nan,nan,,0
2026-01-22,90,363900,6914.1298828125,-0.33000001311302185,300,1.971099853515625,2.496786594390869,0.5256867408752441,2.4968;2.4875;2.4799;2.4652;2.4386,6920;6925;6930;6915;6935,C;C;C;C;C,48,no_trade,in_position,0.0,,0.0,-1,158,6915.0,C,0.6313265562057495,0.41011035442352295,True,nan,nan,,0
2026-01-22,91,363901,6913.3798828125,-0.33000001311302185,299,2.074740171432495,2.162970781326294,0.08823060989379883,2.1630;2.1394;2.1175;2.0689;2.0662,6920;6925;6930;6935;6915,C;C;C;C;C,40,no_trade,in_position,0.0,,0.0,-1,158,6915.0,C,0.3929808437824249,0.03077748417854309,True,nan,nan,,0
2026-01-22,92,363902,6913.10009765625,-0.33000001311302185,298,1.947005271911621,2.113513469696045,0.16650819778442383,2.1135;2.0901;2.0827;2.0374;1.9863,6920;6915;6925;6930;6935,C;C;C;C;C,47,no_trade,in_position,0.0,,0.0,-1,164,6930.0,C,0.4774271547794342,0.004052162170410156,True,nan,nan,,0
2026-01-22,93,363903,6913.97021484375,-0.33000001311302185,297,1.9667404890060425,2.150475263595581,0.18373477458953857,2.1505;2.1184;2.1166;2.1014;1.8928,6930;6925;6935;6920;6915,C;C;C;C;C,40,no_trade,in_position,0.0,,0.0,-1,158,6915.0,C,0.43994438648223877,0.019823938608169556,True,nan,nan,,0
2026-01-22,94,363904,6915.39990234375,-0.33000001311302185,296,1.7616281509399414,2.294478178024292,0.5328500270843506,2.2945;2.2888;2.2809;2.2539;2.2486,6925;6930;6920;6935;6915,C;C;C;C;C,48,no_trade,in_position,0.0,,0.0,-1,158,6915.0,C,0.4653211534023285,0.008535325527191162,True,nan,nan,,0
2026-01-22,95,363905,6915.39013671875,-0.33000001311302185,295,1.9885632991790771,2.216151237487793,0.22758793830871582,2.2162;2.2084;2.2070;2.1569;2.0975,6930;6920;6925;6935;6915,C;C;C;C;C,46,no_trade,in_position,0.0,,0.0,-1,168,6940.0,C,0.3204347491264343,0.019063800573349,True,nan,nan,,0
2026-01-22,96,363906,6918.02001953125,-0.33000001311302185,294,1.7670881748199463,2.433253049850464,0.6661648750305176,2.4333;2.4244;2.4179;2.3933;2.3468,6925;6920;6930;6935;6915,C;C;C;C;C,56,no_trade,in_position,0.0,,0.0,-1,158,6915.0,C,0.22963303327560425,0.005295678973197937,True,nan,nan,,0
2026-01-22,97,363907,6914.81005859375,-0.33000001311302185,293,2.1248691082000732,2.2852120399475098,0.16034293174743652,2.2852;2.2747;2.2510;2.2117;2.1148,6925;6920;6930;6935;6915,C;C;C;C;C,48,no_trade,in_position,0.0,,0.0,-1,158,6915.0,C,0.3792307376861572,0.004286825656890869,True,nan,nan,,0
2026-01-22,98,363908,6916.97998046875,-0.33000001311302185,292,2.074375629425049,2.2039365768432617,0.1295609474182129,2.2039;2.1965;2.1715;2.1521;2.0621,6930;6920;6925;6935;6940,C;C;C;C;C,43,trade,,6930.0,C,4.699999809265137,164,158,6915.0,C,-0.017899159342050552,0.00576750747859478,True,0.03562500176330405,0.0535241611053546,TRAILING_STOP,8
2026-01-22,99,363909,6917.06005859375,-0.33000001311302185,291,1.7394676208496094,2.0092556476593018,0.2697880268096924,2.0093;1.8992;1.8983;1.8714;1.8588,6900;6925;6930;6910;6895,P;C;C;P;P,43,no_trade,in_position,0.0,,0.0,-1,158,6915.0,C,-0.017899159342050552,0.005507433786988258,True,nan,nan,,0
2026-01-22,100,363910,6917.3701171875,-0.33000001311302185,290,1.5510125160217285,1.9432661533355713,0.3922536373138428,1.9433;1.9411;1.9334;1.9212;1.8724,6920;6930;6925;6935;6915,C;C;C;C;C,47,no_trade,in_position,0.0,,0.0,-1,166,6935.0,C,0.32081082463264465,0.33758246898651123,True,nan,nan,,0
2026-01-22,101,363911,6918.740234375,-0.33000001311302185,289,1.7602715492248535,2.14274263381958,0.38247108459472656,2.1427;2.1322;2.1234;2.1056;2.0385,6930;6925;6935;6920;6940,C;C;C;C;C,47,no_trade,in_position,0.0,,0.0,-1,164,6930.0,C,0.4383333623409271,0.008760899305343628,True,nan,nan,,0
2026-01-22,102,363912,6919.5400390625,-0.33000001311302185,288,2.1201274394989014,2.4044108390808105,0.2842833995819092,2.4044;2.3778;2.3753;2.3474;2.3164,6930;6935;6925;6920;6940,C;C;C;C;C,49,no_trade,in_position,0.0,,0.0,-1,158,6915.0,C,0.4518437087535858,0.0011706054210662842,True,nan,nan,,0
2026-01-22,103,363913,6919.3798828125,-0.33000001311302185,287,2.3051083087921143,2.202054023742676,-0.10305428504943848,2.2021;2.2013;2.1476;2.1275;2.0650,6935;6930;6940;6925;6920,C;C;C;C;C,43,no_trade,in_position,0.0,,0.0,-1,160,6920.0,C,0.4516036808490753,0.018552511930465698,True,nan,nan,,0
2026-01-22,104,363914,6920.52001953125,-0.33000001311302185,286,2.1981937885284424,2.3875861167907715,0.1893923282623291,2.3876;2.3737;2.3580;2.3128;2.3041,6930;6925;6935;6920;6940,C;C;C;C;C,43,no_trade,in_position,0.0,,0.0,-1,158,6915.0,C,0.3837944567203522,0.019707441329956055,True,nan,nan,,0
2026-01-23,60,364260,6918.7099609375,-0.33000001311302185,330,2.2125775814056396,2.341024398803711,0.1284468173980713,2.3410;2.3341;2.3098;2.2885;2.2253,6930;6925;6920;6935;6940,C;C;C;C;C,53,trade,,6930.0,C,4.900000095367432,174,166,6910.0,C,0.515592098236084,0.03468292951583862,True,-0.04346938690906862,-0.5590614851451526,TRAILING_STOP,14
2026-01-23,61,364261,6918.4599609375,-0.33000001311302185,329,2.468886137008667,2.2709097862243652,-0.19797635078430176,2.2709;2.2517;2.2299;2.2168;2.1367,6930;6925;6920;6935;6940,C;C;C;C;C,45,no_trade,in_position,0.0,,0.0,-1,178,6940.0,C,0.6120772957801819,0.014751732349395752,True,nan,nan,,0
2026-01-23,62,364262,6917.080078125,-0.33000001311302185,328,2.492863416671753,2.1330041885375977,-0.3598592281341553,2.1330;2.1113;2.0867;2.0603;1.9911,6925;6930;6920;6935;6940,C;C;C;C;C,43,no_trade,in_position,0.0,,0.0,-1,166,6910.0,C,0.5071730017662048,0.01458469033241272,True,nan,nan,,0
2026-01-23,63,364263,6917.35009765625,-0.33000001311302185,327,2.2301316261291504,2.186039924621582,-0.04409170150756836,2.1860;2.1762;2.1356;2.1082;2.0649,6930;6925;6935;6920;6940,C;C;C;C;C,46,no_trade,in_position,0.0,,0.0,-1,168,6915.0,C,0.3718852996826172,0.009498178958892822,True,nan,nan,,0
2026-01-23,64,364264,6918.93017578125,-0.33000001311302185,326,2.2361350059509277,2.2353124618530273,-0.0008225440979003906,2.2353;2.2302;2.2078;2.1889;2.1142,6925;6930;6920;6935;6940,C;C;C;C;C,46,no_trade,in_position,0.0,,0.0,-1,166,6910.0,C,0.48625805974006653,0.015770286321640015,True,nan,nan,,0
2026-01-23,65,364265,6919.56005859375,-0.33000001311302185,325,2.3491764068603516,2.2644150257110596,-0.08476138114929199,2.2644;2.2588;2.2488;2.2188;2.1405,6925;6930;6920;6935;6940,C;C;C;C;C,47,no_trade,in_position,0.0,,0.0,-1,170,6920.0,C,0.49350520968437195,0.04058852791786194,True,nan,nan,,0
2026-01-23,66,364266,6919.669921875,-0.33000001311302185,324,2.4698469638824463,2.0121076107025146,-0.45773935317993164,2.0121;1.9977;1.9816;1.9381;1.8944,6930;6925;6935;6920;6940,C;C;C;C;C,42,no_trade,in_position,0.0,,0.0,-1,168,6915.0,C,0.4115440249443054,0.02079552412033081,True,nan,nan,,0
2026-01-23,67,364267,6921.0498046875,-0.33000001311302185,323,2.413928747177124,2.266538619995117,-0.14739012718200684,2.2665;2.2553;2.2524;2.2107;2.1501,6925;6930;6920;6935;6940,C;C;C;C;C,50,no_trade,in_position,0.0,,0.0,-1,178,6940.0,C,0.5748000144958496,0.012431621551513672,True,nan,nan,,0
2026-01-23,68,364268,6920.16015625,-0.33000001311302185,322,2.364187479019165,2.3930954933166504,0.02890801429748535,2.3931;2.3639;2.3581;2.3249;2.2628,6930;6935;6925;6940;6920,C;C;C;C;C,46,no_trade,in_position,0.0,,0.0,-1,170,6920.0,C,0.4233018159866333,0.004542618989944458,True,nan,nan,,0
2026-01-23,69,364269,6921.35986328125,-0.33000001311302185,321,2.5087592601776123,2.3759422302246094,-0.13281702995300293,2.3759;2.3473;2.3393;2.3156;2.2231,6930;6935;6925;6940;6945,C;C;C;C;C,43,no_trade,in_position,0.0,,0.0,-1,174,6930.0,C,0.5716667175292969,0.029588818550109863,True,nan,nan,,0
2026-01-23,70,364270,6920.43017578125,-0.33000001311302185,320,2.298856019973755,1.9076018333435059,-0.391254186630249,1.9076;1.8970;1.8737;1.8588;1.8484,6925;6930;6935;6900;6895,C;C;C;P;P,46,no_trade,in_position,0.0,,0.0,-1,170,6920.0,C,0.47951921820640564,0.0071815550327301025,True,nan,nan,,0
2026-01-23,71,364271,6921.14013671875,-0.33000001311302185,319,2.5871784687042236,2.1523351669311523,-0.4348433017730713,2.1523;2.1336;2.1210;2.0779;2.0633,6900;6895;6910;6925;6930,P;P;P;C;C,47,no_trade,in_position,0.0,,0.0,-1,176,6935.0,C,0.5450000166893005,0.02153480052947998,True,nan,nan,,0
2026-01-23,72,364272,6920.56982421875,-0.33000001311302185,318,2.36275315284729,2.110656261444092,-0.25209689140319824,2.1107;2.0803;2.0744;2.0270;1.9556,6925;6930;6920;6935;6940,C;C;C;C;C,46,no_trade,in_position,0.0,,0.0,-1,178,6940.0,C,0.5154166221618652,0.03650572896003723,True,nan,nan,,0
2026-01-23,73,364273,6920.5400390625,-0.33000001311302185,317,2.4926559925079346,2.070277690887451,-0.4223783016204834,2.0703;2.0568;2.0508;1.9649;1.8971,6925;6920;6930;6935;6940,C;C;C;C;C,43,no_trade,in_position,0.0,,0.0,-1,168,6915.0,C,0.5783332586288452,0.0010918974876403809,True,nan,nan,,0
2026-01-23,74,364274,6920.240234375,-0.33000001311302185,316,2.512209177017212,2.1217410564422607,-0.39046812057495117,2.1217;2.0960;2.0863;2.0098;2.0082,6900;6910;6905;6895;6920,P;P;P;P;P,46,no_trade,in_position,0.0,,0.0,-1,170,6920.0,C,0.5456176400184631,0.0015791654586791992,True,nan,nan,,0
2026-01-23,75,364275,6919.509765625,-0.33000001311302185,315,2.496899127960205,2.1255247592926025,-0.37137436866760254,2.1255;2.1158;2.0763;2.0011;1.9702,6925;6920;6930;6935;6905,C;C;C;C;P,46,no_trade,in_position,0.0,,0.0,-1,168,6915.0,C,0.3929545283317566,0.004535406827926636,True,nan,nan,,0
2026-01-23,76,364276,6920.75,-0.33000001311302185,314,2.5299036502838135,2.3094422817230225,-0.22046136856079102,2.3094;2.2917;2.2603;2.2023;2.1896,6930;6925;6935;6940;6920,C;C;C;C;C,46,no_trade,gate,0.0,,0.0,-1,166,6910.0,C,0.3774006962776184,0.026573121547698975,True,nan,nan,,0
2026-01-23,77,364277,6922.89990234375,-0.33000001311302185,313,2.380960702896118,2.3653056621551514,-0.015655040740966797,2.3653;2.3521;2.3197;2.2674;2.2573,6930;6925;6935;6940;6920,C;C;C;C;C,47,no_trade,gate,0.0,,0.0,-1,170,6920.0,C,0.33055993914604187,0.010875731706619263,True,nan,nan,,0
2026-01-23,78,364278,6925.240234375,-0.33000001311302185,312,2.358154773712158,2.5132036209106445,0.15504884719848633,2.5132;2.5087;2.4756;2.4232;2.4197,6925;6930;6935;6920;6940,C;C;C;C;C,52,trade,,6925.0,C,9.5,172,176,6935.0,C,0.34058821201324463,0.013529390096664429,True,0.058910891885629466,-0.28167732012761515,TRAILING_STOP,16
2026-01-23,79,364279,6926.97021484375,-0.33000001311302185,311,2.4697508811950684,2.155552625656128,-0.31419825553894043,2.1556;2.1198;2.1168;2.1121;2.1035,6910;6920;6900;6915;6905,P;P;P;P;P,48,no_trade,in_position,0.0,,0.0,-1,180,6945.0,C,0.7563157677650452,0.04671579599380493,True,nan,nan,,0
2026-01-23,80,364280,6924.72998046875,-0.33000001311302185,310,2.3675665855407715,2.2828381061553955,-0.08472847938537598,2.2828;2.2791;2.2356;2.1940;2.1600,6925;6930;6935;6920;6940,C;C;C;C;C,47,no_trade,in_position,0.0,,0.0,-1,174,6930.0,C,0.3682927191257477,0.01290804147720337,True,nan,nan,,0
2026-01-23,81,364281,6926.02001953125,-0.33000001311302185,309,2.3063619136810303,2.3593380451202393,0.052976131439208984,2.3593;2.3228;2.3216;2.2715;2.1839,6930;6925;6935;6940;6945,C;C;C;C;C,46,no_trade,in_position,0.0,,0.0,-1,176,6935.0,C,0.34365394711494446,0.010175734758377075,True,nan,nan,,0
2026-01-23,82,364282,6927.22021484375,-0.33000001311302185,308,2.109638214111328,2.0918240547180176,-0.017814159393310547,2.0918;2.0694;2.0243;2.0021;1.9222,6930;6935;6925;6940;6945,C;C;C;C;C,42,no_trade,in_position,0.0,,0.0,-1,182,6950.0,C,0.5255171656608582,0.00869905948638916,True,nan,nan,,0
2026-01-23,83,364283,6927.080078125,-0.33000001311302185,307,2.116264820098877,1.9602491855621338,-0.15601563453674316,1.9602;1.9418;1.9129;1.8927;1.8729,6905;6930;6935;6900;6910,P;C;C;P;P,42,no_trade,in_position,0.0,,0.0,-1,184,6955.0,C,0.3810526430606842,0.02355256676673889,True,nan,nan,,0
2026-01-23,84,364284,6927.3701171875,-0.33000001311302185,306,2.084782123565674,2.2156050205230713,0.13082289695739746,2.2156;2.1764;2.1535;2.1206;2.0329,6930;6935;6925;6940;6945,C;C;C;C;C,42,no_trade,in_position,0.0,,0.0,-1,175,6930.0,P,0.564373791217804,0.013452708721160889,True,nan,nan,,0
2026-01-23,85,364285,6928.330078125,-0.33000001311302185,305,2.1050429344177246,2.137723922729492,0.03268098831176758,2.1377;2.1190;2.0617;2.0468;1.9793,6930;6935;6940;6925;6945,C;C;C;C;C,44,no_trade,in_position,0.0,,0.0,-1,175,6930.0,P,0.5234920382499695,0.02093881368637085,True,nan,nan,,0
2026-01-23,86,364286,6929.4501953125,-0.33000001311302185,304,2.3673784732818604,2.271775722503662,-0.09560275077819824,2.2718;2.2526;2.1963;2.1778;2.1121,6930;6935;6940;6925;6945,C;C;C;C;C,46,no_trade,in_position,0.0,,0.0,-1,173,6925.0,P,0.4484252333641052,0.003828376531600952,True,nan,nan,,0
2026-01-23,87,364287,6928.740234375,-0.33000001311302185,303,2.4142191410064697,2.198639154434204,-0.21557998657226562,2.1986;2.1868;2.1441;2.1330;2.0273,6930;6935;6940;6925;6945,C;C;C;C;C,47,no_trade,in_position,0.0,,0.0,-1,184,6955.0,C,0.49157893657684326,0.0067789554595947266,True,nan,nan,,0
2026-01-23,88,364288,6928.22998046875,-0.33000001311302185,302,2.3752057552337646,2.059776544570923,-0.3154292106628418,2.0598;2.0293;1.9901;1.9718;1.9270,6930;6935;6925;6940;6920,C;C;C;C;P,47,no_trade,in_position,0.0,,0.0,-1,175,6930.0,P,0.49357134103775024,0.021233677864074707,True,nan,nan,,0
2026-01-23,89,364289,6928.66015625,-0.33000001311302185,301,2.2893621921539307,2.0746893882751465,-0.21467280387878418,2.0747;2.0001;1.9375;1.9336;1.9073,6920;6915;6905;6910;6925,P;P;P;P;P,45,no_trade,in_position,0.0,,0.0,-1,177,6935.0,P,0.5426446199417114,0.027321994304656982,True,nan,nan,,0
2026-01-23,90,364290,6929.02978515625,-0.33000001311302185,300,2.225843667984009,2.0634067058563232,-0.16243696212768555,2.0634;2.0008;1.9957;1.9926;1.9722,6915;6910;6930;6920;6925,P;P;C;P;P,47,no_trade,in_position,0.0,,0.0,-1,179,6940.0,P,0.6569343209266663,0.0131608247756958,True,nan,nan,,0
2026-01-23,91,364291,6930.81982421875,-0.33000001311302185,299,2.304835319519043,2.0750343799591064,-0.22980093955993652,2.0750;2.0480;2.0094;1.9858;1.9563,6930;6935;6925;6940;6920,C;C;C;C;P,51,no_trade,in_position,0.0,,0.0,-1,177,6935.0,P,0.5257009267807007,0.006415188312530518,True,nan,nan,,0
2026-01-23,92,364292,6931.22998046875,-0.33000001311302185,298,2.284456968307495,2.306093215942383,0.021636247634887695,2.3061;2.2971;2.2486;2.1613;2.1066,6930;6935;6940;6945;6925,C;C;C;C;C,51,no_trade,in_position,0.0,,0.0,-1,175,6930.0,P,0.5880768299102783,0.013154923915863037,True,nan,nan,,0
2026-01-23,93,364293,6932.77001953125,-0.33000001311302185,297,2.3618857860565186,2.148153066635132,-0.21373271942138672,2.1482;2.1224;2.1172;2.0567;1.9680,6935;6940;6930;6945;6950,C;C;C;C;C,51,no_trade,in_position,0.0,,0.0,-1,165,6905.0,P,0.4078066051006317,0.00395473837852478,True,nan,nan,,0
2026-01-23,94,364294,6931.7099609375,-0.33000001311302185,296,2.359614133834839,2.0532071590423584,-0.30640697479248047,2.0532;2.0501;2.0495;2.0351;2.0324,6915;6930;6920;6930;6935,P;P;P;C;C,49,no_trade,in_position,0.0,,0.0,-1,163,6900.0,P,0.33142855763435364,0.02809518575668335,True,nan,nan,,0
2026-01-23,95,364295,6928.43994140625,-0.33000001311302185,295,2.2858211994171143,2.278769016265869,-0.007052183151245117,2.2788;2.2383;2.2339;2.1497;2.0190,6930;6935;6925;6940;6945,C;C;C;C;C,47,no_trade,in_position,0.0,,0.0,-1,177,6935.0,P,0.456693559885025,0.003485441207885742,True,nan,nan,,0
2026-01-23,96,364296,6927.7001953125,-0.33000001311302185,294,2.402251958847046,2.4601011276245117,0.05784916877746582,2.4601;2.4327;2.4165;2.3484;2.2723,6930;6925;6935;6940;6945,C;C;C;C;C,56,trade,,6930.0,C,7.550000190734863,174,167,6910.0,P,0.3748781085014343,0.008335977792739868,True,0.0482089543188567,-0.32666915418257764,TRAILING_STOP,9
2026-01-23,97,364297,6926.2001953125,-0.33000001311302185,293,2.453451633453369,2.5528266429901123,0.09937500953674316,2.5528;2.5233;2.4701;2.4572;2.3729,6925;6930;6935;6920;6940,C;C;C;C;C,52,no_trade,in_position,0.0,,0.0,-1,167,6910.0,P,0.6045945286750793,0.3735627830028534,True,nan,nan,,0
2026-01-23,98,364298,6927.22998046875,-0.33000001311302185,292,2.2287662029266357,2.4261527061462402,0.1973865032196045,2.4262;2.3913;2.3834;2.3315;2.2368,6930;6935;6925;6940;6945,C;C;C;C;C,49,no_trade,in_position,0.0,,0.0,-1,173,6925.0,P,0.667205810546875,0.003910481929779053,True,nan,nan,,0
2026-01-23,99,364299,6929.0,-0.33000001311302185,291,2.1345901489257812,2.1825482845306396,0.0479581356048584,2.1825;2.1671;2.1433;2.1227;2.1194,6930;6935;6925;6940;6920,C;C;P;C;P,49,no_trade,in_position,0.0,,0.0,-1,179,6940.0,P,0.6098987460136414,0.0734371542930603,True,nan,nan,,0
2026-01-23,100,364300,6929.6298828125,-0.33000001311302185,290,2.1789839267730713,2.2704358100891113,0.09145188331604004,2.2704;2.1946;2.1501;2.1267;2.0309,6925;6920;6915;6910;6930,P;P;P;P;C,49,no_trade,in_position,0.0,,0.0,-1,177,6935.0,P,0.5074766278266907,0.0037332773208618164,True,nan,nan,,0
2026-01-23,101,364301,6929.66015625,-0.33000001311302185,289,2.399930953979492,2.151724100112915,-0.24820685386657715,2.1517;2.0085;1.9900;1.9674;1.9362,6920;6925;6915;6930;6935,P;P;P;C;C,45,no_trade,in_position,0.0,,0.0,-1,165,6905.0,P,0.37177708745002747,0.009059667587280273,True,nan,nan,,0
2026-01-23,102,364302,6928.06005859375,-0.33000001311302185,288,2.2638895511627197,2.230149984359741,-0.033739566802978516,2.2301;2.1254;2.1207;2.0806;1.9990,6920;6925;6915;6910;6930,P;P;P;P;P,46,no_trade,in_position,0.0,,0.0,-1,175,6930.0,P,0.46096768975257874,0.005412250757217407,True,nan,nan,,0
2026-01-23,103,364303,6928.39013671875,-0.33000001311302185,287,2.4485855102539062,2.0430920124053955,-0.40549349784851074,2.0431;2.0063;1.9820;1.9343;1.8419,6930;6935;6925;6940;6945,C;C;C;C;C,43,no_trade,in_position,0.0,,0.0,-1,163,6900.0,P,0.5486957430839539,0.009407579898834229,True,nan,nan,,0
2026-01-23,104,364304,6929.14013671875,-0.33000001311302185,286,2.291459321975708,1.8086575269699097,-0.48280179500579834,1.8087;1.7773;1.7105;1.6647;1.6603,6930;6935;6940;6920;6925,C;C;C;P;C,43,no_trade,in_position,0.0,,0.0,-1,177,6935.0,P,0.50870680809021,0.02016139030456543,True,nan,nan,,0
2026-01-26,60,364650,6950.06982421875,-0.33000001311302185,330,2.568164825439453,2.6776773929595947,0.1095125675201416,2.6777;2.6609;2.6592;2.6155;2.5377,6955;6960;6950;6965;6970,C;C;C;C;C,55,trade,,6955.0,C,5.900000095367432,195,195,6955.0,C,0.2105555534362793,0.23046210408210754,True,0.04055555625216964,-0.16999999718410966,TRAILING_STOP,9
2026-01-26,61,364651,6948.52001953125,-0.33000001311302185,329,2.570216417312622,2.2280843257904053,-0.3421320915222168,2.2281;2.2205;2.1693;2.0724;2.0332,6950;6955;6960;6965;6940,C;C;C;C;P,48,no_trade,in_position,0.0,,0.0,-1,191,6945.0,C,0.2856910228729248,0.023383349180221558,True,nan,nan,,0
2026-01-26,62,364652,6950.89013671875,-0.33000001311302185,328,2.603989362716675,2.7233188152313232,0.11932945251464844,2.7233;2.7230;2.6799;2.6128;2.5156,6950;6955;6960;6965;6970,C;C;C;C;C,50,no_trade,in_position,0.0,,0.0,-1,191,6945.0,C,0.04437877610325813,0.057902585715055466,True,nan,nan,,0
2026-01-26,63,364653,6952.7099609375,-0.33000001311302185,327,2.4870803356170654,2.383138418197632,-0.1039419174194336,2.3831;2.3819;2.3346;2.2578;2.1342,6950;6955;6960;6965;6970,C;C;C;C;C,48,no_trade,in_position,0.0,,0.0,-1,198,6960.0,P,-0.016640624031424522,0.0045534055680036545,True,nan,nan,,0
2026-01-26,64,364654,6952.47021484375,-0.33000001311302185,326,2.601686716079712,2.4785056114196777,-0.12318110466003418,2.4785;2.4629;2.4375;2.3659;2.2629,6955;6950;6960;6965;6970,C;C;C;C;C,51,no_trade,in_position,0.0,,0.0,-1,198,6960.0,P,-0.01651162840425968,0.004577480256557465,True,nan,nan,,0
2026-01-26,65,364655,6952.080078125,-0.33000001311302185,325,2.327934503555298,2.2099430561065674,-0.11799144744873047,2.2099;2.1942;2.1760;2.1051;1.9812,6955;6950;6960;6965;6970,C;C;C;C;C,48,no_trade,in_position,0.0,,0.0,-1,200,6965.0,P,-0.013831169344484806,0.0039188312366604805,True,nan,nan,,0
2026-01-26,66,364656,6953.39990234375,-0.33000001311302185,324,2.431269645690918,2.2330684661865234,-0.19820117950439453,2.2331;2.2205;2.1716;2.0946;1.9677,6955;6950;6960;6965;6970,C;C;C;C;C,46,no_trade,in_position,0.0,,0.0,-1,202,6970.0,P,-0.012673575431108475,0.0011575939133763313,True,nan,nan,,0
2026-01-26,67,364657,6952.25,-0.33000001311302185,323,2.383958578109741,2.046333074569702,-0.33762550354003906,2.0463;2.0422;1.9929;1.9898;1.9826,6950;6955;6945;6960;6930,C;C;P;C;P,42,no_trade,in_position,0.0,,0.0,-1,198,6960.0,P,-0.017603306099772453,0.005056269466876984,True,nan,nan,,0
2026-01-26,68,364658,6952.25,-0.33000001311302185,322,2.316206216812134,2.4199037551879883,0.10369753837585449,2.4199;2.4065;2.3641;2.2915;2.2483,6950;6955;6960;6965;6945,C;C;C;C;C,51,no_trade,in_position,0.0,,0.0,-1,196,6955.0,P,-0.020679611712694168,0.003524933010339737,True,nan,nan,,0
2026-01-26,69,364659,6951.02978515625,-0.33000001311302185,321,2.358083486557007,2.3014001846313477,-0.05668330192565918,2.3014;2.2587;2.1872;2.1481;2.0881,6950;6955;6960;6945;6965,C;C;C;C;C,49,no_trade,in_position,0.0,,0.0,-1,195,6955.0,C,0.211272731423378,0.011494949460029602,True,nan,nan,,0
2026-01-26,70,364660,6949.740234375,-0.33000001311302185,320,2.508305788040161,2.554326057434082,0.0460202693939209,2.5543;2.5525;2.4875;2.4047;2.2985,6945;6950;6955;6960;6965,C;C;C;C;C,50,no_trade,in_position,0.0,,0.0,-1,195,6955.0,C,0.4883333146572113,0.0056060850620269775,True,nan,nan,,0
2026-01-26,71,364661,6948.89990234375,-0.33000001311302185,319,2.4042508602142334,2.1808457374572754,-0.223405122756958,2.1808;2.1442;2.1269;2.1082;2.0819,6945;6950;6950;6940;6955,P;C;P;P;C,50,no_trade,gate,0.0,,0.0,-1,201,6970.0,C,0.47076931595802307,0.010213762521743774,True,nan,nan,,0
2026-01-26,72,364662,6949.18017578125,-0.33000001311302185,318,2.3738772869110107,2.3531765937805176,-0.020700693130493164,2.3532;2.3152;2.2340;2.1430;2.0789,6950;6955;6960;6965;6940,C;C;C;C;P,49,no_trade,gate,0.0,,0.0,-1,199,6965.0,C,0.7227027416229248,0.0067705512046813965,True,nan,nan,,0
2026-01-26,73,364663,6946.4599609375,-0.33000001311302185,317,2.2089192867279053,2.289564609527588,0.08064532279968262,2.2896;2.2228;2.1375;2.0851;2.0297,6945;6950;6955;6940;6960,C;C;C;C;C,51,trade,,6945.0,C,9.550000190734863,191,193,6950.0,C,0.479555606842041,0.0006666481494903564,True,0.4654205730423904,-0.014135033799650643,TAKE_PROFIT,8
2026-01-26,74,364664,6946.10986328125,-0.33000001311302185,316,2.167584180831909,2.4958972930908203,0.32831311225891113,2.4959;2.4563;2.4532;2.3860;2.2730,6950;6955;6945;6960;6965,C;C;C;C;C,48,no_trade,in_position,0.0,,0.0,-1,191,6945.0,C,0.2484211027622223,0.05420425534248352,True,nan,nan,,0
2026-01-26,75,364665,6949.56982421875,-0.33000001311302185,315,2.1018497943878174,2.4098942279815674,0.30804443359375,2.4099;2.3810;2.3160;2.2832;2.2150,6950;6955;6960;6945;6965,C;C;C;C;C,47,no_trade,in_position,0.0,,0.0,-1,191,6945.0,C,0.29669225215911865,0.022004783153533936,True,nan,nan,,0
2026-01-26,76,364666,6952.33984375,-0.33000001311302185,314,2.2686855792999268,2.654749631881714,0.3860640525817871,2.6547;2.6160;2.6086;2.5407;2.4266,6955;6960;6950;6965;6970,C;C;C;C;C,43,no_trade,in_position,0.0,,0.0,-1,202,6970.0,P,-0.012688559480011463,0.0013615721836686134,True,nan,nan,,0
2026-01-26,77,364667,6952.9599609375,-0.33000001311302185,313,2.0329878330230713,2.3139100074768066,0.28092217445373535,2.3139;2.3108;2.2622;2.1859;2.0684,6955;6950;6960;6965;6970,C;C;C;C;C,49,no_trade,in_position,0.0,,0.0,-1,202,6970.0,P,-0.012695186771452427,0.0016001155599951744,True,nan,nan,,0
2026-01-26,78,364668,6953.10986328125,-0.33000001311302185,312,2.1697232723236084,2.611764430999756,0.44204115867614746,2.6118;2.5825;2.5042;2.4220;2.3040,6950;6955;6960;6965;6970,C;C;C;C;C,47,no_trade,in_position,0.0,,0.0,-1,200,6965.0,P,-0.013636363670229912,0.004113636910915375,True,nan,nan,,0
2026-01-26,79,364669,6952.77978515625,-0.33000001311302185,311,2.1790730953216553,2.2792320251464844,0.1001589298248291,2.2792;2.2085;2.2078;2.1156;2.0798,6955;6950;6960;6965;6950,C;C;C;C;P,45,no_trade,in_position,0.0,,0.0,-1,202,6970.0,P,-0.012691489420831203,0.001508510671555996,True,nan,nan,,0
2026-01-26,80,364670,6953.27001953125,-0.33000001311302185,310,2.127346992492676,2.0990912914276123,-0.028255701065063477,2.0991;2.0503;2.0488;1.9691;1.8822,6955;6950;6960;6965;6950,C;C;C;C;P,42,no_trade,in_position,0.0,,0.0,-1,196,6955.0,P,0.2252325564622879,0.016194090247154236,True,nan,nan,,0
2026-01-26,81,364671,6954.10986328125,-0.33000001311302185,309,2.183478832244873,2.397463083267212,0.21398425102233887,2.3975;2.3971;2.3520;2.2671;2.1550,6955;6950;6960;6965;6970,C;C;C;C;C,44,no_trade,in_position,0.0,,0.0,-1,196,6955.0,P,0.6059494018554688,0.05758213996887207,True,nan,nan,,0
2026-01-26,82,364672,6955.9599609375,-0.33000001311302185,308,2.1475377082824707,2.7805099487304688,0.632972240447998,2.7805;2.7584;2.6784;2.6646;2.5535,6955;6960;6965;6950;6970,C;C;C;C;C,48,no_trade,in_position,0.0,,0.0,-1,200,6965.0,P,0.533488392829895,0.02478843927383423,True,nan,nan,,0
2026-01-26,83,364673,6956.18017578125,-0.33000001311302185,307,2.12499737739563,2.4683876037597656,0.34339022636413574,2.4684;2.4395;2.3736;2.3322;2.2707,6955;6960;6965;6950;6970,C;C;C;C;C,46,trade,,6955.0,C,8.399999618530273,195,200,6965.0,P,0.42813432216644287,0.026591479778289795,True,-0.27346159046218116,-0.701595912628624,STOP_LOSS,13
2026-01-26,84,364674,6955.2099609375,-0.33000001311302185,306,2.132399320602417,2.5307366847991943,0.39833736419677734,2.5307;2.4833;2.4680;2.4057;2.2887,6955;6960;6950;6965;6970,C;C;C;C;C,48,no_trade,in_position,0.0,,0.0,-1,198,6960.0,P,0.5379412770271301,0.02390897274017334,True,nan,nan,,0
2026-01-26,85,364675,6955.60986328125,-0.33000001311302185,305,2.2283270359039307,2.4371142387390137,0.208787202835083,2.4371;2.4107;2.3265;2.3142;2.1868,6955;6960;6965;6950;6970,C;C;C;C;C,42,no_trade,in_position,0.0,,0.0,-1,200,6965.0,P,0.5065909028053284,0.04041016101837158,True,nan,nan,,0
2026-01-26,86,364676,6955.3798828125,-0.33000001311302185,304,2.102099657058716,2.2566440105438232,0.15454435348510742,2.2566;2.2027;2.1531;2.1082;1.9962,6955;6960;6950;6965;6970,C;C;C;C;C,40,no_trade,in_position,0.0,,0.0,-1,198,6960.0,P,0.4497142732143402,0.009493738412857056,True,nan,nan,,0
2026-01-26,87,364677,6954.27001953125,-0.33000001311302185,303,2.3691484928131104,2.28334379196167,-0.08580470085144043,2.2833;2.2577;2.1888;2.0846;1.8624,6950;6955;6960;6965;6970,C;C;C;C;C,42,no_trade,in_position,0.0,,0.0,-1,192,6945.0,P,0.4994070827960968,0.02446591854095459,True,nan,nan,,0
2026-01-26,88,364678,6954.2099609375,-0.33000001311302185,302,2.287123203277588,2.3910648822784424,0.10394167900085449,2.3911;2.3759;2.3101;2.2254;2.0846,6955;6950;6960;6965;6945,C;C;C;C;C,48,no_trade,in_position,0.0,,0.0,-1,198,6960.0,P,0.46699994802474976,0.009209305047988892,True,nan,nan,,0
2026-01-26,89,364679,6953.8701171875,-0.33000001311302185,301,2.3785483837127686,1.87946355342865,-0.49908483028411865,1.8795;1.8470;1.7951;1.7638;1.6777,6955;6950;6960;6950;6965,C;C;C;P;C,42,no_trade,in_position,0.0,,0.0,-1,194,6950.0,P,0.43605837225914,0.013748914003372192,True,nan,nan,,0
2026-01-26,90,364680,6953.419921875,-0.33000001311302185,300,2.3893091678619385,2.448540210723877,0.05923104286193848,2.4485;2.4251;2.3253;2.2217;2.1727,6950;6955;6960;6965;6945,C;C;C;C;C,50,no_trade,in_position,0.0,,0.0,-1,202,6970.0,P,-0.012706521898508072,0.002293478697538376,True,nan,nan,,0
2026-01-26,91,364681,6953.169921875,-0.33000001311302185,299,2.292581796646118,2.2800052165985107,-0.012576580047607422,2.2800;2.2628;2.1900;2.0911;2.0113,6950;6955;6960;6965;6950,C;C;C;C;P,49,no_trade,in_position,0.0,,0.0,-1,202,6970.0,P,-0.012698925100266933,0.0021961797028779984,True,nan,nan,,0
2026-01-26,92,364682,6953.2001953125,-0.33000001311302185,298,2.2104923725128174,2.09618878364563,-0.1143035888671875,2.0962;1.9625;1.9163;1.8856;1.8371,6950;6940;6945;6935;6950,P;P;P;P;C,46,no_trade,in_position,0.0,,0.0,-1,200,6965.0,P,-0.014013158157467842,0.0037368424236774445,True,nan,nan,,0
2026-01-26,93,364683,6952.7900390625,-0.33000001311302185,297,2.027904748916626,1.9052212238311768,-0.12268352508544922,1.9052;1.8977;1.8345;1.7259;1.7147,6955;6950;6960;6965;6940,C;C;C;C;P,43,no_trade,in_position,0.0,,0.0,-1,202,6970.0,P,-0.012677083723247051,0.0013360744342207909,True,nan,nan,,0
2026-01-26,94,364684,6952.4599609375,-0.33000001311302185,296,2.1026418209075928,1.8150714635849,-0.28757035732269287,1.8151;1.7605;1.7601;1.7113;1.7042,6955;6960;6950;6950;6940,C;C;C;P;P,43,no_trade,in_position,0.0,,0.0,-1,198,6960.0,P,-0.016904762014746666,0.00505400076508522,True,nan,nan,,0
2026-01-26,95,364685,6951.10986328125,-0.33000001311302185,295,2.033102512359619,1.9699217081069946,-0.06318080425262451,1.9699;1.9444;1.8701;1.8156;1.7535,6950;6955;6960;6950;6965,C;C;C;P;C,47,no_trade,in_position,0.0,,0.0,-1,198,6960.0,P,-0.017205169424414635,0.004982329905033112,True,nan,nan,,0
2026-01-26,96,364686,6951.68994140625,-0.33000001311302185,294,2.1350111961364746,2.169905662536621,0.034894466400146484,2.1699;2.1549;2.0879;1.9887;1.9260,6950;6955;6960;6965;6950,C;C;C;C;P,47,no_trade,in_position,0.0,,0.0,-1,191,6945.0,C,0.22408771514892578,0.2453877180814743,True,nan,nan,,0
2026-01-26,97,364687,6950.3798828125,-0.33000001311302185,293,2.089582920074463,2.0493581295013428,-0.04022479057312012,2.0494;2.0223;1.9082;1.7657;1.7508,6950;6955;6960;6950;6945,C;C;C;P;P,42,no_trade,in_position,0.0,,0.0,-1,191,6945.0,C,0.34895995259284973,0.03515559434890747,True,nan,nan,,0
2026-01-26,98,364688,6952.419921875,-0.33000001311302185,292,2.140937089920044,2.2944724559783936,0.1535353660583496,2.2945;2.2890;2.2493;2.1426;2.0326,6955;6950;6960;6965;6970,C;C;C;C;C,46,no_trade,cooldown,0.0,,0.0,-1,200,6965.0,P,-0.014013158157467842,0.0038860011845827103,True,nan,nan,,0
2026-01-26,99,364689,6952.330078125,-0.33000001311302185,291,2.0306150913238525,2.2182083129882812,0.1875932216644287,2.2182;2.2111;2.1424;2.0136;1.8959,6950;6955;6960;6965;6945,C;C;C;C;C,44,no_trade,cooldown,0.0,,0.0,-1,198,6960.0,P,-0.016904762014746666,0.004829932004213333,True,nan,nan,,0
2026-01-26,100,364690,6951.31982421875,-0.33000001311302185,290,1.9255234003067017,2.447092056274414,0.5215686559677124,2.4471;2.4367;2.3828;2.2740;2.1694,6945;6950;6955;6960;6965,C;C;C;C;C,50,trade,,6945.0,C,11.800000190734863,191,193,6950.0,C,0.3930000066757202,0.41017743945121765,True,-0.019186991727456942,-0.4121869984031772,TRAILING_STOP,31
2026-01-26,101,364691,6952.14013671875,-0.33000001311302185,289,2.31462025642395,2.3592689037323,0.04464864730834961,2.3593;2.3188;2.2388;2.2267;2.1069,6950;6955;6960;6945;6965,C;C;C;C;C,46,no_trade,in_position,0.0,,0.0,-1,202,6970.0,P,-0.012673575431108475,0.0012479927390813828,True,nan,nan,,0
2026-01-26,102,364692,6952.31982421875,-0.33000001311302185,288,2.1573703289031982,1.7655704021453857,-0.3917999267578125,1.7656;1.7329;1.7251;1.6925;1.6776,6940;6945;6930;6950;6935,P;P;P;P;P,40,no_trade,in_position,0.0,,0.0,-1,192,6945.0,P,0.20903846621513367,0.010612308979034424,True,nan,nan,,0
2026-01-26,103,364693,6952.5498046875,-0.33000001311302185,287,1.7870346307754517,1.9184558391571045,0.13142120838165283,1.9185;1.9079;1.8410;1.7398;1.6285,6950;6955;6960;6965;6945,C;C;C;C;P,43,no_trade,in_position,0.0,,0.0,-1,190,6940.0,P,0.39116278290748596,0.004142671823501587,True,nan,nan,,0
2026-01-26,104,364694,6951.8798828125,-0.33000001311302185,286,1.9990508556365967,1.6487736701965332,-0.3502771854400635,1.6488;1.6032;1.5165;1.5023;1.4102,6950;6955;6950;6960;6940,C;C;P;C;P,41,no_trade,in_position,0.0,,0.0,-1,193,6950.0,C,0.4410345256328583,0.45467087626457214,True,nan,nan,,0
2026-01-27,60,365040,6972.68994140625,-0.33000001311302185,330,2.1935880184173584,2.328996181488037,0.1354081630706787,2.3290;2.2866;2.2860;2.1818;2.0343,6975;6980;6970;6985;6990,C;C;C;C;C,41,trade,,6975.0,C,6.300000190734863,166,172,6990.0,C,0.37870973348617554,0.00628545880317688,True,0.3583823569134444,-0.02032737657273115,TAKE_PROFIT,5
2026-01-27,61,365041,6973.1201171875,-0.33000001311302185,329,2.271167755126953,1.9769630432128906,-0.2942047119140625,1.9770;1.9577;1.8824;1.7480;1.7326,6975;6980;6985;6990;6970,C;C;C;C;P,42,no_trade,in_position,0.0,,0.0,-1,164,6970.0,C,0.4074038565158844,0.0393216609954834,True,nan,nan,,0
2026-01-27,62,365042,6974.43994140625,-0.33000001311302185,328,2.1095077991485596,2.760472297668457,0.6509644985198975,2.7605;2.7292;2.7139;2.6391;2.5429,6975;6970;6980;6985;6990,C;C;C;C;C,51,no_trade,in_position,0.0,,0.0,-1,164,6970.0,C,0.4420805275440216,0.02931731939315796,True,nan,nan,,0
2026-01-27,63,365043,6974.77978515625,-0.33000001311302185,327,2.221184015274048,2.586292266845703,0.3651082515716553,2.5863;2.5592;2.4675;2.3901;2.3521,6975;6980;6985;6970;6990,C;C;C;C;C,43,no_trade,in_position,0.0,,0.0,-1,164,6970.0,C,0.3613792657852173,0.01354798674583435,True,nan,nan,,0
2026-01-27,64,365044,6976.3701171875,-0.33000001311302185,326,2.1708405017852783,2.4956412315368652,0.3248007297515869,2.4956;2.4888;2.4258;2.3269;2.1737,6975;6980;6985;6990;6995,C;C;C;C;C,46,no_trade,in_position,0.0,,0.0,-1,166,6975.0,C,0.4396470785140991,0.0033312737941741943,True,nan,nan,,0
2026-01-27,65,365045,6977.27001953125,-0.33000001311302185,325,2.0107357501983643,2.41019868850708,0.3994629383087158,2.4102;2.3915;2.3226;2.2109;2.1762,6975;6980;6985;6990;6970,C;C;C;C;C,45,no_trade,in_position,0.0,,0.0,-1,164,6970.0,C,0.3577862083911896,0.051848769187927246,True,nan,nan,,0
2026-01-27,66,365046,6978.77001953125,-0.33000001311302185,324,2.2083303928375244,2.6028313636779785,0.3945009708404541,2.6028;2.5704;2.5451;2.4768;2.3048,6980;6985;6975;6990;6995,C;C;C;C;C,48,no_trade,in_position,0.0,,0.0,-1,164,6970.0,C,0.49515390396118164,0.0017854273319244385,True,nan,nan,,0
2026-01-27,67,365047,6979.14013671875,-0.33000001311302185,323,2.2941761016845703,2.671414852142334,0.37723875045776367,2.6714;2.6266;2.5613;2.5389;2.4207,6980;6985;6975;6990;6995,C;C;C;C;C,48,trade,,6980.0,C,6.5,168,164,6970.0,C,0.3776428699493408,0.045859187841415405,True,0.30643832202968013,-0.07120454791966069,TAKE_PROFIT,8
2026-01-27,68,365048,6980.3798828125,-0.33000001311302185,322,2.1980435848236084,2.761648416519165,0.5636048316955566,2.7616;2.7119;2.6605;2.6248;2.4812,6980;6985;6975;6990;6995,C;C;C;C;C,48,no_trade,in_position,0.0,,0.0,-1,164,6970.0,C,0.23124031722545624,0.003899887204170227,True,nan,nan,,0
2026-01-27,69,365049,6978.58984375,-0.33000001311302185,321,2.1886978149414062,2.7972068786621094,0.6085090637207031,2.7972;2.7958;2.7219;2.6237;2.5493,6980;6975;6985;6990;6970,C;C;C;C;C,50,no_trade,in_position,0.0,,0.0,-1,164,6970.0,C,0.42388394474983215,0.006843209266662598,True,nan,nan,,0
2026-01-27,70,365050,6979.52978515625,-0.33000001311302185,320,2.159815788269043,2.7517411708831787,0.5919253826141357,2.7517;2.7062;2.6261;2.6188;2.4922,6980;6985;6975;6990;6995,C;C;C;C;C,41,no_trade,in_position,0.0,,0.0,-1,166,6975.0,C,0.4258858859539032,0.02745532989501953,True,nan,nan,,0
2026-01-27,71,365051,6980.419921875,-0.33000001311302185,319,2.194368362426758,2.632056474685669,0.43768811225891113,2.6321;2.6118;2.5222;2.4981;2.4034,6980;6985;6990;6975;6995,C;C;C;C;C,44,no_trade,in_position,0.0,,0.0,-1,170,6985.0,C,0.4720454216003418,0.0020454227924346924,True,nan,nan,,0
2026-01-27,72,365052,6980.419921875,-0.33000001311302185,318,2.2623488903045654,2.4715394973754883,0.20919060707092285,2.4715;2.4297;2.3414;2.3178;2.1748,6980;6985;6975;6990;6995,C;C;C;C;C,38,no_trade,in_position,0.0,,0.0,-1,172,6990.0,C,0.56356281042099,0.0058016180992126465,True,nan,nan,,0
2026-01-27,73,365053,6979.7099609375,-0.33000001311302185,317,2.2821033000946045,2.755887508392334,0.4737842082977295,2.7559;2.7014;2.6730;2.5836;2.4267,6980;6985;6975;6990;6995,C;C;C;C;C,41,no_trade,in_position,0.0,,0.0,-1,166,6975.0,C,0.30687496066093445,0.04572117328643799,True,nan,nan,,0
2026-01-27,74,365054,6981.89013671875,-0.33000001311302185,316,2.373476266860962,2.848562717437744,0.4750864505767822,2.8486;2.7879;2.7839;2.6809;2.5250,6980;6975;6985;6990;6995,C;C;C;C;C,46,no_trade,in_position,0.0,,0.0,-1,170,6985.0,C,0.2605084180831909,0.06967505812644958,True,nan,nan,,0
2026-01-27,75,365055,6983.18017578125,-0.33000001311302185,315,2.3560545444488525,2.360578775405884,0.00452423095703125,2.3606;2.3435;2.3117;2.2048;2.1968,6985;6980;6990;6995;6975,C;C;C;C;P,43,no_trade,in_position,0.0,,0.0,-1,175,6995.0,P,-0.26960939168930054,0.0022215843200683594,True,nan,nan,,0
2026-01-27,76,365056,6984.6298828125,-0.33000001311302185,314,2.4251677989959717,2.46337628364563,0.0382084846496582,2.4634;2.4293;2.3379;2.3102;2.2014,6985;6990;6995;6980;7000,C;C;C;C;C,45,no_trade,in_position,0.0,,0.0,-1,175,6995.0,P,0.0973571315407753,0.13345882296562195,True,nan,nan,,0
2026-01-27,77,365057,6983.39990234375,-0.33000001311302185,313,2.5016913414001465,2.6421356201171875,0.14044427871704102,2.6421;2.6231;2.5042;2.4409;2.2797,6985;6990;6995;6980;7000,C;C;C;C;C,45,trade,,6985.0,C,5.900000095367432,170,175,6995.0,P,-0.2590697407722473,0.021902471780776978,True,-0.03435483976655898,0.22471490100568833,TRAILING_STOP,41
2026-01-27,78,365058,6984.5400390625,-0.33000001311302185,312,2.480893135070801,2.5679051876068115,0.08701205253601074,2.5679;2.5144;2.5076;2.3884;2.2354,6985;6980;6990;6995;7000,C;C;C;C;C,43,no_trade,in_position,0.0,,0.0,-1,175,6995.0,P,0.0787101462483406,0.11481183767318726,True,nan,nan,,0
2026-01-27,79,365059,6984.0498046875,-0.33000001311302185,311,2.454296112060547,2.3676886558532715,-0.08660745620727539,2.3677;2.3311;2.2469;2.1956;2.0780,6985;6990;6995;6980;7000,C;C;C;C;C,43,no_trade,in_position,0.0,,0.0,-1,174,6995.0,C,0.1861581951379776,0.0027206987142562866,True,nan,nan,,0
2026-01-27,80,365060,6982.52001953125,-0.33000001311302185,310,2.48578143119812,2.730489730834961,0.24470829963684082,2.7305;2.6816;2.5793;2.4220;2.3547,6980;6985;6990;6995;6975,C;C;C;C;C,43,no_trade,in_position,0.0,,0.0,-1,174,6995.0,C,0.4122222363948822,0.022222191095352173,True,nan,nan,,0
2026-01-27,81,365061,6982.89990234375,-0.33000001311302185,309,2.4916818141937256,2.6439249515533447,0.15224313735961914,2.6439;2.6308;2.5499;2.4318;2.3194,6980;6985;6990;6995;6975,C;C;C;C;C,44,no_trade,in_position,0.0,,0.0,-1,172,6990.0,C,0.2103508710861206,0.0029508769512176514,True,nan,nan,,0
2026-01-27,82,365062,6981.830078125,-0.33000001311302185,308,2.500659465789795,2.436229705810547,-0.06442975997924805,2.4362;2.3822;2.2324;2.1684;2.0989,6980;6985;6990;6975;6995,C;C;C;C;C,41,no_trade,in_position,0.0,,0.0,-1,170,6985.0,C,0.3494444191455841,0.004150331020355225,True,nan,nan,,0
2026-01-27,83,365063,6983.0498046875,-0.33000001311302185,307,2.4438116550445557,2.4802780151367188,0.036466360092163086,2.4803;2.4595;2.3582;2.2404;2.0265,6980;6985;6990;6995;7000,C;C;C;C;C,43,no_trade,in_position,0.0,,0.0,-1,174,6995.0,C,0.5231249928474426,0.009124934673309326,True,nan,nan,,0
2026-01-27,84,365064,6982.64013671875,-0.33000001311302185,306,2.272834300994873,1.9953447580337524,-0.2774895429611206,1.9953;1.9739;1.9401;1.8811;1.8712,6980;6985;6980;6990;6970,C;C;P;C;P,38,no_trade,in_position,0.0,,0.0,-1,170,6985.0,C,0.5483672618865967,0.06124863028526306,True,nan,nan,,0
2026-01-27,85,365065,6982.1298828125,-0.33000001311302185,305,2.3477871417999268,2.2777278423309326,-0.07005929946899414,2.2777;2.2211;2.1423;2.1195;1.9842,6980;6985;6975;6990;6995,C;C;C;C;C,44,no_trade,in_position,0.0,,0.0,-1,172,6990.0,C,0.534519612789154,0.07925647497177124,True,nan,nan,,0
2026-01-27,86,365066,6982.02001953125,-0.33000001311302185,304,2.4624733924865723,2.60235595703125,0.13988256454467773,2.6024;2.5639;2.4281;2.2779;2.2234,6980;6985;6990;6995;6975,C;C;C;C;C,41,no_trade,in_position,0.0,,0.0,-1,170,6985.0,C,0.5181249380111694,0.05312493443489075,True,nan,nan,,0
2026-01-27,87,365067,6981.75,-0.33000001311302185,303,2.427030563354492,2.477271318435669,0.05024075508117676,2.4773;2.4109;2.3686;2.3112;2.1622,6980;6985;6975;6990;6995,C;C;C;C;C,42,no_trade,in_position,0.0,,0.0,-1,174,6995.0,C,0.443918913602829,0.009883791208267212,True,nan,nan,,0
2026-01-27,88,365068,6982.18994140625,-0.33000001311302185,302,2.4773099422454834,2.355111598968506,-0.12219834327697754,2.3551;2.2958;2.1926;2.0532;1.9977,6980;6985;6990;6995;6975,C;C;C;C;C,40,no_trade,in_position,0.0,,0.0,-1,170,6985.0,C,0.29053574800491333,0.03295066952705383,True,nan,nan,,0
2026-01-27,89,365069,6983.47998046875,-0.33000001311302185,301,2.1976318359375,2.359255790710449,0.16162395477294922,2.3593;2.3281;2.2218;2.0723;1.8920,6980;6985;6990;6995;7000,C;C;C;C;C,42,no_trade,in_position,0.0,,0.0,-1,174,6995.0,C,0.18190482258796692,0.4467332065105438,True,nan,nan,,0
2026-01-27,90,365070,6985.22021484375,-0.33000001311302185,300,2.285184144973755,2.391568660736084,0.1063845157623291,2.3916;2.3825;2.2800;2.0954;1.9136,6985;6980;6990;6995;7000,C;C;C;C;C,44,no_trade,in_position,0.0,,0.0,-1,175,6995.0,P,0.3781791031360626,0.43330106139183044,True,nan,nan,,0
2026-01-27,91,365071,6984.4501953125,-0.33000001311302185,299,2.3118607997894287,2.208693504333496,-0.10316729545593262,2.2087;2.1694;2.1152;2.0510;2.0303,6985;6980;6990;6980;6975,C;C;C;P;P,44,no_trade,in_position,0.0,,0.0,-1,168,6980.0,C,-0.024204544723033905,0.013163875788450241,True,nan,nan,,0
2026-01-27,92,365072,6983.64990234375,-0.33000001311302185,298,2.2843692302703857,2.275343179702759,-0.009026050567626953,2.2753;2.2386;2.1310;1.9532;1.7556,6980;6985;6990;6995;7000,C;C;C;C;C,39,no_trade,in_position,0.0,,0.0,-1,175,6995.0,P,-0.018897637724876404,0.2595399022102356,True,nan,nan,,0
2026-01-27,93,365073,6984.58984375,-0.33000001311302185,297,2.199305772781372,2.072313070297241,-0.12699270248413086,2.0723;2.0359;1.9251;1.7866;1.6504,6980;6985;6990;6995;6980,C;C;C;C;P,38,no_trade,in_position,0.0,,0.0,-1,175,6995.0,P,-0.018897637724876404,0.28142493963241577,True,nan,nan,,0
2026-01-27,94,365074,6984.7998046875,-0.33000001311302185,296,2.159593343734741,2.2034950256347656,0.043901681900024414,2.2035;2.1935;2.1082;1.9848;1.8953,6985;6980;6990;6995;6980,C;C;C;C;P,42,no_trade,in_position,0.0,,0.0,-1,175,6995.0,P,-0.018828125670552254,0.2891264259815216,True,nan,nan,,0
2026-01-27,95,365075,6984.77001953125,-0.33000001311302185,295,2.1748533248901367,2.1791160106658936,0.004262685775756836,2.1791;2.1701;2.0660;1.9203;1.7512,6985;6980;6990;6995;7000,C;C;C;C;C,41,no_trade,in_position,0.0,,0.0,-1,175,6995.0,P,0.5485082268714905,0.852063775062561,True,nan,nan,,0
2026-01-27,96,365076,6985.52978515625,-0.33000001311302185,294,2.269284248352051,2.464984893798828,0.19570064544677734,2.4650;2.4394;2.3340;2.2103;2.0795,6980;6985;6990;6995;6975,C;C;C;C;C,45,no_trade,in_position,0.0,,0.0,-1,175,6995.0,P,0.48705777525901794,0.7905253171920776,True,nan,nan,,0
2026-01-27,97,365077,6985.6201171875,-0.33000001311302185,293,2.1497223377227783,2.299614906311035,0.14989256858825684,2.2996;2.2172;2.1331;2.0843;1.8912,6985;6990;6980;6995;7000,C;C;C;C;C,38,no_trade,in_position,0.0,,0.0,-1,175,6995.0,P,-0.018897637724876404,0.0032898616045713425,True,nan,nan,,0
2026-01-27,98,365078,6985.080078125,-0.33000001311302185,292,2.068392753601074,2.2876973152160645,0.21930456161499023,2.2877;2.2688;2.1570;2.0403;1.8257,6985;6980;6990;6995;7000,C;C;C;C;C,40,no_trade,in_position,0.0,,0.0,-1,175,6995.0,P,-0.018828125670552254,0.03767187148332596,True,nan,nan,,0
2026-01-27,99,365079,6984.7001953125,-0.33000001311302185,291,2.2328617572784424,2.248650312423706,0.015788555145263672,2.2487;2.2271;2.1179;1.9446;1.8656,6980;6985;6990;6995;6975,C;C;C;C;C,44,no_trade,in_position,0.0,,0.0,-1,175,6995.0,P,-0.019186992198228836,0.03675360232591629,True,nan,nan,,0
2026-01-27,100,365080,6985.490234375,-0.33000001311302185,290,2.339695930480957,2.342237710952759,0.002541780471801758,2.3422;2.3275;2.2307;2.1024;2.0002,6980;6985;6990;6995;6975,C;C;C;C;C,46,no_trade,in_position,0.0,,0.0,-1,175,6995.0,P,0.5512650012969971,0.818676769733429,True,nan,nan,,0
2026-01-27,101,365081,6985.93994140625,-0.33000001311302185,289,2.2285749912261963,2.0584189891815186,-0.17015600204467773,2.0584;2.0076;1.9634;1.8246;1.5512,6985;6980;6990;6995;7000,C;C;C;C;C,38,no_trade,in_position,0.0,,0.0,-1,173,6990.0,P,0.37769225239753723,0.39673224091529846,True,nan,nan,,0
2026-01-27,102,365082,6985.240234375,-0.33000001311302185,288,2.2592732906341553,2.354142904281616,0.09486961364746094,2.3541;2.3379;2.2194;2.0657;1.7854,6980;6985;6990;6995;7000,C;C;C;C;C,40,no_trade,in_position,0.0,,0.0,-1,175,6995.0,P,0.5501344799995422,0.3246172368526459,True,nan,nan,,0
2026-01-27,103,365083,6985.72998046875,-0.33000001311302185,287,2.3642210960388184,2.4490432739257812,0.08482217788696289,2.4490;2.4317;2.3499;2.2117;2.0411,6985;6980;6990;6995;7000,C;C;C;C;C,41,no_trade,in_position,0.0,,0.0,-1,173,6990.0,P,0.47551724314689636,0.001013040542602539,True,nan,nan,,0
2026-01-27,104,365084,6985.8798828125,-0.33000001311302185,286,2.274858236312866,2.243206024169922,-0.031652212142944336,2.2432;2.1674;2.1280;1.9918;1.7864,6985;6980;6990;6995;7000,C;C;C;C;C,37,no_trade,in_position,0.0,,0.0,-1,173,6990.0,P,0.4423595666885376,0.004507124423980713,True,nan,nan,,0
2026-01-28,60,365430,6990.2099609375,-0.33000001311302185,330,2.324575662612915,1.7887043952941895,-0.5358712673187256,1.7887;1.7717;1.7637;1.7111;1.6966,7005;7020;7010;7015;7025,C;C;C;C;C,49,no_trade,gate,0.0,,0.0,-1,165,6990.0,P,0.444693922996521,0.019971787929534912,True,nan,nan,,0
2026-01-28,61,365431,6989.39990234375,-0.33000001311302185,329,2.1956520080566406,1.7503676414489746,-0.445284366607666,1.7504;1.7270;1.7257;1.7128;1.6788,6980;6970;6965;6985;6975,P;P;P;P;P,53,no_trade,gate,0.0,,0.0,-1,163,6985.0,P,0.46929141879081726,0.0034197866916656494,True,nan,nan,,0
2026-01-28,62,365432,6989.10986328125,-0.33000001311302185,328,2.1118836402893066,1.7935309410095215,-0.31835269927978516,1.7935;1.7548;1.7138;1.6959;1.6818,7010;7015;7005;7020;7000,C;C;C;C;C,49,no_trade,gate,0.0,,0.0,-1,165,6990.0,P,0.5370345115661621,0.0062552690505981445,True,nan,nan,,0
2026-01-28,63,365433,6989.6298828125,-0.33000001311302185,327,2.2188076972961426,2.039336919784546,-0.17947077751159668,2.0393;1.9786;1.9724;1.9309;1.8778,6980;6975;6965;6950;6970,P;P;P;P;P,52,no_trade,gate,0.0,,0.0,-1,165,6990.0,P,0.26688235998153687,0.010649561882019043,True,nan,nan,,0
2026-01-28,64,365434,6985.16015625,-0.33000001311302185,326,2.3752102851867676,1.8864293098449707,-0.4887809753417969,1.8864;1.8282;1.8202;1.7961;1.7383,7000;7010;7005;7015;6960,C;C;C;C;P,57,no_trade,gate,0.0,,0.0,-1,165,6990.0,P,0.5286060571670532,0.00197678804397583,True,nan,nan,,0
2026-01-28,65,365435,6986.31982421875,-0.33000001311302185,325,2.507503032684326,2.089282512664795,-0.41822052001953125,2.0893;2.0438;2.0276;1.9658;1.9403,7010;7015;7005;7000;7020,C;C;C;C;C,56,no_trade,gate,0.0,,0.0,-1,141,6930.0,P,0.726511538028717,0.025608718395233154,True,nan,nan,,0
2026-01-28,66,365436,6989.97998046875,-0.33000001311302185,324,2.4832565784454346,2.215569496154785,-0.2676870822906494,2.2156;2.1847;2.1811;2.0621;2.0337,7010;7015;7020;7025;7000,C;C;C;C;C,52,no_trade,gate,0.0,,0.0,-1,163,6985.0,P,0.4811023473739624,0.0016429126262664795,True,nan,nan,,0
2026-01-28,67,365437,6989.2099609375,-0.33000001311302185,323,2.3054568767547607,1.6728864908218384,-0.6325703859329224,1.6729;1.6031;1.5649;1.5323;1.5239,6960;6950;7010;7015;6955,P;P;C;C;P,47,no_trade,gate,0.0,,0.0,-1,145,6940.0,P,0.5667857527732849,0.011744499206542969,True,nan,nan,,0
2026-01-28,68,365438,6990.2900390625,-0.33000001311302185,322,2.25160813331604,1.8543331623077393,-0.3972749710083008,1.8543;1.8156;1.7825;1.7607;1.7359,6970;6960;6965;6975;6950,P;P;P;P;P,50,no_trade,gate,0.0,,0.0,-1,161,6980.0,P,0.47951921820640564,0.014898508787155151,True,nan,nan,,0
2026-01-28,69,365439,6990.0,-0.33000001311302185,321,2.1678240299224854,1.6059969663619995,-0.5618270635604858,1.6060;1.5819;1.5447;1.5086;1.4929,7015;7010;7020;7000;7005,C;C;C;C;C,48,no_trade,gate,0.0,,0.0,-1,151,6955.0,P,0.42437487840652466,0.025868356227874756,True,nan,nan,,0
2026-01-28,70,365440,6988.7001953125,-0.33000001311302185,320,2.3179733753204346,1.7648028135299683,-0.5531705617904663,1.7648;1.6566;1.6254;1.5903;1.5860,6950;6970;7015;7010;6960,P;P;C;C;P,48,no_trade,gate,0.0,,0.0,-1,163,6985.0,P,0.33842459321022034,0.01018291711807251,True,nan,nan,,0
2026-01-28,71,365441,6985.0400390625,-0.33000001311302185,319,2.0194880962371826,1.8766990900039673,-0.14278900623321533,1.8767;1.8062;1.7979;1.7357;1.7039,6950;6960;6940;6945;6955,P;P;P;P;P,52,no_trade,gate,0.0,,0.0,-1,161,6980.0,P,0.4132576286792755,0.01066511869430542,True,nan,nan,,0
2026-01-28,72,365442,6983.56005859375,-0.33000001311302185,318,2.456533908843994,2.2660839557647705,-0.19044995307922363,2.2661;2.2630;2.2507;2.2251;2.1026,7000;7010;7005;7015;6995,C;C;C;C;C,59,no_trade,gate,0.0,,0.0,-1,163,6985.0,P,0.5205941200256348,0.011531651020050049,True,nan,nan,,0
2026-01-28,73,365443,6984.35986328125,-0.33000001311302185,317,2.621445894241333,2.591571092605591,-0.029874801635742188,2.5916;2.5731;2.5579;2.5032;2.4494,7005;7010;7000;7015;7020,C;C;C;C;C,58,no_trade,gate,0.0,,0.0,-1,163,6985.0,P,0.3643636107444763,0.008139818906784058,True,nan,nan,,0
2026-01-28,74,365444,6981.9599609375,-0.33000001311302185,316,2.5672717094421387,2.144620895385742,-0.4226508140563965,2.1446;2.1260;2.0958;2.0801;1.9009,7005;7000;7010;7015;6995,C;C;C;C;C,55,no_trade,gate,0.0,,0.0,-1,143,6935.0,P,0.6248387694358826,0.019544661045074463,True,nan,nan,,0
2026-01-28,75,365445,6983.39990234375,-0.33000001311302185,315,2.494544506072998,2.2352824211120605,-0.2592620849609375,2.2353;2.1833;2.1663;2.1406;2.1139,7010;7015;7000;7005;7020,C;C;C;C;C,55,no_trade,gate,0.0,,0.0,-1,161,6980.0,P,0.4815671741962433,0.0030823349952697754,True,nan,nan,,0
2026-01-28,76,365446,6983.25,-0.33000001311302185,314,2.5289719104766846,1.9953447580337524,-0.5336271524429321,1.9953;1.9867;1.9865;1.8458;1.7938,7005;7000;7010;7020;7015,C;C;C;C;C,54,no_trade,gate,0.0,,0.0,-1,163,6985.0,P,0.38088759779930115,0.015628963708877563,True,nan,nan,,0
2026-01-28,77,365447,6980.7900390625,-0.33000001311302185,313,2.4341509342193604,1.9340064525604248,-0.5001444816589355,1.9340;1.9202;1.9178;1.8772;1.7480,7000;7010;7005;7015;7020,C;C;C;C;C,54,no_trade,gate,0.0,,0.0,-1,151,6955.0,P,0.5604687929153442,0.01657998561859131,True,nan,nan,,0
2026-01-28,78,365448,6981.93994140625,-0.33000001311302185,312,2.505514621734619,1.9864468574523926,-0.5190677642822266,1.9864;1.9827;1.9616;1.9048;1.8135,7010;7015;7005;7000;7020,C;C;C;C;C,52,no_trade,gate,0.0,,0.0,-1,139,6925.0,P,0.484489768743515,0.0025848746299743652,True,nan,nan,,0
2026-01-28,79,365449,6982.0498046875,-0.33000001311302185,311,2.338207960128784,1.8082563877105713,-0.5299515724182129,1.8083;1.7944;1.7795;1.6348;1.6067,7015;7000;7010;7005;7020,C;C;C;C;C,46,no_trade,gate,0.0,,0.0,-1,151,6955.0,P,0.46723076701164246,0.013272345066070557,True,nan,nan,,0
2026-01-28,80,365450,6981.39990234375,-0.33000001311302185,310,2.1706621646881104,2.1573119163513184,-0.013350248336791992,2.1573;2.0785;2.0536;1.9895;1.9261,7000;7005;7010;7015;7020,C;C;C;C;C,57,no_trade,gate,0.0,,0.0,-1,153,6960.0,P,0.4546250104904175,0.020218580961227417,True,nan,nan,,0
2026-01-28,81,365451,6980.89013671875,-0.33000001311302185,309,2.5212175846099854,2.0506975650787354,-0.47052001953125,2.0507;1.9803;1.9617;1.9183;1.7412,7010;7015;7000;7005;7020,C;C;C;C;C,52,no_trade,gate,0.0,,0.0,-1,151,6955.0,P,0.535909116268158,0.012628674507141113,True,nan,nan,,0
2026-01-28,82,365452,6981.5498046875,-0.33000001311302185,308,2.5794219970703125,2.16288423538208,-0.4165377616882324,2.1629;2.0624;2.0448;1.9122;1.8818,7010;7000;7005;7020;7015,C;C;C;C;C,51,no_trade,gate,0.0,,0.0,-1,137,6920.0,P,0.46278026700019836,0.006241798400878906,True,nan,nan,,0
2026-01-28,83,365453,6981.0400390625,-0.33000001311302185,307,2.3418095111846924,1.9059141874313354,-0.43589532375335693,1.9059;1.8489;1.8398;1.8117;1.7220,7000;7005;7010;7015;7020,C;C;C;C;C,49,no_trade,gate,0.0,,0.0,-1,151,6955.0,P,0.5341538190841675,0.0033745765686035156,True,nan,nan,,0
2026-01-28,84,365454,6981.47998046875,-0.33000001311302185,306,2.1572043895721436,2.034134864807129,-0.12306952476501465,2.0341;2.0142;1.9503;1.9077;1.7811,7010;7000;7005;7015;6995,C;C;C;C;C,53,no_trade,gate,0.0,,0.0,-1,157,6970.0,P,0.5936363935470581,0.009881854057312012,True,nan,nan,,0
2026-01-28,85,365455,6982.27978515625,-0.33000001311302185,305,2.2455341815948486,2.276582956314087,0.03104877471923828,2.2766;2.1838;2.1671;2.0730;2.0686,7010;7005;7000;7020;7015,C;C;C;C;C,53,trade,,7010.0,C,3.950000047683716,172,151,6955.0,P,0.43261536955833435,0.006282061338424683,True,-0.05835616285882812,-0.49097153241716246,TRAILING_STOP,17
2026-01-28,86,365456,6981.0498046875,-0.33000001311302185,304,2.2731950283050537,1.6881482601165771,-0.5850467681884766,1.6881;1.6372;1.6061;1.5817;1.5542,7000;7010;7005;6950;7015,C;C;C;P;C,47,no_trade,in_position,0.0,,0.0,-1,161,6980.0,P,0.454897940158844,0.030310720205307007,True,nan,nan,,0
2026-01-28,87,365457,6980.31982421875,-0.33000001311302185,303,2.2464568614959717,1.9471917152404785,-0.29926514625549316,1.9472;1.9026;1.8991;1.8978;1.7090,7000;7015;7010;7005;6995,C;C;C;C;C,56,no_trade,in_position,0.0,,0.0,-1,141,6930.0,P,0.4100000262260437,0.003999978303909302,True,nan,nan,,0
2026-01-28,88,365458,6979.06005859375,-0.33000001311302185,302,2.528458833694458,1.775239109992981,-0.753219723701477,1.7752;1.7459;1.7235;1.6599;1.6439,6950;7000;6980;6960;6965,P;C;P;P;P,53,no_trade,in_position,0.0,,0.0,-1,141,6930.0,P,0.4334374964237213,0.44709134101867676,True,nan,nan,,0
2026-01-28,89,365459,6978.68994140625,-0.33000001311302185,301,2.3730757236480713,1.7727766036987305,-0.6002991199493408,1.7728;1.6806;1.6685;1.6632;1.5694,7000;7015;7010;7020;7005,C;C;C;C;C,48,no_trade,in_position,0.0,,0.0,-1,157,6970.0,P,0.22943925857543945,0.002591431140899658,True,nan,nan,,0
2026-01-28,90,365460,6980.740234375,-0.33000001311302185,300,2.3922481536865234,2.306757688522339,-0.08549046516418457,2.3068;2.2304;2.2277;2.1736;2.1584,7010;7015;7005;7020;7000,C;C;C;C;C,50,no_trade,in_position,0.0,,0.0,-1,143,6935.0,P,0.6209374070167542,0.003437340259552002,True,nan,nan,,0
2026-01-28,91,365461,6982.6201171875,-0.33000001311302185,299,2.7055857181549072,1.9167793989181519,-0.7888063192367554,1.9168;1.8991;1.8759;1.8010;1.7616,7000;7010;7005;6965;6970,C;C;C;P;P,56,no_trade,in_position,0.0,,0.0,-1,135,6915.0,P,0.5224242806434631,0.007034659385681152,True,nan,nan,,0
2026-01-28,92,365462,6983.169921875,-0.33000001311302185,298,2.640777587890625,2.113253593444824,-0.5275239944458008,2.1133;2.0953;2.0162;1.9386;1.8695,7010;7015;7000;7005;7020,C;C;C;C;C,52,no_trade,in_position,0.0,,0.0,-1,137,6920.0,P,0.48099997639656067,0.0005744993686676025,True,nan,nan,,0
2026-01-28,93,365463,6982.6298828125,-0.33000001311302185,297,2.7140772342681885,2.0974855422973633,-0.6165916919708252,2.0975;2.0707;1.9939;1.9847;1.9020,7010;7000;7005;7015;6995,C;C;C;C;C,54,no_trade,in_position,0.0,,0.0,-1,149,6950.0,P,0.6096637845039368,0.028611063957214355,True,nan,nan,,0
2026-01-28,94,365464,6984.080078125,-0.33000001311302185,296,2.5403027534484863,2.0399129390716553,-0.500389814376831,2.0399;1.9471;1.8166;1.7981;1.7173,7015;7010;7000;6950;7005,C;C;C;P;C,53,no_trade,in_position,0.0,,0.0,-1,157,6970.0,P,0.43164944648742676,0.021649479866027832,True,nan,nan,,0
2026-01-28,95,365465,6982.7900390625,-0.33000001311302185,295,2.499757766723633,1.8772653341293335,-0.6224924325942993,1.8773;1.7449;1.7203;1.6916;1.6340,7015;6950;7010;7000;7005,C;P;C;C;C,44,no_trade,in_position,0.0,,0.0,-1,149,6950.0,P,0.6395652890205383,0.0031842589378356934,True,nan,nan,,0
2026-01-28,96,365466,6984.85009765625,-0.33000001311302185,294,2.380493402481079,2.0916740894317627,-0.2888193130493164,2.0917;2.0868;2.0164;2.0096;1.9748,7010;7015;7005;7000;7020,C;C;C;C;C,53,no_trade,in_position,0.0,,0.0,-1,163,6985.0,P,0.5060839056968689,0.006865739822387695,True,nan,nan,,0
2026-01-28,97,365467,6985.4501953125,-0.33000001311302185,293,2.5154428482055664,2.079396963119507,-0.43604588508605957,2.0794;2.0237;2.0150;2.0138;1.9085,7015;7000;7010;7005;7020,C;C;C;C;C,54,no_trade,in_position,0.0,,0.0,-1,139,6925.0,P,0.49609750509262085,0.0005340874195098877,True,nan,nan,,0
2026-01-28,98,365468,6985.22998046875,-0.33000001311302185,292,2.513179063796997,1.925970196723938,-0.5872088670730591,1.9260;1.7648;1.7636;1.7399;1.7281,6950;6980;7015;6940;7010,P;P;C;P;C,50,no_trade,in_position,0.0,,0.0,-1,135,6915.0,P,0.4754839539527893,0.03133007884025574,True,nan,nan,,0
2026-01-28,99,365469,6984.47998046875,-0.33000001311302185,291,2.21001935005188,2.016902208328247,-0.1931171417236328,2.0169;1.9918;1.9205;1.8559;1.8523,7010;7015;7000;7020;7005,C;C;C;C;C,51,no_trade,in_position,0.0,,0.0,-1,139,6925.0,P,0.5676190853118896,0.07193422317504883,True,nan,nan,,0
2026-01-28,100,365470,6984.31982421875,-0.33000001311302185,290,2.217060089111328,1.8390158414840698,-0.3780442476272583,1.8390;1.7835;1.6447;1.6408;1.5548,7015;7010;7020;7000;6960,C;C;C;C;P,45,no_trade,in_position,0.0,,0.0,-1,155,6965.0,P,0.5967605710029602,0.007260560989379883,True,nan,nan,,0
2026-01-28,101,365471,6986.35986328125,-0.33000001311302185,289,2.04852557182312,1.76682710647583,-0.28169846534729004,1.7668;1.7046;1.6921;1.6239;1.5767,6950;6965;6970;6960;6935,P;P;P;P;P,48,no_trade,in_position,0.0,,0.0,-1,163,6985.0,P,0.36489933729171753,0.003771662712097168,True,nan,nan,,0
2026-01-28,102,365472,6984.35009765625,-0.33000001311302185,288,2.0962131023406982,1.8273580074310303,-0.26885509490966797,1.8274;1.7843;1.7585;1.7556;1.7431,7000;7005;6995;7015;7010,C;C;C;C;C,51,no_trade,in_position,0.0,,0.0,-1,163,6985.0,P,0.4190383851528168,0.004635334014892578,True,nan,nan,,0
2026-01-28,103,365473,6983.10009765625,-0.33000001311302185,287,2.1087658405303955,1.8492282629013062,-0.25953757762908936,1.8492;1.8243;1.7835;1.7710;1.6630,7010;7000;7015;7005;6995,C;C;C;C;C,51,no_trade,in_position,0.0,,0.0,-1,157,6970.0,P,0.5577419400215149,0.00983285903930664,True,nan,nan,,0
2026-01-28,104,365474,6983.7900390625,-0.33000001311302185,286,2.3195650577545166,2.0692567825317383,-0.2503082752227783,2.0693;2.0491;1.9916;1.9555;1.9045,7015;7010;7000;7005;7020,C;C;C;C;C,46,no_trade,gate,0.0,,0.0,-1,143,6935.0,P,0.5400000810623169,0.02195119857788086,True,nan,nan,,0
2026-01-29,60,365820,6911.8701171875,-0.33000001311302185,330,1.7944639921188354,2.0024800300598145,0.208016037940979,2.0025;1.9275;1.9178;1.8973;1.8944,6900;6910;6890;6885;6895,P;P;P;P;P,73,trade,,6900.0,P,12.800000190734863,150,160,6925.0,P,0.3228048086166382,0.008214950561523438,True,0.2717347553918049,-0.05107005322483327,TAKE_PROFIT,5
2026-01-29,61,365821,6906.68994140625,-0.33000001311302185,329,1.8034183979034424,1.9109500646591187,0.10753166675567627,1.9110;1.9032;1.8923;1.8685;1.8506,6930;6940;6935;6925;6920,C;C;C;C;C,74,no_trade,in_position,0.0,,0.0,-1,160,6925.0,P,0.3860272169113159,0.0444624125957489,True,nan,nan,,0
2026-01-29,62,365822,6903.43994140625,-0.33000001311302185,328,1.6794617176055908,1.6899441480636597,0.010482430458068848,1.6899;1.6876;1.6865;1.6758;1.6397,6870;6880;6875;6865;6885,P;P;P;P;P,67,no_trade,in_position,0.0,,0.0,-1,150,6900.0,P,0.5006191730499268,0.0008869767189025879,True,nan,nan,,0
2026-01-29,63,365823,6903.93017578125,-0.33000001311302185,327,1.951491117477417,2.275941848754883,0.3244507312774658,2.2759;2.2541;2.2522;2.2482;2.1635,6930;6935;6940;6925;6920,C;C;C;C;C,75,no_trade,in_position,0.0,,0.0,-1,140,6875.0,P,0.5014286637306213,0.007562518119812012,True,nan,nan,,0
2026-01-29,64,365824,6903.39990234375,-0.33000001311302185,326,1.8883835077285767,1.8638428449630737,-0.02454066276550293,1.8638;1.8588;1.8379;1.8190;1.7821,6940;6935;6930;6925;6950,C;C;C;C;C,69,no_trade,in_position,0.0,,0.0,-1,160,6925.0,P,0.44784680008888245,0.020244598388671875,True,nan,nan,,0
2026-01-29,65,365825,6901.2900390625,-0.33000001311302185,325,1.8997262716293335,2.111325979232788,0.2115997076034546,2.1113;2.0988;2.0819;2.0713;2.0539,6930;6940;6925;6920;6935,C;C;C;C;C,76,no_trade,in_position,0.0,,0.0,-1,156,6915.0,P,0.36571016907691956,0.025289148092269897,True,nan,nan,,0
2026-01-29,66,365826,6897.85986328125,-0.33000001311302185,324,1.883744478225708,2.2371013164520264,0.35335683822631836,2.2371;2.2321;2.1848;2.1696;2.1686,6925;6930;6920;6940;6935,C;C;C;C;C,78,no_trade,in_position,0.0,,0.0,-1,116,6815.0,P,0.7246665954589844,0.02589118480682373,True,nan,nan,,0
2026-01-29,67,365827,6900.72021484375,-0.33000001311302185,323,1.9067909717559814,2.1001641750335693,0.1933732032775879,2.1002;2.0828;2.0646;2.0125;1.9956,6940;6930;6925;6950;6920,C;C;C;C;C,75,trade,,6940.0,C,5.0,165,150,6900.0,P,0.45698416233062744,0.00851351022720337,True,-0.2885281209044383,-0.7455122832350658,STOP_LOSS,5
2026-01-29,68,365828,6898.5,-0.33000001311302185,322,1.7950485944747925,1.9100329875946045,0.11498439311981201,1.9100;1.9040;1.8862;1.8658;1.7827,6920;6925;6930;6940;6895,C;C;C;C;P,77,no_trade,in_position,0.0,,0.0,-1,156,6915.0,P,0.6794430613517761,0.14027929306030273,True,nan,nan,,0
2026-01-29,69,365829,6897.7001953125,-0.33000001311302185,321,1.821079969406128,1.82958984375,0.00850987434387207,1.8296;1.7753;1.7504;1.7036;1.7018,6930;6950;6940;6925;6920,C;C;C;C;C,74,no_trade,in_position,0.0,,0.0,-1,160,6925.0,P,0.3314114511013031,0.022577285766601562,True,nan,nan,,0
2026-01-29,70,365830,6893.18017578125,-0.33000001311302185,320,1.8369919061660767,1.8716052770614624,0.03461337089538574,1.8716;1.8713;1.8449;1.8317;1.7980,6920;6925;6930;6915;6910,C;C;C;C;C,76,no_trade,in_position,0.0,,0.0,-1,154,6910.0,P,0.5207306742668152,0.0239124596118927,True,nan,nan,,0
2026-01-29,71,365831,6893.4599609375,-0.33000001311302185,319,1.8808245658874512,1.8649095296859741,-0.01591503620147705,1.8649;1.8492;1.8358;1.7936;1.7302,6930;6920;6925;6935;6940,C;C;C;C;C,73,no_trade,in_position,0.0,,0.0,-1,160,6925.0,P,0.4683906137943268,0.08076712489128113,True,nan,nan,,0
2026-01-29,72,365832,6889.9599609375,-0.33000001311302185,318,1.8428949117660522,1.7577265501022339,-0.08516836166381836,1.7577;1.7562;1.7513;1.7407;1.7394,6930;6880;6870;6865;6860,C;P;P;P;P,77,no_trade,in_position,0.0,,0.0,-1,152,6905.0,P,0.3564353883266449,0.010435402393341064,True,nan,nan,,0
2026-01-29,73,365833,6887.27978515625,-0.33000001311302185,317,1.8167681694030762,1.8653042316436768,0.048536062240600586,1.8653;1.8115;1.7785;1.7761;1.7678,6925;6930;6920;6915;6940,C;C;C;C;C,80,no_trade,in_position,0.0,,0.0,-1,144,6885.0,P,-0.011269841343164444,0.001031084917485714,True,nan,nan,,0
2026-01-29,74,365834,6886.990234375,-0.33000001311302185,316,1.8289451599121094,1.9832210540771484,0.15427589416503906,1.9832;1.9695;1.9587;1.9436;1.8900,6925;6920;6930;6910;6900,C;C;C;C;C,86,no_trade,cooldown,0.0,,0.0,-1,144,6885.0,P,0.23753656446933746,7.642805576324463e-05,True,nan,nan,,0
2026-01-29,75,365835,6889.43994140625,-0.33000001311302185,315,1.8201472759246826,1.8921375274658203,0.0719902515411377,1.8921;1.8656;1.7839;1.7813;1.7751,6930;6920;6925;6935;6940,C;C;C;C;C,78,no_trade,cooldown,0.0,,0.0,-1,124,6835.0,P,0.596750020980835,0.023188352584838867,True,nan,nan,,0
2026-01-29,76,365836,6890.85009765625,-0.33000001311302185,314,1.7309564352035522,1.8574588298797607,0.1265023946762085,1.8575;1.8459;1.8133;1.8119;1.8073,6880;6885;6890;6870;6875,P;P;P;P;P,79,trade,,6880.0,P,14.770000457763672,142,120,6825.0,P,0.75789475440979,0.004652500152587891,True,0.6749618357021583,-0.08293291870763175,TAKE_PROFIT,7
2026-01-29,77,365837,6894.02001953125,-0.33000001311302185,313,1.7790918350219727,1.8079047203063965,0.028812885284423828,1.8079;1.7956;1.7762;1.7401;1.7103,6930;6920;6925;6885;6870,C;C;C;P;P,73,no_trade,in_position,0.0,,0.0,-1,160,6925.0,P,0.4769037663936615,0.0578976571559906,True,nan,nan,,0
2026-01-29,78,365838,6890.330078125,-0.33000001311302185,312,1.7347733974456787,1.976334571838379,0.2415611743927002,1.9763;1.9469;1.9307;1.9291;1.9276,6920;6925;6930;6910;6915,C;C;C;C;C,81,no_trade,in_position,0.0,,0.0,-1,140,6875.0,P,0.3669285178184509,0.008099883794784546,True,nan,nan,,0
2026-01-29,79,365839,6887.3798828125,-0.33000001311302185,311,1.8035798072814941,1.848217487335205,0.04463768005371094,1.8482;1.8321;1.8075;1.8071;1.8058,6885;6880;6875;6865;6890,P;P;P;P;P,80,no_trade,in_position,0.0,,0.0,-1,138,6870.0,P,0.2696574926376343,0.005753189325332642,True,nan,nan,,0
2026-01-29,80,365840,6881.56982421875,-0.33000001311302185,310,1.8594634532928467,1.729365587234497,-0.1300978660583496,1.7294;1.7074;1.7013;1.7007;1.6860,6920;6910;6915;6860;6880,C;C;C;P;P,82,no_trade,in_position,0.0,,0.0,-1,145,6890.0,C,0.5830322504043579,0.010249674320220947,True,nan,nan,,0
2026-01-29,81,365841,6879.080078125,-0.33000001311302185,309,1.8848483562469482,1.8589718341827393,-0.025876522064208984,1.8590;1.8331;1.8326;1.8283;1.8056,6920;6915;6910;6925;6930,C;C;C;C;C,78,no_trade,in_position,0.0,,0.0,-1,145,6890.0,C,0.4654579758644104,0.00930410623550415,True,nan,nan,,0
2026-01-29,82,365842,6878.39013671875,-0.33000001311302185,308,1.947778344154358,1.6885359287261963,-0.2592424154281616,1.6885;1.6125;1.6048;1.6010;1.5913,6850;6920;6840;6830;6860,P;C;P;P;P,76,no_trade,in_position,0.0,,0.0,-1,149,6900.0,C,0.5479464530944824,0.0004630088806152344,True,nan,nan,,0
2026-01-29,83,365843,6876.7998046875,-0.33000001311302185,307,1.9642575979232788,1.985363483428955,0.02110588550567627,1.9854;1.8823;1.8785;1.8626;1.8490,6920;6900;6905;6930;6915,C;C;C;C;C,86,no_trade,in_position,0.0,,0.0,-1,145,6890.0,C,0.526326596736908,0.01214754581451416,True,nan,nan,,0
2026-01-29,84,365844,6875.75,-0.33000001311302185,306,1.9522262811660767,1.9369293451309204,-0.01529693603515625,1.9369;1.9343;1.8960;1.8955;1.8768,6905;6900;6920;6910;6915,C;C;C;C;C,84,no_trade,in_position,0.0,,0.0,-1,145,6890.0,C,0.3396933078765869,0.014330118894577026,True,nan,nan,,0
2026-01-29,85,365845,6880.9501953125,-0.33000001311302185,305,2.0373754501342773,1.838341474533081,-0.1990339756011963,1.8383;1.8248;1.8062;1.7927;1.7899,6925;6920;6910;6930;6905,C;C;C;C;C,78,no_trade,gate,0.0,,0.0,-1,149,6900.0,C,0.28429579734802246,0.0015774071216583252,True,nan,nan,,0
2026-01-29,86,365846,6888.06005859375,-0.33000001311302185,304,1.9721873998641968,1.8680033683776855,-0.10418403148651123,1.8680;1.8610;1.8605;1.8274;1.8137,6915;6930;6920;6910;6935,C;C;C;C;C,82,no_trade,gate,0.0,,0.0,-1,128,6845.0,P,0.5152632594108582,0.0032328367233276367,True,nan,nan,,0
2026-01-29,87,365847,6887.83984375,-0.33000001311302185,303,2.024801731109619,1.8918845653533936,-0.13291716575622559,1.8919;1.8616;1.8366;1.8202;1.8190,6930;6920;6925;6935;6870,C;C;C;C;P,78,no_trade,gate,0.0,,0.0,-1,148,6895.0,P,0.3194195032119751,0.015552788972854614,True,nan,nan,,0
2026-01-29,88,365848,6883.39013671875,-0.33000001311302185,302,2.1563894748687744,1.9075055122375488,-0.24888396263122559,1.9075;1.8918;1.8809;1.8100;1.8065,6920;6925;6930;6910;6935,C;C;C;C;C,76,no_trade,gate,0.0,,0.0,-1,145,6890.0,C,0.49620485305786133,0.019871532917022705,True,nan,nan,,0
2026-01-29,89,365849,6882.85009765625,-0.33000001311302185,301,2.259469747543335,1.9073703289031982,-0.3520994186401367,1.9074;1.8839;1.8515;1.7569;1.7478,6920;6930;6925;6900;6860,C;C;C;C;P,79,no_trade,gate,0.0,,0.0,-1,145,6890.0,C,0.46060362458229065,0.0004937946796417236,True,nan,nan,,0
2026-01-29,90,365850,6883.08984375,-0.33000001311302185,300,2.175847053527832,2.008526563644409,-0.16732048988342285,2.0085;1.9693;1.9486;1.9453;1.9277,6870;6880;6850;6885;6875,P;P;P;P;P,81,no_trade,gate,0.0,,0.0,-1,145,6890.0,C,0.6010828018188477,0.6225979328155518,True,nan,nan,,0
2026-01-29,91,365851,6881.080078125,-0.33000001311302185,299,2.2459847927093506,1.769768238067627,-0.47621655464172363,1.7698;1.6447;1.6235;1.6112;1.5947,6850;6925;6910;6920;6860,P;C;C;C;P,66,no_trade,gate,0.0,,0.0,-1,159,6925.0,C,0.6526666283607483,0.011271297931671143,True,nan,nan,,0
2026-01-29,92,365852,6877.7998046875,-0.33000001311302185,298,2.096879482269287,1.7505137920379639,-0.34636569023132324,1.7505;1.7461;1.7400;1.7374;1.7293,6875;6870;6865;6860;6845,P;P;P;P;P,77,no_trade,gate,0.0,,0.0,-1,145,6890.0,C,0.4804081320762634,0.013408184051513672,True,nan,nan,,0
2026-01-29,93,365853,6878.22998046875,-0.33000001311302185,297,2.228935956954956,1.9162633419036865,-0.31267261505126953,1.9163;1.9102;1.9054;1.8915;1.8433,6900;6930;6910;6925;6920,C;C;C;C;C,80,no_trade,gate,0.0,,0.0,-1,155,6915.0,C,0.6645000576972961,0.002561330795288086,True,nan,nan,,0
2026-01-29,94,365854,6874.68017578125,-0.33000001311302185,296,2.101600170135498,1.802451252937317,-0.29914891719818115,1.8025;1.7842;1.7552;1.7531;1.7402,6850;6870;6860;6875;6845,P;P;P;P;P,80,no_trade,gate,0.0,,0.0,-1,145,6890.0,C,0.41042545437812805,0.009670823812484741,True,nan,nan,,0
2026-01-29,95,365855,6877.1201171875,-0.33000001311302185,295,2.1883373260498047,1.6884337663650513,-0.4999035596847534,1.6884;1.6458;1.6268;1.6164;1.6052,6850;6860;6910;6855;6870,P;P;C;P;P,73,no_trade,gate,0.0,,0.0,-1,163,6935.0,C,0.6396609544754028,0.03790837526321411,True,nan,nan,,0
2026-01-29,96,365856,6874.27001953125,-0.33000001311302185,294,2.1386938095092773,1.855668067932129,-0.28302574157714844,1.8557;1.7984;1.7875;1.7860;1.7577,6850;6855;6860;6845;6840,P;P;P;P;P,77,no_trade,gate,0.0,,0.0,-1,159,6925.0,C,0.6856757402420044,0.026130259037017822,True,nan,nan,,0
2026-01-29,97,365857,6871.1298828125,-0.33000001311302185,293,2.0596022605895996,1.6975582838058472,-0.36204397678375244,1.6976;1.6340;1.6277;1.6118;1.6028,6850;6845;6855;6860;6840,P;P;P;P;P,81,no_trade,gate,0.0,,0.0,-1,171,6955.0,C,0.31214281916618347,0.011326491832733154,True,nan,nan,,0
2026-01-29,98,365858,6876.39990234375,-0.33000001311302185,292,2.197031259536743,2.220979928970337,0.02394866943359375,2.2210;2.2181;2.2138;2.1583;2.0951,6900;6910;6920;6905;6930,C;C;C;C;C,81,trade,,6900.0,C,10.0,149,165,6940.0,C,0.4248000383377075,0.004956364631652832,True,0.35660555206458266,-0.06819448627312485,TAKE_PROFIT,4
2026-01-29,99,365859,6879.66015625,-0.33000001311302185,291,2.0930798053741455,1.9922423362731934,-0.10083746910095215,1.9922;1.9698;1.9630;1.9392;1.8715,6910;6915;6920;6900;6925,C;C;C;C;C,78,no_trade,in_position,0.0,,0.0,-1,159,6925.0,C,0.39085111021995544,0.010409951210021973,True,nan,nan,,0
2026-01-29,100,365860,6881.72021484375,-0.33000001311302185,290,2.0666091442108154,1.8103972673416138,-0.25621187686920166,1.8104;1.7630;1.7400;1.7369;1.7345,6870;6875;6865;6920;6930,P;P;P;C;C,81,no_trade,in_position,0.0,,0.0,-1,149,6900.0,C,0.23147891461849213,0.009756103157997131,True,nan,nan,,0
2026-01-29,101,365861,6889.77001953125,-0.33000001311302185,289,1.8912400007247925,2.338268756866455,0.4470287561416626,2.3383;2.3308;2.3298;2.2832;2.2680,6920;6925;6930;6935;6940,C;C;C;C;C,78,no_trade,in_position,0.0,,0.0,-1,159,6925.0,C,0.512435257434845,6.735324859619141e-06,True,nan,nan,,0
2026-01-29,102,365862,6890.52001953125,-0.33000001311302185,288,1.8872480392456055,2.247830390930176,0.3605823516845703,2.2478;2.2334;2.2108;2.1397;2.1290,6920;6925;6930;6935;6915,C;C;C;C;C,80,no_trade,in_position,0.0,,0.0,-1,163,6935.0,C,0.34931811690330505,0.03513062000274658,True,nan,nan,,0
2026-01-29,103,365863,6895.0498046875,-0.33000001311302185,287,1.8911290168762207,2.1276776790618896,0.23654866218566895,2.1277;2.0727;2.0697;2.0180;2.0083,6930;6920;6925;6940;6935,C;C;C;C;C,75,no_trade,in_position,0.0,,0.0,-1,159,6925.0,C,0.42671433091163635,0.03292393684387207,True,nan,nan,,0
2026-01-29,104,365864,6898.47021484375,-0.33000001311302185,286,1.8689683675765991,2.1421732902526855,0.2732049226760864,2.1422;2.0890;2.0859;2.0755;2.0728,6930;6935;6920;6940;6925,C;C;C;C;C,73,trade,,6930.0,C,5.800000190734863,161,149,6900.0,C,0.5051177144050598,0.0125294029712677,True,-0.03672413672334945,-0.5418418511284092,TRAILING_STOP,7
2026-01-30,60,366210,6933.22021484375,-0.33000001311302185,330,1.9498440027236938,2.308506488800049,0.358662486076355,2.3085;2.2911;2.2637;2.2622;2.2422,6960;6970;6955;6965;6975,C;C;C;C;C,72,trade,,6960.0,C,6.869999885559082,247,237,6935.0,C,0.4462011158466339,0.005166590213775635,True,0.4214084456189713,-0.024792670227662628,TAKE_PROFIT,4
2026-01-30,61,366211,6935.81982421875,-0.33000001311302185,329,2.197896957397461,2.3202264308929443,0.1223294734954834,2.3202;2.3182;2.2998;2.2956;2.1201,6970;6980;6965;6975;6960,C;C;C;C;C,63,no_trade,in_position,0.0,,0.0,-1,241,6945.0,C,0.47186052799224854,0.031162887811660767,True,nan,nan,,0
2026-01-30,62,366212,6936.64990234375,-0.33000001311302185,328,2.0206596851348877,2.295220375061035,0.27456068992614746,2.2952;2.2755;2.2485;2.2448;2.1796,6970;6965;6975;6980;6960,C;C;C;C;C,63,no_trade,in_position,0.0,,0.0,-1,255,6980.0,C,0.6069387793540955,0.014298021793365479,True,nan,nan,,0
2026-01-30,63,366213,6936.27978515625,-0.33000001311302185,327,1.9412407875061035,2.4970333576202393,0.5557925701141357,2.4970;2.4317;2.3976;2.3850;2.3456,6960;6965;6970;6950;6975,C;C;C;C;C,71,no_trade,in_position,0.0,,0.0,-1,237,6935.0,C,0.35590919852256775,0.0027020275592803955,True,nan,nan,,0
2026-01-30,64,366214,6939.39990234375,-0.33000001311302185,326,1.958591341972351,2.238161325454712,0.27956998348236084,2.2382;2.2330;2.1324;2.0829;2.0348,6970;6960;6975;6965;6980,C;C;C;C;C,59,no_trade,in_position,0.0,,0.0,-1,237,6935.0,C,0.03701058775186539,0.015181358903646469,True,nan,nan,,0
2026-01-30,65,366215,6953.18994140625,-0.33000001311302185,325,1.7630538940429688,2.2258827686309814,0.4628288745880127,2.2259;2.1903;1.9774;1.9756;1.9721,6945;6950;6970;6975;6980,P;P;C;C;C,44,no_trade,in_position,0.0,,0.0,-1,247,6960.0,C,0.47659340500831604,0.0053772032260894775,True,nan,nan,,0
2026-01-30,66,366216,6944.47021484375,-0.33000001311302185,324,1.7987055778503418,2.5153841972351074,0.7166786193847656,2.5154;2.4979;2.4610;2.2316;1.9502,6970;6965;6960;6955;6950,C;C;C;C;C,52,trade,,6970.0,C,6.0,251,241,6945.0,C,0.4206180274486542,0.05524951219558716,True,0.31149257464885927,-0.10912545279979491,TAKE_PROFIT,5
2026-01-30,67,366217,6947.81005859375,-0.33000001311302185,323,1.673149824142456,2.113830804824829,0.44068098068237305,2.1138;2.1110;2.0864;2.0736;2.0183,6970;6980;6975;6990;6985,C;C;C;C;C,55,no_trade,in_position,0.0,,0.0,-1,247,6960.0,C,0.32794874906539917,0.007121175527572632,True,nan,nan,,0
2026-01-30,68,366218,6952.5498046875,-0.33000001311302185,322,1.4991477727890015,2.3011629581451416,0.8020151853561401,2.3012;2.2893;2.2810;2.2269;2.2163,6980;6975;6985;6970;6990,C;C;C;C;C,57,no_trade,in_position,0.0,,0.0,-1,257,6985.0,C,0.4391428530216217,0.007627695798873901,True,nan,nan,,0
2026-01-30,69,366219,6952.81005859375,-0.33000001311302185,321,1.3675262928009033,1.950883150100708,0.5833568572998047,1.9509;1.9486;1.8744;1.8401;1.8092,6985;6980;6975;6990;6995,C;C;C;C;C,55,no_trade,in_position,0.0,,0.0,-1,212,6870.0,P,0.6629032492637634,0.013429522514343262,True,nan,nan,,0
2026-01-30,70,366220,6955.009765625,-0.33000001311302185,320,1.3452680110931396,2.2744343280792236,0.929166316986084,2.2744;2.2475;2.2459;2.2351;2.2035,6980;6975;6970;6985;6990,C;C;C;C;C,60,no_trade,in_position,0.0,,0.0,-1,230,6915.0,P,0.6349999904632568,0.006818115711212158,True,nan,nan,,0
2026-01-30,71,366221,6956.85009765625,-0.33000001311302185,319,1.617216944694519,2.277658224105835,0.6604412794113159,2.2777;2.2299;2.2296;2.2012;2.1898,6980;6985;6990;6975;6970,C;C;C;C;C,64,no_trade,in_position,0.0,,0.0,-1,236,6930.0,P,0.5487499833106995,0.018458783626556396,True,nan,nan,,0
2026-01-30,72,366222,6958.33984375,-0.33000001311302185,318,1.424884557723999,2.286388874053955,0.861504316329956,2.2864;2.2703;2.2587;2.2166;2.2148,6980;6985;6990;6970;6975,C;C;C;C;C,58,no_trade,in_position,0.0,,0.0,-1,224,6900.0,P,0.43754515051841736,0.003931820392608643,True,nan,nan,,0
2026-01-30,73,366223,6956.2001953125,-0.33000001311302185,317,1.567145586013794,2.143463611602783,0.5763180255889893,2.1435;2.1272;2.1211;2.0956;2.0675,6980;6985;6975;6990;6970,C;C;C;C;C,59,trade,,6980.0,C,5.199999809265137,255,234,6925.0,P,0.5930480360984802,0.03581732511520386,True,0.041272727272727336,-0.5517753088257529,TRAILING_STOP,5
2026-01-30,74,366224,6957.43994140625,-0.33000001311302185,316,1.5663559436798096,2.2614994049072266,0.695143461227417,2.2615;2.2574;2.2523;2.2138;2.2053,6985;6980;6990;6970;6975,C;C;C;C;C,57,no_trade,in_position,0.0,,0.0,-1,240,6940.0,P,0.5808236002922058,0.008041024208068848,True,nan,nan,,0
2026-01-30,75,366225,6958.18017578125,-0.33000001311302185,315,1.6084131002426147,2.260474681854248,0.6520615816116333,2.2605;2.2441;2.2254;2.2139;2.1290,6990;6985;6975;6980;7000,C;C;C;C;C,59,no_trade,in_position,0.0,,0.0,-1,238,6935.0,P,0.7010937333106995,0.0048868656158447266,True,nan,nan,,0
2026-01-30,76,366226,6962.2001953125,-0.33000001311302185,314,1.5576708316802979,2.679347038269043,1.1216762065887451,2.6793;2.6623;2.6497;2.6070;2.6064,6980;6985;6990;6995;6975,C;C;C;C;C,69,no_trade,in_position,0.0,,0.0,-1,208,6860.0,P,0.45250001549720764,0.05555561184883118,True,nan,nan,,0
2026-01-30,77,366227,6960.919921875,-0.33000001311302185,313,1.7866456508636475,2.457857131958008,0.6712114810943604,2.4579;2.4466;2.4430;2.4323;2.3980,6980;6985;6990;6975;6995,C;C;C;C;C,72,no_trade,in_position,0.0,,0.0,-1,228,6910.0,P,0.5675585269927979,0.0063664913177490234,True,nan,nan,,0
2026-01-30,78,366228,6961.31982421875,-0.33000001311302185,312,1.9634544849395752,2.1610023975372314,0.19754791259765625,2.1610;2.1527;2.1516;2.1261;2.1198,6990;6985;6980;6975;6995,C;C;C;C;C,62,no_trade,in_position,0.0,,0.0,-1,232,6920.0,P,0.3232608437538147,0.006565958261489868,True,nan,nan,,0
2026-01-30,79,366229,6958.33984375,-0.33000001311302185,311,1.7470531463623047,2.0169222354888916,0.2698690891265869,2.0169;1.9945;1.9809;1.9764;1.9475,6980;6975;6970;6985;6990,C;C;C;C;C,56,no_trade,in_position,0.0,,0.0,-1,234,6925.0,P,0.44857150316238403,0.0045715272426605225,True,nan,nan,,0
2026-01-30,80,366230,6956.7001953125,-0.33000001311302185,310,1.904612421989441,2.361752510070801,0.45714008808135986,2.3618;2.3388;2.2946;2.2934;2.2894,6980;6975;6985;6970;6990,C;C;C;C;C,63,trade,,6980.0,C,5.300000190734863,255,214,6875.0,P,0.5053846836090088,0.07286438345909119,True,-0.2744813259396537,-0.7798660095486625,STOP_LOSS,2
2026-01-30,81,366231,6955.0400390625,-0.33000001311302185,309,1.5298070907592773,1.8073980808258057,0.2775909900665283,1.8074;1.8051;1.7890;1.7454;1.7274,6975;6970;6980;6965;6985,C;C;C;C;C,59,no_trade,in_position,0.0,,0.0,-1,228,6910.0,P,0.5241667032241821,0.006117820739746094,True,nan,nan,,0
2026-01-30,82,366232,6953.9599609375,-0.33000001311302185,308,1.631282091140747,1.9834645986557007,0.3521825075149536,1.9835;1.9738;1.9532;1.9246;1.8880,6980;6975;6970;6965;6985,C;C;C;C;C,58,no_trade,in_position,0.0,,0.0,-1,244,6950.0,P,0.17472626268863678,0.006419748067855835,True,nan,nan,,0
2026-01-30,83,366233,6947.10009765625,-0.33000001311302185,307,1.6929621696472168,1.6682279109954834,-0.0247342586517334,1.6682;1.5939;1.5932;1.5818;1.5790,6970;6965;6975;6910;6980,C;C;C;P;C,57,no_trade,in_position,0.0,,0.0,-1,222,6895.0,P,0.5888135433197021,0.01624596118927002,True,nan,nan,,0
2026-01-30,84,366234,6949.10986328125,-0.33000001311302185,306,1.6951407194137573,2.2620887756347656,0.5669480562210083,2.2621;2.2409;2.2351;2.1784;2.1559,6975;6980;6970;6985;6965,C;C;C;C;C,64,no_trade,cooldown,0.0,,0.0,-1,230,6915.0,P,0.35982757806777954,0.004246115684509277,True,nan,nan,,0
2026-01-30,85,366235,6947.31005859375,-0.33000001311302185,305,1.8952182531356812,2.064133644104004,0.16891539096832275,2.0641;1.9821;1.9789;1.9571;1.9326,6970;6975;6980;6960;6965,C;C;C;C;C,56,no_trade,cooldown,0.0,,0.0,-1,232,6920.0,P,0.4704166650772095,0.009382188320159912,True,nan,nan,,0
2026-01-30,86,366236,6945.009765625,-0.33000001311302185,304,1.5581867694854736,1.8674449920654297,0.30925822257995605,1.8674;1.8434;1.8305;1.8040;1.7414,6970;6960;6975;6965;6980,C;C;C;C;C,58,trade,,6970.0,C,5.400000095367432,251,238,6935.0,P,0.5211607217788696,0.01219165325164795,True,-0.3630356915173479,-0.8841964132962175,STOP_LOSS,18
2026-01-30,87,366237,6944.830078125,-0.33000001311302185,303,1.931185007095337,2.1670775413513184,0.23589253425598145,2.1671;2.1037;2.0914;2.0778;2.0591,6970;6975;6965;6980;6960,C;C;C;C;C,56,no_trade,in_position,0.0,,0.0,-1,226,6905.0,P,0.48568177223205566,0.015265107154846191,True,nan,nan,,0
2026-01-30,88,366238,6944.580078125,-0.33000001311302185,302,1.786048173904419,1.7171579599380493,-0.06889021396636963,1.7172;1.7128;1.6596;1.6332;1.6103,6965;6970;6960;6900;6975,C;C;C;P;C,56,no_trade,in_position,0.0,,0.0,-1,212,6870.0,P,0.49529406428337097,0.00067862868309021,True,nan,nan,,0
2026-01-30,89,366239,6943.4501953125,-0.33000001311302185,301,1.7784960269927979,1.7584662437438965,-0.020029783248901367,1.7585;1.7253;1.7012;1.6642;1.6549,6970;6965;6910;6980;6920,C;C;P;C;P,55,no_trade,in_position,0.0,,0.0,-1,216,6880.0,P,0.5520929098129272,0.03849917650222778,True,nan,nan,,0
2026-01-30,90,366240,6943.75,-0.33000001311302185,300,1.666630744934082,2.1188082695007324,0.4521775245666504,2.1188;2.0954;2.0752;2.0668;2.0130,6970;6965;6960;6975;6980,C;C;C;C;C,55,no_trade,in_position,0.0,,0.0,-1,218,6885.0,P,0.4850980043411255,0.023243725299835205,True,nan,nan,,0
2026-01-30,91,366241,6942.16015625,-0.33000001311302185,299,1.604103922843933,1.7940715551376343,0.18996763229370117,1.7941;1.7817;1.7711;1.7552;1.7125,6965;6960;6970;6920;6975,C;C;C;P;C,58,no_trade,in_position,0.0,,0.0,-1,236,6930.0,P,0.6048454642295837,0.0011199712753295898,True,nan,nan,,0
2026-01-30,92,366242,6944.1201171875,-0.33000001311302185,298,1.7179940938949585,1.9897233247756958,0.2717292308807373,1.9897;1.9887;1.9763;1.8876;1.8487,6960;6970;6965;6975;6955,C;C;C;C;C,59,no_trade,in_position,0.0,,0.0,-1,220,6890.0,P,0.5414813756942749,0.017967820167541504,True,nan,nan,,0
2026-01-30,93,366243,6944.0,-0.33000001311302185,297,1.4030574560165405,1.7864656448364258,0.38340818881988525,1.7865;1.7582;1.7446;1.7247;1.7096,6965;6970;6930;6940;6920,C;C;P;P;P,59,no_trade,in_position,0.0,,0.0,-1,218,6885.0,P,0.4248000383377075,0.02188083529472351,True,nan,nan,,0
2026-01-30,94,366244,6942.31005859375,-0.33000001311302185,296,1.4716882705688477,1.6574288606643677,0.18574059009552002,1.6574;1.5991;1.5652;1.5537;1.5439,6930;6925;6970;6920;6900,P;P;C;P;P,59,no_trade,in_position,0.0,,0.0,-1,216,6880.0,P,0.35916662216186523,0.00030291080474853516,True,nan,nan,,0
2026-01-30,95,366245,6939.64013671875,-0.33000001311302185,295,1.5270954370498657,2.151576519012451,0.6244810819625854,2.1516;2.1310;2.1115;2.0579;2.0481,6960;6950;6965;6970;6955,C;C;C;C;C,61,no_trade,in_position,0.0,,0.0,-1,234,6925.0,P,1.0560870170593262,0.0027538537979125977,True,nan,nan,,0
2026-01-30,96,366246,6948.2900390625,-0.33000001311302185,294,1.9598478078842163,2.6003777980804443,0.640529990196228,2.6004;2.5798;2.5287;2.5094;2.3949,6970;6975;6980;6965;6985,C;C;C;C;C,60,no_trade,in_position,0.0,,0.0,-1,238,6935.0,P,0.3569902777671814,0.02136528491973877,True,nan,nan,,0
2026-01-30,97,366247,6945.64990234375,-0.33000001311302185,293,1.3787356615066528,1.7049323320388794,0.32619667053222656,1.7049;1.5777;1.5424;1.5014;1.4991,6905;6915;6900;6965;6970,P;P;P;C;C,50,no_trade,in_position,0.0,,0.0,-1,218,6885.0,P,0.48190489411354065,0.0004343390464782715,True,nan,nan,,0
2026-01-30,98,366248,6944.22998046875,-0.33000001311302185,292,1.273012638092041,1.6959704160690308,0.42295777797698975,1.6960;1.6915;1.6855;1.6833;1.6450,6960;6965;6955;6970;6950,C;C;C;C;C,57,no_trade,in_position,0.0,,0.0,-1,238,6935.0,P,0.3686555027961731,0.007914841175079346,True,nan,nan,,0
2026-01-30,99,366249,6941.1201171875,-0.33000001311302185,291,1.2285852432250977,1.7980060577392578,0.5694208145141602,1.7980;1.7849;1.7841;1.7536;1.7139,6960;6965;6955;6970;6950,C;C;C;C;C,56,no_trade,in_position,0.0,,0.0,-1,232,6920.0,P,0.42412903904914856,0.00011029839515686035,True,nan,nan,,0
2026-01-30,100,366250,6940.16015625,-0.33000001311302185,290,1.5370821952819824,1.820670247077942,0.2835880517959595,1.8207;1.7828;1.7746;1.7426;1.7403,6960;6965;6970;6955;6950,C;C;C;C;C,57,no_trade,in_position,0.0,,0.0,-1,216,6880.0,P,0.5546342134475708,0.00991731882095337,True,nan,nan,,0
2026-01-30,101,366251,6940.83984375,-0.33000001311302185,289,1.7877222299575806,1.8315296173095703,0.043807387351989746,1.8315;1.8272;1.7597;1.7586;1.6484,6970;6965;6975;6960;6980,C;C;C;C;C,53,no_trade,in_position,0.0,,0.0,-1,230,6915.0,P,0.6762500405311584,0.01746213436126709,True,nan,nan,,0
2026-01-30,102,366252,6942.7900390625,-0.33000001311302185,288,1.4589922428131104,1.8700222969055176,0.4110300540924072,1.8700;1.8292;1.7892;1.7307;1.6540,6970;6965;6960;6975;6980,C;C;C;C;C,52,no_trade,in_position,0.0,,0.0,-1,220,6890.0,P,0.4146520495414734,0.0063593387603759766,True,nan,nan,,0
2026-01-30,103,366253,6940.919921875,-0.33000001311302185,287,1.253300428390503,1.78467857837677,0.5313781499862671,1.7847;1.7746;1.7745;1.7110;1.5913,6965;6960;6970;6975;6950,C;C;C;C;C,49,no_trade,in_position,0.0,,0.0,-1,206,6855.0,P,0.5381443500518799,0.00510859489440918,True,nan,nan,,0
2026-01-30,104,366254,6941.919921875,-0.33000001311302185,286,1.4559966325759888,1.4976023435592651,0.04160571098327637,1.4976;1.4671;1.4379;1.4148;1.4017,6970;6915;6900;6965;6905,C;P;P;C;P,49,no_trade,in_position,0.0,,0.0,-1,214,6875.0,P,0.3955555856227875,0.04110249876976013,True,nan,nan,,0
2026-02-02,60,366600,6968.31005859375,-0.33000001311302185,330,2.6775827407836914,2.359395742416382,-0.31818699836730957,2.3594;2.3581;2.3233;2.3176;2.2527,6975;6980;6985;6970;6990,C;C;C;C;C,57,no_trade,gate,0.0,,0.0,-1,174,6960.0,C,0.2842942178249359,0.02280488610267639,True,nan,nan,,0
2026-02-02,61,366601,6971.39013671875,-0.33000001311302185,329,2.7300524711608887,2.496596336364746,-0.23345613479614258,2.4966;2.4941;2.4705;2.3997;2.3623,6985;6980;6990;6995;6975,C;C;C;C;C,59,no_trade,gate,0.0,,0.0,-1,182,6980.0,C,0.34953126311302185,0.003717362880706787,True,nan,nan,,0
2026-02-02,62,366602,6972.419921875,-0.33000001311302185,328,2.453075647354126,2.444766044616699,-0.008309602737426758,2.4448;2.4407;2.4135;2.4044;2.3371,6980;6985;6975;6990;6995,C;C;C;C;C,61,no_trade,gate,0.0,,0.0,-1,176,6965.0,C,-0.014105959795415401,0.003793199546635151,True,nan,nan,,0
2026-02-02,63,366603,6973.33984375,-0.33000001311302185,327,2.544654369354248,2.493926763534546,-0.05072760581970215,2.4939;2.4845;2.4545;2.4476;2.3895,6980;6985;6990;6975;6995,C;C;C;C;C,55,no_trade,gate,0.0,,0.0,-1,185,6985.0,P,-0.01290909107774496,0.017960473895072937,True,nan,nan,,0
2026-02-02,64,366604,6974.080078125,-0.33000001311302185,326,2.38700270652771,2.1685791015625,-0.21842360496520996,2.1686;2.1617;2.1275;2.1122;2.0604,6980;6985;6990;6975;6995,C;C;C;C;C,54,no_trade,gate,0.0,,0.0,-1,183,6980.0,P,0.6290243864059448,0.03552734851837158,True,nan,nan,,0
2026-02-02,65,366605,6975.27001953125,-0.33000001311302185,325,2.438723087310791,2.1823365688323975,-0.25638651847839355,2.1823;2.1775;2.1449;2.0972;2.0966,6980;6985;6990;6995;6975,C;C;C;C;C,52,no_trade,gate,0.0,,0.0,-1,185,6985.0,P,0.4382692277431488,0.001412123441696167,True,nan,nan,,0
2026-02-02,66,366606,6974.68994140625,-0.33000001311302185,324,2.428917169570923,2.3180484771728516,-0.11086869239807129,2.3180;2.3108;2.2796;2.2762;2.2184,6985;6980;6990;6975;6995,C;C;C;C;C,51,no_trade,gate,0.0,,0.0,-1,177,6965.0,P,0.7644999623298645,0.02655470371246338,True,nan,nan,,0
2026-02-02,67,366607,6977.31005859375,-0.33000001311302185,323,2.4085047245025635,2.5875654220581055,0.179060697555542,2.5876;2.5713;2.5463;2.5142;2.4684,6985;6990;6980;6995;6975,C;C;C;C;C,55,trade,,6985.0,C,5.170000076293945,184,171,6950.0,P,0.6248387694358826,0.040598154067993164,True,-0.4127586307933863,-1.037597400229269,STOP_LOSS,10
2026-02-02,68,366608,6978.47021484375,-0.33000001311302185,322,2.3785574436187744,2.5054609775543213,0.12690353393554688,2.5055;2.4951;2.4879;2.4407;2.3700,6985;6990;6980;6995;7000,C;C;C;C;C,53,no_trade,in_position,0.0,,0.0,-1,185,6985.0,P,0.5971240997314453,1.0609626770019531e-05,True,nan,nan,,0
2026-02-02,69,366609,6980.259765625,-0.33000001311302185,321,2.487947940826416,2.377530813217163,-0.11041712760925293,2.3775;2.3731;2.3331;2.3272;2.2593,6985;6990;6980;6995;7000,C;C;C;C;C,57,no_trade,in_position,0.0,,0.0,-1,181,6975.0,P,0.4414999783039093,0.007800012826919556,True,nan,nan,,0
2026-02-02,70,366610,6979.25,-0.33000001311302185,320,2.557731866836548,2.219980001449585,-0.3377518653869629,2.2200;2.1846;2.1340;2.0833;1.9900,6945;6960;6965;6950;6975,P;P;P;P;P,52,no_trade,in_position,0.0,,0.0,-1,167,6940.0,P,0.3086274564266205,0.0036275386810302734,True,nan,nan,,0
2026-02-02,71,366611,6975.6201171875,-0.33000001311302185,319,2.5092122554779053,2.1788837909698486,-0.33032846450805664,2.1789;2.0612;2.0515;2.0376;2.0331,6950;6970;6960;6980;6985,P;P;P;C;C,53,no_trade,in_position,0.0,,0.0,-1,185,6985.0,P,0.43705883622169495,0.047256916761398315,True,nan,nan,,0
2026-02-02,72,366612,6974.52001953125,-0.33000001311302185,318,2.367108106613159,2.199587821960449,-0.16752028465270996,2.1996;2.1695;2.1488;2.1228;2.0478,6980;6985;6975;6990;6995,C;C;C;C;C,50,no_trade,in_position,0.0,,0.0,-1,185,6985.0,P,0.4228411018848419,0.0002696216106414795,True,nan,nan,,0
2026-02-02,73,366613,6973.31005859375,-0.33000001311302185,317,2.385727643966675,2.1151349544525146,-0.27059268951416016,2.1151;2.1017;2.0621;2.0587;2.0030,6980;6985;6975;6990;6970,C;C;C;C;P,51,no_trade,in_position,0.0,,0.0,-1,183,6980.0,P,0.5067442655563354,0.0142441987991333,True,nan,nan,,0
2026-02-02,74,366614,6974.08984375,-0.33000001311302185,316,2.4445362091064453,2.129526376724243,-0.31500983238220215,2.1295;2.0596;2.0007;1.9868;1.9562,6950;6970;6980;6985;6990,P;P;C;C;C,50,no_trade,in_position,0.0,,0.0,-1,181,6975.0,P,0.3749557435512543,0.027279704809188843,True,nan,nan,,0
2026-02-02,75,366615,6971.89013671875,-0.33000001311302185,315,2.255396842956543,2.2775650024414062,0.02216815948486328,2.2776;2.2664;2.2311;2.1660;2.0848,6975;6980;6985;6990;6970,C;C;C;C;C,52,no_trade,in_position,0.0,,0.0,-1,177,6965.0,P,0.22121621668338776,0.006134256720542908,True,nan,nan,,0
2026-02-02,76,366616,6971.77978515625,-0.33000001311302185,314,2.2003393173217773,2.0243091583251953,-0.17603015899658203,2.0243;1.9231;1.9194;1.9010;1.8944,6950;6980;6960;6985;6945,P;C;P;C;P,48,no_trade,in_position,0.0,,0.0,-1,177,6965.0,P,0.4913698434829712,0.004227012395858765,True,nan,nan,,0
2026-02-02,77,366617,6971.759765625,-0.33000001311302185,313,2.0874316692352295,2.1270711421966553,0.03963947296142578,2.1271;2.0902;2.0608;2.0413;1.9261,6970;6950;6960;6965;6945,P;P;P;P;P,50,no_trade,in_position,0.0,,0.0,-1,175,6960.0,P,0.3855814039707184,0.004396349191665649,True,nan,nan,,0
2026-02-02,78,366618,6971.31005859375,-0.33000001311302185,312,2.075514554977417,1.9387962818145752,-0.1367182731628418,1.9388;1.8861;1.8758;1.8694;1.8623,6960;6965;6950;6970;6955,P;P;P;P;P,51,no_trade,in_position,0.0,,0.0,-1,185,6985.0,P,-0.01274200901389122,0.0009822174906730652,True,nan,nan,,0
2026-02-02,79,366619,6970.18994140625,-0.33000001311302185,311,2.006882905960083,1.866020917892456,-0.14086198806762695,1.8660;1.7757;1.7582;1.7162;1.6682,6950;6960;6955;6970;6945,P;P;P;P;P,46,no_trade,cooldown,0.0,,0.0,-1,175,6960.0,P,0.21508195996284485,0.0076819658279418945,True,nan,nan,,0
2026-02-02,80,366620,6971.3798828125,-0.33000001311302185,310,2.153427839279175,2.29622745513916,0.14279961585998535,2.2962;2.2933;2.2501;2.2472;2.1759,6975;6980;6970;6985;6990,C;C;C;C;C,54,no_trade,cooldown,0.0,,0.0,-1,175,6960.0,P,0.5958928465843201,0.01894986629486084,True,nan,nan,,0
2026-02-02,81,366621,6972.8701171875,-0.33000001311302185,309,2.098883628845215,1.8881967067718506,-0.21068692207336426,1.8882;1.8649;1.8007;1.7987;1.7764,6950;6960;6980;6940;6975,P;P;C;P;C,45,no_trade,gate,0.0,,0.0,-1,181,6975.0,P,0.5011353492736816,0.01751995086669922,True,nan,nan,,0
2026-02-02,82,366622,6972.490234375,-0.33000001311302185,308,1.9201916456222534,2.1077334880828857,0.18754184246063232,2.1077;1.9935;1.9290;1.9273;1.9113,6960;6970;6975;6955;6980,P;P;C;P;C,50,trade,,6960.0,P,5.650000095367432,175,175,6960.0,P,0.558867871761322,0.011672616004943848,True,0.5588678954189985,2.3657676484489798e-08,TAKE_PROFIT,9
2026-02-02,83,366623,6973.330078125,-0.33000001311302185,307,1.881800889968872,2.1141059398651123,0.23230504989624023,2.1141;2.1133;2.0859;2.0384;1.9580,6970;6975;6980;6985;6990,C;C;C;C;C,49,no_trade,in_position,0.0,,0.0,-1,183,6980.0,P,0.48335936665534973,0.014682888984680176,True,nan,nan,,0
2026-02-02,84,366624,6972.830078125,-0.33000001311302185,306,1.9042012691497803,1.9650869369506836,0.06088566780090332,1.9651;1.9110;1.8789;1.8600;1.8529,6950;6955;6960;6975;6945,P;P;P;C;P,45,no_trade,in_position,0.0,,0.0,-1,173,6955.0,P,0.42437487840652466,0.01272350549697876,True,nan,nan,,0
2026-02-02,85,366625,6971.72998046875,-0.33000001311302185,305,1.9046767950057983,2.039579153060913,0.13490235805511475,2.0396;1.9343;1.9148;1.8696;1.8610,6950;6965;6960;6955;6975,P;P;P;P;C,48,no_trade,in_position,0.0,,0.0,-1,177,6965.0,P,0.28082355856895447,0.010193675756454468,True,nan,nan,,0
2026-02-02,86,366626,6969.06005859375,-0.33000001311302185,304,1.8421282768249512,1.933979868888855,0.09185159206390381,1.9340;1.8956;1.8805;1.8771;1.8602,6955;6960;6950;6965;6970,P;P;P;P;P,53,no_trade,in_position,0.0,,0.0,-1,178,6970.0,C,0.5266292691230774,0.013646721839904785,True,nan,nan,,0
2026-02-02,87,366627,6968.2001953125,-0.33000001311302185,303,2.09557843208313,2.139566421508789,0.04398798942565918,2.1396;2.1393;2.1150;2.0949;2.0754,6975;6970;6980;6950;6965,C;C;C;P;P,52,no_trade,in_position,0.0,,0.0,-1,180,6975.0,C,0.6109797358512878,0.01047980785369873,True,nan,nan,,0
2026-02-02,88,366628,6966.60986328125,-0.33000001311302185,302,2.0868754386901855,2.3938205242156982,0.3069450855255127,2.3938;2.3916;2.3539;2.3269;2.2823,6975;6970;6980;6965;6985,C;C;C;C;C,52,no_trade,in_position,0.0,,0.0,-1,176,6965.0,C,0.27361541986465454,0.02800324559211731,True,nan,nan,,0
2026-02-02,89,366629,6969.7900390625,-0.33000001311302185,301,1.792206883430481,2.1872191429138184,0.3950122594833374,2.1872;2.1644;2.1491;2.1060;2.0778,6950;6960;6965;6955;6975,P;P;P;P;C,55,no_trade,in_position,0.0,,0.0,-1,176,6965.0,C,0.23000000417232513,0.005943968892097473,True,nan,nan,,0
2026-02-02,90,366630,6966.9599609375,-0.33000001311302185,300,1.827662706375122,2.0468153953552246,0.21915268898010254,2.0468;1.9550;1.9511;1.9507;1.9243,6950;6960;6965;6955;6940,P;P;P;P;P,52,no_trade,in_position,0.0,,0.0,-1,176,6965.0,C,0.47203171253204346,0.01400706171989441,True,nan,nan,,0
2026-02-02,91,366631,6966.93017578125,-0.33000001311302185,299,1.7691283226013184,2.256737232208252,0.4876089096069336,2.2567;2.1675;2.1601;2.0856;2.0663,6950;6960;6965;6945;6955,P;P;P;P;P,56,no_trade,in_position,0.0,,0.0,-1,184,6985.0,C,0.744347870349884,0.05063354969024658,True,nan,nan,,0
2026-02-02,92,366632,6965.0400390625,-0.33000001311302185,298,1.8950648307800293,2.0263803005218506,0.1313154697418213,2.0264;1.9988;1.9874;1.9742;1.9370,6970;6975;6950;6960;6980,C;C;P;P;C,52,no_trade,in_position,0.0,,0.0,-1,176,6965.0,C,0.39100921154022217,0.01229947805404663,True,nan,nan,,0
2026-02-02,93,366633,6966.35009765625,-0.33000001311302185,297,1.902846336364746,2.0152390003204346,0.11239266395568848,2.0152;2.0072;2.0032;1.9752;1.9602,6950;6970;6975;6980;6960,P;C;C;C;P,51,trade,,6950.0,P,5.400000095367432,171,184,6985.0,C,0.6139130592346191,0.02231299877166748,True,-0.370899467590716,-0.9848125268253352,STOP_LOSS,6
2026-02-02,94,366634,6965.080078125,-0.33000001311302185,296,1.7702665328979492,1.9667166471481323,0.1964501142501831,1.9667;1.9498;1.9291;1.8879;1.8818,6970;6965;6975;6960;6950,C;C;C;P;P,54,no_trade,in_position,0.0,,0.0,-1,182,6980.0,C,0.6209374070167542,0.008556365966796875,True,nan,nan,,0
2026-02-02,95,366635,6962.93017578125,-0.33000001311302185,295,1.8763995170593262,2.0108425617218018,0.13444304466247559,2.0108;1.9973;1.9910;1.9839;1.9344,6970;6965;6950;6975;6960,C;C;P;C;P,54,no_trade,in_position,0.0,,0.0,-1,176,6965.0,C,0.30485981702804565,0.018984824419021606,True,nan,nan,,0
2026-02-02,96,366636,6965.64990234375,-0.33000001311302185,294,2.2471797466278076,2.8218138217926025,0.5746340751647949,2.8218;2.8054;2.7861;2.7674;2.6870,6975;6980;6970;6985;6990,C;C;C;C;C,55,no_trade,in_position,0.0,,0.0,-1,184,6985.0,C,0.5154166221618652,0.004262804985046387,True,nan,nan,,0
2026-02-02,97,366637,6966.72998046875,-0.33000001311302185,293,1.8932740688323975,2.2922122478485107,0.3989381790161133,2.2922;2.2883;2.2489;2.1827;2.1669,6970;6975;6980;6985;6965,C;C;C;C;C,49,no_trade,in_position,0.0,,0.0,-1,188,6995.0,C,0.3598039448261261,0.027553915977478027,True,nan,nan,,0
2026-02-02,98,366638,6968.43994140625,-0.33000001311302185,292,1.929294466972351,2.465329885482788,0.536035418510437,2.4653;2.4566;2.4519;2.3964;2.3024,6975;6970;6980;6985;6965,C;C;C;C;C,46,no_trade,in_position,0.0,,0.0,-1,178,6970.0,C,0.3585889935493469,0.03901752829551697,True,nan,nan,,0
2026-02-02,99,366639,6970.169921875,-0.33000001311302185,291,1.7540395259857178,2.2240655422210693,0.47002601623535156,2.2241;2.2061;2.2006;2.1463;2.0695,6975;6970;6980;6985;6965,C;C;C;C;C,50,no_trade,in_position,0.0,,0.0,-1,182,6980.0,C,0.42740002274513245,0.03739997744560242,True,nan,nan,,0
2026-02-02,100,366640,6970.9599609375,-0.33000001311302185,290,1.7635369300842285,2.213670492172241,0.4501335620880127,2.2137;2.2080;2.1713;2.1535;2.0918,6975;6980;6985;6970;6990,C;C;C;C;C,49,no_trade,in_position,0.0,,0.0,-1,182,6980.0,C,0.5841304659843445,0.025183141231536865,True,nan,nan,,0
2026-02-02,101,366641,6970.43994140625,-0.33000001311302185,289,1.7849833965301514,2.3269777297973633,0.5419943332672119,2.3270;2.3158;2.2733;2.2566;2.1244,6975;6980;6970;6985;6990,C;C;C;C;C,44,no_trade,cooldown,0.0,,0.0,-1,180,6975.0,C,0.38708341121673584,0.01858341693878174,True,nan,nan,,0
2026-02-02,102,366642,6971.669921875,-0.33000001311302185,288,1.8846858739852905,2.4297263622283936,0.545040488243103,2.4297;2.4178;2.3810;2.3095;2.2997,6980;6975;6985;6970;6990,C;C;C;C;C,43,no_trade,cooldown,0.0,,0.0,-1,182,6980.0,C,0.41220933198928833,0.014562338590621948,True,nan,nan,,0
2026-02-02,103,366643,6972.33984375,-0.33000001311302185,287,1.8681365251541138,2.4121954441070557,0.5440589189529419,2.4122;2.4113;2.3757;2.3473;2.2904,6980;6975;6985;6970;6990,C;C;C;C;C,45,trade,,6980.0,C,5.159999847412109,182,176,6965.0,C,0.4384053945541382,0.0136832594871521,True,0.039811322201015506,-0.39859407235312266,TRAILING_STOP,13
2026-02-02,104,366644,6973.18994140625,-0.33000001311302185,286,1.702577829360962,2.1992123126983643,0.49663448333740234,2.1992;2.1943;2.1326;2.1036;2.0521,6975;6980;6985;6970;6990,C;C;C;C;C,44,no_trade,in_position,0.0,,0.0,-1,176,6965.0,C,0.48093482851982117,0.2834929823875427,True,nan,nan,,0
2026-02-03,60,366990,6942.35009765625,-0.33000001311302185,330,1.9270521402359009,1.8638213872909546,-0.06323075294494629,1.8638;1.8438;1.8327;1.8059;1.7844,6965;6960;6970;6920;6930,C;C;C;P;P,54,no_trade,gate,0.0,,0.0,-1,151,6905.0,P,0.3978261351585388,0.032394081354141235,True,nan,nan,,0
2026-02-03,61,366991,6941.7099609375,-0.33000001311302185,329,2.109649419784546,1.9011709690093994,-0.20847845077514648,1.9012;1.8585;1.8489;1.8485;1.8006,6930;6925;6920;6935;6940,P;P;P;P;P,55,no_trade,gate,0.0,,0.0,-1,137,6870.0,P,0.7168222665786743,0.25010350346565247,True,nan,nan,,0
2026-02-03,62,366992,6947.3701171875,-0.33000001311302185,328,2.047098159790039,1.7909212112426758,-0.2561769485473633,1.7909;1.7653;1.7480;1.7311;1.7053,6940;6930;6935;6925;6975,P;P;P;P;C,59,no_trade,gate,0.0,,0.0,-1,169,6950.0,P,0.238662987947464,0.008893728256225586,True,nan,nan,,0
2026-02-03,63,366993,6942.2099609375,-0.33000001311302185,327,1.7997865676879883,1.7036640644073486,-0.09612250328063965,1.7037;1.6878;1.6848;1.6545;1.6117,6930;6925;6920;6960;6910,P;P;P;C;P,55,no_trade,gate,0.0,,0.0,-1,174,6965.0,C,0.6193333268165588,0.00921320915222168,True,nan,nan,,0
2026-02-03,64,366994,6938.7900390625,-0.33000001311302185,326,1.8472908735275269,1.9295580387115479,0.082267165184021,1.9296;1.8935;1.8891;1.8462;1.8439,6930;6925;6920;6915;6935,P;P;P;P;P,61,trade,,6930.0,P,10.899999618530273,161,160,6930.0,C,0.719351053237915,0.004385590553283691,True,-0.45463238787279736,-1.1739834411107124,STOP_LOSS,13
2026-02-03,65,366995,6933.52978515625,-0.33000001311302185,325,2.0650365352630615,2.061738967895508,-0.003297567367553711,2.0617;2.0465;2.0352;2.0216;1.9521,6960;6950;6955;6965;6970,C;C;C;C;C,65,no_trade,loss_cap,0.0,,0.0,-1,162,6935.0,C,0.37178346514701843,0.016505777835845947,True,nan,nan,,0
2026-02-03,66,366996,6936.5498046875,-0.33000001311302185,324,2.1729860305786133,2.7655386924743652,0.592552661895752,2.7655;2.7473;2.7274;2.7272;2.7061,6960;6965;6950;6955;6970,C;C;C;C;C,64,no_trade,loss_cap,0.0,,0.0,-1,178,6975.0,C,0.4025925099849701,0.022870033979415894,True,nan,nan,,0
2026-02-03,67,366997,6939.2900390625,-0.33000001311302185,323,1.9830117225646973,2.2811288833618164,0.29811716079711914,2.2811;2.2806;2.2760;2.1990;2.1888,6970;6965;6960;6975;6955,C;C;C;C;C,59,no_trade,loss_cap,0.0,,0.0,-1,166,6945.0,C,0.36823076009750366,0.0020692646503448486,True,nan,nan,,0
2026-02-03,68,366998,6941.990234375,-0.33000001311302185,322,1.7083650827407837,2.071049928665161,0.36268484592437744,2.0710;2.0598;2.0553;1.9763;1.9636,6960;6970;6965;6955;6975,C;C;C;C;C,57,no_trade,loss_cap,0.0,,0.0,-1,172,6960.0,C,0.4234328866004944,0.22724241018295288,True,nan,nan,,0
2026-02-03,69,366999,6942.22998046875,-0.33000001311302185,321,1.6839097738265991,1.795421838760376,0.11151206493377686,1.7954;1.7816;1.7750;1.7654;1.7611,6965;6930;6940;6970;6960,C;P;P;C;C,53,no_trade,loss_cap,0.0,,0.0,-1,174,6965.0,C,0.4841141104698181,0.03792363405227661,True,nan,nan,,0
2026-02-03,70,367000,6942.39990234375,-0.33000001311302185,320,1.5617941617965698,2.0015406608581543,0.4397464990615845,2.0015;1.9899;1.9796;1.9411;1.9150,6965;6970;6960;6955;6950,C;C;C;C;C,55,no_trade,loss_cap,0.0,,0.0,-1,172,6960.0,C,0.7549999952316284,0.010609745979309082,True,nan,nan,,0
2026-02-03,71,367001,6938.4501953125,-0.33000001311302185,319,1.7193552255630493,1.805260181427002,0.08590495586395264,1.8053;1.7922;1.7093;1.6670;1.6614,6930;6920;6925;6935;6915,P;P;P;P;P,52,no_trade,loss_cap,0.0,,0.0,-1,164,6940.0,C,0.44314679503440857,0.0023388564586639404,True,nan,nan,,0
2026-02-03,72,367002,6939.97021484375,-0.33000001311302185,318,1.9582812786102295,1.9505728483200073,-0.007708430290222168,1.9506;1.9158;1.9082;1.8929;1.8862,6955;6965;6970;6960;6950,C;C;C;C;C,54,no_trade,loss_cap,0.0,,0.0,-1,162,6935.0,C,0.651753306388855,0.022753238677978516,True,nan,nan,,0
2026-02-03,73,367003,6936.97021484375,-0.33000001311302185,317,1.6181591749191284,1.9109182357788086,0.2927590608596802,1.9109;1.8982;1.8883;1.8577;1.8340,6960;6950;6955;6970;6965,C;C;C;C;C,59,no_trade,loss_cap,0.0,,0.0,-1,174,6965.0,C,0.6700000762939453,0.042500197887420654,True,nan,nan,,0
2026-02-03,74,367004,6935.72998046875,-0.33000001311302185,316,1.73189377784729,2.000382900238037,0.26848912239074707,2.0004;1.9803;1.8874;1.8641;1.8058,6960;6955;6950;6970;6965,C;C;C;C;C,55,no_trade,loss_cap,0.0,,0.0,-1,162,6935.0,C,0.5266895890235901,0.0017421841621398926,True,nan,nan,,0
2026-02-03,75,367005,6934.52978515625,-0.33000001311302185,315,1.74800443649292,2.177443742752075,0.4294393062591553,2.1774;2.1774;2.1762;2.1330;2.0973,6955;6950;6960;6965;6945,C;C;C;C;C,64,no_trade,loss_cap,0.0,,0.0,-1,160,6930.0,C,0.43727773427963257,0.0006111264228820801,True,nan,nan,,0
2026-02-03,76,367006,6935.89013671875,-0.33000001311302185,314,2.116722822189331,2.317507266998291,0.20078444480895996,2.3175;2.3020;2.2867;2.2334;2.2259,6965;6970;6960;6955;6950,C;C;C;C;C,57,no_trade,loss_cap,0.0,,0.0,-1,184,6990.0,C,0.23839284479618073,0.02870883047580719,True,nan,nan,,0
2026-02-03,77,367007,6943.240234375,-0.33000001311302185,313,1.8323652744293213,2.3526880741119385,0.5203227996826172,2.3527;2.3333;2.3289;2.2494;2.2340,6960;6970;6965;6975;6950,C;C;C;C;C,56,no_trade,loss_cap,0.0,,0.0,-1,180,6980.0,C,0.2923404276371002,0.006450027227401733,True,nan,nan,,0
2026-02-03,78,367008,6945.66015625,-0.33000001311302185,312,1.905563473701477,2.5034923553466797,0.5979288816452026,2.5035;2.4876;2.4584;2.4465;2.3507,6965;6970;6960;6975;6980,C;C;C;C;C,57,no_trade,loss_cap,0.0,,0.0,-1,165,6940.0,P,-0.20278668403625488,0.0005841106176376343,True,nan,nan,,0
2026-02-03,79,367009,6949.02978515625,-0.33000001311302185,311,1.7381256818771362,2.4463682174682617,0.7082425355911255,2.4464;2.4252;2.4169;2.3839;2.3359,6970;6965;6975;6960;6980,C;C;C;C;C,56,no_trade,loss_cap,0.0,,0.0,-1,135,6865.0,P,0.4415384829044342,0.1469930112361908,True,nan,nan,,0
2026-02-03,80,367010,6954.08984375,-0.33000001311302185,310,1.8524094820022583,2.3203811645507812,0.46797168254852295,2.3204;2.3133;2.2766;2.2764;2.2058,6970;6975;6965;6980;6960,C;C;C;C;C,59,no_trade,loss_cap,0.0,,0.0,-1,135,6865.0,P,0.32615384459495544,0.07687853276729584,True,nan,nan,,0
2026-02-03,81,367011,6952.6298828125,-0.33000001311302185,309,1.9851107597351074,2.2826709747314453,0.2975602149963379,2.2827;2.2569;2.2102;2.2061;2.1294,6970;6975;6980;6965;6960,C;C;C;C;C,53,no_trade,loss_cap,0.0,,0.0,-1,169,6950.0,P,0.14360158145427704,0.012415185570716858,True,nan,nan,,0
2026-02-03,82,367012,6946.22998046875,-0.33000001311302185,308,2.0191495418548584,2.3451693058013916,0.3260197639465332,2.3452;2.3303;2.3081;2.2986;2.2782,6960;6970;6965;6975;6955,C;C;C;C;C,56,no_trade,loss_cap,0.0,,0.0,-1,160,6930.0,C,-0.012565955519676208,0.00010761991143226624,True,nan,nan,,0
2026-02-03,83,367013,6944.22021484375,-0.33000001311302185,307,2.0474770069122314,2.6410791873931885,0.593602180480957,2.6411;2.6399;2.6239;2.6045;2.5021,6975;6960;6970;6965;6955,C;C;C;C;C,55,no_trade,loss_cap,0.0,,0.0,-1,159,6925.0,P,-0.10061227530241013,0.002556726336479187,True,nan,nan,,0
2026-02-03,84,367014,6951.43994140625,-0.33000001311302185,306,1.9878058433532715,2.3963210582733154,0.40851521492004395,2.3963;2.3728;2.3222;2.3190;2.3029,6975;6970;6980;6965;6960,C;C;C;C;C,61,no_trade,loss_cap,0.0,,0.0,-1,157,6920.0,P,0.6587767004966736,0.019566059112548828,True,nan,nan,,0
2026-02-03,85,367015,6952.6298828125,-0.33000001311302185,305,1.8383009433746338,2.1612677574157715,0.3229668140411377,2.1613;2.0994;2.0988;2.0455;2.0070,6975;6980;6970;6965;6985,C;C;C;C;C,51,no_trade,loss_cap,0.0,,0.0,-1,165,6940.0,P,0.7517390847206116,0.08932530879974365,True,nan,nan,,0
2026-02-03,86,367016,6955.8798828125,-0.33000001311302185,304,1.8950345516204834,2.3176825046539307,0.42264795303344727,2.3177;2.2962;2.2548;2.2406;2.2136,6975;6970;6965;6980;6960,C;C;C;C;C,55,no_trade,loss_cap,0.0,,0.0,-1,169,6950.0,P,0.45067310333251953,0.04275637865066528,True,nan,nan,,0
2026-02-03,87,367017,6954.31005859375,-0.33000001311302185,303,1.9324849843978882,2.139763832092285,0.20727884769439697,2.1398;2.1295;2.1065;2.0222;1.9963,6975;6980;6970;6960;6965,C;C;C;C;C,51,no_trade,loss_cap,0.0,,0.0,-1,163,6935.0,P,0.3032352924346924,0.020985335111618042,True,nan,nan,,0
2026-02-03,88,367018,6951.64013671875,-0.33000001311302185,302,1.8969229459762573,2.220015287399292,0.32309234142303467,2.2200;2.2033;2.1928;2.1780;2.1572,6970;6975;6965;6960;6980,C;C;C;C;C,55,no_trade,loss_cap,0.0,,0.0,-1,143,6885.0,P,0.6419999599456787,0.023666679859161377,True,nan,nan,,0
2026-02-03,89,367019,6953.47021484375,-0.33000001311302185,301,1.8849246501922607,2.3014774322509766,0.4165527820587158,2.3015;2.2887;2.2589;2.1994;2.1550,6975;6980;6970;6965;6985,C;C;C;C;C,50,no_trade,loss_cap,0.0,,0.0,-1,165,6940.0,P,0.4138961434364319,0.0017701685428619385,True,nan,nan,,0
2026-02-03,90,367020,6952.330078125,-0.33000001311302185,300,1.8328925371170044,2.1578550338745117,0.3249624967575073,2.1579;2.1405;2.1026;2.0674;1.9759,6975;6970;6980;6965;6960,C;C;C;C;C,48,no_trade,loss_cap,0.0,,0.0,-1,165,6940.0,P,0.49171051383018494,0.002490490674972534,True,nan,nan,,0
2026-02-03,91,367021,6952.43017578125,-0.33000001311302185,299,1.4652119874954224,1.872714638710022,0.4075026512145996,1.8727;1.8301;1.8086;1.7868;1.7018,6970;6965;6980;6975;6960,C;C;C;C;C,47,no_trade,loss_cap,0.0,,0.0,-1,169,6950.0,P,0.3854098320007324,0.01784229278564453,True,nan,nan,,0
2026-02-03,92,367022,6950.669921875,-0.33000001311302185,298,1.4170230627059937,1.812216877937317,0.39519381523132324,1.8122;1.8072;1.8044;1.7760;1.7153,6970;6975;6965;6960;6980,C;C;C;C;C,44,no_trade,loss_cap,0.0,,0.0,-1,165,6940.0,P,0.3627174198627472,0.01294127106666565,True,nan,nan,,0
2026-02-03,93,367023,6948.1298828125,-0.33000001311302185,297,1.6133460998535156,2.202943801879883,0.5895977020263672,2.2029;2.1786;2.1768;2.1600;2.1437,6965;6970;6960;6955;6975,C;C;C;C;C,56,no_trade,loss_cap,0.0,,0.0,-1,169,6950.0,P,0.32579997181892395,0.02269652485847473,True,nan,nan,,0
2026-02-03,94,367024,6945.0498046875,-0.33000001311302185,296,1.8710300922393799,2.0448784828186035,0.17384839057922363,2.0449;2.0249;2.0179;1.9800;1.9029,6970;6965;6975;6955;6960,C;C;C;C;C,51,no_trade,loss_cap,0.0,,0.0,-1,159,6925.0,P,0.7186538577079773,0.0024565458297729492,True,nan,nan,,0
2026-02-03,95,367025,6948.2001953125,-0.33000001311302185,295,1.788536548614502,2.2710561752319336,0.48251962661743164,2.2711;2.2126;2.2115;2.2082;2.1524,6970;6965;6975;6960;6980,C;C;C;C;C,48,no_trade,loss_cap,0.0,,0.0,-1,169,6950.0,P,0.3611724376678467,0.003334611654281616,True,nan,nan,,0
2026-02-03,96,367026,6946.0,-0.33000001311302185,294,1.7255003452301025,1.8320480585098267,0.10654771327972412,1.8320;1.7860;1.7767;1.7660;1.7465,6960;6970;6965;6975;6930,C;C;C;C;P,45,no_trade,loss_cap,0.0,,0.0,-1,165,6940.0,P,0.6196841597557068,0.007541239261627197,True,nan,nan,,0
2026-02-03,97,367027,6946.3701171875,-0.33000001311302185,293,1.549703598022461,1.7872079610824585,0.23750436305999756,1.7872;1.7809;1.7550;1.6660;1.6447,6975;6970;6965;6940;6955,C;C;C;P;C,45,no_trade,loss_cap,0.0,,0.0,-1,151,6905.0,P,0.60916668176651,0.03516662120819092,True,nan,nan,,0
2026-02-03,98,367028,6947.47998046875,-0.33000001311302185,292,1.5192869901657104,2.1501920223236084,0.630905032157898,2.1502;2.1297;2.1154;2.1140;1.9966,6970;6975;6965;6960;6950,C;C;C;C;C,49,no_trade,loss_cap,0.0,,0.0,-1,169,6950.0,P,0.3049044907093048,0.028813570737838745,True,nan,nan,,0
2026-02-03,99,367029,6943.5498046875,-0.33000001311302185,291,1.345975399017334,2.0950987339019775,0.7491233348846436,2.0951;2.0330;2.0250;1.9959;1.9043,6960;6965;6970;6975;6955,C;C;C;C;C,46,no_trade,loss_cap,0.0,,0.0,-1,145,6890.0,P,0.3955555856227875,0.008555591106414795,True,nan,nan,,0
2026-02-03,100,367030,6941.91015625,-0.33000001311302185,290,1.7979168891906738,2.5426971912384033,0.7447803020477295,2.5427;2.4798;2.4184;2.4043;2.3485,6960;6970;6965;6955;6975,C;C;C;C;C,53,no_trade,loss_cap,0.0,,0.0,-1,161,6930.0,P,0.5903947353363037,0.015971601009368896,True,nan,nan,,0
2026-02-03,101,367031,6943.240234375,-0.33000001311302185,289,1.8889094591140747,2.1304268836975098,0.24151742458343506,2.1304;2.1100;2.0990;2.0779;2.0460,6965;6970;6960;6955;6950,C;C;C;C;C,47,no_trade,loss_cap,0.0,,0.0,-1,145,6890.0,P,0.7841378450393677,0.022137820720672607,True,nan,nan,,0
2026-02-03,102,367032,6945.60009765625,-0.33000001311302185,288,1.6253046989440918,1.9437196254730225,0.31841492652893066,1.9437;1.9179;1.8912;1.8617;1.7951,6970;6960;6965;6975;6955,C;C;C;C;C,46,no_trade,loss_cap,0.0,,0.0,-1,147,6895.0,P,0.7246665954589844,0.03744441270828247,True,nan,nan,,0
2026-02-03,103,367033,6947.58984375,-0.33000001311302185,287,1.411513090133667,2.184807777404785,0.7732946872711182,2.1848;2.1484;2.1462;2.1414;2.1083,6960;6965;6970;6955;6975,C;C;C;C;C,53,no_trade,loss_cap,0.0,,0.0,-1,169,6950.0,P,0.21085897088050842,0.021525606513023376,True,nan,nan,,0
2026-02-03,104,367034,6942.6298828125,-0.33000001311302185,286,1.5363540649414062,1.8443913459777832,0.30803728103637695,1.8444;1.8039;1.7835;1.7663;1.7010,6930;6920;6925;6940;6945,P;P;P;P;P,50,no_trade,loss_cap,0.0,,0.0,-1,153,6910.0,P,0.6058822870254517,0.008845269680023193,True,nan,nan,,0
2026-02-04,60,367380,6915.72998046875,-0.33000001311302185,330,1.4851441383361816,2.1399309635162354,0.6547868251800537,2.1399;2.1358;2.0647;2.0529;2.0350,6940;6950;6955;6960;6945,C;C;C;C;C,60,no_trade,gate,0.0,,0.0,-1,-1,0.0,,nan,0.0,False,nan,nan,,0
2026-02-04,61,367381,6915.22021484375,-0.33000001311302185,329,1.2945048809051514,1.9479068517684937,0.6534019708633423,1.9479;1.9385;1.9179;1.8895;1.8643,6940;6950;6945;6955;6960,C;C;C;C;C,63,no_trade,gate,0.0,,0.0,-1,-1,0.0,,nan,0.0,False,nan,nan,,0
2026-02-04,62,367382,6914.31982421875,-0.33000001311302185,328,1.4485399723052979,1.8146040439605713,0.36606407165527344,1.8146;1.8104;1.7772;1.7750;1.7029,6940;6950;6935;6945;6930,C;C;C;C;C,57,no_trade,gate,0.0,,0.0,-1,-1,0.0,,nan,0.0,False,nan,nan,,0
2026-02-04,63,367383,6909.5400390625,-0.33000001311302185,327,1.4125409126281738,1.973938226699829,0.5613973140716553,1.9739;1.9624;1.9478;1.9167;1.8721,6935;6940;6930;6945;6925,C;C;C;C;C,65,no_trade,gate,0.0,,0.0,-1,-1,0.0,,nan,0.0,False,nan,nan,,0
2026-02-04,64,367384,6905.169921875,-0.33000001311302185,326,1.7022392749786377,2.1294944286346436,0.42725515365600586,2.1295;2.1255;2.1179;2.0846;2.0778,6940;6935;6930;6945;6925,C;C;C;C;C,72,no_trade,gate,0.0,,0.0,-1,-1,0.0,,nan,0.0,False,nan,nan,,0
2026-02-04,65,367385,6901.5,-0.33000001311302185,325,1.7133793830871582,1.992483377456665,0.27910399436950684,1.9925;1.9651;1.9639;1.9389;1.8325,6925;6940;6930;6935;6945,C;C;C;C;C,64,no_trade,gate,0.0,,0.0,-1,-1,0.0,,nan,0.0,False,nan,nan,,0
2026-02-04,66,367386,6902.0498046875,-0.33000001311302185,324,1.7714837789535522,2.4848952293395996,0.7134114503860474,2.4849;2.4679;2.4156;2.3898;2.3845,6940;6930;6945;6935;6925,C;C;C;C;C,67,no_trade,gate,0.0,,0.0,-1,-1,0.0,,nan,0.0,False,nan,nan,,0
2026-02-04,67,367387,6898.4599609375,-0.33000001311302185,323,1.748893141746521,2.3763818740844727,0.6274887323379517,2.3764;2.3588;2.3501;2.3495;2.2794,6935;6925;6930;6940;6920,C;C;C;C;C,66,no_trade,gate,0.0,,0.0,-1,-1,0.0,,nan,0.0,False,nan,nan,,0
2026-02-04,68,367388,6917.22998046875,-0.33000001311302185,322,1.7567353248596191,2.959364891052246,1.202629566192627,2.9594;2.8707;2.7365;2.5221;2.0661,6915;6910;6905;6900;6895,C;C;C;C;C,28,no_trade,gate,0.0,,0.0,-1,-1,0.0,,nan,0.0,False,nan,nan,,0
2026-02-04,69,367389,6911.52978515625,-0.33000001311302185,321,1.374865174293518,2.8863120079040527,1.5114468336105347,2.8863;2.8672;2.8513;2.7640;2.5145,6930;6925;6935;6920;6915,C;C;C;C;C,61,no_trade,gate,0.0,,0.0,-1,-1,0.0,,nan,0.0,False,nan,nan,,0
2026-02-04,70,367390,6918.8798828125,-0.33000001311302185,320,1.4915491342544556,2.3010201454162598,0.8094710111618042,2.3010;2.2099;2.2041;2.1581;2.1573,6950;6955;6945;6960;6940,C;C;C;C;C,63,no_trade,gate,0.0,,0.0,-1,-1,0.0,,nan,0.0,False,nan,nan,,0
2026-02-04,71,367391,6917.52978515625,-0.33000001311302185,319,1.3994841575622559,2.1739134788513184,0.7744293212890625,2.1739;2.1351;2.1210;2.1059;2.0769,6950;6945;6940;6955;6960,C;C;C;C;C,64,no_trade,gate,0.0,,0.0,-1,-1,0.0,,nan,0.0,False,nan,nan,,0
2026-02-04,72,367392,6915.4599609375,-0.33000001311302185,318,1.4536235332489014,2.09903883934021,0.6454153060913086,2.0990;2.0508;2.0447;2.0318;2.0296,6950;6940;6945;6955;6960,C;C;C;C;C,64,no_trade,gate,0.0,,0.0,-1,-1,0.0,,nan,0.0,False,nan,nan,,0
2026-02-04,73,367393,6913.5498046875,-0.33000001311302185,317,1.2077664136886597,2.459655284881592,1.2518888711929321,2.4597;2.4433;2.4250;2.3665;2.3646,6945;6950;6940;6955;6930,C;C;C;C;C,64,no_trade,gate,0.0,,0.0,-1,-1,0.0,,nan,0.0,False,nan,nan,,0
2026-02-04,74,367394,6917.35986328125,-0.33000001311302185,316,1.3662244081497192,2.330812454223633,0.9645880460739136,2.3308;2.3130;2.3086;2.2964;2.2476,6950;6940;6945;6955;6960,C;C;C;C;C,67,no_trade,gate,0.0,,0.0,-1,-1,0.0,,nan,0.0,False,nan,nan,,0
2026-02-04,75,367395,6914.85986328125,-0.33000001311302185,315,1.147226333618164,1.983687400817871,0.836461067199707,1.9837;1.9349;1.9283;1.8811;1.8557,6950;6940;6945;6955;6960,C;C;C;C;C,57,no_trade,gate,0.0,,0.0,-1,-1,0.0,,nan,0.0,False,nan,nan,,0
2026-02-04,76,367396,6912.31005859375,-0.33000001311302185,314,1.422848105430603,1.5957698822021484,0.1729217767715454,1.5958;1.5952;1.5329;1.5067;1.5067,6950;6940;6945;6870;6880,C;C;C;P;P,63,no_trade,gate,0.0,,0.0,-1,-1,0.0,,nan,0.0,False,nan,nan,,0
2026-02-04,77,367397,6909.77978515625,-0.33000001311302185,313,1.433166742324829,2.1086902618408203,0.6755235195159912,2.1087;2.0609;2.0378;2.0309;2.0180,6940;6930;6935;6945;6950,C;C;C;C;C,64,no_trade,gate,0.0,,0.0,-1,-1,0.0,,nan,0.0,False,nan,nan,,0
2026-02-04,78,367398,6911.43994140625,-0.33000001311302185,312,1.5331478118896484,2.002286195755005,0.46913838386535645,2.0023;1.9896;1.9818;1.8200;1.8154,6950;6945;6940;6925;6960,C;C;C;C;C,58,no_trade,gate,0.0,,0.0,-1,-1,0.0,,nan,0.0,False,nan,nan,,0
2026-02-04,79,367399,6908.91015625,-0.33000001311302185,311,1.4384312629699707,2.0333571434020996,0.5949258804321289,2.0334;1.9362;1.9129;1.9082;1.8041,6950;6940;6935;6955;6945,C;C;C;C;C,57,no_trade,gate,0.0,,0.0,-1,-1,0.0,,nan,0.0,False,nan,nan,,0
2026-02-04,80,367400,6908.43017578125,-0.33000001311302185,310,1.7208747863769531,1.9910155534744263,0.27014076709747314,1.9910;1.9432;1.9371;1.9041;1.8668,6940;6935;6930;6945;6950,C;C;C;C;C,58,no_trade,gate,0.0,,0.0,-1,-1,0.0,,nan,0.0,False,nan,nan,,0
2026-02-04,81,367401,6907.5,-0.33000001311302185,309,1.7786085605621338,1.8054977655410767,0.02688920497894287,1.8055;1.7370;1.7357;1.7102;1.6884,6940;6930;6950;6935;6945,C;C;C;C;C,62,no_trade,gate,0.0,,0.0,-1,-1,0.0,,nan,0.0,False,nan,nan,,0
2026-02-04,82,367402,6909.669921875,-0.33000001311302185,308,1.728430151939392,1.9326097965240479,0.20417964458465576,1.9326;1.8189;1.8160;1.8102;1.7773,6950;6930;6945;6940;6935,C;C;C;C;C,60,no_trade,gate,0.0,,0.0,-1,-1,0.0,,nan,0.0,False,nan,nan,,0
2026-02-04,83,367403,6906.27001953125,-0.33000001311302185,307,1.4482276439666748,1.9411137104034424,0.4928860664367676,1.9411;1.8972;1.8875;1.7891;1.7428,6930;6935;6940;6945;6925,C;C;C;C;C,58,no_trade,gate,0.0,,0.0,-1,-1,0.0,,nan,0.0,False,nan,nan,,0
2026-02-04,84,367404,6909.97021484375,-0.33000001311302185,306,1.5318855047225952,2.3055055141448975,0.7736200094223022,2.3055;2.2997;2.2967;2.2845;2.2168,6940;6935;6950;6945;6955,C;C;C;C;C,61,no_trade,gate,0.0,,0.0,-1,-1,0.0,,nan,0.0,False,nan,nan,,0
2026-02-04,85,367405,6912.64990234375,-0.33000001311302185,305,1.3897113800048828,2.347852945327759,0.958141565322876,2.3479;2.2918;2.2631;2.2588;2.2526,6940;6950;6960;6935;6945,C;C;C;C;C,62,no_trade,gate,0.0,,0.0,-1,-1,0.0,,nan,0.0,False,nan,nan,,0
2026-02-04,86,367406,6905.7001953125,-0.33000001311302185,304,1.3416670560836792,2.048663377761841,0.7069963216781616,2.0487;2.0367;2.0008;1.9248;1.8798,6930;6940;6935;6945;6950,C;C;C;C;C,57,no_trade,gate,0.0,,0.0,-1,-1,0.0,,nan,0.0,False,nan,nan,,0
2026-02-04,87,367407,6905.4501953125,-0.33000001311302185,303,1.4012022018432617,2.060918092727661,0.6597158908843994,2.0609;2.0599;2.0009;1.9907;1.9198,6940;6950;6930;6945;6925,C;C;C;C;C,55,no_trade,gate,0.0,,0.0,-1,-1,0.0,,nan,0.0,False,nan,nan,,0
2026-02-04,88,367408,6911.75,-0.33000001311302185,302,1.5688910484313965,2.367213487625122,0.7983224391937256,2.3672;2.3496;2.3147;2.2810;2.2806,6940;6945;6950;6930;6935,C;C;C;C;C,59,no_trade,gate,0.0,,0.0,-1,-1,0.0,,nan,0.0,False,nan,nan,,0
2026-02-04,89,367409,6906.47998046875,-0.33000001311302185,301,1.0669422149658203,1.842419147491455,0.7754769325256348,1.8424;1.7873;1.7645;1.7345;1.7314,6940;6935;6945;6930;6950,C;C;C;C;C,57,no_trade,gate,0.0,,0.0,-1,-1,0.0,,nan,0.0,False,nan,nan,,0
2026-02-04,90,367410,6904.3798828125,-0.33000001311302185,300,1.372959852218628,1.945810317993164,0.5728504657745361,1.9458;1.9366;1.9176;1.8973;1.8891,6940;6930;6925;6935;6920,C;C;C;C;C,58,no_trade,gate,0.0,,0.0,-1,-1,0.0,,nan,0.0,False,nan,nan,,0
2026-02-04,91,367411,6902.2099609375,-0.33000001311302185,299,1.5911153554916382,1.8233757019042969,0.2322603464126587,1.8234;1.8133;1.7907;1.7798;1.7533,6940;6935;6930;6920;6925,C;C;C;C;C,61,no_trade,gate,0.0,,0.0,-1,-1,0.0,,nan,0.0,False,nan,nan,,0
2026-02-04,92,367412,6894.83984375,-0.33000001311302185,298,1.798319697380066,1.796177625656128,-0.0021420717239379883,1.7962;1.7815;1.7690;1.7639;1.7263,6925;6850;6860;6920;6930,C;P;P;C;C,70,no_trade,gate,0.0,,0.0,-1,-1,0.0,,nan,0.0,False,nan,nan,,0
2026-02-04,93,367413,6894.83984375,-0.33000001311302185,297,1.993229866027832,2.060368299484253,0.0671384334564209,2.0604;1.9675;1.8825;1.8675;1.8472,6930;6940;6935;6925;6920,C;C;C;C;C,61,no_trade,gate,0.0,,0.0,-1,-1,0.0,,nan,0.0,False,nan,nan,,0
2026-02-04,94,367414,6891.7900390625,-0.33000001311302185,296,1.9207042455673218,1.9586429595947266,0.037938714027404785,1.9586;1.9566;1.8658;1.7926;1.7315,6930;6940;6935;6950;6925,C;C;C;C;C,61,no_trade,gate,0.0,,0.0,-1,-1,0.0,,nan,0.0,False,nan,nan,,0
2026-02-04,95,367415,6890.43017578125,-0.33000001311302185,295,1.9980485439300537,2.2161149978637695,0.21806645393371582,2.2161;2.2007;2.1771;2.1195;2.1105,6930;6940;6920;6935;6910,C;C;C;C;C,66,no_trade,gate,0.0,,0.0,-1,-1,0.0,,nan,0.0,False,nan,nan,,0
2026-02-04,96,367416,6894.6201171875,-0.33000001311302185,294,2.0054714679718018,2.185853958129883,0.18038249015808105,2.1859;2.1764;2.1178;2.1173;2.1016,6940;6920;6930;6925;6935,C;C;C;C;C,61,no_trade,gate,0.0,,0.0,-1,-1,0.0,,nan,0.0,False,nan,nan,,0
2026-02-04,97,367417,6890.97021484375,-0.33000001311302185,293,1.8220278024673462,1.8287227153778076,0.006694912910461426,1.8287;1.8075;1.7752;1.7258;1.7190,6930;6920;6925;6850;6940,C;C;C;P;C,62,no_trade,gate,0.0,,0.0,-1,-1,0.0,,nan,0.0,False,nan,nan,,0
2026-02-04,98,367418,6890.6201171875,-0.33000001311302185,292,1.9116233587265015,2.0576534271240234,0.14603006839752197,2.0577;2.0550;2.0474;1.9282;1.8742,6920;6925;6930;6935;6940,C;C;C;C;C,57,no_trade,gate,0.0,,0.0,-1,-1,0.0,,nan,0.0,False,nan,nan,,0
2026-02-04,99,367419,6888.72998046875,-0.33000001311302185,291,1.8882026672363281,1.993180751800537,0.10497808456420898,1.9932;1.9349;1.9303;1.9043;1.8381,6920;6925;6910;6930;6935,C;C;C;C;C,65,no_trade,gate,0.0,,0.0,-1,-1,0.0,,nan,0.0,False,nan,nan,,0
2026-02-04,100,367420,6891.259765625,-0.33000001311302185,290,2.108438730239868,2.1068105697631836,-0.0016281604766845703,2.1068;2.0898;2.0891;2.0881;2.0759,6930;6920;6935;6940;6925,C;C;C;C;C,61,no_trade,gate,0.0,,0.0,-1,-1,0.0,,nan,0.0,False,nan,nan,,0
2026-02-04,101,367421,6892.4599609375,-0.33000001311302185,289,1.6670701503753662,2.4872331619262695,0.8201630115509033,2.4872;2.4516;2.3529;2.3048;2.2232,6930;6920;6925;6935;6940,C;C;C;C;C,58,no_trade,gate,0.0,,0.0,-1,-1,0.0,,nan,0.0,False,nan,nan,,0
2026-02-04,102,367422,6903.47021484375,-0.33000001311302185,288,1.5648919343948364,2.502220630645752,0.9373286962509155,2.5022;2.4847;2.4705;2.4024;2.3995,6940;6930;6935;6925;6945,C;C;C;C;C,65,no_trade,gate,0.0,,0.0,-1,-1,0.0,,nan,0.0,False,nan,nan,,0
2026-02-04,103,367423,6902.35009765625,-0.33000001311302185,287,1.4070100784301758,2.2324628829956055,0.8254528045654297,2.2325;2.2167;2.1945;2.1035;2.0986,6935;6930;6940;6920;6950,C;C;C;C;C,54,no_trade,gate,0.0,,0.0,-1,-1,0.0,,nan,0.0,False,nan,nan,,0
2026-02-04,104,367424,6900.77978515625,-0.33000001311302185,286,1.2725298404693604,2.132408618927002,0.8598787784576416,2.1324;2.0662;2.0410;2.0257;1.9981,6940;6930;6925;6935;6945,C;C;C;C;C,56,no_trade,gate,0.0,,0.0,-1,-1,0.0,,nan,0.0,False,nan,nan,,0
2026-02-05,60,367770,6791.66015625,0.33000001311302185,330,2.4249608516693115,1.8918485641479492,-0.5331122875213623,1.8918;1.8627;1.7892;1.7824;1.7821,6850;6750;6860;6830;6825,C;P;C;C;C,97,no_trade,gate,0.0,,0.0,-1,171,6850.0,C,-0.23413793742656708,0.0014323294162750244,True,nan,nan,,0
2026-02-05,61,367771,6786.72998046875,0.33000001311302185,329,2.479053497314453,1.9703848361968994,-0.5086686611175537,1.9704;1.9561;1.9129;1.9023;1.8906,6730;6750;6725;6720;6745,P;P;P;P;P,93,no_trade,gate,0.0,,0.0,-1,151,6800.0,C,-0.01339708361774683,0.0004340857267379761,True,nan,nan,,0
2026-02-05,62,367772,6782.259765625,0.33000001311302185,328,2.3719682693481445,1.8796311616897583,-0.49233710765838623,1.8796;1.8505;1.8475;1.8321;1.8199,6750;6730;6850;6735;6720,P;P;C;P;P,101,no_trade,gate,0.0,,0.0,-1,151,6800.0,C,-0.013386666774749756,0.0004445025697350502,True,nan,nan,,0
2026-02-05,63,367773,6783.1298828125,0.33000001311302185,327,2.526458501815796,1.9236761331558228,-0.6027823686599731,1.9237;1.9154;1.8552;1.8408;1.8357,6860;6750;6875;6850;6720,C;P;C;C;P,91,no_trade,gate,0.0,,0.0,-1,151,6800.0,C,-0.01341518759727478,0.0010746084153652191,True,nan,nan,,0
2026-02-05,64,367774,6781.669921875,0.33000001311302185,326,2.423158645629883,1.8858953714370728,-0.5372632741928101,1.8859;1.7783;1.7774;1.7263;1.7073,6850;6750;6830;6730;6720,C;P;C;P;P,90,no_trade,gate,0.0,,0.0,-1,151,6800.0,C,-0.013418924994766712,0.0009729666635394096,True,nan,nan,,0
2026-02-05,65,367775,6782.10009765625,0.33000001311302185,325,2.4209911823272705,1.9109057188034058,-0.5100854635238647,1.9109;1.7931;1.7821;1.7268;1.7202,6850;6720;6750;6740;6840,C;P;P;P;C,94,no_trade,gate,0.0,,0.0,-1,151,6800.0,C,-0.013393575325608253,0.0001733042299747467,True,nan,nan,,0
2026-02-05,66,367776,6784.18994140625,0.33000001311302185,324,2.310403823852539,2.162935256958008,-0.14746856689453125,2.1629;2.0420;2.0058;1.9322;1.8913,6850;6840;6870;6835;6830,C;C;C;C;C,87,no_trade,gate,0.0,,0.0,-1,155,6810.0,C,0.38000190258026123,0.00040596723556518555,True,nan,nan,,0
2026-02-05,67,367777,6788.89990234375,0.33000001311302185,323,2.229050636291504,2.406674385070801,0.17762374877929688,2.4067;2.3170;2.2830;2.2334;2.2122,6850;6865;6860;6870;6835,C;C;C;C;C,94,trade,,6850.0,C,6.099999904632568,171,136,6760.0,P,-0.19751402735710144,0.0035768896341323853,True,-0.36609376987675174,-0.1685797425196503,STOP_LOSS,19
2026-02-05,68,367778,6793.64990234375,0.33000001311302185,322,2.254607677459717,2.086714267730713,-0.1678934097290039,2.0867;2.0008;1.9445;1.9408;1.9219,6850;6870;6860;6865;6830,C;C;C;C;C,89,no_trade,in_position,0.0,,0.0,-1,150,6795.0,P,-0.009141631424427032,0.003992381505668163,True,nan,nan,,0
2026-02-05,69,367779,6798.27001953125,0.33000001311302185,321,2.1450462341308594,2.1712160110473633,0.026169776916503906,2.1712;2.1164;2.1112;2.0143;1.9961,6850;6865;6860;6870;6855,C;C;C;C;C,98,no_trade,in_position,0.0,,0.0,-1,152,6800.0,P,-0.00825581420212984,0.004884897731244564,True,nan,nan,,0
2026-02-05,70,367780,6797.93994140625,0.33000001311302185,320,2.117908239364624,2.116072177886963,-0.0018360614776611328,2.1161;2.0565;2.0259;2.0253;2.0115,6850;6860;6865;6855;6750,C;C;C;C;P,89,no_trade,in_position,0.0,,0.0,-1,152,6800.0,P,-0.008287937380373478,0.004785323515534401,True,nan,nan,,0
2026-02-05,71,367781,6798.43017578125,0.33000001311302185,319,2.0934669971466064,2.052920341491699,-0.04054665565490723,2.0529;1.9575;1.9468;1.9295;1.8794,6750;6850;6740;6760;6860,P;C;P;P;C,88,no_trade,in_position,0.0,,0.0,-1,140,6770.0,P,0.23282258212566376,0.002544805407524109,True,nan,nan,,0
2026-02-05,72,367782,6802.91015625,0.33000001311302185,318,1.905301809310913,2.000974416732788,0.095672607421875,2.0010;1.9988;1.9697;1.9041;1.8868,6850;6865;6750;6855;6860,C;C;P;C;C,92,no_trade,in_position,0.0,,0.0,-1,140,6770.0,P,0.37216418981552124,0.02252131700515747,True,nan,nan,,0
2026-02-05,73,367783,6798.97021484375,0.33000001311302185,317,1.9706188440322876,2.167503595352173,0.19688475131988525,2.1675;2.0869;1.9880;1.9295;1.9279,6750;6740;6745;6730;6850,P;P;P;P;C,87,no_trade,in_position,0.0,,0.0,-1,136,6760.0,P,0.2284848541021347,0.002417445182800293,True,nan,nan,,0
2026-02-05,74,367784,6800.14013671875,0.33000001311302185,316,2.0039424896240234,2.199310302734375,0.19536781311035156,2.1993;2.1172;2.1010;2.0829;2.0204,6850;6860;6855;6865;6840,C;C;C;C;C,91,no_trade,in_position,0.0,,0.0,-1,130,6745.0,P,0.19611765444278717,0.012604236602783203,True,nan,nan,,0
2026-02-05,75,367785,6791.43994140625,0.33000001311302185,315,1.9211407899856567,1.8420710563659668,-0.07906973361968994,1.8421;1.8131;1.7520;1.7257;1.6861,6750;6850;6740;6720;6745,P;C;P;P;P,88,no_trade,in_position,0.0,,0.0,-1,151,6800.0,C,-0.2654689848423004,0.004386097192764282,True,nan,nan,,0
2026-02-05,76,367786,6786.919921875,0.33000001311302185,314,1.8602908849716187,2.0030388832092285,0.14274799823760986,2.0030;1.9434;1.8901;1.8452;1.8434,6750;6740;6745;6735;6730,P;P;P;P;P,91,no_trade,in_position,0.0,,0.0,-1,155,6810.0,C,0.5838754177093506,0.0005812644958496094,True,nan,nan,,0
2026-02-05,77,367787,6785.58984375,0.33000001311302185,313,1.9901272058486938,2.0186121463775635,0.02848494052886963,2.0186;1.8814;1.8689;1.8486;1.8470,6850;6830;6855;6860;6835,C;C;C;C;C,85,no_trade,in_position,0.0,,0.0,-1,163,6830.0,C,0.5746341943740845,0.024470210075378418,True,nan,nan,,0
2026-02-05,78,367788,6783.4599609375,0.33000001311302185,312,1.8728413581848145,1.9618829488754272,0.08904159069061279,1.9619;1.8880;1.7935;1.7921;1.7881,6850;6840;6845;6860;6835,C;C;C;C;C,91,no_trade,in_position,0.0,,0.0,-1,161,6825.0,C,0.4932979345321655,0.013020157814025879,True,nan,nan,,0
2026-02-05,79,367789,6784.3798828125,0.33000001311302185,311,2.044098377227783,2.086883068084717,0.042784690856933594,2.0869;1.9857;1.9760;1.9567;1.9169,6850;6840;6830;6845;6865,C;C;C;C;C,89,no_trade,in_position,0.0,,0.0,-1,163,6830.0,C,0.3354737460613251,0.0039074718952178955,True,nan,nan,,0
2026-02-05,80,367790,6790.08984375,0.33000001311302185,310,1.921714425086975,2.332895278930664,0.41118085384368896,2.3329;2.2304;2.2182;2.2119;2.1742,6850;6835;6840;6830;6865,C;C;C;C;C,91,no_trade,in_position,0.0,,0.0,-1,151,6800.0,C,0.3697112798690796,0.38309454917907715,True,nan,nan,,0
2026-02-05,81,367791,6794.72021484375,0.33000001311302185,309,1.885657548904419,2.1549789905548096,0.2693214416503906,2.1550;1.9717;1.8920;1.8905;1.8805,6850;6865;6870;6840;6830,C;C;C;C;C,81,no_trade,in_position,0.0,,0.0,-1,155,6810.0,C,-0.16664473712444305,0.029325395822525024,True,nan,nan,,0
2026-02-05,82,367792,6788.47998046875,0.33000001311302185,308,1.6619188785552979,1.83845055103302,0.17653167247772217,1.8385;1.7256;1.7118;1.6800;1.6544,6850;6830;6750;6720;6740,C;C;P;P;P,88,no_trade,in_position,0.0,,0.0,-1,157,6815.0,C,0.4843382239341736,0.09045335650444031,True,nan,nan,,0
2026-02-05,83,367793,6791.009765625,0.33000001311302185,307,1.9127399921417236,2.1277999877929688,0.21505999565124512,2.1278;2.0277;2.0221;2.0091;1.9861,6850;6840;6820;6835;6860,C;C;C;C;C,81,no_trade,in_position,0.0,,0.0,-1,157,6815.0,C,0.5178195834159851,0.770433247089386,True,nan,nan,,0
2026-02-05,84,367794,6788.85986328125,0.33000001311302185,306,1.8106424808502197,1.96695876121521,0.15631628036499023,1.9670;1.9271;1.8593;1.8501;1.7613,6830;6850;6835;6840;6855,C;C;C;C;C,77,no_trade,in_position,0.0,,0.0,-1,163,6830.0,C,0.45921358466148376,0.007963597774505615,True,nan,nan,,0
2026-02-05,85,367795,6790.64990234375,0.33000001311302185,305,1.8222090005874634,2.3459506034851074,0.523741602897644,2.3460;2.2526;2.2470;2.1761;2.1752,6850;6830;6840;6845;6835,C;C;C;C;C,79,no_trade,in_position,0.0,,0.0,-1,151,6800.0,C,0.5497536063194275,0.014190673828125,True,nan,nan,,0
2026-02-05,86,367796,6789.2099609375,0.33000001311302185,304,1.896655559539795,2.0107712745666504,0.11411571502685547,2.0108;1.9017;1.8681;1.8477;1.8056,6850;6835;6840;6830;6865,C;C;C;C;C,82,no_trade,in_position,0.0,,0.0,-1,157,6815.0,C,0.7162609100341797,0.0035127997398376465,True,nan,nan,,0
2026-02-05,87,367797,6782.81005859375,0.33000001311302185,303,1.8963912725448608,2.0346872806549072,0.1382960081100464,2.0347;2.0098;1.8974;1.8790;1.8593,6850;6830;6840;6835;6860,C;C;C;C;C,89,no_trade,in_position,0.0,,0.0,-1,151,6800.0,C,0.3129115104675293,0.002373039722442627,True,nan,nan,,0
2026-02-05,88,367798,6788.85009765625,0.33000001311302185,302,1.9560357332229614,2.365156650543213,0.40912091732025146,2.3652;2.3594;2.3491;2.3033;2.2024,6840;6830;6850;6835;6860,C;C;C;C;C,90,no_trade,cooldown,0.0,,0.0,-1,159,6820.0,C,0.386959969997406,0.0041179358959198,True,nan,nan,,0
2026-02-05,89,367799,6793.33984375,0.33000001311302185,301,1.8374285697937012,2.2124485969543457,0.37502002716064453,2.2124;2.2098;2.1546;2.1057;2.0873,6850;6885;6830;6865;6840,C;C;C;C;C,75,no_trade,cooldown,0.0,,0.0,-1,150,6795.0,P,-0.009301310405135155,0.0038420045748353004,True,nan,nan,,0
2026-02-05,90,367800,6795.240234375,0.33000001311302185,300,1.6978152990341187,2.1909496784210205,0.49313437938690186,2.1909;2.1722;2.1271;2.1251;2.1139,6850;6835;6830;6840;6845,C;C;C;C;C,83,trade,,6850.0,C,5.5,171,150,6795.0,P,-0.00938325934112072,0.0036958567798137665,True,-0.31377360960137685,-0.3043903502602561,STOP_LOSS,6
2026-02-05,91,367801,6795.89013671875,0.33000001311302185,299,1.8639225959777832,2.1563029289245605,0.29238033294677734,2.1563;2.0382;1.9849;1.9353;1.9086,6850;6830;6860;6880;6840,C;C;C;C;C,84,no_trade,in_position,0.0,,0.0,-1,150,6795.0,P,-0.009305373765528202,0.003767887130379677,True,nan,nan,,0
2026-02-05,92,367802,6795.10986328125,0.33000001311302185,298,1.7312549352645874,1.803206205368042,0.07195127010345459,1.8032;1.7947;1.7027;1.6826;1.6787,6750;6755;6740;6745;6765,P;P;P;P;P,80,no_trade,in_position,0.0,,0.0,-1,165,6835.0,C,-0.2004285454750061,0.0017202645540237427,True,nan,nan,,0
2026-02-05,93,367803,6789.5400390625,0.33000001311302185,297,1.6692533493041992,1.7734683752059937,0.10421502590179443,1.7735;1.7680;1.7670;1.7138;1.7022,6740;6850;6750;6825;6720,P;C;P;C;P,78,no_trade,in_position,0.0,,0.0,-1,155,6810.0,C,0.5953333377838135,0.0011267662048339844,True,nan,nan,,0
2026-02-05,94,367804,6787.169921875,0.33000001311302185,296,1.7419921159744263,1.882431149482727,0.14043903350830078,1.8824;1.8189;1.7426;1.6837;1.6571,6850;6835;6860;6845;6840,C;C;C;C;C,78,no_trade,in_position,0.0,,0.0,-1,159,6820.0,C,0.5084465742111206,0.000543057918548584,True,nan,nan,,0
2026-02-05,95,367805,6787.41015625,0.33000001311302185,295,1.7797629833221436,1.730879306793213,-0.048883676528930664,1.7309;1.6460;1.6363;1.6286;1.6158,6850;6820;6860;6840;6835,C;C;C;C;C,74,no_trade,in_position,0.0,,0.0,-1,175,6860.0,C,0.6006896495819092,0.048316001892089844,True,nan,nan,,0
2026-02-05,96,367806,6785.8798828125,0.33000001311302185,294,1.507415533065796,2.061994791030884,0.5545792579650879,2.0620;2.0298;1.9925;1.9317;1.9032,6850;6830;6835;6820;6825,C;C;C;C;C,87,no_trade,in_position,0.0,,0.0,-1,167,6840.0,C,0.664204478263855,0.05793952941894531,True,nan,nan,,0
2026-02-05,97,367807,6784.02978515625,0.33000001311302185,293,1.694867730140686,2.1338248252868652,0.4389570951461792,2.1338;2.0780;2.0505;2.0086;1.9973,6850;6835;6840;6825;6820,C;C;C;C;C,88,no_trade,in_position,0.0,,0.0,-1,157,6815.0,C,0.6381731629371643,0.05119657516479492,True,nan,nan,,0
2026-02-05,98,367808,6782.10986328125,0.33000001311302185,292,1.7153924703598022,1.9819107055664062,0.266518235206604,1.9819;1.9206;1.9115;1.7380;1.6845,6840;6850;6830;6820;6835,C;C;C;C;C,86,no_trade,cooldown,0.0,,0.0,-1,175,6860.0,C,0.514799952507019,0.007427096366882324,True,nan,nan,,0
2026-02-05,99,367809,6782.33984375,0.33000001311302185,291,1.7595332860946655,2.3532540798187256,0.5937207937240601,2.3533;2.2589;2.2451;2.2002;2.1451,6850;6840;6820;6800;6845,C;C;C;C;C,83,no_trade,cooldown,0.0,,0.0,-1,185,6885.0,C,0.392380952835083,0.011679112911224365,True,nan,nan,,0
2026-02-05,100,367810,6786.669921875,0.33000001311302185,290,1.78677499294281,2.1032066345214844,0.3164316415786743,2.1032;2.0652;2.0465;2.0284;2.0276,6850;6830;6835;6820;6845,C;C;C;C;C,83,trade,,6850.0,C,3.9000000953674316,171,161,6825.0,C,0.5858750939369202,0.003939688205718994,True,0.5658334145501829,-0.020041679386737288,TAKE_PROFIT,9
2026-02-05,101,367811,6784.0498046875,0.33000001311302185,289,1.6550507545471191,2.1231861114501953,0.46813535690307617,2.1232;2.0955;2.0740;2.0315;2.0277,6830;6820;6825;6850;6840,C;C;C;C;C,82,no_trade,in_position,0.0,,0.0,-1,155,6810.0,C,0.44820311665534973,0.00928419828414917,True,nan,nan,,0
2026-02-05,102,367812,6785.259765625,0.33000001311302185,288,1.5493299961090088,1.6877847909927368,0.13845479488372803,1.6878;1.6582;1.6422;1.6157;1.5989,6840;6850;6820;6810;6825,C;C;C;C;C,74,no_trade,in_position,0.0,,0.0,-1,161,6825.0,C,0.5489873886108398,0.0027374625205993652,True,nan,nan,,0
2026-02-05,103,367813,6783.35986328125,0.33000001311302185,287,1.395740032196045,1.9154151678085327,0.5196751356124878,1.9154;1.8865;1.8730;1.8481;1.8314,6830;6850;6825;6820;6845,C;C;C;C;C,83,no_trade,in_position,0.0,,0.0,-1,173,6855.0,C,0.7359259128570557,0.05342590808868408,True,nan,nan,,0
2026-02-05,104,367814,6780.1298828125,0.33000001311302185,286,1.4783936738967896,2.105041265487671,0.6266475915908813,2.1050;2.0749;2.0506;2.0487;2.0127,6825;6830;6835;6850;6800,C;C;C;C;C,88,no_trade,in_position,0.0,,0.0,-1,165,6835.0,C,0.05160002037882805,0.0008258260786533356,True,nan,nan,,0
2026-02-06,60,368160,6875.31982421875,-0.33000001311302185,330,1.4929157495498657,2.2880496978759766,0.7951339483261108,2.2880;2.2109;2.1543;2.0912;2.0285,6900;6910;6905;6920;6915,C;C;C;C;C,70,trade,,6900.0,C,7.889999866485596,213,205,6880.0,C,-0.013067484833300114,0.0021468009799718857,True,0.05233766165244526,0.06540514648574537,TRAILING_STOP,18
2026-02-06,61,368161,6875.2001953125,-0.33000001311302185,329,1.8332037925720215,2.3846521377563477,0.5514483451843262,2.3847;2.3825;2.3355;2.3273;2.3016,6900;6910;6920;6915;6905,C;C;C;C;C,71,no_trade,in_position,0.0,,0.0,-1,205,6880.0,C,-0.012764706276357174,0.0014352938160300255,True,nan,nan,,0
2026-02-06,62,368162,6876.91015625,-0.33000001311302185,328,1.789505958557129,2.604158639907837,0.814652681350708,2.6042;2.6016;2.5842;2.5607;2.5323,6910;6900;6905;6920;6915,C;C;C;C;C,71,no_trade,in_position,0.0,,0.0,-1,205,6880.0,C,0.2457326203584671,0.42390263080596924,True,nan,nan,,0
2026-02-06,63,368163,6882.91015625,-0.33000001311302185,327,1.7536742687225342,2.3423426151275635,0.5886683464050293,2.3423;2.3244;2.3217;2.3140;2.3086,6910;6915;6920;6905;6900,C;C;C;C;C,81,no_trade,in_position,0.0,,0.0,-1,214,6900.0,P,-0.01248148176819086,6.936583667993546e-05,True,nan,nan,,0
2026-02-06,64,368164,6883.75,-0.33000001311302185,326,1.8576676845550537,2.333951711654663,0.4762840270996094,2.3340;2.3108;2.3060;2.2739;2.2628,6920;6910;6915;6925;6900,C;C;C;C;C,71,no_trade,in_position,0.0,,0.0,-1,208,6885.0,P,-0.011210526339709759,0.0012800395488739014,True,nan,nan,,0
2026-02-06,65,368165,6883.89990234375,-0.33000001311302185,325,1.9280701875686646,2.508129596710205,0.5800594091415405,2.5081;2.4852;2.4642;2.4303;2.4194,6910;6920;6915;6900;6905,C;C;C;C;C,72,no_trade,in_position,0.0,,0.0,-1,204,6875.0,P,0.3563353419303894,0.0016502737998962402,True,nan,nan,,0
2026-02-06,66,368166,6880.330078125,-0.33000001311302185,324,1.7903989553451538,2.1278584003448486,0.3374594449996948,2.1279;2.1242;2.0845;2.0790;2.0751,6910;6900;6905;6920;6915,C;C;C;C;C,70,no_trade,in_position,0.0,,0.0,-1,214,6900.0,P,-0.01248148176819086,4.4833868741989136e-05,True,nan,nan,,0
2026-02-06,67,368167,6882.08984375,-0.33000001311302185,323,1.7854516506195068,2.5495877265930176,0.7641360759735107,2.5496;2.5372;2.5312;2.5197;2.5059,6915;6910;6900;6920;6905,C;C;C;C;C,70,no_trade,in_position,0.0,,0.0,-1,214,6900.0,P,-0.01249056588858366,5.7957135140895844e-05,True,nan,nan,,0
2026-02-06,68,368168,6882.740234375,-0.33000001311302185,322,1.6688663959503174,2.45332670211792,0.7844603061676025,2.4533;2.4517;2.4466;2.4375;2.4371,6910;6900;6915;6905;6920,C;C;C;C;C,72,no_trade,in_position,0.0,,0.0,-1,212,6895.0,P,0.2374444454908371,0.2487742304801941,True,nan,nan,,0
2026-02-06,69,368169,6882.68017578125,-0.33000001311302185,321,1.7272108793258667,2.419532537460327,0.6923216581344604,2.4195;2.4101;2.4020;2.3968;2.3870,6900;6920;6915;6910;6905,C;C;C;C;C,71,no_trade,in_position,0.0,,0.0,-1,212,6895.0,P,0.5778051614761353,0.03998827934265137,True,nan,nan,,0
2026-02-06,70,368170,6883.7001953125,-0.33000001311302185,320,1.8597192764282227,2.297337055206299,0.43761777877807617,2.2973;2.2933;2.2912;2.2657;2.2580,6900;6915;6910;6920;6905,C;C;C;C;C,70,no_trade,in_position,0.0,,0.0,-1,192,6845.0,P,0.5243608951568604,0.015391826629638672,True,nan,nan,,0
2026-02-06,71,368171,6883.89013671875,-0.33000001311302185,319,1.7989426851272583,2.2998530864715576,0.5009104013442993,2.2999;2.2896;2.2799;2.2671;2.2313,6920;6900;6915;6910;6905,C;C;C;C;C,72,no_trade,in_position,0.0,,0.0,-1,202,6870.0,P,0.7006422877311707,0.004869580268859863,True,nan,nan,,0
2026-02-06,72,368172,6887.2001953125,-0.33000001311302185,318,1.839103102684021,2.671254873275757,0.8321517705917358,2.6713;2.6676;2.6614;2.6327;2.6261,6920;6910;6915;6900;6925,C;C;C;C;C,78,no_trade,in_position,0.0,,0.0,-1,188,6835.0,P,0.48630431294441223,0.007073491811752319,True,nan,nan,,0
2026-02-06,73,368173,6886.330078125,-0.33000001311302185,317,1.951491355895996,2.050316095352173,0.09882473945617676,2.0503;2.0428;2.0216;2.0074;2.0063,6910;6915;6900;6920;6905,C;C;C;C;C,67,no_trade,in_position,0.0,,0.0,-1,180,6815.0,P,0.5023568868637085,0.012297123670578003,True,nan,nan,,0
2026-02-06,74,368174,6885.169921875,-0.33000001311302185,316,2.016566276550293,2.5625979900360107,0.5460317134857178,2.5626;2.5341;2.5256;2.5211;2.4793,6900;6910;6905;6915;6920,C;C;C;C;C,75,no_trade,in_position,0.0,,0.0,-1,214,6900.0,P,0.6295103430747986,0.012728691101074219,True,nan,nan,,0
2026-02-06,75,368175,6886.35986328125,-0.33000001311302185,315,1.923812985420227,2.4558210372924805,0.5320080518722534,2.4558;2.4531;2.4468;2.4421;2.4307,6915;6900;6905;6910;6920,C;C;C;C;C,70,no_trade,in_position,0.0,,0.0,-1,196,6855.0,P,0.7362500429153442,0.001088857650756836,True,nan,nan,,0
2026-02-06,76,368176,6890.25,-0.33000001311302185,314,1.944174885749817,2.3034300804138184,0.35925519466400146,2.3034;2.2889;2.2721;2.2596;2.2513,6910;6900;6905;6915;6920,C;C;C;C;C,76,no_trade,in_position,0.0,,0.0,-1,178,6810.0,P,0.5533334016799927,0.012056708335876465,True,nan,nan,,0
2026-02-06,77,368177,6891.3798828125,-0.33000001311302185,313,1.9707651138305664,2.1904361248016357,0.21967101097106934,2.1904;2.1904;2.1858;2.1665;2.1253,6910;6905;6900;6915;6920,C;C;C;C;C,75,no_trade,in_position,0.0,,0.0,-1,174,6800.0,P,0.23705585300922394,0.005307778716087341,True,nan,nan,,0
2026-02-06,78,368178,6883.83984375,-0.33000001311302185,312,2.140284776687622,1.9252605438232422,-0.21502423286437988,1.9253;1.8874;1.8662;1.8439;1.8093,6900;6895;6890;6910;6905,C;C;C;C;C,68,no_trade,in_position,0.0,,0.0,-1,178,6810.0,P,0.42824429273605347,0.020196110010147095,True,nan,nan,,0
2026-02-06,79,368179,6881.3701171875,-0.33000001311302185,311,1.9829812049865723,2.249946117401123,0.2669649124145508,2.2499;2.2226;2.2107;2.2070;2.1813,6900;6890;6895;6905;6910,C;C;C;C;C,69,no_trade,in_position,0.0,,0.0,-1,206,6880.0,P,0.1238248199224472,0.016001306474208832,True,nan,nan,,0
2026-02-06,80,368180,6873.27001953125,-0.33000001311302185,310,1.897330641746521,2.104461669921875,0.207131028175354,2.1045;2.1029;2.0619;2.0589;2.0476,6890;6900;6885;6895;6905,C;C;C;C;C,75,trade,,6890.0,C,9.699999809265137,209,211,6895.0,C,0.4546250104904175,0.020925045013427734,True,0.43369997138977046,-0.020925039100647025,TAKE_PROFIT,12
2026-02-06,81,368181,6873.52001953125,-0.33000001311302185,309,1.8148199319839478,1.8990066051483154,0.08418667316436768,1.8990;1.8583;1.8375;1.8322;1.7990,6900;6890;6895;6905;6910,C;C;C;C;C,73,no_trade,in_position,0.0,,0.0,-1,225,6930.0,C,0.6870000958442688,0.001545548439025879,True,nan,nan,,0
2026-02-06,82,368182,6870.22021484375,-0.33000001311302185,308,1.6638833284378052,2.152003288269043,0.4881199598312378,2.1520;2.1385;2.1021;2.0950;2.0622,6900;6890;6895;6885;6905,C;C;C;C;C,75,no_trade,in_position,0.0,,0.0,-1,221,6920.0,C,0.5205555558204651,0.015744566917419434,True,nan,nan,,0
2026-02-06,83,368183,6869.509765625,-0.33000001311302185,307,1.7245479822158813,2.0304243564605713,0.30587637424468994,2.0304;1.9374;1.9343;1.9269;1.9218,6900;6890;6910;6895;6905,C;C;C;C;C,73,no_trade,in_position,0.0,,0.0,-1,217,6910.0,C,0.6834481954574585,0.03463304042816162,True,nan,nan,,0
2026-02-06,84,368184,6868.10986328125,-0.33000001311302185,306,1.7571022510528564,2.228492259979248,0.4713900089263916,2.2285;2.1794;2.1666;2.1627;2.1460,6900;6890;6885;6880;6895,C;C;C;C;C,75,no_trade,in_position,0.0,,0.0,-1,229,6940.0,C,0.24901963770389557,0.04401956498622894,True,nan,nan,,0
2026-02-06,85,368185,6873.93994140625,-0.33000001311302185,305,1.8746018409729004,2.142854690551758,0.2682528495788574,2.1429;2.0827;2.0749;2.0742;2.0738,6900;6905;6895;6910;6890,C;C;C;C;C,73,no_trade,in_position,0.0,,0.0,-1,205,6880.0,C,0.3953797519207001,0.013788789510726929,True,nan,nan,,0
2026-02-06,86,368186,6876.97998046875,-0.33000001311302185,304,1.7358479499816895,2.442925214767456,0.7070772647857666,2.4429;2.3994;2.3912;2.3848;2.3826,6900;6895;6905;6890;6910,C;C;C;C;C,70,no_trade,in_position,0.0,,0.0,-1,209,6890.0,C,0.46699994802474976,0.006444394588470459,True,nan,nan,,0
2026-02-06,87,368187,6877.64013671875,-0.33000001311302185,303,1.7788925170898438,2.300281524658203,0.5213890075683594,2.3003;2.2657;2.2379;2.2172;2.1581,6900;6910;6905;6915;6890,C;C;C;C;C,66,no_trade,in_position,0.0,,0.0,-1,219,6915.0,C,0.6498181223869324,0.01624661684036255,True,nan,nan,,0
2026-02-06,88,368188,6877.16015625,-0.33000001311302185,302,1.7879289388656616,2.37239933013916,0.5844703912734985,2.3724;2.3408;2.3364;2.2551;2.2328,6900;6905;6910;6915;6895,C;C;C;C;C,63,no_trade,in_position,0.0,,0.0,-1,209,6890.0,C,0.3872321546077728,0.005927771329879761,True,nan,nan,,0
2026-02-06,89,368189,6879.39013671875,-0.33000001311302185,301,1.8095998764038086,2.2308828830718994,0.4212830066680908,2.2309;2.2008;2.1966;2.1429;2.1070,6900;6910;6905;6915;6895,C;C;C;C;C,63,no_trade,in_position,0.0,,0.0,-1,213,6900.0,C,0.5813636183738708,0.00544053316116333,True,nan,nan,,0
2026-02-06,90,368190,6877.990234375,-0.33000001311302185,300,1.7013310194015503,2.354356288909912,0.6530252695083618,2.3544;2.3467;2.3242;2.2868;2.2779,6905;6900;6910;6915;6890,C;C;C;C;C,65,no_trade,in_position,0.0,,0.0,-1,207,6885.0,C,0.2858000099658966,0.006127834320068359,True,nan,nan,,0
2026-02-06,91,368191,6882.35009765625,-0.33000001311302185,299,1.7696173191070557,2.332510471343994,0.5628931522369385,2.3325;2.3218;2.3090;2.2776;2.2627,6910;6905;6900;6915;6920,C;C;C;C;C,63,no_trade,in_position,0.0,,0.0,-1,209,6890.0,C,0.3175182342529297,0.001669168472290039,True,nan,nan,,0
2026-02-06,92,368192,6886.080078125,-0.33000001311302185,298,1.8480361700057983,2.6885123252868652,0.8404761552810669,2.6885;2.6847;2.6804;2.6681;2.6180,6910;6905;6900;6915;6920,C;C;C;C;C,71,no_trade,in_position,0.0,,0.0,-1,207,6885.0,C,0.3335326313972473,0.001641601324081421,True,nan,nan,,0
2026-02-06,93,368193,6889.3798828125,-0.33000001311302185,297,1.979485034942627,2.514341354370117,0.5348563194274902,2.5143;2.5141;2.5118;2.4793;2.4610,6920;6915;6910;6905;6925,C;C;C;C;C,68,no_trade,in_position,0.0,,0.0,-1,207,6885.0,C,0.4532405436038971,0.0040611326694488525,True,nan,nan,,0
2026-02-06,94,368194,6889.89013671875,-0.33000001311302185,296,1.9939453601837158,2.4802775382995605,0.4863321781158447,2.4803;2.4691;2.4684;2.4293;2.4222,6910;6920;6915;6900;6925,C;C;C;C;C,71,trade,,6910.0,C,6.170000076293945,217,207,6885.0,C,0.554884135723114,0.5693739056587219,True,-0.03736842230306332,-0.5922525580261774,TRAILING_STOP,11
2026-02-06,95,368195,6889.47021484375,-0.33000001311302185,295,2.015439510345459,2.888200283050537,0.8727607727050781,2.8882;2.8880;2.8766;2.8612;2.8206,6900;6910;6905;6915;6920,C;C;C;C;C,76,no_trade,in_position,0.0,,0.0,-1,207,6885.0,C,0.3542003035545349,0.014718800783157349,True,nan,nan,,0
2026-02-06,96,368196,6891.4599609375,-0.33000001311302185,294,2.142382860183716,2.5086989402770996,0.3663160800933838,2.5087;2.4916;2.4903;2.4401;2.4385,6915;6920;6910;6925;6905,C;C;C;C;C,66,no_trade,in_position,0.0,,0.0,-1,209,6890.0,C,0.4218235909938812,0.01318308711051941,True,nan,nan,,0
2026-02-06,97,368197,6894.08984375,-0.33000001311302185,293,2.097334861755371,2.6408095359802246,0.5434746742248535,2.6408;2.6347;2.6308;2.5880;2.5790,6910;6915;6920;6905;6925,C;C;C;C;C,69,no_trade,in_position,0.0,,0.0,-1,211,6895.0,C,0.2332403063774109,0.0059317946434021,True,nan,nan,,0
2026-02-06,98,368198,6891.0,-0.33000001311302185,292,2.250572443008423,2.577881336212158,0.32730889320373535,2.5779;2.5722;2.5647;2.5558;2.5287,6910;6900;6915;6905;6920,C;C;C;C;C,72,no_trade,in_position,0.0,,0.0,-1,209,6890.0,C,0.4433579444885254,0.004891633987426758,True,nan,nan,,0
2026-02-06,99,368199,6893.4501953125,-0.33000001311302185,291,2.172936201095581,2.3868017196655273,0.2138655185699463,2.3868;2.3816;2.3669;2.3254;2.3187,6915;6910;6920;6905;6925,C;C;C;C;C,65,no_trade,in_position,0.0,,0.0,-1,209,6890.0,C,0.3982924222946167,0.011258721351623535,True,nan,nan,,0
2026-02-06,100,368200,6895.259765625,-0.33000001311302185,290,2.1318447589874268,2.2973833084106445,0.16553854942321777,2.2974;2.2783;2.2716;2.2463;2.2363,6910;6915;6920;6905;6900,C;C;C;C;C,63,no_trade,in_position,0.0,,0.0,-1,207,6885.0,C,0.5221293568611145,0.02714705467224121,True,nan,nan,,0
2026-02-06,101,368201,6894.97021484375,-0.33000001311302185,289,2.424046039581299,2.2698135375976562,-0.15423250198364258,2.2698;2.2585;2.2517;2.2109;2.2012,6910;6915;6920;6925;6905,C;C;C;C;C,58,no_trade,in_position,0.0,,0.0,-1,211,6895.0,C,0.5516212582588196,0.009781837463378906,True,nan,nan,,0
2026-02-06,102,368202,6893.509765625,-0.33000001311302185,288,2.4866690635681152,2.429349899291992,-0.05731916427612305,2.4293;2.4229;2.4148;2.4077;2.3954,6910;6920;6915;6900;6925,C;C;C;C;C,60,no_trade,in_position,0.0,,0.0,-1,209,6890.0,C,0.40664711594581604,0.0071516335010528564,True,nan,nan,,0
2026-02-06,103,368203,6894.919921875,-0.33000001311302185,287,2.2466747760772705,2.535933017730713,0.2892582416534424,2.5359;2.5190;2.4933;2.4660;2.4554,6915;6920;6910;6905;6925,C;C;C;C;C,58,no_trade,in_position,0.0,,0.0,-1,207,6885.0,C,0.4773658514022827,0.49332359433174133,True,nan,nan,,0
2026-02-06,104,368204,6895.6201171875,-0.33000001311302185,286,2.292828321456909,2.613089084625244,0.32026076316833496,2.6131;2.6082;2.5845;2.5355;2.5012,6920;6915;6925;6910;6900,C;C;C;C;C,65,no_trade,in_position,0.0,,0.0,-1,207,6885.0,C,0.4773658514022827,0.49338003993034363,True,nan,nan,,0
2026-02-09,60,368550,6949.47021484375,-0.33000001311302185,330,2.124004364013672,2.3410840034484863,0.21707963943481445,2.3411;2.3259;2.3232;2.2786;2.2717,6960;6955;6965;6970;6950,C;C;C;C;C,51,trade,,6960.0,C,6.5,188,186,6955.0,C,0.39532607793807983,0.01315218210220337,True,0.3821738939399457,-0.013152183998134115,TAKE_PROFIT,6
2026-02-09,61,368551,6951.41015625,-0.33000001311302185,329,2.4540696144104004,2.660513162612915,0.20644354820251465,2.6605;2.6510;2.6440;2.5827;2.5434,6965;6970;6960;6975;6955,C;C;C;C;C,58,no_trade,in_position,0.0,,0.0,-1,188,6960.0,C,0.4277465045452118,5.418062210083008e-05,True,nan,nan,,0
2026-02-09,62,368552,6951.89990234375,-0.33000001311302185,328,2.427734375,2.480839490890503,0.05310511589050293,2.4808;2.4586;2.4458;2.4241;2.3015,6970;6965;6960;6975;6980,C;C;C;C;C,55,no_trade,in_position,0.0,,0.0,-1,194,6975.0,C,0.514799952507019,0.01353001594543457,True,nan,nan,,0
2026-02-09,63,368553,6952.58984375,-0.33000001311302185,327,2.3560566902160645,2.4789586067199707,0.12290191650390625,2.4790;2.4750;2.4480;2.4228;2.3443,6965;6970;6960;6975;6955,C;C;C;C;C,55,no_trade,in_position,0.0,,0.0,-1,186,6955.0,C,0.32971426844596863,0.025089293718338013,True,nan,nan,,0
2026-02-09,64,368554,6954.5,-0.33000001311302185,326,2.4062304496765137,2.6169230937957764,0.2106926441192627,2.6169;2.6110;2.5641;2.5621;2.4674,6965;6970;6960;6975;6980,C;C;C;C;C,56,no_trade,in_position,0.0,,0.0,-1,186,6955.0,C,0.3510434925556183,0.011611700057983398,True,nan,nan,,0
2026-02-09,65,368555,6956.240234375,-0.33000001311302185,325,2.476452350616455,2.635672092437744,0.15921974182128906,2.6357;2.6354;2.5820;2.5662;2.4980,6965;6970;6975;6960;6980,C;C;C;C;C,59,no_trade,in_position,0.0,,0.0,-1,192,6970.0,C,0.48659586906433105,0.0031176507472991943,True,nan,nan,,0
2026-02-09,66,368556,6957.169921875,-0.33000001311302185,324,2.494722604751587,2.593682289123535,0.09895968437194824,2.5937;2.5810;2.5487;2.5249;2.4484,6970;6965;6975;6960;6980,C;C;C;C;C,57,no_trade,in_position,0.0,,0.0,-1,186,6955.0,C,0.32069772481918335,0.006997793912887573,True,nan,nan,,0
2026-02-09,67,368557,6958.97998046875,-0.33000001311302185,323,2.4616024494171143,2.528614044189453,0.06701159477233887,2.5286;2.4930;2.4930;2.4279;2.4060,6970;6975;6965;6980;6960,C;C;C;C;C,51,no_trade,in_position,0.0,,0.0,-1,186,6955.0,C,0.2305833399295807,0.0037355124950408936,True,nan,nan,,0
2026-02-09,68,368558,6957.7001953125,-0.33000001311302185,322,2.5307555198669434,2.2896666526794434,-0.2410888671875,2.2897;2.2844;2.2563;2.2358;2.1703,6965;6970;6960;6975;6980,C;C;C;C;C,54,no_trade,gate,0.0,,0.0,-1,192,6970.0,C,0.6946510672569275,0.005151033401489258,True,nan,nan,,0
2026-02-09,69,368559,6954.60986328125,-0.33000001311302185,321,2.5038270950317383,2.4291980266571045,-0.07462906837463379,2.4292;2.3973;2.3946;2.3370;2.2252,6965;6970;6960;6975;6980,C;C;C;C;C,49,no_trade,gate,0.0,,0.0,-1,186,6955.0,C,0.40150436758995056,0.012194037437438965,True,nan,nan,,0
2026-02-09,70,368560,6956.81982421875,-0.33000001311302185,320,2.4169833660125732,2.5821337699890137,0.16515040397644043,2.5821;2.5722;2.5593;2.5431;2.4776,6970;6965;6960;6975;6980,C;C;C;C;C,51,trade,,6970.0,C,4.619999885559082,192,196,6980.0,C,0.6598958969116211,0.02160322666168213,True,-0.051951220720598656,-0.7118471176322198,TRAILING_STOP,5
2026-02-09,71,368561,6955.72998046875,-0.33000001311302185,319,2.3964133262634277,2.475606679916382,0.0791933536529541,2.4756;2.4577;2.4352;2.4193;2.3902,6960;6965;6970;6955;6975,C;C;C;C;C,53,no_trade,in_position,0.0,,0.0,-1,186,6955.0,C,0.41324323415756226,0.020178645849227905,True,nan,nan,,0
2026-02-09,72,368562,6957.02978515625,-0.33000001311302185,318,2.445622205734253,2.304839849472046,-0.14078235626220703,2.3048;2.2962;2.2918;2.2423;2.1862,6960;6970;6965;6975;6980,C;C;C;C;C,52,no_trade,in_position,0.0,,0.0,-1,196,6980.0,C,0.5494896769523621,0.021028101444244385,True,nan,nan,,0
2026-02-09,73,368563,6956.4599609375,-0.33000001311302185,317,2.3438198566436768,2.1042728424072266,-0.2395470142364502,2.1043;2.1013;2.0939;2.0506;1.9688,6960;6965;6970;6975;6980,C;C;C;C;C,46,no_trade,in_position,0.0,,0.0,-1,186,6955.0,C,0.4672972559928894,0.01337730884552002,True,nan,nan,,0
2026-02-09,74,368564,6957.52001953125,-0.33000001311302185,316,2.360079288482666,2.3773655891418457,0.017286300659179688,2.3774;2.3551;2.3532;2.3151;2.2286,6965;6970;6960;6975;6980,C;C;C;C;C,48,no_trade,in_position,0.0,,0.0,-1,188,6960.0,C,0.36860841512680054,0.02131327986717224,True,nan,nan,,0
2026-02-09,75,368565,6959.02978515625,-0.33000001311302185,315,2.3547093868255615,2.433943748474121,0.07923436164855957,2.4339;2.4302;2.4301;2.3882;2.3355,6965;6960;6970;6975;6980,C;C;C;C;C,56,no_trade,in_position,0.0,,0.0,-1,196,6980.0,C,0.8443242311477661,0.00099104642868042,True,nan,nan,,0
2026-02-09,76,368566,6955.89990234375,-0.33000001311302185,314,2.5478568077087402,2.360438585281372,-0.18741822242736816,2.3604;2.3550;2.3324;2.2649;2.2150,6960;6955;6965;6970;6975,C;C;C;C;C,56,no_trade,in_position,0.0,,0.0,-1,188,6960.0,C,0.48620691895484924,2.512335777282715e-05,True,nan,nan,,0
2026-02-09,77,368567,6955.77001953125,-0.33000001311302185,313,2.462756872177124,2.470303535461426,0.007546663284301758,2.4703;2.4546;2.4377;2.3989;2.3776,6960;6965;6970;6955;6975,C;C;C;C;C,52,trade,,6960.0,C,7.829999923706055,188,190,6965.0,C,0.5494443774223328,0.011127591133117676,True,0.537599984741211,-0.011844392681121807,TAKE_PROFIT,8
2026-02-09,78,368568,6955.81005859375,-0.33000001311302185,312,2.475595712661743,2.1930017471313477,-0.2825939655303955,2.1930;2.1857;2.1683;2.1219;2.1043,6965;6960;6970;6975;6955,C;C;C;C;C,51,no_trade,in_position,0.0,,0.0,-1,186,6955.0,C,0.18547619879245758,0.04764112830162048,True,nan,nan,,0
2026-02-09,79,368569,6959.68994140625,-0.33000001311302185,311,2.3500826358795166,2.5162506103515625,0.1661679744720459,2.5163;2.5122;2.5102;2.4763;2.4197,6965;6970;6960;6975;6980,C;C;C;C;C,57,no_trade,in_position,0.0,,0.0,-1,186,6955.0,C,0.4241221249103546,0.0018007159233093262,True,nan,nan,,0
2026-02-09,80,368570,6960.580078125,-0.33000001311302185,310,2.438211441040039,2.6171059608459473,0.1788945198059082,2.6171;2.6069;2.6003;2.5566;2.5063,6965;6970;6960;6975;6980,C;C;C;C;C,60,no_trade,in_position,0.0,,0.0,-1,186,6955.0,C,0.6888695955276489,0.4630741477012634,True,nan,nan,,0
2026-02-09,81,368571,6958.31005859375,-0.33000001311302185,309,2.6477444171905518,2.2617173194885254,-0.38602709770202637,2.2617;2.2520;2.2078;2.1511;2.1248,6960;6965;6970;6975;6955,C;C;C;C;C,49,no_trade,in_position,0.0,,0.0,-1,194,6975.0,C,0.44700315594673157,0.008821368217468262,True,nan,nan,,0
2026-02-09,82,368572,6958.89990234375,-0.33000001311302185,308,2.587451696395874,2.189253568649292,-0.39819812774658203,2.1893;2.1825;2.1547;2.1042;2.0406,6965;6960;6970;6975;6980,C;C;C;C;C,46,no_trade,in_position,0.0,,0.0,-1,198,6985.0,C,0.5264285802841187,0.05667862296104431,True,nan,nan,,0
2026-02-09,83,368573,6959.47021484375,-0.33000001311302185,307,2.401512622833252,2.209160566329956,-0.1923520565032959,2.2092;2.1829;2.1486;2.1254;2.0643,6950;6935;6930;6940;6925,P;P;P;P;P,50,no_trade,in_position,0.0,,0.0,-1,188,6960.0,C,0.41531240940093994,0.0014014244079589844,True,nan,nan,,0
2026-02-09,84,368574,6960.58984375,-0.33000001311302185,306,2.2806882858276367,2.114772081375122,-0.16591620445251465,2.1148;1.8995;1.8896;1.8682;1.8305,6940;6965;6970;6960;6975,P;C;C;C;C,45,no_trade,in_position,0.0,,0.0,-1,186,6955.0,C,0.4669291377067566,6.529688835144043e-05,True,nan,nan,,0
2026-02-09,85,368575,6960.72021484375,-0.33000001311302185,305,2.2311551570892334,1.9583745002746582,-0.2727806568145752,1.9584;1.9471;1.9175;1.8582;1.8581,6960;6965;6970;6940;6975,C;C;C;P;C,49,no_trade,in_position,0.0,,0.0,-1,186,6955.0,C,0.24410590529441833,0.02910594642162323,True,nan,nan,,0
2026-02-09,86,368576,6965.02978515625,-0.33000001311302185,304,2.3906846046447754,2.1889419555664062,-0.20174264907836914,2.1889;2.1714;2.1345;2.1214;2.0513,6965;6970;6960;6975;6980,C;C;C;C;C,53,no_trade,in_position,0.0,,0.0,-1,186,6955.0,C,0.3558788299560547,0.013032644987106323,True,nan,nan,,0
2026-02-09,87,368577,6966.330078125,-0.33000001311302185,303,2.497262477874756,2.1083920001983643,-0.3888704776763916,2.1084;2.1017;2.0525;2.0346;1.9240,6970;6975;6965;6980;6985,C;C;C;C;C,53,no_trade,gate,0.0,,0.0,-1,192,6970.0,C,0.5669564604759216,0.01858919858932495,True,nan,nan,,0
2026-02-09,88,368578,6966.18994140625,-0.33000001311302185,302,2.5170745849609375,2.0916800498962402,-0.42539453506469727,2.0917;2.0671;2.0288;1.9610;1.9426,6970;6975;6980;6965;6940,C;C;C;C;P,49,no_trade,gate,0.0,,0.0,-1,196,6980.0,C,0.6396609544754028,0.01761549711227417,True,nan,nan,,0
2026-02-09,89,368579,6964.68017578125,-0.33000001311302185,301,2.4407196044921875,1.9090819358825684,-0.5316376686096191,1.9091;1.9088;1.8832;1.8728;1.8295,6970;6965;6945;6975;6950,C;C;P;C;P,47,no_trade,gate,0.0,,0.0,-1,186,6955.0,C,0.3743366003036499,0.04302892088890076,True,nan,nan,,0
2026-02-09,90,368580,6966.8798828125,-0.33000001311302185,300,2.5566904544830322,2.220837116241455,-0.33585333824157715,2.2208;2.1955;2.1470;2.1366;2.0682,6970;6975;6980;6965;6985,C;C;C;C;C,49,no_trade,gate,0.0,,0.0,-1,188,6960.0,C,0.4928682744503021,0.020734041929244995,True,nan,nan,,0
2026-02-09,91,368581,6965.919921875,-0.33000001311302185,299,2.251593828201294,2.1331984996795654,-0.11839532852172852,2.1332;2.1112;2.0875;2.0455;1.9869,6970;6975;6965;6980;6940,C;C;C;C;P,50,no_trade,gate,0.0,,0.0,-1,188,6960.0,C,0.4363909065723419,0.002034485340118408,True,nan,nan,,0
2026-02-09,92,368582,6967.43994140625,-0.33000001311302185,298,2.328136444091797,2.3530571460723877,0.02492070198059082,2.3531;2.3281;2.2924;2.2654;2.2124,6970;6975;6980;6965;6985,C;C;C;C;C,52,trade,,6970.0,C,7.300000190734863,192,192,6970.0,C,0.5560869574546814,0.0001494884490966797,True,0.5560869764785907,1.9023909336723932e-08,TAKE_PROFIT,49
2026-02-09,93,368583,6966.14990234375,-0.33000001311302185,297,2.307094097137451,2.3476052284240723,0.040511131286621094,2.3476;2.3244;2.2786;2.2779;2.2010,6970;6975;6980;6965;6985,C;C;C;C;C,52,no_trade,in_position,0.0,,0.0,-1,186,6955.0,C,0.39552047848701477,0.002779752016067505,True,nan,nan,,0
2026-02-09,94,368584,6967.7900390625,-0.33000001311302185,296,2.312053680419922,2.3957061767578125,0.08365249633789062,2.3957;2.3706;2.3512;2.3267;2.2688,6970;6975;6965;6980;6985,C;C;C;C;C,50,no_trade,in_position,0.0,,0.0,-1,192,6970.0,C,0.576714277267456,0.005151867866516113,True,nan,nan,,0
2026-02-09,95,368585,6966.75,-0.33000001311302185,295,2.340574264526367,2.132145643234253,-0.20842862129211426,2.1321;2.1158;2.0750;2.0707;1.9943,6970;6975;6965;6980;6985,C;C;C;C;C,46,no_trade,in_position,0.0,,0.0,-1,190,6965.0,C,0.5254839062690735,0.006973147392272949,True,nan,nan,,0
2026-02-09,96,368586,6965.7900390625,-0.33000001311302185,294,2.3394410610198975,2.0410430431365967,-0.2983980178833008,2.0410;2.0341;2.0018;1.9402;1.8490,6970;6965;6975;6980;6985,C;C;C;C;C,47,no_trade,in_position,0.0,,0.0,-1,196,6980.0,C,0.7120753526687622,0.0322229266166687,True,nan,nan,,0
2026-02-09,97,368587,6963.60009765625,-0.33000001311302185,293,2.3598196506500244,2.1445822715759277,-0.21523737907409668,2.1446;2.1087;2.0966;2.0290;1.9275,6965;6960;6970;6975;6980,C;C;C;C;C,45,no_trade,in_position,0.0,,0.0,-1,186,6955.0,C,0.4569152593612671,0.027855396270751953,True,nan,nan,,0
2026-02-09,98,368588,6964.97998046875,-0.33000001311302185,292,2.2901289463043213,1.897709608078003,-0.39241933822631836,1.8977;1.8778;1.8643;1.8072;1.8040,6970;6965;6975;6980;6950,C;C;C;C;P,44,no_trade,in_position,0.0,,0.0,-1,196,6980.0,C,0.5680000185966492,0.02112501859664917,True,nan,nan,,0
2026-02-09,99,368589,6964.18994140625,-0.33000001311302185,291,2.1891729831695557,1.8548264503479004,-0.3343465328216553,1.8548;1.8274;1.8167;1.7804;1.7578,6965;6970;6950;6960;6975,C;C;P;C;C,45,no_trade,in_position,0.0,,0.0,-1,188,6960.0,C,0.4410434663295746,0.018129587173461914,True,nan,nan,,0
2026-02-09,100,368590,6964.8701171875,-0.33000001311302185,290,2.2532732486724854,2.218573570251465,-0.03469967842102051,2.2186;2.2023;2.1596;2.0812;2.0796,6965;6970;6975;6980;6960,C;C;C;C;C,49,no_trade,in_position,0.0,,0.0,-1,186,6955.0,C,0.45820847153663635,0.02507871389389038,True,nan,nan,,0
2026-02-09,101,368591,6965.72021484375,-0.33000001311302185,289,2.2101356983184814,2.03684663772583,-0.17328906059265137,2.0368;1.9600;1.8685;1.8350;1.7902,6950;6940;6930;6945;6960,P;P;P;P;P,45,no_trade,in_position,0.0,,0.0,-1,198,6985.0,C,0.5622223019599915,0.0004981756210327148,True,nan,nan,,0
2026-02-09,102,368592,6965.0498046875,-0.33000001311302185,288,2.183821201324463,1.8117783069610596,-0.3720428943634033,1.8118;1.7576;1.7576;1.7060;1.6700,6950;6940;6945;6955;6960,P;P;P;P;P,40,no_trade,in_position,0.0,,0.0,-1,188,6960.0,C,0.612046480178833,0.005379676818847656,True,nan,nan,,0
2026-02-09,103,368593,6963.580078125,-0.33000001311302185,287,2.265587568283081,2.0564024448394775,-0.20918512344360352,2.0564;2.0215;1.9969;1.9670;1.8966,6965;6970;6960;6975;6980,C;C;C;C;C,44,no_trade,in_position,0.0,,0.0,-1,186,6955.0,C,0.40187928080558777,0.04359358549118042,True,nan,nan,,0
2026-02-09,104,368594,6965.14990234375,-0.33000001311302185,286,2.277801275253296,1.7809348106384277,-0.49686646461486816,1.7809;1.7498;1.7306;1.6798;1.6758,6970;6975;6965;6980;6945,C;C;C;C;P,39,no_trade,in_position,0.0,,0.0,-1,188,6960.0,C,0.4291980266571045,0.008121073246002197,True,nan,nan,,0
2026-02-10,60,368940,6983.919921875,-0.33000001311302185,330,2.0265512466430664,2.2237467765808105,0.19719552993774414,2.2237;2.2137;2.1927;2.1357;2.1176,6995;7000;6990;7005;6985,C;C;C;C;C,50,trade,,6995.0,C,5.199999809265137,174,157,6950.0,P,0.5577206015586853,0.040320634841918945,True,-0.36537040630322215,-0.9230910078619075,STOP_LOSS,6
2026-02-10,61,368941,6985.3701171875,-0.33000001311302185,329,2.2263991832733154,2.2229418754577637,-0.003457307815551758,2.2229;2.2106;2.1929;2.1777;2.0861,6990;6995;6985;7000;7005,C;C;C;C;C,55,no_trade,in_position,0.0,,0.0,-1,153,6940.0,P,0.560540497303009,0.016057610511779785,True,nan,nan,,0
2026-02-10,62,368942,6985.52001953125,-0.33000001311302185,328,2.2827744483947754,2.0796520709991455,-0.20312237739562988,2.0797;2.0626;2.0553;2.0492;2.0366,6945;6960;6990;6955;6965,P;P;C;P;P,53,no_trade,in_position,0.0,,0.0,-1,149,6930.0,P,0.30723682045936584,0.00019988417625427246,True,nan,nan,,0
2026-02-10,63,368943,6982.66015625,-0.33000001311302185,327,2.2580080032348633,2.0968620777130127,-0.16114592552185059,2.0969;2.0659;2.0502;2.0135;1.8894,6990;6995;6985;7000;6980,C;C;C;C;C,47,no_trade,in_position,0.0,,0.0,-1,169,6980.0,P,0.3819626271724701,0.007518172264099121,True,nan,nan,,0
2026-02-10,64,368944,6980.830078125,-0.33000001311302185,326,2.3796098232269287,2.202643632888794,-0.17696619033813477,2.2026;2.1994;2.1492;2.1299;2.1126,6990;6985;6995;6980;7000,C;C;C;C;C,48,no_trade,in_position,0.0,,0.0,-1,155,6945.0,P,0.3664429187774658,0.01778051257133484,True,nan,nan,,0
2026-02-10,65,368945,6979.5,-0.33000001311302185,325,2.279003858566284,2.1392600536346436,-0.13974380493164062,2.1393;2.1125;2.0825;2.0761;1.9703,6990;6995;6985;7000;6980,C;C;C;C;C,44,no_trade,in_position,0.0,,0.0,-1,169,6980.0,P,0.5483783483505249,0.28337836265563965,True,nan,nan,,0
2026-02-10,66,368946,6979.97998046875,-0.33000001311302185,324,2.262711763381958,2.261746406555176,-0.0009653568267822266,2.2617;2.2564;2.2443;2.2230;2.1657,6990;6985;6995;7000;6980,C;C;C;C;C,50,no_trade,in_position,0.0,,0.0,-1,141,6910.0,P,0.20608697831630707,0.015000000596046448,True,nan,nan,,0
2026-02-10,67,368947,6975.47998046875,-0.33000001311302185,323,1.9543484449386597,2.1713995933532715,0.21705114841461182,2.1714;2.1523;2.1450;2.0760;2.0092,6985;6980;6990;6995;7000,C;C;C;C;C,49,no_trade,in_position,0.0,,0.0,-1,159,6955.0,P,-0.1704651415348053,0.006734877824783325,True,nan,nan,,0
2026-02-10,68,368948,6978.60009765625,-0.33000001311302185,322,2.0092127323150635,1.9674160480499268,-0.04179668426513672,1.9674;1.9646;1.9405;1.9404;1.8154,6990;6995;6985;7000;6960,C;C;C;C;P,46,no_trade,cooldown,0.0,,0.0,-1,169,6980.0,P,0.4432896077632904,0.05240717530250549,True,nan,nan,,0
2026-02-10,69,368949,6977.77978515625,-0.33000001311302185,321,1.8129328489303589,2.2964301109313965,0.4834972620010376,2.2964;2.2925;2.2581;2.2521;2.2183,6985;6990;6995;6980;7000,C;C;C;C;C,49,no_trade,cooldown,0.0,,0.0,-1,143,6915.0,P,0.5068628191947937,0.3824183940887451,True,nan,nan,,0
2026-02-10,70,368950,6979.25,-0.33000001311302185,320,1.7826639413833618,2.015063524246216,0.232399582862854,2.0151;2.0141;1.9871;1.9577;1.9503,6990;6985;6995;6980;7000,C;C;C;C;C,46,trade,,6990.0,C,5.46999979019165,172,169,6980.0,P,0.5077678561210632,0.163202702999115,True,-0.34254548124833545,-0.8503133373693987,STOP_LOSS,15
2026-02-10,71,368951,6979.0498046875,-0.33000001311302185,319,1.8957072496414185,2.2373461723327637,0.3416389226913452,2.2373;2.2149;2.2035;2.1930;2.0883,6990;6995;6985;7000;6980,C;C;C;C;C,44,no_trade,in_position,0.0,,0.0,-1,169,6980.0,P,0.5797142386436462,0.04197227954864502,True,nan,nan,,0
2026-02-10,72,368952,6979.81982421875,-0.33000001311302185,318,1.8204325437545776,2.0237114429473877,0.20327889919281006,2.0237;2.0075;1.9958;1.9342;1.8101,6995;7000;6990;6985;6980,C;C;C;C;C,41,no_trade,in_position,0.0,,0.0,-1,163,6965.0,P,0.5994444489479065,0.018080830574035645,True,nan,nan,,0
2026-02-10,73,368953,6981.240234375,-0.33000001311302185,317,1.8304364681243896,2.187436103820801,0.35699963569641113,2.1874;2.1656;2.1577;2.1543;2.0459,6990;6995;6985;7000;7005,C;C;C;C;C,45,no_trade,in_position,0.0,,0.0,-1,169,6980.0,P,0.5407367944717407,0.003117799758911133,True,nan,nan,,0
2026-02-10,74,368954,6981.85009765625,-0.33000001311302185,316,1.8240201473236084,2.0914182662963867,0.2673981189727783,2.0914;2.0705;2.0619;2.0071;2.0020,6990;6995;6985;6980;7000,C;C;C;C;C,48,no_trade,in_position,0.0,,0.0,-1,143,6915.0,P,0.5076086521148682,0.06410863995552063,True,nan,nan,,0
2026-02-10,75,368955,6981.60986328125,-0.33000001311302185,315,1.9858989715576172,2.2157256603240967,0.2298266887664795,2.2157;2.2048;2.1844;2.1255;2.0148,6990;6995;6985;7000;6980,C;C;C;C;C,44,no_trade,in_position,0.0,,0.0,-1,169,6980.0,P,0.6072826385498047,0.035682618618011475,True,nan,nan,,0
2026-02-10,76,368956,6982.5498046875,-0.33000001311302185,314,1.840809941291809,1.7887639999389648,-0.05204594135284424,1.7888;1.7148;1.7141;1.7068;1.6613,6955;6995;6990;6985;6950,P;C;C;C;P,43,no_trade,in_position,0.0,,0.0,-1,163,6965.0,P,0.40134620666503906,0.003346264362335205,True,nan,nan,,0
2026-02-10,77,368957,6980.83984375,-0.33000001311302185,313,1.868593454360962,2.0386312007904053,0.17003774642944336,2.0386;2.0289;1.9978;1.9623;1.8765,6985;6990;6980;6995;7000,C;C;C;C;C,46,no_trade,in_position,0.0,,0.0,-1,155,6945.0,P,0.39884620904922485,0.00627472996711731,True,nan,nan,,0
2026-02-10,78,368958,6979.47998046875,-0.33000001311302185,312,1.8033325672149658,1.8905103206634521,0.08717775344848633,1.8905;1.8780;1.8582;1.8096;1.7174,6985;6990;6980;6995;7000,C;C;C;C;C,44,no_trade,in_position,0.0,,0.0,-1,165,6970.0,P,0.45027390122413635,0.0016375482082366943,True,nan,nan,,0
2026-02-10,79,368959,6978.259765625,-0.33000001311302185,311,1.51618492603302,1.862488865852356,0.34630393981933594,1.8625;1.8460;1.8250;1.7710;1.7611,6990;6985;6995;6980;7000,C;C;C;C;C,47,no_trade,in_position,0.0,,0.0,-1,159,6955.0,P,0.48384612798690796,0.0049571692943573,True,nan,nan,,0
2026-02-10,80,368960,6978.06005859375,-0.33000001311302185,310,1.8514105081558228,2.1066200733184814,0.2552095651626587,2.1066;2.1035;2.0439;1.9976;1.9969,6960;6955;6950;6970;6965,P;P;P;P;P,44,no_trade,in_position,0.0,,0.0,-1,141,6910.0,P,0.34456515312194824,0.0012319087982177734,True,nan,nan,,0
2026-02-10,81,368961,6976.4501953125,-0.33000001311302185,309,1.5136456489562988,2.0249085426330566,0.5112628936767578,2.0249;1.9943;1.9859;1.9390;1.8605,6985;6980;6990;6995;7000,C;C;C;C;C,44,no_trade,in_position,0.0,,0.0,-1,155,6945.0,P,0.20890909433364868,0.012159094214439392,True,nan,nan,,0
2026-02-10,82,368962,6977.60986328125,-0.33000001311302185,308,1.477128505706787,1.9000095129013062,0.42288100719451904,1.9000;1.8995;1.8723;1.8409;1.7942,6985;6990;6995;6955;6965,C;C;C;P;P,47,no_trade,in_position,0.0,,0.0,-1,155,6945.0,P,0.5026216506958008,0.06999006867408752,True,nan,nan,,0
2026-02-10,83,368963,6977.2099609375,-0.33000001311302185,307,1.788812518119812,1.9408354759216309,0.15202295780181885,1.9408;1.9086;1.8838;1.8712;1.8361,6950;6990;6985;6995;6965,P;C;C;C;P,45,no_trade,in_position,0.0,,0.0,-1,169,6980.0,P,0.5278571844100952,0.007301628589630127,True,nan,nan,,0
2026-02-10,84,368964,6977.64013671875,-0.33000001311302185,306,1.4042915105819702,1.9443542957305908,0.5400627851486206,1.9444;1.9375;1.9195;1.8960;1.8097,6990;6985;6995;6980;7000,C;C;C;C;C,40,no_trade,in_position,0.0,,0.0,-1,161,6960.0,P,0.3327777683734894,0.01634925603866577,True,nan,nan,,0
2026-02-10,85,368965,6975.919921875,-0.33000001311302185,305,1.397182822227478,2.0151052474975586,0.6179224252700806,2.0151;2.0105;1.9704;1.9192;1.8867,6980;6985;6990;6995;6975,C;C;C;C;C,46,no_trade,in_position,0.0,,0.0,-1,169,6980.0,P,0.1902548223733902,0.018177881836891174,True,nan,nan,,0
2026-02-10,86,368966,6971.06982421875,-0.33000001311302185,304,1.5922472476959229,2.3018157482147217,0.7095685005187988,2.3018;2.2787;2.2607;2.2020;2.0621,6980;6985;6975;6990;6970,C;C;C;C;C,54,no_trade,in_position,0.0,,0.0,-1,169,6980.0,P,0.23309524357318878,0.004080459475517273,True,nan,nan,,0
2026-02-10,87,368967,6975.169921875,-0.33000001311302185,303,1.9857532978057861,2.374830484390259,0.38907718658447266,2.3748;2.3525;2.3281;2.2731;2.2474,6990;6985;6995;6980;7000,C;C;C;C;C,51,no_trade,cooldown,0.0,,0.0,-1,161,6960.0,P,0.678085207939148,0.042852044105529785,True,nan,nan,,0
2026-02-10,88,368968,6977.759765625,-0.33000001311302185,302,1.5678882598876953,1.9546252489089966,0.38673698902130127,1.9546;1.9453;1.9407;1.9011;1.8892,6990;6955;6985;6995;6960,C;P;C;C;P,43,no_trade,cooldown,0.0,,0.0,-1,169,6980.0,P,0.334285706281662,0.015665024518966675,True,nan,nan,,0
2026-02-10,89,368969,6975.39013671875,-0.33000001311302185,301,1.5995936393737793,1.795601487159729,0.1960078477859497,1.7956;1.7684;1.7640;1.7617;1.7259,6950;6985;6980;6960;6990,P;C;C;P;C,42,trade,,6950.0,P,3.700000047683716,157,153,6940.0,P,0.6045045256614685,0.007324934005737305,True,0.18735294293367322,-0.4171515827277953,TRAILING_STOP,17
2026-02-10,90,368970,6976.25,-0.33000001311302185,300,1.4747847318649292,1.8713335990905762,0.396548867225647,1.8713;1.8523;1.8428;1.8394;1.7530,6990;6980;6985;6995;7000,C;C;C;C;C,45,no_trade,in_position,0.0,,0.0,-1,155,6945.0,P,0.3668895959854126,0.014707803726196289,True,nan,nan,,0
2026-02-10,91,368971,6975.1201171875,-0.33000001311302185,299,1.4566421508789062,1.7651418447494507,0.30849969387054443,1.7651;1.7635;1.6916;1.6548;1.6268,6955;6950;6940;6965;6960,P;P;P;P;P,41,no_trade,in_position,0.0,,0.0,-1,169,6980.0,P,0.5433064699172974,0.005124688148498535,True,nan,nan,,0
2026-02-10,92,368972,6975.77978515625,-0.33000001311302185,298,1.3805965185165405,2.072093963623047,0.6914974451065063,2.0721;2.0569;2.0538;1.9408;1.9370,6985;6980;6990;6995;6975,C;C;C;C;C,43,no_trade,in_position,0.0,,0.0,-1,161,6960.0,P,0.35982757806777954,0.015195965766906738,True,nan,nan,,0
2026-02-10,93,368973,6974.58984375,-0.33000001311302185,297,1.4260121583938599,2.1305980682373047,0.7045859098434448,2.1306;2.1127;2.1079;2.0208;1.9009,6985;6990;6980;6995;6975,C;C;C;C;C,46,no_trade,in_position,0.0,,0.0,-1,169,6980.0,P,0.5573599934577942,0.007215917110443115,True,nan,nan,,0
2026-02-10,94,368974,6975.18017578125,-0.33000001311302185,296,1.728502869606018,2.3266541957855225,0.5981513261795044,2.3267;2.2895;2.2849;2.2211;2.0953,6990;6985;6980;6995;6975,C;C;C;C;C,41,no_trade,in_position,0.0,,0.0,-1,169,6980.0,P,0.3461873233318329,0.026928067207336426,True,nan,nan,,0
2026-02-10,95,368975,6973.33984375,-0.33000001311302185,295,1.276411771774292,2.0225818157196045,0.7461700439453125,2.0226;2.0003;1.9913;1.9048;1.8538,6985;6980;6990;6995;6975,C;C;C;C;C,40,no_trade,in_position,0.0,,0.0,-1,143,6915.0,P,0.2929133474826813,0.026983141899108887,True,nan,nan,,0
2026-02-10,96,368976,6970.64990234375,-0.33000001311302185,294,1.4236292839050293,1.9061682224273682,0.48253893852233887,1.9062;1.9030;1.8740;1.8287;1.8083,6950;6960;6955;6980;6985,P;P;P;C;C,47,no_trade,in_position,0.0,,0.0,-1,165,6970.0,P,-0.020094338804483414,0.004332266747951508,True,nan,nan,,0
2026-02-10,97,368977,6970.16015625,-0.33000001311302185,293,1.9529926776885986,2.4148757457733154,0.4618830680847168,2.4149;2.3867;2.3791;2.3000;2.2277,6985;6980;6990;6975;6995,C;C;C;C;C,48,no_trade,in_position,0.0,,0.0,-1,163,6965.0,P,0.2215999960899353,0.005954831838607788,True,nan,nan,,0
2026-02-10,98,368978,6972.60009765625,-0.33000001311302185,292,1.9863090515136719,1.9887678623199463,0.002458810806274414,1.9888;1.9807;1.9274;1.8488;1.7765,6990;6985;6950;6995;6980,C;C;P;C;C,38,no_trade,in_position,0.0,,0.0,-1,161,6960.0,P,0.12185176461935043,0.003614671528339386,True,nan,nan,,0
2026-02-10,99,368979,6968.240234375,-0.33000001311302185,291,1.6539502143859863,1.8578991889953613,0.203948974609375,1.8579;1.8095;1.8052;1.7636;1.7612,6950;6980;6975;6985;6955,P;C;C;C;P,46,no_trade,in_position,0.0,,0.0,-1,167,6975.0,P,-0.01727493852376938,0.007492503151297569,True,nan,nan,,0
2026-02-10,100,368980,6970.4501953125,-0.33000001311302185,290,2.011448383331299,2.474900722503662,0.4634523391723633,2.4749;2.4720;2.4586;2.3750;2.3108,6985;6980;6990;6995;6975,C;C;C;C;C,48,no_trade,in_position,0.0,,0.0,-1,167,6975.0,P,-0.016904762014746666,0.003576008602976799,True,nan,nan,,0
2026-02-10,101,368981,6970.4599609375,-0.33000001311302185,289,1.706972599029541,1.95283043384552,0.245857834815979,1.9528;1.9165;1.8793;1.8504;1.8410,6950;6960;6990;6980;6985,P;P;C;C;C,45,no_trade,in_position,0.0,,0.0,-1,167,6975.0,P,-0.016904762014746666,0.0036352574825286865,True,nan,nan,,0
2026-02-10,102,368982,6970.35986328125,-0.33000001311302185,288,1.5131933689117432,2.0205044746398926,0.5073111057281494,2.0205;2.0132;2.0102;1.8949;1.8069,6985;6980;6990;6995;6975,C;C;C;C;C,45,no_trade,in_position,0.0,,0.0,-1,153,6940.0,P,0.2103508710861206,0.2248406708240509,True,nan,nan,,0
2026-02-10,103,368983,6970.81005859375,-0.33000001311302185,287,1.4760600328445435,2.2652640342712402,0.7892040014266968,2.2653;2.2650;2.2369;2.2119;2.1056,6980;6985;6975;6990;6970,C;C;C;C;C,46,no_trade,in_position,0.0,,0.0,-1,153,6940.0,P,0.3103225827217102,0.33080336451530457,True,nan,nan,,0
2026-02-10,104,368984,6970.06982421875,-0.33000001311302185,286,1.3751288652420044,1.7192341089248657,0.34410524368286133,1.7192;1.7131;1.6717;1.5681;1.5344,6980;6985;6990;6975;6995,C;C;C;C;C,36,no_trade,in_position,0.0,,0.0,-1,159,6955.0,P,-0.03610169515013695,0.006062481552362442,True,nan,nan,,0
2026-02-11,60,369330,6919.97021484375,-0.33000001311302185,330,2.558901309967041,2.1572675704956055,-0.40163373947143555,2.1573;2.0401;2.0250;2.0198;1.9838,6900;6910;6890;6880;6895,P;P;P;P;P,71,no_trade,gate,0.0,,0.0,-1,160,6930.0,C,0.30449220538139343,0.013777941465377808,True,nan,nan,,0
2026-02-11,61,369331,6924.93017578125,-0.33000001311302185,329,2.5228970050811768,2.0501203536987305,-0.4727766513824463,2.0501;2.0321;2.0087;1.9724;1.9268,6950;6960;6955;6900;6965,C;C;C;P;C,66,no_trade,gate,0.0,,0.0,-1,174,6965.0,C,0.4373529553413391,0.0066773295402526855,True,nan,nan,,0
2026-02-11,62,369332,6926.31005859375,-0.33000001311302185,328,2.4117119312286377,2.1299784183502197,-0.28173351287841797,2.1300;2.1219;2.1183;2.0381;2.0326,6960;6950;6955;6965;6970,C;C;C;C;C,68,no_trade,gate,0.0,,0.0,-1,160,6930.0,C,0.5547058582305908,0.11735290288925171,True,nan,nan,,0
2026-02-11,63,369333,6925.10986328125,-0.33000001311302185,327,2.3427388668060303,2.2922542095184326,-0.050484657287597656,2.2923;2.2265;2.2204;2.1229;2.1154,6900;6905;6910;6895;6920,P;P;P;P;P,65,no_trade,gate,0.0,,0.0,-1,164,6940.0,C,0.41477876901626587,0.011260300874710083,True,nan,nan,,0
2026-02-11,64,369334,6927.240234375,-0.33000001311302185,326,2.428642511367798,2.03629994392395,-0.39234256744384766,2.0363;2.0204;2.0050;1.9812;1.9743,6900;6910;6920;6960;6950,P;P;P;C;C,63,no_trade,gate,0.0,,0.0,-1,160,6930.0,C,0.4000348746776581,0.005273014307022095,True,nan,nan,,0
2026-02-11,65,369335,6930.5,-0.33000001311302185,325,2.2209527492523193,2.0889275074005127,-0.13202524185180664,2.0889;2.0730;2.0320;1.9880;1.9190,6900;6910;6920;6915;6890,P;P;P;P;P,61,no_trade,gate,0.0,,0.0,-1,172,6960.0,C,0.5860000252723694,0.3492298424243927,True,nan,nan,,0
2026-02-11,66,369336,6929.41015625,-0.33000001311302185,324,2.2235069274902344,1.9246089458465576,-0.29889798164367676,1.9246;1.9214;1.9198;1.8622;1.8352,6900;6960;6950;6955;6965,P;C;C;C;C,62,no_trade,gate,0.0,,0.0,-1,164,6940.0,C,0.5213512182235718,0.011790812015533447,True,nan,nan,,0
2026-02-11,67,369337,6928.31982421875,-0.33000001311302185,323,2.324174642562866,2.128140926361084,-0.19603371620178223,2.1281;2.1171;2.0573;2.0039;1.9892,6920;6900;6915;6925;6930,P;P;P;P;P,64,no_trade,gate,0.0,,0.0,-1,164,6940.0,C,0.3472951352596283,0.038921236991882324,True,nan,nan,,0
2026-02-11,68,369338,6931.6298828125,-0.33000001311302185,322,2.3242197036743164,1.9395650625228882,-0.3846546411514282,1.9396;1.9362;1.9220;1.9211;1.8991,6900;6960;6955;6920;6965,P;C;C;P;C,57,no_trade,gate,0.0,,0.0,-1,164,6940.0,C,-0.01651162840425968,0.0030296575278043747,True,nan,nan,,0
2026-02-11,69,369339,6933.5,-0.33000001311302185,321,2.1493308544158936,2.0290980339050293,-0.12023282051086426,2.0291;1.9968;1.9820;1.9615;1.9445,6960;6950;6965;6955;6970,C;C;C;C;C,62,no_trade,gate,0.0,,0.0,-1,166,6945.0,C,0.3771304190158844,0.01989644765853882,True,nan,nan,,0
2026-02-11,70,369340,6935.89013671875,-0.33000001311302185,320,2.003970146179199,2.1202175617218018,0.11624741554260254,2.1202;2.0648;2.0612;2.0547;2.0489,6920;6910;6915;6925;6930,P;P;P;P;P,66,trade,,6920.0,P,9.789999961853027,157,149,6900.0,P,0.3494737148284912,0.0075473785400390625,True,0.0597142857142857,-0.2897594291142055,TRAILING_STOP,10
2026-02-11,71,369341,6934.8798828125,-0.33000001311302185,319,2.06577205657959,2.107332944869995,0.04156088829040527,2.1073;2.0692;2.0303;2.0296;1.9764,6900;6920;6915;6910;6925,P;P;P;P;P,62,no_trade,in_position,0.0,,0.0,-1,133,6860.0,P,0.17466667294502258,0.1878964900970459,True,nan,nan,,0
2026-02-11,72,369342,6934.27978515625,-0.33000001311302185,318,2.1938982009887695,2.1144814491271973,-0.07941675186157227,2.1145;2.1052;2.0327;2.0314;2.0210,6915;6920;6925;6930;6910,P;P;P;P;P,61,no_trade,in_position,0.0,,0.0,-1,164,6940.0,C,0.2306363582611084,0.0043030232191085815,True,nan,nan,,0
2026-02-11,73,369343,6930.10009765625,-0.33000001311302185,317,2.089414596557617,2.084362506866455,-0.005052089691162109,2.0844;2.0506;2.0424;2.0348;1.9481,6900;6920;6910;6905;6915,P;P;P;P;P,59,no_trade,in_position,0.0,,0.0,-1,178,6975.0,C,0.35783782601356506,0.015716552734375,True,nan,nan,,0
2026-02-11,74,369344,6933.14013671875,-0.33000001311302185,316,2.2120659351348877,2.1444027423858643,-0.06766319274902344,2.1444;2.1292;2.0621;2.0373;2.0120,6960;6950;6955;6965;6970,C;C;C;C;C,58,no_trade,in_position,0.0,,0.0,-1,176,6970.0,C,0.45653846859931946,0.015086829662322998,True,nan,nan,,0
2026-02-11,75,369345,6933.56005859375,-0.33000001311302185,315,1.945089340209961,2.1301918029785156,0.1851024627685547,2.1302;2.1182;2.0973;2.0895;2.0444,6960;6955;6950;6965;6970,C;C;C;C;C,64,no_trade,in_position,0.0,,0.0,-1,172,6960.0,C,0.6482679843902588,0.07035142183303833,True,nan,nan,,0
2026-02-11,76,369346,6931.52978515625,-0.33000001311302185,314,2.006028652191162,1.8607113361358643,-0.14531731605529785,1.8607;1.7871;1.7290;1.7036;1.6880,6900;6910;6920;6905;6880,P;P;P;P;P,54,no_trade,in_position,0.0,,0.0,-1,180,6980.0,C,0.5296000242233276,0.027476131916046143,True,nan,nan,,0
2026-02-11,77,369347,6930.6201171875,-0.33000001311302185,313,2.0771260261535645,1.8362972736358643,-0.2408287525177002,1.8363;1.8203;1.7868;1.7788;1.7507,6920;6910;6900;6955;6930,P;P;P;C;P,55,no_trade,in_position,0.0,,0.0,-1,174,6965.0,C,0.6814035773277283,0.006641566753387451,True,nan,nan,,0
2026-02-11,78,369348,6928.56982421875,-0.33000001311302185,312,2.058871030807495,1.766137957572937,-0.2927330732345581,1.7661;1.7655;1.7554;1.7277;1.7114,6950;6960;6955;6900;6920,C;C;C;P;P,60,no_trade,in_position,0.0,,0.0,-1,180,6980.0,C,0.6870000958442688,0.042660415172576904,True,nan,nan,,0
2026-02-11,79,369349,6925.7998046875,-0.33000001311302185,311,2.1437482833862305,2.221975088119507,0.07822680473327637,2.2220;2.1806;2.1676;2.1591;2.1087,6950;6945;6940;6955;6960,C;C;C;C;C,67,no_trade,in_position,0.0,,0.0,-1,166,6945.0,C,0.5316000580787659,0.016800105571746826,True,nan,nan,,0
2026-02-11,80,369350,6925.490234375,-0.33000001311302185,310,2.212778091430664,2.032789707183838,-0.17998838424682617,2.0328;1.9391;1.9002;1.8979;1.8939,6950;6955;6945;6960;6940,C;C;C;C;C,63,no_trade,in_position,0.0,,0.0,-1,164,6940.0,C,0.19211868941783905,0.01619763672351837,True,nan,nan,,0
2026-02-11,81,369351,6932.35986328125,-0.33000001311302185,309,2.0146563053131104,2.591982364654541,0.5773260593414307,2.5920;2.5879;2.5605;2.5377;2.4499,6960;6950;6955;6965;6970,C;C;C;C;C,58,no_trade,in_position,0.0,,0.0,-1,164,6940.0,C,0.19773972034454346,0.027989715337753296,True,nan,nan,,0
2026-02-11,82,369352,6938.43017578125,-0.33000001311302185,308,1.9031448364257812,2.6772377490997314,0.7740929126739502,2.6772;2.6625;2.6599;2.6231;2.6228,6960;6965;6970;6950;6955,C;C;C;C;C,61,trade,,6960.0,C,5.800000190734863,172,164,6940.0,C,-0.013396226800978184,0.00669811200350523,True,-0.39890623809536935,-0.38551001129439116,STOP_LOSS,16
2026-02-11,83,369353,6942.7001953125,-0.33000001311302185,307,1.9596271514892578,2.5607099533081055,0.6010828018188477,2.5607;2.5606;2.5548;2.4816;2.4452,6960;6965;6970;6975;6955,C;C;C;C;C,58,no_trade,in_position,0.0,,0.0,-1,169,6950.0,P,-0.013067484833300114,0.0020175008103251457,True,nan,nan,,0
2026-02-11,84,369354,6945.580078125,-0.33000001311302185,306,2.1600775718688965,2.5927271842956543,0.4326496124267578,2.5927;2.5555;2.5395;2.4932;2.4641,6970;6975;6965;6960;6980,C;C;C;C;C,56,no_trade,in_position,0.0,,0.0,-1,169,6950.0,P,-0.013148147612810135,0.002175593748688698,True,nan,nan,,0
2026-02-11,85,369355,6945.5498046875,-0.33000001311302185,305,2.0125045776367188,2.334217071533203,0.3217124938964844,2.3342;2.3067;2.2882;2.2844;2.1979,6970;6965;6960;6975;6980,C;C;C;C;C,60,no_trade,in_position,0.0,,0.0,-1,169,6950.0,P,-0.013229813426733017,0.0020939279347658157,True,nan,nan,,0
2026-02-11,86,369356,6945.08984375,-0.33000001311302185,304,1.9389845132827759,2.387437582015991,0.44845306873321533,2.3874;2.3859;2.3607;2.2869;2.2360,6970;6960;6965;6975;6955,C;C;C;C;C,56,no_trade,in_position,0.0,,0.0,-1,168,6950.0,C,-0.26663461327552795,0.0012884736061096191,True,nan,nan,,0
2026-02-11,87,369357,6943.02978515625,-0.33000001311302185,303,1.9291404485702515,2.3145291805267334,0.38538873195648193,2.3145;2.2840;2.2695;2.2604;2.1910,6960;6970;6965;6955;6975,C;C;C;C;C,53,no_trade,in_position,0.0,,0.0,-1,169,6950.0,P,-0.013396226800978184,0.002381551079452038,True,nan,nan,,0
2026-02-11,88,369358,6945.14990234375,-0.33000001311302185,302,1.9790679216384888,2.3006844520568848,0.321616530418396,2.3007;2.2853;2.2701;2.2473;2.2089,6960;6965;6970;6975;6955,C;C;C;C;C,54,no_trade,in_position,0.0,,0.0,-1,169,6950.0,P,-0.013148147612810135,0.00229782797396183,True,nan,nan,,0
2026-02-11,89,369359,6943.83984375,-0.33000001311302185,301,1.8751705884933472,2.47220778465271,0.5970371961593628,2.4722;2.4706;2.4234;2.3906;2.3582,6965;6960;6970;6955;6975,C;C;C;C;C,53,no_trade,in_position,0.0,,0.0,-1,167,6945.0,P,-0.01577777788043022,0.002743961289525032,True,nan,nan,,0
2026-02-11,90,369360,6943.64013671875,-0.33000001311302185,300,2.0088889598846436,2.2051267623901367,0.19623780250549316,2.2051;2.1774;2.1602;2.1004;2.0165,6970;6960;6965;6975;6955,C;C;C;C;C,52,no_trade,in_position,0.0,,0.0,-1,165,6940.0,P,0.22961722314357758,0.0038217753171920776,True,nan,nan,,0
2026-02-11,91,369361,6945.83984375,-0.33000001311302185,299,1.9426422119140625,2.233295440673828,0.2906532287597656,2.2333;2.2323;2.1904;2.1881;2.1565,6970;6965;6975;6960;6955,C;C;C;C;C,50,no_trade,in_position,0.0,,0.0,-1,141,6880.0,P,0.22466662526130676,0.00718630850315094,True,nan,nan,,0
2026-02-11,92,369362,6941.259765625,-0.33000001311302185,298,1.7158069610595703,2.1762797832489014,0.46047282218933105,2.1763;2.1251;2.1069;2.0907;2.0840,6960;6965;6950;6970;6955,C;C;C;C;C,54,no_trade,in_position,0.0,,0.0,-1,176,6970.0,C,0.8236363530158997,0.05363631248474121,True,nan,nan,,0
2026-02-11,93,369363,6937.64013671875,-0.33000001311302185,297,1.7899103164672852,2.2742695808410645,0.4843592643737793,2.2743;2.2535;2.2213;2.1796;2.1039,6960;6950;6955;6965;6970,C;C;C;C;C,57,no_trade,in_position,0.0,,0.0,-1,164,6940.0,C,0.4286697804927826,0.034669846296310425,True,nan,nan,,0
2026-02-11,94,369364,6938.66015625,-0.33000001311302185,296,1.8670203685760498,2.5081722736358643,0.6411519050598145,2.5082;2.4268;2.4005;2.3570;2.3509,6960;6965;6955;6950;6970,C;C;C;C;C,51,no_trade,in_position,0.0,,0.0,-1,164,6940.0,C,0.5402380228042603,0.013238012790679932,True,nan,nan,,0
2026-02-11,95,369365,6938.31005859375,-0.33000001311302185,295,1.673962116241455,1.8059630393981934,0.13200092315673828,1.8060;1.7523;1.7086;1.6893;1.6690,6960;6955;6950;6970;6930,C;C;C;C;P,51,no_trade,in_position,0.0,,0.0,-1,176,6970.0,C,0.48347821831703186,0.0192546546459198,True,nan,nan,,0
2026-02-11,96,369366,6938.52001953125,-0.33000001311302185,294,1.5618517398834229,1.8659842014312744,0.30413246154785156,1.8660;1.8525;1.8405;1.8145;1.7717,6965;6950;6960;6955;6970,C;C;C;C;C,49,no_trade,in_position,0.0,,0.0,-1,166,6945.0,C,0.5836999416351318,0.029836416244506836,True,nan,nan,,0
2026-02-11,97,369367,6937.33984375,-0.33000001311302185,293,1.6393574476242065,2.0738868713378906,0.4345294237136841,2.0739;2.0450;2.0437;2.0417;1.9821,6955;6965;6950;6960;6970,C;C;C;C;C,50,no_trade,in_position,0.0,,0.0,-1,168,6950.0,C,0.5522972941398621,0.003920376300811768,True,nan,nan,,0
2026-02-11,98,369368,6936.89013671875,-0.33000001311302185,292,1.4492316246032715,2.3061773777008057,0.8569457530975342,2.3062;2.2887;2.2358;2.2059;2.1563,6950;6960;6955;6965;6945,C;C;C;C;C,52,no_trade,in_position,0.0,,0.0,-1,176,6970.0,C,0.593500018119812,0.0015701651573181152,True,nan,nan,,0
2026-02-11,99,369369,6935.72998046875,-0.33000001311302185,291,1.5244948863983154,2.2529609203338623,0.7284660339355469,2.2530;2.2155;2.2130;2.0891;2.0406,6950;6960;6955;6965;6945,C;C;C;C;C,52,no_trade,in_position,0.0,,0.0,-1,164,6940.0,C,0.10883874446153641,0.013112924993038177,True,nan,nan,,0
2026-02-11,100,369370,6944.18017578125,-0.33000001311302185,290,1.6891758441925049,2.608083724975586,0.918907880783081,2.6081;2.5656;2.5519;2.5172;2.4773,6960;6965;6970;6955;6950,C;C;C;C;C,41,no_trade,cooldown,0.0,,0.0,-1,174,6965.0,C,-0.045319151133298874,0.1804141402244568,True,nan,nan,,0
2026-02-11,101,369371,6945.10986328125,-0.33000001311302185,289,1.9953855276107788,2.589055061340332,0.5936695337295532,2.5891;2.5546;2.5494;2.5045;2.4549,6970;6960;6965;6975;6955,C;C;C;C;C,50,no_trade,cooldown,0.0,,0.0,-1,171,6955.0,P,-0.2027311623096466,0.08043959736824036,True,nan,nan,,0
2026-02-11,102,369372,6945.8798828125,-0.33000001311302185,288,1.8634213209152222,2.6848692893981934,0.8214479684829712,2.6849;2.6570;2.6177;2.5832;2.4052,6970;6965;6960;6975;6950,C;C;C;C;C,49,trade,,6970.0,C,3.4000000953674316,176,173,6960.0,P,-0.2175978273153305,0.018102720379829407,True,-0.44435897082893744,-0.22676114351360693,STOP_LOSS,16
2026-02-11,103,369373,6948.18994140625,-0.33000001311302185,287,1.865233063697815,2.822018623352051,0.9567855596542358,2.8220;2.8000;2.7870;2.7313;2.6208,6970;6965;6960;6975;6980,C;C;C;C;C,54,no_trade,in_position,0.0,,0.0,-1,161,6930.0,P,0.21671874821186066,0.2332303822040558,True,nan,nan,,0
2026-02-11,104,369374,6949.1298828125,-0.33000001311302185,286,2.1594061851501465,2.4083404541015625,0.24893426895141602,2.4083;2.3454;2.3421;2.3286;2.1404,6970;6975;6965;6960;6980,C;C;C;C;C,47,no_trade,in_position,0.0,,0.0,-1,161,6930.0,P,0.30375006794929504,0.0019133687019348145,True,nan,nan,,0
2026-02-12,60,369720,6953.91015625,-0.33000001311302185,330,1.7630115747451782,2.5726959705352783,0.8096843957901001,2.5727;2.5533;2.5221;2.5089;2.4498,6970;6965;6975;6960;6980,C;C;C;C;C,52,no_trade,gate,0.0,,0.0,-1,-1,0.0,,nan,0.0,False,nan,nan,,0
2026-02-12,61,369721,6949.35009765625,-0.33000001311302185,329,1.4814108610153198,2.009938955307007,0.528528094291687,2.0099;1.9996;1.9422;1.9294;1.9176,6930;6910;6940;6925;6920,P;P;P;P;P,47,no_trade,gate,0.0,,0.0,-1,-1,0.0,,nan,0.0,False,nan,nan,,0
2026-02-12,62,369722,6944.259765625,-0.33000001311302185,328,1.6570353507995605,1.8368613719940186,0.179826021194458,1.8369;1.8037;1.7625;1.7517;1.7497,6960;6955;6965;6930;6925,C;C;C;P;P,55,no_trade,gate,0.0,,0.0,-1,-1,0.0,,nan,0.0,False,nan,nan,,0
2026-02-12,63,369723,6941.47021484375,-0.33000001311302185,327,2.0370876789093018,2.4707794189453125,0.43369174003601074,2.4708;2.4355;2.4067;2.3656;2.3316,6960;6965;6955;6970;6950,C;C;C;C;C,56,no_trade,gate,0.0,,0.0,-1,-1,0.0,,nan,0.0,False,nan,nan,,0
2026-02-12,64,369724,6939.08984375,-0.33000001311302185,326,2.1171035766601562,2.3136675357818604,0.1965639591217041,2.3137;2.2624;2.2499;2.1957;2.1941,6960;6965;6970;6950;6955,C;C;C;C;C,57,no_trade,gate,0.0,,0.0,-1,-1,0.0,,nan,0.0,False,nan,nan,,0
2026-02-12,65,369725,6939.5400390625,-0.33000001311302185,325,2.181856870651245,2.6523396968841553,0.47048282623291016,2.6523;2.6044;2.6026;2.5726;2.5493,6960;6955;6970;6965;6950,C;C;C;C;C,56,no_trade,gate,0.0,,0.0,-1,-1,0.0,,nan,0.0,False,nan,nan,,0
2026-02-12,66,369726,6936.93994140625,-0.33000001311302185,324,1.956770896911621,2.313480854034424,0.35670995712280273,2.3135;2.3057;2.2467;2.2373;2.1468,6960;6955;6965;6950;6970,C;C;C;C;C,59,no_trade,gate,0.0,,0.0,-1,-1,0.0,,nan,0.0,False,nan,nan,,0
2026-02-12,67,369727,6934.490234375,-0.33000001311302185,323,2.0691113471984863,2.5930819511413574,0.5239706039428711,2.5931;2.5835;2.5661;2.4877;2.4467,6950;6960;6955;6965;6945,C;C;C;C;C,61,no_trade,gate,0.0,,0.0,-1,-1,0.0,,nan,0.0,False,nan,nan,,0
2026-02-12,68,369728,6931.0498046875,-0.33000001311302185,322,2.232800245285034,2.55979061126709,0.32699036598205566,2.5598;2.5446;2.5140;2.4801;2.3980,6960;6950;6955;6965;6945,C;C;C;C;C,64,no_trade,gate,0.0,,0.0,-1,-1,0.0,,nan,0.0,False,nan,nan,,0
2026-02-12,69,369729,6930.43017578125,-0.33000001311302185,321,2.128002882003784,2.2357072830200195,0.10770440101623535,2.2357;2.1830;2.1807;2.0628;2.0297,6950;6955;6960;6965;6945,C;C;C;C;C,56,no_trade,gate,0.0,,0.0,-1,-1,0.0,,nan,0.0,False,nan,nan,,0
2026-02-12,70,369730,6927.02978515625,-0.33000001311302185,320,2.03135085105896,2.1601502895355225,0.1287994384765625,2.1602;2.1254;2.0619;2.0580;1.9493,6950;6955;6960;6945;6940,C;C;C;C;C,61,no_trade,gate,0.0,,0.0,-1,-1,0.0,,nan,0.0,False,nan,nan,,0
2026-02-12,71,369731,6925.06982421875,-0.33000001311302185,319,2.099888324737549,2.9001870155334473,0.8002986907958984,2.9002;2.8679;2.8448;2.8179;2.7608,6950;6945;6940;6955;6960,C;C;C;C;C,66,no_trade,gate,0.0,,0.0,-1,-1,0.0,,nan,0.0,False,nan,nan,,0
2026-02-12,72,369732,6927.02001953125,-0.33000001311302185,318,2.164118528366089,2.1010243892669678,-0.0630941390991211,2.1010;2.0264;1.9824;1.9166;1.8597,6950;6955;6960;6945;6940,C;C;C;C;C,57,no_trade,gate,0.0,,0.0,-1,-1,0.0,,nan,0.0,False,nan,nan,,0
2026-02-12,73,369733,6924.509765625,-0.33000001311302185,317,2.0031583309173584,2.3034608364105225,0.30030250549316406,2.3035;2.2365;2.1843;2.1786;2.1722,6950;6945;6940;6955;6960,C;C;C;C;C,62,no_trade,gate,0.0,,0.0,-1,-1,0.0,,nan,0.0,False,nan,nan,,0
2026-02-12,74,369734,6923.02978515625,-0.33000001311302185,316,2.174403190612793,2.4110960960388184,0.2366929054260254,2.4111;2.3651;2.3094;2.2673;2.2016,6950;6945;6940;6955;6960,C;C;C;C;C,60,no_trade,gate,0.0,,0.0,-1,-1,0.0,,nan,0.0,False,nan,nan,,0
2026-02-12,75,369735,6926.97021484375,-0.33000001311302185,315,2.20656681060791,2.3706741333007812,0.1641073226928711,2.3707;2.3145;2.2882;2.2075;2.1785,6950;6955;6960;6940;6945,C;C;C;C;C,59,no_trade,gate,0.0,,0.0,-1,-1,0.0,,nan,0.0,False,nan,nan,,0
2026-02-12,76,369736,6926.419921875,-0.33000001311302185,314,1.9979281425476074,2.119050979614258,0.12112283706665039,2.1191;2.0285;2.0170;2.0018;1.8987,6950;6955;6960;6940;6945,C;C;C;C;C,53,no_trade,gate,0.0,,0.0,-1,-1,0.0,,nan,0.0,False,nan,nan,,0
2026-02-12,77,369737,6926.89013671875,-0.33000001311302185,313,2.1025750637054443,2.0969743728637695,-0.005600690841674805,2.0970;1.9298;1.8899;1.8759;1.8566,6950;6945;6955;6940;6960,C;C;C;C;C,55,no_trade,gate,0.0,,0.0,-1,-1,0.0,,nan,0.0,False,nan,nan,,0
2026-02-12,78,369738,6921.990234375,-0.33000001311302185,312,1.729897141456604,1.9009106159210205,0.1710134744644165,1.9009;1.8104;1.8026;1.7506;1.7246,6950;6945;6940;6935;6955,C;C;C;C;C,63,no_trade,gate,0.0,,0.0,-1,-1,0.0,,nan,0.0,False,nan,nan,,0
2026-02-12,79,369739,6924.08984375,-0.33000001311302185,311,2.3157968521118164,2.1580119132995605,-0.15778493881225586,2.1580;2.0916;2.0801;2.0229;1.9211,6950;6945;6940;6955;6960,C;C;C;C;C,59,no_trade,gate,0.0,,0.0,-1,-1,0.0,,nan,0.0,False,nan,nan,,0
2026-02-12,80,369740,6921.77978515625,-0.33000001311302185,310,2.0030462741851807,1.8410613536834717,-0.16198492050170898,1.8411;1.8325;1.7897;1.7770;1.7714,6950;6900;6920;6945;6910,C;P;P;C;P,58,no_trade,gate,0.0,,0.0,-1,-1,0.0,,nan,0.0,False,nan,nan,,0
2026-02-12,81,369741,6926.52978515625,-0.33000001311302185,309,2.2727713584899902,2.407675266265869,0.1349039077758789,2.4077;2.3681;2.2994;2.2733;2.2532,6950;6955;6940;6960;6945,C;C;C;C;C,59,no_trade,gate,0.0,,0.0,-1,-1,0.0,,nan,0.0,False,nan,nan,,0
2026-02-12,82,369742,6920.830078125,-0.33000001311302185,308,1.8016172647476196,1.872193455696106,0.07057619094848633,1.8722;1.8483;1.7973;1.7967;1.7605,6900;6920;6910;6915;6905,P;P;P;P;P,56,no_trade,gate,0.0,,0.0,-1,-1,0.0,,nan,0.0,False,nan,nan,,0
2026-02-12,83,369743,6919.7998046875,-0.33000001311302185,307,2.227189540863037,2.3325843811035156,0.10539484024047852,2.3326;2.3188;2.2753;2.2358;2.1891,6950;6945;6940;6955;6935,C;C;C;C;C,59,no_trade,gate,0.0,,0.0,-1,-1,0.0,,nan,0.0,False,nan,nan,,0
2026-02-12,84,369744,6915.41015625,-0.33000001311302185,306,2.233097553253174,2.684638500213623,0.4515409469604492,2.6846;2.6502;2.6329;2.6249;2.6052,6940;6935;6945;6930;6950,C;C;C;C;C,67,no_trade,gate,0.0,,0.0,-1,-1,0.0,,nan,0.0,False,nan,nan,,0
2026-02-12,85,369745,6913.27001953125,-0.33000001311302185,305,2.2972774505615234,2.685227870941162,0.38795042037963867,2.6852;2.6383;2.6304;2.6282;2.6109,6940;6945;6935;6950;6930,C;C;C;C;C,70,no_trade,gate,0.0,,0.0,-1,-1,0.0,,nan,0.0,False,nan,nan,,0
2026-02-12,86,369746,6912.4501953125,-0.33000001311302185,304,2.3283188343048096,2.2455053329467773,-0.08281350135803223,2.2455;2.2196;2.2194;2.1183;2.0699,6940;6945;6950;6930;6935,C;C;C;C;C,63,no_trade,gate,0.0,,0.0,-1,-1,0.0,,nan,0.0,False,nan,nan,,0
2026-02-12,87,369747,6909.83984375,-0.33000001311302185,303,2.1322622299194336,2.006779193878174,-0.12548303604125977,2.0068;1.9887;1.9781;1.9772;1.9671,6940;6950;6945;6900;6930,C;C;C;P;C,64,no_trade,gate,0.0,,0.0,-1,-1,0.0,,nan,0.0,False,nan,nan,,0
2026-02-12,88,369748,6907.68017578125,-0.33000001311302185,302,2.287055730819702,2.203385829925537,-0.08366990089416504,2.2034;2.1890;2.1165;2.1115;2.0844,6930;6940;6920;6935;6925,C;C;C;C;C,66,no_trade,gate,0.0,,0.0,-1,-1,0.0,,nan,0.0,False,nan,nan,,0
2026-02-12,89,369749,6905.3798828125,-0.33000001311302185,301,2.4281344413757324,2.953123092651367,0.5249886512756348,2.9531;2.9144;2.9004;2.8600;2.8456,6940;6930;6935;6945;6925,C;C;C;C;C,72,no_trade,gate,0.0,,0.0,-1,-1,0.0,,nan,0.0,False,nan,nan,,0
2026-02-12,90,369750,6905.2099609375,-0.33000001311302185,300,2.3366267681121826,2.362319231033325,0.025692462921142578,2.3623;2.3527;2.3365;2.3020;2.2849,6940;6930;6935;6945;6925,C;C;C;C;C,74,no_trade,gate,0.0,,0.0,-1,-1,0.0,,nan,0.0,False,nan,nan,,0
2026-02-12,91,369751,6903.43994140625,-0.33000001311302185,299,2.3796164989471436,2.1269617080688477,-0.2526547908782959,2.1270;2.1141;2.1017;2.0527;2.0492,6940;6935;6930;6945;6920,C;C;C;C;C,65,no_trade,gate,0.0,,0.0,-1,-1,0.0,,nan,0.0,False,nan,nan,,0
2026-02-12,92,369752,6901.27001953125,-0.33000001311302185,298,2.504925489425659,2.405656099319458,-0.09926939010620117,2.4057;2.3812;2.3512;2.3512;2.3072,6940;6930;6945;6950;6935,C;C;C;C;C,72,no_trade,gate,0.0,,0.0,-1,-1,0.0,,nan,0.0,False,nan,nan,,0
2026-02-12,93,369753,6903.8798828125,-0.33000001311302185,297,2.5543558597564697,2.2153513431549072,-0.3390045166015625,2.2154;2.1858;2.1508;2.1360;2.1319,6940;6930;6950;6935;6945,C;C;C;C;C,68,no_trade,gate,0.0,,0.0,-1,-1,0.0,,nan,0.0,False,nan,nan,,0
2026-02-12,94,369754,6900.60986328125,-0.33000001311302185,296,2.4829461574554443,1.9984428882598877,-0.48450326919555664,1.9984;1.9849;1.9404;1.9390;1.9267,6880;6890;6875;6900;6885,P;P;P;P;P,69,no_trade,gate,0.0,,0.0,-1,-1,0.0,,nan,0.0,False,nan,nan,,0
2026-02-12,95,369755,6894.169921875,-0.33000001311302185,295,2.5536227226257324,2.024200677871704,-0.5294220447540283,2.0242;1.9998;1.9605;1.9576;1.9012,6920;6940;6925;6930;6935,C;C;C;C;C,71,no_trade,gate,0.0,,0.0,-1,-1,0.0,,nan,0.0,False,nan,nan,,0
2026-02-12,96,369756,6891.22998046875,-0.33000001311302185,294,2.626919984817505,2.718477249145508,0.09155726432800293,2.7185;2.7105;2.7019;2.6716;2.6588,6930;6925;6920;6935;6940,C;C;C;C;C,81,no_trade,gate,0.0,,0.0,-1,-1,0.0,,nan,0.0,False,nan,nan,,0
2026-02-12,97,369757,6892.509765625,-0.33000001311302185,293,2.569622039794922,2.16308331489563,-0.406538724899292,2.1631;2.1361;2.1328;2.0829;2.0768,6930;6925;6920;6935;6940,C;C;C;C;C,78,no_trade,gate,0.0,,0.0,-1,-1,0.0,,nan,0.0,False,nan,nan,,0
2026-02-12,98,369758,6893.1298828125,-0.33000001311302185,292,2.552506685256958,2.081796646118164,-0.47071003913879395,2.0818;2.0436;2.0376;2.0316;2.0183,6870;6865;6875;6860;6890,P;P;P;P;P,71,no_trade,gate,0.0,,0.0,-1,-1,0.0,,nan,0.0,False,nan,nan,,0
2026-02-12,99,369759,6889.39013671875,-0.33000001311302185,291,2.4438107013702393,2.078580141067505,-0.3652305603027344,2.0786;1.9839;1.9800;1.9756;1.9645,6920;6930;6915;6860;6870,C;C;C;P;P,74,no_trade,gate,0.0,,0.0,-1,-1,0.0,,nan,0.0,False,nan,nan,,0
2026-02-12,100,369760,6885.93017578125,-0.33000001311302185,290,2.6049649715423584,2.1025819778442383,-0.5023829936981201,2.1026;2.0205;2.0006;1.9708;1.9502,6920;6930;6925;6935;6915,C;C;C;C;C,72,no_trade,gate,0.0,,0.0,-1,-1,0.0,,nan,0.0,False,nan,nan,,0
2026-02-12,101,369761,6883.91015625,-0.33000001311302185,289,2.6529393196105957,2.264410972595215,-0.38852834701538086,2.2644;2.2635;2.2460;2.2299;2.2156,6925;6920;6910;6915;6930,C;C;C;C;C,76,no_trade,gate,0.0,,0.0,-1,-1,0.0,,nan,0.0,False,nan,nan,,0
2026-02-12,102,369762,6884.169921875,-0.33000001311302185,288,2.7177834510803223,2.047999620437622,-0.6697838306427002,2.0480;2.0127;1.9805;1.9746;1.9746,6880;6860;6920;6850;6865,P;P;C;P;P,69,no_trade,gate,0.0,,0.0,-1,-1,0.0,,nan,0.0,False,nan,nan,,0
2026-02-12,103,369763,6881.02001953125,-0.33000001311302185,287,2.6511642932891846,2.147984027862549,-0.5031802654266357,2.1480;2.0827;2.0560;2.0450;2.0279,6920;6915;6850;6860;6870,C;C;P;P;P,76,no_trade,gate,0.0,,0.0,-1,-1,0.0,,nan,0.0,False,nan,nan,,0
2026-02-12,104,369764,6882.330078125,-0.33000001311302185,286,2.6185426712036133,2.1520042419433594,-0.4665384292602539,2.1520;2.1388;2.0584;2.0491;2.0463,6920;6915;6905;6900;6925,C;C;C;C;C,73,no_trade,gate,0.0,,0.0,-1,-1,0.0,,nan,0.0,False,nan,nan,,0
2026-02-13,60,370110,6857.31005859375,0.33000001311302185,330,1.5312869548797607,2.13541841506958,0.6041314601898193,2.1354;2.0864;2.0828;2.0695;2.0398,6900;6910;6905;6915;6920,C;C;C;C;C,102,trade,,6900.0,C,7.099999904632568,224,211,6865.0,P,0.4414297044277191,0.053509414196014404,True,0.04564516023344112,-0.395784544194278,TRAILING_STOP,7
2026-02-13,61,370111,6853.580078125,0.33000001311302185,329,1.5752297639846802,2.2056779861450195,0.6304482221603394,2.2057;2.1675;2.1416;2.1045;2.1040,6900;6910;6905;6895;6915,C;C;C;C;C,98,no_trade,in_position,0.0,,0.0,-1,195,6825.0,P,0.7333627939224243,0.012558996677398682,True,nan,nan,,0
2026-02-13,62,370112,6858.22998046875,0.33000001311302185,328,1.6177496910095215,2.412423610687256,0.7946739196777344,2.4124;2.3422;2.3217;2.3123;2.2678,6900;6905;6910;6920;6915,C;C;C;C;C,99,no_trade,in_position,0.0,,0.0,-1,199,6835.0,P,0.7229599952697754,0.0002676844596862793,True,nan,nan,,0
2026-02-13,63,370113,6863.169921875,0.33000001311302185,327,1.5015301704406738,2.293442964553833,0.7919127941131592,2.2934;2.2802;2.2714;2.2633;2.2538,6900;6910;6915;6920;6905,C;C;C;C;C,102,no_trade,in_position,0.0,,0.0,-1,211,6865.0,P,0.4082142114639282,0.01320493221282959,True,nan,nan,,0
2026-02-13,64,370114,6860.02001953125,0.33000001311302185,326,1.6801879405975342,2.2654643058776855,0.5852763652801514,2.2655;2.2362;2.1756;2.1476;2.1383,6900;6910;6915;6920;6905,C;C;C;C;C,91,no_trade,in_position,0.0,,0.0,-1,169,6760.0,P,0.6916278600692749,0.019509851932525635,True,nan,nan,,0
2026-02-13,65,370115,6863.2001953125,0.33000001311302185,325,1.6738159656524658,2.1878890991210938,0.5140731334686279,2.1879;2.1437;2.1355;2.1247;2.0948,6900;6910;6915;6920;6925,C;C;C;C;C,90,no_trade,in_position,0.0,,0.0,-1,149,6710.0,P,0.6317646503448486,0.05584156513214111,True,nan,nan,,0
2026-02-13,66,370116,6864.06005859375,0.33000001311302185,324,1.5348941087722778,2.0170695781707764,0.48217546939849854,2.0171;1.9239;1.9040;1.8822;1.8209,6810;6800;6815;6825;6820,P;P;P;P;P,92,no_trade,in_position,0.0,,0.0,-1,209,6860.0,P,0.4300629496574402,0.007974237203598022,True,nan,nan,,0
2026-02-13,67,370117,6862.31005859375,0.33000001311302185,323,1.5183382034301758,1.8560734987258911,0.33773529529571533,1.8561;1.8363;1.8043;1.8015;1.7875,6820;6795;6800;6780;6810,P;P;P;P;P,86,no_trade,in_position,0.0,,0.0,-1,211,6865.0,P,0.1297244429588318,0.02528385818004608,True,nan,nan,,0
2026-02-13,68,370118,6849.97021484375,0.33000001311302185,322,1.525983452796936,1.7937312126159668,0.26774775981903076,1.7937;1.7845;1.7627;1.7114;1.7006,6900;6800;6890;6880;6895,C;P;C;C;C,93,no_trade,in_position,0.0,,0.0,-1,193,6820.0,P,0.44301164150238037,0.0073806047439575195,True,nan,nan,,0
2026-02-13,69,370119,6848.0400390625,0.33000001311302185,321,1.4885857105255127,1.972084879875183,0.4834991693496704,1.9721;1.9439;1.9390;1.9191;1.9016,6900;6890;6880;6895;6885,C;C;C;C;C,94,trade,,6900.0,C,4.949999809265137,224,183,6795.0,P,0.43250003457069397,0.008119344711303711,True,-0.3080851067110878,-0.7405851412817818,STOP_LOSS,4
2026-02-13,70,370120,6846.259765625,0.33000001311302185,320,1.4826712608337402,2.0746750831604004,0.5920038223266602,2.0747;2.0738;2.0348;2.0284;2.0215,6900;6885;6880;6895;6890,C;C;C;C;C,95,no_trade,in_position,0.0,,0.0,-1,179,6785.0,P,0.5731579065322876,0.010357856750488281,True,nan,nan,,0
2026-02-13,71,370121,6847.72998046875,0.33000001311302185,319,1.2347629070281982,1.9759498834609985,0.7411869764328003,1.9759;1.9558;1.9545;1.9361;1.9353,6900;6890;6880;6885;6895,C;C;C;C;C,89,no_trade,in_position,0.0,,0.0,-1,185,6800.0,P,0.3917977511882782,0.012343257665634155,True,nan,nan,,0
2026-02-13,72,370122,6843.52978515625,0.33000001311302185,318,1.279202938079834,1.776348352432251,0.497145414352417,1.7763;1.7581;1.7262;1.6877;1.6548,6800;6770;6790;6765;6795,P;P;P;P;P,84,no_trade,in_position,0.0,,0.0,-1,179,6785.0,P,0.31695646047592163,0.01932007074356079,True,nan,nan,,0
2026-02-13,73,370123,6840.9501953125,0.33000001311302185,317,1.2670388221740723,1.7410635948181152,0.47402477264404297,1.7411;1.6795;1.6708;1.6293;1.6115,6770;6780;6775;6800;6895,P;P;P;P;C,84,no_trade,in_position,0.0,,0.0,-1,204,6850.0,C,0.2365015596151352,0.0031421780586242676,True,nan,nan,,0
2026-02-13,74,370124,6835.02001953125,0.33000001311302185,316,1.3680838346481323,2.0211446285247803,0.653060793876648,2.0211;1.9918;1.9654;1.9654;1.9313,6880;6870;6875;6885;6900,C;C;C;C;C,88,no_trade,in_position,0.0,,0.0,-1,204,6850.0,C,0.3708997070789337,0.013649702072143555,True,nan,nan,,0
2026-02-13,75,370125,6838.27978515625,0.33000001311302185,315,1.510908603668213,2.0751919746398926,0.5642833709716797,2.0752;2.0594;2.0544;2.0529;2.0168,6890;6885;6900;6880;6870,C;C;C;C;C,90,no_trade,cooldown,0.0,,0.0,-1,210,6865.0,C,0.4778124988079071,0.24201250076293945,True,nan,nan,,0
2026-02-13,76,370126,6829.60986328125,0.33000001311302185,314,1.6013844013214111,1.9024736881256104,0.3010892868041992,1.9025;1.8843;1.8689;1.8570;1.8565,6870;6860;6880;6865;6855,C;C;C;C;C,99,no_trade,cooldown,0.0,,0.0,-1,228,6910.0,C,0.4794594347476959,0.011929959058761597,True,nan,nan,,0
2026-02-13,77,370127,6830.22021484375,0.33000001311302185,313,1.6512482166290283,1.8562827110290527,0.20503449440002441,1.8563;1.8151;1.8108;1.8056;1.8011,6870;6900;6880;6875;6890,C;C;C;C;C,88,trade,,6870.0,C,8.600000381469727,212,218,6885.0,C,0.5170589089393616,0.0038445591926574707,True,0.510357279566687,-0.0067016293726746,TAKE_PROFIT,17
2026-02-13,78,370128,6829.5400390625,0.33000001311302185,312,1.7970027923583984,1.7672302722930908,-0.029772520065307617,1.7672;1.7536;1.7365;1.7104;1.7058,6900;6885;6870;6860;6890,C;C;C;C;C,85,no_trade,in_position,0.0,,0.0,-1,214,6875.0,C,0.6495454907417297,0.04454547166824341,True,nan,nan,,0
2026-02-13,79,370129,6829.2998046875,0.33000001311302185,311,1.7620521783828735,1.5656006336212158,-0.19645154476165771,1.5656;1.5120;1.5007;1.4979;1.4750,6800;6785;6775;6780;6750,P;P;P;P;P,91,no_trade,in_position,0.0,,0.0,-1,212,6870.0,C,0.37649041414260864,0.021498799324035645,True,nan,nan,,0
2026-02-13,80,370130,6834.4501953125,0.33000001311302185,310,1.8892112970352173,1.721949815750122,-0.16726148128509521,1.7219;1.6755;1.6724;1.6568;1.6399,6880;6870;6875;6890;6900,C;C;C;C;C,87,no_trade,in_position,0.0,,0.0,-1,204,6850.0,C,0.19739237427711487,0.06255155801773071,True,nan,nan,,0
2026-02-13,81,370131,6844.9501953125,0.33000001311302185,309,1.5926532745361328,2.178056001663208,0.5854027271270752,2.1781;2.1656;2.1612;2.1128;2.1090,6900;6890;6880;6875;6885,C;C;C;C;C,91,no_trade,in_position,0.0,,0.0,-1,204,6850.0,C,-0.013411489315330982,0.001278165727853775,True,nan,nan,,0
2026-02-13,82,370132,6841.3701171875,0.33000001311302185,308,1.3598904609680176,1.8420460224151611,0.48215556144714355,1.8420;1.7425;1.7053;1.6488;1.6444,6800;6785;6790;6775;6780,P;P;P;P;P,88,no_trade,in_position,0.0,,0.0,-1,204,6850.0,C,-0.013376565650105476,0.000823434442281723,True,nan,nan,,0
2026-02-13,83,370133,6845.18994140625,0.33000001311302185,307,1.4623920917510986,1.8981159925460815,0.4357239007949829,1.8981;1.7782;1.7532;1.7311;1.7204,6900;6890;6895;6905;6910,C;C;C;C;C,77,no_trade,in_position,0.0,,0.0,-1,204,6850.0,C,-0.013386666774749756,0.0007192930206656456,True,nan,nan,,0
2026-02-13,84,370134,6845.1201171875,0.33000001311302185,306,1.2543025016784668,1.7644972801208496,0.5101947784423828,1.7645;1.7168;1.7010;1.6823;1.6711,6800;6880;6900;6885;6895,P;C;C;C;C,78,no_trade,in_position,0.0,,0.0,-1,204,6850.0,C,0.3627437353134155,0.5805619359016418,True,nan,nan,,0
2026-02-13,85,370135,6848.830078125,0.33000001311302185,305,1.3362464904785156,1.8437695503234863,0.5075230598449707,1.8438;1.8370;1.8229;1.7786;1.7695,6900;6880;6895;6890;6905,C;C;C;C;C,83,no_trade,in_position,0.0,,0.0,-1,208,6860.0,C,0.2341044843196869,0.005839183926582336,True,nan,nan,,0
2026-02-13,86,370136,6842.06005859375,0.33000001311302185,304,1.414920687675476,1.801644206047058,0.38672351837158203,1.8016;1.7788;1.7623;1.7608;1.7398,6800;6880;6900;6885;6895,P;C;C;C;C,84,no_trade,in_position,0.0,,0.0,-1,216,6880.0,C,0.39159998297691345,0.024901896715164185,True,nan,nan,,0
2026-02-13,87,370137,6845.27001953125,0.33000001311302185,303,1.5199344158172607,1.6996443271636963,0.17970991134643555,1.6996;1.6302;1.6221;1.6188;1.5470,6800;6880;6810;6900;6790,P;C;P;C;P,79,no_trade,in_position,0.0,,0.0,-1,204,6850.0,C,-0.01338326558470726,0.0008167345076799393,True,nan,nan,,0
2026-02-13,88,370138,6846.2099609375,0.33000001311302185,302,1.4731042385101318,2.1348469257354736,0.6617426872253418,2.1348;2.0906;2.0904;2.0191;2.0152,6880;6900;6890;6870;6875,C;C;C;C;C,76,no_trade,in_position,0.0,,0.0,-1,216,6880.0,C,0.2202513962984085,0.01407855749130249,True,nan,nan,,0
2026-02-13,89,370139,6844.4599609375,0.33000001311302185,301,1.4056769609451294,1.7453495264053345,0.3396725654602051,1.7453;1.7060;1.6748;1.6504;1.6264,6800;6805;6795;6820;6785,P;P;P;P;P,83,no_trade,in_position,0.0,,0.0,-1,222,6895.0,C,0.34581390023231506,0.01053088903427124,True,nan,nan,,0
2026-02-13,90,370140,6847.14990234375,0.33000001311302185,300,1.521711826324463,1.9208624362945557,0.3991506099700928,1.9209;1.8952;1.8323;1.8148;1.7476,6900;6890;6875;6910;6870,C;C;C;C;C,81,no_trade,in_position,0.0,,0.0,-1,204,6850.0,C,0.404824823141098,0.45112916827201843,True,nan,nan,,0
2026-02-13,91,370141,6849.759765625,0.33000001311302185,299,1.4525327682495117,1.7508574724197388,0.29832470417022705,1.7509;1.7213;1.6645;1.6499;1.6357,6800;6900;6895;6890;6910,P;C;C;C;C,80,no_trade,in_position,0.0,,0.0,-1,204,6850.0,C,-0.010649999603629112,0.003344743512570858,True,nan,nan,,0
2026-02-13,92,370142,6848.25,0.33000001311302185,298,1.4396754503250122,1.779937744140625,0.3402622938156128,1.7799;1.7572;1.6609;1.6305;1.6301,6800;6900;6880;6790;6895,P;C;C;P;C,83,no_trade,in_position,0.0,,0.0,-1,204,6850.0,C,0.37865737080574036,0.3918994665145874,True,nan,nan,,0
2026-02-13,93,370143,6850.85009765625,0.33000001311302185,297,1.5575157403945923,2.159144401550293,0.6016286611557007,2.1591;2.0971;2.0608;2.0550;2.0549,6900;6890;6895;6880;6905,C;C;C;C;C,85,no_trade,in_position,0.0,,0.0,-1,205,6850.0,P,-0.011210526339709759,0.002060321159660816,True,nan,nan,,0
2026-02-13,94,370144,6852.919921875,0.33000001311302185,296,1.3993103504180908,2.0889577865600586,0.6896474361419678,2.0890;2.0794;2.0492;2.0457;2.0172,6900;6895;6890;6885;6910,C;C;C;C;C,85,no_trade,in_position,0.0,,0.0,-1,205,6850.0,P,0.23654136061668396,8.414685726165771e-05,True,nan,nan,,0
2026-02-13,95,370145,6855.7099609375,0.33000001311302185,295,1.3762670755386353,1.9850049018859863,0.6087378263473511,1.9850;1.9414;1.9270;1.9265;1.9191,6900;6895;6905;6890;6885,C;C;C;C;C,90,no_trade,in_position,0.0,,0.0,-1,197,6830.0,P,0.76457679271698,0.07121175527572632,True,nan,nan,,0
2026-02-13,96,370146,6860.14013671875,-0.33000001311302185,294,1.4138007164001465,2.135096549987793,0.7212958335876465,2.1351;2.1275;2.1124;2.0739;2.0650,6900;6895;6890;6910;6905,C;C;C;C;C,91,trade,,6900.0,C,4.800000190734863,224,209,6860.0,P,0.37958523631095886,0.00142708420753479,True,-0.2681395362969538,-0.6477247726079127,STOP_LOSS,5
2026-02-13,97,370147,6856.830078125,-0.33000001311302185,293,1.4544777870178223,1.918879508972168,0.4644017219543457,1.9189;1.9064;1.8954;1.8516;1.8504,6900;6780;6800;6895;6890,C;P;P;C;C,75,no_trade,in_position,0.0,,0.0,-1,195,6825.0,P,0.7266983985900879,0.03509831428527832,True,nan,nan,,0
2026-02-13,98,370148,6860.14013671875,-0.33000001311302185,292,1.3992745876312256,2.0748279094696045,0.6755533218383789,2.0748;2.0293;2.0167;2.0156;2.0125,6900;6910;6890;6905;6895,C;C;C;C;C,79,no_trade,in_position,0.0,,0.0,-1,189,6810.0,P,0.3585089147090912,0.3688487112522125,True,nan,nan,,0
2026-02-13,99,370149,6859.1298828125,-0.33000001311302185,291,1.3558402061462402,2.1778714656829834,0.8220312595367432,2.1779;2.1503;2.1492;2.1355;2.1211,6900;6890;6910;6895;6875,C;C;C;C;C,86,no_trade,in_position,0.0,,0.0,-1,213,6870.0,P,0.278311163187027,0.017252057790756226,True,nan,nan,,0
2026-02-13,100,370150,6852.60009765625,-0.33000001311302185,290,1.3490437269210815,1.8079111576080322,0.4588674306869507,1.8079;1.7938;1.7809;1.7613;1.7385,6800;6890;6780;6900;6895,P;C;P;C;C,78,no_trade,in_position,0.0,,0.0,-1,207,6855.0,P,-0.009838337078690529,0.003354562446475029,True,nan,nan,,0
2026-02-13,101,370151,6852.31982421875,0.33000001311302185,289,1.5784553289413452,2.0291402339935303,0.45068490505218506,2.0291;2.0225;2.0043;1.9458;1.9344,6890;6880;6900;6885;6875,C;C;C;C;C,79,no_trade,in_position,0.0,,0.0,-1,210,6865.0,C,-0.017317073419690132,0.006887471303343773,True,nan,nan,,0
2026-02-13,102,370152,6846.81005859375,0.33000001311302185,288,1.573024034500122,1.8927929401397705,0.31976890563964844,1.8928;1.8439;1.8406;1.8403;1.8229,6880;6890;6875;6900;6885,C;C;C;C;C,79,no_trade,in_position,0.0,,0.0,-1,212,6870.0,C,0.4108256995677948,0.0046981871128082275,True,nan,nan,,0
2026-02-13,103,370153,6848.2998046875,0.33000001311302185,287,1.587039828300476,1.9661145210266113,0.37907469272613525,1.9661;1.9101;1.8146;1.8030;1.7971,6900;6890;6905;6895;6875,C;C;C;C;C,73,no_trade,cooldown,0.0,,0.0,-1,204,6850.0,C,0.3541402816772461,0.12807287275791168,True,nan,nan,,0
2026-02-13,104,370154,6852.5,0.33000001311302185,286,1.600227952003479,1.9052151441574097,0.30498719215393066,1.9052;1.8717;1.8447;1.8425;1.8121,6900;6880;6890;6895;6875,C;C;C;C;C,76,no_trade,cooldown,0.0,,0.0,-1,185,6800.0,P,0.5164150595664978,0.0019150972366333008,True,nan,nan,,0
2026-02-17,60,370500,6786.89990234375,0.33000001311302185,330,1.4964123964309692,1.7969485521316528,0.3005361557006836,1.7969;1.7179;1.6939;1.6935;1.6836,6750;6760;6745;6740;6730,P;P;P;P;P,83,trade,,6750.0,P,9.0,152,154,6755.0,P,-0.021299999207258224,0.02678510919213295,True,0.05659340757460522,0.07789340678186345,TRAILING_STOP,5
2026-02-17,61,370501,6786.77978515625,0.33000001311302185,329,1.5813961029052734,1.8346693515777588,0.25327324867248535,1.8347;1.8327;1.7979;1.7870;1.7813,6750;6815;6830;6820;6825,P;C;C;C;C,84,no_trade,in_position,0.0,,0.0,-1,185,6835.0,C,-0.2411632537841797,0.004618033766746521,True,nan,nan,,0
2026-02-17,62,370502,6783.0400390625,0.33000001311302185,328,1.7787779569625854,1.8455229997634888,0.06674504280090332,1.8455;1.7726;1.7436;1.7180;1.7121,6750;6740;6760;6725;6735,P;P;P;P;P,76,no_trade,in_position,0.0,,0.0,-1,183,6830.0,C,0.6218367218971252,0.03897958993911743,True,nan,nan,,0
2026-02-17,63,370503,6779.56982421875,0.33000001311302185,327,1.8474503755569458,2.159874439239502,0.31242406368255615,2.1599;2.1471;2.1402;2.1398;2.1232,6820;6815;6825;6810;6830,C;C;C;C;C,97,no_trade,in_position,0.0,,0.0,-1,197,6865.0,C,0.576635479927063,0.03400379419326782,True,nan,nan,,0
2026-02-17,64,370504,6777.89990234375,0.33000001311302185,326,1.9328612089157104,2.3918445110321045,0.45898330211639404,2.3918;2.3737;2.2554;2.2253;2.2247,6825;6830;6835;6820;6810,C;C;C;C;C,82,no_trade,in_position,0.0,,0.0,-1,183,6830.0,C,0.35840001702308655,0.022777587175369263,True,nan,nan,,0
2026-02-17,65,370505,6781.25,0.33000001311302185,325,1.9472030401229858,2.051379919052124,0.10417687892913818,2.0514;2.0493;1.9115;1.8788;1.8574,6830;6825;6820;6840;6850,C;C;C;C;C,82,no_trade,in_position,0.0,,0.0,-1,185,6835.0,C,0.4504651129245758,0.031490832567214966,True,nan,nan,,0
2026-02-17,66,370506,6783.77978515625,0.33000001311302185,324,1.8552953004837036,1.8533859252929688,-0.0019093751907348633,1.8534;1.8359;1.8122;1.8043;1.7399,6830;6840;6820;6825;6750,C;C;C;C;P,72,no_trade,in_position,0.0,,0.0,-1,183,6830.0,C,0.7860000133514404,0.03470855951309204,True,nan,nan,,0
2026-02-17,67,370507,6780.08984375,0.33000001311302185,323,1.7417042255401611,1.6610406637191772,-0.08066356182098389,1.6610;1.6205;1.6116;1.5629;1.5249,6830;6820;6825;6800;6815,C;C;C;C;C,71,no_trade,gate,0.0,,0.0,-1,187,6840.0,C,0.5644826292991638,0.06079840660095215,True,nan,nan,,0
2026-02-17,68,370508,6778.89013671875,0.33000001311302185,322,1.8823151588439941,2.0310401916503906,0.14872503280639648,2.0310;2.0290;2.0268;2.0095;1.9917,6830;6815;6820;6800;6810,C;C;C;C;C,84,trade,,6830.0,C,4.400000095367432,183,197,6865.0,C,0.6317646503448486,0.0021491646766662598,True,0.5927680245624632,-0.038996625782385386,TAKE_PROFIT,8
2026-02-17,69,370509,6775.919921875,0.33000001311302185,321,2.157536506652832,2.144615888595581,-0.012920618057250977,2.1446;2.0611;2.0100;2.0094;1.9969,6800;6825;6810;6830;6820,C;C;C;C;C,75,no_trade,in_position,0.0,,0.0,-1,181,6825.0,C,0.20982758700847626,0.0010775625705718994,True,nan,nan,,0
2026-02-17,70,370510,6782.06005859375,0.33000001311302185,320,2.0881991386413574,2.0488181114196777,-0.03938102722167969,2.0488;2.0001;1.9572;1.9498;1.9135,6825;6820;6830;6810;6840,C;C;C;C;C,74,no_trade,in_position,0.0,,0.0,-1,189,6845.0,C,0.7823255658149719,0.01260077953338623,True,nan,nan,,0
2026-02-17,71,370511,6776.5498046875,0.33000001311302185,319,1.9180928468704224,2.1132583618164062,0.1951655149459839,2.1133;2.1062;2.0568;2.0219;1.9984,6820;6830;6800;6825;6835,C;C;C;C;C,78,no_trade,in_position,0.0,,0.0,-1,187,6840.0,C,0.3814035654067993,0.008903473615646362,True,nan,nan,,0
2026-02-17,72,370512,6778.6298828125,0.33000001311302185,318,1.9222698211669922,1.7228999137878418,-0.1993699073791504,1.7229;1.6976;1.6059;1.5527;1.5508,6820;6830;6750;6835;6800,C;C;P;C;C,76,no_trade,in_position,0.0,,0.0,-1,183,6830.0,C,0.4504651129245758,0.011322259902954102,True,nan,nan,,0
2026-02-17,73,370513,6779.5,0.33000001311302185,317,1.9776650667190552,2.2941946983337402,0.31652963161468506,2.2942;2.2567;2.1680;2.1613;2.1194,6810;6830;6840;6835;6850,C;C;C;C;C,71,no_trade,in_position,0.0,,0.0,-1,181,6825.0,C,0.31135594844818115,0.006544232368469238,True,nan,nan,,0
2026-02-17,74,370514,6783.43017578125,0.33000001311302185,316,1.97198486328125,1.8109714984893799,-0.16101336479187012,1.8110;1.7890;1.7847;1.7104;1.6783,6825;6830;6820;6850;6840,C;C;C;C;C,78,no_trade,in_position,0.0,,0.0,-1,181,6825.0,C,0.3086363971233368,0.028366148471832275,True,nan,nan,,0
2026-02-17,75,370515,6787.85009765625,0.33000001311302185,315,1.6017036437988281,1.925984263420105,0.32428061962127686,1.9260;1.9192;1.8788;1.8761;1.8561,6830;6820;6825;6840;6835,C;C;C;C;C,73,no_trade,in_position,0.0,,0.0,-1,189,6845.0,C,0.6248148083686829,0.009360313415527344,True,nan,nan,,0
2026-02-17,76,370516,6788.080078125,0.33000001311302185,314,1.740686058998108,2.3263964653015137,0.5857104063034058,2.3264;2.3125;2.3071;2.3048;2.2112,6835;6825;6830;6840;6845,C;C;C;C;C,71,no_trade,in_position,0.0,,0.0,-1,195,6860.0,C,0.16497179865837097,0.01658467948436737,True,nan,nan,,0
2026-02-17,77,370517,6796.6201171875,0.33000001311302185,313,1.5873229503631592,2.237527370452881,0.6502044200897217,2.2375;2.2304;2.2026;2.1715;2.1691,6840;6830;6835;6845;6850,C;C;C;C;C,77,no_trade,in_position,0.0,,0.0,-1,185,6835.0,C,0.6585713624954224,0.018571317195892334,True,nan,nan,,0
2026-02-17,78,370518,6794.1298828125,0.33000001311302185,312,1.514144778251648,1.9234285354614258,0.40928375720977783,1.9234;1.8865;1.8472;1.8339;1.7823,6750;6830;6760;6825;6850,P;C;P;C;C,72,trade,,6750.0,P,6.349999904632568,152,181,6825.0,C,0.49145179986953735,0.001779705286026001,True,-0.3118699402247802,-0.8033217400943176,STOP_LOSS,10
2026-02-17,79,370519,6794.419921875,0.33000001311302185,311,1.5646886825561523,1.9077129364013672,0.34302425384521484,1.9077;1.8971;1.8778;1.8753;1.8483,6840;6830;6850;6835;6825,C;C;C;C;C,73,no_trade,in_position,0.0,,0.0,-1,185,6835.0,C,0.6561363339424133,0.011574864387512207,True,nan,nan,,0
2026-02-17,80,370520,6791.33984375,0.33000001311302185,310,1.337339997291565,1.8826045989990234,0.5452646017074585,1.8826;1.8707;1.8584;1.8314;1.7786,6830;6820;6850;6840;6855,C;C;C;C;C,74,no_trade,in_position,0.0,,0.0,-1,181,6825.0,C,0.16897724568843842,0.018703356385231018,True,nan,nan,,0
2026-02-17,81,370521,6799.27001953125,0.33000001311302185,309,1.5456942319869995,2.7051453590393066,1.1594511270523071,2.7051;2.7011;2.6964;2.6862;2.6601,6840;6850;6830;6835;6845,C;C;C;C;C,76,no_trade,in_position,0.0,,0.0,-1,197,6865.0,C,0.9495653510093689,0.12428241968154907,True,nan,nan,,0
2026-02-17,82,370522,6795.1298828125,0.33000001311302185,308,1.6276298761367798,2.0775043964385986,0.44987452030181885,2.0775;2.0339;1.9889;1.9735;1.9649,6840;6835;6830;6845;6850,C;C;C;C;C,65,no_trade,in_position,0.0,,0.0,-1,203,6880.0,C,0.5672726035118103,0.10717645287513733,True,nan,nan,,0
2026-02-17,83,370523,6795.64990234375,0.33000001311302185,307,1.6555044651031494,2.10842227935791,0.45291781425476074,2.1084;2.0964;2.0669;2.0550;2.0364,6830;6850;6820;6835;6840,C;C;C;C;C,64,no_trade,in_position,0.0,,0.0,-1,183,6830.0,C,0.5019046664237976,0.032304733991622925,True,nan,nan,,0
2026-02-17,84,370524,6796.9599609375,0.33000001311302185,306,1.5445796251296997,1.7494804859161377,0.204900860786438,1.7495;1.6587;1.6534;1.6357;1.5900,6750;6850;6845;6840;6835,P;C;C;C;C,63,no_trade,in_position,0.0,,0.0,-1,181,6825.0,C,0.30752816796302795,0.015187740325927734,True,nan,nan,,0
2026-02-17,85,370525,6801.06982421875,0.33000001311302185,305,1.465802550315857,2.2909703254699707,0.8251677751541138,2.2910;2.2872;2.2632;2.2405;2.2315,6835;6830;6850;6845;6825,C;C;C;C;C,68,no_trade,in_position,0.0,,0.0,-1,187,6840.0,C,0.8592499494552612,0.06813883781433105,True,nan,nan,,0
2026-02-17,86,370526,6796.75,0.33000001311302185,304,1.7035638093948364,2.1569886207580566,0.4534248113632202,2.1570;2.1234;2.1042;2.0957;2.0926,6820;6840;6835;6850;6830,C;C;C;C;C,72,no_trade,in_position,0.0,,0.0,-1,183,6830.0,C,0.6418643593788147,0.035588204860687256,True,nan,nan,,0
2026-02-17,87,370527,6795.35986328125,0.33000001311302185,303,1.6629176139831543,2.1670942306518555,0.5041766166687012,2.1671;2.1496;2.1371;2.1335;2.1007,6850;6825;6840;6845;6830,C;C;C;C;C,71,no_trade,in_position,0.0,,0.0,-1,185,6835.0,C,0.17532262206077576,0.017140835523605347,True,nan,nan,,0
2026-02-17,88,370528,6802.52978515625,0.33000001311302185,302,1.600347876548767,2.504696846008301,0.9043489694595337,2.5047;2.4938;2.4825;2.4633;2.4534,6840;6850;6845;6830;6835,C;C;C;C;C,71,no_trade,in_position,0.0,,0.0,-1,201,6875.0,C,0.4899999797344208,0.005833327770233154,True,nan,nan,,0
2026-02-17,89,370529,6803.43994140625,0.33000001311302185,301,1.5812326669692993,2.29764986038208,0.7164171934127808,2.2976;2.2920;2.2703;2.2170;2.2038,6840;6850;6830;6845;6835,C;C;C;C;C,74,no_trade,in_position,0.0,,0.0,-1,195,6860.0,C,0.4632432162761688,0.004195660352706909,True,nan,nan,,0
2026-02-17,90,370530,6804.47998046875,0.33000001311302185,300,1.6047141551971436,2.3175208568573,0.7128067016601562,2.3175;2.2927;2.2924;2.2732;2.2462,6840;6835;6850;6845;6830,C;C;C;C;C,67,no_trade,cooldown,0.0,,0.0,-1,181,6825.0,C,0.09130773693323135,0.02769661694765091,True,nan,nan,,0
2026-02-17,91,370531,6813.2900390625,0.33000001311302185,299,1.913780689239502,2.852541923522949,0.9387612342834473,2.8525;2.8252;2.8060;2.8041;2.7662,6850;6840;6845;6855;6835,C;C;C;C;C,77,no_trade,cooldown,0.0,,0.0,-1,181,6825.0,C,0.4722900390625,0.008279025554656982,True,nan,nan,,0
2026-02-17,92,370532,6814.2900390625,0.33000001311302185,298,1.983789086341858,2.4637181758880615,0.4799290895462036,2.4637;2.4220;2.4121;2.4031;2.3282,6850;6855;6845;6860;6840,C;C;C;C;C,72,trade,,6850.0,C,4.800000190734863,191,195,6860.0,C,0.5952727198600769,0.013502836227416992,True,0.5356043941118686,-0.05966832574820835,TAKE_PROFIT,4
2026-02-17,93,370533,6812.5400390625,0.33000001311302185,297,2.0802252292633057,2.355262279510498,0.2750370502471924,2.3553;2.2828;2.2538;2.2213;2.2185,6850;6840;6845;6860;6835,C;C;C;C;C,73,no_trade,in_position,0.0,,0.0,-1,185,6835.0,C,0.4752325713634491,0.025758802890777588,True,nan,nan,,0
2026-02-17,94,370534,6813.35009765625,0.33000001311302185,296,1.9978442192077637,2.1884706020355225,0.1906263828277588,2.1885;2.1869;2.1441;2.0727;2.0699,6850;6855;6845;6840;6835,C;C;C;C;C,68,no_trade,in_position,0.0,,0.0,-1,181,6825.0,C,0.1375519335269928,0.011706829071044922,True,nan,nan,,0
2026-02-17,95,370535,6821.35986328125,0.33000001311302185,295,1.8915650844573975,2.394862413406372,0.5032973289489746,2.3949;2.3813;2.3758;2.3159;2.3104,6850;6860;6855;6845;6865,C;C;C;C;C,79,no_trade,in_position,0.0,,0.0,-1,191,6850.0,C,0.58661288022995,0.026072382926940918,True,nan,nan,,0
2026-02-17,96,370536,6821.0498046875,0.33000001311302185,294,2.046241283416748,2.511476516723633,0.46523523330688477,2.5115;2.4521;2.4326;2.3785;2.3272,6850;6860;6855;6865;6870,C;C;C;C;C,63,no_trade,in_position,0.0,,0.0,-1,181,6825.0,C,0.35247549414634705,0.012568950653076172,True,nan,nan,,0
2026-02-17,97,370537,6824.509765625,0.33000001311302185,293,2.0398619174957275,2.557432174682617,0.5175702571868896,2.5574;2.5569;2.4928;2.4741;2.4451,6865;6850;6860;6855;6870,C;C;C;C;C,71,no_trade,in_position,0.0,,0.0,-1,201,6875.0,C,0.4471074342727661,0.025852352380752563,True,nan,nan,,0
2026-02-17,98,370538,6827.22998046875,0.33000001311302185,292,2.0833585262298584,2.499748706817627,0.41639018058776855,2.4997;2.4958;2.4693;2.4583;2.4532,6860;6850;6865;6870;6855,C;C;C;C;C,73,trade,,6860.0,C,5.0,195,207,6890.0,C,0.5705264210700989,0.0032538175582885742,True,0.45740000000000003,-0.11312642107009885,TAKE_PROFIT,4
2026-02-17,99,370539,6828.919921875,0.33000001311302185,291,2.0739946365356445,2.666736602783203,0.5927419662475586,2.6667;2.6619;2.6562;2.6488;2.6162,6860;6855;6850;6870;6865,C;C;C;C;C,69,no_trade,in_position,0.0,,0.0,-1,201,6875.0,C,0.42166656255722046,0.015866577625274658,True,nan,nan,,0
2026-02-17,100,370540,6831.39013671875,0.33000001311302185,290,2.1595146656036377,2.462855815887451,0.3033411502838135,2.4629;2.4093;2.3952;2.3789;2.3543,6860;6865;6850;6855;6870,C;C;C;C;C,70,no_trade,in_position,0.0,,0.0,-1,181,6825.0,C,0.313647598028183,0.017261475324630737,True,nan,nan,,0
2026-02-17,101,370541,6835.259765625,0.33000001311302185,289,2.2818527221679688,2.920807361602783,0.6389546394348145,2.9208;2.9100;2.9022;2.8382;2.8149,6870;6860;6865;6850;6855,C;C;C;C;C,76,no_trade,in_position,0.0,,0.0,-1,189,6845.0,C,0.48497530817985535,0.002118140459060669,True,nan,nan,,0
2026-02-17,102,370542,6836.1201171875,0.33000001311302185,288,2.316617727279663,2.52091646194458,0.204298734664917,2.5209;2.4934;2.4401;2.4232;2.3592,6875;6870;6865;6860;6855,C;C;C;C;C,71,no_trade,in_position,0.0,,0.0,-1,176,6810.0,P,0.21913044154644012,0.018260881304740906,True,nan,nan,,0
2026-02-17,103,370543,6843.0,0.33000001311302185,287,2.311828851699829,2.704437732696533,0.3926088809967041,2.7044;2.6446;2.6055;2.5313;2.5163,6870;6875;6880;6865;6860,C;C;C;C;C,77,no_trade,in_position,0.0,,0.0,-1,188,6840.0,P,0.44520044326782227,0.0037488043308258057,True,nan,nan,,0
2026-02-17,104,370544,6840.85986328125,0.33000001311302185,286,2.393491506576538,2.708139181137085,0.3146476745605469,2.7081;2.6934;2.6741;2.6601;2.6134,6870;6865;6875;6860;6880,C;C;C;C;C,77,trade,,6870.0,C,5.599999904632568,199,186,6835.0,P,0.5298317670822144,0.004070878028869629,True,-0.03736842230306332,-0.5672001893852777,TRAILING_STOP,12
2026-02-18,60,370890,6894.39013671875,-0.33000001311302185,330,2.3252980709075928,2.270596981048584,-0.05470108985900879,2.2706;2.2569;2.2374;2.2134;2.2104,6915;6910;6905;6900;6920,C;C;C;C;C,64,no_trade,gate,0.0,,0.0,-1,177,6890.0,C,-0.012769230641424656,0.0028925342485308647,True,nan,nan,,0
2026-02-18,61,370891,6894.2998046875,-0.33000001311302185,329,2.5162363052368164,2.3099873065948486,-0.20624899864196777,2.3100;2.2761;2.2751;2.2714;2.2593,6910;6905;6915;6920;6900,C;C;C;C;C,64,no_trade,gate,0.0,,0.0,-1,177,6890.0,C,-0.01277380995452404,0.0030039679259061813,True,nan,nan,,0
2026-02-18,62,370892,6894.330078125,-0.33000001311302185,328,2.4301559925079346,2.282949686050415,-0.14720630645751953,2.2829;2.2723;2.2622;2.2313;2.2217,6910;6915;6920;6905;6925,C;C;C;C;C,62,no_trade,gate,0.0,,0.0,-1,191,6925.0,C,0.1961904764175415,0.017190471291542053,True,nan,nan,,0
2026-02-18,63,370893,6893.18017578125,-0.33000001311302185,327,2.1718437671661377,2.009005546569824,-0.16283822059631348,2.0090;2.0043;2.0013;1.9870;1.9585,6910;6915;6905;6920;6900,C;C;C;C;C,58,no_trade,gate,0.0,,0.0,-1,191,6925.0,C,0.6068782210350037,0.011605501174926758,True,nan,nan,,0
2026-02-18,64,370894,6892.10986328125,-0.33000001311302185,326,2.2546117305755615,2.2931292057037354,0.03851747512817383,2.2931;2.2821;2.2739;2.2651;2.2193,6910;6900;6905;6915;6920,C;C;C;C;C,65,trade,,6910.0,C,5.5,185,179,6895.0,C,0.3237580358982086,0.02039441466331482,True,0.25578123128740143,-0.06797680461080718,TAKE_PROFIT,5
2026-02-18,65,370895,6895.39013671875,-0.33000001311302185,325,2.0730912685394287,2.358214855194092,0.2851235866546631,2.3582;2.3501;2.3263;2.3120;2.2902,6910;6915;6920;6905;6900,C;C;C;C;C,62,no_trade,in_position,0.0,,0.0,-1,177,6890.0,C,-0.012778443284332752,0.0026563387364149094,True,nan,nan,,0
2026-02-18,66,370896,6895.60986328125,-0.33000001311302185,324,2.1718242168426514,2.4186325073242188,0.24680829048156738,2.4186;2.4099;2.4054;2.3579;2.3500,6910;6915;6920;6925;6900,C;C;C;C;C,58,no_trade,in_position,0.0,,0.0,-1,183,6905.0,C,-0.02393258549273014,0.23356740176677704,True,nan,nan,,0
2026-02-18,67,370897,6897.3701171875,-0.33000001311302185,323,2.1385934352874756,2.508561134338379,0.3699676990509033,2.5086;2.5076;2.4789;2.4762;2.4729,6910;6915;6900;6905;6920,C;C;C;C;C,64,no_trade,in_position,0.0,,0.0,-1,179,6895.0,C,-0.014895104803144932,0.03218822926282883,True,nan,nan,,0
2026-02-18,68,370898,6897.02978515625,-0.33000001311302185,322,2.1899964809417725,2.3008134365081787,0.11081695556640625,2.3008;2.2877;2.2845;2.2560;2.2369,6910;6920;6915;6925;6900,C;C;C;C;C,56,no_trade,in_position,0.0,,0.0,-1,184,6905.0,P,-0.23331208527088165,0.0046879202127456665,True,nan,nan,,0
2026-02-18,69,370899,6898.75,-0.33000001311302185,321,2.0351669788360596,2.3348865509033203,0.29971957206726074,2.3349;2.3327;2.3178;2.2738;2.2490,6915;6910;6920;6925;6905,C;C;C;C;C,59,no_trade,in_position,0.0,,0.0,-1,162,6850.0,P,-0.23576919734477997,0.0016465038061141968,True,nan,nan,,0
2026-02-18,70,370900,6901.9501953125,-0.33000001311302185,320,2.293341875076294,2.626214027404785,0.3328721523284912,2.6262;2.6209;2.6098;2.5687;2.5207,6910;6915;6920;6925;6930,C;C;C;C;C,67,no_trade,in_position,0.0,,0.0,-1,184,6905.0,P,-0.30021125078201294,0.011606961488723755,True,nan,nan,,0
2026-02-18,71,370901,6901.580078125,-0.33000001311302185,319,2.357475996017456,2.3510305881500244,-0.006445407867431641,2.3510;2.3500;2.3437;2.3114;2.2904,6910;6915;6920;6925;6905,C;C;C;C;C,63,no_trade,gate,0.0,,0.0,-1,191,6925.0,C,-0.22654543817043304,0.017754539847373962,True,nan,nan,,0
2026-02-18,72,370902,6900.27978515625,-0.33000001311302185,318,2.403951644897461,2.535149574279785,0.13119792938232422,2.5351;2.5339;2.5054;2.4863;2.4596,6915;6910;6920;6905;6925,C;C;C;C;C,60,trade,,6915.0,C,5.699999809265137,187,182,6900.0,P,-0.30588704347610474,0.0037181973457336426,True,-0.3338624663733095,-0.027975422897204782,STOP_LOSS,36
2026-02-18,73,370903,6899.97998046875,-0.33000001311302185,317,2.3509409427642822,2.345627784729004,-0.00531315803527832,2.3456;2.3362;2.3080;2.3056;2.2309,6915;6920;6910;6925;6930,C;C;C;C;C,58,no_trade,in_position,0.0,,0.0,-1,184,6905.0,P,-0.28062936663627625,0.012865811586380005,True,nan,nan,,0
2026-02-18,74,370904,6901.39013671875,-0.33000001311302185,316,2.3476428985595703,2.0653741359710693,-0.282268762588501,2.0654;2.0560;2.0472;2.0304;1.9566,6915;6920;6910;6925;6930,C;C;C;C;C,50,no_trade,in_position,0.0,,0.0,-1,177,6890.0,C,-0.27906450629234314,0.015618056058883667,True,nan,nan,,0
2026-02-18,75,370905,6900.2998046875,-0.33000001311302185,315,2.061763048171997,2.1298975944519043,0.06813454627990723,2.1299;2.1135;2.1063;2.0550;2.0206,6915;6910;6920;6925;6905,C;C;C;C;C,56,no_trade,in_position,0.0,,0.0,-1,174,6880.0,P,-0.26491525769233704,0.0068194568157196045,True,nan,nan,,0
2026-02-18,76,370906,6902.06982421875,-0.33000001311302185,314,2.2516822814941406,2.1879265308380127,-0.06375575065612793,2.1879;2.1764;2.1580;2.1315;2.1140,6910;6915;6920;6905;6925,C;C;C;C;C,61,no_trade,in_position,0.0,,0.0,-1,177,6890.0,C,-0.291412353515625,0.008822023868560791,True,nan,nan,,0
2026-02-18,77,370907,6901.31005859375,-0.33000001311302185,313,2.0524134635925293,2.187701463699341,0.13528800010681152,2.1877;2.1839;2.1503;2.1487;2.1102,6910;6920;6905;6915;6925,C;C;C;C;C,54,no_trade,in_position,0.0,,0.0,-1,184,6905.0,P,-0.20510709285736084,0.003581434488296509,True,nan,nan,,0
2026-02-18,78,370908,6904.22021484375,-0.33000001311302185,312,2.033633232116699,2.3800086975097656,0.3463754653930664,2.3800;2.3763;2.3606;2.3425;2.3146,6910;6915;6920;6905;6925,C;C;C;C;C,61,no_trade,in_position,0.0,,0.0,-1,191,6925.0,C,-0.20884615182876587,0.013931617140769958,True,nan,nan,,0
2026-02-18,79,370909,6901.93017578125,-0.33000001311302185,311,2.019942045211792,1.9582394361495972,-0.061702609062194824,1.9582;1.9535;1.9267;1.9246;1.8901,6855;6915;6920;6870;6910,P;C;C;P;C,52,no_trade,in_position,0.0,,0.0,-1,191,6925.0,C,-0.04913043603301048,0.012608692049980164,True,nan,nan,,0
2026-02-18,80,370910,6901.25,-0.33000001311302185,310,2.017787218093872,2.042569398880005,0.024782180786132812,2.0426;2.0366;2.0159;1.9842;1.9609,6910;6915;6920;6905;6925,C;C;C;C;C,54,no_trade,in_position,0.0,,0.0,-1,191,6925.0,C,-0.05022222176194191,0.012424837797880173,True,nan,nan,,0
2026-02-18,81,370911,6900.93994140625,-0.33000001311302185,309,2.020139694213867,2.3191535472869873,0.2990138530731201,2.3192;2.3162;2.3083;2.2899;2.2309,6910;6915;6905;6920;6925,C;C;C;C;C,58,no_trade,in_position,0.0,,0.0,-1,187,6915.0,C,-0.04437499865889549,0.008183140307664871,True,nan,nan,,0
2026-02-18,82,370912,6900.14990234375,-0.33000001311302185,308,2.006105661392212,1.9129705429077148,-0.09313511848449707,1.9130;1.8694;1.8527;1.8428;1.8298,6880;6875;6915;6920;6910,P;P;C;C;C,51,no_trade,in_position,0.0,,0.0,-1,191,6925.0,C,-0.048085108399391174,0.19538335502147675,True,nan,nan,,0
2026-02-18,83,370913,6902.58984375,-0.33000001311302185,307,1.956585168838501,2.131390333175659,0.1748051643371582,2.1314;2.1181;2.0995;2.0949;2.0236,6910;6915;6905;6920;6925,C;C;C;C;C,57,no_trade,in_position,0.0,,0.0,-1,184,6905.0,P,-0.01651162840425968,0.24805213510990143,True,nan,nan,,0
2026-02-18,84,370914,6902.91015625,-0.33000001311302185,306,1.867789387702942,2.086871385574341,0.21908199787139893,2.0869;2.0746;2.0642;2.0108;1.9913,6910;6915;6920;6925;6905,C;C;C;C;C,51,no_trade,in_position,0.0,,0.0,-1,184,6905.0,P,-0.018849557265639305,0.0035714954137802124,True,nan,nan,,0
2026-02-18,85,370915,6905.3701171875,-0.33000001311302185,305,1.7880332469940186,2.004751205444336,0.21671795845031738,2.0048;2.0030;1.9797;1.9773;1.9377,6915;6910;6890;6920;6925,C;C;P;C;C,60,no_trade,in_position,0.0,,0.0,-1,184,6905.0,P,-0.01844155788421631,0.0032931361347436905,True,nan,nan,,0
2026-02-18,86,370916,6904.919921875,-0.33000001311302185,304,1.929626703262329,1.8324062824249268,-0.09722042083740234,1.8324;1.8168;1.7996;1.7660;1.6995,6915;6920;6910;6925;6905,C;C;C;C;C,50,no_trade,in_position,0.0,,0.0,-1,184,6905.0,P,-0.018684210255742073,0.004219014197587967,True,nan,nan,,0
2026-02-18,87,370917,6905.27001953125,-0.33000001311302185,303,1.9955403804779053,2.157788038253784,0.1622476577758789,2.1578;2.1575;2.1541;2.0689;2.0472,6910;6920;6915;6925;6905,C;C;C;C;C,57,no_trade,in_position,0.0,,0.0,-1,184,6905.0,P,-0.017177419736981392,0.003793453797698021,True,nan,nan,,0
2026-02-18,88,370918,6903.1298828125,-0.33000001311302185,302,1.9131605625152588,2.1773009300231934,0.26414036750793457,2.1773;2.1514;2.1243;2.1064;2.0138,6910;6915;6920;6905;6925,C;C;C;C;C,49,no_trade,in_position,0.0,,0.0,-1,184,6905.0,P,-0.017603306099772453,0.003696693107485771,True,nan,nan,,0
2026-02-18,89,370919,6903.89013671875,-0.33000001311302185,301,1.8460255861282349,1.7924433946609497,-0.053582191467285156,1.7924;1.7760;1.7499;1.7035;1.6943,6920;6910;6915;6925;6905,C;C;C;C;C,48,no_trade,in_position,0.0,,0.0,-1,184,6905.0,P,-0.018205128610134125,0.0035295654088258743,True,nan,nan,,0
2026-02-18,90,370920,6903.91015625,-0.33000001311302185,300,1.7651432752609253,1.9266200065612793,0.161476731300354,1.9266;1.9240;1.9196;1.8559;1.8364,6915;6910;6920;6905;6925,C;C;C;C;C,51,no_trade,in_position,0.0,,0.0,-1,184,6905.0,P,-0.016640624031424522,0.004019752144813538,True,nan,nan,,0
2026-02-18,91,370921,6901.9501953125,-0.33000001311302185,299,1.8577179908752441,2.0628390312194824,0.20512104034423828,2.0628;2.0500;2.0231;1.9741;1.9496,6910;6905;6915;6920;6900,C;C;C;C;C,54,no_trade,in_position,0.0,,0.0,-1,184,6905.0,P,-0.019495798274874687,0.0013865549117326736,True,nan,nan,,0
2026-02-18,92,370922,6902.81005859375,-0.33000001311302185,298,1.7305688858032227,1.7838095426559448,0.05324065685272217,1.7838;1.7686;1.7555;1.7262;1.7223,6870;6900;6875;6890;6910,P;P;P;P;C,51,no_trade,in_position,0.0,,0.0,-1,195,6935.0,C,0.09933333098888397,0.11597395688295364,True,nan,nan,,0
2026-02-18,93,370923,6901.81005859375,-0.33000001311302185,297,1.6942898035049438,1.7766166925430298,0.08232688903808594,1.7766;1.7620;1.7293;1.7125;1.7124,6880;6910;6915;6920;6870,P;C;C;C;P,49,no_trade,in_position,0.0,,0.0,-1,195,6935.0,C,0.06526317447423935,0.08508925884962082,True,nan,nan,,0
2026-02-18,94,370924,6904.0498046875,-0.33000001311302185,296,1.8332899808883667,2.0701534748077393,0.23686349391937256,2.0702;2.0569;2.0416;2.0001;1.9558,6915;6910;6920;6905;6925,C;C;C;C;C,52,no_trade,in_position,0.0,,0.0,-1,184,6905.0,P,0.22990566492080688,0.004110217094421387,True,nan,nan,,0
2026-02-18,95,370925,6906.10009765625,-0.33000001311302185,295,1.7668452262878418,2.109135389328003,0.34229016304016113,2.1091;2.0934;2.0629;2.0490;1.9498,6910;6915;6905;6920;6925,C;C;C;C;C,56,no_trade,in_position,0.0,,0.0,-1,182,6900.0,P,0.5278823971748352,0.033882349729537964,True,nan,nan,,0
2026-02-18,96,370926,6905.60986328125,-0.33000001311302185,294,1.999791145324707,1.928670883178711,-0.0711202621459961,1.9287;1.8978;1.8854;1.8827;1.8732,6865;6910;6870;6915;6900,P;C;P;C;P,52,no_trade,in_position,0.0,,0.0,-1,184,6905.0,P,0.6354736685752869,0.028165996074676514,True,nan,nan,,0
2026-02-18,97,370927,6907.64013671875,-0.33000001311302185,293,1.8319108486175537,2.1164112091064453,0.2845003604888916,2.1164;2.1125;2.0964;2.0624;2.0408,6915;6910;6920;6905;6900,C;C;C;C;P,61,no_trade,in_position,0.0,,0.0,-1,182,6900.0,P,0.3203448951244354,0.009129911661148071,True,nan,nan,,0
2026-02-18,98,370928,6904.9501953125,-0.33000001311302185,292,1.9876444339752197,2.05415678024292,0.0665123462677002,2.0542;2.0292;1.9960;1.9536;1.9150,6910;6915;6905;6920;6900,C;C;C;C;P,54,no_trade,in_position,0.0,,0.0,-1,178,6890.0,P,0.28434786200523376,0.007170438766479492,True,nan,nan,,0
2026-02-18,99,370929,6902.08984375,-0.33000001311302185,291,1.862662672996521,1.9530329704284668,0.0903702974319458,1.9530;1.9349;1.9113;1.8569;1.8100,6910;6905;6915;6920;6900,C;C;C;C;C,51,no_trade,in_position,0.0,,0.0,-1,184,6905.0,P,-0.01933884248137474,0.002068193629384041,True,nan,nan,,0
2026-02-18,100,370930,6902.39013671875,-0.33000001311302185,290,1.9678401947021484,1.9634480476379395,-0.004392147064208984,1.9634;1.9442;1.9303;1.9011;1.8755,6910;6905;6915;6880;6920,C;C;C;P;C,51,no_trade,in_position,0.0,,0.0,-1,184,6905.0,P,-0.019262295216321945,0.002252856269478798,True,nan,nan,,0
2026-02-18,101,370931,6902.47021484375,-0.33000001311302185,289,1.8370933532714844,2.0263915061950684,0.18929815292358398,2.0264;2.0212;2.0084;1.9661;1.8558,6910;6905;6915;6920;6900,C;C;C;C;C,49,no_trade,in_position,0.0,,0.0,-1,184,6905.0,P,-0.01991228014230728,0.002508772537112236,True,nan,nan,,0
2026-02-18,102,370932,6903.22021484375,-0.33000001311302185,288,1.785847544670105,1.8429548740386963,0.05710732936859131,1.8430;1.8206;1.8183;1.7947;1.7625,6910;6905;6915;6900;6920,C;C;C;P;C,49,no_trade,in_position,0.0,,0.0,-1,184,6905.0,P,-0.017317073419690132,0.0036538001149892807,True,nan,nan,,0
2026-02-18,103,370933,6901.6201171875,-0.33000001311302185,287,1.7317357063293457,1.896254539489746,0.1645188331604004,1.8963;1.8698;1.8498;1.8449;1.8317,6875;6880;6900;6910;6870,P;P;P;C;P,47,no_trade,in_position,0.0,,0.0,-1,184,6905.0,P,-0.019576270133256912,0.002382492646574974,True,nan,nan,,0
2026-02-18,104,370934,6902.47998046875,-0.33000001311302185,286,1.7706722021102905,1.7464823722839355,-0.02418982982635498,1.7465;1.6764;1.6653;1.6006;1.5893,6880;6900;6895;6890;6865,P;P;P;P;P,46,no_trade,in_position,0.0,,0.0,-1,184,6905.0,P,0.22943925857543945,0.0037266016006469727,True,nan,nan,,0
2026-02-19,60,371280,6857.5400390625,0.33000001311302185,330,1.9371554851531982,2.2946860790252686,0.3575305938720703,2.2947;2.2594;2.2480;2.2413;2.1824,6880;6900;6890;6895;6905,C;C;C;C;C,69,trade,,6880.0,C,8.199999809265137,156,150,6865.0,C,0.23400312662124634,0.010043337941169739,True,0.18499999410965853,-0.049003132511587805,TAKE_PROFIT,2
2026-02-19,61,371281,6865.33984375,0.33000001311302185,329,1.9439538717269897,3.094503164291382,1.150549292564392,3.0945;3.0865;3.0448;2.9363;2.8572,6895;6900;6890;6905;6885,C;C;C;C;C,62,no_trade,in_position,0.0,,0.0,-1,123,6795.0,P,-0.16045458614826202,0.014808520674705505,True,nan,nan,,0
2026-02-19,62,371282,6869.68994140625,0.33000001311302185,328,1.8149237632751465,2.604778528213501,0.7898547649383545,2.6048;2.5387;2.5335;2.5148;2.4340,6900;6905;6895;6910;6890,C;C;C;C;C,61,no_trade,in_position,0.0,,0.0,-1,153,6870.0,P,-0.013312499970197678,0.0038649197667837143,True,nan,nan,,0
2026-02-19,63,371283,6872.43994140625,0.33000001311302185,327,1.7986739873886108,2.6233415603637695,0.8246675729751587,2.6233;2.5609;2.5540;2.5462;2.4206,6900;6905;6910;6895;6915,C;C;C;C;C,61,no_trade,in_position,0.0,,0.0,-1,153,6870.0,P,-0.014105959795415401,0.0041773030534386635,True,nan,nan,,0
2026-02-19,64,371284,6873.830078125,0.33000001311302185,326,1.7897363901138306,2.829866886138916,1.0401304960250854,2.8299;2.7860;2.7527;2.7135;2.6518,6900;6905;6910;6895;6890,C;C;C;C;C,61,trade,,6900.0,C,5.099999904632568,164,153,6870.0,P,-0.014105959795415401,0.004256107844412327,True,-0.29326317194888474,-0.27915721215346934,STOP_LOSS,15
2026-02-19,65,371285,6872.759765625,0.33000001311302185,325,1.722739577293396,2.6586813926696777,0.9359418153762817,2.6587;2.5889;2.5591;2.5476;2.4949,6900;6895;6905;6910;6890,C;C;C;C;C,63,no_trade,in_position,0.0,,0.0,-1,153,6870.0,P,-0.013566879555583,0.004036426544189453,True,nan,nan,,0
2026-02-19,66,371286,6871.830078125,0.33000001311302185,324,1.8791868686676025,2.573638439178467,0.6944515705108643,2.5736;2.4998;2.4687;2.4545;2.4380,6900;6905;6910;6895;6890,C;C;C;C;C,63,no_trade,in_position,0.0,,0.0,-1,153,6870.0,P,-0.013312499970197678,0.0041322167962789536,True,nan,nan,,0
2026-02-19,67,371287,6871.169921875,0.33000001311302185,323,1.753089189529419,2.407968759536743,0.6548795700073242,2.4080;2.3355;2.2872;2.2653;2.2646,6900;6905;6910;6890;6895,C;C;C;C;C,58,no_trade,in_position,0.0,,0.0,-1,153,6870.0,P,0.23499999940395355,0.0076595693826675415,True,nan,nan,,0
2026-02-19,68,371288,6874.66015625,0.33000001311302185,322,1.6980973482131958,2.579038381576538,0.8809410333633423,2.5790;2.5391;2.5024;2.4972;2.4195,6900;6905;6910;6895;6890,C;C;C;C;C,63,no_trade,in_position,0.0,,0.0,-1,147,6855.0,P,0.3482523560523987,0.00525239109992981,True,nan,nan,,0
2026-02-19,69,371289,6871.56982421875,0.33000001311302185,321,1.8116543292999268,2.087473154067993,0.2758188247680664,2.0875;2.0542;1.9815;1.9797;1.9709,6900;6915;6825;6810;6910,C;C;P;P;C,61,no_trade,in_position,0.0,,0.0,-1,141,6840.0,P,0.21671874821186066,0.011093750596046448,True,nan,nan,,0
2026-02-19,70,371290,6872.490234375,0.33000001311302185,320,1.8598490953445435,2.3924474716186523,0.5325983762741089,2.3924;2.3344;2.3313;2.2919;2.2810,6900;6915;6905;6910;6890,C;C;C;C;C,62,no_trade,in_position,0.0,,0.0,-1,141,6840.0,P,0.5140323042869568,0.027436435222625732,True,nan,nan,,0
2026-02-19,71,371291,6874.0,-0.33000001311302185,319,1.7875244617462158,2.798971652984619,1.0114471912384033,2.7990;2.7603;2.7270;2.7134;2.7066,6900;6905;6910;6915;6890,C;C;C;C;C,65,no_trade,in_position,0.0,,0.0,-1,147,6855.0,P,0.496526300907135,0.0026601552963256836,True,nan,nan,,0
2026-02-19,72,371292,6874.02978515625,0.33000001311302185,318,1.8267621994018555,2.057976484298706,0.23121428489685059,2.0580;2.0040;1.9704;1.9297;1.9131,6900;6840;6905;6915;6910,C;P;C;C;C,56,no_trade,in_position,0.0,,0.0,-1,145,6850.0,P,0.4923171401023865,0.009864330291748047,True,nan,nan,,0
2026-02-19,73,371293,6873.2900390625,0.33000001311302185,317,1.8037437200546265,2.3147032260894775,0.5109595060348511,2.3147;2.2351;2.2264;2.1888;2.1778,6900;6910;6905;6895;6915,C;C;C;C;C,58,no_trade,in_position,0.0,,0.0,-1,135,6825.0,P,0.4774271547794342,0.021802157163619995,True,nan,nan,,0
2026-02-19,74,371294,6872.259765625,0.33000001311302185,316,1.7311996221542358,2.421538829803467,0.690339207649231,2.4215;2.3790;2.3268;2.3163;2.3081,6900;6905;6910;6895;6890,C;C;C;C;C,58,no_trade,in_position,0.0,,0.0,-1,137,6830.0,P,0.31830188632011414,0.0005359351634979248,True,nan,nan,,0
2026-02-19,75,371295,6869.8798828125,0.33000001311302185,315,1.6135977506637573,2.0815978050231934,0.46800005435943604,2.0816;2.0707;2.0465;2.0021;1.9367,6900;6895;6890;6905;6885,C;C;C;C;C,58,no_trade,in_position,0.0,,0.0,-1,153,6870.0,P,0.23478572070598602,0.004326999187469482,True,nan,nan,,0
2026-02-19,76,371296,6873.35986328125,0.33000001311302185,314,1.89931058883667,2.0423758029937744,0.1430652141571045,2.0424;2.0073;1.9670;1.9333;1.9208,6900;6905;6895;6890;6910,C;C;C;C;C,59,no_trade,in_position,0.0,,0.0,-1,129,6810.0,P,0.43163639307022095,0.003583371639251709,True,nan,nan,,0
2026-02-19,77,371297,6871.8798828125,0.33000001311302185,313,1.6773097515106201,2.1926639080047607,0.5153541564941406,2.1927;2.1548;2.0970;2.0846;2.0754,6900;6890;6905;6895;6910,C;C;C;C;C,62,no_trade,in_position,0.0,,0.0,-1,141,6840.0,P,0.44415387511253357,0.003320544958114624,True,nan,nan,,0
2026-02-19,78,371298,6871.39013671875,0.33000001311302185,312,1.7284194231033325,2.1773180961608887,0.44889867305755615,2.1773;2.1328;2.1189;2.1180;2.0714,6900;6905;6895;6890;6910,C;C;C;C;C,58,no_trade,in_position,0.0,,0.0,-1,137,6830.0,P,0.42740002274513245,0.025508195161819458,True,nan,nan,,0
2026-02-19,79,371299,6870.9501953125,0.33000001311302185,311,1.6105080842971802,2.2813782691955566,0.6708701848983765,2.2814;2.2496;2.2026;2.1866;2.1625,6900;6890;6895;6905;6910,C;C;C;C;C,66,no_trade,in_position,0.0,,0.0,-1,153,6870.0,P,0.13352052867412567,0.01631747931241989,True,nan,nan,,0
2026-02-19,80,371300,6862.9501953125,0.33000001311302185,310,1.7292773723602295,2.4299111366271973,0.7006337642669678,2.4299;2.4135;2.4129;2.4125;2.3757,6890;6900;6880;6885;6895,C;C;C;C;C,65,no_trade,in_position,0.0,,0.0,-1,148,6860.0,C,-0.013458636589348316,0.001231018453836441,True,nan,nan,,0
2026-02-19,81,371301,6861.2900390625,0.33000001311302185,309,1.713783621788025,2.1576669216156006,0.4438832998275757,2.1577;2.1526;2.1338;2.1303;2.1011,6885;6880;6895;6890;6900,C;C;C;C;C,67,no_trade,cooldown,0.0,,0.0,-1,137,6830.0,P,-0.235846146941185,0.009153798222541809,True,nan,nan,,0
2026-02-19,82,371302,6863.18994140625,0.33000001311302185,308,1.9331449270248413,2.164486885070801,0.23134195804595947,2.1645;2.1390;2.1158;2.1061;2.0846,6890;6885;6900;6880;6895,C;C;C;C;C,64,no_trade,cooldown,0.0,,0.0,-1,148,6860.0,C,-0.013458636589348316,0.0010311594232916832,True,nan,nan,,0
2026-02-19,83,371303,6861.419921875,0.33000001311302185,307,1.7732518911361694,1.9573805332183838,0.18412864208221436,1.9574;1.9515;1.9381;1.9129;1.7681,6890;6895;6880;6900;6885,C;C;C;C;C,55,trade,,6890.0,C,4.699999809265137,160,148,6860.0,C,-0.012456140480935574,0.0009106257930397987,True,0.03266666666666673,0.045122807147602306,TRAILING_STOP,9
2026-02-19,84,371304,6860.5,0.33000001311302185,306,1.7099361419677734,1.9409027099609375,0.23096656799316406,1.9409;1.9320;1.9238;1.7860;1.7643,6890;6900;6895;6875;6905,C;C;C;C;C,56,no_trade,in_position,0.0,,0.0,-1,127,6805.0,P,-0.1474074125289917,0.023757651448249817,True,nan,nan,,0
2026-02-19,85,371305,6864.60986328125,0.33000001311302185,305,1.7508817911148071,2.321816921234131,0.5709351301193237,2.3218;2.2943;2.2235;2.1543;2.1354,6900;6895;6890;6905;6880,C;C;C;C;C,55,no_trade,in_position,0.0,,0.0,-1,153,6870.0,P,-0.013517546467483044,0.0037995269522070885,True,nan,nan,,0
2026-02-19,86,371306,6868.31005859375,0.33000001311302185,304,1.5072523355484009,2.382906436920166,0.8756541013717651,2.3829;2.3599;2.3592;2.2765;2.2590,6895;6900;6890;6905;6880,C;C;C;C;C,58,no_trade,in_position,0.0,,0.0,-1,153,6870.0,P,-0.013312499970197678,0.004437500610947609,True,nan,nan,,0
2026-02-19,87,371307,6868.60986328125,0.33000001311302185,303,1.7897145748138428,2.194847583770752,0.4051330089569092,2.1948;2.1864;2.1619;2.0678;2.0391,6895;6900;6890;6885;6905,C;C;C;C;C,53,no_trade,in_position,0.0,,0.0,-1,153,6870.0,P,0.23510488867759705,0.004918843507766724,True,nan,nan,,0
2026-02-19,88,371308,6871.240234375,0.33000001311302185,302,1.6470611095428467,2.3858203887939453,0.7387592792510986,2.3858;2.3654;2.3504;2.2767;2.2152,6900;6890;6895;6905;6885,C;C;C;C;C,57,no_trade,in_position,0.0,,0.0,-1,153,6870.0,P,0.4349324405193329,0.001418977975845337,True,nan,nan,,0
2026-02-19,89,371309,6869.9501953125,0.33000001311302185,301,1.6687839031219482,2.020561933517456,0.3517780303955078,2.0206;1.9683;1.9493;1.8697;1.8141,6900;6890;6895;6880;6885,C;C;C;C;C,52,no_trade,in_position,0.0,,0.0,-1,127,6805.0,P,0.5817707777023315,0.04104346036911011,True,nan,nan,,0
2026-02-19,90,371310,6870.3798828125,0.33000001311302185,300,1.6807692050933838,2.0296926498413086,0.3489234447479248,2.0297;1.9697;1.9495;1.9169;1.8709,6900;6895;6905;6890;6885,C;C;C;C;C,52,no_trade,in_position,0.0,,0.0,-1,147,6855.0,P,0.5763334035873413,0.007142364978790283,True,nan,nan,,0
2026-02-19,91,371311,6871.41015625,-0.33000001311302185,299,1.6834518909454346,1.9127216339111328,0.22926974296569824,1.9127;1.9019;1.8685;1.8101;1.8054,6900;6895;6890;6840;6905,C;C;C;P;C,55,no_trade,in_position,0.0,,0.0,-1,143,6845.0,P,0.2842307686805725,0.0019894540309906006,True,nan,nan,,0
2026-02-19,92,371312,6867.56982421875,0.33000001311302185,298,1.4035452604293823,1.7949037551879883,0.39135849475860596,1.7949;1.7764;1.7657;1.7443;1.7300,6890;6880;6895;6885;6900,C;C;C;C;C,56,no_trade,in_position,0.0,,0.0,-1,153,6870.0,P,0.2924486994743347,0.3055558204650879,True,nan,nan,,0
2026-02-19,93,371313,6863.18994140625,0.33000001311302185,297,1.745911955833435,1.896336317062378,0.15042436122894287,1.8963;1.8922;1.8743;1.6975;1.6434,6900;6890;6895;6885;6880,C;C;C;C;C,53,no_trade,in_position,0.0,,0.0,-1,152,6870.0,C,-0.017750000581145287,0.0037651509046554565,True,nan,nan,,0
2026-02-19,94,371314,6863.97998046875,0.33000001311302185,296,2.000516414642334,2.3116228580474854,0.31110644340515137,2.3116;2.2794;2.2756;2.2706;2.2211,6900;6890;6895;6880;6885,C;C;C;C;C,60,trade,,6900.0,C,2.3499999046325684,164,144,6850.0,C,-0.01327865943312645,9.460747241973877e-05,True,0.029099099755084023,0.042377759188210476,TRAILING_STOP,20
2026-02-19,95,371315,6862.52978515625,0.33000001311302185,295,1.817081093788147,2.002028465270996,0.18494737148284912,2.0020;1.9935;1.9701;1.9407;1.9300,6890;6895;6900;6885;6880,C;C;C;C;C,55,no_trade,in_position,0.0,,0.0,-1,154,6875.0,C,0.2249411791563034,0.00673222541809082,True,nan,nan,,0
2026-02-19,96,371316,6859.93017578125,0.33000001311302185,294,1.9688717126846313,2.1842169761657715,0.21534526348114014,2.1842;2.1381;2.1020;2.1000;2.0490,6890;6900;6880;6895;6885,C;C;C;C;C,57,no_trade,in_position,0.0,,0.0,-1,154,6875.0,C,0.49250006675720215,0.006548434495925903,True,nan,nan,,0
2026-02-19,97,371317,6858.52978515625,0.33000001311302185,293,2.076629161834717,2.9411392211914062,0.8645100593566895,2.9411;2.7303;2.7277;2.6643;2.6279,6890;6880;6885;6900;6895,C;C;C;C;C,60,no_trade,in_position,0.0,,0.0,-1,156,6880.0,C,0.47227272391319275,0.013363629579544067,True,nan,nan,,0
2026-02-19,98,371318,6859.919921875,0.33000001311302185,292,2.3531229496002197,2.5338430404663086,0.18072009086608887,2.5338;2.4056;2.3957;2.3620;2.2955,6890;6885;6895;6880;6900,C;C;C;C;C,55,no_trade,in_position,0.0,,0.0,-1,160,6890.0,C,0.29818180203437805,0.010355710983276367,True,nan,nan,,0
2026-02-19,99,371319,6863.47998046875,0.33000001311302185,291,2.271111011505127,2.500288248062134,0.22917723655700684,2.5003;2.3907;2.3633;2.2788;2.1738,6890;6900;6895;6885;6880,C;C;C;C;C,56,no_trade,in_position,0.0,,0.0,-1,150,6865.0,C,-0.01448979601264,0.003113510087132454,True,nan,nan,,0
2026-02-19,100,371320,6864.25,0.33000001311302185,290,2.1918375492095947,2.3892526626586914,0.19741511344909668,2.3893;2.3066;2.2973;2.2480;2.2076,6890;6900;6895;6880;6885,C;C;C;C;C,52,no_trade,in_position,0.0,,0.0,-1,152,6870.0,C,0.2297142893075943,0.005376935005187988,True,nan,nan,,0
2026-02-19,101,371321,6860.58984375,0.33000001311302185,289,2.2889504432678223,2.1616952419281006,-0.12725520133972168,2.1617;2.0238;2.0142;1.9436;1.9245,6890;6900;6880;6895;6885,C;C;C;C;C,49,no_trade,in_position,0.0,,0.0,-1,152,6870.0,C,0.33939650654792786,0.009287744760513306,True,nan,nan,,0
2026-02-19,102,371322,6863.56982421875,0.33000001311302185,288,2.401945114135742,2.5747263431549072,0.17278122901916504,2.5747;2.4769;2.4725;2.1080;2.0786,6890;6900;6895;6880;6885,C;C;C;C;C,53,no_trade,in_position,0.0,,0.0,-1,148,6860.0,C,-0.013107126578688622,0.0017879782244563103,True,nan,nan,,0
2026-02-19,103,371323,6863.89990234375,0.33000001311302185,287,2.2331578731536865,2.5468575954437256,0.31369972229003906,2.5469;2.5332;2.4046;2.3710;2.3051,6890;6900;6895;6880;6885,C;C;C;C;C,51,no_trade,in_position,0.0,,0.0,-1,152,6870.0,C,-0.017603306099772453,0.004584193229675293,True,nan,nan,,0
2026-02-19,104,371324,6865.08984375,0.33000001311302185,286,2.1664719581604004,2.299715757369995,0.13324379920959473,2.2997;2.2471;2.1620;1.9210;1.8933,6900;6890;6895;6880;6910,C;C;C;C;C,48,no_trade,in_position,0.0,,0.0,-1,153,6870.0,P,-0.01788005605340004,0.0027803201228380203,True,nan,nan,,0
2026-02-20,60,371670,6882.4599609375,-0.33000001311302185,330,2.0292394161224365,2.4629878997802734,0.4337484836578369,2.4630;2.4269;2.4136;2.3774;2.3158,6910;6905;6900;6920;6925,C;C;C;C;C,77,trade,,6910.0,C,6.699999809265137,247,239,6890.0,C,0.3629704415798187,0.025470465421676636,True,0.05303797500902531,-0.30993246657079343,TRAILING_STOP,15
2026-02-20,61,371671,6887.669921875,-0.33000001311302185,329,1.9827016592025757,2.133640766143799,0.15093910694122314,2.1336;2.0753;2.0223;2.0109;1.9725,6920;6910;6925;6930;6935,C;C;C;C;C,77,no_trade,in_position,0.0,,0.0,-1,233,6875.0,C,0.4873749911785126,0.5230055451393127,True,nan,nan,,0
2026-02-20,62,371672,6878.4599609375,-0.33000001311302185,328,1.8283061981201172,2.933688163757324,1.105381965637207,2.9337;2.8942;2.8900;2.8841;2.8730,6900;6910;6905;6890;6895,C;C;C;C;C,77,no_trade,in_position,0.0,,0.0,-1,233,6875.0,C,0.6119627952575684,0.004562795162200928,True,nan,nan,,0
2026-02-20,63,371673,6874.830078125,0.33000001311302185,327,1.9875624179840088,2.6398766040802,0.6523141860961914,2.6399;2.6162;2.5849;2.5561;2.5492,6900;6910;6905;6920;6915,C;C;C;C;C,79,no_trade,in_position,0.0,,0.0,-1,233,6875.0,C,0.3999510705471039,0.002311140298843384,True,nan,nan,,0
2026-02-20,64,371674,6878.3701171875,-0.33000001311302185,326,2.022001266479492,2.2603213787078857,0.23832011222839355,2.2603;2.2308;2.2128;2.2077;2.1963,6900;6910;6915;6920;6905,C;C;C;C;C,75,no_trade,in_position,0.0,,0.0,-1,241,6895.0,C,0.6548589468002319,0.00682753324508667,True,nan,nan,,0
2026-02-20,65,371675,6875.27001953125,-0.33000001311302185,325,1.8245223760604858,2.0171282291412354,0.1926058530807495,2.0171;1.9461;1.9442;1.9169;1.8856,6900;6910;6905;6920;6915,C;C;C;C;C,73,no_trade,in_position,0.0,,0.0,-1,233,6875.0,C,0.17081955075263977,0.04617123305797577,True,nan,nan,,0
2026-02-20,66,371676,6884.27978515625,-0.33000001311302185,324,2.0231854915618896,2.3735034465789795,0.35031795501708984,2.3735;2.3179;2.2974;2.2904;2.2693,6920;6910;6915;6900;6925,C;C;C;C;C,69,no_trade,in_position,0.0,,0.0,-1,247,6910.0,C,0.5017391443252563,0.013442426919937134,True,nan,nan,,0
2026-02-20,67,371677,6885.1298828125,-0.33000001311302185,323,1.929993748664856,2.2415997982025146,0.3116060495376587,2.2416;2.1969;2.1958;2.1800;2.1648,6920;6910;6915;6925;6900,C;C;C;C;C,69,no_trade,in_position,0.0,,0.0,-1,239,6890.0,C,0.5458000302314758,0.02770853042602539,True,nan,nan,,0
2026-02-20,68,371678,6886.27001953125,-0.33000001311302185,322,1.951560378074646,2.3223791122436523,0.37081873416900635,2.3224;2.2995;2.2993;2.2409;2.2291,6910;6915;6920;6925;6900,C;C;C;C;C,66,no_trade,in_position,0.0,,0.0,-1,241,6895.0,C,0.4084782898426056,0.017357707023620605,True,nan,nan,,0
2026-02-20,69,371679,6888.9599609375,-0.33000001311302185,321,1.8297053575515747,2.6039915084838867,0.774286150932312,2.6040;2.5902;2.5858;2.5117;2.5078,6920;6910;6915;6925;6930,C;C;C;C;C,65,no_trade,in_position,0.0,,0.0,-1,243,6900.0,C,1.0460716485977173,0.08267229795455933,True,nan,nan,,0
2026-02-20,70,371680,6880.7900390625,-0.33000001311302185,320,1.9049793481826782,3.3002538681030273,1.3952745199203491,3.3003;3.2290;3.2117;3.1378;3.0806,6900;6910;6890;6895;6915,C;C;C;C;C,64,no_trade,in_position,0.0,,0.0,-1,233,6875.0,C,0.21057696640491486,0.02936267852783203,True,nan,nan,,0
2026-02-20,71,371681,6889.27978515625,-0.33000001311302185,319,1.9462950229644775,2.9679160118103027,1.0216209888458252,2.9679;2.9636;2.9426;2.9004;2.8756,6925;6920;6910;6930;6915,C;C;C;C;C,67,no_trade,in_position,0.0,,0.0,-1,251,6920.0,C,0.5202324986457825,0.02580779790878296,True,nan,nan,,0
2026-02-20,72,371682,6888.33984375,-0.33000001311302185,318,2.0139873027801514,2.779867172241211,0.7658798694610596,2.7799;2.7685;2.7236;2.7209;2.6627,6920;6925;6930;6915;6910,C;C;C;C;C,66,no_trade,in_position,0.0,,0.0,-1,239,6890.0,C,0.23829145729541779,0.017332881689071655,True,nan,nan,,0
2026-02-20,73,371683,6895.64013671875,-0.33000001311302185,317,1.9855437278747559,2.923492670059204,0.9379489421844482,2.9235;2.9118;2.8741;2.8420;2.8082,6920;6925;6930;6910;6915,C;C;C;C;C,71,no_trade,in_position,0.0,,0.0,-1,242,6895.0,P,-0.23308224976062775,0.003584355115890503,True,nan,nan,,0
2026-02-20,74,371684,6898.0,-0.33000001311302185,316,2.1434857845306396,2.9650020599365234,0.8215162754058838,2.9650;2.9571;2.9395;2.8378;2.8126,6930;6925;6920;6915;6935,C;C;C;C;C,83,no_trade,in_position,0.0,,0.0,-1,239,6890.0,C,-0.012653266079723835,0.00011596456170082092,True,nan,nan,,0
2026-02-20,75,371685,6896.490234375,-0.33000001311302185,315,2.2497074604034424,2.946808099746704,0.6971006393432617,2.9468;2.9171;2.9171;2.8984;2.8893,6920;6925;6915;6910;6930,C;C;C;C;C,81,no_trade,in_position,0.0,,0.0,-1,239,6890.0,C,0.23723529279232025,0.001924946904182434,True,nan,nan,,0
2026-02-20,76,371686,6891.419921875,-0.33000001311302185,314,2.160353183746338,2.135835647583008,-0.024517536163330078,2.1358;2.0931;2.0699;2.0640;2.0281,6920;6915;6930;6910;6925,C;C;C;C;C,68,no_trade,in_position,0.0,,0.0,-1,245,6905.0,C,0.2576315999031067,0.0058525800704956055,True,nan,nan,,0
2026-02-20,77,371687,6897.240234375,-0.33000001311302185,313,2.148339033126831,2.531898021697998,0.383558988571167,2.5319;2.5061;2.4982;2.4975;2.4653,6920;6925;6930;6915;6910,C;C;C;C;C,75,trade,,6920.0,C,5.699999809265137,251,240,6890.0,P,-0.1825454831123352,0.015124782919883728,True,-0.4445588587435875,-0.2620133756312523,STOP_LOSS,27
2026-02-20,78,371688,6901.60986328125,-0.33000001311302185,312,2.037142753601074,2.3742129802703857,0.3370702266693115,2.3742;2.3635;2.3507;2.3187;2.2599,6930;6925;6920;6935;6940,C;C;C;C;C,68,no_trade,in_position,0.0,,0.0,-1,244,6900.0,P,0.3396933078765869,0.0106106698513031,True,nan,nan,,0
2026-02-20,79,371689,6898.81982421875,-0.33000001311302185,311,2.10736346244812,2.4842023849487305,0.37683892250061035,2.4842;2.4628;2.4550;2.4061;2.4008,6920;6925;6930;6915;6910,C;C;C;C;C,69,no_trade,in_position,0.0,,0.0,-1,237,6885.0,C,-0.012604651041328907,5.625374615192413e-05,True,nan,nan,,0
2026-02-20,80,371690,6895.35986328125,-0.33000001311302185,310,2.2161574363708496,2.670834541320801,0.45467710494995117,2.6708;2.6147;2.5679;2.5643;2.5556,6920;6925;6910;6915;6930,C;C;C;C;C,75,no_trade,in_position,0.0,,0.0,-1,247,6910.0,C,-0.02290322445333004,0.005880558863282204,True,nan,nan,,0
2026-02-20,81,371691,6898.58984375,-0.33000001311302185,309,2.1019344329833984,2.7552120685577393,0.6532776355743408,2.7552;2.7490;2.7468;2.6803;2.6748,6920;6930;6925;6935;6910,C;C;C;C;C,71,no_trade,in_position,0.0,,0.0,-1,244,6900.0,P,0.6347856521606445,0.8307856321334839,True,nan,nan,,0
2026-02-20,82,371692,6902.490234375,-0.33000001311302185,308,2.0717082023620605,2.782053232192993,0.7103450298309326,2.7821;2.7692;2.7674;2.7496;2.6545,6930;6925;6920;6935;6915,C;C;C;C;C,70,no_trade,in_position,0.0,,0.0,-1,238,6885.0,P,0.6267058253288269,0.0027214884757995605,True,nan,nan,,0
2026-02-20,83,371693,6905.02978515625,-0.33000001311302185,307,2.1084742546081543,2.744472026824951,0.6359977722167969,2.7445;2.7338;2.7232;2.6963;2.6565,6925;6930;6920;6935;6915,C;C;C;C;C,72,no_trade,in_position,0.0,,0.0,-1,244,6900.0,P,0.5312097668647766,0.0059969425201416016,True,nan,nan,,0
2026-02-20,84,371694,6905.2001953125,-0.33000001311302185,306,2.1004598140716553,2.6221542358398438,0.5216944217681885,2.6222;2.6212;2.6165;2.5617;2.5384,6925;6920;6930;6935;6915,C;C;C;C;C,74,no_trade,in_position,0.0,,0.0,-1,232,6870.0,P,0.5716667175292969,0.006855487823486328,True,nan,nan,,0
2026-02-20,85,371695,6906.56005859375,-0.33000001311302185,305,2.2104761600494385,2.670944929122925,0.46046876907348633,2.6709;2.6547;2.6433;2.5973;2.5445,6925;6930;6920;6935;6915,C;C;C;C;C,71,no_trade,in_position,0.0,,0.0,-1,230,6865.0,P,0.5526667237281799,0.002406895160675049,True,nan,nan,,0
2026-02-20,86,371696,6906.2001953125,-0.33000001311302185,304,2.263012409210205,2.623197317123413,0.360184907913208,2.6232;2.6145;2.5994;2.5592;2.5456,6920;6925;6930;6915;6935,C;C;C;C;C,73,no_trade,in_position,0.0,,0.0,-1,244,6900.0,P,0.4354761242866516,0.01657956838607788,True,nan,nan,,0
2026-02-20,87,371697,6904.7900390625,-0.33000001311302185,303,2.2276127338409424,2.5524144172668457,0.3248016834259033,2.5524;2.5396;2.5378;2.4988;2.4482,6920;6930;6925;6935;6940,C;C;C;C;C,68,no_trade,in_position,0.0,,0.0,-1,224,6850.0,P,0.5529940128326416,0.009105205535888672,True,nan,nan,,0
2026-02-20,88,371698,6905.06982421875,-0.33000001311302185,302,2.230733633041382,2.6329824924468994,0.4022488594055176,2.6330;2.6292;2.6234;2.5404;2.5354,6930;6920;6925;6935;6915,C;C;C;C;C,71,no_trade,in_position,0.0,,0.0,-1,236,6880.0,P,0.5597421526908875,0.00979626178741455,True,nan,nan,,0
2026-02-20,89,371699,6905.8798828125,-0.33000001311302185,301,2.2685725688934326,2.4264142513275146,0.15784168243408203,2.4264;2.4224;2.4163;2.3799;2.3754,6930;6925;6920;6935;6915,C;C;C;C;C,72,no_trade,in_position,0.0,,0.0,-1,214,6825.0,P,0.3649768829345703,0.005810260772705078,True,nan,nan,,0
2026-02-20,90,371700,6901.93994140625,-0.33000001311302185,300,2.3269529342651367,2.4005062580108643,0.07355332374572754,2.4005;2.3832;2.3665;2.3641;2.3159,6920;6930;6925;6915;6910,C;C;C;C;C,74,no_trade,in_position,0.0,,0.0,-1,240,6890.0,P,0.702903151512146,0.029422461986541748,True,nan,nan,,0
2026-02-20,91,371701,6903.7001953125,-0.33000001311302185,299,2.381517171859741,2.5514864921569824,0.1699693202972412,2.5515;2.5208;2.5183;2.4874;2.4413,6930;6925;6920;6935;6910,C;C;C;C;C,69,no_trade,in_position,0.0,,0.0,-1,244,6900.0,P,0.7260909080505371,0.006435751914978027,True,nan,nan,,0
2026-02-20,92,371702,6908.1298828125,-0.33000001311302185,298,2.0887844562530518,2.634173631668091,0.5453891754150391,2.6342;2.6033;2.5966;2.5785;2.4867,6930;6925;6920;6935;6940,C;C;C;C;C,70,no_trade,in_position,0.0,,0.0,-1,214,6825.0,P,0.47764700651168823,0.04681369662284851,True,nan,nan,,0
2026-02-20,93,371703,6904.89990234375,-0.33000001311302185,297,2.3786189556121826,2.382293939590454,0.0036749839782714844,2.3823;2.3686;2.3574;2.3214;2.3140,6920;6925;6930;6915;6910,C;C;C;C;C,71,no_trade,in_position,0.0,,0.0,-1,232,6870.0,P,0.6142553091049194,0.007316529750823975,True,nan,nan,,0
2026-02-20,94,371704,6906.06982421875,-0.33000001311302185,296,2.275301218032837,2.4921679496765137,0.21686673164367676,2.4922;2.4920;2.4790;2.4018;2.3888,6930;6920;6925;6915;6935,C;C;C;C;C,65,no_trade,in_position,0.0,,0.0,-1,230,6865.0,P,0.2631915211677551,0.002967655658721924,True,nan,nan,,0
2026-02-20,95,371705,6901.47021484375,-0.33000001311302185,295,2.364666223526001,2.657975196838379,0.29330897331237793,2.6580;2.6294;2.6225;2.6150;2.6073,6920;6915;6930;6925;6910,C;C;C;C;C,73,no_trade,in_position,0.0,,0.0,-1,232,6870.0,P,0.8426666855812073,0.003166675567626953,True,nan,nan,,0
2026-02-20,96,371706,6905.0400390625,-0.33000001311302185,294,2.330094337463379,2.5253190994262695,0.19522476196289062,2.5253;2.4884;2.4841;2.4149;2.4018,6920;6925;6930;6915;6935,C;C;C;C;C,63,no_trade,in_position,0.0,,0.0,-1,218,6835.0,P,0.33904770016670227,0.013501405715942383,True,nan,nan,,0
2026-02-20,97,371707,6902.35009765625,-0.33000001311302185,293,2.037543535232544,2.3534178733825684,0.3158743381500244,2.3534;2.2939;2.2919;2.2714;2.2600,6920;6910;6925;6930;6915,C;C;C;C;C,61,no_trade,in_position,0.0,,0.0,-1,240,6890.0,P,0.6302353143692017,0.00831526517868042,True,nan,nan,,0
2026-02-20,98,371708,6903.97998046875,-0.33000001311302185,292,2.1094412803649902,2.3970389366149902,0.28759765625,2.3970;2.3675;2.3515;2.2987;2.2814,6920;6925;6930;6915;6910,C;C;C;C;C,66,no_trade,in_position,0.0,,0.0,-1,234,6875.0,P,0.39306458830833435,0.06397378444671631,True,nan,nan,,0
2026-02-20,99,371709,6901.1201171875,-0.33000001311302185,291,2.015371084213257,2.475109338760376,0.45973825454711914,2.4751;2.4524;2.4079;2.3950;2.3811,6920;6910;6925;6905;6930,C;C;C;C;C,64,no_trade,in_position,0.0,,0.0,-1,206,6805.0,P,0.4442622661590576,0.004599809646606445,True,nan,nan,,0
2026-02-20,100,371710,6899.1298828125,-0.33000001311302185,290,1.9696948528289795,2.3644418716430664,0.3947470188140869,2.3644;2.3575;2.3407;2.3206;2.2651,6910;6920;6915;6925;6930,C;C;C;C;C,61,no_trade,in_position,0.0,,0.0,-1,240,6890.0,P,0.702903151512146,0.01742696762084961,True,nan,nan,,0
2026-02-20,101,371711,6902.0400390625,-0.33000001311302185,289,2.254448175430298,2.392850637435913,0.13840246200561523,2.3929;2.3636;2.3535;2.3343;2.3035,6920;6915;6910;6925;6930,C;C;C;C;C,69,no_trade,in_position,0.0,,0.0,-1,238,6885.0,P,0.6131081581115723,0.0012331604957580566,True,nan,nan,,0
2026-02-20,102,371712,6904.18017578125,-0.33000001311302185,288,1.965214490890503,2.2085213661193848,0.24330687522888184,2.2085;2.1757;2.1588;2.1470;2.1328,6920;6925;6930;6915;6910,C;C;C;C;C,63,no_trade,in_position,0.0,,0.0,-1,222,6845.0,P,0.33816254138946533,0.0007431209087371826,True,nan,nan,,0
2026-02-20,103,371713,6900.97021484375,-0.33000001311302185,287,1.9311854839324951,2.0012764930725098,0.07009100914001465,2.0013;1.9766;1.9678;1.9609;1.9331,6920;6930;6925;6910;6915,C;C;C;C;C,62,no_trade,in_position,0.0,,0.0,-1,212,6820.0,P,0.4070587456226349,0.020600348711013794,True,nan,nan,,0
2026-02-20,104,371714,6897.1298828125,-0.33000001311302185,286,1.8737808465957642,2.3260438442230225,0.4522629976272583,2.3260;2.3037;2.3020;2.2608;2.2461,6910;6920;6915;6905;6925,C;C;C;C;C,67,no_trade,in_position,0.0,,0.0,-1,242,6895.0,P,0.1812961995601654,0.008475691080093384,True,nan,nan,,0
2026-02-23,60,372060,6862.35009765625,0.33000001311302185,330,1.9926812648773193,1.7263621091842651,-0.2663191556930542,1.7264;1.7171;1.6990;1.6788;1.6632,6900;6885;6840;6830;6850,C;C;P;P;P,69,no_trade,gate,0.0,,0.0,-1,144,6760.0,P,0.46448591351509094,0.01611045002937317,True,nan,nan,,0
2026-02-23,61,372061,6861.169921875,0.33000001311302185,329,2.1398813724517822,2.037841558456421,-0.10203981399536133,2.0378;2.0261;2.0139;1.9885;1.9832,6830;6835;6860;6850;6840,P;P;P;P;P,70,no_trade,gate,0.0,,0.0,-1,176,6840.0,P,0.477340430021286,0.010383814573287964,True,nan,nan,,0
2026-02-23,62,372062,6859.75,0.33000001311302185,328,2.098968505859375,1.951209545135498,-0.14775896072387695,1.9512;1.9116;1.9040;1.8896;1.8830,6880;6890;6850;6885;6900,C;C;P;C;C,73,no_trade,gate,0.0,,0.0,-1,160,6800.0,P,0.5692592859268188,0.0338861346244812,True,nan,nan,,0
2026-02-23,63,372063,6860.56005859375,0.33000001311302185,327,2.2727956771850586,2.101815938949585,-0.17097973823547363,2.1018;2.0685;2.0588;2.0497;2.0400,6890;6880;6900;6885;6895,C;C;C;C;C,71,no_trade,gate,0.0,,0.0,-1,180,6850.0,P,0.28429579734802246,0.004698961973190308,True,nan,nan,,0
2026-02-23,64,372064,6856.259765625,0.33000001311302185,326,2.2289576530456543,1.9418845176696777,-0.28707313537597656,1.9419;1.9147;1.8565;1.8194;1.8183,6880;6890;6885;6875;6870,C;C;C;C;C,71,no_trade,gate,0.0,,0.0,-1,178,6845.0,P,0.4035876989364624,0.016285061836242676,True,nan,nan,,0
2026-02-23,65,372065,6854.7001953125,0.33000001311302185,325,2.249561309814453,2.043393611907959,-0.20616769790649414,2.0434;2.0198;1.9640;1.9547;1.9124,6900;6890;6885;6880;6895,C;C;C;C;C,73,no_trade,gate,0.0,,0.0,-1,144,6760.0,P,0.5973912477493286,0.007891237735748291,True,nan,nan,,0
2026-02-23,66,372066,6855.169921875,0.33000001311302185,324,2.364067792892456,2.1094107627868652,-0.2546570301055908,2.1094;2.0983;2.0936;2.0710;2.0269,6900;6880;6890;6885;6875,C;C;C;C;C,75,no_trade,gate,0.0,,0.0,-1,156,6790.0,P,0.8839025497436523,0.017093956470489502,True,nan,nan,,0
2026-02-23,67,372067,6859.5,0.33000001311302185,323,2.244225025177002,2.155221462249756,-0.0890035629272461,2.1552;2.1366;2.0885;2.0532;2.0115,6900;6890;6895;6905;6880,C;C;C;C;C,69,no_trade,gate,0.0,,0.0,-1,180,6850.0,P,0.3585401773452759,0.0119381844997406,True,nan,nan,,0
2026-02-23,68,372068,6856.8798828125,0.33000001311302185,322,2.1434855461120605,1.8304089307785034,-0.31307661533355713,1.8304;1.8285;1.8281;1.8131;1.7873,6830;6840;6850;6845;6855,P;P;P;P;P,67,no_trade,gate,0.0,,0.0,-1,174,6835.0,P,0.5724260807037354,0.03372615575790405,True,nan,nan,,0
2026-02-23,69,372069,6857.35986328125,0.33000001311302185,321,2.1161365509033203,1.886515498161316,-0.2296210527420044,1.8865;1.8399;1.7226;1.6891;1.6808,6890;6900;6830;6835;6895,C;C;P;P;C,67,no_trade,gate,0.0,,0.0,-1,162,6805.0,P,0.5498461723327637,0.025413155555725098,True,nan,nan,,0
2026-02-23,70,372070,6857.22998046875,0.33000001311302185,320,2.061265707015991,1.8673489093780518,-0.19391679763793945,1.8673;1.8509;1.8146;1.8046;1.8013,6830;6855;6845;6825;6835,P;P;P;P;P,67,no_trade,gate,0.0,,0.0,-1,180,6850.0,P,0.5065909028053284,0.033900171518325806,True,nan,nan,,0
2026-02-23,71,372071,6856.72021484375,0.33000001311302185,319,1.996828556060791,1.7920773029327393,-0.20475125312805176,1.7921;1.7795;1.7770;1.7574;1.7419,6830;6855;6820;6845;6840,P;P;P;P;P,72,no_trade,gate,0.0,,0.0,-1,176,6840.0,P,0.36809876561164856,0.013522565364837646,True,nan,nan,,0
2026-02-23,72,372072,6854.169921875,0.33000001311302185,318,1.8086817264556885,1.7415275573730469,-0.0671541690826416,1.7415;1.7366;1.7318;1.7240;1.7069,6840;6850;6830;6820;6890,P;P;P;P;C,70,no_trade,gate,0.0,,0.0,-1,152,6780.0,P,0.5215116739273071,0.005067288875579834,True,nan,nan,,0
2026-02-23,73,372073,6853.990234375,0.33000001311302185,317,2.0416836738586426,1.696266531944275,-0.3454171419143677,1.6963;1.6272;1.6211;1.5892;1.5857,6820;6890;6810;6895;6850,P;C;P;C;P,58,no_trade,gate,0.0,,0.0,-1,178,6845.0,P,0.42813432216644287,0.012213259935379028,True,nan,nan,,0
2026-02-23,74,372074,6852.330078125,0.33000001311302185,316,1.81314218044281,1.9918804168701172,0.17873823642730713,1.9919;1.9696;1.9601;1.9313;1.9296,6880;6890;6885;6870;6875,C;C;C;C;C,72,trade,,6880.0,C,6.0,191,154,6785.0,P,0.6378948092460632,0.005737960338592529,True,-0.3569354640879313,-0.9948302733339945,STOP_LOSS,9
2026-02-23,75,372075,6853.8798828125,0.33000001311302185,315,2.10054874420166,1.9865303039550781,-0.11401844024658203,1.9865;1.9517;1.9456;1.9224;1.9175,6890;6885;6880;6895;6900,C;C;C;C;C,71,no_trade,in_position,0.0,,0.0,-1,180,6850.0,P,0.34923577308654785,0.015546441078186035,True,nan,nan,,0
2026-02-23,76,372076,6850.89013671875,0.33000001311302185,314,1.9913568496704102,1.8703415393829346,-0.12101531028747559,1.8703;1.8292;1.8225;1.8043;1.7854,6880;6870;6890;6875;6885,C;C;C;C;C,67,no_trade,in_position,0.0,,0.0,-1,158,6795.0,P,0.7966666221618652,0.022836804389953613,True,nan,nan,,0
2026-02-23,77,372077,6854.5400390625,0.33000001311302185,313,2.012155294418335,2.1684436798095703,0.15628838539123535,2.1684;2.1355;2.1221;2.0539;2.0431,6880;6885;6890;6875;6895,C;C;C;C;C,66,no_trade,in_position,0.0,,0.0,-1,180,6850.0,P,0.44599997997283936,0.006652086973190308,True,nan,nan,,0
2026-02-23,78,372078,6852.85009765625,0.33000001311302185,312,1.9571503400802612,1.9607462882995605,0.0035959482192993164,1.9607;1.8744;1.8323;1.8131;1.7956,6850;6840;6830;6820;6835,P;P;P;P;P,61,no_trade,in_position,0.0,,0.0,-1,178,6845.0,P,0.42759397625923157,0.00018280744552612305,True,nan,nan,,0
2026-02-23,79,372079,6851.490234375,0.33000001311302185,311,1.9363415241241455,1.8706164360046387,-0.06572508811950684,1.8706;1.8505;1.8303;1.8185;1.7881,6890;6880;6885;6900;6875,C;C;C;C;C,68,no_trade,in_position,0.0,,0.0,-1,146,6765.0,P,0.5209524035453796,0.004508018493652344,True,nan,nan,,0
2026-02-23,80,372080,6850.9599609375,0.33000001311302185,310,1.988034963607788,2.054476261138916,0.06644129753112793,2.0545;2.0116;2.0010;1.9968;1.9770,6880;6885;6875;6890;6895,C;C;C;C;C,67,no_trade,in_position,0.0,,0.0,-1,178,6845.0,P,0.5179545879364014,0.012701570987701416,True,nan,nan,,0
2026-02-23,81,372081,6851.25,0.33000001311302185,309,2.0067455768585205,1.7616509199142456,-0.2450946569442749,1.7617;1.7566;1.7463;1.6646;1.6498,6890;6880;6885;6895;6900,C;C;C;C;C,61,no_trade,in_position,0.0,,0.0,-1,180,6850.0,P,0.15416240692138672,0.021551966667175293,True,nan,nan,,0
2026-02-23,82,372082,6843.56005859375,0.33000001311302185,308,1.8229984045028687,1.9924671649932861,0.16946876049041748,1.9925;1.9598;1.9567;1.8637;1.8625,6870;6875;6880;6885;6865,C;C;C;C;C,77,no_trade,in_position,0.0,,0.0,-1,156,6790.0,P,0.8252829313278198,0.03013145923614502,True,nan,nan,,0
2026-02-23,83,372083,6847.22998046875,0.33000001311302185,307,2.1145126819610596,2.034989595413208,-0.07952308654785156,2.0350;1.9446;1.8996;1.8738;1.8592,6880;6890;6885;6870;6900,C;C;C;C;C,66,no_trade,in_position,0.0,,0.0,-1,178,6845.0,P,0.31982356309890747,0.000391542911529541,True,nan,nan,,0
2026-02-23,84,372084,6843.75,0.33000001311302185,306,1.8970457315444946,1.7659823894500732,-0.1310633420944214,1.7660;1.7414;1.7319;1.7033;1.7030,6880;6870;6875;6825;6890,C;C;C;P;C,67,no_trade,in_position,0.0,,0.0,-1,180,6850.0,P,0.4043672978878021,0.014971762895584106,True,nan,nan,,0
2026-02-23,85,372085,6841.52978515625,0.33000001311302185,305,2.132896900177002,2.2683091163635254,0.13541221618652344,2.2683;2.2530;2.2509;2.1721;2.1278,6870;6875;6880;6885;6890,C;C;C;C;C,73,no_trade,cooldown,0.0,,0.0,-1,174,6835.0,P,0.4953675866127014,0.000518500804901123,True,nan,nan,,0
2026-02-23,86,372086,6841.259765625,0.33000001311302185,304,2.1368355751037598,2.108964204788208,-0.027871370315551758,2.1090;2.0648;2.0245;1.9577;1.9426,6870;6875;6880;6885;6890,C;C;C;C;C,76,no_trade,cooldown,0.0,,0.0,-1,146,6765.0,P,0.6068026423454285,0.020648658275604248,True,nan,nan,,0
2026-02-23,87,372087,6842.990234375,0.33000001311302185,303,2.1216390132904053,1.9939465522766113,-0.12769246101379395,1.9939;1.9834;1.9025;1.8719;1.8402,6875;6880;6890;6885;6870,C;C;C;C;C,70,no_trade,gate,0.0,,0.0,-1,178,6845.0,P,0.3905979096889496,0.0039369165897369385,True,nan,nan,,0
2026-02-23,88,372088,6840.5,0.33000001311302185,302,2.1160552501678467,2.0290162563323975,-0.08703899383544922,2.0290;2.0242;1.9686;1.9479;1.9067,6875;6870;6880;6865;6860,C;C;C;C;C,69,no_trade,gate,0.0,,0.0,-1,172,6830.0,P,0.41304683685302734,0.026344627141952515,True,nan,nan,,0
2026-02-23,89,372089,6838.85009765625,0.33000001311302185,301,2.267435073852539,2.4125967025756836,0.14516162872314453,2.4126;2.3708;2.3688;2.3269;2.2783,6870;6875;6880;6860;6885,C;C;C;C;C,74,trade,,6870.0,C,5.21999979019165,187,146,6765.0,P,0.7888888716697693,0.11079353094100952,True,-0.38000004776963087,-1.1688889194394,STOP_LOSS,9
2026-02-23,90,372090,6839.72021484375,0.33000001311302185,300,2.4448025226593018,2.112664222717285,-0.3321382999420166,2.1127;2.1068;2.1036;2.0649;2.0410,6875;6880;6870;6885;6890,C;C;C;C;C,69,no_trade,in_position,0.0,,0.0,-1,180,6850.0,P,0.386989027261734,0.03604233264923096,True,nan,nan,,0
2026-02-23,91,372091,6836.7099609375,0.33000001311302185,299,2.3374717235565186,1.9743406772613525,-0.363131046295166,1.9743;1.9318;1.9064;1.8453;1.8216,6870;6875;6860;6880;6810,C;C;C;C;P,70,no_trade,in_position,0.0,,0.0,-1,174,6835.0,P,0.37328454852104187,0.011284589767456055,True,nan,nan,,0
2026-02-23,92,372092,6834.740234375,0.33000001311302185,298,2.3428099155426025,2.431657314300537,0.08884739875793457,2.4317;2.3352;2.3185;2.3052;2.2889,6870;6865;6860;6880;6875,C;C;C;C;C,74,no_trade,in_position,0.0,,0.0,-1,166,6815.0,P,0.14900004863739014,0.036608390510082245,True,nan,nan,,0
2026-02-23,93,372093,6830.259765625,0.33000001311302185,297,2.4458110332489014,2.1084988117218018,-0.3373122215270996,2.1085;2.0589;2.0185;2.0031;1.9996,6870;6860;6880;6865;6875,C;C;C;C;C,89,no_trade,in_position,0.0,,0.0,-1,169,6825.0,C,-0.01755633018910885,0.2631579339504242,True,nan,nan,,0
2026-02-23,94,372094,6828.64013671875,0.33000001311302185,296,2.461543083190918,2.2215023040771484,-0.24004077911376953,2.2215;2.1943;2.1618;2.1405;2.1132,6870;6860;6865;6850;6855,C;C;C;C;C,91,no_trade,in_position,0.0,,0.0,-1,171,6830.0,C,-0.01163934450596571,0.005862322635948658,True,nan,nan,,0
2026-02-23,95,372095,6827.81005859375,0.33000001311302185,295,2.351351261138916,2.3662681579589844,0.01491689682006836,2.3663;2.2813;2.2557;2.2532;2.2527,6870;6860;6865;6875;6850,C;C;C;C;C,81,no_trade,in_position,0.0,,0.0,-1,171,6830.0,C,-0.01163934450596571,0.005862322635948658,True,nan,nan,,0
2026-02-23,96,372096,6828.06005859375,0.33000001311302185,294,2.349672555923462,1.9246857166290283,-0.4249868392944336,1.9247;1.8702;1.8607;1.8365;1.8361,6800;6820;6805;6795;6810,P;P;P;P;P,81,no_trade,in_position,0.0,,0.0,-1,171,6830.0,C,-0.012033897452056408,0.005486448295414448,True,nan,nan,,0
2026-02-23,97,372097,6827.27978515625,0.33000001311302185,293,2.346364736557007,1.951119303703308,-0.39524543285369873,1.9511;1.8622;1.8568;1.8482;1.8270,6800;6805;6795;6790;6815,P;P;P;P;P,75,no_trade,in_position,0.0,,0.0,-1,169,6825.0,C,-0.011065306141972542,0.006469914689660072,True,nan,nan,,0
2026-02-23,98,372098,6826.2001953125,0.33000001311302185,292,2.256155252456665,1.9400463104248047,-0.31610894203186035,1.9400;1.8963;1.8902;1.8769;1.8655,6870;6875;6860;6865;6850,C;C;C;C;C,75,no_trade,in_position,0.0,,0.0,-1,171,6830.0,C,0.23224245011806488,0.0009719431400299072,True,nan,nan,,0
2026-02-23,99,372099,6825.580078125,0.33000001311302185,291,2.2732796669006348,1.7878403663635254,-0.4854393005371094,1.7878;1.7760;1.7610;1.7440;1.7241,6800;6860;6870;6810;6790,P;C;C;P;P,74,no_trade,in_position,0.0,,0.0,-1,171,6830.0,C,0.384478360414505,0.008678406476974487,True,nan,nan,,0
2026-02-23,100,372100,6828.43017578125,0.33000001311302185,290,2.3528568744659424,2.3032352924346924,-0.04962158203125,2.3032;2.2859;2.2737;2.2724;2.2402,6860;6870;6850;6865;6875,C;C;C;C;C,81,no_trade,cooldown,0.0,,0.0,-1,171,6830.0,C,0.2366037666797638,0.0041798800230026245,True,nan,nan,,0
2026-02-23,101,372101,6825.10009765625,0.33000001311302185,289,2.3458433151245117,1.9767141342163086,-0.3691291809082031,1.9767;1.9659;1.9388;1.8988;1.8632,6850;6860;6855;6865;6820,C;C;C;C;P,74,no_trade,cooldown,0.0,,0.0,-1,177,6845.0,C,0.5471101999282837,0.0022082924842834473,True,nan,nan,,0
2026-02-23,102,372102,6823.47021484375,0.33000001311302185,288,2.326464891433716,1.926531434059143,-0.39993345737457275,1.9265;1.8794;1.8230;1.8072;1.8058,6800;6805;6790;6820;6780,P;P;P;P;P,77,no_trade,gate,0.0,,0.0,-1,167,6820.0,C,0.47940558195114136,0.0029769539833068848,True,nan,nan,,0
2026-02-23,103,372103,6824.39990234375,0.33000001311302185,287,2.3633365631103516,2.0015668869018555,-0.3617696762084961,2.0016;1.9713;1.9281;1.9280;1.9143,6800;6820;6790;6805;6810,P;P;P;P;P,77,no_trade,gate,0.0,,0.0,-1,183,6860.0,C,0.6503080725669861,0.010808110237121582,True,nan,nan,,0
2026-02-23,104,372104,6822.4599609375,0.33000001311302185,286,2.288705587387085,1.8843111991882324,-0.40439438819885254,1.8843;1.7953;1.7884;1.7791;1.7624,6800;6860;6805;6790;6850,P;C;P;P;C,77,no_trade,gate,0.0,,0.0,-1,185,6865.0,C,0.6075000166893005,0.004962623119354248,True,nan,nan,,0
2026-02-24,60,372450,6880.60009765625,-0.33000001311302185,330,2.4890799522399902,2.6852126121520996,0.19613265991210938,2.6852;2.6468;2.6448;2.5553;2.5432,6900;6895;6905;6910;6890,C;C;C;C;C,61,trade,,6900.0,C,4.199999809265137,178,180,6905.0,C,-0.14851060509681702,0.020580336451530457,True,-0.19794123823667312,-0.0494306331398561,STOP_LOSS,4
2026-02-24,61,372451,6877.22021484375,-0.33000001311302185,329,2.5756161212921143,2.5937862396240234,0.01817011833190918,2.5938;2.5188;2.4983;2.4680;2.3634,6900;6895;6890;6905;6910,C;C;C;C;C,61,no_trade,in_position,0.0,,0.0,-1,175,6890.0,P,-0.012725851498544216,0.0011957166716456413,True,nan,nan,,0
2026-02-24,62,372452,6880.1298828125,-0.33000001311302185,328,2.4019484519958496,2.7188985347747803,0.31695008277893066,2.7189;2.6564;2.6175;2.6125;2.6100,6900;6905;6910;6890;6895,C;C;C;C;C,59,no_trade,in_position,0.0,,0.0,-1,175,6890.0,P,-0.012698925100266933,0.0006219008937478065,True,nan,nan,,0
2026-02-24,63,372453,6877.7900390625,-0.33000001311302185,327,2.4947824478149414,2.719930648803711,0.22514820098876953,2.7199;2.6473;2.6425;2.6255;2.5276,6900;6890;6895;6905;6885,C;C;C;C;C,59,no_trade,in_position,0.0,,0.0,-1,175,6890.0,P,-0.012692594900727272,0.0005372185260057449,True,nan,nan,,0
2026-02-24,64,372454,6877.97998046875,-0.33000001311302185,326,2.485839366912842,2.794337272644043,0.30849790573120117,2.7943;2.7742;2.6875;2.6658;2.5945,6900;6895;6890;6905;6885,C;C;C;C;C,60,no_trade,in_position,0.0,,0.0,-1,164,6865.0,C,-0.012714285403490067,0.0014857146888971329,True,nan,nan,,0
2026-02-24,65,372455,6873.72021484375,-0.33000001311302185,325,2.5371506214141846,2.725908041000366,0.18875741958618164,2.7259;2.7058;2.6883;2.6539;2.5720,6890;6895;6900;6885;6880,C;C;C;C;C,60,no_trade,in_position,0.0,,0.0,-1,164,6865.0,C,0.37619391083717346,0.6279032230377197,True,nan,nan,,0
2026-02-24,66,372456,6875.75,-0.33000001311302185,324,2.4840917587280273,2.3587939739227295,-0.12529778480529785,2.3588;2.3524;2.3389;2.2988;2.2633,6900;6890;6895;6850;6905,C;C;C;P;C,58,no_trade,cooldown,0.0,,0.0,-1,167,6870.0,P,-0.2792999744415283,0.0015383660793304443,True,nan,nan,,0
2026-02-24,67,372457,6876.669921875,-0.33000001311302185,323,2.3295955657958984,2.224870204925537,-0.10472536087036133,2.2249;2.1972;2.1452;2.1056;2.1042,6850;6900;6890;6905;6895,P;C;C;C;C,52,no_trade,cooldown,0.0,,0.0,-1,164,6865.0,C,-0.261732280254364,0.004967033863067627,True,nan,nan,,0
2026-02-24,68,372458,6875.240234375,-0.33000001311302185,322,2.2339253425598145,2.1140003204345703,-0.11992502212524414,2.1140;2.0844;1.9865;1.9637;1.9596,6850;6840;6870;6830;6860,P;P;P;P;P,56,no_trade,gate,0.0,,0.0,-1,164,6865.0,C,0.4833121597766876,0.49696600437164307,True,nan,nan,,0
2026-02-24,69,372459,6874.77978515625,-0.33000001311302185,321,2.153679847717285,2.5836265087127686,0.4299466609954834,2.5836;2.5786;2.5549;2.5323;2.4791,6890;6895;6900;6880;6885,C;C;C;C;C,58,trade,,6890.0,C,5.800000190734863,174,164,6865.0,C,0.3889082372188568,0.6424915790557861,True,-0.03520661046030942,-0.42411484767916624,TRAILING_STOP,5
2026-02-24,70,372460,6876.56982421875,-0.33000001311302185,320,2.069605588912964,2.1440842151641846,0.0744786262512207,2.1441;2.1208;2.1034;2.0893;2.0151,6900;6890;6895;6885;6905,C;C;C;C;C,56,no_trade,in_position,0.0,,0.0,-1,166,6870.0,C,-0.013653845526278019,0.003250916488468647,True,nan,nan,,0
2026-02-24,71,372461,6875.2001953125,-0.33000001311302185,319,2.0521483421325684,2.5026233196258545,0.45047497749328613,2.5026;2.5001;2.4761;2.4517;2.4189,6895;6890;6900;6885;6880,C;C;C;C;C,58,no_trade,in_position,0.0,,0.0,-1,175,6890.0,P,-0.01268710382282734,0.003208419308066368,True,nan,nan,,0
2026-02-24,72,372462,6877.27978515625,-0.33000001311302185,318,2.1018450260162354,2.7063236236572266,0.6044785976409912,2.7063;2.6995;2.6609;2.6049;2.5756,6900;6890;6895;6880;6885,C;C;C;C;C,61,no_trade,in_position,0.0,,0.0,-1,171,6880.0,P,0.23163792490959167,0.0038254261016845703,True,nan,nan,,0
2026-02-24,73,372463,6880.43994140625,-0.33000001311302185,317,1.9873249530792236,2.6361734867095947,0.6488485336303711,2.6362;2.6174;2.6038;2.5819;2.5244,6900;6895;6890;6905;6885,C;C;C;C;C,61,no_trade,in_position,0.0,,0.0,-1,171,6880.0,P,0.4087705612182617,0.02074730396270752,True,nan,nan,,0
2026-02-24,74,372464,6879.68994140625,-0.33000001311302185,316,2.2954046726226807,2.356611967086792,0.06120729446411133,2.3566;2.3363;2.3269;2.2842;2.2490,6890;6895;6900;6885;6905,C;C;C;C;C,57,no_trade,in_position,0.0,,0.0,-1,165,6865.0,P,0.18955057859420776,0.33407890796661377,True,nan,nan,,0
2026-02-24,75,372465,6875.10009765625,-0.33000001311302185,315,2.39984393119812,2.4372928142547607,0.037448883056640625,2.4373;2.4036;2.4022;2.3707;2.3001,6890;6900;6895;6885;6880,C;C;C;C;C,58,no_trade,in_position,0.0,,0.0,-1,175,6890.0,P,-0.012684931978583336,0.005999278277158737,True,nan,nan,,0
2026-02-24,76,372466,6876.97021484375,-0.33000001311302185,314,2.1901228427886963,2.3748862743377686,0.18476343154907227,2.3749;2.3723;2.3657;2.3273;2.2801,6895;6890;6900;6885;6880,C;C;C;C;C,58,trade,,6895.0,C,4.300000190734863,176,175,6890.0,P,-0.012706521898508072,0.000947323627769947,True,-0.37844441477457674,-0.36573789287606867,STOP_LOSS,9
2026-02-24,77,372467,6877.35009765625,-0.33000001311302185,313,2.0640604496002197,2.0892648696899414,0.02520442008972168,2.0893;2.0696;2.0562;1.9818;1.9547,6890;6900;6895;6905;6885,C;C;C;C;C,57,no_trade,in_position,0.0,,0.0,-1,173,6885.0,P,-0.013481012545526028,0.0027413787320256233,True,nan,nan,,0
2026-02-24,78,372468,6877.4599609375,-0.33000001311302185,312,2.1747028827667236,2.2580299377441406,0.08332705497741699,2.2580;2.2293;2.2191;2.1994;2.1973,6895;6890;6900;6880;6885,C;C;C;C;C,60,no_trade,in_position,0.0,,0.0,-1,173,6885.0,P,-0.013148147612810135,0.0023992974311113358,True,nan,nan,,0
2026-02-24,79,372469,6877.35986328125,-0.33000001311302185,311,2.0049355030059814,1.9787743091583252,-0.02616119384765625,1.9788;1.9402;1.9370;1.9126;1.8901,6900;6890;6895;6885;6850,C;C;C;C;P,55,no_trade,in_position,0.0,,0.0,-1,168,6875.0,C,-0.017459016293287277,0.2327296882867813,True,nan,nan,,0
2026-02-24,80,372470,6875.16015625,-0.33000001311302185,310,1.9141547679901123,2.172201633453369,0.25804686546325684,2.1722;2.1421;2.1310;2.1293;2.1129,6890;6895;6900;6885;6880,C;C;C;C;C,57,no_trade,in_position,0.0,,0.0,-1,164,6865.0,C,0.5070089101791382,0.5208401083946228,True,nan,nan,,0
2026-02-24,81,372471,6875.14990234375,0.33000001311302185,309,2.0105156898498535,2.1444802284240723,0.13396453857421875,2.1445;2.1385;2.1070;2.1006;2.0849,6890;6885;6880;6895;6900,C;C;C;C;C,60,no_trade,in_position,0.0,,0.0,-1,172,6885.0,C,0.21820895373821259,0.23095181584358215,True,nan,nan,,0
2026-02-24,82,372472,6873.4599609375,-0.33000001311302185,308,1.9962539672851562,1.9447252750396729,-0.0515286922454834,1.9447;1.8731;1.8686;1.8552;1.8330,6850;6890;6840;6885;6895,P;C;P;C;C,52,no_trade,in_position,0.0,,0.0,-1,172,6885.0,C,0.48595163226127625,0.01440519094467163,True,nan,nan,,0
2026-02-24,83,372473,6873.5498046875,-0.33000001311302185,307,2.061885356903076,2.019158124923706,-0.04272723197937012,2.0192;2.0073;1.9979;1.9831;1.9566,6890;6885;6895;6900;6880,C;C;C;C;C,55,no_trade,in_position,0.0,,0.0,-1,172,6885.0,C,0.5929508209228516,0.05773341655731201,True,nan,nan,,0
2026-02-24,84,372474,6872.2998046875,0.33000001311302185,306,2.042616367340088,2.047929286956787,0.005312919616699219,2.0479;1.9454;1.9234;1.9100;1.9076,6850;6890;6865;6880;6895,P;C;P;C;C,56,no_trade,in_position,0.0,,0.0,-1,170,6880.0,C,0.42290693521499634,0.00014096498489379883,True,nan,nan,,0
2026-02-24,85,372475,6873.1298828125,-0.33000001311302185,305,1.944937825202942,2.1548783779144287,0.20994055271148682,2.1549;2.1425;2.1103;2.0917;2.0622,6890;6885;6895;6880;6900,C;C;C;C;C,57,no_trade,in_position,0.0,,0.0,-1,176,6895.0,C,0.8366036415100098,0.03716975450515747,True,nan,nan,,0
2026-02-24,86,372476,6869.22021484375,0.33000001311302185,304,1.7693418264389038,1.928908109664917,0.15956628322601318,1.9289;1.8434;1.8078;1.7921;1.7323,6850;6840;6845;6860;6855,P;P;P;P;P,57,no_trade,in_position,0.0,,0.0,-1,168,6875.0,C,0.35114291310310364,0.00046512484550476074,True,nan,nan,,0
2026-02-24,87,372477,6871.72998046875,0.33000001311302185,303,2.1339781284332275,2.6372766494750977,0.5032985210418701,2.6373;2.6268;2.6268;2.6120;2.5612,6890;6895;6885;6880;6900,C;C;C;C;C,57,no_trade,cooldown,0.0,,0.0,-1,176,6895.0,C,0.7457489967346191,0.0008891820907592773,True,nan,nan,,0
2026-02-24,88,372478,6869.830078125,0.33000001311302185,302,1.8761601448059082,2.0029337406158447,0.12677359580993652,2.0029;1.9520;1.9231;1.9225;1.8991,6840;6850;6880;6890;6885,P;P;C;C;C,55,no_trade,cooldown,0.0,,0.0,-1,166,6870.0,C,0.4825409948825836,0.020751595497131348,True,nan,nan,,0
2026-02-24,89,372479,6870.080078125,0.33000001311302185,301,1.8454288244247437,2.1178557872772217,0.272426962852478,2.1179;2.1048;2.0816;2.0742;2.0163,6890;6885;6880;6895;6900,C;C;C;C;C,52,trade,,6890.0,C,3.700000047683716,174,170,6880.0,C,0.47451251745224,0.0040247440338134766,True,0.4232000190734863,-0.05131249837875368,TAKE_PROFIT,12
2026-02-24,90,372480,6870.68994140625,0.33000001311302185,300,1.7488638162612915,2.507934093475342,0.7590702772140503,2.5079;2.4890;2.4858;2.4659;2.4243,6880;6890;6885;6895;6875,C;C;C;C;C,59,no_trade,in_position,0.0,,0.0,-1,178,6900.0,C,0.3955555856227875,0.0034182071685791016,True,nan,nan,,0
2026-02-24,91,372481,6872.33984375,0.33000001311302185,299,1.8460685014724731,2.292651891708374,0.4465833902359009,2.2927;2.2522;2.2505;2.2223;2.2049,6890;6895;6885;6880;6900,C;C;C;C;C,49,no_trade,in_position,0.0,,0.0,-1,166,6870.0,C,0.24596154689788818,0.04858064651489258,True,nan,nan,,0
2026-02-24,92,372482,6876.85986328125,-0.33000001311302185,298,1.780846357345581,2.5967984199523926,0.8159520626068115,2.5968;2.5740;2.5598;2.5363;2.4878,6890;6895;6885;6900;6880,C;C;C;C;C,58,no_trade,in_position,0.0,,0.0,-1,180,6905.0,C,0.5264285802841187,0.06865078210830688,True,nan,nan,,0
2026-02-24,93,372483,6875.830078125,-0.33000001311302185,297,1.6778171062469482,2.0151772499084473,0.337360143661499,2.0152;2.0065;1.9882;1.9661;1.9598,6850;6890;6895;6860;6900,P;C;C;P;C,49,no_trade,in_position,0.0,,0.0,-1,178,6900.0,C,0.4497777819633484,0.022377759218215942,True,nan,nan,,0
2026-02-24,94,372484,6876.3701171875,-0.33000001311302185,296,1.8155016899108887,2.2578978538513184,0.4423961639404297,2.2579;2.2409;2.2182;2.1966;2.1876,6890;6895;6885;6880;6900,C;C;C;C;C,52,no_trade,in_position,0.0,,0.0,-1,178,6900.0,C,0.33142855763435364,0.0658235251903534,True,nan,nan,,0
2026-02-24,95,372485,6878.6298828125,-0.33000001311302185,295,1.6538827419281006,2.5527639389038086,0.898881196975708,2.5528;2.5305;2.5196;2.4962;2.4856,6890;6895;6885;6900;6880,C;C;C;C;C,57,no_trade,in_position,0.0,,0.0,-1,182,6910.0,C,0.35875001549720764,0.00036767125129699707,True,nan,nan,,0
2026-02-24,96,372486,6875.9599609375,-0.33000001311302185,294,1.7815322875976562,2.2181317806243896,0.4365994930267334,2.2181;2.1792;2.1185;2.1078;2.0695,6850;6860;6870;6840;6845,P;P;P;P;P,50,no_trade,in_position,0.0,,0.0,-1,178,6900.0,C,0.3497777283191681,0.013895392417907715,True,nan,nan,,0
2026-02-24,97,372487,6877.93994140625,-0.33000001311302185,293,1.7032643556594849,2.132871150970459,0.4296067953109741,2.1329;2.0589;2.0222;1.9925;1.9719,6875;6860;6850;6890;6895,P;P;P;C;C,48,no_trade,in_position,0.0,,0.0,-1,178,6900.0,C,0.5607656240463257,0.05201566219329834,True,nan,nan,,0
2026-02-24,98,372488,6876.7998046875,-0.33000001311302185,292,1.6352217197418213,1.8608009815216064,0.22557926177978516,1.8608;1.6912;1.6892;1.6337;1.5862,6850;6870;6860;6840;6890,P;P;P;P;C,42,no_trade,in_position,0.0,,0.0,-1,174,6890.0,C,0.4586639404296875,0.019616305828094482,True,nan,nan,,0
2026-02-24,99,372489,6877.77001953125,-0.33000001311302185,291,1.6488631963729858,2.018914222717285,0.3700510263442993,2.0189;1.9528;1.9203;1.9074;1.9009,6890;6900;6895;6885;6880,C;C;C;C;C,41,no_trade,in_position,0.0,,0.0,-1,157,6845.0,P,0.5400000810623169,0.013956248760223389,True,nan,nan,,0
2026-02-24,100,372490,6878.330078125,-0.33000001311302185,290,1.6090404987335205,1.9094436168670654,0.3004031181335449,1.9094;1.8984;1.8601;1.7920;1.7888,6890;6895;6900;6850;6885,C;C;C;P;C,48,no_trade,in_position,0.0,,0.0,-1,169,6875.0,P,0.5996429920196533,0.022928714752197266,True,nan,nan,,0
2026-02-24,101,372491,6879.25,-0.33000001311302185,289,1.7009456157684326,2.4419023990631104,0.7409567832946777,2.4419;2.4241;2.3771;2.3721;2.3505,6890;6895;6900;6885;6880,C;C;C;C;C,51,no_trade,in_position,0.0,,0.0,-1,175,6890.0,P,0.7001299262046814,0.008340597152709961,True,nan,nan,,0
2026-02-24,102,372492,6882.14013671875,-0.33000001311302185,288,1.7069873809814453,2.324690341949463,0.6177029609680176,2.3247;2.3130;2.2850;2.2605;2.1875,6890;6895;6900;6885;6905,C;C;C;C;C,54,no_trade,in_position,0.0,,0.0,-1,153,6835.0,P,0.6496550440788269,0.013184547424316406,True,nan,nan,,0
2026-02-24,103,372493,6884.2001953125,-0.33000001311302185,287,1.96444571018219,2.367349624633789,0.4029039144515991,2.3673;2.3585;2.3413;2.2825;2.2510,6895;6900;6890;6905;6885,C;C;C;C;C,57,trade,,6895.0,C,5.099999904632568,176,151,6830.0,P,0.41307690739631653,0.032622456550598145,True,-0.21197188899589753,-0.625048796392214,STOP_LOSS,2
2026-02-24,104,372494,6882.5498046875,-0.33000001311302185,286,2.1078743934631348,2.4674580097198486,0.35958361625671387,2.4675;2.4377;2.4107;2.3125;2.2758,6900;6895;6890;6905;6885,C;C;C;C;C,51,no_trade,in_position,0.0,,0.0,-1,171,6880.0,P,0.47757893800735474,0.022251635789871216,True,nan,nan,,0
2026-02-25,60,372840,6927.10009765625,-0.33000001311302185,330,2.369659423828125,2.1686365604400635,-0.20102286338806152,2.1686;2.1626;2.1377;2.1262;2.1196,6915;6920;6935;6940;6910,P;P;C;C;P,43,no_trade,gate,0.0,,0.0,-1,152,6900.0,P,0.6700000762939453,0.00739133358001709,True,nan,nan,,0
2026-02-25,61,372841,6928.919921875,-0.33000001311302185,329,1.9600882530212402,1.5794239044189453,-0.3806643486022949,1.5794;1.5702;1.5668;1.5594;1.5534,6910;6940;6915;6935;6900,P;C;P;C;P,45,no_trade,gate,0.0,,0.0,-1,150,6895.0,P,0.5728203654289246,0.02478116750717163,True,nan,nan,,0
2026-02-25,62,372842,6929.5498046875,-0.33000001311302185,328,2.2825775146484375,2.5077884197235107,0.22521090507507324,2.5078;2.4738;2.4501;2.4497;2.4335,6910;6920;6925;6915;6900,P;P;P;P;P,44,trade,,6910.0,P,3.9000000953674316,156,164,6930.0,P,0.253303587436676,0.010303601622581482,True,0.19936178123643677,-0.05394180620023925,TAKE_PROFIT,2
2026-02-25,63,372843,6926.83984375,-0.33000001311302185,327,2.1707170009613037,2.430999279022217,0.2602822780609131,2.4310;2.3056;2.2924;2.2101;2.1935,6910;6920;6915;6905;6925,P;P;P;P;P,47,no_trade,in_position,0.0,,0.0,-1,167,6940.0,C,-0.059999980032444,0.03270275145769119,True,nan,nan,,0
2026-02-25,64,372844,6920.64990234375,-0.33000001311302185,326,1.9207327365875244,1.9544434547424316,0.03371071815490723,1.9544;1.9305;1.9026;1.8690;1.8528,6910;6900;6905;6920;6915,P;P;P;P;P,46,no_trade,in_position,0.0,,0.0,-1,159,6920.0,C,-0.01990654319524765,0.018820729106664658,True,nan,nan,,0
2026-02-25,65,372845,6919.72998046875,-0.33000001311302185,325,2.3108623027801514,2.5216751098632812,0.21081280708312988,2.5217;2.5033;2.4568;2.4003;2.2931,6935;6930;6940;6925;6945,C;C;C;C;C,47,no_trade,in_position,0.0,,0.0,-1,159,6920.0,C,-0.019722221419215202,0.017001913860440254,True,nan,nan,,0
2026-02-25,66,372846,6920.81982421875,-0.33000001311302185,324,2.366337776184082,2.3288960456848145,-0.03744173049926758,2.3289;2.3122;2.2843;2.1815;2.1628,6935;6940;6930;6925;6945,C;C;C;C;C,45,no_trade,gate,0.0,,0.0,-1,159,6920.0,C,-0.019017856568098068,0.01770627871155739,True,nan,nan,,0
2026-02-25,67,372847,6921.6298828125,-0.33000001311302185,323,2.0160531997680664,2.218353748321533,0.2023005485534668,2.2184;2.2122;2.1724;2.0673;1.9814,6935;6940;6930;6945;6925,C;C;C;C;C,45,trade,,6935.0,C,4.0,165,159,6920.0,C,-0.01918918825685978,0.018179232254624367,True,-0.31921051777300735,-0.3000213295161476,STOP_LOSS,17
2026-02-25,68,372848,6921.330078125,-0.33000001311302185,322,1.852777361869812,2.275378465652466,0.4226011037826538,2.2754;2.2578;2.2418;2.1936;2.0976,6935;6930;6940;6925;6945,C;C;C;C;C,46,no_trade,in_position,0.0,,0.0,-1,159,6920.0,C,0.6083170175552368,0.39927855134010315,True,nan,nan,,0
2026-02-25,69,372849,6920.22998046875,-0.33000001311302185,321,1.9696555137634277,2.1645565032958984,0.1949009895324707,2.1646;2.1451;2.1414;2.0746;1.9799,6925;6930;6935;6940;6920,C;C;C;C;C,44,no_trade,in_position,0.0,,0.0,-1,159,6920.0,C,0.48205888271331787,0.008855074644088745,True,nan,nan,,0
2026-02-25,70,372850,6920.169921875,-0.33000001311302185,320,1.965255618095398,2.1951143741607666,0.22985875606536865,2.1951;2.1811;2.1434;2.0654;1.9753,6925;6930;6935;6940;6920,C;C;C;C;C,42,no_trade,in_position,0.0,,0.0,-1,163,6930.0,C,0.3178948163986206,0.017354339361190796,True,nan,nan,,0
2026-02-25,71,372851,6921.330078125,-0.33000001311302185,319,2.1896474361419678,2.2642526626586914,0.07460522651672363,2.2643;2.2304;2.2004;2.1894;1.9521,6935;6930;6925;6940;6945,C;C;C;C;C,42,no_trade,in_position,0.0,,0.0,-1,159,6920.0,C,0.38025420904159546,0.03557679057121277,True,nan,nan,,0
2026-02-25,72,372852,6923.68017578125,-0.33000001311302185,318,1.9611870050430298,2.246978282928467,0.285791277885437,2.2470;2.2309;2.2088;2.1508;2.0421,6935;6930;6940;6925;6945,C;C;C;C;C,42,no_trade,in_position,0.0,,0.0,-1,159,6920.0,C,0.5327193737030029,0.8212299942970276,True,nan,nan,,0
2026-02-25,73,372853,6922.919921875,-0.33000001311302185,317,2.151214122772217,2.0815539360046387,-0.06966018676757812,2.0816;2.0640;2.0063;1.9929;1.8372,6930;6935;6940;6925;6945,C;C;C;C;C,41,no_trade,in_position,0.0,,0.0,-1,159,6920.0,C,-0.019722221419215202,0.25490739941596985,True,nan,nan,,0
2026-02-25,74,372854,6921.7001953125,-0.33000001311302185,316,1.9917643070220947,2.089722156524658,0.09795784950256348,2.0897;2.0669;2.0542;2.0267;1.9622,6930;6935;6925;6920;6940,C;C;C;P;C,43,no_trade,in_position,0.0,,0.0,-1,159,6920.0,C,-0.018849557265639305,0.01851886324584484,True,nan,nan,,0
2026-02-25,75,372855,6923.0400390625,-0.33000001311302185,315,2.0420424938201904,1.8554344177246094,-0.18660807609558105,1.8554;1.8152;1.8068;1.7899;1.7456,6920;6935;6900;6930;6940,P;C;P;C;C,36,no_trade,in_position,0.0,,0.0,-1,159,6920.0,C,0.42905986309051514,0.4645598530769348,True,nan,nan,,0
2026-02-25,76,372856,6923.81005859375,-0.33000001311302185,314,1.9709399938583374,2.1604201793670654,0.18948018550872803,2.1604;2.1603;2.1219;2.0652;1.9263,6935;6930;6940;6925;6945,C;C;C;C;C,39,no_trade,in_position,0.0,,0.0,-1,159,6920.0,C,-0.019363636150956154,0.25572726130485535,True,nan,nan,,0
2026-02-25,77,372857,6922.490234375,-0.33000001311302185,313,2.1750967502593994,2.069582939147949,-0.1055138111114502,2.0696;1.9979;1.9578;1.9385;1.9015,6900;6910;6905;6920;6915,P;P;P;P;P,36,no_trade,in_position,0.0,,0.0,-1,159,6920.0,C,-0.019722221419215202,0.019005050882697105,True,nan,nan,,0
2026-02-25,78,372858,6922.669921875,-0.33000001311302185,312,1.8996891975402832,1.878045678138733,-0.021643519401550293,1.8780;1.8337;1.8262;1.7875;1.7774,6910;6920;6900;6915;6905,P;P;P;P;P,39,no_trade,in_position,0.0,,0.0,-1,159,6920.0,C,0.5749261975288391,0.3679565191268921,True,nan,nan,,0
2026-02-25,79,372859,6921.7001953125,-0.33000001311302185,311,2.1016154289245605,2.1137027740478516,0.012087345123291016,2.1137;2.0880;2.0816;1.9830;1.8574,6930;6925;6935;6940;6920,C;C;C;C;C,42,no_trade,in_position,0.0,,0.0,-1,159,6920.0,C,0.49076464772224426,0.01130521297454834,True,nan,nan,,0
2026-02-25,80,372860,6921.56005859375,-0.33000001311302185,310,2.160987377166748,2.0641002655029297,-0.09688711166381836,2.0641;2.0491;2.0107;1.9479;1.9454,6910;6915;6920;6905;6900,P;P;P;P;P,42,no_trade,in_position,0.0,,0.0,-1,163,6930.0,C,0.3216666579246521,0.011095196008682251,True,nan,nan,,0
2026-02-25,81,372861,6923.509765625,-0.33000001311302185,309,2.193967580795288,1.916797161102295,-0.27717041969299316,1.9168;1.8960;1.8034;1.7949;1.7825,6930;6935;6925;6940;6920,C;C;C;C;P,39,no_trade,in_position,0.0,,0.0,-1,159,6920.0,C,0.6619387269020081,0.45631372928619385,True,nan,nan,,0
2026-02-25,82,372862,6921.06005859375,-0.33000001311302185,308,2.182434558868408,1.7655609846115112,-0.416873574256897,1.7656;1.7135;1.7016;1.6002;1.5586,6930;6925;6935;6920;6900,C;C;C;P;P,37,no_trade,in_position,0.0,,0.0,-1,163,6930.0,C,0.48659586906433105,0.007595926523208618,True,nan,nan,,0
2026-02-25,83,372863,6920.5,-0.33000001311302185,307,2.0130703449249268,1.7894625663757324,-0.22360777854919434,1.7895;1.7356;1.7180;1.7020;1.6609,6930;6935;6900;6925;6920,C;C;P;C;P,36,no_trade,in_position,0.0,,0.0,-1,167,6940.0,C,0.47828567028045654,0.018285661935806274,True,nan,nan,,0
2026-02-25,84,372864,6921.1201171875,-0.33000001311302185,306,2.104389190673828,2.1654293537139893,0.06104016304016113,2.1654;2.1644;2.1288;2.0436;1.8298,6930;6935;6925;6940;6920,C;C;C;C;C,41,no_trade,in_position,0.0,,0.0,-1,165,6935.0,C,0.754800021648407,0.02238631248474121,True,nan,nan,,0
2026-02-25,85,372865,6919.0400390625,-0.33000001311302185,305,2.054774761199951,2.088280439376831,0.03350567817687988,2.0883;2.0779;2.0000;1.9775;1.8439,6930;6925;6935;6920;6910,C;C;C;C;P,45,no_trade,in_position,0.0,,0.0,-1,159,6920.0,C,0.44300001859664917,0.016725480556488037,True,nan,nan,,0
2026-02-25,86,372866,6919.8798828125,-0.33000001311302185,304,2.6284115314483643,2.605623960494995,-0.02278757095336914,2.6056;2.5955;2.5694;2.4259;2.3479,6930;6935;6925;6940;6920,C;C;C;C;C,42,no_trade,cooldown,0.0,,0.0,-1,159,6920.0,C,0.34212127327919006,0.04701489210128784,True,nan,nan,,0
2026-02-25,87,372867,6922.16015625,-0.33000001311302185,303,2.386084794998169,2.6358437538146973,0.24975895881652832,2.6358;2.6052;2.5597;2.5007;2.2864,6935;6930;6940;6925;6945,C;C;C;C;C,43,no_trade,cooldown,0.0,,0.0,-1,163,6930.0,C,0.28999990224838257,0.05117638409137726,True,nan,nan,,0
2026-02-25,88,372868,6923.43994140625,-0.33000001311302185,302,2.088289976119995,2.1638782024383545,0.07558822631835938,2.1639;2.1539;2.0460;1.9997;1.8562,6935;6930;6940;6925;6910,C;C;C;C;P,39,trade,,6935.0,C,3.4000000953674316,165,159,6920.0,C,0.4026723802089691,0.09039968252182007,True,0.022432433174334042,-0.3802399470346351,TRAILING_STOP,16
2026-02-25,89,372869,6924.919921875,-0.33000001311302185,301,2.3948872089385986,2.0843796730041504,-0.31050753593444824,2.0844;2.0357;2.0239;2.0218;1.9094,6935;6940;6930;6920;6900,C;C;C;P;P,39,no_trade,in_position,0.0,,0.0,-1,159,6920.0,C,0.2629750072956085,0.08422493934631348,True,nan,nan,,0
2026-02-25,90,372870,6927.91015625,-0.33000001311302185,300,2.3066890239715576,2.3409390449523926,0.03425002098083496,2.3409;2.3218;2.2757;2.1609;2.0643,6935;6940;6930;6945;6925,C;C;C;C;C,46,no_trade,in_position,0.0,,0.0,-1,159,6920.0,C,0.5304563045501709,0.8206033706665039,True,nan,nan,,0
2026-02-25,91,372871,6926.919921875,-0.33000001311302185,299,2.6512491703033447,2.458982229232788,-0.19226694107055664,2.4590;2.4392;2.4074;2.2984;2.2507,6935;6940;6930;6945;6910,C;C;C;C;P,43,no_trade,in_position,0.0,,0.0,-1,159,6920.0,C,0.5221874117851257,0.3049566447734833,True,nan,nan,,0
2026-02-25,92,372872,6926.27978515625,-0.33000001311302185,298,2.415405750274658,2.1871509552001953,-0.2282547950744629,2.1872;2.1337;2.1263;1.9301;1.7854,6935;6940;6930;6945;6910,C;C;C;C;P,34,no_trade,in_position,0.0,,0.0,-1,159,6920.0,C,0.5330073237419128,0.04285109043121338,True,nan,nan,,0
2026-02-25,93,372873,6925.740234375,-0.33000001311302185,297,2.199047327041626,2.1994965076446533,0.00044918060302734375,2.1995;2.1741;2.1528;2.1240;2.0562,6935;6930;6940;6910;6915,C;C;C;P;P,40,no_trade,in_position,0.0,,0.0,-1,163,6930.0,C,0.5338236093521118,0.01969146728515625,True,nan,nan,,0
2026-02-25,94,372874,6925.8798828125,-0.33000001311302185,296,2.2276651859283447,2.4458820819854736,0.2182168960571289,2.4459;2.4380;2.3884;2.3091;2.1751,6930;6935;6940;6925;6945,C;C;C;C;C,41,no_trade,in_position,0.0,,0.0,-1,159,6920.0,C,0.4564227759838104,0.009672790765762329,True,nan,nan,,0
2026-02-25,95,372875,6925.89013671875,-0.33000001311302185,295,2.1964049339294434,2.1553921699523926,-0.04101276397705078,2.1554;2.1518;2.0784;1.9896;1.9694,6935;6930;6940;6920;6925,C;C;C;P;C,39,no_trade,in_position,0.0,,0.0,-1,159,6920.0,C,0.40053847432136536,0.021881669759750366,True,nan,nan,,0
2026-02-25,96,372876,6927.02001953125,-0.33000001311302185,294,2.1862199306488037,2.204357385635376,0.018137454986572266,2.2044;2.1633;2.1475;1.9817;1.8755,6935;6940;6930;6945;6925,C;C;C;C;C,36,no_trade,in_position,0.0,,0.0,-1,159,6920.0,C,0.41551467776298523,0.030021727085113525,True,nan,nan,,0
2026-02-25,97,372877,6927.990234375,-0.33000001311302185,293,2.2948555946350098,2.360448122024536,0.06559252738952637,2.3604;2.3323;2.2964;2.1551;1.9974,6935;6940;6930;6945;6910,C;C;C;C;P,41,no_trade,in_position,0.0,,0.0,-1,159,6920.0,C,0.4816911816596985,0.7880451679229736,True,nan,nan,,0
2026-02-25,98,372878,6927.8701171875,-0.33000001311302185,292,2.57047176361084,2.5105903148651123,-0.05988144874572754,2.5106;2.4861;2.4574;2.3355;2.0737,6935;6940;6930;6945;6925,C;C;C;C;C,38,no_trade,in_position,0.0,,0.0,-1,159,6920.0,C,0.41866204142570496,0.693355917930603,True,nan,nan,,0
2026-02-25,99,372879,6929.08984375,-0.33000001311302185,291,2.567760467529297,2.5557689666748047,-0.011991500854492188,2.5558;2.5514;2.4979;2.4353;2.1947,6940;6935;6930;6945;6925,C;C;C;C;C,42,no_trade,in_position,0.0,,0.0,-1,159,6920.0,C,0.4252925217151642,0.45158880949020386,True,nan,nan,,0
2026-02-25,100,372880,6929.60009765625,-0.33000001311302185,290,2.716747999191284,2.4559478759765625,-0.2608001232147217,2.4559;2.4523;2.3381;2.3199;2.1673,6935;6940;6945;6930;6915,C;C;C;C;P,40,no_trade,in_position,0.0,,0.0,-1,159,6920.0,C,0.5970146656036377,0.8585424423217773,True,nan,nan,,0
2026-02-25,101,372881,6928.43994140625,-0.33000001311302185,289,2.6688272953033447,2.324984073638916,-0.3438432216644287,2.3250;2.2949;2.2902;2.2310;2.2299,6935;6930;6940;6920;6910,C;C;C;P;P,40,no_trade,in_position,0.0,,0.0,-1,159,6920.0,C,0.5268940329551697,0.7880940437316895,True,nan,nan,,0
2026-02-25,102,372882,6927.8798828125,-0.33000001311302185,288,2.697406053543091,2.6218183040618896,-0.07558774948120117,2.6218;2.5666;2.5601;2.3902;2.1983,6935;6940;6930;6945;6925,C;C;C;C;C,38,no_trade,in_position,0.0,,0.0,-1,159,6920.0,C,0.4702255129814148,0.012578487396240234,True,nan,nan,,0
2026-02-25,103,372883,6927.5,-0.33000001311302185,287,2.454699754714966,2.268303871154785,-0.18639588356018066,2.2683;2.2325;2.2103;1.9951;1.9005,6935;6940;6930;6945;6920,C;C;C;C;P,33,no_trade,in_position,0.0,,0.0,-1,159,6920.0,C,0.5397655963897705,0.32253482937812805,True,nan,nan,,0
2026-02-25,104,372884,6927.39990234375,-0.33000001311302185,286,2.1984570026397705,1.8075287342071533,-0.3909282684326172,1.8075;1.7973;1.7883;1.7585;1.7228,6940;6920;6915;6935;6910,C;P;P;C;P,31,no_trade,in_position,0.0,,0.0,-1,165,6935.0,C,0.7461763620376587,0.049201250076293945,True,nan,nan,,0
2026-02-26,60,373230,6868.0,0.33000001311302185,330,2.405691623687744,2.0981249809265137,-0.30756664276123047,2.0981;2.0570;2.0438;2.0151;2.0130,6840;6820;6850;6830;6825,P;P;P;P;P,90,no_trade,gate,0.0,,0.0,-1,167,6870.0,C,0.3859722316265106,0.00028261542320251465,True,nan,nan,,0
2026-02-26,61,373231,6871.56982421875,0.33000001311302185,329,2.442451238632202,1.9676014184951782,-0.4748498201370239,1.9676;1.9640;1.9127;1.9010;1.8928,6850;6840;6835;6845;6860,P;P;P;P;P,84,no_trade,gate,0.0,,0.0,-1,177,6895.0,C,0.7457304000854492,0.03127086162567139,True,nan,nan,,0
2026-02-26,62,373232,6866.240234375,0.33000001311302185,328,2.2298097610473633,1.9636421203613281,-0.26616764068603516,1.9636;1.9355;1.9134;1.9118;1.9013,6830;6850;6815;6820;6825,P;P;P;P;P,89,no_trade,gate,0.0,,0.0,-1,189,6925.0,C,0.4861817955970764,0.02228531241416931,True,nan,nan,,0
2026-02-26,63,373233,6866.89990234375,0.33000001311302185,327,2.296482563018799,1.9962871074676514,-0.30019545555114746,1.9963;1.9648;1.9347;1.9280;1.9156,6850;6830;6835;6820;6840,P;P;P;P;P,85,no_trade,gate,0.0,,0.0,-1,187,6920.0,C,0.7713792324066162,0.023410558700561523,True,nan,nan,,0
2026-02-26,64,373234,6860.830078125,0.33000001311302185,326,2.2394278049468994,1.9834214448928833,-0.2560063600540161,1.9834;1.9541;1.9480;1.9438;1.9234,6830;6820;6825;6835;6840,P;P;P;P;P,94,no_trade,gate,0.0,,0.0,-1,167,6870.0,C,0.24042043089866638,0.04385794699192047,True,nan,nan,,0
2026-02-26,65,373235,6869.7001953125,0.33000001311302185,325,2.4480504989624023,2.0665295124053955,-0.38152098655700684,2.0665;2.0138;1.9878;1.9815;1.9525,6900;6850;6910;6915;6905,C;P;C;C;C,86,no_trade,gate,0.0,,0.0,-1,191,6930.0,C,0.4713081419467926,0.028932839632034302,True,nan,nan,,0
2026-02-26,66,373236,6871.5,0.33000001311302185,324,2.1626954078674316,2.172649621963501,0.009954214096069336,2.1726;2.1415;2.1154;2.0664;2.0570,6900;6910;6920;6925;6905,C;C;C;C;C,88,trade,,6900.0,C,8.5,179,167,6870.0,C,0.3738960325717926,0.011038929224014282,True,0.33372345838033224,-0.040172574191460364,TAKE_PROFIT,12
2026-02-26,67,373237,6875.14013671875,-0.33000001311302185,323,2.2302708625793457,2.1795592308044434,-0.050711631774902344,2.1796;2.1463;2.1460;2.1187;2.1140,6910;6920;6900;6915;6905,C;C;C;C;C,83,no_trade,in_position,0.0,,0.0,-1,167,6870.0,C,0.31002289056777954,0.012172460556030273,True,nan,nan,,0
2026-02-26,68,373238,6881.14990234375,-0.33000001311302185,322,2.026974678039551,2.288085699081421,0.2611110210418701,2.2881;2.2560;2.2527;2.2412;2.2375,6920;6910;6900;6925;6915,C;C;C;C;C,87,no_trade,in_position,0.0,,0.0,-1,181,6905.0,C,0.5275580286979675,0.012294769287109375,True,nan,nan,,0
2026-02-26,69,373239,6881.58984375,-0.33000001311302185,321,1.8733800649642944,2.146435022354126,0.27305495738983154,2.1464;2.0507;2.0412;2.0267;2.0066,6850;6860;6865;6855;6870,P;P;P;P;P,79,no_trade,in_position,0.0,,0.0,-1,185,6915.0,C,0.5438888072967529,0.009035944938659668,True,nan,nan,,0
2026-02-26,70,373240,6882.52978515625,-0.33000001311302185,320,1.917820692062378,2.250582695007324,0.3327620029449463,2.2506;2.2289;2.2199;2.1932;2.1857,6920;6910;6915;6925;6900,C;C;C;C;C,79,no_trade,in_position,0.0,,0.0,-1,173,6885.0,C,0.43816664814949036,0.013444513082504272,True,nan,nan,,0
2026-02-26,71,373241,6884.81982421875,-0.33000001311302185,319,1.9173980951309204,2.379728078842163,0.4623299837112427,2.3797;2.3610;2.3605;2.3545;2.3152,6920;6910;6915;6925;6900,C;C;C;C;C,86,no_trade,in_position,0.0,,0.0,-1,181,6905.0,C,0.7482894659042358,0.07585954666137695,True,nan,nan,,0
2026-02-26,72,373242,6881.58984375,-0.33000001311302185,318,1.85507071018219,2.048579454421997,0.19350874423980713,2.0486;1.9283;1.8738;1.8320;1.8214,6850;6840;6860;6845;6835,P;P;P;P;P,71,no_trade,in_position,0.0,,0.0,-1,173,6885.0,C,0.33647823333740234,0.021157115697860718,True,nan,nan,,0
2026-02-26,73,373243,6886.509765625,-0.33000001311302185,317,1.980132818222046,2.0383689403533936,0.058236122131347656,2.0384;1.9755;1.9550;1.9466;1.9377,6920;6925;6850;6900;6930,C;C;P;C;C,72,no_trade,in_position,0.0,,0.0,-1,185,6915.0,C,0.542321503162384,0.012552320957183838,True,nan,nan,,0
2026-02-26,74,373244,6885.64013671875,-0.33000001311302185,316,1.7680087089538574,2.018855333328247,0.25084662437438965,2.0189;2.0075;2.0007;1.9668;1.9356,6920;6925;6915;6930;6935,C;C;C;C;C,75,no_trade,in_position,0.0,,0.0,-1,173,6885.0,C,0.32649368047714233,0.031171023845672607,True,nan,nan,,0
2026-02-26,75,373245,6890.68017578125,-0.33000001311302185,315,1.8014791011810303,2.056936025619507,0.25545692443847656,2.0569;2.0348;2.0124;2.0064;1.9726,6920;6925;6930;6910;6915,C;C;C;C;C,76,no_trade,in_position,0.0,,0.0,-1,173,6885.0,C,0.23325714468955994,0.002297148108482361,True,nan,nan,,0
2026-02-26,76,373246,6884.83984375,-0.33000001311302185,314,1.8484697341918945,1.9004175662994385,0.051947832107543945,1.9004;1.8261;1.8209;1.8097;1.8000,6850;6860;6835;6840;6845,P;P;P;P;P,74,no_trade,in_position,0.0,,0.0,-1,173,6885.0,C,0.3352307677268982,0.008765339851379395,True,nan,nan,,0
2026-02-26,77,373247,6888.3798828125,-0.33000001311302185,313,2.008091688156128,1.9487093687057495,-0.05938231945037842,1.9487;1.9408;1.9195;1.8989;1.8975,6870;6850;6860;6880;6855,P;P;P;P;P,70,no_trade,in_position,0.0,,0.0,-1,173,6885.0,C,-0.016634145751595497,0.000899188220500946,True,nan,nan,,0
2026-02-26,78,373248,6890.8798828125,-0.33000001311302185,312,1.80805242061615,2.0894694328308105,0.28141701221466064,2.0895;2.0712;2.0398;2.0319;2.0255,6920;6925;6915;6930;6910,C;C;C;C;C,70,no_trade,in_position,0.0,,0.0,-1,173,6885.0,C,-0.016614075750112534,0.0007379092276096344,True,nan,nan,,0
2026-02-26,79,373249,6892.43017578125,-0.33000001311302185,311,1.7821931838989258,2.2449889183044434,0.4627957344055176,2.2450;2.2372;2.1757;2.1742;2.1741,6920;6925;6930;6915;6910,C;C;C;C;C,76,no_trade,in_position,0.0,,0.0,-1,185,6915.0,C,0.21389830112457275,0.23034198582172394,True,nan,nan,,0
2026-02-26,80,373250,6889.6298828125,-0.33000001311302185,310,1.7670459747314453,2.0837326049804688,0.31668663024902344,2.0837;2.0801;2.0787;2.0374;1.9970,6915;6920;6925;6910;6930,C;C;C;C;C,66,trade,,6915.0,C,5.900000095367432,185,185,6915.0,C,0.5994444489479065,0.36820411682128906,True,0.5994444426881924,-6.259714080414369e-09,TAKE_PROFIT,25
2026-02-26,81,373251,6887.33984375,-0.33000001311302185,309,1.8424279689788818,2.3563618659973145,0.5139338970184326,2.3564;2.3538;2.3313;2.3311;2.3070,6915;6920;6925;6910;6905,C;C;C;C;C,69,no_trade,in_position,0.0,,0.0,-1,177,6895.0,C,0.1812961995601654,0.008599534630775452,True,nan,nan,,0
2026-02-26,82,373252,6894.0,-0.33000001311302185,308,1.7788828611373901,2.5883522033691406,0.8094693422317505,2.5884;2.5662;2.5636;2.5561;2.5266,6920;6915;6925;6910;6905,C;C;C;C;C,72,no_trade,in_position,0.0,,0.0,-1,177,6895.0,C,-0.014791667461395264,0.0018487274646759033,True,nan,nan,,0
2026-02-26,83,373253,6890.93994140625,-0.33000001311302185,307,1.7754261493682861,2.2364418506622314,0.4610157012939453,2.2364;2.1911;2.1801;2.1750;2.1540,6925;6920;6910;6915;6930,C;C;C;C;C,66,no_trade,in_position,0.0,,0.0,-1,173,6885.0,C,-0.01661904715001583,0.0008151642978191376,True,nan,nan,,0
2026-02-26,84,373254,6892.68994140625,-0.33000001311302185,306,1.6582213640213013,2.262826442718506,0.6046050786972046,2.2628;2.1969;2.1920;2.1841;2.1784,6920;6925;6915;6930;6910,C;C;C;C;C,57,no_trade,in_position,0.0,,0.0,-1,177,6895.0,C,-0.014391891658306122,0.0022422540932893753,True,nan,nan,,0
2026-02-26,85,373255,6892.22021484375,-0.33000001311302185,305,1.5077896118164062,2.4883434772491455,0.9805538654327393,2.4883;2.4634;2.4492;2.4374;2.4080,6920;6925;6910;6915;6930,C;C;C;C;C,69,no_trade,in_position,0.0,,0.0,-1,179,6900.0,C,0.23115044832229614,0.004177480936050415,True,nan,nan,,0
2026-02-26,86,373256,6890.35986328125,-0.33000001311302185,304,1.506016731262207,2.10060715675354,0.594590425491333,2.1006;2.0839;2.0757;2.0675;2.0505,6915;6925;6920;6910;6900,C;C;C;C;C,60,no_trade,in_position,0.0,,0.0,-1,179,6900.0,C,0.23066174983978271,0.010840296745300293,True,nan,nan,,0
2026-02-26,87,373257,6895.10986328125,-0.33000001311302185,303,1.5032349824905396,2.311177968978882,0.8079429864883423,2.3112;2.2686;2.2267;2.2231;2.2092,6920;6925;6915;6930;6910,C;C;C;C;C,61,no_trade,in_position,0.0,,0.0,-1,166,6865.0,P,-0.273125022649765,0.002521991729736328,True,nan,nan,,0
2026-02-26,88,373258,6896.43017578125,-0.33000001311302185,302,1.5210860967636108,2.270704507827759,0.749618411064148,2.2707;2.2493;2.2459;2.2443;2.2222,6920;6925;6930;6915;6910,C;C;C;C;C,73,no_trade,in_position,0.0,,0.0,-1,177,6895.0,C,-0.014589040540158749,0.002048213966190815,True,nan,nan,,0
2026-02-26,89,373259,6893.27001953125,-0.33000001311302185,301,1.513429880142212,2.4110629558563232,0.8976330757141113,2.4111;2.4088;2.3732;2.3696;2.3378,6910;6915;6920;6925;6905,C;C;C;C;C,63,no_trade,in_position,0.0,,0.0,-1,164,6860.0,P,-0.1746000200510025,0.007264420390129089,True,nan,nan,,0
2026-02-26,90,373260,6897.14013671875,-0.33000001311302185,300,1.5094342231750488,2.1748392581939697,0.6654050350189209,2.1748;2.0923;2.0566;2.0534;2.0024,6920;6925;6915;6930;6910,C;C;C;C;C,58,no_trade,in_position,0.0,,0.0,-1,177,6895.0,C,-0.014105959795415401,0.0025160489603877068,True,nan,nan,,0
2026-02-26,91,373261,6893.990234375,-0.33000001311302185,299,1.468967080116272,2.325477123260498,0.8565100431442261,2.3255;2.2822;2.2799;2.2540;2.2294,6920;6925;6915;6910;6930,C;C;C;C;C,61,no_trade,in_position,0.0,,0.0,-1,177,6895.0,C,-0.013741935603320599,0.005086190067231655,True,nan,nan,,0
2026-02-26,92,373262,6895.14013671875,-0.33000001311302185,298,1.55366849899292,2.4451169967651367,0.8914484977722168,2.4451;2.3827;2.3803;2.3023;2.2126,6925;6930;6920;6915;6935,C;C;C;C;C,57,no_trade,in_position,0.0,,0.0,-1,177,6895.0,C,-0.014314516447484493,0.002305121161043644,True,nan,nan,,0
2026-02-26,93,373263,6895.2099609375,-0.33000001311302185,297,1.395838737487793,2.396104335784912,1.0002655982971191,2.3961;2.3692;2.3688;2.3627;2.3125,6920;6910;6915;6925;6905,C;C;C;C;C,62,no_trade,in_position,0.0,,0.0,-1,181,6905.0,C,-0.020462961867451668,0.004218382760882378,True,nan,nan,,0
2026-02-26,94,373264,6896.93017578125,-0.33000001311302185,296,1.5461845397949219,2.1622424125671387,0.6160578727722168,2.1622;2.1361;2.1029;2.0643;2.0321,6925;6920;6930;6915;6910,C;C;C;C;C,57,no_trade,in_position,0.0,,0.0,-1,177,6895.0,C,-0.013584183529019356,0.005243942141532898,True,nan,nan,,0
2026-02-26,95,373265,6896.52978515625,-0.33000001311302185,295,1.3345613479614258,2.4484682083129883,1.1139068603515625,2.4485;2.4360;2.4278;2.4261;2.3471,6920;6910;6925;6915;6930,C;C;C;C;C,63,no_trade,in_position,0.0,,0.0,-1,185,6915.0,C,0.21371379494667053,0.010797128081321716,True,nan,nan,,0
2026-02-26,96,373266,6893.9599609375,-0.33000001311302185,294,1.3340059518814087,2.576547861099243,1.2425419092178345,2.5765;2.5647;2.5646;2.5297;2.4905,6910;6920;6915;6925;6905,C;C;C;C;C,66,no_trade,in_position,0.0,,0.0,-1,187,6920.0,C,0.33408161997795105,0.012235492467880249,True,nan,nan,,0
2026-02-26,97,373267,6896.8798828125,-0.33000001311302185,293,1.3571290969848633,2.542522430419922,1.1853933334350586,2.5425;2.5221;2.5157;2.4919;2.4486,6920;6925;6915;6910;6930,C;C;C;C;C,63,no_trade,in_position,0.0,,0.0,-1,179,6900.0,C,-0.01875969022512436,0.0019006859511137009,True,nan,nan,,0
2026-02-26,98,373268,6897.14990234375,-0.33000001311302185,292,1.2375870943069458,2.0343575477600098,0.796770453453064,2.0344;2.0091;1.9626;1.9612;1.9466,6920;6925;6910;6915;6930,C;C;C;C;C,60,no_trade,in_position,0.0,,0.0,-1,181,6905.0,C,-0.020462961867451668,0.00430447980761528,True,nan,nan,,0
2026-02-26,99,373269,6897.72021484375,-0.33000001311302185,291,1.1085649728775024,2.558387041091919,1.4498220682144165,2.5584;2.5459;2.5242;2.5189;2.4801,6920;6925;6915;6910;6930,C;C;C;C;C,67,no_trade,in_position,0.0,,0.0,-1,179,6900.0,C,-0.016904762014746666,0.0003855600953102112,True,nan,nan,,0
2026-02-26,100,373270,6896.2099609375,-0.33000001311302185,290,1.183417558670044,2.2123889923095703,1.0289714336395264,2.2124;2.1790;2.1115;2.1094;2.0528,6925;6920;6930;6915;6910,C;C;C;C;C,55,no_trade,in_position,0.0,,0.0,-1,177,6895.0,C,-0.013741935603320599,0.005247722379863262,True,nan,nan,,0
2026-02-26,101,373271,6896.33984375,-0.33000001311302185,289,1.1389544010162354,2.4778528213500977,1.3388984203338623,2.4779;2.4739;2.3719;2.3217;2.3059,6925;6920;6915;6910;6930,C;C;C;C;C,55,no_trade,in_position,0.0,,0.0,-1,191,6930.0,C,-0.039929330348968506,0.014967575669288635,True,nan,nan,,0
2026-02-26,102,373272,6899.2900390625,-0.33000001311302185,288,1.0934970378875732,2.8825459480285645,1.7890489101409912,2.8825;2.8657;2.8444;2.8216;2.7897,6920;6925;6915;6910;6930,C;C;C;C;C,69,no_trade,in_position,0.0,,0.0,-1,174,6885.0,P,0.49637359380722046,0.0006887316703796387,True,nan,nan,,0
2026-02-26,103,373273,6899.66015625,-0.33000001311302185,287,1.3411251306533813,2.471031904220581,1.1299067735671997,2.4710;2.4674;2.4515;2.4417;2.3104,6920;6925;6930;6915;6910,C;C;C;C;C,57,no_trade,in_position,0.0,,0.0,-1,176,6890.0,P,0.6828421354293823,0.013649582862854004,True,nan,nan,,0
2026-02-26,104,373274,6901.83984375,-0.33000001311302185,286,1.200632095336914,2.469496488571167,1.268864393234253,2.4695;2.4629;2.3747;2.3368;2.2957,6925;6920;6930;6915;6910,C;C;C;C;C,59,no_trade,in_position,0.0,,0.0,-1,162,6855.0,P,0.6873077750205994,0.010879218578338623,True,nan,nan,,0
2026-02-27,60,373620,6861.06982421875,0.33000001311302185,330,1.576185703277588,1.8594499826431274,0.28326427936553955,1.8594;1.8303;1.8243;1.8060;1.7916,6885;6890;6900;6880;6895,C;C;C;C;C,67,trade,,6885.0,C,6.900000095367432,236,232,6875.0,C,0.2278124988079071,0.004437506198883057,True,0.21508196666720605,-0.01273053214070105,TRAILING_STOP,18
2026-02-27,61,373621,6858.58984375,0.33000001311302185,329,1.600718379020691,1.8551628589630127,0.2544444799423218,1.8552;1.8336;1.8217;1.8123;1.8068,6890;6880;6885;6895;6900,C;C;C;C;C,70,no_trade,in_position,0.0,,0.0,-1,242,6900.0,C,0.814799964427948,0.006362497806549072,True,nan,nan,,0
2026-02-27,62,373622,6853.60986328125,0.33000001311302185,328,1.7261409759521484,2.160102367401123,0.4339613914489746,2.1601;2.1248;2.0937;2.0765;2.0735,6880;6890;6885;6900;6895,C;C;C;C;C,73,no_trade,in_position,0.0,,0.0,-1,222,6850.0,C,0.22613590955734253,0.023354485630989075,True,nan,nan,,0
2026-02-27,63,373623,6860.66015625,0.33000001311302185,327,1.9606101512908936,2.793349266052246,0.8327391147613525,2.7933;2.7538;2.7189;2.7120;2.6867,6900;6890;6895;6880;6910,C;C;C;C;C,73,no_trade,in_position,0.0,,0.0,-1,226,6860.0,C,-0.0121714286506176,0.0011041276156902313,True,nan,nan,,0
2026-02-27,64,373624,6860.39990234375,0.33000001311302185,326,1.595440149307251,1.8094947338104248,0.21405458450317383,1.8095;1.7991;1.7887;1.7650;1.7063,6900;6890;6895;6885;6905,C;C;C;C;C,63,no_trade,in_position,0.0,,0.0,-1,226,6860.0,C,-0.011703296564519405,0.0020386390388011932,True,nan,nan,,0
2026-02-27,65,373625,6862.27978515625,0.33000001311302185,325,1.6934270858764648,2.1002728939056396,0.4068458080291748,2.1003;2.0853;2.0720;2.0694;2.0646,6890;6900;6895;6885;6880,C;C;C;C;C,66,no_trade,in_position,0.0,,0.0,-1,205,6805.0,P,-0.20109091699123383,0.005992412567138672,True,nan,nan,,0
2026-02-27,66,373626,6865.669921875,0.33000001311302185,324,1.4858392477035522,2.1094305515289307,0.6235913038253784,2.1094;2.0830;2.0422;2.0153;2.0152,6900;6890;6905;6910;6895,C;C;C;C;C,67,no_trade,in_position,0.0,,0.0,-1,235,6880.0,P,-0.22658909857273102,0.05908800661563873,True,nan,nan,,0
2026-02-27,67,373627,6866.990234375,0.33000001311302185,323,1.4286290407180786,2.226792335510254,0.7981632947921753,2.2268;2.2257;2.2135;2.1519;2.1410,6900;6890;6895;6905;6885,C;C;C;C;C,73,no_trade,in_position,0.0,,0.0,-1,219,6840.0,P,-0.2605006992816925,0.004091113805770874,True,nan,nan,,0
2026-02-27,68,373628,6868.27001953125,0.33000001311302185,322,1.6783950328826904,2.105428457260132,0.4270334243774414,2.1054;2.0063;1.9873;1.9784;1.9753,6900;6905;6895;6890;6910,C;C;C;C;C,67,no_trade,in_position,0.0,,0.0,-1,243,6900.0,P,0.13602277636528015,0.38970693945884705,True,nan,nan,,0
2026-02-27,69,373629,6865.7099609375,0.33000001311302185,321,1.4637970924377441,2.0125646591186523,0.5487675666809082,2.0126;1.9568;1.9262;1.8825;1.8703,6900;6890;6895;6905;6910,C;C;C;C;C,64,no_trade,in_position,0.0,,0.0,-1,244,6905.0,C,-0.039788734167814255,0.00505337119102478,True,nan,nan,,0
2026-02-27,70,373630,6865.89990234375,0.33000001311302185,320,1.454098105430603,2.0940892696380615,0.6399911642074585,2.0941;2.0626;2.0092;1.9994;1.9958,6900;6885;6890;6895;6905,C;C;C;C;C,61,no_trade,in_position,0.0,,0.0,-1,213,6825.0,P,-0.2854347825050354,0.001035839319229126,True,nan,nan,,0
2026-02-27,71,373631,6866.43017578125,0.33000001311302185,319,1.5238206386566162,2.261625051498413,0.7378044128417969,2.2616;2.2246;2.1870;2.1559;2.1054,6900;6890;6895;6885;6905,C;C;C;C;C,59,no_trade,in_position,0.0,,0.0,-1,229,6865.0,P,-0.01510638277977705,0.002210690639913082,True,nan,nan,,0
2026-02-27,72,373632,6869.43994140625,0.33000001311302185,318,1.4280269145965576,1.9280424118041992,0.5000154972076416,1.9280;1.7983;1.7949;1.7344;1.7304,6900;6905;6895;6885;6820,C;C;C;C;P,62,no_trade,in_position,0.0,,0.0,-1,243,6900.0,P,-0.013114777393639088,0.00024247821420431137,True,nan,nan,,0
2026-02-27,73,373633,6871.1298828125,0.33000001311302185,317,1.4975879192352295,2.071739435195923,0.5741515159606934,2.0717;1.9465;1.9183;1.9079;1.9053,6900;6890;6905;6910;6895,C;C;C;C;C,69,no_trade,in_position,0.0,,0.0,-1,223,6850.0,P,0.22344139218330383,0.0043109506368637085,True,nan,nan,,0
2026-02-27,74,373634,6872.18017578125,0.33000001311302185,316,1.7233805656433105,2.2155885696411133,0.49220800399780273,2.2156;2.1617;2.1446;2.1296;2.1235,6900;6905;6890;6895;6910,C;C;C;C;C,69,no_trade,in_position,0.0,,0.0,-1,221,6845.0,P,0.5595384836196899,0.0030167698860168457,True,nan,nan,,0
2026-02-27,75,373635,6873.75,-0.33000001311302185,315,1.6209112405776978,2.1942453384399414,0.5733340978622437,2.1942;2.0648;2.0582;2.0453;2.0051,6900;6905;6890;6885;6910,C;C;C;C;C,68,no_trade,in_position,0.0,,0.0,-1,209,6815.0,P,0.4850980043411255,0.012240797281265259,True,nan,nan,,0
2026-02-27,76,373636,6871.77978515625,0.33000001311302185,314,1.8411003351211548,2.2398340702056885,0.3987337350845337,2.2398;2.2322;2.1070;2.0403;2.0402,6820;6830;6815;6825;6840,P;P;P;P;P,65,no_trade,in_position,0.0,,0.0,-1,221,6845.0,P,0.4034106433391571,0.01670476794242859,True,nan,nan,,0
2026-02-27,77,373637,6870.10009765625,0.33000001311302185,313,1.6664408445358276,1.8783767223358154,0.2119358777999878,1.8784;1.8053;1.7859;1.7818;1.7671,6900;6820;6890;6880;6895,C;P;C;C;C,63,no_trade,in_position,0.0,,0.0,-1,203,6800.0,P,0.288205087184906,0.005093961954116821,True,nan,nan,,0
2026-02-27,78,373638,6868.27001953125,0.33000001311302185,312,1.6482174396514893,1.8724143505096436,0.2241969108581543,1.8724;1.8657;1.8647;1.7933;1.7746,6830;6840;6820;6815;6850,P;P;P;P;P,59,no_trade,in_position,0.0,,0.0,-1,215,6830.0,P,-0.04176470637321472,0.014287926256656647,True,nan,nan,,0
2026-02-27,79,373639,6866.31005859375,0.33000001311302185,311,1.6723519563674927,1.9877307415008545,0.3153787851333618,1.9877;1.9347;1.9160;1.8794;1.8740,6900;6890;6880;6885;6905,C;C;C;C;C,65,no_trade,in_position,0.0,,0.0,-1,228,6865.0,C,-0.013148147612810135,0.003899684175848961,True,nan,nan,,0
2026-02-27,80,373640,6865.009765625,0.33000001311302185,310,1.5473787784576416,1.793803334236145,0.24642455577850342,1.7938;1.7434;1.6889;1.6536;1.6109,6900;6895;6890;6880;6870,C;C;C;C;C,60,trade,,6900.0,C,3.359999895095825,242,228,6865.0,C,-0.015000000596046448,0.002517940476536751,True,0.038909090909090976,0.053909091505137424,TRAILING_STOP,17
2026-02-27,81,373641,6860.85009765625,0.33000001311302185,309,1.581380844116211,2.1008846759796143,0.5195038318634033,2.1009;2.0964;2.0651;2.0511;2.0406,6820;6830;6810;6825;6840,P;P;P;P;P,73,no_trade,in_position,0.0,,0.0,-1,226,6860.0,C,-0.012383720837533474,0.0023059342056512833,True,nan,nan,,0
2026-02-27,82,373642,6862.0,0.33000001311302185,308,1.7376426458358765,2.0071403980255127,0.26949775218963623,2.0071;1.9964;1.9071;1.8905;1.8809,6840;6820;6810;6830;6850,P;P;P;P;P,65,no_trade,in_position,0.0,,0.0,-1,228,6865.0,C,0.23187050223350525,0.0015700757503509521,True,nan,nan,,0
2026-02-27,83,373643,6860.080078125,0.33000001311302185,307,1.5498327016830444,1.8967318534851074,0.346899151802063,1.8967;1.8234;1.7998;1.7713;1.7595,6820;6810;6830;6815;6895,P;P;P;P;C,60,no_trade,in_position,0.0,,0.0,-1,230,6870.0,C,0.47393161058425903,0.013222485780715942,True,nan,nan,,0
2026-02-27,84,373644,6860.58984375,0.33000001311302185,306,1.7304463386535645,2.1607062816619873,0.43025994300842285,2.1607;2.1559;2.1369;2.1309;2.0759,6880;6890;6900;6895;6885,C;C;C;C;C,62,no_trade,in_position,0.0,,0.0,-1,226,6860.0,C,-0.012312139384448528,0.0022769011557102203,True,nan,nan,,0
2026-02-27,85,373645,6861.2001953125,0.33000001311302185,305,1.63088059425354,1.9080262184143066,0.2771456241607666,1.9080;1.8055;1.7788;1.7760;1.7503,6820;6840;6835;6830;6850,P;P;P;P;P,58,no_trade,in_position,0.0,,0.0,-1,226,6860.0,C,-0.011390374042093754,0.005807078443467617,True,nan,nan,,0
2026-02-27,86,373646,6865.0,0.33000001311302185,304,1.6338717937469482,2.0717673301696777,0.4378955364227295,2.0718;2.0569;2.0549;2.0378;2.0080,6890;6900;6895;6885;6880,C;C;C;C;C,58,no_trade,in_position,0.0,,0.0,-1,201,6795.0,P,-0.08071428537368774,0.04484127461910248,True,nan,nan,,0
2026-02-27,87,373647,6868.740234375,0.33000001311302185,303,1.3952720165252686,1.8793134689331055,0.4840414524078369,1.8793;1.8588;1.8583;1.8060;1.7823,6900;6840;6895;6890;6885,C;P;C;C;C,61,no_trade,in_position,0.0,,0.0,-1,230,6870.0,C,-0.016015037894248962,0.0010291729122400284,True,nan,nan,,0
2026-02-27,88,373648,6866.47998046875,0.33000001311302185,302,1.5313019752502441,2.049140453338623,0.5178384780883789,2.0491;1.9150;1.9039;1.8940;1.8652,6840;6820;6890;6900;6895,P;P;C;C;C,57,no_trade,in_position,0.0,,0.0,-1,209,6815.0,P,-0.04346153885126114,0.02944169193506241,True,nan,nan,,0
2026-02-27,89,373649,6867.830078125,0.33000001311302185,301,1.434874415397644,2.106468915939331,0.671594500541687,2.1065;2.0195;1.9864;1.9228;1.8394,6900;6880;6895;6890;6885,C;C;C;C;C,57,no_trade,in_position,0.0,,0.0,-1,201,6795.0,P,-0.07957746833562851,0.23351603746414185,True,nan,nan,,0
2026-02-27,90,373650,6867.669921875,0.33000001311302185,300,1.4411882162094116,1.786573886871338,0.34538567066192627,1.7866;1.7658;1.7598;1.6949;1.6519,6820;6895;6900;6890;6840,P;C;C;C;P,54,no_trade,in_position,0.0,,0.0,-1,201,6795.0,P,-0.07957746833562851,0.014589197933673859,True,nan,nan,,0
2026-02-27,91,373651,6869.22021484375,0.33000001311302185,299,1.5798076391220093,2.0104784965515137,0.4306708574295044,2.0105;1.9623;1.9561;1.9263;1.8606,6900;6895;6890;6905;6885,C;C;C;C;C,54,no_trade,in_position,0.0,,0.0,-1,231,6870.0,P,-0.015323741361498833,0.0025005266070365906,True,nan,nan,,0
2026-02-27,92,373652,6871.509765625,0.33000001311302185,298,1.5327417850494385,1.893552541732788,0.3608107566833496,1.8936;1.8229;1.8202;1.8096;1.7296,6900;6895;6905;6890;6840,C;C;C;C;P,53,no_trade,in_position,0.0,,0.0,-1,211,6820.0,P,0.20653845369815826,0.02524814009666443,True,nan,nan,,0
2026-02-27,93,373653,6872.5400390625,0.33000001311302185,297,1.5501121282577515,1.8708250522613525,0.3207129240036011,1.8708;1.8377;1.8150;1.7564;1.7552,6900;6895;6890;6905;6885,C;C;C;C;C,57,no_trade,in_position,0.0,,0.0,-1,213,6825.0,P,0.43129032850265503,0.012938350439071655,True,nan,nan,,0
2026-02-27,94,373654,6872.25,0.33000001311302185,296,1.5814123153686523,1.8678699731826782,0.2864576578140259,1.8679;1.8640;1.8051;1.7333;1.7200,6895;6900;6890;6905;6910,C;C;C;C;C,55,no_trade,in_position,0.0,,0.0,-1,213,6825.0,P,0.43129032850265503,0.24045699834823608,True,nan,nan,,0
2026-02-27,95,373655,6872.47021484375,0.33000001311302185,295,1.597190260887146,2.0883665084838867,0.4911762475967407,2.0884;2.0110;1.9386;1.9157;1.8911,6840;6850;6830;6820;6845,P;P;P;P;P,57,no_trade,in_position,0.0,,0.0,-1,213,6825.0,P,0.2677142322063446,0.0025922954082489014,True,nan,nan,,0
2026-02-27,96,373656,6869.72998046875,0.33000001311302185,294,1.627591609954834,1.990272045135498,0.36268043518066406,1.9903;1.9574;1.9484;1.9311;1.8737,6845;6830;6850;6840;6820,P;P;P;P;P,59,no_trade,in_position,0.0,,0.0,-1,238,6890.0,C,-0.03872727230191231,0.004734266549348831,True,nan,nan,,0
2026-02-27,97,373657,6868.85009765625,0.33000001311302185,293,1.7285548448562622,1.8145757913589478,0.08602094650268555,1.8146;1.7820;1.7371;1.7096;1.7079,6850;6840;6890;6885;6895,P;P;C;C;C,55,no_trade,in_position,0.0,,0.0,-1,244,6905.0,C,0.19349999725818634,0.13832758367061615,True,nan,nan,,0
2026-02-27,98,373658,6866.89013671875,0.33000001311302185,292,1.704586386680603,1.995898962020874,0.291312575340271,1.9959;1.9838;1.9183;1.9100;1.8805,6830;6840;6820;6850;6845,P;P;P;P;P,58,no_trade,in_position,0.0,,0.0,-1,244,6905.0,C,0.560540497303009,0.2988739311695099,True,nan,nan,,0
2026-02-27,99,373659,6863.14013671875,0.33000001311302185,291,1.6014316082000732,1.947961688041687,0.34653007984161377,1.9480;1.9141;1.8918;1.8795;1.8788,6880;6890;6870;6875;6885,C;C;C;C;C,63,trade,,6880.0,C,7.699999809265137,234,232,6875.0,C,0.4330304265022278,0.015772312879562378,True,0.4171249642372131,-0.015905462265014658,TAKE_PROFIT,24
2026-02-27,100,373660,6864.2900390625,0.33000001311302185,290,1.9431841373443604,2.0744986534118652,0.13131451606750488,2.0745;2.0658;2.0297;1.9717;1.9413,6890;6900;6885;6880;6905,C;C;C;C;C,55,no_trade,in_position,0.0,,0.0,-1,240,6895.0,C,0.401891827583313,0.02260604500770569,True,nan,nan,,0
2026-02-27,101,373661,6865.3701171875,0.33000001311302185,289,1.6976221799850464,2.1203715801239014,0.422749400138855,2.1204;2.0507;2.0045;1.9345;1.8440,6900;6895;6890;6885;6880,C;C;C;C;C,54,no_trade,in_position,0.0,,0.0,-1,242,6900.0,C,0.20653845369815826,0.0024436265230178833,True,nan,nan,,0
2026-02-27,102,373662,6864.10009765625,0.33000001311302185,288,1.6625639200210571,1.8086459636688232,0.1460820436477661,1.8086;1.7821;1.7656;1.6222;1.5872,6895;6890;6900;6905;6830,C;C;C;C;P,51,no_trade,in_position,0.0,,0.0,-1,244,6905.0,C,0.10274514555931091,0.0145193412899971,True,nan,nan,,0
2026-02-27,103,373663,6870.77978515625,-0.33000001311302185,287,1.6594172716140747,2.2268834114074707,0.567466139793396,2.2269;2.2256;2.2151;2.1914;2.1404,6890;6900;6895;6885;6880,C;C;C;C;C,60,no_trade,in_position,0.0,,0.0,-1,231,6870.0,P,-0.015160142444074154,0.004416127689182758,True,nan,nan,,0
2026-02-27,104,373664,6870.7900390625,-0.33000001311302185,286,1.5538108348846436,1.996051549911499,0.44224071502685547,1.9961;1.9721;1.9590;1.8931;1.8558,6900;6890;6895;6905;6880,C;C;C;C;C,54,no_trade,in_position,0.0,,0.0,-1,231,6870.0,P,-0.016015037894248962,0.0038712266832590103,True,nan,nan,,0
2026-03-02,60,374010,6849.18017578125,0.33000001311302185,330,2.453989267349243,2.089977264404297,-0.3640120029449463,2.0900;2.0730;2.0168;2.0136;2.0013,6890;6880;6895;6870;6900,C;C;C;C;C,74,no_trade,gate,0.0,,0.0,-1,189,6880.0,C,0.5435293912887573,0.04399096965789795,True,nan,nan,,0
2026-03-02,61,374011,6847.60986328125,0.33000001311302185,329,2.3883044719696045,2.1294736862182617,-0.2588307857513428,2.1295;2.1078;2.0751;2.0683;2.0005,6880;6870;6885;6890;6800,C;C;C;C;P,76,no_trade,gate,0.0,,0.0,-1,183,6865.0,C,0.22449101507663727,0.006046563386917114,True,nan,nan,,0
2026-03-02,62,374012,6842.4599609375,0.33000001311302185,328,2.413489818572998,2.519850730895996,0.10636091232299805,2.5199;2.4541;2.4462;2.4184;2.3824,6880;6870;6875;6885;6890,C;C;C;C;C,80,trade,,6880.0,C,4.03000020980835,189,187,6875.0,C,0.5474000573158264,0.020127296447753906,True,0.4802031040646252,-0.06719695325120123,TAKE_PROFIT,6
2026-03-02,63,374013,6842.06005859375,0.33000001311302185,327,2.4506492614746094,2.482605218887329,0.03195595741271973,2.4826;2.4444;2.4251;2.4189;2.3948,6880;6870;6865;6875;6890,C;C;C;C;C,82,no_trade,in_position,0.0,,0.0,-1,183,6865.0,C,0.3880232572555542,0.008023321628570557,True,nan,nan,,0
2026-03-02,64,374014,6844.85986328125,0.33000001311302185,326,2.505720615386963,2.882540225982666,0.3768196105957031,2.8825;2.8619;2.8409;2.7884;2.7848,6880;6870;6875;6890;6885,C;C;C;C;C,80,no_trade,in_position,0.0,,0.0,-1,201,6910.0,C,0.40555548667907715,0.038282692432403564,True,nan,nan,,0
2026-03-02,65,374015,6844.8701171875,0.33000001311302185,325,2.4659223556518555,2.360097885131836,-0.10582447052001953,2.3601;2.3196;2.3156;2.2961;2.2543,6880;6885;6870;6890;6875,C;C;C;C;C,77,no_trade,in_position,0.0,,0.0,-1,195,6895.0,C,0.5969135165214539,0.025609195232391357,True,nan,nan,,0
2026-03-02,66,374016,6843.68994140625,0.33000001311302185,324,2.4553849697113037,2.5731210708618164,0.1177361011505127,2.5731;2.5279;2.5150;2.4479;2.3931,6880;6875;6870;6885;6865,C;C;C;C;C,76,no_trade,in_position,0.0,,0.0,-1,185,6870.0,C,0.35802823305130005,0.011694848537445068,True,nan,nan,,0
2026-03-02,67,374017,6846.31005859375,0.33000001311302185,323,2.60394024848938,2.9065942764282227,0.3026540279388428,2.9066;2.8141;2.7842;2.7725;2.7494,6880;6870;6885;6890;6875,C;C;C;C;C,72,no_trade,in_position,0.0,,0.0,-1,183,6865.0,C,0.2654285728931427,0.021100223064422607,True,nan,nan,,0
2026-03-02,68,374018,6850.3798828125,0.33000001311302185,322,2.42899489402771,2.63247013092041,0.2034752368927002,2.6325;2.6239;2.5677;2.5360;2.5060,6880;6890;6885;6875;6900,C;C;C;C;C,69,no_trade,in_position,0.0,,0.0,-1,185,6870.0,C,0.3337234556674957,0.0170285701751709,True,nan,nan,,0
2026-03-02,69,374019,6854.10009765625,0.33000001311302185,321,2.3539483547210693,2.4930789470672607,0.1391305923461914,2.4931;2.4882;2.4155;2.3881;2.3558,6880;6900;6890;6885;6870,C;C;C;C;C,70,no_trade,in_position,0.0,,0.0,-1,183,6865.0,C,0.22951923310756683,0.005494847893714905,True,nan,nan,,0
2026-03-02,70,374020,6851.31982421875,0.33000001311302185,320,2.265091896057129,2.251654624938965,-0.013437271118164062,2.2517;2.1981;2.1401;2.1114;2.0435,6885;6880;6890;6900;6895,C;C;C;C;C,68,no_trade,gate,0.0,,0.0,-1,183,6865.0,C,0.33799993991851807,0.012729734182357788,True,nan,nan,,0
2026-03-02,71,374021,6854.97021484375,0.33000001311302185,319,2.3016350269317627,2.6302175521850586,0.3285825252532959,2.6302;2.6176;2.6064;2.5619;2.5406,6880;6890;6885;6900;6895,C;C;C;C;C,69,trade,,6880.0,C,5.900000095367432,189,183,6865.0,C,0.2306363582611084,0.0048409104347229,True,-0.038727272727272735,-0.2693636309883811,TRAILING_STOP,6
2026-03-02,72,374022,6854.14013671875,0.33000001311302185,318,2.197557210922241,2.328833818435669,0.13127660751342773,2.3288;2.3182;2.2706;2.2699;2.2162,6880;6890;6895;6900;6885,C;C;C;C;C,68,no_trade,in_position,0.0,,0.0,-1,183,6865.0,C,0.41626086831092834,0.006260812282562256,True,nan,nan,,0
2026-03-02,73,374023,6856.10009765625,0.33000001311302185,317,2.147057294845581,2.474154233932495,0.32709693908691406,2.4742;2.4691;2.4393;2.4310;2.3837,6890;6880;6900;6885;6895,C;C;C;C;C,70,no_trade,in_position,0.0,,0.0,-1,180,6855.0,P,-0.014276139438152313,0.0021084751933813095,True,nan,nan,,0
2026-03-02,74,374024,6858.6298828125,0.33000001311302185,316,2.1047143936157227,2.3098673820495605,0.2051529884338379,2.3099;2.2949;2.2875;2.2069;2.1932,6890;6885;6880;6900;6895,C;C;C;C;C,68,no_trade,in_position,0.0,,0.0,-1,186,6870.0,P,-0.013321852311491966,7.523130625486374e-05,True,nan,nan,,0
2026-03-02,75,374025,6859.3701171875,0.33000001311302185,315,2.0776686668395996,2.1582260131835938,0.08055734634399414,2.1582;2.1560;2.1452;2.1321;2.1204,6900;6885;6890;6895;6880,C;C;C;C;C,62,no_trade,in_position,0.0,,0.0,-1,182,6860.0,P,-0.012987805530428886,0.00021189916878938675,True,nan,nan,,0
2026-03-02,76,374026,6860.06982421875,0.33000001311302185,314,2.1359474658966064,2.0588769912719727,-0.07707047462463379,2.0589;2.0571;2.0385;1.9983;1.9943,6885;6890;6880;6895;6900,C;C;C;C;C,67,no_trade,in_position,0.0,,0.0,-1,186,6870.0,P,-0.013319078832864761,0.000880921259522438,True,nan,nan,,0
2026-03-02,77,374027,6858.85009765625,0.33000001311302185,313,1.9886798858642578,2.31671142578125,0.3280315399169922,2.3167;2.2738;2.2551;2.1988;2.1818,6880;6885;6890;6875;6895,C;C;C;C;C,72,no_trade,in_position,0.0,,0.0,-1,187,6875.0,C,-0.19597013294696808,0.012315556406974792,True,nan,nan,,0
2026-03-02,78,374028,6854.72021484375,0.33000001311302185,312,2.2069458961486816,2.007539987564087,-0.19940590858459473,2.0075;1.9753;1.9716;1.9660;1.9502,6880;6890;6885;6875;6870,C;C;C;C;C,67,no_trade,in_position,0.0,,0.0,-1,195,6895.0,C,0.3678112328052521,0.005093812942504883,True,nan,nan,,0
2026-03-02,79,374029,6856.759765625,0.33000001311302185,311,2.1762332916259766,2.2662715911865234,0.09003829956054688,2.2663;2.2608;2.2353;2.2161;2.1917,6885;6880;6890;6895;6900,C;C;C;C;C,68,trade,,6885.0,C,4.260000228881836,191,185,6870.0,C,0.3586999773979187,0.37202462553977966,True,-0.42312498954435246,-0.7818249669422712,STOP_LOSS,4
2026-03-02,80,374030,6859.1298828125,0.33000001311302185,310,2.1178829669952393,2.1242523193359375,0.006369352340698242,2.1243;2.1180;2.0922;2.0893;2.0701,6890;6880;6875;6885;6900,C;C;C;C;C,69,no_trade,in_position,0.0,,0.0,-1,180,6855.0,P,-0.0142000000923872,0.001815037801861763,True,nan,nan,,0
2026-03-02,81,374031,6857.7900390625,0.33000001311302185,309,2.0382425785064697,1.7811928987503052,-0.25704967975616455,1.7812;1.6853;1.6194;1.5604;1.5593,6800;6820;6840;6815;6790,P;P;P;P;P,62,no_trade,in_position,0.0,,0.0,-1,185,6870.0,C,0.5444828867912292,0.3140241503715515,True,nan,nan,,0
2026-03-02,82,374032,6857.06982421875,0.33000001311302185,308,2.008593797683716,1.9913604259490967,-0.01723337173461914,1.9914;1.8232;1.6409;1.6245;1.6119,6800;6810;6805;6790;6815,P;P;P;P;P,59,no_trade,in_position,0.0,,0.0,-1,191,6885.0,C,0.7081818580627441,0.002758204936981201,True,nan,nan,,0
2026-03-02,83,374033,6853.7001953125,0.33000001311302185,307,2.0105197429656982,1.8196039199829102,-0.19091582298278809,1.8196;1.8068;1.8048;1.7926;1.7553,6875;6870;6800;6880;6885,C;C;P;C;C,66,no_trade,in_position,0.0,,0.0,-1,187,6875.0,C,0.727400004863739,0.009672760963439941,True,nan,nan,,0
2026-03-02,84,374034,6849.2900390625,0.33000001311302185,306,2.067506790161133,1.9804223775863647,-0.08708441257476807,1.9804;1.9624;1.9526;1.9403;1.9335,6870;6880;6875;6800;6865,C;C;C;P;C,71,no_trade,in_position,0.0,,0.0,-1,201,6910.0,C,0.38666659593582153,0.07573637366294861,True,nan,nan,,0
2026-03-02,85,374035,6851.77978515625,0.33000001311302185,305,2.188070058822632,2.3024723529815674,0.11440229415893555,2.3025;2.2670;2.2584;2.2407;2.2049,6880;6885;6890;6875;6870,C;C;C;C;C,70,no_trade,cooldown,0.0,,0.0,-1,185,6870.0,C,0.25999999046325684,0.0014285445213317871,True,nan,nan,,0
2026-03-02,86,374036,6856.1201171875,0.33000001311302185,304,1.9136863946914673,2.0486247539520264,0.13493835926055908,2.0486;2.0293;1.9742;1.9122;1.8986,6890;6880;6885;6875;6895,C;C;C;C;C,57,no_trade,cooldown,0.0,,0.0,-1,189,6880.0,C,0.5806248784065247,0.02015608549118042,True,nan,nan,,0
2026-03-02,87,374037,6856.1201171875,0.33000001311302185,303,1.8826369047164917,1.9104671478271484,0.02783024311065674,1.9105;1.9091;1.8546;1.7977;1.7808,6890;6885;6880;6895;6870,C;C;C;C;C,57,trade,,6890.0,C,2.700000047683716,193,193,6890.0,C,0.45814815163612366,0.009137779474258423,True,0.45814814888727845,-2.7488452070123515e-09,TAKE_PROFIT,10
2026-03-02,88,374038,6857.0,0.33000001311302185,302,1.804388165473938,2.1040968894958496,0.2997087240219116,2.1041;2.0900;2.0717;2.0544;2.0525,6885;6880;6890;6875;6870,C;C;C;C;C,63,no_trade,in_position,0.0,,0.0,-1,187,6875.0,C,0.4682089686393738,0.009973675012588501,True,nan,nan,,0
2026-03-02,89,374039,6857.52978515625,0.33000001311302185,301,1.6945295333862305,1.7452727556228638,0.0507432222366333,1.7453;1.7375;1.7243;1.6693;1.6498,6805;6890;6885;6895;6795,P;C;C;C;P,56,no_trade,in_position,0.0,,0.0,-1,191,6885.0,C,0.7952229380607605,0.0688399076461792,True,nan,nan,,0
2026-03-02,90,374040,6854.009765625,0.33000001311302185,300,1.7044119834899902,1.9150118827819824,0.2105998992919922,1.9150;1.9074;1.8797;1.8787;1.8417,6880;6885;6890;6875;6870,C;C;C;C;C,62,no_trade,in_position,0.0,,0.0,-1,185,6870.0,C,0.3543582856655121,0.004827022552490234,True,nan,nan,,0
2026-03-02,91,374041,6856.16015625,0.33000001311302185,299,1.8322045803070068,2.2870869636535645,0.4548823833465576,2.2871;2.2411;2.2337;2.2193;2.1259,6880;6885;6890;6875;6900,C;C;C;C;C,58,no_trade,in_position,0.0,,0.0,-1,199,6905.0,C,0.5435293316841125,0.05843132734298706,True,nan,nan,,0
2026-03-02,92,374042,6855.02001953125,0.33000001311302185,298,1.8843072652816772,1.8733878135681152,-0.010919451713562012,1.8734;1.7585;1.7377;1.7142;1.7120,6800;6885;6820;6805;6880,P;C;P;P;C,64,no_trade,in_position,0.0,,0.0,-1,187,6875.0,C,0.46671876311302185,0.01103249192237854,True,nan,nan,,0
2026-03-02,93,374043,6856.85009765625,0.33000001311302185,297,1.8109920024871826,1.9473053216934204,0.1363133192062378,1.9473;1.9037;1.8621;1.8443;1.8154,6885;6880;6890;6895;6875,C;C;C;C;C,58,no_trade,in_position,0.0,,0.0,-1,185,6870.0,C,0.18685711920261383,0.03019048273563385,True,nan,nan,,0
2026-03-02,94,374044,6861.509765625,0.33000001311302185,296,1.774932622909546,2.1883435249328613,0.41341090202331543,2.1883;2.1867;2.1469;2.1200;2.0685,6880;6890;6885;6895;6875,C;C;C;C;C,66,no_trade,in_position,0.0,,0.0,-1,186,6870.0,P,0.5426095128059387,0.02051711082458496,True,nan,nan,,0
2026-03-02,95,374045,6862.43017578125,0.33000001311302185,295,1.9835760593414307,2.1126904487609863,0.12911438941955566,2.1127;2.1055;2.1047;2.0642;2.0224,6890;6885;6880;6895;6875,C;C;C;C;C,66,no_trade,in_position,0.0,,0.0,-1,176,6845.0,P,0.5269318222999573,0.006995677947998047,True,nan,nan,,0
2026-03-02,96,374046,6862.669921875,0.33000001311302185,294,1.8757946491241455,2.3301968574523926,0.45440220832824707,2.3302;2.3115;2.2751;2.2290;2.2281,6885;6880;6890;6875;6895,C;C;C;C;C,65,no_trade,in_position,0.0,,0.0,-1,174,6840.0,P,0.6430433988571167,0.008744299411773682,True,nan,nan,,0
2026-03-02,97,374047,6865.60009765625,0.33000001311302185,293,1.8938952684402466,2.1626577377319336,0.268762469291687,2.1627;2.1387;2.1382;2.0597;1.9864,6885;6890;6880;6895;6900,C;C;C;C;C,61,no_trade,in_position,0.0,,0.0,-1,182,6860.0,P,0.6119130253791809,0.01586824655532837,True,nan,nan,,0
2026-03-02,98,374048,6866.89990234375,0.33000001311302185,292,1.888994574546814,2.2689361572265625,0.37994158267974854,2.2689;2.2685;2.2315;2.2277;2.1798,6885;6890;6895;6880;6900,C;C;C;C;C,68,no_trade,in_position,0.0,,0.0,-1,156,6795.0,P,0.698235273361206,0.017827212810516357,True,nan,nan,,0
2026-03-02,99,374049,6869.97021484375,0.33000001311302185,291,1.8116477727890015,2.140321969985962,0.32867419719696045,2.1403;2.1128;2.1093;2.0713;2.0625,6890;6895;6885;6880;6900,C;C;C;C;C,68,trade,,6890.0,C,5.099999904632568,193,198,6900.0,P,0.4557369351387024,0.029106885194778442,True,-0.2007142653108446,-0.656451200449547,STOP_LOSS,6
2026-03-02,100,374050,6867.93017578125,0.33000001311302185,290,1.9714000225067139,2.1111533641815186,0.1397533416748047,2.1112;2.1092;2.0915;2.0548;1.9954,6885;6880;6890;6895;6900,C;C;C;C;C,67,no_trade,in_position,0.0,,0.0,-1,162,6810.0,P,0.698695719242096,0.0016283392906188965,True,nan,nan,,0
2026-03-02,101,374051,6870.77978515625,0.33000001311302185,289,2.0741193294525146,2.2044997215270996,0.13038039207458496,2.2045;2.1808;2.1754;2.1723;2.1183,6890;6885;6880;6895;6900,C;C;C;C;C,65,no_trade,in_position,0.0,,0.0,-1,188,6875.0,P,0.47715574502944946,0.003460139036178589,True,nan,nan,,0
2026-03-02,102,374052,6870.02978515625,0.33000001311302185,288,1.997866153717041,1.9560695886611938,-0.04179656505584717,1.9561;1.9303;1.9188;1.9144;1.9053,6830;6850;6840;6815;6890,P;P;P;P;C,63,no_trade,in_position,0.0,,0.0,-1,162,6810.0,P,0.48347821831703186,0.004567325115203857,True,nan,nan,,0
2026-03-02,103,374053,6869.330078125,0.33000001311302185,287,1.9153565168380737,1.9827384948730469,0.06738197803497314,1.9827;1.9800;1.9728;1.9505;1.9505,6880;6890;6885;6875;6895,C;C;C;C;C,64,no_trade,in_position,0.0,,0.0,-1,180,6855.0,P,0.5466264486312866,0.0202944278717041,True,nan,nan,,0
2026-03-02,104,374054,6868.85986328125,0.33000001311302185,286,1.9064499139785767,1.9905509948730469,0.08410108089447021,1.9906;1.9429;1.9417;1.9211;1.8982,6890;6880;6895;6885;6900,C;C;C;C;C,55,no_trade,in_position,0.0,,0.0,-1,158,6800.0,P,0.33100003004074097,0.004773586988449097,True,nan,nan,,0
2026-03-03,60,374400,6716.39990234375,0.33000001311302185,330,2.2516379356384277,1.6897344589233398,-0.5619034767150879,1.6897;1.6640;1.6537;1.6232;1.6225,6750;6690;6700;6650;6680,C;P;P;P;P,106,no_trade,gate,0.0,,0.0,-1,149,6765.0,C,0.08870001137256622,0.020200014114379883,True,nan,nan,,0
2026-03-03,61,374401,6729.97998046875,0.33000001311302185,329,2.2877490520477295,1.8086951971054077,-0.4790538549423218,1.8087;1.7843;1.7680;1.7392;1.7340,6800;6780;6775;6770;6790,C;C;C;C;C,93,no_trade,gate,0.0,,0.0,-1,177,6835.0,C,0.5973912477493286,0.1607246994972229,True,nan,nan,,0
2026-03-03,62,374402,6725.56005859375,0.33000001311302185,328,2.233642101287842,1.9768503904342651,-0.25679171085357666,1.9769;1.9524;1.9329;1.9227;1.9133,6780;6765;6800;6750;6770,C;C;C;C;C,102,no_trade,gate,0.0,,0.0,-1,151,6770.0,C,0.5725675821304321,0.020223796367645264,True,nan,nan,,0
2026-03-03,63,374403,6724.1201171875,0.33000001311302185,327,2.2726829051971436,1.774439811706543,-0.4982430934906006,1.7744;1.7582;1.7574;1.7338;1.6882,6700;6800;6770;6760;6670,P;C;C;C;P,98,no_trade,gate,0.0,,0.0,-1,171,6820.0,C,0.6690322756767273,0.10359102487564087,True,nan,nan,,0
2026-03-03,64,374404,6723.9501953125,0.33000001311302185,326,2.167602300643921,1.9253590106964111,-0.24224328994750977,1.9254;1.7865;1.7396;1.7253;1.7245,6700;6695;6670;6780;6685,P;P;P;C;P,103,no_trade,gate,0.0,,0.0,-1,149,6765.0,C,0.5101162195205688,0.049883633852005005,True,nan,nan,,0
2026-03-03,65,374405,6725.93017578125,0.33000001311302185,325,2.178446054458618,1.8121285438537598,-0.3663175106048584,1.8121;1.7359;1.7157;1.7081;1.6940,6780;6700;6800;6750;6775,C;P;C;C;C,101,no_trade,gate,0.0,,0.0,-1,165,6805.0,C,0.34059402346611023,0.0020225942134857178,True,nan,nan,,0
2026-03-03,66,374406,6732.56982421875,0.33000001311302185,324,2.2937633991241455,1.8891853094100952,-0.4045780897140503,1.8892;1.8718;1.8669;1.8590;1.8060,6780;6700;6800;6790;6785,C;P;C;C;C,112,no_trade,gate,0.0,,0.0,-1,173,6825.0,C,0.49483877420425415,0.00817212462425232,True,nan,nan,,0
2026-03-03,67,374407,6731.6298828125,0.33000001311302185,323,2.126619815826416,1.904180645942688,-0.22243916988372803,1.9042;1.8387;1.8231;1.7920;1.7686,6700;6800;6780;6680;6670,P;C;C;P;P,96,no_trade,gate,0.0,,0.0,-1,165,6805.0,C,0.4866667687892914,0.002177000045776367,True,nan,nan,,0
2026-03-03,68,374408,6730.509765625,0.33000001311302185,322,2.107870101928711,1.7656599283218384,-0.34221017360687256,1.7657;1.7302;1.7145;1.6548;1.6366,6700;6780;6800;6775;6695,P;C;C;C;P,87,no_trade,gate,0.0,,0.0,-1,169,6815.0,C,0.5405941605567932,0.027139663696289062,True,nan,nan,,0
2026-03-03,69,374409,6731.68017578125,0.33000001311302185,321,1.9540129899978638,1.846236228942871,-0.10777676105499268,1.8462;1.8048;1.7812;1.7289;1.7105,6680;6700;6675;6690;6780,P;P;P;P;C,96,no_trade,gate,0.0,,0.0,-1,179,6840.0,C,0.46000000834465027,0.035333335399627686,True,nan,nan,,0
2026-03-03,70,374410,6736.02001953125,0.33000001311302185,320,2.0470633506774902,1.9046844244003296,-0.14237892627716064,1.9047;1.8324;1.8059;1.8047;1.7948,6700;6705;6680;6665;6775,P;P;P;P;C,103,no_trade,gate,0.0,,0.0,-1,171,6820.0,C,0.5127167701721191,0.05168229341506958,True,nan,nan,,0
2026-03-03,71,374411,6734.66015625,0.33000001311302185,319,1.990496039390564,2.0341947078704834,0.043698668479919434,2.0342;1.8495;1.8303;1.7982;1.7850,6700;6680;6695;6780;6690,P;P;P;C;P,100,trade,,6700.0,P,10.350000381469727,124,179,6840.0,C,0.392380952835083,0.007282853126525879,True,0.05757894736842122,-0.3348020054666618,TRAILING_STOP,16
2026-03-03,72,374412,6735.3798828125,0.33000001311302185,318,2.0166642665863037,2.0109097957611084,-0.0057544708251953125,2.0109;1.8765;1.8247;1.7519;1.7478,6700;6690;6680;6695;6780,P;P;P;P;C,102,no_trade,in_position,0.0,,0.0,-1,175,6830.0,C,0.7930435538291931,0.025424480438232422,True,nan,nan,,0
2026-03-03,73,374413,6726.18017578125,0.33000001311302185,317,1.9745314121246338,1.9229673147201538,-0.05156409740447998,1.9230;1.9141;1.8841;1.8715;1.8538,6770;6775;6780;6760;6765,C;C;C;C;C,100,no_trade,in_position,0.0,,0.0,-1,171,6820.0,C,0.47466662526130676,0.02199995517730713,True,nan,nan,,0
2026-03-03,74,374414,6726.83984375,0.33000001311302185,316,1.9671465158462524,1.9388784170150757,-0.028268098831176758,1.9389;1.8992;1.8928;1.8727;1.8621,6770;6780;6800;6775;6760,C;C;C;C;C,97,no_trade,in_position,0.0,,0.0,-1,143,6750.0,C,0.473414808511734,0.011719882488250732,True,nan,nan,,0
2026-03-03,75,374415,6728.740234375,0.33000001311302185,315,1.9606540203094482,2.221609354019165,0.2609553337097168,2.2216;2.2020;2.1897;2.1843;2.1695,6780;6770;6775;6790;6750,C;C;C;C;C,103,no_trade,in_position,0.0,,0.0,-1,149,6765.0,C,0.5282143354415894,0.036844491958618164,True,nan,nan,,0
2026-03-03,76,374416,6727.8701171875,0.33000001311302185,314,2.013502836227417,2.1966142654418945,0.18311142921447754,2.1966;2.1759;2.1617;2.1324;2.1202,6770;6800;6760;6780;6775,C;C;C;C;C,97,no_trade,in_position,0.0,,0.0,-1,151,6770.0,C,0.43160003423690796,0.01174706220626831,True,nan,nan,,0
2026-03-03,77,374417,6730.5,0.33000001311302185,313,1.9731041193008423,1.8296505212783813,-0.14345359802246094,1.8297;1.8230;1.7888;1.7842;1.7758,6800;6780;6765;6770;6760,C;C;C;C;C,90,no_trade,in_position,0.0,,0.0,-1,155,6780.0,C,0.6239622235298157,0.0077553391456604,True,nan,nan,,0
2026-03-03,78,374418,6727.0,0.33000001311302185,312,1.82717764377594,1.8848485946655273,0.0576709508895874,1.8848;1.8463;1.8446;1.8361;1.7707,6800;6775;6760;6780;6770,C;C;C;C;C,84,no_trade,in_position,0.0,,0.0,-1,149,6765.0,C,0.49250006675720215,0.035141587257385254,True,nan,nan,,0
2026-03-03,79,374419,6727.10009765625,0.33000001311302185,311,1.89536452293396,1.8465989828109741,-0.04876554012298584,1.8466;1.8037;1.7923;1.7866;1.7670,6770;6775;6800;6780;6760,C;C;C;C;C,98,no_trade,in_position,0.0,,0.0,-1,163,6800.0,C,0.7316794395446777,0.011262834072113037,True,nan,nan,,0
2026-03-03,80,374420,6721.7900390625,0.33000001311302185,310,1.9654850959777832,2.0200860500335693,0.05460095405578613,2.0201;2.0060;1.9851;1.9551;1.9437,6750;6760;6780;6800;6770,C;C;C;C;C,101,no_trade,in_position,0.0,,0.0,-1,181,6845.0,C,0.6493332982063293,0.048291563987731934,True,nan,nan,,0
2026-03-03,81,374421,6722.77001953125,0.33000001311302185,309,1.9504555463790894,1.931827187538147,-0.018628358840942383,1.9318;1.9091;1.9043;1.8607;1.7768,6760;6750;6770;6755;6780,C;C;C;C;C,88,no_trade,in_position,0.0,,0.0,-1,159,6790.0,C,0.4391428530216217,0.00014287233352661133,True,nan,nan,,0
2026-03-03,82,374422,6724.0498046875,0.33000001311302185,308,1.8753644227981567,1.9088940620422363,0.03352963924407959,1.9089;1.8804;1.8390;1.8331;1.7939,6770;6760;6780;6750;6785,C;C;C;C;C,97,no_trade,in_position,0.0,,0.0,-1,165,6805.0,C,0.6604763269424438,0.01861196756362915,True,nan,nan,,0
2026-03-03,83,374423,6720.60986328125,0.33000001311302185,307,1.887809157371521,1.9765819311141968,0.08877277374267578,1.9766;1.9104;1.9090;1.8929;1.8613,6760;6780;6770;6765;6775,C;C;C;C;C,84,no_trade,in_position,0.0,,0.0,-1,165,6805.0,C,0.48146337270736694,0.013187438249588013,True,nan,nan,,0
2026-03-03,84,374424,6719.7900390625,0.33000001311302185,306,1.9109771251678467,2.0053439140319824,0.09436678886413574,2.0053;1.9041;1.8630;1.8611;1.8460,6750;6775;6800;6760;6780,C;C;C;C;C,89,no_trade,in_position,0.0,,0.0,-1,169,6815.0,C,0.543790876865387,0.05446887016296387,True,nan,nan,,0
2026-03-03,85,374425,6720.41015625,0.33000001311302185,305,1.9230730533599854,2.171858787536621,0.24878573417663574,2.1719;2.0999;2.0269;2.0070;1.9791,6750;6770;6800;6760;6790,C;C;C;C;C,88,no_trade,in_position,0.0,,0.0,-1,171,6820.0,C,0.44275858998298645,0.041705936193466187,True,nan,nan,,0
2026-03-03,86,374426,6725.02001953125,0.33000001311302185,304,1.844570517539978,2.4991819858551025,0.6546114683151245,2.4992;2.4922;2.4833;2.4577;2.4267,6770;6750;6760;6800;6780,C;C;C;C;C,92,no_trade,in_position,0.0,,0.0,-1,163,6800.0,C,0.45814815163612366,0.07709550857543945,True,nan,nan,,0
2026-03-03,87,374427,6727.91015625,0.33000001311302185,303,1.7494750022888184,2.5424160957336426,0.7929410934448242,2.5424;2.4297;2.4232;2.3972;2.3969,6770;6780;6800;6775;6785,C;C;C;C;C,83,no_trade,in_position,0.0,,0.0,-1,175,6830.0,C,0.40583333373069763,0.024780690670013428,True,nan,nan,,0
2026-03-03,88,374428,6732.740234375,0.33000001311302185,302,1.4897663593292236,2.345651149749756,0.8558847904205322,2.3457;2.3401;2.3284;2.3197;2.3125,6785;6760;6770;6800;6780,C;C;C;C;C,88,no_trade,in_position,0.0,,0.0,-1,165,6805.0,C,0.5516259074211121,0.02289658784866333,True,nan,nan,,0
2026-03-03,89,374429,6733.10009765625,0.33000001311302185,301,1.440209150314331,2.158304214477539,0.718095064163208,2.1583;2.1272;2.0577;2.0496;2.0208,6780;6785;6760;6800;6770,C;C;C;C;C,87,trade,,6780.0,C,5.699999809265137,155,151,6770.0,C,0.5516000390052795,0.007711231708526611,True,0.5438888086409249,-0.007711230364354615,TAKE_PROFIT,5
2026-03-03,90,374430,6732.7099609375,0.33000001311302185,300,1.47939932346344,2.159759759902954,0.6803604364395142,2.1598;2.1321;2.0873;2.0513;1.9853,6800;6770;6780;6775;6765,C;C;C;C;C,82,no_trade,in_position,0.0,,0.0,-1,171,6820.0,C,0.5246666669845581,0.005753517150878906,True,nan,nan,,0
2026-03-03,91,374431,6733.2099609375,0.33000001311302185,299,1.7121171951293945,2.5602149963378906,0.8480978012084961,2.5602;2.4734;2.4286;2.1660;1.9724,6765;6770;6800;6760;6750,C;C;C;C;C,79,no_trade,in_position,0.0,,0.0,-1,159,6790.0,C,0.5223076343536377,0.05070763826370239,True,nan,nan,,0
2026-03-03,92,374432,6733.64990234375,0.33000001311302185,298,1.5492242574691772,2.7238783836364746,1.1746541261672974,2.7239;2.6538;2.4737;2.2821;2.2773,6770;6800;6765;6790;6785,C;C;C;C;C,79,no_trade,in_position,0.0,,0.0,-1,169,6815.0,C,0.33100003004074097,0.005613058805465698,True,nan,nan,,0
2026-03-03,93,374433,6740.0,0.33000001311302185,297,1.45030677318573,2.8379883766174316,1.3876816034317017,2.8380;2.8296;2.8123;2.8065;2.7627,6775;6780;6800;6770;6790,C;C;C;C;C,84,no_trade,in_position,0.0,,0.0,-1,179,6840.0,C,0.5435293316841125,0.017100751399993896,True,nan,nan,,0
2026-03-03,94,374434,6747.47998046875,0.33000001311302185,296,1.5197811126708984,2.292638063430786,0.7728569507598877,2.2926;2.2883;2.2740;2.2690;2.2122,6800;6790;6785;6780;6795,C;C;C;C;C,87,no_trade,in_position,0.0,,0.0,-1,175,6830.0,C,0.37542852759361267,0.21313680708408356,True,nan,nan,,0
2026-03-03,95,374435,6755.39990234375,0.33000001311302185,295,1.651050090789795,2.0843300819396973,0.43327999114990234,2.0843;2.0678;2.0608;2.0548;2.0539,6800;6720;6790;6700;6785,C;P;C;P;C,96,no_trade,in_position,0.0,,0.0,-1,159,6790.0,C,0.5115999579429626,0.008218169212341309,True,nan,nan,,0
2026-03-03,96,374436,6756.39990234375,0.33000001311302185,294,1.7697409391403198,2.478973388671875,0.7092324495315552,2.4790;2.4548;2.4388;2.4321;2.3805,6800;6790;6795;6805;6785,C;C;C;C;C,92,trade,,6800.0,C,5.440000057220459,163,171,6820.0,C,0.6114893555641174,0.036752521991729736,True,0.55823534008541,-0.05325401547870745,TAKE_PROFIT,17
2026-03-03,97,374437,6756.56005859375,0.33000001311302185,293,1.7221909761428833,2.333251476287842,0.6110605001449585,2.3333;2.2881;2.2369;2.2077;2.1993,6800;6790;6805;6795;6780,C;C;C;C;C,77,no_trade,in_position,0.0,,0.0,-1,187,6860.0,C,0.32615384459495544,0.05291849374771118,True,nan,nan,,0
2026-03-03,98,374438,6762.77001953125,0.33000001311302185,292,1.7230818271636963,2.5023434162139893,0.779261589050293,2.5023;2.3965;2.3810;2.3748;2.3520,6800;6790;6810;6795;6805,C;C;C;C;C,82,no_trade,in_position,0.0,,0.0,-1,167,6810.0,C,0.6451350450515747,0.020226001739501953,True,nan,nan,,0
2026-03-03,99,374439,6759.8701171875,0.33000001311302185,291,1.7744179964065552,2.248236656188965,0.47381865978240967,2.2482;2.1662;2.1511;2.1366;2.1053,6800;6790;6795;6810;6805,C;C;C;C;C,82,no_trade,in_position,0.0,,0.0,-1,155,6780.0,C,0.4944247007369995,0.016612201929092407,True,nan,nan,,0
2026-03-03,100,374440,6760.419921875,0.33000001311302185,290,1.8039779663085938,2.3272337913513184,0.5232558250427246,2.3272;2.2025;2.1943;2.1917;2.1702,6800;6795;6790;6785;6810,C;C;C;C;C,74,no_trade,in_position,0.0,,0.0,-1,161,6795.0,C,0.549133837223053,0.01362919807434082,True,nan,nan,,0
2026-03-03,101,374441,6760.31982421875,0.33000001311302185,289,1.9229849576950073,2.1795568466186523,0.256571888923645,2.1796;2.0929;2.0597;2.0464;2.0205,6800;6790;6805;6795;6785,C;C;C;C;C,77,no_trade,in_position,0.0,,0.0,-1,171,6820.0,C,0.6706976294517517,0.0039052367210388184,True,nan,nan,,0
2026-03-03,102,374442,6759.22998046875,0.33000001311302185,288,1.9361813068389893,2.539194107055664,0.6030128002166748,2.5392;2.4068;2.3764;2.3757;2.3120,6800;6790;6780;6795;6810,C;C;C;C;C,69,no_trade,in_position,0.0,,0.0,-1,187,6860.0,C,0.31166666746139526,0.03640902042388916,True,nan,nan,,0
2026-03-03,103,374443,6765.18994140625,0.33000001311302185,287,1.944462776184082,2.6392264366149902,0.6947636604309082,2.6392;2.5797;2.5511;2.5289;2.5285,6800;6790;6795;6810;6805,C;C;C;C;C,86,no_trade,in_position,0.0,,0.0,-1,173,6825.0,C,0.5546342134475708,0.032326579093933105,True,nan,nan,,0
2026-03-03,104,374444,6765.0498046875,0.33000001311302185,286,1.9346238374710083,2.411163806915283,0.4765399694442749,2.4112;2.3121;2.3053;2.2929;2.2884,6800;6795;6810;6805;6790,C;C;C;C;C,78,no_trade,in_position,0.0,,0.0,-1,155,6780.0,C,0.26482513546943665,0.004200190305709839,True,nan,nan,,0
2026-03-04,60,374790,6873.27001953125,0.33000001311302185,330,2.6161251068115234,2.948812961578369,0.3326878547668457,2.9488;2.9486;2.9327;2.9259;2.8966,6885;6890;6895;6880;6900,C;C;C;C;C,75,trade,,6885.0,C,8.399999618530273,187,176,6855.0,P,0.7182864546775818,0.00035262107849121094,True,-0.42173473238001596,-1.1400211870575978,STOP_LOSS,7
2026-03-04,61,374791,6876.39013671875,0.33000001311302185,329,2.656848192214966,2.624307155609131,-0.03254103660583496,2.6243;2.6192;2.6093;2.5902;2.5205,6890;6900;6895;6905;6910,C;C;C;C;C,70,no_trade,in_position,0.0,,0.0,-1,184,6875.0,P,0.37823525071144104,0.0011048316955566406,True,nan,nan,,0
2026-03-04,62,374792,6873.7900390625,0.33000001311302185,328,2.4976277351379395,2.199775218963623,-0.2978525161743164,2.1998;2.1834;2.1784;2.1510;2.1483,6890;6895;6900;6885;6880,C;C;C;C;C,64,no_trade,in_position,0.0,,0.0,-1,158,6810.0,P,0.394800066947937,0.0007092654705047607,True,nan,nan,,0
2026-03-04,63,374793,6871.31982421875,0.33000001311302185,327,2.5040652751922607,2.4357922077178955,-0.06827306747436523,2.4358;2.4210;2.4182;2.3993;2.3807,6890;6885;6880;6895;6900,C;C;C;C;C,67,no_trade,in_position,0.0,,0.0,-1,154,6800.0,P,0.4082927107810974,0.01676875352859497,True,nan,nan,,0
2026-03-04,64,374794,6868.75,0.33000001311302185,326,2.4816417694091797,2.3885695934295654,-0.09307217597961426,2.3886;2.3867;2.3836;2.3392;2.3195,6880;6885;6890;6895;6900,C;C;C;C;C,66,no_trade,in_position,0.0,,0.0,-1,158,6810.0,P,0.4043636918067932,0.00755646824836731,True,nan,nan,,0
2026-03-04,65,374795,6866.7998046875,0.33000001311302185,325,2.61388897895813,2.419015884399414,-0.19487309455871582,2.4190;2.3909;2.3869;2.3649;2.3621,6890;6900;6885;6880;6895,C;C;C;C;C,70,no_trade,in_position,0.0,,0.0,-1,166,6830.0,P,0.4871428310871124,0.011923760175704956,True,nan,nan,,0
2026-03-04,66,374796,6865.419921875,0.33000001311302185,324,2.547926902770996,2.25216007232666,-0.29576683044433594,2.2522;2.2347;2.2214;2.1926;2.1829,6880;6890;6885;6895;6900,C;C;C;C;C,63,no_trade,in_position,0.0,,0.0,-1,168,6835.0,P,0.5758181810379028,0.001286923885345459,True,nan,nan,,0
2026-03-04,67,374797,6866.9501953125,0.33000001311302185,323,2.4996378421783447,2.094660758972168,-0.40497708320617676,2.0947;2.0697;2.0618;2.0543;2.0519,6890;6880;6895;6885;6900,C;C;C;C;C,60,no_trade,in_position,0.0,,0.0,-1,154,6800.0,P,0.44350001215934753,0.021227240562438965,True,nan,nan,,0
2026-03-04,68,374798,6864.89990234375,0.33000001311302185,322,2.3294155597686768,2.188926935195923,-0.1404886245727539,2.1889;2.1875;2.1764;2.1472;2.1468,6880;6885;6875;6870;6890,C;C;C;C;C,70,no_trade,in_position,0.0,,0.0,-1,168,6835.0,P,0.24808824062347412,0.005843430757522583,True,nan,nan,,0
2026-03-04,69,374799,6860.990234375,0.33000001311302185,321,2.4787728786468506,2.2812538146972656,-0.19751906394958496,2.2813;2.2809;2.2645;2.2620;2.2209,6880;6875;6870;6885;6890,C;C;C;C;C,69,no_trade,cooldown,0.0,,0.0,-1,191,6895.0,C,0.56356281042099,0.0279998779296875,True,nan,nan,,0
2026-03-04,70,374800,6860.39990234375,0.33000001311302185,320,2.497467041015625,2.2773191928863525,-0.22014784812927246,2.2773;2.2616;2.2505;2.2278;2.1500,6880;6875;6885;6890;6895,C;C;C;C;C,61,no_trade,cooldown,0.0,,0.0,-1,185,6880.0,C,0.4898388087749481,0.003944754600524902,True,nan,nan,,0
2026-03-04,71,374801,6860.47021484375,0.33000001311302185,319,2.4180068969726562,2.1432762145996094,-0.2747306823730469,2.1433;2.1173;2.1129;2.0927;2.0616,6880;6875;6885;6890;6870,C;C;C;C;C,59,no_trade,gate,0.0,,0.0,-1,189,6890.0,C,0.5718181729316711,0.025568246841430664,True,nan,nan,,0
2026-03-04,72,374802,6859.5400390625,0.33000001311302185,318,2.43330454826355,2.109609365463257,-0.32369518280029297,2.1096;2.1034;2.0702;2.0515;2.0500,6880;6885;6890;6875;6870,C;C;C;C;C,62,no_trade,gate,0.0,,0.0,-1,191,6895.0,C,0.5157447457313538,0.029744774103164673,True,nan,nan,,0
2026-03-04,73,374803,6860.22998046875,0.33000001311302185,317,2.4189393520355225,2.3177852630615234,-0.10115408897399902,2.3178;2.2989;2.2624;2.2594;2.2483,6880;6885;6890;6870;6875,C;C;C;C;C,62,no_trade,gate,0.0,,0.0,-1,183,6875.0,C,0.5114474296569824,0.014498233795166016,True,nan,nan,,0
2026-03-04,74,374804,6859.4599609375,0.33000001311302185,316,2.3349757194519043,2.0196902751922607,-0.31528544425964355,2.0197;2.0077;2.0046;1.9360;1.9025,6885;6890;6880;6895;6900,C;C;C;C;C,54,no_trade,gate,0.0,,0.0,-1,191,6895.0,C,0.8081218600273132,0.0010849833488464355,True,nan,nan,,0
2026-03-04,75,374805,6854.72998046875,0.33000001311302185,315,2.4084527492523193,2.169766426086426,-0.23868632316589355,2.1698;2.1603;2.1402;2.1379;2.0975,6875;6880;6885;6870;6890,C;C;C;C;C,63,no_trade,gate,0.0,,0.0,-1,177,6860.0,C,0.40503761172294617,0.03296855092048645,True,nan,nan,,0
2026-03-04,76,374806,6856.47998046875,0.33000001311302185,314,2.55678129196167,2.315950870513916,-0.2408304214477539,2.3160;2.3044;2.2727;2.2711;2.2711,6885;6880;6870;6890;6875,C;C;C;C;C,61,no_trade,gate,0.0,,0.0,-1,177,6860.0,C,0.3802098035812378,0.008491218090057373,True,nan,nan,,0
2026-03-04,77,374807,6858.77001953125,0.33000001311302185,313,2.3252663612365723,2.123253583908081,-0.2020127773284912,2.1233;2.1096;2.0612;2.0448;2.0084,6880;6885;6890;6875;6895,C;C;C;C;C,58,no_trade,gate,0.0,,0.0,-1,189,6890.0,C,0.6244067549705505,0.08131581544876099,True,nan,nan,,0
2026-03-04,78,374808,6858.02001953125,0.33000001311302185,312,2.414055347442627,2.3007466793060303,-0.11330866813659668,2.3007;2.2992;2.2673;2.2542;2.2184,6880;6885;6875;6890;6870,C;C;C;C;C,63,no_trade,gate,0.0,,0.0,-1,177,6860.0,C,0.3675658106803894,0.006142944097518921,True,nan,nan,,0
2026-03-04,79,374809,6860.2998046875,0.33000001311302185,311,2.487746000289917,2.506979465484619,0.01923346519470215,2.5070;2.4954;2.4912;2.4632;2.4612,6880;6885;6875;6890;6870,C;C;C;C;C,63,trade,,6880.0,C,6.099999904632568,185,177,6860.0,C,0.3689090609550476,0.02736365795135498,True,0.29521735267062316,-0.07369170828442445,TAKE_PROFIT,8
2026-03-04,80,374810,6863.2099609375,0.33000001311302185,310,2.2634341716766357,2.073392391204834,-0.19004178047180176,2.0734;2.0544;2.0494;2.0039;1.9835,6885;6890;6880;6895;6900,C;C;C;C;C,59,no_trade,in_position,0.0,,0.0,-1,191,6895.0,C,0.5134544968605042,0.00856703519821167,True,nan,nan,,0
2026-03-04,81,374811,6863.2001953125,0.33000001311302185,309,2.3352060317993164,2.4116342067718506,0.07642817497253418,2.4116;2.4042;2.3989;2.3607;2.3270,6885;6880;6890;6895;6900,C;C;C;C;C,60,no_trade,in_position,0.0,,0.0,-1,193,6900.0,C,1.0427584648132324,0.006014347076416016,True,nan,nan,,0
2026-03-04,82,374812,6856.27001953125,0.33000001311302185,308,2.419306755065918,2.399115562438965,-0.020191192626953125,2.3991;2.3739;2.3491;2.3457;2.2891,6880;6875;6885;6870;6890,C;C;C;C;C,62,no_trade,in_position,0.0,,0.0,-1,187,6885.0,C,0.3382926881313324,0.009201884269714355,True,nan,nan,,0
2026-03-04,83,374813,6860.14990234375,0.33000001311302185,307,2.3715996742248535,2.37746262550354,0.0058629512786865234,2.3775;2.3431;2.3427;2.2861;2.2747,6880;6890;6885;6895;6900,C;C;C;C;C,54,no_trade,in_position,0.0,,0.0,-1,177,6860.0,C,0.2921302020549774,0.04079684615135193,True,nan,nan,,0
2026-03-04,84,374814,6864.5498046875,0.33000001311302185,306,2.173444986343384,2.545220136642456,0.37177515029907227,2.5452;2.5273;2.5233;2.4893;2.4661,6885;6890;6880;6895;6900,C;C;C;C;C,57,no_trade,in_position,0.0,,0.0,-1,177,6860.0,C,0.34948423504829407,0.009246230125427246,True,nan,nan,,0
2026-03-04,85,374815,6867.97021484375,0.33000001311302185,305,2.1665496826171875,2.311178684234619,0.14462900161743164,2.3112;2.3100;2.3065;2.2743;2.2483,6885;6890;6880;6895;6875,C;C;C;C;C,63,no_trade,in_position,0.0,,0.0,-1,195,6905.0,C,0.5145695805549622,0.007706761360168457,True,nan,nan,,0
2026-03-04,86,374816,6867.7099609375,0.33000001311302185,304,2.4133598804473877,2.5156772136688232,0.10231733322143555,2.5157;2.4970;2.4795;2.4729;2.4578,6890;6885;6895;6900;6880,C;C;C;C;C,63,no_trade,in_position,0.0,,0.0,-1,199,6915.0,C,0.3675675392150879,0.014428049325942993,True,nan,nan,,0
2026-03-04,87,374817,6870.6201171875,0.33000001311302185,303,2.277789831161499,2.454331398010254,0.17654156684875488,2.4543;2.4463;2.4278;2.4069;2.3994,6890;6900;6895;6885;6880,C;C;C;C;C,57,no_trade,in_position,0.0,,0.0,-1,162,6820.0,P,0.5813043713569641,0.012045085430145264,True,nan,nan,,0
2026-03-04,88,374818,6872.89013671875,0.33000001311302185,302,2.213054656982422,2.4203174114227295,0.20726275444030762,2.4203;2.4032;2.3988;2.3479;2.2983,6890;6900;6895;6885;6880,C;C;C;C;C,58,no_trade,in_position,0.0,,0.0,-1,178,6860.0,P,0.5827710032463074,0.011249244213104248,True,nan,nan,,0
2026-03-04,89,374819,6873.009765625,0.33000001311302185,301,2.339576482772827,2.3350167274475098,-0.004559755325317383,2.3350;2.3009;2.3003;2.2492;2.2049,6890;6895;6900;6885;6880,C;C;C;C;C,60,no_trade,gate,0.0,,0.0,-1,184,6875.0,P,0.6005468964576721,0.016429364681243896,True,nan,nan,,0
2026-03-04,90,374820,6875.16015625,0.33000001311302185,300,2.322777032852173,2.325092077255249,0.002315044403076172,2.3251;2.3197;2.3062;2.2832;2.2085,6890;6895;6900;6885;6880,C;C;C;C;C,58,trade,,6890.0,C,6.0,189,180,6865.0,P,0.6161176562309265,0.01935291290283203,True,-0.3770312592829577,-0.9931489155138842,STOP_LOSS,9
2026-03-04,91,374821,6876.5,0.33000001311302185,299,2.3766205310821533,2.2503750324249268,-0.12624549865722656,2.2504;2.2336;2.2046;2.1509;2.0970,6900;6895;6890;6905;6885,C;C;C;C;C,56,no_trade,in_position,0.0,,0.0,-1,174,6850.0,P,0.5483672618865967,0.008338212966918945,True,nan,nan,,0
2026-03-04,92,374822,6877.68017578125,0.33000001311302185,298,2.326785087585449,2.6302127838134766,0.30342769622802734,2.6302;2.6191;2.6138;2.5932;2.5641,6890;6895;6885;6900;6880,C;C;C;C;C,69,no_trade,in_position,0.0,,0.0,-1,168,6835.0,P,0.6116363406181335,0.006358623504638672,True,nan,nan,,0
2026-03-04,93,374823,6879.47998046875,0.33000001311302185,297,2.441709518432617,2.283804416656494,-0.15790510177612305,2.2838;2.2325;2.2312;2.1985;2.1124,6900;6895;6890;6905;6885,C;C;C;C;C,61,no_trade,in_position,0.0,,0.0,-1,162,6820.0,P,0.36157894134521484,0.0028789639472961426,True,nan,nan,,0
2026-03-04,94,374824,6877.25,0.33000001311302185,296,2.4135615825653076,2.2691640853881836,-0.14439749717712402,2.2692;2.2327;2.2223;2.1955;2.1475,6850;6890;6895;6900;6885,P;C;C;C;C,61,no_trade,in_position,0.0,,0.0,-1,162,6820.0,P,0.27302318811416626,0.005144357681274414,True,nan,nan,,0
2026-03-04,95,374825,6872.56005859375,0.33000001311302185,295,2.347311496734619,2.2528741359710693,-0.0944373607635498,2.2529;2.2184;2.2133;2.1949;2.1788,6890;6885;6900;6895;6880,C;C;C;C;C,63,no_trade,in_position,0.0,,0.0,-1,164,6825.0,P,0.7396396994590759,0.0153350830078125,True,nan,nan,,0
2026-03-04,96,374826,6874.97021484375,0.33000001311302185,294,2.4158337116241455,2.0504140853881836,-0.3654196262359619,2.0504;2.0297;2.0239;2.0218;2.0173,6890;6850;6900;6885;6895,C;P;C;C;C,54,no_trade,in_position,0.0,,0.0,-1,186,6880.0,P,0.3950536847114563,0.03987380862236023,True,nan,nan,,0
2026-03-04,97,374827,6873.169921875,0.33000001311302185,293,2.2591376304626465,2.097961664199829,-0.16117596626281738,2.0980;2.0252;1.9918;1.9857;1.9721,6850;6870;6885;6890;6880,P;P;C;C;C,56,no_trade,in_position,0.0,,0.0,-1,180,6865.0,P,0.4349999725818634,0.0018749833106994629,True,nan,nan,,0
2026-03-04,98,374828,6872.06982421875,0.33000001311302185,292,2.3188421726226807,2.167534112930298,-0.1513080596923828,2.1675;2.1196;2.1125;2.0492;1.9805,6850;6845;6860;6870;6830,P;P;P;P;P,55,no_trade,in_position,0.0,,0.0,-1,172,6845.0,P,0.4582352936267853,0.0066352784633636475,True,nan,nan,,0
2026-03-04,99,374829,6871.0400390625,0.33000001311302185,291,2.2596988677978516,2.1773083209991455,-0.08239054679870605,2.1773;1.9465;1.9426;1.9384;1.9227,6850;6860;6870;6840;6890,P;P;P;P;C,58,no_trade,in_position,0.0,,0.0,-1,186,6880.0,P,0.3191073536872864,0.033164650201797485,True,nan,nan,,0
2026-03-04,100,374830,6868.0,0.33000001311302185,290,2.307352066040039,2.1513664722442627,-0.15598559379577637,2.1514;2.1370;2.1118;2.1111;2.0421,6880;6885;6875;6890;6895,C;C;C;C;C,60,no_trade,in_position,0.0,,0.0,-1,160,6815.0,P,0.31584906578063965,0.02820199728012085,True,nan,nan,,0
2026-03-04,101,374831,6865.1201171875,0.33000001311302185,289,2.3568146228790283,2.1269943714141846,-0.22982025146484375,2.1270;2.0789;2.0164;1.9960;1.9740,6850;6840;6830;6845;6835,P;P;P;P;P,60,no_trade,cooldown,0.0,,0.0,-1,181,6870.0,C,0.647853672504425,0.008483529090881348,True,nan,nan,,0
2026-03-04,102,374832,6860.419921875,0.33000001311302185,288,2.3506956100463867,2.1810057163238525,-0.16968989372253418,2.1810;2.1467;2.0878;2.0861;2.0692,6830;6825;6850;6835;6840,P;P;P;P;P,67,no_trade,cooldown,0.0,,0.0,-1,183,6875.0,C,0.49559998512268066,0.013271301984786987,True,nan,nan,,0
2026-03-04,103,374833,6859.77001953125,0.33000001311302185,287,2.447821617126465,2.173553228378296,-0.27426838874816895,2.1736;2.1734;2.1515;2.1457;2.1096,6830;6880;6885;6890;6875,P;C;C;C;C,65,no_trade,gate,0.0,,0.0,-1,177,6860.0,C,0.49565520882606506,0.0024011433124542236,True,nan,nan,,0
2026-03-04,104,374834,6860.22998046875,0.33000001311302185,286,2.5705885887145996,2.4420101642608643,-0.12857842445373535,2.4420;2.4071;2.3969;2.3851;2.3223,6880;6885;6875;6890;6870,C;C;C;C;C,62,no_trade,gate,0.0,,0.0,-1,181,6870.0,C,0.4472571611404419,0.001820892095565796,True,nan,nan,,0
