fold_id,evidence_grade,split,gate,strategy,v_sel_n,v_sel_mean,v_sel_winsor600_mean,v_sel_trim10_mean,v_sel_median,v_sel_share_positive,v_sel_sum,v_sel_top5pct_contribution_share,v_sel_mean_without_top_session,v_sel_winsor600_mean_boot_ci_low,v_sel_winsor600_mean_boot_ci_high,return_on_premium_mean,return_on_premium_median,stratum_key,stratum_value
march2026_current_split,provisional_current_march_splits_only,validation,put_near_after_0940_vwap_m2_10,all_gated_parallel,212,22.264150943396228,11.367924528301886,-1.7058823529411764,-45.0,0.4386792452830189,4720.0,1.9067796610169492,-3.763440860215054,-76.50641822894848,104.28620144778778,0.048999511246027444,-0.045620058814882514,gate_age,gate_age_4_10
march2026_current_split,provisional_current_march_splits_only,validation,put_near_after_0940_vwap_m2_10,all_gated_parallel,166,16.927710843373493,-10.542168674698795,-16.940298507462686,-60.0,0.3674698795180723,2810.0,3.170818505338078,-27.36111111111111,-113.062379799131,92.16898148148147,0.02252992715407375,-0.1,gate_age,gate_age_2_3
march2026_current_split,provisional_current_march_splits_only,validation,put_near_after_0940_vwap_m2_10,all_gated_parallel,174,47.5,44.741379310344826,13.821428571428571,-35.0,0.3735632183908046,8265.0,0.7090139140955838,1.78125,-53.333333333333336,268.52941176470586,-0.04376976296951887,-0.15192307692307694,gate_age,gate_age_gt_10
march2026_current_split,provisional_current_march_splits_only,validation,put_near_after_0940_vwap_m2_10,all_gated_parallel,143,-8.776223776223777,-31.713286713286713,-47.0,-95.0,0.35664335664335667,-1255.0,-6.063745019920319,-35.96,-111.82326897060632,57.57044057377047,-0.024049467783227776,-0.14285714934472354,gate_age,gate_age_1
march2026_current_split,provisional_current_march_splits_only,validation,put_near_after_0940_vwap_m2_10,all_gated_parallel,211,17.511848341232227,8.554502369668246,-9.023668639053254,-50.0,0.4218009478672986,3695.0,2.257104194857916,-8.172413793103448,-70.00354609929077,69.1093029953917,0.02218525510762939,-0.0638297898243758,time_bucket,midday_1130_1329
march2026_current_split,provisional_current_march_splits_only,validation,put_near_after_0940_vwap_m2_10,all_gated_parallel,68,33.529411764705884,-16.470588235294116,-9.107142857142858,-90.0,0.4117647058823529,2280.0,2.1096491228070176,-9.696969696969697,-211.53171992481202,229.5976063829787,0.008547517465117916,-0.06926707986234393,time_bucket,open_0931_0959
march2026_current_split,provisional_current_march_splits_only,validation,put_near_after_0940_vwap_m2_10,all_gated_parallel,164,67.6219512195122,35.426829268292686,48.10606060606061,-45.0,0.42073170731707316,11090.0,0.806131650135257,-0.24,-153.9564255189255,171.03478426880488,0.062170198587745876,-0.042357687026162244,time_bucket,morning_1000_1129
march2026_current_split,provisional_current_march_splits_only,validation,put_near_after_0940_vwap_m2_10,all_gated_parallel,194,-13.556701030927835,-13.8659793814433,-40.80128205128205,-50.0,0.31958762886597936,-2630.0,-1.870722433460076,-38.44827586206897,-73.0901287553648,147.9338662790697,-0.07994872982509106,-0.21169441182891868,time_bucket,afternoon_1330_1459
march2026_current_split,provisional_current_march_splits_only,validation,put_near_after_0940_vwap_m2_10,all_gated_parallel,58,1.8103448275862069,1.8103448275862069,-6.875,-35.0,0.3793103448275862,105.0,6.857142857142857,-7.0,-37.765957446808514,27.77777777777778,0.05387366628234011,-0.35714286322496386,time_bucket,late_1500_1530
march2026_current_split,provisional_current_march_splits_only,validation,put_near_after_0940_vwap_m2_10,all_gated_parallel,384,46.848958333333336,25.078125,18.181818181818183,-40.0,0.4244791666666667,17990.0,1.0617009449694275,10.616883116883116,-69.09293611793612,119.86200893907315,0.0327451189591225,-0.07378393536010515,momentum5_side,mom5_pos
march2026_current_split,provisional_current_march_splits_only,validation,put_near_after_0940_vwap_m2_10,all_gated_parallel,311,-11.093247588424438,-18.392282958199356,-35.94377510040161,-50.0,0.3440514469453376,-3450.0,-3.5652173913043477,-41.149825783972126,-96.71058751995135,90.32246671774733,-0.030550720380279214,-0.13698629779067634,momentum5_side,mom5_neg
march2026_current_split,provisional_current_march_splits_only,validation,put_near_after_0940_vwap_m2_10,all_gated_parallel,381,23.74015748031496,14.133858267716535,5.852459016393443,-35.0,0.4146981627296588,9045.0,1.773355444997236,-8.37171052631579,-102.78478422619047,108.01968492406651,0.02598944036563793,-0.07272727272727272,momentum15_side,mom15_pos
march2026_current_split,provisional_current_march_splits_only,validation,put_near_after_0940_vwap_m2_10,all_gated_parallel,28,210.71428571428572,101.78571428571429,169.58333333333334,55.0,0.5,5900.0,0.49491525423728816,126.52173913043478,-147.89219858156028,390.7001915708812,0.11865344711146394,0.026623460394347643,momentum15_side,mom15_flat
march2026_current_split,provisional_current_march_splits_only,validation,put_near_after_0940_vwap_m2_10,all_gated_parallel,286,-1.416083916083916,-15.122377622377622,-36.108695652173914,-60.0,0.34265734265734266,-405.0,-31.530864197530864,-29.35185185185185,-73.58408167229477,102.95698507462684,-0.03549448131605885,-0.19419306132213668,momentum15_side,mom15_neg
march2026_current_split,provisional_current_march_splits_only,validation,put_near_after_0940_vwap_m2_10,all_gated_parallel,490,6.316326530612245,-6.357142857142857,-21.339285714285715,-50.0,0.3673469387755102,3095.0,6.9176090468497575,-30.576470588235296,-102.13581497552055,115.70270532741397,-0.010637669641739976,-0.13515981556200485,vwap_gap_bucket,vwap_gap_2_10
march2026_current_split,provisional_current_march_splits_only,validation,put_near_after_0940_vwap_m2_10,all_gated_parallel,98,43.87755102040816,15.510204081632653,7.0,-50.0,0.42857142857142855,4300.0,1.2232558139534884,-1.6666666666666667,-75.94285869722907,127.1077425373134,0.04450344214953554,-0.08577454392981625,vwap_gap_bucket,vwap_gap_m2_0
march2026_current_split,provisional_current_march_splits_only,validation,put_near_after_0940_vwap_m2_10,all_gated_parallel,107,66.77570093457943,51.44859813084112,49.252873563218394,-20.0,0.4485981308411215,7145.0,0.7109867039888034,26.686046511627907,-26.349056603773587,159.2393292682926,0.03667263958723657,-0.02702702667871647,vwap_gap_bucket,vwap_gap_0_2
march2026_current_split,provisional_current_march_splits_only,validation,put_near_after_0940_vwap_m2_10,all_gated_parallel,239,1.7364016736401673,1.4435146443514644,-24.844559585492227,-50.0,0.3891213389121339,415.0,14.506024096385541,-25.218446601941746,-78.1205671293077,92.43963533142387,-0.015257900284337945,-0.1111111111111111,premium_bucket,premium_3_7_5
march2026_current_split,provisional_current_march_splits_only,validation,put_near_after_0940_vwap_m2_10,all_gated_parallel,54,3.3333333333333335,-40.74074074074074,-42.5,-65.0,0.46296296296296297,180.0,22.11111111111111,-69.52380952380952,-247.68097083794757,152.88690476190465,0.007005629300952908,-0.04037266985087259,premium_bucket,premium_gte_15
march2026_current_split,provisional_current_march_splits_only,validation,put_near_after_0940_vwap_m2_10,all_gated_parallel,279,58.27956989247312,28.96057347670251,31.511111111111113,-60.0,0.4229390681003584,16260.0,0.7853628536285363,12.851063829787234,-94.95468687049555,127.80966887218939,0.058994927295176816,-0.052631578192580686,premium_bucket,premium_7_5_15
march2026_current_split,provisional_current_march_splits_only,validation,put_near_after_0940_vwap_m2_10,all_gated_parallel,123,-18.821138211382113,-18.821138211382113,-28.232323232323232,-40.0,0.2764227642276423,-2315.0,-0.591792656587473,-20.5327868852459,-31.40549313358302,10.164843749999992,-0.08226340559034806,-0.32258065508506084,premium_bucket,premium_lt_3
march2026_current_split,provisional_current_march_splits_only,validation,put_near_after_0940_vwap_m2_10,gate_first_eligible,20,-11.5,-85.5,-83.125,-180.0,0.3,-230.0,-5.913043478260869,-67.77777777777777,-252.50694444444446,54.01249999999999,-0.028098397875903302,-0.09830826012334898,gate_age,gate_age_1
march2026_current_split,provisional_current_march_splits_only,validation,put_near_after_0940_vwap_m2_10,gate_first_eligible,3,-86.66666666666667,-46.666666666666664,-86.66666666666667,-20.0,0.3333333333333333,-260.0,-1.8461538461538463,-370.0,-600.0,480.0,-0.05313967585991931,-0.015151515370448652,gate_age,gate_age_2_3
march2026_current_split,provisional_current_march_splits_only,validation,put_near_after_0940_vwap_m2_10,gate_first_eligible,9,-75.55555555555556,-125.55555555555556,-75.55555555555556,-130.0,0.2222222222222222,-680.0,-1.5441176470588236,-181.66666666666666,-310.0,35.56249999999999,-0.08557063069161057,-0.09701492813494464,time_bucket,morning_1000_1129
march2026_current_split,provisional_current_march_splits_only,validation,put_near_after_0940_vwap_m2_10,gate_first_eligible,14,13.571428571428571,-51.42857142857143,-34.166666666666664,-175.0,0.35714285714285715,190.0,7.157894736842105,-90.0,-262.3607843137255,202.02692307692305,0.003482049366190779,-0.08706787591822057,time_bucket,open_0931_0959
march2026_current_split,provisional_current_march_splits_only,validation,put_near_after_0940_vwap_m2_10,gate_first_eligible,19,45.78947368421053,-25.789473684210527,15.882352941176471,-130.0,0.3684210526315789,870.0,1.5632183908045978,-7.0588235294117645,-218.73125,121.51684782608694,0.019951031231497208,-0.07453415972468785,momentum5_side,mom5_pos
march2026_current_split,provisional_current_march_splits_only,validation,put_near_after_0940_vwap_m2_10,gate_first_eligible,4,-340.0,-340.0,-340.0,-415.0,0.0,-1360.0,0.014705882352941176,-446.6666666666667,-470.0,-122.5,-0.27511414462406775,-0.35889184480653763,momentum5_side,mom5_neg
march2026_current_split,provisional_current_march_splits_only,validation,put_near_after_0940_vwap_m2_10,gate_first_eligible,5,-200.0,-176.0,-200.0,-130.0,0.2,-1000.0,-0.34,-335.0,-414.0,106.0,-0.12213552641310663,-0.07453415972468785,momentum15_side,mom15_neg
march2026_current_split,provisional_current_march_splits_only,validation,put_near_after_0940_vwap_m2_10,gate_first_eligible,8,238.75,90.0,238.75,75.0,0.5,1910.0,0.7120418848167539,78.57142857142857,-208.9375,387.5,0.13113563841370887,0.04867415073063276,momentum15_side,mom15_flat
march2026_current_split,provisional_current_march_splits_only,validation,put_near_after_0940_vwap_m2_10,gate_first_eligible,10,-140.0,-169.0,-211.25,-300.0,0.2,-1400.0,-0.75,-242.5,-360.0,28.333333333333332,-0.11597944603419619,-0.2779624914518401,momentum15_side,mom15_pos
march2026_current_split,provisional_current_march_splits_only,validation,put_near_after_0940_vwap_m2_10,gate_first_eligible,5,408.0,302.0,408.0,480.0,0.8,2040.0,0.5147058823529411,406.6666666666667,45.0,600.0,0.2694517052489327,0.30573248779069073,vwap_gap_bucket,vwap_gap_0_2
march2026_current_split,provisional_current_march_splits_only,validation,put_near_after_0940_vwap_m2_10,gate_first_eligible,7,-212.85714285714286,-212.85714285714286,-212.85714285714286,-130.0,0.0,-1490.0,0.040268456375838924,-238.33333333333334,-328.375,-122.82738095238098,-0.13922608652676027,-0.09701492813494464,vwap_gap_bucket,vwap_gap_m2_0
march2026_current_split,provisional_current_march_splits_only,validation,put_near_after_0940_vwap_m2_10,gate_first_eligible,11,-94.54545454545455,-170.0,-182.22222222222223,-370.0,0.2727272727272727,-1040.0,-1.3076923076923077,-225.55555555555554,-364.5984848484849,50.92482517482516,-0.0994602641504696,-0.33043478260869563,vwap_gap_bucket,vwap_gap_2_10
march2026_current_split,provisional_current_march_splits_only,validation,put_near_after_0940_vwap_m2_10,gate_first_eligible,14,102.14285714285714,10.714285714285714,69.16666666666667,-90.0,0.42857142857142855,1430.0,0.951048951048951,5.384615384615385,-257.53977272727275,221.80987394957978,0.06412814504253081,-0.055150395428933185,premium_bucket,premium_gte_15
march2026_current_split,provisional_current_march_splits_only,validation,put_near_after_0940_vwap_m2_10,gate_first_eligible,9,-213.33333333333334,-222.22222222222223,-213.33333333333334,-370.0,0.1111111111111111,-1920.0,-0.3541666666666667,-345.0,-407.14285714285717,-61.950000000000045,-0.17990900174369504,-0.35087720472359923,premium_bucket,premium_7_5_15
march2026_current_split,provisional_current_march_splits_only,validation,put_near_after_0940_vwap_m2_10,slot_schedule_3win,20,-5.75,-83.25,-80.3125,-207.5,0.3,-115.0,-11.826086956521738,-61.388888888888886,-257.5138888888889,57.76435406698561,-0.07656583637737946,-0.23185249611606923,gate_age,gate_age_1
march2026_current_split,provisional_current_march_splits_only,validation,put_near_after_0940_vwap_m2_10,slot_schedule_3win,1,-10.0,-10.0,-10.0,-10.0,0.0,-10.0,1.0,-10.0,-10.0,-10.0,-0.014492753422878743,-0.014492753422878743,gate_age,gate_age_2_3
march2026_current_split,provisional_current_march_splits_only,validation,put_near_after_0940_vwap_m2_10,slot_schedule_3win,1,800.0,600.0,800.0,800.0,1.0,800.0,1.0,800.0,600.0,600.0,0.7339449798144763,0.7339449798144763,gate_age,gate_age_4_10
march2026_current_split,provisional_current_march_splits_only,validation,put_near_after_0940_vwap_m2_10,slot_schedule_3win,9,171.11111111111111,38.888888888888886,171.11111111111111,-60.0,0.4444444444444444,1540.0,0.8831168831168831,22.5,-238.02777777777777,334.44444444444446,0.09149726066270539,-0.03726707986234393,time_bucket,open_0931_0959
march2026_current_split,provisional_current_march_splits_only,validation,put_near_after_0940_vwap_m2_10,slot_schedule_3win,4,-162.5,-162.5,-162.5,-155.0,0.0,-650.0,0.015384615384615385,-213.33333333333334,-285.0,-80.0,-0.22289974779038257,-0.24212453852033092,time_bucket,midday_1130_1329
march2026_current_split,provisional_current_march_splits_only,validation,put_near_after_0940_vwap_m2_10,slot_schedule_3win,8,-2.5,-72.5,-2.5,-275.0,0.375,-20.0,-52.5,-117.14285714285714,-348.57142857142856,180.0,-0.030467608523175416,-0.27799589300200905,time_bucket,morning_1000_1129
march2026_current_split,provisional_current_march_splits_only,validation,put_near_after_0940_vwap_m2_10,slot_schedule_3win,1,-195.0,-195.0,-195.0,-195.0,0.0,-195.0,1.0,-195.0,-195.0,-195.0,-0.4999999877734065,-0.4999999877734065,time_bucket,afternoon_1330_1459
march2026_current_split,provisional_current_march_splits_only,validation,put_near_after_0940_vwap_m2_10,slot_schedule_3win,15,145.33333333333334,36.0,105.38461538461539,-60.0,0.4,2180.0,0.6238532110091743,80.71428571428571,-157.5625,177.34230769230768,0.05220666693069565,-0.03726707986234393,momentum5_side,mom5_pos
march2026_current_split,provisional_current_march_splits_only,validation,put_near_after_0940_vwap_m2_10,slot_schedule_3win,7,-215.0,-230.71428571428572,-215.0,-330.0,0.14285714285714285,-1505.0,-0.53156146179402,-375.0,-442.5,-35.0,-0.2278520721594895,-0.36752137351274694,momentum5_side,mom5_neg
march2026_current_split,provisional_current_march_splits_only,validation,put_near_after_0940_vwap_m2_10,slot_schedule_3win,8,238.75,90.0,238.75,75.0,0.5,1910.0,0.7120418848167539,78.57142857142857,-208.9375,387.5,0.13113563841370887,0.04867415073063276,momentum15_side,mom15_flat
march2026_current_split,provisional_current_march_splits_only,validation,put_near_after_0940_vwap_m2_10,slot_schedule_3win,6,-344.1666666666667,-329.1666666666667,-344.1666666666667,-330.0,0.0,-2065.0,0.07263922518159806,-383.0,-456.0,-204.0,-0.36882475809533205,-0.397648097224553,momentum15_side,mom15_neg
march2026_current_split,provisional_current_march_splits_only,validation,put_near_after_0940_vwap_m2_10,slot_schedule_3win,8,103.75,22.5,103.75,-85.0,0.375,830.0,1.2650602409638554,31.666666666666668,-173.46428571428572,183.75,0.04399986751329119,-0.10207395979990039,momentum15_side,mom15_pos
march2026_current_split,provisional_current_march_splits_only,validation,put_near_after_0940_vwap_m2_10,slot_schedule_3win,6,-276.6666666666667,-276.6666666666667,-276.6666666666667,-290.0,0.0,-1660.0,0.03614457831325301,-320.0,-373.3333333333333,-176.66666666666666,-0.2187520222845131,-0.20763246376112243,vwap_gap_bucket,vwap_gap_m2_0
march2026_current_split,provisional_current_march_splits_only,validation,put_near_after_0940_vwap_m2_10,slot_schedule_3win,6,60.0,-13.333333333333334,60.0,-85.0,0.3333333333333333,360.0,2.9166666666666665,-77.5,-380.0,230.0,0.019072010793317728,-0.13032329978836246,vwap_gap_bucket,vwap_gap_0_2
march2026_current_split,provisional_current_march_splits_only,validation,put_near_after_0940_vwap_m2_10,slot_schedule_3win,10,197.5,66.5,145.625,30.0,0.5,1975.0,0.6886075949367089,96.875,-185.01388888888889,262.08680555555554,0.038621556779118056,-0.05173992478160311,vwap_gap_bucket,vwap_gap_2_10
march2026_current_split,provisional_current_march_splits_only,validation,put_near_after_0940_vwap_m2_10,slot_schedule_3win,10,190.0,43.0,153.75,75.0,0.5,1900.0,0.7157894736842105,60.0,-259.1886363636363,359.025,0.09989656527783772,0.04867415073063276,premium_bucket,premium_gte_15
march2026_current_split,provisional_current_march_splits_only,validation,put_near_after_0940_vwap_m2_10,slot_schedule_3win,8,-88.75,-123.75,-88.75,-330.0,0.25,-710.0,-1.1267605633802817,-195.0,-396.6666666666667,65.0,-0.10151104196217775,-0.36662155235828603,premium_bucket,premium_7_5_15
march2026_current_split,provisional_current_march_splits_only,validation,put_near_after_0940_vwap_m2_10,slot_schedule_3win,4,-128.75,-128.75,-128.75,-155.0,0.0,-515.0,0.019417475728155338,-168.33333333333334,-177.5,-47.5,-0.24968545455923674,-0.24212453852033092,premium_bucket,premium_3_7_5
march2026_current_split,provisional_current_march_splits_only,validation,put_near_after_0940_vwap_m2_10,attempt131_serial,13,15.384615384615385,-47.69230769230769,-49.09090909090909,-60.0,0.46153846153846156,200.0,6.8,-96.66666666666667,-284.1875,180.0714285714285,0.0038311951044264127,-0.03726707986234393,gate_age,gate_age_1
march2026_current_split,provisional_current_march_splits_only,validation,put_near_after_0940_vwap_m2_10,attempt131_serial,7,228.57142857142858,141.42857142857142,228.57142857142858,-40.0,0.42857142857142855,1600.0,0.5875,2.0,-248.0,508.57142857142856,0.1605532871481896,-0.04123711421292323,gate_age,gate_age_2_3
march2026_current_split,provisional_current_march_splits_only,validation,put_near_after_0940_vwap_m2_10,attempt131_serial,1,590.0,590.0,590.0,590.0,1.0,590.0,1.0,590.0,590.0,590.0,0.49166666666666664,0.49166666666666664,gate_age,gate_age_gt_10
march2026_current_split,provisional_current_march_splits_only,validation,put_near_after_0940_vwap_m2_10,attempt131_serial,10,28.0,12.0,25.0,-85.0,0.4,280.0,2.5,-46.666666666666664,-262.5,226.0,0.06015358959435728,-0.057135412604222835,time_bucket,morning_1000_1129
march2026_current_split,provisional_current_march_splits_only,validation,put_near_after_0940_vwap_m2_10,attempt131_serial,11,191.8181818181818,76.36363636363636,163.33333333333334,40.0,0.5454545454545454,2110.0,0.6445497630331753,75.0,-113.41666666666666,341.0,0.09670993791981491,0.021978021056708825,time_bucket,open_0931_0959
march2026_current_split,provisional_current_march_splits_only,validation,put_near_after_0940_vwap_m2_10,attempt131_serial,17,208.23529411764707,122.94117647058823,193.33333333333334,50.0,0.5882352941176471,3540.0,0.384180790960452,152.85714285714286,-70.05,280.015625,0.1426057971856069,0.037878788426121635,momentum5_side,mom5_pos
march2026_current_split,provisional_current_march_splits_only,validation,put_near_after_0940_vwap_m2_10,attempt131_serial,4,-287.5,-282.5,-287.5,-245.0,0.0,-1150.0,0.034782608695652174,-363.3333333333333,-600.0,-60.0,-0.18973833477344507,-0.17509742568405504,momentum5_side,mom5_neg
march2026_current_split,provisional_current_march_splits_only,validation,put_near_after_0940_vwap_m2_10,attempt131_serial,6,-76.66666666666667,-56.666666666666664,-76.66666666666667,0.0,0.5,-460.0,-0.7391304347826086,-210.0,-358.0,132.5,-0.04865233595426921,-0.009629546578107204,momentum15_side,mom15_neg
march2026_current_split,provisional_current_march_splits_only,validation,put_near_after_0940_vwap_m2_10,attempt131_serial,7,400.0,201.42857142857142,400.0,210.0,0.5714285714285714,2800.0,0.4857142857142857,240.0,-85.71428571428571,498.57142857142856,0.21410408975897147,0.13461538132360945,momentum15_side,mom15_flat
march2026_current_split,provisional_current_march_splits_only,validation,put_near_after_0940_vwap_m2_10,attempt131_serial,8,6.25,-13.75,6.25,-95.0,0.375,50.0,14.0,-98.33333333333333,-385.0,209.0,0.05731632505929398,-0.0708955244063057,momentum15_side,mom15_pos
march2026_current_split,provisional_current_march_splits_only,validation,put_near_after_0940_vwap_m2_10,attempt131_serial,3,363.3333333333333,330.0,363.3333333333333,340.0,1.0,1090.0,0.6422018348623854,195.0,50.0,600.0,0.29558080826325267,0.2125,vwap_gap_bucket,vwap_gap_0_2
march2026_current_split,provisional_current_march_splits_only,validation,put_near_after_0940_vwap_m2_10,attempt131_serial,6,-128.33333333333334,-128.33333333333334,-128.33333333333334,-95.0,0.16666666666666666,-770.0,-0.05194805194805195,-187.5,-290.15,-31.428571428571427,-0.0996058653544193,-0.0589049158365946,vwap_gap_bucket,vwap_gap_m2_0
march2026_current_split,provisional_current_march_splits_only,validation,put_near_after_0940_vwap_m2_10,attempt131_serial,12,172.5,61.666666666666664,143.0,85.0,0.5,2070.0,0.6570048309178744,54.0,-268.8916666666667,310.9280303030303,0.11468649836652456,0.04668913355534311,vwap_gap_bucket,vwap_gap_2_10
march2026_current_split,provisional_current_march_splits_only,validation,put_near_after_0940_vwap_m2_10,attempt131_serial,10,74.0,-20.0,12.5,-10.0,0.5,740.0,1.837837837837838,-68.88888888888889,-312.30555555555554,257.1758241758242,0.03661162384021105,-0.007644529402817551,premium_bucket,premium_gte_15
march2026_current_split,provisional_current_march_splits_only,validation,put_near_after_0940_vwap_m2_10,attempt131_serial,11,150.0,105.45454545454545,141.11111111111111,-40.0,0.45454545454545453,1650.0,0.5393939393939394,71.25,-93.0,212.69090909090906,0.11811172496903875,-0.04123711421292323,premium_bucket,premium_7_5_15
march2026_current_split,provisional_current_march_splits_only,validation,put_near_after_0940_vwap_m2_10,attempt131_topk_parallel,10,-9.0,-58.0,-47.5,-270.0,0.3,-90.0,-8.555555555555555,-185.71428571428572,-368.1333333333333,280.8464285714285,-0.042309132687971464,-0.3472136780700305,gate_age,gate_age_2_3
march2026_current_split,provisional_current_march_splits_only,validation,put_near_after_0940_vwap_m2_10,attempt131_topk_parallel,6,392.5,249.16666666666666,392.5,225.0,0.6666666666666666,2355.0,0.5774946921443737,199.0,0.8333333333333334,490.0,0.1963407677921749,0.21487505180905495,gate_age,gate_age_1
march2026_current_split,provisional_current_march_splits_only,validation,put_near_after_0940_vwap_m2_10,attempt131_topk_parallel,5,-262.0,-262.0,-262.0,-300.0,0.0,-1310.0,0.022900763358778626,-320.0,-376.6666666666667,-30.0,-0.23585773406200486,-0.19867549166962348,gate_age,gate_age_4_10
march2026_current_split,provisional_current_march_splits_only,validation,put_near_after_0940_vwap_m2_10,attempt131_topk_parallel,2,-77.5,-77.5,-77.5,-77.5,0.0,-155.0,0.3870967741935484,-77.5,-77.5,-77.5,-0.431707322462764,-0.431707322462764,time_bucket,late_1500_1530
march2026_current_split,provisional_current_march_splits_only,validation,put_near_after_0940_vwap_m2_10,attempt131_topk_parallel,5,76.0,-76.0,76.0,-60.0,0.2,380.0,3.5789473684210527,-245.0,-385.7142857142857,435.0,-0.031847981909566656,-0.03726707986234393,time_bucket,open_0931_0959
march2026_current_split,provisional_current_march_splits_only,validation,put_near_after_0940_vwap_m2_10,attempt131_topk_parallel,4,-125.0,-125.0,-125.0,-190.0,0.25,-500.0,-0.82,-303.3333333333333,-530.0,410.0,-0.1831117627322786,-0.37182539129893966,time_bucket,midday_1130_1329
march2026_current_split,provisional_current_march_splits_only,validation,put_near_after_0940_vwap_m2_10,attempt131_topk_parallel,10,123.0,64.0,115.0,-130.0,0.5,1230.0,0.6260162601626016,-30.0,-323.8229166666667,374.44444444444446,0.13307662149657862,-0.08011978173921713,time_bucket,morning_1000_1129
march2026_current_split,provisional_current_march_splits_only,validation,put_near_after_0940_vwap_m2_10,attempt131_topk_parallel,7,137.14285714285714,91.42857142857143,137.14285714285714,-60.0,0.42857142857142855,960.0,0.8020833333333334,-112.0,-275.0,451.42857142857144,0.03566437779961305,-0.3650793540264507,momentum5_side,mom5_neg
march2026_current_split,provisional_current_march_splits_only,validation,put_near_after_0940_vwap_m2_10,attempt131_topk_parallel,14,-0.35714285714285715,-73.92857142857143,-73.75,-197.5,0.2857142857142857,-5.0,-272.0,-131.36363636363637,-308.14705882352945,199.00081168831161,-0.04814185964528435,-0.1913622900194225,momentum5_side,mom5_pos
march2026_current_split,provisional_current_march_splits_only,validation,put_near_after_0940_vwap_m2_10,attempt131_topk_parallel,11,-88.63636363636364,-113.18181818181819,-135.0,-300.0,0.2727272727272727,-975.0,-0.7897435897435897,-271.6666666666667,-359.21527777777777,270.39772727272725,-0.11757432309614325,-0.24409449185490784,momentum15_side,mom15_pos
march2026_current_split,provisional_current_march_splits_only,validation,put_near_after_0940_vwap_m2_10,attempt131_topk_parallel,5,76.0,-76.0,76.0,-60.0,0.2,380.0,3.5789473684210527,-245.0,-385.7142857142857,435.0,-0.031847981909566656,-0.03726707986234393,momentum15_side,mom15_flat
march2026_current_split,provisional_current_march_splits_only,validation,put_near_after_0940_vwap_m2_10,attempt131_topk_parallel,5,310.0,246.0,310.0,410.0,0.6,1550.0,0.4967741935483871,10.0,-190.0,600.0,0.205644414633744,0.40594057872732264,momentum15_side,mom15_neg
march2026_current_split,provisional_current_march_splits_only,validation,put_near_after_0940_vwap_m2_10,attempt131_topk_parallel,15,-72.33333333333333,-134.33333333333334,-151.15384615384616,-230.0,0.2,-1085.0,-1.2534562211981566,-174.64285714285714,-303.5411764705882,83.89583333333329,-0.16219325284135214,-0.344,vwap_gap_bucket,vwap_gap_2_10
march2026_current_split,provisional_current_march_splits_only,validation,put_near_after_0940_vwap_m2_10,attempt131_topk_parallel,3,373.3333333333333,316.6666666666667,373.3333333333333,410.0,0.6666666666666666,1120.0,0.6875,175.0,-60.0,600.0,0.3583651806454707,0.40594057872732264,vwap_gap_bucket,vwap_gap_m2_0
march2026_current_split,provisional_current_march_splits_only,validation,put_near_after_0940_vwap_m2_10,attempt131_topk_parallel,3,306.6666666666667,223.33333333333334,306.6666666666667,700.0,0.6666666666666666,920.0,0.8152173913043478,85.0,-530.0,600.0,0.3111559534157267,0.6363636363636364,vwap_gap_bucket,vwap_gap_0_2
march2026_current_split,provisional_current_march_splits_only,validation,put_near_after_0940_vwap_m2_10,attempt131_topk_parallel,2,-77.5,-77.5,-77.5,-77.5,0.0,-155.0,0.3870967741935484,-77.5,-77.5,-77.5,-0.431707322462764,-0.431707322462764,premium_bucket,premium_lt_3
march2026_current_split,provisional_current_march_splits_only,validation,put_near_after_0940_vwap_m2_10,attempt131_topk_parallel,5,148.0,-4.0,148.0,-60.0,0.4,740.0,1.837837837837838,-155.0,-251.42857142857142,435.0,0.04328609130975468,-0.03726707986234393,premium_bucket,premium_gte_15
march2026_current_split,provisional_current_march_splits_only,validation,put_near_after_0940_vwap_m2_10,attempt131_topk_parallel,2,-190.0,-190.0,-190.0,-190.0,0.0,-380.0,0.39473684210526316,-190.0,-190.0,-190.0,-0.37990810054250423,-0.37990810054250423,premium_bucket,premium_3_7_5
march2026_current_split,provisional_current_march_splits_only,validation,put_near_after_0940_vwap_m2_10,attempt131_topk_parallel,12,62.5,13.333333333333334,51.0,-170.0,0.4166666666666667,750.0,1.0266666666666666,-76.66666666666667,-368.8888888888889,293.3333333333333,0.08187208325208943,-0.1336751532480504,premium_bucket,premium_7_5_15
march2026_current_split,provisional_current_march_splits_only,diagnostic_test,put_near_after_0940_vwap_m2_10,all_gated_parallel,197,-23.65482233502538,-25.83756345177665,-32.264150943396224,-50.0,0.41116751269035534,-4660.0,-1.5343347639484979,-45.87570621468927,-87.80580357142857,48.600518126082896,-0.007682315796845402,-0.06422018573376667,gate_age,gate_age_2_3
march2026_current_split,provisional_current_march_splits_only,diagnostic_test,put_near_after_0940_vwap_m2_10,all_gated_parallel,295,35.16949152542373,26.627118644067796,16.518987341772153,-30.0,0.45084745762711864,10375.0,1.1132530120481927,10.711678832116789,-31.60457945478723,100.55090823839956,0.06477955716844477,-0.037037035292776826,gate_age,gate_age_4_10
march2026_current_split,provisional_current_march_splits_only,diagnostic_test,put_near_after_0940_vwap_m2_10,all_gated_parallel,165,-28.484848484848484,-33.878787878787875,-41.42857142857143,-30.0,0.44242424242424244,-4700.0,-1.4063829787234043,-45.0,-89.21869010131435,17.41869106862231,-0.0042358547403305484,-0.055045873486085715,gate_age,gate_age_1
march2026_current_split,provisional_current_march_splits_only,diagnostic_test,put_near_after_0940_vwap_m2_10,all_gated_parallel,200,40.425,35.225,8.90625,-7.5,0.46,8085.0,0.847247990105133,44.08163265306123,-9.769156346749222,100.02884615384613,0.06527473069813455,-0.022902097655797725,gate_age,gate_age_gt_10
march2026_current_split,provisional_current_march_splits_only,diagnostic_test,put_near_after_0940_vwap_m2_10,all_gated_parallel,160,-9.84375,-9.84375,-22.421875,-30.0,0.3375,-1575.0,-1.4,-28.007518796992482,-42.28260869565217,55.705882352941174,-0.021297558573527296,-0.0932249333839737,time_bucket,afternoon_1330_1459
march2026_current_split,provisional_current_march_splits_only,diagnostic_test,put_near_after_0940_vwap_m2_10,all_gated_parallel,295,42.389830508474574,42.016949152542374,23.649789029535864,-20.0,0.4711864406779661,12505.0,0.6789284286285486,25.979591836734695,-15.788762315270935,114.15104797979798,0.07014701764351791,-0.016949152268407267,time_bucket,midday_1130_1329
march2026_current_split,provisional_current_march_splits_only,diagnostic_test,put_near_after_0940_vwap_m2_10,all_gated_parallel,73,-40.821917808219176,-80.27397260273973,-79.66101694915254,-170.0,0.410958904109589,-2980.0,-1.5100671140939597,-154.12698412698413,-349.23023747560177,194.06008687258674,-0.0028688928858916374,-0.09883720491820912,time_bucket,open_0931_0959
march2026_current_split,provisional_current_march_splits_only,diagnostic_test,put_near_after_0940_vwap_m2_10,all_gated_parallel,298,0.06711409395973154,-6.275167785234899,-18.75,-50.0,0.45302013422818793,20.0,550.0,-18.381294964028775,-77.71006007729692,60.67259691175875,0.008295410610943858,-0.044372890432592266,time_bucket,morning_1000_1129
march2026_current_split,provisional_current_march_splits_only,diagnostic_test,put_near_after_0940_vwap_m2_10,all_gated_parallel,31,36.45161290322581,36.45161290322581,37.0,50.0,0.6774193548387096,1130.0,0.2610619469026549,18.214285714285715,-75.0,51.470588235294116,0.3356199756684012,0.36666666666666664,time_bucket,late_1500_1530
march2026_current_split,provisional_current_march_splits_only,diagnostic_test,put_near_after_0940_vwap_m2_10,all_gated_parallel,459,4.891067538126362,-0.6209150326797386,-8.224932249322492,-30.0,0.43137254901960786,2245.0,7.55011135857461,-21.277372262773724,-64.84613351491313,68.508211242362,0.021282221988030453,-0.05405405219639779,momentum5_side,mom5_pos
march2026_current_split,provisional_current_march_splits_only,diagnostic_test,put_near_after_0940_vwap_m2_10,all_gated_parallel,398,17.223618090452263,11.319095477386934,0.609375,-17.5,0.4547738693467337,6855.0,2.1458789204959885,6.061538461538461,-18.756565344693605,43.70135926525209,0.05071367680321371,-0.03464826701390831,momentum5_side,mom5_neg
march2026_current_split,provisional_current_march_splits_only,diagnostic_test,put_near_after_0940_vwap_m2_10,all_gated_parallel,498,2.6606425702811247,0.4919678714859438,-6.9625,-30.0,0.43172690763052207,1325.0,11.826415094339623,-16.446188340807176,-55.413813387423936,60.282584393500414,0.02707441456908837,-0.05102572260864008,momentum15_side,mom15_pos
march2026_current_split,provisional_current_march_splits_only,diagnostic_test,put_near_after_0940_vwap_m2_10,all_gated_parallel,43,-46.74418604651163,-94.4186046511628,-90.57142857142857,-290.0,0.3953488372093023,-2010.0,-1.671641791044776,-185.52631578947367,-362.8690476190476,210.2486179361179,-0.0030744625324345526,-0.1657142857142857,momentum15_side,mom15_flat
march2026_current_split,provisional_current_march_splits_only,diagnostic_test,put_near_after_0940_vwap_m2_10,all_gated_parallel,316,30.96518987341772,25.42721518987342,5.964566929133858,-17.5,0.4651898734177215,9785.0,1.1630045988758304,21.55109489051095,-27.587500306846355,80.59557377049178,0.05253710979010667,-0.030615433565184046,momentum15_side,mom15_neg
march2026_current_split,provisional_current_march_splits_only,diagnostic_test,put_near_after_0940_vwap_m2_10,all_gated_parallel,531,4.651600753295669,-0.847457627118644,-9.83529411764706,-30.0,0.4350282485875706,2470.0,8.246963562753036,-8.376753507014028,-42.74150924960917,54.76968160341868,0.03778607966117336,-0.05454545454545454,vwap_gap_bucket,vwap_gap_2_10
march2026_current_split,provisional_current_march_splits_only,diagnostic_test,put_near_after_0940_vwap_m2_10,all_gated_parallel,164,31.524390243902438,26.951219512195124,18.106060606060606,-20.0,0.4573170731707317,5170.0,1.125725338491296,6.482758620689655,-43.06013079573935,109.28115172955975,0.04519885086990943,-0.03339652089584717,vwap_gap_bucket,vwap_gap_0_2
march2026_current_split,provisional_current_march_splits_only,diagnostic_test,put_near_after_0940_vwap_m2_10,all_gated_parallel,162,9.012345679012345,1.5432098765432098,-8.923076923076923,-17.5,0.4506172839506173,1460.0,4.321917808219178,-7.382550335570469,-43.36797972972973,45.55354166666664,0.015281255663190312,-0.030615433565184046,vwap_gap_bucket,vwap_gap_m2_0
march2026_current_split,provisional_current_march_splits_only,diagnostic_test,put_near_after_0940_vwap_m2_10,all_gated_parallel,219,28.12785388127854,28.12785388127854,3.361581920903955,-30.0,0.4018264840182648,6160.0,0.939935064935065,-3.7430167597765363,-27.027027027027028,132.31617647058823,0.04975106437769441,-0.05714285714285714,premium_bucket,premium_3_7_5
march2026_current_split,provisional_current_march_splits_only,diagnostic_test,put_near_after_0940_vwap_m2_10,all_gated_parallel,51,-229.01960784313727,-236.27450980392157,-300.0,-340.0,0.27450980392156865,-11680.0,-0.2919520547945205,-284.6938775510204,-406.453125,-10.397352941176473,-0.13551181208607607,-0.2179487126191772,premium_bucket,premium_gte_15
march2026_current_split,provisional_current_march_splits_only,diagnostic_test,put_near_after_0940_vwap_m2_10,all_gated_parallel,468,28.397435897435898,18.76068376068376,5.851063829787234,-25.0,0.47649572649572647,13290.0,1.4273890142964636,13.197115384615385,-40.50400208074638,79.78242374896489,0.029021325742481768,-0.02124719922275331,premium_bucket,premium_7_5_15
march2026_current_split,provisional_current_march_splits_only,diagnostic_test,put_near_after_0940_vwap_m2_10,all_gated_parallel,119,11.176470588235293,11.176470588235293,4.639175257731959,-10.0,0.453781512605042,1330.0,0.9172932330827067,-7.925531914893617,-24.703389830508474,57.94642857142857,0.10408590025528044,-0.03636363636363636,premium_bucket,premium_lt_3
march2026_current_split,provisional_current_march_splits_only,diagnostic_test,put_near_after_0940_vwap_m2_10,gate_first_eligible,21,-47.142857142857146,-74.76190476190476,-92.3529411764706,-140.0,0.42857142857142855,-990.0,-2.1818181818181817,-110.0,-227.50367647058823,38.84722222222222,-0.025332882864892034,-0.1157024756911577,gate_age,gate_age_1
march2026_current_split,provisional_current_march_splits_only,diagnostic_test,put_near_after_0940_vwap_m2_10,gate_first_eligible,2,-355.0,-355.0,-355.0,-355.0,0.0,-710.0,0.23943661971830985,-540.0,-540.0,-170.0,-0.2242648691874718,-0.2242648691874718,gate_age,gate_age_4_10
march2026_current_split,provisional_current_march_splits_only,diagnostic_test,put_near_after_0940_vwap_m2_10,gate_first_eligible,1,110.0,110.0,110.0,110.0,1.0,110.0,1.0,110.0,110.0,110.0,0.10576923464882318,0.10576923464882318,gate_age,gate_age_2_3
march2026_current_split,provisional_current_march_splits_only,diagnostic_test,put_near_after_0940_vwap_m2_10,gate_first_eligible,1,-310.0,-310.0,-310.0,-310.0,0.0,-310.0,1.0,-310.0,-310.0,-310.0,-0.2167832138917401,-0.2167832138917401,gate_age,gate_age_gt_10
march2026_current_split,provisional_current_march_splits_only,diagnostic_test,put_near_after_0940_vwap_m2_10,gate_first_eligible,12,-57.5,-57.5,-51.0,-50.0,0.5,-690.0,-0.391304347826087,-87.27272727272727,-134.28571428571428,49.09999999999991,-0.029047660170108038,-0.043462748242069985,time_bucket,morning_1000_1129
march2026_current_split,provisional_current_march_splits_only,diagnostic_test,put_near_after_0940_vwap_m2_10,gate_first_eligible,13,-93.07692307692308,-137.69230769230768,-131.8181818181818,-290.0,0.3076923076923077,-1210.0,-0.9421487603305785,-185.83333333333334,-334.20833333333337,84.24107142857136,-0.057150948903022844,-0.1657142857142857,time_bucket,open_0931_0959
march2026_current_split,provisional_current_march_splits_only,diagnostic_test,put_near_after_0940_vwap_m2_10,gate_first_eligible,19,-37.89473684210526,-72.63157894736842,-56.470588235294116,-140.0,0.42105263157894735,-720.0,-1.5833333333333333,-106.875,-266.0642857142857,63.56726190476184,-0.014663073672792131,-0.1157024756911577,momentum5_side,mom5_pos
march2026_current_split,provisional_current_march_splits_only,diagnostic_test,put_near_after_0940_vwap_m2_10,gate_first_eligible,6,-196.66666666666666,-183.33333333333334,-196.66666666666666,-200.0,0.3333333333333333,-1180.0,-0.3305084745762712,-345.0,-498.0,41.42857142857143,-0.13548930966625714,-0.1540515408597094,momentum5_side,mom5_neg
march2026_current_split,provisional_current_march_splits_only,diagnostic_test,put_near_after_0940_vwap_m2_10,gate_first_eligible,15,-34.666666666666664,-70.66666666666667,-83.84615384615384,-140.0,0.4666666666666667,-520.0,-2.1923076923076925,-148.46153846153845,-236.9318181818182,95.83705357142846,-0.02619433501130538,-0.1157024756911577,momentum15_side,mom15_pos
march2026_current_split,provisional_current_march_splits_only,diagnostic_test,put_near_after_0940_vwap_m2_10,gate_first_eligible,9,-118.88888888888889,-123.33333333333333,-118.88888888888889,-290.0,0.3333333333333333,-1070.0,-0.9532710280373832,-261.25,-386.6666666666667,184.91666666666626,-0.05353733541325251,-0.1657142857142857,momentum15_side,mom15_flat
march2026_current_split,provisional_current_march_splits_only,diagnostic_test,put_near_after_0940_vwap_m2_10,gate_first_eligible,1,-310.0,-310.0,-310.0,-310.0,0.0,-310.0,1.0,-310.0,-310.0,-310.0,-0.2167832138917401,-0.2167832138917401,momentum15_side,mom15_neg
march2026_current_split,provisional_current_march_splits_only,diagnostic_test,put_near_after_0940_vwap_m2_10,gate_first_eligible,7,81.42857142857143,92.85714285714286,81.42857142857143,250.0,0.7142857142857143,570.0,0.7719298245614035,-24.0,-233.33333333333334,308.75,0.0866074871696249,0.22033897355337312,vwap_gap_bucket,vwap_gap_m2_0
march2026_current_split,provisional_current_march_splits_only,diagnostic_test,put_near_after_0940_vwap_m2_10,gate_first_eligible,12,-13.333333333333334,-68.33333333333333,-40.0,-165.0,0.4166666666666667,-160.0,-7.125,-118.18181818181819,-276.7045454545455,170.9545454545454,-0.0012509326955269517,-0.10965447925338032,vwap_gap_bucket,vwap_gap_2_10
march2026_current_split,provisional_current_march_splits_only,diagnostic_test,put_near_after_0940_vwap_m2_10,gate_first_eligible,6,-385.0,-385.0,-385.0,-435.0,0.0,-2310.0,0.0735930735930736,-428.0,-496.75,-271.6666666666667,-0.280462579270274,-0.30252583386485976,vwap_gap_bucket,vwap_gap_0_2
march2026_current_split,provisional_current_march_splits_only,diagnostic_test,put_near_after_0940_vwap_m2_10,gate_first_eligible,15,-83.33333333333333,-83.33333333333333,-86.15384615384616,-140.0,0.4666666666666667,-1250.0,-0.352,-149.23076923076923,-220.58854166666666,94.16666666666667,-0.04730656357758288,-0.1157024756911577,premium_bucket,premium_7_5_15
march2026_current_split,provisional_current_march_splits_only,diagnostic_test,put_near_after_0940_vwap_m2_10,gate_first_eligible,10,-65.0,-123.0,-111.25,-260.0,0.3,-650.0,-1.7538461538461538,-185.55555555555554,-374.55833333333334,149.00227272727273,-0.03819358041168504,-0.15753246938223223,premium_bucket,premium_gte_15
march2026_current_split,provisional_current_march_splits_only,diagnostic_test,put_near_after_0940_vwap_m2_10,slot_schedule_3win,19,-26.842105263157894,-28.94736842105263,-37.05882352941177,10.0,0.5263157894736842,-510.0,-2.0,-85.0,-181.59502923976606,118.44582043343651,0.05191509035700509,0.008771930118089981,gate_age,gate_age_1
march2026_current_split,provisional_current_march_splits_only,diagnostic_test,put_near_after_0940_vwap_m2_10,slot_schedule_3win,2,285.0,285.0,285.0,285.0,1.0,570.0,0.7719298245614035,130.0,130.0,440.0,0.561374816548107,0.561374816548107,gate_age,gate_age_4_10
march2026_current_split,provisional_current_march_splits_only,diagnostic_test,put_near_after_0940_vwap_m2_10,slot_schedule_3win,2,145.0,145.0,145.0,145.0,0.5,290.0,1.2758620689655173,-80.0,-80.0,370.0,0.32428356495006716,0.32428356495006716,gate_age,gate_age_2_3
march2026_current_split,provisional_current_march_splits_only,diagnostic_test,put_near_after_0940_vwap_m2_10,slot_schedule_3win,9,-7.777777777777778,-7.777777777777778,-7.777777777777778,10.0,0.5555555555555556,-70.0,-7.428571428571429,-73.75,-151.17424242424244,175.09374999999991,0.0032928193799161873,0.008771930118089981,time_bucket,morning_1000_1129
march2026_current_split,provisional_current_march_splits_only,diagnostic_test,put_near_after_0940_vwap_m2_10,slot_schedule_3win,3,313.3333333333333,313.3333333333333,313.3333333333333,370.0,1.0,940.0,0.46808510638297873,250.0,130.0,440.0,0.6160799475803156,0.725490209644733,time_bucket,midday_1130_1329
march2026_current_split,provisional_current_march_splits_only,diagnostic_test,put_near_after_0940_vwap_m2_10,slot_schedule_3win,9,-118.88888888888889,-123.33333333333333,-118.88888888888889,-290.0,0.3333333333333333,-1070.0,-0.9532710280373832,-261.25,-386.6666666666667,184.91666666666626,-0.05353733541325251,-0.1657142857142857,time_bucket,open_0931_0959
march2026_current_split,provisional_current_march_splits_only,diagnostic_test,put_near_after_0940_vwap_m2_10,slot_schedule_3win,2,275.0,275.0,275.0,275.0,1.0,550.0,0.8363636363636363,90.0,90.0,460.0,0.6808321406692626,0.6808321406692626,time_bucket,afternoon_1330_1459
march2026_current_split,provisional_current_march_splits_only,diagnostic_test,put_near_after_0940_vwap_m2_10,slot_schedule_3win,16,-19.375,-26.875,-30.714285714285715,-65.0,0.5,-310.0,-3.2903225806451615,-110.76923076923077,-242.79999999999998,183.10714285714283,0.10172246487473682,-0.039778295318771646,momentum5_side,mom5_pos
march2026_current_split,provisional_current_march_splits_only,diagnostic_test,put_near_after_0940_vwap_m2_10,slot_schedule_3win,7,94.28571428571429,105.71428571428571,94.28571428571429,130.0,0.7142857142857143,660.0,0.7878787878787878,-20.0,-254.0,367.14285714285717,0.16144914882623654,0.22033897355337312,momentum5_side,mom5_neg
march2026_current_split,provisional_current_march_splits_only,diagnostic_test,put_near_after_0940_vwap_m2_10,slot_schedule_3win,4,77.5,77.5,77.5,70.0,0.75,310.0,1.1935483870967742,70.0,10.0,130.0,0.20923621304754764,0.1426838430118592,momentum15_side,mom15_neg
march2026_current_split,provisional_current_march_splits_only,diagnostic_test,put_near_after_0940_vwap_m2_10,slot_schedule_3win,9,-118.88888888888889,-123.33333333333333,-118.88888888888889,-290.0,0.3333333333333333,-1070.0,-0.9532710280373832,-261.25,-386.6666666666667,184.91666666666626,-0.05353733541325251,-0.1657142857142857,momentum15_side,mom15_flat
march2026_current_split,provisional_current_march_splits_only,diagnostic_test,put_near_after_0940_vwap_m2_10,slot_schedule_3win,10,111.0,111.0,130.0,65.0,0.7,1110.0,0.46846846846846846,52.5,-78.99166666666666,326.2723214285714,0.24025946463085268,0.07359901666229253,momentum15_side,mom15_pos
march2026_current_split,provisional_current_march_splits_only,diagnostic_test,put_near_after_0940_vwap_m2_10,slot_schedule_3win,10,49.0,37.0,46.25,10.0,0.6,490.0,2.0816326530612246,-58.888888888888886,-177.79166666666666,266.3187499999999,0.10629846244712124,0.009193657543082406,vwap_gap_bucket,vwap_gap_2_10
march2026_current_split,provisional_current_march_splits_only,diagnostic_test,put_near_after_0940_vwap_m2_10,slot_schedule_3win,6,-160.0,-160.0,-160.0,-295.0,0.3333333333333333,-960.0,-0.4583333333333333,-280.0,-406.6666666666667,131.66666666666666,0.004930718464381413,-0.1985251548431717,vwap_gap_bucket,vwap_gap_0_2
march2026_current_split,provisional_current_march_splits_only,diagnostic_test,put_near_after_0940_vwap_m2_10,slot_schedule_3win,7,117.14285714285714,128.57142857142858,117.14285714285714,250.0,0.7142857142857143,820.0,0.5609756097560976,26.0,-221.87499999999997,347.14285714285717,0.23787636350313487,0.22033897355337312,vwap_gap_bucket,vwap_gap_m2_0
march2026_current_split,provisional_current_march_splits_only,diagnostic_test,put_near_after_0940_vwap_m2_10,slot_schedule_3win,12,-2.5,-2.5,-6.0,10.0,0.5833333333333334,-30.0,-17.333333333333332,-72.0,-125.74642857142857,142.32692307692307,0.014761903783062885,0.009193657543082406,premium_bucket,premium_7_5_15
march2026_current_split,provisional_current_march_splits_only,diagnostic_test,put_near_after_0940_vwap_m2_10,slot_schedule_3win,4,350.0,350.0,350.0,405.0,1.0,1400.0,0.32857142857142857,313.3333333333333,207.5,450.0,0.7728707674904761,0.7858220434176593,premium_bucket,premium_3_7_5
march2026_current_split,provisional_current_march_splits_only,diagnostic_test,put_near_after_0940_vwap_m2_10,slot_schedule_3win,7,-145.71428571428572,-151.42857142857142,-145.71428571428572,-290.0,0.2857142857142857,-1020.0,-1.0,-340.0,-464.2857142857143,207.21428571428564,-0.07298891936845919,-0.1657142857142857,premium_bucket,premium_gte_15
march2026_current_split,provisional_current_march_splits_only,diagnostic_test,put_near_after_0940_vwap_m2_10,attempt131_serial,11,-122.72727272727273,-133.63636363636363,-163.33333333333334,-230.0,0.2727272727272727,-1350.0,-0.7555555555555555,-247.77777777777777,-333.3611111111111,13.846153846153847,-0.07625716767825225,-0.14935065305017875,gate_age,gate_age_1
march2026_current_split,provisional_current_march_splits_only,diagnostic_test,put_near_after_0940_vwap_m2_10,attempt131_serial,3,253.33333333333334,253.33333333333334,253.33333333333334,340.0,0.6666666666666666,760.0,0.6842105263157895,120.0,-100.0,520.0,0.3040530019108388,0.30357143374121925,gate_age,gate_age_gt_10
march2026_current_split,provisional_current_march_splits_only,diagnostic_test,put_near_after_0940_vwap_m2_10,attempt131_serial,4,45.0,45.0,45.0,-15.0,0.5,180.0,1.8333333333333333,-50.0,-90.0,232.5,0.03452476947589318,-0.014412997130330481,gate_age,gate_age_2_3
march2026_current_split,provisional_current_march_splits_only,diagnostic_test,put_near_after_0940_vwap_m2_10,attempt131_serial,4,130.0,50.0,130.0,75.0,0.5,520.0,1.7692307692307692,-133.33333333333334,-430.0,530.0,0.12097866809272351,0.06899279190175042,gate_age,gate_age_4_10
march2026_current_split,provisional_current_march_splits_only,diagnostic_test,put_near_after_0940_vwap_m2_10,attempt131_serial,13,-32.30769230769231,-32.30769230769231,-30.0,-100.0,0.38461538461538464,-420.0,-1.0952380952380953,-71.81818181818181,-223.63636363636363,114.29220779220779,-0.017786500432743237,-0.08474576134203633,time_bucket,morning_1000_1129
march2026_current_split,provisional_current_march_splits_only,diagnostic_test,put_near_after_0940_vwap_m2_10,attempt131_serial,8,1.25,-53.75,1.25,-215.0,0.375,10.0,102.0,-144.28571428571428,-350.0,282.85714285714283,0.029154385479817115,-0.12744313065995191,time_bucket,open_0931_0959
march2026_current_split,provisional_current_march_splits_only,diagnostic_test,put_near_after_0940_vwap_m2_10,attempt131_serial,1,520.0,520.0,520.0,520.0,1.0,520.0,1.0,520.0,520.0,520.0,0.6933333333333334,0.6933333333333334,time_bucket,midday_1130_1329
march2026_current_split,provisional_current_march_splits_only,diagnostic_test,put_near_after_0940_vwap_m2_10,attempt131_serial,18,-30.0,-54.44444444444444,-41.25,-130.0,0.3333333333333333,-540.0,-1.8888888888888888,-116.66666666666667,-274.67857142857144,106.84813596491227,0.011100468632619435,-0.08903043224725352,momentum5_side,mom5_pos
march2026_current_split,provisional_current_march_splits_only,diagnostic_test,put_near_after_0940_vwap_m2_10,attempt131_serial,4,162.5,162.5,162.5,285.0,0.75,650.0,0.6,103.33333333333333,40.0,340.0,0.12388386903976459,0.198631025238225,momentum5_side,mom5_neg
march2026_current_split,provisional_current_march_splits_only,diagnostic_test,put_near_after_0940_vwap_m2_10,attempt131_serial,13,-54.61538461538461,-54.61538461538461,-60.0,-120.0,0.38461538461538464,-710.0,-0.7323943661971831,-95.45454545454545,-237.525,114.3516483516483,-0.013764543608748753,-0.08888888888888889,momentum15_side,mom15_pos
march2026_current_split,provisional_current_march_splits_only,diagnostic_test,put_near_after_0940_vwap_m2_10,attempt131_serial,7,82.85714285714286,20.0,82.85714285714286,-140.0,0.42857142857142855,580.0,1.7586206896551724,-73.33333333333333,-332.96428571428567,364.2857142857143,0.09363675800867988,-0.08917197560561813,momentum15_side,mom15_flat
march2026_current_split,provisional_current_march_splits_only,diagnostic_test,put_near_after_0940_vwap_m2_10,attempt131_serial,2,120.0,120.0,120.0,120.0,0.5,240.0,1.4166666666666667,-100.0,-100.0,340.0,0.10941283619959147,0.10941283619959147,momentum15_side,mom15_neg
march2026_current_split,provisional_current_march_splits_only,diagnostic_test,put_near_after_0940_vwap_m2_10,attempt131_serial,5,-178.0,-178.0,-178.0,-300.0,0.2,-890.0,-0.5168539325842697,-310.0,-442.5,-6.666666666666667,-0.13054140820724944,-0.24793387648105222,vwap_gap_bucket,vwap_gap_0_2
march2026_current_split,provisional_current_march_splits_only,diagnostic_test,put_near_after_0940_vwap_m2_10,attempt131_serial,15,50.0,20.666666666666668,48.46153846153846,-100.0,0.4666666666666667,750.0,1.36,-38.333333333333336,-212.875,200.52786377708978,0.08289429698134933,-0.08474576134203633,vwap_gap_bucket,vwap_gap_2_10
march2026_current_split,provisional_current_march_splits_only,diagnostic_test,put_near_after_0940_vwap_m2_10,attempt131_serial,2,125.0,125.0,125.0,125.0,0.5,250.0,1.56,-140.0,-140.0,390.0,0.05231824893110771,0.05231824893110771,vwap_gap_bucket,vwap_gap_m2_0
march2026_current_split,provisional_current_march_splits_only,diagnostic_test,put_near_after_0940_vwap_m2_10,attempt131_serial,14,70.71428571428571,47.857142857142854,53.333333333333336,-15.0,0.5,990.0,0.9292929292929293,-37.5,-178.20454545454547,246.4821428571428,0.08075251904244561,-0.014412997130330481,premium_bucket,premium_7_5_15
march2026_current_split,provisional_current_march_splits_only,diagnostic_test,put_near_after_0940_vwap_m2_10,attempt131_serial,8,-110.0,-125.0,-110.0,-260.0,0.25,-880.0,-1.1590909090909092,-271.42857142857144,-380.0,135.57291666666663,-0.054398919381003816,-0.15753246938223223,premium_bucket,premium_gte_15
march2026_current_split,provisional_current_march_splits_only,diagnostic_test,put_near_after_0940_vwap_m2_10,attempt131_topk_parallel,6,-126.66666666666667,-146.66666666666666,-126.66666666666667,-220.0,0.16666666666666666,-760.0,-1.3421052631578947,-392.5,-434.0,91.25,-0.07328195709243752,-0.16291062347123178,gate_age,gate_age_1
march2026_current_split,provisional_current_march_splits_only,diagnostic_test,put_near_after_0940_vwap_m2_10,attempt131_topk_parallel,5,124.0,70.0,124.0,50.0,0.6,620.0,1.403225806451613,-62.5,-198.0,380.0,0.09692157946114671,0.05154639276615404,gate_age,gate_age_2_3
march2026_current_split,provisional_current_march_splits_only,diagnostic_test,put_near_after_0940_vwap_m2_10,attempt131_topk_parallel,9,112.22222222222223,102.22222222222223,112.22222222222223,70.0,0.7777777777777778,1010.0,0.6831683168316832,40.0,-52.72727272727273,373.4583333333332,0.1747181833717928,0.06542056191383008,gate_age,gate_age_4_10
march2026_current_split,provisional_current_march_splits_only,diagnostic_test,put_near_after_0940_vwap_m2_10,attempt131_topk_parallel,2,515.0,515.0,515.0,515.0,1.0,1030.0,0.5048543689320388,510.0,510.0,520.0,0.5918589833525749,0.5918589833525749,gate_age,gate_age_gt_10
march2026_current_split,provisional_current_march_splits_only,diagnostic_test,put_near_after_0940_vwap_m2_10,attempt131_topk_parallel,11,-52.72727272727273,-52.72727272727273,-66.66666666666667,10.0,0.5454545454545454,-580.0,-0.8793103448275862,-128.88888888888889,-235.03125,101.71666666666631,-0.029315149184493773,0.005917159896876767,time_bucket,morning_1000_1129
march2026_current_split,provisional_current_march_splits_only,diagnostic_test,put_near_after_0940_vwap_m2_10,attempt131_topk_parallel,7,194.28571428571428,125.71428571428571,194.28571428571428,220.0,0.5714285714285714,1360.0,0.75,-106.0,-320.0,460.0,0.15345651321131104,0.13414634458370545,time_bucket,open_0931_0959
march2026_current_split,provisional_current_march_splits_only,diagnostic_test,put_near_after_0940_vwap_m2_10,attempt131_topk_parallel,2,45.0,45.0,45.0,45.0,0.5,90.0,1.3888888888888888,45.0,45.0,45.0,0.35926774350965707,0.35926774350965707,time_bucket,late_1500_1530
march2026_current_split,provisional_current_march_splits_only,diagnostic_test,put_near_after_0940_vwap_m2_10,attempt131_topk_parallel,2,515.0,515.0,515.0,515.0,1.0,1030.0,0.5048543689320388,510.0,510.0,520.0,0.6654166666666667,0.6654166666666667,time_bucket,midday_1130_1329
march2026_current_split,provisional_current_march_splits_only,diagnostic_test,put_near_after_0940_vwap_m2_10,attempt131_topk_parallel,16,44.375,14.375,42.142857142857146,-55.0,0.5,710.0,1.4366197183098592,-74.61538461538461,-211.67045454545453,176.18452380952374,0.05520874560003472,-0.03963675196040703,momentum5_side,mom5_pos
march2026_current_split,provisional_current_march_splits_only,diagnostic_test,put_near_after_0940_vwap_m2_10,attempt131_topk_parallel,6,198.33333333333334,198.33333333333334,198.33333333333334,97.5,0.8333333333333334,1190.0,0.42857142857142855,152.5,33.333333333333336,385.0,0.3196263070336396,0.2779025976428233,momentum5_side,mom5_neg
march2026_current_split,provisional_current_march_splits_only,diagnostic_test,put_near_after_0940_vwap_m2_10,attempt131_topk_parallel,12,10.0,2.5,-8.0,10.0,0.5833333333333334,120.0,5.75,-95.55555555555556,-200.25,166.66666666666666,0.024888656426158628,0.0077662724324758,momentum15_side,mom15_pos
march2026_current_split,provisional_current_march_splits_only,diagnostic_test,put_near_after_0940_vwap_m2_10,attempt131_topk_parallel,6,111.66666666666667,46.666666666666664,111.66666666666667,40.0,0.5,670.0,1.5223880597014925,-305.0,-500.0,460.0,0.10933562904955985,0.02248718448904366,momentum15_side,mom15_flat
march2026_current_split,provisional_current_march_splits_only,diagnostic_test,put_near_after_0940_vwap_m2_10,attempt131_topk_parallel,4,277.5,277.5,277.5,317.5,0.75,1110.0,0.4594594594594595,200.0,45.0,510.0,0.46160503009778264,0.5639423166859082,momentum15_side,mom15_neg
march2026_current_split,provisional_current_march_splits_only,diagnostic_test,put_near_after_0940_vwap_m2_10,attempt131_topk_parallel,3,-166.66666666666666,-166.66666666666666,-166.66666666666666,-210.0,0.3333333333333333,-500.0,-0.02,-255.0,-300.0,10.0,-0.13949577015882011,-0.1764705938922848,vwap_gap_bucket,vwap_gap_0_2
march2026_current_split,provisional_current_march_splits_only,diagnostic_test,put_near_after_0940_vwap_m2_10,attempt131_topk_parallel,19,126.3157894736842,101.05263157894737,134.11764705882354,70.0,0.631578947368421,2400.0,0.425,30.0,-66.5125,258.0105263157895,0.16945184643572914,0.06542056191383008,vwap_gap_bucket,vwap_gap_2_10
march2026_current_split,provisional_current_march_splits_only,diagnostic_test,put_near_after_0940_vwap_m2_10,attempt131_topk_parallel,12,128.33333333333334,105.83333333333333,116.0,60.0,0.6666666666666666,1540.0,0.564935064935065,88.0,-62.365546218487395,316.3636363636364,0.14814162360081995,0.05848347733999206,premium_bucket,premium_7_5_15
march2026_current_split,provisional_current_march_splits_only,diagnostic_test,put_near_after_0940_vwap_m2_10,attempt131_topk_parallel,8,33.75,7.5,33.75,-65.0,0.5,270.0,3.7777777777777777,-107.14285714285714,-301.42857142857144,245.03124999999997,0.03810785019665495,-0.04162740785437068,premium_bucket,premium_gte_15
march2026_current_split,provisional_current_march_splits_only,diagnostic_test,put_near_after_0940_vwap_m2_10,attempt131_topk_parallel,2,45.0,45.0,45.0,45.0,0.5,90.0,1.3888888888888888,45.0,45.0,45.0,0.35926774350965707,0.35926774350965707,premium_bucket,premium_lt_3
march2026_current_split,provisional_current_march_splits_only,validation,put_near_after_0940_vwap_m2_10_near_vwap,all_gated_parallel,133,64.09774436090225,36.203007518796994,33.41121495327103,-50.0,0.44360902255639095,8525.0,0.819941348973607,10.700934579439252,-49.67202117890145,151.80273809523808,0.03957906522877988,-0.07303371099552244,gate_age,gate_age_1
march2026_current_split,provisional_current_march_splits_only,validation,put_near_after_0940_vwap_m2_10_near_vwap,all_gated_parallel,63,47.142857142857146,35.87301587301587,26.666666666666668,-20.0,0.42857142857142855,2970.0,1.0437710437710437,23.06122448979592,-39.645688153310104,129.10863095238096,0.03227065611115615,-0.019801979450113298,gate_age,gate_age_2_3
march2026_current_split,provisional_current_march_splits_only,validation,put_near_after_0940_vwap_m2_10_near_vwap,all_gated_parallel,9,-5.555555555555555,-5.555555555555555,-5.555555555555555,-110.0,0.4444444444444444,-50.0,-6.2,-40.0,-80.0,165.0,0.1098047506731371,-0.14,gate_age,gate_age_4_10
march2026_current_split,provisional_current_march_splits_only,validation,put_near_after_0940_vwap_m2_10_near_vwap,all_gated_parallel,26,96.92307692307692,47.69230769230769,54.09090909090909,40.0,0.5384615384615384,2520.0,0.9523809523809523,38.4,-221.6195652173913,285.025,0.04946395159965327,0.021405676781099954,time_bucket,open_0931_0959
march2026_current_split,provisional_current_march_splits_only,validation,put_near_after_0940_vwap_m2_10_near_vwap,all_gated_parallel,72,-39.72222222222222,-42.77777777777778,-67.93103448275862,-105.0,0.3055555555555556,-2860.0,-0.9055944055944056,-66.3768115942029,-113.75,93.42857142857143,-0.05030860307252469,-0.18209134252200965,time_bucket,midday_1130_1329
march2026_current_split,provisional_current_march_splits_only,validation,put_near_after_0940_vwap_m2_10_near_vwap,all_gated_parallel,18,3.611111111111111,3.611111111111111,-1.5625,-35.0,0.2777777777777778,65.0,4.153846153846154,-43.333333333333336,-71.25,78.57142857142857,-0.09340414773286507,-0.36666666666666664,time_bucket,late_1500_1530
march2026_current_split,provisional_current_march_splits_only,validation,put_near_after_0940_vwap_m2_10_near_vwap,all_gated_parallel,43,65.34883720930233,63.95348837209303,50.57142857142857,30.0,0.5813953488372093,2810.0,0.5587188612099644,32.06896551724138,-53.225806451612904,189.52380952380952,0.11346978933533466,0.047619046177363136,time_bucket,afternoon_1330_1459
march2026_current_split,provisional_current_march_splits_only,validation,put_near_after_0940_vwap_m2_10_near_vwap,all_gated_parallel,46,193.69565217391303,131.52173913043478,190.52631578947367,140.0,0.5217391304347826,8910.0,0.3490460157126824,71.66666666666667,-102.75933786078097,257.6791125541126,0.1613813079106906,0.1548789230071111,time_bucket,morning_1000_1129
march2026_current_split,provisional_current_march_splits_only,validation,put_near_after_0940_vwap_m2_10_near_vwap,all_gated_parallel,109,63.669724770642205,34.4954128440367,24.719101123595507,-35.0,0.44954128440366975,6940.0,0.8904899135446686,48.095238095238095,-29.031450840968137,108.0934549006838,0.06213662936112681,-0.03726707986234393,momentum5_side,mom5_pos
march2026_current_split,provisional_current_march_splits_only,validation,put_near_after_0940_vwap_m2_10_near_vwap,all_gated_parallel,96,46.927083333333336,34.010416666666664,33.91025641025641,-32.5,0.4270833333333333,4505.0,0.93007769145394,-23.4375,-69.29025607638889,182.88447061680426,0.015754345480478892,-0.0626794254599267,momentum5_side,mom5_neg
march2026_current_split,provisional_current_march_splits_only,validation,put_near_after_0940_vwap_m2_10_near_vwap,all_gated_parallel,105,22.952380952380953,13.142857142857142,3.764705882352941,-40.0,0.41904761904761906,2410.0,1.9211618257261411,1.2,-80.01941747572815,93.84134615384615,0.03776449413852676,-0.05555555457440916,momentum15_side,mom15_pos
march2026_current_split,provisional_current_march_splits_only,validation,put_near_after_0940_vwap_m2_10_near_vwap,all_gated_parallel,10,273.0,169.0,200.0,260.0,0.6,2730.0,0.5714285714285714,130.0,-145.5595238095238,437.27272727272725,0.1586915923777729,0.16821445440155416,momentum15_side,mom15_flat
march2026_current_split,provisional_current_march_splits_only,validation,put_near_after_0940_vwap_m2_10_near_vwap,all_gated_parallel,90,70.05555555555556,43.94444444444444,45.34722222222222,-32.5,0.4444444444444444,6305.0,0.7295796986518636,-4.466666666666667,-48.64871541501976,176.5901812313803,0.030368021757397293,-0.06877492100626731,momentum15_side,mom15_neg
march2026_current_split,provisional_current_march_splits_only,validation,put_near_after_0940_vwap_m2_10_near_vwap,all_gated_parallel,98,43.87755102040816,15.510204081632653,7.0,-50.0,0.42857142857142855,4300.0,1.2232558139534884,-1.6666666666666667,-75.94285869722907,127.1077425373134,0.04450344214953554,-0.08577454392981625,vwap_gap_bucket,vwap_gap_m2_0
march2026_current_split,provisional_current_march_splits_only,validation,put_near_after_0940_vwap_m2_10_near_vwap,all_gated_parallel,107,66.77570093457943,51.44859813084112,49.252873563218394,-20.0,0.4485981308411215,7145.0,0.7109867039888034,26.686046511627907,-26.349056603773587,159.2393292682926,0.03667263958723656,-0.02702702667871647,vwap_gap_bucket,vwap_gap_0_2
march2026_current_split,provisional_current_march_splits_only,validation,put_near_after_0940_vwap_m2_10_near_vwap,all_gated_parallel,82,76.58536585365853,39.75609756097561,53.18181818181818,-60.0,0.4268292682926829,6280.0,0.7404458598726115,-13.333333333333334,-96.4978354978355,190.22751524390242,0.06451508064764037,-0.04870384943512372,premium_bucket,premium_7_5_15
march2026_current_split,provisional_current_march_splits_only,validation,put_near_after_0940_vwap_m2_10_near_vwap,all_gated_parallel,77,14.415584415584416,14.415584415584416,-1.9047619047619047,-10.0,0.45454545454545453,1110.0,1.6036036036036037,-9.636363636363637,-55.27893320283827,69.36932447397564,0.034324122115475544,-0.02439024446976463,premium_bucket,premium_3_7_5
march2026_current_split,provisional_current_march_splits_only,validation,put_near_after_0940_vwap_m2_10_near_vwap,all_gated_parallel,24,10.208333333333334,10.208333333333334,-3.25,-35.0,0.2916666666666667,245.0,2.061224489795918,-27.36842105263158,-42.142857142857146,144.11764705882354,-0.07612853603041514,-0.35357143161248195,premium_bucket,premium_lt_3
march2026_current_split,provisional_current_march_splits_only,validation,put_near_after_0940_vwap_m2_10_near_vwap,all_gated_parallel,22,173.1818181818182,109.54545454545455,135.55555555555554,90.0,0.5909090909090909,3810.0,0.6850393700787402,107.14285714285714,-129.68839712918657,293.3676470588235,0.09905457341911968,0.051686683141734635,premium_bucket,premium_gte_15
march2026_current_split,provisional_current_march_splits_only,validation,put_near_after_0940_vwap_m2_10_near_vwap,gate_first_eligible,23,113.91304347826087,48.69565217391305,63.68421052631579,-60.0,0.43478260869565216,2620.0,0.9961832061068703,48.18181818181818,-149.1997929606625,210.01190476190476,0.0776607273462592,-0.03726707986234393,gate_age,gate_age_1
march2026_current_split,provisional_current_march_splits_only,validation,put_near_after_0940_vwap_m2_10_near_vwap,gate_first_eligible,2,785.0,540.0,785.0,785.0,1.0,1570.0,0.6942675159235668,480.0,480.0,600.0,0.5393910561331103,0.5393910561331103,gate_age,gate_age_2_3
march2026_current_split,provisional_current_march_splits_only,validation,put_near_after_0940_vwap_m2_10_near_vwap,gate_first_eligible,14,213.57142857142858,145.71428571428572,215.83333333333334,320.0,0.5714285714285714,2990.0,0.36454849498327757,159.16666666666666,-100.02083333333333,330.73214285714283,0.16758283382022424,0.20677910255813806,time_bucket,morning_1000_1129
march2026_current_split,provisional_current_march_splits_only,validation,put_near_after_0940_vwap_m2_10_near_vwap,gate_first_eligible,11,109.0909090909091,14.545454545454545,8.88888888888889,-60.0,0.36363636363636365,1200.0,1.3,-36.0,-226.49512987012986,275.01388888888886,0.047165378886094844,-0.04477612067766675,time_bucket,open_0931_0959
march2026_current_split,provisional_current_march_splits_only,validation,put_near_after_0940_vwap_m2_10_near_vwap,gate_first_eligible,16,296.25,166.25,260.0,320.0,0.5625,4740.0,0.3291139240506329,212.14285714285714,-77.1131221719457,370.1333333333332,0.20171650436107336,0.23376678178817395,momentum5_side,mom5_pos
march2026_current_split,provisional_current_march_splits_only,validation,put_near_after_0940_vwap_m2_10_near_vwap,gate_first_eligible,9,-61.111111111111114,-51.111111111111114,-61.111111111111114,-60.0,0.3333333333333333,-550.0,-1.0545454545454545,-133.75,-337.5,158.0777777777777,-0.0402761365052213,-0.04477612067766675,momentum5_side,mom5_neg
march2026_current_split,provisional_current_march_splits_only,validation,put_near_after_0940_vwap_m2_10_near_vwap,gate_first_eligible,8,95.0,45.0,95.0,105.0,0.5,760.0,1.4342105263157894,-47.142857142857146,-291.25,346.3437499999999,0.07068543241445199,0.06401224706037684,momentum15_side,mom15_neg
march2026_current_split,provisional_current_march_splits_only,validation,put_near_after_0940_vwap_m2_10_near_vwap,gate_first_eligible,7,227.14285714285714,78.57142857142857,227.14285714285714,-60.0,0.42857142857142855,1590.0,0.9811320754716981,5.0,-225.75,390.49999999999955,0.12233627312632882,-0.03726707986234393,momentum15_side,mom15_flat
march2026_current_split,provisional_current_march_splits_only,validation,put_near_after_0940_vwap_m2_10_near_vwap,gate_first_eligible,10,184.0,129.0,162.5,125.0,0.5,1840.0,0.5706521739130435,150.0,-75.0,271.25,0.14431414700302647,0.13550513232432188,momentum15_side,mom15_pos
march2026_current_split,provisional_current_march_splits_only,validation,put_near_after_0940_vwap_m2_10_near_vwap,gate_first_eligible,13,256.9230769230769,215.3846153846154,270.90909090909093,380.0,0.6923076923076923,3340.0,0.3143712574850299,205.45454545454547,-57.340909090909086,396.0,0.19992505251542994,0.30573248779069073,vwap_gap_bucket,vwap_gap_0_2
march2026_current_split,provisional_current_march_splits_only,validation,put_near_after_0940_vwap_m2_10_near_vwap,gate_first_eligible,12,70.83333333333333,-50.0,-25.0,-130.0,0.25,850.0,1.8352941176470587,-64.54545454545455,-269.025,181.13636363636343,0.022162763210799408,-0.08502431956523354,vwap_gap_bucket,vwap_gap_m2_0
march2026_current_split,provisional_current_march_splits_only,validation,put_near_after_0940_vwap_m2_10_near_vwap,gate_first_eligible,11,183.63636363636363,63.63636363636363,127.77777777777777,-60.0,0.45454545454545453,2020.0,0.7722772277227723,46.0,-241.6875,312.0125,0.09564627681145749,-0.03726707986234393,premium_bucket,premium_gte_15
march2026_current_split,provisional_current_march_splits_only,validation,put_near_after_0940_vwap_m2_10_near_vwap,gate_first_eligible,14,155.0,107.14285714285714,132.5,125.0,0.5,2170.0,0.5023041474654378,40.90909090909091,-188.94444444444443,263.8888888888889,0.1294906997360107,0.11015567021715043,premium_bucket,premium_7_5_15
march2026_current_split,provisional_current_march_splits_only,validation,put_near_after_0940_vwap_m2_10_near_vwap,slot_schedule_3win,20,96.0,21.0,31.875,-110.0,0.4,1920.0,0.8125,18.94736842105263,-142.36703431372547,170.62114845938373,0.06347921358087102,-0.07218885639471002,gate_age,gate_age_1
march2026_current_split,provisional_current_march_splits_only,validation,put_near_after_0940_vwap_m2_10_near_vwap,slot_schedule_3win,1,-10.0,-10.0,-10.0,-10.0,0.0,-10.0,1.0,-10.0,-10.0,-10.0,-0.014492753422878743,-0.014492753422878743,gate_age,gate_age_2_3
march2026_current_split,provisional_current_march_splits_only,validation,put_near_after_0940_vwap_m2_10_near_vwap,slot_schedule_3win,9,128.88888888888889,13.333333333333334,128.88888888888889,-60.0,0.3333333333333333,1160.0,1.3448275862068966,-50.0,-219.0,275.6666666666666,0.06510755887347915,-0.04477612067766675,time_bucket,open_0931_0959
march2026_current_split,provisional_current_march_splits_only,validation,put_near_after_0940_vwap_m2_10_near_vwap,slot_schedule_3win,4,-100.0,-100.0,-100.0,-85.0,0.25,-400.0,-0.25,-130.0,-160.0,-10.0,-0.13706015059499446,-0.13032329978836246,time_bucket,midday_1130_1329
march2026_current_split,provisional_current_march_splits_only,validation,put_near_after_0940_vwap_m2_10_near_vwap,slot_schedule_3win,6,151.66666666666666,75.0,151.66666666666666,180.0,0.5,910.0,1.1538461538461537,42.0,-288.2,428.0,0.13107540621114222,0.15734632995501724,time_bucket,morning_1000_1129
march2026_current_split,provisional_current_march_splits_only,validation,put_near_after_0940_vwap_m2_10_near_vwap,slot_schedule_3win,2,120.0,120.0,120.0,120.0,0.5,240.0,1.7916666666666667,-190.0,-190.0,430.0,0.21545582672317712,0.21545582672317712,time_bucket,afternoon_1330_1459
march2026_current_split,provisional_current_march_splits_only,validation,put_near_after_0940_vwap_m2_10_near_vwap,slot_schedule_3win,14,250.0,136.42857142857142,192.5,45.0,0.5,3500.0,0.44571428571428573,149.23076923076923,-36.666666666666664,303.6525974025974,0.18043635332124672,0.04538520223592905,momentum5_side,mom5_pos
march2026_current_split,provisional_current_march_splits_only,validation,put_near_after_0940_vwap_m2_10_near_vwap,slot_schedule_3win,7,-227.14285714285714,-214.28571428571428,-227.14285714285714,-290.0,0.14285714285714285,-1590.0,-0.36477987421383645,-348.0,-426.6666666666667,-14.875000000000114,-0.18157391832898742,-0.3653846287868437,momentum5_side,mom5_neg
march2026_current_split,provisional_current_march_splits_only,validation,put_near_after_0940_vwap_m2_10_near_vwap,slot_schedule_3win,7,227.14285714285714,78.57142857142857,227.14285714285714,-60.0,0.42857142857142855,1590.0,0.9811320754716981,5.0,-225.75,390.49999999999955,0.12233627312632882,-0.03726707986234393,momentum15_side,mom15_flat
march2026_current_split,provisional_current_march_splits_only,validation,put_near_after_0940_vwap_m2_10_near_vwap,slot_schedule_3win,5,-200.0,-182.0,-200.0,-330.0,0.2,-1000.0,-0.58,-395.0,-464.0,208.0,-0.18669021977210823,-0.3653846287868437,momentum15_side,mom15_neg
march2026_current_split,provisional_current_march_splits_only,validation,put_near_after_0940_vwap_m2_10_near_vwap,slot_schedule_3win,9,146.66666666666666,85.55555555555556,146.66666666666666,-10.0,0.4444444444444444,1320.0,0.7954545454545454,97.14285714285714,-62.879464285714285,250.0,0.14802096724119793,-0.014492753422878743,momentum15_side,mom15_pos
march2026_current_split,provisional_current_march_splits_only,validation,put_near_after_0940_vwap_m2_10_near_vwap,slot_schedule_3win,11,32.72727272727273,-54.54545454545455,-85.55555555555556,-220.0,0.2727272727272727,360.0,4.333333333333333,-120.0,-260.0,152.0125,0.023642678352377263,-0.0996015921117533,vwap_gap_bucket,vwap_gap_m2_0
march2026_current_split,provisional_current_march_splits_only,validation,put_near_after_0940_vwap_m2_10_near_vwap,slot_schedule_3win,10,155.0,101.0,148.75,45.0,0.5,1550.0,0.6774193548387096,94.44444444444444,-120.0,316.7777777777777,0.09950220563183923,0.04538520223592905,vwap_gap_bucket,vwap_gap_0_2
march2026_current_split,provisional_current_march_splits_only,validation,put_near_after_0940_vwap_m2_10_near_vwap,slot_schedule_3win,7,135.71428571428572,-52.857142857142854,135.71428571428572,-250.0,0.2857142857142857,950.0,1.6421052631578947,-101.66666666666667,-358.85267857142856,328.66666666666634,0.05797886614494112,-0.0996015921117533,premium_bucket,premium_gte_15
march2026_current_split,provisional_current_march_splits_only,validation,put_near_after_0940_vwap_m2_10_near_vwap,slot_schedule_3win,10,89.0,71.0,87.5,20.0,0.5,890.0,0.7865168539325843,31.25,-142.85714285714286,199.0,0.0678974401310325,0.030243518608535042,premium_bucket,premium_7_5_15
march2026_current_split,provisional_current_march_splits_only,validation,put_near_after_0940_vwap_m2_10_near_vwap,slot_schedule_3win,4,17.5,17.5,17.5,-85.0,0.25,70.0,6.142857142857143,-120.0,-175.0,282.5,0.04256626346740733,-0.13032329978836246,premium_bucket,premium_3_7_5
march2026_current_split,provisional_current_march_splits_only,validation,put_near_after_0940_vwap_m2_10_near_vwap,attempt130_serial,19,241.05263157894737,154.21052631578948,204.7058823529412,50.0,0.5789473684210527,4580.0,0.3406113537117904,188.125,33.79323308270677,260.0238095238095,0.19149096527663567,0.037878788426121635,gate_age,gate_age_1
march2026_current_split,provisional_current_march_splits_only,validation,put_near_after_0940_vwap_m2_10_near_vwap,attempt130_serial,1,580.0,580.0,580.0,580.0,1.0,580.0,1.0,580.0,580.0,580.0,0.38666666666666666,0.38666666666666666,gate_age,gate_age_2_3
march2026_current_split,provisional_current_march_splits_only,validation,put_near_after_0940_vwap_m2_10_near_vwap,attempt130_serial,12,272.5,215.0,276.0,320.0,0.5833333333333334,3270.0,0.2966360856269113,188.88888888888889,-8.105555555555549,356.04230769230765,0.2598760250290076,0.2946557944974237,time_bucket,morning_1000_1129
march2026_current_split,provisional_current_march_splits_only,validation,put_near_after_0940_vwap_m2_10_near_vwap,attempt130_serial,7,240.0,102.85714285714286,240.0,40.0,0.5714285714285714,1680.0,0.9285714285714286,20.0,-128.33333333333334,410.0357142857143,0.1056880064219832,0.021978021056708825,time_bucket,open_0931_0959
march2026_current_split,provisional_current_march_splits_only,validation,put_near_after_0940_vwap_m2_10_near_vwap,attempt130_serial,1,210.0,210.0,210.0,210.0,1.0,210.0,1.0,210.0,210.0,210.0,0.16666666162077096,0.16666666162077096,time_bucket,midday_1130_1329
march2026_current_split,provisional_current_march_splits_only,validation,put_near_after_0940_vwap_m2_10_near_vwap,attempt130_serial,11,180.9090909090909,84.54545454545455,98.88888888888889,40.0,0.5454545454545454,1990.0,0.7839195979899497,43.0,-92.08888888888889,306.01666666666665,0.11509183793264556,0.021978021056708825,momentum5_side,mom5_pos
march2026_current_split,provisional_current_march_splits_only,validation,put_near_after_0940_vwap_m2_10_near_vwap,attempt130_serial,9,352.22222222222223,286.6666666666667,352.22222222222223,520.0,0.6666666666666666,3170.0,0.305993690851735,197.14285714285714,29.964285714285715,485.06249999999994,0.30655386551818264,0.37681158899484735,momentum5_side,mom5_neg
march2026_current_split,provisional_current_march_splits_only,validation,put_near_after_0940_vwap_m2_10_near_vwap,attempt130_serial,8,360.0,286.25,360.0,275.0,0.875,2880.0,0.3368055555555556,181.66666666666666,75.0,488.0,0.32768945203542005,0.18958333081038548,momentum15_side,mom15_neg
march2026_current_split,provisional_current_march_splits_only,validation,put_near_after_0940_vwap_m2_10_near_vwap,attempt130_serial,4,412.5,172.5,412.5,260.0,0.5,1650.0,0.9454545454545454,30.0,-245.0,590.0,0.18118383903717966,0.17469979340216135,momentum15_side,mom15_flat
march2026_current_split,provisional_current_march_splits_only,validation,put_near_after_0940_vwap_m2_10_near_vwap,attempt130_serial,8,78.75,66.25,78.75,-40.0,0.375,630.0,1.1111111111111112,-1.6666666666666667,-180.0,220.05555555555551,0.08484300431133324,-0.02958230514058781,momentum15_side,mom15_pos
march2026_current_split,provisional_current_march_splits_only,validation,put_near_after_0940_vwap_m2_10_near_vwap,attempt130_serial,8,411.25,371.25,411.25,430.0,0.875,3290.0,0.24924012158054712,401.6666666666667,185.71428571428572,521.5357142857142,0.3511925675313732,0.3857742180267026,vwap_gap_bucket,vwap_gap_0_2
march2026_current_split,provisional_current_march_splits_only,validation,put_near_after_0940_vwap_m2_10_near_vwap,attempt130_serial,12,155.83333333333334,45.0,77.0,-60.0,0.4166666666666667,1870.0,0.8342245989304813,28.181818181818183,-145.4848484848485,210.0,0.10128787222264664,-0.04102160027000534,vwap_gap_bucket,vwap_gap_m2_0
march2026_current_split,provisional_current_march_splits_only,validation,put_near_after_0940_vwap_m2_10_near_vwap,attempt130_serial,6,388.3333333333333,228.33333333333334,388.3333333333333,190.0,0.6666666666666666,2330.0,0.6695278969957081,154.0,47.5,590.0,0.20895017328710866,0.1172390105283544,premium_bucket,premium_gte_15
march2026_current_split,provisional_current_march_splits_only,validation,put_near_after_0940_vwap_m2_10_near_vwap,attempt130_serial,14,202.14285714285714,152.85714285714286,193.33333333333334,130.0,0.5714285714285714,2830.0,0.34275618374558303,114.54545454545455,2.6384615384615397,266.5254901960784,0.1979495690857209,0.1022727250234463,premium_bucket,premium_7_5_15
march2026_current_split,provisional_current_march_splits_only,validation,put_near_after_0940_vwap_m2_10_near_vwap,attempt130_topk_parallel,17,133.52941176470588,46.470588235294116,82.66666666666667,-20.0,0.47058823529411764,2270.0,0.6872246696035242,46.666666666666664,-153.8095238095238,328.1124999999999,0.09162560629098003,-0.014388489603508864,gate_age,gate_age_1
march2026_current_split,provisional_current_march_splits_only,validation,put_near_after_0940_vwap_m2_10_near_vwap,attempt130_topk_parallel,2,515.0,430.0,515.0,515.0,1.0,1030.0,0.7475728155339806,260.0,260.0,600.0,0.4858640801784143,0.4858640801784143,gate_age,gate_age_2_3
march2026_current_split,provisional_current_march_splits_only,validation,put_near_after_0940_vwap_m2_10_near_vwap,attempt130_topk_parallel,1,60.0,60.0,60.0,60.0,1.0,60.0,1.0,60.0,60.0,60.0,0.1034482724601393,0.1034482724601393,gate_age,gate_age_4_10
march2026_current_split,provisional_current_march_splits_only,validation,put_near_after_0940_vwap_m2_10_near_vwap,attempt130_topk_parallel,6,106.66666666666667,-53.333333333333336,106.66666666666667,-10.0,0.5,640.0,2.4375,-184.0,-300.0,342.5,0.007363999629398359,-0.007644529402817551,time_bucket,open_0931_0959
march2026_current_split,provisional_current_march_splits_only,validation,put_near_after_0940_vwap_m2_10_near_vwap,attempt130_topk_parallel,10,316.0,247.0,347.5,420.0,0.6,3160.0,0.27531645569620256,198.75,-113.87053571428571,488.46153846153845,0.28163008725076866,0.3848269716861759,time_bucket,morning_1000_1129
march2026_current_split,provisional_current_march_splits_only,validation,put_near_after_0940_vwap_m2_10_near_vwap,attempt130_topk_parallel,4,-110.0,-110.0,-110.0,-160.0,0.5,-440.0,-0.9318181818181818,-283.3333333333333,-455.0,410.0,-0.0569182826301121,-0.12752114033817125,time_bucket,midday_1130_1329
march2026_current_split,provisional_current_march_splits_only,validation,put_near_after_0940_vwap_m2_10_near_vwap,attempt130_topk_parallel,12,184.16666666666666,73.33333333333333,117.0,45.0,0.5833333333333334,2210.0,0.7058823529411765,64.0,-142.0125,358.7321428571427,0.12161645702059247,0.02992840474141523,momentum5_side,mom5_pos
march2026_current_split,provisional_current_march_splits_only,validation,put_near_after_0940_vwap_m2_10_near_vwap,attempt130_topk_parallel,8,143.75,103.75,143.75,195.0,0.5,1150.0,0.6695652173913044,-61.666666666666664,-288.8888888888889,462.22222222222223,0.14667678193956485,0.1957760445619069,momentum5_side,mom5_neg
march2026_current_split,provisional_current_march_splits_only,validation,put_near_after_0940_vwap_m2_10_near_vwap,attempt130_topk_parallel,10,-18.0,-55.0,-65.0,-75.0,0.4,-180.0,-4.833333333333333,-218.75,-332.92032967032964,318.03214285714284,0.0015533851453583048,-0.05570170886922675,momentum15_side,mom15_pos
march2026_current_split,provisional_current_march_splits_only,validation,put_near_after_0940_vwap_m2_10_near_vwap,attempt130_topk_parallel,3,356.6666666666667,36.666666666666664,356.6666666666667,-60.0,0.3333333333333333,1070.0,1.4579439252336448,-245.0,-430.0,600.0,0.11268956316068401,-0.03726707986234393,momentum15_side,mom15_flat
march2026_current_split,provisional_current_march_splits_only,validation,put_near_after_0940_vwap_m2_10_near_vwap,attempt130_topk_parallel,7,352.85714285714283,307.14285714285717,352.85714285714283,410.0,0.8571428571428571,2470.0,0.3117408906882591,190.0,46.666666666666664,514.4444444444445,0.3256013141182847,0.40594057872732264,momentum15_side,mom15_neg
march2026_current_split,provisional_current_march_splits_only,validation,put_near_after_0940_vwap_m2_10_near_vwap,attempt130_topk_parallel,12,125.83333333333333,9.166666666666666,47.0,-95.0,0.4166666666666667,1510.0,1.033112582781457,-4.545454545454546,-203.14302884615384,329.05555555555543,0.06689594707177865,-0.055150395428933185,vwap_gap_bucket,vwap_gap_m2_0
march2026_current_split,provisional_current_march_splits_only,validation,put_near_after_0940_vwap_m2_10_near_vwap,attempt130_topk_parallel,8,231.25,200.0,231.25,160.0,0.75,1850.0,0.40540540540540543,168.33333333333334,-148.33333333333334,401.025,0.2287575468627855,0.18437719487276732,vwap_gap_bucket,vwap_gap_0_2
march2026_current_split,provisional_current_march_splits_only,validation,put_near_after_0940_vwap_m2_10_near_vwap,attempt130_topk_parallel,15,126.0,80.0,119.23076923076923,50.0,0.5333333333333333,1890.0,0.4603174603174603,24.615384615384617,-182.0125,357.1916666666665,0.12498860628316688,0.037878788426121635,premium_bucket,premium_7_5_15
march2026_current_split,provisional_current_march_splits_only,validation,put_near_after_0940_vwap_m2_10_near_vwap,attempt130_topk_parallel,4,352.5,112.5,352.5,-10.0,0.5,1410.0,1.1063829787234043,-50.0,-130.0,600.0,0.16363359326399635,-0.007644529402817551,premium_bucket,premium_gte_15
march2026_current_split,provisional_current_march_splits_only,validation,put_near_after_0940_vwap_m2_10_near_vwap,attempt130_topk_parallel,1,60.0,60.0,60.0,60.0,1.0,60.0,1.0,60.0,60.0,60.0,0.1034482724601393,0.1034482724601393,premium_bucket,premium_3_7_5
march2026_current_split,provisional_current_march_splits_only,diagnostic_test,put_near_after_0940_vwap_m2_10_near_vwap,all_gated_parallel,111,11.981981981981981,5.495495495495495,-9.325842696629213,-50.0,0.42342342342342343,1330.0,2.887218045112782,-1.386138613861386,-35.8786626344086,55.47470355731223,-0.004883071994362359,-0.06422018573376667,gate_age,gate_age_2_3
march2026_current_split,provisional_current_march_splits_only,diagnostic_test,put_near_after_0940_vwap_m2_10_near_vwap,all_gated_parallel,154,21.655844155844157,13.603896103896103,7.056451612903226,-20.0,0.4805194805194805,3335.0,1.8200899550224887,-2.050359712230216,-47.35578208556149,80.10434027777778,0.03744266815138741,-0.01672357323903787,gate_age,gate_age_1
march2026_current_split,provisional_current_march_splits_only,diagnostic_test,put_near_after_0940_vwap_m2_10_near_vwap,all_gated_parallel,60,33.0,33.0,17.916666666666668,-15.0,0.45,1980.0,0.8232323232323232,5.283018867924528,-49.16898148148148,114.05642610695801,0.07892422718058163,-0.018891402508687687,gate_age,gate_age_4_10
march2026_current_split,provisional_current_march_splits_only,diagnostic_test,put_near_after_0940_vwap_m2_10_near_vwap,all_gated_parallel,1,-15.0,-15.0,-15.0,-15.0,0.0,-15.0,1.0,-15.0,-15.0,-15.0,-0.07142857467236177,-0.07142857467236177,gate_age,gate_age_gt_10
march2026_current_split,provisional_current_march_splits_only,diagnostic_test,put_near_after_0940_vwap_m2_10_near_vwap,all_gated_parallel,144,38.09027777777778,38.09027777777778,19.094827586206897,-10.0,0.4861111111111111,5485.0,0.780309936189608,15.672268907563025,-20.83653846153846,113.5800353780656,0.0647953376593881,-0.00980486370467421,time_bucket,midday_1130_1329
march2026_current_split,provisional_current_march_splits_only,diagnostic_test,put_near_after_0940_vwap_m2_10_near_vwap,all_gated_parallel,96,13.4375,3.125,-6.410256410256411,-35.0,0.4583333333333333,1290.0,3.054263565891473,-15.301204819277109,-81.70358910891089,91.11918421384436,0.014369640733552196,-0.03316303257534725,time_bucket,morning_1000_1129
march2026_current_split,provisional_current_march_splits_only,diagnostic_test,put_near_after_0940_vwap_m2_10_near_vwap,all_gated_parallel,54,-27.12962962962963,-27.12962962962963,-49.65909090909091,-67.5,0.2777777777777778,-1465.0,-0.7849829351535836,-36.320754716981135,-66.64488636363636,85.0,-0.09151367980754159,-0.20740281295872814,time_bucket,afternoon_1330_1459
march2026_current_split,provisional_current_march_splits_only,diagnostic_test,put_near_after_0940_vwap_m2_10_near_vwap,all_gated_parallel,25,36.0,-2.8,4.285714285714286,-10.0,0.48,900.0,2.2888888888888888,-70.0,-224.48958333333334,242.8476470588235,0.04204940374898202,-0.007194244801754432,time_bucket,open_0931_0959
march2026_current_split,provisional_current_march_splits_only,diagnostic_test,put_near_after_0940_vwap_m2_10_near_vwap,all_gated_parallel,7,60.0,60.0,60.0,55.0,1.0,420.0,0.25,60.0,60.0,60.0,0.43838063465882476,0.4,time_bucket,late_1500_1530
march2026_current_split,provisional_current_march_splits_only,diagnostic_test,put_near_after_0940_vwap_m2_10_near_vwap,all_gated_parallel,167,10.568862275449101,8.7125748502994,1.5925925925925926,-30.0,0.4491017964071856,1765.0,2.963172804532578,-18.86986301369863,-72.49292125984252,82.84422883064516,0.02856594567401354,-0.03289473725487982,momentum5_side,mom5_pos
march2026_current_split,provisional_current_march_splits_only,diagnostic_test,put_near_after_0940_vwap_m2_10_near_vwap,all_gated_parallel,159,30.59748427672956,20.22012578616352,6.937984496124031,-15.0,0.4591194968553459,4865.0,1.3196300102774923,17.533783783783782,-12.569607077803798,65.53136645962732,0.03218655366378435,-0.03030303147067567,momentum5_side,mom5_neg
march2026_current_split,provisional_current_march_splits_only,diagnostic_test,put_near_after_0940_vwap_m2_10_near_vwap,all_gated_parallel,163,-1.6257668711656441,-2.7300613496932513,-13.854961832061068,-60.0,0.3987730061349693,-265.0,-19.09433962264151,-39.72222222222222,-106.14117391304349,82.25138639442922,0.021112661020139412,-0.05714285714285714,momentum15_side,mom15_pos
march2026_current_split,provisional_current_march_splits_only,diagnostic_test,put_near_after_0940_vwap_m2_10_near_vwap,all_gated_parallel,150,38.56666666666667,32.56666666666667,16.458333333333332,5.0,0.5133333333333333,5785.0,0.9282627484874676,29.814814814814813,-9.949181547619048,84.89963837994212,0.035990558765023654,0.014667956074908086,momentum15_side,mom15_neg
march2026_current_split,provisional_current_march_splits_only,diagnostic_test,put_near_after_0940_vwap_m2_10_near_vwap,all_gated_parallel,13,85.38461538461539,17.692307692307693,49.09090909090909,-10.0,0.46153846153846156,1110.0,1.1261261261261262,-86.36363636363636,-290.15,420.0,0.08063287685120789,-0.007194244801754432,momentum15_side,mom15_flat
march2026_current_split,provisional_current_march_splits_only,diagnostic_test,put_near_after_0940_vwap_m2_10_near_vwap,all_gated_parallel,162,9.012345679012345,1.5432098765432098,-8.923076923076923,-17.5,0.4506172839506173,1460.0,4.321917808219178,-7.382550335570469,-43.36797972972973,45.55354166666664,0.015281255663190304,-0.030615433565184046,vwap_gap_bucket,vwap_gap_m2_0
march2026_current_split,provisional_current_march_splits_only,diagnostic_test,put_near_after_0940_vwap_m2_10_near_vwap,all_gated_parallel,164,31.524390243902438,26.951219512195124,18.106060606060606,-20.0,0.4573170731707317,5170.0,1.125725338491296,6.482758620689655,-43.06013079573935,109.28115172955975,0.045198850869909414,-0.03339652089584717,vwap_gap_bucket,vwap_gap_0_2
march2026_current_split,provisional_current_march_splits_only,diagnostic_test,put_near_after_0940_vwap_m2_10_near_vwap,all_gated_parallel,180,33.22222222222222,25.5,18.125,5.0,0.5,5980.0,1.1237458193979932,8.695652173913043,-39.33803824412032,76.58498991645058,0.033244424002296276,0.00354609919484188,premium_bucket,premium_7_5_15
march2026_current_split,provisional_current_march_splits_only,diagnostic_test,put_near_after_0940_vwap_m2_10_near_vwap,all_gated_parallel,99,6.363636363636363,6.363636363636363,-24.567901234567902,-70.0,0.3333333333333333,630.0,4.142857142857143,-49.09090909090909,-67.09677419354838,149.01639344262296,0.020642020249813115,-0.13432836203300028,premium_bucket,premium_3_7_5
march2026_current_split,provisional_current_march_splits_only,diagnostic_test,put_near_after_0940_vwap_m2_10_near_vwap,all_gated_parallel,33,4.848484848484849,4.848484848484849,0.7407407407407407,5.0,0.5454545454545454,160.0,2.375,-10.0,-37.5,38.333333333333336,0.06069696192178154,0.02702702667871647,premium_bucket,premium_lt_3
march2026_current_split,provisional_current_march_splits_only,diagnostic_test,put_near_after_0940_vwap_m2_10_near_vwap,all_gated_parallel,14,-10.0,-50.714285714285715,-59.166666666666664,-20.0,0.5,-140.0,-8.928571428571429,-106.92307692307692,-260.0,224.53333333333327,-0.010170079175831726,-0.013488788679001527,premium_bucket,premium_gte_15
march2026_current_split,provisional_current_march_splits_only,diagnostic_test,put_near_after_0940_vwap_m2_10_near_vwap,gate_first_eligible,25,-61.6,-74.0,-89.52380952380952,-140.0,0.36,-1540.0,-1.0324675324675325,-100.43478260869566,-190.05,33.52314814814809,-0.04123201933351045,-0.1157024756911577,gate_age,gate_age_1
march2026_current_split,provisional_current_march_splits_only,diagnostic_test,put_near_after_0940_vwap_m2_10_near_vwap,gate_first_eligible,1,110.0,110.0,110.0,110.0,1.0,110.0,1.0,110.0,110.0,110.0,0.07913669281929875,0.07913669281929875,gate_age,gate_age_2_3
march2026_current_split,provisional_current_march_splits_only,diagnostic_test,put_near_after_0940_vwap_m2_10_near_vwap,gate_first_eligible,15,-14.0,-26.0,-41.53846153846154,-90.0,0.4,-210.0,-3.7142857142857144,-70.71428571428571,-139.30357142857142,136.38636363636363,-0.008742130225634165,-0.08256881022912857,time_bucket,morning_1000_1129
march2026_current_split,provisional_current_march_splits_only,diagnostic_test,put_near_after_0940_vwap_m2_10_near_vwap,gate_first_eligible,10,-96.0,-109.0,-136.25,-215.0,0.4,-960.0,-0.84375,-196.66666666666666,-357.59375,125.01136363636363,-0.04995441979298844,-0.13821250372448668,time_bucket,open_0931_0959
march2026_current_split,provisional_current_march_splits_only,diagnostic_test,put_near_after_0940_vwap_m2_10_near_vwap,gate_first_eligible,1,-260.0,-260.0,-260.0,-260.0,0.0,-260.0,1.0,-260.0,-260.0,-260.0,-0.3209876392040658,-0.3209876392040658,time_bucket,midday_1130_1329
march2026_current_split,provisional_current_march_splits_only,diagnostic_test,put_near_after_0940_vwap_m2_10_near_vwap,gate_first_eligible,14,-67.14285714285714,-82.14285714285714,-98.33333333333333,-115.0,0.35714285714285715,-940.0,-0.8617021276595744,-134.16666666666666,-270.0,86.66666666666667,-0.042511171831356734,-0.09913564296014313,momentum5_side,mom5_pos
march2026_current_split,provisional_current_march_splits_only,diagnostic_test,put_near_after_0940_vwap_m2_10_near_vwap,gate_first_eligible,12,-40.833333333333336,-49.166666666666664,-59.0,-110.0,0.4166666666666667,-490.0,-1.5918367346938775,-152.22222222222223,-310.0,118.37499999999996,-0.029708948739955682,-0.09258017181001538,momentum5_side,mom5_neg
march2026_current_split,provisional_current_march_splits_only,diagnostic_test,put_near_after_0940_vwap_m2_10_near_vwap,gate_first_eligible,13,-122.3076923076923,-136.15384615384616,-163.63636363636363,-210.0,0.3076923076923077,-1590.0,-0.49056603773584906,-197.5,-312.7590909090909,52.14697802197802,-0.08792643166440671,-0.17796609881827632,momentum15_side,mom15_pos
march2026_current_split,provisional_current_march_splits_only,diagnostic_test,put_near_after_0940_vwap_m2_10_near_vwap,gate_first_eligible,7,5.714285714285714,-12.857142857142858,5.714285714285714,-10.0,0.42857142857142855,40.0,20.25,-128.33333333333334,-340.0,345.7857142857142,0.028736745211194466,-0.007194244801754432,momentum15_side,mom15_flat
march2026_current_split,provisional_current_march_splits_only,diagnostic_test,put_near_after_0940_vwap_m2_10_near_vwap,gate_first_eligible,6,20.0,20.0,20.0,40.0,0.5,120.0,3.25,-54.0,-200.0,221.42857142857142,-0.0016295658932560981,0.02410442857980316,momentum15_side,mom15_neg
march2026_current_split,provisional_current_march_splits_only,diagnostic_test,put_near_after_0940_vwap_m2_10_near_vwap,gate_first_eligible,10,-219.0,-219.0,-251.25,-285.0,0.2,-2190.0,-0.1780821917808219,-267.77777777777777,-369.0477272727273,-76.0,-0.16931534703232318,-0.2413582425883522,vwap_gap_bucket,vwap_gap_0_2
march2026_current_split,provisional_current_march_splits_only,diagnostic_test,put_near_after_0940_vwap_m2_10_near_vwap,gate_first_eligible,16,47.5,28.125,45.0,15.0,0.5,760.0,1.0657894736842106,-9.23076923076923,-165.02083333333334,188.01153846153846,0.04634310498779808,0.010791367202631647,vwap_gap_bucket,vwap_gap_m2_0
march2026_current_split,provisional_current_march_splits_only,diagnostic_test,put_near_after_0940_vwap_m2_10_near_vwap,gate_first_eligible,22,-8.181818181818182,-25.90909090909091,-39.44444444444444,-60.0,0.4090909090909091,-180.0,-8.833333333333334,-55.78947368421053,-156.69047619047618,100.4673913043478,-0.005217107944514585,-0.0567483229444105,premium_bucket,premium_7_5_15
march2026_current_split,provisional_current_march_splits_only,diagnostic_test,put_near_after_0940_vwap_m2_10_near_vwap,gate_first_eligible,4,-312.5,-292.5,-312.5,-480.0,0.25,-1250.0,-0.312,-546.6666666666666,-570.0,142.5,-0.20922185393478535,-0.3134233238262706,premium_bucket,premium_gte_15
march2026_current_split,provisional_current_march_splits_only,diagnostic_test,put_near_after_0940_vwap_m2_10_near_vwap,slot_schedule_3win,2,285.0,285.0,285.0,285.0,1.0,570.0,0.7719298245614035,130.0,130.0,440.0,0.561374816548107,0.561374816548107,gate_age,gate_age_2_3
march2026_current_split,provisional_current_march_splits_only,diagnostic_test,put_near_after_0940_vwap_m2_10_near_vwap,slot_schedule_3win,21,-35.23809523809524,-41.42857142857143,-45.294117647058826,-30.0,0.42857142857142855,-740.0,-1.6891891891891893,-77.36842105263158,-186.19583333333333,91.31719367588931,-0.010112635224096589,-0.03896103992613359,gate_age,gate_age_1
march2026_current_split,provisional_current_march_splits_only,diagnostic_test,put_near_after_0940_vwap_m2_10_near_vwap,slot_schedule_3win,4,187.5,187.5,187.5,125.0,1.0,750.0,0.5866666666666667,103.33333333333333,77.5,360.0,0.347599173529921,0.21329787795281424,time_bucket,midday_1130_1329
march2026_current_split,provisional_current_march_splits_only,diagnostic_test,put_near_after_0940_vwap_m2_10_near_vwap,slot_schedule_3win,8,-62.5,-78.75,-62.5,-215.0,0.375,-500.0,-1.62,-187.14285714285714,-366.28125,241.28124999999997,-0.019557333565870118,-0.13821250372448668,time_bucket,open_0931_0959
march2026_current_split,provisional_current_march_splits_only,diagnostic_test,put_near_after_0940_vwap_m2_10_near_vwap,slot_schedule_3win,10,-39.0,-39.0,-41.25,-85.0,0.4,-390.0,-1.0,-86.66666666666667,-146.66666666666666,97.86458333333324,-0.028459269227640395,-0.07974594498686362,time_bucket,morning_1000_1129
march2026_current_split,provisional_current_march_splits_only,diagnostic_test,put_near_after_0940_vwap_m2_10_near_vwap,slot_schedule_3win,1,-30.0,-30.0,-30.0,-30.0,0.0,-30.0,1.0,-30.0,-30.0,-30.0,-0.03896103992613359,-0.03896103992613359,time_bucket,afternoon_1330_1459
march2026_current_split,provisional_current_march_splits_only,diagnostic_test,put_near_after_0940_vwap_m2_10_near_vwap,slot_schedule_3win,11,-50.90909090909091,-43.63636363636363,-30.0,-10.0,0.45454545454545453,-560.0,-0.6964285714285714,-95.0,-279.05277777777775,120.0,-0.018737564785896443,-0.007194244801754432,momentum5_side,mom5_neg
march2026_current_split,provisional_current_march_splits_only,diagnostic_test,put_near_after_0940_vwap_m2_10_near_vwap,slot_schedule_3win,12,32.5,15.0,7.0,5.0,0.5,390.0,2.076923076923077,-82.22222222222223,-218.91666666666666,265.38461538461536,0.09304145883625385,-0.005092030359557931,momentum5_side,mom5_pos
march2026_current_split,provisional_current_march_splits_only,diagnostic_test,put_near_after_0940_vwap_m2_10_near_vwap,slot_schedule_3win,5,146.0,146.0,146.0,130.0,0.8,730.0,0.5342465753424658,85.0,27.142857142857142,347.5,0.145192759869343,0.17054264070208175,momentum15_side,mom15_neg
march2026_current_split,provisional_current_march_splits_only,diagnostic_test,put_near_after_0940_vwap_m2_10_near_vwap,slot_schedule_3win,11,-85.45454545454545,-85.45454545454545,-93.33333333333333,-80.0,0.36363636363636365,-940.0,-0.46808510638297873,-181.11111111111111,-263.0,96.36363636363636,-0.0015215202213536801,-0.07692307974459867,momentum15_side,mom15_pos
march2026_current_split,provisional_current_march_splits_only,diagnostic_test,put_near_after_0940_vwap_m2_10_near_vwap,slot_schedule_3win,7,5.714285714285714,-12.857142857142858,5.714285714285714,-10.0,0.42857142857142855,40.0,20.25,-128.33333333333334,-340.0,345.7857142857142,0.028736745211194466,-0.007194244801754432,momentum15_side,mom15_flat
march2026_current_split,provisional_current_march_splits_only,diagnostic_test,put_near_after_0940_vwap_m2_10_near_vwap,slot_schedule_3win,11,-54.54545454545455,-54.54545454545455,-61.111111111111114,-90.0,0.36363636363636365,-600.0,-0.7333333333333333,-104.0,-193.63598901098902,135.01136363636363,0.01885659127928297,-0.08256881022912857,vwap_gap_bucket,vwap_gap_0_2
march2026_current_split,provisional_current_march_splits_only,diagnostic_test,put_near_after_0940_vwap_m2_10_near_vwap,slot_schedule_3win,12,35.833333333333336,25.0,30.0,50.0,0.5833333333333334,430.0,1.8837209302325582,-30.0,-215.025,207.34230769230768,0.058580149109839406,0.07321202011524397,vwap_gap_bucket,vwap_gap_m2_0
march2026_current_split,provisional_current_march_splits_only,diagnostic_test,put_near_after_0940_vwap_m2_10_near_vwap,slot_schedule_3win,3,210.0,210.0,210.0,130.0,1.0,630.0,0.6984126984126984,95.0,60.0,440.0,0.4134655647065613,0.27659575590562846,premium_bucket,premium_3_7_5
march2026_current_split,provisional_current_march_splits_only,diagnostic_test,put_near_after_0940_vwap_m2_10_near_vwap,slot_schedule_3win,4,-312.5,-292.5,-312.5,-480.0,0.25,-1250.0,-0.312,-546.6666666666666,-570.0,142.5,-0.20922185393478535,-0.3134233238262706,premium_bucket,premium_gte_15
march2026_current_split,provisional_current_march_splits_only,diagnostic_test,put_near_after_0940_vwap_m2_10_near_vwap,slot_schedule_3win,16,28.125,15.0,9.285714285714286,-20.0,0.4375,450.0,1.8,-20.0,-98.75,151.1764705882353,0.031679688438102684,-0.02307764236394401,premium_bucket,premium_7_5_15
march2026_current_split,provisional_current_march_splits_only,diagnostic_test,put_near_after_0940_vwap_m2_10_near_vwap,attempt130_serial,14,8.571428571428571,-6.428571428571429,-10.0,-45.0,0.5,120.0,6.75,-45.833333333333336,-84.77119883040936,120.99999999999991,0.013001133726288349,-0.043462748242069985,gate_age,gate_age_1
march2026_current_split,provisional_current_march_splits_only,diagnostic_test,put_near_after_0940_vwap_m2_10_near_vwap,attempt130_serial,1,-60.0,-60.0,-60.0,-60.0,0.0,-60.0,1.0,-60.0,-60.0,-60.0,-0.05660377154786554,-0.05660377154786554,gate_age,gate_age_2_3
march2026_current_split,provisional_current_march_splits_only,diagnostic_test,put_near_after_0940_vwap_m2_10_near_vwap,attempt130_serial,2,165.0,165.0,165.0,165.0,0.5,330.0,1.1818181818181819,-60.0,-60.0,390.0,0.12133202075438769,0.12133202075438769,gate_age,gate_age_4_10
march2026_current_split,provisional_current_march_splits_only,diagnostic_test,put_near_after_0940_vwap_m2_10_near_vwap,attempt130_serial,11,8.181818181818182,8.181818181818182,11.11111111111111,-60.0,0.45454545454545453,90.0,5.111111111111111,-26.25,-70.0,69.24999999999997,-0.002923426876510511,-0.05660377154786554,time_bucket,morning_1000_1129
march2026_current_split,provisional_current_march_splits_only,diagnostic_test,put_near_after_0940_vwap_m2_10_near_vwap,attempt130_serial,4,52.5,0.0,52.5,-15.0,0.5,210.0,3.857142857142857,-200.0,-420.0,600.0,0.04685564095948129,-0.02444589454692289,time_bucket,open_0931_0959
march2026_current_split,provisional_current_march_splits_only,diagnostic_test,put_near_after_0940_vwap_m2_10_near_vwap,attempt130_serial,2,45.0,45.0,45.0,45.0,0.5,90.0,1.6666666666666667,-60.0,-60.0,150.0,0.10640563696631859,0.10640563696631859,time_bucket,midday_1130_1329
march2026_current_split,provisional_current_march_splits_only,diagnostic_test,put_near_after_0940_vwap_m2_10_near_vwap,attempt130_serial,9,-72.22222222222223,-95.55555555555556,-72.22222222222223,-140.0,0.3333333333333333,-650.0,-1.2461538461538462,-210.0,-340.2142857142857,64.44444444444444,-0.04827549066057221,-0.1157024756911577,momentum5_side,mom5_pos
march2026_current_split,provisional_current_march_splits_only,diagnostic_test,put_near_after_0940_vwap_m2_10_near_vwap,attempt130_serial,8,130.0,130.0,130.0,125.0,0.625,1040.0,0.375,118.33333333333333,105.45454545454545,160.0,0.10031944475926209,0.16280106572405498,momentum5_side,mom5_neg
march2026_current_split,provisional_current_march_splits_only,diagnostic_test,put_near_after_0940_vwap_m2_10_near_vwap,attempt130_serial,9,-143.33333333333334,-143.33333333333334,-143.33333333333334,-140.0,0.2222222222222222,-1290.0,-0.35658914728682173,-166.25,-307.5,-35.44318181818183,-0.1156915852198362,-0.1157024756911577,momentum15_side,mom15_pos
march2026_current_split,provisional_current_march_splits_only,diagnostic_test,put_near_after_0940_vwap_m2_10_near_vwap,attempt130_serial,5,180.0,180.0,180.0,150.0,0.8,900.0,0.43333333333333335,136.66666666666666,0.0,332.0,0.15993112460946507,0.26712328069181884,momentum15_side,mom15_neg
march2026_current_split,provisional_current_march_splits_only,diagnostic_test,put_near_after_0940_vwap_m2_10_near_vwap,attempt130_serial,3,260.0,190.0,260.0,390.0,0.6666666666666666,780.0,1.0384615384615385,-15.0,-420.0,600.0,0.20321492868671578,0.22033897355337312,momentum15_side,mom15_flat
march2026_current_split,provisional_current_march_splits_only,diagnostic_test,put_near_after_0940_vwap_m2_10_near_vwap,attempt130_serial,8,96.25,70.0,96.25,-10.0,0.5,770.0,1.051948051948052,16.666666666666668,-138.91964285714286,221.42857142857142,0.0648546843890912,-0.013134447139533994,vwap_gap_bucket,vwap_gap_m2_0
march2026_current_split,provisional_current_march_splits_only,diagnostic_test,put_near_after_0940_vwap_m2_10_near_vwap,attempt130_serial,9,-42.22222222222222,-42.22222222222222,-42.22222222222222,-60.0,0.4444444444444444,-380.0,-1.2105263157894737,-66.25,-192.0,80.07142857142851,-0.016751259220420308,-0.05660377154786554,vwap_gap_bucket,vwap_gap_0_2
march2026_current_split,provisional_current_march_splits_only,diagnostic_test,put_near_after_0940_vwap_m2_10_near_vwap,attempt130_serial,14,19.285714285714285,4.285714285714286,2.5,-60.0,0.42857142857142855,270.0,3.0,-30.90909090909091,-147.5625,96.150641025641,0.01065077027171927,-0.055824822516975625,premium_bucket,premium_7_5_15
march2026_current_split,provisional_current_march_splits_only,diagnostic_test,put_near_after_0940_vwap_m2_10_near_vwap,attempt130_serial,2,-15.0,-15.0,-15.0,-15.0,0.5,-30.0,-13.0,-420.0,-420.0,390.0,-0.02444589454692289,-0.02444589454692289,premium_bucket,premium_gte_15
march2026_current_split,provisional_current_march_splits_only,diagnostic_test,put_near_after_0940_vwap_m2_10_near_vwap,attempt130_serial,1,150.0,150.0,150.0,150.0,1.0,150.0,1.0,150.0,150.0,150.0,0.2678571474187229,0.2678571474187229,premium_bucket,premium_3_7_5
march2026_current_split,provisional_current_march_splits_only,diagnostic_test,put_near_after_0940_vwap_m2_10_near_vwap,attempt130_topk_parallel,11,-46.36363636363637,-46.36363636363637,-53.333333333333336,10.0,0.5454545454545454,-510.0,-0.7647058823529411,-130.0,-186.0,151.5576923076923,-0.011713735547923298,0.005917159896876767,gate_age,gate_age_1
march2026_current_split,provisional_current_march_splits_only,diagnostic_test,put_near_after_0940_vwap_m2_10_near_vwap,attempt130_topk_parallel,5,-74.0,-74.0,-74.0,-170.0,0.2,-370.0,-1.4864864864864864,-230.0,-324.2857142857143,370.0,-0.04881096648877866,-0.24637680818893865,gate_age,gate_age_2_3
march2026_current_split,provisional_current_march_splits_only,diagnostic_test,put_near_after_0940_vwap_m2_10_near_vwap,attempt130_topk_parallel,1,-110.0,-110.0,-110.0,-110.0,0.0,-110.0,1.0,-110.0,-110.0,-110.0,-0.44,-0.44,gate_age,gate_age_4_10
march2026_current_split,provisional_current_march_splits_only,diagnostic_test,put_near_after_0940_vwap_m2_10_near_vwap,attempt130_topk_parallel,5,46.0,46.0,46.0,60.0,0.6,230.0,2.391304347826087,-80.0,-156.66666666666666,550.0,0.061957609904196964,0.11764706102347021,time_bucket,midday_1130_1329
march2026_current_split,provisional_current_march_splits_only,diagnostic_test,put_near_after_0940_vwap_m2_10_near_vwap,attempt130_topk_parallel,2,80.0,80.0,80.0,80.0,0.5,160.0,1.6875,80.0,80.0,80.0,0.016842113188429486,0.016842113188429486,time_bucket,afternoon_1330_1459
march2026_current_split,provisional_current_march_splits_only,diagnostic_test,put_near_after_0940_vwap_m2_10_near_vwap,attempt130_topk_parallel,7,-185.71428571428572,-185.71428571428572,-185.71428571428572,-210.0,0.2857142857142857,-1300.0,-0.03076923076923077,-223.33333333333334,-304.54545454545456,25.0,-0.15351309614573827,-0.1764705938922848,time_bucket,morning_1000_1129
march2026_current_split,provisional_current_march_splits_only,diagnostic_test,put_near_after_0940_vwap_m2_10_near_vwap,attempt130_topk_parallel,3,-26.666666666666668,-26.666666666666668,-26.666666666666668,-50.0,0.3333333333333333,-80.0,-4.875,-235.0,-235.0,390.0,-0.0272621754495752,-0.03289473725487982,time_bucket,open_0931_0959
march2026_current_split,provisional_current_march_splits_only,diagnostic_test,put_near_after_0940_vwap_m2_10_near_vwap,attempt130_topk_parallel,14,-110.0,-110.0,-139.16666666666666,-155.0,0.2857142857142857,-1540.0,-0.35714285714285715,-158.1818181818182,-243.75,29.303571428571413,-0.09335851459571587,-0.21142370104061173,momentum5_side,mom5_pos
march2026_current_split,provisional_current_march_splits_only,diagnostic_test,put_near_after_0940_vwap_m2_10_near_vwap,attempt130_topk_parallel,3,183.33333333333334,183.33333333333334,183.33333333333334,150.0,1.0,550.0,0.7090909090909091,80.0,10.0,390.0,0.16470442695632426,0.22033897355337312,momentum5_side,mom5_neg
march2026_current_split,provisional_current_march_splits_only,diagnostic_test,put_near_after_0940_vwap_m2_10_near_vwap,attempt130_topk_parallel,13,-81.53846153846153,-81.53846153846153,-113.63636363636364,-140.0,0.38461538461538464,-1060.0,-0.5188679245283019,-126.0,-230.30357142857142,64.17788461538461,-0.07684434958008053,-0.1764705938922848,momentum15_side,mom15_pos
march2026_current_split,provisional_current_march_splits_only,diagnostic_test,put_near_after_0940_vwap_m2_10_near_vwap,attempt130_topk_parallel,3,-26.666666666666668,-26.666666666666668,-26.666666666666668,-50.0,0.3333333333333333,-80.0,-4.875,-235.0,-235.0,390.0,-0.0272621754495752,-0.03289473725487982,momentum15_side,mom15_flat
march2026_current_split,provisional_current_march_splits_only,diagnostic_test,put_near_after_0940_vwap_m2_10_near_vwap,attempt130_topk_parallel,1,150.0,150.0,150.0,150.0,1.0,150.0,1.0,150.0,150.0,150.0,0.2678571474187229,0.2678571474187229,momentum15_side,mom15_neg
march2026_current_split,provisional_current_march_splits_only,diagnostic_test,put_near_after_0940_vwap_m2_10_near_vwap,attempt130_topk_parallel,7,-11.428571428571429,-11.428571428571429,-11.428571428571429,40.0,0.5714285714285714,-80.0,-4.875,-148.0,-213.33333333333334,210.0,0.000756505686368133,0.028776979207017727,vwap_gap_bucket,vwap_gap_m2_0
march2026_current_split,provisional_current_march_splits_only,diagnostic_test,put_near_after_0940_vwap_m2_10_near_vwap,attempt130_topk_parallel,10,-91.0,-91.0,-130.0,-140.0,0.3,-910.0,-0.6043956043956044,-156.25,-229.0,81.5595238095237,-0.08182014632756265,-0.21142370104061173,vwap_gap_bucket,vwap_gap_0_2
march2026_current_split,provisional_current_march_splits_only,diagnostic_test,put_near_after_0940_vwap_m2_10_near_vwap,attempt130_topk_parallel,8,-140.0,-140.0,-140.0,-255.0,0.25,-1120.0,-0.49107142857142855,-264.0,-340.0,60.0,-0.1137310229561643,-0.21220223518666853,premium_bucket,premium_7_5_15
march2026_current_split,provisional_current_march_splits_only,diagnostic_test,put_near_after_0940_vwap_m2_10_near_vwap,attempt130_topk_parallel,4,77.5,77.5,77.5,105.0,0.75,310.0,0.8709677419354839,13.333333333333334,-55.0,270.0,0.15320290665752836,0.19275210422109657,premium_bucket,premium_3_7_5
march2026_current_split,provisional_current_march_splits_only,diagnostic_test,put_near_after_0940_vwap_m2_10_near_vwap,attempt130_topk_parallel,4,-17.5,-17.5,-17.5,-20.0,0.5,-70.0,-5.571428571428571,-153.33333333333334,-153.33333333333334,390.0,-0.018967341612962207,-0.013488788679001527,premium_bucket,premium_gte_15
march2026_current_split,provisional_current_march_splits_only,diagnostic_test,put_near_after_0940_vwap_m2_10_near_vwap,attempt130_topk_parallel,1,-110.0,-110.0,-110.0,-110.0,0.0,-110.0,1.0,-110.0,-110.0,-110.0,-0.44,-0.44,premium_bucket,premium_lt_3
march2026_current_split,provisional_current_march_splits_only,validation,put_near_after_0940_vwap_m2_10_premium_gte_7_5,all_gated_parallel,207,31.594202898550726,-8.840579710144928,-8.502994011976048,-70.0,0.4396135265700483,6540.0,2.567278287461774,-45.0828729281768,-127.75213963963964,126.9553134726545,0.015528160768367574,-0.050420169683509944,gate_age,gate_age_4_10
march2026_current_split,provisional_current_march_splits_only,validation,put_near_after_0940_vwap_m2_10_premium_gte_7_5,all_gated_parallel,175,9.6,-25.942857142857143,-19.929078014184398,-90.0,0.3942857142857143,1680.0,6.75,-36.458333333333336,-159.2299590875279,98.81709135267009,0.019099550586784805,-0.0674603154179311,gate_age,gate_age_2_3
march2026_current_split,provisional_current_march_splits_only,validation,put_near_after_0940_vwap_m2_10_premium_gte_7_5,all_gated_parallel,151,86.75496688741723,52.847682119205295,62.14876033057851,50.0,0.5364238410596026,13100.0,0.9114503816793893,22.446043165467625,-173.33333333333334,288.72,0.07535215393764055,0.02643171717331278,gate_age,gate_age_gt_10
march2026_current_split,provisional_current_march_splits_only,validation,put_near_after_0940_vwap_m2_10_premium_gte_7_5,all_gated_parallel,150,-18.666666666666668,-50.4,-57.333333333333336,-120.0,0.41333333333333333,-2800.0,-3.3857142857142857,-51.71875,-133.47055474416416,38.78362387439389,-0.0024692351832273592,-0.07378393536010515,gate_age,gate_age_1
march2026_current_split,provisional_current_march_splits_only,validation,put_near_after_0940_vwap_m2_10_premium_gte_7_5,all_gated_parallel,211,43.27014218009479,3.838862559241706,4.792899408284024,-20.0,0.46445497630331756,9130.0,1.6779846659364732,7.57396449704142,-150.6653899579197,103.20725388601025,0.03163232793393253,-0.011494253125558023,time_bucket,midday_1130_1329
march2026_current_split,provisional_current_march_splits_only,validation,put_near_after_0940_vwap_m2_10_premium_gte_7_5,all_gated_parallel,68,33.529411764705884,-16.470588235294116,-9.107142857142858,-90.0,0.4117647058823529,2280.0,2.1096491228070176,-9.696969696969697,-211.53171992481202,229.5976063829787,0.008547517465117916,-0.06926707986234393,time_bucket,open_0931_0959
march2026_current_split,provisional_current_march_splits_only,validation,put_near_after_0940_vwap_m2_10_premium_gte_7_5,all_gated_parallel,164,56.40243902439025,24.20731707317073,34.54545454545455,-45.0,0.42073170731707316,9250.0,0.9664864864864865,-14.96,-164.7874305685577,166.7543916169288,0.06750971311650623,-0.042357687026162244,time_bucket,morning_1000_1129
march2026_current_split,provisional_current_march_splits_only,validation,put_near_after_0940_vwap_m2_10_premium_gte_7_5,all_gated_parallel,193,-1.8652849740932642,-42.84974093264249,-53.03225806451613,-70.0,0.44041450777202074,-360.0,-44.111111111111114,-77.8804347826087,-174.71428571428572,245.3125,-0.0016659697070006572,-0.033492823577822885,time_bucket,afternoon_1330_1459
march2026_current_split,provisional_current_march_splits_only,validation,put_near_after_0940_vwap_m2_10_premium_gte_7_5,all_gated_parallel,47,-37.87234042553192,-28.51063829787234,-55.64102564102564,-130.0,0.48936170212765956,-1780.0,-2.696629213483146,-245.89743589743588,-174.4,235.3125,-0.009386650649034649,-0.07281553263218829,time_bucket,late_1500_1530
march2026_current_split,provisional_current_march_splits_only,validation,put_near_after_0940_vwap_m2_10_premium_gte_7_5,all_gated_parallel,379,67.33509234828496,11.187335092348285,21.278688524590162,-30.0,0.46965699208443273,25520.0,1.1183385579937304,12.838283828382838,-122.00538461538461,137.5236752356155,0.049130619160592866,-0.021582734405263294,momentum5_side,mom5_pos
march2026_current_split,provisional_current_march_splits_only,validation,put_near_after_0940_vwap_m2_10_premium_gte_7_5,all_gated_parallel,304,-23.026315789473685,-33.51973684210526,-41.59836065573771,-70.0,0.41118421052631576,-7000.0,-2.7485714285714287,-74.92857142857143,-163.54944620253164,107.15467308735757,-0.003473565996794872,-0.044859971414378745,momentum5_side,mom5_neg
march2026_current_split,provisional_current_march_splits_only,validation,put_near_after_0940_vwap_m2_10_premium_gte_7_5,all_gated_parallel,377,86.89655172413794,31.591511936339522,39.96699669966997,-10.0,0.47480106100795755,32760.0,0.8791208791208791,27.147335423197493,-125.38327887394746,148.23121293800537,0.05144840560518986,-0.00925925909573486,momentum15_side,mom15_pos
march2026_current_split,provisional_current_march_splits_only,validation,put_near_after_0940_vwap_m2_10_premium_gte_7_5,all_gated_parallel,28,210.71428571428572,101.78571428571429,169.58333333333334,55.0,0.5,5900.0,0.49491525423728816,126.52173913043478,-147.89219858156028,390.7001915708812,0.11865344711146394,0.026623460394347643,momentum15_side,mom15_flat
march2026_current_split,provisional_current_march_splits_only,validation,put_near_after_0940_vwap_m2_10_premium_gte_7_5,all_gated_parallel,278,-72.44604316546763,-74.49640287769785,-93.25892857142857,-175.0,0.39568345323741005,-20140.0,-0.8356504468718967,-102.32824427480917,-159.68445322793147,55.35194020356227,-0.018538866307332792,-0.09635113985617871,momentum15_side,mom15_neg
march2026_current_split,provisional_current_march_splits_only,validation,put_near_after_0940_vwap_m2_10_premium_gte_7_5,all_gated_parallel,481,-4.656964656964657,-30.686070686070686,-37.246753246753244,-70.0,0.42203742203742206,-2240.0,-14.566964285714286,-50.51801801801802,-176.23379293662313,119.29293313069901,0.011626209379919789,-0.047058823529411764,vwap_gap_bucket,vwap_gap_2_10
march2026_current_split,provisional_current_march_splits_only,validation,put_near_after_0940_vwap_m2_10_premium_gte_7_5,all_gated_parallel,98,70.3061224489796,30.0,49.0,-40.0,0.45918367346938777,6890.0,0.9042089985486212,46.53846153846154,-72.54885057471265,117.89119318181817,0.045603744425677946,-0.02267272962605698,vwap_gap_bucket,vwap_gap_m2_0
march2026_current_split,provisional_current_march_splits_only,validation,put_near_after_0940_vwap_m2_10_premium_gte_7_5,all_gated_parallel,104,133.3653846153846,56.44230769230769,81.19047619047619,50.0,0.5288461538461539,13870.0,0.756308579668349,44.45783132530121,-67.09671179883945,188.35267857142856,0.07214583589789607,0.02460106303211306,vwap_gap_bucket,vwap_gap_0_2
march2026_current_split,provisional_current_march_splits_only,validation,put_near_after_0940_vwap_m2_10_premium_gte_7_5,all_gated_parallel,369,3.306233062330623,-39.86449864498645,-48.45117845117845,-70.0,0.45257452574525747,1220.0,26.221311475409838,-56.81547619047619,-170.55187059343862,119.09362294835114,0.0008305139085800271,-0.03174603238678044,premium_bucket,premium_gte_15
march2026_current_split,provisional_current_march_splits_only,validation,put_near_after_0940_vwap_m2_10_premium_gte_7_5,all_gated_parallel,314,55.095541401273884,27.898089171974522,28.571428571428573,-50.0,0.43312101910828027,17300.0,0.8358381502890173,14.79553903345725,-90.82614436619718,122.00932539682535,0.054962041294818534,-0.04412719077361599,premium_bucket,premium_7_5_15
march2026_current_split,provisional_current_march_splits_only,validation,put_near_after_0940_vwap_m2_10_premium_gte_7_5,gate_first_eligible,20,-11.5,-85.5,-83.125,-180.0,0.3,-230.0,-5.913043478260869,-67.77777777777777,-252.50694444444446,54.01249999999999,-0.028098397875903302,-0.09830826012334898,gate_age,gate_age_1
march2026_current_split,provisional_current_march_splits_only,validation,put_near_after_0940_vwap_m2_10_premium_gte_7_5,gate_first_eligible,3,-86.66666666666667,-46.666666666666664,-86.66666666666667,-20.0,0.3333333333333333,-260.0,-1.8461538461538463,-370.0,-600.0,480.0,-0.05313967585991931,-0.015151515370448652,gate_age,gate_age_2_3
march2026_current_split,provisional_current_march_splits_only,validation,put_near_after_0940_vwap_m2_10_premium_gte_7_5,gate_first_eligible,9,-75.55555555555556,-125.55555555555556,-75.55555555555556,-130.0,0.2222222222222222,-680.0,-1.5441176470588236,-181.66666666666666,-310.0,35.56249999999999,-0.08557063069161057,-0.09701492813494464,time_bucket,morning_1000_1129
march2026_current_split,provisional_current_march_splits_only,validation,put_near_after_0940_vwap_m2_10_premium_gte_7_5,gate_first_eligible,14,13.571428571428571,-51.42857142857143,-34.166666666666664,-175.0,0.35714285714285715,190.0,7.157894736842105,-90.0,-262.3607843137255,202.02692307692305,0.003482049366190779,-0.08706787591822057,time_bucket,open_0931_0959
march2026_current_split,provisional_current_march_splits_only,validation,put_near_after_0940_vwap_m2_10_premium_gte_7_5,gate_first_eligible,19,45.78947368421053,-25.789473684210527,15.882352941176471,-130.0,0.3684210526315789,870.0,1.5632183908045978,-7.0588235294117645,-218.73125,121.51684782608694,0.019951031231497208,-0.07453415972468785,momentum5_side,mom5_pos
march2026_current_split,provisional_current_march_splits_only,validation,put_near_after_0940_vwap_m2_10_premium_gte_7_5,gate_first_eligible,4,-340.0,-340.0,-340.0,-415.0,0.0,-1360.0,0.014705882352941176,-446.6666666666667,-470.0,-122.5,-0.27511414462406775,-0.35889184480653763,momentum5_side,mom5_neg
march2026_current_split,provisional_current_march_splits_only,validation,put_near_after_0940_vwap_m2_10_premium_gte_7_5,gate_first_eligible,5,-200.0,-176.0,-200.0,-130.0,0.2,-1000.0,-0.34,-335.0,-414.0,106.0,-0.12213552641310663,-0.07453415972468785,momentum15_side,mom15_neg
march2026_current_split,provisional_current_march_splits_only,validation,put_near_after_0940_vwap_m2_10_premium_gte_7_5,gate_first_eligible,8,238.75,90.0,238.75,75.0,0.5,1910.0,0.7120418848167539,78.57142857142857,-208.9375,387.5,0.13113563841370887,0.04867415073063276,momentum15_side,mom15_flat
march2026_current_split,provisional_current_march_splits_only,validation,put_near_after_0940_vwap_m2_10_premium_gte_7_5,gate_first_eligible,10,-140.0,-169.0,-211.25,-300.0,0.2,-1400.0,-0.75,-242.5,-360.0,28.333333333333332,-0.11597944603419619,-0.2779624914518401,momentum15_side,mom15_pos
march2026_current_split,provisional_current_march_splits_only,validation,put_near_after_0940_vwap_m2_10_premium_gte_7_5,gate_first_eligible,5,408.0,302.0,408.0,480.0,0.8,2040.0,0.5147058823529411,406.6666666666667,45.0,600.0,0.2694517052489327,0.30573248779069073,vwap_gap_bucket,vwap_gap_0_2
march2026_current_split,provisional_current_march_splits_only,validation,put_near_after_0940_vwap_m2_10_premium_gte_7_5,gate_first_eligible,7,-212.85714285714286,-212.85714285714286,-212.85714285714286,-130.0,0.0,-1490.0,0.040268456375838924,-238.33333333333334,-328.375,-122.82738095238098,-0.13922608652676027,-0.09701492813494464,vwap_gap_bucket,vwap_gap_m2_0
march2026_current_split,provisional_current_march_splits_only,validation,put_near_after_0940_vwap_m2_10_premium_gte_7_5,gate_first_eligible,11,-94.54545454545455,-170.0,-182.22222222222223,-370.0,0.2727272727272727,-1040.0,-1.3076923076923077,-225.55555555555554,-364.5984848484849,50.92482517482516,-0.0994602641504696,-0.33043478260869563,vwap_gap_bucket,vwap_gap_2_10
march2026_current_split,provisional_current_march_splits_only,validation,put_near_after_0940_vwap_m2_10_premium_gte_7_5,gate_first_eligible,14,102.14285714285714,10.714285714285714,69.16666666666667,-90.0,0.42857142857142855,1430.0,0.951048951048951,5.384615384615385,-257.53977272727275,221.80987394957978,0.06412814504253081,-0.055150395428933185,premium_bucket,premium_gte_15
march2026_current_split,provisional_current_march_splits_only,validation,put_near_after_0940_vwap_m2_10_premium_gte_7_5,gate_first_eligible,9,-213.33333333333334,-222.22222222222223,-213.33333333333334,-370.0,0.1111111111111111,-1920.0,-0.3541666666666667,-345.0,-407.14285714285717,-61.950000000000045,-0.17990900174369504,-0.35087720472359923,premium_bucket,premium_7_5_15
march2026_current_split,provisional_current_march_splits_only,validation,put_near_after_0940_vwap_m2_10_premium_gte_7_5,slot_schedule_3win,20,-33.5,-107.5,-107.5,-235.0,0.3,-670.0,-2.029850746268657,-92.22222222222223,-281.92534722222223,47.05227272727268,-0.06377378303874619,-0.20763246376112243,gate_age,gate_age_1
march2026_current_split,provisional_current_march_splits_only,validation,put_near_after_0940_vwap_m2_10_premium_gte_7_5,slot_schedule_3win,1,0.0,0.0,0.0,0.0,0.0,0.0,0.0,0.0,0.0,0.0,0.0,0.0,gate_age,gate_age_2_3
march2026_current_split,provisional_current_march_splits_only,validation,put_near_after_0940_vwap_m2_10_premium_gte_7_5,slot_schedule_3win,1,800.0,600.0,800.0,800.0,1.0,800.0,1.0,800.0,600.0,600.0,0.7339449798144763,0.7339449798144763,gate_age,gate_age_4_10
march2026_current_split,provisional_current_march_splits_only,validation,put_near_after_0940_vwap_m2_10_premium_gte_7_5,slot_schedule_3win,9,171.11111111111111,38.888888888888886,171.11111111111111,-60.0,0.4444444444444444,1540.0,0.8831168831168831,22.5,-238.02777777777777,334.44444444444446,0.09149726066270539,-0.03726707986234393,time_bucket,open_0931_0959
march2026_current_split,provisional_current_march_splits_only,validation,put_near_after_0940_vwap_m2_10_premium_gte_7_5,slot_schedule_3win,4,-180.0,-180.0,-180.0,-195.0,0.0,-720.0,-0.0,-240.0,-295.0,-82.5,-0.17818214096770874,-0.15993570158642262,time_bucket,midday_1130_1329
march2026_current_split,provisional_current_march_splits_only,validation,put_near_after_0940_vwap_m2_10_premium_gte_7_5,slot_schedule_3win,8,-2.5,-72.5,-2.5,-275.0,0.375,-20.0,-52.5,-117.14285714285714,-348.57142857142856,180.0,-0.030467608523175416,-0.27799589300200905,time_bucket,morning_1000_1129
march2026_current_split,provisional_current_march_splits_only,validation,put_near_after_0940_vwap_m2_10_premium_gte_7_5,slot_schedule_3win,1,-670.0,-600.0,-670.0,-670.0,0.0,-670.0,1.0,-670.0,-600.0,-600.0,-0.40853659486855753,-0.40853659486855753,time_bucket,afternoon_1330_1459
march2026_current_split,provisional_current_march_splits_only,validation,put_near_after_0940_vwap_m2_10_premium_gte_7_5,slot_schedule_3win,15,144.0,34.666666666666664,103.84615384615384,-60.0,0.4,2160.0,0.6296296296296297,79.28571428571429,-162.7340909090909,176.01176470588234,0.05354935182177242,-0.03726707986234393,momentum5_side,mom5_pos
march2026_current_split,provisional_current_march_splits_only,validation,put_near_after_0940_vwap_m2_10_premium_gte_7_5,slot_schedule_3win,7,-290.0,-295.7142857142857,-290.0,-430.0,0.14285714285714285,-2030.0,-0.39408866995073893,-480.0,-546.0,-52.5,-0.19211013689814768,-0.36752137351274694,momentum5_side,mom5_neg
march2026_current_split,provisional_current_march_splits_only,validation,put_near_after_0940_vwap_m2_10_premium_gte_7_5,slot_schedule_3win,8,238.75,90.0,238.75,75.0,0.5,1910.0,0.7120418848167539,78.57142857142857,-208.9375,387.5,0.13113563841370887,0.04867415073063276,momentum15_side,mom15_flat
march2026_current_split,provisional_current_march_splits_only,validation,put_near_after_0940_vwap_m2_10_premium_gte_7_5,slot_schedule_3win,6,-431.6666666666667,-405.0,-431.6666666666667,-350.0,0.0,-2590.0,0.07722007722007722,-478.0,-546.0,-293.3333333333333,-0.3271258336237666,-0.397648097224553,momentum15_side,mom15_neg
march2026_current_split,provisional_current_march_splits_only,validation,put_near_after_0940_vwap_m2_10_premium_gte_7_5,slot_schedule_3win,8,101.25,20.0,101.25,-95.0,0.375,810.0,1.2962962962962963,33.333333333333336,-175.0,176.25,0.046517401684060135,-0.09482758308846102,momentum15_side,mom15_pos
march2026_current_split,provisional_current_march_splits_only,validation,put_near_after_0940_vwap_m2_10_premium_gte_7_5,slot_schedule_3win,6,-276.6666666666667,-276.6666666666667,-276.6666666666667,-290.0,0.0,-1660.0,0.03614457831325301,-320.0,-373.3333333333333,-176.66666666666666,-0.2187520222845131,-0.20763246376112243,vwap_gap_bucket,vwap_gap_m2_0
march2026_current_split,provisional_current_march_splits_only,validation,put_near_after_0940_vwap_m2_10_premium_gte_7_5,slot_schedule_3win,6,56.666666666666664,-16.666666666666668,56.666666666666664,-95.0,0.3333333333333333,340.0,3.088235294117647,-85.0,-395.0,230.0,0.02242872302100965,-0.12025316310528666,vwap_gap_bucket,vwap_gap_0_2
march2026_current_split,provisional_current_march_splits_only,validation,put_near_after_0940_vwap_m2_10_premium_gte_7_5,slot_schedule_3win,10,145.0,21.0,95.0,5.0,0.5,1450.0,0.9379310344827586,31.25,-262.39166666666665,245.1249999999999,0.06364091146205733,0.02762515218066878,vwap_gap_bucket,vwap_gap_2_10
march2026_current_split,provisional_current_march_splits_only,validation,put_near_after_0940_vwap_m2_10_premium_gte_7_5,slot_schedule_3win,13,79.23076923076923,-28.46153846153846,32.72727272727273,-60.0,0.38461538461538464,1030.0,1.3203883495145632,-27.5,-273.34375,265.85416666666663,0.039312613919042144,-0.03726707986234393,premium_bucket,premium_gte_15
march2026_current_split,provisional_current_march_splits_only,validation,put_near_after_0940_vwap_m2_10_premium_gte_7_5,slot_schedule_3win,9,-100.0,-131.11111111111111,-100.0,-330.0,0.2222222222222222,-900.0,-0.8888888888888888,-194.28571428571428,-396.6666666666667,26.428571428571427,-0.11695496243422168,-0.36633661982709603,premium_bucket,premium_7_5_15
march2026_current_split,provisional_current_march_splits_only,diagnostic_test,put_near_after_0940_vwap_m2_10_premium_gte_7_5,all_gated_parallel,197,-14.263959390862944,-31.522842639593907,-42.45283018867924,-50.0,0.4416243654822335,-2810.0,-3.807829181494662,-35.42372881355932,-95.72529840848806,40.67331009622545,-0.00777129925138977,-0.03636363636363636,gate_age,gate_age_2_3
march2026_current_split,provisional_current_march_splits_only,diagnostic_test,put_near_after_0940_vwap_m2_10_premium_gte_7_5,all_gated_parallel,295,40.91525423728814,30.74576271186441,33.41772151898734,0.0,0.49830508474576274,12070.0,1.172328086164043,19.583333333333332,-38.96732794764291,106.43657212696358,0.03161252300092107,0.0,gate_age,gate_age_4_10
march2026_current_split,provisional_current_march_splits_only,diagnostic_test,put_near_after_0940_vwap_m2_10_premium_gte_7_5,all_gated_parallel,164,-6.280487804878049,-27.134146341463413,-35.833333333333336,-30.0,0.4634146341463415,-1030.0,-9.485436893203884,-20.0,-90.87756804214222,30.653443113772443,-0.00992370444956513,-0.018387315086164813,gate_age,gate_age_1
march2026_current_split,provisional_current_march_splits_only,diagnostic_test,put_near_after_0940_vwap_m2_10_premium_gte_7_5,all_gated_parallel,200,117.55,98.5,101.3125,90.0,0.58,23510.0,0.40663547426626967,84.59770114942529,16.25093417019413,212.82900432900433,0.07653930838708174,0.05677288794494181,gate_age,gate_age_gt_10
march2026_current_split,provisional_current_march_splits_only,diagnostic_test,put_near_after_0940_vwap_m2_10_premium_gte_7_5,all_gated_parallel,160,2.6875,8.5625,12.34375,40.0,0.53125,430.0,16.046511627906977,-55.86466165413534,-125.83416742493175,168.94117647058823,0.0030064808670744736,0.021489583646489153,time_bucket,afternoon_1330_1459
march2026_current_split,provisional_current_march_splits_only,diagnostic_test,put_near_after_0940_vwap_m2_10_premium_gte_7_5,all_gated_parallel,295,74.40677966101696,45.186440677966104,42.742616033755276,10.0,0.5084745762711864,21950.0,0.8250569476082005,58.12244897959184,-20.849651702786375,115.11786849590095,0.04143810360138349,0.007380073696853332,time_bucket,midday_1130_1329
march2026_current_split,provisional_current_march_splits_only,diagnostic_test,put_near_after_0940_vwap_m2_10_premium_gte_7_5,all_gated_parallel,73,-40.821917808219176,-80.27397260273973,-79.66101694915254,-170.0,0.410958904109589,-2980.0,-1.5100671140939597,-154.12698412698413,-349.23023747560177,194.06008687258674,-0.0028688928858916374,-0.09883720491820912,time_bucket,open_0931_0959
march2026_current_split,provisional_current_march_splits_only,diagnostic_test,put_near_after_0940_vwap_m2_10_premium_gte_7_5,all_gated_parallel,298,0.2348993288590604,-6.10738255033557,-18.75,-50.0,0.45302013422818793,70.0,157.14285714285714,-18.201438848920862,-77.24859105196838,60.77688710003822,0.008167805179758668,-0.044372890432592266,time_bucket,morning_1000_1129
march2026_current_split,provisional_current_march_splits_only,diagnostic_test,put_near_after_0940_vwap_m2_10_premium_gte_7_5,all_gated_parallel,30,409.0,369.6666666666667,425.4166666666667,495.0,0.8666666666666667,12270.0,0.15240423797881011,376.9230769230769,312.3076923076923,413.52941176470586,0.218175607213252,0.2394845093677827,time_bucket,late_1500_1530
march2026_current_split,provisional_current_march_splits_only,diagnostic_test,put_near_after_0940_vwap_m2_10_premium_gte_7_5,all_gated_parallel,458,11.244541484716157,-1.0262008733624455,-4.3478260869565215,-20.0,0.4781659388646288,5150.0,4.425242718446602,-15.658536585365853,-83.26597363083164,68.29850402565502,0.006911869214263051,-0.014079729931845843,momentum5_side,mom5_pos
march2026_current_split,provisional_current_march_splits_only,diagnostic_test,put_near_after_0940_vwap_m2_10_premium_gte_7_5,all_gated_parallel,398,66.80904522613065,46.68341708542714,46.78125,20.0,0.5201005025125628,26590.0,0.7762316660398646,56.81681681681682,9.430113154172561,83.60564385102484,0.046003734623877184,0.01568651574987203,momentum5_side,mom5_neg
march2026_current_split,provisional_current_march_splits_only,diagnostic_test,put_near_after_0940_vwap_m2_10_premium_gte_7_5,all_gated_parallel,497,28.37022132796781,10.74446680080483,6.416040100250626,-10.0,0.48893360160965793,14100.0,1.775177304964539,7.8692493946731235,-50.89213158604568,67.89810510773269,0.007076014437474998,-0.009900989725056649,momentum15_side,mom15_pos
march2026_current_split,provisional_current_march_splits_only,diagnostic_test,put_near_after_0940_vwap_m2_10_premium_gte_7_5,all_gated_parallel,43,-46.74418604651163,-94.4186046511628,-90.57142857142857,-290.0,0.3953488372093023,-2010.0,-1.671641791044776,-185.52631578947367,-362.8690476190476,210.2486179361179,-0.0030744625324345526,-0.1657142857142857,momentum15_side,mom15_flat
march2026_current_split,provisional_current_march_splits_only,diagnostic_test,put_near_after_0940_vwap_m2_10_premium_gte_7_5,all_gated_parallel,316,62.18354430379747,53.25949367088607,57.04724409448819,25.0,0.5253164556962026,19650.0,0.7760814249363868,31.16788321167883,-35.85954969136567,145.59535174596687,0.057248560740206365,0.017621487490840502,momentum15_side,mom15_neg
march2026_current_split,provisional_current_march_splits_only,diagnostic_test,put_near_after_0940_vwap_m2_10_premium_gte_7_5,all_gated_parallel,530,55.56603773584906,30.867924528301888,32.85377358490566,10.0,0.5056603773584906,29450.0,1.0098471986417656,38.8962472406181,-23.127185479272242,87.91872807017543,0.03311980612919968,0.007442416193854422,vwap_gap_bucket,vwap_gap_2_10
march2026_current_split,provisional_current_march_splits_only,diagnostic_test,put_near_after_0940_vwap_m2_10_premium_gte_7_5,all_gated_parallel,164,15.609756097560975,16.402439024390244,16.21212121212121,-20.0,0.4878048780487805,2560.0,2.45703125,-12.89655172413793,-75.68102304758746,113.94617837472217,0.018314486638986535,-0.01672357323903787,vwap_gap_bucket,vwap_gap_0_2
march2026_current_split,provisional_current_march_splits_only,diagnostic_test,put_near_after_0940_vwap_m2_10_premium_gte_7_5,all_gated_parallel,162,-1.6666666666666667,-5.802469135802469,-11.23076923076923,-10.0,0.48148148148148145,-270.0,-26.22222222222222,-15.167785234899329,-58.505244664237374,40.05626459793125,0.005666971747938109,-0.006174442039184918,vwap_gap_bucket,vwap_gap_m2_0
march2026_current_split,provisional_current_march_splits_only,diagnostic_test,put_near_after_0940_vwap_m2_10_premium_gte_7_5,all_gated_parallel,369,46.7479674796748,22.466124661246614,28.72053872053872,30.0,0.5230352303523035,17250.0,1.327536231884058,21.0,-55.21467742918888,99.38563553151654,0.01859109169519746,0.015503876427461977,premium_bucket,premium_gte_15
march2026_current_split,provisional_current_march_splits_only,diagnostic_test,put_near_after_0940_vwap_m2_10_premium_gte_7_5,all_gated_parallel,487,29.753593429158112,20.164271047227928,7.979539641943734,-20.0,0.4784394250513347,14490.0,1.3616287094547963,14.834905660377359,-34.936633755156905,79.91484716157204,0.03001028674519043,-0.015748031732574698,premium_bucket,premium_7_5_15
march2026_current_split,provisional_current_march_splits_only,diagnostic_test,put_near_after_0940_vwap_m2_10_premium_gte_7_5,gate_first_eligible,21,-47.142857142857146,-74.76190476190476,-92.3529411764706,-140.0,0.42857142857142855,-990.0,-2.1818181818181817,-110.0,-227.50367647058823,38.84722222222222,-0.025332882864892034,-0.1157024756911577,gate_age,gate_age_1
march2026_current_split,provisional_current_march_splits_only,diagnostic_test,put_near_after_0940_vwap_m2_10_premium_gte_7_5,gate_first_eligible,2,-355.0,-355.0,-355.0,-355.0,0.0,-710.0,0.23943661971830985,-540.0,-540.0,-170.0,-0.2242648691874718,-0.2242648691874718,gate_age,gate_age_4_10
march2026_current_split,provisional_current_march_splits_only,diagnostic_test,put_near_after_0940_vwap_m2_10_premium_gte_7_5,gate_first_eligible,1,110.0,110.0,110.0,110.0,1.0,110.0,1.0,110.0,110.0,110.0,0.10576923464882318,0.10576923464882318,gate_age,gate_age_2_3
march2026_current_split,provisional_current_march_splits_only,diagnostic_test,put_near_after_0940_vwap_m2_10_premium_gte_7_5,gate_first_eligible,1,-310.0,-310.0,-310.0,-310.0,0.0,-310.0,1.0,-310.0,-310.0,-310.0,-0.2167832138917401,-0.2167832138917401,gate_age,gate_age_gt_10
march2026_current_split,provisional_current_march_splits_only,diagnostic_test,put_near_after_0940_vwap_m2_10_premium_gte_7_5,gate_first_eligible,12,-57.5,-57.5,-51.0,-50.0,0.5,-690.0,-0.391304347826087,-87.27272727272727,-134.28571428571428,49.09999999999991,-0.029047660170108038,-0.043462748242069985,time_bucket,morning_1000_1129
march2026_current_split,provisional_current_march_splits_only,diagnostic_test,put_near_after_0940_vwap_m2_10_premium_gte_7_5,gate_first_eligible,13,-93.07692307692308,-137.69230769230768,-131.8181818181818,-290.0,0.3076923076923077,-1210.0,-0.9421487603305785,-185.83333333333334,-334.20833333333337,84.24107142857136,-0.057150948903022844,-0.1657142857142857,time_bucket,open_0931_0959
march2026_current_split,provisional_current_march_splits_only,diagnostic_test,put_near_after_0940_vwap_m2_10_premium_gte_7_5,gate_first_eligible,19,-37.89473684210526,-72.63157894736842,-56.470588235294116,-140.0,0.42105263157894735,-720.0,-1.5833333333333333,-106.875,-266.0642857142857,63.56726190476184,-0.014663073672792131,-0.1157024756911577,momentum5_side,mom5_pos
march2026_current_split,provisional_current_march_splits_only,diagnostic_test,put_near_after_0940_vwap_m2_10_premium_gte_7_5,gate_first_eligible,6,-196.66666666666666,-183.33333333333334,-196.66666666666666,-200.0,0.3333333333333333,-1180.0,-0.3305084745762712,-345.0,-498.0,41.42857142857143,-0.13548930966625714,-0.1540515408597094,momentum5_side,mom5_neg
march2026_current_split,provisional_current_march_splits_only,diagnostic_test,put_near_after_0940_vwap_m2_10_premium_gte_7_5,gate_first_eligible,15,-34.666666666666664,-70.66666666666667,-83.84615384615384,-140.0,0.4666666666666667,-520.0,-2.1923076923076925,-148.46153846153845,-236.9318181818182,95.83705357142846,-0.02619433501130538,-0.1157024756911577,momentum15_side,mom15_pos
march2026_current_split,provisional_current_march_splits_only,diagnostic_test,put_near_after_0940_vwap_m2_10_premium_gte_7_5,gate_first_eligible,9,-118.88888888888889,-123.33333333333333,-118.88888888888889,-290.0,0.3333333333333333,-1070.0,-0.9532710280373832,-261.25,-386.6666666666667,184.91666666666626,-0.05353733541325251,-0.1657142857142857,momentum15_side,mom15_flat
march2026_current_split,provisional_current_march_splits_only,diagnostic_test,put_near_after_0940_vwap_m2_10_premium_gte_7_5,gate_first_eligible,1,-310.0,-310.0,-310.0,-310.0,0.0,-310.0,1.0,-310.0,-310.0,-310.0,-0.2167832138917401,-0.2167832138917401,momentum15_side,mom15_neg
march2026_current_split,provisional_current_march_splits_only,diagnostic_test,put_near_after_0940_vwap_m2_10_premium_gte_7_5,gate_first_eligible,7,81.42857142857143,92.85714285714286,81.42857142857143,250.0,0.7142857142857143,570.0,0.7719298245614035,-24.0,-233.33333333333334,308.75,0.0866074871696249,0.22033897355337312,vwap_gap_bucket,vwap_gap_m2_0
march2026_current_split,provisional_current_march_splits_only,diagnostic_test,put_near_after_0940_vwap_m2_10_premium_gte_7_5,gate_first_eligible,12,-13.333333333333334,-68.33333333333333,-40.0,-165.0,0.4166666666666667,-160.0,-7.125,-118.18181818181819,-276.7045454545455,170.9545454545454,-0.0012509326955269517,-0.10965447925338032,vwap_gap_bucket,vwap_gap_2_10
march2026_current_split,provisional_current_march_splits_only,diagnostic_test,put_near_after_0940_vwap_m2_10_premium_gte_7_5,gate_first_eligible,6,-385.0,-385.0,-385.0,-435.0,0.0,-2310.0,0.0735930735930736,-428.0,-496.75,-271.6666666666667,-0.280462579270274,-0.30252583386485976,vwap_gap_bucket,vwap_gap_0_2
march2026_current_split,provisional_current_march_splits_only,diagnostic_test,put_near_after_0940_vwap_m2_10_premium_gte_7_5,gate_first_eligible,15,-83.33333333333333,-83.33333333333333,-86.15384615384616,-140.0,0.4666666666666667,-1250.0,-0.352,-149.23076923076923,-220.58854166666666,94.16666666666667,-0.04730656357758288,-0.1157024756911577,premium_bucket,premium_7_5_15
march2026_current_split,provisional_current_march_splits_only,diagnostic_test,put_near_after_0940_vwap_m2_10_premium_gte_7_5,gate_first_eligible,10,-65.0,-123.0,-111.25,-260.0,0.3,-650.0,-1.7538461538461538,-185.55555555555554,-374.55833333333334,149.00227272727273,-0.03819358041168504,-0.15753246938223223,premium_bucket,premium_gte_15
march2026_current_split,provisional_current_march_splits_only,diagnostic_test,put_near_after_0940_vwap_m2_10_premium_gte_7_5,slot_schedule_3win,19,-43.68421052631579,-45.78947368421053,-55.88235294117647,10.0,0.5263157894736842,-830.0,-1.2289156626506024,-102.77777777777777,-197.0125,102.9676470588235,-0.009514186965193855,0.008771930118089981,gate_age,gate_age_1
march2026_current_split,provisional_current_march_splits_only,diagnostic_test,put_near_after_0940_vwap_m2_10_premium_gte_7_5,slot_schedule_3win,2,235.0,235.0,235.0,235.0,0.5,470.0,1.127659574468085,-60.0,-60.0,530.0,0.10860629832555391,0.10860629832555391,gate_age,gate_age_4_10
march2026_current_split,provisional_current_march_splits_only,diagnostic_test,put_near_after_0940_vwap_m2_10_premium_gte_7_5,slot_schedule_3win,2,900.0,260.0,900.0,900.0,0.5,1800.0,1.0444444444444445,-80.0,-80.0,600.0,0.37201881631048794,0.37201881631048794,gate_age,gate_age_2_3
march2026_current_split,provisional_current_march_splits_only,diagnostic_test,put_near_after_0940_vwap_m2_10_premium_gte_7_5,slot_schedule_3win,9,-7.777777777777778,-7.777777777777778,-7.777777777777778,10.0,0.5555555555555556,-70.0,-7.428571428571429,-73.75,-151.17424242424244,175.09374999999991,0.0032928193799161873,0.008771930118089981,time_bucket,morning_1000_1129
march2026_current_split,provisional_current_march_splits_only,diagnostic_test,put_near_after_0940_vwap_m2_10_premium_gte_7_5,slot_schedule_3win,3,783.3333333333334,356.6666666666667,783.3333333333334,530.0,0.6666666666666666,2350.0,0.8,235.0,-60.0,600.0,0.3460577696722275,0.24423962274930672,time_bucket,midday_1130_1329
march2026_current_split,provisional_current_march_splits_only,diagnostic_test,put_near_after_0940_vwap_m2_10_premium_gte_7_5,slot_schedule_3win,9,-118.88888888888889,-123.33333333333333,-118.88888888888889,-290.0,0.3333333333333333,-1070.0,-0.9532710280373832,-261.25,-386.6666666666667,184.91666666666626,-0.05353733541325251,-0.1657142857142857,time_bucket,open_0931_0959
march2026_current_split,provisional_current_march_splits_only,diagnostic_test,put_near_after_0940_vwap_m2_10_premium_gte_7_5,slot_schedule_3win,2,115.0,115.0,115.0,115.0,1.0,230.0,0.6086956521739131,90.0,90.0,140.0,0.09725400610837256,0.09725400610837256,time_bucket,afternoon_1330_1459
march2026_current_split,provisional_current_march_splits_only,diagnostic_test,put_near_after_0940_vwap_m2_10_premium_gte_7_5,slot_schedule_3win,16,-70.625,-78.125,-89.28571428571429,-100.0,0.4375,-1130.0,-0.9026548672566371,-143.33333333333334,-258.6153846153846,90.55637254901961,-0.02579860840092344,-0.058099500851908514,momentum5_side,mom5_pos
march2026_current_split,provisional_current_march_splits_only,diagnostic_test,put_near_after_0940_vwap_m2_10_premium_gte_7_5,slot_schedule_3win,7,367.14285714285717,195.71428571428572,367.14285714285717,390.0,0.7142857142857143,2570.0,0.7315175097276264,60.0,-235.0,437.5,0.17046548733545366,0.22033897355337312,momentum5_side,mom5_neg
march2026_current_split,provisional_current_march_splits_only,diagnostic_test,put_near_after_0940_vwap_m2_10_premium_gte_7_5,slot_schedule_3win,4,555.0,235.0,555.0,270.0,0.75,2220.0,0.8468468468468469,270.0,10.0,530.0,0.2250148054386776,0.12650577643369834,momentum15_side,mom15_neg
march2026_current_split,provisional_current_march_splits_only,diagnostic_test,put_near_after_0940_vwap_m2_10_premium_gte_7_5,slot_schedule_3win,9,-118.88888888888889,-123.33333333333333,-118.88888888888889,-290.0,0.3333333333333333,-1070.0,-0.9532710280373832,-261.25,-386.6666666666667,184.91666666666626,-0.05353733541325251,-0.1657142857142857,momentum15_side,mom15_flat
march2026_current_split,provisional_current_march_splits_only,diagnostic_test,put_near_after_0940_vwap_m2_10_premium_gte_7_5,slot_schedule_3win,10,29.0,29.0,27.5,25.0,0.6,290.0,1.793103448275862,-25.555555555555557,-99.16666666666667,200.0,0.03622574738979628,0.019196182087546282,momentum15_side,mom15_pos
march2026_current_split,provisional_current_march_splits_only,diagnostic_test,put_near_after_0940_vwap_m2_10_premium_gte_7_5,slot_schedule_3win,10,200.0,60.0,127.5,10.0,0.6,2000.0,0.94,40.0,-170.19444444444443,284.025,0.1158455127192054,0.009193657543082406,vwap_gap_bucket,vwap_gap_2_10
march2026_current_split,provisional_current_march_splits_only,diagnostic_test,put_near_after_0940_vwap_m2_10_premium_gte_7_5,slot_schedule_3win,6,-176.66666666666666,-176.66666666666666,-176.66666666666666,-295.0,0.16666666666666666,-1060.0,-0.5,-318.0,-406.7916666666667,115.2916666666664,-0.14599212094313627,-0.1985251548431717,vwap_gap_bucket,vwap_gap_0_2
march2026_current_split,provisional_current_march_splits_only,diagnostic_test,put_near_after_0940_vwap_m2_10_premium_gte_7_5,slot_schedule_3win,7,71.42857142857143,82.85714285714286,71.42857142857143,140.0,0.7142857142857143,500.0,0.88,-38.0,-241.66666666666666,292.5,0.07113975362859484,0.07608695809917777,vwap_gap_bucket,vwap_gap_m2_0
march2026_current_split,provisional_current_march_splits_only,diagnostic_test,put_near_after_0940_vwap_m2_10_premium_gte_7_5,slot_schedule_3win,12,-2.5,-2.5,-6.0,10.0,0.5833333333333334,-30.0,-17.333333333333332,-72.0,-125.74642857142857,142.32692307692307,0.014761903783062885,0.009193657543082406,premium_bucket,premium_7_5_15
march2026_current_split,provisional_current_march_splits_only,diagnostic_test,put_near_after_0940_vwap_m2_10_premium_gte_7_5,slot_schedule_3win,11,133.63636363636363,13.636363636363637,54.44444444444444,-60.0,0.45454545454545453,1470.0,1.2789115646258504,-88.88888888888889,-343.3333333333333,299.2307692307692,0.054848893776058706,-0.027027026098198896,premium_bucket,premium_gte_15
