date,label,confidence,evidence_type,side,hedge_only,first_qualifying_time_et,f_ret_6,f_ret_12,f_volume_ratio,f_bar_range,f_realized_vol,f_range_ratio,f_vwap_dist,f_session_range_pct,f_prev_high_dist,f_ema_cross,f_consec_direction,f_speed_estimate,f_vix_roc,f_minutes_to_close,f_vix_regime,f_bollinger_position,f_rsi_7,f_session_range_position,f_poc_dist,f_va_position,f_ib_break,f_atr_14,f_bar_delta,f_session_cum_delta,f_macdh_slope,f_force_index_2,f_effort_vs_result,f_trend_5min,f_vwap_slope,f_intraday_sin,f_intraday_cos,f_intraday_phase,f_opening_gap_pct,f_session_open_dist,f_first15_range_pct,f_first15_close_position,f_first15_acceptance,f_vwap_reclaim_state,f_ib_extension_pct,f_marker_10am,f_marker_11am,f_marker_1130am,f_lunch_flag,f_power_hour_flag,f_volume_climax_signal,f_breakout_confirmation,f_atm_iv,f_vrp,f_iv_percentile,f_atm_gamma,f_atm_theta_per_bar,f_gamma_pressure,f_aggregate_charm,f_option_spread_pct,f_iv_skew_pct,f_current_moneyness_pct,f_near_atm_moneyness_pct,f_theta_acceleration,f_slice_call_iv_mean,f_slice_put_iv_mean,f_slice_iv_skew_slope,f_slice_iv_curvature,f_slice_gamma_concentration,f_slice_gamma_dollar_concentration,f_slice_theta_pressure,f_slice_dist_to_max_gamma,f_slice_dist_to_max_gamma_dollar,f_slice_call_put_gamma_imbalance,f_slice_mean_spread,f_slice_txn_center_share,f_slice_quality_share,f_log_near_call_volume,f_log_near_put_volume,f_call_put_flow_ratio,f_log_total_volume,f_chain_call_put_ratio,f_log_chain_volume,f_log_near_transactions,f_put_call_txn_ratio,agg_am_session_range_bps,agg_am_session_end_vs_open_bps,agg_ovn_proxy_direction,agg_prior_session_end_ret,agg_vwap_sigma_session_frac
2023-10-23,0,High,,,False,,0.0017983432626351714,0.0,0.5180928707122803,0.00034384633181616664,0.0006565991207025945,0.44814208149909973,0.002963052364066243,0.006869812496006489,-0.014123784378170967,0.0012364484136924148,-0.10000000149011612,0.9468197226524353,-0.014298892579972744,0.9866253137588501,0.33000001311302185,0.0,0.5,0.9589230418205261,0.0017741522751748562,1.3580151796340942,0.0,0.0008028727024793625,-0.8206896781921387,-1.678267002105713,1.0,0.0,1.0,0.0003797020763158798,0.00037680697278119624,0.4647231698036194,0.8854560256004333,0.1666666716337204,-0.0031205753330141306,0.0015650936402380466,0.0050486125983297825,0.10333489626646042,1.0,0.0,0.0,1.0,0.0,0.0,0.0,0.0,0.0,0.0,0.14105501770973206,0.019896088168025017,0.46666666865348816,0.01104496419429779,-0.021015865728259087,2.447934150695801,-0.6226636171340942,0.045016076415777206,-0.0019624887499958277,-0.1659947782754898,-0.04742708057165146,0.05270462855696678,0.13663724064826965,0.14161361753940582,-0.001069283694960177,-1.260487078980077e-05,0.03709614649415016,0.03709614649415016,0.0011259480379521847,1.0,1.0,-0.050259534269571304,0.02287149429321289,0.2248803824186325,1.0,4.110873699188232,4.553876876831055,0.3896103799343109,5.0434250831604,0.4405055344104767,8.084870338439941,4.143134593963623,0.4838709533214569,64.99659606818906,17.9830140960708,-1.0,-0.012623960046043119,0.0028839917565804374
2023-10-24,0,High,,,False,,0.0021841167472302914,0.0,0.8871561288833618,0.0009437603293918073,0.0005645531928166747,1.2738597393035889,0.0014913645572960377,0.0034643772523850203,-0.0016192197799682617,0.000473908381536603,-0.10000000149011612,2.5633556842803955,-0.01515151560306549,0.9866253137588501,-0.33000001311302185,0.0,0.5,0.8947010636329651,0.0021619643084704876,1.3372620344161987,0.0,0.0007282454171217978,-0.3466334044933319,5.016927719116211,-1.0,0.0,1.0,-0.00019796984270215034,0.00010675056546460837,0.4647231698036194,0.8854560256004333,0.1666666716337204,0.004310498014092445,0.003099581925198436,0.0033984787296503782,0.7416897416114807,0.8240997195243835,0.0,0.0,1.0,0.0,0.0,0.0,0.0,0.0,0.0,0.11793556809425354,0.013908480294048786,0.0,0.013154016807675362,-0.017874589189887047,4.424818515777588,-1.2590221166610718,0.1688888818025589,0.07754981517791748,-0.21087421476840973,0.02447749674320221,0.05270462855696678,0.10746436566114426,0.12896670401096344,-0.0017783979419618845,4.702699516201392e-05,0.041752465069293976,0.041752465069293976,0.0010783168254420161,1.0,1.0,0.006699207704514265,0.06157286465167999,0.2994382083415985,1.0,5.590987205505371,4.770684719085693,0.6953125,5.953243255615234,0.4167960286140442,8.77074909210205,5.003946304321289,0.23648647964000702,26.016635444400755,21.84061419068685,1.0,-0.0014135436604295175,0.0029277844697189253
2023-10-25,0,High,,,False,,-0.005153358448296785,0.0,1.3623945713043213,0.002033492084592581,0.0005665382486768067,3.4239673614501953,-0.002618820173665881,0.006618957035243511,-0.013030997477471828,-0.0005374476895667613,-0.10000000149011612,2.3477783203125,0.0005037783412262797,0.9866253137588501,-0.33000001311302185,0.0,0.5,0.0,-0.005128252785652876,-0.28205129504203796,-1.0,0.0005711445119231939,-1.0,-5.076300144195557,-1.0,0.0,1.0,-0.00040728613384999335,-0.00022260213154368103,0.4647231698036194,0.8854560256004333,0.1666666716337204,-0.003578474512323737,-0.006618957035243511,0.004685355816036463,0.014720812439918518,-1.0,0.0,-0.0004447520477697253,1.0,0.0,0.0,0.0,0.0,0.0,-0.3623945713043213,0.13711479306221008,0.018800145015120506,0.6666666865348816,0.011432415805757046,-0.020405910909175873,-23.721311569213867,-3.0934810638427734,0.2251138538122177,0.06609344482421875,0.4854256212711334,0.009754964150488377,0.05270462855696678,0.13714656233787537,0.14209367334842682,-0.0007333694957196712,-1.9335211618454196e-05,0.037310801446437836,0.037310801446437836,0.0008423387189395726,0.0,0.0,-0.04061802849173546,0.09764963388442993,0.22793295979499817,1.0,3.7135720252990723,5.1704840660095215,0.1860465109348297,5.375278472900391,0.35347411036491394,9.59430980682373,4.499809741973877,0.8202247023582458,51.53423110987261,-51.53423110987261,-1.0,0.007115464653931358,0.002942741819534341
2023-10-30,0,High,,,True,,0.002604455454275012,0.0,0.7921738624572754,0.0008274123538285494,0.0003396341926418245,1.9027940034866333,0.0004755712579935789,0.005799102131277323,0.00020204255997668952,0.00022560953220818192,-0.4000000059604645,3.141026496887207,0.0004940711660310626,0.9866253137588501,0.33000001311302185,0.0,0.5,0.7527996897697449,0.002558604348450899,0.8520709872245789,0.0,0.0004379306628834456,-0.7005813717842102,7.078110694885254,-1.0,0.0,1.0,-0.00011161640577483922,0.00012691004667431116,0.4647231698036194,0.8854560256004333,0.1666666716337204,0.005121045280247927,0.0043655624613165855,0.004733568523079157,0.9405487775802612,0.8445122241973877,0.0,0.0,1.0,0.0,0.0,0.0,0.0,0.0,0.0,0.12930026650428772,0.016718441620469093,0.23333333432674408,0.012247560545802116,-0.019017046317458153,-43.95903778076172,-2.675446033477783,0.17004048824310303,0.05413784831762314,-0.30162161588668823,0.05916866660118103,0.05270462855696678,0.12273410707712173,0.1332438588142395,-0.0019845275674015284,2.2328133582050214e-06,0.04165537655353546,0.04165537655353546,0.001170652685686946,2.0,2.0,0.0026664244942367077,0.058953363448381424,0.22898903489112854,1.0,5.1179938316345215,5.204006671905518,0.47838616371154785,5.852202415466309,0.23857468366622925,9.3433837890625,4.682131290435791,0.4392523467540741,39.18740765407316,26.044083007595855,1.0,-0.004356534382505961,0.0030395022460469536
2023-10-31,0,High,,,False,,-0.0030726203694939613,0.0,0.7019749879837036,0.0005389447906054556,0.000355070224031806,1.0958359241485596,-0.0015485803596675396,0.004751856904476881,-0.005100727546960115,-0.0003084842173848301,-0.20000000298023224,0.25751662254333496,0.0,0.9866253137588501,-0.33000001311302185,0.0,0.5,0.15949366986751556,-0.0030440273694694042,-0.26521018147468567,0.0,0.0004894498270004988,-0.8705357313156128,-4.971687316894531,-1.0,0.0,1.0,-0.0002666697546374053,-9.990525722969323e-05,0.4647231698036194,0.8854560256004333,0.1666666716337204,0.001156843500211835,-0.003623441094532609,0.0037196814082562923,0.09055627137422562,-1.0,0.0,0.0,1.0,0.0,0.0,0.0,0.0,0.0,0.0,0.11433769762516022,0.013072982430458069,0.0,0.013832676224410534,-0.01700601913034916,-7.178394794464111,-1.0117048025131226,0.11857707798480988,0.07261738926172256,0.3303438127040863,-0.03055671416223049,0.05270462855696678,0.11621543020009995,0.12292185425758362,-0.0009228398557752371,6.714005576213822e-05,0.041260235011577606,0.041260235011577606,0.0007754459511488676,1.0,1.0,0.047414377331733704,0.04710804671049118,0.29111969470977783,1.0,4.356709003448486,5.214935779571533,0.29615384340286255,5.564520359039307,0.3626546263694763,8.535819053649902,4.691348075866699,0.7407407164573669,37.94677051901344,-30.726343350812268,1.0,0.011706277644630636,0.0030757209162329386
2023-11-01,0,High,,,False,,0.0016663095448166132,0.0,2.1205005645751953,0.0016587846912443638,0.0003634803288150579,2.9701061248779297,0.0010809298837557435,0.0036193826235830784,0.002934955758973956,0.00028394145192578435,0.20000000298023224,0.045767683535814285,0.0005727377138100564,0.9866253137588501,-0.33000001311302185,0.0,0.5,0.6671044230461121,0.0016696214443072677,1.217596173286438,0.0,0.0005527018802240491,0.2736389636993408,1.67532479763031,1.0,0.0,1.0,0.00019029172835871577,0.00013129747821949422,0.4647231698036194,0.8854560256004333,0.1666666716337204,0.0018887047190219164,0.001575607806444168,0.0014425247209146619,0.7100494503974915,1.0,0.0,0.0,1.0,0.0,0.0,0.0,0.0,0.6322976350784302,0.0,0.16180004179477692,0.026179123669862747,0.3333333432674408,0.009677983820438385,-0.023862263187766075,6.293506622314453,-2.046372175216675,0.3200233280658722,0.09559541940689087,-0.1877397894859314,0.04990845173597336,0.05270462855696678,0.15300419926643372,0.16855230927467346,-0.00173969566822052,3.3642679682088783e-06,0.03354368731379509,0.03354368731379509,0.0010295131942257285,0.0,0.0,0.04858440160751343,0.09058702737092972,0.2260654717683792,1.0,5.123963832855225,4.672828674316406,0.6117216348648071,5.613128185272217,0.5350943207740784,9.26870346069336,4.691348075866699,0.39814814925193787,25.518853324186605,16.663096390596184,1.0,0.006441922266135334,0.003098477616970397
2023-11-02,0,High,,,False,,0.002515770262107253,0.0,0.3713739216327667,0.0005224148626439273,0.0003641726216301322,1.0286593437194824,0.0007938817725516856,0.005361748859286308,0.009827929548919201,0.0002651379909366369,0.10000000149011612,1.153227686882019,-0.004926108289510012,0.9866253137588501,-0.33000001311302185,0.0,0.5,0.849064826965332,0.002477459143847227,1.0319164991378784,0.0,0.0004809348611161113,0.6607142686843872,5.441806793212891,1.0,0.0,1.0,2.82136102214281e-06,4.643667125492357e-05,0.4647231698036194,0.8854560256004333,0.1666666716337204,0.007232850417494774,0.00455247238278389,0.005361748859286308,0.6050456762313843,0.6981295943260193,0.0,0.0,1.0,0.0,0.0,0.0,0.0,0.0,0.0,0.10028573125600815,0.010057095438241959,0.03333333507180214,0.015308436006307602,-0.015441021881997585,2.450129747390747,-1.0836095809936523,0.17391304671764374,0.11240249127149582,-0.2980513274669647,0.051780056208372116,0.05270462855696678,0.09480130672454834,0.10896796733140945,-0.0019391239620745182,8.315188460983336e-05,0.04813196510076523,0.04813196510076523,0.0008563735173083842,0.0,0.0,0.08415300399065018,0.059262052178382874,0.2693389654159546,1.0,5.0998663902282715,4.532599449157715,0.6392157077789307,5.545177459716797,0.4533810615539551,8.577346801757812,4.543294906616211,0.2795698940753937,32.07891190851545,25.15715515911764,1.0,0.010554750878000313,0.0030935780505586545
2023-11-06,0,High,,,False,,-0.0011208249488845468,0.0,0.9911984205245972,0.0003526545187924057,0.00031328483601100743,0.820949137210846,-7.088834536261857e-05,0.0026517787482589483,-0.0015434360830113292,-1.45568646985339e-05,0.4000000059604645,2.0333433151245117,-0.0026041667442768812,0.9866253137588501,-0.33000001311302185,0.0,0.5,0.5397236347198486,-0.0010968700516968966,0.34551477432250977,0.0,0.00041710067307576537,0.7532467246055603,-0.05604149401187897,-1.0,0.0,1.0,-0.00010955503967124969,-6.981920159887522e-05,0.4647231698036194,0.8854560256004333,0.1666666716337204,0.0014134567463770509,0.0005976807442493737,0.002186916070058942,0.15602093935012817,-0.11623036861419678,0.0,0.0,1.0,0.0,0.0,0.0,0.0,0.0,0.0,0.08573053032159805,0.007349626161158085,0.03333333507180214,0.017478806897997856,-0.013675607740879059,4.872583389282227,-0.9589110612869263,0.07179487496614456,0.14256499707698822,0.07144957780838013,-0.04304865002632141,0.05270462855696678,0.0769755020737648,0.09851939231157303,-0.0012167596723884344,9.263022366212681e-05,0.051729485392570496,0.051729485392570496,0.0006997346645221114,1.0,1.0,0.003361630951985717,0.053458575159311295,0.41402214765548706,1.0,5.26269006729126,6.047372341156006,0.31270357966423035,6.421622276306152,0.5357279777526855,8.557759284973145,5.214935779571533,0.5519125461578369,25.18371502238534,-11.208026443570908,1.0,0.009298349847373943,0.0030973208207805154
2023-11-07,0,High,,,False,,0.000730553874745965,0.0,1.8881922960281372,0.0008238476584665477,0.00031880088499747217,1.9708292484283447,0.0017390681896358728,0.003377775428816676,-0.0005652510444633663,0.0005246321088634431,0.20000000298023224,3.3630716800689697,-0.012000000104308128,0.9866253137588501,-1.0,0.0,0.5,0.9708672165870667,0.0007603426929563284,1.3870967626571655,1.0,0.0004027699469588697,0.8805555701255798,1.184177279472351,1.0,0.0,1.0,0.00030437001259997487,0.00022313000226859003,0.4647231698036194,0.8854560256004333,0.1666666716337204,-0.00011908224405487999,0.0008078283863142133,0.0027919281274080276,0.4377049207687378,1.0,0.0,0.0004874431760981679,1.0,0.0,0.0,0.0,0.0,0.07622852176427841,0.8881922960281372,0.07404665648937225,0.005482805892825127,0.0,0.020362772047519684,-0.011979763396084309,77.85472106933594,-2.7388193607330322,0.2978723347187042,0.02183709479868412,-0.10847862809896469,0.005944646894931793,0.05270462855696678,0.07702495157718658,0.08388528227806091,-0.0017085674917325377,0.00016209475870709866,0.0512414276599884,0.0512414276599884,0.00043433241080492735,1.0,1.0,-0.015291515737771988,0.11490076035261154,0.4042939245700836,1.0,6.527957916259766,4.8121843338012695,0.8484472036361694,6.692083835601807,0.6772823929786682,9.620660781860352,5.739792823791504,0.12903225421905518,30.43601849733425,7.306523067880887,-1.0,0.0019779485735611666,0.0030878401225706174
2023-11-09,1,High,executed,call,False,11:00,-0.0010112420422956347,0.0,2.5901715755462646,0.0011125804157927632,0.00026124552823603153,3.035344362258911,1.2204026461404283e-05,0.0030162783805280924,-0.0011399389477446675,0.00017741028568707407,-0.10000000149011612,0.7855870723724365,-0.005490734241902828,0.9866253137588501,-1.0,0.0,0.5,0.45578232407569885,-0.0009887601481750607,0.3475002348423004,0.0,0.0004142863617744297,-0.4344262182712555,-1.5572237968444824,-1.0,0.0,1.0,-7.703818118898198e-05,1.0173485861741938e-05,0.4647231698036194,0.8854560256004333,0.1666666716337204,0.0019233489874750376,-0.0011878163786605,0.0026446583215147257,0.18103447556495667,-0.24137930572032928,0.0,0.0,1.0,0.0,0.0,0.0,0.0,0.7579659223556519,0.0,0.08466067165136337,0.007167360745370388,0.3333333432674408,0.01767643168568611,-0.013592704199254513,19.235950469970703,-2.4089856147766113,0.3177570104598999,0.224378764629364,0.08663090318441391,-0.027362985536456108,0.05270462855696678,0.08736958354711533,0.09788694977760315,-0.002216372638940811,0.00014273737906478345,0.05086328461766243,0.05086328461766243,0.0005913021741434932,0.0,0.0,0.055994801223278046,0.12505564093589783,0.3196413218975067,1.0,6.257667541503906,5.820083141326904,0.6079346537590027,6.754603862762451,0.5273021459579468,9.470163345336914,5.556828022003174,0.4651162922382355,23.48190303169551,-10.112287201856844,1.0,0.0009522956737564373,0.0030245782807794123
2023-11-10,0,High,executed,,True,,0.00021998418378643692,0.0,3.1217217445373535,0.0010973879834637046,0.00028235907666385174,2.7661232948303223,7.806226494722068e-05,0.0030309902504086494,-0.006527053192257881,-2.0037577996845357e-05,-0.10000000149011612,2.294710636138916,0.001349527621641755,0.9866253137588501,-1.0,0.0,0.5,0.60317462682724,0.00023207809135783464,0.7956222295761108,0.0,0.0004038702172692865,-0.48225468397140503,0.8742556571960449,-1.0,0.0,1.0,-0.00013061832578387111,1.8834592992789112e-05,0.4647231698036194,0.8854560256004333,0.1666666716337204,0.0038459503557533026,0.00017411584849469364,0.002811054466292262,0.995110034942627,0.3007335066795349,0.0,0.0,1.0,0.0,0.0,0.0,0.0,0.9690751433372498,0.0,0.08626288920640945,0.007441206369549036,0.03333333507180214,0.017496241256594658,-0.013755086809396744,-6.927865505218506,-2.1599440574645996,0.2983425557613373,0.08359125256538391,0.0020583183504641056,0.0020583183504641056,0.05270462855696678,0.0842692106962204,0.10097873955965042,-0.0018495129188522696,7.52747873775661e-05,0.048857759684324265,0.048857759684324265,0.0007172711193561554,0.0,0.0,-0.055862970650196075,0.13467873632907867,0.29380953311920166,1.0,6.08904504776001,5.918893814086914,0.5425400733947754,6.699500560760498,0.3816559910774231,9.28377628326416,5.056245803833008,0.5192307829856873,24.519517486687917,2.199752276117023,1.0,-0.008110875442259727,0.0030454223154165873
2023-11-13,1,Medium,executed,call,False,09:50,-0.001980000175535679,0.0,1.0259867906570435,0.0006393163348548114,0.0002677121083252132,1.9100773334503174,-0.000732852378860116,0.0029212890658527613,-0.005166859365999699,-0.00011521152191562578,-0.20000000298023224,0.9945874214172363,0.0006666666595265269,0.9866253137588501,-0.33000001311302185,0.0,0.5,0.11682242900133133,-0.001961427042260766,-0.0752422958612442,0.0,0.0003710114979185164,-0.9430605173110962,-2.0335023403167725,1.0,0.0,1.0,3.9992872189031914e-05,-5.8295176131650805e-05,0.4647231698036194,0.8854560256004333,0.1666666716337204,-0.002090178895741701,-0.002580016851425171,0.0026232446543872356,0.03902862221002579,-0.9670425057411194,0.0,0.0,1.0,0.0,0.0,0.0,0.0,0.0,0.0,0.08471037447452545,0.007175775710493326,0.0,0.017679348587989807,-0.013628808781504631,3.989574909210205,-1.023278832435608,0.1347150206565857,0.12527930736541748,0.22023825347423553,-0.007276472169905901,0.05270462855696678,0.08248230814933777,0.09527712315320969,-0.0009324905695393682,7.119118527043611e-05,0.05107679218053818,0.05107679218053818,0.0006235882756300271,0.0,0.0,0.02058030664920807,0.06953991204500198,0.3270440399646759,1.0,5.075173854827881,4.9904327392578125,0.5213114619255066,5.72358512878418,0.4395645558834076,8.58091926574707,4.634728908538818,0.6372548937797546,22.456963676595773,-19.800489474219894,-1.0,0.015747224951162667,0.0030630220605935444
2023-11-14,0,High,,,False,,0.0041212537325918674,0.0,0.6559620499610901,0.0005233421688899398,0.0002904204884544015,1.2421319484710693,0.0028341009747236967,0.0070038773119449615,0.01527936477214098,0.0007721357978880405,0.10000000149011612,4.222654819488525,0.0035211266949772835,0.9866253137588501,-1.0,0.0,0.5,0.998410165309906,0.004063295666128397,1.8518518209457397,1.0,0.000412947207223624,0.978723406791687,10.911538124084473,1.0,0.0,1.0,0.00044069005525670946,0.0002108067274093628,0.4647231698036194,0.8854560256004333,0.1666666716337204,0.010847585275769234,0.006992742419242859,0.004788024351000786,0.9934883713722229,1.0,0.0,0.00038749590748921037,1.0,0.0,0.0,0.0,0.0,0.0,0.0,0.0916794165968895,0.008405030705034733,0.06666667014360428,0.01599118299782276,-0.014970754273235798,20.22951316833496,-1.3168426752090454,0.1621621549129486,0.11004030704498291,-0.45364004373550415,-0.008242464624345303,0.05270462855696678,0.08304339647293091,0.10472451150417328,-0.0015464964089915156,0.0001286939950659871,0.05048456788063049,0.05048456788063049,0.0007064234814606607,1.0,1.0,0.05174226686358452,0.05479976534843445,0.3800623118877411,1.0,5.683579921722412,4.18965482711792,0.8184357285499573,5.883322238922119,0.5714073777198792,8.817445755004883,4.948760032653809,0.22142857313156128,41.21293224580836,41.21293224580836,1.0,-0.0010801943398878098,0.003045275422768125
2023-11-15,0,High,,,False,,-0.0001774252887116745,0.0,0.44746699929237366,0.0004724786849692464,0.0003836916293948889,0.9995940923690796,-0.00012483855243772268,0.002790507860481739,-0.00011756511230487376,-0.00013658081297762692,0.10000000149011612,2.4361729621887207,-0.0014154281234368682,0.9866253137588501,-1.0,0.0,0.5,0.5190778970718384,-0.00016791847883723676,0.8184484243392944,0.0,0.0004680422425735742,0.9014084339141846,0.43533745408058167,1.0,0.0,1.0,-6.83915859553963e-05,-3.530981848598458e-05,0.4647231698036194,0.8854560256004333,0.1666666716337204,0.0021063964813947678,0.0006299715605564415,0.001971988473087549,0.3723284602165222,-0.3610798716545105,0.0,0.0,1.0,0.0,0.0,0.0,0.0,0.0,0.0,0.08718408644199371,0.0076009174808859825,0.03333333507180214,0.016756948083639145,-0.014274340122938156,3.927309513092041,-0.7799066305160522,0.07095610350370407,0.10188434273004532,0.04125566780567169,0.04125566780567169,0.05270462855696678,0.08277534693479538,0.09655928611755371,-0.0010359167354181409,0.00013988715363666415,0.05097625032067299,0.05097625032067299,0.0008718586177565157,0.0,0.0,0.021650690585374832,0.04749511927366257,0.3998527228832245,1.0,5.446737289428711,4.709530353546143,0.6774193644523621,5.834810733795166,0.5107552409172058,8.339262008666992,4.948760032653809,0.2785714268684387,26.835792477812905,-1.773819784458155,1.0,0.019203730274184982,0.0029881654863371213
2023-11-16,1,High,executed,call,False,10:23,0.0025980144273489714,0.0,1.0343905687332153,0.00017954992654267699,0.00021178404858801514,0.5982750654220581,0.0018507513450458646,0.003482382046058774,-0.0021922823507338762,0.0006042578024789691,0.10000000149011612,1.1620821952819824,-0.004338394850492477,0.9866253137588501,-1.0,0.0,0.5,0.9917250275611877,0.002568627940490842,1.6666666269302368,0.0,0.0002677415614016354,0.9012345671653748,5.67882776260376,-1.0,0.0,1.0,8.608592906966805e-05,0.00020733130804728717,0.4647231698036194,0.8854560256004333,0.1666666716337204,-0.0014521651901304722,0.003147665411233902,0.0014430494047701359,0.9016897082328796,1.0,0.0,0.0,1.0,0.0,0.0,0.0,0.0,0.0,0.0,0.0780385211110115,0.006089965812861919,0.1666666716337204,0.018627656623721123,-0.012980937957763672,11.300761222839355,-0.7509192824363708,0.07498601078987122,0.11655917018651962,-0.2500351369380951,-0.02836856059730053,0.05270462855696678,0.07597778737545013,0.09384196251630783,-0.0014827594859525561,0.0001946764241438359,0.05488831549882889,0.05488831549882889,0.0008561142021790147,1.0,1.0,-0.0032618572004139423,0.05203564837574959,0.3755069077014923,1.0,5.0106353759765625,4.18965482711792,0.6962617039680481,5.370637893676758,0.56298828125,8.318010330200195,4.691348075866699,0.35185185074806213,28.936014133232632,25.980015539610815,-1.0,0.0017327254204742677,0.0029655324797226786
2023-11-17,1,Medium,executed,call,False,10:17,-0.0012700847582891583,0.0,0.6216787099838257,0.0006280821398831904,0.0002339701895834878,1.7499738931655884,-0.00041544268606230617,0.002627735957503319,-0.001378229702822864,4.304562389734201e-05,-0.10000000149011612,0.14229027926921844,0.0014326648088172078,0.9866253137588501,-1.0,0.0,0.5,0.3682432472705841,-0.001250482746399939,0.06348064541816711,0.0,0.00033639330649748445,-0.8586572408676147,-1.8053815364837646,1.0,0.0,1.0,8.647463801025879e-06,-1.5177518434938975e-05,0.4647231698036194,0.8854560256004333,0.1666666716337204,0.0002484235155861825,-0.0008367030532099307,0.002627735957503319,0.1942567527294159,-0.2635135054588318,-1.0,0.0,1.0,0.0,0.0,0.0,0.0,0.0,0.0,0.08114759624004364,0.006584877613931894,0.03333333507180214,0.017977308481931686,-0.013436785899102688,-1.2233352661132812,-0.6782922744750977,0.12631578743457794,0.14821678400039673,0.09366225451231003,-0.017306331545114517,0.05270462855696678,0.07835721224546432,0.09238237887620926,-0.0011567691108211875,9.871950896922499e-05,0.05240262299776077,0.05240262299776077,0.0007266815518960357,0.0,0.0,-0.0015441336436197162,0.06778073310852051,0.3834196925163269,1.0,4.753590106964111,4.8903489112854,0.4655870497226715,5.513428688049316,0.43575990200042725,8.272826194763184,4.709530353546143,0.6545454263687134,21.189293183710245,-12.70080475589129,1.0,0.0010680427008914486,0.0029368712804489668
2023-11-20,1,High,executed,call,False,10:39,0.0028006238862872124,0.0,0.7371475100517273,0.0005877258372493088,0.0002571149670984596,1.7185142040252686,0.00155992666259408,0.004025700967758894,0.0012815074296668172,0.00047147629084065557,-0.10000000149011612,2.244175434112549,-0.005057803355157375,0.9866253137588501,-1.0,0.0,0.5,0.8540065884590149,0.002760455245152116,1.598866581916809,0.0,0.00036377765354700387,-0.9360902309417725,6.592311382293701,1.0,0.0,1.0,0.00018800896941684186,0.00015890323265921324,0.4647231698036194,0.8854560256004333,0.1666666716337204,-0.0004895977326668799,0.003141902619972825,0.002874553669244051,0.9300538301467896,1.0,0.0,0.0,1.0,0.0,0.0,0.0,0.0,0.0,0.0,0.06291916966438293,0.003958755638450384,0.20000000298023224,0.023024000227451324,-0.010740842670202255,-99.26215362548828,-2.427673101425171,0.1818181872367859,0.16502808034420013,-0.24127519130706787,-0.020325632765889168,0.05270462855696678,0.06326068937778473,0.07472969591617584,-0.0013867304660379887,0.0002407970605418086,0.06842349469661713,0.06842349469661713,0.0005927768652327359,1.0,1.0,0.04188873618841171,0.11022423952817917,0.4693186581134796,1.0,6.008813381195068,7.958926677703857,0.12431108206510544,8.09162712097168,0.2613181173801422,9.597912788391113,5.6698808670043945,0.39792388677597046,32.4379108224135,28.006543623380523,-1.0,0.0012154963601716186,0.0026364687780804368
2023-11-21,1,High,executed,call,False,09:39,-0.00013227367890067399,0.0,1.2771837711334229,0.00045419970410875976,0.00025638911756686866,1.3281022310256958,-5.263075581751764e-05,0.0013074777089059353,-0.004775711335241795,-6.26542532700114e-05,0.10000000149011612,0.4042247533798218,0.0,0.9866253137588501,-1.0,0.0,0.5,0.4401349127292633,-0.000128101950394921,0.6724265813827515,0.0,0.0003302554541733116,0.7766990065574646,-1.7468687295913696,-1.0,0.0,1.0,-4.248975892551243e-05,-2.472875166859012e-05,0.4647231698036194,0.8854560256004333,0.1666666716337204,-0.002064571250230074,-0.0007320111617445946,0.0009039896540343761,0.22439023852348328,-0.6195122003555298,0.0,0.0,1.0,0.0,0.0,0.0,0.0,0.006070165429264307,0.0,0.06833753734827042,0.004669953603297472,0.8333333134651184,0.021214701235294342,-0.011582421138882637,7.359355926513672,-0.5646106004714966,0.12907518446445465,0.11797782778739929,-0.009926144033670425,-0.009926144033670425,0.05270462855696678,0.06802571564912796,0.07650554180145264,-0.00016228031017817557,0.0001562729012221098,0.058569833636283875,0.058569833636283875,0.0006178518524393439,0.0,0.0,-0.0006325508002191782,0.09225708246231079,0.42714571952819824,1.0,5.176149845123291,4.369447708129883,0.6929134130477905,5.541263580322266,0.6103533506393433,8.07930850982666,4.779123306274414,0.3813559412956238,9.127185319860535,-1.3218756425036842,-1.0,0.007587656558156601,0.00256269621981949
2023-11-22,1,High,executed,call,False,09:35,-0.0017135347006842494,0.0,0.6213849782943726,0.001210983726195991,0.00047257024561986327,2.4963464736938477,-0.0021762114483863115,0.004105476662516594,0.0017318605678156018,-0.0007955370820127428,-0.10000000149011612,0.5672359466552734,0.003840245772153139,0.9866253137588501,-1.0,0.0,0.5,0.01445396151393652,-0.0016793552786111832,0.0,0.0,0.0005678153829649091,-0.872958242893219,-0.07120530307292938,-1.0,0.0,1.0,-0.00046196123003028333,-0.00017350248526781797,0.4647231698036194,0.8854560256004333,0.1666666716337204,0.003159495070576668,-0.0006637333426624537,0.003382402705028653,0.8771929740905762,-1.0,0.0,0.0,1.0,0.0,0.0,0.0,0.0,0.0,0.0,0.0732157975435257,0.005360329523682594,0.8666666746139526,0.01976707950234413,-0.01235471572726965,-37.399200439453125,-1.6903272867202759,0.3259817063808441,0.11863265186548233,0.2193392664194107,-0.000439987750723958,0.05270462855696678,0.08138817548751831,0.07981054484844208,-0.00074098288314417,9.424451855011284e-05,0.055413372814655304,0.055413372814655304,0.0004750200314447284,0.0,0.0,0.05020708590745926,0.133466899394989,0.3989116847515106,1.0,5.446737289428711,7.156956195831299,0.1526768058538437,7.322510242462158,0.38469234108924866,9.209939956665039,5.666426658630371,0.8194444179534912,38.98789385882554,-17.135475565958135,1.0,-0.002079953346519755,0.0025286221805953307
2023-11-24,0,High,,,False,,0.0013175751082599163,0.0,1.5925947427749634,0.0004320346051827073,0.00020714860875159502,1.442521572113037,0.0008565475000068545,0.0016469948459416628,-0.0018882324220612645,0.0002849374432116747,0.800000011920929,2.9131643772125244,-0.0030534351244568825,0.9866253137588501,-1.0,0.0,0.5,0.9347536563873291,0.0013155124615877867,1.7857142686843872,1.0,0.0002887018781621009,0.5837563276290894,3.142864465713501,1.0,0.0,1.0,7.06067803548649e-05,7.240317791001871e-05,0.4647231698036194,0.8854560256004333,0.1666666716337204,-8.559708658140153e-05,0.0008728414541110396,0.0014101433334872127,0.13219285011291504,1.0,0.0,1.0965344699798152e-05,1.0,0.0,0.0,0.0,0.0,0.14260289072990417,0.5925947427749634,0.03693821653723717,0.001364388968795538,0.0,0.03905169665813446,-0.006854391191154718,56.72681427001953,-1.0402017831802368,0.31578946113586426,0.22299346327781677,-0.10570207238197327,0.0039513795636594296,0.05270462855696678,0.04485006630420685,0.06205817312002182,-9.434864477952942e-05,0.0005086123710498214,0.10700683295726776,0.10700683295726776,0.00029375721351243556,0.0,0.0,-0.019375275820493698,0.2664559483528137,0.674442708492279,1.0,6.80128288269043,5.976350784301758,0.6955848336219788,7.163946628570557,0.5884287357330322,8.808368682861328,5.948034763336182,0.24607330560684204,14.163289897743171,13.175751855815587,-1.0,0.0038622919342314113,0.0025127493663442725
2023-11-27,0,High,,,False,,-0.0014348493423312902,0.0,1.1120020151138306,0.0004548021242953837,0.00021999911405146122,1.421910285949707,2.1435584130813368e-05,0.002673884853720665,-0.0019510351121425629,2.013124685618095e-05,0.20000000298023224,3.0780515670776367,-0.006949807051569223,0.9866253137588501,-1.0,0.0,0.5,0.41988494992256165,-0.0014125010930001736,0.2992156445980072,0.0,0.00033317628549411893,0.18840579688549042,-1.3877272605895996,1.0,0.0,1.0,9.874061652226374e-05,-1.704718488326762e-05,0.4647231698036194,0.8854560256004333,0.1666666716337204,-0.0008861786918714643,-0.0007536092889495194,0.002673884853720665,0.193097785115242,-0.16023007035255432,1.0,0.0,1.0,0.0,0.0,0.0,0.0,0.0,0.0,0.056284043937921524,0.0031678450759500265,0.0,0.02545185014605522,-0.009787474758923054,27.330467224121094,-2.0962162017822266,0.20408163964748383,0.15748119354248047,0.1882885992527008,-0.031422559171915054,0.05270462855696678,0.0650259479880333,0.0656617060303688,-0.0008650486124679446,0.0002528468321543187,0.07069692015647888,0.07069692015647888,0.0005037375376559794,0.0,0.0,0.05455278232693672,0.13447602093219757,0.5375702381134033,1.0,6.079933166503906,5.953243255615234,0.5317073464393616,6.7105231285095215,0.5576171875,9.23415470123291,5.905361652374268,0.4726775884628296,24.375656353166562,-14.348577884957058,-1.0,0.0005859936584512171,0.002430917742686023
2023-11-30,1,High,executed,call,False,09:24,-0.0013714712113142014,0.0,1.085120439529419,0.001109670614823699,0.00039108944474719465,2.320580005645752,-0.00036278035258874297,0.0032960514072328806,-0.008073128759860992,0.00014960001863073558,-0.10000000149011612,1.8583984375,-0.0007587253348901868,0.9866253137588501,-1.0,0.0,0.5,0.39399999380111694,-0.0013542156666517258,0.2245003581047058,0.0,0.00045783721725456417,-0.8297029733657837,-0.49906033277511597,-1.0,0.0,1.0,-0.00022687367163598537,6.228400707186665e-06,0.4647231698036194,0.8854560256004333,0.1666666716337204,0.00092734006466344,-0.000872354896273464,0.0030279725324362516,0.2917271554470062,-0.31930333375930786,-1.0,0.0,1.0,0.0,0.0,0.0,0.0,0.0,0.0,0.07656574249267578,0.005862160585820675,0.2666666805744171,0.018849875777959824,-0.012874196283519268,-16.318483352661133,-1.5709125995635986,0.29460379481315613,0.054055843502283096,0.09009421616792679,-0.019774163141846657,0.05270462855696678,0.0775899589061737,0.08336517214775085,-0.001013394445180893,8.140936552081257e-05,0.055185556411743164,0.055185556411743164,0.0006461770390160382,0.0,0.0,0.05448516458272934,0.1323750913143158,0.40921786427497864,1.0,5.564520359039307,6.156979084014893,0.35567715764045715,6.595780372619629,0.3716593384742737,9.038365364074707,5.442417621612549,0.730434775352478,28.723750656672213,-13.714712339801714,1.0,-0.0007992764377165846,0.002306185616553019
2023-12-01,0,High,,,False,,0.0010088692652061582,0.0,3.6186723709106445,0.0011130196508020163,0.00017434053006581962,3.1855180263519287,0.0007716347463428974,0.0030870959162712097,-0.001255433657206595,0.0001861654018284753,0.10000000149011612,0.5404433608055115,-0.002336448524147272,0.9866253137588501,-1.0,0.0,0.5,0.6706884503364563,0.0010164411505684257,1.07211434841156,0.0,0.0003652682644315064,-0.021653544157743454,2.913125991821289,1.0,0.0,1.0,0.00035910122096538544,0.00015562487533316016,0.4647231698036194,0.8854560256004333,0.1666666716337204,-0.002103286562487483,0.0010363352485001087,0.0019828402437269688,0.9370165467262268,1.0,0.0,0.0,1.0,0.0,0.0,0.0,0.0,2.3173820972442627,0.0,0.09387312829494476,0.008812133222818375,0.7333333492279053,0.01538465078920126,-0.015526258386671543,23.59279441833496,-2.039357900619507,0.3550087809562683,0.13012701272964478,-0.09114833921194077,0.01840083859860897,0.05270462855696678,0.09636127948760986,0.09965614974498749,-0.0006248454446904361,1.8226439351565205e-05,0.04645352065563202,0.04645352065563202,0.0007932771113701165,0.0,0.0,0.03688798099756241,0.15127511322498322,0.2528647780418396,1.0,6.30444860458374,4.574710845947266,0.8504672646522522,6.466144561767578,0.6186416149139404,9.253399848937988,4.8903489112854,0.3484848439693451,19.12405243147366,10.088906818059883,-1.0,0.004041211060705508,0.0022598276270303563
2023-12-04,1,Medium,explicitly_claimed,call,False,09:30,0.0011602785671129823,0.0,0.8313225507736206,0.0003571005945559591,0.0003179883642587811,0.9595487713813782,1.870071173470933e-05,0.0029466277919709682,-0.007634942419826984,-0.00016783851606305689,0.10000000149011612,2.209995985031128,0.0163690485060215,0.9866253137588501,-1.0,0.0,0.5,0.45724907517433167,0.0011324690422043204,0.7063127756118774,0.0,0.00035647465847432613,0.6564416885375977,-1.2847011089324951,-1.0,0.0,1.0,-6.562652561115101e-05,-1.2094457815692294e-05,0.4647231698036194,0.8854560256004333,0.1666666716337204,-0.006389157380908728,3.724362250068225e-05,0.0023704469203948975,0.8401108980178833,0.13678373396396637,1.0,0.0,1.0,0.0,0.0,0.0,0.0,0.0,0.0,0.06958306580781937,0.0048417020589113235,0.0,0.020748602226376534,-0.011825839057564735,-3.75351619720459,-0.7750763893127441,0.12736178934574127,0.06991519033908844,-0.09946323186159134,0.01007683016359806,0.05270462855696678,0.06929992884397507,0.07974997907876968,-3.875157926813699e-05,0.00015077997522894293,0.06293155997991562,0.06293155997991562,0.0008386101108044386,-1.0,-1.0,-0.04810389503836632,0.0824410617351532,0.4304084777832031,1.0,4.859812259674072,5.081404209136963,0.4444444477558136,5.666426658630371,0.5436224937438965,8.31139850616455,4.875197410583496,0.5846154093742371,26.495757251740965,11.602871223337173,-1.0,0.005401610747607721,0.002199293350392319
2023-12-05,1,High,executed,call,False,10:13,0.002027529524639249,0.0,5.982962131500244,0.002067224122583866,0.0005676290602423251,4.358875274658203,0.001840697368606925,0.0033001131378114223,-0.001283255754970014,0.00040308726602233946,0.20000000298023224,2.282973527908325,0.03692539408802986,0.9866253137588501,-1.0,0.0,0.5,0.9840742945671082,0.0020539755932986736,2.5,1.0,0.00048067342140711844,0.9745762944221497,-0.24633294343948364,1.0,0.0,1.0,0.0004954839241690934,0.00046488677617162466,0.4647231698036194,0.8854560256004333,0.1666666716337204,-0.002665540436282754,0.0020278068259358406,0.0012504078913480043,0.7565674185752869,1.0,0.0,0.001270116539672017,1.0,0.0,0.0,0.0,0.0,0.12032954394817352,2.0,0.07618474960327148,0.0058037941344082355,0.0,0.01882476918399334,-0.012853397987782955,70.09562683105469,-3.1352920532226562,0.6049308180809021,0.053412266075611115,-0.2520473301410675,-0.03306169807910919,0.05270462855696678,0.07328393310308456,0.0944662094116211,-0.0006824037409387529,0.0001436612947145477,0.05292395129799843,0.05292395129799843,0.0006023821770213544,1.0,1.0,-0.05421118065714836,0.2947905957698822,0.34525513648986816,1.0,6.202535629272461,4.644391059875488,0.8271812200546265,6.3919172286987305,0.616242527961731,9.694616317749023,5.587248802185059,0.13909775018692017,31.663007542142967,20.274739162153875,-1.0,-0.005287661835392428,0.0021564198716712293
2023-12-06,1,High,executed,call,False,10:14,-0.0014013965846970677,0.0,0.8029723167419434,0.0004867029783781618,0.00019544058886822313,1.6370978355407715,-0.0007621429394930601,0.0020733983255922794,0.0007180505781434476,-0.00014685452333651483,-0.20000000298023224,0.5359695553779602,-0.003132341429591179,0.9866253137588501,-1.0,0.0,0.5,0.06421052664518356,-0.0013895914889872074,-0.08561332523822784,0.0,0.0002720360935200006,-0.7085201740264893,-2.8320977687835693,-1.0,0.0,1.0,-0.0001961211091838777,-4.577798245009035e-05,0.4647231698036194,0.8854560256004333,0.1666666716337204,0.0040017953142523766,-0.0009559457539580762,0.0020733983255922794,0.1610526293516159,-0.8715789318084717,0.0,0.0,1.0,0.0,0.0,0.0,0.0,0.0,0.0,0.07122167199850082,0.005072488449513912,0.03333333507180214,0.02000703290104866,-0.012128128670156002,-9.441106796264648,-0.8357810974121094,0.12236058712005615,0.1010834202170372,0.1778736114501953,-0.040378835052251816,0.05270462855696678,0.0680539682507515,0.07889934629201889,-0.000633397838100791,0.00012921493907924742,0.059087444096803665,0.059087444096803665,0.0011507385643199086,1.0,1.0,0.057732708752155304,0.08869662135839462,0.40014317631721497,1.0,4.770684719085693,5.135798454284668,0.40909090638160706,5.659482002258301,0.39454805850982666,8.338784217834473,4.919981002807617,0.6323529481887817,18.50417754049598,-14.013285590824193,1.0,-0.0003238873145702381,0.002102533522546697
2023-12-07,0,High,,,False,,-0.0008682036423124373,0.0,0.7940781116485596,0.0004465174861252308,0.0003544968494679779,1.0065512657165527,-0.0005614369292743504,0.0021713008172810078,-0.004826328717172146,-0.00014739471953362226,0.10000000149011612,0.7905467748641968,0.0022796352859586477,0.9866253137588501,-1.0,0.0,0.5,0.34979838132858276,-0.0008809746359474957,-0.08079881966114044,0.0,0.00046262089745141566,0.7303921580314636,-1.3334466218948364,1.0,0.0,1.0,-6.664499233011156e-05,-3.88713669963181e-05,0.4647231698036194,0.8854560256004333,0.1666666716337204,0.004065630491822958,-3.283216938143596e-05,0.0014292937703430653,0.3828483819961548,-0.9754977226257324,0.0,0.0,1.0,0.0,0.0,0.0,0.0,0.0,0.0,0.06660392880439758,0.004435957875102758,0.20000000298023224,0.021655995398759842,-0.011338140815496445,-2.6327669620513916,-0.9544697999954224,0.17322835326194763,0.1125725582242012,0.1381152719259262,0.028674710541963577,0.05270462855696678,0.06594333797693253,0.07721259444952011,-0.0009253942407667637,0.000139011099236086,0.06575369834899902,0.06575369834899902,0.0006995142321102321,0.0,0.0,-0.01418993342667818,0.10480143874883652,0.455167680978775,1.0,5.921578407287598,5.375278472900391,0.6337308287620544,6.376727104187012,0.47293558716773987,8.529714584350586,5.1984968185424805,0.4444444477558136,15.898884419200051,-8.682505823931468,1.0,-0.003855197804164161,0.002100347542668669
2023-12-08,0,High,,,False,,0.0030284703243523836,0.0,2.3896970748901367,0.00218558288179338,0.0005439867381937802,4.3068132400512695,0.002213774947449565,0.004414703696966171,0.0006138788885436952,0.00025553087471053004,0.30000001192092896,3.745209217071533,0.036805011332035065,0.9866253137588501,-1.0,0.0,0.5,0.9704142212867737,0.0030198488384485245,1.7241379022598267,1.0,0.0005179408472031355,0.9402390718460083,5.181092739105225,1.0,0.0,1.0,0.00039414686034433544,0.00020068853336852044,0.4647231698036194,0.8854560256004333,0.1666666716337204,-0.0019563068635761738,0.00381823955103755,0.003213068237528205,0.9966124892234802,1.0,1.0,0.0009229952120222151,1.0,0.0,0.0,0.0,0.0,0.06810938566923141,1.3896970748901367,0.07436168193817139,0.005529364105314016,0.0,0.019293256103992462,-0.012601272203028202,73.810791015625,-3.66829776763916,0.7088035941123962,0.0826682597398758,-0.29910778999328613,0.027423527091741562,0.05270462855696678,0.0757850781083107,0.09557373076677322,-0.0007462361245416105,0.00017628246860112995,0.051647454500198364,0.051647454500198364,0.0005851020105183125,0.0,0.0,0.016560524702072144,0.24910776317119598,0.38352465629577637,1.0,6.551080226898193,5.26269006729126,0.7845118045806885,6.793466091156006,0.5154737830162048,9.99465274810791,5.587248802185059,0.19548872113227844,38.341826611741645,30.28495750446662,-1.0,0.007654390511697701,0.0020292832888703064
2023-12-11,0,High,,,False,,0.0019095342140644789,0.0,0.795632004737854,0.0006056317361071706,0.00033456500386819243,1.300238847732544,0.001166907255537808,0.003097621724009514,-0.0005361685762181878,0.00019633873307611793,0.30000001192092896,3.709357261657715,-0.0023023791145533323,0.9866253137588501,-1.0,0.0,0.5,0.9369305968284607,0.0019062204519286752,1.3888888359069824,1.0,0.0004761636082548648,0.05734767019748688,2.623720645904541,-1.0,0.0,1.0,5.7469471357762814e-05,7.342574826907367e-05,0.4647231698036194,0.8854560256004333,0.1666666716337204,-0.002193987602367997,0.002902256790548563,0.002802403410896659,0.7482571601867676,1.0,1.0,1.5195060768746771e-05,1.0,0.0,0.0,0.0,0.0,0.0,0.0,0.06220049783587456,0.003868789877742529,0.03333333507180214,0.022739628329873085,-0.010807985439896584,22.07723617553711,-1.556299090385437,0.23376622796058655,0.16569267213344574,-0.1467358022928238,-0.038199640810489655,0.05270462855696678,0.06122995540499687,0.07426371425390244,-0.0010354857658967376,0.0001846788072725758,0.06695319712162018,0.06695319712162018,0.0005689954268746078,0.0,0.0,0.0014671633252874017,0.1226285919547081,0.48846495151519775,1.0,5.831882476806641,5.293304920196533,0.6319702863693237,6.289715766906738,0.535523533821106,8.92119026184082,5.476463317871094,0.4453781545162201,20.987264809200454,19.094874691809615,-1.0,0.003995558029942831,0.0019575175155740446
2023-12-12,1,High,executed,call,False,09:46,-0.00014512216148432344,0.0,0.5903714895248413,0.0003812717623077333,0.0002291323326062411,1.1771013736724854,0.0005652403342537582,0.0022399716544896364,-0.001642068149521947,0.0002791508741211146,-0.10000000149011612,0.510479748249054,-0.00321802101098001,0.9866253137588501,-1.0,0.0,0.5,0.7775628566741943,-0.000159007657202892,0.8136467933654785,0.0,0.0003326843725517392,-0.5340909361839294,-2.2863786220550537,1.0,0.0,1.0,0.00021832792845088989,5.801860606879927e-05,0.4647231698036194,0.8854560256004333,0.1666666716337204,-0.00099288544151932,-0.00047009074478410184,0.0022399716544896364,0.10735009610652924,0.5551257133483887,0.0,0.0,1.0,0.0,0.0,0.0,0.0,0.0,0.0,0.07324540615081787,0.0053648375906050205,0.13333334028720856,0.01940060593187809,-0.012545249424874783,-0.4909461438655853,-0.7795119285583496,0.11577752232551575,0.07078380137681961,-0.02447684109210968,-0.02447684109210968,0.05270462855696678,0.07195502519607544,0.08218167722225189,-0.0008780814241617918,0.00012319564120844007,0.052247241139411926,0.052247241139411926,0.0006745172431692481,1.0,1.0,0.02309083752334118,0.06990335136651993,0.3769470453262329,1.0,5.129898548126221,4.9628448486328125,0.5419355034828186,5.739792823791504,0.4329921305179596,8.343316078186035,4.828313827514648,0.5080645084381104,18.886949686765153,-1.4510524678150851,-1.0,0.004214172585593387,0.0018170520621155286
2023-12-13,0,High,,,False,,-4.9496000428916886e-05,0.0,0.2995592951774597,0.0002776217588689178,0.00017118376854341477,1.1944656372070312,-0.00021080204169265926,0.0014010213781148195,0.0006499362061731517,-5.118945045978762e-05,-0.10000000149011612,0.025143923237919807,0.003267973894253373,0.9866253137588501,-1.0,0.0,0.5,0.34562212228775024,-5.991464786347933e-05,0.2668308615684509,0.0,0.000231966347200796,-0.2945736348628998,-1.5927677154541016,-1.0,0.0,1.0,-7.644010474905372e-05,-1.3895826668886002e-05,0.4647231698036194,0.8854560256004333,0.1666666716337204,0.0005620651063509285,8.823636744637042e-05,0.0014010213781148195,0.3748079836368561,-0.3087557554244995,0.0,0.0,1.0,0.0,0.0,0.0,0.0,0.0,0.0,0.11288890987634659,0.012743876315653324,1.0,0.0125251030549407,-0.01878434419631958,-0.9501724243164062,-0.2795819342136383,0.03359462320804596,0.05232292413711548,-0.03464597463607788,-0.03464597463607788,0.05270462855696678,0.10609350353479385,0.11667251586914062,-0.00034156249603256583,-1.8208900655736215e-05,0.04138685017824173,0.04138685017824173,0.0011687639635056257,-1.0,-1.0,0.07374381273984909,0.025480881333351135,0.3482905924320221,1.0,3.97029185295105,4.060442924499512,0.47706422209739685,4.7004804611206055,0.44172826409339905,7.473069190979004,4.110873699188232,0.5666666626930237,10.846164774279563,-0.4949180012289938,1.0,0.00447765497752934,0.001763751097375484
2023-12-14,1,High,executed,call,False,10:08,0.0004270956269465387,0.0,0.4177324175834656,0.0005516057717613876,0.00040961214108392596,1.1404762268066406,2.659633719304111e-05,0.003704846603795886,0.004638983402401209,-3.832879883702844e-06,-0.10000000149011612,0.13415680825710297,0.0016433853888884187,0.9866253137588501,-1.0,0.0,0.5,0.604677677154541,0.0004087377747055143,0.7016782164573669,0.0,0.000511450576595962,-0.25287356972694397,2.6537728309631348,-1.0,0.0,1.0,-0.00015097446157597005,2.0571544155245647e-05,0.4647231698036194,0.8854560256004333,0.1666666716337204,0.0031213148031383753,0.0022402380127459764,0.003237778088077903,0.8844647407531738,0.3838120102882385,1.0,0.0,1.0,0.0,0.0,0.0,0.0,0.0,0.0,0.08623369038105011,0.007436082232743502,0.10000000149011612,0.016067495569586754,-0.014906889759004116,-2.3092904090881348,-0.8192962408065796,0.12382739037275314,0.0720883458852768,-0.03466317430138588,-0.03466317430138588,0.05270462855696678,0.08366743475198746,0.0911482647061348,-0.00042633633711375296,2.1921641746303067e-05,0.04768262058496475,0.04768262058496475,0.0007269220659509301,0.0,0.0,0.07128474116325378,0.060269951820373535,0.3719008266925812,1.0,4.905274868011475,5.509388446807861,0.3526315689086914,5.9427995681762695,0.42971718311309814,8.463581085205078,4.787491798400879,0.5882353186607361,22.834401960219537,4.270997418818529,1.0,0.013515460240469263,0.0018754496584888775
2023-12-15,0,High,,,False,,0.000791864818893373,0.0,0.5330368280410767,0.0006321420660242438,0.00038059314829297364,1.298736333847046,0.0004939043428748846,0.002214618492871523,-0.005184413865208626,2.4524333639419638e-05,0.20000000298023224,0.39566755294799805,-0.0024429967161267996,0.9866253137588501,-1.0,0.0,0.5,0.6532567143440247,0.0007907079416327178,1.7768762111663818,0.0,0.0005080470582470298,0.7986577153205872,-0.041472192853689194,-1.0,0.0,1.0,4.0718168747844175e-05,2.3050712115946226e-05,0.4647231698036194,0.8854560256004333,0.1666666716337204,-0.001097594853490591,-2.1212821593508124e-05,0.0021446163300424814,0.7715133428573608,0.34915924072265625,1.0,0.0,1.0,0.0,0.0,0.0,0.0,0.0,0.0,0.08170577883720398,0.006675689946860075,0.13333334028720856,0.01711338944733143,-0.014113160781562328,9.69693374633789,-1.3469798564910889,0.19757366180419922,0.06380194425582886,-0.08760646730661392,0.018457641825079918,0.05270462855696678,0.0830814316868782,0.08700254559516907,-0.0001496263430453837,0.00010915552411461249,0.0503268763422966,0.0503268763422966,0.0008208929211832583,0.0,0.0,0.028448358178138733,0.06617479026317596,0.4138428270816803,1.0,5.463831901550293,4.8903489112854,0.640326976776123,5.908082962036133,0.6300129294395447,8.847647666931152,5.062594890594482,0.24840764701366425,15.391474503879433,7.918606797894329,-1.0,0.002774986629289197,0.001865831853097615
2023-12-18,0,High,,,False,,0.0009743745904415846,0.0,0.9238965511322021,0.00044342619366943836,0.00019071948190685362,1.4963628053665161,0.0007284299936145544,0.0022614735644310713,0.002179122995585203,0.00010846518125617877,0.20000000298023224,5.042383193969727,0.000798722030594945,0.9866253137588501,-1.0,0.0,0.5,0.9589169025421143,0.0009636918548494577,2.5,1.0,0.0002785742108244449,0.7904762029647827,2.453439474105835,1.0,0.0,1.0,0.00014604881289415061,3.008757994393818e-05,0.4647231698036194,0.8854560256004333,0.1666666716337204,0.002237525535747409,0.0021685652900487185,0.001955298474058509,0.7397408485412598,1.0,0.0,0.00021326688874978572,1.0,0.0,0.0,0.0,0.0,0.0,0.0,0.06093170493841171,0.00371263618580997,0.0,0.022728484123945236,-0.010925307869911194,38.03435134887695,-1.693923830986023,0.1388102024793625,0.16116386651992798,-0.12352792918682098,-0.017950264737010002,0.05270462855696678,0.059709127992391586,0.07573770731687546,-0.001899951254017651,0.0002350756840314716,0.06169498339295387,0.06169498339295387,0.0005315910675562918,0.0,0.0,-0.03466951847076416,0.0898388922214508,0.5136005878448486,1.0,6.839476585388184,6.06145715713501,0.6855253577232361,7.216709613800049,0.5255321264266968,9.257033348083496,5.905361652374268,0.2704918086528778,9.743456372722036,9.743456372722036,1.0,-0.0009281607126155364,0.0018465359474585936
2023-12-22,0,High,,,False,,0.0017943023703992367,0.0,0.5165492296218872,0.00033976155100390315,0.00017684964404907078,1.312177300453186,0.000630021677352488,0.003989052027463913,0.004056165460497141,0.00014628152712248266,-0.699999988079071,3.591052532196045,-0.0028880867175757885,0.9866253137588501,-1.0,0.0,0.5,0.7429022192955017,0.001764725660905242,0.849244236946106,0.0,0.0002561694127507508,-0.17283950746059418,4.790326118469238,-1.0,0.0,1.0,0.00012420992425177246,6.133714487077668e-05,0.4647231698036194,0.8854560256004333,0.1666666716337204,0.0013459631009027362,0.002963475650176406,0.0033703504595905542,0.9937772154808044,0.7585563063621521,0.0,0.0,1.0,0.0,0.0,0.0,0.0,0.0,0.0,0.08112114667892456,0.0065806093625724316,0.0,0.017025701701641083,-0.014124922454357147,14.405720710754395,-1.3374038934707642,0.1818181872367859,0.06680994480848312,-0.16882802546024323,0.04090132191777229,0.05270462855696678,0.08839022368192673,0.08974059671163559,-0.0011391692096367478,0.00015026814071461558,0.0479925237596035,0.0479925237596035,0.0007523706299252808,0.0,0.0,0.06192735210061073,0.06862596422433853,0.35639533400535583,1.0,5.953243255615234,5.192956924438477,0.6820604205131531,6.335054397583008,0.5712640285491943,8.846065521240234,5.20948600769043,0.3956044018268585,26.41093961144403,17.943106502647453,1.0,0.010491066510524427,0.00199836826105817
2023-12-29,0,High,,,False,,0.0002319831692148,0.0,0.632308840751648,0.00012954612611792982,0.00013154699990991503,0.6571378111839294,9.060117008630186e-05,0.000908912334125489,-0.0015378379030153155,2.060120777969132e-06,0.20000000298023224,0.6035328507423401,0.001583531266078353,0.9866253137588501,-1.0,0.0,0.5,0.7241379022598267,0.00022639230883214623,0.9016393423080444,0.0,0.0001847673993324861,-0.27419355511665344,0.30937695503234863,1.0,0.0,1.0,1.7475453205406666e-05,3.964154529967345e-06,0.4647231698036194,0.8854560256004333,0.1666666716337204,-0.0002591908269096166,0.0006393728544935584,0.000908912334125489,0.9448275566101074,0.4482758641242981,1.0,0.0,1.0,0.0,0.0,0.0,0.0,0.0,0.0,0.0689580962061882,0.0047552017495036125,0.06666667014360428,0.019886551424860954,-0.012322819791734219,8.084019660949707,-0.508129358291626,0.04128440469503403,0.027253616601228714,-0.019639641046524048,-0.019639641046524048,0.05270462855696678,0.07030043751001358,0.0762048214673996,-0.0011302274651825428,0.0001460519852116704,0.056354768574237823,0.056354768574237823,0.0008603327441960573,0.0,0.0,0.030457189306616783,0.06878678500652313,0.39727583527565,1.0,4.736198425292969,4.624972820281982,0.5280373692512512,5.370637893676758,0.5958401560783386,7.80506706237793,4.934473991394043,0.5289855003356934,6.373903853854528,2.3195458629220846,1.0,0.00033875947464715106,0.001733031908416112
2024-01-03,0,High,,,False,,-0.0003007187624461949,0.0,1.4809197187423706,0.0020209294743835926,0.0003240361693315208,4.591883182525635,0.0001806638902053237,0.002309028524905443,-0.00714527815580368,-0.0001584437268320471,0.30000001192092896,1.609054684638977,0.0007220216793939471,0.9866253137588501,-1.0,0.0,0.5,0.589908242225647,-0.0002864466514438391,0.5636676549911499,0.0,0.00047799613093957305,0.46121594309806824,-3.5254323482513428,1.0,0.0,1.0,0.00012525965576060116,-9.03758846106939e-05,0.4647231698036194,0.8854560256004333,0.1666666716337204,-0.003788709407672286,-0.0009469135547988117,0.0015781891997903585,0.2308724820613861,-0.20000000298023224,1.0,0.0,1.0,0.0,0.0,0.0,0.0,0.12441584467887878,0.0,0.08144520968198776,0.006633216980844736,0.0,0.0171080119907856,-0.014123921282589436,12.538330078125,-2.791727066040039,0.3966558277606964,0.0069616506807506084,-0.012712317518889904,-0.012712317518889904,0.05270462855696678,0.09407775104045868,0.08609535545110703,-0.00033784809056669474,6.512405525427312e-05,0.04804389551281929,0.04804389551281929,0.0006345236324705184,1.0,1.0,0.11309898644685745,0.2042662799358368,0.28607311844825745,1.0,6.257667541503906,6.5191473960876465,0.4348914921283722,7.089242935180664,0.5372741222381592,9.522958755493164,5.673323154449463,0.4655172526836395,14.357806888169488,-3.0070221412169156,-1.0,-0.006104116846085561,0.001772669206742421
2024-01-04,1,High,executed,put,False,10:03,0.0016571717569604516,0.0,1.2957167625427246,0.0008495147922076285,0.00029964582063257694,1.9134889841079712,0.0009562738123349845,0.0027587993536144495,-0.004400486592203379,0.00017355549789499491,0.20000000298023224,0.5103894472122192,0.0007077140617184341,0.9866253137588501,-1.0,0.0,0.5,0.9561200737953186,0.0016376309795305133,1.4921656847000122,0.0,0.0004406858060974628,0.5774999856948853,3.351867198944092,1.0,0.0,1.0,0.00025990756694227457,7.475850725313649e-05,0.4647231698036194,0.8854560256004333,0.1666666716337204,-0.0014306516386568546,0.0023680224549025297,0.00261013419367373,0.8803905844688416,1.0,0.0,0.0,1.0,0.0,0.0,0.0,0.0,0.01931535080075264,0.0,0.07293060421943665,0.005318783223628998,0.13333334028720856,0.019189149141311646,-0.012681879103183746,9.69303035736084,-0.9933134317398071,0.3235294222831726,0.04613226279616356,-0.18200482428073883,0.030373889952898026,0.05270462855696678,0.07282832264900208,0.08787636458873749,-0.0006187623366713524,0.00012494940892793238,0.05886179581284523,0.05886179581284523,0.0007255704258568585,0.0,0.0,-0.029881803318858147,0.11902956664562225,0.4238709807395935,1.0,5.799092769622803,4.770684719085693,0.7376681566238403,6.102558612823486,0.5584486722946167,8.61122989654541,4.9416422843933105,0.1942446082830429,16.82732782968916,16.57180174042351,-1.0,-0.008199411432005737,0.001777609015115909
2024-01-05,1,High,executed,call,False,09:48,0.002950091380625963,0.0,1.2184422016143799,0.0016726104076951742,0.0003318573290016502,4.249131679534912,0.0016956533072516322,0.00397430919110775,-0.004582144785672426,0.00026865024119615555,0.30000001192092896,3.5906565189361572,-0.00296296295709908,0.9866253137588501,-1.0,0.0,0.5,0.8839572072029114,0.0029436242766678333,1.470588207244873,1.0,0.0003874116810038686,0.7242693901062012,4.211550235748291,1.0,0.0,1.0,0.00046109152026474476,0.00010111381561728194,0.4647231698036194,0.8854560256004333,0.1666666716337204,0.000185512937605381,0.003113563172519207,0.0026098673697561026,0.75,1.0,0.0,0.0004378116282168776,1.0,0.0,0.0,0.0,0.0,0.0,0.2184421718120575,0.08927150815725327,0.007969291880726814,0.13333334028720856,0.01567666605114937,-0.015306285582482815,36.056922912597656,-2.7460598945617676,0.38522428274154663,0.13639184832572937,-0.32347509264945984,-0.004680223762989044,0.05270462855696678,0.08644487708806992,0.09696605056524277,-0.0011430875165387988,9.164462244370952e-05,0.04509305581450462,0.04509305581450462,0.0006718594231642783,0.0,0.0,0.052375007420778275,0.13724149763584137,0.31417322158813477,1.0,5.961005210876465,5.231108665466309,0.6753926873207092,6.3526291847229,0.518284022808075,9.735128402709961,5.455321311950684,0.19313304126262665,33.93545300941533,29.5016229275227,1.0,-0.003071693575081593,0.001758031203981927
2024-01-12,0,High,,,False,,-0.002312599215656519,0.0,2.050489902496338,0.0011412136955186725,0.00032700394513085485,2.66799259185791,-0.0024810710456222296,0.004130106884986162,-0.00295127066783607,-0.0007436086889356375,-0.5,7.7272539138793945,0.014308426529169083,0.9866253137588501,-1.0,0.0,0.5,0.08805668354034424,-0.0023231850937008858,0.0,-1.0,0.0004968549474142492,-0.6263736486434937,-0.7437601089477539,-1.0,0.0,1.0,-0.0003771469055209309,-0.00034569206763990223,0.4647231698036194,0.8854560256004333,0.1666666716337204,0.0022781044244766235,-0.0014212917303666472,0.0023116893135011196,0.8824593424797058,-1.0,0.0,-0.0007022853824310005,1.0,0.0,0.0,0.0,0.0,0.2990841269493103,-1.050489902496338,0.08474540710449219,0.0071816775016486645,0.4000000059604645,0.016255967319011688,-0.014820302836596966,-31.33807373046875,-3.7290542125701904,0.24239498376846313,0.06907578557729721,0.22197479009628296,0.01296128612011671,0.05270462855696678,0.08516768366098404,0.09734810143709183,-0.0009388059843331575,7.620551332365721e-05,0.04391322657465935,0.04391322657465935,0.0006387860048562288,0.0,0.0,-0.018465785309672356,0.1078924760222435,0.34052756428718567,1.0,6.040254592895508,6.698267936706543,0.3409275710582733,7.114769458770752,0.431598037481308,9.868170738220215,5.9427995681762695,0.692105233669281,35.65885489877277,-23.126683170549846,1.0,-0.0003889178129565687,0.0019533364088794476
2024-01-17,0,High,,,False,,-0.0013966066762804985,0.0,0.43756115436553955,0.0006135890726000071,0.0003430490614846349,1.5056774616241455,-0.0007973955362103879,0.0027526875492185354,-0.011859196238219738,-0.00015505841292906553,-0.10000000149011612,1.2576684951782227,0.0,0.9866253137588501,-0.33000001311302185,0.0,0.5,0.013066872023046017,-0.001384574337862432,-0.4285714328289032,-1.0,0.0004033668083138764,-0.9413793087005615,-3.4463424682617188,1.0,0.0,1.0,0.00015291226736735553,-3.881737211486325e-05,0.4647231698036194,0.8854560256004333,0.1666666716337204,-0.005466740112751722,-0.0027167187072336674,0.002498788759112358,0.04826418310403824,-1.0,0.0,-2.7505717298481613e-05,1.0,0.0,0.0,0.0,0.0,0.0,0.0,0.09172271937131882,0.008412939496338367,0.5333333611488342,0.01515051256865263,-0.015763020142912865,-9.066706657409668,-1.0631600618362427,0.08474576473236084,0.014894867315888405,0.18428748846054077,-0.027294961735606194,0.05270462855696678,0.09085582941770554,0.09234755486249924,-0.00020762164785992354,2.5983541490859352e-05,0.04394882172346115,0.04394882172346115,0.0008442711550742388,1.0,1.0,-0.026254095137119293,0.048865798860788345,0.2931654751300812,1.0,4.682131290435791,5.283203601837158,0.3531353175640106,5.71702766418457,0.3891402781009674,8.533853530883789,4.867534637451172,0.6744186282157898,13.965778735309343,-13.965778735309343,-1.0,-0.0037548473229179927,0.001951927212449968
2024-01-19,1,High,executed,put,False,10:22,0.0009640324278734624,0.0,2.636381149291992,0.0007254549418576062,0.00024877963005565107,2.031337022781372,0.0011271435068920255,0.002735048532485962,0.0023347975220531225,0.000393767433706671,0.20000000298023224,3.942211627960205,-0.012265512719750404,0.9866253137588501,-1.0,0.0,0.5,0.8216463327407837,0.0009519719751551747,2.049999952316284,0.0,0.0003822337312158197,0.37068966031074524,1.2516027688980103,1.0,0.0,1.0,0.00015907293709460646,0.00013887348177377135,0.4647231698036194,0.8854560256004333,0.1666666716337204,0.003294613678008318,0.00014800947974435985,0.0026620859280228615,0.0485512912273407,0.6335160732269287,0.0,0.0,1.0,0.0,0.0,0.0,0.0,0.8724640607833862,0.0,0.08870189636945724,0.00786796398460865,0.06666667014360428,0.015390853397548199,-0.015501661226153374,44.055965423583984,-2.618417263031006,0.21166306734085083,0.19579288363456726,-0.14572125673294067,-0.04148923233151436,0.05270462855696678,0.08499404042959213,0.09764371812343597,-0.0019181309035047889,0.00011616201663855463,0.04780018329620361,0.04780018329620361,0.0007669589831493795,1.0,1.0,0.053605612367391586,0.10501024127006531,0.32489699125289917,1.0,6.236369609832764,5.690359592437744,0.6335403919219971,6.692083835601807,0.5662049651145935,9.444305419921875,5.541263580322266,0.27952754497528076,22.160469512593973,9.640568392099503,1.0,0.00876340686985651,0.0019425926730882405
2024-01-23,0,High,,,False,,-0.00023671952658332884,0.0,0.563847005367279,0.00029236634145490825,0.00016452449199277908,0.9310377240180969,0.00027636357117444277,0.0016986073460429907,-0.002365696709603071,6.288303848123178e-05,0.30000001192092896,1.1890963315963745,-0.006074411328881979,0.9866253137588501,-1.0,0.0,0.5,0.7503030300140381,-0.00022431911202147603,0.6831955909729004,0.0,0.0002929546171799302,0.8732394576072693,1.7210103273391724,-1.0,0.0,1.0,2.0285626760596642e-06,3.031583446500008e-07,0.4647231698036194,0.8854560256004333,0.1666666716337204,0.0012740639504045248,2.470701656420715e-05,0.0016986073460429907,0.4084848463535309,0.5006060600280762,1.0,0.0,1.0,0.0,0.0,0.0,0.0,0.0,0.0,0.06971398741006851,0.0048600127920508385,0.0,0.019279753789305687,-0.012612592428922653,9.762566566467285,-0.9995808601379395,0.08851540833711624,0.11227802187204361,0.06341628730297089,-0.03952961787581444,0.05270462855696678,0.06558622419834137,0.08395543694496155,-0.0013493585865944624,0.00014866238052491099,0.05294527858495712,0.05294527858495712,0.0006844683666713536,0.0,0.0,-0.03265489637851715,0.06612197309732437,0.4008866250514984,1.0,5.817111015319824,5.2983174324035645,0.6273408532142639,6.282266616821289,0.5273802876472473,8.564458847045898,5.214935779571533,0.45355191826820374,12.453103611932747,-2.366994270064699,1.0,0.0024096409856925044,0.002010001817628628
2024-01-26,0,High,,,False,,-0.0004046655085403472,0.0,0.903420090675354,0.0005315940943546593,0.0002649779198691249,1.4146806001663208,-0.00043288260349072516,0.002085484331473708,-0.0014721066690981388,-0.00011862959217978641,-0.10000000149011612,1.7987051010131836,0.0022156573832035065,0.9866253137588501,-1.0,0.0,0.5,0.31470587849617004,-0.0004105541738681495,0.4921000599861145,0.0,0.0003718237567227334,-0.6807692050933838,-0.20401306450366974,-1.0,0.0,1.0,-0.00012246714322827756,-5.469677489600144e-05,0.4647231698036194,0.8854560256004333,0.1666666716337204,-0.00125432841014117,0.000417096889577806,0.0018462671432644129,0.6223698854446411,-0.5481727719306946,0.0,0.0,1.0,0.0,0.0,0.0,0.0,0.0,0.0,0.07511992752552032,0.005642933305352926,0.23333333432674408,0.017875708639621735,-0.013599932193756104,-0.3856382668018341,-0.9020638465881348,0.14248020946979523,0.07305455207824707,0.08280200511217117,-0.019427621737122536,0.05270462855696678,0.07288023084402084,0.08482810109853745,-0.000741555995773524,0.00013085907266940922,0.052130766212940216,0.052130766212940216,0.0006907123024575412,-1.0,-1.0,-0.04768740013241768,0.058461993932724,0.39409592747688293,1.0,4.905274868011475,5.153291702270508,0.43790850043296814,5.7268476486206055,0.46898216009140015,8.5913724899292,5.023880481719971,0.5827814340591431,20.028498947331236,-4.046615009039769,-1.0,0.005343984464949212,0.002020199156290392
2024-01-29,0,High,,,False,,0.0009159063338302076,0.0,0.8123809099197388,0.00037583158700726926,0.00018710302538238466,1.3770025968551636,0.00037470817915163934,0.0015584755456075072,-0.002222308423370123,0.00012685832916758955,-0.10000000149011612,0.7094966173171997,0.0007235889788717031,0.9866253137588501,-1.0,0.0,0.5,0.7562254071235657,0.0009060196462087333,1.0601123571395874,0.0,0.0002814359904732555,-0.44565218687057495,2.4389564990997314,-1.0,0.0,1.0,-5.271443660603836e-05,2.963494262075983e-05,0.4647231698036194,0.8854560256004333,0.1666666716337204,0.000588948605582118,0.0005841730162501335,0.001540092402137816,0.6193633675575256,0.5305039882659912,0.0,0.0,1.0,0.0,0.0,0.0,0.0,0.0,0.0,0.06238532438874245,0.0038918936625123024,0.0,0.021486053243279457,-0.011531729251146317,4.721517562866211,-0.5682227611541748,0.12293456494808197,0.20383894443511963,-0.11867409944534302,-0.016545956954360008,0.05270462855696678,0.059989023953676224,0.07681501656770706,-0.0016061896458268166,0.00018418194667901844,0.06777824461460114,0.06777824461460114,0.0009325771243311465,0.0,0.0,0.040083661675453186,0.08575087785720825,0.3732534945011139,1.0,4.7004804611206055,4.143134593963623,0.6374269127845764,5.147494316101074,0.40719759464263916,8.007034301757812,4.488636493682861,0.4886363744735718,11.101634309111185,9.159023000278316,1.0,-0.0010173503166364458,0.00201527406801897
2024-02-01,0,High,,,False,,-0.0016907646786421537,0.0,1.506571888923645,0.0019014732679352164,0.0004206824232824147,3.891005277633667,-0.0017454911721870303,0.0029386405367404222,-0.009746079333126545,-0.0004151860484853387,-0.10000000149011612,2.9607057571411133,0.017033357173204422,0.9866253137588501,-1.0,0.0,0.5,0.10924369841814041,-0.0016779678408056498,0.0,-1.0,0.0005300489137880504,-0.8311688303947449,-0.638555109500885,1.0,0.0,1.0,-5.8537789300316945e-05,-0.00012033661914756522,0.4647231698036194,0.8854560256004333,0.1666666716337204,0.003223616164177656,-0.00035395388840697706,0.0022616006899625063,0.9508644342422485,-1.0,0.0,-0.00035395388840697706,1.0,0.0,0.0,0.0,0.0,0.04331732913851738,-0.506571888923645,0.09481567144393921,0.008989834226667881,1.0,0.014305179007351398,-0.016692882403731346,-18.956602096557617,-2.8097829818725586,0.36321839690208435,0.09260880947113037,0.21833734214305878,0.012550202198326588,0.05270462855696678,0.08863796293735504,0.10439874231815338,-0.0010635964572429657,3.098857996519655e-05,0.04310235008597374,0.04310235008597374,0.0008268997771665454,1.0,1.0,0.021901855245232582,0.1207379549741745,0.30424928665161133,1.0,6.042633056640625,6.06842565536499,0.4935370087623596,6.747586727142334,0.4844900965690613,9.60224723815918,5.6698808670043945,0.7058823704719543,25.00179057118318,-16.907606326323723,1.0,-0.016068220680886116,0.00190825204244579
2024-02-02,0,High,,,False,,0.001165724010206759,0.0,1.3333450555801392,0.0005364621756598353,0.00040996409370563924,0.9673145413398743,0.0007279216661117971,0.0034788758493959904,0.002960702171549201,0.0003055620763916522,0.10000000149011612,1.5921270847320557,-0.012756910175085068,0.9866253137588501,-1.0,0.0,0.5,0.7675233483314514,0.0011945427395403385,0.98808753490448,0.0,0.0005487996386364102,0.5681818127632141,3.646806478500366,-1.0,0.0,1.0,0.00010084635141538456,0.00010190389002673328,0.4647231698036194,0.8854560256004333,0.1666666716337204,0.0020607628393918276,0.0010302511509507895,0.002263707807287574,0.8985637426376343,1.0,0.0,0.0,1.0,0.0,0.0,0.0,0.0,0.0359899066388607,0.0,0.09276444464921951,0.00860507506877184,0.0,0.014397261664271355,-0.01658616028726101,-0.04085122048854828,-0.8300920724868774,0.1560283750295639,0.13929717242717743,-0.12456250935792923,-0.02295982465147972,0.05270462855696678,0.08639530092477798,0.10525421053171158,-0.0016297237016260624,7.573973562102765e-05,0.04324200749397278,0.04324200749397278,0.000762176641728729,0.0,0.0,0.030948132276535034,0.05581966042518616,0.3495575189590454,1.0,4.919981002807617,5.036952495574951,0.47058823704719543,5.6698808670043945,0.44460731744766235,8.471358299255371,4.753590106964111,0.469565212726593,31.471959290888538,11.65720100620469,1.0,0.012477573581426996,0.0019651779940614914
2024-02-05,0,High,,,False,,-0.0014525634469464421,0.0,2.8334619998931885,0.0016023695934563875,0.0004001800552941859,4.195225715637207,-0.0010559019865468144,0.00293767754919827,-0.0065976353362202644,-6.488020881079137e-05,-0.10000000149011612,3.1205265522003174,-0.0064056939445436,0.9866253137588501,-1.0,0.0,0.5,0.000688705244101584,-0.0014673618134111166,-1.1363636255264282,-1.0,0.00041634441004134715,-0.9987373948097229,1.2671374082565308,-1.0,0.0,1.0,-0.0003304475685581565,-8.956454257713631e-05,0.4647231698036194,0.8854560256004333,0.1666666716337204,-0.00017143871809821576,-0.0029356542509049177,0.002531015546992421,0.24540367722511292,-1.0,-1.0,-0.00040463879122398794,1.0,0.0,0.0,0.0,0.0,0.0019993206951767206,-1.8334619998931885,0.07651233673095703,0.005853977054357529,0.03333333507180214,0.01739921234548092,-0.013853051699697971,-4.099354267120361,-2.0435216426849365,0.39211392402648926,0.20689164102077484,0.14809423685073853,0.04693454131484032,0.05270462855696678,0.07316499203443527,0.09146823734045029,-0.0007612121407873929,8.388474816456437e-05,0.05069221183657646,0.05069221183657646,0.0005393200553953648,-1.0,-1.0,0.015288679860532284,0.12490250915288925,0.3445090651512146,1.0,5.2522735595703125,5.7683210372924805,0.37328094244003296,6.234410762786865,0.4468046724796295,9.31145191192627,5.398162841796875,0.6727272868156433,16.100880172242523,-14.525515288339122,-1.0,0.010617687028247945,0.002059026097588138
2024-02-06,0,High,,,False,,-0.0022810448426753283,0.0,0.8889992237091064,0.00048153084935620427,0.0003002816520165652,1.116152048110962,-0.001896964735351503,0.0031926711089909077,-0.002957975259050727,-0.0005940007395111024,-0.30000001192092896,4.783697128295898,0.003723008092492819,0.9866253137588501,-1.0,0.0,0.5,0.036755386739969254,-0.0022823147010058165,-1.263157844543457,-1.0,0.00046418880810961127,-0.756302535533905,-1.326827883720398,-1.0,0.0,1.0,-0.0003088712983299047,-0.00014977766841184348,0.4647231698036194,0.8854560256004333,0.1666666716337204,0.001608592108823359,-0.0015356383519247174,0.0015821728156879544,1.0,-1.0,0.0,-0.00031157879857346416,1.0,0.0,0.0,0.0,0.0,0.0,0.0,0.0777503103017807,0.006045021116733551,1.0,0.01711864583194256,-0.014050859026610851,-11.779348373413086,-2.152574062347412,0.12016656994819641,0.07293865829706192,0.2514921724796295,0.049168262630701065,0.05270462855696678,0.07657536119222641,0.08507470041513443,-0.0006356130470521748,6.892740202601999e-05,0.047973643988370895,0.047973643988370895,0.0006598987965844572,-1.0,-1.0,0.0404854491353035,0.05915003642439842,0.36656975746154785,1.0,5.247024059295654,6.0354814529418945,0.3118811845779419,6.408528804779053,0.48153069615364075,9.331672668457031,5.541263580322266,0.6771653294563293,29.573626838076212,-22.811040058445467,1.0,-0.003192809658712086,0.0019167227878905979
2024-02-07,0,High,,,False,,-0.000863859720993787,0.0,0.7728445529937744,0.0002915533841587603,0.0003102600749116391,0.7644820213317871,-0.0003087682998739183,0.0020267986692488194,0.003134701633825898,-0.0001322006428381428,-0.10000000149011612,1.9259282350540161,0.00308880303055048,0.9866253137588501,-1.0,0.0,0.5,0.4275793731212616,-0.0008490235777571797,-0.06699752062559128,0.0,0.0003836153191514313,-0.37931033968925476,-0.8526276350021362,-1.0,0.0,1.0,-9.010006760945544e-05,-4.5573826355393976e-05,0.4647231698036194,0.8854560256004333,0.1666666716337204,0.003796747885644436,6.233210297068581e-05,0.0016889990074560046,0.0416666679084301,-0.3738095164299011,0.0,0.0,1.0,0.0,0.0,0.0,0.0,0.0,0.0,0.07323744893074036,0.005363627802580595,0.20000000298023224,0.018088459968566895,-0.013438460417091846,2.3686883449554443,-0.7409712076187134,0.09463722258806229,0.19008851051330566,0.13351410627365112,0.032978445291519165,0.05270462855696678,0.06964033842086792,0.08573086559772491,-0.0016555959591642022,0.0001536054041935131,0.05840720608830452,0.05840720608830452,0.0011786919785663486,0.0,0.0,0.1296187788248062,0.06458849459886551,0.3538796305656433,1.0,5.308267593383789,4.174387454986572,0.7584905624389648,5.58349609375,0.43786007165908813,8.201385498046875,4.6634392738342285,0.32380953431129456,15.569564326863542,-8.639185548556402,1.0,0.002434189063715526,0.0018941096289224217
2024-02-08,0,High,,,False,,0.0006350987241603434,0.0,0.6796674132347107,0.00031434453558176756,0.0002029598254011944,1.1126190423965454,0.00028777902480214834,0.0014195558615028858,-0.0010751783847808838,9.415382373845205e-05,0.30000001192092896,1.2531709671020508,-0.0030816642101854086,0.9866253137588501,-1.0,0.0,0.5,0.5811001658439636,0.0006322329281829298,1.25124192237854,0.0,0.0002572819939814508,0.4585987329483032,2.223538637161255,1.0,0.0,1.0,4.332607932155952e-05,1.2769051863870118e-05,0.4647231698036194,0.8854560256004333,0.1666666716337204,4.404457286000252e-05,-0.00012814044021070004,0.0013674987712875009,0.2811127305030823,0.13030746579170227,1.0,0.0,1.0,0.0,0.0,0.0,0.0,0.0,0.0,0.07005845010280609,0.004908145405352116,0.0,0.01883326843380928,-0.013020142912864685,-0.11875104159116745,-1.0542906522750854,0.10000000149011612,0.11067073792219162,-0.09049957990646362,0.00961014162749052,0.05270462855696678,0.06719125807285309,0.07870369404554367,-0.0007961949449963868,0.00010814989946084097,0.058305077254772186,0.058305077254772186,0.0011981657007709146,0.0,0.0,0.03408627584576607,0.07109685242176056,0.36734694242477417,1.0,5.176149845123291,4.532599449157715,0.6567164063453674,5.5947113037109375,0.4545275568962097,8.533263206481934,5.135798454284668,0.38461539149284363,13.443178310915808,6.350830562834043,-1.0,0.008215125852972379,0.0018840698062635908
2024-02-09,0,High,,,False,,0.0016017212765291333,0.0,1.22977876663208,0.00034937949385493994,0.00019638969388324767,1.2608615159988403,0.0009214481106027961,0.002054351381957531,0.0016929932171478868,0.0002606030902825296,0.30000001192092896,3.224592685699463,-0.0031080031767487526,0.9866253137588501,-1.0,0.0,0.5,0.8299319744110107,0.0015831682831048965,1.7857142686843872,1.0,0.0003161527856718749,-0.11999999731779099,2.434403657913208,1.0,0.0,1.0,9.699947258923203e-05,0.00012104323832318187,0.4647231698036194,0.8854560256004333,0.1666666716337204,0.0011303345672786236,0.0009403299773111939,0.0011918832315132022,0.9698492288589478,1.0,0.0,4.7914902097545564e-05,1.0,0.0,0.0,0.0,0.0,0.0,0.0,0.07193201035261154,0.005174175836145878,0.0,0.018294375389814377,-0.013344785198569298,18.74226951599121,-2.0434114933013916,0.1428571492433548,0.18362340331077576,-0.17728281021118164,0.02236262895166874,0.05270462855696678,0.07081117480993271,0.08103140443563461,-0.0013404899509623647,0.00017446227138862014,0.051441870629787445,0.051441870629787445,0.0006096484139561653,0.0,0.0,0.057964175939559937,0.0659906268119812,0.44986632466316223,1.0,6.2383246421813965,5.765191078186035,0.6164053082466125,6.721425533294678,0.3970452547073364,9.385469436645508,5.746203422546387,0.2884615361690521,16.016743961158323,16.016743961158323,1.0,0.0007167409752662778,0.0018821790143021616
2024-02-16,1,High,executed,call,False,10:03,-0.004284682683646679,0.0,2.2520034313201904,0.0014903099508956075,0.00034843498724512756,3.0168159008026123,-0.0024848757311701775,0.006314838770776987,-0.005403872113674879,-0.0009633247973397374,-0.10000000149011612,0.12039739638566971,0.025192441418766975,0.9866253137588501,-1.0,0.0,0.5,0.19455868005752563,-0.004259729292243719,-0.6528545022010803,0.0,0.0005488062161020935,-0.1756032109260559,-9.614912033081055,-1.0,0.0,1.0,-0.00023857316409703344,-0.00048350729048252106,0.4647231698036194,0.8854560256004333,0.1666666716337204,0.00029027750133536756,-0.0050862324424088,0.0027468849439173937,0.06254545599222183,-1.0,0.0,0.0,1.0,0.0,0.0,0.0,0.0,0.8260484337806702,0.0,0.10330724716186523,0.010672265663743019,0.8999999761581421,0.012728267349302769,-0.01863771490752697,3.37259578704834,-3.017061471939087,0.3135489225387573,0.031000033020973206,0.3861636519432068,-0.013383260928094387,0.05270462855696678,0.09693664312362671,0.12282965332269669,-0.0014119945699349046,4.193344648228958e-05,0.03948787972331047,0.03948787972331047,0.0007531753508374095,1.0,1.0,-0.09507211297750473,0.11477265506982803,0.31364986300468445,1.0,4.905274868011475,6.023447513580322,0.24542124569416046,6.30444860458374,0.5151475071907043,9.625887870788574,5.411645889282227,0.7892376780509949,43.204335468912056,-42.84690559946914,-1.0,0.00586964408038353,0.001958108155579592
2024-02-20,0,High,,,False,,-0.002694007707759738,0.0,0.658564031124115,0.00043614496826194227,0.0003466298512648791,0.9550957679748535,-0.0013728187186643481,0.004357429686933756,-0.012720559723675251,-0.0002487932506483048,-0.20000000298023224,2.016418695449829,0.007761966437101364,0.9866253137588501,-0.33000001311302185,0.0,0.5,0.15590405464172363,-0.0026909541338682175,-0.003334513632580638,0.0,0.00044590726611204445,-0.5253456234931946,-3.060652494430542,-1.0,0.0,1.0,-0.00029422398074530065,-7.661960262339562e-05,0.4647231698036194,0.8854560256004333,0.1666666716337204,-0.0031627423595637083,-0.0027957495767623186,0.004039868246763945,0.16368159651756287,-0.8208954930305481,0.0,0.0,1.0,0.0,0.0,0.0,0.0,0.0,0.0,0.08688867837190628,0.007549522444605827,0.5,0.015226014889776707,-0.015790488570928574,-0.845676839351654,-0.9161362051963806,0.10242587327957153,0.040413565933704376,0.293239027261734,-0.008243666961789131,0.05270462855696678,0.08235158026218414,0.09419868141412735,-0.0007772239041514695,4.097980126971379e-05,0.04268283024430275,0.04268283024430275,0.000713704212103039,1.0,1.0,-0.07794278860092163,0.0505380816757679,0.35528701543807983,1.0,5.64544677734375,5.181783676147461,0.6143791079521179,6.131226539611816,0.4812992215156555,8.533263206481934,5.087596416473389,0.6583850979804993,42.45404669494914,-26.939958393546547,-1.0,-0.0048750752856778394,0.0019617134768484096
2024-02-21,0,High,,,False,,-0.00013900893100071698,0.0,0.3050149977207184,0.00025589257711544633,0.0002344493696000427,0.7370278835296631,0.00016287418839056045,0.0014749084366485476,-0.006183735094964504,4.174168861936778e-05,0.10000000149011612,1.3239158391952515,-0.0018891687504947186,0.9866253137588501,-0.33000001311302185,0.0,0.5,0.6393442749977112,-0.00014245358761399984,0.7260882258415222,0.0,0.00035131259937770665,0.4094488322734833,-0.6125807762145996,1.0,0.0,1.0,0.0002331002033315599,3.700910383486189e-06,0.4647231698036194,0.8854560256004333,0.1666666716337204,-0.0026045069098472595,-2.0149022930127103e-06,0.0013983421958982944,0.2766570746898651,0.23919308185577393,1.0,0.0,1.0,0.0,0.0,0.0,0.0,0.0,0.0,0.08399100601673126,0.007054434157907963,0.36666667461395264,0.015800360590219498,-0.015185288153588772,2.3030238151550293,-0.5151972770690918,0.07734806835651398,0.05760028213262558,0.039894670248031616,0.039894670248031616,0.05270462855696678,0.08195404708385468,0.0907980427145958,-0.000601927749812603,8.570266800234094e-05,0.0471203550696373,0.0471203550696373,0.0009550790418870747,0.0,0.0,0.02615891396999359,0.04143201559782028,0.33138856291770935,1.0,4.762174129486084,3.526360511779785,0.7785235047340393,5.0106353759765625,0.45110294222831726,7.908754825592041,4.369447708129883,0.21794871985912323,11.725730443163751,-1.3899712345797297,-1.0,-0.005825932996551306,0.0019332117255712199
2024-02-22,0,High,executed,,True,,0.003017009934410453,0.0,0.7974880933761597,0.0005810334114357829,0.0004905345267616212,1.1034988164901733,0.001970406388863921,0.004998072981834412,0.015166157856583595,0.0006517297006212175,0.20000000298023224,0.24176140129566193,-0.0020862307865172625,0.9866253137588501,-1.0,0.0,0.5,0.8351126909255981,0.002998369513079524,1.2783249616622925,0.0,0.000541366171091795,-0.190476194024086,3.377030849456787,-1.0,0.0,1.0,0.00028613637550733984,0.00017602067964617163,0.4647231698036194,0.8854560256004333,0.1666666716337204,0.011425336822867393,0.0041739544831216335,0.0024782854598015547,0.7169058918952942,1.0,0.0,0.0,1.0,0.0,0.0,0.0,0.0,0.0,0.0,0.09409363567829132,0.008853372186422348,0.8333333134651184,0.013837077654898167,-0.017272626981139183,-0.6898313164710999,-1.6482195854187012,0.17391304671764374,0.09372483938932419,-0.2954613268375397,0.0009842920117080212,0.05270462855696678,0.08891837298870087,0.09981898963451385,-0.001114920130930841,5.077014793641865e-05,0.042465437203645706,0.042465437203645706,0.0008674411801621318,0.0,0.0,0.08787138760089874,0.058121759444475174,0.27760049700737,1.0,5.620400905609131,4.682131290435791,0.7198953032493591,5.948034763336182,0.42674583196640015,8.95518970489502,4.955827236175537,0.3333333432674408,44.64068368067039,30.170524295010445,1.0,0.0011896972454053783,0.001877437720106621
2024-02-23,0,High,,,False,,3.918687070836313e-06,0.0,1.0521959066390991,0.0008640671730972826,0.00040657076169736683,1.943065881729126,-0.0005612913519144058,0.0019867666997015476,0.0018378570675849915,-0.00018026404723059386,-0.10000000149011612,3.1573212146759033,0.0014104372821748257,0.9866253137588501,-1.0,0.0,0.5,0.28106507658958435,-9.228472663380671e-06,0.30979597568511963,0.0,0.0004906737012788653,-0.8571428656578064,2.584312915802002,-1.0,0.0,1.0,-2.8458878659876063e-05,-8.792130392976105e-05,0.4647231698036194,0.8854560256004333,0.1666666716337204,0.0028960774652659893,0.0005584107711911201,0.0019025151850655675,0.9783728122711182,-0.41297632455825806,-1.0,0.0,1.0,0.0,0.0,0.0,0.0,0.0,0.0,0.0811404138803482,0.006583601236343384,0.8999999761581421,0.015916377305984497,-0.015170521102845669,-16.8095760345459,-1.346035361289978,0.19607843458652496,0.1305100917816162,0.024099448695778847,0.024099448695778847,0.05270462855696678,0.08514430373907089,0.08982380479574203,-0.0013327359920367599,8.6776286480017e-05,0.04744177684187889,0.04744177684187889,0.0008321484201587737,0.0,0.0,0.07295394688844681,0.08344423025846481,0.30158731341362,1.0,4.430816650390625,5.0434250831604,0.350210964679718,5.472270488739014,0.3286072909832001,8.820551872253418,4.762174129486084,0.6551724076271057,16.674511694832233,0.039225140827822684,1.0,0.020931687221502168,0.0019031302592392044
2024-02-26,0,High,,,False,,-0.0006301592802628875,0.0,1.0138041973114014,0.0006089488160796463,0.0002840871165972203,1.6202301979064941,-0.0004965732805430889,0.002015424193814397,-0.003991561010479927,-7.980450754985213e-05,-0.10000000149011612,1.3409228324890137,-0.0028694404754787683,0.9866253137588501,-1.0,0.0,0.5,0.3255360722541809,-0.0006364104337990284,0.06001361832022667,0.0,0.00039806170389056206,-0.7935484051704407,-2.2125725746154785,1.0,0.0,1.0,-4.729573265649378e-05,-3.434678365010768e-05,0.4647231698036194,0.8854560256004333,0.1666666716337204,0.0007250491762533784,-0.0004439433105289936,0.001215933240018785,0.0,-1.0,0.0,0.0,1.0,0.0,0.0,0.0,0.0,0.0,0.0,0.06813367456197739,0.004642116371542215,0.3333333432674408,0.018940776586532593,-0.012967415153980255,5.566858291625977,-0.6748208403587341,0.1597796082496643,0.10451789200305939,0.08367674052715302,-0.01454080082476139,0.05270462855696678,0.06388027966022491,0.08193135261535645,-0.001113565405830741,0.00012158536264905706,0.052535463124513626,0.052535463124513626,0.0006435415707528591,-1.0,-1.0,-0.03981015458703041,0.07768023759126663,0.43085530400276184,1.0,5.351858139038086,5.361292362213135,0.4976303279399872,6.047372341156006,0.5525591373443604,8.1983642578125,5.342334270477295,0.5625,17.550115457502148,-6.301516140565795,1.0,0.00061344881403256,0.0019015722966849967
2024-02-27,0,High,,,False,,-0.0004965888801962137,0.0,1.7807165384292603,0.0008911496261134744,0.0002273834397783503,2.5429728031158447,0.00035582465352490544,0.0024565760977566242,-0.005039332900196314,0.0001043072115862742,0.20000000298023224,3.5057485103607178,-0.00807043258100748,0.9866253137588501,-1.0,0.0,0.5,0.6396468877792358,-0.00047686361358501017,0.623771071434021,0.0,0.00034826374030672014,0.4092920422554016,-1.1492774486541748,1.0,0.0,1.0,3.936925713787787e-05,1.4068798918742687e-05,0.4647231698036194,0.8854560256004333,0.1666666716337204,0.0010869801044464111,-0.0004928925191052258,0.0024565760977566242,0.22311396896839142,0.2792937457561493,1.0,0.0,1.0,0.0,0.0,0.0,0.0,0.31349849700927734,0.0,0.06747851520776749,0.004553298465907574,0.06666667014360428,0.01904859021306038,-0.012789351865649223,8.116083145141602,-2.6150670051574707,0.25989848375320435,0.13808684051036835,0.057173602283000946,-0.04140489548444748,0.05270462855696678,0.06989002227783203,0.07835501432418823,-0.0014738583704456687,8.655899728182703e-05,0.05341848358511925,0.05341848358511925,0.0005760701023973525,1.0,1.0,0.03517303615808487,0.12405262142419815,0.40365853905677795,1.0,6.091310024261475,5.880533218383789,0.5526315569877625,6.683361053466797,0.48215654492378235,9.477232933044434,5.733341217041016,0.43831169605255127,21.10495109028135,-4.965927444923044,1.0,-0.003973075841509475,0.001848945988902733
2024-02-28,0,High,,,False,,-0.0003870160144288093,0.0,0.6329050064086914,0.0002883990528061986,0.00023250156664289534,0.8950151801109314,-0.00011305705993436277,0.0017481723334640265,-0.003606963437050581,-0.00012347222946118563,0.20000000298023224,0.48432716727256775,0.0036764706019312143,0.9866253137588501,-1.0,0.0,0.5,0.4610169529914856,-0.0003782768326345831,0.5175248384475708,0.0,0.0003156304592266679,-0.027397260069847107,-1.3426340818405151,1.0,0.0,1.0,3.648683923529461e-05,-1.5498424545512535e-05,0.4647231698036194,0.8854560256004333,0.1666666716337204,-0.002417570212855935,-0.0009422352304682136,0.0017481723334640265,0.7672316431999207,-0.0779661014676094,0.0,0.0,1.0,0.0,0.0,0.0,0.0,0.0,0.0,0.06569835543632507,0.0043162195943295956,0.06666667014360428,0.019538452848792076,-0.012451066635549068,3.0657150745391846,-0.7722135186195374,0.09424083679914474,0.16128937900066376,0.050762660801410675,-0.048004135489463806,0.05270462855696678,0.06380388140678406,0.07690252363681793,-0.0008754091104492545,0.0001246453175554052,0.054504163563251495,0.054504163563251495,0.0007337969145737588,0.0,0.0,-0.03965834900736809,0.07149422913789749,0.4016913175582886,1.0,4.9416422843933105,5.433722019195557,0.3787465989589691,5.908082962036133,0.48633497953414917,8.362175941467285,5.023880481719971,0.5960264801979065,14.572105649983497,-3.870082842333847,-1.0,0.002049704589781665,0.0018361301713439274
2024-02-29,0,High,,,False,,0.000685512728523463,0.0,0.6438043713569641,0.00031798562849871814,0.00019539108325261623,0.9913179874420166,0.0003901027957908809,0.00215719873085618,0.003376143518835306,5.6800061429385096e-05,0.30000001192092896,1.3867062330245972,-0.0022421525791287422,0.9866253137588501,-1.0,0.0,0.5,0.8380345702171326,0.0006918542785570025,1.2313741445541382,0.0,0.0003018620191141963,0.7283950448036194,2.7059385776519775,1.0,0.0,1.0,2.098866389133036e-05,7.734055543551221e-06,0.4647231698036194,0.8854560256004333,0.1666666716337204,0.002976172836497426,0.0018078071298077703,0.00215719873085618,0.6178343892097473,0.6760691404342651,1.0,0.0,1.0,0.0,0.0,0.0,0.0,0.0,0.0,0.07794848829507828,0.006075928919017315,0.0,0.016594281420111656,-0.014628545381128788,16.165645599365234,-1.1622179746627808,0.06785137206315994,0.0962769016623497,-0.08969990164041519,0.008443810045719147,0.05270462855696678,0.07397768646478653,0.0850493311882019,-0.0009113654959946871,7.01825410942547e-05,0.04938466474413872,0.04938466474413872,0.0008619920117780566,0.0,0.0,0.06389954686164856,0.05033491924405098,0.35249266028404236,1.0,5.303304672241211,5.411645889282227,0.4728132486343384,6.049733638763428,0.5642598867416382,8.757469177246094,5.0998663902282715,0.47852760553359985,8.897493433099328,6.854628173586385,1.0,-0.001813170043570105,0.0018089627720390977
2024-03-01,0,High,,,False,,-0.0002586997579783201,0.0,4.359569549560547,0.00166826113127172,0.0002411292225588113,4.040436744689941,0.00015361668192781508,0.002830751007422805,-0.0007586569408886135,1.3224026588432025e-05,0.6000000238418579,4.728851318359375,-0.0007558579090982676,0.9866253137588501,-1.0,0.0,0.5,0.4819944500923157,-0.00027188146486878395,0.6090568900108337,0.0,0.0004436000599525869,0.12103407829999924,-0.18270376324653625,-1.0,0.0,1.0,-0.00011786499817389995,3.2603923045826377e-06,0.4647231698036194,0.8854560256004333,0.1666666716337204,0.00019028785754926503,0.0005116523243486881,0.0016349350335076451,0.47362110018730164,0.3956834673881531,1.0,0.0,1.0,0.0,0.0,0.0,0.0,2.733205795288086,0.0,0.07816140353679657,0.0061091473326087,0.0,0.016469134017825127,-0.014702251181006432,53.234588623046875,-4.040645122528076,0.5245901346206665,0.1432853639125824,-0.021958259865641594,-0.021958259865641594,0.05270462855696678,0.07705531269311905,0.09158030897378922,-0.001490640570409596,0.0001119980588555336,0.04758284613490105,0.04758284613490105,0.0006275113555602729,1.0,1.0,0.04177017882466316,0.205966979265213,0.2906133234500885,1.0,6.684611797332764,5.552959442138672,0.7566288113594055,6.963190078735352,0.5989236235618591,9.87873363494873,6.0258660316467285,0.2953995168209076,16.090264719974943,-2.586653118716086,1.0,0.00537841563194915,0.0018056100570772895
2024-03-04,0,High,,,False,,0.00024361912801396102,0.0,0.4257337749004364,0.00044815000728704035,0.0001871928689070046,1.4229167699813843,0.00021463805751409382,0.001352243940345943,-0.0015821644337847829,8.338055340573192e-05,-0.10000000149011612,0.09367876499891281,-0.0007390982937067747,0.9866253137588501,-1.0,0.0,0.5,0.7247838377952576,0.000233992759604007,1.0730446577072144,0.0,0.0003060502640437335,-0.6521739363670349,0.7022011280059814,-1.0,0.0,1.0,3.656204717117362e-05,2.8972675863769837e-05,0.4647231698036194,0.8854560256004333,0.1666666716337204,-0.001177721074782312,0.00023771435371600091,0.0011457052314653993,0.7704081535339355,0.7108843326568604,0.0,0.0,1.0,0.0,0.0,0.0,0.0,0.0,0.0,0.05598849430680275,0.0031346764881163836,0.10000000149011612,0.02255943976342678,-0.01096684206277132,-3.5385985374450684,-0.7389050126075745,0.17283950746059418,0.1538187861442566,-0.04306061193346977,-0.04306061193346977,0.05270462855696678,0.05385765805840492,0.0693822130560875,-0.0011909569147974253,0.00018442561849951744,0.06722050160169601,0.06722050160169601,0.0006619050400331616,1.0,1.0,-0.01642676629126072,0.10018091648817062,0.4303797483444214,1.0,5.147494316101074,5.1984968185424805,0.4871794879436493,5.863631248474121,0.406876802444458,8.340217590332031,5.0434250831604,0.6233766078948975,12.921330244192015,2.4361912965923964,-1.0,0.007748835653533097,0.0018039391676611333
2024-03-08,0,High,,,False,,0.004196611233055592,0.0,0.774849534034729,0.00015620901831425726,0.00024187179224099964,0.40641409158706665,0.002570643089711666,0.0046708425506949425,0.00380687159486115,0.000801138870883733,1.0,1.7788017988204956,0.0021367522422224283,0.9866253137588501,-1.0,0.0,0.5,0.9933938980102539,0.0041372827254235744,1.4285714626312256,1.0,0.0003490596718620509,0.5925925970077515,10.213882446289062,1.0,0.0,1.0,0.00033633841667324305,0.00024983653565868735,0.4647231698036194,0.8854560256004333,0.1666666716337204,0.0011980737326666713,0.004030578304082155,0.002451131585985422,0.8418567776679993,1.0,0.0,3.0856102966936305e-05,1.0,0.0,0.0,0.0,0.0,0.0,0.0,0.08689071983098984,0.007549938280135393,0.03333333507180214,0.01461106725037098,-0.016456514596939087,8.440839767456055,-1.0288164615631104,0.06754221022129059,0.11867764592170715,-0.3926412761211395,-0.0069399867206811905,0.05270462855696678,0.08137499541044235,0.1002596840262413,-0.0011547004105523229,0.000118893054604996,0.044550202786922455,0.044550202786922455,0.0007776654092594981,1.0,1.0,0.04688180983066559,0.0313098207116127,0.3125755786895752,1.0,5.71702766418457,4.744932174682617,0.7266187071800232,6.0354814529418945,0.4569737911224365,8.685416221618652,5.1873860359191895,0.26404494047164917,41.96596255951522,41.96596255951522,1.0,0.01029231958770281,0.0017567701042810857
2024-03-15,0,High,,,False,,-0.0006714422488585114,0.0,1.2701581716537476,0.000742207805160433,0.0004469705163501203,1.3620147705078125,-0.0006402788567356765,0.0032090721651911736,-0.0111311636865139,-0.00021780100360047072,0.30000001192092896,1.148671269416809,-0.004032257944345474,0.9866253137588501,-1.0,0.0,0.5,0.3511868417263031,-0.0006628111004829407,0.31326138973236084,0.0,0.00048131897347047925,0.24210526049137115,-1.9801936149597168,-1.0,0.0,1.0,-0.00022113206796348095,-7.083817763486877e-05,0.4647231698036194,0.8854560256004333,0.1666666716337204,-0.005458678584545851,-0.0006738465745002031,0.0032090721651911736,0.30188679695129395,-0.2976262867450714,0.0,0.0,1.0,0.0,0.0,0.0,0.0,0.015277786180377007,0.0,0.10513810068368912,0.011053820140659809,0.03333333507180214,0.012240721844136715,-0.019368933513760567,-2.392057180404663,-1.2083197832107544,0.16470588743686676,0.030595649033784866,0.1003960445523262,0.002737120259553194,0.05270462855696678,0.10036994516849518,0.1123780608177185,-0.0005088639445602894,3.714636113727465e-05,0.03906058892607689,0.03906058892607689,0.0008292948477901518,1.0,1.0,-0.053681690245866776,0.08534044027328491,0.24794842302799225,1.0,4.8828020095825195,4.8978400230407715,0.4962121248245239,5.579730033874512,0.4673967957496643,8.688790321350098,4.8121843338012695,0.4836065471172333,21.567749514463546,-6.7143082337337905,-1.0,-0.0027450171180742077,0.0018849900143836106
2024-03-18,0,High,,,False,,-0.0001976483763428405,0.0,0.606779158115387,0.00034692208282649517,0.00022058423201087862,0.8554133176803589,-0.0009413636871613562,0.0028800347354263067,0.004418896045535803,-0.0003125605871900916,0.10000000149011612,1.5985369682312012,-0.0006891798693686724,0.9866253137588501,-1.0,0.0,0.5,0.3290713429450989,-0.00021086660854052752,0.05169561505317688,0.0,0.0003967592492699623,0.21229049563407898,0.7715734243392944,1.0,0.0,1.0,-6.450469663832337e-05,-6.326998118311167e-05,0.4647231698036194,0.8854560256004333,0.1666666716337204,0.00729859946295619,0.0009477368439547718,0.0028800347354263067,0.7442799210548401,-0.34185734391212463,0.0,0.0,1.0,0.0,0.0,0.0,0.0,0.0,0.0,0.07430832833051682,0.005521679762750864,0.5333333611488342,0.017185356467962265,-0.014189578592777252,-8.395779609680176,-1.0644795894622803,0.09214092046022415,0.14103835821151733,0.0065865530632436275,0.0065865530632436275,0.05270462855696678,0.07177676260471344,0.08488909900188446,-0.0016591743333265185,0.00010149167064810172,0.0519200824201107,0.0519200824201107,0.0009419434936717153,0.0,0.0,0.08438409864902496,0.059418756514787674,0.3126843571662903,1.0,4.9972124099731445,4.919981002807617,0.5194346308708191,5.648974418640137,0.4785250127315521,8.864888191223145,4.7004804611206055,0.5871559381484985,19.223067150733087,-1.9765214981484185,1.0,-0.006602099367694935,0.0018395977200376115
2024-03-20,0,High,,,False,,-0.0005329543491825461,0.0,0.5842892527580261,0.00036901651765219867,0.00015878315025474876,1.3803414106369019,-3.268951695645228e-05,0.0017600735882297158,-0.000848158379085362,3.753267810679972e-05,0.10000000149011612,0.547498345375061,-0.0007107320707291365,0.9866253137588501,-1.0,0.0,0.5,0.36663007736206055,-0.0005286016967147589,0.35303929448127747,0.0,0.0002662052575033158,0.4083769619464874,0.3802050054073334,1.0,0.0,1.0,3.996998202637769e-05,2.0211546143400483e-06,0.4647231698036194,0.8854560256004333,0.1666666716337204,0.0007106977282091975,-0.0011147776385769248,0.0017600735882297158,0.12294182181358337,-0.2667398452758789,-1.0,0.0,1.0,0.0,0.0,0.0,0.0,0.0,0.0,0.1439337581396103,0.020716901868581772,0.9666666388511658,0.008838650770485401,-0.02631201036274433,-0.0318450853228569,-0.37986961007118225,0.0451977401971817,0.09280654788017273,0.07882807403802872,-0.017773108556866646,0.05270462855696678,0.13225717842578888,0.1514207124710083,-0.0005256585427559912,-9.713992767501622e-06,0.03358909487724304,0.03358909487724304,0.0011011523893103004,1.0,1.0,0.0413280688226223,0.021364284679293633,0.35483869910240173,1.0,3.7135720252990723,4.304065227508545,0.3539822995662689,4.736198425292969,0.3883451819419861,7.718240737915039,3.6635615825653076,0.44736841320991516,10.968384971549426,-5.330033546305244,1.0,0.005552051334665653,0.0017742889285689747
2024-03-21,0,High,,,False,,0.0003256014024373144,0.0,0.9097458720207214,0.0003825998865067959,0.00027755205519497395,0.919938862323761,0.00023136704112403095,0.0024040977004915476,0.005204119719564915,5.2892133680870757e-05,-0.10000000149011612,1.8389110565185547,-0.0023400934878736734,0.9866253137588501,-1.0,0.0,0.5,0.45209819078445435,0.0003362501156516373,1.0329877138137817,0.0,0.00040992844151332974,-0.6019900441169739,1.4827589988708496,1.0,0.0,1.0,5.8500165323494e-05,1.8913198800873943e-05,0.4647231698036194,0.8854560256004333,0.1666666716337204,0.005770309362560511,1.9034820070373826e-05,0.002171873115003109,0.5714285969734192,-0.21297107636928558,1.0,0.0,1.0,0.0,0.0,0.0,0.0,0.0,0.0,0.06765769422054291,0.0045774863101542,0.0,0.018540527671575546,-0.013226054608821869,5.161583423614502,-1.0192151069641113,0.15757575631141663,0.10747434198856354,-0.06718882918357849,0.02798527665436268,0.05270462855696678,0.0665203109383583,0.07572676241397858,-0.0014461568789556623,0.00011545840243343264,0.05155879631638527,0.05155879631638527,0.0006383427535183728,0.0,0.0,0.0509934164583683,0.07569248229265213,0.38118213415145874,1.0,5.533389568328857,4.653960227966309,0.7078651785850525,5.877735614776611,0.4389413893222809,8.573762893676758,5.123963832855225,0.299401193857193,20.203190356170253,3.255939835587125,1.0,0.00874472538427794,0.0018463296903596807
2024-03-22,1,High,explicitly_claimed,,False,10:00,-0.0001450163108529523,0.0,0.32205894589424133,0.00042747845873236656,0.00023788971884641796,1.4722094535827637,5.433634578366764e-05,0.0017881577368825674,-0.00402096938341856,2.5898658350342885e-05,0.10000000149011612,0.4171929955482483,-0.0030959751456975937,0.9866253137588501,-1.0,0.0,0.5,0.5165421366691589,-0.00014499916869681329,0.8348551392555237,0.0,0.0002609036455396563,0.8660714030265808,-2.012017011642456,1.0,0.0,1.0,8.97062272997573e-05,-3.818282493739389e-06,0.4647231698036194,0.8854560256004333,0.1666666716337204,0.00027857173699885607,-0.00046755457879044116,0.0012786185834556818,0.007462686393409967,-0.35223880410194397,1.0,0.0,1.0,0.0,0.0,0.0,0.0,0.0,0.0,0.06454377621412277,0.004165842197835445,0.06666667014360428,0.01946498267352581,-0.01270951610058546,6.556910514831543,-0.6995514631271362,0.13504822552204132,0.2010127604007721,-0.0005684157949872315,-0.0005684157949872315,0.05270462855696678,0.060169968754053116,0.0760476216673851,-0.0015916972188279033,0.0001508394198026508,0.06169441342353821,0.06169441342353821,0.0009947927901521325,0.0,0.0,-0.02202889323234558,0.08200948685407639,0.36454546451568604,1.0,5.505331516265869,4.744932174682617,0.6824512481689453,5.886104106903076,0.47070422768592834,8.1749849319458,5.017279624938965,0.40666666626930237,15.150275716197816,-1.4506475179952032,-1.0,0.003394408569341529,0.001842092253386008
2024-03-25,0,High,,,False,,0.0005440925597213209,0.0,1.1015483140945435,0.0003197677724529058,0.00020145652524661273,1.0263656377792358,0.00042075422243215144,0.001487781759351492,-0.004509299993515015,0.00014777807518839836,-0.10000000149011612,0.8552725911140442,-0.005988024175167084,0.9866253137588501,-1.0,0.0,0.5,0.8301158547401428,0.0005360035574994981,1.0766563415527344,0.0,0.00030034646624699235,0.023952096700668335,2.4850027561187744,-1.0,0.0,1.0,-2.106923420797102e-05,3.8085847336333245e-05,0.4647231698036194,0.8854560256004333,0.1666666716337204,-0.002817966975271702,0.000578262668568641,0.0014686340000480413,0.20338982343673706,0.6558018326759338,0.0,0.0,1.0,0.0,0.0,0.0,0.0,0.0,0.0,0.055775851011276245,0.0031109049450606108,0.06666667014360428,0.022550037130713463,-0.010971183888614178,1.6068557500839233,-0.6851778030395508,0.1592920422554016,0.17077837884426117,-0.04863608628511429,0.04710276797413826,0.05270462855696678,0.05614560842514038,0.06483564525842667,-0.0007917591137811542,0.00019919754413422197,0.06471079587936401,0.06471079587936401,0.0006480663432739675,0.0,0.0,0.035117652267217636,0.10540260374546051,0.494468092918396,1.0,5.164785861968994,5.087596416473389,0.5194029808044434,5.817111015319824,0.45245322585105896,8.282735824584961,4.852030277252197,0.3858267664909363,12.433177866380241,5.440626173415657,-1.0,-0.0012879172326847382,0.0018444632568924988
2024-03-26,0,High,,,False,,0.0007400282775051892,0.0,1.5675581693649292,0.00031910420511849225,0.00016004765348043293,1.2630870342254639,0.0005159263382665813,0.001324186916463077,0.0008235563873313367,0.00011614890536293387,0.6000000238418579,3.870621681213379,-0.003051106119528413,0.9866253137588501,-1.0,0.0,0.5,0.7965368032455444,0.0007353154942393303,1.730080008506775,0.0,0.00022451943368650973,0.7005987763404846,4.906294822692871,1.0,0.0,1.0,2.8144298994448036e-05,4.21555814682506e-05,0.4647231698036194,0.8854560256004333,0.1666666716337204,0.001875816727988422,0.0008694157004356384,0.001324186916463077,0.5411255359649658,0.5930736064910889,0.0,0.0,1.0,0.0,0.0,0.0,0.0,0.09507729113101959,0.0,0.052584704011678696,0.002765125362202525,0.0,0.02393602952361107,-0.010511219501495361,12.384742736816406,-1.3423045873641968,0.12389380484819412,0.12930481135845184,-0.06496546417474747,0.030574725940823555,0.05270462855696678,0.05247892811894417,0.06664127111434937,-0.0012128320522606373,0.00021746587299276143,0.07380470633506775,0.07380470633506775,0.0006690826849080622,0.0,0.0,0.09841715544462204,0.1342795193195343,0.499085932970047,1.0,6.190315246582031,5.0998663902282715,0.7492307424545288,6.478509426116943,0.46789267659187317,8.800113677978516,5.2729997634887695,0.2525773048400879,10.67032477917759,7.40050701783003,1.0,-0.0029058418615671862,0.0018317765964387625
2024-03-27,0,High,,,False,,-0.0012799205724149942,0.0,1.0029990673065186,0.0004016832390334457,0.00018921274750027806,1.2452051639556885,-0.0008532496867701411,0.001937643508426845,-0.0013695486122742295,-0.0003911696549039334,0.10000000149011612,0.05054519698023796,0.011529592797160149,0.9866253137588501,-1.0,0.0,0.5,0.22112536430358887,-0.0012803940335288644,-1.2707412242889404,0.0,0.00035536670475266874,0.32380953431129456,-1.1863678693771362,-1.0,0.0,1.0,-0.0003531221591401845,-0.00011376772454241291,0.4647231698036194,0.8854560256004333,0.1666666716337204,0.004252350889146328,0.0003232593589928001,0.0018324407283216715,0.668058454990387,-0.6471816301345825,0.0,0.0,1.0,0.0,0.0,0.0,0.0,0.0,0.0,0.060111094266176224,0.003613308072090149,0.9333333373069763,0.020945554599165916,-0.01179400272667408,-0.5640580654144287,-1.0747146606445312,0.12121212482452393,0.0472189337015152,0.1338944137096405,0.03825554624199867,0.05270462855696678,0.06059505045413971,0.07155614346265793,-0.0012300506932660937,0.00015090778470039368,0.05796293169260025,0.05796293169260025,0.0006363667780533433,0.0,0.0,-0.06781842559576035,0.08731241524219513,0.38333332538604736,1.0,5.023880481719971,5.049856185913086,0.49346405267715454,5.7268476486206055,0.4276999235153198,8.710454940795898,4.867534637451172,0.5116279125213623,15.836702682463944,-12.799577936669234,1.0,-0.002851065641216114,0.0018120257570574726
2024-03-28,1,Medium,explicitly_claimed,call,False,15:13,0.0007925802492536604,0.0,1.4238561391830444,0.00043214717879891396,0.0002279221371281892,1.6720795631408691,0.0005567744956351817,0.0018066416960209608,0.0006948622176423669,6.38501369394362e-05,0.10000000149011612,0.1837484985589981,-0.0030721966177225113,0.9866253137588501,-1.0,0.0,0.5,0.7397260069847107,0.0007896680617704988,1.20634925365448,0.0,0.0002594514808151871,0.8722466826438904,1.3675791025161743,1.0,0.0,1.0,0.0001540804369142279,4.6295848733279854e-05,0.4647231698036194,0.8854560256004333,0.1666666716337204,-0.00020955853688064963,0.0009156951564364135,0.0012107735965400934,0.805031418800354,1.0,0.0,0.0,1.0,0.0,0.0,0.0,0.0,0.02221069298684597,0.0,0.06275912374258041,0.003938655368983746,0.0,0.019961200654506683,-0.012307059951126575,13.561277389526367,-1.134716510772705,0.1486676037311554,0.031739212572574615,-0.054063018411397934,0.041123587638139725,0.05270462855696678,0.06435119360685349,0.06927404552698135,-0.0010087215341627598,0.00013827373913954943,0.05448401719331741,0.05448401719331741,0.0007436308078467846,0.0,0.0,0.056163445115089417,0.08197712898254395,0.4258578419685364,1.0,5.940171241760254,4.8121843338012695,0.7564870119094849,6.218600273132324,0.5199161171913147,8.652597427368164,5.017279624938965,0.2266666740179062,16.004767567590697,7.925169432010298,-1.0,0.008637231132087421,0.001751930017603678
2024-04-01,0,High,,,False,,0.0007020414341241121,0.0,1.6732065677642822,0.0005380443180911243,0.00018119682499673218,1.8653422594070435,0.0001081128284567967,0.0018194642616435885,-0.0009620155906304717,4.536163032753393e-05,-0.4000000059604645,1.5629470348358154,-0.006583760026842356,0.9866253137588501,-1.0,0.0,0.5,0.5653082728385925,0.000695522059686482,0.7095052003860474,0.0,0.0003062316682189703,-0.4840989410877228,0.628972589969635,-1.0,0.0,1.0,-0.00024049221246968955,2.2965779862715863e-05,0.4647231698036194,0.8854560256004333,0.1666666716337204,0.00045094755478203297,0.00034602140658535063,0.0017339094774797559,0.8486841917037964,0.18640351295471191,0.0,0.0,1.0,0.0,0.0,0.0,0.0,0.21833272278308868,0.0,0.0503026619553566,0.0025303249713033438,0.03333333507180214,0.024883976206183434,-0.010248581878840923,9.849791526794434,-2.088627576828003,0.26229506731033325,0.17918965220451355,-0.09106901288032532,0.003991812001913786,0.05270462855696678,0.050473153591156006,0.06361819803714752,-0.0014223093166947365,0.00022017252922523767,0.07190647721290588,0.07190647721290588,0.0006517762085422873,0.0,0.0,0.02248818799853325,0.16752544045448303,0.4742785394191742,1.0,5.986452102661133,6.336825847625732,0.4131113290786743,6.869014263153076,0.4792601764202118,9.318207740783691,5.7268476486206055,0.5098039507865906,14.05918513765581,7.0203027676268634,1.0,0.0012326261662786745,0.001729262355310419
2024-04-03,0,High,,,False,,0.0029650467913597822,0.0,3.9752423763275146,0.002089156536385417,0.00046065443893894553,5.550724506378174,0.0018685712711885571,0.003719811327755451,0.0008230010280385613,0.0002484662691131234,0.20000000298023224,3.9635438919067383,-0.012591119855642319,0.9866253137588501,-1.0,0.0,0.5,0.9417225122451782,0.002926718443632126,2.0833332538604736,1.0,0.0003950569371227175,0.8962350487709045,2.677143096923828,1.0,0.0,1.0,0.00042864345596171916,0.00028852891409769654,0.4647231698036194,0.8854560256004333,0.1666666716337204,-0.002209044760093093,0.00350303016602993,0.0022311194334179163,0.7472054958343506,1.0,0.0,0.0012719107326120138,1.0,0.0,0.0,0.0,0.0,0.2827845513820648,2.0,0.07056153565645218,0.0049787177704274654,0.0,0.017887400463223457,-0.013568094931542873,79.2196273803711,-4.649788856506348,0.6456692814826965,0.08855125308036804,-0.3382147550582886,0.04546874016523361,0.05270462855696678,0.06873923540115356,0.08807879686355591,-0.0009774648351594806,0.0001821658806875348,0.04788308963179588,0.04788308963179588,0.0006137085147202015,-1.0,-1.0,-0.0014750546542927623,0.19272810220718384,0.3580149710178375,1.0,6.320768356323242,4.905274868011475,0.8055152297019958,6.536691665649414,0.5718468427658081,10.0381498336792,5.624017715454102,0.13768115639686584,29.649826891572804,29.649826891572804,-1.0,-0.007159470257682076,0.001701465436790909
2024-04-04,0,High,,,False,,-0.0006055827834643424,0.0,0.6899855136871338,0.00028201434179209173,0.00018867323524318635,1.0295016765594482,-0.0004030074633192271,0.002076997421681881,0.003660470014438033,-0.0001772660034475848,0.30000001192092896,1.4749350547790527,-0.0028530671261250973,0.9866253137588501,-1.0,0.0,0.5,0.35871559381484985,-0.0006119139725342393,0.2382798045873642,0.0,0.0002756172907538712,0.7432432174682617,1.517730474472046,1.0,0.0,1.0,-8.256753062596545e-05,-5.3580955864163116e-05,0.4647231698036194,0.8854560256004333,0.1666666716337204,0.005921529605984688,0.0007450514240190387,0.002076997421681881,0.46330276131629944,-0.2825688123703003,0.0,0.0,1.0,0.0,0.0,0.0,0.0,0.0,0.0,0.05774146318435669,0.0033340409863740206,0.0,0.021717315539717674,-0.01141611859202385,19.332550048828125,-0.9066358208656311,0.1120000034570694,0.11518893390893936,0.038872990757226944,0.038872990757226944,0.05270462855696678,0.057505737990140915,0.06860443949699402,-0.0012339430395513773,0.00020759672042913735,0.05778707563877106,0.05778707563877106,0.0006993089918978512,0.0,0.0,-0.001403665984980762,0.08096008002758026,0.4609769880771637,1.0,5.955837249755859,5.20948600769043,0.6790123581886292,6.342121601104736,0.5704924464225769,8.524565696716309,5.58349609375,0.2981131970882416,17.196786226205525,-6.0561624684371465,1.0,0.00140419534663675,0.0017005810492017506
2024-04-05,0,High,,,False,,0.0036030064802616835,0.0,0.5951594710350037,0.0003051270905416459,0.00036233579157851636,0.6448194980621338,0.0018358262022957206,0.00480285519734025,-0.0151443462818861,0.0007122099050320685,-0.30000001192092896,1.129459261894226,-0.0049291434697806835,0.9866253137588501,-0.33000001311302185,0.0,0.5,0.8427824974060059,0.0035477783530950546,1.3263412714004517,0.0,0.00042127404594793916,-0.08860759437084198,4.846907138824463,-1.0,0.0,1.0,0.00018301772070117295,0.0002230823301943019,0.4647231698036194,0.8854560256004333,0.1666666716337204,0.0023061619140207767,0.003711736062541604,0.0030107160564512014,0.9230275750160217,1.0,0.0,0.0,1.0,0.0,0.0,0.0,0.0,0.0,0.0,0.11193063855171204,0.01252833567559719,0.13333334028720856,0.011370079591870308,-0.02071951888501644,-3.5791258811950684,-0.9065843820571899,0.06842923909425735,0.10424773395061493,-0.35089465975761414,0.035342179238796234,0.05270462855696678,0.10572611540555954,0.1250942349433899,-0.0017441967502236366,6.123269849922508e-05,0.037925828248262405,0.037925828248262405,0.0010503033408895135,0.0,0.0,0.025136392563581467,0.029212770983576775,0.29708433151245117,1.0,4.736198425292969,4.6151204109191895,0.5305164456367493,5.365975856781006,0.4398821294307709,8.535229682922363,4.605170249938965,0.42424243688583374,42.445125401965775,36.0297610823313,1.0,-0.012679419361588477,0.0020693403066682752
2024-04-08,0,High,,,False,,-0.0005452437326312065,0.0,0.7451685667037964,0.0003303981793578714,0.00029119497048668563,0.8463819622993469,-5.3349489462561905e-05,0.002535613952204585,-0.003138782689347863,4.2021580156870186e-05,-0.20000000298023224,0.03298370912671089,-0.005614473018795252,0.9866253137588501,-0.33000001311302185,0.0,0.5,0.5636363625526428,-0.0005656147841364145,0.3839166760444641,0.0,0.00036771889426745474,-0.45348837971687317,-0.6077622771263123,-1.0,0.0,1.0,-9.978863090509549e-05,6.706636213493766e-06,0.4647231698036194,0.8854560256004333,0.1666666716337204,0.0012622963404282928,-0.0010622685076668859,0.002535613952204585,0.48636364936828613,0.12727272510528564,-1.0,0.0,1.0,0.0,0.0,0.0,0.0,0.0,0.0,0.07876846939325333,0.006204386707395315,0.20000000298023224,0.016030175611376762,-0.015110434032976627,-0.3818391263484955,-0.7627082467079163,0.10628019273281097,0.08133625239133835,0.07991325855255127,-0.016132723540067673,0.05270462855696678,0.07550305128097534,0.09109941124916077,-0.0017298581078648567,0.00013726172619499266,0.047142211347818375,0.047142211347818375,0.0011124855373054743,1.0,1.0,-0.016812080517411232,0.05039850249886513,0.2918006479740143,1.0,4.532599449157715,4.927253723144531,0.4017467200756073,5.438079357147217,0.4341866970062256,8.260493278503418,4.6151204109191895,0.5299999713897705,20.677060536999868,-5.453074359329384,1.0,0.011214071995461625,0.002079329433196116
2024-04-09,0,High,,,False,,-0.002742864191532135,0.0,0.8225370049476624,0.0002861807297449559,0.00023847217380534858,0.7673400640487671,-0.0017077815718948841,0.003795255906879902,-0.002510323654860258,-0.0006532309926114976,0.20000000298023224,1.0467702150344849,0.001949317753314972,0.9866253137588501,-0.33000001311302185,0.0,0.5,0.07338056713342667,-0.0027246519457548857,-0.06593047827482224,0.0,0.0003829004999715835,0.281879186630249,-3.5764095783233643,-1.0,0.0,1.0,-0.00019660846737679094,-0.00016951152065303177,0.4647231698036194,0.8854560256004333,0.1666666716337204,0.002577052218839526,-0.0020224719773977995,0.0018131182296201587,0.08580508828163147,-1.0,0.0,0.0,1.0,0.0,0.0,0.0,0.0,0.0,0.0,0.07678413391113281,0.005895746406167746,0.7666666507720947,0.016399746760725975,-0.014762773178517818,11.338505744934082,-0.8363210558891296,0.06004618853330612,0.06803713738918304,0.25929126143455505,-0.02881014160811901,0.05270462855696678,0.07664728164672852,0.08679503202438354,-0.0016654976643621922,0.0001278712006751448,0.048248130828142166,0.048248130828142166,0.0011910180328413844,0.0,0.0,-0.0067961630411446095,0.04239855334162712,0.31520119309425354,1.0,5.1984968185424805,4.912654876708984,0.5714285969734192,5.755742073059082,0.5957446694374084,8.350193977355957,4.718498706817627,0.6216216087341309,33.96014623316969,-27.428305708467608,1.0,-0.00022665377041736754,0.002073180226733779
2024-04-10,0,High,,,False,,0.00044449447887018323,0.0,0.7385611534118652,0.0007780047599226236,0.0006526981596834958,0.9838360548019409,0.00030415397486649454,0.004506995435804129,-0.013697540387511253,0.00037768855690956116,-0.30000001192092896,0.831855058670044,0.0012383901048451662,0.9866253137588501,-0.33000001311302185,0.0,0.5,0.4115368127822876,0.0004639314138330519,0.9479530453681946,0.0,0.000726867641787976,-0.8503740429878235,-1.9637383222579956,-1.0,0.0,1.0,8.53121582622407e-06,0.000157299917191267,0.4647231698036194,0.8854560256004333,0.1666666716337204,-0.008095876313745975,-0.002652200870215893,0.003903605043888092,0.525347888469696,-0.3588469326496124,0.0,0.0,1.0,0.0,0.0,0.0,0.0,0.0,0.0,0.12901011109352112,0.016643183305859566,0.0,0.009912713430821896,-0.02360914833843708,-5.185553073883057,-0.872956395149231,0.11838006228208542,0.1036466509103775,-0.0816800445318222,0.015328033827245235,0.05270462855696678,0.1252712607383728,0.13762052357196808,-0.001175952609628439,6.5190788518521e-06,0.037247318774461746,0.037247318774461746,0.001132405363023281,1.0,1.0,-0.007765665650367737,0.04014032706618309,0.38116195797920227,1.0,4.465908050537109,4.605170249938965,0.4648648500442505,5.2257466316223145,0.370906800031662,8.469053268432617,4.7004804611206055,0.5596330165863037,29.426226493991354,4.4450206859320875,-1.0,0.0012375886904155329,0.0021056055788213346
2024-04-11,0,High,,,False,,-0.0026388897094875574,0.0,0.9501562118530273,0.0011203765170648694,0.0005023169796913862,2.0093648433685303,-0.0014756935415789485,0.0034173422027379274,-0.003770125098526478,-0.00021482232841663063,-0.20000000298023224,2.170166254043579,-0.0018587360391393304,0.9866253137588501,-0.33000001311302185,0.0,0.5,0.026659103110432625,-0.0026194131933152676,-0.4285714328289032,-1.0,0.0005247438093647361,-0.8079584836959839,-1.6513111591339111,-1.0,0.0,1.0,-0.00032084205304272473,-8.539332338841632e-05,0.4647231698036194,0.8854560256004333,0.1666666716337204,0.002542719477787614,-0.002707899548113346,0.003204121720045805,0.04416212812066078,-1.0,0.0,-0.00012211716966703534,1.0,0.0,0.0,0.0,0.0,0.0,0.0,0.11921495944261551,0.014211953617632389,0.699999988079071,0.01071756798774004,-0.021931273862719536,-1.1282730102539062,-1.3974508047103882,0.20472441613674164,0.14982947707176208,0.31052687764167786,0.019771728664636612,0.05270462855696678,0.10992034524679184,0.13016043603420258,-0.0018108885269612074,2.839891931216698e-05,0.037069667130708694,0.037069667130708694,0.001041895360685885,1.0,1.0,0.0289600882679224,0.0696132555603981,0.30066022276878357,1.0,4.488636493682861,5.337538242340088,0.29830509424209595,5.690359592437744,0.4464912414550781,8.830689430236816,4.859812259674072,0.6953125,26.38870874776019,-26.38870874776019,1.0,-0.009640959970489783,0.0021145899798884074
2024-04-12,0,High,,,False,,0.0008077544625848532,0.0,1.9984763860702515,0.0015116236172616482,0.00035902109812013805,3.128204584121704,-0.00018546880164649338,0.003052279818803072,-0.008738772012293339,-6.075418787077069e-05,-0.10000000149011612,0.21565835177898407,0.016877636313438416,0.9866253137588501,-0.33000001311302185,0.0,0.5,0.4673430621623993,0.0007832765113562346,0.627312958240509,0.0,0.00048746890388429165,-0.43149808049201965,-1.823782205581665,-1.0,0.0,1.0,-0.00015528038784395903,-1.4644469047198072e-05,0.4647231698036194,0.8854560256004333,0.1666666716337204,-0.005128728225827217,-0.0009445228497497737,0.0023709845263510942,0.8424489498138428,0.20326530933380127,-1.0,0.0,1.0,0.0,0.0,0.0,0.0,0.4255102574825287,0.0,0.12155594676733017,0.014775718562304974,0.20000000298023224,0.010468849912285805,-0.02238808199763298,-4.546560764312744,-2.0569300651550293,0.30573248863220215,0.07839664071798325,-0.12832123041152954,-0.03154634311795235,0.05270462855696678,0.1105872094631195,0.13366426527500153,-0.0015643304213881493,5.1107050239806995e-05,0.03690258041024208,0.03690258041024208,0.0011815668549388647,1.0,1.0,-0.018671315163373947,0.10067594796419144,0.3125643730163574,1.0,5.003946304321289,5.673323154449463,0.3378995358943939,6.084499359130859,0.3894767165184021,9.249272346496582,5.2522735595703125,0.6263157725334167,23.84533475687141,8.077393154721426,-1.0,0.0074304469661784075,0.002250946499935068
2024-04-15,1,Medium,explicitly_claimed,call,False,11:50,0.000672320369631052,0.0,0.9367049336433411,0.0004743741301354021,0.00031024881172925234,1.251539707183838,0.00038955494528636336,0.0036323503591120243,-0.002000116277486086,5.820310616400093e-05,-0.10000000149011612,0.06864804774522781,-0.004276114981621504,0.9866253137588501,-0.33000001311302185,0.0,0.5,0.8011727333068848,0.0006750827888026834,1.135452389717102,0.0,0.00039969131466932595,-0.48571428656578064,3.3755476474761963,-1.0,0.0,1.0,-2.104281884385273e-05,2.8852999093942344e-05,0.4647231698036194,0.8854560256004333,0.1666666716337204,0.005088219419121742,0.0029101399704813957,0.003628477919846773,0.9220917820930481,0.6040555238723755,0.0,0.0,1.0,0.0,0.0,0.0,0.0,0.0,0.0,0.10130705684423447,0.010263022966682911,0.03333333507180214,0.0125946756452322,-0.01887306571006775,1.9519257545471191,-0.7363946437835693,0.1111111119389534,0.009190927259624004,-0.09100615978240967,0.0058048805221915245,0.05270462855696678,0.09654009342193604,0.10862835496664047,-0.0016900032060220838,4.1242747101932764e-05,0.04285987839102745,0.04285987839102745,0.0011975847883149981,1.0,1.0,0.07455176115036011,0.04139549285173416,0.29162463545799255,1.0,5.017279624938965,5.087596416473389,0.4823151230812073,5.7430033683776855,0.47909361124038696,8.21824836730957,4.736198425292969,0.4601770043373108,18.328888604651624,6.723619867516213,1.0,-0.014345399503957034,0.0023323681512358273
2024-04-16,0,High,,,False,,-0.0009224654641002417,0.0,0.5148410797119141,0.0005654576816596091,0.0004870840930379927,0.9423366189002991,-1.0971760275424458e-05,0.004290360491722822,-0.021863045170903206,0.0003241470840293914,-0.20000000298023224,0.7512089014053345,-0.011923275887966156,0.9866253137588501,-0.33000001311302185,0.0,0.5,0.559907853603363,-0.0008996115066111088,0.5648249983787537,0.0,0.0005890419124625623,-0.7237762212753296,-0.3066394627094269,1.0,0.0,1.0,-3.222291707061231e-05,0.00010159386147279292,0.4647231698036194,0.8854560256004333,0.1666666716337204,0.0005867686704732478,-0.0013325819745659828,0.003175262128934264,0.1787048578262329,-0.18929016590118408,-1.0,0.0,1.0,0.0,0.0,0.0,0.0,0.0,0.0,0.1569865196943283,0.024644529446959496,0.5333333611488342,0.008299845270812511,-0.027877334505319595,-5.7922139167785645,-1.0459247827529907,0.07743658125400543,0.030090242624282837,0.14136247336864471,0.042506247758865356,0.05270462855696678,0.15464776754379272,0.1602572500705719,-0.0015888450434431434,2.0598163246177137e-05,0.031033676117658615,0.031033676117658615,0.0011393538443371654,1.0,1.0,-0.01473332941532135,0.027908073738217354,0.39038461446762085,1.0,4.7004804611206055,5.1179938316345215,0.39636364579200745,5.620400905609131,0.3323841989040375,8.569596290588379,4.8828020095825195,0.5038167834281921,38.458567052348656,-9.224500558977342,1.0,-0.012096959030253405,0.0026013151562377535
2024-04-19,0,High,,,False,,0.0018303563119843602,0.0,0.5689088106155396,0.0005824100226163864,0.0005275311996228993,0.9303696155548096,0.0009252576855942607,0.0035523022525012493,-0.008578580804169178,0.00027930951910093427,0.10000000149011612,0.0680590569972992,-0.0021774631459265947,0.9866253137588501,-0.33000001311302185,0.0,0.5,0.6984840035438538,0.001811993308365345,1.2301063537597656,0.0,0.0006433863891288638,0.6027397513389587,1.8199148178100586,-1.0,0.0,1.0,1.5215214261843357e-05,6.1033835663693026e-05,0.4647231698036194,0.8854560256004333,0.1666666716337204,-0.0009480678127147257,0.001637529581785202,0.002896093763411045,0.955234169960022,0.7134986519813538,0.0,0.0,1.0,0.0,0.0,0.0,0.0,0.0,0.0,0.13959334790706635,0.019486023113131523,0.5,0.00941813550889492,-0.024730471894145012,-2.256721258163452,-0.6214118003845215,0.13680781424045563,0.057302989065647125,-0.17252704501152039,0.026928439736366272,0.05270462855696678,0.13165095448493958,0.14680682122707367,-0.0008739871555007994,4.2454645154066384e-05,0.03549966216087341,0.03549966216087341,0.0012067141942679882,1.0,1.0,0.040594957768917084,0.039380721747875214,0.36962026357650757,1.0,4.369447708129883,3.4011974334716797,0.7289719581604004,4.682131290435791,0.4676497280597687,8.10892391204834,3.9889841079711914,0.30188679695129395,30.31262159490364,18.302899076181195,-1.0,-0.002236415325439805,0.0026652488350286697
2024-04-22,0,High,,,False,,0.0001943019451573491,0.0,0.6307281851768494,0.0005207081558182836,0.00035630687489174306,1.0859159231185913,0.0006132895941846073,0.0026796443853527308,-0.005171032622456551,0.00020637124544009566,0.10000000149011612,0.29225030541419983,-0.003338898066431284,0.9866253137588501,-0.33000001311302185,0.0,0.5,0.8064274787902832,0.0001893174776341766,1.104285478591919,0.0,0.0004261510039214045,0.9923076629638672,2.809919834136963,1.0,0.0,1.0,0.00015601838822476566,6.743756966898218e-05,0.4647231698036194,0.8854560256004333,0.1666666716337204,0.004052584990859032,0.001175598823465407,0.002469358267262578,0.40875911712646484,0.7502027750015259,0.0,0.0,1.0,0.0,0.0,0.0,0.0,0.0,0.0,0.10923181474208832,0.011931462213397026,0.23333333432674408,0.012082125060260296,-0.019525248557329178,3.5906174182891846,-0.7340567708015442,0.10000000149011612,0.029238713905215263,-0.06409106403589249,0.03604511544108391,0.05270462855696678,0.10685531049966812,0.11716924607753754,-0.001343321055173874,5.8005767641589046e-05,0.0412323921918869,0.0412323921918869,0.0011041570687666535,1.0,1.0,0.06826968491077423,0.038613952696323395,0.30505049228668213,1.0,4.18965482711792,3.97029185295105,0.5555555820465088,4.770684719085693,0.5413863658905029,8.137395858764648,4.174387454986572,0.4375,22.25430984693303,1.9434498161058293,1.0,-0.008580462337059365,0.0026995045593295047
2024-04-25,0,High,,,False,,-0.0024805371649563313,0.0,0.6942322254180908,0.0007267907494679093,0.00044860035995952785,1.2217082977294922,-0.0014739766484126449,0.005223683547228575,-0.01900467649102211,-0.0004636157536879182,-0.20000000298023224,0.5889824032783508,0.015133876353502274,0.9866253137588501,-0.33000001311302185,0.0,0.5,0.029513223096728325,-0.0024876666720956564,-0.6785714030265808,0.0,0.0005737671162933111,-0.8539944887161255,-5.053164482116699,-1.0,0.0,1.0,-0.00015314933261834085,-0.00011340352648403496,0.4647231698036194,0.8854560256004333,0.1666666716337204,-0.01031700149178505,-0.00506951566785574,0.004516914486885071,0.3927305042743683,-1.0,0.0,0.0,1.0,0.0,0.0,0.0,0.0,0.0,0.0,0.11861678212881088,0.014069739729166031,0.8666666746139526,0.011124653741717339,-0.021144676953554153,0.2633429169654846,-1.049943208694458,0.10380622744560242,0.04648216813802719,0.2090262472629547,0.008808411657810211,0.05270462855696678,0.11814676970243454,0.12204708904027939,-0.0005532988579943776,3.323461351101287e-05,0.03833557665348053,0.03833557665348053,0.0010728902416303754,1.0,1.0,-0.08748607337474823,0.04021500423550606,0.27304965257644653,1.0,4.499809741973877,4.488636493682861,0.5028248429298401,5.181783676147461,0.5241968035697937,8.500860214233398,4.369447708129883,0.7051281929016113,26.682477927541584,-24.805215765686476,-1.0,0.0005522939752760314,0.0027073448412297412
2024-04-26,0,High,,,False,,0.003300395095720887,0.0,0.9064683318138123,0.0005004965933039784,0.0003676315536722541,1.0227432250976562,0.00215863436460495,0.004871500190347433,0.0072993990033864975,0.0006670202128589153,0.10000000149011612,1.526055932044983,-0.0006553080165758729,0.9866253137588501,-0.33000001311302185,0.0,0.5,0.8783239126205444,0.0033003136049956083,1.6338075399398804,0.0,0.0005306384991854429,0.24313725531101227,4.302361965179443,1.0,0.0,1.0,0.000379035685909912,0.00018022481526713818,0.4647231698036194,0.8854560256004333,0.1666666716337204,0.0069949873723089695,0.0020196507684886456,0.003193364478647709,0.7418561577796936,1.0,0.0,0.0,1.0,0.0,0.0,0.0,0.0,0.0,0.0,0.10808674246072769,0.011682608164846897,0.0,0.011964412406086922,-0.01977897249162197,6.333735942840576,-0.9273232221603394,0.1803797483444214,0.06568419188261032,-0.29323095083236694,0.0011787890689447522,0.05270462855696678,0.10172563791275024,0.11683657020330429,-0.002270145807415247,7.388120866380632e-05,0.03901941329240799,0.03901941329240799,0.00107960170134902,1.0,1.0,0.04368184506893158,0.0611596554517746,0.30383479595184326,1.0,4.682131290435791,4.564348220825195,0.5297029614448547,5.313206195831299,0.48738449811935425,8.635686874389648,4.6151204109191895,0.4000000059604645,47.83217259274009,33.00348755826018,1.0,-0.004510831173927015,0.0027979395069562788
2024-04-29,0,High,,,False,,-0.0004280462162569165,0.0,0.7231152057647705,0.0007626005099155009,0.0003430620126891881,1.8833003044128418,-2.9749762688879855e-05,0.0035939994268119335,-0.00010559083602856845,-5.092329593026079e-05,0.10000000149011612,3.5895910263061523,0.0013210040051490068,0.9866253137588501,-0.33000001311302185,0.0,0.5,0.48803046345710754,-0.00045531161595135927,0.7388405799865723,0.0,0.0003803225699812174,0.7076923251152039,-1.8992644548416138,1.0,0.0,1.0,-6.002490772516467e-05,-4.5414562919177115e-05,0.4647231698036194,0.8854560256004333,0.1666666716337204,0.0030282288789749146,-9.776929800864309e-06,0.0035939994268119335,0.11371055245399475,-0.023939063772559166,0.0,0.0,1.0,0.0,0.0,0.0,0.0,0.0,0.0,0.0778266116976738,0.006056864280253649,0.4000000059604645,0.016561273485422134,-0.014646361581981182,23.186525344848633,-1.462123990058899,0.20454545319080353,0.1287001520395279,0.017988022416830063,0.017988022416830063,0.05270462855696678,0.07581493258476257,0.09235695004463196,-0.0017230259254574776,0.00015976066060829908,0.04869416356086731,0.04869416356086731,0.0007234903168864548,0.0,0.0,0.019826531410217285,0.07991661131381989,0.3400862216949463,1.0,5.937536239624023,4.718498706817627,0.7730061411857605,6.194405555725098,0.572825014591217,8.876544952392578,5.2364420890808105,0.22994652390480042,33.40388987682047,-4.280347592855628,1.0,0.009775527152619643,0.0027948482877134147
2024-04-30,0,High,,,False,,0.0014686937211081386,0.0,0.5763621926307678,0.0005129952332936227,0.00024837441742420197,1.209252119064331,0.000783671741373837,0.00259630405344069,-0.0031778293196111917,0.00017491560720372945,-0.10000000149011612,1.4510403871536255,0.0013513513840734959,0.9866253137588501,-1.0,0.0,0.5,0.7315233945846558,0.0014463920379057527,1.185250163078308,0.0,0.0003764948633033782,-0.1450381726026535,2.8542652130126953,-1.0,0.0,1.0,2.2721351342624985e-05,4.3669395381584764e-05,0.4647231698036194,0.8854560256004333,0.1666666716337204,-0.002552356570959091,0.0006813829531893134,0.002484698314219713,0.9810874462127686,0.5287628173828125,0.0,0.0,1.0,0.0,0.0,0.0,0.0,0.0,0.0,0.07471547275781631,0.005582340061664581,0.03333333507180214,0.017104025930166245,-0.014109601266682148,12.843262672424316,-1.0370676517486572,0.23255814611911774,0.24060162901878357,-0.1421460062265396,-0.04424614459276199,0.05270462855696678,0.06768202036619186,0.09047253429889679,-0.002180558629333973,0.00015888425696175545,0.054282188415527344,0.054282188415527344,0.0009088551159948111,1.0,1.0,0.047630224376916885,0.08803554624319077,0.35517969727516174,1.0,4.9904327392578125,5.056245803833008,0.4834437072277069,5.713732719421387,0.48569923639297485,8.648221015930176,4.905274868011475,0.5223880410194397,22.33365111344156,14.686438927766446,-1.0,0.0035597187811628617,0.0027936599925832287
2024-05-01,0,High,,,False,,-0.00254791765473783,0.0,2.6956613063812256,0.0018530547386035323,0.0003867667692247778,3.374764919281006,-0.0015937065472826362,0.003227901877835393,-0.01834922656416893,-0.000441734358901158,-0.10000000149011612,1.1998045444488525,0.00374531839042902,0.9866253137588501,-0.33000001311302185,0.0,0.5,0.13765431940555573,-0.0025516364257782698,-0.6551724076271057,-1.0,0.0005829579313285649,-0.4139784872531891,-2.45289945602417,-1.0,0.0,1.0,-0.00026932338369078934,-0.0002729502157308161,0.4647231698036194,0.8854560256004333,0.1666666716337204,-0.001433606375940144,-0.002050315495580435,0.001663764240220189,0.07904191315174103,-1.0,0.0,-1.9925319065805525e-05,1.0,0.0,0.0,0.0,0.0,0.8471887111663818,-1.6956614255905151,0.16916385293006897,0.02861625701189041,0.7666666507720947,0.007764055393636227,-0.02973545901477337,-3.6401913166046143,-1.0014712810516357,0.2737818956375122,0.051688823848962784,0.22435441613197327,0.025101231411099434,0.05270462855696678,0.16560128331184387,0.17545270919799805,0.00012682208034675568,-5.094717926112935e-05,0.030527794733643532,0.030527794733643532,0.0011368074920028448,-1.0,-1.0,-0.019474077969789505,0.08586244285106659,0.3082250952720642,1.0,4.043051242828369,5.123963832855225,0.25112107396125793,5.411645889282227,0.5555186867713928,8.703838348388672,4.6151204109191895,0.699999988079071,26.7908567358281,-25.47882579053018,-1.0,-0.015749924994904234,0.002844161800214801
2024-05-02,0,High,,,False,,-0.0043754675425589085,0.0,0.9563597440719604,0.0005185423651710153,0.00036231064586900175,1.1171677112579346,-0.0021208750549703836,0.005044364370405674,-0.012472830712795258,-0.0005161531153135002,-0.30000001192092896,1.600271224975586,-0.001299545168876648,0.9866253137588501,-0.33000001311302185,0.0,0.5,0.05868452042341232,-0.004348106682300568,-0.3475479781627655,0.0,0.00045624349149875343,-0.38697317242622375,-4.52308988571167,-1.0,0.0,1.0,-0.00039415626088157296,-0.0001709090283839032,0.4647231698036194,0.8854560256004333,0.1666666716337204,0.006327764131128788,-0.0031748302280902863,0.003574167378246784,0.04446914792060852,-1.0,0.0,0.0,1.0,0.0,0.0,0.0,0.0,0.0,0.0,0.12257051467895508,0.015023400075733662,0.699999988079071,0.010682998225092888,-0.021942848339676857,-4.091333866119385,-0.906378984451294,0.08776310831308365,0.05786953121423721,0.43033367395401,0.032983195036649704,0.05270462855696678,0.11659831553697586,0.13207213580608368,-0.001432074815966189,2.9658434868906625e-05,0.040681302547454834,0.040681302547454834,0.001398571883328259,0.0,0.0,-0.027608029544353485,0.04001110419631004,0.2934451103210449,1.0,4.488636493682861,5.429345607757568,0.27936509251594543,5.755742073059082,0.44516533613204956,8.471986770629883,4.828313827514648,0.6451612710952759,46.385878819523526,-43.754905307168094,1.0,-0.003709143863241499,0.0029006237554953878
2024-05-03,0,High,,,False,,-0.000507180520799011,0.0,2.9585416316986084,0.003310056170448661,0.0004773144028149545,5.226144790649414,-3.2204898161580786e-05,0.00515830097720027,0.009869666770100594,0.0002679848694242537,-0.20000000298023224,3.5961251258850098,-0.0007215007208287716,0.9866253137588501,-1.0,0.0,0.5,0.41959893703460693,-0.0005031831678934395,0.7268950939178467,0.0,0.0006642696098424494,-0.44221699237823486,2.7446165084838867,-1.0,0.0,1.0,-0.0002910542825702578,8.9602755906526e-05,0.4647231698036194,0.8854560256004333,0.1666666716337204,0.011335818096995354,0.00019516840984579176,0.003089515957981348,0.8673405051231384,0.4011370837688446,-1.0,0.0,1.0,0.0,0.0,0.0,0.0,0.9529954791069031,0.0,0.11073250323534012,0.012261458672583103,0.0,0.011617714539170265,-0.020317822694778442,-0.8269449472427368,-2.861687660217285,0.663578450679779,0.15463480353355408,0.023814739659428596,0.023814739659428596,0.05270462855696678,0.09990168362855911,0.12995199859142303,-0.0023450402077287436,2.222111106675584e-05,0.040021590888500214,0.040021590888500214,0.0008385622641071677,0.0,0.0,0.011723151430487633,0.28035885095596313,0.2795698940753937,1.0,4.795790672302246,6.008813381195068,0.22813688218593597,6.267200469970703,0.4575231671333313,9.637371063232422,5.318120002746582,0.7044335007667542,37.570867447465076,-5.071995668849069,1.0,0.009524538917590657,0.0028876121432310792
2024-05-06,0,High,,,False,,0.0014060464454814792,0.0,0.53461754322052,0.00041113715269602835,0.00019092232105322182,1.566965937614441,0.0006057533901184797,0.0031630410812795162,0.0033569736406207085,0.00012044067261740565,-0.10000000149011612,0.12189489603042603,0.001463057822547853,0.9866253137588501,-1.0,0.0,0.5,0.8589822053909302,0.0013863662024959922,1.0166540145874023,0.0,0.000273306475719437,-0.2924528419971466,4.9988112449646,-1.0,0.0,1.0,7.796827412676066e-05,5.46950068383012e-05,0.4647231698036194,0.8854560256004333,0.1666666716337204,0.002856992417946458,0.002716996008530259,0.0029380791820585728,0.9841583967208862,0.8495049476623535,0.0,0.0,1.0,0.0,0.0,0.0,0.0,0.0,0.0,0.0721425861120224,0.005204515997320414,0.800000011920929,0.01761706732213497,-0.013821737840771675,7.337795257568359,-0.8889698386192322,0.11999999731779099,0.1382148712873459,-0.1247020810842514,-0.027735773473978043,0.05270462855696678,0.07021357119083405,0.08460399508476257,-0.0022885461803525686,0.0001593542256159708,0.05436589941382408,0.05436589941382408,0.0008232989348471165,1.0,1.0,0.08970028907060623,0.06156832352280617,0.3986486494541168,1.0,5.402677536010742,5.288267135620117,0.5287081599235535,6.03787088394165,0.5100222826004028,8.59211540222168,5.056245803833008,0.5,17.730716707658715,14.060919207464083,1.0,0.012320971842970267,0.0029002096464943155
2024-05-07,0,High,,,False,,-0.00023705587955191731,0.0,0.9283002614974976,0.0003315713838674128,0.00026931206230074167,0.9224365949630737,-0.0003969726385548711,0.0016482181381434202,0.0012665255926549435,-0.00019292929209768772,0.10000000149011612,2.11041522026062,0.00147058826405555,0.9866253137588501,-1.0,0.0,0.5,0.24795322120189667,-0.0002228275261586532,0.4020176827907562,0.0,0.0003931213868781924,0.9011628031730652,0.9748840928077698,1.0,0.0,1.0,-6.0908620071131736e-05,-6.931641109986231e-05,0.4647231698036194,0.8854560256004333,0.1666666716337204,0.001254656701348722,4.241029091645032e-05,0.001281947479583323,0.37443608045578003,-0.9338346123695374,0.0,0.0,1.0,0.0,0.0,0.0,0.0,0.0,0.0,0.06904509663581848,0.004767153412103653,0.6666666865348816,0.01817670464515686,-0.013342301361262798,11.97354793548584,-1.055816888809204,0.06060606241226196,0.14863267540931702,0.04973721504211426,-0.04664981737732887,0.05270462855696678,0.06226687878370285,0.08338431268930435,-0.0016468208050355315,0.0001550622982904315,0.05508166924118996,0.05508166924118996,0.0008827521232888103,1.0,1.0,0.06303423643112183,0.05488619580864906,0.39074549078941345,1.0,5.036952495574951,5.659482002258301,0.34851935505867004,6.086774826049805,0.5751872658729553,8.607765197753906,5.20948600769043,0.6868131756782532,15.399447882175968,-2.3705212182352273,1.0,0.010322260081798396,0.0029052337704847777
2024-05-08,0,High,,,False,,0.002412477508187294,0.0,0.9909486174583435,0.0004670525377150625,0.000194085412658751,1.5782580375671387,0.0015616618329659104,0.0030049618799239397,-0.0036283419467508793,0.0004266071773599833,0.20000000298023224,2.855485677719116,-0.0007535794866271317,0.9866253137588501,-1.0,0.0,0.5,1.0,0.0024167653173208237,1.4285714626312256,1.0,0.00026523289852775633,0.5165289044380188,4.601254463195801,1.0,0.0,1.0,0.00018778697995003313,0.00014907527656760067,0.4647231698036194,0.8854560256004333,0.1666666716337204,-0.0035739620216190815,0.0024028115440160036,0.001553625101223588,0.9440993666648865,1.0,0.0,0.0002624758053570986,1.0,0.0,0.0,0.0,0.0,0.0,0.0,0.06604029983282089,0.004361283499747515,0.0,0.01913224160671234,-0.012832771986722946,19.621036529541016,-1.3899075984954834,0.1796407252550125,0.17169296741485596,-0.22059886157512665,-0.027601949870586395,0.05270462855696678,0.060663364827632904,0.08129285275936127,-0.002635967917740345,0.00017211759404744953,0.05826081708073616,0.05826081708073616,0.0008089581388048828,1.0,1.0,0.04342702776193619,0.08181827515363693,0.4001794457435608,1.0,5.693732261657715,5.472270488739014,0.5553470849990845,6.280395984649658,0.5066024661064148,8.89164924621582,5.48479700088501,0.4375,27.220780594802772,24.125191407921573,-1.0,0.0013163904417631772,0.002908411770451891
2024-05-09,1,High,executed,call,False,10:21,-0.00033320108195766807,0.0,1.0708199739456177,0.0001868859981186688,0.00022915232693776488,0.6156536936759949,0.00046929524978622794,0.0022734585218131542,-0.00031211887835524976,0.00020298027084209025,0.4000000059604645,1.8841532468795776,-0.0030188679229468107,0.9866253137588501,-1.0,0.0,0.5,0.8406779766082764,-0.00031348681659437716,0.7197926640510559,0.0,0.0002684938081074506,0.44329896569252014,2.848679542541504,1.0,0.0,1.0,0.00015412810898851603,3.626304169301875e-05,0.4647231698036194,0.8854560256004333,0.1666666716337204,0.0002737291215453297,0.00025046576047316194,0.0022734585218131542,0.2652542293071747,0.6813559532165527,0.0,0.0,1.0,0.0,0.0,0.0,0.0,0.0,0.0,0.063712477684021,0.004059227183461189,0.0,0.0198897086083889,-0.012450814247131348,2.4438164234161377,-0.5481242537498474,0.06788511574268341,0.18583323061466217,-0.006359482184052467,-0.006359482184052467,0.05270462855696678,0.058496177196502686,0.0778459757566452,-0.0017986451275646687,0.00015246767725329846,0.05937794968485832,0.05937794968485832,0.0005607257480733097,0.0,0.0,-0.01292963232845068,0.07580942660570145,0.36284372210502625,1.0,5.579730033874512,5.0998663902282715,0.6182669997215271,6.0591230392456055,0.4024108648300171,8.268732070922852,5.24174690246582,0.3776595890522003,19.818798215687472,-3.331973145970424,1.0,1.731921027036699e-05,0.002908889206394006
2024-05-10,0,High,,,False,,0.0011822886299341917,0.0,1.3369648456573486,0.0009133763960562646,0.00024229235714301467,3.3388915061950684,-6.096906872699037e-07,0.0027076450642198324,0.0034452250692993402,0.00010140318045159802,-0.20000000298023224,2.9631805419921875,0.002334630349650979,0.9866253137588501,-1.0,0.0,0.5,0.5532816052436829,0.0011588032357394695,0.6364310383796692,0.0,0.00027666077949106693,-0.857740581035614,4.3604841232299805,-1.0,0.0,1.0,-0.00014207090134732425,4.3461794120958075e-05,0.4647231698036194,0.8854560256004333,0.1666666716337204,0.002092210575938225,0.0014980901032686234,0.002336944220587611,0.8192968368530273,0.28209322690963745,-1.0,0.0,1.0,0.0,0.0,0.0,0.0,0.012371567077934742,0.0,0.06445485353469849,0.004154369700700045,0.2666666805744171,0.019530924037098885,-0.01259798277169466,17.7222843170166,-1.9006468057632446,0.3615052402019501,0.1951795518398285,-0.15917356312274933,0.03190935403108597,0.05270462855696678,0.06546176970005035,0.07579023391008377,-0.0020112795755267143,0.00015378737589344382,0.05484151095151901,0.05484151095151901,0.00060033961199224,0.0,0.0,0.034528348594903946,0.13804639875888824,0.39667773246765137,1.0,6.218600273132324,6.100318908691406,0.5295982956886292,6.853299140930176,0.486555814743042,9.33317756652832,5.840641498565674,0.5422740578651428,22.11541434571582,11.823222782417112,1.0,0.005198967454096651,0.0029120961273920386
2024-05-14,1,High,executed,call,False,09:13,0.00037714248173870146,0.0,1.0517821311950684,0.0003387261531315744,0.00018756759527605027,1.3027386665344238,0.00012906755728181452,0.001611341373063624,-0.002258174354210496,-3.740776810445823e-05,0.10000000149011612,1.3464242219924927,0.0036310821305960417,0.9866253137588501,-1.0,0.0,0.5,0.6389548778533936,0.00038027274422347546,0.804648220539093,0.0,0.0002636814897414297,0.7175140976905823,-0.16237998008728027,1.0,0.0,1.0,4.598132727551274e-05,7.942452612041961e-06,0.4647231698036194,0.8854560256004333,0.1666666716337204,-0.00012256451009307057,0.0008343763183802366,0.0015443617012351751,0.8760842680931091,0.3333333432674408,1.0,0.0,1.0,0.0,0.0,0.0,0.0,0.0,0.0,0.08080985397100449,0.00653019780293107,0.06666667014360428,0.01558385044336319,-0.015522039495408535,3.9992430210113525,-0.706990659236908,0.10874704271554947,0.0586358942091465,-0.008802304975688457,-0.008802304975688457,0.05270462855696678,0.07619381695985794,0.08762790262699127,-0.00171010906342417,4.097679629921913e-05,0.049218516796827316,0.049218516796827316,0.0010674027726054192,1.0,1.0,0.07035430520772934,0.05951441824436188,0.3468468487262726,1.0,5.720311641693115,5.337538242340088,0.5949119329452515,6.2383246421813965,0.5280697345733643,8.269244194030762,5.20948600769043,0.48351648449897766,12.61578648435721,3.7709012061275184,1.0,-5.741141110703226e-05,0.0029069750309544833
2024-05-15,0,High,,,False,,-5.501864870893769e-05,0.0,0.8464662432670593,0.0004970923764631152,0.0002872376353479922,1.191277265548706,-0.0001918335910886526,0.0030356787610799074,0.003847722662612796,-0.0002309172850800678,0.20000000298023224,3.4514002799987793,-0.0022953327279537916,0.9866253137588501,-1.0,0.0,0.5,0.46187499165534973,-6.775255315005779e-05,0.6348066926002502,0.0,0.00039640002069063485,0.9770992398262024,1.3367100954055786,1.0,0.0,1.0,2.028553353738971e-05,-7.725124305579811e-05,0.4647231698036194,0.8854560256004333,0.1666666716337204,0.003360892878845334,0.0014021041570231318,0.0030356787610799074,0.6762499809265137,-0.07625000178813934,0.0,0.0,1.0,0.0,0.0,0.0,0.0,0.0,0.0,0.07389865070581436,0.005460927728563547,0.0,0.01688120886683464,-0.01444010529667139,15.877083778381348,-0.7914407849311829,0.18142548203468323,0.06023085117340088,-0.01233059260994196,-0.01233059260994196,0.05270462855696678,0.072354257106781,0.0871499553322792,-0.0016176762292161584,0.00017469623708166182,0.04678841680288315,0.04678841680288315,0.0007504484965465963,0.0,0.0,-0.009409365244209766,0.06208318471908569,0.42821159958839417,1.0,5.983936309814453,5.463831901550293,0.6275752782821655,6.448889255523682,0.5473054051399231,8.519391059875488,5.337538242340088,0.35748791694641113,26.428257457119738,-0.5502606095386843,1.0,0.004575035786007344,0.0029197996715957623
2024-05-16,0,High,,,False,,0.00016188356676138937,0.0,0.6237953305244446,0.00016185737331397831,0.00013086026592645794,0.7466942667961121,0.0001725649053696543,0.0008958617108874023,0.0002936017408501357,3.887427010340616e-05,0.30000001192092896,0.33080559968948364,0.001612903201021254,0.9866253137588501,-1.0,0.0,0.5,0.6827731132507324,0.00016355123079847544,1.5001624822616577,0.0,0.0001965410920092836,0.1860465109348297,1.612502932548523,-1.0,0.0,1.0,-2.3866947230999358e-05,6.642646894761128e-06,0.4647231698036194,0.8854560256004333,0.1666666716337204,0.00026371952844783664,0.0006116703152656555,0.0008958617108874023,0.08193277567625046,0.36554622650146484,1.0,0.0,1.0,0.0,0.0,0.0,0.0,0.0,0.0,0.05545149743556976,0.0030748513527214527,0.13333334028720856,0.022356268018484116,-0.011180517263710499,8.039669036865234,-0.7376347780227661,0.06988352537155151,0.18753869831562042,-0.06248116493225098,0.03162195906043053,0.05270462855696678,0.05184198170900345,0.06776837259531021,-0.0015767922159284353,0.00021664967061951756,0.06789810210466385,0.06789810210466385,0.0007710247300565243,0.0,0.0,0.05130787566304207,0.1006702110171318,0.38827434182167053,1.0,4.934473991394043,4.584967613220215,0.5872340202331543,5.463831901550293,0.5047258734703064,8.217168807983398,4.543294906616211,0.35483869910240173,6.8143895937451,1.618578375314961,1.0,0.012017630002652878,0.0029331552117900003
2024-05-17,0,High,,,False,,-0.001004983438178897,0.0,0.628596842288971,0.0003623844822868705,0.00022391907987184823,1.2948479652404785,-0.0003134924336336553,0.002025200752541423,-0.005143217276781797,-5.3137951908865944e-05,-0.10000000149011612,0.050574712455272675,-0.0008077544625848532,0.9866253137588501,-1.0,0.0,0.5,0.32805219292640686,-0.0009904232574626803,0.04991087317466736,0.0,0.00027933804085478187,-0.3177083432674408,-3.129577398300171,1.0,0.0,1.0,1.9326484107295983e-05,-4.684548548539169e-05,0.4647231698036194,0.8854560256004333,0.1666666716337204,0.000987189239822328,-0.0009172857389785349,0.0017515249783173203,0.07974138110876083,-0.5538793206214905,0.0,0.0,1.0,0.0,0.0,0.0,0.0,0.0,0.0,0.06103535369038582,0.003725263988599181,0.0,0.02036839909851551,-0.012139080092310905,9.821195602416992,-0.7140184640884399,0.11135213077068329,0.15391595661640167,0.12758511304855347,0.03321415185928345,0.05270462855696678,0.05882943421602249,0.07368313521146774,-0.001335909590125084,0.00019518501358106732,0.05925600603222847,0.05925600603222847,0.0006837695254944265,0.0,0.0,-0.018937228247523308,0.08059211820363998,0.4642857015132904,1.0,5.89164400100708,5.023880481719971,0.705078125,6.240275859832764,0.5513328313827515,8.240120887756348,5.2983174324035645,0.35175880789756775,15.555560261178005,-10.049061331129138,1.0,-0.00203437110357872,0.0026861950564581417
2024-05-20,0,High,,,False,,0.0027954126708209515,0.0,0.6779119372367859,0.0004154174239374697,0.00021641410421580076,1.4844549894332886,0.001353246858343482,0.003526348853483796,0.00272558955475688,0.0005547806504182518,-0.10000000149011612,0.33871906995773315,0.0016447368543595076,0.9866253137588501,-1.0,0.0,0.5,0.8821961879730225,0.002757018432021141,1.1108946800231934,0.0,0.00029041626839898527,-0.8099547624588013,5.32539701461792,-1.0,0.0,1.0,0.0001463515654904768,0.00022317982802633196,0.4647231698036194,0.8854560256004333,0.1666666716337204,0.000275269674602896,0.0027443866711109877,0.001812047092244029,0.8775933384895325,1.0,0.0,0.0,1.0,0.0,0.0,0.0,0.0,0.0,0.0,0.05602259561419487,0.0031384846661239862,0.9666666388511658,0.022085729986429214,-0.011387146078050137,4.282458305358887,-1.0170875787734985,0.1794871836900711,0.13003934919834137,-0.2810213267803192,0.0009361871052533388,0.05270462855696678,0.055921901017427444,0.06884908676147461,-0.0020119959954172373,0.00016118906205520034,0.061164770275354385,0.061164770275354385,0.0006388875772245228,1.0,1.0,0.030192527920007706,0.11440545320510864,0.43962007761001587,1.0,5.023880481719971,5.2983174324035645,0.43142858147621155,5.860786437988281,0.4538663327693939,8.507950782775879,5.141663551330566,0.48235294222831726,30.68693035527478,27.954273979496886,1.0,0.00113630938435423,0.002642134876233725
2024-05-21,0,High,,,False,,0.0013323042076081038,0.0,0.5761246681213379,0.00045418995432555676,0.00017913758347276598,1.7947449684143066,0.0007383375777862966,0.001622645417228341,-0.003612788859754801,0.00012964331835974008,0.10000000149011612,0.505026638507843,0.0,0.9866253137588501,-1.0,0.0,0.5,0.9616724848747253,0.0013320958241820335,1.333065152168274,0.0,0.00025671019102446735,0.9004149436950684,4.004213333129883,1.0,0.0,1.0,9.89851905615069e-05,7.309877400984988e-05,0.4647231698036194,0.8854560256004333,0.1666666716337204,-0.0019645439460873604,0.0014059158274903893,0.0014718769816681743,0.9731113910675049,1.0,0.0,0.0,1.0,0.0,0.0,0.0,0.0,0.0,0.0,0.05031135305762291,0.0025312001816928387,0.03333333507180214,0.024474482983350754,-0.010362353175878525,3.0227549076080322,-0.559759259223938,0.0699300691485405,0.05030842125415802,-0.1159014031291008,-0.021671123802661896,0.05270462855696678,0.05159230902791023,0.06360284239053726,-0.0015051581431180239,0.0002520944399293512,0.06681755930185318,0.06681755930185318,0.0007015750743448734,1.0,1.0,-0.02149610035121441,0.09896553307771683,0.4972222149372101,1.0,4.9628448486328125,4.969813346862793,0.49824562668800354,5.655992031097412,0.4831615090370178,7.97625207901001,5.204006671905518,0.5138121843338013,13.946049107784576,13.323153224278638,-1.0,0.00098606500774647,0.0026442654461832347
2024-05-22,0,High,,,False,,0.0006506205536425114,0.0,0.9250832200050354,0.000283756700810045,0.0001502920495113358,1.1622145175933838,0.0005271504633128643,0.0013003950007259846,-0.0005374464672058821,0.00013977146591059864,-0.10000000149011612,1.0754786729812622,0.0016792610986158252,0.9866253137588501,-1.0,0.0,0.5,0.7991329431533813,0.0006470592925325036,2.1543843746185303,0.0,0.00023167648760136217,-0.4503311216831207,2.9523162841796875,-1.0,0.0,1.0,2.6501713364268653e-05,4.0251194150187075e-05,0.4647231698036194,0.8854560256004333,0.1666666716337204,-0.0005054519278928638,0.00040966199594549835,0.000988450483419001,0.874524712562561,1.0,0.0,0.0,1.0,0.0,0.0,0.0,0.0,0.0,0.0,0.04805557057261467,0.0023093153722584248,0.03333333507180214,0.025453243404626846,-0.009988926351070404,33.47176742553711,-1.0040526390075684,0.10958904027938843,0.186045840382576,-0.027435345575213432,-0.027435345575213432,0.05270462855696678,0.047305990010499954,0.06106401979923248,-0.001557752606458962,0.0002146934566553682,0.07672210037708282,0.07672210037708282,0.0007241733255796134,1.0,1.0,0.08795170485973358,0.14013250172138214,0.5280059576034546,1.0,5.7714409828186035,5.257495403289795,0.626223087310791,6.2383246421813965,0.6477161049842834,8.53738784790039,5.141663551330566,0.43529412150382996,11.263155497837534,6.50613188698759,-1.0,0.0024203817906944106,0.002615234916660943
2024-05-24,0,High,,,False,,0.0010954146273434162,0.0,2.7799713611602783,0.0018407017923891544,0.0005056657828390598,4.158200740814209,0.0010321149602532387,0.0025361620355397463,-0.009528561495244503,-2.592542296042666e-05,0.30000001192092896,4.250982284545898,-0.020585905760526657,0.9866253137588501,-1.0,0.0,0.5,0.9739195108413696,0.0010859951144084334,1.5151515007019043,1.0,0.0005035067442804575,0.9640657305717468,2.4469587802886963,1.0,0.0,1.0,6.190895510371774e-05,7.163330155890435e-05,0.4647231698036194,0.8854560256004333,0.1666666716337204,0.002490352839231491,0.0018917274428531528,0.0015969127416610718,0.7798816561698914,1.0,1.0,0.0002948146720882505,1.0,0.0,0.0,0.0,0.0,0.05497843772172928,1.7799713611602783,0.07193589210510254,0.005174517165869474,0.0,0.01721690036356449,-0.014147245325148106,34.81998062133789,-2.3606553077697754,0.4597701132297516,0.16511844098567963,-0.12208276987075806,-0.02759089134633541,0.05270462855696678,0.06937510520219803,0.08235254138708115,-0.0020498218946158886,0.00014585276949219406,0.04924442619085312,0.04924442619085312,0.0007317105773836374,1.0,1.0,0.018385430797934532,0.19935178756713867,0.3482092022895813,1.0,6.4892048835754395,4.430816650390625,0.887837827205658,6.608000755310059,0.5230519771575928,9.516280174255371,5.609471797943115,0.15441176295280457,24.159699186664415,10.954219896588025,1.0,-0.007209859203658187,0.002623110352392013
2024-05-31,0,High,,,False,,-0.0018855155212804675,0.0,1.2253761291503906,0.0008213379769586027,0.0003440918226260692,1.6255539655685425,-0.002023375127464533,0.00406084768474102,-0.004746569320559502,-0.0006225444376468658,-0.30000001192092896,1.6200177669525146,0.006574141792953014,0.9866253137588501,-1.0,0.0,0.5,0.006585136521607637,-0.0018934132531285286,0.0,-1.0,0.00046483363257721066,-0.8790697455406189,-1.803874135017395,-1.0,0.0,1.0,-0.0001351692626485601,-0.00015111859829630703,0.4647231698036194,0.8854560256004333,0.1666666716337204,0.001344494172371924,-0.0014994193334132433,0.0029262553434818983,0.8674934506416321,-1.0,0.0,-0.0004641514678951353,1.0,0.0,0.0,0.0,0.0,0.0,-0.225376158952713,0.08930731564760208,0.007975678890943527,0.8333333134651184,0.014080884866416454,-0.01703839749097824,-11.869294166564941,-1.581506371498108,0.14901961386203766,0.028253093361854553,0.18413512408733368,-0.006873706821352243,0.05270462855696678,0.08922826498746872,0.09332156926393509,-0.0009643565863370895,2.1373885829234496e-05,0.04109549894928932,0.04109549894928932,0.0007356849382631481,1.0,1.0,0.03704174980521202,0.06997691094875336,0.30863308906555176,1.0,3.891820192337036,5.676753997802734,0.14159291982650757,5.828945636749268,0.4479947090148926,9.11349868774414,5.068904399871826,0.8227847814559937,38.56819116105048,-18.855415316238503,1.0,-0.005623072838085157,0.002170535908121357
2024-06-03,0,High,,,False,,-0.00043236426427029073,0.0,2.2506420612335205,0.002034313278272748,0.00047213060315698385,3.53821063041687,-0.00028031907277181745,0.0035340762697160244,0.002614196389913559,-0.0004846428637392819,0.10000000149011612,2.4753448963165283,0.004590665455907583,0.9866253137588501,-1.0,0.0,0.5,0.5756279826164246,-0.000456823268905282,0.7498781085014343,0.0,0.0006222478114068508,0.7112349271774292,-2.4424755573272705,-1.0,0.0,1.0,-0.00023139403492677957,-0.00018159371393267065,0.4647231698036194,0.8854560256004333,0.1666666716337204,0.003246205858886242,-0.0005628833314403892,0.0010709894122555852,0.8977072238922119,-1.0,0.0,0.0,1.0,0.0,0.0,0.0,0.0,0.28895047307014465,0.0,0.06845078617334366,0.004685286898165941,0.0,0.018188614398241043,-0.013503544963896275,48.57230758666992,-2.36543869972229,0.6415094137191772,0.21025048196315765,0.015679098665714264,0.015679098665714264,0.05270462855696678,0.07208666205406189,0.08893322944641113,-0.0022044465877115726,0.00019932891882490367,0.05349978059530258,0.05349978059530258,0.0008126125321723521,-1.0,-1.0,0.07341651618480682,0.21838180720806122,0.3407593369483948,1.0,6.2304816246032715,5.666426658630371,0.6377358436584473,6.679599285125732,0.6514844298362732,9.337149620056152,5.517452716827393,0.2620967626571655,27.65980003964175,-4.323716367893871,1.0,0.008372502115878921,0.002169699524333173
2024-06-04,0,High,,,False,,0.0010732706869021058,0.0,3.868687152862549,0.0019207237055525184,0.00044467439875006676,4.143675327301025,0.0012677799677476287,0.0035478456411510706,-0.0043282583355903625,9.866079199127853e-05,0.10000000149011612,3.22926664352417,-0.00516605144366622,0.9866253137588501,-1.0,0.0,0.5,0.7976508140563965,0.0010981463128700852,1.952380895614624,1.0,0.0005183356115594506,0.6262327432632446,-1.6342891454696655,1.0,0.0,1.0,0.0002560883585829288,0.00014510117762256414,0.4647231698036194,0.8854560256004333,0.1666666716337204,-0.0008669611997902393,0.00019320889259688556,0.0026367332320660353,0.517241358757019,1.0,1.0,0.00019320889259688556,1.0,0.0,0.0,0.0,0.0,0.9787794947624207,2.0,0.08676572889089584,0.007528094574809074,0.0,0.014389469288289547,-0.01670883782207966,39.53611755371094,-3.2212207317352295,0.5421412587165833,0.1561330109834671,-0.08068869262933731,0.01402155589312315,0.05270462855696678,0.08864548057317734,0.10894932597875595,-0.0018054123502224684,0.00012478242570068687,0.04373029246926308,0.04373029246926308,0.0007594870985485613,0.0,0.0,0.05062507465481758,0.18681977689266205,0.2955394983291626,1.0,6.2557501792907715,4.605170249938965,0.8400646448135376,6.4297194480896,0.5539942979812622,9.640368461608887,5.549076080322266,0.28125,26.81213625542842,10.732076501715271,-1.0,0.0005322070826543955,0.0021510824467347407
2024-06-05,0,High,,,False,,-0.001234860741533339,0.0,2.9022653102874756,0.0021862948779016733,0.00026949704624712467,4.8513665199279785,-0.000827503390610218,0.0035169192124158144,0.0013155464548617601,-0.0001758662547217682,-0.10000000149011612,1.9012668132781982,-0.003046458587050438,0.9866253137588501,-1.0,0.0,0.5,0.4362272322177887,-0.0012450007488951087,-0.5602022409439087,0.0,0.0005045710131525993,-0.2982758581638336,-1.8780971765518188,-1.0,0.0,1.0,-0.00010424608626635745,-0.00011257246660534292,0.4647231698036194,0.8854560256004333,0.1666666716337204,0.004487085156142712,-0.001639721216633916,0.001673646504059434,0.3963963985443115,-1.0,0.0,0.0,1.0,0.0,0.0,0.0,0.0,1.1594343185424805,0.0,0.09118082374334335,0.008313870057463646,0.6666666865348816,0.013598412275314331,-0.01760253682732582,4.4447503089904785,-2.2715721130371094,0.4511132538318634,0.04728937894105911,0.079539954662323,-0.014696899801492691,0.05270462855696678,0.08178384602069855,0.10843536257743835,-0.001567934057675302,4.823018753086217e-05,0.04082482308149338,0.04082482308149338,0.0009199114283546805,2.0,2.0,-0.018547244369983673,0.22079379856586456,0.2723942697048187,1.0,5.1179938316345215,5.659482002258301,0.36725664138793945,6.115891933441162,0.44276753067970276,9.30565071105957,5.1873860359191895,0.6067415475845337,15.303770187189466,-12.348717865759188,1.0,0.0014992769808160758,0.002062763585557917
2024-06-06,0,High,,,False,,-0.0008325104718096554,0.0,0.5074300765991211,0.00046517449663951993,0.00029700130107812583,1.00486159324646,-0.0009353092173114419,0.00217268243432045,-0.0001513218303443864,-0.00038492382736876607,0.10000000149011612,2.4953227043151855,0.003940110094845295,0.9866253137588501,-1.0,0.0,0.5,0.18142734467983246,-0.0008424889529123902,0.23458361625671387,0.0,0.0005069414619356394,0.8393574357032776,-2.162781000137329,-1.0,0.0,1.0,-7.922843360574916e-05,-7.945547258714214e-05,0.4647231698036194,0.8854560256004333,0.1666666716337204,0.0007770414231345057,-0.0009284808184020221,0.0012442016741260886,0.9144144058227539,-1.0,0.0,0.0,1.0,0.0,0.0,0.0,0.0,0.0,0.0,0.0735977292060852,0.005416537169367075,0.5333333611488342,0.0167128536850214,-0.014501610770821571,2.996410846710205,-0.8268275856971741,0.095238097012043,0.08006882667541504,0.040537841618061066,0.040537841618061066,0.05270462855696678,0.07209374755620956,0.08596228808164597,-0.001773156225681305,0.00014179752906784415,0.049096666276454926,0.049096666276454926,0.0009729826706461608,0.0,0.0,-0.0068492828868329525,0.05556999146938324,0.3800695240497589,1.0,5.652489185333252,5.2781147956848145,0.592901885509491,6.173786163330078,0.4765399098396301,8.411388397216797,5.214935779571533,0.5300546288490295,20.21467899775149,-8.325031695092752,1.0,0.011888677114608032,0.002084629074966424
2024-06-07,0,High,,,False,,0.002556418301537633,0.0,0.7500889301300049,0.000665516359731555,0.0003183718945365399,1.5467357635498047,0.001645294250920415,0.003477135905995965,-0.00245268945582211,0.0004282444715499878,0.30000001192092896,1.680243730545044,0.00559999980032444,0.9866253137588501,-1.0,0.0,0.5,0.9623655676841736,0.002533542225137353,1.3143280744552612,0.0,0.00042703075450845063,0.14325842261314392,1.0298007726669312,1.0,0.0,1.0,0.00027363799745216966,0.000151341431774199,0.4647231698036194,0.8854560256004333,0.1666666716337204,-0.0017000099178403616,0.0010132299503311515,0.002467644866555929,0.9371212124824524,1.0,0.0,0.0,1.0,0.0,0.0,0.0,0.0,0.0,0.0,0.08555363118648529,0.007319322787225246,0.0,0.014402545057237148,-0.016712363809347153,5.414831161499023,-0.837236225605011,0.1928934007883072,0.15473732352256775,-0.26601922512054443,0.01439496036618948,0.05270462855696678,0.08124306797981262,0.09883150458335876,-0.0018916577100753784,0.00011182879825355485,0.04808032512664795,0.04808032512664795,0.0008485453436151147,0.0,0.0,0.06337468326091766,0.06339626014232635,0.4033832252025604,1.0,5.846438884735107,4.779123306274414,0.7451403737068176,6.1398844718933105,0.48921632766723633,8.451908111572266,5.03043794631958,0.30263158679008484,34.20427831681566,25.564440142879,-1.0,-0.00013635217349468797,0.002059780239211405
2024-06-10,0,High,,,False,,-0.00015925028128549457,0.0,0.6459391117095947,0.00038226155447773635,0.0001797858130885288,1.1360361576080322,0.00021392220514826477,0.0018176162848249078,-0.007199259474873543,0.00012786948354914784,0.10000000149011612,2.4086575508117676,-0.00455580884590745,0.9866253137588501,-1.0,0.0,0.5,0.5298969149589539,-0.00014885714335832745,0.7270041108131409,0.0,0.00032792045385576785,0.21568627655506134,0.1134771853685379,1.0,0.0,1.0,9.803666034713387e-05,1.7384329112246633e-05,0.4647231698036194,0.8854560256004333,0.1666666716337204,-0.0009501898312009871,-0.0008544670417904854,0.0016733312513679266,0.21164613962173462,-0.021276595070958138,0.0,0.0,1.0,0.0,0.0,0.0,0.0,0.0,0.0,0.06703797727823257,0.00449405750259757,0.0,0.018283948302268982,-0.013391946442425251,12.455613136291504,-0.7062385678291321,0.11999999731779099,0.02766803838312626,0.06258302927017212,-0.031108524650335312,0.05270462855696678,0.0720420703291893,0.07644277811050415,-0.0011453652987256646,0.00012029021308990195,0.05064381659030914,0.05064381659030914,0.0007274448871612549,1.0,1.0,0.085592120885849,0.058388497680425644,0.354791522026062,1.0,5.342334270477295,4.948760032653809,0.5977011322975159,5.855072021484375,0.581232488155365,8.180601119995117,5.056245803833008,0.4615384638309479,10.416037734122998,-1.59177109233919,-1.0,-0.0012349079976210371,0.001967110299638724
2024-06-12,0,High,,,False,,0.002318610670045018,0.0,0.782927393913269,0.00040302396519109607,0.0002911218034569174,1.0028842687606812,0.0012282812967896461,0.005108650773763657,0.010668173432350159,0.0003551867848727852,0.10000000149011612,0.13907602429389954,-0.0016220599645748734,0.9866253137588501,-1.0,0.0,0.5,0.8930115103721619,0.0023391032591462135,1.1081217527389526,0.0,0.00038527828291989863,-0.11872146278619766,4.429445743560791,1.0,0.0,1.0,0.00021186700905673206,0.00014503397687803954,0.4647231698036194,0.8854560256004333,0.1666666716337204,0.006198135670274496,0.004562084097415209,0.004516076762229204,0.9971475005149841,1.0,0.0,0.0,1.0,0.0,0.0,0.0,0.0,0.0,0.0,0.1329234093427658,0.017668547108769417,0.9666666388511658,0.009125901386141777,-0.025597700849175453,5.507803916931152,-0.579012930393219,0.05882352963089943,0.09720571339130402,-0.2561672329902649,0.019876591861248016,0.05270462855696678,0.12056759744882584,0.14502231776714325,-0.0024826559238135815,-2.505660268070642e-05,0.036895398050546646,0.036895398050546646,0.0012695539044216275,2.0,2.0,0.1694808304309845,0.023149697110056877,0.33818769454956055,1.0,4.465908050537109,3.7841897010803223,0.6666666865348816,4.867534637451172,0.6207864880561829,8.072467803955078,4.356709003448486,0.31168830394744873,28.867167885939967,23.185782124980577,1.0,0.0028261262423223583,0.0019887386784231877
2024-06-13,1,High,executed,put,False,10:44,-0.0012913004029542208,0.0,0.5341270565986633,0.0003573165158741176,0.00029407956753857434,0.8997239470481873,-0.0007151353056542575,0.003324517048895359,-0.0032950476743280888,-0.0003360745031386614,0.30000001192092896,0.5261783599853516,0.009166666306555271,0.9866253137588501,-1.0,0.0,0.5,0.30360111594200134,-0.001271881046704948,-0.2772925794124603,0.0,0.00039902099524624646,0.8917526006698608,-4.337311744689941,-1.0,0.0,1.0,-0.00016228957974817604,-0.00011006116983480752,0.4647231698036194,0.8854560256004333,0.1666666716337204,0.003834986826404929,-0.0023151899222284555,0.0022507256362587214,0.31505727767944336,-1.0,0.0,0.0,1.0,0.0,0.0,0.0,0.0,0.0,0.0,0.07818416506052017,0.00611267751082778,0.8333333134651184,0.015526274219155312,-0.01562693901360035,4.876638412475586,-1.109702706336975,0.1292775720357895,0.14190825819969177,0.10388217121362686,0.011790280230343342,0.05270462855696678,0.0709156021475792,0.09154727309942245,-0.0019212601473554969,8.502348646288738e-05,0.04855464771389961,0.04855464771389961,0.0008291111444123089,0.0,0.0,0.036684975028038025,0.059938497841358185,0.35389408469200134,1.0,5.509388446807861,5.384495258331299,0.5313174724578857,6.1398844718933105,0.48473769426345825,8.607398986816406,5.267858028411865,0.4455958604812622,21.061271062842867,-12.913040814981104,1.0,0.00843223209728839,0.0019056718755743178
2024-06-14,0,High,,,False,,0.00023828743724152446,0.0,3.341383457183838,0.0011948468163609505,0.00032450444996356964,3.5132319927215576,-0.00040214575710706413,0.0023010496515780687,-0.004988070111721754,-1.1300538972136565e-05,-0.10000000149011612,2.2235686779022217,0.012019230984151363,0.9866253137588501,-1.0,0.0,0.5,0.2648475170135498,0.00024072377709671855,0.394790381193161,0.0,0.0003411209909245372,-0.9459041953086853,0.7061906456947327,-1.0,0.0,1.0,-0.00018725385598372668,-1.3845507055521011e-05,0.4647231698036194,0.8854560256004333,0.1666666716337204,-0.0016069032717496157,-0.0016916224267333746,0.0023010496515780687,0.601123571395874,-0.4703049659729004,-1.0,0.0,1.0,0.0,0.0,0.0,0.0,0.11313511431217194,0.0,0.07808676362037659,0.006097436882555485,0.2666666805744171,0.015577888116240501,-0.0155831603333354,8.173428535461426,-1.509848713874817,0.6695746779441833,0.17071500420570374,0.0014788422267884016,0.0014788422267884016,0.05270462855696678,0.07807980477809906,0.09126933664083481,-0.0019506016978994012,0.00011216125130886212,0.0452689453959465,0.0452689453959465,0.0006999852485023439,1.0,1.0,0.02995680645108223,0.10822705924510956,0.3023904263973236,1.0,5.2364420890808105,5.9584245681762695,0.3263525366783142,6.3526291847229,0.5380168557167053,8.981932640075684,5.2983174324035645,0.6683416962623596,17.456301071676542,2.382946544971036,-1.0,0.0021526692873989135,0.0017762883410059596
2024-06-17,0,High,,,False,,0.000195417640497908,0.0,0.8979971408843994,0.0002746371610555798,0.0002740512427408248,0.7230252623558044,2.968049102491932e-06,0.001974069746211171,-0.001299457740969956,-2.751204647211125e-06,-0.10000000149011612,2.6384034156799316,-0.0030257184989750385,0.9866253137588501,-1.0,0.0,0.5,0.4612511694431305,0.00020477978978306055,0.7463997006416321,0.0,0.00039971162914298475,-0.9127516746520996,-0.32350853085517883,1.0,0.0,1.0,1.8869863197323866e-05,-9.797157645152765e-07,0.4647231698036194,0.8854560256004333,0.1666666716337204,-0.00022826217173133045,-0.0010635277722030878,0.0016920597990974784,0.5228758454322815,-0.257080614566803,1.0,0.0,1.0,0.0,0.0,0.0,0.0,0.0,0.0,0.06316085159778595,0.003989218268543482,0.2666666805744171,0.01919395849108696,-0.012914561666548252,-1.8417460918426514,-0.8060698509216309,0.1190476194024086,0.18815834820270538,-0.006264008581638336,-0.006264008581638336,0.05270462855696678,0.05682380124926567,0.07693196088075638,-0.002309107454493642,0.00011129111226182431,0.05923015996813774,0.05923015996813774,0.0008705921354703605,1.0,1.0,0.03919746354222298,0.07720577716827393,0.3824000060558319,1.0,5.2781147956848145,5.831882476806641,0.3644859790802002,6.284134387969971,0.3768831789493561,8.306471824645996,5.087596416473389,0.5838509202003479,13.458547969312962,1.9542845054764524,-1.0,-8.466354106608655e-05,0.00172335462531457
2024-06-18,0,High,,,False,,0.0006883154273964465,0.0,0.6086965799331665,0.0003977441811002791,0.000326699810102582,1.0851150751113892,1.1309436558804009e-05,0.002103665377944708,-0.0013848065864294767,-1.7472431864007376e-05,0.10000000149011612,1.2337173223495483,-0.004807692486792803,0.9866253137588501,-1.0,0.0,0.5,0.5143104791641235,0.0006804891745559871,0.6342159509658813,0.0,0.0003699854714795947,0.41743120551109314,1.6734123229980469,1.0,0.0,1.0,1.6913314539124258e-05,1.6080304703791626e-05,0.4647231698036194,0.8854560256004333,0.1666666716337204,0.00045307810069061816,0.00086846889462322,0.002103665377944708,0.7033824920654297,0.028620988130569458,1.0,0.0,1.0,0.0,0.0,0.0,0.0,0.0,0.0,0.07270316779613495,0.005285643972456455,0.30000001192092896,0.016486965119838715,-0.014798016287386417,1.5605571269989014,-0.6193448901176453,0.10204081982374191,0.1057145893573761,-0.10783165693283081,-0.016605932265520096,0.05270462855696678,0.06860922276973724,0.08580373972654343,-0.001402346882969141,0.00013490274432115257,0.05024932324886322,0.05024932324886322,0.001074893632903695,1.0,1.0,-0.017614567652344704,0.04862244799733162,0.35825106501579285,1.0,4.72738790512085,5.442417621612549,0.3274853825569153,5.837730407714844,0.45413389801979065,8.342363357543945,5.049856185913086,0.6451612710952759,16.449762832611363,6.883189834738364,1.0,0.007606252078005273,0.0018406892290064563
2024-06-20,1,High,executed,put,False,09:40,0.0008914310019463301,0.0,0.3640490770339966,0.0003235375334043056,0.00022723531583324075,1.0228708982467651,0.0005699764587916434,0.0025410419330000877,0.002053918084129691,5.3351865062722936e-05,0.20000000298023224,1.4633071422576904,0.0031250000465661287,0.9866253137588501,-1.0,0.0,0.5,0.7246065735816956,0.000871224794536829,1.1072261333465576,0.0,0.00031613721512258053,0.26404494047164917,2.016388177871704,-1.0,0.0,1.0,7.78179382905364e-05,2.572934317868203e-05,0.4647231698036194,0.8854560256004333,0.1666666716337204,0.002402124460786581,0.0003071789105888456,0.0022847566287964582,0.9713603854179382,0.6117740869522095,0.0,0.0,1.0,0.0,0.0,0.0,0.0,0.0,0.0,0.06955835223197937,0.004838312044739723,0.1666666716337204,0.017104675993323326,-0.014269807375967503,8.12314224243164,-0.814128041267395,0.10319410264492035,0.07491672039031982,-0.12142065167427063,-0.030539320781826973,0.05270462855696678,0.07016582041978836,0.08334531635046005,-0.0014831791631877422,0.00016091138240881264,0.052546147257089615,0.052546147257089615,0.0009592540445737541,1.0,1.0,0.10530774295330048,0.04909560829401016,0.39118263125419617,1.0,5.5606818199157715,4.919981002807617,0.6556962132453918,5.981414318084717,0.5012246966362,8.410053253173828,5.20948600769043,0.4065934121608734,21.758122764526995,8.915020824070911,1.0,0.0024006081671524796,0.001836179173795665
2024-06-21,1,High,executed,put,False,09:51,-0.000106132632936351,0.0,0.5175216197967529,0.0008711120462976396,0.0004899820778518915,1.436414122581482,0.00025015027495101094,0.003491768380627036,-0.007549027446657419,-5.267993765301071e-05,0.4000000059604645,2.8387837409973145,-0.01097293384373188,0.9866253137588501,-1.0,0.0,0.5,0.6420335173606873,-0.00013465635129250586,0.8350061178207397,0.0,0.0005675823194906116,0.8697478771209717,1.3073664903640747,1.0,0.0,1.0,-8.150907524395734e-05,-5.530116322916001e-05,0.4647231698036194,0.8854560256004333,0.1666666716337204,-0.0010397518053650856,-0.00045568676432594657,0.002218041568994522,0.10561056435108185,-0.12706270813941956,1.0,0.0,1.0,0.0,0.0,0.0,0.0,0.0,0.0,0.08412989228963852,0.007077598944306374,0.0,0.014337501488626003,-0.016813315451145172,12.80191421508789,-1.5632330179214478,0.23968565464019775,0.043302662670612335,0.013180417008697987,0.013180417008697987,0.05270462855696678,0.08270370960235596,0.09550488740205765,-0.000913288036826998,9.683753887657076e-05,0.04251209646463394,0.04251209646463394,0.000801348767708987,1.0,1.0,-0.017984116449952126,0.07581308484077454,0.32629311084747314,1.0,6.054439544677734,4.564348220825195,0.817307710647583,6.2557501792907715,0.5378975868225098,8.993303298950195,4.9416422843933105,0.2733812928199768,34.43878337385174,-1.0614693505639234,-1.0,-0.0026153807955815915,0.0018745528188539992
2024-06-24,0,High,,,False,,0.0033083423040807247,0.0,0.6066102385520935,0.0005237206933088601,0.0003429059579502791,1.1182714700698853,0.0026747281663119793,0.0040036351419985294,0.0003120426554232836,0.000954187533352524,0.4000000059604645,3.0684711933135986,-0.01608187146484852,0.9866253137588501,-1.0,0.0,0.5,0.9808568954467773,0.0033022689167410135,3.5714285373687744,1.0,0.0004915258614346385,0.8222996592521667,6.054990291595459,1.0,0.0,1.0,0.0004463173099793494,0.00022772753436584026,0.4647231698036194,0.8854560256004333,0.1666666716337204,-0.0014759539626538754,0.0037299133837223053,0.001354009611532092,0.16711589694023132,1.0,0.0,0.00017700665921438485,1.0,0.0,0.0,0.0,0.0,0.0,0.0,0.06803104281425476,0.0046281055547297,0.6333333253860474,0.01766093447804451,-0.013929988257586956,24.880887985229492,-1.7525005340576172,0.2248520702123642,0.09382166713476181,-0.36532747745513916,-0.0003653185849543661,0.05270462855696678,0.06776221096515656,0.07963764667510986,-0.001500772312283516,0.00014751177513971925,0.05246312543749809,0.05246312543749809,0.0008188419160433114,0.0,0.0,0.09518426656723022,0.07594653964042664,0.3645485043525696,1.0,6.040254592895508,5.204006671905518,0.6983333230018616,6.398594856262207,0.49539893865585327,9.131080627441406,5.459585666656494,0.24358974397182465,38.9788231331207,33.08309957541851,-1.0,-0.0008789572930792129,0.0018761123535087098
2024-06-25,0,High,,,False,,-0.000747218553442508,0.0,0.7035506963729858,0.0008064265130087733,0.000271572673227638,2.2151660919189453,-0.0002347596309846267,0.001698993961326778,-0.0063212839886546135,-0.00020681755268014967,0.10000000149011612,0.4994783401489258,0.005988024175167084,0.9866253137588501,-1.0,0.0,0.5,0.508090615272522,-0.0007330783409997821,0.17947067320346832,0.0,0.00037336497916840017,0.8022727370262146,-0.002540496177971363,1.0,0.0,1.0,0.00012660527136176825,-5.24956667504739e-05,0.4647231698036194,0.8854560256004333,0.1666666716337204,0.002165562706068158,-0.0008357510669156909,0.0014350726269185543,0.6385695934295654,-0.16475096344947815,0.0,0.0,1.0,0.0,0.0,0.0,0.0,0.0,0.0,0.06953766942024231,0.0048354133032262325,0.10000000149011612,0.017292510718107224,-0.014153698459267616,14.465696334838867,-1.283047080039978,0.20032137632369995,0.10626240819692612,0.070197194814682,-0.02144218236207962,0.05270462855696678,0.06732434034347534,0.0780252143740654,-0.0011760793859139085,9.876059630187228e-05,0.054378774017095566,0.054378774017095566,0.001048172707669437,0.0,0.0,0.11154782027006149,0.10576312988996506,0.3820111155509949,1.0,5.916202068328857,5.420535087585449,0.6218487620353699,6.390240669250488,0.5506717562675476,8.831857681274414,5.342334270477295,0.42788460850715637,14.688007932329105,-7.4723284190284325,1.0,-0.003423724433138202,0.001890451356643253
2024-06-28,0,High,,,False,,0.003159885760396719,0.0,2.1963531970977783,0.0009754981147125363,0.00022346089826896787,2.988065481185913,0.0016444091452285647,0.0037584833335131407,0.0025559139903634787,0.00034245007555000484,0.20000000298023224,2.2285242080688477,0.0,0.9866253137588501,-1.0,0.0,0.5,0.8777186870574951,0.0031184330582618713,1.3888888359069824,1.0,0.0003355464432388544,0.5288640856742859,5.629042625427246,1.0,0.0,1.0,0.0004484937817323953,0.0002302548527950421,0.4647231698036194,0.8854560256004333,0.1666666716337204,0.0011637875577434897,0.002979174954816699,0.002485067816451192,0.9597952961921692,1.0,0.0,0.00025068665854632854,1.0,0.0,0.0,0.0,0.0,0.44586098194122314,1.1963531970977783,0.08031405508518219,0.006450297310948372,0.0,0.014899663627147675,-0.01625142991542816,41.204315185546875,-3.1285877227783203,0.319374144077301,0.060743242502212524,-0.27030348777770996,0.002182012889534235,0.05270462855696678,0.07930473983287811,0.09435122460126877,-0.00155108910985291,5.349018465494737e-05,0.04121317341923714,0.04121317341923714,0.0007717311382293701,1.0,1.0,0.007623069919645786,0.11157499998807907,0.3037286400794983,1.0,6.553933620452881,5.351858139038086,0.7694841027259827,6.815639972686768,0.5547798275947571,9.726690292358398,5.662960529327393,0.23693379759788513,31.5985735440071,31.5985735440071,1.0,0.0006370656904030082,0.0018681808444662032
2024-07-01,0,High,,,False,,-0.00021553259284701198,0.0,1.0483760833740234,0.0012660701759159565,0.0004060046630911529,2.6316137313842773,0.0003840508288703859,0.003487630747258663,-0.009136532433331013,-3.2854906748980284e-05,0.10000000149011612,3.9797463417053223,-0.018334606662392616,0.9866253137588501,-1.0,0.0,0.5,0.6898899674415588,-0.00020671839592978358,0.8400388956069946,0.0,0.0005043662386015058,0.8181818127632141,-2.125927686691284,1.0,0.0,1.0,-3.527496301103383e-05,-6.123846833361313e-05,0.4647231698036194,0.8854560256004333,0.1666666716337204,0.002183486009016633,0.0004658699908759445,0.0018013640074059367,0.042596347630023956,-0.20081135630607605,1.0,0.0,1.0,0.0,0.0,0.0,0.0,0.0,0.0,0.07527603209018707,0.00566631555557251,0.20000000298023224,0.015996521338820457,-0.015189941972494125,46.695152282714844,-1.8917866945266724,0.2433035671710968,0.07363812625408173,0.025031235069036484,0.025031235069036484,0.05270462855696678,0.0763852670788765,0.09169942885637283,-0.0017023351974785328,0.00014865872799418867,0.04649932682514191,0.04649932682514191,0.0007954159518703818,1.0,1.0,0.04528067633509636,0.09722946584224701,0.33256617188453674,1.0,6.588926315307617,4.276666164398193,0.9109159111976624,6.682108402252197,0.690575897693634,9.164401054382324,5.361292362213135,0.1179245263338089,31.32510929183741,-2.155646987967173,1.0,-0.00418451706419178,0.0019096653007198484
2024-07-03,0,High,,,False,,0.0005480058607645333,0.0,6.215208053588867,0.0018770708702504635,0.00023168262850958854,4.955028057098389,1.8115535567631014e-05,0.0025354058016091585,0.000788913865108043,0.0001267374464077875,-0.20000000298023224,1.3225146532058716,0.0016722407890483737,0.9866253137588501,-1.0,0.0,0.5,0.4642346203327179,-4.1531325223331805e-06,0.900578498840332,0.0,0.0003894047695212066,-0.2879227101802826,1.1548271179199219,1.0,0.0,1.0,4.5728153054369614e-05,0.00016644979768898338,0.4647231698036194,0.8854560256004333,0.1666666716337204,-0.00033398193772882223,0.0011733960127457976,0.0014653848484158516,0.8316831588745117,0.6064356565475464,0.0,0.0,1.0,0.0,0.0,0.0,0.0,3.0,0.0,0.044690899550914764,0.0019972228910773993,0.0,0.02674909681081772,-0.009658759459853172,86.05438995361328,-3.5790891647338867,0.9774436354637146,0.3059145510196686,-0.07091440260410309,0.019765352830290794,0.05270462855696678,0.04429369792342186,0.06884241849184036,-0.0011542816646397114,0.0002442561089992523,0.07845362275838852,0.07845362275838852,0.0004511181905400008,0.0,0.0,-0.03071918897330761,0.3655920922756195,0.46194982528686523,1.0,6.766191482543945,6.115891933441162,0.6573161482810974,7.185387134552002,0.6101372838020325,9.84908390045166,6.104793071746826,0.38926175236701965,11.268526106378678,5.4800938801660735,1.0,0.006353052362087862,0.0019422138855668476
