session,era,era_assignment_reason,source_types,source_statuses,source_paths
2024-10-01,pre_program_oct2024_jun2025,matched_single_rule,raw_vendor_session,raw_file_present,data/raw/databento/opra_spxw_cbbo_1m;data/raw/databento/opra_spxw_definition;data/raw/databento/opra_spxw_ohlcv_1m;data/raw/databento/opra_spxw_statistics;data/vendor/thetadata/index/spx_1m;data/vendor/thetadata/index/vix_1m
2024-10-02,pre_program_oct2024_jun2025,matched_single_rule,raw_vendor_session,raw_file_present,data/raw/databento/opra_spxw_cbbo_1m;data/raw/databento/opra_spxw_definition;data/raw/databento/opra_spxw_ohlcv_1m;data/raw/databento/opra_spxw_statistics;data/vendor/thetadata/index/spx_1m;data/vendor/thetadata/index/vix_1m
2024-10-03,pre_program_oct2024_jun2025,matched_single_rule,raw_vendor_session,raw_file_present,data/raw/databento/opra_spxw_cbbo_1m;data/raw/databento/opra_spxw_definition;data/raw/databento/opra_spxw_ohlcv_1m;data/raw/databento/opra_spxw_statistics;data/vendor/thetadata/index/spx_1m;data/vendor/thetadata/index/vix_1m
2024-10-04,pre_program_oct2024_jun2025,matched_single_rule,raw_vendor_session,raw_file_present,data/raw/databento/opra_spxw_cbbo_1m;data/raw/databento/opra_spxw_definition;data/raw/databento/opra_spxw_ohlcv_1m;data/raw/databento/opra_spxw_statistics;data/vendor/thetadata/index/spx_1m;data/vendor/thetadata/index/vix_1m
2024-10-07,pre_program_oct2024_jun2025,matched_single_rule,raw_vendor_session,raw_file_present,data/raw/databento/opra_spxw_cbbo_1m;data/raw/databento/opra_spxw_definition;data/raw/databento/opra_spxw_ohlcv_1m;data/raw/databento/opra_spxw_statistics;data/vendor/thetadata/index/spx_1m;data/vendor/thetadata/index/vix_1m
2024-10-08,pre_program_oct2024_jun2025,matched_single_rule,raw_vendor_session,raw_file_present,data/raw/databento/opra_spxw_cbbo_1m;data/raw/databento/opra_spxw_definition;data/raw/databento/opra_spxw_ohlcv_1m;data/raw/databento/opra_spxw_statistics;data/vendor/thetadata/index/spx_1m;data/vendor/thetadata/index/vix_1m
2024-10-09,pre_program_oct2024_jun2025,matched_single_rule,raw_vendor_session,raw_file_present,data/raw/databento/opra_spxw_cbbo_1m;data/raw/databento/opra_spxw_definition;data/raw/databento/opra_spxw_ohlcv_1m;data/raw/databento/opra_spxw_statistics;data/vendor/thetadata/index/spx_1m;data/vendor/thetadata/index/vix_1m
2024-10-10,pre_program_oct2024_jun2025,matched_single_rule,raw_vendor_session,raw_file_present,data/raw/databento/opra_spxw_cbbo_1m;data/raw/databento/opra_spxw_definition;data/raw/databento/opra_spxw_ohlcv_1m;data/raw/databento/opra_spxw_statistics;data/vendor/thetadata/index/spx_1m;data/vendor/thetadata/index/vix_1m
2024-10-11,pre_program_oct2024_jun2025,matched_single_rule,raw_vendor_session,raw_file_present,data/raw/databento/opra_spxw_cbbo_1m;data/raw/databento/opra_spxw_definition;data/raw/databento/opra_spxw_ohlcv_1m;data/raw/databento/opra_spxw_statistics;data/vendor/thetadata/index/spx_1m;data/vendor/thetadata/index/vix_1m
2024-10-14,pre_program_oct2024_jun2025,matched_single_rule,raw_vendor_session,raw_file_present,data/raw/databento/opra_spxw_cbbo_1m;data/raw/databento/opra_spxw_definition;data/raw/databento/opra_spxw_ohlcv_1m;data/raw/databento/opra_spxw_statistics;data/vendor/thetadata/index/spx_1m;data/vendor/thetadata/index/vix_1m
2024-10-15,pre_program_oct2024_jun2025,matched_single_rule,raw_vendor_session,raw_file_present,data/raw/databento/opra_spxw_cbbo_1m;data/raw/databento/opra_spxw_definition;data/raw/databento/opra_spxw_ohlcv_1m;data/raw/databento/opra_spxw_statistics;data/vendor/thetadata/index/spx_1m;data/vendor/thetadata/index/vix_1m
2024-10-16,pre_program_oct2024_jun2025,matched_single_rule,raw_vendor_session,raw_file_present,data/raw/databento/opra_spxw_cbbo_1m;data/raw/databento/opra_spxw_definition;data/raw/databento/opra_spxw_ohlcv_1m;data/raw/databento/opra_spxw_statistics;data/vendor/thetadata/index/spx_1m;data/vendor/thetadata/index/vix_1m
2024-10-17,pre_program_oct2024_jun2025,matched_single_rule,raw_vendor_session,raw_file_present,data/raw/databento/opra_spxw_cbbo_1m;data/raw/databento/opra_spxw_definition;data/raw/databento/opra_spxw_ohlcv_1m;data/raw/databento/opra_spxw_statistics;data/vendor/thetadata/index/spx_1m;data/vendor/thetadata/index/vix_1m
2024-10-18,pre_program_oct2024_jun2025,matched_single_rule,raw_vendor_session,raw_file_present,data/raw/databento/opra_spxw_cbbo_1m;data/raw/databento/opra_spxw_definition;data/raw/databento/opra_spxw_ohlcv_1m;data/raw/databento/opra_spxw_statistics;data/vendor/thetadata/index/spx_1m;data/vendor/thetadata/index/vix_1m
2024-10-21,pre_program_oct2024_jun2025,matched_single_rule,raw_vendor_session,raw_file_present,data/raw/databento/opra_spxw_cbbo_1m;data/raw/databento/opra_spxw_definition;data/raw/databento/opra_spxw_ohlcv_1m;data/raw/databento/opra_spxw_statistics;data/vendor/thetadata/index/spx_1m;data/vendor/thetadata/index/vix_1m
2024-10-22,pre_program_oct2024_jun2025,matched_single_rule,raw_vendor_session,raw_file_present,data/raw/databento/opra_spxw_cbbo_1m;data/raw/databento/opra_spxw_definition;data/raw/databento/opra_spxw_ohlcv_1m;data/raw/databento/opra_spxw_statistics;data/vendor/thetadata/index/spx_1m;data/vendor/thetadata/index/vix_1m
2024-10-23,pre_program_oct2024_jun2025,matched_single_rule,raw_vendor_session,raw_file_present,data/raw/databento/opra_spxw_cbbo_1m;data/raw/databento/opra_spxw_definition;data/raw/databento/opra_spxw_ohlcv_1m;data/raw/databento/opra_spxw_statistics;data/vendor/thetadata/index/spx_1m;data/vendor/thetadata/index/vix_1m
2024-10-24,pre_program_oct2024_jun2025,matched_single_rule,raw_vendor_session,raw_file_present,data/raw/databento/opra_spxw_cbbo_1m;data/raw/databento/opra_spxw_definition;data/raw/databento/opra_spxw_ohlcv_1m;data/raw/databento/opra_spxw_statistics;data/vendor/thetadata/index/spx_1m;data/vendor/thetadata/index/vix_1m
2024-10-25,pre_program_oct2024_jun2025,matched_single_rule,raw_vendor_session,raw_file_present,data/raw/databento/opra_spxw_cbbo_1m;data/raw/databento/opra_spxw_definition;data/raw/databento/opra_spxw_ohlcv_1m;data/raw/databento/opra_spxw_statistics;data/vendor/thetadata/index/spx_1m;data/vendor/thetadata/index/vix_1m
2024-10-28,pre_program_oct2024_jun2025,matched_single_rule,raw_vendor_session,raw_file_present,data/raw/databento/opra_spxw_cbbo_1m;data/raw/databento/opra_spxw_definition;data/raw/databento/opra_spxw_ohlcv_1m;data/raw/databento/opra_spxw_statistics;data/vendor/thetadata/index/spx_1m;data/vendor/thetadata/index/vix_1m
2024-10-29,pre_program_oct2024_jun2025,matched_single_rule,raw_vendor_session,raw_file_present,data/raw/databento/opra_spxw_cbbo_1m;data/raw/databento/opra_spxw_definition;data/raw/databento/opra_spxw_ohlcv_1m;data/raw/databento/opra_spxw_statistics;data/vendor/thetadata/index/spx_1m;data/vendor/thetadata/index/vix_1m
2024-10-30,pre_program_oct2024_jun2025,matched_single_rule,raw_vendor_session,raw_file_present,data/raw/databento/opra_spxw_cbbo_1m;data/raw/databento/opra_spxw_definition;data/raw/databento/opra_spxw_ohlcv_1m;data/raw/databento/opra_spxw_statistics;data/vendor/thetadata/index/spx_1m;data/vendor/thetadata/index/vix_1m
2024-10-31,pre_program_oct2024_jun2025,matched_single_rule,raw_vendor_session,raw_file_present,data/raw/databento/opra_spxw_cbbo_1m;data/raw/databento/opra_spxw_definition;data/raw/databento/opra_spxw_ohlcv_1m;data/raw/databento/opra_spxw_statistics;data/vendor/thetadata/index/spx_1m;data/vendor/thetadata/index/vix_1m
2024-11-01,pre_program_oct2024_jun2025,matched_single_rule,raw_vendor_session,raw_file_present,data/raw/databento/opra_spxw_cbbo_1m;data/raw/databento/opra_spxw_definition;data/raw/databento/opra_spxw_ohlcv_1m;data/raw/databento/opra_spxw_statistics;data/vendor/thetadata/index/spx_1m;data/vendor/thetadata/index/vix_1m
2024-11-04,pre_program_oct2024_jun2025,matched_single_rule,raw_vendor_session,raw_file_present,data/raw/databento/opra_spxw_cbbo_1m;data/raw/databento/opra_spxw_definition;data/raw/databento/opra_spxw_ohlcv_1m;data/raw/databento/opra_spxw_statistics;data/vendor/thetadata/index/spx_1m;data/vendor/thetadata/index/vix_1m
2024-11-05,pre_program_oct2024_jun2025,matched_single_rule,raw_vendor_session,raw_file_present,data/raw/databento/opra_spxw_cbbo_1m;data/raw/databento/opra_spxw_definition;data/raw/databento/opra_spxw_ohlcv_1m;data/raw/databento/opra_spxw_statistics;data/vendor/thetadata/index/spx_1m;data/vendor/thetadata/index/vix_1m
2024-11-06,pre_program_oct2024_jun2025,matched_single_rule,raw_vendor_session,raw_file_present,data/raw/databento/opra_spxw_cbbo_1m;data/raw/databento/opra_spxw_definition;data/raw/databento/opra_spxw_ohlcv_1m;data/raw/databento/opra_spxw_statistics;data/vendor/thetadata/index/spx_1m;data/vendor/thetadata/index/vix_1m
2024-11-07,pre_program_oct2024_jun2025,matched_single_rule,raw_vendor_session,raw_file_present,data/raw/databento/opra_spxw_cbbo_1m;data/raw/databento/opra_spxw_definition;data/raw/databento/opra_spxw_ohlcv_1m;data/raw/databento/opra_spxw_statistics;data/vendor/thetadata/index/spx_1m;data/vendor/thetadata/index/vix_1m
2024-11-08,pre_program_oct2024_jun2025,matched_single_rule,raw_vendor_session,raw_file_present,data/raw/databento/opra_spxw_cbbo_1m;data/raw/databento/opra_spxw_definition;data/raw/databento/opra_spxw_ohlcv_1m;data/raw/databento/opra_spxw_statistics;data/vendor/thetadata/index/spx_1m;data/vendor/thetadata/index/vix_1m
2024-11-11,pre_program_oct2024_jun2025,matched_single_rule,raw_vendor_session,raw_file_present,data/raw/databento/opra_spxw_cbbo_1m;data/raw/databento/opra_spxw_definition;data/raw/databento/opra_spxw_ohlcv_1m;data/raw/databento/opra_spxw_statistics;data/vendor/thetadata/index/spx_1m;data/vendor/thetadata/index/vix_1m
2024-11-12,pre_program_oct2024_jun2025,matched_single_rule,raw_vendor_session,raw_file_present,data/raw/databento/opra_spxw_cbbo_1m;data/raw/databento/opra_spxw_definition;data/raw/databento/opra_spxw_ohlcv_1m;data/raw/databento/opra_spxw_statistics;data/vendor/thetadata/index/spx_1m;data/vendor/thetadata/index/vix_1m
2024-11-13,pre_program_oct2024_jun2025,matched_single_rule,raw_vendor_session,raw_file_present,data/raw/databento/opra_spxw_cbbo_1m;data/raw/databento/opra_spxw_definition;data/raw/databento/opra_spxw_ohlcv_1m;data/raw/databento/opra_spxw_statistics;data/vendor/thetadata/index/spx_1m;data/vendor/thetadata/index/vix_1m
2024-11-14,pre_program_oct2024_jun2025,matched_single_rule,raw_vendor_session,raw_file_present,data/raw/databento/opra_spxw_cbbo_1m;data/raw/databento/opra_spxw_definition;data/raw/databento/opra_spxw_ohlcv_1m;data/raw/databento/opra_spxw_statistics;data/vendor/thetadata/index/spx_1m;data/vendor/thetadata/index/vix_1m
2024-11-15,pre_program_oct2024_jun2025,matched_single_rule,raw_vendor_session,raw_file_present,data/raw/databento/opra_spxw_cbbo_1m;data/raw/databento/opra_spxw_definition;data/raw/databento/opra_spxw_ohlcv_1m;data/raw/databento/opra_spxw_statistics;data/vendor/thetadata/index/spx_1m;data/vendor/thetadata/index/vix_1m
2024-11-18,pre_program_oct2024_jun2025,matched_single_rule,raw_vendor_session,raw_file_present,data/raw/databento/opra_spxw_cbbo_1m;data/raw/databento/opra_spxw_definition;data/raw/databento/opra_spxw_ohlcv_1m;data/raw/databento/opra_spxw_statistics;data/vendor/thetadata/index/spx_1m;data/vendor/thetadata/index/vix_1m
2024-11-19,pre_program_oct2024_jun2025,matched_single_rule,raw_vendor_session,raw_file_present,data/raw/databento/opra_spxw_cbbo_1m;data/raw/databento/opra_spxw_definition;data/raw/databento/opra_spxw_ohlcv_1m;data/raw/databento/opra_spxw_statistics;data/vendor/thetadata/index/spx_1m;data/vendor/thetadata/index/vix_1m
2024-11-20,pre_program_oct2024_jun2025,matched_single_rule,raw_vendor_session,raw_file_present,data/raw/databento/opra_spxw_cbbo_1m;data/raw/databento/opra_spxw_definition;data/raw/databento/opra_spxw_ohlcv_1m;data/raw/databento/opra_spxw_statistics;data/vendor/thetadata/index/spx_1m;data/vendor/thetadata/index/vix_1m
2024-11-21,pre_program_oct2024_jun2025,matched_single_rule,raw_vendor_session,raw_file_present,data/raw/databento/opra_spxw_cbbo_1m;data/raw/databento/opra_spxw_definition;data/raw/databento/opra_spxw_ohlcv_1m;data/raw/databento/opra_spxw_statistics;data/vendor/thetadata/index/spx_1m;data/vendor/thetadata/index/vix_1m
2024-11-22,pre_program_oct2024_jun2025,matched_single_rule,raw_vendor_session,raw_file_present,data/raw/databento/opra_spxw_cbbo_1m;data/raw/databento/opra_spxw_definition;data/raw/databento/opra_spxw_ohlcv_1m;data/raw/databento/opra_spxw_statistics;data/vendor/thetadata/index/spx_1m;data/vendor/thetadata/index/vix_1m
2024-11-25,pre_program_oct2024_jun2025,matched_single_rule,raw_vendor_session,raw_file_present,data/raw/databento/opra_spxw_cbbo_1m;data/raw/databento/opra_spxw_definition;data/raw/databento/opra_spxw_ohlcv_1m;data/raw/databento/opra_spxw_statistics;data/vendor/thetadata/index/spx_1m;data/vendor/thetadata/index/vix_1m
2024-11-26,pre_program_oct2024_jun2025,matched_single_rule,raw_vendor_session,raw_file_present,data/raw/databento/opra_spxw_cbbo_1m;data/raw/databento/opra_spxw_definition;data/raw/databento/opra_spxw_ohlcv_1m;data/raw/databento/opra_spxw_statistics;data/vendor/thetadata/index/spx_1m;data/vendor/thetadata/index/vix_1m
2024-11-27,pre_program_oct2024_jun2025,matched_single_rule,raw_vendor_session,raw_file_present,data/raw/databento/opra_spxw_cbbo_1m;data/raw/databento/opra_spxw_definition;data/raw/databento/opra_spxw_ohlcv_1m;data/raw/databento/opra_spxw_statistics;data/vendor/thetadata/index/spx_1m;data/vendor/thetadata/index/vix_1m
2024-11-28,pre_program_oct2024_jun2025,matched_single_rule,raw_vendor_session,raw_file_present,data/vendor/thetadata/index/vix_1m
2024-11-29,pre_program_oct2024_jun2025,matched_single_rule,raw_vendor_session,raw_file_present,data/raw/databento/opra_spxw_cbbo_1m;data/raw/databento/opra_spxw_definition;data/raw/databento/opra_spxw_ohlcv_1m;data/raw/databento/opra_spxw_statistics;data/vendor/thetadata/index/spx_1m;data/vendor/thetadata/index/vix_1m
2024-12-02,pre_program_oct2024_jun2025,matched_single_rule,raw_vendor_session,raw_file_present,data/raw/databento/opra_spxw_cbbo_1m;data/raw/databento/opra_spxw_definition;data/raw/databento/opra_spxw_ohlcv_1m;data/raw/databento/opra_spxw_statistics;data/vendor/thetadata/index/spx_1m;data/vendor/thetadata/index/vix_1m
2024-12-03,pre_program_oct2024_jun2025,matched_single_rule,raw_vendor_session,raw_file_present,data/raw/databento/opra_spxw_cbbo_1m;data/raw/databento/opra_spxw_definition;data/raw/databento/opra_spxw_ohlcv_1m;data/raw/databento/opra_spxw_statistics;data/vendor/thetadata/index/spx_1m;data/vendor/thetadata/index/vix_1m
2024-12-04,pre_program_oct2024_jun2025,matched_single_rule,raw_vendor_session,raw_file_present,data/raw/databento/opra_spxw_cbbo_1m;data/raw/databento/opra_spxw_definition;data/raw/databento/opra_spxw_ohlcv_1m;data/raw/databento/opra_spxw_statistics;data/vendor/thetadata/index/spx_1m;data/vendor/thetadata/index/vix_1m
2024-12-05,pre_program_oct2024_jun2025,matched_single_rule,raw_vendor_session,raw_file_present,data/raw/databento/opra_spxw_cbbo_1m;data/raw/databento/opra_spxw_definition;data/raw/databento/opra_spxw_ohlcv_1m;data/raw/databento/opra_spxw_statistics;data/vendor/thetadata/index/spx_1m;data/vendor/thetadata/index/vix_1m
2024-12-06,pre_program_oct2024_jun2025,matched_single_rule,raw_vendor_session,raw_file_present,data/raw/databento/opra_spxw_cbbo_1m;data/raw/databento/opra_spxw_definition;data/raw/databento/opra_spxw_ohlcv_1m;data/raw/databento/opra_spxw_statistics;data/vendor/thetadata/index/spx_1m;data/vendor/thetadata/index/vix_1m
2024-12-09,pre_program_oct2024_jun2025,matched_single_rule,raw_vendor_session,raw_file_present,data/raw/databento/opra_spxw_cbbo_1m;data/raw/databento/opra_spxw_definition;data/raw/databento/opra_spxw_ohlcv_1m;data/raw/databento/opra_spxw_statistics;data/vendor/thetadata/index/spx_1m;data/vendor/thetadata/index/vix_1m
2024-12-10,pre_program_oct2024_jun2025,matched_single_rule,raw_vendor_session,raw_file_present,data/raw/databento/opra_spxw_cbbo_1m;data/raw/databento/opra_spxw_definition;data/raw/databento/opra_spxw_ohlcv_1m;data/raw/databento/opra_spxw_statistics;data/vendor/thetadata/index/spx_1m;data/vendor/thetadata/index/vix_1m
2024-12-11,pre_program_oct2024_jun2025,matched_single_rule,raw_vendor_session,raw_file_present,data/raw/databento/opra_spxw_cbbo_1m;data/raw/databento/opra_spxw_definition;data/raw/databento/opra_spxw_ohlcv_1m;data/raw/databento/opra_spxw_statistics;data/vendor/thetadata/index/spx_1m;data/vendor/thetadata/index/vix_1m
2024-12-12,pre_program_oct2024_jun2025,matched_single_rule,raw_vendor_session,raw_file_present,data/raw/databento/opra_spxw_cbbo_1m;data/raw/databento/opra_spxw_definition;data/raw/databento/opra_spxw_ohlcv_1m;data/raw/databento/opra_spxw_statistics;data/vendor/thetadata/index/spx_1m;data/vendor/thetadata/index/vix_1m
2024-12-13,pre_program_oct2024_jun2025,matched_single_rule,raw_vendor_session,raw_file_present,data/raw/databento/opra_spxw_cbbo_1m;data/raw/databento/opra_spxw_definition;data/raw/databento/opra_spxw_ohlcv_1m;data/raw/databento/opra_spxw_statistics;data/vendor/thetadata/index/spx_1m;data/vendor/thetadata/index/vix_1m
2024-12-16,pre_program_oct2024_jun2025,matched_single_rule,raw_vendor_session,raw_file_present,data/raw/databento/opra_spxw_cbbo_1m;data/raw/databento/opra_spxw_definition;data/raw/databento/opra_spxw_ohlcv_1m;data/raw/databento/opra_spxw_statistics;data/vendor/thetadata/index/spx_1m;data/vendor/thetadata/index/vix_1m
2024-12-17,pre_program_oct2024_jun2025,matched_single_rule,raw_vendor_session,raw_file_present,data/raw/databento/opra_spxw_cbbo_1m;data/raw/databento/opra_spxw_definition;data/raw/databento/opra_spxw_ohlcv_1m;data/raw/databento/opra_spxw_statistics;data/vendor/thetadata/index/spx_1m;data/vendor/thetadata/index/vix_1m
2024-12-18,pre_program_oct2024_jun2025,matched_single_rule,raw_vendor_session,raw_file_present,data/raw/databento/opra_spxw_cbbo_1m;data/raw/databento/opra_spxw_definition;data/raw/databento/opra_spxw_ohlcv_1m;data/raw/databento/opra_spxw_statistics;data/vendor/thetadata/index/spx_1m;data/vendor/thetadata/index/vix_1m
2024-12-19,pre_program_oct2024_jun2025,matched_single_rule,raw_vendor_session,raw_file_present,data/raw/databento/opra_spxw_cbbo_1m;data/raw/databento/opra_spxw_definition;data/raw/databento/opra_spxw_ohlcv_1m;data/raw/databento/opra_spxw_statistics;data/vendor/thetadata/index/spx_1m;data/vendor/thetadata/index/vix_1m
2024-12-20,pre_program_oct2024_jun2025,matched_single_rule,raw_vendor_session,raw_file_present,data/raw/databento/opra_spxw_cbbo_1m;data/raw/databento/opra_spxw_definition;data/raw/databento/opra_spxw_ohlcv_1m;data/raw/databento/opra_spxw_statistics;data/vendor/thetadata/index/spx_1m;data/vendor/thetadata/index/vix_1m
2024-12-23,pre_program_oct2024_jun2025,matched_single_rule,raw_vendor_session,raw_file_present,data/raw/databento/opra_spxw_cbbo_1m;data/raw/databento/opra_spxw_definition;data/raw/databento/opra_spxw_ohlcv_1m;data/raw/databento/opra_spxw_statistics;data/vendor/thetadata/index/spx_1m;data/vendor/thetadata/index/vix_1m
2024-12-24,pre_program_oct2024_jun2025,matched_single_rule,raw_vendor_session,raw_file_present,data/raw/databento/opra_spxw_cbbo_1m;data/raw/databento/opra_spxw_definition;data/raw/databento/opra_spxw_ohlcv_1m;data/raw/databento/opra_spxw_statistics;data/vendor/thetadata/index/spx_1m;data/vendor/thetadata/index/vix_1m
2024-12-26,pre_program_oct2024_jun2025,matched_single_rule,raw_vendor_session,raw_file_present,data/raw/databento/opra_spxw_cbbo_1m;data/raw/databento/opra_spxw_definition;data/raw/databento/opra_spxw_ohlcv_1m;data/raw/databento/opra_spxw_statistics;data/vendor/thetadata/index/spx_1m;data/vendor/thetadata/index/vix_1m
2024-12-27,pre_program_oct2024_jun2025,matched_single_rule,raw_vendor_session,raw_file_present,data/raw/databento/opra_spxw_cbbo_1m;data/raw/databento/opra_spxw_definition;data/raw/databento/opra_spxw_ohlcv_1m;data/raw/databento/opra_spxw_statistics;data/vendor/thetadata/index/spx_1m;data/vendor/thetadata/index/vix_1m
2024-12-30,pre_program_oct2024_jun2025,matched_single_rule,raw_vendor_session,raw_file_present,data/raw/databento/opra_spxw_cbbo_1m;data/raw/databento/opra_spxw_definition;data/raw/databento/opra_spxw_ohlcv_1m;data/raw/databento/opra_spxw_statistics;data/vendor/thetadata/index/spx_1m;data/vendor/thetadata/index/vix_1m
2024-12-31,pre_program_oct2024_jun2025,matched_single_rule,raw_vendor_session,raw_file_present,data/raw/databento/opra_spxw_cbbo_1m;data/raw/databento/opra_spxw_definition;data/raw/databento/opra_spxw_ohlcv_1m;data/raw/databento/opra_spxw_statistics;data/vendor/thetadata/index/spx_1m;data/vendor/thetadata/index/vix_1m
2025-01-02,pre_program_oct2024_jun2025,matched_single_rule,raw_vendor_session,raw_file_present,data/raw/databento/opra_spxw_cbbo_1m;data/raw/databento/opra_spxw_definition;data/raw/databento/opra_spxw_ohlcv_1m;data/raw/databento/opra_spxw_statistics;data/vendor/thetadata/index/spx_1m;data/vendor/thetadata/index/vix_1m
2025-01-03,pre_program_oct2024_jun2025,matched_single_rule,raw_vendor_session,raw_file_present,data/raw/databento/opra_spxw_cbbo_1m;data/raw/databento/opra_spxw_definition;data/raw/databento/opra_spxw_ohlcv_1m;data/raw/databento/opra_spxw_statistics;data/vendor/thetadata/index/spx_1m;data/vendor/thetadata/index/vix_1m
2025-01-06,pre_program_oct2024_jun2025,matched_single_rule,raw_vendor_session,raw_file_present,data/raw/databento/opra_spxw_cbbo_1m;data/raw/databento/opra_spxw_definition;data/raw/databento/opra_spxw_ohlcv_1m;data/raw/databento/opra_spxw_statistics;data/vendor/thetadata/index/spx_1m;data/vendor/thetadata/index/vix_1m
2025-01-07,pre_program_oct2024_jun2025,matched_single_rule,raw_vendor_session,raw_file_present,data/raw/databento/opra_spxw_cbbo_1m;data/raw/databento/opra_spxw_definition;data/raw/databento/opra_spxw_ohlcv_1m;data/raw/databento/opra_spxw_statistics;data/vendor/thetadata/index/spx_1m;data/vendor/thetadata/index/vix_1m
2025-01-08,pre_program_oct2024_jun2025,matched_single_rule,raw_vendor_session,raw_file_present,data/raw/databento/opra_spxw_cbbo_1m;data/raw/databento/opra_spxw_definition;data/raw/databento/opra_spxw_ohlcv_1m;data/raw/databento/opra_spxw_statistics;data/vendor/thetadata/index/spx_1m;data/vendor/thetadata/index/vix_1m
2025-01-10,pre_program_oct2024_jun2025,matched_single_rule,raw_vendor_session,raw_file_present,data/raw/databento/opra_spxw_cbbo_1m;data/raw/databento/opra_spxw_definition;data/raw/databento/opra_spxw_ohlcv_1m;data/raw/databento/opra_spxw_statistics;data/vendor/thetadata/index/spx_1m;data/vendor/thetadata/index/vix_1m
2025-01-13,pre_program_oct2024_jun2025,matched_single_rule,raw_vendor_session,raw_file_present,data/raw/databento/opra_spxw_cbbo_1m;data/raw/databento/opra_spxw_definition;data/raw/databento/opra_spxw_ohlcv_1m;data/raw/databento/opra_spxw_statistics;data/vendor/thetadata/index/spx_1m;data/vendor/thetadata/index/vix_1m
2025-01-14,pre_program_oct2024_jun2025,matched_single_rule,raw_vendor_session,raw_file_present,data/raw/databento/opra_spxw_cbbo_1m;data/raw/databento/opra_spxw_definition;data/raw/databento/opra_spxw_ohlcv_1m;data/raw/databento/opra_spxw_statistics;data/vendor/thetadata/index/spx_1m;data/vendor/thetadata/index/vix_1m
2025-01-15,pre_program_oct2024_jun2025,matched_single_rule,raw_vendor_session,raw_file_present,data/raw/databento/opra_spxw_cbbo_1m;data/raw/databento/opra_spxw_definition;data/raw/databento/opra_spxw_ohlcv_1m;data/raw/databento/opra_spxw_statistics;data/vendor/thetadata/index/spx_1m;data/vendor/thetadata/index/vix_1m
2025-01-16,pre_program_oct2024_jun2025,matched_single_rule,raw_vendor_session,raw_file_present,data/raw/databento/opra_spxw_cbbo_1m;data/raw/databento/opra_spxw_definition;data/raw/databento/opra_spxw_ohlcv_1m;data/raw/databento/opra_spxw_statistics;data/vendor/thetadata/index/spx_1m;data/vendor/thetadata/index/vix_1m
2025-01-17,pre_program_oct2024_jun2025,matched_single_rule,raw_vendor_session,raw_file_present,data/raw/databento/opra_spxw_cbbo_1m;data/raw/databento/opra_spxw_definition;data/raw/databento/opra_spxw_ohlcv_1m;data/raw/databento/opra_spxw_statistics;data/vendor/thetadata/index/spx_1m;data/vendor/thetadata/index/vix_1m
2025-01-20,pre_program_oct2024_jun2025,matched_single_rule,raw_vendor_session,raw_file_present,data/vendor/thetadata/index/vix_1m
2025-01-21,pre_program_oct2024_jun2025,matched_single_rule,raw_vendor_session,raw_file_present,data/raw/databento/opra_spxw_cbbo_1m;data/raw/databento/opra_spxw_definition;data/raw/databento/opra_spxw_ohlcv_1m;data/raw/databento/opra_spxw_statistics;data/vendor/thetadata/index/spx_1m;data/vendor/thetadata/index/vix_1m
2025-01-22,pre_program_oct2024_jun2025,matched_single_rule,raw_vendor_session,raw_file_present,data/raw/databento/opra_spxw_cbbo_1m;data/raw/databento/opra_spxw_definition;data/raw/databento/opra_spxw_ohlcv_1m;data/raw/databento/opra_spxw_statistics;data/vendor/thetadata/index/spx_1m;data/vendor/thetadata/index/vix_1m
2025-01-23,pre_program_oct2024_jun2025,matched_single_rule,raw_vendor_session,raw_file_present,data/raw/databento/opra_spxw_cbbo_1m;data/raw/databento/opra_spxw_definition;data/raw/databento/opra_spxw_ohlcv_1m;data/raw/databento/opra_spxw_statistics;data/vendor/thetadata/index/spx_1m;data/vendor/thetadata/index/vix_1m
2025-01-24,pre_program_oct2024_jun2025,matched_single_rule,raw_vendor_session,raw_file_present,data/raw/databento/opra_spxw_cbbo_1m;data/raw/databento/opra_spxw_definition;data/raw/databento/opra_spxw_ohlcv_1m;data/raw/databento/opra_spxw_statistics;data/vendor/thetadata/index/spx_1m;data/vendor/thetadata/index/vix_1m
2025-01-27,pre_program_oct2024_jun2025,matched_single_rule,raw_vendor_session,raw_file_present,data/raw/databento/opra_spxw_cbbo_1m;data/raw/databento/opra_spxw_definition;data/raw/databento/opra_spxw_ohlcv_1m;data/raw/databento/opra_spxw_statistics;data/vendor/thetadata/index/spx_1m;data/vendor/thetadata/index/vix_1m
2025-01-28,pre_program_oct2024_jun2025,matched_single_rule,raw_vendor_session,raw_file_present,data/raw/databento/opra_spxw_cbbo_1m;data/raw/databento/opra_spxw_definition;data/raw/databento/opra_spxw_ohlcv_1m;data/raw/databento/opra_spxw_statistics;data/vendor/thetadata/index/spx_1m;data/vendor/thetadata/index/vix_1m
2025-01-29,pre_program_oct2024_jun2025,matched_single_rule,raw_vendor_session,raw_file_present,data/raw/databento/opra_spxw_cbbo_1m;data/raw/databento/opra_spxw_definition;data/raw/databento/opra_spxw_ohlcv_1m;data/raw/databento/opra_spxw_statistics;data/vendor/thetadata/index/spx_1m;data/vendor/thetadata/index/vix_1m
2025-01-30,pre_program_oct2024_jun2025,matched_single_rule,raw_vendor_session,raw_file_present,data/raw/databento/opra_spxw_cbbo_1m;data/raw/databento/opra_spxw_definition;data/raw/databento/opra_spxw_ohlcv_1m;data/raw/databento/opra_spxw_statistics;data/vendor/thetadata/index/spx_1m;data/vendor/thetadata/index/vix_1m
2025-01-31,pre_program_oct2024_jun2025,matched_single_rule,raw_vendor_session,raw_file_present,data/raw/databento/opra_spxw_cbbo_1m;data/raw/databento/opra_spxw_definition;data/raw/databento/opra_spxw_ohlcv_1m;data/raw/databento/opra_spxw_statistics;data/vendor/thetadata/index/spx_1m;data/vendor/thetadata/index/vix_1m
2025-02-03,pre_program_oct2024_jun2025,matched_single_rule,raw_vendor_session,raw_file_present,data/raw/databento/opra_spxw_cbbo_1m;data/raw/databento/opra_spxw_definition;data/raw/databento/opra_spxw_ohlcv_1m;data/raw/databento/opra_spxw_statistics;data/vendor/thetadata/index/spx_1m;data/vendor/thetadata/index/vix_1m
2025-02-04,pre_program_oct2024_jun2025,matched_single_rule,raw_vendor_session,raw_file_present,data/raw/databento/opra_spxw_cbbo_1m;data/raw/databento/opra_spxw_definition;data/raw/databento/opra_spxw_ohlcv_1m;data/raw/databento/opra_spxw_statistics;data/vendor/thetadata/index/spx_1m;data/vendor/thetadata/index/vix_1m
2025-02-05,pre_program_oct2024_jun2025,matched_single_rule,raw_vendor_session,raw_file_present,data/raw/databento/opra_spxw_cbbo_1m;data/raw/databento/opra_spxw_definition;data/raw/databento/opra_spxw_ohlcv_1m;data/raw/databento/opra_spxw_statistics;data/vendor/thetadata/index/spx_1m;data/vendor/thetadata/index/vix_1m
2025-02-06,pre_program_oct2024_jun2025,matched_single_rule,raw_vendor_session,raw_file_present,data/raw/databento/opra_spxw_cbbo_1m;data/raw/databento/opra_spxw_definition;data/raw/databento/opra_spxw_ohlcv_1m;data/raw/databento/opra_spxw_statistics;data/vendor/thetadata/index/spx_1m;data/vendor/thetadata/index/vix_1m
2025-02-07,pre_program_oct2024_jun2025,matched_single_rule,raw_vendor_session,raw_file_present,data/raw/databento/opra_spxw_cbbo_1m;data/raw/databento/opra_spxw_definition;data/raw/databento/opra_spxw_ohlcv_1m;data/raw/databento/opra_spxw_statistics;data/vendor/thetadata/index/spx_1m;data/vendor/thetadata/index/vix_1m
2025-02-10,pre_program_oct2024_jun2025,matched_single_rule,raw_vendor_session,raw_file_present,data/raw/databento/opra_spxw_cbbo_1m;data/raw/databento/opra_spxw_definition;data/raw/databento/opra_spxw_ohlcv_1m;data/raw/databento/opra_spxw_statistics;data/vendor/thetadata/index/spx_1m;data/vendor/thetadata/index/vix_1m
2025-02-11,pre_program_oct2024_jun2025,matched_single_rule,raw_vendor_session,raw_file_present,data/raw/databento/opra_spxw_cbbo_1m;data/raw/databento/opra_spxw_definition;data/raw/databento/opra_spxw_ohlcv_1m;data/raw/databento/opra_spxw_statistics;data/vendor/thetadata/index/spx_1m;data/vendor/thetadata/index/vix_1m
2025-02-12,pre_program_oct2024_jun2025,matched_single_rule,raw_vendor_session,raw_file_present,data/raw/databento/opra_spxw_cbbo_1m;data/raw/databento/opra_spxw_definition;data/raw/databento/opra_spxw_ohlcv_1m;data/raw/databento/opra_spxw_statistics;data/vendor/thetadata/index/spx_1m;data/vendor/thetadata/index/vix_1m
2025-02-13,pre_program_oct2024_jun2025,matched_single_rule,raw_vendor_session,raw_file_present,data/raw/databento/opra_spxw_cbbo_1m;data/raw/databento/opra_spxw_definition;data/raw/databento/opra_spxw_ohlcv_1m;data/raw/databento/opra_spxw_statistics;data/vendor/thetadata/index/spx_1m;data/vendor/thetadata/index/vix_1m
2025-02-14,pre_program_oct2024_jun2025,matched_single_rule,raw_vendor_session,raw_file_present,data/raw/databento/opra_spxw_cbbo_1m;data/raw/databento/opra_spxw_definition;data/raw/databento/opra_spxw_ohlcv_1m;data/raw/databento/opra_spxw_statistics;data/vendor/thetadata/index/spx_1m;data/vendor/thetadata/index/vix_1m
2025-02-17,pre_program_oct2024_jun2025,matched_single_rule,raw_vendor_session,raw_file_present,data/vendor/thetadata/index/vix_1m
2025-02-18,pre_program_oct2024_jun2025,matched_single_rule,raw_vendor_session,raw_file_present,data/raw/databento/opra_spxw_cbbo_1m;data/raw/databento/opra_spxw_definition;data/raw/databento/opra_spxw_ohlcv_1m;data/raw/databento/opra_spxw_statistics;data/vendor/thetadata/index/spx_1m;data/vendor/thetadata/index/vix_1m
2025-02-19,pre_program_oct2024_jun2025,matched_single_rule,raw_vendor_session,raw_file_present,data/raw/databento/opra_spxw_cbbo_1m;data/raw/databento/opra_spxw_definition;data/raw/databento/opra_spxw_ohlcv_1m;data/raw/databento/opra_spxw_statistics;data/vendor/thetadata/index/spx_1m;data/vendor/thetadata/index/vix_1m
2025-02-20,pre_program_oct2024_jun2025,matched_single_rule,raw_vendor_session,raw_file_present,data/raw/databento/opra_spxw_cbbo_1m;data/raw/databento/opra_spxw_definition;data/raw/databento/opra_spxw_ohlcv_1m;data/raw/databento/opra_spxw_statistics;data/vendor/thetadata/index/spx_1m;data/vendor/thetadata/index/vix_1m
2025-02-21,pre_program_oct2024_jun2025,matched_single_rule,raw_vendor_session,raw_file_present,data/raw/databento/opra_spxw_cbbo_1m;data/raw/databento/opra_spxw_definition;data/raw/databento/opra_spxw_ohlcv_1m;data/raw/databento/opra_spxw_statistics;data/vendor/thetadata/index/spx_1m;data/vendor/thetadata/index/vix_1m
2025-02-24,pre_program_oct2024_jun2025,matched_single_rule,raw_vendor_session,raw_file_present,data/raw/databento/opra_spxw_cbbo_1m;data/raw/databento/opra_spxw_definition;data/raw/databento/opra_spxw_ohlcv_1m;data/raw/databento/opra_spxw_statistics;data/vendor/thetadata/index/spx_1m;data/vendor/thetadata/index/vix_1m
2025-02-25,pre_program_oct2024_jun2025,matched_single_rule,raw_vendor_session,raw_file_present,data/raw/databento/opra_spxw_cbbo_1m;data/raw/databento/opra_spxw_definition;data/raw/databento/opra_spxw_ohlcv_1m;data/raw/databento/opra_spxw_statistics;data/vendor/thetadata/index/spx_1m;data/vendor/thetadata/index/vix_1m
2025-02-26,pre_program_oct2024_jun2025,matched_single_rule,raw_vendor_session,raw_file_present,data/raw/databento/opra_spxw_cbbo_1m;data/raw/databento/opra_spxw_definition;data/raw/databento/opra_spxw_ohlcv_1m;data/raw/databento/opra_spxw_statistics;data/vendor/thetadata/index/spx_1m;data/vendor/thetadata/index/vix_1m
2025-02-27,pre_program_oct2024_jun2025,matched_single_rule,raw_vendor_session,raw_file_present,data/raw/databento/opra_spxw_cbbo_1m;data/raw/databento/opra_spxw_definition;data/raw/databento/opra_spxw_ohlcv_1m;data/raw/databento/opra_spxw_statistics;data/vendor/thetadata/index/spx_1m;data/vendor/thetadata/index/vix_1m
2025-02-28,pre_program_oct2024_jun2025,matched_single_rule,raw_vendor_session,raw_file_present,data/raw/databento/opra_spxw_cbbo_1m;data/raw/databento/opra_spxw_definition;data/raw/databento/opra_spxw_ohlcv_1m;data/raw/databento/opra_spxw_statistics;data/vendor/thetadata/index/spx_1m;data/vendor/thetadata/index/vix_1m
2025-03-03,pre_program_oct2024_jun2025,matched_single_rule,raw_vendor_session,raw_file_present,data/raw/databento/opra_spxw_cbbo_1m;data/raw/databento/opra_spxw_definition;data/raw/databento/opra_spxw_ohlcv_1m;data/raw/databento/opra_spxw_statistics;data/vendor/thetadata/index/spx_1m;data/vendor/thetadata/index/vix_1m
2025-03-04,pre_program_oct2024_jun2025,matched_single_rule,raw_vendor_session,raw_file_present,data/raw/databento/opra_spxw_cbbo_1m;data/raw/databento/opra_spxw_definition;data/raw/databento/opra_spxw_ohlcv_1m;data/raw/databento/opra_spxw_statistics;data/vendor/thetadata/index/spx_1m;data/vendor/thetadata/index/vix_1m
2025-03-05,pre_program_oct2024_jun2025,matched_single_rule,raw_vendor_session,raw_file_present,data/raw/databento/opra_spxw_cbbo_1m;data/raw/databento/opra_spxw_definition;data/raw/databento/opra_spxw_ohlcv_1m;data/raw/databento/opra_spxw_statistics;data/vendor/thetadata/index/spx_1m;data/vendor/thetadata/index/vix_1m
2025-03-06,pre_program_oct2024_jun2025,matched_single_rule,raw_vendor_session,raw_file_present,data/raw/databento/opra_spxw_cbbo_1m;data/raw/databento/opra_spxw_definition;data/raw/databento/opra_spxw_ohlcv_1m;data/raw/databento/opra_spxw_statistics;data/vendor/thetadata/index/spx_1m;data/vendor/thetadata/index/vix_1m
2025-03-07,pre_program_oct2024_jun2025,matched_single_rule,raw_vendor_session,raw_file_present,data/raw/databento/opra_spxw_cbbo_1m;data/raw/databento/opra_spxw_definition;data/raw/databento/opra_spxw_ohlcv_1m;data/raw/databento/opra_spxw_statistics;data/vendor/thetadata/index/spx_1m;data/vendor/thetadata/index/vix_1m
2025-03-10,pre_program_oct2024_jun2025,matched_single_rule,raw_vendor_session,raw_file_present,data/raw/databento/opra_spxw_cbbo_1m;data/raw/databento/opra_spxw_definition;data/raw/databento/opra_spxw_ohlcv_1m;data/raw/databento/opra_spxw_statistics;data/vendor/thetadata/index/spx_1m;data/vendor/thetadata/index/vix_1m
2025-03-11,pre_program_oct2024_jun2025,matched_single_rule,raw_vendor_session,raw_file_present,data/raw/databento/opra_spxw_cbbo_1m;data/raw/databento/opra_spxw_definition;data/raw/databento/opra_spxw_ohlcv_1m;data/raw/databento/opra_spxw_statistics;data/vendor/thetadata/index/spx_1m;data/vendor/thetadata/index/vix_1m
2025-03-12,pre_program_oct2024_jun2025,matched_single_rule,raw_vendor_session,raw_file_present,data/raw/databento/opra_spxw_cbbo_1m;data/raw/databento/opra_spxw_definition;data/raw/databento/opra_spxw_ohlcv_1m;data/raw/databento/opra_spxw_statistics;data/vendor/thetadata/index/spx_1m;data/vendor/thetadata/index/vix_1m
2025-03-13,pre_program_oct2024_jun2025,matched_single_rule,raw_vendor_session,raw_file_present,data/raw/databento/opra_spxw_cbbo_1m;data/raw/databento/opra_spxw_definition;data/raw/databento/opra_spxw_ohlcv_1m;data/raw/databento/opra_spxw_statistics;data/vendor/thetadata/index/spx_1m;data/vendor/thetadata/index/vix_1m
2025-03-14,pre_program_oct2024_jun2025,matched_single_rule,raw_vendor_session,raw_file_present,data/raw/databento/opra_spxw_cbbo_1m;data/raw/databento/opra_spxw_definition;data/raw/databento/opra_spxw_ohlcv_1m;data/raw/databento/opra_spxw_statistics;data/vendor/thetadata/index/spx_1m;data/vendor/thetadata/index/vix_1m
2025-03-17,pre_program_oct2024_jun2025,matched_single_rule,raw_vendor_session,raw_file_present,data/raw/databento/opra_spxw_cbbo_1m;data/raw/databento/opra_spxw_definition;data/raw/databento/opra_spxw_ohlcv_1m;data/raw/databento/opra_spxw_statistics;data/vendor/thetadata/index/spx_1m;data/vendor/thetadata/index/vix_1m
2025-03-18,pre_program_oct2024_jun2025,matched_single_rule,raw_vendor_session,raw_file_present,data/raw/databento/opra_spxw_cbbo_1m;data/raw/databento/opra_spxw_definition;data/raw/databento/opra_spxw_ohlcv_1m;data/raw/databento/opra_spxw_statistics;data/vendor/thetadata/index/spx_1m;data/vendor/thetadata/index/vix_1m
2025-03-19,pre_program_oct2024_jun2025,matched_single_rule,raw_vendor_session,raw_file_present,data/raw/databento/opra_spxw_cbbo_1m;data/raw/databento/opra_spxw_definition;data/raw/databento/opra_spxw_ohlcv_1m;data/raw/databento/opra_spxw_statistics;data/vendor/thetadata/index/spx_1m;data/vendor/thetadata/index/vix_1m
2025-03-20,pre_program_oct2024_jun2025,matched_single_rule,raw_vendor_session,raw_file_present,data/raw/databento/opra_spxw_cbbo_1m;data/raw/databento/opra_spxw_definition;data/raw/databento/opra_spxw_ohlcv_1m;data/raw/databento/opra_spxw_statistics;data/vendor/thetadata/index/spx_1m;data/vendor/thetadata/index/vix_1m
2025-03-21,pre_program_oct2024_jun2025,matched_single_rule,raw_vendor_session,raw_file_present,data/raw/databento/opra_spxw_cbbo_1m;data/raw/databento/opra_spxw_definition;data/raw/databento/opra_spxw_ohlcv_1m;data/raw/databento/opra_spxw_statistics;data/vendor/thetadata/index/spx_1m;data/vendor/thetadata/index/vix_1m
2025-03-24,pre_program_oct2024_jun2025,matched_single_rule,raw_vendor_session,raw_file_present,data/raw/databento/opra_spxw_cbbo_1m;data/raw/databento/opra_spxw_definition;data/raw/databento/opra_spxw_ohlcv_1m;data/raw/databento/opra_spxw_statistics;data/vendor/thetadata/index/spx_1m;data/vendor/thetadata/index/vix_1m
2025-03-25,pre_program_oct2024_jun2025,matched_single_rule,raw_vendor_session,raw_file_present,data/raw/databento/opra_spxw_cbbo_1m;data/raw/databento/opra_spxw_definition;data/raw/databento/opra_spxw_ohlcv_1m;data/raw/databento/opra_spxw_statistics;data/vendor/thetadata/index/spx_1m;data/vendor/thetadata/index/vix_1m
2025-03-26,pre_program_oct2024_jun2025,matched_single_rule,raw_vendor_session,raw_file_present,data/raw/databento/opra_spxw_cbbo_1m;data/raw/databento/opra_spxw_definition;data/raw/databento/opra_spxw_ohlcv_1m;data/raw/databento/opra_spxw_statistics;data/vendor/thetadata/index/spx_1m;data/vendor/thetadata/index/vix_1m
2025-03-27,pre_program_oct2024_jun2025,matched_single_rule,raw_vendor_session,raw_file_present,data/raw/databento/opra_spxw_cbbo_1m;data/raw/databento/opra_spxw_definition;data/raw/databento/opra_spxw_ohlcv_1m;data/raw/databento/opra_spxw_statistics;data/vendor/thetadata/index/spx_1m;data/vendor/thetadata/index/vix_1m
2025-03-28,pre_program_oct2024_jun2025,matched_single_rule,raw_vendor_session,raw_file_present,data/raw/databento/opra_spxw_cbbo_1m;data/raw/databento/opra_spxw_definition;data/raw/databento/opra_spxw_ohlcv_1m;data/raw/databento/opra_spxw_statistics;data/vendor/thetadata/index/spx_1m;data/vendor/thetadata/index/vix_1m
2025-03-31,pre_program_oct2024_jun2025,matched_single_rule,raw_vendor_session,raw_file_present,data/raw/databento/opra_spxw_cbbo_1m;data/raw/databento/opra_spxw_definition;data/raw/databento/opra_spxw_ohlcv_1m;data/raw/databento/opra_spxw_statistics;data/vendor/thetadata/index/spx_1m;data/vendor/thetadata/index/vix_1m
2025-04-01,pre_program_oct2024_jun2025,matched_single_rule,raw_vendor_session,raw_file_present,data/raw/databento/opra_spxw_cbbo_1m;data/raw/databento/opra_spxw_definition;data/raw/databento/opra_spxw_ohlcv_1m;data/raw/databento/opra_spxw_statistics;data/vendor/thetadata/index/spx_1m;data/vendor/thetadata/index/vix_1m
2025-04-02,pre_program_oct2024_jun2025,matched_single_rule,raw_vendor_session,raw_file_present,data/raw/databento/opra_spxw_cbbo_1m;data/raw/databento/opra_spxw_definition;data/raw/databento/opra_spxw_ohlcv_1m;data/raw/databento/opra_spxw_statistics;data/vendor/thetadata/index/spx_1m;data/vendor/thetadata/index/vix_1m
2025-04-03,pre_program_oct2024_jun2025,matched_single_rule,raw_vendor_session,raw_file_present,data/raw/databento/opra_spxw_cbbo_1m;data/raw/databento/opra_spxw_definition;data/raw/databento/opra_spxw_ohlcv_1m;data/raw/databento/opra_spxw_statistics;data/vendor/thetadata/index/spx_1m;data/vendor/thetadata/index/vix_1m
2025-04-04,pre_program_oct2024_jun2025,matched_single_rule,raw_vendor_session,raw_file_present,data/raw/databento/opra_spxw_cbbo_1m;data/raw/databento/opra_spxw_definition;data/raw/databento/opra_spxw_ohlcv_1m;data/raw/databento/opra_spxw_statistics;data/vendor/thetadata/index/spx_1m;data/vendor/thetadata/index/vix_1m
2025-04-07,pre_program_oct2024_jun2025,matched_single_rule,raw_vendor_session,raw_file_present,data/raw/databento/opra_spxw_cbbo_1m;data/raw/databento/opra_spxw_definition;data/raw/databento/opra_spxw_ohlcv_1m;data/raw/databento/opra_spxw_statistics;data/vendor/thetadata/index/spx_1m;data/vendor/thetadata/index/vix_1m
2025-04-08,pre_program_oct2024_jun2025,matched_single_rule,raw_vendor_session,raw_file_present,data/raw/databento/opra_spxw_cbbo_1m;data/raw/databento/opra_spxw_definition;data/raw/databento/opra_spxw_ohlcv_1m;data/raw/databento/opra_spxw_statistics;data/vendor/thetadata/index/spx_1m;data/vendor/thetadata/index/vix_1m
2025-04-09,pre_program_oct2024_jun2025,matched_single_rule,raw_vendor_session,raw_file_present,data/raw/databento/opra_spxw_cbbo_1m;data/raw/databento/opra_spxw_definition;data/raw/databento/opra_spxw_ohlcv_1m;data/raw/databento/opra_spxw_statistics;data/vendor/thetadata/index/spx_1m;data/vendor/thetadata/index/vix_1m
2025-04-10,pre_program_oct2024_jun2025,matched_single_rule,raw_vendor_session,raw_file_present,data/raw/databento/opra_spxw_cbbo_1m;data/raw/databento/opra_spxw_definition;data/raw/databento/opra_spxw_ohlcv_1m;data/raw/databento/opra_spxw_statistics;data/vendor/thetadata/index/spx_1m;data/vendor/thetadata/index/vix_1m
2025-04-11,pre_program_oct2024_jun2025,matched_single_rule,raw_vendor_session,raw_file_present,data/raw/databento/opra_spxw_cbbo_1m;data/raw/databento/opra_spxw_definition;data/raw/databento/opra_spxw_ohlcv_1m;data/raw/databento/opra_spxw_statistics;data/vendor/thetadata/index/spx_1m;data/vendor/thetadata/index/vix_1m
2025-04-14,pre_program_oct2024_jun2025,matched_single_rule,raw_vendor_session,raw_file_present,data/raw/databento/opra_spxw_cbbo_1m;data/raw/databento/opra_spxw_definition;data/raw/databento/opra_spxw_ohlcv_1m;data/raw/databento/opra_spxw_statistics;data/vendor/thetadata/index/spx_1m;data/vendor/thetadata/index/vix_1m
2025-04-15,pre_program_oct2024_jun2025,matched_single_rule,raw_vendor_session,raw_file_present,data/raw/databento/opra_spxw_cbbo_1m;data/raw/databento/opra_spxw_definition;data/raw/databento/opra_spxw_ohlcv_1m;data/raw/databento/opra_spxw_statistics;data/vendor/thetadata/index/spx_1m;data/vendor/thetadata/index/vix_1m
2025-04-16,pre_program_oct2024_jun2025,matched_single_rule,raw_vendor_session,raw_file_present,data/raw/databento/opra_spxw_cbbo_1m;data/raw/databento/opra_spxw_definition;data/raw/databento/opra_spxw_ohlcv_1m;data/raw/databento/opra_spxw_statistics;data/vendor/thetadata/index/spx_1m;data/vendor/thetadata/index/vix_1m
2025-04-17,pre_program_oct2024_jun2025,matched_single_rule,raw_vendor_session,raw_file_present,data/raw/databento/opra_spxw_cbbo_1m;data/raw/databento/opra_spxw_definition;data/raw/databento/opra_spxw_ohlcv_1m;data/raw/databento/opra_spxw_statistics;data/vendor/thetadata/index/spx_1m;data/vendor/thetadata/index/vix_1m
2025-04-21,pre_program_oct2024_jun2025,matched_single_rule,raw_vendor_session,raw_file_present,data/raw/databento/opra_spxw_cbbo_1m;data/raw/databento/opra_spxw_definition;data/raw/databento/opra_spxw_ohlcv_1m;data/raw/databento/opra_spxw_statistics;data/vendor/thetadata/index/spx_1m;data/vendor/thetadata/index/vix_1m
2025-04-22,pre_program_oct2024_jun2025,matched_single_rule,raw_vendor_session,raw_file_present,data/raw/databento/opra_spxw_cbbo_1m;data/raw/databento/opra_spxw_definition;data/raw/databento/opra_spxw_ohlcv_1m;data/raw/databento/opra_spxw_statistics;data/vendor/thetadata/index/spx_1m;data/vendor/thetadata/index/vix_1m
2025-04-23,pre_program_oct2024_jun2025,matched_single_rule,raw_vendor_session,raw_file_present,data/raw/databento/opra_spxw_cbbo_1m;data/raw/databento/opra_spxw_definition;data/raw/databento/opra_spxw_ohlcv_1m;data/raw/databento/opra_spxw_statistics;data/vendor/thetadata/index/spx_1m;data/vendor/thetadata/index/vix_1m
2025-04-24,pre_program_oct2024_jun2025,matched_single_rule,raw_vendor_session,raw_file_present,data/raw/databento/opra_spxw_cbbo_1m;data/raw/databento/opra_spxw_definition;data/raw/databento/opra_spxw_ohlcv_1m;data/raw/databento/opra_spxw_statistics;data/vendor/thetadata/index/spx_1m;data/vendor/thetadata/index/vix_1m
2025-04-25,pre_program_oct2024_jun2025,matched_single_rule,raw_vendor_session,raw_file_present,data/raw/databento/opra_spxw_cbbo_1m;data/raw/databento/opra_spxw_definition;data/raw/databento/opra_spxw_ohlcv_1m;data/raw/databento/opra_spxw_statistics;data/vendor/thetadata/index/spx_1m;data/vendor/thetadata/index/vix_1m
2025-04-28,pre_program_oct2024_jun2025,matched_single_rule,raw_vendor_session,raw_file_present,data/raw/databento/opra_spxw_cbbo_1m;data/raw/databento/opra_spxw_definition;data/raw/databento/opra_spxw_ohlcv_1m;data/raw/databento/opra_spxw_statistics;data/vendor/thetadata/index/spx_1m;data/vendor/thetadata/index/vix_1m
2025-04-29,pre_program_oct2024_jun2025,matched_single_rule,raw_vendor_session,raw_file_present,data/raw/databento/opra_spxw_cbbo_1m;data/raw/databento/opra_spxw_definition;data/raw/databento/opra_spxw_ohlcv_1m;data/raw/databento/opra_spxw_statistics;data/vendor/thetadata/index/spx_1m;data/vendor/thetadata/index/vix_1m
2025-04-30,pre_program_oct2024_jun2025,matched_single_rule,raw_vendor_session,raw_file_present,data/raw/databento/opra_spxw_cbbo_1m;data/raw/databento/opra_spxw_definition;data/raw/databento/opra_spxw_ohlcv_1m;data/raw/databento/opra_spxw_statistics;data/vendor/thetadata/index/spx_1m;data/vendor/thetadata/index/vix_1m
2025-05-01,pre_program_oct2024_jun2025,matched_single_rule,raw_vendor_session,raw_file_present,data/raw/databento/opra_spxw_cbbo_1m;data/raw/databento/opra_spxw_definition;data/raw/databento/opra_spxw_ohlcv_1m;data/raw/databento/opra_spxw_statistics;data/vendor/thetadata/index/spx_1m;data/vendor/thetadata/index/vix_1m
2025-05-02,pre_program_oct2024_jun2025,matched_single_rule,raw_vendor_session,raw_file_present,data/raw/databento/opra_spxw_cbbo_1m;data/raw/databento/opra_spxw_definition;data/raw/databento/opra_spxw_ohlcv_1m;data/raw/databento/opra_spxw_statistics;data/vendor/thetadata/index/spx_1m;data/vendor/thetadata/index/vix_1m
2025-05-05,pre_program_oct2024_jun2025,matched_single_rule,raw_vendor_session,raw_file_present,data/raw/databento/opra_spxw_cbbo_1m;data/raw/databento/opra_spxw_definition;data/raw/databento/opra_spxw_ohlcv_1m;data/raw/databento/opra_spxw_statistics;data/vendor/thetadata/index/spx_1m;data/vendor/thetadata/index/vix_1m
2025-05-06,pre_program_oct2024_jun2025,matched_single_rule,raw_vendor_session,raw_file_present,data/raw/databento/opra_spxw_cbbo_1m;data/raw/databento/opra_spxw_definition;data/raw/databento/opra_spxw_ohlcv_1m;data/raw/databento/opra_spxw_statistics;data/vendor/thetadata/index/spx_1m;data/vendor/thetadata/index/vix_1m
2025-05-07,pre_program_oct2024_jun2025,matched_single_rule,raw_vendor_session,raw_file_present,data/raw/databento/opra_spxw_cbbo_1m;data/raw/databento/opra_spxw_definition;data/raw/databento/opra_spxw_ohlcv_1m;data/raw/databento/opra_spxw_statistics;data/vendor/thetadata/index/spx_1m;data/vendor/thetadata/index/vix_1m
2025-05-08,pre_program_oct2024_jun2025,matched_single_rule,raw_vendor_session,raw_file_present,data/raw/databento/opra_spxw_cbbo_1m;data/raw/databento/opra_spxw_definition;data/raw/databento/opra_spxw_ohlcv_1m;data/raw/databento/opra_spxw_statistics;data/vendor/thetadata/index/spx_1m;data/vendor/thetadata/index/vix_1m
2025-05-09,pre_program_oct2024_jun2025,matched_single_rule,raw_vendor_session,raw_file_present,data/raw/databento/opra_spxw_cbbo_1m;data/raw/databento/opra_spxw_definition;data/raw/databento/opra_spxw_ohlcv_1m;data/raw/databento/opra_spxw_statistics;data/vendor/thetadata/index/spx_1m;data/vendor/thetadata/index/vix_1m
2025-05-12,pre_program_oct2024_jun2025,matched_single_rule,raw_vendor_session,raw_file_present,data/raw/databento/opra_spxw_cbbo_1m;data/raw/databento/opra_spxw_definition;data/raw/databento/opra_spxw_ohlcv_1m;data/raw/databento/opra_spxw_statistics;data/vendor/thetadata/index/spx_1m;data/vendor/thetadata/index/vix_1m
2025-05-13,pre_program_oct2024_jun2025,matched_single_rule,raw_vendor_session,raw_file_present,data/raw/databento/opra_spxw_cbbo_1m;data/raw/databento/opra_spxw_definition;data/raw/databento/opra_spxw_ohlcv_1m;data/raw/databento/opra_spxw_statistics;data/vendor/thetadata/index/spx_1m;data/vendor/thetadata/index/vix_1m
2025-05-14,pre_program_oct2024_jun2025,matched_single_rule,raw_vendor_session,raw_file_present,data/raw/databento/opra_spxw_cbbo_1m;data/raw/databento/opra_spxw_definition;data/raw/databento/opra_spxw_ohlcv_1m;data/raw/databento/opra_spxw_statistics;data/vendor/thetadata/index/spx_1m;data/vendor/thetadata/index/vix_1m
2025-05-15,pre_program_oct2024_jun2025,matched_single_rule,raw_vendor_session,raw_file_present,data/raw/databento/opra_spxw_cbbo_1m;data/raw/databento/opra_spxw_definition;data/raw/databento/opra_spxw_ohlcv_1m;data/raw/databento/opra_spxw_statistics;data/vendor/thetadata/index/spx_1m;data/vendor/thetadata/index/vix_1m
2025-05-16,pre_program_oct2024_jun2025,matched_single_rule,raw_vendor_session,raw_file_present,data/raw/databento/opra_spxw_cbbo_1m;data/raw/databento/opra_spxw_definition;data/raw/databento/opra_spxw_ohlcv_1m;data/raw/databento/opra_spxw_statistics;data/vendor/thetadata/index/spx_1m;data/vendor/thetadata/index/vix_1m
2025-05-19,pre_program_oct2024_jun2025,matched_single_rule,raw_vendor_session,raw_file_present,data/raw/databento/opra_spxw_cbbo_1m;data/raw/databento/opra_spxw_definition;data/raw/databento/opra_spxw_ohlcv_1m;data/raw/databento/opra_spxw_statistics;data/vendor/thetadata/index/spx_1m;data/vendor/thetadata/index/vix_1m
2025-05-20,pre_program_oct2024_jun2025,matched_single_rule,raw_vendor_session,raw_file_present,data/raw/databento/opra_spxw_cbbo_1m;data/raw/databento/opra_spxw_definition;data/raw/databento/opra_spxw_ohlcv_1m;data/raw/databento/opra_spxw_statistics;data/vendor/thetadata/index/spx_1m;data/vendor/thetadata/index/vix_1m
2025-05-21,pre_program_oct2024_jun2025,matched_single_rule,raw_vendor_session,raw_file_present,data/raw/databento/opra_spxw_cbbo_1m;data/raw/databento/opra_spxw_definition;data/raw/databento/opra_spxw_ohlcv_1m;data/raw/databento/opra_spxw_statistics;data/vendor/thetadata/index/spx_1m;data/vendor/thetadata/index/vix_1m
2025-05-22,pre_program_oct2024_jun2025,matched_single_rule,raw_vendor_session,raw_file_present,data/raw/databento/opra_spxw_cbbo_1m;data/raw/databento/opra_spxw_definition;data/raw/databento/opra_spxw_ohlcv_1m;data/raw/databento/opra_spxw_statistics;data/vendor/thetadata/index/spx_1m;data/vendor/thetadata/index/vix_1m
2025-05-23,pre_program_oct2024_jun2025,matched_single_rule,raw_vendor_session,raw_file_present,data/raw/databento/opra_spxw_cbbo_1m;data/raw/databento/opra_spxw_definition;data/raw/databento/opra_spxw_ohlcv_1m;data/raw/databento/opra_spxw_statistics;data/vendor/thetadata/index/spx_1m;data/vendor/thetadata/index/vix_1m
2025-05-26,pre_program_oct2024_jun2025,matched_single_rule,raw_vendor_session,raw_file_present,data/vendor/thetadata/index/vix_1m
2025-05-27,pre_program_oct2024_jun2025,matched_single_rule,raw_vendor_session,raw_file_present,data/raw/databento/opra_spxw_cbbo_1m;data/raw/databento/opra_spxw_definition;data/raw/databento/opra_spxw_ohlcv_1m;data/raw/databento/opra_spxw_statistics;data/vendor/thetadata/index/spx_1m;data/vendor/thetadata/index/vix_1m
2025-05-28,pre_program_oct2024_jun2025,matched_single_rule,raw_vendor_session,raw_file_present,data/raw/databento/opra_spxw_cbbo_1m;data/raw/databento/opra_spxw_definition;data/raw/databento/opra_spxw_ohlcv_1m;data/raw/databento/opra_spxw_statistics;data/vendor/thetadata/index/spx_1m;data/vendor/thetadata/index/vix_1m
2025-05-29,pre_program_oct2024_jun2025,matched_single_rule,raw_vendor_session,raw_file_present,data/raw/databento/opra_spxw_cbbo_1m;data/raw/databento/opra_spxw_definition;data/raw/databento/opra_spxw_ohlcv_1m;data/raw/databento/opra_spxw_statistics;data/vendor/thetadata/index/spx_1m;data/vendor/thetadata/index/vix_1m
2025-05-30,pre_program_oct2024_jun2025,matched_single_rule,raw_vendor_session,raw_file_present,data/raw/databento/opra_spxw_cbbo_1m;data/raw/databento/opra_spxw_definition;data/raw/databento/opra_spxw_ohlcv_1m;data/raw/databento/opra_spxw_statistics;data/vendor/thetadata/index/spx_1m;data/vendor/thetadata/index/vix_1m
2025-06-02,pre_program_oct2024_jun2025,matched_single_rule,raw_vendor_session,raw_file_present,data/raw/databento/opra_spxw_cbbo_1m;data/raw/databento/opra_spxw_definition;data/raw/databento/opra_spxw_ohlcv_1m;data/raw/databento/opra_spxw_statistics;data/vendor/thetadata/index/spx_1m;data/vendor/thetadata/index/vix_1m
2025-06-03,pre_program_oct2024_jun2025,matched_single_rule,raw_vendor_session,raw_file_present,data/raw/databento/opra_spxw_cbbo_1m;data/raw/databento/opra_spxw_definition;data/raw/databento/opra_spxw_ohlcv_1m;data/raw/databento/opra_spxw_statistics;data/vendor/thetadata/index/spx_1m;data/vendor/thetadata/index/vix_1m
2025-06-04,pre_program_oct2024_jun2025,matched_single_rule,raw_vendor_session,raw_file_present,data/raw/databento/opra_spxw_cbbo_1m;data/raw/databento/opra_spxw_definition;data/raw/databento/opra_spxw_ohlcv_1m;data/raw/databento/opra_spxw_statistics;data/vendor/thetadata/index/spx_1m;data/vendor/thetadata/index/vix_1m
2025-06-05,pre_program_oct2024_jun2025,matched_single_rule,raw_vendor_session,raw_file_present,data/raw/databento/opra_spxw_cbbo_1m;data/raw/databento/opra_spxw_definition;data/raw/databento/opra_spxw_ohlcv_1m;data/raw/databento/opra_spxw_statistics;data/vendor/thetadata/index/spx_1m;data/vendor/thetadata/index/vix_1m
2025-06-06,pre_program_oct2024_jun2025,matched_single_rule,raw_vendor_session,raw_file_present,data/raw/databento/opra_spxw_cbbo_1m;data/raw/databento/opra_spxw_definition;data/raw/databento/opra_spxw_ohlcv_1m;data/raw/databento/opra_spxw_statistics;data/vendor/thetadata/index/spx_1m;data/vendor/thetadata/index/vix_1m
2025-06-09,pre_program_oct2024_jun2025,matched_single_rule,raw_vendor_session,raw_file_present,data/raw/databento/opra_spxw_cbbo_1m;data/raw/databento/opra_spxw_definition;data/raw/databento/opra_spxw_ohlcv_1m;data/raw/databento/opra_spxw_statistics;data/vendor/thetadata/index/spx_1m;data/vendor/thetadata/index/vix_1m
2025-06-10,pre_program_oct2024_jun2025,matched_single_rule,raw_vendor_session,raw_file_present,data/raw/databento/opra_spxw_cbbo_1m;data/raw/databento/opra_spxw_definition;data/raw/databento/opra_spxw_ohlcv_1m;data/raw/databento/opra_spxw_statistics;data/vendor/thetadata/index/spx_1m;data/vendor/thetadata/index/vix_1m
2025-06-11,pre_program_oct2024_jun2025,matched_single_rule,raw_vendor_session,raw_file_present,data/raw/databento/opra_spxw_cbbo_1m;data/raw/databento/opra_spxw_definition;data/raw/databento/opra_spxw_ohlcv_1m;data/raw/databento/opra_spxw_statistics;data/vendor/thetadata/index/spx_1m;data/vendor/thetadata/index/vix_1m
2025-06-12,pre_program_oct2024_jun2025,matched_single_rule,raw_vendor_session,raw_file_present,data/raw/databento/opra_spxw_cbbo_1m;data/raw/databento/opra_spxw_definition;data/raw/databento/opra_spxw_ohlcv_1m;data/raw/databento/opra_spxw_statistics;data/vendor/thetadata/index/spx_1m;data/vendor/thetadata/index/vix_1m
2025-06-13,pre_program_oct2024_jun2025,matched_single_rule,raw_vendor_session,raw_file_present,data/raw/databento/opra_spxw_cbbo_1m;data/raw/databento/opra_spxw_definition;data/raw/databento/opra_spxw_ohlcv_1m;data/raw/databento/opra_spxw_statistics;data/vendor/thetadata/index/spx_1m;data/vendor/thetadata/index/vix_1m
2025-06-16,pre_program_oct2024_jun2025,matched_single_rule,raw_vendor_session,raw_file_present,data/raw/databento/opra_spxw_cbbo_1m;data/raw/databento/opra_spxw_definition;data/raw/databento/opra_spxw_ohlcv_1m;data/raw/databento/opra_spxw_statistics;data/vendor/thetadata/index/spx_1m;data/vendor/thetadata/index/vix_1m
2025-06-17,pre_program_oct2024_jun2025,matched_single_rule,raw_vendor_session,raw_file_present,data/raw/databento/opra_spxw_cbbo_1m;data/raw/databento/opra_spxw_definition;data/raw/databento/opra_spxw_ohlcv_1m;data/raw/databento/opra_spxw_statistics;data/vendor/thetadata/index/spx_1m;data/vendor/thetadata/index/vix_1m
2025-06-18,pre_program_oct2024_jun2025,matched_single_rule,raw_vendor_session,raw_file_present,data/raw/databento/opra_spxw_cbbo_1m;data/raw/databento/opra_spxw_definition;data/raw/databento/opra_spxw_ohlcv_1m;data/raw/databento/opra_spxw_statistics;data/vendor/thetadata/index/spx_1m;data/vendor/thetadata/index/vix_1m
2025-06-19,pre_program_oct2024_jun2025,matched_single_rule,raw_vendor_session,raw_file_present,data/vendor/thetadata/index/vix_1m
2025-06-20,pre_program_oct2024_jun2025,matched_single_rule,raw_vendor_session,raw_file_present,data/raw/databento/opra_spxw_cbbo_1m;data/raw/databento/opra_spxw_definition;data/raw/databento/opra_spxw_ohlcv_1m;data/raw/databento/opra_spxw_statistics;data/vendor/thetadata/index/spx_1m;data/vendor/thetadata/index/vix_1m
2025-06-23,pre_program_oct2024_jun2025,matched_single_rule,raw_vendor_session,raw_file_present,data/raw/databento/opra_spxw_cbbo_1m;data/raw/databento/opra_spxw_definition;data/raw/databento/opra_spxw_ohlcv_1m;data/raw/databento/opra_spxw_statistics;data/vendor/thetadata/index/spx_1m;data/vendor/thetadata/index/vix_1m
2025-06-24,pre_program_oct2024_jun2025,matched_single_rule,raw_vendor_session,raw_file_present,data/raw/databento/opra_spxw_cbbo_1m;data/raw/databento/opra_spxw_definition;data/raw/databento/opra_spxw_ohlcv_1m;data/raw/databento/opra_spxw_statistics;data/vendor/thetadata/index/spx_1m;data/vendor/thetadata/index/vix_1m
2025-06-25,pre_program_oct2024_jun2025,matched_single_rule,raw_vendor_session,raw_file_present,data/raw/databento/opra_spxw_cbbo_1m;data/raw/databento/opra_spxw_definition;data/raw/databento/opra_spxw_ohlcv_1m;data/raw/databento/opra_spxw_statistics;data/vendor/thetadata/index/spx_1m;data/vendor/thetadata/index/vix_1m
2025-06-26,pre_program_oct2024_jun2025,matched_single_rule,raw_vendor_session,raw_file_present,data/raw/databento/opra_spxw_cbbo_1m;data/raw/databento/opra_spxw_definition;data/raw/databento/opra_spxw_ohlcv_1m;data/raw/databento/opra_spxw_statistics;data/vendor/thetadata/index/spx_1m;data/vendor/thetadata/index/vix_1m
2025-06-27,pre_program_oct2024_jun2025,matched_single_rule,raw_vendor_session,raw_file_present,data/raw/databento/opra_spxw_cbbo_1m;data/raw/databento/opra_spxw_definition;data/raw/databento/opra_spxw_ohlcv_1m;data/raw/databento/opra_spxw_statistics;data/vendor/thetadata/index/spx_1m;data/vendor/thetadata/index/vix_1m
2025-06-30,pre_program_oct2024_jun2025,matched_single_rule,raw_vendor_session,raw_file_present,data/raw/databento/opra_spxw_cbbo_1m;data/raw/databento/opra_spxw_definition;data/raw/databento/opra_spxw_ohlcv_1m;data/raw/databento/opra_spxw_statistics;data/vendor/thetadata/index/spx_1m;data/vendor/thetadata/index/vix_1m
2025-07-01,owned_jul_dec2025,matched_single_rule,canonical_processed_session;raw_vendor_session,raw_file_present;usable_only_if_training_runner_requires_this_manifest,data/raw/databento/opra_spxw_cbbo_1m;data/raw/databento/opra_spxw_definition;data/raw/databento/opra_spxw_ohlcv_1m;data/raw/databento/opra_spxw_statistics;data/vendor/thetadata/index/spx_1m;data/vendor/thetadata/index/vix_1m;v4/audit/autoresearch/protocol101_fair_contract_expanded_jul_dec2025_128_q1_design_input/canonical_processed_session_manifest.json;v4/audit/autoresearch/protocol101_fair_contract_expanded_jul_sep2025_64_q1_design_input/canonical_processed_session_manifest.json;v4/audit/autoresearch/protocol101_fair_contract_expanded_july2025_20_q1_design/canonical_processed_session_manifest.json;v4/audit/autoresearch/protocol101_fair_contract_expanded_july2025_q1_design/canonical_processed_session_manifest.json;v4/audit/autoresearch/protocol101_fair_contract_expanded_july_aug2025_43_q1_design_input/canonical_processed_session_manifest.json;v4/audit/autoresearch/protocol101_fair_contract_july2025_20session_preflight/canonical_processed_session_manifest.json;v4/audit/autoresearch/protocol101_fair_contract_q3_q4_2025_chunk_preflight/canonical_processed_session_manifest.json;v4/audit/autoresearch/protocol101_fair_contract_q3_q4_2025_expanded_preflight/canonical_processed_session_manifest.json;v4/audit/autoresearch/protocol101_fair_contract_q3_q4_2025_jul_dec128_preflight/canonical_processed_session_manifest.json;v4/audit/autoresearch/protocol101_fair_contract_q3_q4_2025_jul_sep64_preflight/canonical_processed_session_manifest.json;v4/audit/autoresearch/protocol101_fair_contract_q3_q4_2025_smoke_preflight/canonical_processed_session_manifest.json
2025-07-02,owned_jul_dec2025,matched_single_rule,canonical_processed_session;raw_vendor_session,raw_file_present;usable_only_if_training_runner_requires_this_manifest,data/raw/databento/opra_spxw_cbbo_1m;data/raw/databento/opra_spxw_definition;data/raw/databento/opra_spxw_ohlcv_1m;data/raw/databento/opra_spxw_statistics;data/vendor/thetadata/index/spx_1m;data/vendor/thetadata/index/vix_1m;v4/audit/autoresearch/protocol101_fair_contract_expanded_jul_dec2025_128_q1_design_input/canonical_processed_session_manifest.json;v4/audit/autoresearch/protocol101_fair_contract_expanded_jul_sep2025_64_q1_design_input/canonical_processed_session_manifest.json;v4/audit/autoresearch/protocol101_fair_contract_expanded_july2025_20_q1_design/canonical_processed_session_manifest.json;v4/audit/autoresearch/protocol101_fair_contract_expanded_july2025_q1_design/canonical_processed_session_manifest.json;v4/audit/autoresearch/protocol101_fair_contract_expanded_july_aug2025_43_q1_design_input/canonical_processed_session_manifest.json;v4/audit/autoresearch/protocol101_fair_contract_july2025_20session_preflight/canonical_processed_session_manifest.json;v4/audit/autoresearch/protocol101_fair_contract_q3_q4_2025_chunk_preflight/canonical_processed_session_manifest.json;v4/audit/autoresearch/protocol101_fair_contract_q3_q4_2025_expanded_preflight/canonical_processed_session_manifest.json;v4/audit/autoresearch/protocol101_fair_contract_q3_q4_2025_jul_dec128_preflight/canonical_processed_session_manifest.json;v4/audit/autoresearch/protocol101_fair_contract_q3_q4_2025_jul_sep64_preflight/canonical_processed_session_manifest.json
2025-07-03,owned_jul_dec2025,matched_single_rule,canonical_processed_session;raw_vendor_session,raw_file_present;usable_only_if_training_runner_requires_this_manifest,data/raw/databento/opra_spxw_cbbo_1m;data/raw/databento/opra_spxw_definition;data/raw/databento/opra_spxw_ohlcv_1m;data/raw/databento/opra_spxw_statistics;data/vendor/thetadata/index/spx_1m;data/vendor/thetadata/index/vix_1m;v4/audit/autoresearch/protocol101_fair_contract_expanded_jul_dec2025_128_q1_design_input/canonical_processed_session_manifest.json;v4/audit/autoresearch/protocol101_fair_contract_expanded_jul_sep2025_64_q1_design_input/canonical_processed_session_manifest.json;v4/audit/autoresearch/protocol101_fair_contract_expanded_july2025_20_q1_design/canonical_processed_session_manifest.json;v4/audit/autoresearch/protocol101_fair_contract_expanded_july2025_q1_design/canonical_processed_session_manifest.json;v4/audit/autoresearch/protocol101_fair_contract_expanded_july_aug2025_43_q1_design_input/canonical_processed_session_manifest.json;v4/audit/autoresearch/protocol101_fair_contract_july2025_20session_preflight/canonical_processed_session_manifest.json;v4/audit/autoresearch/protocol101_fair_contract_q3_q4_2025_chunk_preflight/canonical_processed_session_manifest.json;v4/audit/autoresearch/protocol101_fair_contract_q3_q4_2025_expanded_preflight/canonical_processed_session_manifest.json;v4/audit/autoresearch/protocol101_fair_contract_q3_q4_2025_jul_dec128_preflight/canonical_processed_session_manifest.json;v4/audit/autoresearch/protocol101_fair_contract_q3_q4_2025_jul_sep64_preflight/canonical_processed_session_manifest.json
2025-07-04,owned_jul_dec2025,matched_single_rule,raw_vendor_session,raw_file_present,data/vendor/thetadata/index/vix_1m
2025-07-07,owned_jul_dec2025,matched_single_rule,canonical_processed_session;raw_vendor_session,raw_file_present;usable_only_if_training_runner_requires_this_manifest,data/raw/databento/opra_spxw_cbbo_1m;data/raw/databento/opra_spxw_definition;data/raw/databento/opra_spxw_ohlcv_1m;data/raw/databento/opra_spxw_statistics;data/vendor/thetadata/index/spx_1m;data/vendor/thetadata/index/vix_1m;v4/audit/autoresearch/protocol101_fair_contract_expanded_jul_dec2025_128_q1_design_input/canonical_processed_session_manifest.json;v4/audit/autoresearch/protocol101_fair_contract_expanded_jul_sep2025_64_q1_design_input/canonical_processed_session_manifest.json;v4/audit/autoresearch/protocol101_fair_contract_expanded_july2025_20_q1_design/canonical_processed_session_manifest.json;v4/audit/autoresearch/protocol101_fair_contract_expanded_july2025_q1_design/canonical_processed_session_manifest.json;v4/audit/autoresearch/protocol101_fair_contract_expanded_july_aug2025_43_q1_design_input/canonical_processed_session_manifest.json;v4/audit/autoresearch/protocol101_fair_contract_july2025_20session_preflight/canonical_processed_session_manifest.json;v4/audit/autoresearch/protocol101_fair_contract_q3_q4_2025_chunk_preflight/canonical_processed_session_manifest.json;v4/audit/autoresearch/protocol101_fair_contract_q3_q4_2025_expanded_preflight/canonical_processed_session_manifest.json;v4/audit/autoresearch/protocol101_fair_contract_q3_q4_2025_jul_dec128_preflight/canonical_processed_session_manifest.json;v4/audit/autoresearch/protocol101_fair_contract_q3_q4_2025_jul_sep64_preflight/canonical_processed_session_manifest.json
2025-07-08,owned_jul_dec2025,matched_single_rule,canonical_processed_session;raw_vendor_session,raw_file_present;usable_only_if_training_runner_requires_this_manifest,data/raw/databento/opra_spxw_cbbo_1m;data/raw/databento/opra_spxw_definition;data/raw/databento/opra_spxw_ohlcv_1m;data/raw/databento/opra_spxw_statistics;data/vendor/thetadata/index/spx_1m;data/vendor/thetadata/index/vix_1m;v4/audit/autoresearch/protocol101_fair_contract_expanded_jul_dec2025_128_q1_design_input/canonical_processed_session_manifest.json;v4/audit/autoresearch/protocol101_fair_contract_expanded_jul_sep2025_64_q1_design_input/canonical_processed_session_manifest.json;v4/audit/autoresearch/protocol101_fair_contract_expanded_july2025_20_q1_design/canonical_processed_session_manifest.json;v4/audit/autoresearch/protocol101_fair_contract_expanded_july2025_q1_design/canonical_processed_session_manifest.json;v4/audit/autoresearch/protocol101_fair_contract_expanded_july_aug2025_43_q1_design_input/canonical_processed_session_manifest.json;v4/audit/autoresearch/protocol101_fair_contract_july2025_20session_preflight/canonical_processed_session_manifest.json;v4/audit/autoresearch/protocol101_fair_contract_q3_q4_2025_chunk_preflight/canonical_processed_session_manifest.json;v4/audit/autoresearch/protocol101_fair_contract_q3_q4_2025_expanded_preflight/canonical_processed_session_manifest.json;v4/audit/autoresearch/protocol101_fair_contract_q3_q4_2025_jul_dec128_preflight/canonical_processed_session_manifest.json;v4/audit/autoresearch/protocol101_fair_contract_q3_q4_2025_jul_sep64_preflight/canonical_processed_session_manifest.json
2025-07-09,owned_jul_dec2025,matched_single_rule,canonical_processed_session;raw_vendor_session,raw_file_present;usable_only_if_training_runner_requires_this_manifest,data/raw/databento/opra_spxw_cbbo_1m;data/raw/databento/opra_spxw_definition;data/raw/databento/opra_spxw_ohlcv_1m;data/raw/databento/opra_spxw_statistics;data/vendor/thetadata/index/spx_1m;data/vendor/thetadata/index/vix_1m;v4/audit/autoresearch/protocol101_fair_contract_expanded_jul_dec2025_128_q1_design_input/canonical_processed_session_manifest.json;v4/audit/autoresearch/protocol101_fair_contract_expanded_jul_sep2025_64_q1_design_input/canonical_processed_session_manifest.json;v4/audit/autoresearch/protocol101_fair_contract_expanded_july2025_20_q1_design/canonical_processed_session_manifest.json;v4/audit/autoresearch/protocol101_fair_contract_expanded_july2025_q1_design/canonical_processed_session_manifest.json;v4/audit/autoresearch/protocol101_fair_contract_expanded_july_aug2025_43_q1_design_input/canonical_processed_session_manifest.json;v4/audit/autoresearch/protocol101_fair_contract_july2025_20session_preflight/canonical_processed_session_manifest.json;v4/audit/autoresearch/protocol101_fair_contract_q3_q4_2025_chunk_preflight/canonical_processed_session_manifest.json;v4/audit/autoresearch/protocol101_fair_contract_q3_q4_2025_expanded_preflight/canonical_processed_session_manifest.json;v4/audit/autoresearch/protocol101_fair_contract_q3_q4_2025_jul_dec128_preflight/canonical_processed_session_manifest.json;v4/audit/autoresearch/protocol101_fair_contract_q3_q4_2025_jul_sep64_preflight/canonical_processed_session_manifest.json
2025-07-10,owned_jul_dec2025,matched_single_rule,canonical_processed_session;raw_vendor_session,raw_file_present;usable_only_if_training_runner_requires_this_manifest,data/raw/databento/opra_spxw_cbbo_1m;data/raw/databento/opra_spxw_definition;data/raw/databento/opra_spxw_ohlcv_1m;data/raw/databento/opra_spxw_statistics;data/vendor/thetadata/index/spx_1m;data/vendor/thetadata/index/vix_1m;v4/audit/autoresearch/protocol101_fair_contract_expanded_jul_dec2025_128_q1_design_input/canonical_processed_session_manifest.json;v4/audit/autoresearch/protocol101_fair_contract_expanded_jul_sep2025_64_q1_design_input/canonical_processed_session_manifest.json;v4/audit/autoresearch/protocol101_fair_contract_expanded_july2025_20_q1_design/canonical_processed_session_manifest.json;v4/audit/autoresearch/protocol101_fair_contract_expanded_july2025_q1_design/canonical_processed_session_manifest.json;v4/audit/autoresearch/protocol101_fair_contract_expanded_july_aug2025_43_q1_design_input/canonical_processed_session_manifest.json;v4/audit/autoresearch/protocol101_fair_contract_july2025_20session_preflight/canonical_processed_session_manifest.json;v4/audit/autoresearch/protocol101_fair_contract_q3_q4_2025_chunk_preflight/canonical_processed_session_manifest.json;v4/audit/autoresearch/protocol101_fair_contract_q3_q4_2025_expanded_preflight/canonical_processed_session_manifest.json;v4/audit/autoresearch/protocol101_fair_contract_q3_q4_2025_jul_dec128_preflight/canonical_processed_session_manifest.json;v4/audit/autoresearch/protocol101_fair_contract_q3_q4_2025_jul_sep64_preflight/canonical_processed_session_manifest.json
2025-07-11,owned_jul_dec2025,matched_single_rule,canonical_processed_session;raw_vendor_session,raw_file_present;usable_only_if_training_runner_requires_this_manifest,data/raw/databento/opra_spxw_cbbo_1m;data/raw/databento/opra_spxw_definition;data/raw/databento/opra_spxw_ohlcv_1m;data/raw/databento/opra_spxw_statistics;data/vendor/thetadata/index/spx_1m;data/vendor/thetadata/index/vix_1m;v4/audit/autoresearch/protocol101_fair_contract_expanded_jul_dec2025_128_q1_design_input/canonical_processed_session_manifest.json;v4/audit/autoresearch/protocol101_fair_contract_expanded_jul_sep2025_64_q1_design_input/canonical_processed_session_manifest.json;v4/audit/autoresearch/protocol101_fair_contract_expanded_july2025_20_q1_design/canonical_processed_session_manifest.json;v4/audit/autoresearch/protocol101_fair_contract_expanded_july2025_q1_design/canonical_processed_session_manifest.json;v4/audit/autoresearch/protocol101_fair_contract_expanded_july_aug2025_43_q1_design_input/canonical_processed_session_manifest.json;v4/audit/autoresearch/protocol101_fair_contract_july2025_20session_preflight/canonical_processed_session_manifest.json;v4/audit/autoresearch/protocol101_fair_contract_q3_q4_2025_chunk_preflight/canonical_processed_session_manifest.json;v4/audit/autoresearch/protocol101_fair_contract_q3_q4_2025_expanded_preflight/canonical_processed_session_manifest.json;v4/audit/autoresearch/protocol101_fair_contract_q3_q4_2025_jul_dec128_preflight/canonical_processed_session_manifest.json;v4/audit/autoresearch/protocol101_fair_contract_q3_q4_2025_jul_sep64_preflight/canonical_processed_session_manifest.json
2025-07-14,owned_jul_dec2025,matched_single_rule,canonical_processed_session;raw_vendor_session,raw_file_present;usable_only_if_training_runner_requires_this_manifest,data/raw/databento/opra_spxw_cbbo_1m;data/raw/databento/opra_spxw_definition;data/raw/databento/opra_spxw_ohlcv_1m;data/raw/databento/opra_spxw_statistics;data/vendor/thetadata/index/spx_1m;data/vendor/thetadata/index/vix_1m;v4/audit/autoresearch/protocol101_fair_contract_expanded_jul_dec2025_128_q1_design_input/canonical_processed_session_manifest.json;v4/audit/autoresearch/protocol101_fair_contract_expanded_jul_sep2025_64_q1_design_input/canonical_processed_session_manifest.json;v4/audit/autoresearch/protocol101_fair_contract_expanded_july2025_20_q1_design/canonical_processed_session_manifest.json;v4/audit/autoresearch/protocol101_fair_contract_expanded_july2025_q1_design/canonical_processed_session_manifest.json;v4/audit/autoresearch/protocol101_fair_contract_expanded_july_aug2025_43_q1_design_input/canonical_processed_session_manifest.json;v4/audit/autoresearch/protocol101_fair_contract_july2025_20session_preflight/canonical_processed_session_manifest.json;v4/audit/autoresearch/protocol101_fair_contract_q3_q4_2025_chunk_preflight/canonical_processed_session_manifest.json;v4/audit/autoresearch/protocol101_fair_contract_q3_q4_2025_expanded_preflight/canonical_processed_session_manifest.json;v4/audit/autoresearch/protocol101_fair_contract_q3_q4_2025_jul_dec128_preflight/canonical_processed_session_manifest.json;v4/audit/autoresearch/protocol101_fair_contract_q3_q4_2025_jul_sep64_preflight/canonical_processed_session_manifest.json
2025-07-15,owned_jul_dec2025,matched_single_rule,canonical_processed_session;raw_vendor_session,raw_file_present;usable_only_if_training_runner_requires_this_manifest,data/raw/databento/opra_spxw_cbbo_1m;data/raw/databento/opra_spxw_definition;data/raw/databento/opra_spxw_ohlcv_1m;data/raw/databento/opra_spxw_statistics;data/vendor/thetadata/index/spx_1m;data/vendor/thetadata/index/vix_1m;v4/audit/autoresearch/protocol101_fair_contract_expanded_jul_dec2025_128_q1_design_input/canonical_processed_session_manifest.json;v4/audit/autoresearch/protocol101_fair_contract_expanded_jul_sep2025_64_q1_design_input/canonical_processed_session_manifest.json;v4/audit/autoresearch/protocol101_fair_contract_expanded_july2025_20_q1_design/canonical_processed_session_manifest.json;v4/audit/autoresearch/protocol101_fair_contract_expanded_july2025_q1_design/canonical_processed_session_manifest.json;v4/audit/autoresearch/protocol101_fair_contract_expanded_july_aug2025_43_q1_design_input/canonical_processed_session_manifest.json;v4/audit/autoresearch/protocol101_fair_contract_july2025_20session_preflight/canonical_processed_session_manifest.json;v4/audit/autoresearch/protocol101_fair_contract_q3_q4_2025_chunk_preflight/canonical_processed_session_manifest.json;v4/audit/autoresearch/protocol101_fair_contract_q3_q4_2025_expanded_preflight/canonical_processed_session_manifest.json;v4/audit/autoresearch/protocol101_fair_contract_q3_q4_2025_jul_dec128_preflight/canonical_processed_session_manifest.json;v4/audit/autoresearch/protocol101_fair_contract_q3_q4_2025_jul_sep64_preflight/canonical_processed_session_manifest.json
2025-07-16,owned_jul_dec2025,matched_single_rule,canonical_processed_session;raw_vendor_session,raw_file_present;usable_only_if_training_runner_requires_this_manifest,data/raw/databento/opra_spxw_cbbo_1m;data/raw/databento/opra_spxw_definition;data/raw/databento/opra_spxw_ohlcv_1m;data/raw/databento/opra_spxw_statistics;data/vendor/thetadata/index/spx_1m;data/vendor/thetadata/index/vix_1m;v4/audit/autoresearch/protocol101_fair_contract_expanded_jul_dec2025_128_q1_design_input/canonical_processed_session_manifest.json;v4/audit/autoresearch/protocol101_fair_contract_expanded_jul_sep2025_64_q1_design_input/canonical_processed_session_manifest.json;v4/audit/autoresearch/protocol101_fair_contract_expanded_july2025_20_q1_design/canonical_processed_session_manifest.json;v4/audit/autoresearch/protocol101_fair_contract_expanded_july2025_q1_design/canonical_processed_session_manifest.json;v4/audit/autoresearch/protocol101_fair_contract_expanded_july_aug2025_43_q1_design_input/canonical_processed_session_manifest.json;v4/audit/autoresearch/protocol101_fair_contract_july2025_20session_preflight/canonical_processed_session_manifest.json;v4/audit/autoresearch/protocol101_fair_contract_q3_q4_2025_chunk_preflight/canonical_processed_session_manifest.json;v4/audit/autoresearch/protocol101_fair_contract_q3_q4_2025_expanded_preflight/canonical_processed_session_manifest.json;v4/audit/autoresearch/protocol101_fair_contract_q3_q4_2025_jul_dec128_preflight/canonical_processed_session_manifest.json;v4/audit/autoresearch/protocol101_fair_contract_q3_q4_2025_jul_sep64_preflight/canonical_processed_session_manifest.json
2025-07-17,owned_jul_dec2025,matched_single_rule,canonical_processed_session;raw_vendor_session,raw_file_present;usable_only_if_training_runner_requires_this_manifest,data/raw/databento/opra_spxw_cbbo_1m;data/raw/databento/opra_spxw_definition;data/raw/databento/opra_spxw_ohlcv_1m;data/raw/databento/opra_spxw_statistics;data/vendor/thetadata/index/spx_1m;data/vendor/thetadata/index/vix_1m;v4/audit/autoresearch/protocol101_fair_contract_expanded_jul_dec2025_128_q1_design_input/canonical_processed_session_manifest.json;v4/audit/autoresearch/protocol101_fair_contract_expanded_jul_sep2025_64_q1_design_input/canonical_processed_session_manifest.json;v4/audit/autoresearch/protocol101_fair_contract_expanded_july2025_20_q1_design/canonical_processed_session_manifest.json;v4/audit/autoresearch/protocol101_fair_contract_expanded_july2025_q1_design/canonical_processed_session_manifest.json;v4/audit/autoresearch/protocol101_fair_contract_expanded_july_aug2025_43_q1_design_input/canonical_processed_session_manifest.json;v4/audit/autoresearch/protocol101_fair_contract_july2025_20session_preflight/canonical_processed_session_manifest.json;v4/audit/autoresearch/protocol101_fair_contract_q3_q4_2025_chunk_preflight/canonical_processed_session_manifest.json;v4/audit/autoresearch/protocol101_fair_contract_q3_q4_2025_expanded_preflight/canonical_processed_session_manifest.json;v4/audit/autoresearch/protocol101_fair_contract_q3_q4_2025_jul_dec128_preflight/canonical_processed_session_manifest.json;v4/audit/autoresearch/protocol101_fair_contract_q3_q4_2025_jul_sep64_preflight/canonical_processed_session_manifest.json
2025-07-18,owned_jul_dec2025,matched_single_rule,canonical_processed_session;raw_vendor_session,raw_file_present;usable_only_if_training_runner_requires_this_manifest,data/raw/databento/opra_spxw_cbbo_1m;data/raw/databento/opra_spxw_definition;data/raw/databento/opra_spxw_ohlcv_1m;data/raw/databento/opra_spxw_statistics;data/vendor/thetadata/index/spx_1m;data/vendor/thetadata/index/vix_1m;v4/audit/autoresearch/protocol101_fair_contract_expanded_jul_dec2025_128_q1_design_input/canonical_processed_session_manifest.json;v4/audit/autoresearch/protocol101_fair_contract_expanded_jul_sep2025_64_q1_design_input/canonical_processed_session_manifest.json;v4/audit/autoresearch/protocol101_fair_contract_expanded_july2025_20_q1_design/canonical_processed_session_manifest.json;v4/audit/autoresearch/protocol101_fair_contract_expanded_july2025_q1_design/canonical_processed_session_manifest.json;v4/audit/autoresearch/protocol101_fair_contract_expanded_july_aug2025_43_q1_design_input/canonical_processed_session_manifest.json;v4/audit/autoresearch/protocol101_fair_contract_july2025_20session_preflight/canonical_processed_session_manifest.json;v4/audit/autoresearch/protocol101_fair_contract_q3_q4_2025_chunk_preflight/canonical_processed_session_manifest.json;v4/audit/autoresearch/protocol101_fair_contract_q3_q4_2025_expanded_preflight/canonical_processed_session_manifest.json;v4/audit/autoresearch/protocol101_fair_contract_q3_q4_2025_jul_dec128_preflight/canonical_processed_session_manifest.json;v4/audit/autoresearch/protocol101_fair_contract_q3_q4_2025_jul_sep64_preflight/canonical_processed_session_manifest.json
2025-07-21,owned_jul_dec2025,matched_single_rule,canonical_processed_session;raw_vendor_session,raw_file_present;usable_only_if_training_runner_requires_this_manifest,data/raw/databento/opra_spxw_cbbo_1m;data/raw/databento/opra_spxw_definition;data/raw/databento/opra_spxw_ohlcv_1m;data/raw/databento/opra_spxw_statistics;data/vendor/thetadata/index/spx_1m;data/vendor/thetadata/index/vix_1m;v4/audit/autoresearch/protocol101_fair_contract_expanded_jul_dec2025_128_q1_design_input/canonical_processed_session_manifest.json;v4/audit/autoresearch/protocol101_fair_contract_expanded_jul_sep2025_64_q1_design_input/canonical_processed_session_manifest.json;v4/audit/autoresearch/protocol101_fair_contract_expanded_july2025_20_q1_design/canonical_processed_session_manifest.json;v4/audit/autoresearch/protocol101_fair_contract_expanded_july_aug2025_43_q1_design_input/canonical_processed_session_manifest.json;v4/audit/autoresearch/protocol101_fair_contract_july2025_20session_preflight/canonical_processed_session_manifest.json;v4/audit/autoresearch/protocol101_fair_contract_q3_q4_2025_expanded_preflight/canonical_processed_session_manifest.json;v4/audit/autoresearch/protocol101_fair_contract_q3_q4_2025_jul_dec128_preflight/canonical_processed_session_manifest.json;v4/audit/autoresearch/protocol101_fair_contract_q3_q4_2025_jul_sep64_preflight/canonical_processed_session_manifest.json
2025-07-22,owned_jul_dec2025,matched_single_rule,canonical_processed_session;raw_vendor_session,raw_file_present;usable_only_if_training_runner_requires_this_manifest,data/raw/databento/opra_spxw_cbbo_1m;data/raw/databento/opra_spxw_definition;data/raw/databento/opra_spxw_ohlcv_1m;data/raw/databento/opra_spxw_statistics;data/vendor/thetadata/index/spx_1m;data/vendor/thetadata/index/vix_1m;v4/audit/autoresearch/protocol101_fair_contract_expanded_jul_dec2025_128_q1_design_input/canonical_processed_session_manifest.json;v4/audit/autoresearch/protocol101_fair_contract_expanded_jul_sep2025_64_q1_design_input/canonical_processed_session_manifest.json;v4/audit/autoresearch/protocol101_fair_contract_expanded_july2025_20_q1_design/canonical_processed_session_manifest.json;v4/audit/autoresearch/protocol101_fair_contract_expanded_july_aug2025_43_q1_design_input/canonical_processed_session_manifest.json;v4/audit/autoresearch/protocol101_fair_contract_july2025_20session_preflight/canonical_processed_session_manifest.json;v4/audit/autoresearch/protocol101_fair_contract_q3_q4_2025_expanded_preflight/canonical_processed_session_manifest.json;v4/audit/autoresearch/protocol101_fair_contract_q3_q4_2025_jul_dec128_preflight/canonical_processed_session_manifest.json;v4/audit/autoresearch/protocol101_fair_contract_q3_q4_2025_jul_sep64_preflight/canonical_processed_session_manifest.json
2025-07-23,owned_jul_dec2025,matched_single_rule,canonical_processed_session;raw_vendor_session,raw_file_present;usable_only_if_training_runner_requires_this_manifest,data/raw/databento/opra_spxw_cbbo_1m;data/raw/databento/opra_spxw_definition;data/raw/databento/opra_spxw_ohlcv_1m;data/raw/databento/opra_spxw_statistics;data/vendor/thetadata/index/spx_1m;data/vendor/thetadata/index/vix_1m;v4/audit/autoresearch/protocol101_fair_contract_expanded_jul_dec2025_128_q1_design_input/canonical_processed_session_manifest.json;v4/audit/autoresearch/protocol101_fair_contract_expanded_jul_sep2025_64_q1_design_input/canonical_processed_session_manifest.json;v4/audit/autoresearch/protocol101_fair_contract_expanded_july2025_20_q1_design/canonical_processed_session_manifest.json;v4/audit/autoresearch/protocol101_fair_contract_expanded_july_aug2025_43_q1_design_input/canonical_processed_session_manifest.json;v4/audit/autoresearch/protocol101_fair_contract_july2025_20session_preflight/canonical_processed_session_manifest.json;v4/audit/autoresearch/protocol101_fair_contract_q3_q4_2025_expanded_preflight/canonical_processed_session_manifest.json;v4/audit/autoresearch/protocol101_fair_contract_q3_q4_2025_jul_dec128_preflight/canonical_processed_session_manifest.json;v4/audit/autoresearch/protocol101_fair_contract_q3_q4_2025_jul_sep64_preflight/canonical_processed_session_manifest.json
2025-07-24,owned_jul_dec2025,matched_single_rule,canonical_processed_session;raw_vendor_session,raw_file_present;usable_only_if_training_runner_requires_this_manifest,data/raw/databento/opra_spxw_cbbo_1m;data/raw/databento/opra_spxw_definition;data/raw/databento/opra_spxw_ohlcv_1m;data/raw/databento/opra_spxw_statistics;data/vendor/thetadata/index/spx_1m;data/vendor/thetadata/index/vix_1m;v4/audit/autoresearch/protocol101_fair_contract_expanded_jul_dec2025_128_q1_design_input/canonical_processed_session_manifest.json;v4/audit/autoresearch/protocol101_fair_contract_expanded_jul_sep2025_64_q1_design_input/canonical_processed_session_manifest.json;v4/audit/autoresearch/protocol101_fair_contract_expanded_july2025_20_q1_design/canonical_processed_session_manifest.json;v4/audit/autoresearch/protocol101_fair_contract_expanded_july_aug2025_43_q1_design_input/canonical_processed_session_manifest.json;v4/audit/autoresearch/protocol101_fair_contract_july2025_20session_preflight/canonical_processed_session_manifest.json;v4/audit/autoresearch/protocol101_fair_contract_q3_q4_2025_expanded_preflight/canonical_processed_session_manifest.json;v4/audit/autoresearch/protocol101_fair_contract_q3_q4_2025_jul_dec128_preflight/canonical_processed_session_manifest.json;v4/audit/autoresearch/protocol101_fair_contract_q3_q4_2025_jul_sep64_preflight/canonical_processed_session_manifest.json
2025-07-25,owned_jul_dec2025,matched_single_rule,canonical_processed_session;raw_vendor_session,raw_file_present;usable_only_if_training_runner_requires_this_manifest,data/raw/databento/opra_spxw_cbbo_1m;data/raw/databento/opra_spxw_definition;data/raw/databento/opra_spxw_ohlcv_1m;data/raw/databento/opra_spxw_statistics;data/vendor/thetadata/index/spx_1m;data/vendor/thetadata/index/vix_1m;v4/audit/autoresearch/protocol101_fair_contract_expanded_jul_dec2025_128_q1_design_input/canonical_processed_session_manifest.json;v4/audit/autoresearch/protocol101_fair_contract_expanded_jul_sep2025_64_q1_design_input/canonical_processed_session_manifest.json;v4/audit/autoresearch/protocol101_fair_contract_expanded_july2025_20_q1_design/canonical_processed_session_manifest.json;v4/audit/autoresearch/protocol101_fair_contract_expanded_july_aug2025_43_q1_design_input/canonical_processed_session_manifest.json;v4/audit/autoresearch/protocol101_fair_contract_july2025_20session_preflight/canonical_processed_session_manifest.json;v4/audit/autoresearch/protocol101_fair_contract_q3_q4_2025_expanded_preflight/canonical_processed_session_manifest.json;v4/audit/autoresearch/protocol101_fair_contract_q3_q4_2025_jul_dec128_preflight/canonical_processed_session_manifest.json;v4/audit/autoresearch/protocol101_fair_contract_q3_q4_2025_jul_sep64_preflight/canonical_processed_session_manifest.json
2025-07-28,owned_jul_dec2025,matched_single_rule,canonical_processed_session;raw_vendor_session,raw_file_present;usable_only_if_training_runner_requires_this_manifest,data/raw/databento/opra_spxw_cbbo_1m;data/raw/databento/opra_spxw_definition;data/raw/databento/opra_spxw_ohlcv_1m;data/raw/databento/opra_spxw_statistics;data/vendor/thetadata/index/spx_1m;data/vendor/thetadata/index/vix_1m;v4/audit/autoresearch/protocol101_fair_contract_expanded_jul_dec2025_128_q1_design_input/canonical_processed_session_manifest.json;v4/audit/autoresearch/protocol101_fair_contract_expanded_jul_sep2025_64_q1_design_input/canonical_processed_session_manifest.json;v4/audit/autoresearch/protocol101_fair_contract_expanded_july2025_20_q1_design/canonical_processed_session_manifest.json;v4/audit/autoresearch/protocol101_fair_contract_expanded_july_aug2025_43_q1_design_input/canonical_processed_session_manifest.json;v4/audit/autoresearch/protocol101_fair_contract_july2025_20session_preflight/canonical_processed_session_manifest.json;v4/audit/autoresearch/protocol101_fair_contract_q3_q4_2025_expanded_preflight/canonical_processed_session_manifest.json;v4/audit/autoresearch/protocol101_fair_contract_q3_q4_2025_jul_dec128_preflight/canonical_processed_session_manifest.json;v4/audit/autoresearch/protocol101_fair_contract_q3_q4_2025_jul_sep64_preflight/canonical_processed_session_manifest.json
2025-07-29,owned_jul_dec2025,matched_single_rule,canonical_processed_session;raw_vendor_session,raw_file_present;usable_only_if_training_runner_requires_this_manifest,data/raw/databento/opra_spxw_cbbo_1m;data/raw/databento/opra_spxw_definition;data/raw/databento/opra_spxw_ohlcv_1m;data/raw/databento/opra_spxw_statistics;data/vendor/thetadata/index/spx_1m;data/vendor/thetadata/index/vix_1m;v4/audit/autoresearch/protocol101_fair_contract_expanded_jul_dec2025_128_q1_design_input/canonical_processed_session_manifest.json;v4/audit/autoresearch/protocol101_fair_contract_expanded_jul_sep2025_64_q1_design_input/canonical_processed_session_manifest.json;v4/audit/autoresearch/protocol101_fair_contract_expanded_july2025_20_q1_design/canonical_processed_session_manifest.json;v4/audit/autoresearch/protocol101_fair_contract_expanded_july_aug2025_43_q1_design_input/canonical_processed_session_manifest.json;v4/audit/autoresearch/protocol101_fair_contract_july2025_20session_preflight/canonical_processed_session_manifest.json;v4/audit/autoresearch/protocol101_fair_contract_q3_q4_2025_expanded_preflight/canonical_processed_session_manifest.json;v4/audit/autoresearch/protocol101_fair_contract_q3_q4_2025_jul_dec128_preflight/canonical_processed_session_manifest.json;v4/audit/autoresearch/protocol101_fair_contract_q3_q4_2025_jul_sep64_preflight/canonical_processed_session_manifest.json
2025-07-30,owned_jul_dec2025,matched_single_rule,canonical_processed_session;raw_vendor_session,raw_file_present;usable_only_if_training_runner_requires_this_manifest,data/raw/databento/opra_spxw_cbbo_1m;data/raw/databento/opra_spxw_definition;data/raw/databento/opra_spxw_ohlcv_1m;data/raw/databento/opra_spxw_statistics;data/vendor/thetadata/index/spx_1m;data/vendor/thetadata/index/vix_1m;v4/audit/autoresearch/protocol101_fair_contract_expanded_jul_dec2025_128_q1_design_input/canonical_processed_session_manifest.json;v4/audit/autoresearch/protocol101_fair_contract_expanded_jul_sep2025_64_q1_design_input/canonical_processed_session_manifest.json;v4/audit/autoresearch/protocol101_fair_contract_expanded_july_aug2025_43_q1_design_input/canonical_processed_session_manifest.json;v4/audit/autoresearch/protocol101_fair_contract_q3_q4_2025_expanded_preflight/canonical_processed_session_manifest.json;v4/audit/autoresearch/protocol101_fair_contract_q3_q4_2025_jul_dec128_preflight/canonical_processed_session_manifest.json;v4/audit/autoresearch/protocol101_fair_contract_q3_q4_2025_jul_sep64_preflight/canonical_processed_session_manifest.json
2025-07-31,owned_jul_dec2025,matched_single_rule,canonical_processed_session;raw_vendor_session,raw_file_present;usable_only_if_training_runner_requires_this_manifest,data/raw/databento/opra_spxw_cbbo_1m;data/raw/databento/opra_spxw_definition;data/raw/databento/opra_spxw_ohlcv_1m;data/raw/databento/opra_spxw_statistics;data/vendor/thetadata/index/spx_1m;data/vendor/thetadata/index/vix_1m;v4/audit/autoresearch/protocol101_fair_contract_expanded_jul_dec2025_128_q1_design_input/canonical_processed_session_manifest.json;v4/audit/autoresearch/protocol101_fair_contract_expanded_jul_sep2025_64_q1_design_input/canonical_processed_session_manifest.json;v4/audit/autoresearch/protocol101_fair_contract_expanded_july_aug2025_43_q1_design_input/canonical_processed_session_manifest.json;v4/audit/autoresearch/protocol101_fair_contract_q3_q4_2025_expanded_preflight/canonical_processed_session_manifest.json;v4/audit/autoresearch/protocol101_fair_contract_q3_q4_2025_jul_dec128_preflight/canonical_processed_session_manifest.json;v4/audit/autoresearch/protocol101_fair_contract_q3_q4_2025_jul_sep64_preflight/canonical_processed_session_manifest.json
2025-08-01,owned_jul_dec2025,matched_single_rule,canonical_processed_session;raw_vendor_session,raw_file_present;usable_only_if_training_runner_requires_this_manifest,data/raw/databento/opra_spxw_cbbo_1m;data/raw/databento/opra_spxw_definition;data/raw/databento/opra_spxw_ohlcv_1m;data/raw/databento/opra_spxw_statistics;data/vendor/thetadata/index/spx_1m;data/vendor/thetadata/index/vix_1m;v4/audit/autoresearch/protocol101_fair_contract_expanded_jul_dec2025_128_q1_design_input/canonical_processed_session_manifest.json;v4/audit/autoresearch/protocol101_fair_contract_expanded_jul_sep2025_64_q1_design_input/canonical_processed_session_manifest.json;v4/audit/autoresearch/protocol101_fair_contract_expanded_july_aug2025_43_q1_design_input/canonical_processed_session_manifest.json;v4/audit/autoresearch/protocol101_fair_contract_q3_q4_2025_expanded_preflight/canonical_processed_session_manifest.json;v4/audit/autoresearch/protocol101_fair_contract_q3_q4_2025_jul_dec128_preflight/canonical_processed_session_manifest.json;v4/audit/autoresearch/protocol101_fair_contract_q3_q4_2025_jul_sep64_preflight/canonical_processed_session_manifest.json
2025-08-04,owned_jul_dec2025,matched_single_rule,canonical_processed_session;raw_vendor_session,raw_file_present;usable_only_if_training_runner_requires_this_manifest,data/raw/databento/opra_spxw_cbbo_1m;data/raw/databento/opra_spxw_definition;data/raw/databento/opra_spxw_ohlcv_1m;data/raw/databento/opra_spxw_statistics;data/vendor/thetadata/index/spx_1m;data/vendor/thetadata/index/vix_1m;v4/audit/autoresearch/protocol101_fair_contract_expanded_jul_dec2025_128_q1_design_input/canonical_processed_session_manifest.json;v4/audit/autoresearch/protocol101_fair_contract_expanded_jul_sep2025_64_q1_design_input/canonical_processed_session_manifest.json;v4/audit/autoresearch/protocol101_fair_contract_expanded_july_aug2025_43_q1_design_input/canonical_processed_session_manifest.json;v4/audit/autoresearch/protocol101_fair_contract_q3_q4_2025_expanded_preflight/canonical_processed_session_manifest.json;v4/audit/autoresearch/protocol101_fair_contract_q3_q4_2025_jul_dec128_preflight/canonical_processed_session_manifest.json;v4/audit/autoresearch/protocol101_fair_contract_q3_q4_2025_jul_sep64_preflight/canonical_processed_session_manifest.json
2025-08-05,owned_jul_dec2025,matched_single_rule,canonical_processed_session;raw_vendor_session,raw_file_present;usable_only_if_training_runner_requires_this_manifest,data/raw/databento/opra_spxw_cbbo_1m;data/raw/databento/opra_spxw_definition;data/raw/databento/opra_spxw_ohlcv_1m;data/raw/databento/opra_spxw_statistics;data/vendor/thetadata/index/spx_1m;data/vendor/thetadata/index/vix_1m;v4/audit/autoresearch/protocol101_fair_contract_expanded_jul_dec2025_128_q1_design_input/canonical_processed_session_manifest.json;v4/audit/autoresearch/protocol101_fair_contract_expanded_jul_sep2025_64_q1_design_input/canonical_processed_session_manifest.json;v4/audit/autoresearch/protocol101_fair_contract_expanded_july_aug2025_43_q1_design_input/canonical_processed_session_manifest.json;v4/audit/autoresearch/protocol101_fair_contract_q3_q4_2025_expanded_preflight/canonical_processed_session_manifest.json;v4/audit/autoresearch/protocol101_fair_contract_q3_q4_2025_jul_dec128_preflight/canonical_processed_session_manifest.json;v4/audit/autoresearch/protocol101_fair_contract_q3_q4_2025_jul_sep64_preflight/canonical_processed_session_manifest.json
2025-08-06,owned_jul_dec2025,matched_single_rule,canonical_processed_session;raw_vendor_session,raw_file_present;usable_only_if_training_runner_requires_this_manifest,data/raw/databento/opra_spxw_cbbo_1m;data/raw/databento/opra_spxw_definition;data/raw/databento/opra_spxw_ohlcv_1m;data/raw/databento/opra_spxw_statistics;data/vendor/thetadata/index/spx_1m;data/vendor/thetadata/index/vix_1m;v4/audit/autoresearch/protocol101_fair_contract_expanded_jul_dec2025_128_q1_design_input/canonical_processed_session_manifest.json;v4/audit/autoresearch/protocol101_fair_contract_expanded_jul_sep2025_64_q1_design_input/canonical_processed_session_manifest.json;v4/audit/autoresearch/protocol101_fair_contract_expanded_july_aug2025_43_q1_design_input/canonical_processed_session_manifest.json;v4/audit/autoresearch/protocol101_fair_contract_q3_q4_2025_expanded_preflight/canonical_processed_session_manifest.json;v4/audit/autoresearch/protocol101_fair_contract_q3_q4_2025_jul_dec128_preflight/canonical_processed_session_manifest.json;v4/audit/autoresearch/protocol101_fair_contract_q3_q4_2025_jul_sep64_preflight/canonical_processed_session_manifest.json
2025-08-07,owned_jul_dec2025,matched_single_rule,canonical_processed_session;raw_vendor_session,raw_file_present;usable_only_if_training_runner_requires_this_manifest,data/raw/databento/opra_spxw_cbbo_1m;data/raw/databento/opra_spxw_definition;data/raw/databento/opra_spxw_ohlcv_1m;data/raw/databento/opra_spxw_statistics;data/vendor/thetadata/index/spx_1m;data/vendor/thetadata/index/vix_1m;v4/audit/autoresearch/protocol101_fair_contract_expanded_jul_dec2025_128_q1_design_input/canonical_processed_session_manifest.json;v4/audit/autoresearch/protocol101_fair_contract_expanded_jul_sep2025_64_q1_design_input/canonical_processed_session_manifest.json;v4/audit/autoresearch/protocol101_fair_contract_expanded_july_aug2025_43_q1_design_input/canonical_processed_session_manifest.json;v4/audit/autoresearch/protocol101_fair_contract_q3_q4_2025_expanded_preflight/canonical_processed_session_manifest.json;v4/audit/autoresearch/protocol101_fair_contract_q3_q4_2025_jul_dec128_preflight/canonical_processed_session_manifest.json;v4/audit/autoresearch/protocol101_fair_contract_q3_q4_2025_jul_sep64_preflight/canonical_processed_session_manifest.json
2025-08-08,owned_jul_dec2025,matched_single_rule,canonical_processed_session;raw_vendor_session,raw_file_present;usable_only_if_training_runner_requires_this_manifest,data/raw/databento/opra_spxw_cbbo_1m;data/raw/databento/opra_spxw_definition;data/raw/databento/opra_spxw_ohlcv_1m;data/raw/databento/opra_spxw_statistics;data/vendor/thetadata/index/spx_1m;data/vendor/thetadata/index/vix_1m;v4/audit/autoresearch/protocol101_fair_contract_expanded_jul_dec2025_128_q1_design_input/canonical_processed_session_manifest.json;v4/audit/autoresearch/protocol101_fair_contract_expanded_jul_sep2025_64_q1_design_input/canonical_processed_session_manifest.json;v4/audit/autoresearch/protocol101_fair_contract_expanded_july_aug2025_43_q1_design_input/canonical_processed_session_manifest.json;v4/audit/autoresearch/protocol101_fair_contract_q3_q4_2025_expanded_preflight/canonical_processed_session_manifest.json;v4/audit/autoresearch/protocol101_fair_contract_q3_q4_2025_jul_dec128_preflight/canonical_processed_session_manifest.json;v4/audit/autoresearch/protocol101_fair_contract_q3_q4_2025_jul_sep64_preflight/canonical_processed_session_manifest.json
2025-08-11,owned_jul_dec2025,matched_single_rule,canonical_processed_session;raw_vendor_session,raw_file_present;usable_only_if_training_runner_requires_this_manifest,data/raw/databento/opra_spxw_cbbo_1m;data/raw/databento/opra_spxw_definition;data/raw/databento/opra_spxw_ohlcv_1m;data/raw/databento/opra_spxw_statistics;data/vendor/thetadata/index/spx_1m;data/vendor/thetadata/index/vix_1m;v4/audit/autoresearch/protocol101_fair_contract_expanded_jul_dec2025_128_q1_design_input/canonical_processed_session_manifest.json;v4/audit/autoresearch/protocol101_fair_contract_expanded_jul_sep2025_64_q1_design_input/canonical_processed_session_manifest.json;v4/audit/autoresearch/protocol101_fair_contract_expanded_july_aug2025_43_q1_design_input/canonical_processed_session_manifest.json;v4/audit/autoresearch/protocol101_fair_contract_q3_q4_2025_expanded_preflight/canonical_processed_session_manifest.json;v4/audit/autoresearch/protocol101_fair_contract_q3_q4_2025_jul_dec128_preflight/canonical_processed_session_manifest.json;v4/audit/autoresearch/protocol101_fair_contract_q3_q4_2025_jul_sep64_preflight/canonical_processed_session_manifest.json
2025-08-12,owned_jul_dec2025,matched_single_rule,canonical_processed_session;raw_vendor_session,raw_file_present;usable_only_if_training_runner_requires_this_manifest,data/raw/databento/opra_spxw_cbbo_1m;data/raw/databento/opra_spxw_definition;data/raw/databento/opra_spxw_ohlcv_1m;data/raw/databento/opra_spxw_statistics;data/vendor/thetadata/index/spx_1m;data/vendor/thetadata/index/vix_1m;v4/audit/autoresearch/protocol101_fair_contract_expanded_jul_dec2025_128_q1_design_input/canonical_processed_session_manifest.json;v4/audit/autoresearch/protocol101_fair_contract_expanded_jul_sep2025_64_q1_design_input/canonical_processed_session_manifest.json;v4/audit/autoresearch/protocol101_fair_contract_expanded_july_aug2025_43_q1_design_input/canonical_processed_session_manifest.json;v4/audit/autoresearch/protocol101_fair_contract_q3_q4_2025_expanded_preflight/canonical_processed_session_manifest.json;v4/audit/autoresearch/protocol101_fair_contract_q3_q4_2025_jul_dec128_preflight/canonical_processed_session_manifest.json;v4/audit/autoresearch/protocol101_fair_contract_q3_q4_2025_jul_sep64_preflight/canonical_processed_session_manifest.json
2025-08-13,owned_jul_dec2025,matched_single_rule,canonical_processed_session;raw_vendor_session,raw_file_present;usable_only_if_training_runner_requires_this_manifest,data/raw/databento/opra_spxw_cbbo_1m;data/raw/databento/opra_spxw_definition;data/raw/databento/opra_spxw_ohlcv_1m;data/raw/databento/opra_spxw_statistics;data/vendor/thetadata/index/spx_1m;data/vendor/thetadata/index/vix_1m;v4/audit/autoresearch/protocol101_fair_contract_expanded_jul_dec2025_128_q1_design_input/canonical_processed_session_manifest.json;v4/audit/autoresearch/protocol101_fair_contract_expanded_jul_sep2025_64_q1_design_input/canonical_processed_session_manifest.json;v4/audit/autoresearch/protocol101_fair_contract_expanded_july_aug2025_43_q1_design_input/canonical_processed_session_manifest.json;v4/audit/autoresearch/protocol101_fair_contract_q3_q4_2025_expanded_preflight/canonical_processed_session_manifest.json;v4/audit/autoresearch/protocol101_fair_contract_q3_q4_2025_jul_dec128_preflight/canonical_processed_session_manifest.json;v4/audit/autoresearch/protocol101_fair_contract_q3_q4_2025_jul_sep64_preflight/canonical_processed_session_manifest.json
2025-08-14,owned_jul_dec2025,matched_single_rule,canonical_processed_session;raw_vendor_session,raw_file_present;usable_only_if_training_runner_requires_this_manifest,data/raw/databento/opra_spxw_cbbo_1m;data/raw/databento/opra_spxw_definition;data/raw/databento/opra_spxw_ohlcv_1m;data/raw/databento/opra_spxw_statistics;data/vendor/thetadata/index/spx_1m;data/vendor/thetadata/index/vix_1m;v4/audit/autoresearch/protocol101_fair_contract_expanded_jul_dec2025_128_q1_design_input/canonical_processed_session_manifest.json;v4/audit/autoresearch/protocol101_fair_contract_expanded_jul_sep2025_64_q1_design_input/canonical_processed_session_manifest.json;v4/audit/autoresearch/protocol101_fair_contract_expanded_july_aug2025_43_q1_design_input/canonical_processed_session_manifest.json;v4/audit/autoresearch/protocol101_fair_contract_q3_q4_2025_expanded_preflight/canonical_processed_session_manifest.json;v4/audit/autoresearch/protocol101_fair_contract_q3_q4_2025_jul_dec128_preflight/canonical_processed_session_manifest.json;v4/audit/autoresearch/protocol101_fair_contract_q3_q4_2025_jul_sep64_preflight/canonical_processed_session_manifest.json
2025-08-15,owned_jul_dec2025,matched_single_rule,canonical_processed_session;raw_vendor_session,raw_file_present;usable_only_if_training_runner_requires_this_manifest,data/raw/databento/opra_spxw_cbbo_1m;data/raw/databento/opra_spxw_definition;data/raw/databento/opra_spxw_ohlcv_1m;data/raw/databento/opra_spxw_statistics;data/vendor/thetadata/index/spx_1m;data/vendor/thetadata/index/vix_1m;v4/audit/autoresearch/protocol101_fair_contract_expanded_jul_dec2025_128_q1_design_input/canonical_processed_session_manifest.json;v4/audit/autoresearch/protocol101_fair_contract_expanded_jul_sep2025_64_q1_design_input/canonical_processed_session_manifest.json;v4/audit/autoresearch/protocol101_fair_contract_expanded_july_aug2025_43_q1_design_input/canonical_processed_session_manifest.json;v4/audit/autoresearch/protocol101_fair_contract_q3_q4_2025_expanded_preflight/canonical_processed_session_manifest.json;v4/audit/autoresearch/protocol101_fair_contract_q3_q4_2025_jul_dec128_preflight/canonical_processed_session_manifest.json;v4/audit/autoresearch/protocol101_fair_contract_q3_q4_2025_jul_sep64_preflight/canonical_processed_session_manifest.json
2025-08-18,owned_jul_dec2025,matched_single_rule,canonical_processed_session;raw_vendor_session,raw_file_present;usable_only_if_training_runner_requires_this_manifest,data/raw/databento/opra_spxw_cbbo_1m;data/raw/databento/opra_spxw_definition;data/raw/databento/opra_spxw_ohlcv_1m;data/raw/databento/opra_spxw_statistics;data/vendor/thetadata/index/spx_1m;data/vendor/thetadata/index/vix_1m;v4/audit/autoresearch/protocol101_fair_contract_expanded_jul_dec2025_128_q1_design_input/canonical_processed_session_manifest.json;v4/audit/autoresearch/protocol101_fair_contract_expanded_jul_sep2025_64_q1_design_input/canonical_processed_session_manifest.json;v4/audit/autoresearch/protocol101_fair_contract_expanded_july_aug2025_43_q1_design_input/canonical_processed_session_manifest.json;v4/audit/autoresearch/protocol101_fair_contract_q3_q4_2025_expanded_preflight/canonical_processed_session_manifest.json;v4/audit/autoresearch/protocol101_fair_contract_q3_q4_2025_jul_dec128_preflight/canonical_processed_session_manifest.json;v4/audit/autoresearch/protocol101_fair_contract_q3_q4_2025_jul_sep64_preflight/canonical_processed_session_manifest.json
2025-08-19,owned_jul_dec2025,matched_single_rule,canonical_processed_session;raw_vendor_session,raw_file_present;usable_only_if_training_runner_requires_this_manifest,data/raw/databento/opra_spxw_cbbo_1m;data/raw/databento/opra_spxw_definition;data/raw/databento/opra_spxw_ohlcv_1m;data/raw/databento/opra_spxw_statistics;data/vendor/thetadata/index/spx_1m;data/vendor/thetadata/index/vix_1m;v4/audit/autoresearch/protocol101_fair_contract_expanded_jul_dec2025_128_q1_design_input/canonical_processed_session_manifest.json;v4/audit/autoresearch/protocol101_fair_contract_expanded_jul_sep2025_64_q1_design_input/canonical_processed_session_manifest.json;v4/audit/autoresearch/protocol101_fair_contract_expanded_july_aug2025_43_q1_design_input/canonical_processed_session_manifest.json;v4/audit/autoresearch/protocol101_fair_contract_q3_q4_2025_expanded_preflight/canonical_processed_session_manifest.json;v4/audit/autoresearch/protocol101_fair_contract_q3_q4_2025_jul_dec128_preflight/canonical_processed_session_manifest.json;v4/audit/autoresearch/protocol101_fair_contract_q3_q4_2025_jul_sep64_preflight/canonical_processed_session_manifest.json
2025-08-20,owned_jul_dec2025,matched_single_rule,canonical_processed_session;raw_vendor_session,raw_file_present;usable_only_if_training_runner_requires_this_manifest,data/raw/databento/opra_spxw_cbbo_1m;data/raw/databento/opra_spxw_definition;data/raw/databento/opra_spxw_ohlcv_1m;data/raw/databento/opra_spxw_statistics;data/vendor/thetadata/index/spx_1m;data/vendor/thetadata/index/vix_1m;v4/audit/autoresearch/protocol101_fair_contract_expanded_jul_dec2025_128_q1_design_input/canonical_processed_session_manifest.json;v4/audit/autoresearch/protocol101_fair_contract_expanded_jul_sep2025_64_q1_design_input/canonical_processed_session_manifest.json;v4/audit/autoresearch/protocol101_fair_contract_expanded_july_aug2025_43_q1_design_input/canonical_processed_session_manifest.json;v4/audit/autoresearch/protocol101_fair_contract_q3_q4_2025_expanded_preflight/canonical_processed_session_manifest.json;v4/audit/autoresearch/protocol101_fair_contract_q3_q4_2025_jul_dec128_preflight/canonical_processed_session_manifest.json;v4/audit/autoresearch/protocol101_fair_contract_q3_q4_2025_jul_sep64_preflight/canonical_processed_session_manifest.json
2025-08-21,owned_jul_dec2025,matched_single_rule,canonical_processed_session;raw_vendor_session,raw_file_present;usable_only_if_training_runner_requires_this_manifest,data/raw/databento/opra_spxw_cbbo_1m;data/raw/databento/opra_spxw_definition;data/raw/databento/opra_spxw_ohlcv_1m;data/raw/databento/opra_spxw_statistics;data/vendor/thetadata/index/spx_1m;data/vendor/thetadata/index/vix_1m;v4/audit/autoresearch/protocol101_fair_contract_expanded_jul_dec2025_128_q1_design_input/canonical_processed_session_manifest.json;v4/audit/autoresearch/protocol101_fair_contract_expanded_jul_sep2025_64_q1_design_input/canonical_processed_session_manifest.json;v4/audit/autoresearch/protocol101_fair_contract_expanded_july_aug2025_43_q1_design_input/canonical_processed_session_manifest.json;v4/audit/autoresearch/protocol101_fair_contract_q3_q4_2025_expanded_preflight/canonical_processed_session_manifest.json;v4/audit/autoresearch/protocol101_fair_contract_q3_q4_2025_jul_dec128_preflight/canonical_processed_session_manifest.json;v4/audit/autoresearch/protocol101_fair_contract_q3_q4_2025_jul_sep64_preflight/canonical_processed_session_manifest.json
2025-08-22,owned_jul_dec2025,matched_single_rule,canonical_processed_session;raw_vendor_session,raw_file_present;usable_only_if_training_runner_requires_this_manifest,data/raw/databento/opra_spxw_cbbo_1m;data/raw/databento/opra_spxw_definition;data/raw/databento/opra_spxw_ohlcv_1m;data/raw/databento/opra_spxw_statistics;data/vendor/thetadata/index/spx_1m;data/vendor/thetadata/index/vix_1m;v4/audit/autoresearch/protocol101_fair_contract_expanded_jul_dec2025_128_q1_design_input/canonical_processed_session_manifest.json;v4/audit/autoresearch/protocol101_fair_contract_expanded_jul_sep2025_64_q1_design_input/canonical_processed_session_manifest.json;v4/audit/autoresearch/protocol101_fair_contract_expanded_july_aug2025_43_q1_design_input/canonical_processed_session_manifest.json;v4/audit/autoresearch/protocol101_fair_contract_q3_q4_2025_expanded_preflight/canonical_processed_session_manifest.json;v4/audit/autoresearch/protocol101_fair_contract_q3_q4_2025_jul_dec128_preflight/canonical_processed_session_manifest.json;v4/audit/autoresearch/protocol101_fair_contract_q3_q4_2025_jul_sep64_preflight/canonical_processed_session_manifest.json
2025-08-25,owned_jul_dec2025,matched_single_rule,canonical_processed_session;raw_vendor_session,raw_file_present;usable_only_if_training_runner_requires_this_manifest,data/raw/databento/opra_spxw_cbbo_1m;data/raw/databento/opra_spxw_definition;data/raw/databento/opra_spxw_ohlcv_1m;data/raw/databento/opra_spxw_statistics;data/vendor/thetadata/index/spx_1m;data/vendor/thetadata/index/vix_1m;v4/audit/autoresearch/protocol101_fair_contract_expanded_jul_dec2025_128_q1_design_input/canonical_processed_session_manifest.json;v4/audit/autoresearch/protocol101_fair_contract_expanded_jul_sep2025_64_q1_design_input/canonical_processed_session_manifest.json;v4/audit/autoresearch/protocol101_fair_contract_expanded_july_aug2025_43_q1_design_input/canonical_processed_session_manifest.json;v4/audit/autoresearch/protocol101_fair_contract_q3_q4_2025_expanded_preflight/canonical_processed_session_manifest.json;v4/audit/autoresearch/protocol101_fair_contract_q3_q4_2025_jul_dec128_preflight/canonical_processed_session_manifest.json;v4/audit/autoresearch/protocol101_fair_contract_q3_q4_2025_jul_sep64_preflight/canonical_processed_session_manifest.json
2025-08-26,owned_jul_dec2025,matched_single_rule,canonical_processed_session;raw_vendor_session,raw_file_present;usable_only_if_training_runner_requires_this_manifest,data/raw/databento/opra_spxw_cbbo_1m;data/raw/databento/opra_spxw_definition;data/raw/databento/opra_spxw_ohlcv_1m;data/raw/databento/opra_spxw_statistics;data/vendor/thetadata/index/spx_1m;data/vendor/thetadata/index/vix_1m;v4/audit/autoresearch/protocol101_fair_contract_expanded_jul_dec2025_128_q1_design_input/canonical_processed_session_manifest.json;v4/audit/autoresearch/protocol101_fair_contract_expanded_jul_sep2025_64_q1_design_input/canonical_processed_session_manifest.json;v4/audit/autoresearch/protocol101_fair_contract_expanded_july_aug2025_43_q1_design_input/canonical_processed_session_manifest.json;v4/audit/autoresearch/protocol101_fair_contract_q3_q4_2025_expanded_preflight/canonical_processed_session_manifest.json;v4/audit/autoresearch/protocol101_fair_contract_q3_q4_2025_jul_dec128_preflight/canonical_processed_session_manifest.json;v4/audit/autoresearch/protocol101_fair_contract_q3_q4_2025_jul_sep64_preflight/canonical_processed_session_manifest.json
2025-08-27,owned_jul_dec2025,matched_single_rule,canonical_processed_session;raw_vendor_session,raw_file_present;usable_only_if_training_runner_requires_this_manifest,data/raw/databento/opra_spxw_cbbo_1m;data/raw/databento/opra_spxw_definition;data/raw/databento/opra_spxw_ohlcv_1m;data/raw/databento/opra_spxw_statistics;data/vendor/thetadata/index/spx_1m;data/vendor/thetadata/index/vix_1m;v4/audit/autoresearch/protocol101_fair_contract_expanded_jul_dec2025_128_q1_design_input/canonical_processed_session_manifest.json;v4/audit/autoresearch/protocol101_fair_contract_expanded_jul_sep2025_64_q1_design_input/canonical_processed_session_manifest.json;v4/audit/autoresearch/protocol101_fair_contract_expanded_july_aug2025_43_q1_design_input/canonical_processed_session_manifest.json;v4/audit/autoresearch/protocol101_fair_contract_q3_q4_2025_expanded_preflight/canonical_processed_session_manifest.json;v4/audit/autoresearch/protocol101_fair_contract_q3_q4_2025_jul_dec128_preflight/canonical_processed_session_manifest.json;v4/audit/autoresearch/protocol101_fair_contract_q3_q4_2025_jul_sep64_preflight/canonical_processed_session_manifest.json
2025-08-28,owned_jul_dec2025,matched_single_rule,canonical_processed_session;raw_vendor_session,raw_file_present;usable_only_if_training_runner_requires_this_manifest,data/raw/databento/opra_spxw_cbbo_1m;data/raw/databento/opra_spxw_definition;data/raw/databento/opra_spxw_ohlcv_1m;data/raw/databento/opra_spxw_statistics;data/vendor/thetadata/index/spx_1m;data/vendor/thetadata/index/vix_1m;v4/audit/autoresearch/protocol101_fair_contract_expanded_jul_dec2025_128_q1_design_input/canonical_processed_session_manifest.json;v4/audit/autoresearch/protocol101_fair_contract_expanded_jul_sep2025_64_q1_design_input/canonical_processed_session_manifest.json;v4/audit/autoresearch/protocol101_fair_contract_expanded_july_aug2025_43_q1_design_input/canonical_processed_session_manifest.json;v4/audit/autoresearch/protocol101_fair_contract_q3_q4_2025_expanded_preflight/canonical_processed_session_manifest.json;v4/audit/autoresearch/protocol101_fair_contract_q3_q4_2025_jul_dec128_preflight/canonical_processed_session_manifest.json;v4/audit/autoresearch/protocol101_fair_contract_q3_q4_2025_jul_sep64_preflight/canonical_processed_session_manifest.json
2025-08-29,owned_jul_dec2025,matched_single_rule,canonical_processed_session;raw_vendor_session,raw_file_present;usable_only_if_training_runner_requires_this_manifest,data/raw/databento/opra_spxw_cbbo_1m;data/raw/databento/opra_spxw_definition;data/raw/databento/opra_spxw_ohlcv_1m;data/raw/databento/opra_spxw_statistics;data/vendor/thetadata/index/spx_1m;data/vendor/thetadata/index/vix_1m;v4/audit/autoresearch/protocol101_fair_contract_expanded_jul_dec2025_128_q1_design_input/canonical_processed_session_manifest.json;v4/audit/autoresearch/protocol101_fair_contract_expanded_jul_sep2025_64_q1_design_input/canonical_processed_session_manifest.json;v4/audit/autoresearch/protocol101_fair_contract_expanded_july_aug2025_43_q1_design_input/canonical_processed_session_manifest.json;v4/audit/autoresearch/protocol101_fair_contract_q3_q4_2025_expanded_preflight/canonical_processed_session_manifest.json;v4/audit/autoresearch/protocol101_fair_contract_q3_q4_2025_jul_dec128_preflight/canonical_processed_session_manifest.json;v4/audit/autoresearch/protocol101_fair_contract_q3_q4_2025_jul_sep64_preflight/canonical_processed_session_manifest.json
2025-09-01,owned_jul_dec2025,matched_single_rule,raw_vendor_session,raw_file_present,data/vendor/thetadata/index/vix_1m
2025-09-02,owned_jul_dec2025,matched_single_rule,canonical_processed_session;raw_vendor_session,raw_file_present;usable_only_if_training_runner_requires_this_manifest,data/raw/databento/opra_spxw_cbbo_1m;data/raw/databento/opra_spxw_definition;data/raw/databento/opra_spxw_ohlcv_1m;data/raw/databento/opra_spxw_statistics;data/vendor/thetadata/index/spx_1m;data/vendor/thetadata/index/vix_1m;v4/audit/autoresearch/protocol101_fair_contract_expanded_jul_dec2025_128_q1_design_input/canonical_processed_session_manifest.json;v4/audit/autoresearch/protocol101_fair_contract_expanded_jul_sep2025_64_q1_design_input/canonical_processed_session_manifest.json;v4/audit/autoresearch/protocol101_fair_contract_q3_q4_2025_jul_dec128_preflight/canonical_processed_session_manifest.json;v4/audit/autoresearch/protocol101_fair_contract_q3_q4_2025_jul_sep64_preflight/canonical_processed_session_manifest.json
2025-09-03,owned_jul_dec2025,matched_single_rule,canonical_processed_session;raw_vendor_session,raw_file_present;usable_only_if_training_runner_requires_this_manifest,data/raw/databento/opra_spxw_cbbo_1m;data/raw/databento/opra_spxw_definition;data/raw/databento/opra_spxw_ohlcv_1m;data/raw/databento/opra_spxw_statistics;data/vendor/thetadata/index/spx_1m;data/vendor/thetadata/index/vix_1m;v4/audit/autoresearch/protocol101_fair_contract_expanded_jul_dec2025_128_q1_design_input/canonical_processed_session_manifest.json;v4/audit/autoresearch/protocol101_fair_contract_expanded_jul_sep2025_64_q1_design_input/canonical_processed_session_manifest.json;v4/audit/autoresearch/protocol101_fair_contract_q3_q4_2025_jul_dec128_preflight/canonical_processed_session_manifest.json;v4/audit/autoresearch/protocol101_fair_contract_q3_q4_2025_jul_sep64_preflight/canonical_processed_session_manifest.json
2025-09-04,owned_jul_dec2025,matched_single_rule,canonical_processed_session;raw_vendor_session,raw_file_present;usable_only_if_training_runner_requires_this_manifest,data/raw/databento/opra_spxw_cbbo_1m;data/raw/databento/opra_spxw_definition;data/raw/databento/opra_spxw_ohlcv_1m;data/raw/databento/opra_spxw_statistics;data/vendor/thetadata/index/spx_1m;data/vendor/thetadata/index/vix_1m;v4/audit/autoresearch/protocol101_fair_contract_expanded_jul_dec2025_128_q1_design_input/canonical_processed_session_manifest.json;v4/audit/autoresearch/protocol101_fair_contract_expanded_jul_sep2025_64_q1_design_input/canonical_processed_session_manifest.json;v4/audit/autoresearch/protocol101_fair_contract_q3_q4_2025_jul_dec128_preflight/canonical_processed_session_manifest.json;v4/audit/autoresearch/protocol101_fair_contract_q3_q4_2025_jul_sep64_preflight/canonical_processed_session_manifest.json
2025-09-05,owned_jul_dec2025,matched_single_rule,canonical_processed_session;raw_vendor_session,raw_file_present;usable_only_if_training_runner_requires_this_manifest,data/raw/databento/opra_spxw_cbbo_1m;data/raw/databento/opra_spxw_definition;data/raw/databento/opra_spxw_ohlcv_1m;data/raw/databento/opra_spxw_statistics;data/vendor/thetadata/index/spx_1m;data/vendor/thetadata/index/vix_1m;v4/audit/autoresearch/protocol101_fair_contract_expanded_jul_dec2025_128_q1_design_input/canonical_processed_session_manifest.json;v4/audit/autoresearch/protocol101_fair_contract_expanded_jul_sep2025_64_q1_design_input/canonical_processed_session_manifest.json;v4/audit/autoresearch/protocol101_fair_contract_q3_q4_2025_jul_dec128_preflight/canonical_processed_session_manifest.json;v4/audit/autoresearch/protocol101_fair_contract_q3_q4_2025_jul_sep64_preflight/canonical_processed_session_manifest.json
2025-09-08,owned_jul_dec2025,matched_single_rule,canonical_processed_session;raw_vendor_session,raw_file_present;usable_only_if_training_runner_requires_this_manifest,data/raw/databento/opra_spxw_cbbo_1m;data/raw/databento/opra_spxw_definition;data/raw/databento/opra_spxw_ohlcv_1m;data/raw/databento/opra_spxw_statistics;data/vendor/thetadata/index/spx_1m;data/vendor/thetadata/index/vix_1m;v4/audit/autoresearch/protocol101_fair_contract_expanded_jul_dec2025_128_q1_design_input/canonical_processed_session_manifest.json;v4/audit/autoresearch/protocol101_fair_contract_expanded_jul_sep2025_64_q1_design_input/canonical_processed_session_manifest.json;v4/audit/autoresearch/protocol101_fair_contract_q3_q4_2025_jul_dec128_preflight/canonical_processed_session_manifest.json;v4/audit/autoresearch/protocol101_fair_contract_q3_q4_2025_jul_sep64_preflight/canonical_processed_session_manifest.json
2025-09-09,owned_jul_dec2025,matched_single_rule,canonical_processed_session;raw_vendor_session,raw_file_present;usable_only_if_training_runner_requires_this_manifest,data/raw/databento/opra_spxw_cbbo_1m;data/raw/databento/opra_spxw_definition;data/raw/databento/opra_spxw_ohlcv_1m;data/raw/databento/opra_spxw_statistics;data/vendor/thetadata/index/spx_1m;data/vendor/thetadata/index/vix_1m;v4/audit/autoresearch/protocol101_fair_contract_expanded_jul_dec2025_128_q1_design_input/canonical_processed_session_manifest.json;v4/audit/autoresearch/protocol101_fair_contract_expanded_jul_sep2025_64_q1_design_input/canonical_processed_session_manifest.json;v4/audit/autoresearch/protocol101_fair_contract_q3_q4_2025_jul_dec128_preflight/canonical_processed_session_manifest.json;v4/audit/autoresearch/protocol101_fair_contract_q3_q4_2025_jul_sep64_preflight/canonical_processed_session_manifest.json
2025-09-10,owned_jul_dec2025,matched_single_rule,canonical_processed_session;raw_vendor_session,raw_file_present;usable_only_if_training_runner_requires_this_manifest,data/raw/databento/opra_spxw_cbbo_1m;data/raw/databento/opra_spxw_definition;data/raw/databento/opra_spxw_ohlcv_1m;data/raw/databento/opra_spxw_statistics;data/vendor/thetadata/index/spx_1m;data/vendor/thetadata/index/vix_1m;v4/audit/autoresearch/protocol101_fair_contract_expanded_jul_dec2025_128_q1_design_input/canonical_processed_session_manifest.json;v4/audit/autoresearch/protocol101_fair_contract_expanded_jul_sep2025_64_q1_design_input/canonical_processed_session_manifest.json;v4/audit/autoresearch/protocol101_fair_contract_q3_q4_2025_jul_dec128_preflight/canonical_processed_session_manifest.json;v4/audit/autoresearch/protocol101_fair_contract_q3_q4_2025_jul_sep64_preflight/canonical_processed_session_manifest.json
2025-09-11,owned_jul_dec2025,matched_single_rule,canonical_processed_session;raw_vendor_session,raw_file_present;usable_only_if_training_runner_requires_this_manifest,data/raw/databento/opra_spxw_cbbo_1m;data/raw/databento/opra_spxw_definition;data/raw/databento/opra_spxw_ohlcv_1m;data/raw/databento/opra_spxw_statistics;data/vendor/thetadata/index/spx_1m;data/vendor/thetadata/index/vix_1m;v4/audit/autoresearch/protocol101_fair_contract_expanded_jul_dec2025_128_q1_design_input/canonical_processed_session_manifest.json;v4/audit/autoresearch/protocol101_fair_contract_expanded_jul_sep2025_64_q1_design_input/canonical_processed_session_manifest.json;v4/audit/autoresearch/protocol101_fair_contract_q3_q4_2025_jul_dec128_preflight/canonical_processed_session_manifest.json;v4/audit/autoresearch/protocol101_fair_contract_q3_q4_2025_jul_sep64_preflight/canonical_processed_session_manifest.json
2025-09-12,owned_jul_dec2025,matched_single_rule,canonical_processed_session;raw_vendor_session,raw_file_present;usable_only_if_training_runner_requires_this_manifest,data/raw/databento/opra_spxw_cbbo_1m;data/raw/databento/opra_spxw_definition;data/raw/databento/opra_spxw_ohlcv_1m;data/raw/databento/opra_spxw_statistics;data/vendor/thetadata/index/spx_1m;data/vendor/thetadata/index/vix_1m;v4/audit/autoresearch/protocol101_fair_contract_expanded_jul_dec2025_128_q1_design_input/canonical_processed_session_manifest.json;v4/audit/autoresearch/protocol101_fair_contract_expanded_jul_sep2025_64_q1_design_input/canonical_processed_session_manifest.json;v4/audit/autoresearch/protocol101_fair_contract_q3_q4_2025_jul_dec128_preflight/canonical_processed_session_manifest.json;v4/audit/autoresearch/protocol101_fair_contract_q3_q4_2025_jul_sep64_preflight/canonical_processed_session_manifest.json
2025-09-15,owned_jul_dec2025,matched_single_rule,canonical_processed_session;raw_vendor_session,raw_file_present;usable_only_if_training_runner_requires_this_manifest,data/raw/databento/opra_spxw_cbbo_1m;data/raw/databento/opra_spxw_definition;data/raw/databento/opra_spxw_ohlcv_1m;data/raw/databento/opra_spxw_statistics;data/vendor/thetadata/index/spx_1m;data/vendor/thetadata/index/vix_1m;v4/audit/autoresearch/protocol101_fair_contract_expanded_jul_dec2025_128_q1_design_input/canonical_processed_session_manifest.json;v4/audit/autoresearch/protocol101_fair_contract_expanded_jul_sep2025_64_q1_design_input/canonical_processed_session_manifest.json;v4/audit/autoresearch/protocol101_fair_contract_q3_q4_2025_jul_dec128_preflight/canonical_processed_session_manifest.json;v4/audit/autoresearch/protocol101_fair_contract_q3_q4_2025_jul_sep64_preflight/canonical_processed_session_manifest.json
2025-09-16,owned_jul_dec2025,matched_single_rule,canonical_processed_session;raw_vendor_session,raw_file_present;usable_only_if_training_runner_requires_this_manifest,data/raw/databento/opra_spxw_cbbo_1m;data/raw/databento/opra_spxw_definition;data/raw/databento/opra_spxw_ohlcv_1m;data/raw/databento/opra_spxw_statistics;data/vendor/thetadata/index/spx_1m;data/vendor/thetadata/index/vix_1m;v4/audit/autoresearch/protocol101_fair_contract_expanded_jul_dec2025_128_q1_design_input/canonical_processed_session_manifest.json;v4/audit/autoresearch/protocol101_fair_contract_expanded_jul_sep2025_64_q1_design_input/canonical_processed_session_manifest.json;v4/audit/autoresearch/protocol101_fair_contract_q3_q4_2025_jul_dec128_preflight/canonical_processed_session_manifest.json;v4/audit/autoresearch/protocol101_fair_contract_q3_q4_2025_jul_sep64_preflight/canonical_processed_session_manifest.json
2025-09-17,owned_jul_dec2025,matched_single_rule,canonical_processed_session;raw_vendor_session,raw_file_present;usable_only_if_training_runner_requires_this_manifest,data/raw/databento/opra_spxw_cbbo_1m;data/raw/databento/opra_spxw_definition;data/raw/databento/opra_spxw_ohlcv_1m;data/raw/databento/opra_spxw_statistics;data/vendor/thetadata/index/spx_1m;data/vendor/thetadata/index/vix_1m;v4/audit/autoresearch/protocol101_fair_contract_expanded_jul_dec2025_128_q1_design_input/canonical_processed_session_manifest.json;v4/audit/autoresearch/protocol101_fair_contract_expanded_jul_sep2025_64_q1_design_input/canonical_processed_session_manifest.json;v4/audit/autoresearch/protocol101_fair_contract_q3_q4_2025_jul_dec128_preflight/canonical_processed_session_manifest.json;v4/audit/autoresearch/protocol101_fair_contract_q3_q4_2025_jul_sep64_preflight/canonical_processed_session_manifest.json
2025-09-18,owned_jul_dec2025,matched_single_rule,canonical_processed_session;raw_vendor_session,raw_file_present;usable_only_if_training_runner_requires_this_manifest,data/raw/databento/opra_spxw_cbbo_1m;data/raw/databento/opra_spxw_definition;data/raw/databento/opra_spxw_ohlcv_1m;data/raw/databento/opra_spxw_statistics;data/vendor/thetadata/index/spx_1m;data/vendor/thetadata/index/vix_1m;v4/audit/autoresearch/protocol101_fair_contract_expanded_jul_dec2025_128_q1_design_input/canonical_processed_session_manifest.json;v4/audit/autoresearch/protocol101_fair_contract_expanded_jul_sep2025_64_q1_design_input/canonical_processed_session_manifest.json;v4/audit/autoresearch/protocol101_fair_contract_q3_q4_2025_jul_dec128_preflight/canonical_processed_session_manifest.json;v4/audit/autoresearch/protocol101_fair_contract_q3_q4_2025_jul_sep64_preflight/canonical_processed_session_manifest.json
2025-09-19,owned_jul_dec2025,matched_single_rule,canonical_processed_session;raw_vendor_session,raw_file_present;usable_only_if_training_runner_requires_this_manifest,data/raw/databento/opra_spxw_cbbo_1m;data/raw/databento/opra_spxw_definition;data/raw/databento/opra_spxw_ohlcv_1m;data/raw/databento/opra_spxw_statistics;data/vendor/thetadata/index/spx_1m;data/vendor/thetadata/index/vix_1m;v4/audit/autoresearch/protocol101_fair_contract_expanded_jul_dec2025_128_q1_design_input/canonical_processed_session_manifest.json;v4/audit/autoresearch/protocol101_fair_contract_expanded_jul_sep2025_64_q1_design_input/canonical_processed_session_manifest.json;v4/audit/autoresearch/protocol101_fair_contract_q3_q4_2025_jul_dec128_preflight/canonical_processed_session_manifest.json;v4/audit/autoresearch/protocol101_fair_contract_q3_q4_2025_jul_sep64_preflight/canonical_processed_session_manifest.json
2025-09-22,owned_jul_dec2025,matched_single_rule,canonical_processed_session;raw_vendor_session,raw_file_present;usable_only_if_training_runner_requires_this_manifest,data/raw/databento/opra_spxw_cbbo_1m;data/raw/databento/opra_spxw_definition;data/raw/databento/opra_spxw_ohlcv_1m;data/raw/databento/opra_spxw_statistics;data/vendor/thetadata/index/spx_1m;data/vendor/thetadata/index/vix_1m;v4/audit/autoresearch/protocol101_fair_contract_expanded_jul_dec2025_128_q1_design_input/canonical_processed_session_manifest.json;v4/audit/autoresearch/protocol101_fair_contract_expanded_jul_sep2025_64_q1_design_input/canonical_processed_session_manifest.json;v4/audit/autoresearch/protocol101_fair_contract_q3_q4_2025_jul_dec128_preflight/canonical_processed_session_manifest.json;v4/audit/autoresearch/protocol101_fair_contract_q3_q4_2025_jul_sep64_preflight/canonical_processed_session_manifest.json
2025-09-23,owned_jul_dec2025,matched_single_rule,canonical_processed_session;raw_vendor_session,raw_file_present;usable_only_if_training_runner_requires_this_manifest,data/raw/databento/opra_spxw_cbbo_1m;data/raw/databento/opra_spxw_definition;data/raw/databento/opra_spxw_ohlcv_1m;data/raw/databento/opra_spxw_statistics;data/vendor/thetadata/index/spx_1m;data/vendor/thetadata/index/vix_1m;v4/audit/autoresearch/protocol101_fair_contract_expanded_jul_dec2025_128_q1_design_input/canonical_processed_session_manifest.json;v4/audit/autoresearch/protocol101_fair_contract_expanded_jul_sep2025_64_q1_design_input/canonical_processed_session_manifest.json;v4/audit/autoresearch/protocol101_fair_contract_q3_q4_2025_jul_dec128_preflight/canonical_processed_session_manifest.json;v4/audit/autoresearch/protocol101_fair_contract_q3_q4_2025_jul_sep64_preflight/canonical_processed_session_manifest.json
2025-09-24,owned_jul_dec2025,matched_single_rule,canonical_processed_session;raw_vendor_session,raw_file_present;usable_only_if_training_runner_requires_this_manifest,data/raw/databento/opra_spxw_cbbo_1m;data/raw/databento/opra_spxw_definition;data/raw/databento/opra_spxw_ohlcv_1m;data/raw/databento/opra_spxw_statistics;data/vendor/thetadata/index/spx_1m;data/vendor/thetadata/index/vix_1m;v4/audit/autoresearch/protocol101_fair_contract_expanded_jul_dec2025_128_q1_design_input/canonical_processed_session_manifest.json;v4/audit/autoresearch/protocol101_fair_contract_expanded_jul_sep2025_64_q1_design_input/canonical_processed_session_manifest.json;v4/audit/autoresearch/protocol101_fair_contract_q3_q4_2025_jul_dec128_preflight/canonical_processed_session_manifest.json;v4/audit/autoresearch/protocol101_fair_contract_q3_q4_2025_jul_sep64_preflight/canonical_processed_session_manifest.json
2025-09-25,owned_jul_dec2025,matched_single_rule,canonical_processed_session;raw_vendor_session,raw_file_present;usable_only_if_training_runner_requires_this_manifest,data/raw/databento/opra_spxw_cbbo_1m;data/raw/databento/opra_spxw_definition;data/raw/databento/opra_spxw_ohlcv_1m;data/raw/databento/opra_spxw_statistics;data/vendor/thetadata/index/spx_1m;data/vendor/thetadata/index/vix_1m;v4/audit/autoresearch/protocol101_fair_contract_expanded_jul_dec2025_128_q1_design_input/canonical_processed_session_manifest.json;v4/audit/autoresearch/protocol101_fair_contract_expanded_jul_sep2025_64_q1_design_input/canonical_processed_session_manifest.json;v4/audit/autoresearch/protocol101_fair_contract_q3_q4_2025_jul_dec128_preflight/canonical_processed_session_manifest.json;v4/audit/autoresearch/protocol101_fair_contract_q3_q4_2025_jul_sep64_preflight/canonical_processed_session_manifest.json
2025-09-26,owned_jul_dec2025,matched_single_rule,canonical_processed_session;raw_vendor_session,raw_file_present;usable_only_if_training_runner_requires_this_manifest,data/raw/databento/opra_spxw_cbbo_1m;data/raw/databento/opra_spxw_definition;data/raw/databento/opra_spxw_ohlcv_1m;data/raw/databento/opra_spxw_statistics;data/vendor/thetadata/index/spx_1m;data/vendor/thetadata/index/vix_1m;v4/audit/autoresearch/protocol101_fair_contract_expanded_jul_dec2025_128_q1_design_input/canonical_processed_session_manifest.json;v4/audit/autoresearch/protocol101_fair_contract_expanded_jul_sep2025_64_q1_design_input/canonical_processed_session_manifest.json;v4/audit/autoresearch/protocol101_fair_contract_q3_q4_2025_jul_dec128_preflight/canonical_processed_session_manifest.json;v4/audit/autoresearch/protocol101_fair_contract_q3_q4_2025_jul_sep64_preflight/canonical_processed_session_manifest.json
2025-09-29,owned_jul_dec2025,matched_single_rule,canonical_processed_session;raw_vendor_session,raw_file_present;usable_only_if_training_runner_requires_this_manifest,data/raw/databento/opra_spxw_cbbo_1m;data/raw/databento/opra_spxw_definition;data/raw/databento/opra_spxw_ohlcv_1m;data/raw/databento/opra_spxw_statistics;data/vendor/thetadata/index/spx_1m;data/vendor/thetadata/index/vix_1m;v4/audit/autoresearch/protocol101_fair_contract_expanded_jul_dec2025_128_q1_design_input/canonical_processed_session_manifest.json;v4/audit/autoresearch/protocol101_fair_contract_expanded_jul_sep2025_64_q1_design_input/canonical_processed_session_manifest.json;v4/audit/autoresearch/protocol101_fair_contract_q3_q4_2025_jul_dec128_preflight/canonical_processed_session_manifest.json;v4/audit/autoresearch/protocol101_fair_contract_q3_q4_2025_jul_sep64_preflight/canonical_processed_session_manifest.json
2025-09-30,owned_jul_dec2025,matched_single_rule,canonical_processed_session;raw_vendor_session,raw_file_present;usable_only_if_training_runner_requires_this_manifest,data/raw/databento/opra_spxw_cbbo_1m;data/raw/databento/opra_spxw_definition;data/raw/databento/opra_spxw_ohlcv_1m;data/raw/databento/opra_spxw_statistics;data/vendor/thetadata/index/spx_1m;data/vendor/thetadata/index/vix_1m;v4/audit/autoresearch/protocol101_fair_contract_expanded_jul_dec2025_128_q1_design_input/canonical_processed_session_manifest.json;v4/audit/autoresearch/protocol101_fair_contract_expanded_jul_sep2025_64_q1_design_input/canonical_processed_session_manifest.json;v4/audit/autoresearch/protocol101_fair_contract_q3_q4_2025_jul_dec128_preflight/canonical_processed_session_manifest.json;v4/audit/autoresearch/protocol101_fair_contract_q3_q4_2025_jul_sep64_preflight/canonical_processed_session_manifest.json
2025-10-01,owned_jul_dec2025,matched_single_rule,canonical_processed_session;raw_vendor_session,raw_file_present;usable_only_if_training_runner_requires_this_manifest,data/raw/databento/opra_spxw_cbbo_1m;data/raw/databento/opra_spxw_definition;data/raw/databento/opra_spxw_ohlcv_1m;data/raw/databento/opra_spxw_statistics;data/vendor/thetadata/index/spx_1m;data/vendor/thetadata/index/vix_1m;v4/audit/autoresearch/protocol101_fair_contract_expanded_jul_dec2025_128_q1_design_input/canonical_processed_session_manifest.json;v4/audit/autoresearch/protocol101_fair_contract_q3_q4_2025_jul_dec128_preflight/canonical_processed_session_manifest.json
2025-10-02,owned_jul_dec2025,matched_single_rule,canonical_processed_session;raw_vendor_session,raw_file_present;usable_only_if_training_runner_requires_this_manifest,data/raw/databento/opra_spxw_cbbo_1m;data/raw/databento/opra_spxw_definition;data/raw/databento/opra_spxw_ohlcv_1m;data/raw/databento/opra_spxw_statistics;data/vendor/thetadata/index/spx_1m;data/vendor/thetadata/index/vix_1m;v4/audit/autoresearch/protocol101_fair_contract_expanded_jul_dec2025_128_q1_design_input/canonical_processed_session_manifest.json;v4/audit/autoresearch/protocol101_fair_contract_q3_q4_2025_jul_dec128_preflight/canonical_processed_session_manifest.json
2025-10-03,owned_jul_dec2025,matched_single_rule,canonical_processed_session;raw_vendor_session,raw_file_present;usable_only_if_training_runner_requires_this_manifest,data/raw/databento/opra_spxw_cbbo_1m;data/raw/databento/opra_spxw_definition;data/raw/databento/opra_spxw_ohlcv_1m;data/raw/databento/opra_spxw_statistics;data/vendor/thetadata/index/spx_1m;data/vendor/thetadata/index/vix_1m;v4/audit/autoresearch/protocol101_fair_contract_expanded_jul_dec2025_128_q1_design_input/canonical_processed_session_manifest.json;v4/audit/autoresearch/protocol101_fair_contract_q3_q4_2025_jul_dec128_preflight/canonical_processed_session_manifest.json
2025-10-06,owned_jul_dec2025,matched_single_rule,canonical_processed_session;raw_vendor_session,raw_file_present;usable_only_if_training_runner_requires_this_manifest,data/raw/databento/opra_spxw_cbbo_1m;data/raw/databento/opra_spxw_definition;data/raw/databento/opra_spxw_ohlcv_1m;data/raw/databento/opra_spxw_statistics;data/vendor/thetadata/index/spx_1m;data/vendor/thetadata/index/vix_1m;v4/audit/autoresearch/protocol101_fair_contract_expanded_jul_dec2025_128_q1_design_input/canonical_processed_session_manifest.json;v4/audit/autoresearch/protocol101_fair_contract_q3_q4_2025_jul_dec128_preflight/canonical_processed_session_manifest.json
2025-10-07,owned_jul_dec2025,matched_single_rule,canonical_processed_session;raw_vendor_session,raw_file_present;usable_only_if_training_runner_requires_this_manifest,data/raw/databento/opra_spxw_cbbo_1m;data/raw/databento/opra_spxw_definition;data/raw/databento/opra_spxw_ohlcv_1m;data/raw/databento/opra_spxw_statistics;data/vendor/thetadata/index/spx_1m;data/vendor/thetadata/index/vix_1m;v4/audit/autoresearch/protocol101_fair_contract_expanded_jul_dec2025_128_q1_design_input/canonical_processed_session_manifest.json;v4/audit/autoresearch/protocol101_fair_contract_q3_q4_2025_jul_dec128_preflight/canonical_processed_session_manifest.json
2025-10-08,owned_jul_dec2025,matched_single_rule,canonical_processed_session;raw_vendor_session,raw_file_present;usable_only_if_training_runner_requires_this_manifest,data/raw/databento/opra_spxw_cbbo_1m;data/raw/databento/opra_spxw_definition;data/raw/databento/opra_spxw_ohlcv_1m;data/raw/databento/opra_spxw_statistics;data/vendor/thetadata/index/spx_1m;data/vendor/thetadata/index/vix_1m;v4/audit/autoresearch/protocol101_fair_contract_expanded_jul_dec2025_128_q1_design_input/canonical_processed_session_manifest.json;v4/audit/autoresearch/protocol101_fair_contract_q3_q4_2025_jul_dec128_preflight/canonical_processed_session_manifest.json
2025-10-09,owned_jul_dec2025,matched_single_rule,canonical_processed_session;raw_vendor_session,raw_file_present;usable_only_if_training_runner_requires_this_manifest,data/raw/databento/opra_spxw_cbbo_1m;data/raw/databento/opra_spxw_definition;data/raw/databento/opra_spxw_ohlcv_1m;data/raw/databento/opra_spxw_statistics;data/vendor/thetadata/index/spx_1m;data/vendor/thetadata/index/vix_1m;v4/audit/autoresearch/protocol101_fair_contract_expanded_jul_dec2025_128_q1_design_input/canonical_processed_session_manifest.json;v4/audit/autoresearch/protocol101_fair_contract_q3_q4_2025_jul_dec128_preflight/canonical_processed_session_manifest.json
2025-10-10,owned_jul_dec2025,matched_single_rule,canonical_processed_session;raw_vendor_session,raw_file_present;usable_only_if_training_runner_requires_this_manifest,data/raw/databento/opra_spxw_cbbo_1m;data/raw/databento/opra_spxw_definition;data/raw/databento/opra_spxw_ohlcv_1m;data/raw/databento/opra_spxw_statistics;data/vendor/thetadata/index/spx_1m;data/vendor/thetadata/index/vix_1m;v4/audit/autoresearch/protocol101_fair_contract_expanded_jul_dec2025_128_q1_design_input/canonical_processed_session_manifest.json;v4/audit/autoresearch/protocol101_fair_contract_q3_q4_2025_jul_dec128_preflight/canonical_processed_session_manifest.json
2025-10-13,owned_jul_dec2025,matched_single_rule,canonical_processed_session;raw_vendor_session,raw_file_present;usable_only_if_training_runner_requires_this_manifest,data/raw/databento/opra_spxw_cbbo_1m;data/raw/databento/opra_spxw_definition;data/raw/databento/opra_spxw_ohlcv_1m;data/raw/databento/opra_spxw_statistics;data/vendor/thetadata/index/spx_1m;data/vendor/thetadata/index/vix_1m;v4/audit/autoresearch/protocol101_fair_contract_expanded_jul_dec2025_128_q1_design_input/canonical_processed_session_manifest.json;v4/audit/autoresearch/protocol101_fair_contract_q3_q4_2025_jul_dec128_preflight/canonical_processed_session_manifest.json
2025-10-14,owned_jul_dec2025,matched_single_rule,canonical_processed_session;raw_vendor_session,raw_file_present;usable_only_if_training_runner_requires_this_manifest,data/raw/databento/opra_spxw_cbbo_1m;data/raw/databento/opra_spxw_definition;data/raw/databento/opra_spxw_ohlcv_1m;data/raw/databento/opra_spxw_statistics;data/vendor/thetadata/index/spx_1m;data/vendor/thetadata/index/vix_1m;v4/audit/autoresearch/protocol101_fair_contract_expanded_jul_dec2025_128_q1_design_input/canonical_processed_session_manifest.json;v4/audit/autoresearch/protocol101_fair_contract_q3_q4_2025_jul_dec128_preflight/canonical_processed_session_manifest.json
2025-10-15,owned_jul_dec2025,matched_single_rule,canonical_processed_session;raw_vendor_session,raw_file_present;usable_only_if_training_runner_requires_this_manifest,data/raw/databento/opra_spxw_cbbo_1m;data/raw/databento/opra_spxw_definition;data/raw/databento/opra_spxw_ohlcv_1m;data/raw/databento/opra_spxw_statistics;data/vendor/thetadata/index/spx_1m;data/vendor/thetadata/index/vix_1m;v4/audit/autoresearch/protocol101_fair_contract_expanded_jul_dec2025_128_q1_design_input/canonical_processed_session_manifest.json;v4/audit/autoresearch/protocol101_fair_contract_q3_q4_2025_jul_dec128_preflight/canonical_processed_session_manifest.json
2025-10-16,owned_jul_dec2025,matched_single_rule,canonical_processed_session;raw_vendor_session,raw_file_present;usable_only_if_training_runner_requires_this_manifest,data/raw/databento/opra_spxw_cbbo_1m;data/raw/databento/opra_spxw_definition;data/raw/databento/opra_spxw_ohlcv_1m;data/raw/databento/opra_spxw_statistics;data/vendor/thetadata/index/spx_1m;data/vendor/thetadata/index/vix_1m;v4/audit/autoresearch/protocol101_fair_contract_expanded_jul_dec2025_128_q1_design_input/canonical_processed_session_manifest.json;v4/audit/autoresearch/protocol101_fair_contract_q3_q4_2025_jul_dec128_preflight/canonical_processed_session_manifest.json
2025-10-17,owned_jul_dec2025,matched_single_rule,canonical_processed_session;raw_vendor_session,raw_file_present;usable_only_if_training_runner_requires_this_manifest,data/raw/databento/opra_spxw_cbbo_1m;data/raw/databento/opra_spxw_definition;data/raw/databento/opra_spxw_ohlcv_1m;data/raw/databento/opra_spxw_statistics;data/vendor/thetadata/index/spx_1m;data/vendor/thetadata/index/vix_1m;v4/audit/autoresearch/protocol101_fair_contract_expanded_jul_dec2025_128_q1_design_input/canonical_processed_session_manifest.json;v4/audit/autoresearch/protocol101_fair_contract_q3_q4_2025_jul_dec128_preflight/canonical_processed_session_manifest.json
2025-10-20,owned_jul_dec2025,matched_single_rule,canonical_processed_session;raw_vendor_session,raw_file_present;usable_only_if_training_runner_requires_this_manifest,data/raw/databento/opra_spxw_cbbo_1m;data/raw/databento/opra_spxw_definition;data/raw/databento/opra_spxw_ohlcv_1m;data/raw/databento/opra_spxw_statistics;data/vendor/thetadata/index/spx_1m;data/vendor/thetadata/index/vix_1m;v4/audit/autoresearch/protocol101_fair_contract_expanded_jul_dec2025_128_q1_design_input/canonical_processed_session_manifest.json;v4/audit/autoresearch/protocol101_fair_contract_q3_q4_2025_jul_dec128_preflight/canonical_processed_session_manifest.json
2025-10-21,owned_jul_dec2025,matched_single_rule,canonical_processed_session;raw_vendor_session,raw_file_present;usable_only_if_training_runner_requires_this_manifest,data/raw/databento/opra_spxw_cbbo_1m;data/raw/databento/opra_spxw_definition;data/raw/databento/opra_spxw_ohlcv_1m;data/raw/databento/opra_spxw_statistics;data/vendor/thetadata/index/spx_1m;data/vendor/thetadata/index/vix_1m;v4/audit/autoresearch/protocol101_fair_contract_expanded_jul_dec2025_128_q1_design_input/canonical_processed_session_manifest.json;v4/audit/autoresearch/protocol101_fair_contract_q3_q4_2025_jul_dec128_preflight/canonical_processed_session_manifest.json
2025-10-22,owned_jul_dec2025,matched_single_rule,canonical_processed_session;raw_vendor_session,raw_file_present;usable_only_if_training_runner_requires_this_manifest,data/raw/databento/opra_spxw_cbbo_1m;data/raw/databento/opra_spxw_definition;data/raw/databento/opra_spxw_ohlcv_1m;data/raw/databento/opra_spxw_statistics;data/vendor/thetadata/index/spx_1m;data/vendor/thetadata/index/vix_1m;v4/audit/autoresearch/protocol101_fair_contract_expanded_jul_dec2025_128_q1_design_input/canonical_processed_session_manifest.json;v4/audit/autoresearch/protocol101_fair_contract_q3_q4_2025_jul_dec128_preflight/canonical_processed_session_manifest.json
2025-10-23,owned_jul_dec2025,matched_single_rule,canonical_processed_session;raw_vendor_session,raw_file_present;usable_only_if_training_runner_requires_this_manifest,data/raw/databento/opra_spxw_cbbo_1m;data/raw/databento/opra_spxw_definition;data/raw/databento/opra_spxw_ohlcv_1m;data/raw/databento/opra_spxw_statistics;data/vendor/thetadata/index/spx_1m;data/vendor/thetadata/index/vix_1m;v4/audit/autoresearch/protocol101_fair_contract_expanded_jul_dec2025_128_q1_design_input/canonical_processed_session_manifest.json;v4/audit/autoresearch/protocol101_fair_contract_q3_q4_2025_jul_dec128_preflight/canonical_processed_session_manifest.json
2025-10-24,owned_jul_dec2025,matched_single_rule,canonical_processed_session;raw_vendor_session,raw_file_present;usable_only_if_training_runner_requires_this_manifest,data/raw/databento/opra_spxw_cbbo_1m;data/raw/databento/opra_spxw_definition;data/raw/databento/opra_spxw_ohlcv_1m;data/raw/databento/opra_spxw_statistics;data/vendor/thetadata/index/spx_1m;data/vendor/thetadata/index/vix_1m;v4/audit/autoresearch/protocol101_fair_contract_expanded_jul_dec2025_128_q1_design_input/canonical_processed_session_manifest.json;v4/audit/autoresearch/protocol101_fair_contract_q3_q4_2025_jul_dec128_preflight/canonical_processed_session_manifest.json
2025-10-27,owned_jul_dec2025,matched_single_rule,canonical_processed_session;raw_vendor_session,raw_file_present;usable_only_if_training_runner_requires_this_manifest,data/raw/databento/opra_spxw_cbbo_1m;data/raw/databento/opra_spxw_definition;data/raw/databento/opra_spxw_ohlcv_1m;data/raw/databento/opra_spxw_statistics;data/vendor/thetadata/index/spx_1m;data/vendor/thetadata/index/vix_1m;v4/audit/autoresearch/protocol101_fair_contract_expanded_jul_dec2025_128_q1_design_input/canonical_processed_session_manifest.json;v4/audit/autoresearch/protocol101_fair_contract_q3_q4_2025_jul_dec128_preflight/canonical_processed_session_manifest.json
2025-10-28,owned_jul_dec2025,matched_single_rule,canonical_processed_session;raw_vendor_session,raw_file_present;usable_only_if_training_runner_requires_this_manifest,data/raw/databento/opra_spxw_cbbo_1m;data/raw/databento/opra_spxw_definition;data/raw/databento/opra_spxw_ohlcv_1m;data/raw/databento/opra_spxw_statistics;data/vendor/thetadata/index/spx_1m;data/vendor/thetadata/index/vix_1m;v4/audit/autoresearch/protocol101_fair_contract_expanded_jul_dec2025_128_q1_design_input/canonical_processed_session_manifest.json;v4/audit/autoresearch/protocol101_fair_contract_q3_q4_2025_jul_dec128_preflight/canonical_processed_session_manifest.json
2025-10-29,owned_jul_dec2025,matched_single_rule,canonical_processed_session;raw_vendor_session,raw_file_present;usable_only_if_training_runner_requires_this_manifest,data/raw/databento/opra_spxw_cbbo_1m;data/raw/databento/opra_spxw_definition;data/raw/databento/opra_spxw_ohlcv_1m;data/raw/databento/opra_spxw_statistics;data/vendor/thetadata/index/spx_1m;data/vendor/thetadata/index/vix_1m;v4/audit/autoresearch/protocol101_fair_contract_expanded_jul_dec2025_128_q1_design_input/canonical_processed_session_manifest.json;v4/audit/autoresearch/protocol101_fair_contract_q3_q4_2025_jul_dec128_preflight/canonical_processed_session_manifest.json
2025-10-30,owned_jul_dec2025,matched_single_rule,canonical_processed_session;raw_vendor_session,raw_file_present;usable_only_if_training_runner_requires_this_manifest,data/raw/databento/opra_spxw_cbbo_1m;data/raw/databento/opra_spxw_definition;data/raw/databento/opra_spxw_ohlcv_1m;data/raw/databento/opra_spxw_statistics;data/vendor/thetadata/index/spx_1m;data/vendor/thetadata/index/vix_1m;v4/audit/autoresearch/protocol101_fair_contract_expanded_jul_dec2025_128_q1_design_input/canonical_processed_session_manifest.json;v4/audit/autoresearch/protocol101_fair_contract_q3_q4_2025_jul_dec128_preflight/canonical_processed_session_manifest.json
2025-10-31,owned_jul_dec2025,matched_single_rule,canonical_processed_session;raw_vendor_session,raw_file_present;usable_only_if_training_runner_requires_this_manifest,data/raw/databento/opra_spxw_cbbo_1m;data/raw/databento/opra_spxw_definition;data/raw/databento/opra_spxw_ohlcv_1m;data/raw/databento/opra_spxw_statistics;data/vendor/thetadata/index/spx_1m;data/vendor/thetadata/index/vix_1m;v4/audit/autoresearch/protocol101_fair_contract_expanded_jul_dec2025_128_q1_design_input/canonical_processed_session_manifest.json;v4/audit/autoresearch/protocol101_fair_contract_q3_q4_2025_jul_dec128_preflight/canonical_processed_session_manifest.json
2025-11-03,owned_jul_dec2025,matched_single_rule,canonical_processed_session;raw_vendor_session,raw_file_present;usable_only_if_training_runner_requires_this_manifest,data/raw/databento/opra_spxw_cbbo_1m;data/raw/databento/opra_spxw_definition;data/raw/databento/opra_spxw_ohlcv_1m;data/raw/databento/opra_spxw_statistics;data/vendor/thetadata/index/spx_1m;data/vendor/thetadata/index/vix_1m;v4/audit/autoresearch/protocol101_fair_contract_expanded_jul_dec2025_128_q1_design_input/canonical_processed_session_manifest.json;v4/audit/autoresearch/protocol101_fair_contract_q3_q4_2025_jul_dec128_preflight/canonical_processed_session_manifest.json
2025-11-04,owned_jul_dec2025,matched_single_rule,canonical_processed_session;raw_vendor_session,raw_file_present;usable_only_if_training_runner_requires_this_manifest,data/raw/databento/opra_spxw_cbbo_1m;data/raw/databento/opra_spxw_definition;data/raw/databento/opra_spxw_ohlcv_1m;data/raw/databento/opra_spxw_statistics;data/vendor/thetadata/index/spx_1m;data/vendor/thetadata/index/vix_1m;v4/audit/autoresearch/protocol101_fair_contract_expanded_jul_dec2025_128_q1_design_input/canonical_processed_session_manifest.json;v4/audit/autoresearch/protocol101_fair_contract_q3_q4_2025_jul_dec128_preflight/canonical_processed_session_manifest.json
2025-11-05,owned_jul_dec2025,matched_single_rule,canonical_processed_session;raw_vendor_session,raw_file_present;usable_only_if_training_runner_requires_this_manifest,data/raw/databento/opra_spxw_cbbo_1m;data/raw/databento/opra_spxw_definition;data/raw/databento/opra_spxw_ohlcv_1m;data/raw/databento/opra_spxw_statistics;data/vendor/thetadata/index/spx_1m;data/vendor/thetadata/index/vix_1m;v4/audit/autoresearch/protocol101_fair_contract_expanded_jul_dec2025_128_q1_design_input/canonical_processed_session_manifest.json;v4/audit/autoresearch/protocol101_fair_contract_q3_q4_2025_jul_dec128_preflight/canonical_processed_session_manifest.json
2025-11-06,owned_jul_dec2025,matched_single_rule,canonical_processed_session;raw_vendor_session,raw_file_present;usable_only_if_training_runner_requires_this_manifest,data/raw/databento/opra_spxw_cbbo_1m;data/raw/databento/opra_spxw_definition;data/raw/databento/opra_spxw_ohlcv_1m;data/raw/databento/opra_spxw_statistics;data/vendor/thetadata/index/spx_1m;data/vendor/thetadata/index/vix_1m;v4/audit/autoresearch/protocol101_fair_contract_expanded_jul_dec2025_128_q1_design_input/canonical_processed_session_manifest.json;v4/audit/autoresearch/protocol101_fair_contract_q3_q4_2025_jul_dec128_preflight/canonical_processed_session_manifest.json
2025-11-07,owned_jul_dec2025,matched_single_rule,canonical_processed_session;raw_vendor_session,raw_file_present;usable_only_if_training_runner_requires_this_manifest,data/raw/databento/opra_spxw_cbbo_1m;data/raw/databento/opra_spxw_definition;data/raw/databento/opra_spxw_ohlcv_1m;data/raw/databento/opra_spxw_statistics;data/vendor/thetadata/index/spx_1m;data/vendor/thetadata/index/vix_1m;v4/audit/autoresearch/protocol101_fair_contract_expanded_jul_dec2025_128_q1_design_input/canonical_processed_session_manifest.json;v4/audit/autoresearch/protocol101_fair_contract_q3_q4_2025_jul_dec128_preflight/canonical_processed_session_manifest.json
2025-11-10,owned_jul_dec2025,matched_single_rule,canonical_processed_session;raw_vendor_session,raw_file_present;usable_only_if_training_runner_requires_this_manifest,data/raw/databento/opra_spxw_cbbo_1m;data/raw/databento/opra_spxw_definition;data/raw/databento/opra_spxw_ohlcv_1m;data/raw/databento/opra_spxw_statistics;data/vendor/thetadata/index/spx_1m;data/vendor/thetadata/index/vix_1m;v4/audit/autoresearch/protocol101_fair_contract_expanded_jul_dec2025_128_q1_design_input/canonical_processed_session_manifest.json;v4/audit/autoresearch/protocol101_fair_contract_q3_q4_2025_jul_dec128_preflight/canonical_processed_session_manifest.json
2025-11-11,owned_jul_dec2025,matched_single_rule,canonical_processed_session;raw_vendor_session,raw_file_present;usable_only_if_training_runner_requires_this_manifest,data/raw/databento/opra_spxw_cbbo_1m;data/raw/databento/opra_spxw_definition;data/raw/databento/opra_spxw_ohlcv_1m;data/raw/databento/opra_spxw_statistics;data/vendor/thetadata/index/spx_1m;data/vendor/thetadata/index/vix_1m;v4/audit/autoresearch/protocol101_fair_contract_expanded_jul_dec2025_128_q1_design_input/canonical_processed_session_manifest.json;v4/audit/autoresearch/protocol101_fair_contract_q3_q4_2025_jul_dec128_preflight/canonical_processed_session_manifest.json
2025-11-12,owned_jul_dec2025,matched_single_rule,canonical_processed_session;raw_vendor_session,raw_file_present;usable_only_if_training_runner_requires_this_manifest,data/raw/databento/opra_spxw_cbbo_1m;data/raw/databento/opra_spxw_definition;data/raw/databento/opra_spxw_ohlcv_1m;data/raw/databento/opra_spxw_statistics;data/vendor/thetadata/index/spx_1m;data/vendor/thetadata/index/vix_1m;v4/audit/autoresearch/protocol101_fair_contract_expanded_jul_dec2025_128_q1_design_input/canonical_processed_session_manifest.json;v4/audit/autoresearch/protocol101_fair_contract_q3_q4_2025_jul_dec128_preflight/canonical_processed_session_manifest.json
2025-11-13,owned_jul_dec2025,matched_single_rule,canonical_processed_session;raw_vendor_session,raw_file_present;usable_only_if_training_runner_requires_this_manifest,data/raw/databento/opra_spxw_cbbo_1m;data/raw/databento/opra_spxw_definition;data/raw/databento/opra_spxw_ohlcv_1m;data/raw/databento/opra_spxw_statistics;data/vendor/thetadata/index/spx_1m;data/vendor/thetadata/index/vix_1m;v4/audit/autoresearch/protocol101_fair_contract_expanded_jul_dec2025_128_q1_design_input/canonical_processed_session_manifest.json;v4/audit/autoresearch/protocol101_fair_contract_q3_q4_2025_jul_dec128_preflight/canonical_processed_session_manifest.json
2025-11-14,owned_jul_dec2025,matched_single_rule,canonical_processed_session;raw_vendor_session,raw_file_present;usable_only_if_training_runner_requires_this_manifest,data/raw/databento/opra_spxw_cbbo_1m;data/raw/databento/opra_spxw_definition;data/raw/databento/opra_spxw_ohlcv_1m;data/raw/databento/opra_spxw_statistics;data/vendor/thetadata/index/spx_1m;data/vendor/thetadata/index/vix_1m;v4/audit/autoresearch/protocol101_fair_contract_expanded_jul_dec2025_128_q1_design_input/canonical_processed_session_manifest.json;v4/audit/autoresearch/protocol101_fair_contract_q3_q4_2025_jul_dec128_preflight/canonical_processed_session_manifest.json
2025-11-17,owned_jul_dec2025,matched_single_rule,canonical_processed_session;raw_vendor_session,raw_file_present;usable_only_if_training_runner_requires_this_manifest,data/raw/databento/opra_spxw_cbbo_1m;data/raw/databento/opra_spxw_definition;data/raw/databento/opra_spxw_ohlcv_1m;data/raw/databento/opra_spxw_statistics;data/vendor/thetadata/index/spx_1m;data/vendor/thetadata/index/vix_1m;v4/audit/autoresearch/protocol101_fair_contract_expanded_jul_dec2025_128_q1_design_input/canonical_processed_session_manifest.json;v4/audit/autoresearch/protocol101_fair_contract_q3_q4_2025_jul_dec128_preflight/canonical_processed_session_manifest.json
2025-11-18,owned_jul_dec2025,matched_single_rule,canonical_processed_session;raw_vendor_session,raw_file_present;usable_only_if_training_runner_requires_this_manifest,data/raw/databento/opra_spxw_cbbo_1m;data/raw/databento/opra_spxw_definition;data/raw/databento/opra_spxw_ohlcv_1m;data/raw/databento/opra_spxw_statistics;data/vendor/thetadata/index/spx_1m;data/vendor/thetadata/index/vix_1m;v4/audit/autoresearch/protocol101_fair_contract_expanded_jul_dec2025_128_q1_design_input/canonical_processed_session_manifest.json;v4/audit/autoresearch/protocol101_fair_contract_q3_q4_2025_jul_dec128_preflight/canonical_processed_session_manifest.json
2025-11-19,owned_jul_dec2025,matched_single_rule,canonical_processed_session;raw_vendor_session,raw_file_present;usable_only_if_training_runner_requires_this_manifest,data/raw/databento/opra_spxw_cbbo_1m;data/raw/databento/opra_spxw_definition;data/raw/databento/opra_spxw_ohlcv_1m;data/raw/databento/opra_spxw_statistics;data/vendor/thetadata/index/spx_1m;data/vendor/thetadata/index/vix_1m;v4/audit/autoresearch/protocol101_fair_contract_expanded_jul_dec2025_128_q1_design_input/canonical_processed_session_manifest.json;v4/audit/autoresearch/protocol101_fair_contract_q3_q4_2025_jul_dec128_preflight/canonical_processed_session_manifest.json
2025-11-20,owned_jul_dec2025,matched_single_rule,canonical_processed_session;raw_vendor_session,raw_file_present;usable_only_if_training_runner_requires_this_manifest,data/raw/databento/opra_spxw_cbbo_1m;data/raw/databento/opra_spxw_definition;data/raw/databento/opra_spxw_ohlcv_1m;data/raw/databento/opra_spxw_statistics;data/vendor/thetadata/index/spx_1m;data/vendor/thetadata/index/vix_1m;v4/audit/autoresearch/protocol101_fair_contract_expanded_jul_dec2025_128_q1_design_input/canonical_processed_session_manifest.json;v4/audit/autoresearch/protocol101_fair_contract_q3_q4_2025_jul_dec128_preflight/canonical_processed_session_manifest.json
2025-11-21,owned_jul_dec2025,matched_single_rule,canonical_processed_session;raw_vendor_session,raw_file_present;usable_only_if_training_runner_requires_this_manifest,data/raw/databento/opra_spxw_cbbo_1m;data/raw/databento/opra_spxw_definition;data/raw/databento/opra_spxw_ohlcv_1m;data/raw/databento/opra_spxw_statistics;data/vendor/thetadata/index/spx_1m;data/vendor/thetadata/index/vix_1m;v4/audit/autoresearch/protocol101_fair_contract_expanded_jul_dec2025_128_q1_design_input/canonical_processed_session_manifest.json;v4/audit/autoresearch/protocol101_fair_contract_q3_q4_2025_jul_dec128_preflight/canonical_processed_session_manifest.json
2025-11-24,owned_jul_dec2025,matched_single_rule,canonical_processed_session;raw_vendor_session,raw_file_present;usable_only_if_training_runner_requires_this_manifest,data/raw/databento/opra_spxw_cbbo_1m;data/raw/databento/opra_spxw_definition;data/raw/databento/opra_spxw_ohlcv_1m;data/raw/databento/opra_spxw_statistics;data/vendor/thetadata/index/spx_1m;data/vendor/thetadata/index/vix_1m;v4/audit/autoresearch/protocol101_fair_contract_expanded_jul_dec2025_128_q1_design_input/canonical_processed_session_manifest.json;v4/audit/autoresearch/protocol101_fair_contract_q3_q4_2025_jul_dec128_preflight/canonical_processed_session_manifest.json
2025-11-25,owned_jul_dec2025,matched_single_rule,canonical_processed_session;raw_vendor_session,raw_file_present;usable_only_if_training_runner_requires_this_manifest,data/raw/databento/opra_spxw_cbbo_1m;data/raw/databento/opra_spxw_definition;data/raw/databento/opra_spxw_ohlcv_1m;data/raw/databento/opra_spxw_statistics;data/vendor/thetadata/index/spx_1m;data/vendor/thetadata/index/vix_1m;v4/audit/autoresearch/protocol101_fair_contract_expanded_jul_dec2025_128_q1_design_input/canonical_processed_session_manifest.json;v4/audit/autoresearch/protocol101_fair_contract_q3_q4_2025_jul_dec128_preflight/canonical_processed_session_manifest.json
2025-11-26,owned_jul_dec2025,matched_single_rule,canonical_processed_session;raw_vendor_session,raw_file_present;usable_only_if_training_runner_requires_this_manifest,data/raw/databento/opra_spxw_cbbo_1m;data/raw/databento/opra_spxw_definition;data/raw/databento/opra_spxw_ohlcv_1m;data/raw/databento/opra_spxw_statistics;data/vendor/thetadata/index/spx_1m;data/vendor/thetadata/index/vix_1m;v4/audit/autoresearch/protocol101_fair_contract_expanded_jul_dec2025_128_q1_design_input/canonical_processed_session_manifest.json;v4/audit/autoresearch/protocol101_fair_contract_q3_q4_2025_jul_dec128_preflight/canonical_processed_session_manifest.json
2025-11-27,owned_jul_dec2025,matched_single_rule,raw_vendor_session,raw_file_present,data/vendor/thetadata/index/vix_1m
2025-11-28,owned_jul_dec2025,matched_single_rule,canonical_processed_session;raw_vendor_session,raw_file_present;usable_only_if_training_runner_requires_this_manifest,data/raw/databento/opra_spxw_cbbo_1m;data/raw/databento/opra_spxw_definition;data/raw/databento/opra_spxw_ohlcv_1m;data/raw/databento/opra_spxw_statistics;data/vendor/thetadata/index/spx_1m;data/vendor/thetadata/index/vix_1m;v4/audit/autoresearch/protocol101_fair_contract_expanded_jul_dec2025_128_q1_design_input/canonical_processed_session_manifest.json;v4/audit/autoresearch/protocol101_fair_contract_q3_q4_2025_jul_dec128_preflight/canonical_processed_session_manifest.json
2025-12-01,owned_jul_dec2025,matched_single_rule,canonical_processed_session;raw_vendor_session,raw_file_present;usable_only_if_training_runner_requires_this_manifest,data/raw/databento/opra_spxw_cbbo_1m;data/raw/databento/opra_spxw_definition;data/raw/databento/opra_spxw_ohlcv_1m;data/raw/databento/opra_spxw_statistics;data/vendor/thetadata/index/spx_1m;data/vendor/thetadata/index/vix_1m;v4/audit/autoresearch/protocol101_fair_contract_expanded_jul_dec2025_128_q1_design_input/canonical_processed_session_manifest.json;v4/audit/autoresearch/protocol101_fair_contract_q3_q4_2025_jul_dec128_preflight/canonical_processed_session_manifest.json
2025-12-02,owned_jul_dec2025,matched_single_rule,canonical_processed_session;raw_vendor_session,raw_file_present;usable_only_if_training_runner_requires_this_manifest,data/raw/databento/opra_spxw_cbbo_1m;data/raw/databento/opra_spxw_definition;data/raw/databento/opra_spxw_ohlcv_1m;data/raw/databento/opra_spxw_statistics;data/vendor/thetadata/index/spx_1m;data/vendor/thetadata/index/vix_1m;v4/audit/autoresearch/protocol101_fair_contract_expanded_jul_dec2025_128_q1_design_input/canonical_processed_session_manifest.json;v4/audit/autoresearch/protocol101_fair_contract_q3_q4_2025_jul_dec128_preflight/canonical_processed_session_manifest.json
2025-12-03,owned_jul_dec2025,matched_single_rule,canonical_processed_session;raw_vendor_session,raw_file_present;usable_only_if_training_runner_requires_this_manifest,data/raw/databento/opra_spxw_cbbo_1m;data/raw/databento/opra_spxw_definition;data/raw/databento/opra_spxw_ohlcv_1m;data/raw/databento/opra_spxw_statistics;data/vendor/thetadata/index/spx_1m;data/vendor/thetadata/index/vix_1m;v4/audit/autoresearch/protocol101_fair_contract_expanded_jul_dec2025_128_q1_design_input/canonical_processed_session_manifest.json;v4/audit/autoresearch/protocol101_fair_contract_q3_q4_2025_jul_dec128_preflight/canonical_processed_session_manifest.json
2025-12-04,owned_jul_dec2025,matched_single_rule,canonical_processed_session;raw_vendor_session,raw_file_present;usable_only_if_training_runner_requires_this_manifest,data/raw/databento/opra_spxw_cbbo_1m;data/raw/databento/opra_spxw_definition;data/raw/databento/opra_spxw_ohlcv_1m;data/raw/databento/opra_spxw_statistics;data/vendor/thetadata/index/spx_1m;data/vendor/thetadata/index/vix_1m;v4/audit/autoresearch/protocol101_fair_contract_expanded_jul_dec2025_128_q1_design_input/canonical_processed_session_manifest.json;v4/audit/autoresearch/protocol101_fair_contract_q3_q4_2025_jul_dec128_preflight/canonical_processed_session_manifest.json
2025-12-05,owned_jul_dec2025,matched_single_rule,canonical_processed_session;raw_vendor_session,raw_file_present;usable_only_if_training_runner_requires_this_manifest,data/raw/databento/opra_spxw_cbbo_1m;data/raw/databento/opra_spxw_definition;data/raw/databento/opra_spxw_ohlcv_1m;data/raw/databento/opra_spxw_statistics;data/vendor/thetadata/index/spx_1m;data/vendor/thetadata/index/vix_1m;v4/audit/autoresearch/protocol101_fair_contract_expanded_jul_dec2025_128_q1_design_input/canonical_processed_session_manifest.json;v4/audit/autoresearch/protocol101_fair_contract_q3_q4_2025_jul_dec128_preflight/canonical_processed_session_manifest.json
2025-12-08,owned_jul_dec2025,matched_single_rule,canonical_processed_session;raw_vendor_session,raw_file_present;usable_only_if_training_runner_requires_this_manifest,data/raw/databento/opra_spxw_cbbo_1m;data/raw/databento/opra_spxw_definition;data/raw/databento/opra_spxw_ohlcv_1m;data/raw/databento/opra_spxw_statistics;data/vendor/thetadata/index/spx_1m;data/vendor/thetadata/index/vix_1m;v4/audit/autoresearch/protocol101_fair_contract_expanded_jul_dec2025_128_q1_design_input/canonical_processed_session_manifest.json;v4/audit/autoresearch/protocol101_fair_contract_q3_q4_2025_jul_dec128_preflight/canonical_processed_session_manifest.json
2025-12-09,owned_jul_dec2025,matched_single_rule,canonical_processed_session;raw_vendor_session,raw_file_present;usable_only_if_training_runner_requires_this_manifest,data/raw/databento/opra_spxw_cbbo_1m;data/raw/databento/opra_spxw_definition;data/raw/databento/opra_spxw_ohlcv_1m;data/raw/databento/opra_spxw_statistics;data/vendor/thetadata/index/spx_1m;data/vendor/thetadata/index/vix_1m;v4/audit/autoresearch/protocol101_fair_contract_expanded_jul_dec2025_128_q1_design_input/canonical_processed_session_manifest.json;v4/audit/autoresearch/protocol101_fair_contract_q3_q4_2025_jul_dec128_preflight/canonical_processed_session_manifest.json
2025-12-10,owned_jul_dec2025,matched_single_rule,canonical_processed_session;raw_vendor_session,raw_file_present;usable_only_if_training_runner_requires_this_manifest,data/raw/databento/opra_spxw_cbbo_1m;data/raw/databento/opra_spxw_definition;data/raw/databento/opra_spxw_ohlcv_1m;data/raw/databento/opra_spxw_statistics;data/vendor/thetadata/index/spx_1m;data/vendor/thetadata/index/vix_1m;v4/audit/autoresearch/protocol101_fair_contract_expanded_jul_dec2025_128_q1_design_input/canonical_processed_session_manifest.json;v4/audit/autoresearch/protocol101_fair_contract_q3_q4_2025_jul_dec128_preflight/canonical_processed_session_manifest.json
2025-12-11,owned_jul_dec2025,matched_single_rule,canonical_processed_session;raw_vendor_session,raw_file_present;usable_only_if_training_runner_requires_this_manifest,data/raw/databento/opra_spxw_cbbo_1m;data/raw/databento/opra_spxw_definition;data/raw/databento/opra_spxw_ohlcv_1m;data/raw/databento/opra_spxw_statistics;data/vendor/thetadata/index/spx_1m;data/vendor/thetadata/index/vix_1m;v4/audit/autoresearch/protocol101_fair_contract_expanded_jul_dec2025_128_q1_design_input/canonical_processed_session_manifest.json;v4/audit/autoresearch/protocol101_fair_contract_q3_q4_2025_jul_dec128_preflight/canonical_processed_session_manifest.json
2025-12-12,owned_jul_dec2025,matched_single_rule,canonical_processed_session;raw_vendor_session,raw_file_present;usable_only_if_training_runner_requires_this_manifest,data/raw/databento/opra_spxw_cbbo_1m;data/raw/databento/opra_spxw_definition;data/raw/databento/opra_spxw_ohlcv_1m;data/raw/databento/opra_spxw_statistics;data/vendor/thetadata/index/spx_1m;data/vendor/thetadata/index/vix_1m;v4/audit/autoresearch/protocol101_fair_contract_expanded_jul_dec2025_128_q1_design_input/canonical_processed_session_manifest.json;v4/audit/autoresearch/protocol101_fair_contract_q3_q4_2025_jul_dec128_preflight/canonical_processed_session_manifest.json
2025-12-15,owned_jul_dec2025,matched_single_rule,canonical_processed_session;raw_vendor_session,raw_file_present;usable_only_if_training_runner_requires_this_manifest,data/raw/databento/opra_spxw_cbbo_1m;data/raw/databento/opra_spxw_definition;data/raw/databento/opra_spxw_ohlcv_1m;data/raw/databento/opra_spxw_statistics;data/vendor/thetadata/index/spx_1m;data/vendor/thetadata/index/vix_1m;v4/audit/autoresearch/protocol101_fair_contract_expanded_jul_dec2025_128_q1_design_input/canonical_processed_session_manifest.json;v4/audit/autoresearch/protocol101_fair_contract_q3_q4_2025_jul_dec128_preflight/canonical_processed_session_manifest.json
2025-12-16,owned_jul_dec2025,matched_single_rule,canonical_processed_session;raw_vendor_session,raw_file_present;usable_only_if_training_runner_requires_this_manifest,data/raw/databento/opra_spxw_cbbo_1m;data/raw/databento/opra_spxw_definition;data/raw/databento/opra_spxw_ohlcv_1m;data/raw/databento/opra_spxw_statistics;data/vendor/thetadata/index/spx_1m;data/vendor/thetadata/index/vix_1m;v4/audit/autoresearch/protocol101_fair_contract_expanded_jul_dec2025_128_q1_design_input/canonical_processed_session_manifest.json;v4/audit/autoresearch/protocol101_fair_contract_q3_q4_2025_jul_dec128_preflight/canonical_processed_session_manifest.json
2025-12-17,owned_jul_dec2025,matched_single_rule,canonical_processed_session;raw_vendor_session,raw_file_present;usable_only_if_training_runner_requires_this_manifest,data/raw/databento/opra_spxw_cbbo_1m;data/raw/databento/opra_spxw_definition;data/raw/databento/opra_spxw_ohlcv_1m;data/raw/databento/opra_spxw_statistics;data/vendor/thetadata/index/spx_1m;data/vendor/thetadata/index/vix_1m;v4/audit/autoresearch/protocol101_fair_contract_expanded_jul_dec2025_128_q1_design_input/canonical_processed_session_manifest.json;v4/audit/autoresearch/protocol101_fair_contract_q3_q4_2025_jul_dec128_preflight/canonical_processed_session_manifest.json
2025-12-18,owned_jul_dec2025,matched_single_rule,canonical_processed_session;raw_vendor_session,raw_file_present;usable_only_if_training_runner_requires_this_manifest,data/raw/databento/opra_spxw_cbbo_1m;data/raw/databento/opra_spxw_definition;data/raw/databento/opra_spxw_ohlcv_1m;data/raw/databento/opra_spxw_statistics;data/vendor/thetadata/index/spx_1m;data/vendor/thetadata/index/vix_1m;v4/audit/autoresearch/protocol101_fair_contract_expanded_jul_dec2025_128_q1_design_input/canonical_processed_session_manifest.json;v4/audit/autoresearch/protocol101_fair_contract_q3_q4_2025_jul_dec128_preflight/canonical_processed_session_manifest.json
2025-12-19,owned_jul_dec2025,matched_single_rule,canonical_processed_session;raw_vendor_session,raw_file_present;usable_only_if_training_runner_requires_this_manifest,data/raw/databento/opra_spxw_cbbo_1m;data/raw/databento/opra_spxw_definition;data/raw/databento/opra_spxw_ohlcv_1m;data/raw/databento/opra_spxw_statistics;data/vendor/thetadata/index/spx_1m;data/vendor/thetadata/index/vix_1m;v4/audit/autoresearch/protocol101_fair_contract_expanded_jul_dec2025_128_q1_design_input/canonical_processed_session_manifest.json;v4/audit/autoresearch/protocol101_fair_contract_q3_q4_2025_jul_dec128_preflight/canonical_processed_session_manifest.json
2025-12-22,owned_jul_dec2025,matched_single_rule,canonical_processed_session;raw_vendor_session,raw_file_present;usable_only_if_training_runner_requires_this_manifest,data/raw/databento/opra_spxw_cbbo_1m;data/raw/databento/opra_spxw_definition;data/raw/databento/opra_spxw_ohlcv_1m;data/raw/databento/opra_spxw_statistics;data/vendor/thetadata/index/spx_1m;data/vendor/thetadata/index/vix_1m;v4/audit/autoresearch/protocol101_fair_contract_expanded_jul_dec2025_128_q1_design_input/canonical_processed_session_manifest.json;v4/audit/autoresearch/protocol101_fair_contract_q3_q4_2025_jul_dec128_preflight/canonical_processed_session_manifest.json
2025-12-23,owned_jul_dec2025,matched_single_rule,canonical_processed_session;raw_vendor_session,raw_file_present;usable_only_if_training_runner_requires_this_manifest,data/raw/databento/opra_spxw_cbbo_1m;data/raw/databento/opra_spxw_definition;data/raw/databento/opra_spxw_ohlcv_1m;data/raw/databento/opra_spxw_statistics;data/vendor/thetadata/index/spx_1m;data/vendor/thetadata/index/vix_1m;v4/audit/autoresearch/protocol101_fair_contract_expanded_jul_dec2025_128_q1_design_input/canonical_processed_session_manifest.json;v4/audit/autoresearch/protocol101_fair_contract_q3_q4_2025_jul_dec128_preflight/canonical_processed_session_manifest.json
2025-12-24,owned_jul_dec2025,matched_single_rule,canonical_processed_session;raw_vendor_session,raw_file_present;usable_only_if_training_runner_requires_this_manifest,data/raw/databento/opra_spxw_cbbo_1m;data/raw/databento/opra_spxw_definition;data/raw/databento/opra_spxw_ohlcv_1m;data/raw/databento/opra_spxw_statistics;data/vendor/thetadata/index/spx_1m;data/vendor/thetadata/index/vix_1m;v4/audit/autoresearch/protocol101_fair_contract_expanded_jul_dec2025_128_q1_design_input/canonical_processed_session_manifest.json;v4/audit/autoresearch/protocol101_fair_contract_q3_q4_2025_jul_dec128_preflight/canonical_processed_session_manifest.json
2025-12-26,owned_jul_dec2025,matched_single_rule,canonical_processed_session;raw_vendor_session,raw_file_present;usable_only_if_training_runner_requires_this_manifest,data/raw/databento/opra_spxw_cbbo_1m;data/raw/databento/opra_spxw_definition;data/raw/databento/opra_spxw_ohlcv_1m;data/raw/databento/opra_spxw_statistics;data/vendor/thetadata/index/spx_1m;data/vendor/thetadata/index/vix_1m;v4/audit/autoresearch/protocol101_fair_contract_expanded_jul_dec2025_128_q1_design_input/canonical_processed_session_manifest.json;v4/audit/autoresearch/protocol101_fair_contract_q3_q4_2025_jul_dec128_preflight/canonical_processed_session_manifest.json
2025-12-29,owned_jul_dec2025,matched_single_rule,canonical_processed_session;raw_vendor_session,raw_file_present;usable_only_if_training_runner_requires_this_manifest,data/raw/databento/opra_spxw_cbbo_1m;data/raw/databento/opra_spxw_definition;data/raw/databento/opra_spxw_ohlcv_1m;data/raw/databento/opra_spxw_statistics;data/vendor/thetadata/index/spx_1m;data/vendor/thetadata/index/vix_1m;v4/audit/autoresearch/protocol101_fair_contract_expanded_jul_dec2025_128_q1_design_input/canonical_processed_session_manifest.json;v4/audit/autoresearch/protocol101_fair_contract_q3_q4_2025_jul_dec128_preflight/canonical_processed_session_manifest.json
2025-12-30,owned_jul_dec2025,matched_single_rule,canonical_processed_session;raw_vendor_session,raw_file_present;usable_only_if_training_runner_requires_this_manifest,data/raw/databento/opra_spxw_cbbo_1m;data/raw/databento/opra_spxw_definition;data/raw/databento/opra_spxw_ohlcv_1m;data/raw/databento/opra_spxw_statistics;data/vendor/thetadata/index/spx_1m;data/vendor/thetadata/index/vix_1m;v4/audit/autoresearch/protocol101_fair_contract_expanded_jul_dec2025_128_q1_design_input/canonical_processed_session_manifest.json;v4/audit/autoresearch/protocol101_fair_contract_q3_q4_2025_jul_dec128_preflight/canonical_processed_session_manifest.json
2025-12-31,owned_jul_dec2025,matched_single_rule,canonical_processed_session;raw_vendor_session,raw_file_present;usable_only_if_training_runner_requires_this_manifest,data/raw/databento/opra_spxw_cbbo_1m;data/raw/databento/opra_spxw_definition;data/raw/databento/opra_spxw_ohlcv_1m;data/raw/databento/opra_spxw_statistics;data/vendor/thetadata/index/spx_1m;data/vendor/thetadata/index/vix_1m;v4/audit/autoresearch/protocol101_fair_contract_expanded_jul_dec2025_128_q1_design_input/canonical_processed_session_manifest.json;v4/audit/autoresearch/protocol101_fair_contract_q3_q4_2025_jul_dec128_preflight/canonical_processed_session_manifest.json
2026-01-02,q1_2026_development,matched_single_rule,canonical_processed_session;raw_vendor_session,raw_file_present;usable_only_if_training_runner_requires_this_manifest,data/raw/databento/opra_spxw_cbbo_1m;data/raw/databento/opra_spxw_definition;data/raw/databento/opra_spxw_ohlcv_1m;data/raw/databento/opra_spxw_statistics;data/vendor/thetadata/index/spx_1m;data/vendor/thetadata/index/vix_1m;v4/audit/autoresearch/protocol101_fair_contract_expanded_jul_dec2025_128_q1_design_input/canonical_processed_session_manifest.json;v4/audit/autoresearch/protocol101_fair_contract_expanded_jul_sep2025_64_q1_design_input/canonical_processed_session_manifest.json;v4/audit/autoresearch/protocol101_fair_contract_expanded_july2025_20_q1_design/canonical_processed_session_manifest.json;v4/audit/autoresearch/protocol101_fair_contract_expanded_july2025_q1_design/canonical_processed_session_manifest.json;v4/audit/autoresearch/protocol101_fair_contract_expanded_july_aug2025_43_q1_design_input/canonical_processed_session_manifest.json;v4/audit/autoresearch/protocol101_fair_contract_training_labels_preflight/canonical_processed_session_manifest.json;v4/audit/autoresearch/protocol101_fair_contract_training_preflight/canonical_processed_session_manifest.json
2026-01-05,q1_2026_development,matched_single_rule,canonical_processed_session;raw_vendor_session,raw_file_present;usable_only_if_training_runner_requires_this_manifest,data/raw/databento/opra_spxw_cbbo_1m;data/raw/databento/opra_spxw_definition;data/raw/databento/opra_spxw_ohlcv_1m;data/raw/databento/opra_spxw_statistics;data/vendor/thetadata/index/spx_1m;data/vendor/thetadata/index/vix_1m;v4/audit/autoresearch/protocol101_fair_contract_expanded_jul_dec2025_128_q1_design_input/canonical_processed_session_manifest.json;v4/audit/autoresearch/protocol101_fair_contract_expanded_jul_sep2025_64_q1_design_input/canonical_processed_session_manifest.json;v4/audit/autoresearch/protocol101_fair_contract_expanded_july2025_20_q1_design/canonical_processed_session_manifest.json;v4/audit/autoresearch/protocol101_fair_contract_expanded_july2025_q1_design/canonical_processed_session_manifest.json;v4/audit/autoresearch/protocol101_fair_contract_expanded_july_aug2025_43_q1_design_input/canonical_processed_session_manifest.json;v4/audit/autoresearch/protocol101_fair_contract_training_labels_preflight/canonical_processed_session_manifest.json;v4/audit/autoresearch/protocol101_fair_contract_training_preflight/canonical_processed_session_manifest.json
2026-01-06,q1_2026_development,matched_single_rule,canonical_processed_session;raw_vendor_session,raw_file_present;usable_only_if_training_runner_requires_this_manifest,data/raw/databento/opra_spxw_cbbo_1m;data/raw/databento/opra_spxw_definition;data/raw/databento/opra_spxw_ohlcv_1m;data/raw/databento/opra_spxw_statistics;data/vendor/thetadata/index/spx_1m;data/vendor/thetadata/index/vix_1m;v4/audit/autoresearch/protocol101_fair_contract_expanded_jul_dec2025_128_q1_design_input/canonical_processed_session_manifest.json;v4/audit/autoresearch/protocol101_fair_contract_expanded_jul_sep2025_64_q1_design_input/canonical_processed_session_manifest.json;v4/audit/autoresearch/protocol101_fair_contract_expanded_july2025_20_q1_design/canonical_processed_session_manifest.json;v4/audit/autoresearch/protocol101_fair_contract_expanded_july2025_q1_design/canonical_processed_session_manifest.json;v4/audit/autoresearch/protocol101_fair_contract_expanded_july_aug2025_43_q1_design_input/canonical_processed_session_manifest.json;v4/audit/autoresearch/protocol101_fair_contract_training_labels_preflight/canonical_processed_session_manifest.json;v4/audit/autoresearch/protocol101_fair_contract_training_preflight/canonical_processed_session_manifest.json
2026-01-07,q1_2026_development,matched_single_rule,canonical_processed_session;raw_vendor_session,raw_file_present;usable_only_if_training_runner_requires_this_manifest,data/raw/databento/opra_spxw_cbbo_1m;data/raw/databento/opra_spxw_definition;data/raw/databento/opra_spxw_ohlcv_1m;data/raw/databento/opra_spxw_statistics;data/vendor/thetadata/index/spx_1m;data/vendor/thetadata/index/vix_1m;v4/audit/autoresearch/protocol101_fair_contract_expanded_jul_dec2025_128_q1_design_input/canonical_processed_session_manifest.json;v4/audit/autoresearch/protocol101_fair_contract_expanded_jul_sep2025_64_q1_design_input/canonical_processed_session_manifest.json;v4/audit/autoresearch/protocol101_fair_contract_expanded_july2025_20_q1_design/canonical_processed_session_manifest.json;v4/audit/autoresearch/protocol101_fair_contract_expanded_july2025_q1_design/canonical_processed_session_manifest.json;v4/audit/autoresearch/protocol101_fair_contract_expanded_july_aug2025_43_q1_design_input/canonical_processed_session_manifest.json;v4/audit/autoresearch/protocol101_fair_contract_training_labels_preflight/canonical_processed_session_manifest.json;v4/audit/autoresearch/protocol101_fair_contract_training_preflight/canonical_processed_session_manifest.json
2026-01-08,q1_2026_development,matched_single_rule,canonical_processed_session;raw_vendor_session,raw_file_present;usable_only_if_training_runner_requires_this_manifest,data/raw/databento/opra_spxw_cbbo_1m;data/raw/databento/opra_spxw_definition;data/raw/databento/opra_spxw_ohlcv_1m;data/raw/databento/opra_spxw_statistics;data/vendor/thetadata/index/spx_1m;data/vendor/thetadata/index/vix_1m;v4/audit/autoresearch/protocol101_fair_contract_expanded_jul_dec2025_128_q1_design_input/canonical_processed_session_manifest.json;v4/audit/autoresearch/protocol101_fair_contract_expanded_jul_sep2025_64_q1_design_input/canonical_processed_session_manifest.json;v4/audit/autoresearch/protocol101_fair_contract_expanded_july2025_20_q1_design/canonical_processed_session_manifest.json;v4/audit/autoresearch/protocol101_fair_contract_expanded_july2025_q1_design/canonical_processed_session_manifest.json;v4/audit/autoresearch/protocol101_fair_contract_expanded_july_aug2025_43_q1_design_input/canonical_processed_session_manifest.json;v4/audit/autoresearch/protocol101_fair_contract_training_labels_preflight/canonical_processed_session_manifest.json;v4/audit/autoresearch/protocol101_fair_contract_training_preflight/canonical_processed_session_manifest.json
2026-01-09,q1_2026_development,matched_single_rule,canonical_processed_session;raw_vendor_session,raw_file_present;usable_only_if_training_runner_requires_this_manifest,data/raw/databento/opra_spxw_cbbo_1m;data/raw/databento/opra_spxw_definition;data/raw/databento/opra_spxw_ohlcv_1m;data/raw/databento/opra_spxw_statistics;data/vendor/thetadata/index/spx_1m;data/vendor/thetadata/index/vix_1m;v4/audit/autoresearch/protocol101_fair_contract_expanded_jul_dec2025_128_q1_design_input/canonical_processed_session_manifest.json;v4/audit/autoresearch/protocol101_fair_contract_expanded_jul_sep2025_64_q1_design_input/canonical_processed_session_manifest.json;v4/audit/autoresearch/protocol101_fair_contract_expanded_july2025_20_q1_design/canonical_processed_session_manifest.json;v4/audit/autoresearch/protocol101_fair_contract_expanded_july2025_q1_design/canonical_processed_session_manifest.json;v4/audit/autoresearch/protocol101_fair_contract_expanded_july_aug2025_43_q1_design_input/canonical_processed_session_manifest.json;v4/audit/autoresearch/protocol101_fair_contract_training_labels_preflight/canonical_processed_session_manifest.json;v4/audit/autoresearch/protocol101_fair_contract_training_preflight/canonical_processed_session_manifest.json
2026-01-12,q1_2026_development,matched_single_rule,canonical_processed_session;raw_vendor_session,raw_file_present;usable_only_if_training_runner_requires_this_manifest,data/raw/databento/opra_spxw_cbbo_1m;data/raw/databento/opra_spxw_definition;data/raw/databento/opra_spxw_ohlcv_1m;data/raw/databento/opra_spxw_statistics;data/vendor/thetadata/index/spx_1m;data/vendor/thetadata/index/vix_1m;v4/audit/autoresearch/protocol101_fair_contract_expanded_jul_dec2025_128_q1_design_input/canonical_processed_session_manifest.json;v4/audit/autoresearch/protocol101_fair_contract_expanded_jul_sep2025_64_q1_design_input/canonical_processed_session_manifest.json;v4/audit/autoresearch/protocol101_fair_contract_expanded_july2025_20_q1_design/canonical_processed_session_manifest.json;v4/audit/autoresearch/protocol101_fair_contract_expanded_july2025_q1_design/canonical_processed_session_manifest.json;v4/audit/autoresearch/protocol101_fair_contract_expanded_july_aug2025_43_q1_design_input/canonical_processed_session_manifest.json;v4/audit/autoresearch/protocol101_fair_contract_training_labels_preflight/canonical_processed_session_manifest.json;v4/audit/autoresearch/protocol101_fair_contract_training_preflight/canonical_processed_session_manifest.json
2026-01-13,q1_2026_development,matched_single_rule,canonical_processed_session;raw_vendor_session,raw_file_present;usable_only_if_training_runner_requires_this_manifest,data/raw/databento/opra_spxw_cbbo_1m;data/raw/databento/opra_spxw_definition;data/raw/databento/opra_spxw_ohlcv_1m;data/raw/databento/opra_spxw_statistics;data/vendor/thetadata/index/spx_1m;data/vendor/thetadata/index/vix_1m;v4/audit/autoresearch/protocol101_fair_contract_expanded_jul_dec2025_128_q1_design_input/canonical_processed_session_manifest.json;v4/audit/autoresearch/protocol101_fair_contract_expanded_jul_sep2025_64_q1_design_input/canonical_processed_session_manifest.json;v4/audit/autoresearch/protocol101_fair_contract_expanded_july2025_20_q1_design/canonical_processed_session_manifest.json;v4/audit/autoresearch/protocol101_fair_contract_expanded_july2025_q1_design/canonical_processed_session_manifest.json;v4/audit/autoresearch/protocol101_fair_contract_expanded_july_aug2025_43_q1_design_input/canonical_processed_session_manifest.json;v4/audit/autoresearch/protocol101_fair_contract_training_labels_preflight/canonical_processed_session_manifest.json;v4/audit/autoresearch/protocol101_fair_contract_training_preflight/canonical_processed_session_manifest.json
2026-01-14,q1_2026_development,matched_single_rule,canonical_processed_session;raw_vendor_session,raw_file_present;usable_only_if_training_runner_requires_this_manifest,data/raw/databento/opra_spxw_cbbo_1m;data/raw/databento/opra_spxw_definition;data/raw/databento/opra_spxw_ohlcv_1m;data/raw/databento/opra_spxw_statistics;data/vendor/thetadata/index/spx_1m;data/vendor/thetadata/index/vix_1m;v4/audit/autoresearch/protocol101_fair_contract_expanded_jul_dec2025_128_q1_design_input/canonical_processed_session_manifest.json;v4/audit/autoresearch/protocol101_fair_contract_expanded_jul_sep2025_64_q1_design_input/canonical_processed_session_manifest.json;v4/audit/autoresearch/protocol101_fair_contract_expanded_july2025_20_q1_design/canonical_processed_session_manifest.json;v4/audit/autoresearch/protocol101_fair_contract_expanded_july2025_q1_design/canonical_processed_session_manifest.json;v4/audit/autoresearch/protocol101_fair_contract_expanded_july_aug2025_43_q1_design_input/canonical_processed_session_manifest.json;v4/audit/autoresearch/protocol101_fair_contract_training_labels_preflight/canonical_processed_session_manifest.json;v4/audit/autoresearch/protocol101_fair_contract_training_preflight/canonical_processed_session_manifest.json
2026-01-15,q1_2026_development,matched_single_rule,canonical_processed_session;raw_vendor_session,raw_file_present;usable_only_if_training_runner_requires_this_manifest,data/raw/databento/opra_spxw_cbbo_1m;data/raw/databento/opra_spxw_definition;data/raw/databento/opra_spxw_ohlcv_1m;data/raw/databento/opra_spxw_statistics;data/vendor/thetadata/index/spx_1m;data/vendor/thetadata/index/vix_1m;v4/audit/autoresearch/protocol101_fair_contract_expanded_jul_dec2025_128_q1_design_input/canonical_processed_session_manifest.json;v4/audit/autoresearch/protocol101_fair_contract_expanded_jul_sep2025_64_q1_design_input/canonical_processed_session_manifest.json;v4/audit/autoresearch/protocol101_fair_contract_expanded_july2025_20_q1_design/canonical_processed_session_manifest.json;v4/audit/autoresearch/protocol101_fair_contract_expanded_july2025_q1_design/canonical_processed_session_manifest.json;v4/audit/autoresearch/protocol101_fair_contract_expanded_july_aug2025_43_q1_design_input/canonical_processed_session_manifest.json;v4/audit/autoresearch/protocol101_fair_contract_training_labels_preflight/canonical_processed_session_manifest.json;v4/audit/autoresearch/protocol101_fair_contract_training_preflight/canonical_processed_session_manifest.json
2026-01-16,q1_2026_development,matched_single_rule,canonical_processed_session;raw_vendor_session,raw_file_present;usable_only_if_training_runner_requires_this_manifest,data/raw/databento/opra_spxw_cbbo_1m;data/raw/databento/opra_spxw_definition;data/raw/databento/opra_spxw_ohlcv_1m;data/raw/databento/opra_spxw_statistics;data/vendor/thetadata/index/spx_1m;data/vendor/thetadata/index/vix_1m;v4/audit/autoresearch/protocol101_fair_contract_expanded_jul_dec2025_128_q1_design_input/canonical_processed_session_manifest.json;v4/audit/autoresearch/protocol101_fair_contract_expanded_jul_sep2025_64_q1_design_input/canonical_processed_session_manifest.json;v4/audit/autoresearch/protocol101_fair_contract_expanded_july2025_20_q1_design/canonical_processed_session_manifest.json;v4/audit/autoresearch/protocol101_fair_contract_expanded_july2025_q1_design/canonical_processed_session_manifest.json;v4/audit/autoresearch/protocol101_fair_contract_expanded_july_aug2025_43_q1_design_input/canonical_processed_session_manifest.json;v4/audit/autoresearch/protocol101_fair_contract_training_labels_preflight/canonical_processed_session_manifest.json;v4/audit/autoresearch/protocol101_fair_contract_training_preflight/canonical_processed_session_manifest.json
2026-01-19,q1_2026_development,matched_single_rule,raw_vendor_session,raw_file_present,data/vendor/thetadata/index/vix_1m
2026-01-20,q1_2026_development,matched_single_rule,canonical_processed_session;raw_vendor_session,raw_file_present;usable_only_if_training_runner_requires_this_manifest,data/raw/databento/opra_spxw_cbbo_1m;data/raw/databento/opra_spxw_definition;data/raw/databento/opra_spxw_ohlcv_1m;data/raw/databento/opra_spxw_statistics;data/vendor/thetadata/index/spx_1m;data/vendor/thetadata/index/vix_1m;v4/audit/autoresearch/protocol101_fair_contract_expanded_jul_dec2025_128_q1_design_input/canonical_processed_session_manifest.json;v4/audit/autoresearch/protocol101_fair_contract_expanded_jul_sep2025_64_q1_design_input/canonical_processed_session_manifest.json;v4/audit/autoresearch/protocol101_fair_contract_expanded_july2025_20_q1_design/canonical_processed_session_manifest.json;v4/audit/autoresearch/protocol101_fair_contract_expanded_july2025_q1_design/canonical_processed_session_manifest.json;v4/audit/autoresearch/protocol101_fair_contract_expanded_july_aug2025_43_q1_design_input/canonical_processed_session_manifest.json;v4/audit/autoresearch/protocol101_fair_contract_training_labels_preflight/canonical_processed_session_manifest.json;v4/audit/autoresearch/protocol101_fair_contract_training_preflight/canonical_processed_session_manifest.json
2026-01-21,q1_2026_development,matched_single_rule,canonical_processed_session;raw_vendor_session,raw_file_present;usable_only_if_training_runner_requires_this_manifest,data/raw/databento/opra_spxw_cbbo_1m;data/raw/databento/opra_spxw_definition;data/raw/databento/opra_spxw_ohlcv_1m;data/raw/databento/opra_spxw_statistics;data/vendor/thetadata/index/spx_1m;data/vendor/thetadata/index/vix_1m;v4/audit/autoresearch/protocol101_fair_contract_expanded_jul_dec2025_128_q1_design_input/canonical_processed_session_manifest.json;v4/audit/autoresearch/protocol101_fair_contract_expanded_jul_sep2025_64_q1_design_input/canonical_processed_session_manifest.json;v4/audit/autoresearch/protocol101_fair_contract_expanded_july2025_20_q1_design/canonical_processed_session_manifest.json;v4/audit/autoresearch/protocol101_fair_contract_expanded_july2025_q1_design/canonical_processed_session_manifest.json;v4/audit/autoresearch/protocol101_fair_contract_expanded_july_aug2025_43_q1_design_input/canonical_processed_session_manifest.json;v4/audit/autoresearch/protocol101_fair_contract_training_labels_preflight/canonical_processed_session_manifest.json;v4/audit/autoresearch/protocol101_fair_contract_training_preflight/canonical_processed_session_manifest.json
2026-01-22,q1_2026_development,matched_single_rule,canonical_processed_session;raw_vendor_session,raw_file_present;usable_only_if_training_runner_requires_this_manifest,data/raw/databento/opra_spxw_cbbo_1m;data/raw/databento/opra_spxw_definition;data/raw/databento/opra_spxw_ohlcv_1m;data/raw/databento/opra_spxw_statistics;data/vendor/thetadata/index/spx_1m;data/vendor/thetadata/index/vix_1m;v4/audit/autoresearch/protocol101_fair_contract_expanded_jul_dec2025_128_q1_design_input/canonical_processed_session_manifest.json;v4/audit/autoresearch/protocol101_fair_contract_expanded_jul_sep2025_64_q1_design_input/canonical_processed_session_manifest.json;v4/audit/autoresearch/protocol101_fair_contract_expanded_july2025_20_q1_design/canonical_processed_session_manifest.json;v4/audit/autoresearch/protocol101_fair_contract_expanded_july2025_q1_design/canonical_processed_session_manifest.json;v4/audit/autoresearch/protocol101_fair_contract_expanded_july_aug2025_43_q1_design_input/canonical_processed_session_manifest.json;v4/audit/autoresearch/protocol101_fair_contract_training_labels_preflight/canonical_processed_session_manifest.json;v4/audit/autoresearch/protocol101_fair_contract_training_preflight/canonical_processed_session_manifest.json
2026-01-23,q1_2026_development,matched_single_rule,canonical_processed_session;raw_vendor_session,raw_file_present;usable_only_if_training_runner_requires_this_manifest,data/raw/databento/opra_spxw_cbbo_1m;data/raw/databento/opra_spxw_definition;data/raw/databento/opra_spxw_ohlcv_1m;data/raw/databento/opra_spxw_statistics;data/vendor/thetadata/index/spx_1m;data/vendor/thetadata/index/vix_1m;v4/audit/autoresearch/protocol101_fair_contract_expanded_jul_dec2025_128_q1_design_input/canonical_processed_session_manifest.json;v4/audit/autoresearch/protocol101_fair_contract_expanded_jul_sep2025_64_q1_design_input/canonical_processed_session_manifest.json;v4/audit/autoresearch/protocol101_fair_contract_expanded_july2025_20_q1_design/canonical_processed_session_manifest.json;v4/audit/autoresearch/protocol101_fair_contract_expanded_july2025_q1_design/canonical_processed_session_manifest.json;v4/audit/autoresearch/protocol101_fair_contract_expanded_july_aug2025_43_q1_design_input/canonical_processed_session_manifest.json;v4/audit/autoresearch/protocol101_fair_contract_training_labels_preflight/canonical_processed_session_manifest.json;v4/audit/autoresearch/protocol101_fair_contract_training_preflight/canonical_processed_session_manifest.json
2026-01-26,q1_2026_development,matched_single_rule,canonical_processed_session;raw_vendor_session,raw_file_present;usable_only_if_training_runner_requires_this_manifest,data/raw/databento/opra_spxw_cbbo_1m;data/raw/databento/opra_spxw_definition;data/raw/databento/opra_spxw_ohlcv_1m;data/raw/databento/opra_spxw_statistics;data/vendor/thetadata/index/spx_1m;data/vendor/thetadata/index/vix_1m;v4/audit/autoresearch/protocol101_fair_contract_expanded_jul_dec2025_128_q1_design_input/canonical_processed_session_manifest.json;v4/audit/autoresearch/protocol101_fair_contract_expanded_jul_sep2025_64_q1_design_input/canonical_processed_session_manifest.json;v4/audit/autoresearch/protocol101_fair_contract_expanded_july2025_20_q1_design/canonical_processed_session_manifest.json;v4/audit/autoresearch/protocol101_fair_contract_expanded_july2025_q1_design/canonical_processed_session_manifest.json;v4/audit/autoresearch/protocol101_fair_contract_expanded_july_aug2025_43_q1_design_input/canonical_processed_session_manifest.json;v4/audit/autoresearch/protocol101_fair_contract_training_labels_preflight/canonical_processed_session_manifest.json;v4/audit/autoresearch/protocol101_fair_contract_training_preflight/canonical_processed_session_manifest.json
2026-01-27,q1_2026_development,matched_single_rule,canonical_processed_session;raw_vendor_session,raw_file_present;usable_only_if_training_runner_requires_this_manifest,data/raw/databento/opra_spxw_cbbo_1m;data/raw/databento/opra_spxw_definition;data/raw/databento/opra_spxw_ohlcv_1m;data/raw/databento/opra_spxw_statistics;data/vendor/thetadata/index/spx_1m;data/vendor/thetadata/index/vix_1m;v4/audit/autoresearch/protocol101_fair_contract_expanded_jul_dec2025_128_q1_design_input/canonical_processed_session_manifest.json;v4/audit/autoresearch/protocol101_fair_contract_expanded_jul_sep2025_64_q1_design_input/canonical_processed_session_manifest.json;v4/audit/autoresearch/protocol101_fair_contract_expanded_july2025_20_q1_design/canonical_processed_session_manifest.json;v4/audit/autoresearch/protocol101_fair_contract_expanded_july2025_q1_design/canonical_processed_session_manifest.json;v4/audit/autoresearch/protocol101_fair_contract_expanded_july_aug2025_43_q1_design_input/canonical_processed_session_manifest.json;v4/audit/autoresearch/protocol101_fair_contract_training_labels_preflight/canonical_processed_session_manifest.json;v4/audit/autoresearch/protocol101_fair_contract_training_preflight/canonical_processed_session_manifest.json
2026-01-28,q1_2026_development,matched_single_rule,canonical_processed_session;raw_vendor_session,raw_file_present;usable_only_if_training_runner_requires_this_manifest,data/raw/databento/opra_spxw_cbbo_1m;data/raw/databento/opra_spxw_definition;data/raw/databento/opra_spxw_ohlcv_1m;data/raw/databento/opra_spxw_statistics;data/vendor/thetadata/index/spx_1m;data/vendor/thetadata/index/vix_1m;v4/audit/autoresearch/protocol101_fair_contract_expanded_jul_dec2025_128_q1_design_input/canonical_processed_session_manifest.json;v4/audit/autoresearch/protocol101_fair_contract_expanded_jul_sep2025_64_q1_design_input/canonical_processed_session_manifest.json;v4/audit/autoresearch/protocol101_fair_contract_expanded_july2025_20_q1_design/canonical_processed_session_manifest.json;v4/audit/autoresearch/protocol101_fair_contract_expanded_july2025_q1_design/canonical_processed_session_manifest.json;v4/audit/autoresearch/protocol101_fair_contract_expanded_july_aug2025_43_q1_design_input/canonical_processed_session_manifest.json;v4/audit/autoresearch/protocol101_fair_contract_training_labels_preflight/canonical_processed_session_manifest.json;v4/audit/autoresearch/protocol101_fair_contract_training_preflight/canonical_processed_session_manifest.json
2026-01-29,q1_2026_development,matched_single_rule,canonical_processed_session;raw_vendor_session,raw_file_present;usable_only_if_training_runner_requires_this_manifest,data/raw/databento/opra_spxw_cbbo_1m;data/raw/databento/opra_spxw_definition;data/raw/databento/opra_spxw_ohlcv_1m;data/raw/databento/opra_spxw_statistics;data/vendor/thetadata/index/spx_1m;data/vendor/thetadata/index/vix_1m;v4/audit/autoresearch/protocol101_fair_contract_expanded_jul_dec2025_128_q1_design_input/canonical_processed_session_manifest.json;v4/audit/autoresearch/protocol101_fair_contract_expanded_jul_sep2025_64_q1_design_input/canonical_processed_session_manifest.json;v4/audit/autoresearch/protocol101_fair_contract_expanded_july2025_20_q1_design/canonical_processed_session_manifest.json;v4/audit/autoresearch/protocol101_fair_contract_expanded_july2025_q1_design/canonical_processed_session_manifest.json;v4/audit/autoresearch/protocol101_fair_contract_expanded_july_aug2025_43_q1_design_input/canonical_processed_session_manifest.json;v4/audit/autoresearch/protocol101_fair_contract_training_labels_preflight/canonical_processed_session_manifest.json;v4/audit/autoresearch/protocol101_fair_contract_training_preflight/canonical_processed_session_manifest.json
2026-01-30,q1_2026_development,matched_single_rule,canonical_processed_session;raw_vendor_session,raw_file_present;usable_only_if_training_runner_requires_this_manifest,data/raw/databento/opra_spxw_cbbo_1m;data/raw/databento/opra_spxw_definition;data/raw/databento/opra_spxw_ohlcv_1m;data/raw/databento/opra_spxw_statistics;data/vendor/thetadata/index/spx_1m;data/vendor/thetadata/index/vix_1m;v4/audit/autoresearch/protocol101_fair_contract_expanded_jul_dec2025_128_q1_design_input/canonical_processed_session_manifest.json;v4/audit/autoresearch/protocol101_fair_contract_expanded_jul_sep2025_64_q1_design_input/canonical_processed_session_manifest.json;v4/audit/autoresearch/protocol101_fair_contract_expanded_july2025_20_q1_design/canonical_processed_session_manifest.json;v4/audit/autoresearch/protocol101_fair_contract_expanded_july2025_q1_design/canonical_processed_session_manifest.json;v4/audit/autoresearch/protocol101_fair_contract_expanded_july_aug2025_43_q1_design_input/canonical_processed_session_manifest.json;v4/audit/autoresearch/protocol101_fair_contract_training_labels_preflight/canonical_processed_session_manifest.json;v4/audit/autoresearch/protocol101_fair_contract_training_preflight/canonical_processed_session_manifest.json
2026-02-02,q1_2026_development,matched_single_rule,canonical_processed_session;raw_vendor_session,raw_file_present;usable_only_if_training_runner_requires_this_manifest,data/raw/databento/opra_spxw_cbbo_1m;data/raw/databento/opra_spxw_definition;data/raw/databento/opra_spxw_ohlcv_1m;data/raw/databento/opra_spxw_statistics;data/vendor/thetadata/index/spx_1m;data/vendor/thetadata/index/vix_1m;v4/audit/autoresearch/protocol101_fair_contract_expanded_jul_dec2025_128_q1_design_input/canonical_processed_session_manifest.json;v4/audit/autoresearch/protocol101_fair_contract_expanded_jul_sep2025_64_q1_design_input/canonical_processed_session_manifest.json;v4/audit/autoresearch/protocol101_fair_contract_expanded_july2025_20_q1_design/canonical_processed_session_manifest.json;v4/audit/autoresearch/protocol101_fair_contract_expanded_july2025_q1_design/canonical_processed_session_manifest.json;v4/audit/autoresearch/protocol101_fair_contract_expanded_july_aug2025_43_q1_design_input/canonical_processed_session_manifest.json;v4/audit/autoresearch/protocol101_fair_contract_training_labels_preflight/canonical_processed_session_manifest.json;v4/audit/autoresearch/protocol101_fair_contract_training_preflight/canonical_processed_session_manifest.json
2026-02-03,q1_2026_development,matched_single_rule,canonical_processed_session;raw_vendor_session,raw_file_present;usable_only_if_training_runner_requires_this_manifest,data/raw/databento/opra_spxw_cbbo_1m;data/raw/databento/opra_spxw_definition;data/raw/databento/opra_spxw_ohlcv_1m;data/raw/databento/opra_spxw_statistics;data/vendor/thetadata/index/spx_1m;data/vendor/thetadata/index/vix_1m;v4/audit/autoresearch/protocol101_fair_contract_expanded_jul_dec2025_128_q1_design_input/canonical_processed_session_manifest.json;v4/audit/autoresearch/protocol101_fair_contract_expanded_jul_sep2025_64_q1_design_input/canonical_processed_session_manifest.json;v4/audit/autoresearch/protocol101_fair_contract_expanded_july2025_20_q1_design/canonical_processed_session_manifest.json;v4/audit/autoresearch/protocol101_fair_contract_expanded_july2025_q1_design/canonical_processed_session_manifest.json;v4/audit/autoresearch/protocol101_fair_contract_expanded_july_aug2025_43_q1_design_input/canonical_processed_session_manifest.json;v4/audit/autoresearch/protocol101_fair_contract_training_labels_preflight/canonical_processed_session_manifest.json;v4/audit/autoresearch/protocol101_fair_contract_training_preflight/canonical_processed_session_manifest.json
2026-02-04,q1_2026_development,matched_single_rule,canonical_processed_session;raw_vendor_session,raw_file_present;usable_only_if_training_runner_requires_this_manifest,data/raw/databento/opra_spxw_cbbo_1m;data/raw/databento/opra_spxw_definition;data/raw/databento/opra_spxw_ohlcv_1m;data/raw/databento/opra_spxw_statistics;data/vendor/thetadata/index/spx_1m;data/vendor/thetadata/index/vix_1m;v4/audit/autoresearch/protocol101_fair_contract_expanded_jul_dec2025_128_q1_design_input/canonical_processed_session_manifest.json;v4/audit/autoresearch/protocol101_fair_contract_expanded_jul_sep2025_64_q1_design_input/canonical_processed_session_manifest.json;v4/audit/autoresearch/protocol101_fair_contract_expanded_july2025_20_q1_design/canonical_processed_session_manifest.json;v4/audit/autoresearch/protocol101_fair_contract_expanded_july2025_q1_design/canonical_processed_session_manifest.json;v4/audit/autoresearch/protocol101_fair_contract_expanded_july_aug2025_43_q1_design_input/canonical_processed_session_manifest.json;v4/audit/autoresearch/protocol101_fair_contract_training_labels_preflight/canonical_processed_session_manifest.json;v4/audit/autoresearch/protocol101_fair_contract_training_preflight/canonical_processed_session_manifest.json
2026-02-05,q1_2026_development,matched_single_rule,canonical_processed_session;raw_vendor_session,raw_file_present;usable_only_if_training_runner_requires_this_manifest,data/raw/databento/opra_spxw_cbbo_1m;data/raw/databento/opra_spxw_definition;data/raw/databento/opra_spxw_ohlcv_1m;data/raw/databento/opra_spxw_statistics;data/vendor/thetadata/index/spx_1m;data/vendor/thetadata/index/vix_1m;v4/audit/autoresearch/protocol101_fair_contract_expanded_jul_dec2025_128_q1_design_input/canonical_processed_session_manifest.json;v4/audit/autoresearch/protocol101_fair_contract_expanded_jul_sep2025_64_q1_design_input/canonical_processed_session_manifest.json;v4/audit/autoresearch/protocol101_fair_contract_expanded_july2025_20_q1_design/canonical_processed_session_manifest.json;v4/audit/autoresearch/protocol101_fair_contract_expanded_july2025_q1_design/canonical_processed_session_manifest.json;v4/audit/autoresearch/protocol101_fair_contract_expanded_july_aug2025_43_q1_design_input/canonical_processed_session_manifest.json;v4/audit/autoresearch/protocol101_fair_contract_training_labels_preflight/canonical_processed_session_manifest.json;v4/audit/autoresearch/protocol101_fair_contract_training_preflight/canonical_processed_session_manifest.json
2026-02-06,q1_2026_development,matched_single_rule,canonical_processed_session;raw_vendor_session,raw_file_present;usable_only_if_training_runner_requires_this_manifest,data/raw/databento/opra_spxw_cbbo_1m;data/raw/databento/opra_spxw_definition;data/raw/databento/opra_spxw_ohlcv_1m;data/raw/databento/opra_spxw_statistics;data/vendor/thetadata/index/spx_1m;data/vendor/thetadata/index/vix_1m;v4/audit/autoresearch/protocol101_fair_contract_expanded_jul_dec2025_128_q1_design_input/canonical_processed_session_manifest.json;v4/audit/autoresearch/protocol101_fair_contract_expanded_jul_sep2025_64_q1_design_input/canonical_processed_session_manifest.json;v4/audit/autoresearch/protocol101_fair_contract_expanded_july2025_20_q1_design/canonical_processed_session_manifest.json;v4/audit/autoresearch/protocol101_fair_contract_expanded_july2025_q1_design/canonical_processed_session_manifest.json;v4/audit/autoresearch/protocol101_fair_contract_expanded_july_aug2025_43_q1_design_input/canonical_processed_session_manifest.json;v4/audit/autoresearch/protocol101_fair_contract_training_labels_preflight/canonical_processed_session_manifest.json;v4/audit/autoresearch/protocol101_fair_contract_training_preflight/canonical_processed_session_manifest.json
2026-02-09,q1_2026_development,matched_single_rule,canonical_processed_session;raw_vendor_session,raw_file_present;usable_only_if_training_runner_requires_this_manifest,data/raw/databento/opra_spxw_cbbo_1m;data/raw/databento/opra_spxw_definition;data/raw/databento/opra_spxw_ohlcv_1m;data/raw/databento/opra_spxw_statistics;data/vendor/thetadata/index/spx_1m;data/vendor/thetadata/index/vix_1m;v4/audit/autoresearch/protocol101_fair_contract_expanded_jul_dec2025_128_q1_design_input/canonical_processed_session_manifest.json;v4/audit/autoresearch/protocol101_fair_contract_expanded_jul_sep2025_64_q1_design_input/canonical_processed_session_manifest.json;v4/audit/autoresearch/protocol101_fair_contract_expanded_july2025_20_q1_design/canonical_processed_session_manifest.json;v4/audit/autoresearch/protocol101_fair_contract_expanded_july2025_q1_design/canonical_processed_session_manifest.json;v4/audit/autoresearch/protocol101_fair_contract_expanded_july_aug2025_43_q1_design_input/canonical_processed_session_manifest.json;v4/audit/autoresearch/protocol101_fair_contract_training_labels_preflight/canonical_processed_session_manifest.json;v4/audit/autoresearch/protocol101_fair_contract_training_preflight/canonical_processed_session_manifest.json
2026-02-10,q1_2026_development,matched_single_rule,canonical_processed_session;raw_vendor_session,raw_file_present;usable_only_if_training_runner_requires_this_manifest,data/raw/databento/opra_spxw_cbbo_1m;data/raw/databento/opra_spxw_definition;data/raw/databento/opra_spxw_ohlcv_1m;data/raw/databento/opra_spxw_statistics;data/vendor/thetadata/index/spx_1m;data/vendor/thetadata/index/vix_1m;v4/audit/autoresearch/protocol101_fair_contract_expanded_jul_dec2025_128_q1_design_input/canonical_processed_session_manifest.json;v4/audit/autoresearch/protocol101_fair_contract_expanded_jul_sep2025_64_q1_design_input/canonical_processed_session_manifest.json;v4/audit/autoresearch/protocol101_fair_contract_expanded_july2025_20_q1_design/canonical_processed_session_manifest.json;v4/audit/autoresearch/protocol101_fair_contract_expanded_july2025_q1_design/canonical_processed_session_manifest.json;v4/audit/autoresearch/protocol101_fair_contract_expanded_july_aug2025_43_q1_design_input/canonical_processed_session_manifest.json;v4/audit/autoresearch/protocol101_fair_contract_training_labels_preflight/canonical_processed_session_manifest.json;v4/audit/autoresearch/protocol101_fair_contract_training_preflight/canonical_processed_session_manifest.json
2026-02-11,q1_2026_development,matched_single_rule,canonical_processed_session;raw_vendor_session,raw_file_present;usable_only_if_training_runner_requires_this_manifest,data/raw/databento/opra_spxw_cbbo_1m;data/raw/databento/opra_spxw_definition;data/raw/databento/opra_spxw_ohlcv_1m;data/raw/databento/opra_spxw_statistics;data/vendor/thetadata/index/spx_1m;data/vendor/thetadata/index/vix_1m;v4/audit/autoresearch/protocol101_fair_contract_expanded_jul_dec2025_128_q1_design_input/canonical_processed_session_manifest.json;v4/audit/autoresearch/protocol101_fair_contract_expanded_jul_sep2025_64_q1_design_input/canonical_processed_session_manifest.json;v4/audit/autoresearch/protocol101_fair_contract_expanded_july2025_20_q1_design/canonical_processed_session_manifest.json;v4/audit/autoresearch/protocol101_fair_contract_expanded_july2025_q1_design/canonical_processed_session_manifest.json;v4/audit/autoresearch/protocol101_fair_contract_expanded_july_aug2025_43_q1_design_input/canonical_processed_session_manifest.json;v4/audit/autoresearch/protocol101_fair_contract_training_labels_preflight/canonical_processed_session_manifest.json;v4/audit/autoresearch/protocol101_fair_contract_training_preflight/canonical_processed_session_manifest.json
2026-02-12,q1_2026_development,matched_single_rule,canonical_processed_session;raw_vendor_session,raw_file_present;usable_only_if_training_runner_requires_this_manifest,data/raw/databento/opra_spxw_cbbo_1m;data/raw/databento/opra_spxw_definition;data/raw/databento/opra_spxw_ohlcv_1m;data/raw/databento/opra_spxw_statistics;data/vendor/thetadata/index/spx_1m;data/vendor/thetadata/index/vix_1m;v4/audit/autoresearch/protocol101_fair_contract_expanded_jul_dec2025_128_q1_design_input/canonical_processed_session_manifest.json;v4/audit/autoresearch/protocol101_fair_contract_expanded_jul_sep2025_64_q1_design_input/canonical_processed_session_manifest.json;v4/audit/autoresearch/protocol101_fair_contract_expanded_july2025_20_q1_design/canonical_processed_session_manifest.json;v4/audit/autoresearch/protocol101_fair_contract_expanded_july2025_q1_design/canonical_processed_session_manifest.json;v4/audit/autoresearch/protocol101_fair_contract_expanded_july_aug2025_43_q1_design_input/canonical_processed_session_manifest.json;v4/audit/autoresearch/protocol101_fair_contract_training_labels_preflight/canonical_processed_session_manifest.json;v4/audit/autoresearch/protocol101_fair_contract_training_preflight/canonical_processed_session_manifest.json
2026-02-13,q1_2026_development,matched_single_rule,canonical_processed_session;raw_vendor_session,raw_file_present;usable_only_if_training_runner_requires_this_manifest,data/raw/databento/opra_spxw_cbbo_1m;data/raw/databento/opra_spxw_definition;data/raw/databento/opra_spxw_ohlcv_1m;data/raw/databento/opra_spxw_statistics;data/vendor/thetadata/index/spx_1m;data/vendor/thetadata/index/vix_1m;v4/audit/autoresearch/protocol101_fair_contract_expanded_jul_dec2025_128_q1_design_input/canonical_processed_session_manifest.json;v4/audit/autoresearch/protocol101_fair_contract_expanded_jul_sep2025_64_q1_design_input/canonical_processed_session_manifest.json;v4/audit/autoresearch/protocol101_fair_contract_expanded_july2025_20_q1_design/canonical_processed_session_manifest.json;v4/audit/autoresearch/protocol101_fair_contract_expanded_july2025_q1_design/canonical_processed_session_manifest.json;v4/audit/autoresearch/protocol101_fair_contract_expanded_july_aug2025_43_q1_design_input/canonical_processed_session_manifest.json;v4/audit/autoresearch/protocol101_fair_contract_training_labels_preflight/canonical_processed_session_manifest.json;v4/audit/autoresearch/protocol101_fair_contract_training_preflight/canonical_processed_session_manifest.json
2026-02-16,q1_2026_development,matched_single_rule,raw_vendor_session,raw_file_present,data/vendor/thetadata/index/vix_1m
2026-02-17,q1_2026_development,matched_single_rule,canonical_processed_session;raw_vendor_session,raw_file_present;usable_only_if_training_runner_requires_this_manifest,data/raw/databento/opra_spxw_cbbo_1m;data/raw/databento/opra_spxw_definition;data/raw/databento/opra_spxw_ohlcv_1m;data/raw/databento/opra_spxw_statistics;data/vendor/thetadata/index/spx_1m;data/vendor/thetadata/index/vix_1m;v4/audit/autoresearch/protocol101_fair_contract_expanded_jul_dec2025_128_q1_design_input/canonical_processed_session_manifest.json;v4/audit/autoresearch/protocol101_fair_contract_expanded_jul_sep2025_64_q1_design_input/canonical_processed_session_manifest.json;v4/audit/autoresearch/protocol101_fair_contract_expanded_july2025_20_q1_design/canonical_processed_session_manifest.json;v4/audit/autoresearch/protocol101_fair_contract_expanded_july2025_q1_design/canonical_processed_session_manifest.json;v4/audit/autoresearch/protocol101_fair_contract_expanded_july_aug2025_43_q1_design_input/canonical_processed_session_manifest.json;v4/audit/autoresearch/protocol101_fair_contract_training_labels_preflight/canonical_processed_session_manifest.json;v4/audit/autoresearch/protocol101_fair_contract_training_preflight/canonical_processed_session_manifest.json
2026-02-18,q1_2026_development,matched_single_rule,canonical_processed_session;raw_vendor_session,raw_file_present;usable_only_if_training_runner_requires_this_manifest,data/raw/databento/opra_spxw_cbbo_1m;data/raw/databento/opra_spxw_definition;data/raw/databento/opra_spxw_ohlcv_1m;data/raw/databento/opra_spxw_statistics;data/vendor/thetadata/index/spx_1m;data/vendor/thetadata/index/vix_1m;v4/audit/autoresearch/protocol101_fair_contract_expanded_jul_dec2025_128_q1_design_input/canonical_processed_session_manifest.json;v4/audit/autoresearch/protocol101_fair_contract_expanded_jul_sep2025_64_q1_design_input/canonical_processed_session_manifest.json;v4/audit/autoresearch/protocol101_fair_contract_expanded_july2025_20_q1_design/canonical_processed_session_manifest.json;v4/audit/autoresearch/protocol101_fair_contract_expanded_july2025_q1_design/canonical_processed_session_manifest.json;v4/audit/autoresearch/protocol101_fair_contract_expanded_july_aug2025_43_q1_design_input/canonical_processed_session_manifest.json;v4/audit/autoresearch/protocol101_fair_contract_training_labels_preflight/canonical_processed_session_manifest.json;v4/audit/autoresearch/protocol101_fair_contract_training_preflight/canonical_processed_session_manifest.json
2026-02-19,q1_2026_development,matched_single_rule,canonical_processed_session;raw_vendor_session,raw_file_present;usable_only_if_training_runner_requires_this_manifest,data/raw/databento/opra_spxw_cbbo_1m;data/raw/databento/opra_spxw_definition;data/raw/databento/opra_spxw_ohlcv_1m;data/raw/databento/opra_spxw_statistics;data/vendor/thetadata/index/spx_1m;data/vendor/thetadata/index/vix_1m;v4/audit/autoresearch/protocol101_fair_contract_expanded_jul_dec2025_128_q1_design_input/canonical_processed_session_manifest.json;v4/audit/autoresearch/protocol101_fair_contract_expanded_jul_sep2025_64_q1_design_input/canonical_processed_session_manifest.json;v4/audit/autoresearch/protocol101_fair_contract_expanded_july2025_20_q1_design/canonical_processed_session_manifest.json;v4/audit/autoresearch/protocol101_fair_contract_expanded_july2025_q1_design/canonical_processed_session_manifest.json;v4/audit/autoresearch/protocol101_fair_contract_expanded_july_aug2025_43_q1_design_input/canonical_processed_session_manifest.json;v4/audit/autoresearch/protocol101_fair_contract_training_labels_preflight/canonical_processed_session_manifest.json;v4/audit/autoresearch/protocol101_fair_contract_training_preflight/canonical_processed_session_manifest.json
2026-02-20,q1_2026_development,matched_single_rule,canonical_processed_session;raw_vendor_session,raw_file_present;usable_only_if_training_runner_requires_this_manifest,data/raw/databento/opra_spxw_cbbo_1m;data/raw/databento/opra_spxw_definition;data/raw/databento/opra_spxw_ohlcv_1m;data/raw/databento/opra_spxw_statistics;data/vendor/thetadata/index/spx_1m;data/vendor/thetadata/index/vix_1m;v4/audit/autoresearch/protocol101_fair_contract_expanded_jul_dec2025_128_q1_design_input/canonical_processed_session_manifest.json;v4/audit/autoresearch/protocol101_fair_contract_expanded_jul_sep2025_64_q1_design_input/canonical_processed_session_manifest.json;v4/audit/autoresearch/protocol101_fair_contract_expanded_july2025_20_q1_design/canonical_processed_session_manifest.json;v4/audit/autoresearch/protocol101_fair_contract_expanded_july2025_q1_design/canonical_processed_session_manifest.json;v4/audit/autoresearch/protocol101_fair_contract_expanded_july_aug2025_43_q1_design_input/canonical_processed_session_manifest.json;v4/audit/autoresearch/protocol101_fair_contract_training_labels_preflight/canonical_processed_session_manifest.json;v4/audit/autoresearch/protocol101_fair_contract_training_preflight/canonical_processed_session_manifest.json
2026-02-23,q1_2026_development,matched_single_rule,canonical_processed_session;raw_vendor_session,raw_file_present;usable_only_if_training_runner_requires_this_manifest,data/raw/databento/opra_spxw_cbbo_1m;data/raw/databento/opra_spxw_definition;data/raw/databento/opra_spxw_ohlcv_1m;data/raw/databento/opra_spxw_statistics;data/vendor/thetadata/index/spx_1m;data/vendor/thetadata/index/vix_1m;v4/audit/autoresearch/protocol101_fair_contract_expanded_jul_dec2025_128_q1_design_input/canonical_processed_session_manifest.json;v4/audit/autoresearch/protocol101_fair_contract_expanded_jul_sep2025_64_q1_design_input/canonical_processed_session_manifest.json;v4/audit/autoresearch/protocol101_fair_contract_expanded_july2025_20_q1_design/canonical_processed_session_manifest.json;v4/audit/autoresearch/protocol101_fair_contract_expanded_july2025_q1_design/canonical_processed_session_manifest.json;v4/audit/autoresearch/protocol101_fair_contract_expanded_july_aug2025_43_q1_design_input/canonical_processed_session_manifest.json;v4/audit/autoresearch/protocol101_fair_contract_training_labels_preflight/canonical_processed_session_manifest.json;v4/audit/autoresearch/protocol101_fair_contract_training_preflight/canonical_processed_session_manifest.json
2026-02-24,q1_2026_development,matched_single_rule,canonical_processed_session;raw_vendor_session,raw_file_present;usable_only_if_training_runner_requires_this_manifest,data/raw/databento/opra_spxw_cbbo_1m;data/raw/databento/opra_spxw_definition;data/raw/databento/opra_spxw_ohlcv_1m;data/raw/databento/opra_spxw_statistics;data/vendor/thetadata/index/spx_1m;data/vendor/thetadata/index/vix_1m;v4/audit/autoresearch/protocol101_fair_contract_expanded_jul_dec2025_128_q1_design_input/canonical_processed_session_manifest.json;v4/audit/autoresearch/protocol101_fair_contract_expanded_jul_sep2025_64_q1_design_input/canonical_processed_session_manifest.json;v4/audit/autoresearch/protocol101_fair_contract_expanded_july2025_20_q1_design/canonical_processed_session_manifest.json;v4/audit/autoresearch/protocol101_fair_contract_expanded_july2025_q1_design/canonical_processed_session_manifest.json;v4/audit/autoresearch/protocol101_fair_contract_expanded_july_aug2025_43_q1_design_input/canonical_processed_session_manifest.json;v4/audit/autoresearch/protocol101_fair_contract_training_labels_preflight/canonical_processed_session_manifest.json;v4/audit/autoresearch/protocol101_fair_contract_training_preflight/canonical_processed_session_manifest.json
2026-02-25,q1_2026_development,matched_single_rule,canonical_processed_session;raw_vendor_session,raw_file_present;usable_only_if_training_runner_requires_this_manifest,data/raw/databento/opra_spxw_cbbo_1m;data/raw/databento/opra_spxw_definition;data/raw/databento/opra_spxw_ohlcv_1m;data/raw/databento/opra_spxw_statistics;data/vendor/thetadata/index/spx_1m;data/vendor/thetadata/index/vix_1m;v4/audit/autoresearch/protocol101_fair_contract_expanded_jul_dec2025_128_q1_design_input/canonical_processed_session_manifest.json;v4/audit/autoresearch/protocol101_fair_contract_expanded_jul_sep2025_64_q1_design_input/canonical_processed_session_manifest.json;v4/audit/autoresearch/protocol101_fair_contract_expanded_july2025_20_q1_design/canonical_processed_session_manifest.json;v4/audit/autoresearch/protocol101_fair_contract_expanded_july2025_q1_design/canonical_processed_session_manifest.json;v4/audit/autoresearch/protocol101_fair_contract_expanded_july_aug2025_43_q1_design_input/canonical_processed_session_manifest.json;v4/audit/autoresearch/protocol101_fair_contract_training_labels_preflight/canonical_processed_session_manifest.json;v4/audit/autoresearch/protocol101_fair_contract_training_preflight/canonical_processed_session_manifest.json
2026-02-26,q1_2026_development,matched_single_rule,canonical_processed_session;raw_vendor_session,raw_file_present;usable_only_if_training_runner_requires_this_manifest,data/raw/databento/opra_spxw_cbbo_1m;data/raw/databento/opra_spxw_definition;data/raw/databento/opra_spxw_ohlcv_1m;data/raw/databento/opra_spxw_statistics;data/vendor/thetadata/index/spx_1m;data/vendor/thetadata/index/vix_1m;v4/audit/autoresearch/protocol101_fair_contract_expanded_jul_dec2025_128_q1_design_input/canonical_processed_session_manifest.json;v4/audit/autoresearch/protocol101_fair_contract_expanded_jul_sep2025_64_q1_design_input/canonical_processed_session_manifest.json;v4/audit/autoresearch/protocol101_fair_contract_expanded_july2025_20_q1_design/canonical_processed_session_manifest.json;v4/audit/autoresearch/protocol101_fair_contract_expanded_july2025_q1_design/canonical_processed_session_manifest.json;v4/audit/autoresearch/protocol101_fair_contract_expanded_july_aug2025_43_q1_design_input/canonical_processed_session_manifest.json;v4/audit/autoresearch/protocol101_fair_contract_training_labels_preflight/canonical_processed_session_manifest.json;v4/audit/autoresearch/protocol101_fair_contract_training_preflight/canonical_processed_session_manifest.json
2026-02-27,q1_2026_development,matched_single_rule,canonical_processed_session;raw_vendor_session,raw_file_present;usable_only_if_training_runner_requires_this_manifest,data/raw/databento/opra_spxw_cbbo_1m;data/raw/databento/opra_spxw_definition;data/raw/databento/opra_spxw_ohlcv_1m;data/raw/databento/opra_spxw_statistics;data/vendor/thetadata/index/spx_1m;data/vendor/thetadata/index/vix_1m;v4/audit/autoresearch/protocol101_fair_contract_expanded_jul_dec2025_128_q1_design_input/canonical_processed_session_manifest.json;v4/audit/autoresearch/protocol101_fair_contract_expanded_jul_sep2025_64_q1_design_input/canonical_processed_session_manifest.json;v4/audit/autoresearch/protocol101_fair_contract_expanded_july2025_20_q1_design/canonical_processed_session_manifest.json;v4/audit/autoresearch/protocol101_fair_contract_expanded_july2025_q1_design/canonical_processed_session_manifest.json;v4/audit/autoresearch/protocol101_fair_contract_expanded_july_aug2025_43_q1_design_input/canonical_processed_session_manifest.json;v4/audit/autoresearch/protocol101_fair_contract_training_labels_preflight/canonical_processed_session_manifest.json;v4/audit/autoresearch/protocol101_fair_contract_training_preflight/canonical_processed_session_manifest.json
2026-03-02,q1_2026_development,matched_single_rule,canonical_processed_session;raw_vendor_session,raw_file_present;usable_only_if_training_runner_requires_this_manifest,data/raw/databento/opra_spxw_cbbo_1m;data/raw/databento/opra_spxw_definition;data/raw/databento/opra_spxw_ohlcv_1m;data/raw/databento/opra_spxw_statistics;data/vendor/thetadata/index/spx_1m;data/vendor/thetadata/index/vix_1m;v4/audit/autoresearch/protocol101_fair_contract_expanded_jul_dec2025_128_q1_design_input/canonical_processed_session_manifest.json;v4/audit/autoresearch/protocol101_fair_contract_expanded_jul_sep2025_64_q1_design_input/canonical_processed_session_manifest.json;v4/audit/autoresearch/protocol101_fair_contract_expanded_july2025_20_q1_design/canonical_processed_session_manifest.json;v4/audit/autoresearch/protocol101_fair_contract_expanded_july2025_q1_design/canonical_processed_session_manifest.json;v4/audit/autoresearch/protocol101_fair_contract_expanded_july_aug2025_43_q1_design_input/canonical_processed_session_manifest.json;v4/audit/autoresearch/protocol101_fair_contract_training_labels_preflight/canonical_processed_session_manifest.json;v4/audit/autoresearch/protocol101_fair_contract_training_preflight/canonical_processed_session_manifest.json
2026-03-03,q1_2026_development,matched_single_rule,canonical_processed_session;raw_vendor_session,raw_file_present;usable_only_if_training_runner_requires_this_manifest,data/raw/databento/opra_spxw_cbbo_1m;data/raw/databento/opra_spxw_definition;data/raw/databento/opra_spxw_ohlcv_1m;data/raw/databento/opra_spxw_statistics;data/vendor/thetadata/index/spx_1m;data/vendor/thetadata/index/vix_1m;v4/audit/autoresearch/protocol101_fair_contract_expanded_jul_dec2025_128_q1_design_input/canonical_processed_session_manifest.json;v4/audit/autoresearch/protocol101_fair_contract_expanded_jul_sep2025_64_q1_design_input/canonical_processed_session_manifest.json;v4/audit/autoresearch/protocol101_fair_contract_expanded_july2025_20_q1_design/canonical_processed_session_manifest.json;v4/audit/autoresearch/protocol101_fair_contract_expanded_july2025_q1_design/canonical_processed_session_manifest.json;v4/audit/autoresearch/protocol101_fair_contract_expanded_july_aug2025_43_q1_design_input/canonical_processed_session_manifest.json;v4/audit/autoresearch/protocol101_fair_contract_training_labels_preflight/canonical_processed_session_manifest.json;v4/audit/autoresearch/protocol101_fair_contract_training_preflight/canonical_processed_session_manifest.json
2026-03-04,q1_2026_development,matched_single_rule,canonical_processed_session;raw_vendor_session,raw_file_present;usable_only_if_training_runner_requires_this_manifest,data/raw/databento/opra_spxw_cbbo_1m;data/raw/databento/opra_spxw_definition;data/raw/databento/opra_spxw_ohlcv_1m;data/raw/databento/opra_spxw_statistics;data/vendor/thetadata/index/spx_1m;data/vendor/thetadata/index/vix_1m;v4/audit/autoresearch/protocol101_fair_contract_expanded_jul_dec2025_128_q1_design_input/canonical_processed_session_manifest.json;v4/audit/autoresearch/protocol101_fair_contract_expanded_jul_sep2025_64_q1_design_input/canonical_processed_session_manifest.json;v4/audit/autoresearch/protocol101_fair_contract_expanded_july2025_20_q1_design/canonical_processed_session_manifest.json;v4/audit/autoresearch/protocol101_fair_contract_expanded_july2025_q1_design/canonical_processed_session_manifest.json;v4/audit/autoresearch/protocol101_fair_contract_expanded_july_aug2025_43_q1_design_input/canonical_processed_session_manifest.json;v4/audit/autoresearch/protocol101_fair_contract_training_labels_preflight/canonical_processed_session_manifest.json;v4/audit/autoresearch/protocol101_fair_contract_training_preflight/canonical_processed_session_manifest.json
2026-03-05,q1_2026_development,matched_single_rule,canonical_processed_session;raw_vendor_session,raw_file_present;usable_only_if_training_runner_requires_this_manifest,data/raw/databento/opra_spxw_cbbo_1m;data/raw/databento/opra_spxw_definition;data/raw/databento/opra_spxw_ohlcv_1m;data/raw/databento/opra_spxw_statistics;data/vendor/thetadata/index/spx_1m;data/vendor/thetadata/index/vix_1m;v4/audit/autoresearch/protocol101_fair_contract_expanded_jul_dec2025_128_q1_design_input/canonical_processed_session_manifest.json;v4/audit/autoresearch/protocol101_fair_contract_expanded_jul_sep2025_64_q1_design_input/canonical_processed_session_manifest.json;v4/audit/autoresearch/protocol101_fair_contract_expanded_july2025_20_q1_design/canonical_processed_session_manifest.json;v4/audit/autoresearch/protocol101_fair_contract_expanded_july2025_q1_design/canonical_processed_session_manifest.json;v4/audit/autoresearch/protocol101_fair_contract_expanded_july_aug2025_43_q1_design_input/canonical_processed_session_manifest.json;v4/audit/autoresearch/protocol101_fair_contract_training_labels_preflight/canonical_processed_session_manifest.json;v4/audit/autoresearch/protocol101_fair_contract_training_preflight/canonical_processed_session_manifest.json
2026-03-06,q1_2026_development,matched_single_rule,canonical_processed_session;raw_vendor_session,raw_file_present;usable_only_if_training_runner_requires_this_manifest,data/raw/databento/opra_spxw_cbbo_1m;data/raw/databento/opra_spxw_definition;data/raw/databento/opra_spxw_ohlcv_1m;data/raw/databento/opra_spxw_statistics;data/vendor/thetadata/index/spx_1m;data/vendor/thetadata/index/vix_1m;v4/audit/autoresearch/protocol101_fair_contract_expanded_jul_dec2025_128_q1_design_input/canonical_processed_session_manifest.json;v4/audit/autoresearch/protocol101_fair_contract_expanded_jul_sep2025_64_q1_design_input/canonical_processed_session_manifest.json;v4/audit/autoresearch/protocol101_fair_contract_expanded_july2025_20_q1_design/canonical_processed_session_manifest.json;v4/audit/autoresearch/protocol101_fair_contract_expanded_july2025_q1_design/canonical_processed_session_manifest.json;v4/audit/autoresearch/protocol101_fair_contract_expanded_july_aug2025_43_q1_design_input/canonical_processed_session_manifest.json;v4/audit/autoresearch/protocol101_fair_contract_training_labels_preflight/canonical_processed_session_manifest.json;v4/audit/autoresearch/protocol101_fair_contract_training_preflight/canonical_processed_session_manifest.json
2026-03-09,q1_2026_development,matched_single_rule,canonical_processed_session;raw_vendor_session,raw_file_present;usable_only_if_training_runner_requires_this_manifest,data/raw/databento/opra_spxw_cbbo_1m;data/raw/databento/opra_spxw_definition;data/raw/databento/opra_spxw_ohlcv_1m;data/raw/databento/opra_spxw_statistics;data/vendor/thetadata/index/spx_1m;data/vendor/thetadata/index/vix_1m;v4/audit/autoresearch/protocol101_fair_contract_expanded_jul_dec2025_128_q1_design_input/canonical_processed_session_manifest.json;v4/audit/autoresearch/protocol101_fair_contract_expanded_jul_sep2025_64_q1_design_input/canonical_processed_session_manifest.json;v4/audit/autoresearch/protocol101_fair_contract_expanded_july2025_20_q1_design/canonical_processed_session_manifest.json;v4/audit/autoresearch/protocol101_fair_contract_expanded_july2025_q1_design/canonical_processed_session_manifest.json;v4/audit/autoresearch/protocol101_fair_contract_expanded_july_aug2025_43_q1_design_input/canonical_processed_session_manifest.json;v4/audit/autoresearch/protocol101_fair_contract_training_labels_preflight/canonical_processed_session_manifest.json;v4/audit/autoresearch/protocol101_fair_contract_training_preflight/canonical_processed_session_manifest.json
2026-03-10,q1_2026_development,matched_single_rule,canonical_processed_session;raw_vendor_session,raw_file_present;usable_only_if_training_runner_requires_this_manifest,data/raw/databento/opra_spxw_cbbo_1m;data/raw/databento/opra_spxw_definition;data/raw/databento/opra_spxw_ohlcv_1m;data/raw/databento/opra_spxw_statistics;data/vendor/thetadata/index/spx_1m;data/vendor/thetadata/index/vix_1m;v4/audit/autoresearch/protocol101_fair_contract_expanded_jul_dec2025_128_q1_design_input/canonical_processed_session_manifest.json;v4/audit/autoresearch/protocol101_fair_contract_expanded_jul_sep2025_64_q1_design_input/canonical_processed_session_manifest.json;v4/audit/autoresearch/protocol101_fair_contract_expanded_july2025_20_q1_design/canonical_processed_session_manifest.json;v4/audit/autoresearch/protocol101_fair_contract_expanded_july2025_q1_design/canonical_processed_session_manifest.json;v4/audit/autoresearch/protocol101_fair_contract_expanded_july_aug2025_43_q1_design_input/canonical_processed_session_manifest.json;v4/audit/autoresearch/protocol101_fair_contract_training_labels_preflight/canonical_processed_session_manifest.json;v4/audit/autoresearch/protocol101_fair_contract_training_preflight/canonical_processed_session_manifest.json
2026-03-11,q1_2026_development,matched_single_rule,canonical_processed_session;raw_vendor_session,raw_file_present;usable_only_if_training_runner_requires_this_manifest,data/raw/databento/opra_spxw_cbbo_1m;data/raw/databento/opra_spxw_definition;data/raw/databento/opra_spxw_ohlcv_1m;data/raw/databento/opra_spxw_statistics;data/vendor/thetadata/index/spx_1m;data/vendor/thetadata/index/vix_1m;v4/audit/autoresearch/protocol101_fair_contract_expanded_jul_dec2025_128_q1_design_input/canonical_processed_session_manifest.json;v4/audit/autoresearch/protocol101_fair_contract_expanded_jul_sep2025_64_q1_design_input/canonical_processed_session_manifest.json;v4/audit/autoresearch/protocol101_fair_contract_expanded_july2025_20_q1_design/canonical_processed_session_manifest.json;v4/audit/autoresearch/protocol101_fair_contract_expanded_july2025_q1_design/canonical_processed_session_manifest.json;v4/audit/autoresearch/protocol101_fair_contract_expanded_july_aug2025_43_q1_design_input/canonical_processed_session_manifest.json;v4/audit/autoresearch/protocol101_fair_contract_training_labels_preflight/canonical_processed_session_manifest.json;v4/audit/autoresearch/protocol101_fair_contract_training_preflight/canonical_processed_session_manifest.json
2026-03-12,q1_2026_development,matched_single_rule,canonical_processed_session;raw_vendor_session,raw_file_present;usable_only_if_training_runner_requires_this_manifest,data/raw/databento/opra_spxw_cbbo_1m;data/raw/databento/opra_spxw_definition;data/raw/databento/opra_spxw_ohlcv_1m;data/raw/databento/opra_spxw_statistics;data/vendor/thetadata/index/spx_1m;data/vendor/thetadata/index/vix_1m;v4/audit/autoresearch/protocol101_fair_contract_expanded_jul_dec2025_128_q1_design_input/canonical_processed_session_manifest.json;v4/audit/autoresearch/protocol101_fair_contract_expanded_jul_sep2025_64_q1_design_input/canonical_processed_session_manifest.json;v4/audit/autoresearch/protocol101_fair_contract_expanded_july2025_20_q1_design/canonical_processed_session_manifest.json;v4/audit/autoresearch/protocol101_fair_contract_expanded_july2025_q1_design/canonical_processed_session_manifest.json;v4/audit/autoresearch/protocol101_fair_contract_expanded_july_aug2025_43_q1_design_input/canonical_processed_session_manifest.json;v4/audit/autoresearch/protocol101_fair_contract_training_labels_preflight/canonical_processed_session_manifest.json;v4/audit/autoresearch/protocol101_fair_contract_training_preflight/canonical_processed_session_manifest.json
2026-03-13,q1_2026_development,matched_single_rule,canonical_processed_session;raw_vendor_session,raw_file_present;usable_only_if_training_runner_requires_this_manifest,data/raw/databento/opra_spxw_cbbo_1m;data/raw/databento/opra_spxw_definition;data/raw/databento/opra_spxw_ohlcv_1m;data/raw/databento/opra_spxw_statistics;data/vendor/thetadata/index/spx_1m;data/vendor/thetadata/index/vix_1m;v4/audit/autoresearch/protocol101_fair_contract_expanded_jul_dec2025_128_q1_design_input/canonical_processed_session_manifest.json;v4/audit/autoresearch/protocol101_fair_contract_expanded_jul_sep2025_64_q1_design_input/canonical_processed_session_manifest.json;v4/audit/autoresearch/protocol101_fair_contract_expanded_july2025_20_q1_design/canonical_processed_session_manifest.json;v4/audit/autoresearch/protocol101_fair_contract_expanded_july2025_q1_design/canonical_processed_session_manifest.json;v4/audit/autoresearch/protocol101_fair_contract_expanded_july_aug2025_43_q1_design_input/canonical_processed_session_manifest.json;v4/audit/autoresearch/protocol101_fair_contract_training_labels_preflight/canonical_processed_session_manifest.json;v4/audit/autoresearch/protocol101_fair_contract_training_preflight/canonical_processed_session_manifest.json
2026-03-16,q1_2026_development,matched_single_rule,canonical_processed_session;raw_vendor_session,raw_file_present;usable_only_if_training_runner_requires_this_manifest,data/raw/databento/opra_spxw_cbbo_1m;data/raw/databento/opra_spxw_definition;data/raw/databento/opra_spxw_ohlcv_1m;data/raw/databento/opra_spxw_statistics;data/vendor/thetadata/index/spx_1m;data/vendor/thetadata/index/vix_1m;v4/audit/autoresearch/protocol101_fair_contract_expanded_jul_dec2025_128_q1_design_input/canonical_processed_session_manifest.json;v4/audit/autoresearch/protocol101_fair_contract_expanded_jul_sep2025_64_q1_design_input/canonical_processed_session_manifest.json;v4/audit/autoresearch/protocol101_fair_contract_expanded_july2025_20_q1_design/canonical_processed_session_manifest.json;v4/audit/autoresearch/protocol101_fair_contract_expanded_july2025_q1_design/canonical_processed_session_manifest.json;v4/audit/autoresearch/protocol101_fair_contract_expanded_july_aug2025_43_q1_design_input/canonical_processed_session_manifest.json;v4/audit/autoresearch/protocol101_fair_contract_training_labels_preflight/canonical_processed_session_manifest.json;v4/audit/autoresearch/protocol101_fair_contract_training_preflight/canonical_processed_session_manifest.json
2026-03-17,q1_2026_development,matched_single_rule,canonical_processed_session;raw_vendor_session,raw_file_present;usable_only_if_training_runner_requires_this_manifest,data/raw/databento/opra_spxw_cbbo_1m;data/raw/databento/opra_spxw_definition;data/raw/databento/opra_spxw_ohlcv_1m;data/raw/databento/opra_spxw_statistics;data/vendor/thetadata/index/spx_1m;data/vendor/thetadata/index/vix_1m;v4/audit/autoresearch/protocol101_fair_contract_expanded_jul_dec2025_128_q1_design_input/canonical_processed_session_manifest.json;v4/audit/autoresearch/protocol101_fair_contract_expanded_jul_sep2025_64_q1_design_input/canonical_processed_session_manifest.json;v4/audit/autoresearch/protocol101_fair_contract_expanded_july2025_20_q1_design/canonical_processed_session_manifest.json;v4/audit/autoresearch/protocol101_fair_contract_expanded_july2025_q1_design/canonical_processed_session_manifest.json;v4/audit/autoresearch/protocol101_fair_contract_expanded_july_aug2025_43_q1_design_input/canonical_processed_session_manifest.json;v4/audit/autoresearch/protocol101_fair_contract_training_labels_preflight/canonical_processed_session_manifest.json;v4/audit/autoresearch/protocol101_fair_contract_training_preflight/canonical_processed_session_manifest.json
2026-03-18,q1_2026_development,matched_single_rule,canonical_processed_session;raw_vendor_session,raw_file_present;usable_only_if_training_runner_requires_this_manifest,data/raw/databento/opra_spxw_cbbo_1m;data/raw/databento/opra_spxw_definition;data/raw/databento/opra_spxw_ohlcv_1m;data/raw/databento/opra_spxw_statistics;data/vendor/thetadata/index/spx_1m;data/vendor/thetadata/index/vix_1m;v4/audit/autoresearch/protocol101_fair_contract_expanded_jul_dec2025_128_q1_design_input/canonical_processed_session_manifest.json;v4/audit/autoresearch/protocol101_fair_contract_expanded_jul_sep2025_64_q1_design_input/canonical_processed_session_manifest.json;v4/audit/autoresearch/protocol101_fair_contract_expanded_july2025_20_q1_design/canonical_processed_session_manifest.json;v4/audit/autoresearch/protocol101_fair_contract_expanded_july2025_q1_design/canonical_processed_session_manifest.json;v4/audit/autoresearch/protocol101_fair_contract_expanded_july_aug2025_43_q1_design_input/canonical_processed_session_manifest.json;v4/audit/autoresearch/protocol101_fair_contract_training_labels_preflight/canonical_processed_session_manifest.json;v4/audit/autoresearch/protocol101_fair_contract_training_preflight/canonical_processed_session_manifest.json
2026-03-19,q1_2026_development,matched_single_rule,canonical_processed_session;raw_vendor_session,raw_file_present;usable_only_if_training_runner_requires_this_manifest,data/raw/databento/opra_spxw_cbbo_1m;data/raw/databento/opra_spxw_definition;data/raw/databento/opra_spxw_ohlcv_1m;data/raw/databento/opra_spxw_statistics;data/vendor/thetadata/index/spx_1m;data/vendor/thetadata/index/vix_1m;v4/audit/autoresearch/protocol101_fair_contract_expanded_jul_dec2025_128_q1_design_input/canonical_processed_session_manifest.json;v4/audit/autoresearch/protocol101_fair_contract_expanded_jul_sep2025_64_q1_design_input/canonical_processed_session_manifest.json;v4/audit/autoresearch/protocol101_fair_contract_expanded_july2025_20_q1_design/canonical_processed_session_manifest.json;v4/audit/autoresearch/protocol101_fair_contract_expanded_july2025_q1_design/canonical_processed_session_manifest.json;v4/audit/autoresearch/protocol101_fair_contract_expanded_july_aug2025_43_q1_design_input/canonical_processed_session_manifest.json;v4/audit/autoresearch/protocol101_fair_contract_training_labels_preflight/canonical_processed_session_manifest.json;v4/audit/autoresearch/protocol101_fair_contract_training_preflight/canonical_processed_session_manifest.json
2026-03-20,q1_2026_development,matched_single_rule,canonical_processed_session;raw_vendor_session,raw_file_present;usable_only_if_training_runner_requires_this_manifest,data/raw/databento/opra_spxw_cbbo_1m;data/raw/databento/opra_spxw_definition;data/raw/databento/opra_spxw_ohlcv_1m;data/raw/databento/opra_spxw_statistics;data/vendor/thetadata/index/spx_1m;data/vendor/thetadata/index/vix_1m;v4/audit/autoresearch/protocol101_fair_contract_expanded_jul_dec2025_128_q1_design_input/canonical_processed_session_manifest.json;v4/audit/autoresearch/protocol101_fair_contract_expanded_jul_sep2025_64_q1_design_input/canonical_processed_session_manifest.json;v4/audit/autoresearch/protocol101_fair_contract_expanded_july2025_20_q1_design/canonical_processed_session_manifest.json;v4/audit/autoresearch/protocol101_fair_contract_expanded_july2025_q1_design/canonical_processed_session_manifest.json;v4/audit/autoresearch/protocol101_fair_contract_expanded_july_aug2025_43_q1_design_input/canonical_processed_session_manifest.json;v4/audit/autoresearch/protocol101_fair_contract_training_labels_preflight/canonical_processed_session_manifest.json;v4/audit/autoresearch/protocol101_fair_contract_training_preflight/canonical_processed_session_manifest.json
2026-03-23,q1_2026_development,matched_single_rule,canonical_processed_session;raw_vendor_session,raw_file_present;usable_only_if_training_runner_requires_this_manifest,data/raw/databento/opra_spxw_cbbo_1m;data/raw/databento/opra_spxw_definition;data/raw/databento/opra_spxw_ohlcv_1m;data/raw/databento/opra_spxw_statistics;data/vendor/thetadata/index/spx_1m;data/vendor/thetadata/index/vix_1m;v4/audit/autoresearch/protocol101_fair_contract_expanded_jul_dec2025_128_q1_design_input/canonical_processed_session_manifest.json;v4/audit/autoresearch/protocol101_fair_contract_expanded_jul_sep2025_64_q1_design_input/canonical_processed_session_manifest.json;v4/audit/autoresearch/protocol101_fair_contract_expanded_july2025_20_q1_design/canonical_processed_session_manifest.json;v4/audit/autoresearch/protocol101_fair_contract_expanded_july2025_q1_design/canonical_processed_session_manifest.json;v4/audit/autoresearch/protocol101_fair_contract_expanded_july_aug2025_43_q1_design_input/canonical_processed_session_manifest.json;v4/audit/autoresearch/protocol101_fair_contract_training_labels_preflight/canonical_processed_session_manifest.json;v4/audit/autoresearch/protocol101_fair_contract_training_preflight/canonical_processed_session_manifest.json
2026-03-24,q1_2026_development,matched_single_rule,canonical_processed_session;raw_vendor_session,raw_file_present;usable_only_if_training_runner_requires_this_manifest,data/raw/databento/opra_spxw_cbbo_1m;data/raw/databento/opra_spxw_definition;data/raw/databento/opra_spxw_ohlcv_1m;data/raw/databento/opra_spxw_statistics;data/vendor/thetadata/index/spx_1m;data/vendor/thetadata/index/vix_1m;v4/audit/autoresearch/protocol101_fair_contract_expanded_jul_dec2025_128_q1_design_input/canonical_processed_session_manifest.json;v4/audit/autoresearch/protocol101_fair_contract_expanded_jul_sep2025_64_q1_design_input/canonical_processed_session_manifest.json;v4/audit/autoresearch/protocol101_fair_contract_expanded_july2025_20_q1_design/canonical_processed_session_manifest.json;v4/audit/autoresearch/protocol101_fair_contract_expanded_july2025_q1_design/canonical_processed_session_manifest.json;v4/audit/autoresearch/protocol101_fair_contract_expanded_july_aug2025_43_q1_design_input/canonical_processed_session_manifest.json;v4/audit/autoresearch/protocol101_fair_contract_training_labels_preflight/canonical_processed_session_manifest.json;v4/audit/autoresearch/protocol101_fair_contract_training_preflight/canonical_processed_session_manifest.json
2026-03-25,q1_2026_development,matched_single_rule,canonical_processed_session;raw_vendor_session,raw_file_present;usable_only_if_training_runner_requires_this_manifest,data/raw/databento/opra_spxw_cbbo_1m;data/raw/databento/opra_spxw_definition;data/raw/databento/opra_spxw_ohlcv_1m;data/raw/databento/opra_spxw_statistics;data/vendor/thetadata/index/spx_1m;data/vendor/thetadata/index/vix_1m;v4/audit/autoresearch/protocol101_fair_contract_expanded_jul_dec2025_128_q1_design_input/canonical_processed_session_manifest.json;v4/audit/autoresearch/protocol101_fair_contract_expanded_jul_sep2025_64_q1_design_input/canonical_processed_session_manifest.json;v4/audit/autoresearch/protocol101_fair_contract_expanded_july2025_20_q1_design/canonical_processed_session_manifest.json;v4/audit/autoresearch/protocol101_fair_contract_expanded_july2025_q1_design/canonical_processed_session_manifest.json;v4/audit/autoresearch/protocol101_fair_contract_expanded_july_aug2025_43_q1_design_input/canonical_processed_session_manifest.json;v4/audit/autoresearch/protocol101_fair_contract_training_labels_preflight/canonical_processed_session_manifest.json;v4/audit/autoresearch/protocol101_fair_contract_training_preflight/canonical_processed_session_manifest.json
2026-03-26,q1_2026_development,matched_single_rule,canonical_processed_session;raw_vendor_session,raw_file_present;usable_only_if_training_runner_requires_this_manifest,data/raw/databento/opra_spxw_cbbo_1m;data/raw/databento/opra_spxw_definition;data/raw/databento/opra_spxw_ohlcv_1m;data/raw/databento/opra_spxw_statistics;data/vendor/thetadata/index/spx_1m;data/vendor/thetadata/index/vix_1m;v4/audit/autoresearch/protocol101_fair_contract_expanded_jul_dec2025_128_q1_design_input/canonical_processed_session_manifest.json;v4/audit/autoresearch/protocol101_fair_contract_expanded_jul_sep2025_64_q1_design_input/canonical_processed_session_manifest.json;v4/audit/autoresearch/protocol101_fair_contract_expanded_july2025_20_q1_design/canonical_processed_session_manifest.json;v4/audit/autoresearch/protocol101_fair_contract_expanded_july2025_q1_design/canonical_processed_session_manifest.json;v4/audit/autoresearch/protocol101_fair_contract_expanded_july_aug2025_43_q1_design_input/canonical_processed_session_manifest.json;v4/audit/autoresearch/protocol101_fair_contract_training_labels_preflight/canonical_processed_session_manifest.json;v4/audit/autoresearch/protocol101_fair_contract_training_preflight/canonical_processed_session_manifest.json
2026-03-27,q1_2026_development,matched_single_rule,canonical_processed_session;raw_vendor_session,raw_file_present;usable_only_if_training_runner_requires_this_manifest,data/raw/databento/opra_spxw_cbbo_1m;data/raw/databento/opra_spxw_definition;data/raw/databento/opra_spxw_ohlcv_1m;data/raw/databento/opra_spxw_statistics;data/vendor/thetadata/index/spx_1m;data/vendor/thetadata/index/vix_1m;v4/audit/autoresearch/protocol101_fair_contract_expanded_jul_dec2025_128_q1_design_input/canonical_processed_session_manifest.json;v4/audit/autoresearch/protocol101_fair_contract_expanded_jul_sep2025_64_q1_design_input/canonical_processed_session_manifest.json;v4/audit/autoresearch/protocol101_fair_contract_expanded_july2025_20_q1_design/canonical_processed_session_manifest.json;v4/audit/autoresearch/protocol101_fair_contract_expanded_july2025_q1_design/canonical_processed_session_manifest.json;v4/audit/autoresearch/protocol101_fair_contract_expanded_july_aug2025_43_q1_design_input/canonical_processed_session_manifest.json;v4/audit/autoresearch/protocol101_fair_contract_training_labels_preflight/canonical_processed_session_manifest.json;v4/audit/autoresearch/protocol101_fair_contract_training_preflight/canonical_processed_session_manifest.json
2026-03-30,q1_2026_development,matched_single_rule,canonical_processed_session;raw_vendor_session,raw_file_present;usable_only_if_training_runner_requires_this_manifest,data/raw/databento/opra_spxw_cbbo_1m;data/raw/databento/opra_spxw_definition;data/raw/databento/opra_spxw_ohlcv_1m;data/raw/databento/opra_spxw_statistics;data/vendor/thetadata/index/spx_1m;data/vendor/thetadata/index/vix_1m;v4/audit/autoresearch/protocol101_fair_contract_expanded_jul_dec2025_128_q1_design_input/canonical_processed_session_manifest.json;v4/audit/autoresearch/protocol101_fair_contract_expanded_jul_sep2025_64_q1_design_input/canonical_processed_session_manifest.json;v4/audit/autoresearch/protocol101_fair_contract_expanded_july2025_20_q1_design/canonical_processed_session_manifest.json;v4/audit/autoresearch/protocol101_fair_contract_expanded_july2025_q1_design/canonical_processed_session_manifest.json;v4/audit/autoresearch/protocol101_fair_contract_expanded_july_aug2025_43_q1_design_input/canonical_processed_session_manifest.json;v4/audit/autoresearch/protocol101_fair_contract_training_labels_preflight/canonical_processed_session_manifest.json;v4/audit/autoresearch/protocol101_fair_contract_training_preflight/canonical_processed_session_manifest.json
2026-03-31,q1_2026_development,matched_single_rule,canonical_processed_session;raw_vendor_session,raw_file_present;usable_only_if_training_runner_requires_this_manifest,data/raw/databento/opra_spxw_cbbo_1m;data/raw/databento/opra_spxw_definition;data/raw/databento/opra_spxw_ohlcv_1m;data/raw/databento/opra_spxw_statistics;data/vendor/thetadata/index/spx_1m;data/vendor/thetadata/index/vix_1m;v4/audit/autoresearch/protocol101_fair_contract_expanded_jul_dec2025_128_q1_design_input/canonical_processed_session_manifest.json;v4/audit/autoresearch/protocol101_fair_contract_expanded_jul_sep2025_64_q1_design_input/canonical_processed_session_manifest.json;v4/audit/autoresearch/protocol101_fair_contract_expanded_july2025_20_q1_design/canonical_processed_session_manifest.json;v4/audit/autoresearch/protocol101_fair_contract_expanded_july2025_q1_design/canonical_processed_session_manifest.json;v4/audit/autoresearch/protocol101_fair_contract_expanded_july_aug2025_43_q1_design_input/canonical_processed_session_manifest.json;v4/audit/autoresearch/protocol101_fair_contract_training_labels_preflight/canonical_processed_session_manifest.json;v4/audit/autoresearch/protocol101_fair_contract_training_preflight/canonical_processed_session_manifest.json
2026-04-01,post_q1_gap_apr_may2026,matched_single_rule,raw_vendor_session,raw_file_present,data/raw/databento/opra_spxw_cbbo_1m;data/raw/databento/opra_spxw_definition;data/raw/databento/opra_spxw_ohlcv_1m;data/raw/databento/opra_spxw_statistics;data/vendor/thetadata/index/spx_1m;data/vendor/thetadata/index/vix_1m
2026-04-02,post_q1_gap_apr_may2026,matched_single_rule,raw_vendor_session,raw_file_present,data/raw/databento/opra_spxw_cbbo_1m;data/raw/databento/opra_spxw_definition;data/raw/databento/opra_spxw_ohlcv_1m;data/raw/databento/opra_spxw_statistics;data/vendor/thetadata/index/spx_1m;data/vendor/thetadata/index/vix_1m
2026-04-06,post_q1_gap_apr_may2026,matched_single_rule,raw_vendor_session,raw_file_present,data/raw/databento/opra_spxw_cbbo_1m;data/raw/databento/opra_spxw_definition;data/raw/databento/opra_spxw_ohlcv_1m;data/raw/databento/opra_spxw_statistics;data/vendor/thetadata/index/spx_1m;data/vendor/thetadata/index/vix_1m
2026-04-07,post_q1_gap_apr_may2026,matched_single_rule,raw_vendor_session,raw_file_present,data/raw/databento/opra_spxw_cbbo_1m;data/raw/databento/opra_spxw_definition;data/raw/databento/opra_spxw_ohlcv_1m;data/raw/databento/opra_spxw_statistics;data/vendor/thetadata/index/spx_1m;data/vendor/thetadata/index/vix_1m
2026-04-08,post_q1_gap_apr_may2026,matched_single_rule,raw_vendor_session,raw_file_present,data/raw/databento/opra_spxw_cbbo_1m;data/raw/databento/opra_spxw_definition;data/raw/databento/opra_spxw_ohlcv_1m;data/raw/databento/opra_spxw_statistics;data/vendor/thetadata/index/spx_1m;data/vendor/thetadata/index/vix_1m
2026-04-09,post_q1_gap_apr_may2026,matched_single_rule,raw_vendor_session,raw_file_present,data/raw/databento/opra_spxw_cbbo_1m;data/raw/databento/opra_spxw_definition;data/raw/databento/opra_spxw_ohlcv_1m;data/raw/databento/opra_spxw_statistics;data/vendor/thetadata/index/spx_1m;data/vendor/thetadata/index/vix_1m
2026-04-10,post_q1_gap_apr_may2026,matched_single_rule,raw_vendor_session,raw_file_present,data/raw/databento/opra_spxw_cbbo_1m;data/raw/databento/opra_spxw_definition;data/raw/databento/opra_spxw_ohlcv_1m;data/raw/databento/opra_spxw_statistics;data/vendor/thetadata/index/spx_1m;data/vendor/thetadata/index/vix_1m
2026-04-13,post_q1_gap_apr_may2026,matched_single_rule,raw_vendor_session,raw_file_present,data/raw/databento/opra_spxw_cbbo_1m;data/raw/databento/opra_spxw_definition;data/raw/databento/opra_spxw_ohlcv_1m;data/raw/databento/opra_spxw_statistics;data/vendor/thetadata/index/spx_1m;data/vendor/thetadata/index/vix_1m
2026-04-14,post_q1_gap_apr_may2026,matched_single_rule,raw_vendor_session,raw_file_present,data/raw/databento/opra_spxw_cbbo_1m;data/raw/databento/opra_spxw_definition;data/raw/databento/opra_spxw_ohlcv_1m;data/raw/databento/opra_spxw_statistics;data/vendor/thetadata/index/spx_1m;data/vendor/thetadata/index/vix_1m
2026-04-15,post_q1_gap_apr_may2026,matched_single_rule,raw_vendor_session,raw_file_present,data/raw/databento/opra_spxw_cbbo_1m;data/raw/databento/opra_spxw_definition;data/raw/databento/opra_spxw_ohlcv_1m;data/raw/databento/opra_spxw_statistics;data/vendor/thetadata/index/spx_1m;data/vendor/thetadata/index/vix_1m
2026-04-16,post_q1_gap_apr_may2026,matched_single_rule,raw_vendor_session,raw_file_present,data/raw/databento/opra_spxw_cbbo_1m;data/raw/databento/opra_spxw_definition;data/raw/databento/opra_spxw_ohlcv_1m;data/raw/databento/opra_spxw_statistics;data/vendor/thetadata/index/spx_1m;data/vendor/thetadata/index/vix_1m
2026-04-17,post_q1_gap_apr_may2026,matched_single_rule,raw_vendor_session,raw_file_present,data/raw/databento/opra_spxw_cbbo_1m;data/raw/databento/opra_spxw_definition;data/raw/databento/opra_spxw_ohlcv_1m;data/raw/databento/opra_spxw_statistics;data/vendor/thetadata/index/spx_1m;data/vendor/thetadata/index/vix_1m
2026-04-20,post_q1_gap_apr_may2026,matched_single_rule,raw_vendor_session,raw_file_present,data/raw/databento/opra_spxw_cbbo_1m;data/raw/databento/opra_spxw_definition;data/raw/databento/opra_spxw_ohlcv_1m;data/raw/databento/opra_spxw_statistics;data/vendor/thetadata/index/spx_1m;data/vendor/thetadata/index/vix_1m
2026-04-21,post_q1_gap_apr_may2026,matched_single_rule,raw_vendor_session,raw_file_present,data/raw/databento/opra_spxw_cbbo_1m;data/raw/databento/opra_spxw_definition;data/raw/databento/opra_spxw_ohlcv_1m;data/raw/databento/opra_spxw_statistics;data/vendor/thetadata/index/spx_1m;data/vendor/thetadata/index/vix_1m
2026-04-22,post_q1_gap_apr_may2026,matched_single_rule,raw_vendor_session,raw_file_present,data/raw/databento/opra_spxw_cbbo_1m;data/raw/databento/opra_spxw_definition;data/raw/databento/opra_spxw_ohlcv_1m;data/raw/databento/opra_spxw_statistics;data/vendor/thetadata/index/spx_1m;data/vendor/thetadata/index/vix_1m
2026-04-23,post_q1_gap_apr_may2026,matched_single_rule,raw_vendor_session,raw_file_present,data/raw/databento/opra_spxw_cbbo_1m;data/raw/databento/opra_spxw_definition;data/raw/databento/opra_spxw_ohlcv_1m;data/raw/databento/opra_spxw_statistics;data/vendor/thetadata/index/spx_1m;data/vendor/thetadata/index/vix_1m
2026-04-24,post_q1_gap_apr_may2026,matched_single_rule,raw_vendor_session,raw_file_present,data/raw/databento/opra_spxw_cbbo_1m;data/raw/databento/opra_spxw_definition;data/raw/databento/opra_spxw_ohlcv_1m;data/raw/databento/opra_spxw_statistics;data/vendor/thetadata/index/spx_1m;data/vendor/thetadata/index/vix_1m
2026-04-27,post_q1_gap_apr_may2026,matched_single_rule,raw_vendor_session,raw_file_present,data/raw/databento/opra_spxw_cbbo_1m;data/raw/databento/opra_spxw_definition;data/raw/databento/opra_spxw_ohlcv_1m;data/raw/databento/opra_spxw_statistics;data/vendor/thetadata/index/spx_1m;data/vendor/thetadata/index/vix_1m
2026-04-28,post_q1_gap_apr_may2026,matched_single_rule,raw_vendor_session,raw_file_present,data/raw/databento/opra_spxw_cbbo_1m;data/raw/databento/opra_spxw_definition;data/raw/databento/opra_spxw_ohlcv_1m;data/raw/databento/opra_spxw_statistics;data/vendor/thetadata/index/spx_1m;data/vendor/thetadata/index/vix_1m
2026-04-29,post_q1_gap_apr_may2026,matched_single_rule,raw_vendor_session,raw_file_present,data/raw/databento/opra_spxw_cbbo_1m;data/raw/databento/opra_spxw_definition;data/raw/databento/opra_spxw_ohlcv_1m;data/raw/databento/opra_spxw_statistics;data/vendor/thetadata/index/spx_1m;data/vendor/thetadata/index/vix_1m
2026-04-30,post_q1_gap_apr_may2026,matched_single_rule,raw_vendor_session,raw_file_present,data/raw/databento/opra_spxw_cbbo_1m;data/raw/databento/opra_spxw_definition;data/raw/databento/opra_spxw_ohlcv_1m;data/raw/databento/opra_spxw_statistics;data/vendor/thetadata/index/spx_1m;data/vendor/thetadata/index/vix_1m
2026-05-01,post_q1_gap_apr_may2026,matched_single_rule,raw_vendor_session,raw_file_present,data/raw/databento/opra_spxw_cbbo_1m;data/raw/databento/opra_spxw_definition;data/raw/databento/opra_spxw_ohlcv_1m;data/raw/databento/opra_spxw_statistics;data/vendor/thetadata/index/spx_1m;data/vendor/thetadata/index/vix_1m
2026-05-04,post_q1_gap_apr_may2026,matched_single_rule,raw_vendor_session,raw_file_present,data/raw/databento/opra_spxw_cbbo_1m;data/raw/databento/opra_spxw_definition;data/raw/databento/opra_spxw_ohlcv_1m;data/raw/databento/opra_spxw_statistics;data/vendor/thetadata/index/spx_1m;data/vendor/thetadata/index/vix_1m
2026-05-05,post_q1_gap_apr_may2026,matched_single_rule,raw_vendor_session,raw_file_present,data/raw/databento/opra_spxw_cbbo_1m;data/raw/databento/opra_spxw_definition;data/raw/databento/opra_spxw_ohlcv_1m;data/raw/databento/opra_spxw_statistics;data/vendor/thetadata/index/spx_1m;data/vendor/thetadata/index/vix_1m
2026-05-06,post_q1_gap_apr_may2026,matched_single_rule,raw_vendor_session,raw_file_present,data/raw/databento/opra_spxw_cbbo_1m;data/raw/databento/opra_spxw_definition;data/raw/databento/opra_spxw_ohlcv_1m;data/raw/databento/opra_spxw_statistics;data/vendor/thetadata/index/spx_1m;data/vendor/thetadata/index/vix_1m
2026-05-07,post_q1_gap_apr_may2026,matched_single_rule,raw_vendor_session,raw_file_present,data/raw/databento/opra_spxw_cbbo_1m;data/raw/databento/opra_spxw_definition;data/raw/databento/opra_spxw_ohlcv_1m;data/raw/databento/opra_spxw_statistics;data/vendor/thetadata/index/spx_1m;data/vendor/thetadata/index/vix_1m
2026-05-08,post_q1_gap_apr_may2026,matched_single_rule,raw_vendor_session,raw_file_present,data/raw/databento/opra_spxw_cbbo_1m;data/raw/databento/opra_spxw_definition;data/raw/databento/opra_spxw_ohlcv_1m;data/raw/databento/opra_spxw_statistics;data/vendor/thetadata/index/spx_1m;data/vendor/thetadata/index/vix_1m
2026-05-11,post_q1_gap_apr_may2026,matched_single_rule,raw_vendor_session,raw_file_present,data/raw/databento/opra_spxw_cbbo_1m;data/raw/databento/opra_spxw_definition;data/raw/databento/opra_spxw_ohlcv_1m;data/raw/databento/opra_spxw_statistics;data/vendor/thetadata/index/spx_1m;data/vendor/thetadata/index/vix_1m
2026-05-12,post_q1_gap_apr_may2026,matched_single_rule,raw_vendor_session,raw_file_present,data/raw/databento/opra_spxw_cbbo_1m;data/raw/databento/opra_spxw_definition;data/raw/databento/opra_spxw_ohlcv_1m;data/raw/databento/opra_spxw_statistics;data/vendor/thetadata/index/spx_1m;data/vendor/thetadata/index/vix_1m
2026-05-13,post_q1_gap_apr_may2026,matched_single_rule,raw_vendor_session,raw_file_present,data/raw/databento/opra_spxw_cbbo_1m;data/raw/databento/opra_spxw_definition;data/raw/databento/opra_spxw_ohlcv_1m;data/raw/databento/opra_spxw_statistics;data/vendor/thetadata/index/spx_1m;data/vendor/thetadata/index/vix_1m
2026-05-14,post_q1_gap_apr_may2026,matched_single_rule,raw_vendor_session,raw_file_present,data/raw/databento/opra_spxw_cbbo_1m;data/raw/databento/opra_spxw_definition;data/raw/databento/opra_spxw_ohlcv_1m;data/raw/databento/opra_spxw_statistics;data/vendor/thetadata/index/spx_1m;data/vendor/thetadata/index/vix_1m
2026-05-15,post_q1_gap_apr_may2026,matched_single_rule,raw_vendor_session,raw_file_present,data/raw/databento/opra_spxw_cbbo_1m;data/raw/databento/opra_spxw_definition;data/raw/databento/opra_spxw_ohlcv_1m;data/raw/databento/opra_spxw_statistics;data/vendor/thetadata/index/spx_1m;data/vendor/thetadata/index/vix_1m
2026-05-18,post_q1_gap_apr_may2026,matched_single_rule,raw_vendor_session,raw_file_present,data/raw/databento/opra_spxw_cbbo_1m;data/raw/databento/opra_spxw_definition;data/raw/databento/opra_spxw_ohlcv_1m;data/raw/databento/opra_spxw_statistics;data/vendor/thetadata/index/spx_1m;data/vendor/thetadata/index/vix_1m
2026-05-19,post_q1_gap_apr_may2026,matched_single_rule,raw_vendor_session,raw_file_present,data/raw/databento/opra_spxw_cbbo_1m;data/raw/databento/opra_spxw_definition;data/raw/databento/opra_spxw_ohlcv_1m;data/raw/databento/opra_spxw_statistics;data/vendor/thetadata/index/spx_1m;data/vendor/thetadata/index/vix_1m
2026-05-20,post_q1_gap_apr_may2026,matched_single_rule,raw_vendor_session,raw_file_present,data/raw/databento/opra_spxw_cbbo_1m;data/raw/databento/opra_spxw_definition;data/raw/databento/opra_spxw_ohlcv_1m;data/raw/databento/opra_spxw_statistics;data/vendor/thetadata/index/spx_1m;data/vendor/thetadata/index/vix_1m
2026-06-04,confirmation_jun_jul2026,matched_single_rule,raw_vendor_session,raw_file_present,data/raw/databento/opra_spxw_cbbo_1m;data/raw/databento/opra_spxw_definition;data/raw/databento/opra_spxw_ohlcv_1m;data/raw/databento/opra_spxw_statistics;data/vendor/thetadata/index/spx_1m;data/vendor/thetadata/index/vix_1m
2026-06-05,confirmation_jun_jul2026,matched_single_rule,raw_vendor_session,raw_file_present,data/raw/databento/opra_spxw_cbbo_1m;data/raw/databento/opra_spxw_definition;data/raw/databento/opra_spxw_ohlcv_1m;data/raw/databento/opra_spxw_statistics;data/vendor/thetadata/index/spx_1m;data/vendor/thetadata/index/vix_1m
2026-06-08,confirmation_jun_jul2026,matched_single_rule,raw_vendor_session,raw_file_present,data/raw/databento/opra_spxw_cbbo_1m;data/raw/databento/opra_spxw_definition;data/raw/databento/opra_spxw_ohlcv_1m;data/raw/databento/opra_spxw_statistics;data/vendor/thetadata/index/spx_1m;data/vendor/thetadata/index/vix_1m
2026-06-09,confirmation_jun_jul2026,matched_single_rule,raw_vendor_session,raw_file_present,data/raw/databento/opra_spxw_cbbo_1m;data/raw/databento/opra_spxw_definition;data/raw/databento/opra_spxw_ohlcv_1m;data/raw/databento/opra_spxw_statistics;data/vendor/thetadata/index/spx_1m;data/vendor/thetadata/index/vix_1m
2026-06-10,confirmation_jun_jul2026,matched_single_rule,raw_vendor_session,raw_file_present,data/vendor/thetadata/index/spx_1m;data/vendor/thetadata/index/vix_1m
2026-06-29,confirmation_jun_jul2026,matched_single_rule,ibkr_recorder_capture,partial_or_failed,/Users/gduby/.autoresearch-trading/live_runtime/ibkr_capture/2026-06-29/protocol101-recorder-2026-06-29/ibkr_capture_quality.json
2026-06-30,confirmation_jun_jul2026,matched_single_rule,excluded_recorder_or_parity_session;ibkr_recorder_capture;raw_vendor_session,complete;raw_file_present,/Users/gduby/.autoresearch-trading/live_runtime/ibkr_capture/2026-06-30/protocol101-recorder-2026-06-30/ibkr_capture_quality.json;data/raw/databento/opra_spxw_cbbo_1m;data/raw/databento/opra_spxw_definition;data/raw/databento/opra_spxw_ohlcv_1m;data/raw/databento/opra_spxw_statistics;data/vendor/thetadata/index/spx_1m;data/vendor/thetadata/index/vix_1m;v4/audit/autoresearch/protocol101_fair_contract_expanded_jul_dec2025_128_q1_design_input/canonical_processed_session_manifest.json;v4/audit/autoresearch/protocol101_fair_contract_expanded_jul_sep2025_64_q1_design_input/canonical_processed_session_manifest.json;v4/audit/autoresearch/protocol101_fair_contract_expanded_july_aug2025_43_q1_design_input/canonical_processed_session_manifest.json
2026-07-01,confirmation_jun_jul2026,matched_single_rule,excluded_recorder_or_parity_session;ibkr_recorder_capture;raw_vendor_session,complete;raw_file_present,/Users/gduby/.autoresearch-trading/live_runtime/ibkr_capture/2026-07-01/protocol101-recorder-2026-07-01/ibkr_capture_quality.json;data/raw/databento/opra_spxw_cbbo_1m;data/raw/databento/opra_spxw_definition;data/raw/databento/opra_spxw_ohlcv_1m;data/raw/databento/opra_spxw_statistics;data/vendor/thetadata/index/spx_1m;data/vendor/thetadata/index/vix_1m;v4/audit/autoresearch/protocol101_fair_contract_expanded_jul_dec2025_128_q1_design_input/canonical_processed_session_manifest.json;v4/audit/autoresearch/protocol101_fair_contract_expanded_jul_sep2025_64_q1_design_input/canonical_processed_session_manifest.json;v4/audit/autoresearch/protocol101_fair_contract_expanded_july_aug2025_43_q1_design_input/canonical_processed_session_manifest.json
2026-07-02,confirmation_jun_jul2026,matched_single_rule,excluded_recorder_or_parity_session;ibkr_recorder_capture;raw_vendor_session,complete;raw_file_present,/Users/gduby/.autoresearch-trading/live_runtime/ibkr_capture/2026-07-02/protocol101-recorder-2026-07-02/ibkr_capture_quality.json;data/raw/databento/opra_spxw_cbbo_1m;data/raw/databento/opra_spxw_definition;data/raw/databento/opra_spxw_ohlcv_1m;data/raw/databento/opra_spxw_statistics;data/vendor/thetadata/index/spx_1m;data/vendor/thetadata/index/vix_1m;v4/audit/autoresearch/protocol101_fair_contract_expanded_jul_dec2025_128_q1_design_input/canonical_processed_session_manifest.json;v4/audit/autoresearch/protocol101_fair_contract_expanded_jul_sep2025_64_q1_design_input/canonical_processed_session_manifest.json;v4/audit/autoresearch/protocol101_fair_contract_expanded_july_aug2025_43_q1_design_input/canonical_processed_session_manifest.json
