mode,trade_number,session,decision_time,contract_id,side,quantity,one_contract_premium,premium_exposure,cash_before,cash_after,realized_pnl,skip_reason,one_contract_pnl
one_contract_baseline,1,2024-10-01,2024-10-01T14:15:00+00:00,SPXW-20241001-05710.000-P,PUT,1,2480.0,2480.0,10000.0,9950.0,-50.0,,-50.0
one_contract_baseline,2,2024-10-01,2024-10-01T14:21:00+00:00,SPXW-20241001-05675.000-C,CALL,1,3100.0,3100.0,9950.0,10250.0,300.0,,300.0
one_contract_baseline,3,2024-10-01,2024-10-01T14:41:00+00:00,SPXW-20241001-05675.000-C,CALL,1,3400.0,3400.0,10250.0,9790.0,-460.0,,-460.0000000000001
one_contract_baseline,4,2024-10-01,2024-10-01T15:19:00+00:00,SPXW-20241001-05665.000-C,CALL,1,2640.0,2640.0,9790.0,12220.0,2430.0,,2430.0000000000005
one_contract_baseline,5,2024-10-01,2024-10-01T17:31:00+00:00,SPXW-20241001-05680.000-C,CALL,1,1590.0,1590.0,12220.0,13730.0,1510.0,,1510.0
one_contract_baseline,6,2024-10-01,2024-10-01T18:43:00+00:00,SPXW-20241001-05715.000-C,CALL,1,1300.0,1300.0,13730.0,13560.0,-170.0,,-169.99999999999994
one_contract_baseline,7,2024-10-01,2024-10-01T19:14:00+00:00,SPXW-20241001-05695.000-C,CALL,1,2620.0,2620.0,13560.0,13910.0,350.0,,350.0
one_contract_baseline,8,2024-10-02,2024-10-02T14:00:00+00:00,SPXW-20241002-05675.000-C,CALL,1,2540.0,2540.0,13910.0,14530.0,620.0,,620.0000000000002
one_contract_baseline,9,2024-10-02,2024-10-02T14:25:00+00:00,SPXW-20241002-05665.000-C,CALL,1,3520.0000000000005,3520.0000000000005,14530.0,16320.0,1790.0,,1789.9999999999998
one_contract_baseline,10,2024-10-02,2024-10-02T15:19:00+00:00,SPXW-20241002-05685.000-C,CALL,1,3420.0000000000005,3420.0000000000005,16320.0,16420.0,100.0,,100.0
one_contract_baseline,11,2024-10-03,2024-10-03T14:00:00+00:00,SPXW-20241003-05690.000-C,CALL,1,2050.0,2050.0,16420.0,17660.0,1240.0,,1239.9999999999998
one_contract_baseline,12,2024-10-03,2024-10-03T14:13:00+00:00,SPXW-20241003-05705.000-P,PUT,1,920.0,920.0,17660.0,18960.0,1300.0,,1300.0
one_contract_baseline,13,2024-10-03,2024-10-03T14:32:00+00:00,SPXW-20241003-05680.000-C,CALL,1,2180.0,2180.0,18960.0,19320.0,360.0,,359.9999999999998
one_contract_baseline,14,2024-10-03,2024-10-03T14:51:00+00:00,SPXW-20241003-05695.000-C,CALL,1,1590.0,1590.0,19320.0,18970.0,-350.0,,-350.0
one_contract_baseline,15,2024-10-04,2024-10-04T14:02:00+00:00,SPXW-20241004-05700.000-C,CALL,1,3250.0,3250.0,18970.0,18100.0,-870.0,,-869.9999999999999
one_contract_baseline,16,2024-10-04,2024-10-04T14:27:00+00:00,SPXW-20241004-05720.000-P,PUT,1,1990.0,1990.0,18100.0,18610.0,510.0,,510.0000000000001
one_contract_baseline,17,2024-10-04,2024-10-04T14:40:00+00:00,SPXW-20241004-05680.000-C,CALL,1,3229.9999999999995,3229.9999999999995,18610.0,19890.0,1280.0,,1280.0000000000005
one_contract_baseline,18,2024-10-04,2024-10-04T15:13:00+00:00,SPXW-20241004-05750.000-P,PUT,1,3020.0,3020.0,19890.0,21280.0,1390.0,,1390.0000000000002
one_contract_baseline,19,2024-10-07,2024-10-07T14:04:00+00:00,SPXW-20241007-05715.000-C,CALL,1,2220.0,2220.0,21280.0,21580.0,300.0,,300.0
one_contract_baseline,20,2024-10-07,2024-10-07T14:29:00+00:00,SPXW-20241007-05705.000-C,CALL,1,3210.0,3210.0,21580.0,21450.0,-130.0,,-130.00000000000006
one_contract_baseline,21,2024-10-07,2024-10-07T14:51:00+00:00,SPXW-20241007-05725.000-C,CALL,1,1520.0,1520.0,21450.0,21480.0,30.0,,30.00000000000007
one_contract_baseline,22,2024-10-07,2024-10-07T15:20:00+00:00,SPXW-20241007-05705.000-C,CALL,1,3360.0,3360.0,21480.0,21450.0,-30.0,,-30.000000000000423
one_contract_baseline,23,2024-10-08,2024-10-08T14:00:00+00:00,SPXW-20241008-05710.000-C,CALL,1,2340.0,2340.0,21450.0,21390.0,-60.0,,-59.99999999999979
one_contract_baseline,24,2024-10-08,2024-10-08T14:25:00+00:00,SPXW-20241008-05710.000-C,CALL,1,2180.0,2180.0,21390.0,22490.0,1100.0,,1099.9999999999995
one_contract_baseline,25,2024-10-09,2024-10-09T14:00:00+00:00,SPXW-20241009-05725.000-C,CALL,1,3379.9999999999995,3379.9999999999995,22490.0,22650.0,160.0,,160.00000000000014
one_contract_baseline,26,2024-10-09,2024-10-09T14:25:00+00:00,SPXW-20241009-05730.000-C,CALL,1,3270.0000000000005,3270.0000000000005,22650.0,22770.0,120.0,,119.99999999999956
one_contract_baseline,27,2024-10-09,2024-10-09T14:39:00+00:00,SPXW-20241009-05730.000-C,CALL,1,3440.0,3440.0,22770.0,23520.0,750.0,,750.0
one_contract_baseline,28,2024-10-10,2024-10-10T14:00:00+00:00,SPXW-20241010-05760.000-C,CALL,1,2090.0,2090.0,23520.0,24180.0,660.0,,660.0000000000001
one_contract_baseline,29,2024-10-10,2024-10-10T14:26:00+00:00,SPXW-20241010-05750.000-C,CALL,1,3150.0,3150.0,24180.0,24150.0,-30.0,,-30.00000000000007
one_contract_baseline,30,2024-10-11,2024-10-11T14:01:00+00:00,SPXW-20241011-05775.000-C,CALL,1,2110.0,2110.0,24150.0,26300.0,2150.0,,2150.0
one_contract_baseline,31,2024-10-11,2024-10-11T15:04:00+00:00,SPXW-20241011-05790.000-C,CALL,1,2470.0,2470.0,26300.0,26370.0,70.0,,69.99999999999993
one_contract_baseline,32,2024-10-11,2024-10-11T15:27:00+00:00,SPXW-20241011-05790.000-C,CALL,1,2430.0,2430.0,26370.0,26510.0,140.0,,139.99999999999986
one_contract_baseline,33,2024-10-11,2024-10-11T17:30:00+00:00,SPXW-20241011-05780.000-C,CALL,1,2930.0,2930.0,26510.0,26820.0,310.0,,309.9999999999998
one_contract_baseline,34,2024-10-14,2024-10-14T14:00:00+00:00,SPXW-20241014-05820.000-C,CALL,1,3450.0,3450.0,26820.0,26610.0,-210.0,,-210.00000000000017
one_contract_baseline,35,2024-10-14,2024-10-14T14:23:00+00:00,SPXW-20241014-05835.000-C,CALL,1,1990.0,1990.0,26610.0,26730.0,120.0,,120.00000000000028
one_contract_baseline,36,2024-10-14,2024-10-14T14:36:00+00:00,SPXW-20241014-05835.000-C,CALL,1,2340.0,2340.0,26730.0,25890.0,-840.0,,-839.9999999999999
one_contract_baseline,37,2024-10-14,2024-10-14T15:02:00+00:00,SPXW-20241014-05835.000-C,CALL,1,1510.0,1510.0,25890.0,26140.0,250.0,,250.00000000000017
one_contract_baseline,38,2024-10-15,2024-10-15T14:10:00+00:00,SPXW-20241015-05880.000-P,PUT,1,2130.0,2130.0,26140.0,26270.0,130.0,,130.00000000000006
one_contract_baseline,39,2024-10-15,2024-10-15T14:35:00+00:00,SPXW-20241015-05850.000-P,PUT,1,1290.0,1290.0,26270.0,26810.0,540.0,,540.0
one_contract_baseline,40,2024-10-16,2024-10-16T14:03:00+00:00,SPXW-20241016-05790.000-C,CALL,1,2540.0,2540.0,26810.0,28110.0,1300.0,,1300.0
one_contract_baseline,41,2024-10-16,2024-10-16T14:28:00+00:00,SPXW-20241016-05805.000-C,CALL,1,2540.0,2540.0,28110.0,27530.0,-580.0,,-579.9999999999998
one_contract_baseline,42,2024-10-16,2024-10-16T14:54:00+00:00,SPXW-20241016-05790.000-C,CALL,1,3279.9999999999995,3279.9999999999995,27530.0,27740.0,210.0,,210.00000000000017
one_contract_baseline,43,2024-10-17,2024-10-17T14:01:00+00:00,SPXW-20241017-05860.000-P,PUT,1,1150.0,1150.0,27740.0,28150.0,410.0,,409.99999999999994
one_contract_baseline,44,2024-10-17,2024-10-17T14:37:00+00:00,SPXW-20241017-05865.000-P,PUT,1,1630.0,1630.0,28150.0,28280.0,130.0,,130.00000000000006
one_contract_baseline,45,2024-10-17,2024-10-17T15:02:00+00:00,SPXW-20241017-05870.000-P,PUT,1,2400.0,2400.0,28280.0,27780.0,-500.0,,-500.0
one_contract_baseline,46,2024-10-17,2024-10-17T18:11:00+00:00,SPXW-20241017-05855.000-P,PUT,1,1130.0,1130.0,27780.0,27920.0,140.0,,139.99999999999986
one_contract_baseline,47,2024-10-18,2024-10-18T14:03:00+00:00,SPXW-20241018-05830.000-C,CALL,1,2620.0,2620.0,27920.0,27910.0,-10.0,,-9.999999999999789
one_contract_baseline,48,2024-10-18,2024-10-18T14:40:00+00:00,SPXW-20241018-05840.000-C,CALL,1,1789.9999999999998,1789.9999999999998,27910.0,28000.0,90.0,,90.00000000000021
one_contract_baseline,49,2024-10-18,2024-10-18T15:06:00+00:00,SPXW-20241018-05845.000-C,CALL,1,1440.0,1440.0,28000.0,28150.0,150.0,,150.0
one_contract_baseline,50,2024-10-18,2024-10-18T17:31:00+00:00,SPXW-20241018-05850.000-C,CALL,1,1600.0,1600.0,28150.0,28290.0,140.0,,139.99999999999986
one_contract_baseline,51,2024-10-18,2024-10-18T18:09:00+00:00,SPXW-20241018-05850.000-C,CALL,1,1689.9999999999998,1689.9999999999998,28290.0,28590.0,300.0,,300.0
one_contract_baseline,52,2024-10-21,2024-10-21T14:03:00+00:00,SPXW-20241021-05845.000-C,CALL,1,1840.0,1840.0,28590.0,28730.0,140.0,,140.00000000000023
one_contract_baseline,53,2024-10-21,2024-10-21T14:28:00+00:00,SPXW-20241021-05870.000-P,PUT,1,1490.0,1490.0,28730.0,29770.0,1040.0,,1040.0
one_contract_baseline,54,2024-10-21,2024-10-21T15:02:00+00:00,SPXW-20241021-05845.000-P,PUT,1,960.0,960.0,29770.0,30760.0,990.0,,990.0
one_contract_baseline,55,2024-10-22,2024-10-22T14:01:00+00:00,SPXW-20241022-05815.000-C,CALL,1,2160.0,2160.0,30760.0,31020.0,260.0,,259.9999999999998
one_contract_baseline,56,2024-10-22,2024-10-22T14:27:00+00:00,SPXW-20241022-05810.000-C,CALL,1,2620.0,2620.0,31020.0,30940.0,-80.0,,-80.00000000000007
one_contract_baseline,57,2024-10-22,2024-10-22T14:44:00+00:00,SPXW-20241022-05845.000-P,PUT,1,1670.0,1670.0,30940.0,30280.0,-660.0,,-660.0
one_contract_baseline,58,2024-10-23,2024-10-23T14:04:00+00:00,SPXW-20241023-05840.000-P,PUT,1,1580.0,1580.0,30280.0,30560.0,280.0,,280.00000000000006
one_contract_baseline,59,2024-10-23,2024-10-23T14:54:00+00:00,SPXW-20241023-05835.000-P,PUT,1,1540.0,1540.0,30560.0,30630.0,70.0,,70.00000000000011
one_contract_baseline,60,2024-10-23,2024-10-23T15:11:00+00:00,SPXW-20241023-05835.000-P,PUT,1,1870.0,1870.0,30630.0,31450.0,820.0,,819.9999999999999
one_contract_baseline,61,2024-10-24,2024-10-24T14:02:00+00:00,SPXW-20241024-05790.000-C,CALL,1,2680.0,2680.0,31450.0,31200.0,-250.0,,-250.0
one_contract_baseline,62,2024-10-24,2024-10-24T14:32:00+00:00,SPXW-20241024-05795.000-C,CALL,1,2170.0,2170.0,31200.0,30820.0,-380.0,,-380.00000000000006
one_contract_baseline,63,2024-10-25,2024-10-25T14:01:00+00:00,SPXW-20241025-05840.000-C,CALL,1,1960.0,1960.0,30820.0,31040.0,220.0,,219.99999999999991
one_contract_baseline,64,2024-10-25,2024-10-25T15:26:00+00:00,SPXW-20241025-05855.000-P,PUT,1,1190.0,1190.0,31040.0,31860.0,820.0,,820.0000000000001
one_contract_baseline,65,2024-10-25,2024-10-25T17:30:00+00:00,SPXW-20241025-05835.000-P,PUT,1,1540.0,1540.0,31860.0,32460.0,600.0,,599.9999999999998
one_contract_baseline,66,2024-10-25,2024-10-25T17:47:00+00:00,SPXW-20241025-05780.000-C,CALL,1,3290.0,3290.0,32460.0,33190.0,730.0,,730.0000000000005
one_contract_baseline,67,2024-10-25,2024-10-25T18:13:00+00:00,SPXW-20241025-05780.000-C,CALL,1,2620.0,2620.0,33190.0,33890.0,700.0,,700.0000000000003
one_contract_baseline,68,2024-10-28,2024-10-28T14:23:00+00:00,SPXW-20241028-05810.000-C,CALL,1,3100.0,3100.0,33890.0,33920.0,30.0,,30.00000000000007
one_contract_baseline,69,2024-10-28,2024-10-28T14:49:00+00:00,SPXW-20241028-05820.000-C,CALL,1,2340.0,2340.0,33920.0,33710.0,-210.0,,-209.99999999999977
one_contract_baseline,70,2024-10-29,2024-10-29T14:01:00+00:00,SPXW-20241029-05785.000-C,CALL,1,3400.0,3400.0,33710.0,34080.0,370.0,,370.0000000000003
one_contract_baseline,71,2024-10-29,2024-10-29T14:30:00+00:00,SPXW-20241029-05810.000-C,CALL,1,1810.0,1810.0,34080.0,34440.0,360.0,,359.9999999999998
one_contract_baseline,72,2024-10-29,2024-10-29T14:57:00+00:00,SPXW-20241029-05805.000-C,CALL,1,2780.0,2780.0,34440.0,34480.0,40.0,,39.99999999999986
one_contract_baseline,73,2024-10-30,2024-10-30T14:00:00+00:00,SPXW-20241030-05810.000-C,CALL,1,2950.0,2950.0,34480.0,35050.0,570.0,,570.0000000000002
one_contract_baseline,74,2024-10-30,2024-10-30T14:37:00+00:00,SPXW-20241030-05825.000-C,CALL,1,2210.0,2210.0,35050.0,34990.0,-60.0,,-60.00000000000014
one_contract_baseline,75,2024-10-30,2024-10-30T15:01:00+00:00,SPXW-20241030-05825.000-C,CALL,1,1930.0,1930.0,34990.0,34840.0,-150.0,,-150.0
one_contract_baseline,76,2024-10-31,2024-10-31T14:17:00+00:00,SPXW-20241031-05720.000-C,CALL,1,3400.0,3400.0,34840.0,33820.0,-1020.0,,-1020.0
one_contract_baseline,77,2024-10-31,2024-10-31T15:20:00+00:00,SPXW-20241031-05710.000-C,CALL,1,2340.0,2340.0,33820.0,33510.0,-310.0,,-309.9999999999998
one_contract_baseline,78,2024-10-31,2024-10-31T18:30:00+00:00,SPXW-20241031-05705.000-C,CALL,1,1890.0,1890.0,33510.0,33290.0,-220.0,,-219.99999999999991
one_contract_baseline,79,2024-10-31,2024-10-31T19:20:00+00:00,SPXW-20241031-05705.000-C,CALL,1,2670.0,2670.0,33290.0,32760.0,-530.0,,-530.0000000000001
one_contract_baseline,80,2024-11-01,2024-11-01T14:07:00+00:00,SPXW-20241101-05730.000-C,CALL,1,2640.0,2640.0,32760.0,33930.0,1170.0,,1170.0000000000002
one_contract_baseline,81,2024-11-01,2024-11-01T15:04:00+00:00,SPXW-20241101-05745.000-C,CALL,1,2200.0,2200.0,33930.0,34000.0,70.0,,69.99999999999993
one_contract_baseline,82,2024-11-01,2024-11-01T18:04:00+00:00,SPXW-20241101-05715.000-C,CALL,1,2360.0,2360.0,34000.0,33940.0,-60.0,,-60.00000000000014
one_contract_baseline,83,2024-11-01,2024-11-01T18:38:00+00:00,SPXW-20241101-05750.000-P,PUT,1,1410.0,1410.0,33940.0,33870.0,-70.0,,-69.99999999999993
one_contract_baseline,84,2024-11-01,2024-11-01T19:06:00+00:00,SPXW-20241101-05710.000-C,CALL,1,2970.0,2970.0,33870.0,34480.0,610.0,,609.9999999999998
one_contract_baseline,85,2024-11-04,2024-11-04T15:01:00+00:00,SPXW-20241104-05700.000-C,CALL,1,3479.9999999999995,3479.9999999999995,34480.0,34630.0,150.0,,150.0
one_contract_baseline,86,2024-11-04,2024-11-04T15:29:00+00:00,SPXW-20241104-05720.000-C,CALL,1,2270.0,2270.0,34630.0,34540.0,-90.0,,-89.99999999999986
one_contract_baseline,87,2024-11-05,2024-11-05T15:08:00+00:00,SPXW-20241105-05745.000-C,CALL,1,2110.0,2110.0,34540.0,34760.0,220.0,,219.99999999999991
one_contract_baseline,88,2024-11-05,2024-11-05T15:36:00+00:00,SPXW-20241105-05740.000-C,CALL,1,2630.0,2630.0,34760.0,35390.0,630.0,,630.0000000000001
one_contract_baseline,89,2024-11-05,2024-11-05T16:07:00+00:00,SPXW-20241105-05735.000-C,CALL,1,2860.0,2860.0,35390.0,35700.0,310.0,,309.9999999999998
one_contract_baseline,90,2024-11-05,2024-11-05T16:24:00+00:00,SPXW-20241105-05740.000-C,CALL,1,2970.0,2970.0,35700.0,35880.0,180.0,,180.00000000000006
one_contract_baseline,91,2024-11-05,2024-11-05T18:37:00+00:00,SPXW-20241105-05770.000-P,PUT,1,869.9999999999999,869.9999999999999,35880.0,35720.0,-160.0,,-159.99999999999997
one_contract_baseline,92,2024-11-05,2024-11-05T19:00:00+00:00,SPXW-20241105-05740.000-C,CALL,1,3090.0,3090.0,35720.0,35930.0,210.0,,210.00000000000017
one_contract_baseline,93,2024-11-05,2024-11-05T19:21:00+00:00,SPXW-20241105-05745.000-C,CALL,1,2640.0,2640.0,35930.0,36130.0,200.0,,200.0
one_contract_baseline,94,2024-11-06,2024-11-06T15:00:00+00:00,SPXW-20241106-05860.000-C,CALL,1,3070.0,3070.0,36130.0,37580.0,1450.0,,1450.0000000000005
one_contract_baseline,95,2024-11-06,2024-11-06T15:26:00+00:00,SPXW-20241106-05875.000-C,CALL,1,3240.0,3240.0,37580.0,36570.0,-1010.0,,-1009.9999999999998
one_contract_baseline,96,2024-11-06,2024-11-06T16:00:00+00:00,SPXW-20241106-05910.000-P,PUT,1,2670.0,2670.0,36570.0,35980.0,-590.0,,-589.9999999999999
one_contract_baseline,97,2024-11-06,2024-11-06T18:32:00+00:00,SPXW-20241106-05910.000-C,CALL,1,1340.0,1340.0,35980.0,36080.0,100.0,,100.0
one_contract_baseline,98,2024-11-06,2024-11-06T18:54:00+00:00,SPXW-20241106-05890.000-C,CALL,1,3100.0,3100.0,36080.0,36060.0,-20.0,,-19.99999999999993
one_contract_baseline,99,2024-11-06,2024-11-06T19:19:00+00:00,SPXW-20241106-05895.000-C,CALL,1,2640.0,2640.0,36060.0,36250.0,190.0,,190.00000000000023
one_contract_baseline,100,2024-11-06,2024-11-06T19:36:00+00:00,SPXW-20241106-05895.000-C,CALL,1,2850.0,2850.0,36250.0,36150.0,-100.0,,-100.0
one_contract_baseline,101,2024-11-07,2024-11-07T15:01:00+00:00,SPXW-20241107-05930.000-C,CALL,1,3420.0000000000005,3420.0000000000005,36150.0,36210.0,60.0,,59.99999999999943
one_contract_baseline,102,2024-11-07,2024-11-07T15:36:00+00:00,SPXW-20241107-05935.000-C,CALL,1,3190.0,3190.0,36210.0,36590.0,380.0,,380.00000000000045
one_contract_baseline,103,2024-11-08,2024-11-08T15:01:00+00:00,SPXW-20241108-05965.000-C,CALL,1,2770.0,2770.0,36590.0,36470.0,-120.0,,-119.99999999999991
one_contract_baseline,104,2024-11-08,2024-11-08T15:27:00+00:00,SPXW-20241108-05975.000-C,CALL,1,1840.0,1840.0,36470.0,36570.0,100.0,,100.0
one_contract_baseline,105,2024-11-11,2024-11-11T15:04:00+00:00,SPXW-20241111-06010.000-P,PUT,1,1030.0,1030.0,36570.0,36570.0,0.0,,0.0
one_contract_baseline,106,2024-11-11,2024-11-11T15:55:00+00:00,SPXW-20241111-06000.000-C,CALL,1,1580.0,1580.0,36570.0,36410.0,-160.0,,-160.00000000000014
one_contract_baseline,107,2024-11-12,2024-11-12T15:02:00+00:00,SPXW-20241112-06035.000-P,PUT,1,3150.0,3150.0,36410.0,37010.0,600.0,,600.0
one_contract_baseline,108,2024-11-12,2024-11-12T15:44:00+00:00,SPXW-20241112-06010.000-P,PUT,1,1770.0,1770.0,37010.0,37280.0,270.0,,269.99999999999994
one_contract_baseline,109,2024-11-13,2024-11-13T15:00:00+00:00,SPXW-20241113-05985.000-P,PUT,1,910.0,910.0,37280.0,38250.0,970.0,,970.0
one_contract_baseline,110,2024-11-13,2024-11-13T15:32:00+00:00,SPXW-20241113-05960.000-C,CALL,1,2460.0,2460.0,38250.0,38520.0,270.0,,269.99999999999994
one_contract_baseline,111,2024-11-13,2024-11-13T16:27:00+00:00,SPXW-20241113-05970.000-C,CALL,1,2490.0,2490.0,38520.0,38730.0,210.0,,210.00000000000017
one_contract_baseline,112,2024-11-14,2024-11-14T15:12:00+00:00,SPXW-20241114-05985.000-P,PUT,1,1620.0,1620.0,38730.0,38570.0,-160.0,,-159.99999999999997
one_contract_baseline,113,2024-11-14,2024-11-14T15:56:00+00:00,SPXW-20241114-05995.000-P,PUT,1,1689.9999999999998,1689.9999999999998,38570.0,39010.0,440.0,,440.0000000000002
one_contract_baseline,114,2024-11-14,2024-11-14T20:06:00+00:00,SPXW-20241114-05955.000-P,PUT,1,730.0,730.0,39010.0,38960.0,-50.0,,-50.0
one_contract_baseline,115,2024-11-15,2024-11-15T15:00:00+00:00,SPXW-20241115-05925.000-P,PUT,1,2740.0,2740.0,38960.0,40200.0,1240.0,,1239.9999999999998
one_contract_baseline,116,2024-11-15,2024-11-15T15:26:00+00:00,SPXW-20241115-05900.000-P,PUT,1,2110.0,2110.0,40200.0,40360.0,160.0,,159.99999999999977
one_contract_baseline,117,2024-11-15,2024-11-15T15:51:00+00:00,SPXW-20241115-05895.000-P,PUT,1,1530.0,1530.0,40360.0,40680.0,320.0,,319.99999999999994
one_contract_baseline,118,2024-11-18,2024-11-18T15:01:00+00:00,SPXW-20241118-05845.000-C,CALL,1,2960.0,2960.0,40680.0,41300.0,620.0,,619.9999999999995
one_contract_baseline,119,2024-11-18,2024-11-18T15:26:00+00:00,SPXW-20241118-05870.000-C,CALL,1,1739.9999999999998,1739.9999999999998,41300.0,42240.0,940.0,,940.0000000000002
one_contract_baseline,120,2024-11-19,2024-11-19T15:01:00+00:00,SPXW-20241119-05840.000-C,CALL,1,2780.0,2780.0,42240.0,42560.0,320.0,,319.99999999999994
one_contract_baseline,121,2024-11-19,2024-11-19T15:15:00+00:00,SPXW-20241119-05885.000-P,PUT,1,2410.0,2410.0,42560.0,41410.0,-1150.0,,-1150.0000000000002
one_contract_baseline,122,2024-11-19,2024-11-19T15:41:00+00:00,SPXW-20241119-05855.000-C,CALL,1,3160.0,3160.0,41410.0,42190.0,780.0,,779.9999999999998
one_contract_baseline,123,2024-11-19,2024-11-19T18:33:00+00:00,SPXW-20241119-05890.000-C,CALL,1,1910.0,1910.0,42190.0,43650.0,1460.0,,1460.0000000000002
one_contract_baseline,124,2024-11-19,2024-11-19T19:36:00+00:00,SPXW-20241119-05880.000-C,CALL,1,2630.0,2630.0,43650.0,43730.0,80.0,,80.00000000000007
one_contract_baseline,125,2024-11-20,2024-11-20T15:05:00+00:00,SPXW-20241120-05890.000-P,PUT,1,1430.0,1430.0,43730.0,45180.0,1450.0,,1450.0
one_contract_baseline,126,2024-11-20,2024-11-20T15:24:00+00:00,SPXW-20241120-05845.000-C,CALL,1,2870.0,2870.0,45180.0,46390.0,1210.0,,1209.9999999999998
one_contract_baseline,127,2024-11-20,2024-11-20T15:49:00+00:00,SPXW-20241120-05855.000-C,CALL,1,3200.0,3200.0,46390.0,46770.0,380.0,,379.9999999999997
one_contract_baseline,128,2024-11-20,2024-11-20T16:06:00+00:00,SPXW-20241120-05890.000-P,PUT,1,1380.0,1380.0,46770.0,47240.0,470.0,,469.99999999999994
one_contract_baseline,129,2024-11-20,2024-11-20T16:27:00+00:00,SPXW-20241120-05895.000-P,PUT,1,2400.0,2400.0,47240.0,47610.0,370.0,,369.99999999999994
one_contract_baseline,130,2024-11-21,2024-11-21T15:01:00+00:00,SPXW-20241121-05915.000-P,PUT,1,2300.0,2300.0,47610.0,48070.0,460.0,,460.0000000000001
one_contract_baseline,131,2024-11-21,2024-11-21T15:12:00+00:00,SPXW-20241121-05890.000-C,CALL,1,2300.0,2300.0,48070.0,49350.0,1280.0,,1279.9999999999998
one_contract_baseline,132,2024-11-21,2024-11-21T15:26:00+00:00,SPXW-20241121-05915.000-P,PUT,1,2240.0,2240.0,49350.0,50230.0,880.0,,880.0000000000001
one_contract_baseline,133,2024-11-21,2024-11-21T15:33:00+00:00,SPXW-20241121-05870.000-C,CALL,1,2920.0,2920.0,50230.0,53320.0,3090.0,,3090.0
one_contract_baseline,134,2024-11-22,2024-11-22T15:01:00+00:00,SPXW-20241122-05950.000-C,CALL,1,2380.0,2380.0,53320.0,52660.0,-660.0,,-660.0000000000001
one_contract_baseline,135,2024-11-22,2024-11-22T15:26:00+00:00,SPXW-20241122-05975.000-P,PUT,1,2150.0,2150.0,52660.0,52870.0,210.0,,210.00000000000017
one_contract_baseline,136,2024-11-22,2024-11-22T15:38:00+00:00,SPXW-20241122-05950.000-C,CALL,1,1440.0,1440.0,52870.0,53370.0,500.0,,499.99999999999983
one_contract_baseline,137,2024-11-22,2024-11-22T15:59:00+00:00,SPXW-20241122-05940.000-C,CALL,1,3070.0,3070.0,53370.0,52530.0,-840.0,,-839.9999999999999
one_contract_baseline,138,2024-11-22,2024-11-22T18:30:00+00:00,SPXW-20241122-05950.000-C,CALL,1,2010.0,2010.0,52530.0,52020.0,-510.0,,-510.0000000000001
one_contract_baseline,139,2024-11-25,2024-11-25T15:00:00+00:00,SPXW-20241125-06010.000-P,PUT,1,1230.0,1230.0,52020.0,52700.0,680.0,,680.0000000000001
one_contract_baseline,140,2024-11-25,2024-11-25T15:17:00+00:00,SPXW-20241125-06000.000-P,PUT,1,970.0,970.0,52700.0,52850.0,150.0,,150.0
one_contract_baseline,141,2024-11-25,2024-11-25T15:39:00+00:00,SPXW-20241125-06010.000-P,PUT,1,1620.0,1620.0,52850.0,53170.0,320.0,,319.99999999999994
one_contract_baseline,142,2024-11-25,2024-11-25T16:21:00+00:00,SPXW-20241125-05985.000-C,CALL,1,1350.0,1350.0,53170.0,52610.0,-560.0,,-560.0
one_contract_baseline,143,2024-11-26,2024-11-26T15:02:00+00:00,SPXW-20241126-05975.000-C,CALL,1,2820.0,2820.0,52610.0,52190.0,-420.0,,-419.99999999999994
one_contract_baseline,144,2024-11-26,2024-11-26T15:34:00+00:00,SPXW-20241126-06005.000-P,PUT,1,1200.0,1200.0,52190.0,51790.0,-400.0,,-400.0
one_contract_baseline,145,2024-11-26,2024-11-26T16:01:00+00:00,SPXW-20241126-05975.000-C,CALL,1,3090.0,3090.0,51790.0,51720.0,-70.0,,-69.99999999999993
one_contract_baseline,146,2024-11-27,2024-11-27T15:01:00+00:00,SPXW-20241127-06025.000-P,PUT,1,1550.0,1550.0,51720.0,51870.0,150.0,,150.0
one_contract_baseline,147,2024-11-27,2024-11-27T15:27:00+00:00,SPXW-20241127-06040.000-P,PUT,1,3329.9999999999995,3329.9999999999995,51870.0,52040.0,170.0,,170.00000000000028
one_contract_baseline,148,2024-11-27,2024-11-27T15:48:00+00:00,SPXW-20241127-06005.000-P,PUT,1,740.0,740.0,52040.0,52200.0,160.0,,159.99999999999997
one_contract_baseline,149,2024-11-27,2024-11-27T16:00:00+00:00,SPXW-20241127-06035.000-P,PUT,1,3490.0,3490.0,52200.0,52360.0,160.0,,160.00000000000014
one_contract_baseline,150,2024-11-29,2024-11-29T15:00:00+00:00,SPXW-20241129-05985.000-C,CALL,1,3390.0,3390.0,52360.0,53070.0,710.0,,710.0000000000001
one_contract_baseline,151,2024-12-02,2024-12-02T15:32:00+00:00,SPXW-20241202-06010.000-C,CALL,1,3470.0000000000005,3470.0000000000005,53070.0,53030.0,-40.0,,-40.00000000000057
one_contract_baseline,152,2024-12-02,2024-12-02T15:55:00+00:00,SPXW-20241202-06070.000-P,PUT,1,2960.0,2960.0,53030.0,52790.0,-240.0,,-240.00000000000023
one_contract_baseline,153,2024-12-03,2024-12-03T15:01:00+00:00,SPXW-20241203-06025.000-C,CALL,1,2270.0,2270.0,52790.0,52120.0,-670.0,,-669.9999999999999
one_contract_baseline,154,2024-12-03,2024-12-03T15:26:00+00:00,SPXW-20241203-06045.000-P,PUT,1,1120.0,1120.0,52120.0,52150.0,30.0,,30.00000000000007
one_contract_baseline,155,2024-12-04,2024-12-04T15:00:00+00:00,SPXW-20241204-06070.000-P,PUT,1,900.0,900.0,52150.0,52220.0,70.0,,69.99999999999993
one_contract_baseline,156,2024-12-04,2024-12-04T15:15:00+00:00,SPXW-20241204-06095.000-P,PUT,1,3080.0,3080.0,52220.0,51580.0,-640.0,,-640.0000000000002
one_contract_baseline,157,2024-12-04,2024-12-04T15:41:00+00:00,SPXW-20241204-06040.000-C,CALL,1,3240.0,3240.0,51580.0,51690.0,110.0,,110.00000000000014
one_contract_baseline,158,2024-12-05,2024-12-05T15:01:00+00:00,SPXW-20241205-06055.000-C,CALL,1,3479.9999999999995,3479.9999999999995,51690.0,50990.0,-700.0,,-699.9999999999997
one_contract_baseline,159,2024-12-05,2024-12-05T15:26:00+00:00,SPXW-20241205-06105.000-P,PUT,1,2380.0,2380.0,50990.0,51110.0,120.0,,119.99999999999991
one_contract_baseline,160,2024-12-06,2024-12-06T15:06:00+00:00,SPXW-20241206-06085.000-C,CALL,1,1400.0,1400.0,51110.0,51290.0,180.0,,180.00000000000006
one_contract_baseline,161,2024-12-06,2024-12-06T15:36:00+00:00,SPXW-20241206-06065.000-C,CALL,1,3370.0000000000005,3370.0000000000005,51290.0,51180.0,-110.0,,-110.00000000000014
one_contract_baseline,162,2024-12-06,2024-12-06T16:13:00+00:00,SPXW-20241206-06095.000-P,PUT,1,930.0,930.0,51180.0,51300.0,120.0,,119.99999999999991
one_contract_baseline,163,2024-12-09,2024-12-09T15:01:00+00:00,SPXW-20241209-06050.000-C,CALL,1,3379.9999999999995,3379.9999999999995,51300.0,50600.0,-700.0,,-699.9999999999997
one_contract_baseline,164,2024-12-09,2024-12-09T15:26:00+00:00,SPXW-20241209-06110.000-P,PUT,1,3410.0,3410.0,50600.0,50910.0,310.0,,310.0000000000001
one_contract_baseline,165,2024-12-09,2024-12-09T15:51:00+00:00,SPXW-20241209-06080.000-P,PUT,1,1739.9999999999998,1739.9999999999998,50910.0,51370.0,460.0,,460.0000000000001
one_contract_baseline,166,2024-12-10,2024-12-10T15:01:00+00:00,SPXW-20241210-06025.000-C,CALL,1,3410.0,3410.0,51370.0,51540.0,170.0,,169.99999999999957
one_contract_baseline,167,2024-12-10,2024-12-10T15:27:00+00:00,SPXW-20241210-06030.000-C,CALL,1,3260.0,3260.0,51540.0,51660.0,120.0,,119.99999999999956
one_contract_baseline,168,2024-12-11,2024-12-11T15:05:00+00:00,SPXW-20241211-06040.000-C,CALL,1,3429.9999999999995,3429.9999999999995,51660.0,51910.0,250.0,,250.0
one_contract_baseline,169,2024-12-11,2024-12-11T15:37:00+00:00,SPXW-20241211-06045.000-C,CALL,1,3190.0,3190.0,51910.0,51770.0,-140.0,,-139.99999999999986
one_contract_baseline,170,2024-12-12,2024-12-12T15:09:00+00:00,SPXW-20241212-06095.000-P,PUT,1,3040.0,3040.0,51770.0,50690.0,-1080.0,,-1079.9999999999998
one_contract_baseline,171,2024-12-12,2024-12-12T15:35:00+00:00,SPXW-20241212-06050.000-C,CALL,1,2580.0,2580.0,50690.0,50580.0,-110.0,,-110.00000000000014
one_contract_baseline,172,2024-12-13,2024-12-13T15:01:00+00:00,SPXW-20241213-06100.000-P,PUT,1,3279.9999999999995,3279.9999999999995,50580.0,50940.0,360.0,,360.0000000000001
one_contract_baseline,173,2024-12-13,2024-12-13T15:26:00+00:00,SPXW-20241213-06090.000-P,PUT,1,3170.0,3170.0,50940.0,51800.0,860.0,,859.9999999999998
one_contract_baseline,174,2024-12-16,2024-12-16T15:00:00+00:00,SPXW-20241216-06040.000-C,CALL,1,3050.0,3050.0,51800.0,51920.0,120.0,,119.99999999999991
one_contract_baseline,175,2024-12-16,2024-12-16T15:26:00+00:00,SPXW-20241216-06055.000-C,CALL,1,1460.0,1460.0,51920.0,52470.0,550.0,,550.0000000000002
one_contract_baseline,176,2024-12-16,2024-12-16T16:10:00+00:00,SPXW-20241216-06045.000-C,CALL,1,3120.0,3120.0,52470.0,52470.0,0.0,,0.0
one_contract_baseline,177,2024-12-17,2024-12-17T15:00:00+00:00,SPXW-20241217-06055.000-P,PUT,1,1010.0,1010.0,52470.0,52890.0,420.0,,420.0000000000001
one_contract_baseline,178,2024-12-17,2024-12-17T15:39:00+00:00,SPXW-20241217-06010.000-C,CALL,1,3240.0,3240.0,52890.0,53050.0,160.0,,160.00000000000014
one_contract_baseline,179,2024-12-17,2024-12-17T15:58:00+00:00,SPXW-20241217-06025.000-C,CALL,1,2140.0,2140.0,53050.0,53640.0,590.0,,590.0000000000002
one_contract_baseline,180,2024-12-17,2024-12-17T18:42:00+00:00,SPXW-20241217-06035.000-C,CALL,1,1520.0,1520.0,53640.0,53660.0,20.0,,20.000000000000107
one_contract_baseline,181,2024-12-18,2024-12-18T15:01:00+00:00,SPXW-20241218-06025.000-C,CALL,1,3320.0000000000005,3320.0000000000005,53660.0,53970.0,310.0,,309.99999999999943
one_contract_baseline,182,2024-12-18,2024-12-18T15:27:00+00:00,SPXW-20241218-06030.000-C,CALL,1,3370.0000000000005,3370.0000000000005,53970.0,54560.0,590.0,,589.9999999999999
one_contract_baseline,183,2024-12-18,2024-12-18T16:15:00+00:00,SPXW-20241218-06090.000-P,PUT,1,3200.0,3200.0,54560.0,54210.0,-350.0,,-350.0
one_contract_baseline,184,2024-12-19,2024-12-19T15:01:00+00:00,SPXW-20241219-05930.000-P,PUT,1,2940.0,2940.0,54210.0,55090.0,880.0,,880.0000000000005
one_contract_baseline,185,2024-12-19,2024-12-19T15:13:00+00:00,SPXW-20241219-05885.000-C,CALL,1,3390.0,3390.0,55090.0,53770.0,-1320.0,,-1320.0
one_contract_baseline,186,2024-12-19,2024-12-19T15:42:00+00:00,SPXW-20241219-05870.000-C,CALL,1,3130.0,3130.0,53770.0,54410.0,640.0,,640.0000000000002
one_contract_baseline,187,2024-12-20,2024-12-20T15:13:00+00:00,SPXW-20241220-05840.000-C,CALL,1,3429.9999999999995,3429.9999999999995,54410.0,58550.0,4140.0,,4140.000000000001
one_contract_baseline,188,2024-12-20,2024-12-20T18:30:00+00:00,SPXW-20241220-05930.000-C,CALL,1,2490.0,2490.0,58550.0,58430.0,-120.0,,-119.99999999999991
one_contract_baseline,189,2024-12-23,2024-12-23T15:14:00+00:00,SPXW-20241223-05900.000-C,CALL,1,2510.0,2510.0,58430.0,58630.0,200.0,,200.0
one_contract_baseline,190,2024-12-23,2024-12-23T15:48:00+00:00,SPXW-20241223-05940.000-P,PUT,1,2860.0,2860.0,58630.0,58690.0,60.0,,59.99999999999979
one_contract_baseline,191,2024-12-23,2024-12-23T15:55:00+00:00,SPXW-20241223-05890.000-C,CALL,1,3110.0,3110.0,58690.0,59600.0,910.0,,910.0
one_contract_baseline,192,2024-12-23,2024-12-23T18:30:00+00:00,SPXW-20241223-05945.000-C,CALL,1,1650.0,1650.0,59600.0,59800.0,200.0,,200.0
one_contract_baseline,193,2024-12-23,2024-12-23T19:12:00+00:00,SPXW-20241223-05935.000-C,CALL,1,2980.0,2980.0,59800.0,60010.0,210.0,,209.99999999999977
one_contract_baseline,194,2024-12-23,2024-12-23T20:11:00+00:00,SPXW-20241223-05930.000-C,CALL,1,2070.0,2070.0,60010.0,60600.0,590.0,,590.0000000000002
one_contract_baseline,195,2024-12-24,2024-12-24T15:00:00+00:00,SPXW-20241224-05970.000-C,CALL,1,2930.0,2930.0,60600.0,61150.0,550.0,,549.9999999999997
one_contract_baseline,196,2024-12-26,2024-12-26T15:00:00+00:00,SPXW-20241226-05995.000-C,CALL,1,3300.0,3300.0,61150.0,60970.0,-180.0,,-180.00000000000006
one_contract_baseline,197,2024-12-26,2024-12-26T15:26:00+00:00,SPXW-20241226-05995.000-C,CALL,1,3470.0000000000005,3470.0000000000005,60970.0,60890.0,-80.0,,-80.00000000000043
one_contract_baseline,198,2024-12-26,2024-12-26T15:56:00+00:00,SPXW-20241226-06005.000-C,CALL,1,2700.0,2700.0,60890.0,61540.0,650.0,,650.0
one_contract_baseline,199,2024-12-27,2024-12-27T15:00:00+00:00,SPXW-20241227-06025.000-P,PUT,1,3500.0,3500.0,61540.0,65200.0,3660.0,,3659.999999999999
one_contract_baseline,200,2024-12-27,2024-12-27T15:25:00+00:00,SPXW-20241227-05970.000-P,PUT,1,2010.0,2010.0,65200.0,65870.0,670.0,,669.9999999999999
one_contract_baseline,201,2024-12-27,2024-12-27T15:41:00+00:00,SPXW-20241227-05925.000-C,CALL,1,3490.0,3490.0,65870.0,66520.0,650.0,,650.0
one_contract_baseline,202,2024-12-27,2024-12-27T18:36:00+00:00,SPXW-20241227-05935.000-C,CALL,1,2140.0,2140.0,66520.0,66940.0,420.0,,420.0000000000003
one_contract_baseline,203,2024-12-30,2024-12-30T15:02:00+00:00,SPXW-20241230-05900.000-P,PUT,1,2890.0,2890.0,66940.0,67220.0,280.0,,280.00000000000006
one_contract_baseline,204,2024-12-30,2024-12-30T15:27:00+00:00,SPXW-20241230-05890.000-P,PUT,1,2750.0,2750.0,67220.0,65690.0,-1530.0,,-1530.0
one_contract_baseline,205,2024-12-30,2024-12-30T16:18:00+00:00,SPXW-20241230-05895.000-C,CALL,1,1600.0,1600.0,65690.0,66870.0,1180.0,,1180.0
one_contract_baseline,206,2024-12-30,2024-12-30T18:31:00+00:00,SPXW-20241230-05900.000-C,CALL,1,3190.0,3190.0,66870.0,67370.0,500.0,,500.0
one_contract_baseline,207,2024-12-30,2024-12-30T19:08:00+00:00,SPXW-20241230-05900.000-C,CALL,1,3020.0,3020.0,67370.0,67350.0,-20.0,,-19.99999999999993
one_contract_baseline,208,2024-12-30,2024-12-30T20:02:00+00:00,SPXW-20241230-05905.000-C,CALL,1,2780.0,2780.0,67350.0,67390.0,40.0,,39.99999999999986
one_contract_baseline,209,2024-12-31,2024-12-31T15:07:00+00:00,SPXW-20241231-05940.000-P,PUT,1,3240.0,3240.0,67390.0,67090.0,-300.0,,-300.0
one_contract_baseline,210,2024-12-31,2024-12-31T15:33:00+00:00,SPXW-20241231-05945.000-P,PUT,1,3229.9999999999995,3229.9999999999995,67090.0,67650.0,560.0,,560.0000000000001
one_contract_baseline,211,2024-12-31,2024-12-31T16:03:00+00:00,SPXW-20241231-05935.000-P,PUT,1,3360.0,3360.0,67650.0,68280.0,630.0,,629.9999999999998
one_contract_baseline,212,2025-07-01,2025-07-01T14:01:00+00:00,SPXW-20250701-06165.000-C,CALL,1,3340.0,3340.0,68280.0,68590.0,310.0,,310.0000000000001
one_contract_baseline,213,2025-07-01,2025-07-01T14:27:00+00:00,SPXW-20250701-06210.000-P,PUT,1,1770.0,1770.0,68590.0,68810.0,220.0,,219.99999999999991
one_contract_baseline,214,2025-07-01,2025-07-01T14:31:00+00:00,SPXW-20250701-06170.000-C,CALL,1,2850.0,2850.0,68810.0,68260.0,-550.0,,-550.0
one_contract_baseline,215,2025-07-01,2025-07-01T15:02:00+00:00,SPXW-20250701-06180.000-C,CALL,1,1600.0,1600.0,68260.0,68540.0,280.0,,280.00000000000006
one_contract_baseline,216,2025-07-01,2025-07-01T15:27:00+00:00,SPXW-20250701-06165.000-C,CALL,1,3240.0,3240.0,68540.0,68600.0,60.0,,60.00000000000014
one_contract_baseline,217,2025-07-02,2025-07-02T14:00:00+00:00,SPXW-20250702-06165.000-C,CALL,1,3329.9999999999995,3329.9999999999995,68600.0,68930.0,330.0,,330.00000000000045
one_contract_baseline,218,2025-07-02,2025-07-02T14:25:00+00:00,SPXW-20250702-06175.000-C,CALL,1,3150.0,3150.0,68930.0,69290.0,360.0,,360.0000000000001
one_contract_baseline,219,2025-07-03,2025-07-03T14:00:00+00:00,SPXW-20250703-06260.000-C,CALL,1,1030.0,1030.0,69290.0,69750.0,460.0,,459.99999999999994
one_contract_baseline,220,2025-07-03,2025-07-03T14:45:00+00:00,SPXW-20250703-06245.000-C,CALL,1,3190.0,3190.0,69750.0,69780.0,30.0,,30.000000000000423
one_contract_baseline,221,2025-07-07,2025-07-07T14:00:00+00:00,SPXW-20250707-06290.000-P,PUT,1,3260.0,3260.0,69780.0,70260.0,480.0,,479.9999999999997
one_contract_baseline,222,2025-07-07,2025-07-07T14:23:00+00:00,SPXW-20250707-06220.000-C,CALL,1,3429.9999999999995,3429.9999999999995,70260.0,70480.0,220.0,,220.00000000000028
one_contract_baseline,223,2025-07-07,2025-07-07T14:31:00+00:00,SPXW-20250707-06265.000-P,PUT,1,1770.0,1770.0,70480.0,70600.0,120.0,,119.99999999999991
one_contract_baseline,224,2025-07-07,2025-07-07T14:42:00+00:00,SPXW-20250707-06225.000-C,CALL,1,2720.0,2720.0,70600.0,69990.0,-610.0,,-609.9999999999998
one_contract_baseline,225,2025-07-07,2025-07-07T18:00:00+00:00,SPXW-20250707-06205.000-C,CALL,1,1950.0,1950.0,69990.0,70100.0,110.0,,110.00000000000014
one_contract_baseline,226,2025-07-07,2025-07-07T18:37:00+00:00,SPXW-20250707-06200.000-C,CALL,1,1240.0,1240.0,70100.0,71360.0,1260.0,,1260.0
one_contract_baseline,227,2025-07-08,2025-07-08T14:01:00+00:00,SPXW-20250708-06245.000-P,PUT,1,1960.0,1960.0,71360.0,71610.0,250.0,,250.0
one_contract_baseline,228,2025-07-08,2025-07-08T14:30:00+00:00,SPXW-20250708-06205.000-C,CALL,1,2180.0,2180.0,71610.0,72690.0,1080.0,,1080.0
one_contract_baseline,229,2025-07-08,2025-07-08T17:30:00+00:00,SPXW-20250708-06210.000-C,CALL,1,2220.0,2220.0,72690.0,72370.0,-320.0,,-319.99999999999994
one_contract_baseline,230,2025-07-09,2025-07-09T14:31:00+00:00,SPXW-20250709-06265.000-P,PUT,1,1830.0,1830.0,72370.0,72640.0,270.0,,269.99999999999994
one_contract_baseline,231,2025-07-09,2025-07-09T14:36:00+00:00,SPXW-20250709-06255.000-P,PUT,1,1530.0,1530.0,72640.0,72720.0,80.0,,80.00000000000007
one_contract_baseline,232,2025-07-09,2025-07-09T14:57:00+00:00,SPXW-20250709-06270.000-P,PUT,1,3410.0,3410.0,72720.0,72980.0,260.0,,260.0000000000001
one_contract_baseline,233,2025-07-09,2025-07-09T15:27:00+00:00,SPXW-20250709-06215.000-C,CALL,1,2990.0,2990.0,72980.0,73040.0,60.0,,60.00000000000014
one_contract_baseline,234,2025-07-10,2025-07-10T14:00:00+00:00,SPXW-20250710-06280.000-P,PUT,1,2660.0,2660.0,73040.0,73140.0,100.0,,100.0
one_contract_baseline,235,2025-07-10,2025-07-10T14:10:00+00:00,SPXW-20250710-06235.000-C,CALL,1,2420.0,2420.0,73140.0,73450.0,310.0,,310.0000000000001
one_contract_baseline,236,2025-07-10,2025-07-10T14:17:00+00:00,SPXW-20250710-06240.000-C,CALL,1,2280.0,2280.0,73450.0,73630.0,180.0,,180.00000000000006
one_contract_baseline,237,2025-07-10,2025-07-10T14:33:00+00:00,SPXW-20250710-06235.000-C,CALL,1,2790.0,2790.0,73630.0,73960.0,330.0,,330.00000000000006
one_contract_baseline,238,2025-07-10,2025-07-10T14:42:00+00:00,SPXW-20250710-06235.000-C,CALL,1,3500.0,3500.0,73960.0,74000.0,40.0,,39.99999999999986
one_contract_baseline,239,2025-07-10,2025-07-10T15:04:00+00:00,SPXW-20250710-06245.000-C,CALL,1,2890.0,2890.0,74000.0,74060.0,60.0,,60.00000000000014
one_contract_baseline,240,2025-07-11,2025-07-11T14:01:00+00:00,SPXW-20250711-06230.000-C,CALL,1,2750.0,2750.0,74060.0,74230.0,170.0,,169.99999999999994
one_contract_baseline,241,2025-07-11,2025-07-11T14:16:00+00:00,SPXW-20250711-06230.000-C,CALL,1,2930.0,2930.0,74230.0,74630.0,400.0,,399.99999999999966
one_contract_baseline,242,2025-07-11,2025-07-11T14:26:00+00:00,SPXW-20250711-06230.000-C,CALL,1,3440.0,3440.0,74630.0,74570.0,-60.0,,-60.00000000000014
one_contract_baseline,243,2025-07-11,2025-07-11T14:44:00+00:00,SPXW-20250711-06235.000-C,CALL,1,2760.0,2760.0,74570.0,74150.0,-420.0,,-420.0000000000003
one_contract_baseline,244,2025-07-11,2025-07-11T15:15:00+00:00,SPXW-20250711-06225.000-C,CALL,1,2790.0,2790.0,74150.0,74420.0,270.0,,270.0000000000003
one_contract_baseline,245,2025-07-14,2025-07-14T14:01:00+00:00,SPXW-20250714-06280.000-P,PUT,1,3390.0,3390.0,74420.0,74580.0,160.0,,160.00000000000014
one_contract_baseline,246,2025-07-14,2025-07-14T14:27:00+00:00,SPXW-20250714-06270.000-P,PUT,1,1890.0,1890.0,74580.0,75050.0,470.0,,470.0000000000003
one_contract_baseline,247,2025-07-14,2025-07-14T14:30:00+00:00,SPXW-20250714-06225.000-C,CALL,1,2570.0,2570.0,75050.0,75290.0,240.0,,240.00000000000023
one_contract_baseline,248,2025-07-15,2025-07-15T14:11:00+00:00,SPXW-20250715-06260.000-C,CALL,1,2350.0,2350.0,75290.0,75590.0,300.0,,300.0
one_contract_baseline,249,2025-07-15,2025-07-15T14:37:00+00:00,SPXW-20250715-06300.000-P,PUT,1,2910.0,2910.0,75590.0,75790.0,200.0,,200.0
one_contract_baseline,250,2025-07-15,2025-07-15T14:51:00+00:00,SPXW-20250715-06275.000-P,PUT,1,1200.0,1200.0,75790.0,76220.0,430.0,,430.00000000000006
one_contract_baseline,251,2025-07-15,2025-07-15T14:55:00+00:00,SPXW-20250715-06280.000-P,PUT,1,1950.0,1950.0,76220.0,76560.0,340.0,,339.9999999999999
one_contract_baseline,252,2025-07-15,2025-07-15T15:05:00+00:00,SPXW-20250715-06235.000-C,CALL,1,3200.0,3200.0,76560.0,76770.0,210.0,,210.00000000000017
one_contract_baseline,253,2025-07-16,2025-07-16T14:10:00+00:00,SPXW-20250716-06235.000-C,CALL,1,1510.0,1510.0,76770.0,77010.0,240.0,,240.00000000000003
one_contract_baseline,254,2025-07-16,2025-07-16T14:45:00+00:00,SPXW-20250716-06225.000-C,CALL,1,2340.0,2340.0,77010.0,77490.0,480.0,,480.00000000000006
one_contract_baseline,255,2025-07-16,2025-07-16T14:54:00+00:00,SPXW-20250716-06280.000-P,PUT,1,2730.0,2730.0,77490.0,78790.0,1300.0,,1299.9999999999995
one_contract_baseline,256,2025-07-16,2025-07-16T14:58:00+00:00,SPXW-20250716-06235.000-P,PUT,1,610.0,610.0,78790.0,79110.0,320.0,,320.0000000000001
one_contract_baseline,257,2025-07-16,2025-07-16T15:04:00+00:00,SPXW-20250716-06225.000-C,CALL,1,2450.0,2450.0,79110.0,79340.0,230.0,,230.00000000000009
one_contract_baseline,258,2025-07-16,2025-07-16T15:19:00+00:00,SPXW-20250716-06225.000-P,PUT,1,850.0,850.0,79340.0,80270.0,930.0,,930.0
one_contract_baseline,259,2025-07-16,2025-07-16T15:24:00+00:00,SPXW-20250716-06220.000-P,PUT,1,990.0,990.0,80270.0,80710.0,440.0,,440.00000000000006
one_contract_baseline,260,2025-07-17,2025-07-17T14:00:00+00:00,SPXW-20250717-06255.000-C,CALL,1,2680.0,2680.0,80710.0,80950.0,240.0,,239.99999999999983
one_contract_baseline,261,2025-07-17,2025-07-17T14:29:00+00:00,SPXW-20250717-06240.000-C,CALL,1,3420.0000000000005,3420.0000000000005,80950.0,81360.0,410.0,,409.99999999999943
one_contract_baseline,262,2025-07-17,2025-07-17T14:46:00+00:00,SPXW-20250717-06255.000-C,CALL,1,2200.0,2200.0,81360.0,81770.0,410.0,,410.0000000000001
one_contract_baseline,263,2025-07-17,2025-07-17T15:06:00+00:00,SPXW-20250717-06265.000-C,CALL,1,2200.0,2200.0,81770.0,81950.0,180.0,,180.00000000000006
one_contract_baseline,264,2025-07-18,2025-07-18T14:52:00+00:00,SPXW-20250718-06265.000-C,CALL,1,3300.0,3300.0,81950.0,81860.0,-90.0,,-89.99999999999986
one_contract_baseline,265,2025-07-21,2025-07-21T14:00:00+00:00,SPXW-20250721-06295.000-C,CALL,1,3279.9999999999995,3279.9999999999995,81860.0,82110.0,250.0,,250.0
one_contract_baseline,266,2025-07-21,2025-07-21T19:11:00+00:00,SPXW-20250721-06280.000-C,CALL,1,3510.0,3510.0,82110.0,82360.0,250.0,,250.0
one_contract_baseline,267,2025-07-22,2025-07-22T14:00:00+00:00,SPXW-20250722-06285.000-P,PUT,1,940.0,940.0,82360.0,82520.0,160.0,,159.99999999999997
one_contract_baseline,268,2025-07-22,2025-07-22T14:29:00+00:00,SPXW-20250722-06265.000-C,CALL,1,2750.0,2750.0,82520.0,83000.0,480.0,,479.9999999999997
one_contract_baseline,269,2025-07-22,2025-07-22T14:56:00+00:00,SPXW-20250722-06270.000-C,CALL,1,2930.0,2930.0,83000.0,83210.0,210.0,,209.99999999999977
one_contract_baseline,270,2025-07-23,2025-07-23T14:09:00+00:00,SPXW-20250723-06295.000-C,CALL,1,3100.0,3100.0,83210.0,83240.0,30.0,,30.00000000000007
one_contract_baseline,271,2025-07-23,2025-07-23T14:29:00+00:00,SPXW-20250723-06300.000-C,CALL,1,2830.0,2830.0,83240.0,83170.0,-70.0,,-69.99999999999993
one_contract_baseline,272,2025-07-23,2025-07-23T15:00:00+00:00,SPXW-20250723-06310.000-C,CALL,1,1960.0,1960.0,83170.0,83190.0,20.0,,19.99999999999993
one_contract_baseline,273,2025-07-24,2025-07-24T14:00:00+00:00,SPXW-20250724-06350.000-C,CALL,1,2440.0,2440.0,83190.0,83260.0,70.0,,70.00000000000028
one_contract_baseline,274,2025-07-24,2025-07-24T14:28:00+00:00,SPXW-20250724-06340.000-C,CALL,1,2940.0,2940.0,83260.0,83490.0,230.0,,230.00000000000009
one_contract_baseline,275,2025-07-24,2025-07-24T14:41:00+00:00,SPXW-20250724-06345.000-C,CALL,1,2850.0,2850.0,83490.0,83550.0,60.0,,60.00000000000014
one_contract_baseline,276,2025-07-25,2025-07-25T14:00:00+00:00,SPXW-20250725-06340.000-C,CALL,1,3440.0,3440.0,83550.0,83680.0,130.0,,130.00000000000043
one_contract_baseline,277,2025-07-25,2025-07-25T14:26:00+00:00,SPXW-20250725-06360.000-C,CALL,1,1789.9999999999998,1789.9999999999998,83680.0,84000.0,320.0,,320.0000000000003
one_contract_baseline,278,2025-07-28,2025-07-28T14:05:00+00:00,SPXW-20250728-06380.000-C,CALL,1,1960.0,1960.0,84000.0,84060.0,60.0,,59.99999999999979
one_contract_baseline,279,2025-07-28,2025-07-28T14:22:00+00:00,SPXW-20250728-06385.000-C,CALL,1,1400.0,1400.0,84060.0,84190.0,130.0,,130.00000000000006
one_contract_baseline,280,2025-07-28,2025-07-28T15:19:00+00:00,SPXW-20250728-06395.000-P,PUT,1,1030.0,1030.0,84190.0,84280.0,90.0,,89.99999999999986
one_contract_baseline,281,2025-07-28,2025-07-28T15:29:00+00:00,SPXW-20250728-06375.000-C,CALL,1,1720.0,1720.0,84280.0,84660.0,380.0,,380.00000000000006
one_contract_baseline,282,2025-07-29,2025-07-29T14:53:00+00:00,SPXW-20250729-06400.000-P,PUT,1,1470.0,1470.0,84660.0,84660.0,0.0,,0.0
one_contract_baseline,283,2025-07-29,2025-07-29T15:25:00+00:00,SPXW-20250729-06390.000-P,PUT,1,1310.0,1310.0,84660.0,85200.0,540.0,,540.0
one_contract_baseline,284,2025-07-30,2025-07-30T14:18:00+00:00,SPXW-20250730-06350.000-C,CALL,1,3279.9999999999995,3279.9999999999995,85200.0,85850.0,650.0,,650.0
one_contract_baseline,285,2025-07-30,2025-07-30T14:30:00+00:00,SPXW-20250730-06355.000-C,CALL,1,3300.0,3300.0,85850.0,86100.0,250.0,,250.0
one_contract_baseline,286,2025-07-30,2025-07-30T14:36:00+00:00,SPXW-20250730-06355.000-C,CALL,1,3410.0,3410.0,86100.0,85940.0,-160.0,,-160.00000000000014
one_contract_baseline,287,2025-07-30,2025-07-30T18:35:00+00:00,SPXW-20250730-06370.000-C,CALL,1,2640.0,2640.0,85940.0,86120.0,180.0,,180.00000000000006
one_contract_baseline,288,2025-07-30,2025-07-30T18:40:00+00:00,SPXW-20250730-06400.000-P,PUT,1,1950.0,1950.0,86120.0,86410.0,290.0,,289.9999999999999
one_contract_baseline,289,2025-07-30,2025-07-30T18:59:00+00:00,SPXW-20250730-06360.000-P,PUT,1,1250.0,1250.0,86410.0,87010.0,600.0,,600.0
one_contract_baseline,290,2025-07-30,2025-07-30T19:16:00+00:00,SPXW-20250730-06390.000-P,PUT,1,3520.0000000000005,3520.0000000000005,87010.0,87840.0,830.0,,829.9999999999998
one_contract_baseline,291,2025-07-30,2025-07-30T19:18:00+00:00,SPXW-20250730-06375.000-P,PUT,1,2660.0,2660.0,87840.0,87910.0,70.0,,69.99999999999993
one_contract_baseline,292,2025-07-30,2025-07-30T19:24:00+00:00,SPXW-20250730-06370.000-P,PUT,1,3030.0,3030.0,87910.0,87950.0,40.0,,39.99999999999986
one_contract_baseline,293,2025-07-31,2025-07-31T14:00:00+00:00,SPXW-20250731-06385.000-C,CALL,1,3229.9999999999995,3229.9999999999995,87950.0,88160.0,210.0,,210.00000000000017
one_contract_baseline,294,2025-07-31,2025-07-31T14:32:00+00:00,SPXW-20250731-06385.000-C,CALL,1,2770.0,2770.0,88160.0,86900.0,-1260.0,,-1260.0
one_contract_baseline,295,2025-07-31,2025-07-31T15:20:00+00:00,SPXW-20250731-06355.000-C,CALL,1,2570.0,2570.0,86900.0,87150.0,250.0,,250.0
one_contract_baseline,296,2025-07-31,2025-07-31T15:28:00+00:00,SPXW-20250731-06350.000-C,CALL,1,3310.0,3310.0,87150.0,87810.0,660.0,,660.0000000000001
one_contract_baseline,297,2025-08-01,2025-08-01T14:05:00+00:00,SPXW-20250801-06235.000-P,PUT,1,2480.0,2480.0,87810.0,88090.0,280.0,,280.00000000000006
one_contract_baseline,298,2025-08-01,2025-08-01T14:06:00+00:00,SPXW-20250801-06205.000-C,CALL,1,3340.0,3340.0,88090.0,88310.0,220.0,,220.00000000000028
one_contract_baseline,299,2025-08-01,2025-08-01T14:08:00+00:00,SPXW-20250801-06205.000-C,CALL,1,3150.0,3150.0,88310.0,89830.0,1520.0,,1520.0000000000002
one_contract_baseline,300,2025-08-01,2025-08-01T14:26:00+00:00,SPXW-20250801-06240.000-C,CALL,1,2220.0,2220.0,89830.0,90390.0,560.0,,560.0000000000001
one_contract_baseline,301,2025-08-01,2025-08-01T14:37:00+00:00,SPXW-20250801-06230.000-C,CALL,1,3350.0,3350.0,90390.0,90110.0,-280.0,,-280.00000000000006
one_contract_baseline,302,2025-08-01,2025-08-01T14:51:00+00:00,SPXW-20250801-06250.000-P,PUT,1,2230.0,2230.0,90110.0,90330.0,220.0,,219.99999999999991
one_contract_baseline,303,2025-08-04,2025-08-04T14:20:00+00:00,SPXW-20250804-06280.000-C,CALL,1,3320.0000000000005,3320.0000000000005,90330.0,90660.0,330.0,,329.9999999999997
one_contract_baseline,304,2025-08-04,2025-08-04T14:48:00+00:00,SPXW-20250804-06280.000-C,CALL,1,3370.0000000000005,3370.0000000000005,90660.0,90940.0,280.0,,279.9999999999997
one_contract_baseline,305,2025-08-04,2025-08-04T15:02:00+00:00,SPXW-20250804-06285.000-C,CALL,1,2830.0,2830.0,90940.0,91080.0,140.0,,139.99999999999986
one_contract_baseline,306,2025-08-05,2025-08-05T14:01:00+00:00,SPXW-20250805-06350.000-P,PUT,1,2220.0,2220.0,91080.0,91340.0,260.0,,260.0000000000001
one_contract_baseline,307,2025-08-05,2025-08-05T14:03:00+00:00,SPXW-20250805-06360.000-P,PUT,1,3100.0,3100.0,91340.0,92070.0,730.0,,729.9999999999998
one_contract_baseline,308,2025-08-05,2025-08-05T14:26:00+00:00,SPXW-20250805-06335.000-P,PUT,1,2330.0,2330.0,92070.0,92520.0,450.0,,450.0
one_contract_baseline,309,2025-08-05,2025-08-05T14:42:00+00:00,SPXW-20250805-06310.000-P,PUT,1,1440.0,1440.0,92520.0,92960.0,440.0,,440.00000000000006
one_contract_baseline,310,2025-08-05,2025-08-05T14:48:00+00:00,SPXW-20250805-06305.000-P,PUT,1,1620.0,1620.0,92960.0,93410.0,450.0,,450.0
one_contract_baseline,311,2025-08-05,2025-08-05T14:53:00+00:00,SPXW-20250805-06275.000-C,CALL,1,2600.0,2600.0,93410.0,93920.0,510.0,,510.0000000000001
one_contract_baseline,312,2025-08-06,2025-08-06T14:00:00+00:00,SPXW-20250806-06290.000-C,CALL,1,2450.0,2450.0,93920.0,95180.0,1260.0,,1260.0000000000002
one_contract_baseline,313,2025-08-06,2025-08-06T14:28:00+00:00,SPXW-20250806-06280.000-C,CALL,1,2730.0,2730.0,95180.0,95480.0,300.0,,300.0
one_contract_baseline,314,2025-08-06,2025-08-06T14:36:00+00:00,SPXW-20250806-06300.000-C,CALL,1,1800.0,1800.0,95480.0,95870.0,390.0,,389.9999999999999
one_contract_baseline,315,2025-08-06,2025-08-06T14:38:00+00:00,SPXW-20250806-06295.000-C,CALL,1,2410.0,2410.0,95870.0,96280.0,410.0,,409.9999999999998
one_contract_baseline,316,2025-08-06,2025-08-06T14:45:00+00:00,SPXW-20250806-06290.000-C,CALL,1,3260.0,3260.0,96280.0,96430.0,150.0,,150.0
one_contract_baseline,317,2025-08-07,2025-08-07T14:00:00+00:00,SPXW-20250807-06355.000-C,CALL,1,3320.0000000000005,3320.0000000000005,96430.0,95010.0,-1420.0,,-1420.0000000000002
one_contract_baseline,318,2025-08-07,2025-08-07T14:15:00+00:00,SPXW-20250807-06370.000-P,PUT,1,1440.0,1440.0,95010.0,95220.0,210.0,,209.99999999999997
one_contract_baseline,319,2025-08-07,2025-08-07T14:25:00+00:00,SPXW-20250807-06365.000-P,PUT,1,1890.0,1890.0,95220.0,95260.0,40.0,,40.00000000000021
one_contract_baseline,320,2025-08-07,2025-08-07T14:39:00+00:00,SPXW-20250807-06330.000-C,CALL,1,3010.0,3010.0,95260.0,95660.0,400.0,,400.0
one_contract_baseline,321,2025-08-07,2025-08-07T15:17:00+00:00,SPXW-20250807-06315.000-C,CALL,1,3170.0,3170.0,95660.0,96100.0,440.0,,440.0000000000002
one_contract_baseline,322,2025-08-07,2025-08-07T17:40:00+00:00,SPXW-20250807-06290.000-C,CALL,1,3340.0,3340.0,96100.0,96270.0,170.0,,170.00000000000028
one_contract_baseline,323,2025-08-08,2025-08-08T14:00:00+00:00,SPXW-20250808-06350.000-C,CALL,1,3120.0,3120.0,96270.0,96500.0,230.0,,230.00000000000009
one_contract_baseline,324,2025-08-08,2025-08-08T14:27:00+00:00,SPXW-20250808-06350.000-C,CALL,1,3320.0000000000005,3320.0000000000005,96500.0,96710.0,210.0,,209.99999999999943
one_contract_baseline,325,2025-08-11,2025-08-11T14:01:00+00:00,SPXW-20250811-06365.000-C,CALL,1,3130.0,3130.0,96710.0,96680.0,-30.0,,-30.00000000000007
one_contract_baseline,326,2025-08-11,2025-08-11T14:19:00+00:00,SPXW-20250811-06370.000-C,CALL,1,2860.0,2860.0,96680.0,96060.0,-620.0,,-620.0000000000002
one_contract_baseline,327,2025-08-11,2025-08-11T15:17:00+00:00,SPXW-20250811-06420.000-P,PUT,1,3140.0,3140.0,96060.0,96060.0,0.0,,0.0
one_contract_baseline,328,2025-08-12,2025-08-12T14:00:00+00:00,SPXW-20250812-06410.000-P,PUT,1,2440.0,2440.0,96060.0,96400.0,340.0,,340.0000000000002
one_contract_baseline,329,2025-08-12,2025-08-12T14:13:00+00:00,SPXW-20250812-06370.000-C,CALL,1,3490.0,3490.0,96400.0,97160.0,760.0,,760.0000000000001
one_contract_baseline,330,2025-08-12,2025-08-12T14:26:00+00:00,SPXW-20250812-06380.000-C,CALL,1,3340.0,3340.0,97160.0,97270.0,110.0,,110.00000000000014
one_contract_baseline,331,2025-08-12,2025-08-12T14:39:00+00:00,SPXW-20250812-06375.000-C,CALL,1,3520.0000000000005,3520.0000000000005,97270.0,97630.0,360.0,,359.99999999999943
one_contract_baseline,332,2025-08-12,2025-08-12T14:48:00+00:00,SPXW-20250812-06380.000-C,CALL,1,3440.0,3440.0,97630.0,98110.0,480.0,,480.00000000000045
one_contract_baseline,333,2025-08-12,2025-08-12T14:58:00+00:00,SPXW-20250812-06405.000-C,CALL,1,1550.0,1550.0,98110.0,98730.0,620.0,,619.9999999999999
one_contract_baseline,334,2025-08-13,2025-08-13T14:00:00+00:00,SPXW-20250813-06485.000-P,PUT,1,1490.0,1490.0,98730.0,98990.0,260.0,,259.99999999999994
one_contract_baseline,335,2025-08-13,2025-08-13T14:31:00+00:00,SPXW-20250813-06475.000-P,PUT,1,1800.0,1800.0,98990.0,99230.0,240.0,,239.99999999999983
one_contract_baseline,336,2025-08-13,2025-08-13T15:21:00+00:00,SPXW-20250813-06430.000-C,CALL,1,2660.0,2660.0,99230.0,99510.0,280.0,,279.9999999999997
one_contract_baseline,337,2025-08-14,2025-08-14T14:01:00+00:00,SPXW-20250814-06430.000-C,CALL,1,3140.0,3140.0,99510.0,99580.0,70.0,,70.00000000000028
one_contract_baseline,338,2025-08-14,2025-08-14T14:26:00+00:00,SPXW-20250814-06430.000-C,CALL,1,2920.0,2920.0,99580.0,100120.0,540.0,,540.0000000000002
one_contract_baseline,339,2025-08-14,2025-08-14T14:31:00+00:00,SPXW-20250814-06440.000-C,CALL,1,2600.0,2600.0,100120.0,100230.0,110.0,,110.00000000000014
one_contract_baseline,340,2025-08-14,2025-08-14T14:52:00+00:00,SPXW-20250814-06440.000-C,CALL,1,3110.0,3110.0,100230.0,99660.0,-570.0,,-570.0000000000002
one_contract_baseline,341,2025-08-15,2025-08-15T14:01:00+00:00,SPXW-20250815-06450.000-C,CALL,1,1380.0,1380.0,99660.0,100030.0,370.0,,369.99999999999994
one_contract_baseline,342,2025-08-15,2025-08-15T14:15:00+00:00,SPXW-20250815-06440.000-C,CALL,1,2470.0,2470.0,100030.0,99740.0,-290.0,,-289.9999999999999
one_contract_baseline,343,2025-08-15,2025-08-15T14:56:00+00:00,SPXW-20250815-06425.000-C,CALL,1,2950.0,2950.0,99740.0,99760.0,20.0,,19.99999999999993
one_contract_baseline,344,2025-08-15,2025-08-15T15:11:00+00:00,SPXW-20250815-06430.000-C,CALL,1,2490.0,2490.0,99760.0,99950.0,190.0,,190.00000000000023
one_contract_baseline,345,2025-08-15,2025-08-15T15:16:00+00:00,SPXW-20250815-06430.000-C,CALL,1,2700.0,2700.0,99950.0,100180.0,230.0,,230.00000000000009
one_contract_baseline,346,2025-08-18,2025-08-18T14:05:00+00:00,SPXW-20250818-06430.000-C,CALL,1,2150.0,2150.0,100180.0,99930.0,-250.0,,-250.0
one_contract_baseline,347,2025-08-18,2025-08-18T14:33:00+00:00,SPXW-20250818-06425.000-C,CALL,1,2470.0,2470.0,99930.0,99940.0,10.0,,10.000000000000142
one_contract_baseline,348,2025-08-18,2025-08-18T14:37:00+00:00,SPXW-20250818-06445.000-C,CALL,1,960.0,960.0,99940.0,99910.0,-30.0,,-29.999999999999893
one_contract_baseline,349,2025-08-18,2025-08-18T14:59:00+00:00,SPXW-20250818-06430.000-C,CALL,1,1860.0,1860.0,99910.0,100220.0,310.0,,309.9999999999998
one_contract_baseline,350,2025-08-18,2025-08-18T15:22:00+00:00,SPXW-20250818-06425.000-C,CALL,1,2400.0,2400.0,100220.0,100020.0,-200.0,,-200.0
one_contract_baseline,351,2025-08-19,2025-08-19T14:01:00+00:00,SPXW-20250819-06425.000-C,CALL,1,2180.0,2180.0,100020.0,100750.0,730.0,,730.0000000000001
one_contract_baseline,352,2025-08-19,2025-08-19T14:27:00+00:00,SPXW-20250819-06450.000-P,PUT,1,670.0,670.0,100750.0,101090.0,340.0,,339.99999999999994
one_contract_baseline,353,2025-08-19,2025-08-19T15:01:00+00:00,SPXW-20250819-06435.000-P,PUT,1,1580.0,1580.0,101090.0,101220.0,130.0,,130.00000000000006
one_contract_baseline,354,2025-08-19,2025-08-19T15:27:00+00:00,SPXW-20250819-06410.000-C,CALL,1,2240.0,2240.0,101220.0,101490.0,270.0,,270.0000000000003
one_contract_baseline,355,2025-08-20,2025-08-20T14:02:00+00:00,SPXW-20250820-06345.000-C,CALL,1,3390.0,3390.0,101490.0,100580.0,-910.0,,-909.9999999999998
one_contract_baseline,356,2025-08-20,2025-08-20T14:27:00+00:00,SPXW-20250820-06395.000-P,PUT,1,3490.0,3490.0,100580.0,101490.0,910.0,,910.0
one_contract_baseline,357,2025-08-20,2025-08-20T14:38:00+00:00,SPXW-20250820-06330.000-C,CALL,1,3050.0,3050.0,101490.0,101180.0,-310.0,,-310.0000000000001
one_contract_baseline,358,2025-08-20,2025-08-20T14:58:00+00:00,SPXW-20250820-06330.000-C,CALL,1,2260.0,2260.0,101180.0,102320.0,1140.0,,1139.9999999999998
one_contract_baseline,359,2025-08-20,2025-08-20T17:30:00+00:00,SPXW-20250820-06360.000-C,CALL,1,2270.0,2270.0,102320.0,103100.0,780.0,,780.0000000000001
one_contract_baseline,360,2025-08-21,2025-08-21T14:01:00+00:00,SPXW-20250821-06345.000-C,CALL,1,3260.0,3260.0,103100.0,104050.0,950.0,,950.0
one_contract_baseline,361,2025-08-21,2025-08-21T14:09:00+00:00,SPXW-20250821-06355.000-C,CALL,1,3379.9999999999995,3379.9999999999995,104050.0,104600.0,550.0,,550.0
one_contract_baseline,362,2025-08-21,2025-08-21T14:27:00+00:00,SPXW-20250821-06360.000-C,CALL,1,3270.0000000000005,3270.0000000000005,104600.0,104920.0,320.0,,319.99999999999955
one_contract_baseline,363,2025-08-21,2025-08-21T15:05:00+00:00,SPXW-20250821-06400.000-P,PUT,1,2030.0,2030.0,104920.0,105180.0,260.0,,259.9999999999998
one_contract_baseline,364,2025-08-22,2025-08-22T14:00:00+00:00,SPXW-20250822-06390.000-C,CALL,1,2960.0,2960.0,105180.0,108570.0,3390.0,,3390.0
one_contract_baseline,365,2025-08-22,2025-08-22T14:08:00+00:00,SPXW-20250822-06425.000-C,CALL,1,3350.0,3350.0,108570.0,109020.0,450.0,,450.0
one_contract_baseline,366,2025-08-22,2025-08-22T14:24:00+00:00,SPXW-20250822-06425.000-C,CALL,1,3070.0,3070.0,109020.0,109850.0,830.0,,830.0000000000001
one_contract_baseline,367,2025-08-22,2025-08-22T14:50:00+00:00,SPXW-20250822-06440.000-C,CALL,1,3320.0000000000005,3320.0000000000005,109850.0,110120.0,270.0,,269.99999999999955
one_contract_baseline,368,2025-08-25,2025-08-25T14:01:00+00:00,SPXW-20250825-06425.000-C,CALL,1,3250.0,3250.0,110120.0,110180.0,60.0,,60.00000000000014
one_contract_baseline,369,2025-08-25,2025-08-25T14:27:00+00:00,SPXW-20250825-06445.000-C,CALL,1,1330.0,1330.0,110180.0,110230.0,50.0,,50.0
one_contract_baseline,370,2025-08-25,2025-08-25T14:49:00+00:00,SPXW-20250825-06450.000-C,CALL,1,1030.0,1030.0,110230.0,110570.0,340.0,,339.9999999999999
one_contract_baseline,371,2025-08-26,2025-08-26T14:00:00+00:00,SPXW-20250826-06420.000-C,CALL,1,2220.0,2220.0,110570.0,111030.0,460.0,,460.0000000000001
one_contract_baseline,372,2025-08-26,2025-08-26T14:25:00+00:00,SPXW-20250826-06415.000-C,CALL,1,3170.0,3170.0,111030.0,110580.0,-450.0,,-450.0
one_contract_baseline,373,2025-08-26,2025-08-26T15:14:00+00:00,SPXW-20250826-06410.000-C,CALL,1,3180.0,3180.0,110580.0,110670.0,90.0,,90.00000000000021
one_contract_baseline,374,2025-08-27,2025-08-27T14:02:00+00:00,SPXW-20250827-06450.000-C,CALL,1,2020.0,2020.0,110670.0,110870.0,200.0,,200.0
one_contract_baseline,375,2025-08-27,2025-08-27T14:19:00+00:00,SPXW-20250827-06440.000-C,CALL,1,3379.9999999999995,3379.9999999999995,110870.0,111110.0,240.0,,240.00000000000057
one_contract_baseline,376,2025-08-27,2025-08-27T14:33:00+00:00,SPXW-20250827-06465.000-C,CALL,1,1420.0,1420.0,111110.0,111030.0,-80.0,,-79.99999999999989
one_contract_baseline,377,2025-08-28,2025-08-28T14:00:00+00:00,SPXW-20250828-06495.000-P,PUT,1,2570.0,2570.0,111030.0,110850.0,-180.0,,-180.00000000000006
one_contract_baseline,378,2025-08-28,2025-08-28T14:33:00+00:00,SPXW-20250828-06465.000-C,CALL,1,1620.0,1620.0,110850.0,111450.0,600.0,,600.0
one_contract_baseline,379,2025-08-28,2025-08-28T15:10:00+00:00,SPXW-20250828-06470.000-C,CALL,1,1580.0,1580.0,111450.0,111430.0,-20.0,,-20.000000000000107
one_contract_baseline,380,2025-08-29,2025-08-29T14:04:00+00:00,SPXW-20250829-06470.000-P,PUT,1,1610.0000000000002,1610.0000000000002,111430.0,112110.0,680.0,,679.9999999999998
one_contract_baseline,381,2025-08-29,2025-08-29T14:08:00+00:00,SPXW-20250829-06485.000-P,PUT,1,3310.0,3310.0,112110.0,112280.0,170.0,,169.99999999999957
one_contract_baseline,382,2025-08-29,2025-08-29T14:13:00+00:00,SPXW-20250829-06425.000-C,CALL,1,3310.0,3310.0,112280.0,112500.0,220.0,,219.99999999999957
one_contract_baseline,383,2025-08-29,2025-08-29T14:33:00+00:00,SPXW-20250829-06435.000-C,CALL,1,2910.0,2910.0,112500.0,112690.0,190.0,,189.99999999999983
one_contract_baseline,384,2025-08-29,2025-08-29T14:55:00+00:00,SPXW-20250829-06420.000-C,CALL,1,3370.0000000000005,3370.0000000000005,112690.0,112920.0,230.0,,229.99999999999972
one_contract_baseline,385,2025-08-29,2025-08-29T15:26:00+00:00,SPXW-20250829-06435.000-C,CALL,1,2620.0,2620.0,112920.0,112340.0,-580.0,,-580.0000000000001
one_contract_baseline,386,2025-09-02,2025-09-02T14:00:00+00:00,SPXW-20250902-06405.000-C,CALL,1,1420.0,1420.0,112340.0,112340.0,0.0,,0.0
one_contract_baseline,387,2025-09-02,2025-09-02T14:28:00+00:00,SPXW-20250902-06380.000-C,CALL,1,2270.0,2270.0,112340.0,112920.0,580.0,,580.0000000000001
one_contract_baseline,388,2025-09-02,2025-09-02T14:36:00+00:00,SPXW-20250902-06375.000-C,CALL,1,3310.0,3310.0,112920.0,111530.0,-1390.0,,-1390.0000000000002
one_contract_baseline,389,2025-09-03,2025-09-03T14:18:00+00:00,SPXW-20250903-06440.000-C,CALL,1,630.0,630.0,111530.0,111750.0,220.0,,220.00000000000003
one_contract_baseline,390,2025-09-03,2025-09-03T14:23:00+00:00,SPXW-20250903-06415.000-C,CALL,1,2810.0,2810.0,111750.0,111960.0,210.0,,209.99999999999977
one_contract_baseline,391,2025-09-03,2025-09-03T14:31:00+00:00,SPXW-20250903-06420.000-C,CALL,1,2320.0,2320.0,111960.0,112300.0,340.0,,340.0000000000002
one_contract_baseline,392,2025-09-03,2025-09-03T14:43:00+00:00,SPXW-20250903-06440.000-C,CALL,1,1300.0,1300.0,112300.0,112460.0,160.0,,159.99999999999997
one_contract_baseline,393,2025-09-03,2025-09-03T15:24:00+00:00,SPXW-20250903-06410.000-C,CALL,1,3460.0,3460.0,112460.0,111980.0,-480.0,,-480.00000000000006
one_contract_baseline,394,2025-09-04,2025-09-04T14:01:00+00:00,SPXW-20250904-06470.000-P,PUT,1,1490.0,1490.0,111980.0,112400.0,420.0,,420.0000000000001
one_contract_baseline,395,2025-09-04,2025-09-04T14:23:00+00:00,SPXW-20250904-06445.000-C,CALL,1,1460.0,1460.0,112400.0,112960.0,560.0,,560.0
one_contract_baseline,396,2025-09-04,2025-09-04T14:28:00+00:00,SPXW-20250904-06430.000-C,CALL,1,2970.0,2970.0,112960.0,113500.0,540.0,,540.0000000000002
one_contract_baseline,397,2025-09-04,2025-09-04T14:35:00+00:00,SPXW-20250904-06435.000-C,CALL,1,2970.0,2970.0,113500.0,113860.0,360.0,,359.9999999999998
one_contract_baseline,398,2025-09-04,2025-09-04T14:53:00+00:00,SPXW-20250904-06435.000-C,CALL,1,3300.0,3300.0,113860.0,113930.0,70.0,,70.00000000000028
one_contract_baseline,399,2025-09-04,2025-09-04T15:17:00+00:00,SPXW-20250904-06450.000-C,CALL,1,2180.0,2180.0,113930.0,114330.0,400.0,,400.0
one_contract_baseline,400,2025-09-05,2025-09-05T14:00:00+00:00,SPXW-20250905-06515.000-P,PUT,1,930.0,930.0,114330.0,114690.0,360.0,,359.99999999999994
one_contract_baseline,401,2025-09-05,2025-09-05T14:05:00+00:00,SPXW-20250905-06510.000-P,PUT,1,960.0,960.0,114690.0,114980.0,290.0,,290.00000000000006
one_contract_baseline,402,2025-09-05,2025-09-05T14:15:00+00:00,SPXW-20250905-06520.000-P,PUT,1,2420.0,2420.0,114980.0,115430.0,450.0,,450.0
one_contract_baseline,403,2025-09-05,2025-09-05T14:21:00+00:00,SPXW-20250905-06515.000-P,PUT,1,2640.0,2640.0,115430.0,116710.0,1280.0,,1280.0000000000005
one_contract_baseline,404,2025-09-05,2025-09-05T14:26:00+00:00,SPXW-20250905-06485.000-P,PUT,1,1830.0,1830.0,116710.0,117190.0,480.0,,480.00000000000006
one_contract_baseline,405,2025-09-05,2025-09-05T14:30:00+00:00,SPXW-20250905-06480.000-P,PUT,1,1760.0000000000002,1760.0000000000002,117190.0,117250.0,60.0,,59.99999999999979
one_contract_baseline,406,2025-09-05,2025-09-05T14:41:00+00:00,SPXW-20250905-06465.000-P,PUT,1,1350.0,1350.0,117250.0,117710.0,460.0,,460.0000000000001
one_contract_baseline,407,2025-09-05,2025-09-05T14:48:00+00:00,SPXW-20250905-06470.000-P,PUT,1,2140.0,2140.0,117710.0,118110.0,400.0,,400.0
one_contract_baseline,408,2025-09-05,2025-09-05T14:52:00+00:00,SPXW-20250905-06440.000-C,CALL,1,2930.0,2930.0,118110.0,118460.0,350.0,,349.99999999999966
one_contract_baseline,409,2025-09-05,2025-09-05T15:20:00+00:00,SPXW-20250905-06435.000-C,CALL,1,3140.0,3140.0,118460.0,118970.0,510.0,,510.0000000000001
one_contract_baseline,410,2025-09-05,2025-09-05T15:27:00+00:00,SPXW-20250905-06440.000-C,CALL,1,3110.0,3110.0,118970.0,119440.0,470.0,,469.99999999999955
one_contract_baseline,411,2025-09-08,2025-09-08T14:01:00+00:00,SPXW-20250908-06495.000-P,PUT,1,980.0,980.0,119440.0,119420.0,-20.0,,-20.000000000000107
one_contract_baseline,412,2025-09-08,2025-09-08T14:07:00+00:00,SPXW-20250908-06465.000-C,CALL,1,3170.0,3170.0,119420.0,119800.0,380.0,,380.00000000000006
one_contract_baseline,413,2025-09-08,2025-09-08T14:36:00+00:00,SPXW-20250908-06475.000-C,CALL,1,2540.0,2540.0,119800.0,120030.0,230.0,,230.00000000000009
one_contract_baseline,414,2025-09-08,2025-09-08T14:46:00+00:00,SPXW-20250908-06490.000-C,CALL,1,1580.0,1580.0,120030.0,120370.0,340.0,,339.9999999999999
one_contract_baseline,415,2025-09-08,2025-09-08T18:15:00+00:00,SPXW-20250908-06475.000-C,CALL,1,1600.0,1600.0,120370.0,120820.0,450.0,,450.0
one_contract_baseline,416,2025-09-09,2025-09-09T14:10:00+00:00,SPXW-20250909-06485.000-C,CALL,1,2080.0,2080.0,120820.0,121090.0,270.0,,269.99999999999994
one_contract_baseline,417,2025-09-09,2025-09-09T14:35:00+00:00,SPXW-20250909-06495.000-P,PUT,1,1410.0,1410.0,121090.0,121060.0,-30.0,,-29.999999999999893
one_contract_baseline,418,2025-09-09,2025-09-09T15:15:00+00:00,SPXW-20250909-06475.000-C,CALL,1,2100.0,2100.0,121060.0,121190.0,130.0,,130.00000000000006
one_contract_baseline,419,2025-09-10,2025-09-10T14:00:00+00:00,SPXW-20250910-06535.000-C,CALL,1,1630.0,1630.0,121190.0,121740.0,550.0,,550.0
one_contract_baseline,420,2025-09-10,2025-09-10T14:21:00+00:00,SPXW-20250910-06535.000-C,CALL,1,2150.0,2150.0,121740.0,121270.0,-470.0,,-469.99999999999994
one_contract_baseline,421,2025-09-10,2025-09-10T14:47:00+00:00,SPXW-20250910-06530.000-C,CALL,1,2050.0,2050.0,121270.0,120750.0,-520.0,,-519.9999999999999
one_contract_baseline,422,2025-09-11,2025-09-11T14:00:00+00:00,SPXW-20250911-06545.000-C,CALL,1,2550.0,2550.0,120750.0,121290.0,540.0,,539.9999999999999
one_contract_baseline,423,2025-09-11,2025-09-11T14:11:00+00:00,SPXW-20250911-06540.000-C,CALL,1,3100.0,3100.0,121290.0,121380.0,90.0,,89.99999999999986
one_contract_baseline,424,2025-09-11,2025-09-11T14:30:00+00:00,SPXW-20250911-06540.000-C,CALL,1,3320.0000000000005,3320.0000000000005,121380.0,121830.0,450.0,,450.0
one_contract_baseline,425,2025-09-11,2025-09-11T14:39:00+00:00,SPXW-20250911-06550.000-C,CALL,1,2970.0,2970.0,121830.0,122010.0,180.0,,180.00000000000006
one_contract_baseline,426,2025-09-11,2025-09-11T15:25:00+00:00,SPXW-20250911-06555.000-C,CALL,1,3080.0,3080.0,122010.0,122030.0,20.0,,19.99999999999993
one_contract_baseline,427,2025-09-12,2025-09-12T14:02:00+00:00,SPXW-20250912-06560.000-C,CALL,1,2930.0,2930.0,122030.0,122220.0,190.0,,189.99999999999983
one_contract_baseline,428,2025-09-12,2025-09-12T14:21:00+00:00,SPXW-20250912-06565.000-C,CALL,1,2430.0,2430.0,122220.0,122390.0,170.0,,169.99999999999994
one_contract_baseline,429,2025-09-12,2025-09-12T14:28:00+00:00,SPXW-20250912-06555.000-C,CALL,1,3450.0,3450.0,122390.0,122490.0,100.0,,100.0
one_contract_baseline,430,2025-09-12,2025-09-12T14:42:00+00:00,SPXW-20250912-06565.000-C,CALL,1,2460.0,2460.0,122490.0,122660.0,170.0,,169.99999999999994
one_contract_baseline,431,2025-09-12,2025-09-12T14:49:00+00:00,SPXW-20250912-06575.000-C,CALL,1,1720.0,1720.0,122660.0,122670.0,10.0,,10.000000000000142
one_contract_baseline,432,2025-09-15,2025-09-15T14:06:00+00:00,SPXW-20250915-06580.000-C,CALL,1,3240.0,3240.0,122670.0,122680.0,10.0,,10.000000000000142
one_contract_baseline,433,2025-09-15,2025-09-15T14:39:00+00:00,SPXW-20250915-06590.000-C,CALL,1,2510.0,2510.0,122680.0,123040.0,360.0,,359.9999999999998
one_contract_baseline,434,2025-09-15,2025-09-15T17:39:00+00:00,SPXW-20250915-06590.000-C,CALL,1,2100.0,2100.0,123040.0,123140.0,100.0,,100.0
one_contract_baseline,435,2025-09-16,2025-09-16T14:17:00+00:00,SPXW-20250916-06585.000-C,CALL,1,2720.0,2720.0,123140.0,123250.0,110.0,,110.00000000000014
one_contract_baseline,436,2025-09-16,2025-09-16T15:10:00+00:00,SPXW-20250916-06580.000-C,CALL,1,2910.0,2910.0,123250.0,122790.0,-460.0,,-460.0000000000001
one_contract_baseline,437,2025-09-17,2025-09-17T18:10:00+00:00,SPXW-20250917-06635.000-P,PUT,1,3340.0,3340.0,122790.0,123090.0,300.0,,300.0
one_contract_baseline,438,2025-09-17,2025-09-17T18:13:00+00:00,SPXW-20250917-06625.000-P,PUT,1,3240.0,3240.0,123090.0,124290.0,1200.0,,1200.0
one_contract_baseline,439,2025-09-17,2025-09-17T18:39:00+00:00,SPXW-20250917-06600.000-P,PUT,1,2300.0,2300.0,124290.0,125150.0,860.0,,860.0000000000001
one_contract_baseline,440,2025-09-17,2025-09-17T18:42:00+00:00,SPXW-20250917-06595.000-P,PUT,1,2430.0,2430.0,125150.0,125690.0,540.0,,539.9999999999999
one_contract_baseline,441,2025-09-17,2025-09-17T18:45:00+00:00,SPXW-20250917-06590.000-P,PUT,1,2530.0,2530.0,125690.0,126400.0,710.0,,709.9999999999998
one_contract_baseline,442,2025-09-17,2025-09-17T18:48:00+00:00,SPXW-20250917-06550.000-C,CALL,1,3160.0,3160.0,126400.0,126870.0,470.0,,469.99999999999955
one_contract_baseline,443,2025-09-17,2025-09-17T19:01:00+00:00,SPXW-20250917-06585.000-C,CALL,1,1590.0,1590.0,126870.0,127540.0,670.0,,670.0000000000001
one_contract_baseline,444,2025-09-17,2025-09-17T19:05:00+00:00,SPXW-20250917-06570.000-C,CALL,1,3150.0,3150.0,127540.0,127710.0,170.0,,170.00000000000028
one_contract_baseline,445,2025-09-18,2025-09-18T14:00:00+00:00,SPXW-20250918-06605.000-C,CALL,1,2880.0,2880.0,127710.0,128150.0,440.0,,440.0000000000002
one_contract_baseline,446,2025-09-18,2025-09-18T14:06:00+00:00,SPXW-20250918-06630.000-C,CALL,1,1680.0,1680.0,128150.0,128920.0,770.0,,769.9999999999999
one_contract_baseline,447,2025-09-18,2025-09-18T14:25:00+00:00,SPXW-20250918-06625.000-C,CALL,1,2810.0,2810.0,128920.0,129390.0,470.0,,469.99999999999955
one_contract_baseline,448,2025-09-18,2025-09-18T14:46:00+00:00,SPXW-20250918-06630.000-C,CALL,1,1789.9999999999998,1789.9999999999998,129390.0,128960.0,-430.0,,-429.9999999999999
one_contract_baseline,449,2025-09-18,2025-09-18T15:11:00+00:00,SPXW-20250918-06620.000-C,CALL,1,2110.0,2110.0,128960.0,129050.0,90.0,,89.99999999999986
one_contract_baseline,450,2025-09-18,2025-09-18T15:24:00+00:00,SPXW-20250918-06610.000-C,CALL,1,3370.0000000000005,3370.0000000000005,129050.0,129280.0,230.0,,229.99999999999972
one_contract_baseline,451,2025-09-19,2025-09-19T14:01:00+00:00,SPXW-20250919-06615.000-C,CALL,1,3450.0,3450.0,129280.0,129460.0,180.0,,179.99999999999972
one_contract_baseline,452,2025-09-19,2025-09-19T14:29:00+00:00,SPXW-20250919-06670.000-P,PUT,1,2470.0,2470.0,129460.0,129510.0,50.0,,50.0
one_contract_baseline,453,2025-09-19,2025-09-19T17:30:00+00:00,SPXW-20250919-06620.000-C,CALL,1,3240.0,3240.0,129510.0,129740.0,230.0,,230.00000000000043
one_contract_baseline,454,2025-09-19,2025-09-19T17:59:00+00:00,SPXW-20250919-06635.000-C,CALL,1,1880.0,1880.0,129740.0,129800.0,60.0,,59.99999999999979
one_contract_baseline,455,2025-09-22,2025-09-22T14:01:00+00:00,SPXW-20250922-06650.000-C,CALL,1,1250.0,1250.0,129800.0,130070.0,270.0,,269.99999999999994
one_contract_baseline,456,2025-09-22,2025-09-22T14:29:00+00:00,SPXW-20250922-06655.000-C,CALL,1,1370.0,1370.0,130070.0,130940.0,870.0,,869.9999999999999
one_contract_baseline,457,2025-09-22,2025-09-22T15:06:00+00:00,SPXW-20250922-06645.000-C,CALL,1,3100.0,3100.0,130940.0,131110.0,170.0,,170.00000000000028
one_contract_baseline,458,2025-09-23,2025-09-23T14:09:00+00:00,SPXW-20250923-06680.000-C,CALL,1,1840.0,1840.0,131110.0,131230.0,120.0,,120.00000000000028
one_contract_baseline,459,2025-09-23,2025-09-23T14:56:00+00:00,SPXW-20250923-06710.000-P,PUT,1,1850.0,1850.0,131230.0,131410.0,180.0,,180.00000000000006
one_contract_baseline,460,2025-09-23,2025-09-23T17:30:00+00:00,SPXW-20250923-06690.000-P,PUT,1,2750.0,2750.0,131410.0,131590.0,180.0,,180.00000000000006
one_contract_baseline,461,2025-09-23,2025-09-23T17:37:00+00:00,SPXW-20250923-06665.000-P,PUT,1,1350.0,1350.0,131590.0,132230.0,640.0,,639.9999999999999
one_contract_baseline,462,2025-09-23,2025-09-23T17:48:00+00:00,SPXW-20250923-06640.000-C,CALL,1,1800.0,1800.0,132230.0,132540.0,310.0,,310.0000000000001
one_contract_baseline,463,2025-09-23,2025-09-23T17:56:00+00:00,SPXW-20250923-06670.000-P,PUT,1,1620.0,1620.0,132540.0,132580.0,40.0,,40.00000000000021
one_contract_baseline,464,2025-09-23,2025-09-23T18:33:00+00:00,SPXW-20250923-06625.000-C,CALL,1,3270.0000000000005,3270.0000000000005,132580.0,132690.0,110.0,,109.99999999999945
one_contract_baseline,465,2025-09-24,2025-09-24T14:05:00+00:00,SPXW-20250924-06665.000-P,PUT,1,1240.0,1240.0,132690.0,132900.0,210.0,,209.99999999999997
one_contract_baseline,466,2025-09-24,2025-09-24T14:49:00+00:00,SPXW-20250924-06635.000-C,CALL,1,2760.0,2760.0,132900.0,132800.0,-100.0,,-100.0
one_contract_baseline,467,2025-09-24,2025-09-24T17:30:00+00:00,SPXW-20250924-06625.000-C,CALL,1,1650.0,1650.0,132800.0,132890.0,90.0,,89.99999999999986
one_contract_baseline,468,2025-09-25,2025-09-25T14:00:00+00:00,SPXW-20250925-06610.000-P,PUT,1,3210.0,3210.0,132890.0,131280.0,-1610.0,,-1610.0000000000002
one_contract_baseline,469,2025-09-25,2025-09-25T14:15:00+00:00,SPXW-20250925-06585.000-C,CALL,1,2680.0,2680.0,131280.0,131870.0,590.0,,590.0000000000002
one_contract_baseline,470,2025-09-25,2025-09-25T14:25:00+00:00,SPXW-20250925-06585.000-C,CALL,1,3450.0,3450.0,131870.0,131690.0,-180.0,,-179.99999999999972
one_contract_baseline,471,2025-09-26,2025-09-26T14:03:00+00:00,SPXW-20250926-06645.000-P,PUT,1,1400.0,1400.0,131690.0,131930.0,240.0,,239.99999999999983
one_contract_baseline,472,2025-09-26,2025-09-26T14:07:00+00:00,SPXW-20250926-06650.000-P,PUT,1,2540.0,2540.0,131930.0,132270.0,340.0,,340.0000000000002
one_contract_baseline,473,2025-09-26,2025-09-26T14:13:00+00:00,SPXW-20250926-06640.000-P,PUT,1,2170.0,2170.0,132270.0,132660.0,390.0,,390.0000000000002
one_contract_baseline,474,2025-09-26,2025-09-26T14:16:00+00:00,SPXW-20250926-06590.000-C,CALL,1,3360.0,3360.0,132660.0,133000.0,340.0,,339.9999999999999
one_contract_baseline,475,2025-09-26,2025-09-26T14:30:00+00:00,SPXW-20250926-06625.000-P,PUT,1,2010.0,2010.0,133000.0,133220.0,220.0,,219.99999999999991
one_contract_baseline,476,2025-09-26,2025-09-26T14:38:00+00:00,SPXW-20250926-06590.000-C,CALL,1,2930.0,2930.0,133220.0,134070.0,850.0,,849.9999999999997
one_contract_baseline,477,2025-09-26,2025-09-26T14:44:00+00:00,SPXW-20250926-06655.000-P,PUT,1,3400.0,3400.0,134070.0,135460.0,1390.0,,1389.9999999999998
one_contract_baseline,478,2025-09-26,2025-09-26T15:19:00+00:00,SPXW-20250926-06585.000-C,CALL,1,3370.0000000000005,3370.0000000000005,135460.0,135540.0,80.0,,79.99999999999972
one_contract_baseline,479,2025-09-26,2025-09-26T15:25:00+00:00,SPXW-20250926-06595.000-C,CALL,1,2540.0,2540.0,135540.0,136020.0,480.0,,480.00000000000006
one_contract_baseline,480,2025-09-29,2025-09-29T14:06:00+00:00,SPXW-20250929-06645.000-C,CALL,1,2610.0,2610.0,136020.0,136450.0,430.0,,429.9999999999997
one_contract_baseline,481,2025-09-29,2025-09-29T14:09:00+00:00,SPXW-20250929-06665.000-C,CALL,1,1400.0,1400.0,136450.0,136400.0,-50.0,,-50.0
one_contract_baseline,482,2025-09-30,2025-09-30T14:02:00+00:00,SPXW-20250930-06630.000-C,CALL,1,3100.0,3100.0,136400.0,136400.0,0.0,,0.0
one_contract_baseline,483,2025-09-30,2025-09-30T14:28:00+00:00,SPXW-20250930-06670.000-P,PUT,1,2010.0,2010.0,136400.0,136490.0,90.0,,89.99999999999986
one_contract_baseline,484,2025-09-30,2025-09-30T14:30:00+00:00,SPXW-20250930-06625.000-C,CALL,1,3200.0,3200.0,136490.0,136640.0,150.0,,150.0
one_contract_baseline,485,2025-09-30,2025-09-30T14:48:00+00:00,SPXW-20250930-06635.000-C,CALL,1,2260.0,2260.0,136640.0,137020.0,380.0,,379.9999999999997
one_contract_baseline,486,2025-10-01,2025-10-01T14:01:00+00:00,SPXW-20251001-06695.000-P,PUT,1,3160.0,3160.0,137020.0,136680.0,-340.0,,-340.0000000000002
one_contract_baseline,487,2025-10-01,2025-10-01T14:26:00+00:00,SPXW-20251001-06650.000-C,CALL,1,3300.0,3300.0,136680.0,136600.0,-80.0,,-79.99999999999972
one_contract_baseline,488,2025-10-02,2025-10-02T14:00:00+00:00,SPXW-20251002-06735.000-P,PUT,1,1930.0,1930.0,136600.0,137270.0,670.0,,669.9999999999999
one_contract_baseline,489,2025-10-02,2025-10-02T14:44:00+00:00,SPXW-20251002-06725.000-P,PUT,1,1880.0,1880.0,137270.0,137710.0,440.0,,439.9999999999999
one_contract_baseline,490,2025-10-02,2025-10-02T17:34:00+00:00,SPXW-20251002-06685.000-C,CALL,1,2720.0,2720.0,137710.0,137680.0,-30.0,,-30.00000000000007
one_contract_baseline,491,2025-10-02,2025-10-02T17:39:00+00:00,SPXW-20251002-06690.000-C,CALL,1,2210.0,2210.0,137680.0,137880.0,200.0,,200.0
one_contract_baseline,492,2025-10-03,2025-10-03T14:00:00+00:00,SPXW-20251003-06740.000-P,PUT,1,1430.0,1430.0,137880.0,137940.0,60.0,,59.999999999999964
one_contract_baseline,493,2025-10-03,2025-10-03T14:25:00+00:00,SPXW-20251003-06705.000-C,CALL,1,3220.0000000000005,3220.0000000000005,137940.0,138400.0,460.0,,459.99999999999943
one_contract_baseline,494,2025-10-03,2025-10-03T17:44:00+00:00,SPXW-20251003-06735.000-P,PUT,1,1210.0,1210.0,138400.0,139760.0,1360.0,,1360.0
one_contract_baseline,495,2025-10-06,2025-10-06T14:01:00+00:00,SPXW-20251006-06720.000-P,PUT,1,680.0,680.0,139760.0,139930.0,170.0,,170.00000000000003
one_contract_baseline,496,2025-10-06,2025-10-06T14:15:00+00:00,SPXW-20251006-06700.000-C,CALL,1,2940.0,2940.0,139930.0,139970.0,40.0,,40.00000000000021
one_contract_baseline,497,2025-10-06,2025-10-06T14:32:00+00:00,SPXW-20251006-06695.000-C,CALL,1,3510.0,3510.0,139970.0,140220.0,250.0,,250.0
one_contract_baseline,498,2025-10-06,2025-10-06T14:43:00+00:00,SPXW-20251006-06720.000-C,CALL,1,1390.0,1390.0,140220.0,140300.0,80.0,,79.99999999999989
one_contract_baseline,499,2025-10-06,2025-10-06T14:56:00+00:00,SPXW-20251006-06705.000-C,CALL,1,2680.0,2680.0,140300.0,140620.0,320.0,,319.99999999999994
one_contract_baseline,500,2025-10-06,2025-10-06T15:24:00+00:00,SPXW-20251006-06705.000-C,CALL,1,3080.0,3080.0,140620.0,140820.0,200.0,,199.9999999999997
one_contract_baseline,501,2025-10-06,2025-10-06T17:33:00+00:00,SPXW-20251006-06720.000-C,CALL,1,2520.0,2520.0,140820.0,140860.0,40.0,,40.00000000000021
one_contract_baseline,502,2025-10-07,2025-10-07T14:01:00+00:00,SPXW-20251007-06760.000-P,PUT,1,1670.0,1670.0,140860.0,141010.0,150.0,,150.0
one_contract_baseline,503,2025-10-07,2025-10-07T14:29:00+00:00,SPXW-20251007-06745.000-P,PUT,1,1180.0,1180.0,141010.0,141340.0,330.0,,329.9999999999999
one_contract_baseline,504,2025-10-07,2025-10-07T15:06:00+00:00,SPXW-20251007-06720.000-P,PUT,1,790.0,790.0,141340.0,141520.0,180.0,,179.9999999999999
one_contract_baseline,505,2025-10-08,2025-10-08T14:00:00+00:00,SPXW-20251008-06695.000-C,CALL,1,3460.0,3460.0,141520.0,142650.0,1130.0,,1129.9999999999998
one_contract_baseline,506,2025-10-08,2025-10-08T14:25:00+00:00,SPXW-20251008-06710.000-C,CALL,1,3210.0,3210.0,142650.0,142900.0,250.0,,250.0
one_contract_baseline,507,2025-10-08,2025-10-08T14:36:00+00:00,SPXW-20251008-06715.000-C,CALL,1,2920.0,2920.0,142900.0,142820.0,-80.0,,-80.00000000000007
one_contract_baseline,508,2025-10-08,2025-10-08T18:46:00+00:00,SPXW-20251008-06735.000-C,CALL,1,1390.0,1390.0,142820.0,142830.0,10.0,,9.999999999999964
one_contract_baseline,509,2025-10-09,2025-10-09T14:00:00+00:00,SPXW-20251009-06765.000-P,PUT,1,2420.0,2420.0,142830.0,142770.0,-60.0,,-59.99999999999979
one_contract_baseline,510,2025-10-09,2025-10-09T14:25:00+00:00,SPXW-20251009-06755.000-P,PUT,1,1850.0,1850.0,142770.0,143370.0,600.0,,600.0
one_contract_baseline,511,2025-10-09,2025-10-09T15:15:00+00:00,SPXW-20251009-06705.000-C,CALL,1,3500.0,3500.0,143370.0,143240.0,-130.0,,-129.99999999999972
one_contract_baseline,512,2025-10-10,2025-10-10T14:01:00+00:00,SPXW-20251010-06750.000-P,PUT,1,819.9999999999999,819.9999999999999,143240.0,143420.0,180.0,,180.00000000000006
one_contract_baseline,513,2025-10-10,2025-10-10T14:26:00+00:00,SPXW-20251010-06730.000-C,CALL,1,2600.0,2600.0,143420.0,143160.0,-260.0,,-260.0000000000001
one_contract_baseline,514,2025-10-10,2025-10-10T14:40:00+00:00,SPXW-20251010-06750.000-P,PUT,1,920.0,920.0,143160.0,143270.0,110.0,,110.00000000000014
one_contract_baseline,515,2025-10-10,2025-10-10T14:57:00+00:00,SPXW-20251010-06735.000-P,PUT,1,330.0,330.0,143270.0,143970.0,700.0,,700.0000000000001
one_contract_baseline,516,2025-10-13,2025-10-13T14:00:00+00:00,SPXW-20251013-06630.000-C,CALL,1,3150.0,3150.0,143970.0,143850.0,-120.0,,-119.99999999999991
one_contract_baseline,517,2025-10-13,2025-10-13T14:03:00+00:00,SPXW-20251013-06630.000-C,CALL,1,2700.0,2700.0,143850.0,144190.0,340.0,,339.9999999999999
one_contract_baseline,518,2025-10-13,2025-10-13T14:25:00+00:00,SPXW-20251013-06650.000-P,PUT,1,2490.0,2490.0,144190.0,144860.0,670.0,,670.0000000000002
one_contract_baseline,519,2025-10-13,2025-10-13T14:28:00+00:00,SPXW-20251013-06615.000-C,CALL,1,2580.0,2580.0,144860.0,146010.0,1150.0,,1149.9999999999995
one_contract_baseline,520,2025-10-14,2025-10-14T14:04:00+00:00,SPXW-20251014-06570.000-C,CALL,1,3410.0,3410.0,146010.0,146570.0,560.0,,560.0000000000001
one_contract_baseline,521,2025-10-14,2025-10-14T14:09:00+00:00,SPXW-20251014-06620.000-P,PUT,1,3220.0000000000005,3220.0000000000005,146570.0,146340.0,-230.0,,-230.00000000000043
one_contract_baseline,522,2025-10-14,2025-10-14T14:32:00+00:00,SPXW-20251014-06590.000-C,CALL,1,3440.0,3440.0,146340.0,147020.0,680.0,,680.0000000000005
one_contract_baseline,523,2025-10-14,2025-10-14T14:54:00+00:00,SPXW-20251014-06595.000-C,CALL,1,3200.0,3200.0,147020.0,147470.0,450.0,,450.0
one_contract_baseline,524,2025-10-14,2025-10-14T15:10:00+00:00,SPXW-20251014-06600.000-C,CALL,1,3270.0000000000005,3270.0000000000005,147470.0,147540.0,70.0,,69.99999999999957
one_contract_baseline,525,2025-10-14,2025-10-14T17:30:00+00:00,SPXW-20251014-06655.000-C,CALL,1,2420.0,2420.0,147540.0,147000.0,-540.0,,-539.9999999999999
one_contract_baseline,526,2025-10-14,2025-10-14T18:18:00+00:00,SPXW-20251014-06650.000-C,CALL,1,2530.0,2530.0,147000.0,146840.0,-160.0,,-160.00000000000014
one_contract_baseline,527,2025-10-14,2025-10-14T18:22:00+00:00,SPXW-20251014-06660.000-C,CALL,1,1300.0,1300.0,146840.0,147270.0,430.0,,430.00000000000006
one_contract_baseline,528,2025-10-15,2025-10-15T14:00:00+00:00,SPXW-20251015-06680.000-C,CALL,1,3340.0,3340.0,147270.0,148610.0,1340.0,,1339.9999999999998
one_contract_baseline,529,2025-10-15,2025-10-15T14:15:00+00:00,SPXW-20251015-06700.000-C,CALL,1,2540.0,2540.0,148610.0,148720.0,110.0,,110.00000000000014
one_contract_baseline,530,2025-10-15,2025-10-15T14:30:00+00:00,SPXW-20251015-06695.000-C,CALL,1,2980.0,2980.0,148720.0,148590.0,-130.0,,-130.00000000000006
one_contract_baseline,531,2025-10-15,2025-10-15T14:42:00+00:00,SPXW-20251015-06695.000-C,CALL,1,2370.0,2370.0,148590.0,148580.0,-10.0,,-9.999999999999789
one_contract_baseline,532,2025-10-15,2025-10-15T14:51:00+00:00,SPXW-20251015-06700.000-C,CALL,1,1860.0,1860.0,148580.0,148720.0,140.0,,139.99999999999986
one_contract_baseline,533,2025-10-15,2025-10-15T15:13:00+00:00,SPXW-20251015-06685.000-C,CALL,1,2470.0,2470.0,148720.0,148890.0,170.0,,169.99999999999994
one_contract_baseline,534,2025-10-15,2025-10-15T15:17:00+00:00,SPXW-20251015-06680.000-C,CALL,1,2740.0,2740.0,148890.0,149000.0,110.0,,110.00000000000014
one_contract_baseline,535,2025-10-15,2025-10-15T17:33:00+00:00,SPXW-20251015-06615.000-C,CALL,1,2700.0,2700.0,149000.0,149900.0,900.0,,900.0
one_contract_baseline,536,2025-10-15,2025-10-15T17:45:00+00:00,SPXW-20251015-06630.000-C,CALL,1,2760.0,2760.0,149900.0,150730.0,830.0,,829.9999999999998
one_contract_baseline,537,2025-10-16,2025-10-16T14:00:00+00:00,SPXW-20251016-06715.000-P,PUT,1,3379.9999999999995,3379.9999999999995,150730.0,151000.0,270.0,,270.0000000000003
one_contract_baseline,538,2025-10-16,2025-10-16T14:25:00+00:00,SPXW-20251016-06670.000-C,CALL,1,3210.0,3210.0,151000.0,150980.0,-20.0,,-20.000000000000284
one_contract_baseline,539,2025-10-16,2025-10-16T14:37:00+00:00,SPXW-20251016-06675.000-C,CALL,1,3229.9999999999995,3229.9999999999995,150980.0,151550.0,570.0,,570.0000000000002
one_contract_baseline,540,2025-10-17,2025-10-17T14:00:00+00:00,SPXW-20251017-06640.000-P,PUT,1,3310.0,3310.0,151550.0,151160.0,-390.0,,-390.0000000000002
one_contract_baseline,541,2025-10-17,2025-10-17T14:11:00+00:00,SPXW-20251017-06625.000-C,CALL,1,3080.0,3080.0,151160.0,152460.0,1300.0,,1299.9999999999995
one_contract_baseline,542,2025-10-17,2025-10-17T14:44:00+00:00,SPXW-20251017-06650.000-P,PUT,1,3340.0,3340.0,152460.0,152400.0,-60.0,,-60.00000000000014
one_contract_baseline,543,2025-10-17,2025-10-17T14:52:00+00:00,SPXW-20251017-06650.000-P,PUT,1,3310.0,3310.0,152400.0,153330.0,930.0,,929.9999999999998
one_contract_baseline,544,2025-10-17,2025-10-17T15:11:00+00:00,SPXW-20251017-06645.000-P,PUT,1,3110.0,3110.0,153330.0,154120.0,790.0,,789.9999999999999
one_contract_baseline,545,2025-10-17,2025-10-17T17:32:00+00:00,SPXW-20251017-06615.000-C,CALL,1,2800.0,2800.0,154120.0,154590.0,470.0,,470.0000000000003
one_contract_baseline,546,2025-10-17,2025-10-17T17:58:00+00:00,SPXW-20251017-06630.000-C,CALL,1,2350.0,2350.0,154590.0,155060.0,470.0,,469.99999999999994
one_contract_baseline,547,2025-10-20,2025-10-20T14:00:00+00:00,SPXW-20251020-06685.000-C,CALL,1,3110.0,3110.0,155060.0,155780.0,720.0,,719.9999999999995
one_contract_baseline,548,2025-10-20,2025-10-20T14:25:00+00:00,SPXW-20251020-06690.000-C,CALL,1,3410.0,3410.0,155780.0,156070.0,290.0,,289.9999999999999
one_contract_baseline,549,2025-10-20,2025-10-20T14:35:00+00:00,SPXW-20251020-06700.000-C,CALL,1,2660.0,2660.0,156070.0,156730.0,660.0,,660.0000000000001
one_contract_baseline,550,2025-10-20,2025-10-20T17:38:00+00:00,SPXW-20251020-06730.000-C,CALL,1,1330.0,1330.0,156730.0,156880.0,150.0,,150.0
one_contract_baseline,551,2025-10-21,2025-10-21T14:00:00+00:00,SPXW-20251021-06750.000-P,PUT,1,2570.0,2570.0,156880.0,156780.0,-100.0,,-100.0
one_contract_baseline,552,2025-10-21,2025-10-21T14:25:00+00:00,SPXW-20251021-06765.000-P,PUT,1,2880.0,2880.0,156780.0,157930.0,1150.0,,1149.9999999999995
one_contract_baseline,553,2025-10-22,2025-10-22T14:01:00+00:00,SPXW-20251022-06710.000-C,CALL,1,3070.0,3070.0,157930.0,158020.0,90.0,,90.00000000000021
one_contract_baseline,554,2025-10-22,2025-10-22T14:10:00+00:00,SPXW-20251022-06740.000-P,PUT,1,1410.0,1410.0,158020.0,158060.0,40.0,,40.000000000000036
one_contract_baseline,555,2025-10-22,2025-10-22T14:26:00+00:00,SPXW-20251022-06730.000-P,PUT,1,1230.0,1230.0,158060.0,159150.0,1090.0,,1089.9999999999998
one_contract_baseline,556,2025-10-22,2025-10-22T14:38:00+00:00,SPXW-20251022-06735.000-P,PUT,1,2310.0,2310.0,159150.0,159840.0,690.0,,689.9999999999999
one_contract_baseline,557,2025-10-23,2025-10-23T14:00:00+00:00,SPXW-20251023-06740.000-P,PUT,1,2330.0,2330.0,159840.0,160590.0,750.0,,750.0
one_contract_baseline,558,2025-10-23,2025-10-23T14:12:00+00:00,SPXW-20251023-06700.000-C,CALL,1,2200.0,2200.0,160590.0,160340.0,-250.0,,-250.0
one_contract_baseline,559,2025-10-23,2025-10-23T14:26:00+00:00,SPXW-20251023-06690.000-C,CALL,1,3170.0,3170.0,160340.0,160860.0,520.0,,519.9999999999999
one_contract_baseline,560,2025-10-23,2025-10-23T14:44:00+00:00,SPXW-20251023-06695.000-C,CALL,1,3030.0,3030.0,160860.0,161290.0,430.0,,430.00000000000006
one_contract_baseline,561,2025-10-24,2025-10-24T14:01:00+00:00,SPXW-20251024-06785.000-C,CALL,1,2000.0,2000.0,161290.0,161530.0,240.0,,239.99999999999983
one_contract_baseline,562,2025-10-24,2025-10-24T14:12:00+00:00,SPXW-20251024-06775.000-C,CALL,1,2910.0,2910.0,161530.0,161360.0,-170.0,,-170.00000000000028
one_contract_baseline,563,2025-10-24,2025-10-24T14:26:00+00:00,SPXW-20251024-06805.000-P,PUT,1,1730.0,1730.0,161360.0,161830.0,470.0,,469.99999999999994
one_contract_baseline,564,2025-10-24,2025-10-24T14:32:00+00:00,SPXW-20251024-06765.000-C,CALL,1,2790.0,2790.0,161830.0,162370.0,540.0,,539.9999999999999
one_contract_baseline,565,2025-10-27,2025-10-27T14:01:00+00:00,SPXW-20251027-06820.000-C,CALL,1,3470.0000000000005,3470.0000000000005,162370.0,162810.0,440.0,,439.9999999999999
one_contract_baseline,566,2025-10-27,2025-10-27T14:11:00+00:00,SPXW-20251027-06835.000-C,CALL,1,2340.0,2340.0,162810.0,162500.0,-310.0,,-309.9999999999998
one_contract_baseline,567,2025-10-27,2025-10-27T14:28:00+00:00,SPXW-20251027-06820.000-C,CALL,1,3170.0,3170.0,162500.0,162660.0,160.0,,159.99999999999977
one_contract_baseline,568,2025-10-27,2025-10-27T14:33:00+00:00,SPXW-20251027-06820.000-C,CALL,1,3400.0,3400.0,162660.0,162910.0,250.0,,250.0
one_contract_baseline,569,2025-10-27,2025-10-27T14:38:00+00:00,SPXW-20251027-06835.000-C,CALL,1,2220.0,2220.0,162910.0,163000.0,90.0,,90.00000000000021
one_contract_baseline,570,2025-10-27,2025-10-27T14:55:00+00:00,SPXW-20251027-06835.000-C,CALL,1,1870.0,1870.0,163000.0,163020.0,20.0,,19.99999999999993
one_contract_baseline,571,2025-10-28,2025-10-28T14:00:00+00:00,SPXW-20251028-06890.000-P,PUT,1,1700.0,1700.0,163020.0,162700.0,-320.0,,-319.99999999999994
one_contract_baseline,572,2025-10-28,2025-10-28T14:25:00+00:00,SPXW-20251028-06850.000-C,CALL,1,3410.0,3410.0,162700.0,162890.0,190.0,,189.99999999999983
one_contract_baseline,573,2025-10-28,2025-10-28T14:52:00+00:00,SPXW-20251028-06855.000-C,CALL,1,3130.0,3130.0,162890.0,162710.0,-180.0,,-180.00000000000006
one_contract_baseline,574,2025-10-28,2025-10-28T15:03:00+00:00,SPXW-20251028-06915.000-P,PUT,1,3240.0,3240.0,162710.0,163010.0,300.0,,300.0
one_contract_baseline,575,2025-10-28,2025-10-28T18:40:00+00:00,SPXW-20251028-06870.000-C,CALL,1,3130.0,3130.0,163010.0,163040.0,30.0,,30.00000000000007
one_contract_baseline,576,2025-10-29,2025-10-29T14:11:00+00:00,SPXW-20251029-06940.000-P,PUT,1,3370.0000000000005,3370.0000000000005,163040.0,163230.0,190.0,,189.99999999999983
one_contract_baseline,577,2025-10-29,2025-10-29T14:46:00+00:00,SPXW-20251029-06935.000-P,PUT,1,3310.0,3310.0,163230.0,163610.0,380.0,,379.9999999999997
one_contract_baseline,578,2025-10-29,2025-10-29T18:12:00+00:00,SPXW-20251029-06930.000-P,PUT,1,2940.0,2940.0,163610.0,164240.0,630.0,,630.0000000000005
one_contract_baseline,579,2025-10-29,2025-10-29T18:35:00+00:00,SPXW-20251029-06930.000-P,PUT,1,2770.0,2770.0,164240.0,167190.0,2950.0,,2950.0000000000005
one_contract_baseline,580,2025-10-29,2025-10-29T18:51:00+00:00,SPXW-20251029-06855.000-C,CALL,1,2680.0,2680.0,167190.0,167520.0,330.0,,330.00000000000006
one_contract_baseline,581,2025-10-29,2025-10-29T19:01:00+00:00,SPXW-20251029-06900.000-P,PUT,1,1820.0,1820.0,167520.0,168890.0,1370.0,,1370.0
one_contract_baseline,582,2025-10-30,2025-10-30T14:00:00+00:00,SPXW-20251030-06850.000-C,CALL,1,3279.9999999999995,3279.9999999999995,168890.0,169130.0,240.0,,240.00000000000057
one_contract_baseline,583,2025-10-30,2025-10-30T14:25:00+00:00,SPXW-20251030-06875.000-P,PUT,1,2620.0,2620.0,169130.0,169220.0,90.0,,90.00000000000021
one_contract_baseline,584,2025-10-30,2025-10-30T14:30:00+00:00,SPXW-20251030-06850.000-C,CALL,1,2180.0,2180.0,169220.0,169570.0,350.0,,350.0
one_contract_baseline,585,2025-10-30,2025-10-30T14:46:00+00:00,SPXW-20251030-06855.000-C,CALL,1,2540.0,2540.0,169570.0,169510.0,-60.0,,-59.99999999999979
one_contract_baseline,586,2025-10-31,2025-10-31T14:00:00+00:00,SPXW-20251031-06885.000-P,PUT,1,3340.0,3340.0,169510.0,170030.0,520.0,,520.0000000000002
one_contract_baseline,587,2025-10-31,2025-10-31T14:31:00+00:00,SPXW-20251031-06830.000-C,CALL,1,3200.0,3200.0,170030.0,170450.0,420.0,,420.0000000000003
one_contract_baseline,588,2025-10-31,2025-10-31T14:41:00+00:00,SPXW-20251031-06835.000-C,CALL,1,3170.0,3170.0,170450.0,170930.0,480.0,,480.00000000000006
one_contract_baseline,589,2025-10-31,2025-10-31T14:58:00+00:00,SPXW-20251031-06835.000-C,CALL,1,3470.0000000000005,3470.0000000000005,170930.0,171000.0,70.0,,69.99999999999957
one_contract_baseline,590,2025-10-31,2025-10-31T15:12:00+00:00,SPXW-20251031-06835.000-C,CALL,1,3279.9999999999995,3279.9999999999995,171000.0,171260.0,260.0,,260.0000000000001
one_contract_baseline,591,2025-10-31,2025-10-31T17:30:00+00:00,SPXW-20251031-06790.000-C,CALL,1,3450.0,3450.0,171260.0,171820.0,560.0,,560.0000000000001
one_contract_baseline,592,2025-10-31,2025-10-31T18:08:00+00:00,SPXW-20251031-06820.000-C,CALL,1,2300.0,2300.0,171820.0,172000.0,180.0,,180.00000000000006
one_contract_baseline,593,2025-11-03,2025-11-03T15:00:00+00:00,SPXW-20251103-06860.000-P,PUT,1,2280.0,2280.0,172000.0,172420.0,420.0,,419.99999999999994
one_contract_baseline,594,2025-11-03,2025-11-03T15:16:00+00:00,SPXW-20251103-06860.000-P,PUT,1,2440.0,2440.0,172420.0,173810.0,1390.0,,1389.9999999999998
one_contract_baseline,595,2025-11-03,2025-11-03T15:42:00+00:00,SPXW-20251103-06850.000-P,PUT,1,2000.0,2000.0,173810.0,173920.0,110.0,,110.00000000000014
one_contract_baseline,596,2025-11-03,2025-11-03T15:53:00+00:00,SPXW-20251103-06820.000-C,CALL,1,2780.0,2780.0,173920.0,174500.0,580.0,,580.0000000000001
one_contract_baseline,597,2025-11-03,2025-11-03T16:02:00+00:00,SPXW-20251103-06865.000-P,PUT,1,2450.0,2450.0,174500.0,174540.0,40.0,,39.99999999999986
one_contract_baseline,598,2025-11-03,2025-11-03T16:14:00+00:00,SPXW-20251103-06830.000-C,CALL,1,2150.0,2150.0,174540.0,174660.0,120.0,,119.99999999999991
one_contract_baseline,599,2025-11-03,2025-11-03T18:31:00+00:00,SPXW-20251103-06850.000-C,CALL,1,1230.0,1230.0,174660.0,174930.0,270.0,,269.99999999999994
one_contract_baseline,600,2025-11-04,2025-11-04T15:01:00+00:00,SPXW-20251104-06785.000-C,CALL,1,3120.0,3120.0,174930.0,175050.0,120.0,,119.99999999999991
one_contract_baseline,601,2025-11-04,2025-11-04T15:09:00+00:00,SPXW-20251104-06785.000-C,CALL,1,2990.0,2990.0,175050.0,175320.0,270.0,,270.0000000000003
one_contract_baseline,602,2025-11-04,2025-11-04T15:33:00+00:00,SPXW-20251104-06785.000-C,CALL,1,3220.0000000000005,3220.0000000000005,175320.0,175850.0,530.0,,529.9999999999998
one_contract_baseline,603,2025-11-04,2025-11-04T15:46:00+00:00,SPXW-20251104-06795.000-C,CALL,1,2530.0,2530.0,175850.0,175390.0,-460.0,,-460.0000000000001
one_contract_baseline,604,2025-11-04,2025-11-04T15:58:00+00:00,SPXW-20251104-06775.000-C,CALL,1,3130.0,3130.0,175390.0,175970.0,580.0,,580.0000000000001
one_contract_baseline,605,2025-11-04,2025-11-04T16:04:00+00:00,SPXW-20251104-06785.000-C,CALL,1,2550.0,2550.0,175970.0,175780.0,-190.0,,-189.99999999999983
one_contract_baseline,606,2025-11-04,2025-11-04T16:12:00+00:00,SPXW-20251104-06770.000-C,CALL,1,3390.0,3390.0,175780.0,176120.0,340.0,,339.9999999999999
one_contract_baseline,607,2025-11-04,2025-11-04T16:18:00+00:00,SPXW-20251104-06815.000-P,PUT,1,1780.0,1780.0,176120.0,176540.0,420.0,,419.99999999999994
one_contract_baseline,608,2025-11-04,2025-11-04T16:26:00+00:00,SPXW-20251104-06810.000-P,PUT,1,1810.0,1810.0,176540.0,176340.0,-200.0,,-200.0
one_contract_baseline,609,2025-11-04,2025-11-04T18:31:00+00:00,SPXW-20251104-06795.000-P,PUT,1,2070.0,2070.0,176340.0,176780.0,440.0,,440.0000000000002
one_contract_baseline,610,2025-11-05,2025-11-05T15:01:00+00:00,SPXW-20251105-06820.000-P,PUT,1,3240.0,3240.0,176780.0,176510.0,-270.0,,-269.99999999999994
one_contract_baseline,611,2025-11-05,2025-11-05T15:26:00+00:00,SPXW-20251105-06765.000-C,CALL,1,3340.0,3340.0,176510.0,177110.0,600.0,,600.0
one_contract_baseline,612,2025-11-05,2025-11-05T15:31:00+00:00,SPXW-20251105-06775.000-C,CALL,1,2670.0,2670.0,177110.0,177630.0,520.0,,519.9999999999999
one_contract_baseline,613,2025-11-06,2025-11-06T15:00:00+00:00,SPXW-20251106-06790.000-P,PUT,1,3420.0000000000005,3420.0000000000005,177630.0,178210.0,580.0,,579.9999999999998
one_contract_baseline,614,2025-11-06,2025-11-06T15:26:00+00:00,SPXW-20251106-06800.000-P,PUT,1,3240.0,3240.0,178210.0,178620.0,410.0,,410.0000000000001
one_contract_baseline,615,2025-11-07,2025-11-07T15:03:00+00:00,SPXW-20251107-06700.000-P,PUT,1,3470.0000000000005,3470.0000000000005,178620.0,179570.0,950.0,,950.0
one_contract_baseline,616,2025-11-07,2025-11-07T15:30:00+00:00,SPXW-20251107-06660.000-C,CALL,1,3180.0,3180.0,179570.0,179270.0,-300.0,,-300.0
one_contract_baseline,617,2025-11-07,2025-11-07T15:41:00+00:00,SPXW-20251107-06685.000-P,PUT,1,2700.0,2700.0,179270.0,180040.0,770.0,,770.0000000000002
one_contract_baseline,618,2025-11-07,2025-11-07T15:48:00+00:00,SPXW-20251107-06680.000-P,PUT,1,2940.0,2940.0,180040.0,180380.0,340.0,,339.9999999999999
one_contract_baseline,619,2025-11-07,2025-11-07T18:31:00+00:00,SPXW-20251107-06645.000-C,CALL,1,3180.0,3180.0,180380.0,180230.0,-150.0,,-150.0
one_contract_baseline,620,2025-11-10,2025-11-10T15:01:00+00:00,SPXW-20251110-06780.000-C,CALL,1,3060.0,3060.0,180230.0,180370.0,140.0,,139.99999999999986
one_contract_baseline,621,2025-11-10,2025-11-10T15:10:00+00:00,SPXW-20251110-06780.000-C,CALL,1,3140.0,3140.0,180370.0,180560.0,190.0,,189.99999999999983
one_contract_baseline,622,2025-11-10,2025-11-10T15:26:00+00:00,SPXW-20251110-06795.000-C,CALL,1,2130.0,2130.0,180560.0,180410.0,-150.0,,-150.0
one_contract_baseline,623,2025-11-10,2025-11-10T15:34:00+00:00,SPXW-20251110-06790.000-C,CALL,1,2280.0,2280.0,180410.0,179960.0,-450.0,,-450.0
one_contract_baseline,624,2025-11-11,2025-11-11T15:01:00+00:00,SPXW-20251111-06795.000-C,CALL,1,3260.0,3260.0,179960.0,179490.0,-470.0,,-470.0000000000003
one_contract_baseline,625,2025-11-11,2025-11-11T15:06:00+00:00,SPXW-20251111-06820.000-P,PUT,1,1240.0,1240.0,179490.0,179810.0,320.0,,319.99999999999994
one_contract_baseline,626,2025-11-11,2025-11-11T15:26:00+00:00,SPXW-20251111-06835.000-P,PUT,1,2110.0,2110.0,179810.0,180510.0,700.0,,700.0
one_contract_baseline,627,2025-11-11,2025-11-11T16:26:00+00:00,SPXW-20251111-06830.000-P,PUT,1,1390.0,1390.0,180510.0,181340.0,830.0,,829.9999999999999
one_contract_baseline,628,2025-11-12,2025-11-12T15:02:00+00:00,SPXW-20251112-06840.000-C,CALL,1,2580.0,2580.0,181340.0,181300.0,-40.0,,-40.00000000000021
one_contract_baseline,629,2025-11-12,2025-11-12T15:05:00+00:00,SPXW-20251112-06890.000-P,PUT,1,3340.0,3340.0,181300.0,182130.0,830.0,,830.0000000000005
one_contract_baseline,630,2025-11-12,2025-11-12T15:27:00+00:00,SPXW-20251112-06870.000-P,PUT,1,2550.0,2550.0,182130.0,183000.0,870.0,,870.0000000000002
one_contract_baseline,631,2025-11-12,2025-11-12T16:27:00+00:00,SPXW-20251112-06820.000-C,CALL,1,2550.0,2550.0,183000.0,183650.0,650.0,,650.0
one_contract_baseline,632,2025-11-13,2025-11-13T15:00:00+00:00,SPXW-20251113-06780.000-C,CALL,1,3490.0,3490.0,183650.0,183370.0,-280.0,,-279.9999999999997
one_contract_baseline,633,2025-11-13,2025-11-13T15:06:00+00:00,SPXW-20251113-06800.000-C,CALL,1,1840.0,1840.0,183370.0,184410.0,1040.0,,1040.0000000000002
one_contract_baseline,634,2025-11-13,2025-11-13T15:26:00+00:00,SPXW-20251113-06840.000-P,PUT,1,3100.0,3100.0,184410.0,185780.0,1370.0,,1370.0000000000002
one_contract_baseline,635,2025-11-13,2025-11-13T15:41:00+00:00,SPXW-20251113-06825.000-P,PUT,1,3240.0,3240.0,185780.0,187590.0,1810.0,,1810.0
one_contract_baseline,636,2025-11-14,2025-11-14T15:06:00+00:00,SPXW-20251114-06680.000-C,CALL,1,3240.0,3240.0,187590.0,188000.0,410.0,,410.0000000000001
one_contract_baseline,637,2025-11-14,2025-11-14T15:14:00+00:00,SPXW-20251114-06670.000-C,CALL,1,3510.0,3510.0,188000.0,189200.0,1200.0,,1200.0
one_contract_baseline,638,2025-11-14,2025-11-14T15:27:00+00:00,SPXW-20251114-06700.000-C,CALL,1,2520.0,2520.0,189200.0,189520.0,320.0,,319.99999999999994
one_contract_baseline,639,2025-11-14,2025-11-14T15:32:00+00:00,SPXW-20251114-06700.000-C,CALL,1,2870.0,2870.0,189520.0,191420.0,1900.0,,1900.0000000000005
one_contract_baseline,640,2025-11-14,2025-11-14T18:30:00+00:00,SPXW-20251114-06720.000-C,CALL,1,3360.0,3360.0,191420.0,191620.0,200.0,,200.0
one_contract_baseline,641,2025-11-14,2025-11-14T18:32:00+00:00,SPXW-20251114-06730.000-C,CALL,1,2420.0,2420.0,191620.0,192050.0,430.0,,430.00000000000006
one_contract_baseline,642,2025-11-14,2025-11-14T18:45:00+00:00,SPXW-20251114-06705.000-C,CALL,1,3390.0,3390.0,192050.0,192040.0,-10.0,,-10.000000000000142
one_contract_baseline,643,2025-11-14,2025-11-14T18:51:00+00:00,SPXW-20251114-06725.000-C,CALL,1,2160.0,2160.0,192040.0,193050.0,1010.0,,1009.9999999999998
one_contract_baseline,644,2025-11-14,2025-11-14T18:58:00+00:00,SPXW-20251114-06720.000-C,CALL,1,3150.0,3150.0,193050.0,193370.0,320.0,,320.0000000000003
one_contract_baseline,645,2025-11-17,2025-11-17T15:00:00+00:00,SPXW-20251117-06725.000-C,CALL,1,3110.0,3110.0,193370.0,193270.0,-100.0,,-100.0
one_contract_baseline,646,2025-11-17,2025-11-17T15:12:00+00:00,SPXW-20251117-06710.000-C,CALL,1,3510.0,3510.0,193270.0,193410.0,140.0,,139.99999999999986
one_contract_baseline,647,2025-11-17,2025-11-17T15:17:00+00:00,SPXW-20251117-06765.000-P,PUT,1,3460.0,3460.0,193410.0,193870.0,460.0,,460.0000000000001
one_contract_baseline,648,2025-11-17,2025-11-17T15:34:00+00:00,SPXW-20251117-06700.000-C,CALL,1,3310.0,3310.0,193870.0,193950.0,80.0,,79.99999999999972
one_contract_baseline,649,2025-11-17,2025-11-17T15:42:00+00:00,SPXW-20251117-06745.000-P,PUT,1,3240.0,3240.0,193950.0,193580.0,-370.0,,-369.99999999999994
one_contract_baseline,650,2025-11-17,2025-11-17T16:10:00+00:00,SPXW-20251117-06685.000-C,CALL,1,3350.0,3350.0,193580.0,193160.0,-420.0,,-419.99999999999994
one_contract_baseline,651,2025-11-17,2025-11-17T18:42:00+00:00,SPXW-20251117-06680.000-C,CALL,1,2540.0,2540.0,193160.0,194250.0,1090.0,,1089.9999999999998
one_contract_baseline,652,2025-11-18,2025-11-18T15:01:00+00:00,SPXW-20251118-06620.000-P,PUT,1,3400.0,3400.0,194250.0,195170.0,920.0,,920.0000000000002
one_contract_baseline,653,2025-11-18,2025-11-18T15:10:00+00:00,SPXW-20251118-06620.000-P,PUT,1,3379.9999999999995,3379.9999999999995,195170.0,195960.0,790.0,,790.0000000000006
one_contract_baseline,654,2025-11-18,2025-11-18T15:27:00+00:00,SPXW-20251118-06625.000-P,PUT,1,2960.0,2960.0,195960.0,196490.0,530.0,,529.9999999999998
one_contract_baseline,655,2025-11-18,2025-11-18T15:31:00+00:00,SPXW-20251118-06610.000-P,PUT,1,2340.0,2340.0,196490.0,196950.0,460.0,,460.0000000000001
one_contract_baseline,656,2025-11-18,2025-11-18T15:34:00+00:00,SPXW-20251118-06625.000-P,PUT,1,3290.0,3290.0,196950.0,197860.0,910.0,,910.0
one_contract_baseline,657,2025-11-18,2025-11-18T15:41:00+00:00,SPXW-20251118-06600.000-C,CALL,1,2300.0,2300.0,197860.0,198320.0,460.0,,460.0000000000001
one_contract_baseline,658,2025-11-18,2025-11-18T18:30:00+00:00,SPXW-20251118-06630.000-C,CALL,1,2740.0,2740.0,198320.0,199030.0,710.0,,710.0000000000001
one_contract_baseline,659,2025-11-19,2025-11-19T15:24:00+00:00,SPXW-20251119-06665.000-C,CALL,1,2440.0,2440.0,199030.0,199070.0,40.0,,40.00000000000021
one_contract_baseline,660,2025-11-19,2025-11-19T15:43:00+00:00,SPXW-20251119-06650.000-C,CALL,1,2850.0,2850.0,199070.0,198900.0,-170.0,,-169.99999999999994
one_contract_baseline,661,2025-11-19,2025-11-19T15:55:00+00:00,SPXW-20251119-06685.000-P,PUT,1,3479.9999999999995,3479.9999999999995,198900.0,200440.0,1540.0,,1540.0000000000005
one_contract_baseline,662,2025-11-19,2025-11-19T16:07:00+00:00,SPXW-20251119-06615.000-C,CALL,1,3370.0000000000005,3370.0000000000005,200440.0,200560.0,120.0,,119.99999999999956
one_contract_baseline,663,2025-11-19,2025-11-19T16:20:00+00:00,SPXW-20251119-06620.000-C,CALL,1,3080.0,3080.0,200560.0,200750.0,190.0,,190.00000000000023
one_contract_baseline,664,2025-11-19,2025-11-19T16:23:00+00:00,SPXW-20251119-06670.000-P,PUT,1,3310.0,3310.0,200750.0,201330.0,580.0,,579.9999999999998
one_contract_baseline,665,2025-11-19,2025-11-19T18:32:00+00:00,SPXW-20251119-06655.000-P,PUT,1,2770.0,2770.0,201330.0,200570.0,-760.0,,-759.9999999999998
one_contract_baseline,666,2025-11-19,2025-11-19T18:43:00+00:00,SPXW-20251119-06655.000-P,PUT,1,2550.0,2550.0,200570.0,201060.0,490.0,,489.9999999999999
one_contract_baseline,667,2025-11-19,2025-11-19T19:45:00+00:00,SPXW-20251119-06595.000-C,CALL,1,2200.0,2200.0,201060.0,202800.0,1740.0,,1739.9999999999998
one_contract_baseline,668,2025-11-20,2025-11-20T15:00:00+00:00,SPXW-20251120-06745.000-C,CALL,1,3140.0,3140.0,202800.0,202790.0,-10.0,,-9.999999999999789
one_contract_baseline,669,2025-11-20,2025-11-20T15:06:00+00:00,SPXW-20251120-06780.000-P,PUT,1,2890.0,2890.0,202790.0,203850.0,1060.0,,1060.0000000000002
one_contract_baseline,670,2025-11-20,2025-11-20T15:20:00+00:00,SPXW-20251120-06735.000-C,CALL,1,3190.0,3190.0,203850.0,204330.0,480.0,,480.00000000000045
one_contract_baseline,671,2025-11-20,2025-11-20T15:31:00+00:00,SPXW-20251120-06740.000-C,CALL,1,3360.0,3360.0,204330.0,204710.0,380.0,,379.9999999999997
one_contract_baseline,672,2025-11-20,2025-11-20T15:43:00+00:00,SPXW-20251120-06740.000-C,CALL,1,3410.0,3410.0,204710.0,204850.0,140.0,,139.99999999999986
one_contract_baseline,673,2025-11-20,2025-11-20T15:58:00+00:00,SPXW-20251120-06775.000-P,PUT,1,3050.0,3050.0,204850.0,207970.0,3120.0,,3120.0000000000005
one_contract_baseline,674,2025-11-21,2025-11-21T15:07:00+00:00,SPXW-20251121-06575.000-P,PUT,1,3429.9999999999995,3429.9999999999995,207970.0,208740.0,770.0,,770.0000000000002
one_contract_baseline,675,2025-11-21,2025-11-21T15:17:00+00:00,SPXW-20251121-06560.000-P,PUT,1,3510.0,3510.0,208740.0,208600.0,-140.0,,-139.99999999999986
one_contract_baseline,676,2025-11-21,2025-11-21T15:24:00+00:00,SPXW-20251121-06555.000-C,CALL,1,3090.0,3090.0,208600.0,209130.0,530.0,,530.0000000000005
one_contract_baseline,677,2025-11-21,2025-11-21T15:33:00+00:00,SPXW-20251121-06550.000-P,PUT,1,3050.0,3050.0,209130.0,209490.0,360.0,,360.0000000000001
one_contract_baseline,678,2025-11-21,2025-11-21T15:57:00+00:00,SPXW-20251121-06560.000-P,PUT,1,3050.0,3050.0,209490.0,210070.0,580.0,,579.9999999999998
one_contract_baseline,679,2025-11-21,2025-11-21T16:21:00+00:00,SPXW-20251121-06540.000-C,CALL,1,3370.0000000000005,3370.0000000000005,210070.0,210730.0,660.0,,659.9999999999994
one_contract_baseline,680,2025-11-21,2025-11-21T16:29:00+00:00,SPXW-20251121-06555.000-C,CALL,1,3320.0000000000005,3320.0000000000005,210730.0,211250.0,520.0,,519.9999999999995
one_contract_baseline,681,2025-11-21,2025-11-21T18:30:00+00:00,SPXW-20251121-06575.000-C,CALL,1,3270.0000000000005,3270.0000000000005,211250.0,212010.0,760.0,,759.9999999999994
one_contract_baseline,682,2025-11-21,2025-11-21T18:48:00+00:00,SPXW-20251121-06595.000-C,CALL,1,3290.0,3290.0,212010.0,214790.0,2780.0,,2780.0000000000005
one_contract_baseline,683,2025-11-21,2025-11-21T19:55:00+00:00,SPXW-20251121-06605.000-C,CALL,1,2950.0,2950.0,214790.0,214970.0,180.0,,180.00000000000006
one_contract_baseline,684,2025-11-21,2025-11-21T19:59:00+00:00,SPXW-20251121-06610.000-C,CALL,1,2370.0,2370.0,214970.0,215370.0,400.0,,400.0
one_contract_baseline,685,2025-11-24,2025-11-24T15:00:00+00:00,SPXW-20251124-06635.000-C,CALL,1,3329.9999999999995,3329.9999999999995,215370.0,216390.0,1020.0,,1020.0000000000002
one_contract_baseline,686,2025-11-24,2025-11-24T15:27:00+00:00,SPXW-20251124-06640.000-C,CALL,1,3429.9999999999995,3429.9999999999995,216390.0,216820.0,430.0,,430.00000000000045
one_contract_baseline,687,2025-11-24,2025-11-24T15:31:00+00:00,SPXW-20251124-06650.000-C,CALL,1,3000.0,3000.0,216820.0,217860.0,1040.0,,1039.9999999999998
one_contract_baseline,688,2025-11-24,2025-11-24T19:33:00+00:00,SPXW-20251124-06675.000-C,CALL,1,2640.0,2640.0,217860.0,218070.0,210.0,,210.00000000000017
one_contract_baseline,689,2025-11-25,2025-11-25T15:00:00+00:00,SPXW-20251125-06680.000-C,CALL,1,3279.9999999999995,3279.9999999999995,218070.0,217680.0,-390.0,,-389.9999999999999
one_contract_baseline,690,2025-11-25,2025-11-25T15:02:00+00:00,SPXW-20251125-06695.000-P,PUT,1,1710.0000000000002,1710.0000000000002,217680.0,218760.0,1080.0,,1079.9999999999998
one_contract_baseline,691,2025-11-25,2025-11-25T15:27:00+00:00,SPXW-20251125-06715.000-P,PUT,1,3080.0,3080.0,218760.0,217970.0,-790.0,,-790.0000000000002
one_contract_baseline,692,2025-11-26,2025-11-26T15:00:00+00:00,SPXW-20251126-06810.000-P,PUT,1,2820.0,2820.0,217970.0,217540.0,-430.0,,-430.00000000000006
one_contract_baseline,693,2025-11-26,2025-11-26T15:25:00+00:00,SPXW-20251126-06810.000-P,PUT,1,2720.0,2720.0,217540.0,216550.0,-990.0,,-990.0
one_contract_baseline,694,2025-11-28,2025-11-28T15:07:00+00:00,SPXW-20251128-06815.000-C,CALL,1,2030.0,2030.0,216550.0,216580.0,30.0,,30.00000000000007
one_contract_baseline,695,2025-11-28,2025-11-28T15:32:00+00:00,SPXW-20251128-06820.000-C,CALL,1,1830.0,1830.0,216580.0,216760.0,180.0,,180.00000000000006
one_contract_baseline,696,2025-11-28,2025-11-28T16:24:00+00:00,SPXW-20251128-06815.000-C,CALL,1,2450.0,2450.0,216760.0,216580.0,-180.0,,-180.00000000000006
one_contract_baseline,697,2025-12-01,2025-12-01T15:02:00+00:00,SPXW-20251201-06840.000-P,PUT,1,2030.0,2030.0,216580.0,216890.0,310.0,,309.9999999999998
one_contract_baseline,698,2025-12-01,2025-12-01T15:27:00+00:00,SPXW-20251201-06845.000-P,PUT,1,3370.0000000000005,3370.0000000000005,216890.0,217530.0,640.0,,639.9999999999999
one_contract_baseline,699,2025-12-01,2025-12-01T15:36:00+00:00,SPXW-20251201-06790.000-C,CALL,1,2550.0,2550.0,217530.0,218180.0,650.0,,650.0
one_contract_baseline,700,2025-12-02,2025-12-02T15:00:00+00:00,SPXW-20251202-06810.000-C,CALL,1,3229.9999999999995,3229.9999999999995,218180.0,218810.0,630.0,,630.0000000000005
one_contract_baseline,701,2025-12-02,2025-12-02T15:27:00+00:00,SPXW-20251202-06855.000-P,PUT,1,2100.0,2100.0,218810.0,219500.0,690.0,,689.9999999999999
one_contract_baseline,702,2025-12-02,2025-12-02T15:32:00+00:00,SPXW-20251202-06855.000-P,PUT,1,2820.0,2820.0,219500.0,219700.0,200.0,,200.0
one_contract_baseline,703,2025-12-03,2025-12-03T15:01:00+00:00,SPXW-20251203-06805.000-C,CALL,1,2900.0,2900.0,219700.0,220110.0,410.0,,410.0000000000001
one_contract_baseline,704,2025-12-03,2025-12-03T15:10:00+00:00,SPXW-20251203-06805.000-C,CALL,1,2840.0,2840.0,220110.0,220580.0,470.0,,470.0000000000003
one_contract_baseline,705,2025-12-03,2025-12-03T15:26:00+00:00,SPXW-20251203-06815.000-C,CALL,1,2480.0,2480.0,220580.0,220360.0,-220.0,,-219.99999999999991
one_contract_baseline,706,2025-12-03,2025-12-03T15:33:00+00:00,SPXW-20251203-06800.000-C,CALL,1,3500.0,3500.0,220360.0,221170.0,810.0,,810.0000000000001
one_contract_baseline,707,2025-12-03,2025-12-03T15:39:00+00:00,SPXW-20251203-06815.000-C,CALL,1,2690.0,2690.0,221170.0,221550.0,380.0,,380.00000000000006
one_contract_baseline,708,2025-12-04,2025-12-04T15:00:00+00:00,SPXW-20251204-06870.000-P,PUT,1,3150.0,3150.0,221550.0,221510.0,-40.0,,-39.99999999999986
one_contract_baseline,709,2025-12-04,2025-12-04T15:25:00+00:00,SPXW-20251204-06840.000-P,PUT,1,1270.0,1270.0,221510.0,221590.0,80.0,,80.00000000000007
one_contract_baseline,710,2025-12-04,2025-12-04T15:29:00+00:00,SPXW-20251204-06830.000-C,CALL,1,2510.0,2510.0,221590.0,222170.0,580.0,,579.9999999999998
one_contract_baseline,711,2025-12-04,2025-12-04T16:05:00+00:00,SPXW-20251204-06850.000-P,PUT,1,1830.0,1830.0,222170.0,222110.0,-60.0,,-60.00000000000014
one_contract_baseline,712,2025-12-04,2025-12-04T16:16:00+00:00,SPXW-20251204-06830.000-C,CALL,1,2010.0,2010.0,222110.0,222540.0,430.0,,429.9999999999997
one_contract_baseline,713,2025-12-04,2025-12-04T19:21:00+00:00,SPXW-20251204-06845.000-P,PUT,1,1370.0,1370.0,222540.0,222990.0,450.0,,450.0
one_contract_baseline,714,2025-12-05,2025-12-05T15:01:00+00:00,SPXW-20251205-06855.000-C,CALL,1,3180.0,3180.0,222990.0,223520.0,530.0,,530.0000000000001
one_contract_baseline,715,2025-12-05,2025-12-05T15:21:00+00:00,SPXW-20251205-06865.000-C,CALL,1,3110.0,3110.0,223520.0,223590.0,70.0,,69.99999999999993
one_contract_baseline,716,2025-12-05,2025-12-05T15:28:00+00:00,SPXW-20251205-06870.000-C,CALL,1,2420.0,2420.0,223590.0,224050.0,460.0,,460.0000000000001
one_contract_baseline,717,2025-12-05,2025-12-05T15:44:00+00:00,SPXW-20251205-06860.000-C,CALL,1,3260.0,3260.0,224050.0,224410.0,360.0,,360.0000000000001
one_contract_baseline,718,2025-12-05,2025-12-05T15:53:00+00:00,SPXW-20251205-06870.000-C,CALL,1,1990.0,1990.0,224410.0,224290.0,-120.0,,-119.99999999999991
one_contract_baseline,719,2025-12-05,2025-12-05T16:09:00+00:00,SPXW-20251205-06895.000-P,PUT,1,2140.0,2140.0,224290.0,224770.0,480.0,,480.00000000000006
one_contract_baseline,720,2025-12-05,2025-12-05T16:18:00+00:00,SPXW-20251205-06890.000-P,PUT,1,2110.0,2110.0,224770.0,224610.0,-160.0,,-160.00000000000014
one_contract_baseline,721,2025-12-08,2025-12-08T15:05:00+00:00,SPXW-20251208-06880.000-P,PUT,1,1780.0,1780.0,224610.0,225060.0,450.0,,450.0
one_contract_baseline,722,2025-12-08,2025-12-08T15:13:00+00:00,SPXW-20251208-06895.000-P,PUT,1,3429.9999999999995,3429.9999999999995,225060.0,225980.0,920.0,,920.0000000000002
one_contract_baseline,723,2025-12-08,2025-12-08T15:30:00+00:00,SPXW-20251208-06870.000-P,PUT,1,1910.0,1910.0,225980.0,226260.0,280.0,,279.9999999999997
one_contract_baseline,724,2025-12-08,2025-12-08T15:58:00+00:00,SPXW-20251208-06880.000-P,PUT,1,3090.0,3090.0,226260.0,226640.0,380.0,,380.00000000000045
one_contract_baseline,725,2025-12-09,2025-12-09T15:00:00+00:00,SPXW-20251209-06840.000-C,CALL,1,2150.0,2150.0,226640.0,226690.0,50.0,,50.0
one_contract_baseline,726,2025-12-09,2025-12-09T15:09:00+00:00,SPXW-20251209-06825.000-C,CALL,1,3030.0,3030.0,226690.0,226760.0,70.0,,69.99999999999993
one_contract_baseline,727,2025-12-09,2025-12-09T15:27:00+00:00,SPXW-20251209-06860.000-P,PUT,1,1410.0,1410.0,226760.0,226700.0,-60.0,,-59.999999999999964
one_contract_baseline,728,2025-12-09,2025-12-09T15:36:00+00:00,SPXW-20251209-06830.000-C,CALL,1,2480.0,2480.0,226700.0,226690.0,-10.0,,-10.000000000000142
one_contract_baseline,729,2025-12-09,2025-12-09T15:55:00+00:00,SPXW-20251209-06830.000-C,CALL,1,2680.0,2680.0,226690.0,226890.0,200.0,,200.0
one_contract_baseline,730,2025-12-10,2025-12-10T15:52:00+00:00,SPXW-20251210-06865.000-P,PUT,1,3429.9999999999995,3429.9999999999995,226890.0,227690.0,800.0,,800.0
one_contract_baseline,731,2025-12-10,2025-12-10T19:06:00+00:00,SPXW-20251210-06830.000-C,CALL,1,3210.0,3210.0,227690.0,228410.0,720.0,,719.9999999999995
one_contract_baseline,732,2025-12-10,2025-12-10T19:29:00+00:00,SPXW-20251210-06825.000-C,CALL,1,3260.0,3260.0,228410.0,228980.0,570.0,,569.9999999999995
one_contract_baseline,733,2025-12-10,2025-12-10T19:44:00+00:00,SPXW-20251210-06825.000-C,CALL,1,3290.0,3290.0,228980.0,229860.0,880.0,,880.0000000000005
one_contract_baseline,734,2025-12-11,2025-12-11T15:00:00+00:00,SPXW-20251211-06865.000-P,PUT,1,3340.0,3340.0,229860.0,228300.0,-1560.0,,-1559.9999999999998
one_contract_baseline,735,2025-12-11,2025-12-11T15:25:00+00:00,SPXW-20251211-06845.000-C,CALL,1,3479.9999999999995,3479.9999999999995,228300.0,228320.0,20.0,,20.000000000000284
one_contract_baseline,736,2025-12-12,2025-12-12T15:00:00+00:00,SPXW-20251212-06900.000-P,PUT,1,2090.0,2090.0,228320.0,228930.0,610.0,,610.0000000000001
one_contract_baseline,737,2025-12-12,2025-12-12T15:25:00+00:00,SPXW-20251212-06890.000-P,PUT,1,3460.0,3460.0,228930.0,229640.0,710.0,,710.0000000000001
one_contract_baseline,738,2025-12-15,2025-12-15T15:00:00+00:00,SPXW-20251215-06855.000-P,PUT,1,2600.0,2600.0,229640.0,230390.0,750.0,,750.0
one_contract_baseline,739,2025-12-15,2025-12-15T15:25:00+00:00,SPXW-20251215-06835.000-P,PUT,1,3200.0,3200.0,230390.0,230200.0,-190.0,,-189.99999999999983
one_contract_baseline,740,2025-12-15,2025-12-15T15:56:00+00:00,SPXW-20251215-06845.000-P,PUT,1,2680.0,2680.0,230200.0,230450.0,250.0,,250.0
one_contract_baseline,741,2025-12-16,2025-12-16T15:00:00+00:00,SPXW-20251216-06795.000-C,CALL,1,3130.0,3130.0,230450.0,229890.0,-560.0,,-560.0000000000001
one_contract_baseline,742,2025-12-16,2025-12-16T15:25:00+00:00,SPXW-20251216-06810.000-P,PUT,1,3429.9999999999995,3429.9999999999995,229890.0,229500.0,-390.0,,-389.9999999999999
one_contract_baseline,743,2025-12-17,2025-12-17T15:00:00+00:00,SPXW-20251217-06825.000-P,PUT,1,3000.0,3000.0,229500.0,230070.0,570.0,,570.0000000000002
one_contract_baseline,744,2025-12-17,2025-12-17T15:25:00+00:00,SPXW-20251217-06820.000-P,PUT,1,2910.0,2910.0,230070.0,231220.0,1150.0,,1150.0
one_contract_baseline,745,2025-12-18,2025-12-18T15:00:00+00:00,SPXW-20251218-06765.000-C,CALL,1,3390.0,3390.0,231220.0,231290.0,70.0,,70.00000000000028
one_contract_baseline,746,2025-12-18,2025-12-18T15:16:00+00:00,SPXW-20251218-06805.000-P,PUT,1,3400.0,3400.0,231290.0,230280.0,-1010.0,,-1010.0
one_contract_baseline,747,2025-12-18,2025-12-18T15:25:00+00:00,SPXW-20251218-06765.000-C,CALL,1,3420.0000000000005,3420.0000000000005,230280.0,230970.0,690.0,,689.9999999999999
one_contract_baseline,748,2025-12-18,2025-12-18T15:52:00+00:00,SPXW-20251218-06785.000-C,CALL,1,2950.0,2950.0,230970.0,230960.0,-10.0,,-10.000000000000142
one_contract_baseline,749,2025-12-19,2025-12-19T15:01:00+00:00,SPXW-20251219-06810.000-C,CALL,1,2720.0,2720.0,230960.0,230710.0,-250.0,,-250.0
one_contract_baseline,750,2025-12-19,2025-12-19T15:26:00+00:00,SPXW-20251219-06845.000-P,PUT,1,2940.0,2940.0,230710.0,230860.0,150.0,,150.0
one_contract_baseline,751,2025-12-19,2025-12-19T15:33:00+00:00,SPXW-20251219-06800.000-C,CALL,1,3210.0,3210.0,230860.0,231050.0,190.0,,189.99999999999983
one_contract_baseline,752,2025-12-19,2025-12-19T15:50:00+00:00,SPXW-20251219-06790.000-C,CALL,1,3240.0,3240.0,231050.0,231320.0,270.0,,270.0000000000003
one_contract_baseline,753,2025-12-19,2025-12-19T16:15:00+00:00,SPXW-20251219-06800.000-C,CALL,1,3010.0,3010.0,231320.0,231640.0,320.0,,319.99999999999955
one_contract_baseline,754,2025-12-22,2025-12-22T15:01:00+00:00,SPXW-20251222-06900.000-P,PUT,1,3510.0,3510.0,231640.0,232300.0,660.0,,660.0000000000001
one_contract_baseline,755,2025-12-22,2025-12-22T15:31:00+00:00,SPXW-20251222-06875.000-P,PUT,1,1210.0,1210.0,232300.0,233030.0,730.0,,729.9999999999999
one_contract_baseline,756,2025-12-22,2025-12-22T15:39:00+00:00,SPXW-20251222-06885.000-P,PUT,1,2790.0,2790.0,233030.0,232250.0,-780.0,,-779.9999999999998
one_contract_baseline,757,2025-12-23,2025-12-23T15:00:00+00:00,SPXW-20251223-06900.000-P,PUT,1,1900.0,1900.0,232250.0,232980.0,730.0,,730.0000000000001
one_contract_baseline,758,2025-12-23,2025-12-23T15:26:00+00:00,SPXW-20251223-06850.000-C,CALL,1,3240.0,3240.0,232980.0,233260.0,280.0,,280.00000000000045
one_contract_baseline,759,2025-12-24,2025-12-24T15:01:00+00:00,SPXW-20251224-06885.000-C,CALL,1,3020.0,3020.0,233260.0,233350.0,90.0,,90.00000000000021
one_contract_baseline,760,2025-12-24,2025-12-24T15:25:00+00:00,SPXW-20251224-06900.000-C,CALL,1,1890.0,1890.0,233350.0,233450.0,100.0,,100.0
one_contract_baseline,761,2025-12-26,2025-12-26T15:00:00+00:00,SPXW-20251226-06940.000-P,PUT,1,1010.0,1010.0,233450.0,233760.0,310.0,,309.99999999999994
one_contract_baseline,762,2025-12-26,2025-12-26T15:25:00+00:00,SPXW-20251226-06935.000-P,PUT,1,819.9999999999999,819.9999999999999,233760.0,233580.0,-180.0,,-179.9999999999999
one_contract_baseline,763,2025-12-26,2025-12-26T15:58:00+00:00,SPXW-20251226-06925.000-C,CALL,1,1310.0,1310.0,233580.0,233170.0,-410.0,,-409.99999999999994
one_contract_baseline,764,2025-12-29,2025-12-29T15:02:00+00:00,SPXW-20251229-06925.000-P,PUT,1,2240.0,2240.0,233170.0,233650.0,480.0,,480.00000000000006
one_contract_baseline,765,2025-12-29,2025-12-29T15:29:00+00:00,SPXW-20251229-06880.000-C,CALL,1,2910.0,2910.0,233650.0,233650.0,0.0,,0.0
one_contract_baseline,766,2025-12-29,2025-12-29T15:45:00+00:00,SPXW-20251229-06890.000-C,CALL,1,2230.0,2230.0,233650.0,233080.0,-570.0,,-569.9999999999999
one_contract_baseline,767,2025-12-29,2025-12-29T15:53:00+00:00,SPXW-20251229-06880.000-C,CALL,1,2250.0,2250.0,233080.0,233390.0,310.0,,310.0000000000001
one_contract_baseline,768,2025-12-30,2025-12-30T15:04:00+00:00,SPXW-20251230-06875.000-C,CALL,1,3290.0,3290.0,233390.0,233020.0,-370.0,,-369.99999999999994
one_contract_baseline,769,2025-12-30,2025-12-30T15:23:00+00:00,SPXW-20251230-06865.000-C,CALL,1,3420.0000000000005,3420.0000000000005,233020.0,232950.0,-70.0,,-70.00000000000028
one_contract_baseline,770,2025-12-30,2025-12-30T15:33:00+00:00,SPXW-20251230-06910.000-P,PUT,1,1610.0000000000002,1610.0000000000002,232950.0,233130.0,180.0,,179.99999999999972
one_contract_baseline,771,2025-12-30,2025-12-30T15:49:00+00:00,SPXW-20251230-06880.000-C,CALL,1,1950.0,1950.0,233130.0,233640.0,510.0,,510.0000000000001
one_contract_baseline,772,2025-12-30,2025-12-30T15:55:00+00:00,SPXW-20251230-06880.000-C,CALL,1,2390.0,2390.0,233640.0,233830.0,190.0,,190.00000000000023
one_contract_baseline,773,2025-12-30,2025-12-30T16:08:00+00:00,SPXW-20251230-06875.000-C,CALL,1,3200.0,3200.0,233830.0,233850.0,20.0,,20.000000000000284
one_contract_baseline,774,2025-12-30,2025-12-30T18:34:00+00:00,SPXW-20251230-06880.000-C,CALL,1,2730.0,2730.0,233850.0,233740.0,-110.0,,-110.00000000000014
one_contract_baseline,775,2025-12-30,2025-12-30T19:13:00+00:00,SPXW-20251230-06900.000-C,CALL,1,640.0,640.0,233740.0,233850.0,110.0,,109.99999999999996
one_contract_baseline,776,2025-12-31,2025-12-31T15:26:00+00:00,SPXW-20251231-06860.000-C,CALL,1,2550.0,2550.0,233850.0,233880.0,30.0,,30.00000000000007
one_contract_baseline,777,2025-12-31,2025-12-31T16:19:00+00:00,SPXW-20251231-06845.000-C,CALL,1,3120.0,3120.0,233880.0,234130.0,250.0,,250.0000000000003
one_contract_baseline,778,2025-12-31,2025-12-31T16:28:00+00:00,SPXW-20251231-06845.000-C,CALL,1,3410.0,3410.0,234130.0,233940.0,-190.0,,-189.99999999999983
one_contract_baseline,779,2025-12-31,2025-12-31T18:31:00+00:00,SPXW-20251231-06860.000-C,CALL,1,2180.0,2180.0,233940.0,234040.0,100.0,,100.0
one_contract_baseline,780,2026-01-02,2026-01-02T15:00:00+00:00,SPXW-20260102-06860.000-C,CALL,1,3120.0,3120.0,234040.0,234230.0,190.0,,190.00000000000023
one_contract_baseline,781,2026-01-02,2026-01-02T15:12:00+00:00,SPXW-20260102-06890.000-P,PUT,1,1739.9999999999998,1739.9999999999998,234230.0,236160.0,1930.0,,1930.0000000000005
one_contract_baseline,782,2026-01-02,2026-01-02T15:25:00+00:00,SPXW-20260102-06865.000-P,PUT,1,2430.0,2430.0,236160.0,234930.0,-1230.0,,-1230.0
one_contract_baseline,783,2026-01-02,2026-01-02T15:37:00+00:00,SPXW-20260102-06865.000-P,PUT,1,1240.0,1240.0,234930.0,235460.0,530.0,,529.9999999999999
one_contract_baseline,784,2026-01-05,2026-01-05T15:01:00+00:00,SPXW-20260105-06885.000-C,CALL,1,1760.0000000000002,1760.0000000000002,235460.0,235940.0,480.0,,479.9999999999997
one_contract_baseline,785,2026-01-05,2026-01-05T15:27:00+00:00,SPXW-20260105-06875.000-C,CALL,1,3190.0,3190.0,235940.0,236390.0,450.0,,450.0
one_contract_baseline,786,2026-01-05,2026-01-05T15:55:00+00:00,SPXW-20260105-06890.000-C,CALL,1,2070.0,2070.0,236390.0,236620.0,230.0,,230.00000000000009
one_contract_baseline,787,2026-01-06,2026-01-06T15:00:00+00:00,SPXW-20260106-06905.000-C,CALL,1,2460.0,2460.0,236620.0,236870.0,250.0,,250.0
one_contract_baseline,788,2026-01-06,2026-01-06T15:19:00+00:00,SPXW-20260106-06900.000-C,CALL,1,3210.0,3210.0,236870.0,236320.0,-550.0,,-550.0
one_contract_baseline,789,2026-01-06,2026-01-06T15:55:00+00:00,SPXW-20260106-06885.000-C,CALL,1,3460.0,3460.0,236320.0,236050.0,-270.0,,-270.0000000000003
one_contract_baseline,790,2026-01-07,2026-01-07T15:01:00+00:00,SPXW-20260107-06965.000-P,PUT,1,2110.0,2110.0,236050.0,236340.0,290.0,,289.9999999999999
one_contract_baseline,791,2026-01-07,2026-01-07T15:28:00+00:00,SPXW-20260107-06925.000-C,CALL,1,2080.0,2080.0,236340.0,236900.0,560.0,,559.9999999999998
one_contract_baseline,792,2026-01-07,2026-01-07T15:38:00+00:00,SPXW-20260107-06980.000-P,PUT,1,3110.0,3110.0,236900.0,236740.0,-160.0,,-160.00000000000014
one_contract_baseline,793,2026-01-07,2026-01-07T16:03:00+00:00,SPXW-20260107-06930.000-C,CALL,1,2470.0,2470.0,236740.0,236270.0,-470.0,,-469.99999999999994
one_contract_baseline,794,2026-01-08,2026-01-08T15:00:00+00:00,SPXW-20260108-06920.000-P,PUT,1,1830.0,1830.0,236270.0,235330.0,-940.0,,-940.0
one_contract_baseline,795,2026-01-08,2026-01-08T15:25:00+00:00,SPXW-20260108-06895.000-C,CALL,1,3100.0,3100.0,235330.0,235280.0,-50.0,,-50.0
one_contract_baseline,796,2026-01-09,2026-01-09T15:02:00+00:00,SPXW-20260109-06935.000-C,CALL,1,1789.9999999999998,1789.9999999999998,235280.0,234370.0,-910.0,,-909.9999999999998
one_contract_baseline,797,2026-01-09,2026-01-09T15:27:00+00:00,SPXW-20260109-06945.000-C,CALL,1,1610.0000000000002,1610.0000000000002,234370.0,234620.0,250.0,,250.0
one_contract_baseline,798,2026-01-09,2026-01-09T15:56:00+00:00,SPXW-20260109-06910.000-C,CALL,1,3310.0,3310.0,234620.0,236410.0,1790.0,,1789.9999999999998
one_contract_baseline,799,2026-01-12,2026-01-12T15:06:00+00:00,SPXW-20260112-06935.000-C,CALL,1,2730.0,2730.0,236410.0,236400.0,-10.0,,-10.000000000000142
one_contract_baseline,800,2026-01-12,2026-01-12T15:33:00+00:00,SPXW-20260112-06960.000-P,PUT,1,980.0,980.0,236400.0,236250.0,-150.0,,-150.0
one_contract_baseline,801,2026-01-12,2026-01-12T15:53:00+00:00,SPXW-20260112-06950.000-C,CALL,1,1450.0,1450.0,236250.0,237040.0,790.0,,789.9999999999999
one_contract_baseline,802,2026-01-12,2026-01-12T18:43:00+00:00,SPXW-20260112-06945.000-C,CALL,1,3090.0,3090.0,237040.0,237150.0,110.0,,110.00000000000014
one_contract_baseline,803,2026-01-13,2026-01-13T15:01:00+00:00,SPXW-20260113-06990.000-P,PUT,1,2360.0,2360.0,237150.0,238590.0,1440.0,,1439.9999999999998
one_contract_baseline,804,2026-01-13,2026-01-13T15:26:00+00:00,SPXW-20260113-06980.000-P,PUT,1,3360.0,3360.0,238590.0,237710.0,-880.0,,-880.0000000000001
one_contract_baseline,805,2026-01-13,2026-01-13T15:55:00+00:00,SPXW-20260113-06935.000-C,CALL,1,2860.0,2860.0,237710.0,237870.0,160.0,,159.99999999999977
one_contract_baseline,806,2026-01-13,2026-01-13T16:27:00+00:00,SPXW-20260113-06970.000-P,PUT,1,1610.0000000000002,1610.0000000000002,237870.0,237000.0,-870.0,,-870.0000000000001
one_contract_baseline,807,2026-01-14,2026-01-14T15:00:00+00:00,SPXW-20260114-06910.000-P,PUT,1,1800.0,1800.0,237000.0,236890.0,-110.0,,-110.00000000000014
one_contract_baseline,808,2026-01-14,2026-01-14T15:17:00+00:00,SPXW-20260114-06910.000-C,CALL,1,2370.0,2370.0,236890.0,236410.0,-480.0,,-480.00000000000006
one_contract_baseline,809,2026-01-14,2026-01-14T15:28:00+00:00,SPXW-20260114-06915.000-P,PUT,1,1020.0,1020.0,236410.0,237220.0,810.0,,810.0000000000001
one_contract_baseline,810,2026-01-14,2026-01-14T15:43:00+00:00,SPXW-20260114-06910.000-P,PUT,1,1180.0,1180.0,237220.0,238510.0,1290.0,,1289.9999999999998
one_contract_baseline,811,2026-01-15,2026-01-15T15:01:00+00:00,SPXW-20260115-06995.000-P,PUT,1,3240.0,3240.0,238510.0,238630.0,120.0,,120.00000000000028
one_contract_baseline,812,2026-01-15,2026-01-15T15:23:00+00:00,SPXW-20260115-06935.000-C,CALL,1,3500.0,3500.0,238630.0,239050.0,420.0,,420.0000000000003
one_contract_baseline,813,2026-01-15,2026-01-15T15:48:00+00:00,SPXW-20260115-06965.000-P,PUT,1,1150.0,1150.0,239050.0,238640.0,-410.0,,-409.99999999999994
one_contract_baseline,814,2026-01-16,2026-01-16T15:00:00+00:00,SPXW-20260116-06975.000-P,PUT,1,3340.0,3340.0,238640.0,238630.0,-10.0,,-10.000000000000142
one_contract_baseline,815,2026-01-16,2026-01-16T15:25:00+00:00,SPXW-20260116-06960.000-P,PUT,1,1630.0,1630.0,238630.0,240350.0,1720.0,,1720.0
one_contract_baseline,816,2026-01-20,2026-01-20T15:05:00+00:00,SPXW-20260120-06820.000-C,CALL,1,3429.9999999999995,3429.9999999999995,240350.0,241490.0,1140.0,,1140.0000000000005
one_contract_baseline,817,2026-01-20,2026-01-20T15:30:00+00:00,SPXW-20260120-06845.000-C,CALL,1,2650.0,2650.0,241490.0,241740.0,250.0,,250.0
one_contract_baseline,818,2026-01-20,2026-01-20T15:56:00+00:00,SPXW-20260120-06880.000-P,PUT,1,2930.0,2930.0,241740.0,241500.0,-240.0,,-240.00000000000023
one_contract_baseline,819,2026-01-20,2026-01-20T16:21:00+00:00,SPXW-20260120-06840.000-C,CALL,1,2590.0,2590.0,241500.0,241620.0,120.0,,120.00000000000028
one_contract_baseline,820,2026-01-21,2026-01-21T18:30:00+00:00,SPXW-20260121-06810.000-C,CALL,1,2310.0,2310.0,241620.0,241840.0,220.0,,219.99999999999991
one_contract_baseline,821,2026-01-21,2026-01-21T18:55:00+00:00,SPXW-20260121-06840.000-P,PUT,1,1140.0,1140.0,241840.0,242350.0,510.0,,509.99999999999994
one_contract_baseline,822,2026-01-21,2026-01-21T19:19:00+00:00,SPXW-20260121-06800.000-C,CALL,1,2710.0,2710.0,242350.0,245970.0,3620.0,,3619.999999999999
one_contract_baseline,823,2026-01-21,2026-01-21T19:34:00+00:00,SPXW-20260121-06870.000-C,CALL,1,880.0000000000001,880.0000000000001,245970.0,247220.0,1250.0,,1250.0
one_contract_baseline,824,2026-01-22,2026-01-22T15:00:00+00:00,SPXW-20260122-06925.000-P,PUT,1,2870.0,2870.0,247220.0,247740.0,520.0,,519.9999999999999
one_contract_baseline,825,2026-01-22,2026-01-22T15:28:00+00:00,SPXW-20260122-06880.000-C,CALL,1,3279.9999999999995,3279.9999999999995,247740.0,248120.0,380.0,,380.00000000000045
one_contract_baseline,826,2026-01-22,2026-01-22T15:42:00+00:00,SPXW-20260122-06885.000-C,CALL,1,3200.0,3200.0,248120.0,248190.0,70.0,,70.00000000000028
one_contract_baseline,827,2026-01-22,2026-01-22T16:11:00+00:00,SPXW-20260122-06890.000-C,CALL,1,3120.0,3120.0,248190.0,248440.0,250.0,,250.0000000000003
one_contract_baseline,828,2026-01-23,2026-01-23T15:02:00+00:00,SPXW-20260123-06885.000-C,CALL,1,3210.0,3210.0,248440.0,248440.0,0.0,,0.0
one_contract_baseline,829,2026-01-23,2026-01-23T15:29:00+00:00,SPXW-20260123-06890.000-C,CALL,1,2960.0,2960.0,248440.0,248670.0,230.0,,229.99999999999972
one_contract_baseline,830,2026-01-23,2026-01-23T16:17:00+00:00,SPXW-20260123-06900.000-C,CALL,1,2970.0,2970.0,248670.0,248630.0,-40.0,,-39.99999999999986
one_contract_baseline,831,2026-01-26,2026-01-26T15:14:00+00:00,SPXW-20260126-06920.000-C,CALL,1,3150.0,3150.0,248630.0,248800.0,170.0,,170.00000000000028
one_contract_baseline,832,2026-01-26,2026-01-26T15:51:00+00:00,SPXW-20260126-06925.000-C,CALL,1,3030.0,3030.0,248800.0,248680.0,-120.0,,-119.99999999999991
one_contract_baseline,833,2026-01-27,2026-01-27T15:06:00+00:00,SPXW-20260127-06940.000-C,CALL,1,3150.0,3150.0,248680.0,249030.0,350.0,,350.0
one_contract_baseline,834,2026-01-27,2026-01-27T15:23:00+00:00,SPXW-20260127-06945.000-C,CALL,1,3080.0,3080.0,249030.0,249880.0,850.0,,849.9999999999997
one_contract_baseline,835,2026-01-27,2026-01-27T15:53:00+00:00,SPXW-20260127-06950.000-C,CALL,1,3379.9999999999995,3379.9999999999995,249880.0,250160.0,280.0,,280.00000000000045
one_contract_baseline,836,2026-01-27,2026-01-27T16:18:00+00:00,SPXW-20260127-06955.000-C,CALL,1,3210.0,3210.0,250160.0,250250.0,90.0,,89.99999999999986
one_contract_baseline,837,2026-01-28,2026-01-28T15:01:00+00:00,SPXW-20260128-07025.000-P,PUT,1,3410.0,3410.0,250250.0,251040.0,790.0,,789.9999999999999
one_contract_baseline,838,2026-01-28,2026-01-28T15:26:00+00:00,SPXW-20260128-07020.000-P,PUT,1,3379.9999999999995,3379.9999999999995,251040.0,251500.0,460.0,,460.0000000000001
one_contract_baseline,839,2026-01-28,2026-01-28T15:47:00+00:00,SPXW-20260128-07015.000-P,PUT,1,3520.0000000000005,3520.0000000000005,251500.0,251810.0,310.0,,309.99999999999943
one_contract_baseline,840,2026-01-29,2026-01-29T15:00:00+00:00,SPXW-20260129-06955.000-P,PUT,1,2730.0,2730.0,251810.0,252670.0,860.0,,859.9999999999998
one_contract_baseline,841,2026-01-29,2026-01-29T15:11:00+00:00,SPXW-20260129-06905.000-C,CALL,1,3200.0,3200.0,252670.0,252700.0,30.0,,29.999999999999716
one_contract_baseline,842,2026-01-29,2026-01-29T15:27:00+00:00,SPXW-20260129-06950.000-P,PUT,1,3300.0,3300.0,252700.0,256280.0,3580.0,,3579.9999999999995
one_contract_baseline,843,2026-01-29,2026-01-29T18:30:00+00:00,SPXW-20260129-06955.000-P,PUT,1,2430.0,2430.0,256280.0,256360.0,80.0,,80.00000000000007
one_contract_baseline,844,2026-01-29,2026-01-29T18:37:00+00:00,SPXW-20260129-06920.000-C,CALL,1,1620.0,1620.0,256360.0,256700.0,340.0,,340.0000000000002
one_contract_baseline,845,2026-01-29,2026-01-29T19:29:00+00:00,SPXW-20260129-06920.000-C,CALL,1,2440.0,2440.0,256700.0,256110.0,-590.0,,-589.9999999999999
one_contract_baseline,846,2026-01-30,2026-01-30T15:02:00+00:00,SPXW-20260130-06975.000-P,PUT,1,3450.0,3450.0,256110.0,255490.0,-620.0,,-619.9999999999999
one_contract_baseline,847,2026-01-30,2026-01-30T15:28:00+00:00,SPXW-20260130-06975.000-P,PUT,1,3420.0000000000005,3420.0000000000005,255490.0,255890.0,400.0,,400.0
one_contract_baseline,848,2026-02-02,2026-02-02T19:05:00+00:00,SPXW-20260202-06965.000-C,CALL,1,2510.0,2510.0,255890.0,255880.0,-10.0,,-10.000000000000142
one_contract_baseline,849,2026-02-03,2026-02-03T15:00:00+00:00,SPXW-20260203-06970.000-P,PUT,1,2040.0,2040.0,255880.0,256490.0,610.0,,610.0000000000001
one_contract_baseline,850,2026-02-03,2026-02-03T15:16:00+00:00,SPXW-20260203-06925.000-C,CALL,1,2700.0,2700.0,256490.0,256610.0,120.0,,119.99999999999991
one_contract_baseline,851,2026-02-03,2026-02-03T15:31:00+00:00,SPXW-20260203-06975.000-P,PUT,1,3520.0000000000005,3520.0000000000005,256610.0,257110.0,500.0,,500.0
one_contract_baseline,852,2026-02-03,2026-02-03T16:04:00+00:00,SPXW-20260203-06975.000-P,PUT,1,3020.0,3020.0,257110.0,258390.0,1280.0,,1280.0
one_contract_baseline,853,2026-02-04,2026-02-04T15:01:00+00:00,SPXW-20260204-06900.000-P,PUT,1,2450.0,2450.0,258390.0,257040.0,-1350.0,,-1350.0
one_contract_baseline,854,2026-02-04,2026-02-04T15:26:00+00:00,SPXW-20260204-06945.000-P,PUT,1,2840.0,2840.0,257040.0,259050.0,2010.0,,2010.0
one_contract_baseline,855,2026-02-04,2026-02-04T15:38:00+00:00,SPXW-20260204-06880.000-C,CALL,1,3200.0,3200.0,259050.0,259510.0,460.0,,460.0000000000001
one_contract_baseline,856,2026-02-04,2026-02-04T16:02:00+00:00,SPXW-20260204-06925.000-P,PUT,1,3140.0,3140.0,259510.0,260100.0,590.0,,589.9999999999999
one_contract_baseline,857,2026-02-04,2026-02-04T16:19:00+00:00,SPXW-20260204-06900.000-P,PUT,1,2140.0,2140.0,260100.0,260130.0,30.0,,30.00000000000007
one_contract_baseline,858,2026-02-05,2026-02-05T15:57:00+00:00,SPXW-20260205-06795.000-P,PUT,1,2680.0,2680.0,260130.0,260190.0,60.0,,59.99999999999979
one_contract_baseline,859,2026-02-05,2026-02-05T16:15:00+00:00,SPXW-20260205-06765.000-C,CALL,1,3220.0000000000005,3220.0000000000005,260190.0,263450.0,3260.0,,3259.9999999999995
one_contract_baseline,860,2026-02-05,2026-02-05T18:30:00+00:00,SPXW-20260205-06785.000-C,CALL,1,3400.0,3400.0,263450.0,263210.0,-240.0,,-239.99999999999983
one_contract_baseline,861,2026-02-05,2026-02-05T18:46:00+00:00,SPXW-20260205-06835.000-P,PUT,1,2760.0,2760.0,263210.0,264220.0,1010.0,,1010.0
one_contract_baseline,862,2026-02-05,2026-02-05T19:01:00+00:00,SPXW-20260205-06830.000-P,PUT,1,2820.0,2820.0,264220.0,262740.0,-1480.0,,-1480.0
one_contract_baseline,863,2026-02-05,2026-02-05T19:16:00+00:00,SPXW-20260205-06795.000-C,CALL,1,3510.0,3510.0,262740.0,263240.0,500.0,,500.0
one_contract_baseline,864,2026-02-05,2026-02-05T19:44:00+00:00,SPXW-20260205-06835.000-P,PUT,1,2510.0,2510.0,263240.0,263560.0,320.0,,319.99999999999994
one_contract_baseline,865,2026-02-09,2026-02-09T15:12:00+00:00,SPXW-20260209-06910.000-C,CALL,1,3190.0,3190.0,263560.0,264140.0,580.0,,580.0000000000005
one_contract_baseline,866,2026-02-09,2026-02-09T18:32:00+00:00,SPXW-20260209-06960.000-C,CALL,1,1070.0,1070.0,264140.0,264340.0,200.0,,200.0
one_contract_baseline,867,2026-02-09,2026-02-09T19:04:00+00:00,SPXW-20260209-06940.000-C,CALL,1,3279.9999999999995,3279.9999999999995,264340.0,265040.0,700.0,,700.0
one_contract_baseline,868,2026-02-10,2026-02-10T15:01:00+00:00,SPXW-20260210-06950.000-C,CALL,1,3229.9999999999995,3229.9999999999995,265040.0,265170.0,130.0,,130.00000000000043
one_contract_baseline,869,2026-02-10,2026-02-10T15:26:00+00:00,SPXW-20260210-06950.000-C,CALL,1,3100.0,3100.0,265170.0,265300.0,130.0,,129.99999999999972
one_contract_baseline,870,2026-02-11,2026-02-11T15:00:00+00:00,SPXW-20260211-06985.000-P,PUT,1,2860.0,2860.0,265300.0,268220.0,2920.0,,2919.9999999999995
one_contract_baseline,871,2026-02-11,2026-02-11T15:29:00+00:00,SPXW-20260211-06925.000-P,PUT,1,2060.0,2060.0,268220.0,267190.0,-1030.0,,-1030.0
one_contract_baseline,872,2026-02-11,2026-02-11T16:26:00+00:00,SPXW-20260211-06955.000-P,PUT,1,1360.0,1360.0,267190.0,267930.0,740.0,,740.0
one_contract_baseline,873,2026-02-11,2026-02-11T18:41:00+00:00,SPXW-20260211-06950.000-P,PUT,1,1090.0,1090.0,267930.0,267600.0,-330.0,,-330.00000000000006
one_contract_baseline,874,2026-02-11,2026-02-11T19:19:00+00:00,SPXW-20260211-06925.000-C,CALL,1,2930.0,2930.0,267600.0,267910.0,310.0,,309.9999999999998
one_contract_baseline,875,2026-02-12,2026-02-12T15:00:00+00:00,SPXW-20260212-06970.000-P,PUT,1,2700.0,2700.0,267910.0,267700.0,-210.0,,-210.00000000000017
one_contract_baseline,876,2026-02-12,2026-02-12T15:26:00+00:00,SPXW-20260212-06980.000-P,PUT,1,3170.0,3170.0,267700.0,270310.0,2610.0,,2610.0
one_contract_baseline,877,2026-02-13,2026-02-13T15:00:00+00:00,SPXW-20260213-06810.000-C,CALL,1,3360.0,3360.0,270310.0,271580.0,1270.0,,1269.9999999999995
one_contract_baseline,878,2026-02-13,2026-02-13T15:20:00+00:00,SPXW-20260213-06820.000-C,CALL,1,3160.0,3160.0,271580.0,273440.0,1860.0,,1860.0
one_contract_baseline,879,2026-02-13,2026-02-13T15:51:00+00:00,SPXW-20260213-06830.000-C,CALL,1,2680.0,2680.0,273440.0,274130.0,690.0,,690.0000000000002
one_contract_baseline,880,2026-02-13,2026-02-13T16:12:00+00:00,SPXW-20260213-06860.000-P,PUT,1,2410.0,2410.0,274130.0,274530.0,400.0,,400.0
one_contract_baseline,881,2026-02-13,2026-02-13T18:30:00+00:00,SPXW-20260213-06860.000-C,CALL,1,1970.0,1970.0,274530.0,274800.0,270.0,,269.99999999999994
one_contract_baseline,882,2026-02-13,2026-02-13T18:45:00+00:00,SPXW-20260213-06850.000-C,CALL,1,2370.0,2370.0,274800.0,274570.0,-230.0,,-230.00000000000009
one_contract_baseline,883,2026-02-13,2026-02-13T20:29:00+00:00,SPXW-20260213-06805.000-C,CALL,1,2110.0,2110.0,274570.0,274400.0,-170.0,,-170.00000000000028
one_contract_baseline,884,2026-02-17,2026-02-17T15:03:00+00:00,SPXW-20260217-06775.000-C,CALL,1,3210.0,3210.0,274400.0,275240.0,840.0,,839.9999999999999
one_contract_baseline,885,2026-02-17,2026-02-17T15:28:00+00:00,SPXW-20260217-06810.000-P,PUT,1,3200.0,3200.0,275240.0,276200.0,960.0,,960.0
one_contract_baseline,886,2026-02-17,2026-02-17T15:47:00+00:00,SPXW-20260217-06765.000-C,CALL,1,3490.0,3490.0,276200.0,279980.0,3780.0,,3780.000000000001
one_contract_baseline,887,2026-02-18,2026-02-18T18:34:00+00:00,SPXW-20260218-06875.000-C,CALL,1,2160.0,2160.0,279980.0,279870.0,-110.0,,-110.00000000000014
one_contract_baseline,888,2026-02-18,2026-02-18T18:44:00+00:00,SPXW-20260218-06870.000-C,CALL,1,2150.0,2150.0,279870.0,279900.0,30.0,,30.00000000000007
one_contract_baseline,889,2026-02-18,2026-02-18T19:10:00+00:00,SPXW-20260218-06875.000-C,CALL,1,1420.0,1420.0,279900.0,279310.0,-590.0,,-589.9999999999999
one_contract_baseline,890,2026-02-18,2026-02-18T19:39:00+00:00,SPXW-20260218-06840.000-C,CALL,1,3070.0,3070.0,279310.0,279820.0,510.0,,509.9999999999998
one_contract_baseline,891,2026-02-19,2026-02-19T15:00:00+00:00,SPXW-20260219-06885.000-P,PUT,1,2860.0,2860.0,279820.0,280180.0,360.0,,360.0000000000001
one_contract_baseline,892,2026-02-19,2026-02-19T15:28:00+00:00,SPXW-20260219-06885.000-P,PUT,1,3220.0000000000005,3220.0000000000005,280180.0,279750.0,-430.0,,-430.00000000000045
one_contract_baseline,893,2026-02-19,2026-02-19T15:52:00+00:00,SPXW-20260219-06835.000-C,CALL,1,3429.9999999999995,3429.9999999999995,279750.0,279870.0,120.0,,120.00000000000028
one_contract_baseline,894,2026-02-19,2026-02-19T16:28:00+00:00,SPXW-20260219-06880.000-P,PUT,1,2150.0,2150.0,279870.0,280050.0,180.0,,180.00000000000006
one_contract_baseline,895,2026-02-19,2026-02-19T18:30:00+00:00,SPXW-20260219-06820.000-C,CALL,1,2540.0,2540.0,280050.0,280070.0,20.0,,20.000000000000284
one_contract_baseline,896,2026-02-20,2026-02-20T15:07:00+00:00,SPXW-20260220-06860.000-C,CALL,1,2640.0,2640.0,280070.0,281180.0,1110.0,,1110.0000000000002
one_contract_baseline,897,2026-02-20,2026-02-20T15:31:00+00:00,SPXW-20260220-06870.000-C,CALL,1,2780.0,2780.0,281180.0,281360.0,180.0,,180.00000000000006
one_contract_baseline,898,2026-02-20,2026-02-20T18:30:00+00:00,SPXW-20260220-06870.000-C,CALL,1,2140.0,2140.0,281360.0,282210.0,850.0,,850.0
one_contract_baseline,899,2026-02-20,2026-02-20T19:11:00+00:00,SPXW-20260220-06880.000-C,CALL,1,2870.0,2870.0,282210.0,282130.0,-80.0,,-80.00000000000007
one_contract_baseline,900,2026-02-20,2026-02-20T19:58:00+00:00,SPXW-20260220-06880.000-C,CALL,1,1960.0,1960.0,282130.0,282550.0,420.0,,419.99999999999994
one_contract_baseline,901,2026-02-23,2026-02-23T15:00:00+00:00,SPXW-20260223-06900.000-P,PUT,1,2750.0,2750.0,282550.0,283760.0,1210.0,,1210.0000000000002
one_contract_baseline,902,2026-02-23,2026-02-23T15:27:00+00:00,SPXW-20260223-06885.000-P,PUT,1,2880.0,2880.0,283760.0,284300.0,540.0,,540.0000000000002
one_contract_baseline,903,2026-02-23,2026-02-23T18:30:00+00:00,SPXW-20260223-06870.000-P,PUT,1,1870.0,1870.0,284300.0,284350.0,50.0,,50.0
one_contract_baseline,904,2026-02-23,2026-02-23T18:41:00+00:00,SPXW-20260223-06860.000-P,PUT,1,1410.0,1410.0,284350.0,284550.0,200.0,,200.00000000000017
one_contract_baseline,905,2026-02-24,2026-02-24T15:00:00+00:00,SPXW-20260224-06865.000-P,PUT,1,2740.0,2740.0,284550.0,284350.0,-200.0,,-200.0
one_contract_baseline,906,2026-02-24,2026-02-24T15:16:00+00:00,SPXW-20260224-06840.000-C,CALL,1,2200.0,2200.0,284350.0,286130.0,1780.0,,1779.9999999999998
one_contract_baseline,907,2026-02-24,2026-02-24T18:31:00+00:00,SPXW-20260224-06875.000-C,CALL,1,1420.0,1420.0,286130.0,286670.0,540.0,,540.0000000000002
one_contract_baseline,908,2026-02-24,2026-02-24T19:08:00+00:00,SPXW-20260224-06860.000-C,CALL,1,2980.0,2980.0,286670.0,286380.0,-290.0,,-290.0000000000002
one_contract_baseline,909,2026-02-25,2026-02-25T15:06:00+00:00,SPXW-20260225-06945.000-P,PUT,1,2290.0,2290.0,286380.0,286590.0,210.0,,210.00000000000017
one_contract_baseline,910,2026-02-25,2026-02-25T15:31:00+00:00,SPXW-20260225-06895.000-C,CALL,1,3490.0,3490.0,286590.0,285820.0,-770.0,,-769.9999999999999
one_contract_baseline,911,2026-02-26,2026-02-26T15:00:00+00:00,SPXW-20260226-06950.000-P,PUT,1,3320.0000000000005,3320.0000000000005,285820.0,286260.0,440.0,,439.9999999999999
one_contract_baseline,912,2026-02-26,2026-02-26T15:26:00+00:00,SPXW-20260226-06855.000-C,CALL,1,3060.0,3060.0,286260.0,286860.0,600.0,,600.0
one_contract_baseline,913,2026-02-26,2026-02-26T15:42:00+00:00,SPXW-20260226-06900.000-P,PUT,1,2640.0,2640.0,286860.0,286040.0,-820.0,,-819.9999999999999
one_contract_baseline,914,2026-02-27,2026-02-27T15:01:00+00:00,SPXW-20260227-06825.000-C,CALL,1,3420.0000000000005,3420.0000000000005,286040.0,286610.0,570.0,,569.9999999999995
one_contract_baseline,915,2026-02-27,2026-02-27T15:32:00+00:00,SPXW-20260227-06885.000-P,PUT,1,3340.0,3340.0,286610.0,286320.0,-290.0,,-289.9999999999999
one_contract_baseline,916,2026-02-27,2026-02-27T16:10:00+00:00,SPXW-20260227-06835.000-C,CALL,1,3500.0,3500.0,286320.0,287010.0,690.0,,689.9999999999999
one_contract_baseline,917,2026-02-27,2026-02-27T18:31:00+00:00,SPXW-20260227-06830.000-C,CALL,1,2730.0,2730.0,287010.0,287150.0,140.0,,139.99999999999986
one_contract_baseline,918,2026-02-27,2026-02-27T19:10:00+00:00,SPXW-20260227-06880.000-P,PUT,1,2740.0,2740.0,287150.0,287260.0,110.0,,110.00000000000014
one_contract_baseline,919,2026-03-02,2026-03-02T18:32:00+00:00,SPXW-20260302-06850.000-C,CALL,1,3200.0,3200.0,287260.0,286390.0,-870.0,,-869.9999999999999
one_contract_baseline,920,2026-03-02,2026-03-02T19:01:00+00:00,SPXW-20260302-06850.000-C,CALL,1,2060.0,2060.0,286390.0,288450.0,2060.0,,2060.0
one_contract_baseline,921,2026-03-02,2026-03-02T19:54:00+00:00,SPXW-20260302-06885.000-C,CALL,1,1540.0,1540.0,288450.0,288140.0,-310.0,,-309.99999999999994
one_contract_baseline,922,2026-03-02,2026-03-02T20:11:00+00:00,SPXW-20260302-06850.000-C,CALL,1,2400.0,2400.0,288140.0,288780.0,640.0,,639.9999999999999
one_contract_baseline,923,2026-03-03,2026-03-03T15:31:00+00:00,SPXW-20260303-06700.000-C,CALL,1,3310.0,3310.0,288780.0,289900.0,1120.0,,1119.9999999999995
one_contract_baseline,924,2026-03-03,2026-03-03T15:50:00+00:00,SPXW-20260303-06735.000-P,PUT,1,2660.0,2660.0,289900.0,290200.0,300.0,,300.0
one_contract_baseline,925,2026-03-03,2026-03-03T15:56:00+00:00,SPXW-20260303-06710.000-C,CALL,1,2810.0,2810.0,290200.0,293040.0,2840.0,,2840.0
one_contract_baseline,926,2026-03-03,2026-03-03T16:13:00+00:00,SPXW-20260303-06735.000-C,CALL,1,3440.0,3440.0,293040.0,294110.0,1070.0,,1070.0000000000002
one_contract_baseline,927,2026-03-03,2026-03-03T19:11:00+00:00,SPXW-20260303-06800.000-C,CALL,1,1930.0,1930.0,294110.0,295300.0,1190.0,,1189.9999999999998
one_contract_baseline,928,2026-03-03,2026-03-03T19:36:00+00:00,SPXW-20260303-06785.000-C,CALL,1,2690.0,2690.0,295300.0,298050.0,2750.0,,2750.0
one_contract_baseline,929,2026-03-04,2026-03-04T15:03:00+00:00,SPXW-20260304-06860.000-P,PUT,1,3500.0,3500.0,298050.0,296210.0,-1840.0,,-1840.0
one_contract_baseline,930,2026-03-04,2026-03-04T15:43:00+00:00,SPXW-20260304-06840.000-C,CALL,1,2790.0,2790.0,296210.0,296470.0,260.0,,260.0000000000001
one_contract_baseline,931,2026-03-04,2026-03-04T16:06:00+00:00,SPXW-20260304-06855.000-C,CALL,1,2510.0,2510.0,296470.0,295900.0,-570.0,,-570.0000000000002
one_contract_baseline,932,2026-03-04,2026-03-04T18:30:00+00:00,SPXW-20260304-06865.000-C,CALL,1,1530.0,1530.0,295900.0,296070.0,170.0,,169.99999999999994
one_contract_baseline,933,2026-03-04,2026-03-04T19:04:00+00:00,SPXW-20260304-06855.000-C,CALL,1,2860.0,2860.0,296070.0,296070.0,0.0,,0.0
one_contract_baseline,934,2026-03-05,2026-03-05T15:07:00+00:00,SPXW-20260305-06880.000-P,PUT,1,3370.0000000000005,3370.0000000000005,296070.0,299720.0,3650.0,,3650.0
one_contract_baseline,935,2026-03-05,2026-03-05T15:37:00+00:00,SPXW-20260305-06805.000-C,CALL,1,2580.0,2580.0,299720.0,300620.0,900.0,,899.9999999999997
one_contract_baseline,936,2026-03-05,2026-03-05T15:50:00+00:00,SPXW-20260305-06805.000-C,CALL,1,3210.0,3210.0,300620.0,299640.0,-980.0,,-980.0
one_contract_baseline,937,2026-03-05,2026-03-05T18:38:00+00:00,SPXW-20260305-06750.000-C,CALL,1,3410.0,3410.0,299640.0,300600.0,960.0,,960.0
one_contract_baseline,938,2026-03-05,2026-03-05T19:05:00+00:00,SPXW-20260305-06760.000-C,CALL,1,2620.0,2620.0,300600.0,300970.0,370.0,,369.99999999999994
one_contract_baseline,939,2026-03-06,2026-03-06T15:00:00+00:00,SPXW-20260306-06710.000-C,CALL,1,3479.9999999999995,3479.9999999999995,300970.0,302340.0,1370.0,,1370.0000000000002
one_contract_baseline,940,2026-03-06,2026-03-06T16:18:00+00:00,SPXW-20260306-06735.000-C,CALL,1,3240.0,3240.0,302340.0,302420.0,80.0,,80.00000000000043
one_contract_baseline,941,2026-03-06,2026-03-06T18:30:00+00:00,SPXW-20260306-06730.000-C,CALL,1,3460.0,3460.0,302420.0,302340.0,-80.0,,-80.00000000000043
one_contract_baseline,942,2026-03-06,2026-03-06T18:58:00+00:00,SPXW-20260306-06725.000-C,CALL,1,3420.0000000000005,3420.0000000000005,302340.0,302980.0,640.0,,639.9999999999999
one_contract_baseline,943,2026-03-09,2026-03-09T14:04:00+00:00,SPXW-20260309-06650.000-C,CALL,1,3460.0,3460.0,302980.0,302800.0,-180.0,,-180.00000000000043
one_contract_baseline,944,2026-03-09,2026-03-09T14:30:00+00:00,SPXW-20260309-06640.000-C,CALL,1,3150.0,3150.0,302800.0,304290.0,1490.0,,1489.9999999999998
one_contract_baseline,945,2026-03-09,2026-03-09T17:30:00+00:00,SPXW-20260309-06670.000-C,CALL,1,3460.0,3460.0,304290.0,304110.0,-180.0,,-180.00000000000043
one_contract_baseline,946,2026-03-10,2026-03-10T14:00:00+00:00,SPXW-20260310-06790.000-P,PUT,1,3279.9999999999995,3279.9999999999995,304110.0,304760.0,650.0,,650.0
one_contract_baseline,947,2026-03-10,2026-03-10T14:15:00+00:00,SPXW-20260310-06785.000-P,PUT,1,3130.0,3130.0,304760.0,303080.0,-1680.0,,-1680.0
one_contract_baseline,948,2026-03-10,2026-03-10T17:39:00+00:00,SPXW-20260310-06815.000-C,CALL,1,1500.0,1500.0,303080.0,303640.0,560.0,,560.0000000000001
one_contract_baseline,949,2026-03-11,2026-03-11T14:00:00+00:00,SPXW-20260311-06785.000-C,CALL,1,2480.0,2480.0,303640.0,303580.0,-60.0,,-60.00000000000014
one_contract_baseline,950,2026-03-11,2026-03-11T14:33:00+00:00,SPXW-20260311-06790.000-P,PUT,1,3260.0,3260.0,303580.0,302050.0,-1530.0,,-1530.0
one_contract_baseline,951,2026-03-11,2026-03-11T15:12:00+00:00,SPXW-20260311-06770.000-P,PUT,1,1450.0,1450.0,302050.0,302730.0,680.0,,680.0000000000001
one_contract_baseline,952,2026-03-12,2026-03-12T14:04:00+00:00,SPXW-20260312-06735.000-P,PUT,1,3110.0,3110.0,302730.0,302790.0,60.0,,59.99999999999979
one_contract_baseline,953,2026-03-12,2026-03-12T14:13:00+00:00,SPXW-20260312-06740.000-P,PUT,1,3220.0000000000005,3220.0000000000005,302790.0,304090.0,1300.0,,1300.0
one_contract_baseline,954,2026-03-12,2026-03-12T14:44:00+00:00,SPXW-20260312-06675.000-C,CALL,1,3329.9999999999995,3329.9999999999995,304090.0,303920.0,-170.0,,-169.99999999999957
one_contract_baseline,955,2026-03-12,2026-03-12T17:31:00+00:00,SPXW-20260312-06725.000-P,PUT,1,2900.0,2900.0,303920.0,303940.0,20.0,,19.99999999999993
one_contract_baseline,956,2026-03-12,2026-03-12T17:40:00+00:00,SPXW-20260312-06680.000-C,CALL,1,3000.0,3000.0,303940.0,303140.0,-800.0,,-800.0
one_contract_baseline,957,2026-03-12,2026-03-12T18:12:00+00:00,SPXW-20260312-06725.000-P,PUT,1,2820.0,2820.0,303140.0,304060.0,920.0,,920.0
one_contract_baseline,958,2026-03-13,2026-03-13T14:30:00+00:00,SPXW-20260313-06685.000-C,CALL,1,2890.0,2890.0,304060.0,303040.0,-1020.0,,-1020.0
one_contract_baseline,959,2026-03-13,2026-03-13T15:12:00+00:00,SPXW-20260313-06650.000-C,CALL,1,3350.0,3350.0,303040.0,302870.0,-170.0,,-169.99999999999994
one_contract_baseline,960,2026-03-13,2026-03-13T17:30:00+00:00,SPXW-20260313-06665.000-P,PUT,1,1970.0,1970.0,302870.0,303220.0,350.0,,350.0
one_contract_baseline,961,2026-03-13,2026-03-13T17:49:00+00:00,SPXW-20260313-06650.000-P,PUT,1,1739.9999999999998,1739.9999999999998,303220.0,303520.0,300.0,,300.0
one_contract_baseline,962,2026-03-13,2026-03-13T18:04:00+00:00,SPXW-20260313-06610.000-C,CALL,1,3310.0,3310.0,303520.0,303770.0,250.0,,250.0
one_contract_baseline,963,2026-03-13,2026-03-13T18:29:00+00:00,SPXW-20260313-06620.000-C,CALL,1,2380.0,2380.0,303770.0,304800.0,1030.0,,1030.0
one_contract_baseline,964,2026-03-16,2026-03-16T14:41:00+00:00,SPXW-20260316-06670.000-C,CALL,1,3279.9999999999995,3279.9999999999995,304800.0,305440.0,640.0,,640.0000000000006
one_contract_baseline,965,2026-03-16,2026-03-16T14:59:00+00:00,SPXW-20260316-06675.000-C,CALL,1,3290.0,3290.0,305440.0,305550.0,110.0,,110.00000000000014
one_contract_baseline,966,2026-03-16,2026-03-16T15:11:00+00:00,SPXW-20260316-06725.000-P,PUT,1,3190.0,3190.0,305550.0,304140.0,-1410.0,,-1409.9999999999998
one_contract_baseline,967,2026-03-16,2026-03-16T17:30:00+00:00,SPXW-20260316-06670.000-C,CALL,1,3390.0,3390.0,304140.0,303480.0,-660.0,,-659.9999999999998
one_contract_baseline,968,2026-03-16,2026-03-16T17:55:00+00:00,SPXW-20260316-06665.000-C,CALL,1,3229.9999999999995,3229.9999999999995,303480.0,303660.0,180.0,,180.00000000000043
one_contract_baseline,969,2026-03-17,2026-03-17T14:04:00+00:00,SPXW-20260317-06715.000-C,CALL,1,3270.0000000000005,3270.0000000000005,303660.0,302940.0,-720.0,,-720.0000000000002
one_contract_baseline,970,2026-03-17,2026-03-17T14:31:00+00:00,SPXW-20260317-06745.000-P,PUT,1,1850.0,1850.0,302940.0,303020.0,80.0,,80.00000000000007
one_contract_baseline,971,2026-03-17,2026-03-17T14:43:00+00:00,SPXW-20260317-06710.000-C,CALL,1,3350.0,3350.0,303020.0,303220.0,200.0,,200.0
one_contract_baseline,972,2026-03-17,2026-03-17T15:04:00+00:00,SPXW-20260317-06765.000-P,PUT,1,3080.0,3080.0,303220.0,303860.0,640.0,,640.0000000000002
one_contract_baseline,973,2026-03-18,2026-03-18T14:00:00+00:00,SPXW-20260318-06725.000-P,PUT,1,3429.9999999999995,3429.9999999999995,303860.0,305460.0,1600.0,,1600.0
one_contract_baseline,974,2026-03-18,2026-03-18T14:25:00+00:00,SPXW-20260318-06705.000-P,PUT,1,3490.0,3490.0,305460.0,306290.0,830.0,,830.0000000000005
one_contract_baseline,975,2026-03-19,2026-03-19T14:31:00+00:00,SPXW-20260319-06550.000-C,CALL,1,3450.0,3450.0,306290.0,306700.0,410.0,,410.0000000000001
one_contract_baseline,976,2026-03-19,2026-03-19T14:55:00+00:00,SPXW-20260319-06605.000-P,PUT,1,2830.0,2830.0,306700.0,306360.0,-340.0,,-340.0000000000002
one_contract_baseline,977,2026-03-19,2026-03-19T15:05:00+00:00,SPXW-20260319-06570.000-C,CALL,1,3250.0,3250.0,306360.0,307130.0,770.0,,770.0000000000002
one_contract_baseline,978,2026-03-19,2026-03-19T15:19:00+00:00,SPXW-20260319-06615.000-P,PUT,1,2710.0,2710.0,307130.0,308030.0,900.0,,900.0
one_contract_baseline,979,2026-03-19,2026-03-19T17:30:00+00:00,SPXW-20260319-06550.000-C,CALL,1,3200.0,3200.0,308030.0,307860.0,-170.0,,-169.99999999999994
one_contract_baseline,980,2026-03-19,2026-03-19T17:56:00+00:00,SPXW-20260319-06610.000-P,PUT,1,2810.0,2810.0,307860.0,308520.0,660.0,,660.0000000000001
one_contract_baseline,981,2026-03-20,2026-03-20T14:00:00+00:00,SPXW-20260320-06580.000-P,PUT,1,3420.0000000000005,3420.0000000000005,308520.0,309070.0,550.0,,550.0
one_contract_baseline,982,2026-03-20,2026-03-20T14:30:00+00:00,SPXW-20260320-06520.000-C,CALL,1,3470.0000000000005,3470.0000000000005,309070.0,309440.0,370.0,,369.99999999999955
one_contract_baseline,983,2026-03-20,2026-03-20T14:49:00+00:00,SPXW-20260320-06530.000-C,CALL,1,3220.0000000000005,3220.0000000000005,309440.0,309380.0,-60.0,,-60.00000000000014
one_contract_baseline,984,2026-03-20,2026-03-20T15:16:00+00:00,SPXW-20260320-06585.000-P,PUT,1,3460.0,3460.0,309380.0,310290.0,910.0,,910.0
one_contract_baseline,985,2026-03-20,2026-03-20T15:23:00+00:00,SPXW-20260320-06520.000-C,CALL,1,3329.9999999999995,3329.9999999999995,310290.0,310660.0,370.0,,370.0000000000003
one_contract_baseline,986,2026-03-20,2026-03-20T17:36:00+00:00,SPXW-20260320-06545.000-P,PUT,1,1530.0,1530.0,310660.0,310730.0,70.0,,69.99999999999993
one_contract_baseline,987,2026-03-20,2026-03-20T18:04:00+00:00,SPXW-20260320-06565.000-P,PUT,1,3110.0,3110.0,310730.0,311170.0,440.0,,439.9999999999999
one_contract_baseline,988,2026-03-23,2026-03-23T17:30:00+00:00,SPXW-20260323-06565.000-C,CALL,1,2260.0,2260.0,311170.0,312500.0,1330.0,,1329.9999999999998
one_contract_baseline,989,2026-03-23,2026-03-23T17:56:00+00:00,SPXW-20260323-06590.000-C,CALL,1,1940.0,1940.0,312500.0,312620.0,120.0,,120.00000000000028
one_contract_baseline,990,2026-03-23,2026-03-23T18:07:00+00:00,SPXW-20260323-06605.000-P,PUT,1,1100.0,1100.0,312620.0,312680.0,60.0,,59.999999999999964
one_contract_baseline,991,2026-03-23,2026-03-23T18:16:00+00:00,SPXW-20260323-06610.000-P,PUT,1,1360.0,1360.0,312680.0,312960.0,280.0,,279.9999999999999
one_contract_baseline,992,2026-03-23,2026-03-23T18:25:00+00:00,SPXW-20260323-06575.000-C,CALL,1,2880.0,2880.0,312960.0,314610.0,1650.0,,1649.9999999999995
one_contract_baseline,993,2026-03-23,2026-03-23T18:42:00+00:00,SPXW-20260323-06595.000-C,CALL,1,2080.0,2080.0,314610.0,314960.0,350.0,,350.0
one_contract_baseline,994,2026-03-24,2026-03-24T14:00:00+00:00,SPXW-20260324-06520.000-C,CALL,1,3370.0000000000005,3370.0000000000005,314960.0,315470.0,510.0,,509.99999999999943
one_contract_baseline,995,2026-03-24,2026-03-24T14:40:00+00:00,SPXW-20260324-06535.000-C,CALL,1,3040.0,3040.0,315470.0,316480.0,1010.0,,1010.0
one_contract_baseline,996,2026-03-24,2026-03-24T17:30:00+00:00,SPXW-20260324-06530.000-C,CALL,1,3329.9999999999995,3329.9999999999995,316480.0,316270.0,-210.0,,-209.99999999999977
one_contract_baseline,997,2026-03-24,2026-03-24T17:55:00+00:00,SPXW-20260324-06550.000-C,CALL,1,1520.0,1520.0,316270.0,317020.0,750.0,,750.0
one_contract_baseline,998,2026-03-25,2026-03-25T14:10:00+00:00,SPXW-20260325-06620.000-P,PUT,1,3390.0,3390.0,317020.0,316500.0,-520.0,,-519.9999999999999
one_contract_baseline,999,2026-03-25,2026-03-25T14:20:00+00:00,SPXW-20260325-06595.000-C,CALL,1,2310.0,2310.0,316500.0,316730.0,230.0,,229.99999999999972
one_contract_baseline,1000,2026-03-25,2026-03-25T14:36:00+00:00,SPXW-20260325-06630.000-P,PUT,1,2840.0,2840.0,316730.0,316570.0,-160.0,,-159.99999999999977
one_contract_baseline,1001,2026-03-25,2026-03-25T14:48:00+00:00,SPXW-20260325-06590.000-C,CALL,1,3190.0,3190.0,316570.0,316620.0,50.0,,50.0
one_contract_baseline,1002,2026-03-25,2026-03-25T15:16:00+00:00,SPXW-20260325-06580.000-P,PUT,1,1220.0,1220.0,316620.0,318060.0,1440.0,,1440.0000000000002
one_contract_baseline,1003,2026-03-25,2026-03-25T15:24:00+00:00,SPXW-20260325-06580.000-C,CALL,1,2370.0,2370.0,318060.0,318930.0,870.0,,869.9999999999999
one_contract_baseline,1004,2026-03-26,2026-03-26T14:47:00+00:00,SPXW-20260326-06540.000-C,CALL,1,2370.0,2370.0,318930.0,318710.0,-220.0,,-219.99999999999991
one_contract_baseline,1005,2026-03-26,2026-03-26T15:04:00+00:00,SPXW-20260326-06565.000-P,PUT,1,2490.0,2490.0,318710.0,318780.0,70.0,,70.00000000000028
one_contract_baseline,1006,2026-03-26,2026-03-26T15:16:00+00:00,SPXW-20260326-06565.000-P,PUT,1,2540.0,2540.0,318780.0,319000.0,220.0,,220.00000000000028
one_contract_baseline,1007,2026-03-26,2026-03-26T15:29:00+00:00,SPXW-20260326-06575.000-P,PUT,1,3440.0,3440.0,319000.0,319590.0,590.0,,589.9999999999999
one_contract_baseline,1008,2026-03-26,2026-03-26T17:31:00+00:00,SPXW-20260326-06530.000-P,PUT,1,2320.0,2320.0,319590.0,319830.0,240.0,,240.00000000000023
one_contract_baseline,1009,2026-03-26,2026-03-26T18:28:00+00:00,SPXW-20260326-06525.000-P,PUT,1,3490.0,3490.0,319830.0,319060.0,-770.0,,-769.9999999999999
one_contract_baseline,1010,2026-03-27,2026-03-27T14:01:00+00:00,SPXW-20260327-06425.000-P,PUT,1,2510.0,2510.0,319060.0,319230.0,170.0,,169.99999999999994
one_contract_baseline,1011,2026-03-27,2026-03-27T14:11:00+00:00,SPXW-20260327-06405.000-C,CALL,1,2810.0,2810.0,319230.0,320280.0,1050.0,,1050.0
one_contract_baseline,1012,2026-03-27,2026-03-27T14:26:00+00:00,SPXW-20260327-06440.000-P,PUT,1,3000.0,3000.0,320280.0,320530.0,250.0,,250.0
one_contract_baseline,1013,2026-03-27,2026-03-27T14:38:00+00:00,SPXW-20260327-06435.000-P,PUT,1,2960.0,2960.0,320530.0,320380.0,-150.0,,-150.0
one_contract_baseline,1014,2026-03-27,2026-03-27T14:49:00+00:00,SPXW-20260327-06400.000-C,CALL,1,3260.0,3260.0,320380.0,320700.0,320.0,,319.99999999999955
one_contract_baseline,1015,2026-03-27,2026-03-27T15:03:00+00:00,SPXW-20260327-06405.000-C,CALL,1,3360.0,3360.0,320700.0,320090.0,-610.0,,-610.0000000000001
one_contract_baseline,1016,2026-03-27,2026-03-27T15:23:00+00:00,SPXW-20260327-06420.000-C,CALL,1,1730.0,1730.0,320090.0,321540.0,1450.0,,1450.0
one_contract_baseline,1017,2026-03-27,2026-03-27T18:41:00+00:00,SPXW-20260327-06355.000-C,CALL,1,2940.0,2940.0,321540.0,320710.0,-830.0,,-829.9999999999998
one_contract_baseline,1018,2026-03-30,2026-03-30T14:15:00+00:00,SPXW-20260330-06405.000-P,PUT,1,3030.0,3030.0,320710.0,320990.0,280.0,,280.00000000000006
one_contract_baseline,1019,2026-03-30,2026-03-30T14:35:00+00:00,SPXW-20260330-06400.000-P,PUT,1,2950.0,2950.0,320990.0,321480.0,490.0,,489.9999999999999
one_contract_baseline,1020,2026-03-30,2026-03-30T14:46:00+00:00,SPXW-20260330-06355.000-C,CALL,1,3180.0,3180.0,321480.0,322820.0,1340.0,,1340.0000000000002
one_contract_baseline,1021,2026-03-30,2026-03-30T15:20:00+00:00,SPXW-20260330-06365.000-C,CALL,1,3270.0000000000005,3270.0000000000005,322820.0,324170.0,1350.0,,1350.0
one_contract_baseline,1022,2026-03-30,2026-03-30T17:30:00+00:00,SPXW-20260330-06390.000-P,PUT,1,3379.9999999999995,3379.9999999999995,324170.0,324640.0,470.0,,470.0000000000003
one_contract_baseline,1023,2026-03-30,2026-03-30T17:36:00+00:00,SPXW-20260330-06335.000-C,CALL,1,2370.0,2370.0,324640.0,325730.0,1090.0,,1090.0000000000002
one_contract_baseline,1024,2026-03-30,2026-03-30T18:04:00+00:00,SPXW-20260330-06380.000-P,PUT,1,2370.0,2370.0,325730.0,326090.0,360.0,,360.0000000000001
one_contract_baseline,1025,2026-03-31,2026-03-31T14:46:00+00:00,SPXW-20260331-06405.000-C,CALL,1,3200.0,3200.0,326090.0,326480.0,390.0,,389.9999999999999
one_contract_baseline,1026,2026-03-31,2026-03-31T18:00:00+00:00,SPXW-20260331-06465.000-C,CALL,1,3030.0,3030.0,326480.0,327350.0,870.0,,869.9999999999999
one_contract_baseline,1027,2026-03-31,2026-03-31T18:27:00+00:00,SPXW-20260331-06465.000-C,CALL,1,3300.0,3300.0,327350.0,327900.0,550.0,,550.0
one_contract_baseline,1028,2026-03-31,2026-03-31T19:09:00+00:00,SPXW-20260331-06485.000-C,CALL,1,2360.0,2360.0,327900.0,329050.0,1150.0,,1150.0
one_contract_20pct_cap,1,2024-10-01,2024-10-01T14:15:00+00:00,SPXW-20241001-05710.000-P,PUT,0,2480.0,0.0,10000.0,10000.0,-0.0,premium_exposure_cap,-50.0
one_contract_20pct_cap,2,2024-10-01,2024-10-01T14:21:00+00:00,SPXW-20241001-05675.000-C,CALL,0,3100.0,0.0,10000.0,10000.0,0.0,premium_exposure_cap,300.0
one_contract_20pct_cap,3,2024-10-01,2024-10-01T14:41:00+00:00,SPXW-20241001-05675.000-C,CALL,0,3400.0,0.0,10000.0,10000.0,-0.0,premium_exposure_cap,-460.0000000000001
one_contract_20pct_cap,4,2024-10-01,2024-10-01T15:19:00+00:00,SPXW-20241001-05665.000-C,CALL,0,2640.0,0.0,10000.0,10000.0,0.0,premium_exposure_cap,2430.0000000000005
one_contract_20pct_cap,5,2024-10-01,2024-10-01T17:31:00+00:00,SPXW-20241001-05680.000-C,CALL,1,1590.0,1590.0,10000.0,11510.0,1510.0,,1510.0
one_contract_20pct_cap,6,2024-10-01,2024-10-01T18:43:00+00:00,SPXW-20241001-05715.000-C,CALL,1,1300.0,1300.0,11510.0,11340.0,-170.0,,-169.99999999999994
one_contract_20pct_cap,7,2024-10-01,2024-10-01T19:14:00+00:00,SPXW-20241001-05695.000-C,CALL,0,2620.0,0.0,11340.0,11340.0,0.0,premium_exposure_cap,350.0
one_contract_20pct_cap,8,2024-10-02,2024-10-02T14:00:00+00:00,SPXW-20241002-05675.000-C,CALL,0,2540.0,0.0,11340.0,11340.0,0.0,premium_exposure_cap,620.0000000000002
one_contract_20pct_cap,9,2024-10-02,2024-10-02T14:25:00+00:00,SPXW-20241002-05665.000-C,CALL,0,3520.0000000000005,0.0,11340.0,11340.0,0.0,premium_exposure_cap,1789.9999999999998
one_contract_20pct_cap,10,2024-10-02,2024-10-02T15:19:00+00:00,SPXW-20241002-05685.000-C,CALL,0,3420.0000000000005,0.0,11340.0,11340.0,0.0,premium_exposure_cap,100.0
one_contract_20pct_cap,11,2024-10-03,2024-10-03T14:00:00+00:00,SPXW-20241003-05690.000-C,CALL,1,2050.0,2050.0,11340.0,12580.0,1240.0,,1239.9999999999998
one_contract_20pct_cap,12,2024-10-03,2024-10-03T14:13:00+00:00,SPXW-20241003-05705.000-P,PUT,1,920.0,920.0,12580.0,13880.0,1300.0,,1300.0
one_contract_20pct_cap,13,2024-10-03,2024-10-03T14:32:00+00:00,SPXW-20241003-05680.000-C,CALL,1,2180.0,2180.0,13880.0,14240.0,360.0,,359.9999999999998
one_contract_20pct_cap,14,2024-10-03,2024-10-03T14:51:00+00:00,SPXW-20241003-05695.000-C,CALL,1,1590.0,1590.0,14240.0,13890.0,-350.0,,-350.0
one_contract_20pct_cap,15,2024-10-04,2024-10-04T14:02:00+00:00,SPXW-20241004-05700.000-C,CALL,0,3250.0,0.0,13890.0,13890.0,-0.0,premium_exposure_cap,-869.9999999999999
one_contract_20pct_cap,16,2024-10-04,2024-10-04T14:27:00+00:00,SPXW-20241004-05720.000-P,PUT,1,1990.0,1990.0,13890.0,14400.0,510.0,,510.0000000000001
one_contract_20pct_cap,17,2024-10-04,2024-10-04T14:40:00+00:00,SPXW-20241004-05680.000-C,CALL,0,3229.9999999999995,0.0,14400.0,14400.0,0.0,premium_exposure_cap,1280.0000000000005
one_contract_20pct_cap,18,2024-10-04,2024-10-04T15:13:00+00:00,SPXW-20241004-05750.000-P,PUT,0,3020.0,0.0,14400.0,14400.0,0.0,premium_exposure_cap,1390.0000000000002
one_contract_20pct_cap,19,2024-10-07,2024-10-07T14:04:00+00:00,SPXW-20241007-05715.000-C,CALL,1,2220.0,2220.0,14400.0,14700.0,300.0,,300.0
one_contract_20pct_cap,20,2024-10-07,2024-10-07T14:29:00+00:00,SPXW-20241007-05705.000-C,CALL,0,3210.0,0.0,14700.0,14700.0,-0.0,premium_exposure_cap,-130.00000000000006
one_contract_20pct_cap,21,2024-10-07,2024-10-07T14:51:00+00:00,SPXW-20241007-05725.000-C,CALL,1,1520.0,1520.0,14700.0,14730.0,30.0,,30.00000000000007
one_contract_20pct_cap,22,2024-10-07,2024-10-07T15:20:00+00:00,SPXW-20241007-05705.000-C,CALL,0,3360.0,0.0,14730.0,14730.0,-0.0,premium_exposure_cap,-30.000000000000423
one_contract_20pct_cap,23,2024-10-08,2024-10-08T14:00:00+00:00,SPXW-20241008-05710.000-C,CALL,1,2340.0,2340.0,14730.0,14670.0,-60.0,,-59.99999999999979
one_contract_20pct_cap,24,2024-10-08,2024-10-08T14:25:00+00:00,SPXW-20241008-05710.000-C,CALL,1,2180.0,2180.0,14670.0,15770.0,1100.0,,1099.9999999999995
one_contract_20pct_cap,25,2024-10-09,2024-10-09T14:00:00+00:00,SPXW-20241009-05725.000-C,CALL,0,3379.9999999999995,0.0,15770.0,15770.0,0.0,premium_exposure_cap,160.00000000000014
one_contract_20pct_cap,26,2024-10-09,2024-10-09T14:25:00+00:00,SPXW-20241009-05730.000-C,CALL,0,3270.0000000000005,0.0,15770.0,15770.0,0.0,premium_exposure_cap,119.99999999999956
one_contract_20pct_cap,27,2024-10-09,2024-10-09T14:39:00+00:00,SPXW-20241009-05730.000-C,CALL,0,3440.0,0.0,15770.0,15770.0,0.0,premium_exposure_cap,750.0
one_contract_20pct_cap,28,2024-10-10,2024-10-10T14:00:00+00:00,SPXW-20241010-05760.000-C,CALL,1,2090.0,2090.0,15770.0,16430.0,660.0,,660.0000000000001
one_contract_20pct_cap,29,2024-10-10,2024-10-10T14:26:00+00:00,SPXW-20241010-05750.000-C,CALL,1,3150.0,3150.0,16430.0,16400.0,-30.0,,-30.00000000000007
one_contract_20pct_cap,30,2024-10-11,2024-10-11T14:01:00+00:00,SPXW-20241011-05775.000-C,CALL,1,2110.0,2110.0,16400.0,18550.0,2150.0,,2150.0
one_contract_20pct_cap,31,2024-10-11,2024-10-11T15:04:00+00:00,SPXW-20241011-05790.000-C,CALL,1,2470.0,2470.0,18550.0,18620.0,70.0,,69.99999999999993
one_contract_20pct_cap,32,2024-10-11,2024-10-11T15:27:00+00:00,SPXW-20241011-05790.000-C,CALL,1,2430.0,2430.0,18620.0,18760.0,140.0,,139.99999999999986
one_contract_20pct_cap,33,2024-10-11,2024-10-11T17:30:00+00:00,SPXW-20241011-05780.000-C,CALL,1,2930.0,2930.0,18760.0,19070.0,310.0,,309.9999999999998
one_contract_20pct_cap,34,2024-10-14,2024-10-14T14:00:00+00:00,SPXW-20241014-05820.000-C,CALL,1,3450.0,3450.0,19070.0,18860.0,-210.0,,-210.00000000000017
one_contract_20pct_cap,35,2024-10-14,2024-10-14T14:23:00+00:00,SPXW-20241014-05835.000-C,CALL,1,1990.0,1990.0,18860.0,18980.0,120.0,,120.00000000000028
one_contract_20pct_cap,36,2024-10-14,2024-10-14T14:36:00+00:00,SPXW-20241014-05835.000-C,CALL,1,2340.0,2340.0,18980.0,18140.0,-840.0,,-839.9999999999999
one_contract_20pct_cap,37,2024-10-14,2024-10-14T15:02:00+00:00,SPXW-20241014-05835.000-C,CALL,0,1510.0,0.0,18140.0,18140.0,0.0,daily_loss_stop,250.00000000000017
one_contract_20pct_cap,38,2024-10-15,2024-10-15T14:10:00+00:00,SPXW-20241015-05880.000-P,PUT,1,2130.0,2130.0,18140.0,18270.0,130.0,,130.00000000000006
one_contract_20pct_cap,39,2024-10-15,2024-10-15T14:35:00+00:00,SPXW-20241015-05850.000-P,PUT,1,1290.0,1290.0,18270.0,18810.0,540.0,,540.0
one_contract_20pct_cap,40,2024-10-16,2024-10-16T14:03:00+00:00,SPXW-20241016-05790.000-C,CALL,1,2540.0,2540.0,18810.0,20110.0,1300.0,,1300.0
one_contract_20pct_cap,41,2024-10-16,2024-10-16T14:28:00+00:00,SPXW-20241016-05805.000-C,CALL,1,2540.0,2540.0,20110.0,19530.0,-580.0,,-579.9999999999998
one_contract_20pct_cap,42,2024-10-16,2024-10-16T14:54:00+00:00,SPXW-20241016-05790.000-C,CALL,1,3279.9999999999995,3279.9999999999995,19530.0,19740.0,210.0,,210.00000000000017
one_contract_20pct_cap,43,2024-10-17,2024-10-17T14:01:00+00:00,SPXW-20241017-05860.000-P,PUT,1,1150.0,1150.0,19740.0,20150.0,410.0,,409.99999999999994
one_contract_20pct_cap,44,2024-10-17,2024-10-17T14:37:00+00:00,SPXW-20241017-05865.000-P,PUT,1,1630.0,1630.0,20150.0,20280.0,130.0,,130.00000000000006
one_contract_20pct_cap,45,2024-10-17,2024-10-17T15:02:00+00:00,SPXW-20241017-05870.000-P,PUT,1,2400.0,2400.0,20280.0,19780.0,-500.0,,-500.0
one_contract_20pct_cap,46,2024-10-17,2024-10-17T18:11:00+00:00,SPXW-20241017-05855.000-P,PUT,1,1130.0,1130.0,19780.0,19920.0,140.0,,139.99999999999986
one_contract_20pct_cap,47,2024-10-18,2024-10-18T14:03:00+00:00,SPXW-20241018-05830.000-C,CALL,1,2620.0,2620.0,19920.0,19910.0,-10.0,,-9.999999999999789
one_contract_20pct_cap,48,2024-10-18,2024-10-18T14:40:00+00:00,SPXW-20241018-05840.000-C,CALL,1,1789.9999999999998,1789.9999999999998,19910.0,20000.0,90.0,,90.00000000000021
one_contract_20pct_cap,49,2024-10-18,2024-10-18T15:06:00+00:00,SPXW-20241018-05845.000-C,CALL,1,1440.0,1440.0,20000.0,20150.0,150.0,,150.0
one_contract_20pct_cap,50,2024-10-18,2024-10-18T17:31:00+00:00,SPXW-20241018-05850.000-C,CALL,1,1600.0,1600.0,20150.0,20290.0,140.0,,139.99999999999986
one_contract_20pct_cap,51,2024-10-18,2024-10-18T18:09:00+00:00,SPXW-20241018-05850.000-C,CALL,1,1689.9999999999998,1689.9999999999998,20290.0,20590.0,300.0,,300.0
one_contract_20pct_cap,52,2024-10-21,2024-10-21T14:03:00+00:00,SPXW-20241021-05845.000-C,CALL,1,1840.0,1840.0,20590.0,20730.0,140.0,,140.00000000000023
one_contract_20pct_cap,53,2024-10-21,2024-10-21T14:28:00+00:00,SPXW-20241021-05870.000-P,PUT,1,1490.0,1490.0,20730.0,21770.0,1040.0,,1040.0
one_contract_20pct_cap,54,2024-10-21,2024-10-21T15:02:00+00:00,SPXW-20241021-05845.000-P,PUT,1,960.0,960.0,21770.0,22760.0,990.0,,990.0
one_contract_20pct_cap,55,2024-10-22,2024-10-22T14:01:00+00:00,SPXW-20241022-05815.000-C,CALL,1,2160.0,2160.0,22760.0,23020.0,260.0,,259.9999999999998
one_contract_20pct_cap,56,2024-10-22,2024-10-22T14:27:00+00:00,SPXW-20241022-05810.000-C,CALL,1,2620.0,2620.0,23020.0,22940.0,-80.0,,-80.00000000000007
one_contract_20pct_cap,57,2024-10-22,2024-10-22T14:44:00+00:00,SPXW-20241022-05845.000-P,PUT,1,1670.0,1670.0,22940.0,22280.0,-660.0,,-660.0
one_contract_20pct_cap,58,2024-10-23,2024-10-23T14:04:00+00:00,SPXW-20241023-05840.000-P,PUT,1,1580.0,1580.0,22280.0,22560.0,280.0,,280.00000000000006
one_contract_20pct_cap,59,2024-10-23,2024-10-23T14:54:00+00:00,SPXW-20241023-05835.000-P,PUT,1,1540.0,1540.0,22560.0,22630.0,70.0,,70.00000000000011
one_contract_20pct_cap,60,2024-10-23,2024-10-23T15:11:00+00:00,SPXW-20241023-05835.000-P,PUT,1,1870.0,1870.0,22630.0,23450.0,820.0,,819.9999999999999
one_contract_20pct_cap,61,2024-10-24,2024-10-24T14:02:00+00:00,SPXW-20241024-05790.000-C,CALL,1,2680.0,2680.0,23450.0,23200.0,-250.0,,-250.0
one_contract_20pct_cap,62,2024-10-24,2024-10-24T14:32:00+00:00,SPXW-20241024-05795.000-C,CALL,1,2170.0,2170.0,23200.0,22820.0,-380.0,,-380.00000000000006
one_contract_20pct_cap,63,2024-10-25,2024-10-25T14:01:00+00:00,SPXW-20241025-05840.000-C,CALL,1,1960.0,1960.0,22820.0,23040.0,220.0,,219.99999999999991
one_contract_20pct_cap,64,2024-10-25,2024-10-25T15:26:00+00:00,SPXW-20241025-05855.000-P,PUT,1,1190.0,1190.0,23040.0,23860.0,820.0,,820.0000000000001
one_contract_20pct_cap,65,2024-10-25,2024-10-25T17:30:00+00:00,SPXW-20241025-05835.000-P,PUT,1,1540.0,1540.0,23860.0,24460.0,600.0,,599.9999999999998
one_contract_20pct_cap,66,2024-10-25,2024-10-25T17:47:00+00:00,SPXW-20241025-05780.000-C,CALL,1,3290.0,3290.0,24460.0,25190.0,730.0,,730.0000000000005
one_contract_20pct_cap,67,2024-10-25,2024-10-25T18:13:00+00:00,SPXW-20241025-05780.000-C,CALL,1,2620.0,2620.0,25190.0,25890.0,700.0,,700.0000000000003
one_contract_20pct_cap,68,2024-10-28,2024-10-28T14:23:00+00:00,SPXW-20241028-05810.000-C,CALL,1,3100.0,3100.0,25890.0,25920.0,30.0,,30.00000000000007
one_contract_20pct_cap,69,2024-10-28,2024-10-28T14:49:00+00:00,SPXW-20241028-05820.000-C,CALL,1,2340.0,2340.0,25920.0,25710.0,-210.0,,-209.99999999999977
one_contract_20pct_cap,70,2024-10-29,2024-10-29T14:01:00+00:00,SPXW-20241029-05785.000-C,CALL,1,3400.0,3400.0,25710.0,26080.0,370.0,,370.0000000000003
one_contract_20pct_cap,71,2024-10-29,2024-10-29T14:30:00+00:00,SPXW-20241029-05810.000-C,CALL,1,1810.0,1810.0,26080.0,26440.0,360.0,,359.9999999999998
one_contract_20pct_cap,72,2024-10-29,2024-10-29T14:57:00+00:00,SPXW-20241029-05805.000-C,CALL,1,2780.0,2780.0,26440.0,26480.0,40.0,,39.99999999999986
one_contract_20pct_cap,73,2024-10-30,2024-10-30T14:00:00+00:00,SPXW-20241030-05810.000-C,CALL,1,2950.0,2950.0,26480.0,27050.0,570.0,,570.0000000000002
one_contract_20pct_cap,74,2024-10-30,2024-10-30T14:37:00+00:00,SPXW-20241030-05825.000-C,CALL,1,2210.0,2210.0,27050.0,26990.0,-60.0,,-60.00000000000014
one_contract_20pct_cap,75,2024-10-30,2024-10-30T15:01:00+00:00,SPXW-20241030-05825.000-C,CALL,1,1930.0,1930.0,26990.0,26840.0,-150.0,,-150.0
one_contract_20pct_cap,76,2024-10-31,2024-10-31T14:17:00+00:00,SPXW-20241031-05720.000-C,CALL,1,3400.0,3400.0,26840.0,25820.0,-1020.0,,-1020.0
one_contract_20pct_cap,77,2024-10-31,2024-10-31T15:20:00+00:00,SPXW-20241031-05710.000-C,CALL,0,2340.0,0.0,25820.0,25820.0,-0.0,daily_loss_stop,-309.9999999999998
one_contract_20pct_cap,78,2024-10-31,2024-10-31T18:30:00+00:00,SPXW-20241031-05705.000-C,CALL,0,1890.0,0.0,25820.0,25820.0,-0.0,daily_loss_stop,-219.99999999999991
one_contract_20pct_cap,79,2024-10-31,2024-10-31T19:20:00+00:00,SPXW-20241031-05705.000-C,CALL,0,2670.0,0.0,25820.0,25820.0,-0.0,daily_loss_stop,-530.0000000000001
one_contract_20pct_cap,80,2024-11-01,2024-11-01T14:07:00+00:00,SPXW-20241101-05730.000-C,CALL,1,2640.0,2640.0,25820.0,26990.0,1170.0,,1170.0000000000002
one_contract_20pct_cap,81,2024-11-01,2024-11-01T15:04:00+00:00,SPXW-20241101-05745.000-C,CALL,1,2200.0,2200.0,26990.0,27060.0,70.0,,69.99999999999993
one_contract_20pct_cap,82,2024-11-01,2024-11-01T18:04:00+00:00,SPXW-20241101-05715.000-C,CALL,1,2360.0,2360.0,27060.0,27000.0,-60.0,,-60.00000000000014
one_contract_20pct_cap,83,2024-11-01,2024-11-01T18:38:00+00:00,SPXW-20241101-05750.000-P,PUT,1,1410.0,1410.0,27000.0,26930.0,-70.0,,-69.99999999999993
one_contract_20pct_cap,84,2024-11-01,2024-11-01T19:06:00+00:00,SPXW-20241101-05710.000-C,CALL,1,2970.0,2970.0,26930.0,27540.0,610.0,,609.9999999999998
one_contract_20pct_cap,85,2024-11-04,2024-11-04T15:01:00+00:00,SPXW-20241104-05700.000-C,CALL,1,3479.9999999999995,3479.9999999999995,27540.0,27690.0,150.0,,150.0
one_contract_20pct_cap,86,2024-11-04,2024-11-04T15:29:00+00:00,SPXW-20241104-05720.000-C,CALL,1,2270.0,2270.0,27690.0,27600.0,-90.0,,-89.99999999999986
one_contract_20pct_cap,87,2024-11-05,2024-11-05T15:08:00+00:00,SPXW-20241105-05745.000-C,CALL,1,2110.0,2110.0,27600.0,27820.0,220.0,,219.99999999999991
one_contract_20pct_cap,88,2024-11-05,2024-11-05T15:36:00+00:00,SPXW-20241105-05740.000-C,CALL,1,2630.0,2630.0,27820.0,28450.0,630.0,,630.0000000000001
one_contract_20pct_cap,89,2024-11-05,2024-11-05T16:07:00+00:00,SPXW-20241105-05735.000-C,CALL,1,2860.0,2860.0,28450.0,28760.0,310.0,,309.9999999999998
one_contract_20pct_cap,90,2024-11-05,2024-11-05T16:24:00+00:00,SPXW-20241105-05740.000-C,CALL,1,2970.0,2970.0,28760.0,28940.0,180.0,,180.00000000000006
one_contract_20pct_cap,91,2024-11-05,2024-11-05T18:37:00+00:00,SPXW-20241105-05770.000-P,PUT,1,869.9999999999999,869.9999999999999,28940.0,28780.0,-160.0,,-159.99999999999997
one_contract_20pct_cap,92,2024-11-05,2024-11-05T19:00:00+00:00,SPXW-20241105-05740.000-C,CALL,1,3090.0,3090.0,28780.0,28990.0,210.0,,210.00000000000017
one_contract_20pct_cap,93,2024-11-05,2024-11-05T19:21:00+00:00,SPXW-20241105-05745.000-C,CALL,1,2640.0,2640.0,28990.0,29190.0,200.0,,200.0
one_contract_20pct_cap,94,2024-11-06,2024-11-06T15:00:00+00:00,SPXW-20241106-05860.000-C,CALL,1,3070.0,3070.0,29190.0,30640.0,1450.0,,1450.0000000000005
one_contract_20pct_cap,95,2024-11-06,2024-11-06T15:26:00+00:00,SPXW-20241106-05875.000-C,CALL,1,3240.0,3240.0,30640.0,29630.0,-1010.0,,-1009.9999999999998
one_contract_20pct_cap,96,2024-11-06,2024-11-06T16:00:00+00:00,SPXW-20241106-05910.000-P,PUT,1,2670.0,2670.0,29630.0,29040.0,-590.0,,-589.9999999999999
one_contract_20pct_cap,97,2024-11-06,2024-11-06T18:32:00+00:00,SPXW-20241106-05910.000-C,CALL,1,1340.0,1340.0,29040.0,29140.0,100.0,,100.0
one_contract_20pct_cap,98,2024-11-06,2024-11-06T18:54:00+00:00,SPXW-20241106-05890.000-C,CALL,1,3100.0,3100.0,29140.0,29120.0,-20.0,,-19.99999999999993
one_contract_20pct_cap,99,2024-11-06,2024-11-06T19:19:00+00:00,SPXW-20241106-05895.000-C,CALL,1,2640.0,2640.0,29120.0,29310.0,190.0,,190.00000000000023
one_contract_20pct_cap,100,2024-11-06,2024-11-06T19:36:00+00:00,SPXW-20241106-05895.000-C,CALL,1,2850.0,2850.0,29310.0,29210.0,-100.0,,-100.0
one_contract_20pct_cap,101,2024-11-07,2024-11-07T15:01:00+00:00,SPXW-20241107-05930.000-C,CALL,1,3420.0000000000005,3420.0000000000005,29210.0,29270.0,60.0,,59.99999999999943
one_contract_20pct_cap,102,2024-11-07,2024-11-07T15:36:00+00:00,SPXW-20241107-05935.000-C,CALL,1,3190.0,3190.0,29270.0,29650.0,380.0,,380.00000000000045
one_contract_20pct_cap,103,2024-11-08,2024-11-08T15:01:00+00:00,SPXW-20241108-05965.000-C,CALL,1,2770.0,2770.0,29650.0,29530.0,-120.0,,-119.99999999999991
one_contract_20pct_cap,104,2024-11-08,2024-11-08T15:27:00+00:00,SPXW-20241108-05975.000-C,CALL,1,1840.0,1840.0,29530.0,29630.0,100.0,,100.0
one_contract_20pct_cap,105,2024-11-11,2024-11-11T15:04:00+00:00,SPXW-20241111-06010.000-P,PUT,1,1030.0,1030.0,29630.0,29630.0,0.0,,0.0
one_contract_20pct_cap,106,2024-11-11,2024-11-11T15:55:00+00:00,SPXW-20241111-06000.000-C,CALL,1,1580.0,1580.0,29630.0,29470.0,-160.0,,-160.00000000000014
one_contract_20pct_cap,107,2024-11-12,2024-11-12T15:02:00+00:00,SPXW-20241112-06035.000-P,PUT,1,3150.0,3150.0,29470.0,30070.0,600.0,,600.0
one_contract_20pct_cap,108,2024-11-12,2024-11-12T15:44:00+00:00,SPXW-20241112-06010.000-P,PUT,1,1770.0,1770.0,30070.0,30340.0,270.0,,269.99999999999994
one_contract_20pct_cap,109,2024-11-13,2024-11-13T15:00:00+00:00,SPXW-20241113-05985.000-P,PUT,1,910.0,910.0,30340.0,31310.0,970.0,,970.0
one_contract_20pct_cap,110,2024-11-13,2024-11-13T15:32:00+00:00,SPXW-20241113-05960.000-C,CALL,1,2460.0,2460.0,31310.0,31580.0,270.0,,269.99999999999994
one_contract_20pct_cap,111,2024-11-13,2024-11-13T16:27:00+00:00,SPXW-20241113-05970.000-C,CALL,1,2490.0,2490.0,31580.0,31790.0,210.0,,210.00000000000017
one_contract_20pct_cap,112,2024-11-14,2024-11-14T15:12:00+00:00,SPXW-20241114-05985.000-P,PUT,1,1620.0,1620.0,31790.0,31630.0,-160.0,,-159.99999999999997
one_contract_20pct_cap,113,2024-11-14,2024-11-14T15:56:00+00:00,SPXW-20241114-05995.000-P,PUT,1,1689.9999999999998,1689.9999999999998,31630.0,32070.0,440.0,,440.0000000000002
one_contract_20pct_cap,114,2024-11-14,2024-11-14T20:06:00+00:00,SPXW-20241114-05955.000-P,PUT,1,730.0,730.0,32070.0,32020.0,-50.0,,-50.0
one_contract_20pct_cap,115,2024-11-15,2024-11-15T15:00:00+00:00,SPXW-20241115-05925.000-P,PUT,1,2740.0,2740.0,32020.0,33260.0,1240.0,,1239.9999999999998
one_contract_20pct_cap,116,2024-11-15,2024-11-15T15:26:00+00:00,SPXW-20241115-05900.000-P,PUT,1,2110.0,2110.0,33260.0,33420.0,160.0,,159.99999999999977
one_contract_20pct_cap,117,2024-11-15,2024-11-15T15:51:00+00:00,SPXW-20241115-05895.000-P,PUT,1,1530.0,1530.0,33420.0,33740.0,320.0,,319.99999999999994
one_contract_20pct_cap,118,2024-11-18,2024-11-18T15:01:00+00:00,SPXW-20241118-05845.000-C,CALL,1,2960.0,2960.0,33740.0,34360.0,620.0,,619.9999999999995
one_contract_20pct_cap,119,2024-11-18,2024-11-18T15:26:00+00:00,SPXW-20241118-05870.000-C,CALL,1,1739.9999999999998,1739.9999999999998,34360.0,35300.0,940.0,,940.0000000000002
one_contract_20pct_cap,120,2024-11-19,2024-11-19T15:01:00+00:00,SPXW-20241119-05840.000-C,CALL,1,2780.0,2780.0,35300.0,35620.0,320.0,,319.99999999999994
one_contract_20pct_cap,121,2024-11-19,2024-11-19T15:15:00+00:00,SPXW-20241119-05885.000-P,PUT,1,2410.0,2410.0,35620.0,34470.0,-1150.0,,-1150.0000000000002
one_contract_20pct_cap,122,2024-11-19,2024-11-19T15:41:00+00:00,SPXW-20241119-05855.000-C,CALL,0,3160.0,0.0,34470.0,34470.0,0.0,daily_loss_stop,779.9999999999998
one_contract_20pct_cap,123,2024-11-19,2024-11-19T18:33:00+00:00,SPXW-20241119-05890.000-C,CALL,0,1910.0,0.0,34470.0,34470.0,0.0,daily_loss_stop,1460.0000000000002
one_contract_20pct_cap,124,2024-11-19,2024-11-19T19:36:00+00:00,SPXW-20241119-05880.000-C,CALL,0,2630.0,0.0,34470.0,34470.0,0.0,daily_loss_stop,80.00000000000007
one_contract_20pct_cap,125,2024-11-20,2024-11-20T15:05:00+00:00,SPXW-20241120-05890.000-P,PUT,1,1430.0,1430.0,34470.0,35920.0,1450.0,,1450.0
one_contract_20pct_cap,126,2024-11-20,2024-11-20T15:24:00+00:00,SPXW-20241120-05845.000-C,CALL,1,2870.0,2870.0,35920.0,37130.0,1210.0,,1209.9999999999998
one_contract_20pct_cap,127,2024-11-20,2024-11-20T15:49:00+00:00,SPXW-20241120-05855.000-C,CALL,1,3200.0,3200.0,37130.0,37510.0,380.0,,379.9999999999997
one_contract_20pct_cap,128,2024-11-20,2024-11-20T16:06:00+00:00,SPXW-20241120-05890.000-P,PUT,1,1380.0,1380.0,37510.0,37980.0,470.0,,469.99999999999994
one_contract_20pct_cap,129,2024-11-20,2024-11-20T16:27:00+00:00,SPXW-20241120-05895.000-P,PUT,1,2400.0,2400.0,37980.0,38350.0,370.0,,369.99999999999994
one_contract_20pct_cap,130,2024-11-21,2024-11-21T15:01:00+00:00,SPXW-20241121-05915.000-P,PUT,1,2300.0,2300.0,38350.0,38810.0,460.0,,460.0000000000001
one_contract_20pct_cap,131,2024-11-21,2024-11-21T15:12:00+00:00,SPXW-20241121-05890.000-C,CALL,1,2300.0,2300.0,38810.0,40090.0,1280.0,,1279.9999999999998
one_contract_20pct_cap,132,2024-11-21,2024-11-21T15:26:00+00:00,SPXW-20241121-05915.000-P,PUT,1,2240.0,2240.0,40090.0,40970.0,880.0,,880.0000000000001
one_contract_20pct_cap,133,2024-11-21,2024-11-21T15:33:00+00:00,SPXW-20241121-05870.000-C,CALL,1,2920.0,2920.0,40970.0,44060.0,3090.0,,3090.0
one_contract_20pct_cap,134,2024-11-22,2024-11-22T15:01:00+00:00,SPXW-20241122-05950.000-C,CALL,1,2380.0,2380.0,44060.0,43400.0,-660.0,,-660.0000000000001
one_contract_20pct_cap,135,2024-11-22,2024-11-22T15:26:00+00:00,SPXW-20241122-05975.000-P,PUT,1,2150.0,2150.0,43400.0,43610.0,210.0,,210.00000000000017
one_contract_20pct_cap,136,2024-11-22,2024-11-22T15:38:00+00:00,SPXW-20241122-05950.000-C,CALL,1,1440.0,1440.0,43610.0,44110.0,500.0,,499.99999999999983
one_contract_20pct_cap,137,2024-11-22,2024-11-22T15:59:00+00:00,SPXW-20241122-05940.000-C,CALL,1,3070.0,3070.0,44110.0,43270.0,-840.0,,-839.9999999999999
one_contract_20pct_cap,138,2024-11-22,2024-11-22T18:30:00+00:00,SPXW-20241122-05950.000-C,CALL,0,2010.0,0.0,43270.0,43270.0,-0.0,daily_loss_stop,-510.0000000000001
one_contract_20pct_cap,139,2024-11-25,2024-11-25T15:00:00+00:00,SPXW-20241125-06010.000-P,PUT,1,1230.0,1230.0,43270.0,43950.0,680.0,,680.0000000000001
one_contract_20pct_cap,140,2024-11-25,2024-11-25T15:17:00+00:00,SPXW-20241125-06000.000-P,PUT,1,970.0,970.0,43950.0,44100.0,150.0,,150.0
one_contract_20pct_cap,141,2024-11-25,2024-11-25T15:39:00+00:00,SPXW-20241125-06010.000-P,PUT,1,1620.0,1620.0,44100.0,44420.0,320.0,,319.99999999999994
one_contract_20pct_cap,142,2024-11-25,2024-11-25T16:21:00+00:00,SPXW-20241125-05985.000-C,CALL,1,1350.0,1350.0,44420.0,43860.0,-560.0,,-560.0
one_contract_20pct_cap,143,2024-11-26,2024-11-26T15:02:00+00:00,SPXW-20241126-05975.000-C,CALL,1,2820.0,2820.0,43860.0,43440.0,-420.0,,-419.99999999999994
one_contract_20pct_cap,144,2024-11-26,2024-11-26T15:34:00+00:00,SPXW-20241126-06005.000-P,PUT,1,1200.0,1200.0,43440.0,43040.0,-400.0,,-400.0
one_contract_20pct_cap,145,2024-11-26,2024-11-26T16:01:00+00:00,SPXW-20241126-05975.000-C,CALL,0,3090.0,0.0,43040.0,43040.0,-0.0,daily_loss_stop,-69.99999999999993
one_contract_20pct_cap,146,2024-11-27,2024-11-27T15:01:00+00:00,SPXW-20241127-06025.000-P,PUT,1,1550.0,1550.0,43040.0,43190.0,150.0,,150.0
one_contract_20pct_cap,147,2024-11-27,2024-11-27T15:27:00+00:00,SPXW-20241127-06040.000-P,PUT,1,3329.9999999999995,3329.9999999999995,43190.0,43360.0,170.0,,170.00000000000028
one_contract_20pct_cap,148,2024-11-27,2024-11-27T15:48:00+00:00,SPXW-20241127-06005.000-P,PUT,1,740.0,740.0,43360.0,43520.0,160.0,,159.99999999999997
one_contract_20pct_cap,149,2024-11-27,2024-11-27T16:00:00+00:00,SPXW-20241127-06035.000-P,PUT,1,3490.0,3490.0,43520.0,43680.0,160.0,,160.00000000000014
one_contract_20pct_cap,150,2024-11-29,2024-11-29T15:00:00+00:00,SPXW-20241129-05985.000-C,CALL,1,3390.0,3390.0,43680.0,44390.0,710.0,,710.0000000000001
one_contract_20pct_cap,151,2024-12-02,2024-12-02T15:32:00+00:00,SPXW-20241202-06010.000-C,CALL,1,3470.0000000000005,3470.0000000000005,44390.0,44350.0,-40.0,,-40.00000000000057
one_contract_20pct_cap,152,2024-12-02,2024-12-02T15:55:00+00:00,SPXW-20241202-06070.000-P,PUT,1,2960.0,2960.0,44350.0,44110.0,-240.0,,-240.00000000000023
one_contract_20pct_cap,153,2024-12-03,2024-12-03T15:01:00+00:00,SPXW-20241203-06025.000-C,CALL,1,2270.0,2270.0,44110.0,43440.0,-670.0,,-669.9999999999999
one_contract_20pct_cap,154,2024-12-03,2024-12-03T15:26:00+00:00,SPXW-20241203-06045.000-P,PUT,1,1120.0,1120.0,43440.0,43470.0,30.0,,30.00000000000007
one_contract_20pct_cap,155,2024-12-04,2024-12-04T15:00:00+00:00,SPXW-20241204-06070.000-P,PUT,1,900.0,900.0,43470.0,43540.0,70.0,,69.99999999999993
one_contract_20pct_cap,156,2024-12-04,2024-12-04T15:15:00+00:00,SPXW-20241204-06095.000-P,PUT,1,3080.0,3080.0,43540.0,42900.0,-640.0,,-640.0000000000002
one_contract_20pct_cap,157,2024-12-04,2024-12-04T15:41:00+00:00,SPXW-20241204-06040.000-C,CALL,1,3240.0,3240.0,42900.0,43010.0,110.0,,110.00000000000014
one_contract_20pct_cap,158,2024-12-05,2024-12-05T15:01:00+00:00,SPXW-20241205-06055.000-C,CALL,1,3479.9999999999995,3479.9999999999995,43010.0,42310.0,-700.0,,-699.9999999999997
one_contract_20pct_cap,159,2024-12-05,2024-12-05T15:26:00+00:00,SPXW-20241205-06105.000-P,PUT,1,2380.0,2380.0,42310.0,42430.0,120.0,,119.99999999999991
one_contract_20pct_cap,160,2024-12-06,2024-12-06T15:06:00+00:00,SPXW-20241206-06085.000-C,CALL,1,1400.0,1400.0,42430.0,42610.0,180.0,,180.00000000000006
one_contract_20pct_cap,161,2024-12-06,2024-12-06T15:36:00+00:00,SPXW-20241206-06065.000-C,CALL,1,3370.0000000000005,3370.0000000000005,42610.0,42500.0,-110.0,,-110.00000000000014
one_contract_20pct_cap,162,2024-12-06,2024-12-06T16:13:00+00:00,SPXW-20241206-06095.000-P,PUT,1,930.0,930.0,42500.0,42620.0,120.0,,119.99999999999991
one_contract_20pct_cap,163,2024-12-09,2024-12-09T15:01:00+00:00,SPXW-20241209-06050.000-C,CALL,1,3379.9999999999995,3379.9999999999995,42620.0,41920.0,-700.0,,-699.9999999999997
one_contract_20pct_cap,164,2024-12-09,2024-12-09T15:26:00+00:00,SPXW-20241209-06110.000-P,PUT,1,3410.0,3410.0,41920.0,42230.0,310.0,,310.0000000000001
one_contract_20pct_cap,165,2024-12-09,2024-12-09T15:51:00+00:00,SPXW-20241209-06080.000-P,PUT,1,1739.9999999999998,1739.9999999999998,42230.0,42690.0,460.0,,460.0000000000001
one_contract_20pct_cap,166,2024-12-10,2024-12-10T15:01:00+00:00,SPXW-20241210-06025.000-C,CALL,1,3410.0,3410.0,42690.0,42860.0,170.0,,169.99999999999957
one_contract_20pct_cap,167,2024-12-10,2024-12-10T15:27:00+00:00,SPXW-20241210-06030.000-C,CALL,1,3260.0,3260.0,42860.0,42980.0,120.0,,119.99999999999956
one_contract_20pct_cap,168,2024-12-11,2024-12-11T15:05:00+00:00,SPXW-20241211-06040.000-C,CALL,1,3429.9999999999995,3429.9999999999995,42980.0,43230.0,250.0,,250.0
one_contract_20pct_cap,169,2024-12-11,2024-12-11T15:37:00+00:00,SPXW-20241211-06045.000-C,CALL,1,3190.0,3190.0,43230.0,43090.0,-140.0,,-139.99999999999986
one_contract_20pct_cap,170,2024-12-12,2024-12-12T15:09:00+00:00,SPXW-20241212-06095.000-P,PUT,1,3040.0,3040.0,43090.0,42010.0,-1080.0,,-1079.9999999999998
one_contract_20pct_cap,171,2024-12-12,2024-12-12T15:35:00+00:00,SPXW-20241212-06050.000-C,CALL,0,2580.0,0.0,42010.0,42010.0,-0.0,daily_loss_stop,-110.00000000000014
one_contract_20pct_cap,172,2024-12-13,2024-12-13T15:01:00+00:00,SPXW-20241213-06100.000-P,PUT,1,3279.9999999999995,3279.9999999999995,42010.0,42370.0,360.0,,360.0000000000001
one_contract_20pct_cap,173,2024-12-13,2024-12-13T15:26:00+00:00,SPXW-20241213-06090.000-P,PUT,1,3170.0,3170.0,42370.0,43230.0,860.0,,859.9999999999998
one_contract_20pct_cap,174,2024-12-16,2024-12-16T15:00:00+00:00,SPXW-20241216-06040.000-C,CALL,1,3050.0,3050.0,43230.0,43350.0,120.0,,119.99999999999991
one_contract_20pct_cap,175,2024-12-16,2024-12-16T15:26:00+00:00,SPXW-20241216-06055.000-C,CALL,1,1460.0,1460.0,43350.0,43900.0,550.0,,550.0000000000002
one_contract_20pct_cap,176,2024-12-16,2024-12-16T16:10:00+00:00,SPXW-20241216-06045.000-C,CALL,1,3120.0,3120.0,43900.0,43900.0,0.0,,0.0
one_contract_20pct_cap,177,2024-12-17,2024-12-17T15:00:00+00:00,SPXW-20241217-06055.000-P,PUT,1,1010.0,1010.0,43900.0,44320.0,420.0,,420.0000000000001
one_contract_20pct_cap,178,2024-12-17,2024-12-17T15:39:00+00:00,SPXW-20241217-06010.000-C,CALL,1,3240.0,3240.0,44320.0,44480.0,160.0,,160.00000000000014
one_contract_20pct_cap,179,2024-12-17,2024-12-17T15:58:00+00:00,SPXW-20241217-06025.000-C,CALL,1,2140.0,2140.0,44480.0,45070.0,590.0,,590.0000000000002
one_contract_20pct_cap,180,2024-12-17,2024-12-17T18:42:00+00:00,SPXW-20241217-06035.000-C,CALL,1,1520.0,1520.0,45070.0,45090.0,20.0,,20.000000000000107
one_contract_20pct_cap,181,2024-12-18,2024-12-18T15:01:00+00:00,SPXW-20241218-06025.000-C,CALL,1,3320.0000000000005,3320.0000000000005,45090.0,45400.0,310.0,,309.99999999999943
one_contract_20pct_cap,182,2024-12-18,2024-12-18T15:27:00+00:00,SPXW-20241218-06030.000-C,CALL,1,3370.0000000000005,3370.0000000000005,45400.0,45990.0,590.0,,589.9999999999999
one_contract_20pct_cap,183,2024-12-18,2024-12-18T16:15:00+00:00,SPXW-20241218-06090.000-P,PUT,1,3200.0,3200.0,45990.0,45640.0,-350.0,,-350.0
one_contract_20pct_cap,184,2024-12-19,2024-12-19T15:01:00+00:00,SPXW-20241219-05930.000-P,PUT,1,2940.0,2940.0,45640.0,46520.0,880.0,,880.0000000000005
one_contract_20pct_cap,185,2024-12-19,2024-12-19T15:13:00+00:00,SPXW-20241219-05885.000-C,CALL,1,3390.0,3390.0,46520.0,45200.0,-1320.0,,-1320.0
one_contract_20pct_cap,186,2024-12-19,2024-12-19T15:42:00+00:00,SPXW-20241219-05870.000-C,CALL,1,3130.0,3130.0,45200.0,45840.0,640.0,,640.0000000000002
one_contract_20pct_cap,187,2024-12-20,2024-12-20T15:13:00+00:00,SPXW-20241220-05840.000-C,CALL,1,3429.9999999999995,3429.9999999999995,45840.0,49980.0,4140.0,,4140.000000000001
one_contract_20pct_cap,188,2024-12-20,2024-12-20T18:30:00+00:00,SPXW-20241220-05930.000-C,CALL,1,2490.0,2490.0,49980.0,49860.0,-120.0,,-119.99999999999991
one_contract_20pct_cap,189,2024-12-23,2024-12-23T15:14:00+00:00,SPXW-20241223-05900.000-C,CALL,1,2510.0,2510.0,49860.0,50060.0,200.0,,200.0
one_contract_20pct_cap,190,2024-12-23,2024-12-23T15:48:00+00:00,SPXW-20241223-05940.000-P,PUT,1,2860.0,2860.0,50060.0,50120.0,60.0,,59.99999999999979
one_contract_20pct_cap,191,2024-12-23,2024-12-23T15:55:00+00:00,SPXW-20241223-05890.000-C,CALL,1,3110.0,3110.0,50120.0,51030.0,910.0,,910.0
one_contract_20pct_cap,192,2024-12-23,2024-12-23T18:30:00+00:00,SPXW-20241223-05945.000-C,CALL,1,1650.0,1650.0,51030.0,51230.0,200.0,,200.0
one_contract_20pct_cap,193,2024-12-23,2024-12-23T19:12:00+00:00,SPXW-20241223-05935.000-C,CALL,1,2980.0,2980.0,51230.0,51440.0,210.0,,209.99999999999977
one_contract_20pct_cap,194,2024-12-23,2024-12-23T20:11:00+00:00,SPXW-20241223-05930.000-C,CALL,1,2070.0,2070.0,51440.0,52030.0,590.0,,590.0000000000002
one_contract_20pct_cap,195,2024-12-24,2024-12-24T15:00:00+00:00,SPXW-20241224-05970.000-C,CALL,1,2930.0,2930.0,52030.0,52580.0,550.0,,549.9999999999997
one_contract_20pct_cap,196,2024-12-26,2024-12-26T15:00:00+00:00,SPXW-20241226-05995.000-C,CALL,1,3300.0,3300.0,52580.0,52400.0,-180.0,,-180.00000000000006
one_contract_20pct_cap,197,2024-12-26,2024-12-26T15:26:00+00:00,SPXW-20241226-05995.000-C,CALL,1,3470.0000000000005,3470.0000000000005,52400.0,52320.0,-80.0,,-80.00000000000043
one_contract_20pct_cap,198,2024-12-26,2024-12-26T15:56:00+00:00,SPXW-20241226-06005.000-C,CALL,1,2700.0,2700.0,52320.0,52970.0,650.0,,650.0
one_contract_20pct_cap,199,2024-12-27,2024-12-27T15:00:00+00:00,SPXW-20241227-06025.000-P,PUT,1,3500.0,3500.0,52970.0,56630.0,3660.0,,3659.999999999999
one_contract_20pct_cap,200,2024-12-27,2024-12-27T15:25:00+00:00,SPXW-20241227-05970.000-P,PUT,1,2010.0,2010.0,56630.0,57300.0,670.0,,669.9999999999999
one_contract_20pct_cap,201,2024-12-27,2024-12-27T15:41:00+00:00,SPXW-20241227-05925.000-C,CALL,1,3490.0,3490.0,57300.0,57950.0,650.0,,650.0
one_contract_20pct_cap,202,2024-12-27,2024-12-27T18:36:00+00:00,SPXW-20241227-05935.000-C,CALL,1,2140.0,2140.0,57950.0,58370.0,420.0,,420.0000000000003
one_contract_20pct_cap,203,2024-12-30,2024-12-30T15:02:00+00:00,SPXW-20241230-05900.000-P,PUT,1,2890.0,2890.0,58370.0,58650.0,280.0,,280.00000000000006
one_contract_20pct_cap,204,2024-12-30,2024-12-30T15:27:00+00:00,SPXW-20241230-05890.000-P,PUT,1,2750.0,2750.0,58650.0,57120.0,-1530.0,,-1530.0
one_contract_20pct_cap,205,2024-12-30,2024-12-30T16:18:00+00:00,SPXW-20241230-05895.000-C,CALL,0,1600.0,0.0,57120.0,57120.0,0.0,daily_loss_stop,1180.0
one_contract_20pct_cap,206,2024-12-30,2024-12-30T18:31:00+00:00,SPXW-20241230-05900.000-C,CALL,0,3190.0,0.0,57120.0,57120.0,0.0,daily_loss_stop,500.0
one_contract_20pct_cap,207,2024-12-30,2024-12-30T19:08:00+00:00,SPXW-20241230-05900.000-C,CALL,0,3020.0,0.0,57120.0,57120.0,-0.0,daily_loss_stop,-19.99999999999993
one_contract_20pct_cap,208,2024-12-30,2024-12-30T20:02:00+00:00,SPXW-20241230-05905.000-C,CALL,0,2780.0,0.0,57120.0,57120.0,0.0,daily_loss_stop,39.99999999999986
one_contract_20pct_cap,209,2024-12-31,2024-12-31T15:07:00+00:00,SPXW-20241231-05940.000-P,PUT,1,3240.0,3240.0,57120.0,56820.0,-300.0,,-300.0
one_contract_20pct_cap,210,2024-12-31,2024-12-31T15:33:00+00:00,SPXW-20241231-05945.000-P,PUT,1,3229.9999999999995,3229.9999999999995,56820.0,57380.0,560.0,,560.0000000000001
one_contract_20pct_cap,211,2024-12-31,2024-12-31T16:03:00+00:00,SPXW-20241231-05935.000-P,PUT,1,3360.0,3360.0,57380.0,58010.0,630.0,,629.9999999999998
one_contract_20pct_cap,212,2025-07-01,2025-07-01T14:01:00+00:00,SPXW-20250701-06165.000-C,CALL,1,3340.0,3340.0,58010.0,58320.0,310.0,,310.0000000000001
one_contract_20pct_cap,213,2025-07-01,2025-07-01T14:27:00+00:00,SPXW-20250701-06210.000-P,PUT,1,1770.0,1770.0,58320.0,58540.0,220.0,,219.99999999999991
one_contract_20pct_cap,214,2025-07-01,2025-07-01T14:31:00+00:00,SPXW-20250701-06170.000-C,CALL,1,2850.0,2850.0,58540.0,57990.0,-550.0,,-550.0
one_contract_20pct_cap,215,2025-07-01,2025-07-01T15:02:00+00:00,SPXW-20250701-06180.000-C,CALL,1,1600.0,1600.0,57990.0,58270.0,280.0,,280.00000000000006
one_contract_20pct_cap,216,2025-07-01,2025-07-01T15:27:00+00:00,SPXW-20250701-06165.000-C,CALL,1,3240.0,3240.0,58270.0,58330.0,60.0,,60.00000000000014
one_contract_20pct_cap,217,2025-07-02,2025-07-02T14:00:00+00:00,SPXW-20250702-06165.000-C,CALL,1,3329.9999999999995,3329.9999999999995,58330.0,58660.0,330.0,,330.00000000000045
one_contract_20pct_cap,218,2025-07-02,2025-07-02T14:25:00+00:00,SPXW-20250702-06175.000-C,CALL,1,3150.0,3150.0,58660.0,59020.0,360.0,,360.0000000000001
one_contract_20pct_cap,219,2025-07-03,2025-07-03T14:00:00+00:00,SPXW-20250703-06260.000-C,CALL,1,1030.0,1030.0,59020.0,59480.0,460.0,,459.99999999999994
one_contract_20pct_cap,220,2025-07-03,2025-07-03T14:45:00+00:00,SPXW-20250703-06245.000-C,CALL,1,3190.0,3190.0,59480.0,59510.0,30.0,,30.000000000000423
one_contract_20pct_cap,221,2025-07-07,2025-07-07T14:00:00+00:00,SPXW-20250707-06290.000-P,PUT,1,3260.0,3260.0,59510.0,59990.0,480.0,,479.9999999999997
one_contract_20pct_cap,222,2025-07-07,2025-07-07T14:23:00+00:00,SPXW-20250707-06220.000-C,CALL,1,3429.9999999999995,3429.9999999999995,59990.0,60210.0,220.0,,220.00000000000028
one_contract_20pct_cap,223,2025-07-07,2025-07-07T14:31:00+00:00,SPXW-20250707-06265.000-P,PUT,1,1770.0,1770.0,60210.0,60330.0,120.0,,119.99999999999991
one_contract_20pct_cap,224,2025-07-07,2025-07-07T14:42:00+00:00,SPXW-20250707-06225.000-C,CALL,1,2720.0,2720.0,60330.0,59720.0,-610.0,,-609.9999999999998
one_contract_20pct_cap,225,2025-07-07,2025-07-07T18:00:00+00:00,SPXW-20250707-06205.000-C,CALL,1,1950.0,1950.0,59720.0,59830.0,110.0,,110.00000000000014
one_contract_20pct_cap,226,2025-07-07,2025-07-07T18:37:00+00:00,SPXW-20250707-06200.000-C,CALL,1,1240.0,1240.0,59830.0,61090.0,1260.0,,1260.0
one_contract_20pct_cap,227,2025-07-08,2025-07-08T14:01:00+00:00,SPXW-20250708-06245.000-P,PUT,1,1960.0,1960.0,61090.0,61340.0,250.0,,250.0
one_contract_20pct_cap,228,2025-07-08,2025-07-08T14:30:00+00:00,SPXW-20250708-06205.000-C,CALL,1,2180.0,2180.0,61340.0,62420.0,1080.0,,1080.0
one_contract_20pct_cap,229,2025-07-08,2025-07-08T17:30:00+00:00,SPXW-20250708-06210.000-C,CALL,1,2220.0,2220.0,62420.0,62100.0,-320.0,,-319.99999999999994
one_contract_20pct_cap,230,2025-07-09,2025-07-09T14:31:00+00:00,SPXW-20250709-06265.000-P,PUT,1,1830.0,1830.0,62100.0,62370.0,270.0,,269.99999999999994
one_contract_20pct_cap,231,2025-07-09,2025-07-09T14:36:00+00:00,SPXW-20250709-06255.000-P,PUT,1,1530.0,1530.0,62370.0,62450.0,80.0,,80.00000000000007
one_contract_20pct_cap,232,2025-07-09,2025-07-09T14:57:00+00:00,SPXW-20250709-06270.000-P,PUT,1,3410.0,3410.0,62450.0,62710.0,260.0,,260.0000000000001
one_contract_20pct_cap,233,2025-07-09,2025-07-09T15:27:00+00:00,SPXW-20250709-06215.000-C,CALL,1,2990.0,2990.0,62710.0,62770.0,60.0,,60.00000000000014
one_contract_20pct_cap,234,2025-07-10,2025-07-10T14:00:00+00:00,SPXW-20250710-06280.000-P,PUT,1,2660.0,2660.0,62770.0,62870.0,100.0,,100.0
one_contract_20pct_cap,235,2025-07-10,2025-07-10T14:10:00+00:00,SPXW-20250710-06235.000-C,CALL,1,2420.0,2420.0,62870.0,63180.0,310.0,,310.0000000000001
one_contract_20pct_cap,236,2025-07-10,2025-07-10T14:17:00+00:00,SPXW-20250710-06240.000-C,CALL,1,2280.0,2280.0,63180.0,63360.0,180.0,,180.00000000000006
one_contract_20pct_cap,237,2025-07-10,2025-07-10T14:33:00+00:00,SPXW-20250710-06235.000-C,CALL,1,2790.0,2790.0,63360.0,63690.0,330.0,,330.00000000000006
one_contract_20pct_cap,238,2025-07-10,2025-07-10T14:42:00+00:00,SPXW-20250710-06235.000-C,CALL,1,3500.0,3500.0,63690.0,63730.0,40.0,,39.99999999999986
one_contract_20pct_cap,239,2025-07-10,2025-07-10T15:04:00+00:00,SPXW-20250710-06245.000-C,CALL,1,2890.0,2890.0,63730.0,63790.0,60.0,,60.00000000000014
one_contract_20pct_cap,240,2025-07-11,2025-07-11T14:01:00+00:00,SPXW-20250711-06230.000-C,CALL,1,2750.0,2750.0,63790.0,63960.0,170.0,,169.99999999999994
one_contract_20pct_cap,241,2025-07-11,2025-07-11T14:16:00+00:00,SPXW-20250711-06230.000-C,CALL,1,2930.0,2930.0,63960.0,64360.0,400.0,,399.99999999999966
one_contract_20pct_cap,242,2025-07-11,2025-07-11T14:26:00+00:00,SPXW-20250711-06230.000-C,CALL,1,3440.0,3440.0,64360.0,64300.0,-60.0,,-60.00000000000014
one_contract_20pct_cap,243,2025-07-11,2025-07-11T14:44:00+00:00,SPXW-20250711-06235.000-C,CALL,1,2760.0,2760.0,64300.0,63880.0,-420.0,,-420.0000000000003
one_contract_20pct_cap,244,2025-07-11,2025-07-11T15:15:00+00:00,SPXW-20250711-06225.000-C,CALL,1,2790.0,2790.0,63880.0,64150.0,270.0,,270.0000000000003
one_contract_20pct_cap,245,2025-07-14,2025-07-14T14:01:00+00:00,SPXW-20250714-06280.000-P,PUT,1,3390.0,3390.0,64150.0,64310.0,160.0,,160.00000000000014
one_contract_20pct_cap,246,2025-07-14,2025-07-14T14:27:00+00:00,SPXW-20250714-06270.000-P,PUT,1,1890.0,1890.0,64310.0,64780.0,470.0,,470.0000000000003
one_contract_20pct_cap,247,2025-07-14,2025-07-14T14:30:00+00:00,SPXW-20250714-06225.000-C,CALL,1,2570.0,2570.0,64780.0,65020.0,240.0,,240.00000000000023
one_contract_20pct_cap,248,2025-07-15,2025-07-15T14:11:00+00:00,SPXW-20250715-06260.000-C,CALL,1,2350.0,2350.0,65020.0,65320.0,300.0,,300.0
one_contract_20pct_cap,249,2025-07-15,2025-07-15T14:37:00+00:00,SPXW-20250715-06300.000-P,PUT,1,2910.0,2910.0,65320.0,65520.0,200.0,,200.0
one_contract_20pct_cap,250,2025-07-15,2025-07-15T14:51:00+00:00,SPXW-20250715-06275.000-P,PUT,1,1200.0,1200.0,65520.0,65950.0,430.0,,430.00000000000006
one_contract_20pct_cap,251,2025-07-15,2025-07-15T14:55:00+00:00,SPXW-20250715-06280.000-P,PUT,1,1950.0,1950.0,65950.0,66290.0,340.0,,339.9999999999999
one_contract_20pct_cap,252,2025-07-15,2025-07-15T15:05:00+00:00,SPXW-20250715-06235.000-C,CALL,1,3200.0,3200.0,66290.0,66500.0,210.0,,210.00000000000017
one_contract_20pct_cap,253,2025-07-16,2025-07-16T14:10:00+00:00,SPXW-20250716-06235.000-C,CALL,1,1510.0,1510.0,66500.0,66740.0,240.0,,240.00000000000003
one_contract_20pct_cap,254,2025-07-16,2025-07-16T14:45:00+00:00,SPXW-20250716-06225.000-C,CALL,1,2340.0,2340.0,66740.0,67220.0,480.0,,480.00000000000006
one_contract_20pct_cap,255,2025-07-16,2025-07-16T14:54:00+00:00,SPXW-20250716-06280.000-P,PUT,1,2730.0,2730.0,67220.0,68520.0,1300.0,,1299.9999999999995
one_contract_20pct_cap,256,2025-07-16,2025-07-16T14:58:00+00:00,SPXW-20250716-06235.000-P,PUT,1,610.0,610.0,68520.0,68840.0,320.0,,320.0000000000001
one_contract_20pct_cap,257,2025-07-16,2025-07-16T15:04:00+00:00,SPXW-20250716-06225.000-C,CALL,1,2450.0,2450.0,68840.0,69070.0,230.0,,230.00000000000009
one_contract_20pct_cap,258,2025-07-16,2025-07-16T15:19:00+00:00,SPXW-20250716-06225.000-P,PUT,1,850.0,850.0,69070.0,70000.0,930.0,,930.0
one_contract_20pct_cap,259,2025-07-16,2025-07-16T15:24:00+00:00,SPXW-20250716-06220.000-P,PUT,1,990.0,990.0,70000.0,70440.0,440.0,,440.00000000000006
one_contract_20pct_cap,260,2025-07-17,2025-07-17T14:00:00+00:00,SPXW-20250717-06255.000-C,CALL,1,2680.0,2680.0,70440.0,70680.0,240.0,,239.99999999999983
one_contract_20pct_cap,261,2025-07-17,2025-07-17T14:29:00+00:00,SPXW-20250717-06240.000-C,CALL,1,3420.0000000000005,3420.0000000000005,70680.0,71090.0,410.0,,409.99999999999943
one_contract_20pct_cap,262,2025-07-17,2025-07-17T14:46:00+00:00,SPXW-20250717-06255.000-C,CALL,1,2200.0,2200.0,71090.0,71500.0,410.0,,410.0000000000001
one_contract_20pct_cap,263,2025-07-17,2025-07-17T15:06:00+00:00,SPXW-20250717-06265.000-C,CALL,1,2200.0,2200.0,71500.0,71680.0,180.0,,180.00000000000006
one_contract_20pct_cap,264,2025-07-18,2025-07-18T14:52:00+00:00,SPXW-20250718-06265.000-C,CALL,1,3300.0,3300.0,71680.0,71590.0,-90.0,,-89.99999999999986
one_contract_20pct_cap,265,2025-07-21,2025-07-21T14:00:00+00:00,SPXW-20250721-06295.000-C,CALL,1,3279.9999999999995,3279.9999999999995,71590.0,71840.0,250.0,,250.0
one_contract_20pct_cap,266,2025-07-21,2025-07-21T19:11:00+00:00,SPXW-20250721-06280.000-C,CALL,1,3510.0,3510.0,71840.0,72090.0,250.0,,250.0
one_contract_20pct_cap,267,2025-07-22,2025-07-22T14:00:00+00:00,SPXW-20250722-06285.000-P,PUT,1,940.0,940.0,72090.0,72250.0,160.0,,159.99999999999997
one_contract_20pct_cap,268,2025-07-22,2025-07-22T14:29:00+00:00,SPXW-20250722-06265.000-C,CALL,1,2750.0,2750.0,72250.0,72730.0,480.0,,479.9999999999997
one_contract_20pct_cap,269,2025-07-22,2025-07-22T14:56:00+00:00,SPXW-20250722-06270.000-C,CALL,1,2930.0,2930.0,72730.0,72940.0,210.0,,209.99999999999977
one_contract_20pct_cap,270,2025-07-23,2025-07-23T14:09:00+00:00,SPXW-20250723-06295.000-C,CALL,1,3100.0,3100.0,72940.0,72970.0,30.0,,30.00000000000007
one_contract_20pct_cap,271,2025-07-23,2025-07-23T14:29:00+00:00,SPXW-20250723-06300.000-C,CALL,1,2830.0,2830.0,72970.0,72900.0,-70.0,,-69.99999999999993
one_contract_20pct_cap,272,2025-07-23,2025-07-23T15:00:00+00:00,SPXW-20250723-06310.000-C,CALL,1,1960.0,1960.0,72900.0,72920.0,20.0,,19.99999999999993
one_contract_20pct_cap,273,2025-07-24,2025-07-24T14:00:00+00:00,SPXW-20250724-06350.000-C,CALL,1,2440.0,2440.0,72920.0,72990.0,70.0,,70.00000000000028
one_contract_20pct_cap,274,2025-07-24,2025-07-24T14:28:00+00:00,SPXW-20250724-06340.000-C,CALL,1,2940.0,2940.0,72990.0,73220.0,230.0,,230.00000000000009
one_contract_20pct_cap,275,2025-07-24,2025-07-24T14:41:00+00:00,SPXW-20250724-06345.000-C,CALL,1,2850.0,2850.0,73220.0,73280.0,60.0,,60.00000000000014
one_contract_20pct_cap,276,2025-07-25,2025-07-25T14:00:00+00:00,SPXW-20250725-06340.000-C,CALL,1,3440.0,3440.0,73280.0,73410.0,130.0,,130.00000000000043
one_contract_20pct_cap,277,2025-07-25,2025-07-25T14:26:00+00:00,SPXW-20250725-06360.000-C,CALL,1,1789.9999999999998,1789.9999999999998,73410.0,73730.0,320.0,,320.0000000000003
one_contract_20pct_cap,278,2025-07-28,2025-07-28T14:05:00+00:00,SPXW-20250728-06380.000-C,CALL,1,1960.0,1960.0,73730.0,73790.0,60.0,,59.99999999999979
one_contract_20pct_cap,279,2025-07-28,2025-07-28T14:22:00+00:00,SPXW-20250728-06385.000-C,CALL,1,1400.0,1400.0,73790.0,73920.0,130.0,,130.00000000000006
one_contract_20pct_cap,280,2025-07-28,2025-07-28T15:19:00+00:00,SPXW-20250728-06395.000-P,PUT,1,1030.0,1030.0,73920.0,74010.0,90.0,,89.99999999999986
one_contract_20pct_cap,281,2025-07-28,2025-07-28T15:29:00+00:00,SPXW-20250728-06375.000-C,CALL,1,1720.0,1720.0,74010.0,74390.0,380.0,,380.00000000000006
one_contract_20pct_cap,282,2025-07-29,2025-07-29T14:53:00+00:00,SPXW-20250729-06400.000-P,PUT,1,1470.0,1470.0,74390.0,74390.0,0.0,,0.0
one_contract_20pct_cap,283,2025-07-29,2025-07-29T15:25:00+00:00,SPXW-20250729-06390.000-P,PUT,1,1310.0,1310.0,74390.0,74930.0,540.0,,540.0
one_contract_20pct_cap,284,2025-07-30,2025-07-30T14:18:00+00:00,SPXW-20250730-06350.000-C,CALL,1,3279.9999999999995,3279.9999999999995,74930.0,75580.0,650.0,,650.0
one_contract_20pct_cap,285,2025-07-30,2025-07-30T14:30:00+00:00,SPXW-20250730-06355.000-C,CALL,1,3300.0,3300.0,75580.0,75830.0,250.0,,250.0
one_contract_20pct_cap,286,2025-07-30,2025-07-30T14:36:00+00:00,SPXW-20250730-06355.000-C,CALL,1,3410.0,3410.0,75830.0,75670.0,-160.0,,-160.00000000000014
one_contract_20pct_cap,287,2025-07-30,2025-07-30T18:35:00+00:00,SPXW-20250730-06370.000-C,CALL,1,2640.0,2640.0,75670.0,75850.0,180.0,,180.00000000000006
one_contract_20pct_cap,288,2025-07-30,2025-07-30T18:40:00+00:00,SPXW-20250730-06400.000-P,PUT,1,1950.0,1950.0,75850.0,76140.0,290.0,,289.9999999999999
one_contract_20pct_cap,289,2025-07-30,2025-07-30T18:59:00+00:00,SPXW-20250730-06360.000-P,PUT,1,1250.0,1250.0,76140.0,76740.0,600.0,,600.0
one_contract_20pct_cap,290,2025-07-30,2025-07-30T19:16:00+00:00,SPXW-20250730-06390.000-P,PUT,1,3520.0000000000005,3520.0000000000005,76740.0,77570.0,830.0,,829.9999999999998
one_contract_20pct_cap,291,2025-07-30,2025-07-30T19:18:00+00:00,SPXW-20250730-06375.000-P,PUT,1,2660.0,2660.0,77570.0,77640.0,70.0,,69.99999999999993
one_contract_20pct_cap,292,2025-07-30,2025-07-30T19:24:00+00:00,SPXW-20250730-06370.000-P,PUT,1,3030.0,3030.0,77640.0,77680.0,40.0,,39.99999999999986
one_contract_20pct_cap,293,2025-07-31,2025-07-31T14:00:00+00:00,SPXW-20250731-06385.000-C,CALL,1,3229.9999999999995,3229.9999999999995,77680.0,77890.0,210.0,,210.00000000000017
one_contract_20pct_cap,294,2025-07-31,2025-07-31T14:32:00+00:00,SPXW-20250731-06385.000-C,CALL,1,2770.0,2770.0,77890.0,76630.0,-1260.0,,-1260.0
one_contract_20pct_cap,295,2025-07-31,2025-07-31T15:20:00+00:00,SPXW-20250731-06355.000-C,CALL,0,2570.0,0.0,76630.0,76630.0,0.0,daily_loss_stop,250.0
one_contract_20pct_cap,296,2025-07-31,2025-07-31T15:28:00+00:00,SPXW-20250731-06350.000-C,CALL,0,3310.0,0.0,76630.0,76630.0,0.0,daily_loss_stop,660.0000000000001
one_contract_20pct_cap,297,2025-08-01,2025-08-01T14:05:00+00:00,SPXW-20250801-06235.000-P,PUT,1,2480.0,2480.0,76630.0,76910.0,280.0,,280.00000000000006
one_contract_20pct_cap,298,2025-08-01,2025-08-01T14:06:00+00:00,SPXW-20250801-06205.000-C,CALL,1,3340.0,3340.0,76910.0,77130.0,220.0,,220.00000000000028
one_contract_20pct_cap,299,2025-08-01,2025-08-01T14:08:00+00:00,SPXW-20250801-06205.000-C,CALL,1,3150.0,3150.0,77130.0,78650.0,1520.0,,1520.0000000000002
one_contract_20pct_cap,300,2025-08-01,2025-08-01T14:26:00+00:00,SPXW-20250801-06240.000-C,CALL,1,2220.0,2220.0,78650.0,79210.0,560.0,,560.0000000000001
one_contract_20pct_cap,301,2025-08-01,2025-08-01T14:37:00+00:00,SPXW-20250801-06230.000-C,CALL,1,3350.0,3350.0,79210.0,78930.0,-280.0,,-280.00000000000006
one_contract_20pct_cap,302,2025-08-01,2025-08-01T14:51:00+00:00,SPXW-20250801-06250.000-P,PUT,1,2230.0,2230.0,78930.0,79150.0,220.0,,219.99999999999991
one_contract_20pct_cap,303,2025-08-04,2025-08-04T14:20:00+00:00,SPXW-20250804-06280.000-C,CALL,1,3320.0000000000005,3320.0000000000005,79150.0,79480.0,330.0,,329.9999999999997
one_contract_20pct_cap,304,2025-08-04,2025-08-04T14:48:00+00:00,SPXW-20250804-06280.000-C,CALL,1,3370.0000000000005,3370.0000000000005,79480.0,79760.0,280.0,,279.9999999999997
one_contract_20pct_cap,305,2025-08-04,2025-08-04T15:02:00+00:00,SPXW-20250804-06285.000-C,CALL,1,2830.0,2830.0,79760.0,79900.0,140.0,,139.99999999999986
one_contract_20pct_cap,306,2025-08-05,2025-08-05T14:01:00+00:00,SPXW-20250805-06350.000-P,PUT,1,2220.0,2220.0,79900.0,80160.0,260.0,,260.0000000000001
one_contract_20pct_cap,307,2025-08-05,2025-08-05T14:03:00+00:00,SPXW-20250805-06360.000-P,PUT,1,3100.0,3100.0,80160.0,80890.0,730.0,,729.9999999999998
one_contract_20pct_cap,308,2025-08-05,2025-08-05T14:26:00+00:00,SPXW-20250805-06335.000-P,PUT,1,2330.0,2330.0,80890.0,81340.0,450.0,,450.0
one_contract_20pct_cap,309,2025-08-05,2025-08-05T14:42:00+00:00,SPXW-20250805-06310.000-P,PUT,1,1440.0,1440.0,81340.0,81780.0,440.0,,440.00000000000006
one_contract_20pct_cap,310,2025-08-05,2025-08-05T14:48:00+00:00,SPXW-20250805-06305.000-P,PUT,1,1620.0,1620.0,81780.0,82230.0,450.0,,450.0
one_contract_20pct_cap,311,2025-08-05,2025-08-05T14:53:00+00:00,SPXW-20250805-06275.000-C,CALL,1,2600.0,2600.0,82230.0,82740.0,510.0,,510.0000000000001
one_contract_20pct_cap,312,2025-08-06,2025-08-06T14:00:00+00:00,SPXW-20250806-06290.000-C,CALL,1,2450.0,2450.0,82740.0,84000.0,1260.0,,1260.0000000000002
one_contract_20pct_cap,313,2025-08-06,2025-08-06T14:28:00+00:00,SPXW-20250806-06280.000-C,CALL,1,2730.0,2730.0,84000.0,84300.0,300.0,,300.0
one_contract_20pct_cap,314,2025-08-06,2025-08-06T14:36:00+00:00,SPXW-20250806-06300.000-C,CALL,1,1800.0,1800.0,84300.0,84690.0,390.0,,389.9999999999999
one_contract_20pct_cap,315,2025-08-06,2025-08-06T14:38:00+00:00,SPXW-20250806-06295.000-C,CALL,1,2410.0,2410.0,84690.0,85100.0,410.0,,409.9999999999998
one_contract_20pct_cap,316,2025-08-06,2025-08-06T14:45:00+00:00,SPXW-20250806-06290.000-C,CALL,1,3260.0,3260.0,85100.0,85250.0,150.0,,150.0
one_contract_20pct_cap,317,2025-08-07,2025-08-07T14:00:00+00:00,SPXW-20250807-06355.000-C,CALL,1,3320.0000000000005,3320.0000000000005,85250.0,83830.0,-1420.0,,-1420.0000000000002
one_contract_20pct_cap,318,2025-08-07,2025-08-07T14:15:00+00:00,SPXW-20250807-06370.000-P,PUT,0,1440.0,0.0,83830.0,83830.0,0.0,daily_loss_stop,209.99999999999997
one_contract_20pct_cap,319,2025-08-07,2025-08-07T14:25:00+00:00,SPXW-20250807-06365.000-P,PUT,0,1890.0,0.0,83830.0,83830.0,0.0,daily_loss_stop,40.00000000000021
one_contract_20pct_cap,320,2025-08-07,2025-08-07T14:39:00+00:00,SPXW-20250807-06330.000-C,CALL,0,3010.0,0.0,83830.0,83830.0,0.0,daily_loss_stop,400.0
one_contract_20pct_cap,321,2025-08-07,2025-08-07T15:17:00+00:00,SPXW-20250807-06315.000-C,CALL,0,3170.0,0.0,83830.0,83830.0,0.0,daily_loss_stop,440.0000000000002
one_contract_20pct_cap,322,2025-08-07,2025-08-07T17:40:00+00:00,SPXW-20250807-06290.000-C,CALL,0,3340.0,0.0,83830.0,83830.0,0.0,daily_loss_stop,170.00000000000028
one_contract_20pct_cap,323,2025-08-08,2025-08-08T14:00:00+00:00,SPXW-20250808-06350.000-C,CALL,1,3120.0,3120.0,83830.0,84060.0,230.0,,230.00000000000009
one_contract_20pct_cap,324,2025-08-08,2025-08-08T14:27:00+00:00,SPXW-20250808-06350.000-C,CALL,1,3320.0000000000005,3320.0000000000005,84060.0,84270.0,210.0,,209.99999999999943
one_contract_20pct_cap,325,2025-08-11,2025-08-11T14:01:00+00:00,SPXW-20250811-06365.000-C,CALL,1,3130.0,3130.0,84270.0,84240.0,-30.0,,-30.00000000000007
one_contract_20pct_cap,326,2025-08-11,2025-08-11T14:19:00+00:00,SPXW-20250811-06370.000-C,CALL,1,2860.0,2860.0,84240.0,83620.0,-620.0,,-620.0000000000002
one_contract_20pct_cap,327,2025-08-11,2025-08-11T15:17:00+00:00,SPXW-20250811-06420.000-P,PUT,1,3140.0,3140.0,83620.0,83620.0,0.0,,0.0
one_contract_20pct_cap,328,2025-08-12,2025-08-12T14:00:00+00:00,SPXW-20250812-06410.000-P,PUT,1,2440.0,2440.0,83620.0,83960.0,340.0,,340.0000000000002
one_contract_20pct_cap,329,2025-08-12,2025-08-12T14:13:00+00:00,SPXW-20250812-06370.000-C,CALL,1,3490.0,3490.0,83960.0,84720.0,760.0,,760.0000000000001
one_contract_20pct_cap,330,2025-08-12,2025-08-12T14:26:00+00:00,SPXW-20250812-06380.000-C,CALL,1,3340.0,3340.0,84720.0,84830.0,110.0,,110.00000000000014
one_contract_20pct_cap,331,2025-08-12,2025-08-12T14:39:00+00:00,SPXW-20250812-06375.000-C,CALL,1,3520.0000000000005,3520.0000000000005,84830.0,85190.0,360.0,,359.99999999999943
one_contract_20pct_cap,332,2025-08-12,2025-08-12T14:48:00+00:00,SPXW-20250812-06380.000-C,CALL,1,3440.0,3440.0,85190.0,85670.0,480.0,,480.00000000000045
one_contract_20pct_cap,333,2025-08-12,2025-08-12T14:58:00+00:00,SPXW-20250812-06405.000-C,CALL,1,1550.0,1550.0,85670.0,86290.0,620.0,,619.9999999999999
one_contract_20pct_cap,334,2025-08-13,2025-08-13T14:00:00+00:00,SPXW-20250813-06485.000-P,PUT,1,1490.0,1490.0,86290.0,86550.0,260.0,,259.99999999999994
one_contract_20pct_cap,335,2025-08-13,2025-08-13T14:31:00+00:00,SPXW-20250813-06475.000-P,PUT,1,1800.0,1800.0,86550.0,86790.0,240.0,,239.99999999999983
one_contract_20pct_cap,336,2025-08-13,2025-08-13T15:21:00+00:00,SPXW-20250813-06430.000-C,CALL,1,2660.0,2660.0,86790.0,87070.0,280.0,,279.9999999999997
one_contract_20pct_cap,337,2025-08-14,2025-08-14T14:01:00+00:00,SPXW-20250814-06430.000-C,CALL,1,3140.0,3140.0,87070.0,87140.0,70.0,,70.00000000000028
one_contract_20pct_cap,338,2025-08-14,2025-08-14T14:26:00+00:00,SPXW-20250814-06430.000-C,CALL,1,2920.0,2920.0,87140.0,87680.0,540.0,,540.0000000000002
one_contract_20pct_cap,339,2025-08-14,2025-08-14T14:31:00+00:00,SPXW-20250814-06440.000-C,CALL,1,2600.0,2600.0,87680.0,87790.0,110.0,,110.00000000000014
one_contract_20pct_cap,340,2025-08-14,2025-08-14T14:52:00+00:00,SPXW-20250814-06440.000-C,CALL,1,3110.0,3110.0,87790.0,87220.0,-570.0,,-570.0000000000002
one_contract_20pct_cap,341,2025-08-15,2025-08-15T14:01:00+00:00,SPXW-20250815-06450.000-C,CALL,1,1380.0,1380.0,87220.0,87590.0,370.0,,369.99999999999994
one_contract_20pct_cap,342,2025-08-15,2025-08-15T14:15:00+00:00,SPXW-20250815-06440.000-C,CALL,1,2470.0,2470.0,87590.0,87300.0,-290.0,,-289.9999999999999
one_contract_20pct_cap,343,2025-08-15,2025-08-15T14:56:00+00:00,SPXW-20250815-06425.000-C,CALL,1,2950.0,2950.0,87300.0,87320.0,20.0,,19.99999999999993
one_contract_20pct_cap,344,2025-08-15,2025-08-15T15:11:00+00:00,SPXW-20250815-06430.000-C,CALL,1,2490.0,2490.0,87320.0,87510.0,190.0,,190.00000000000023
one_contract_20pct_cap,345,2025-08-15,2025-08-15T15:16:00+00:00,SPXW-20250815-06430.000-C,CALL,1,2700.0,2700.0,87510.0,87740.0,230.0,,230.00000000000009
one_contract_20pct_cap,346,2025-08-18,2025-08-18T14:05:00+00:00,SPXW-20250818-06430.000-C,CALL,1,2150.0,2150.0,87740.0,87490.0,-250.0,,-250.0
one_contract_20pct_cap,347,2025-08-18,2025-08-18T14:33:00+00:00,SPXW-20250818-06425.000-C,CALL,1,2470.0,2470.0,87490.0,87500.0,10.0,,10.000000000000142
one_contract_20pct_cap,348,2025-08-18,2025-08-18T14:37:00+00:00,SPXW-20250818-06445.000-C,CALL,1,960.0,960.0,87500.0,87470.0,-30.0,,-29.999999999999893
one_contract_20pct_cap,349,2025-08-18,2025-08-18T14:59:00+00:00,SPXW-20250818-06430.000-C,CALL,1,1860.0,1860.0,87470.0,87780.0,310.0,,309.9999999999998
one_contract_20pct_cap,350,2025-08-18,2025-08-18T15:22:00+00:00,SPXW-20250818-06425.000-C,CALL,1,2400.0,2400.0,87780.0,87580.0,-200.0,,-200.0
one_contract_20pct_cap,351,2025-08-19,2025-08-19T14:01:00+00:00,SPXW-20250819-06425.000-C,CALL,1,2180.0,2180.0,87580.0,88310.0,730.0,,730.0000000000001
one_contract_20pct_cap,352,2025-08-19,2025-08-19T14:27:00+00:00,SPXW-20250819-06450.000-P,PUT,1,670.0,670.0,88310.0,88650.0,340.0,,339.99999999999994
one_contract_20pct_cap,353,2025-08-19,2025-08-19T15:01:00+00:00,SPXW-20250819-06435.000-P,PUT,1,1580.0,1580.0,88650.0,88780.0,130.0,,130.00000000000006
one_contract_20pct_cap,354,2025-08-19,2025-08-19T15:27:00+00:00,SPXW-20250819-06410.000-C,CALL,1,2240.0,2240.0,88780.0,89050.0,270.0,,270.0000000000003
one_contract_20pct_cap,355,2025-08-20,2025-08-20T14:02:00+00:00,SPXW-20250820-06345.000-C,CALL,1,3390.0,3390.0,89050.0,88140.0,-910.0,,-909.9999999999998
one_contract_20pct_cap,356,2025-08-20,2025-08-20T14:27:00+00:00,SPXW-20250820-06395.000-P,PUT,0,3490.0,0.0,88140.0,88140.0,0.0,daily_loss_stop,910.0
one_contract_20pct_cap,357,2025-08-20,2025-08-20T14:38:00+00:00,SPXW-20250820-06330.000-C,CALL,0,3050.0,0.0,88140.0,88140.0,-0.0,daily_loss_stop,-310.0000000000001
one_contract_20pct_cap,358,2025-08-20,2025-08-20T14:58:00+00:00,SPXW-20250820-06330.000-C,CALL,0,2260.0,0.0,88140.0,88140.0,0.0,daily_loss_stop,1139.9999999999998
one_contract_20pct_cap,359,2025-08-20,2025-08-20T17:30:00+00:00,SPXW-20250820-06360.000-C,CALL,0,2270.0,0.0,88140.0,88140.0,0.0,daily_loss_stop,780.0000000000001
one_contract_20pct_cap,360,2025-08-21,2025-08-21T14:01:00+00:00,SPXW-20250821-06345.000-C,CALL,1,3260.0,3260.0,88140.0,89090.0,950.0,,950.0
one_contract_20pct_cap,361,2025-08-21,2025-08-21T14:09:00+00:00,SPXW-20250821-06355.000-C,CALL,1,3379.9999999999995,3379.9999999999995,89090.0,89640.0,550.0,,550.0
one_contract_20pct_cap,362,2025-08-21,2025-08-21T14:27:00+00:00,SPXW-20250821-06360.000-C,CALL,1,3270.0000000000005,3270.0000000000005,89640.0,89960.0,320.0,,319.99999999999955
one_contract_20pct_cap,363,2025-08-21,2025-08-21T15:05:00+00:00,SPXW-20250821-06400.000-P,PUT,1,2030.0,2030.0,89960.0,90220.0,260.0,,259.9999999999998
one_contract_20pct_cap,364,2025-08-22,2025-08-22T14:00:00+00:00,SPXW-20250822-06390.000-C,CALL,1,2960.0,2960.0,90220.0,93610.0,3390.0,,3390.0
one_contract_20pct_cap,365,2025-08-22,2025-08-22T14:08:00+00:00,SPXW-20250822-06425.000-C,CALL,1,3350.0,3350.0,93610.0,94060.0,450.0,,450.0
one_contract_20pct_cap,366,2025-08-22,2025-08-22T14:24:00+00:00,SPXW-20250822-06425.000-C,CALL,1,3070.0,3070.0,94060.0,94890.0,830.0,,830.0000000000001
one_contract_20pct_cap,367,2025-08-22,2025-08-22T14:50:00+00:00,SPXW-20250822-06440.000-C,CALL,1,3320.0000000000005,3320.0000000000005,94890.0,95160.0,270.0,,269.99999999999955
one_contract_20pct_cap,368,2025-08-25,2025-08-25T14:01:00+00:00,SPXW-20250825-06425.000-C,CALL,1,3250.0,3250.0,95160.0,95220.0,60.0,,60.00000000000014
one_contract_20pct_cap,369,2025-08-25,2025-08-25T14:27:00+00:00,SPXW-20250825-06445.000-C,CALL,1,1330.0,1330.0,95220.0,95270.0,50.0,,50.0
one_contract_20pct_cap,370,2025-08-25,2025-08-25T14:49:00+00:00,SPXW-20250825-06450.000-C,CALL,1,1030.0,1030.0,95270.0,95610.0,340.0,,339.9999999999999
one_contract_20pct_cap,371,2025-08-26,2025-08-26T14:00:00+00:00,SPXW-20250826-06420.000-C,CALL,1,2220.0,2220.0,95610.0,96070.0,460.0,,460.0000000000001
one_contract_20pct_cap,372,2025-08-26,2025-08-26T14:25:00+00:00,SPXW-20250826-06415.000-C,CALL,1,3170.0,3170.0,96070.0,95620.0,-450.0,,-450.0
one_contract_20pct_cap,373,2025-08-26,2025-08-26T15:14:00+00:00,SPXW-20250826-06410.000-C,CALL,1,3180.0,3180.0,95620.0,95710.0,90.0,,90.00000000000021
one_contract_20pct_cap,374,2025-08-27,2025-08-27T14:02:00+00:00,SPXW-20250827-06450.000-C,CALL,1,2020.0,2020.0,95710.0,95910.0,200.0,,200.0
one_contract_20pct_cap,375,2025-08-27,2025-08-27T14:19:00+00:00,SPXW-20250827-06440.000-C,CALL,1,3379.9999999999995,3379.9999999999995,95910.0,96150.0,240.0,,240.00000000000057
one_contract_20pct_cap,376,2025-08-27,2025-08-27T14:33:00+00:00,SPXW-20250827-06465.000-C,CALL,1,1420.0,1420.0,96150.0,96070.0,-80.0,,-79.99999999999989
one_contract_20pct_cap,377,2025-08-28,2025-08-28T14:00:00+00:00,SPXW-20250828-06495.000-P,PUT,1,2570.0,2570.0,96070.0,95890.0,-180.0,,-180.00000000000006
one_contract_20pct_cap,378,2025-08-28,2025-08-28T14:33:00+00:00,SPXW-20250828-06465.000-C,CALL,1,1620.0,1620.0,95890.0,96490.0,600.0,,600.0
one_contract_20pct_cap,379,2025-08-28,2025-08-28T15:10:00+00:00,SPXW-20250828-06470.000-C,CALL,1,1580.0,1580.0,96490.0,96470.0,-20.0,,-20.000000000000107
one_contract_20pct_cap,380,2025-08-29,2025-08-29T14:04:00+00:00,SPXW-20250829-06470.000-P,PUT,1,1610.0000000000002,1610.0000000000002,96470.0,97150.0,680.0,,679.9999999999998
one_contract_20pct_cap,381,2025-08-29,2025-08-29T14:08:00+00:00,SPXW-20250829-06485.000-P,PUT,1,3310.0,3310.0,97150.0,97320.0,170.0,,169.99999999999957
one_contract_20pct_cap,382,2025-08-29,2025-08-29T14:13:00+00:00,SPXW-20250829-06425.000-C,CALL,1,3310.0,3310.0,97320.0,97540.0,220.0,,219.99999999999957
one_contract_20pct_cap,383,2025-08-29,2025-08-29T14:33:00+00:00,SPXW-20250829-06435.000-C,CALL,1,2910.0,2910.0,97540.0,97730.0,190.0,,189.99999999999983
one_contract_20pct_cap,384,2025-08-29,2025-08-29T14:55:00+00:00,SPXW-20250829-06420.000-C,CALL,1,3370.0000000000005,3370.0000000000005,97730.0,97960.0,230.0,,229.99999999999972
one_contract_20pct_cap,385,2025-08-29,2025-08-29T15:26:00+00:00,SPXW-20250829-06435.000-C,CALL,1,2620.0,2620.0,97960.0,97380.0,-580.0,,-580.0000000000001
one_contract_20pct_cap,386,2025-09-02,2025-09-02T14:00:00+00:00,SPXW-20250902-06405.000-C,CALL,1,1420.0,1420.0,97380.0,97380.0,0.0,,0.0
one_contract_20pct_cap,387,2025-09-02,2025-09-02T14:28:00+00:00,SPXW-20250902-06380.000-C,CALL,1,2270.0,2270.0,97380.0,97960.0,580.0,,580.0000000000001
one_contract_20pct_cap,388,2025-09-02,2025-09-02T14:36:00+00:00,SPXW-20250902-06375.000-C,CALL,1,3310.0,3310.0,97960.0,96570.0,-1390.0,,-1390.0000000000002
one_contract_20pct_cap,389,2025-09-03,2025-09-03T14:18:00+00:00,SPXW-20250903-06440.000-C,CALL,1,630.0,630.0,96570.0,96790.0,220.0,,220.00000000000003
one_contract_20pct_cap,390,2025-09-03,2025-09-03T14:23:00+00:00,SPXW-20250903-06415.000-C,CALL,1,2810.0,2810.0,96790.0,97000.0,210.0,,209.99999999999977
one_contract_20pct_cap,391,2025-09-03,2025-09-03T14:31:00+00:00,SPXW-20250903-06420.000-C,CALL,1,2320.0,2320.0,97000.0,97340.0,340.0,,340.0000000000002
one_contract_20pct_cap,392,2025-09-03,2025-09-03T14:43:00+00:00,SPXW-20250903-06440.000-C,CALL,1,1300.0,1300.0,97340.0,97500.0,160.0,,159.99999999999997
one_contract_20pct_cap,393,2025-09-03,2025-09-03T15:24:00+00:00,SPXW-20250903-06410.000-C,CALL,1,3460.0,3460.0,97500.0,97020.0,-480.0,,-480.00000000000006
one_contract_20pct_cap,394,2025-09-04,2025-09-04T14:01:00+00:00,SPXW-20250904-06470.000-P,PUT,1,1490.0,1490.0,97020.0,97440.0,420.0,,420.0000000000001
one_contract_20pct_cap,395,2025-09-04,2025-09-04T14:23:00+00:00,SPXW-20250904-06445.000-C,CALL,1,1460.0,1460.0,97440.0,98000.0,560.0,,560.0
one_contract_20pct_cap,396,2025-09-04,2025-09-04T14:28:00+00:00,SPXW-20250904-06430.000-C,CALL,1,2970.0,2970.0,98000.0,98540.0,540.0,,540.0000000000002
one_contract_20pct_cap,397,2025-09-04,2025-09-04T14:35:00+00:00,SPXW-20250904-06435.000-C,CALL,1,2970.0,2970.0,98540.0,98900.0,360.0,,359.9999999999998
one_contract_20pct_cap,398,2025-09-04,2025-09-04T14:53:00+00:00,SPXW-20250904-06435.000-C,CALL,1,3300.0,3300.0,98900.0,98970.0,70.0,,70.00000000000028
one_contract_20pct_cap,399,2025-09-04,2025-09-04T15:17:00+00:00,SPXW-20250904-06450.000-C,CALL,1,2180.0,2180.0,98970.0,99370.0,400.0,,400.0
one_contract_20pct_cap,400,2025-09-05,2025-09-05T14:00:00+00:00,SPXW-20250905-06515.000-P,PUT,1,930.0,930.0,99370.0,99730.0,360.0,,359.99999999999994
one_contract_20pct_cap,401,2025-09-05,2025-09-05T14:05:00+00:00,SPXW-20250905-06510.000-P,PUT,1,960.0,960.0,99730.0,100020.0,290.0,,290.00000000000006
one_contract_20pct_cap,402,2025-09-05,2025-09-05T14:15:00+00:00,SPXW-20250905-06520.000-P,PUT,1,2420.0,2420.0,100020.0,100470.0,450.0,,450.0
one_contract_20pct_cap,403,2025-09-05,2025-09-05T14:21:00+00:00,SPXW-20250905-06515.000-P,PUT,1,2640.0,2640.0,100470.0,101750.0,1280.0,,1280.0000000000005
one_contract_20pct_cap,404,2025-09-05,2025-09-05T14:26:00+00:00,SPXW-20250905-06485.000-P,PUT,1,1830.0,1830.0,101750.0,102230.0,480.0,,480.00000000000006
one_contract_20pct_cap,405,2025-09-05,2025-09-05T14:30:00+00:00,SPXW-20250905-06480.000-P,PUT,1,1760.0000000000002,1760.0000000000002,102230.0,102290.0,60.0,,59.99999999999979
one_contract_20pct_cap,406,2025-09-05,2025-09-05T14:41:00+00:00,SPXW-20250905-06465.000-P,PUT,1,1350.0,1350.0,102290.0,102750.0,460.0,,460.0000000000001
one_contract_20pct_cap,407,2025-09-05,2025-09-05T14:48:00+00:00,SPXW-20250905-06470.000-P,PUT,1,2140.0,2140.0,102750.0,103150.0,400.0,,400.0
one_contract_20pct_cap,408,2025-09-05,2025-09-05T14:52:00+00:00,SPXW-20250905-06440.000-C,CALL,1,2930.0,2930.0,103150.0,103500.0,350.0,,349.99999999999966
one_contract_20pct_cap,409,2025-09-05,2025-09-05T15:20:00+00:00,SPXW-20250905-06435.000-C,CALL,1,3140.0,3140.0,103500.0,104010.0,510.0,,510.0000000000001
one_contract_20pct_cap,410,2025-09-05,2025-09-05T15:27:00+00:00,SPXW-20250905-06440.000-C,CALL,1,3110.0,3110.0,104010.0,104480.0,470.0,,469.99999999999955
one_contract_20pct_cap,411,2025-09-08,2025-09-08T14:01:00+00:00,SPXW-20250908-06495.000-P,PUT,1,980.0,980.0,104480.0,104460.0,-20.0,,-20.000000000000107
one_contract_20pct_cap,412,2025-09-08,2025-09-08T14:07:00+00:00,SPXW-20250908-06465.000-C,CALL,1,3170.0,3170.0,104460.0,104840.0,380.0,,380.00000000000006
one_contract_20pct_cap,413,2025-09-08,2025-09-08T14:36:00+00:00,SPXW-20250908-06475.000-C,CALL,1,2540.0,2540.0,104840.0,105070.0,230.0,,230.00000000000009
one_contract_20pct_cap,414,2025-09-08,2025-09-08T14:46:00+00:00,SPXW-20250908-06490.000-C,CALL,1,1580.0,1580.0,105070.0,105410.0,340.0,,339.9999999999999
one_contract_20pct_cap,415,2025-09-08,2025-09-08T18:15:00+00:00,SPXW-20250908-06475.000-C,CALL,1,1600.0,1600.0,105410.0,105860.0,450.0,,450.0
one_contract_20pct_cap,416,2025-09-09,2025-09-09T14:10:00+00:00,SPXW-20250909-06485.000-C,CALL,1,2080.0,2080.0,105860.0,106130.0,270.0,,269.99999999999994
one_contract_20pct_cap,417,2025-09-09,2025-09-09T14:35:00+00:00,SPXW-20250909-06495.000-P,PUT,1,1410.0,1410.0,106130.0,106100.0,-30.0,,-29.999999999999893
one_contract_20pct_cap,418,2025-09-09,2025-09-09T15:15:00+00:00,SPXW-20250909-06475.000-C,CALL,1,2100.0,2100.0,106100.0,106230.0,130.0,,130.00000000000006
one_contract_20pct_cap,419,2025-09-10,2025-09-10T14:00:00+00:00,SPXW-20250910-06535.000-C,CALL,1,1630.0,1630.0,106230.0,106780.0,550.0,,550.0
one_contract_20pct_cap,420,2025-09-10,2025-09-10T14:21:00+00:00,SPXW-20250910-06535.000-C,CALL,1,2150.0,2150.0,106780.0,106310.0,-470.0,,-469.99999999999994
one_contract_20pct_cap,421,2025-09-10,2025-09-10T14:47:00+00:00,SPXW-20250910-06530.000-C,CALL,1,2050.0,2050.0,106310.0,105790.0,-520.0,,-519.9999999999999
one_contract_20pct_cap,422,2025-09-11,2025-09-11T14:00:00+00:00,SPXW-20250911-06545.000-C,CALL,1,2550.0,2550.0,105790.0,106330.0,540.0,,539.9999999999999
one_contract_20pct_cap,423,2025-09-11,2025-09-11T14:11:00+00:00,SPXW-20250911-06540.000-C,CALL,1,3100.0,3100.0,106330.0,106420.0,90.0,,89.99999999999986
one_contract_20pct_cap,424,2025-09-11,2025-09-11T14:30:00+00:00,SPXW-20250911-06540.000-C,CALL,1,3320.0000000000005,3320.0000000000005,106420.0,106870.0,450.0,,450.0
one_contract_20pct_cap,425,2025-09-11,2025-09-11T14:39:00+00:00,SPXW-20250911-06550.000-C,CALL,1,2970.0,2970.0,106870.0,107050.0,180.0,,180.00000000000006
one_contract_20pct_cap,426,2025-09-11,2025-09-11T15:25:00+00:00,SPXW-20250911-06555.000-C,CALL,1,3080.0,3080.0,107050.0,107070.0,20.0,,19.99999999999993
one_contract_20pct_cap,427,2025-09-12,2025-09-12T14:02:00+00:00,SPXW-20250912-06560.000-C,CALL,1,2930.0,2930.0,107070.0,107260.0,190.0,,189.99999999999983
one_contract_20pct_cap,428,2025-09-12,2025-09-12T14:21:00+00:00,SPXW-20250912-06565.000-C,CALL,1,2430.0,2430.0,107260.0,107430.0,170.0,,169.99999999999994
one_contract_20pct_cap,429,2025-09-12,2025-09-12T14:28:00+00:00,SPXW-20250912-06555.000-C,CALL,1,3450.0,3450.0,107430.0,107530.0,100.0,,100.0
one_contract_20pct_cap,430,2025-09-12,2025-09-12T14:42:00+00:00,SPXW-20250912-06565.000-C,CALL,1,2460.0,2460.0,107530.0,107700.0,170.0,,169.99999999999994
one_contract_20pct_cap,431,2025-09-12,2025-09-12T14:49:00+00:00,SPXW-20250912-06575.000-C,CALL,1,1720.0,1720.0,107700.0,107710.0,10.0,,10.000000000000142
one_contract_20pct_cap,432,2025-09-15,2025-09-15T14:06:00+00:00,SPXW-20250915-06580.000-C,CALL,1,3240.0,3240.0,107710.0,107720.0,10.0,,10.000000000000142
one_contract_20pct_cap,433,2025-09-15,2025-09-15T14:39:00+00:00,SPXW-20250915-06590.000-C,CALL,1,2510.0,2510.0,107720.0,108080.0,360.0,,359.9999999999998
one_contract_20pct_cap,434,2025-09-15,2025-09-15T17:39:00+00:00,SPXW-20250915-06590.000-C,CALL,1,2100.0,2100.0,108080.0,108180.0,100.0,,100.0
one_contract_20pct_cap,435,2025-09-16,2025-09-16T14:17:00+00:00,SPXW-20250916-06585.000-C,CALL,1,2720.0,2720.0,108180.0,108290.0,110.0,,110.00000000000014
one_contract_20pct_cap,436,2025-09-16,2025-09-16T15:10:00+00:00,SPXW-20250916-06580.000-C,CALL,1,2910.0,2910.0,108290.0,107830.0,-460.0,,-460.0000000000001
one_contract_20pct_cap,437,2025-09-17,2025-09-17T18:10:00+00:00,SPXW-20250917-06635.000-P,PUT,1,3340.0,3340.0,107830.0,108130.0,300.0,,300.0
one_contract_20pct_cap,438,2025-09-17,2025-09-17T18:13:00+00:00,SPXW-20250917-06625.000-P,PUT,1,3240.0,3240.0,108130.0,109330.0,1200.0,,1200.0
one_contract_20pct_cap,439,2025-09-17,2025-09-17T18:39:00+00:00,SPXW-20250917-06600.000-P,PUT,1,2300.0,2300.0,109330.0,110190.0,860.0,,860.0000000000001
one_contract_20pct_cap,440,2025-09-17,2025-09-17T18:42:00+00:00,SPXW-20250917-06595.000-P,PUT,1,2430.0,2430.0,110190.0,110730.0,540.0,,539.9999999999999
one_contract_20pct_cap,441,2025-09-17,2025-09-17T18:45:00+00:00,SPXW-20250917-06590.000-P,PUT,1,2530.0,2530.0,110730.0,111440.0,710.0,,709.9999999999998
one_contract_20pct_cap,442,2025-09-17,2025-09-17T18:48:00+00:00,SPXW-20250917-06550.000-C,CALL,1,3160.0,3160.0,111440.0,111910.0,470.0,,469.99999999999955
one_contract_20pct_cap,443,2025-09-17,2025-09-17T19:01:00+00:00,SPXW-20250917-06585.000-C,CALL,1,1590.0,1590.0,111910.0,112580.0,670.0,,670.0000000000001
one_contract_20pct_cap,444,2025-09-17,2025-09-17T19:05:00+00:00,SPXW-20250917-06570.000-C,CALL,1,3150.0,3150.0,112580.0,112750.0,170.0,,170.00000000000028
one_contract_20pct_cap,445,2025-09-18,2025-09-18T14:00:00+00:00,SPXW-20250918-06605.000-C,CALL,1,2880.0,2880.0,112750.0,113190.0,440.0,,440.0000000000002
one_contract_20pct_cap,446,2025-09-18,2025-09-18T14:06:00+00:00,SPXW-20250918-06630.000-C,CALL,1,1680.0,1680.0,113190.0,113960.0,770.0,,769.9999999999999
one_contract_20pct_cap,447,2025-09-18,2025-09-18T14:25:00+00:00,SPXW-20250918-06625.000-C,CALL,1,2810.0,2810.0,113960.0,114430.0,470.0,,469.99999999999955
one_contract_20pct_cap,448,2025-09-18,2025-09-18T14:46:00+00:00,SPXW-20250918-06630.000-C,CALL,1,1789.9999999999998,1789.9999999999998,114430.0,114000.0,-430.0,,-429.9999999999999
one_contract_20pct_cap,449,2025-09-18,2025-09-18T15:11:00+00:00,SPXW-20250918-06620.000-C,CALL,1,2110.0,2110.0,114000.0,114090.0,90.0,,89.99999999999986
one_contract_20pct_cap,450,2025-09-18,2025-09-18T15:24:00+00:00,SPXW-20250918-06610.000-C,CALL,1,3370.0000000000005,3370.0000000000005,114090.0,114320.0,230.0,,229.99999999999972
one_contract_20pct_cap,451,2025-09-19,2025-09-19T14:01:00+00:00,SPXW-20250919-06615.000-C,CALL,1,3450.0,3450.0,114320.0,114500.0,180.0,,179.99999999999972
one_contract_20pct_cap,452,2025-09-19,2025-09-19T14:29:00+00:00,SPXW-20250919-06670.000-P,PUT,1,2470.0,2470.0,114500.0,114550.0,50.0,,50.0
one_contract_20pct_cap,453,2025-09-19,2025-09-19T17:30:00+00:00,SPXW-20250919-06620.000-C,CALL,1,3240.0,3240.0,114550.0,114780.0,230.0,,230.00000000000043
one_contract_20pct_cap,454,2025-09-19,2025-09-19T17:59:00+00:00,SPXW-20250919-06635.000-C,CALL,1,1880.0,1880.0,114780.0,114840.0,60.0,,59.99999999999979
one_contract_20pct_cap,455,2025-09-22,2025-09-22T14:01:00+00:00,SPXW-20250922-06650.000-C,CALL,1,1250.0,1250.0,114840.0,115110.0,270.0,,269.99999999999994
one_contract_20pct_cap,456,2025-09-22,2025-09-22T14:29:00+00:00,SPXW-20250922-06655.000-C,CALL,1,1370.0,1370.0,115110.0,115980.0,870.0,,869.9999999999999
one_contract_20pct_cap,457,2025-09-22,2025-09-22T15:06:00+00:00,SPXW-20250922-06645.000-C,CALL,1,3100.0,3100.0,115980.0,116150.0,170.0,,170.00000000000028
one_contract_20pct_cap,458,2025-09-23,2025-09-23T14:09:00+00:00,SPXW-20250923-06680.000-C,CALL,1,1840.0,1840.0,116150.0,116270.0,120.0,,120.00000000000028
one_contract_20pct_cap,459,2025-09-23,2025-09-23T14:56:00+00:00,SPXW-20250923-06710.000-P,PUT,1,1850.0,1850.0,116270.0,116450.0,180.0,,180.00000000000006
one_contract_20pct_cap,460,2025-09-23,2025-09-23T17:30:00+00:00,SPXW-20250923-06690.000-P,PUT,1,2750.0,2750.0,116450.0,116630.0,180.0,,180.00000000000006
one_contract_20pct_cap,461,2025-09-23,2025-09-23T17:37:00+00:00,SPXW-20250923-06665.000-P,PUT,1,1350.0,1350.0,116630.0,117270.0,640.0,,639.9999999999999
one_contract_20pct_cap,462,2025-09-23,2025-09-23T17:48:00+00:00,SPXW-20250923-06640.000-C,CALL,1,1800.0,1800.0,117270.0,117580.0,310.0,,310.0000000000001
one_contract_20pct_cap,463,2025-09-23,2025-09-23T17:56:00+00:00,SPXW-20250923-06670.000-P,PUT,1,1620.0,1620.0,117580.0,117620.0,40.0,,40.00000000000021
one_contract_20pct_cap,464,2025-09-23,2025-09-23T18:33:00+00:00,SPXW-20250923-06625.000-C,CALL,1,3270.0000000000005,3270.0000000000005,117620.0,117730.0,110.0,,109.99999999999945
one_contract_20pct_cap,465,2025-09-24,2025-09-24T14:05:00+00:00,SPXW-20250924-06665.000-P,PUT,1,1240.0,1240.0,117730.0,117940.0,210.0,,209.99999999999997
one_contract_20pct_cap,466,2025-09-24,2025-09-24T14:49:00+00:00,SPXW-20250924-06635.000-C,CALL,1,2760.0,2760.0,117940.0,117840.0,-100.0,,-100.0
one_contract_20pct_cap,467,2025-09-24,2025-09-24T17:30:00+00:00,SPXW-20250924-06625.000-C,CALL,1,1650.0,1650.0,117840.0,117930.0,90.0,,89.99999999999986
one_contract_20pct_cap,468,2025-09-25,2025-09-25T14:00:00+00:00,SPXW-20250925-06610.000-P,PUT,1,3210.0,3210.0,117930.0,116320.0,-1610.0,,-1610.0000000000002
one_contract_20pct_cap,469,2025-09-25,2025-09-25T14:15:00+00:00,SPXW-20250925-06585.000-C,CALL,0,2680.0,0.0,116320.0,116320.0,0.0,daily_loss_stop,590.0000000000002
one_contract_20pct_cap,470,2025-09-25,2025-09-25T14:25:00+00:00,SPXW-20250925-06585.000-C,CALL,0,3450.0,0.0,116320.0,116320.0,-0.0,daily_loss_stop,-179.99999999999972
one_contract_20pct_cap,471,2025-09-26,2025-09-26T14:03:00+00:00,SPXW-20250926-06645.000-P,PUT,1,1400.0,1400.0,116320.0,116560.0,240.0,,239.99999999999983
one_contract_20pct_cap,472,2025-09-26,2025-09-26T14:07:00+00:00,SPXW-20250926-06650.000-P,PUT,1,2540.0,2540.0,116560.0,116900.0,340.0,,340.0000000000002
one_contract_20pct_cap,473,2025-09-26,2025-09-26T14:13:00+00:00,SPXW-20250926-06640.000-P,PUT,1,2170.0,2170.0,116900.0,117290.0,390.0,,390.0000000000002
one_contract_20pct_cap,474,2025-09-26,2025-09-26T14:16:00+00:00,SPXW-20250926-06590.000-C,CALL,1,3360.0,3360.0,117290.0,117630.0,340.0,,339.9999999999999
one_contract_20pct_cap,475,2025-09-26,2025-09-26T14:30:00+00:00,SPXW-20250926-06625.000-P,PUT,1,2010.0,2010.0,117630.0,117850.0,220.0,,219.99999999999991
one_contract_20pct_cap,476,2025-09-26,2025-09-26T14:38:00+00:00,SPXW-20250926-06590.000-C,CALL,1,2930.0,2930.0,117850.0,118700.0,850.0,,849.9999999999997
one_contract_20pct_cap,477,2025-09-26,2025-09-26T14:44:00+00:00,SPXW-20250926-06655.000-P,PUT,1,3400.0,3400.0,118700.0,120090.0,1390.0,,1389.9999999999998
one_contract_20pct_cap,478,2025-09-26,2025-09-26T15:19:00+00:00,SPXW-20250926-06585.000-C,CALL,1,3370.0000000000005,3370.0000000000005,120090.0,120170.0,80.0,,79.99999999999972
one_contract_20pct_cap,479,2025-09-26,2025-09-26T15:25:00+00:00,SPXW-20250926-06595.000-C,CALL,1,2540.0,2540.0,120170.0,120650.0,480.0,,480.00000000000006
one_contract_20pct_cap,480,2025-09-29,2025-09-29T14:06:00+00:00,SPXW-20250929-06645.000-C,CALL,1,2610.0,2610.0,120650.0,121080.0,430.0,,429.9999999999997
one_contract_20pct_cap,481,2025-09-29,2025-09-29T14:09:00+00:00,SPXW-20250929-06665.000-C,CALL,1,1400.0,1400.0,121080.0,121030.0,-50.0,,-50.0
one_contract_20pct_cap,482,2025-09-30,2025-09-30T14:02:00+00:00,SPXW-20250930-06630.000-C,CALL,1,3100.0,3100.0,121030.0,121030.0,0.0,,0.0
one_contract_20pct_cap,483,2025-09-30,2025-09-30T14:28:00+00:00,SPXW-20250930-06670.000-P,PUT,1,2010.0,2010.0,121030.0,121120.0,90.0,,89.99999999999986
one_contract_20pct_cap,484,2025-09-30,2025-09-30T14:30:00+00:00,SPXW-20250930-06625.000-C,CALL,1,3200.0,3200.0,121120.0,121270.0,150.0,,150.0
one_contract_20pct_cap,485,2025-09-30,2025-09-30T14:48:00+00:00,SPXW-20250930-06635.000-C,CALL,1,2260.0,2260.0,121270.0,121650.0,380.0,,379.9999999999997
one_contract_20pct_cap,486,2025-10-01,2025-10-01T14:01:00+00:00,SPXW-20251001-06695.000-P,PUT,1,3160.0,3160.0,121650.0,121310.0,-340.0,,-340.0000000000002
one_contract_20pct_cap,487,2025-10-01,2025-10-01T14:26:00+00:00,SPXW-20251001-06650.000-C,CALL,1,3300.0,3300.0,121310.0,121230.0,-80.0,,-79.99999999999972
one_contract_20pct_cap,488,2025-10-02,2025-10-02T14:00:00+00:00,SPXW-20251002-06735.000-P,PUT,1,1930.0,1930.0,121230.0,121900.0,670.0,,669.9999999999999
one_contract_20pct_cap,489,2025-10-02,2025-10-02T14:44:00+00:00,SPXW-20251002-06725.000-P,PUT,1,1880.0,1880.0,121900.0,122340.0,440.0,,439.9999999999999
one_contract_20pct_cap,490,2025-10-02,2025-10-02T17:34:00+00:00,SPXW-20251002-06685.000-C,CALL,1,2720.0,2720.0,122340.0,122310.0,-30.0,,-30.00000000000007
one_contract_20pct_cap,491,2025-10-02,2025-10-02T17:39:00+00:00,SPXW-20251002-06690.000-C,CALL,1,2210.0,2210.0,122310.0,122510.0,200.0,,200.0
one_contract_20pct_cap,492,2025-10-03,2025-10-03T14:00:00+00:00,SPXW-20251003-06740.000-P,PUT,1,1430.0,1430.0,122510.0,122570.0,60.0,,59.999999999999964
one_contract_20pct_cap,493,2025-10-03,2025-10-03T14:25:00+00:00,SPXW-20251003-06705.000-C,CALL,1,3220.0000000000005,3220.0000000000005,122570.0,123030.0,460.0,,459.99999999999943
one_contract_20pct_cap,494,2025-10-03,2025-10-03T17:44:00+00:00,SPXW-20251003-06735.000-P,PUT,1,1210.0,1210.0,123030.0,124390.0,1360.0,,1360.0
one_contract_20pct_cap,495,2025-10-06,2025-10-06T14:01:00+00:00,SPXW-20251006-06720.000-P,PUT,1,680.0,680.0,124390.0,124560.0,170.0,,170.00000000000003
one_contract_20pct_cap,496,2025-10-06,2025-10-06T14:15:00+00:00,SPXW-20251006-06700.000-C,CALL,1,2940.0,2940.0,124560.0,124600.0,40.0,,40.00000000000021
one_contract_20pct_cap,497,2025-10-06,2025-10-06T14:32:00+00:00,SPXW-20251006-06695.000-C,CALL,1,3510.0,3510.0,124600.0,124850.0,250.0,,250.0
one_contract_20pct_cap,498,2025-10-06,2025-10-06T14:43:00+00:00,SPXW-20251006-06720.000-C,CALL,1,1390.0,1390.0,124850.0,124930.0,80.0,,79.99999999999989
one_contract_20pct_cap,499,2025-10-06,2025-10-06T14:56:00+00:00,SPXW-20251006-06705.000-C,CALL,1,2680.0,2680.0,124930.0,125250.0,320.0,,319.99999999999994
one_contract_20pct_cap,500,2025-10-06,2025-10-06T15:24:00+00:00,SPXW-20251006-06705.000-C,CALL,1,3080.0,3080.0,125250.0,125450.0,200.0,,199.9999999999997
one_contract_20pct_cap,501,2025-10-06,2025-10-06T17:33:00+00:00,SPXW-20251006-06720.000-C,CALL,1,2520.0,2520.0,125450.0,125490.0,40.0,,40.00000000000021
one_contract_20pct_cap,502,2025-10-07,2025-10-07T14:01:00+00:00,SPXW-20251007-06760.000-P,PUT,1,1670.0,1670.0,125490.0,125640.0,150.0,,150.0
one_contract_20pct_cap,503,2025-10-07,2025-10-07T14:29:00+00:00,SPXW-20251007-06745.000-P,PUT,1,1180.0,1180.0,125640.0,125970.0,330.0,,329.9999999999999
one_contract_20pct_cap,504,2025-10-07,2025-10-07T15:06:00+00:00,SPXW-20251007-06720.000-P,PUT,1,790.0,790.0,125970.0,126150.0,180.0,,179.9999999999999
one_contract_20pct_cap,505,2025-10-08,2025-10-08T14:00:00+00:00,SPXW-20251008-06695.000-C,CALL,1,3460.0,3460.0,126150.0,127280.0,1130.0,,1129.9999999999998
one_contract_20pct_cap,506,2025-10-08,2025-10-08T14:25:00+00:00,SPXW-20251008-06710.000-C,CALL,1,3210.0,3210.0,127280.0,127530.0,250.0,,250.0
one_contract_20pct_cap,507,2025-10-08,2025-10-08T14:36:00+00:00,SPXW-20251008-06715.000-C,CALL,1,2920.0,2920.0,127530.0,127450.0,-80.0,,-80.00000000000007
one_contract_20pct_cap,508,2025-10-08,2025-10-08T18:46:00+00:00,SPXW-20251008-06735.000-C,CALL,1,1390.0,1390.0,127450.0,127460.0,10.0,,9.999999999999964
one_contract_20pct_cap,509,2025-10-09,2025-10-09T14:00:00+00:00,SPXW-20251009-06765.000-P,PUT,1,2420.0,2420.0,127460.0,127400.0,-60.0,,-59.99999999999979
one_contract_20pct_cap,510,2025-10-09,2025-10-09T14:25:00+00:00,SPXW-20251009-06755.000-P,PUT,1,1850.0,1850.0,127400.0,128000.0,600.0,,600.0
one_contract_20pct_cap,511,2025-10-09,2025-10-09T15:15:00+00:00,SPXW-20251009-06705.000-C,CALL,1,3500.0,3500.0,128000.0,127870.0,-130.0,,-129.99999999999972
one_contract_20pct_cap,512,2025-10-10,2025-10-10T14:01:00+00:00,SPXW-20251010-06750.000-P,PUT,1,819.9999999999999,819.9999999999999,127870.0,128050.0,180.0,,180.00000000000006
one_contract_20pct_cap,513,2025-10-10,2025-10-10T14:26:00+00:00,SPXW-20251010-06730.000-C,CALL,1,2600.0,2600.0,128050.0,127790.0,-260.0,,-260.0000000000001
one_contract_20pct_cap,514,2025-10-10,2025-10-10T14:40:00+00:00,SPXW-20251010-06750.000-P,PUT,1,920.0,920.0,127790.0,127900.0,110.0,,110.00000000000014
one_contract_20pct_cap,515,2025-10-10,2025-10-10T14:57:00+00:00,SPXW-20251010-06735.000-P,PUT,1,330.0,330.0,127900.0,128600.0,700.0,,700.0000000000001
one_contract_20pct_cap,516,2025-10-13,2025-10-13T14:00:00+00:00,SPXW-20251013-06630.000-C,CALL,1,3150.0,3150.0,128600.0,128480.0,-120.0,,-119.99999999999991
one_contract_20pct_cap,517,2025-10-13,2025-10-13T14:03:00+00:00,SPXW-20251013-06630.000-C,CALL,1,2700.0,2700.0,128480.0,128820.0,340.0,,339.9999999999999
one_contract_20pct_cap,518,2025-10-13,2025-10-13T14:25:00+00:00,SPXW-20251013-06650.000-P,PUT,1,2490.0,2490.0,128820.0,129490.0,670.0,,670.0000000000002
one_contract_20pct_cap,519,2025-10-13,2025-10-13T14:28:00+00:00,SPXW-20251013-06615.000-C,CALL,1,2580.0,2580.0,129490.0,130640.0,1150.0,,1149.9999999999995
one_contract_20pct_cap,520,2025-10-14,2025-10-14T14:04:00+00:00,SPXW-20251014-06570.000-C,CALL,1,3410.0,3410.0,130640.0,131200.0,560.0,,560.0000000000001
one_contract_20pct_cap,521,2025-10-14,2025-10-14T14:09:00+00:00,SPXW-20251014-06620.000-P,PUT,1,3220.0000000000005,3220.0000000000005,131200.0,130970.0,-230.0,,-230.00000000000043
one_contract_20pct_cap,522,2025-10-14,2025-10-14T14:32:00+00:00,SPXW-20251014-06590.000-C,CALL,1,3440.0,3440.0,130970.0,131650.0,680.0,,680.0000000000005
one_contract_20pct_cap,523,2025-10-14,2025-10-14T14:54:00+00:00,SPXW-20251014-06595.000-C,CALL,1,3200.0,3200.0,131650.0,132100.0,450.0,,450.0
one_contract_20pct_cap,524,2025-10-14,2025-10-14T15:10:00+00:00,SPXW-20251014-06600.000-C,CALL,1,3270.0000000000005,3270.0000000000005,132100.0,132170.0,70.0,,69.99999999999957
one_contract_20pct_cap,525,2025-10-14,2025-10-14T17:30:00+00:00,SPXW-20251014-06655.000-C,CALL,1,2420.0,2420.0,132170.0,131630.0,-540.0,,-539.9999999999999
one_contract_20pct_cap,526,2025-10-14,2025-10-14T18:18:00+00:00,SPXW-20251014-06650.000-C,CALL,1,2530.0,2530.0,131630.0,131470.0,-160.0,,-160.00000000000014
one_contract_20pct_cap,527,2025-10-14,2025-10-14T18:22:00+00:00,SPXW-20251014-06660.000-C,CALL,1,1300.0,1300.0,131470.0,131900.0,430.0,,430.00000000000006
one_contract_20pct_cap,528,2025-10-15,2025-10-15T14:00:00+00:00,SPXW-20251015-06680.000-C,CALL,1,3340.0,3340.0,131900.0,133240.0,1340.0,,1339.9999999999998
one_contract_20pct_cap,529,2025-10-15,2025-10-15T14:15:00+00:00,SPXW-20251015-06700.000-C,CALL,1,2540.0,2540.0,133240.0,133350.0,110.0,,110.00000000000014
one_contract_20pct_cap,530,2025-10-15,2025-10-15T14:30:00+00:00,SPXW-20251015-06695.000-C,CALL,1,2980.0,2980.0,133350.0,133220.0,-130.0,,-130.00000000000006
one_contract_20pct_cap,531,2025-10-15,2025-10-15T14:42:00+00:00,SPXW-20251015-06695.000-C,CALL,1,2370.0,2370.0,133220.0,133210.0,-10.0,,-9.999999999999789
one_contract_20pct_cap,532,2025-10-15,2025-10-15T14:51:00+00:00,SPXW-20251015-06700.000-C,CALL,1,1860.0,1860.0,133210.0,133350.0,140.0,,139.99999999999986
one_contract_20pct_cap,533,2025-10-15,2025-10-15T15:13:00+00:00,SPXW-20251015-06685.000-C,CALL,1,2470.0,2470.0,133350.0,133520.0,170.0,,169.99999999999994
one_contract_20pct_cap,534,2025-10-15,2025-10-15T15:17:00+00:00,SPXW-20251015-06680.000-C,CALL,1,2740.0,2740.0,133520.0,133630.0,110.0,,110.00000000000014
one_contract_20pct_cap,535,2025-10-15,2025-10-15T17:33:00+00:00,SPXW-20251015-06615.000-C,CALL,1,2700.0,2700.0,133630.0,134530.0,900.0,,900.0
one_contract_20pct_cap,536,2025-10-15,2025-10-15T17:45:00+00:00,SPXW-20251015-06630.000-C,CALL,1,2760.0,2760.0,134530.0,135360.0,830.0,,829.9999999999998
one_contract_20pct_cap,537,2025-10-16,2025-10-16T14:00:00+00:00,SPXW-20251016-06715.000-P,PUT,1,3379.9999999999995,3379.9999999999995,135360.0,135630.0,270.0,,270.0000000000003
one_contract_20pct_cap,538,2025-10-16,2025-10-16T14:25:00+00:00,SPXW-20251016-06670.000-C,CALL,1,3210.0,3210.0,135630.0,135610.0,-20.0,,-20.000000000000284
one_contract_20pct_cap,539,2025-10-16,2025-10-16T14:37:00+00:00,SPXW-20251016-06675.000-C,CALL,1,3229.9999999999995,3229.9999999999995,135610.0,136180.0,570.0,,570.0000000000002
one_contract_20pct_cap,540,2025-10-17,2025-10-17T14:00:00+00:00,SPXW-20251017-06640.000-P,PUT,1,3310.0,3310.0,136180.0,135790.0,-390.0,,-390.0000000000002
one_contract_20pct_cap,541,2025-10-17,2025-10-17T14:11:00+00:00,SPXW-20251017-06625.000-C,CALL,1,3080.0,3080.0,135790.0,137090.0,1300.0,,1299.9999999999995
one_contract_20pct_cap,542,2025-10-17,2025-10-17T14:44:00+00:00,SPXW-20251017-06650.000-P,PUT,1,3340.0,3340.0,137090.0,137030.0,-60.0,,-60.00000000000014
one_contract_20pct_cap,543,2025-10-17,2025-10-17T14:52:00+00:00,SPXW-20251017-06650.000-P,PUT,1,3310.0,3310.0,137030.0,137960.0,930.0,,929.9999999999998
one_contract_20pct_cap,544,2025-10-17,2025-10-17T15:11:00+00:00,SPXW-20251017-06645.000-P,PUT,1,3110.0,3110.0,137960.0,138750.0,790.0,,789.9999999999999
one_contract_20pct_cap,545,2025-10-17,2025-10-17T17:32:00+00:00,SPXW-20251017-06615.000-C,CALL,1,2800.0,2800.0,138750.0,139220.0,470.0,,470.0000000000003
one_contract_20pct_cap,546,2025-10-17,2025-10-17T17:58:00+00:00,SPXW-20251017-06630.000-C,CALL,1,2350.0,2350.0,139220.0,139690.0,470.0,,469.99999999999994
one_contract_20pct_cap,547,2025-10-20,2025-10-20T14:00:00+00:00,SPXW-20251020-06685.000-C,CALL,1,3110.0,3110.0,139690.0,140410.0,720.0,,719.9999999999995
one_contract_20pct_cap,548,2025-10-20,2025-10-20T14:25:00+00:00,SPXW-20251020-06690.000-C,CALL,1,3410.0,3410.0,140410.0,140700.0,290.0,,289.9999999999999
one_contract_20pct_cap,549,2025-10-20,2025-10-20T14:35:00+00:00,SPXW-20251020-06700.000-C,CALL,1,2660.0,2660.0,140700.0,141360.0,660.0,,660.0000000000001
one_contract_20pct_cap,550,2025-10-20,2025-10-20T17:38:00+00:00,SPXW-20251020-06730.000-C,CALL,1,1330.0,1330.0,141360.0,141510.0,150.0,,150.0
one_contract_20pct_cap,551,2025-10-21,2025-10-21T14:00:00+00:00,SPXW-20251021-06750.000-P,PUT,1,2570.0,2570.0,141510.0,141410.0,-100.0,,-100.0
one_contract_20pct_cap,552,2025-10-21,2025-10-21T14:25:00+00:00,SPXW-20251021-06765.000-P,PUT,1,2880.0,2880.0,141410.0,142560.0,1150.0,,1149.9999999999995
one_contract_20pct_cap,553,2025-10-22,2025-10-22T14:01:00+00:00,SPXW-20251022-06710.000-C,CALL,1,3070.0,3070.0,142560.0,142650.0,90.0,,90.00000000000021
one_contract_20pct_cap,554,2025-10-22,2025-10-22T14:10:00+00:00,SPXW-20251022-06740.000-P,PUT,1,1410.0,1410.0,142650.0,142690.0,40.0,,40.000000000000036
one_contract_20pct_cap,555,2025-10-22,2025-10-22T14:26:00+00:00,SPXW-20251022-06730.000-P,PUT,1,1230.0,1230.0,142690.0,143780.0,1090.0,,1089.9999999999998
one_contract_20pct_cap,556,2025-10-22,2025-10-22T14:38:00+00:00,SPXW-20251022-06735.000-P,PUT,1,2310.0,2310.0,143780.0,144470.0,690.0,,689.9999999999999
one_contract_20pct_cap,557,2025-10-23,2025-10-23T14:00:00+00:00,SPXW-20251023-06740.000-P,PUT,1,2330.0,2330.0,144470.0,145220.0,750.0,,750.0
one_contract_20pct_cap,558,2025-10-23,2025-10-23T14:12:00+00:00,SPXW-20251023-06700.000-C,CALL,1,2200.0,2200.0,145220.0,144970.0,-250.0,,-250.0
one_contract_20pct_cap,559,2025-10-23,2025-10-23T14:26:00+00:00,SPXW-20251023-06690.000-C,CALL,1,3170.0,3170.0,144970.0,145490.0,520.0,,519.9999999999999
one_contract_20pct_cap,560,2025-10-23,2025-10-23T14:44:00+00:00,SPXW-20251023-06695.000-C,CALL,1,3030.0,3030.0,145490.0,145920.0,430.0,,430.00000000000006
one_contract_20pct_cap,561,2025-10-24,2025-10-24T14:01:00+00:00,SPXW-20251024-06785.000-C,CALL,1,2000.0,2000.0,145920.0,146160.0,240.0,,239.99999999999983
one_contract_20pct_cap,562,2025-10-24,2025-10-24T14:12:00+00:00,SPXW-20251024-06775.000-C,CALL,1,2910.0,2910.0,146160.0,145990.0,-170.0,,-170.00000000000028
one_contract_20pct_cap,563,2025-10-24,2025-10-24T14:26:00+00:00,SPXW-20251024-06805.000-P,PUT,1,1730.0,1730.0,145990.0,146460.0,470.0,,469.99999999999994
one_contract_20pct_cap,564,2025-10-24,2025-10-24T14:32:00+00:00,SPXW-20251024-06765.000-C,CALL,1,2790.0,2790.0,146460.0,147000.0,540.0,,539.9999999999999
one_contract_20pct_cap,565,2025-10-27,2025-10-27T14:01:00+00:00,SPXW-20251027-06820.000-C,CALL,1,3470.0000000000005,3470.0000000000005,147000.0,147440.0,440.0,,439.9999999999999
one_contract_20pct_cap,566,2025-10-27,2025-10-27T14:11:00+00:00,SPXW-20251027-06835.000-C,CALL,1,2340.0,2340.0,147440.0,147130.0,-310.0,,-309.9999999999998
one_contract_20pct_cap,567,2025-10-27,2025-10-27T14:28:00+00:00,SPXW-20251027-06820.000-C,CALL,1,3170.0,3170.0,147130.0,147290.0,160.0,,159.99999999999977
one_contract_20pct_cap,568,2025-10-27,2025-10-27T14:33:00+00:00,SPXW-20251027-06820.000-C,CALL,1,3400.0,3400.0,147290.0,147540.0,250.0,,250.0
one_contract_20pct_cap,569,2025-10-27,2025-10-27T14:38:00+00:00,SPXW-20251027-06835.000-C,CALL,1,2220.0,2220.0,147540.0,147630.0,90.0,,90.00000000000021
one_contract_20pct_cap,570,2025-10-27,2025-10-27T14:55:00+00:00,SPXW-20251027-06835.000-C,CALL,1,1870.0,1870.0,147630.0,147650.0,20.0,,19.99999999999993
one_contract_20pct_cap,571,2025-10-28,2025-10-28T14:00:00+00:00,SPXW-20251028-06890.000-P,PUT,1,1700.0,1700.0,147650.0,147330.0,-320.0,,-319.99999999999994
one_contract_20pct_cap,572,2025-10-28,2025-10-28T14:25:00+00:00,SPXW-20251028-06850.000-C,CALL,1,3410.0,3410.0,147330.0,147520.0,190.0,,189.99999999999983
one_contract_20pct_cap,573,2025-10-28,2025-10-28T14:52:00+00:00,SPXW-20251028-06855.000-C,CALL,1,3130.0,3130.0,147520.0,147340.0,-180.0,,-180.00000000000006
one_contract_20pct_cap,574,2025-10-28,2025-10-28T15:03:00+00:00,SPXW-20251028-06915.000-P,PUT,1,3240.0,3240.0,147340.0,147640.0,300.0,,300.0
one_contract_20pct_cap,575,2025-10-28,2025-10-28T18:40:00+00:00,SPXW-20251028-06870.000-C,CALL,1,3130.0,3130.0,147640.0,147670.0,30.0,,30.00000000000007
one_contract_20pct_cap,576,2025-10-29,2025-10-29T14:11:00+00:00,SPXW-20251029-06940.000-P,PUT,1,3370.0000000000005,3370.0000000000005,147670.0,147860.0,190.0,,189.99999999999983
one_contract_20pct_cap,577,2025-10-29,2025-10-29T14:46:00+00:00,SPXW-20251029-06935.000-P,PUT,1,3310.0,3310.0,147860.0,148240.0,380.0,,379.9999999999997
one_contract_20pct_cap,578,2025-10-29,2025-10-29T18:12:00+00:00,SPXW-20251029-06930.000-P,PUT,1,2940.0,2940.0,148240.0,148870.0,630.0,,630.0000000000005
one_contract_20pct_cap,579,2025-10-29,2025-10-29T18:35:00+00:00,SPXW-20251029-06930.000-P,PUT,1,2770.0,2770.0,148870.0,151820.0,2950.0,,2950.0000000000005
one_contract_20pct_cap,580,2025-10-29,2025-10-29T18:51:00+00:00,SPXW-20251029-06855.000-C,CALL,1,2680.0,2680.0,151820.0,152150.0,330.0,,330.00000000000006
one_contract_20pct_cap,581,2025-10-29,2025-10-29T19:01:00+00:00,SPXW-20251029-06900.000-P,PUT,1,1820.0,1820.0,152150.0,153520.0,1370.0,,1370.0
one_contract_20pct_cap,582,2025-10-30,2025-10-30T14:00:00+00:00,SPXW-20251030-06850.000-C,CALL,1,3279.9999999999995,3279.9999999999995,153520.0,153760.0,240.0,,240.00000000000057
one_contract_20pct_cap,583,2025-10-30,2025-10-30T14:25:00+00:00,SPXW-20251030-06875.000-P,PUT,1,2620.0,2620.0,153760.0,153850.0,90.0,,90.00000000000021
one_contract_20pct_cap,584,2025-10-30,2025-10-30T14:30:00+00:00,SPXW-20251030-06850.000-C,CALL,1,2180.0,2180.0,153850.0,154200.0,350.0,,350.0
one_contract_20pct_cap,585,2025-10-30,2025-10-30T14:46:00+00:00,SPXW-20251030-06855.000-C,CALL,1,2540.0,2540.0,154200.0,154140.0,-60.0,,-59.99999999999979
one_contract_20pct_cap,586,2025-10-31,2025-10-31T14:00:00+00:00,SPXW-20251031-06885.000-P,PUT,1,3340.0,3340.0,154140.0,154660.0,520.0,,520.0000000000002
one_contract_20pct_cap,587,2025-10-31,2025-10-31T14:31:00+00:00,SPXW-20251031-06830.000-C,CALL,1,3200.0,3200.0,154660.0,155080.0,420.0,,420.0000000000003
one_contract_20pct_cap,588,2025-10-31,2025-10-31T14:41:00+00:00,SPXW-20251031-06835.000-C,CALL,1,3170.0,3170.0,155080.0,155560.0,480.0,,480.00000000000006
one_contract_20pct_cap,589,2025-10-31,2025-10-31T14:58:00+00:00,SPXW-20251031-06835.000-C,CALL,1,3470.0000000000005,3470.0000000000005,155560.0,155630.0,70.0,,69.99999999999957
one_contract_20pct_cap,590,2025-10-31,2025-10-31T15:12:00+00:00,SPXW-20251031-06835.000-C,CALL,1,3279.9999999999995,3279.9999999999995,155630.0,155890.0,260.0,,260.0000000000001
one_contract_20pct_cap,591,2025-10-31,2025-10-31T17:30:00+00:00,SPXW-20251031-06790.000-C,CALL,1,3450.0,3450.0,155890.0,156450.0,560.0,,560.0000000000001
one_contract_20pct_cap,592,2025-10-31,2025-10-31T18:08:00+00:00,SPXW-20251031-06820.000-C,CALL,1,2300.0,2300.0,156450.0,156630.0,180.0,,180.00000000000006
one_contract_20pct_cap,593,2025-11-03,2025-11-03T15:00:00+00:00,SPXW-20251103-06860.000-P,PUT,1,2280.0,2280.0,156630.0,157050.0,420.0,,419.99999999999994
one_contract_20pct_cap,594,2025-11-03,2025-11-03T15:16:00+00:00,SPXW-20251103-06860.000-P,PUT,1,2440.0,2440.0,157050.0,158440.0,1390.0,,1389.9999999999998
one_contract_20pct_cap,595,2025-11-03,2025-11-03T15:42:00+00:00,SPXW-20251103-06850.000-P,PUT,1,2000.0,2000.0,158440.0,158550.0,110.0,,110.00000000000014
one_contract_20pct_cap,596,2025-11-03,2025-11-03T15:53:00+00:00,SPXW-20251103-06820.000-C,CALL,1,2780.0,2780.0,158550.0,159130.0,580.0,,580.0000000000001
one_contract_20pct_cap,597,2025-11-03,2025-11-03T16:02:00+00:00,SPXW-20251103-06865.000-P,PUT,1,2450.0,2450.0,159130.0,159170.0,40.0,,39.99999999999986
one_contract_20pct_cap,598,2025-11-03,2025-11-03T16:14:00+00:00,SPXW-20251103-06830.000-C,CALL,1,2150.0,2150.0,159170.0,159290.0,120.0,,119.99999999999991
one_contract_20pct_cap,599,2025-11-03,2025-11-03T18:31:00+00:00,SPXW-20251103-06850.000-C,CALL,1,1230.0,1230.0,159290.0,159560.0,270.0,,269.99999999999994
one_contract_20pct_cap,600,2025-11-04,2025-11-04T15:01:00+00:00,SPXW-20251104-06785.000-C,CALL,1,3120.0,3120.0,159560.0,159680.0,120.0,,119.99999999999991
one_contract_20pct_cap,601,2025-11-04,2025-11-04T15:09:00+00:00,SPXW-20251104-06785.000-C,CALL,1,2990.0,2990.0,159680.0,159950.0,270.0,,270.0000000000003
one_contract_20pct_cap,602,2025-11-04,2025-11-04T15:33:00+00:00,SPXW-20251104-06785.000-C,CALL,1,3220.0000000000005,3220.0000000000005,159950.0,160480.0,530.0,,529.9999999999998
one_contract_20pct_cap,603,2025-11-04,2025-11-04T15:46:00+00:00,SPXW-20251104-06795.000-C,CALL,1,2530.0,2530.0,160480.0,160020.0,-460.0,,-460.0000000000001
one_contract_20pct_cap,604,2025-11-04,2025-11-04T15:58:00+00:00,SPXW-20251104-06775.000-C,CALL,1,3130.0,3130.0,160020.0,160600.0,580.0,,580.0000000000001
one_contract_20pct_cap,605,2025-11-04,2025-11-04T16:04:00+00:00,SPXW-20251104-06785.000-C,CALL,1,2550.0,2550.0,160600.0,160410.0,-190.0,,-189.99999999999983
one_contract_20pct_cap,606,2025-11-04,2025-11-04T16:12:00+00:00,SPXW-20251104-06770.000-C,CALL,1,3390.0,3390.0,160410.0,160750.0,340.0,,339.9999999999999
one_contract_20pct_cap,607,2025-11-04,2025-11-04T16:18:00+00:00,SPXW-20251104-06815.000-P,PUT,1,1780.0,1780.0,160750.0,161170.0,420.0,,419.99999999999994
one_contract_20pct_cap,608,2025-11-04,2025-11-04T16:26:00+00:00,SPXW-20251104-06810.000-P,PUT,1,1810.0,1810.0,161170.0,160970.0,-200.0,,-200.0
one_contract_20pct_cap,609,2025-11-04,2025-11-04T18:31:00+00:00,SPXW-20251104-06795.000-P,PUT,1,2070.0,2070.0,160970.0,161410.0,440.0,,440.0000000000002
one_contract_20pct_cap,610,2025-11-05,2025-11-05T15:01:00+00:00,SPXW-20251105-06820.000-P,PUT,1,3240.0,3240.0,161410.0,161140.0,-270.0,,-269.99999999999994
one_contract_20pct_cap,611,2025-11-05,2025-11-05T15:26:00+00:00,SPXW-20251105-06765.000-C,CALL,1,3340.0,3340.0,161140.0,161740.0,600.0,,600.0
one_contract_20pct_cap,612,2025-11-05,2025-11-05T15:31:00+00:00,SPXW-20251105-06775.000-C,CALL,1,2670.0,2670.0,161740.0,162260.0,520.0,,519.9999999999999
one_contract_20pct_cap,613,2025-11-06,2025-11-06T15:00:00+00:00,SPXW-20251106-06790.000-P,PUT,1,3420.0000000000005,3420.0000000000005,162260.0,162840.0,580.0,,579.9999999999998
one_contract_20pct_cap,614,2025-11-06,2025-11-06T15:26:00+00:00,SPXW-20251106-06800.000-P,PUT,1,3240.0,3240.0,162840.0,163250.0,410.0,,410.0000000000001
one_contract_20pct_cap,615,2025-11-07,2025-11-07T15:03:00+00:00,SPXW-20251107-06700.000-P,PUT,1,3470.0000000000005,3470.0000000000005,163250.0,164200.0,950.0,,950.0
one_contract_20pct_cap,616,2025-11-07,2025-11-07T15:30:00+00:00,SPXW-20251107-06660.000-C,CALL,1,3180.0,3180.0,164200.0,163900.0,-300.0,,-300.0
one_contract_20pct_cap,617,2025-11-07,2025-11-07T15:41:00+00:00,SPXW-20251107-06685.000-P,PUT,1,2700.0,2700.0,163900.0,164670.0,770.0,,770.0000000000002
one_contract_20pct_cap,618,2025-11-07,2025-11-07T15:48:00+00:00,SPXW-20251107-06680.000-P,PUT,1,2940.0,2940.0,164670.0,165010.0,340.0,,339.9999999999999
one_contract_20pct_cap,619,2025-11-07,2025-11-07T18:31:00+00:00,SPXW-20251107-06645.000-C,CALL,1,3180.0,3180.0,165010.0,164860.0,-150.0,,-150.0
one_contract_20pct_cap,620,2025-11-10,2025-11-10T15:01:00+00:00,SPXW-20251110-06780.000-C,CALL,1,3060.0,3060.0,164860.0,165000.0,140.0,,139.99999999999986
one_contract_20pct_cap,621,2025-11-10,2025-11-10T15:10:00+00:00,SPXW-20251110-06780.000-C,CALL,1,3140.0,3140.0,165000.0,165190.0,190.0,,189.99999999999983
one_contract_20pct_cap,622,2025-11-10,2025-11-10T15:26:00+00:00,SPXW-20251110-06795.000-C,CALL,1,2130.0,2130.0,165190.0,165040.0,-150.0,,-150.0
one_contract_20pct_cap,623,2025-11-10,2025-11-10T15:34:00+00:00,SPXW-20251110-06790.000-C,CALL,1,2280.0,2280.0,165040.0,164590.0,-450.0,,-450.0
one_contract_20pct_cap,624,2025-11-11,2025-11-11T15:01:00+00:00,SPXW-20251111-06795.000-C,CALL,1,3260.0,3260.0,164590.0,164120.0,-470.0,,-470.0000000000003
one_contract_20pct_cap,625,2025-11-11,2025-11-11T15:06:00+00:00,SPXW-20251111-06820.000-P,PUT,1,1240.0,1240.0,164120.0,164440.0,320.0,,319.99999999999994
one_contract_20pct_cap,626,2025-11-11,2025-11-11T15:26:00+00:00,SPXW-20251111-06835.000-P,PUT,1,2110.0,2110.0,164440.0,165140.0,700.0,,700.0
one_contract_20pct_cap,627,2025-11-11,2025-11-11T16:26:00+00:00,SPXW-20251111-06830.000-P,PUT,1,1390.0,1390.0,165140.0,165970.0,830.0,,829.9999999999999
one_contract_20pct_cap,628,2025-11-12,2025-11-12T15:02:00+00:00,SPXW-20251112-06840.000-C,CALL,1,2580.0,2580.0,165970.0,165930.0,-40.0,,-40.00000000000021
one_contract_20pct_cap,629,2025-11-12,2025-11-12T15:05:00+00:00,SPXW-20251112-06890.000-P,PUT,1,3340.0,3340.0,165930.0,166760.0,830.0,,830.0000000000005
one_contract_20pct_cap,630,2025-11-12,2025-11-12T15:27:00+00:00,SPXW-20251112-06870.000-P,PUT,1,2550.0,2550.0,166760.0,167630.0,870.0,,870.0000000000002
one_contract_20pct_cap,631,2025-11-12,2025-11-12T16:27:00+00:00,SPXW-20251112-06820.000-C,CALL,1,2550.0,2550.0,167630.0,168280.0,650.0,,650.0
one_contract_20pct_cap,632,2025-11-13,2025-11-13T15:00:00+00:00,SPXW-20251113-06780.000-C,CALL,1,3490.0,3490.0,168280.0,168000.0,-280.0,,-279.9999999999997
one_contract_20pct_cap,633,2025-11-13,2025-11-13T15:06:00+00:00,SPXW-20251113-06800.000-C,CALL,1,1840.0,1840.0,168000.0,169040.0,1040.0,,1040.0000000000002
one_contract_20pct_cap,634,2025-11-13,2025-11-13T15:26:00+00:00,SPXW-20251113-06840.000-P,PUT,1,3100.0,3100.0,169040.0,170410.0,1370.0,,1370.0000000000002
one_contract_20pct_cap,635,2025-11-13,2025-11-13T15:41:00+00:00,SPXW-20251113-06825.000-P,PUT,1,3240.0,3240.0,170410.0,172220.0,1810.0,,1810.0
one_contract_20pct_cap,636,2025-11-14,2025-11-14T15:06:00+00:00,SPXW-20251114-06680.000-C,CALL,1,3240.0,3240.0,172220.0,172630.0,410.0,,410.0000000000001
one_contract_20pct_cap,637,2025-11-14,2025-11-14T15:14:00+00:00,SPXW-20251114-06670.000-C,CALL,1,3510.0,3510.0,172630.0,173830.0,1200.0,,1200.0
one_contract_20pct_cap,638,2025-11-14,2025-11-14T15:27:00+00:00,SPXW-20251114-06700.000-C,CALL,1,2520.0,2520.0,173830.0,174150.0,320.0,,319.99999999999994
one_contract_20pct_cap,639,2025-11-14,2025-11-14T15:32:00+00:00,SPXW-20251114-06700.000-C,CALL,1,2870.0,2870.0,174150.0,176050.0,1900.0,,1900.0000000000005
one_contract_20pct_cap,640,2025-11-14,2025-11-14T18:30:00+00:00,SPXW-20251114-06720.000-C,CALL,1,3360.0,3360.0,176050.0,176250.0,200.0,,200.0
one_contract_20pct_cap,641,2025-11-14,2025-11-14T18:32:00+00:00,SPXW-20251114-06730.000-C,CALL,1,2420.0,2420.0,176250.0,176680.0,430.0,,430.00000000000006
one_contract_20pct_cap,642,2025-11-14,2025-11-14T18:45:00+00:00,SPXW-20251114-06705.000-C,CALL,1,3390.0,3390.0,176680.0,176670.0,-10.0,,-10.000000000000142
one_contract_20pct_cap,643,2025-11-14,2025-11-14T18:51:00+00:00,SPXW-20251114-06725.000-C,CALL,1,2160.0,2160.0,176670.0,177680.0,1010.0,,1009.9999999999998
one_contract_20pct_cap,644,2025-11-14,2025-11-14T18:58:00+00:00,SPXW-20251114-06720.000-C,CALL,1,3150.0,3150.0,177680.0,178000.0,320.0,,320.0000000000003
one_contract_20pct_cap,645,2025-11-17,2025-11-17T15:00:00+00:00,SPXW-20251117-06725.000-C,CALL,1,3110.0,3110.0,178000.0,177900.0,-100.0,,-100.0
one_contract_20pct_cap,646,2025-11-17,2025-11-17T15:12:00+00:00,SPXW-20251117-06710.000-C,CALL,1,3510.0,3510.0,177900.0,178040.0,140.0,,139.99999999999986
one_contract_20pct_cap,647,2025-11-17,2025-11-17T15:17:00+00:00,SPXW-20251117-06765.000-P,PUT,1,3460.0,3460.0,178040.0,178500.0,460.0,,460.0000000000001
one_contract_20pct_cap,648,2025-11-17,2025-11-17T15:34:00+00:00,SPXW-20251117-06700.000-C,CALL,1,3310.0,3310.0,178500.0,178580.0,80.0,,79.99999999999972
one_contract_20pct_cap,649,2025-11-17,2025-11-17T15:42:00+00:00,SPXW-20251117-06745.000-P,PUT,1,3240.0,3240.0,178580.0,178210.0,-370.0,,-369.99999999999994
one_contract_20pct_cap,650,2025-11-17,2025-11-17T16:10:00+00:00,SPXW-20251117-06685.000-C,CALL,1,3350.0,3350.0,178210.0,177790.0,-420.0,,-419.99999999999994
one_contract_20pct_cap,651,2025-11-17,2025-11-17T18:42:00+00:00,SPXW-20251117-06680.000-C,CALL,1,2540.0,2540.0,177790.0,178880.0,1090.0,,1089.9999999999998
one_contract_20pct_cap,652,2025-11-18,2025-11-18T15:01:00+00:00,SPXW-20251118-06620.000-P,PUT,1,3400.0,3400.0,178880.0,179800.0,920.0,,920.0000000000002
one_contract_20pct_cap,653,2025-11-18,2025-11-18T15:10:00+00:00,SPXW-20251118-06620.000-P,PUT,1,3379.9999999999995,3379.9999999999995,179800.0,180590.0,790.0,,790.0000000000006
one_contract_20pct_cap,654,2025-11-18,2025-11-18T15:27:00+00:00,SPXW-20251118-06625.000-P,PUT,1,2960.0,2960.0,180590.0,181120.0,530.0,,529.9999999999998
one_contract_20pct_cap,655,2025-11-18,2025-11-18T15:31:00+00:00,SPXW-20251118-06610.000-P,PUT,1,2340.0,2340.0,181120.0,181580.0,460.0,,460.0000000000001
one_contract_20pct_cap,656,2025-11-18,2025-11-18T15:34:00+00:00,SPXW-20251118-06625.000-P,PUT,1,3290.0,3290.0,181580.0,182490.0,910.0,,910.0
one_contract_20pct_cap,657,2025-11-18,2025-11-18T15:41:00+00:00,SPXW-20251118-06600.000-C,CALL,1,2300.0,2300.0,182490.0,182950.0,460.0,,460.0000000000001
one_contract_20pct_cap,658,2025-11-18,2025-11-18T18:30:00+00:00,SPXW-20251118-06630.000-C,CALL,1,2740.0,2740.0,182950.0,183660.0,710.0,,710.0000000000001
one_contract_20pct_cap,659,2025-11-19,2025-11-19T15:24:00+00:00,SPXW-20251119-06665.000-C,CALL,1,2440.0,2440.0,183660.0,183700.0,40.0,,40.00000000000021
one_contract_20pct_cap,660,2025-11-19,2025-11-19T15:43:00+00:00,SPXW-20251119-06650.000-C,CALL,1,2850.0,2850.0,183700.0,183530.0,-170.0,,-169.99999999999994
one_contract_20pct_cap,661,2025-11-19,2025-11-19T15:55:00+00:00,SPXW-20251119-06685.000-P,PUT,1,3479.9999999999995,3479.9999999999995,183530.0,185070.0,1540.0,,1540.0000000000005
one_contract_20pct_cap,662,2025-11-19,2025-11-19T16:07:00+00:00,SPXW-20251119-06615.000-C,CALL,1,3370.0000000000005,3370.0000000000005,185070.0,185190.0,120.0,,119.99999999999956
one_contract_20pct_cap,663,2025-11-19,2025-11-19T16:20:00+00:00,SPXW-20251119-06620.000-C,CALL,1,3080.0,3080.0,185190.0,185380.0,190.0,,190.00000000000023
one_contract_20pct_cap,664,2025-11-19,2025-11-19T16:23:00+00:00,SPXW-20251119-06670.000-P,PUT,1,3310.0,3310.0,185380.0,185960.0,580.0,,579.9999999999998
one_contract_20pct_cap,665,2025-11-19,2025-11-19T18:32:00+00:00,SPXW-20251119-06655.000-P,PUT,1,2770.0,2770.0,185960.0,185200.0,-760.0,,-759.9999999999998
one_contract_20pct_cap,666,2025-11-19,2025-11-19T18:43:00+00:00,SPXW-20251119-06655.000-P,PUT,1,2550.0,2550.0,185200.0,185690.0,490.0,,489.9999999999999
one_contract_20pct_cap,667,2025-11-19,2025-11-19T19:45:00+00:00,SPXW-20251119-06595.000-C,CALL,1,2200.0,2200.0,185690.0,187430.0,1740.0,,1739.9999999999998
one_contract_20pct_cap,668,2025-11-20,2025-11-20T15:00:00+00:00,SPXW-20251120-06745.000-C,CALL,1,3140.0,3140.0,187430.0,187420.0,-10.0,,-9.999999999999789
one_contract_20pct_cap,669,2025-11-20,2025-11-20T15:06:00+00:00,SPXW-20251120-06780.000-P,PUT,1,2890.0,2890.0,187420.0,188480.0,1060.0,,1060.0000000000002
one_contract_20pct_cap,670,2025-11-20,2025-11-20T15:20:00+00:00,SPXW-20251120-06735.000-C,CALL,1,3190.0,3190.0,188480.0,188960.0,480.0,,480.00000000000045
one_contract_20pct_cap,671,2025-11-20,2025-11-20T15:31:00+00:00,SPXW-20251120-06740.000-C,CALL,1,3360.0,3360.0,188960.0,189340.0,380.0,,379.9999999999997
one_contract_20pct_cap,672,2025-11-20,2025-11-20T15:43:00+00:00,SPXW-20251120-06740.000-C,CALL,1,3410.0,3410.0,189340.0,189480.0,140.0,,139.99999999999986
one_contract_20pct_cap,673,2025-11-20,2025-11-20T15:58:00+00:00,SPXW-20251120-06775.000-P,PUT,1,3050.0,3050.0,189480.0,192600.0,3120.0,,3120.0000000000005
one_contract_20pct_cap,674,2025-11-21,2025-11-21T15:07:00+00:00,SPXW-20251121-06575.000-P,PUT,1,3429.9999999999995,3429.9999999999995,192600.0,193370.0,770.0,,770.0000000000002
one_contract_20pct_cap,675,2025-11-21,2025-11-21T15:17:00+00:00,SPXW-20251121-06560.000-P,PUT,1,3510.0,3510.0,193370.0,193230.0,-140.0,,-139.99999999999986
one_contract_20pct_cap,676,2025-11-21,2025-11-21T15:24:00+00:00,SPXW-20251121-06555.000-C,CALL,1,3090.0,3090.0,193230.0,193760.0,530.0,,530.0000000000005
one_contract_20pct_cap,677,2025-11-21,2025-11-21T15:33:00+00:00,SPXW-20251121-06550.000-P,PUT,1,3050.0,3050.0,193760.0,194120.0,360.0,,360.0000000000001
one_contract_20pct_cap,678,2025-11-21,2025-11-21T15:57:00+00:00,SPXW-20251121-06560.000-P,PUT,1,3050.0,3050.0,194120.0,194700.0,580.0,,579.9999999999998
one_contract_20pct_cap,679,2025-11-21,2025-11-21T16:21:00+00:00,SPXW-20251121-06540.000-C,CALL,1,3370.0000000000005,3370.0000000000005,194700.0,195360.0,660.0,,659.9999999999994
one_contract_20pct_cap,680,2025-11-21,2025-11-21T16:29:00+00:00,SPXW-20251121-06555.000-C,CALL,1,3320.0000000000005,3320.0000000000005,195360.0,195880.0,520.0,,519.9999999999995
one_contract_20pct_cap,681,2025-11-21,2025-11-21T18:30:00+00:00,SPXW-20251121-06575.000-C,CALL,1,3270.0000000000005,3270.0000000000005,195880.0,196640.0,760.0,,759.9999999999994
one_contract_20pct_cap,682,2025-11-21,2025-11-21T18:48:00+00:00,SPXW-20251121-06595.000-C,CALL,1,3290.0,3290.0,196640.0,199420.0,2780.0,,2780.0000000000005
one_contract_20pct_cap,683,2025-11-21,2025-11-21T19:55:00+00:00,SPXW-20251121-06605.000-C,CALL,1,2950.0,2950.0,199420.0,199600.0,180.0,,180.00000000000006
one_contract_20pct_cap,684,2025-11-21,2025-11-21T19:59:00+00:00,SPXW-20251121-06610.000-C,CALL,1,2370.0,2370.0,199600.0,200000.0,400.0,,400.0
one_contract_20pct_cap,685,2025-11-24,2025-11-24T15:00:00+00:00,SPXW-20251124-06635.000-C,CALL,1,3329.9999999999995,3329.9999999999995,200000.0,201020.0,1020.0,,1020.0000000000002
one_contract_20pct_cap,686,2025-11-24,2025-11-24T15:27:00+00:00,SPXW-20251124-06640.000-C,CALL,1,3429.9999999999995,3429.9999999999995,201020.0,201450.0,430.0,,430.00000000000045
one_contract_20pct_cap,687,2025-11-24,2025-11-24T15:31:00+00:00,SPXW-20251124-06650.000-C,CALL,1,3000.0,3000.0,201450.0,202490.0,1040.0,,1039.9999999999998
one_contract_20pct_cap,688,2025-11-24,2025-11-24T19:33:00+00:00,SPXW-20251124-06675.000-C,CALL,1,2640.0,2640.0,202490.0,202700.0,210.0,,210.00000000000017
one_contract_20pct_cap,689,2025-11-25,2025-11-25T15:00:00+00:00,SPXW-20251125-06680.000-C,CALL,1,3279.9999999999995,3279.9999999999995,202700.0,202310.0,-390.0,,-389.9999999999999
one_contract_20pct_cap,690,2025-11-25,2025-11-25T15:02:00+00:00,SPXW-20251125-06695.000-P,PUT,1,1710.0000000000002,1710.0000000000002,202310.0,203390.0,1080.0,,1079.9999999999998
one_contract_20pct_cap,691,2025-11-25,2025-11-25T15:27:00+00:00,SPXW-20251125-06715.000-P,PUT,1,3080.0,3080.0,203390.0,202600.0,-790.0,,-790.0000000000002
one_contract_20pct_cap,692,2025-11-26,2025-11-26T15:00:00+00:00,SPXW-20251126-06810.000-P,PUT,1,2820.0,2820.0,202600.0,202170.0,-430.0,,-430.00000000000006
one_contract_20pct_cap,693,2025-11-26,2025-11-26T15:25:00+00:00,SPXW-20251126-06810.000-P,PUT,1,2720.0,2720.0,202170.0,201180.0,-990.0,,-990.0
one_contract_20pct_cap,694,2025-11-28,2025-11-28T15:07:00+00:00,SPXW-20251128-06815.000-C,CALL,1,2030.0,2030.0,201180.0,201210.0,30.0,,30.00000000000007
one_contract_20pct_cap,695,2025-11-28,2025-11-28T15:32:00+00:00,SPXW-20251128-06820.000-C,CALL,1,1830.0,1830.0,201210.0,201390.0,180.0,,180.00000000000006
one_contract_20pct_cap,696,2025-11-28,2025-11-28T16:24:00+00:00,SPXW-20251128-06815.000-C,CALL,1,2450.0,2450.0,201390.0,201210.0,-180.0,,-180.00000000000006
one_contract_20pct_cap,697,2025-12-01,2025-12-01T15:02:00+00:00,SPXW-20251201-06840.000-P,PUT,1,2030.0,2030.0,201210.0,201520.0,310.0,,309.9999999999998
one_contract_20pct_cap,698,2025-12-01,2025-12-01T15:27:00+00:00,SPXW-20251201-06845.000-P,PUT,1,3370.0000000000005,3370.0000000000005,201520.0,202160.0,640.0,,639.9999999999999
one_contract_20pct_cap,699,2025-12-01,2025-12-01T15:36:00+00:00,SPXW-20251201-06790.000-C,CALL,1,2550.0,2550.0,202160.0,202810.0,650.0,,650.0
one_contract_20pct_cap,700,2025-12-02,2025-12-02T15:00:00+00:00,SPXW-20251202-06810.000-C,CALL,1,3229.9999999999995,3229.9999999999995,202810.0,203440.0,630.0,,630.0000000000005
one_contract_20pct_cap,701,2025-12-02,2025-12-02T15:27:00+00:00,SPXW-20251202-06855.000-P,PUT,1,2100.0,2100.0,203440.0,204130.0,690.0,,689.9999999999999
one_contract_20pct_cap,702,2025-12-02,2025-12-02T15:32:00+00:00,SPXW-20251202-06855.000-P,PUT,1,2820.0,2820.0,204130.0,204330.0,200.0,,200.0
one_contract_20pct_cap,703,2025-12-03,2025-12-03T15:01:00+00:00,SPXW-20251203-06805.000-C,CALL,1,2900.0,2900.0,204330.0,204740.0,410.0,,410.0000000000001
one_contract_20pct_cap,704,2025-12-03,2025-12-03T15:10:00+00:00,SPXW-20251203-06805.000-C,CALL,1,2840.0,2840.0,204740.0,205210.0,470.0,,470.0000000000003
one_contract_20pct_cap,705,2025-12-03,2025-12-03T15:26:00+00:00,SPXW-20251203-06815.000-C,CALL,1,2480.0,2480.0,205210.0,204990.0,-220.0,,-219.99999999999991
one_contract_20pct_cap,706,2025-12-03,2025-12-03T15:33:00+00:00,SPXW-20251203-06800.000-C,CALL,1,3500.0,3500.0,204990.0,205800.0,810.0,,810.0000000000001
one_contract_20pct_cap,707,2025-12-03,2025-12-03T15:39:00+00:00,SPXW-20251203-06815.000-C,CALL,1,2690.0,2690.0,205800.0,206180.0,380.0,,380.00000000000006
one_contract_20pct_cap,708,2025-12-04,2025-12-04T15:00:00+00:00,SPXW-20251204-06870.000-P,PUT,1,3150.0,3150.0,206180.0,206140.0,-40.0,,-39.99999999999986
one_contract_20pct_cap,709,2025-12-04,2025-12-04T15:25:00+00:00,SPXW-20251204-06840.000-P,PUT,1,1270.0,1270.0,206140.0,206220.0,80.0,,80.00000000000007
one_contract_20pct_cap,710,2025-12-04,2025-12-04T15:29:00+00:00,SPXW-20251204-06830.000-C,CALL,1,2510.0,2510.0,206220.0,206800.0,580.0,,579.9999999999998
one_contract_20pct_cap,711,2025-12-04,2025-12-04T16:05:00+00:00,SPXW-20251204-06850.000-P,PUT,1,1830.0,1830.0,206800.0,206740.0,-60.0,,-60.00000000000014
one_contract_20pct_cap,712,2025-12-04,2025-12-04T16:16:00+00:00,SPXW-20251204-06830.000-C,CALL,1,2010.0,2010.0,206740.0,207170.0,430.0,,429.9999999999997
one_contract_20pct_cap,713,2025-12-04,2025-12-04T19:21:00+00:00,SPXW-20251204-06845.000-P,PUT,1,1370.0,1370.0,207170.0,207620.0,450.0,,450.0
one_contract_20pct_cap,714,2025-12-05,2025-12-05T15:01:00+00:00,SPXW-20251205-06855.000-C,CALL,1,3180.0,3180.0,207620.0,208150.0,530.0,,530.0000000000001
one_contract_20pct_cap,715,2025-12-05,2025-12-05T15:21:00+00:00,SPXW-20251205-06865.000-C,CALL,1,3110.0,3110.0,208150.0,208220.0,70.0,,69.99999999999993
one_contract_20pct_cap,716,2025-12-05,2025-12-05T15:28:00+00:00,SPXW-20251205-06870.000-C,CALL,1,2420.0,2420.0,208220.0,208680.0,460.0,,460.0000000000001
one_contract_20pct_cap,717,2025-12-05,2025-12-05T15:44:00+00:00,SPXW-20251205-06860.000-C,CALL,1,3260.0,3260.0,208680.0,209040.0,360.0,,360.0000000000001
one_contract_20pct_cap,718,2025-12-05,2025-12-05T15:53:00+00:00,SPXW-20251205-06870.000-C,CALL,1,1990.0,1990.0,209040.0,208920.0,-120.0,,-119.99999999999991
one_contract_20pct_cap,719,2025-12-05,2025-12-05T16:09:00+00:00,SPXW-20251205-06895.000-P,PUT,1,2140.0,2140.0,208920.0,209400.0,480.0,,480.00000000000006
one_contract_20pct_cap,720,2025-12-05,2025-12-05T16:18:00+00:00,SPXW-20251205-06890.000-P,PUT,1,2110.0,2110.0,209400.0,209240.0,-160.0,,-160.00000000000014
one_contract_20pct_cap,721,2025-12-08,2025-12-08T15:05:00+00:00,SPXW-20251208-06880.000-P,PUT,1,1780.0,1780.0,209240.0,209690.0,450.0,,450.0
one_contract_20pct_cap,722,2025-12-08,2025-12-08T15:13:00+00:00,SPXW-20251208-06895.000-P,PUT,1,3429.9999999999995,3429.9999999999995,209690.0,210610.0,920.0,,920.0000000000002
one_contract_20pct_cap,723,2025-12-08,2025-12-08T15:30:00+00:00,SPXW-20251208-06870.000-P,PUT,1,1910.0,1910.0,210610.0,210890.0,280.0,,279.9999999999997
one_contract_20pct_cap,724,2025-12-08,2025-12-08T15:58:00+00:00,SPXW-20251208-06880.000-P,PUT,1,3090.0,3090.0,210890.0,211270.0,380.0,,380.00000000000045
one_contract_20pct_cap,725,2025-12-09,2025-12-09T15:00:00+00:00,SPXW-20251209-06840.000-C,CALL,1,2150.0,2150.0,211270.0,211320.0,50.0,,50.0
one_contract_20pct_cap,726,2025-12-09,2025-12-09T15:09:00+00:00,SPXW-20251209-06825.000-C,CALL,1,3030.0,3030.0,211320.0,211390.0,70.0,,69.99999999999993
one_contract_20pct_cap,727,2025-12-09,2025-12-09T15:27:00+00:00,SPXW-20251209-06860.000-P,PUT,1,1410.0,1410.0,211390.0,211330.0,-60.0,,-59.999999999999964
one_contract_20pct_cap,728,2025-12-09,2025-12-09T15:36:00+00:00,SPXW-20251209-06830.000-C,CALL,1,2480.0,2480.0,211330.0,211320.0,-10.0,,-10.000000000000142
one_contract_20pct_cap,729,2025-12-09,2025-12-09T15:55:00+00:00,SPXW-20251209-06830.000-C,CALL,1,2680.0,2680.0,211320.0,211520.0,200.0,,200.0
one_contract_20pct_cap,730,2025-12-10,2025-12-10T15:52:00+00:00,SPXW-20251210-06865.000-P,PUT,1,3429.9999999999995,3429.9999999999995,211520.0,212320.0,800.0,,800.0
one_contract_20pct_cap,731,2025-12-10,2025-12-10T19:06:00+00:00,SPXW-20251210-06830.000-C,CALL,1,3210.0,3210.0,212320.0,213040.0,720.0,,719.9999999999995
one_contract_20pct_cap,732,2025-12-10,2025-12-10T19:29:00+00:00,SPXW-20251210-06825.000-C,CALL,1,3260.0,3260.0,213040.0,213610.0,570.0,,569.9999999999995
one_contract_20pct_cap,733,2025-12-10,2025-12-10T19:44:00+00:00,SPXW-20251210-06825.000-C,CALL,1,3290.0,3290.0,213610.0,214490.0,880.0,,880.0000000000005
one_contract_20pct_cap,734,2025-12-11,2025-12-11T15:00:00+00:00,SPXW-20251211-06865.000-P,PUT,1,3340.0,3340.0,214490.0,212930.0,-1560.0,,-1559.9999999999998
one_contract_20pct_cap,735,2025-12-11,2025-12-11T15:25:00+00:00,SPXW-20251211-06845.000-C,CALL,0,3479.9999999999995,0.0,212930.0,212930.0,0.0,daily_loss_stop,20.000000000000284
one_contract_20pct_cap,736,2025-12-12,2025-12-12T15:00:00+00:00,SPXW-20251212-06900.000-P,PUT,1,2090.0,2090.0,212930.0,213540.0,610.0,,610.0000000000001
one_contract_20pct_cap,737,2025-12-12,2025-12-12T15:25:00+00:00,SPXW-20251212-06890.000-P,PUT,1,3460.0,3460.0,213540.0,214250.0,710.0,,710.0000000000001
one_contract_20pct_cap,738,2025-12-15,2025-12-15T15:00:00+00:00,SPXW-20251215-06855.000-P,PUT,1,2600.0,2600.0,214250.0,215000.0,750.0,,750.0
one_contract_20pct_cap,739,2025-12-15,2025-12-15T15:25:00+00:00,SPXW-20251215-06835.000-P,PUT,1,3200.0,3200.0,215000.0,214810.0,-190.0,,-189.99999999999983
one_contract_20pct_cap,740,2025-12-15,2025-12-15T15:56:00+00:00,SPXW-20251215-06845.000-P,PUT,1,2680.0,2680.0,214810.0,215060.0,250.0,,250.0
one_contract_20pct_cap,741,2025-12-16,2025-12-16T15:00:00+00:00,SPXW-20251216-06795.000-C,CALL,1,3130.0,3130.0,215060.0,214500.0,-560.0,,-560.0000000000001
one_contract_20pct_cap,742,2025-12-16,2025-12-16T15:25:00+00:00,SPXW-20251216-06810.000-P,PUT,1,3429.9999999999995,3429.9999999999995,214500.0,214110.0,-390.0,,-389.9999999999999
one_contract_20pct_cap,743,2025-12-17,2025-12-17T15:00:00+00:00,SPXW-20251217-06825.000-P,PUT,1,3000.0,3000.0,214110.0,214680.0,570.0,,570.0000000000002
one_contract_20pct_cap,744,2025-12-17,2025-12-17T15:25:00+00:00,SPXW-20251217-06820.000-P,PUT,1,2910.0,2910.0,214680.0,215830.0,1150.0,,1150.0
one_contract_20pct_cap,745,2025-12-18,2025-12-18T15:00:00+00:00,SPXW-20251218-06765.000-C,CALL,1,3390.0,3390.0,215830.0,215900.0,70.0,,70.00000000000028
one_contract_20pct_cap,746,2025-12-18,2025-12-18T15:16:00+00:00,SPXW-20251218-06805.000-P,PUT,1,3400.0,3400.0,215900.0,214890.0,-1010.0,,-1010.0
one_contract_20pct_cap,747,2025-12-18,2025-12-18T15:25:00+00:00,SPXW-20251218-06765.000-C,CALL,0,3420.0000000000005,0.0,214890.0,214890.0,0.0,daily_loss_stop,689.9999999999999
one_contract_20pct_cap,748,2025-12-18,2025-12-18T15:52:00+00:00,SPXW-20251218-06785.000-C,CALL,0,2950.0,0.0,214890.0,214890.0,-0.0,daily_loss_stop,-10.000000000000142
one_contract_20pct_cap,749,2025-12-19,2025-12-19T15:01:00+00:00,SPXW-20251219-06810.000-C,CALL,1,2720.0,2720.0,214890.0,214640.0,-250.0,,-250.0
one_contract_20pct_cap,750,2025-12-19,2025-12-19T15:26:00+00:00,SPXW-20251219-06845.000-P,PUT,1,2940.0,2940.0,214640.0,214790.0,150.0,,150.0
one_contract_20pct_cap,751,2025-12-19,2025-12-19T15:33:00+00:00,SPXW-20251219-06800.000-C,CALL,1,3210.0,3210.0,214790.0,214980.0,190.0,,189.99999999999983
one_contract_20pct_cap,752,2025-12-19,2025-12-19T15:50:00+00:00,SPXW-20251219-06790.000-C,CALL,1,3240.0,3240.0,214980.0,215250.0,270.0,,270.0000000000003
one_contract_20pct_cap,753,2025-12-19,2025-12-19T16:15:00+00:00,SPXW-20251219-06800.000-C,CALL,1,3010.0,3010.0,215250.0,215570.0,320.0,,319.99999999999955
one_contract_20pct_cap,754,2025-12-22,2025-12-22T15:01:00+00:00,SPXW-20251222-06900.000-P,PUT,1,3510.0,3510.0,215570.0,216230.0,660.0,,660.0000000000001
one_contract_20pct_cap,755,2025-12-22,2025-12-22T15:31:00+00:00,SPXW-20251222-06875.000-P,PUT,1,1210.0,1210.0,216230.0,216960.0,730.0,,729.9999999999999
one_contract_20pct_cap,756,2025-12-22,2025-12-22T15:39:00+00:00,SPXW-20251222-06885.000-P,PUT,1,2790.0,2790.0,216960.0,216180.0,-780.0,,-779.9999999999998
one_contract_20pct_cap,757,2025-12-23,2025-12-23T15:00:00+00:00,SPXW-20251223-06900.000-P,PUT,1,1900.0,1900.0,216180.0,216910.0,730.0,,730.0000000000001
one_contract_20pct_cap,758,2025-12-23,2025-12-23T15:26:00+00:00,SPXW-20251223-06850.000-C,CALL,1,3240.0,3240.0,216910.0,217190.0,280.0,,280.00000000000045
one_contract_20pct_cap,759,2025-12-24,2025-12-24T15:01:00+00:00,SPXW-20251224-06885.000-C,CALL,1,3020.0,3020.0,217190.0,217280.0,90.0,,90.00000000000021
one_contract_20pct_cap,760,2025-12-24,2025-12-24T15:25:00+00:00,SPXW-20251224-06900.000-C,CALL,1,1890.0,1890.0,217280.0,217380.0,100.0,,100.0
one_contract_20pct_cap,761,2025-12-26,2025-12-26T15:00:00+00:00,SPXW-20251226-06940.000-P,PUT,1,1010.0,1010.0,217380.0,217690.0,310.0,,309.99999999999994
one_contract_20pct_cap,762,2025-12-26,2025-12-26T15:25:00+00:00,SPXW-20251226-06935.000-P,PUT,1,819.9999999999999,819.9999999999999,217690.0,217510.0,-180.0,,-179.9999999999999
one_contract_20pct_cap,763,2025-12-26,2025-12-26T15:58:00+00:00,SPXW-20251226-06925.000-C,CALL,1,1310.0,1310.0,217510.0,217100.0,-410.0,,-409.99999999999994
one_contract_20pct_cap,764,2025-12-29,2025-12-29T15:02:00+00:00,SPXW-20251229-06925.000-P,PUT,1,2240.0,2240.0,217100.0,217580.0,480.0,,480.00000000000006
one_contract_20pct_cap,765,2025-12-29,2025-12-29T15:29:00+00:00,SPXW-20251229-06880.000-C,CALL,1,2910.0,2910.0,217580.0,217580.0,0.0,,0.0
one_contract_20pct_cap,766,2025-12-29,2025-12-29T15:45:00+00:00,SPXW-20251229-06890.000-C,CALL,1,2230.0,2230.0,217580.0,217010.0,-570.0,,-569.9999999999999
one_contract_20pct_cap,767,2025-12-29,2025-12-29T15:53:00+00:00,SPXW-20251229-06880.000-C,CALL,1,2250.0,2250.0,217010.0,217320.0,310.0,,310.0000000000001
one_contract_20pct_cap,768,2025-12-30,2025-12-30T15:04:00+00:00,SPXW-20251230-06875.000-C,CALL,1,3290.0,3290.0,217320.0,216950.0,-370.0,,-369.99999999999994
one_contract_20pct_cap,769,2025-12-30,2025-12-30T15:23:00+00:00,SPXW-20251230-06865.000-C,CALL,1,3420.0000000000005,3420.0000000000005,216950.0,216880.0,-70.0,,-70.00000000000028
one_contract_20pct_cap,770,2025-12-30,2025-12-30T15:33:00+00:00,SPXW-20251230-06910.000-P,PUT,1,1610.0000000000002,1610.0000000000002,216880.0,217060.0,180.0,,179.99999999999972
one_contract_20pct_cap,771,2025-12-30,2025-12-30T15:49:00+00:00,SPXW-20251230-06880.000-C,CALL,1,1950.0,1950.0,217060.0,217570.0,510.0,,510.0000000000001
one_contract_20pct_cap,772,2025-12-30,2025-12-30T15:55:00+00:00,SPXW-20251230-06880.000-C,CALL,1,2390.0,2390.0,217570.0,217760.0,190.0,,190.00000000000023
one_contract_20pct_cap,773,2025-12-30,2025-12-30T16:08:00+00:00,SPXW-20251230-06875.000-C,CALL,1,3200.0,3200.0,217760.0,217780.0,20.0,,20.000000000000284
one_contract_20pct_cap,774,2025-12-30,2025-12-30T18:34:00+00:00,SPXW-20251230-06880.000-C,CALL,1,2730.0,2730.0,217780.0,217670.0,-110.0,,-110.00000000000014
one_contract_20pct_cap,775,2025-12-30,2025-12-30T19:13:00+00:00,SPXW-20251230-06900.000-C,CALL,1,640.0,640.0,217670.0,217780.0,110.0,,109.99999999999996
one_contract_20pct_cap,776,2025-12-31,2025-12-31T15:26:00+00:00,SPXW-20251231-06860.000-C,CALL,1,2550.0,2550.0,217780.0,217810.0,30.0,,30.00000000000007
one_contract_20pct_cap,777,2025-12-31,2025-12-31T16:19:00+00:00,SPXW-20251231-06845.000-C,CALL,1,3120.0,3120.0,217810.0,218060.0,250.0,,250.0000000000003
one_contract_20pct_cap,778,2025-12-31,2025-12-31T16:28:00+00:00,SPXW-20251231-06845.000-C,CALL,1,3410.0,3410.0,218060.0,217870.0,-190.0,,-189.99999999999983
one_contract_20pct_cap,779,2025-12-31,2025-12-31T18:31:00+00:00,SPXW-20251231-06860.000-C,CALL,1,2180.0,2180.0,217870.0,217970.0,100.0,,100.0
one_contract_20pct_cap,780,2026-01-02,2026-01-02T15:00:00+00:00,SPXW-20260102-06860.000-C,CALL,1,3120.0,3120.0,217970.0,218160.0,190.0,,190.00000000000023
one_contract_20pct_cap,781,2026-01-02,2026-01-02T15:12:00+00:00,SPXW-20260102-06890.000-P,PUT,1,1739.9999999999998,1739.9999999999998,218160.0,220090.0,1930.0,,1930.0000000000005
one_contract_20pct_cap,782,2026-01-02,2026-01-02T15:25:00+00:00,SPXW-20260102-06865.000-P,PUT,1,2430.0,2430.0,220090.0,218860.0,-1230.0,,-1230.0
one_contract_20pct_cap,783,2026-01-02,2026-01-02T15:37:00+00:00,SPXW-20260102-06865.000-P,PUT,1,1240.0,1240.0,218860.0,219390.0,530.0,,529.9999999999999
one_contract_20pct_cap,784,2026-01-05,2026-01-05T15:01:00+00:00,SPXW-20260105-06885.000-C,CALL,1,1760.0000000000002,1760.0000000000002,219390.0,219870.0,480.0,,479.9999999999997
one_contract_20pct_cap,785,2026-01-05,2026-01-05T15:27:00+00:00,SPXW-20260105-06875.000-C,CALL,1,3190.0,3190.0,219870.0,220320.0,450.0,,450.0
one_contract_20pct_cap,786,2026-01-05,2026-01-05T15:55:00+00:00,SPXW-20260105-06890.000-C,CALL,1,2070.0,2070.0,220320.0,220550.0,230.0,,230.00000000000009
one_contract_20pct_cap,787,2026-01-06,2026-01-06T15:00:00+00:00,SPXW-20260106-06905.000-C,CALL,1,2460.0,2460.0,220550.0,220800.0,250.0,,250.0
one_contract_20pct_cap,788,2026-01-06,2026-01-06T15:19:00+00:00,SPXW-20260106-06900.000-C,CALL,1,3210.0,3210.0,220800.0,220250.0,-550.0,,-550.0
one_contract_20pct_cap,789,2026-01-06,2026-01-06T15:55:00+00:00,SPXW-20260106-06885.000-C,CALL,1,3460.0,3460.0,220250.0,219980.0,-270.0,,-270.0000000000003
one_contract_20pct_cap,790,2026-01-07,2026-01-07T15:01:00+00:00,SPXW-20260107-06965.000-P,PUT,1,2110.0,2110.0,219980.0,220270.0,290.0,,289.9999999999999
one_contract_20pct_cap,791,2026-01-07,2026-01-07T15:28:00+00:00,SPXW-20260107-06925.000-C,CALL,1,2080.0,2080.0,220270.0,220830.0,560.0,,559.9999999999998
one_contract_20pct_cap,792,2026-01-07,2026-01-07T15:38:00+00:00,SPXW-20260107-06980.000-P,PUT,1,3110.0,3110.0,220830.0,220670.0,-160.0,,-160.00000000000014
one_contract_20pct_cap,793,2026-01-07,2026-01-07T16:03:00+00:00,SPXW-20260107-06930.000-C,CALL,1,2470.0,2470.0,220670.0,220200.0,-470.0,,-469.99999999999994
one_contract_20pct_cap,794,2026-01-08,2026-01-08T15:00:00+00:00,SPXW-20260108-06920.000-P,PUT,1,1830.0,1830.0,220200.0,219260.0,-940.0,,-940.0
one_contract_20pct_cap,795,2026-01-08,2026-01-08T15:25:00+00:00,SPXW-20260108-06895.000-C,CALL,0,3100.0,0.0,219260.0,219260.0,-0.0,daily_loss_stop,-50.0
one_contract_20pct_cap,796,2026-01-09,2026-01-09T15:02:00+00:00,SPXW-20260109-06935.000-C,CALL,1,1789.9999999999998,1789.9999999999998,219260.0,218350.0,-910.0,,-909.9999999999998
one_contract_20pct_cap,797,2026-01-09,2026-01-09T15:27:00+00:00,SPXW-20260109-06945.000-C,CALL,0,1610.0000000000002,0.0,218350.0,218350.0,0.0,daily_loss_stop,250.0
one_contract_20pct_cap,798,2026-01-09,2026-01-09T15:56:00+00:00,SPXW-20260109-06910.000-C,CALL,0,3310.0,0.0,218350.0,218350.0,0.0,daily_loss_stop,1789.9999999999998
one_contract_20pct_cap,799,2026-01-12,2026-01-12T15:06:00+00:00,SPXW-20260112-06935.000-C,CALL,1,2730.0,2730.0,218350.0,218340.0,-10.0,,-10.000000000000142
one_contract_20pct_cap,800,2026-01-12,2026-01-12T15:33:00+00:00,SPXW-20260112-06960.000-P,PUT,1,980.0,980.0,218340.0,218190.0,-150.0,,-150.0
one_contract_20pct_cap,801,2026-01-12,2026-01-12T15:53:00+00:00,SPXW-20260112-06950.000-C,CALL,1,1450.0,1450.0,218190.0,218980.0,790.0,,789.9999999999999
one_contract_20pct_cap,802,2026-01-12,2026-01-12T18:43:00+00:00,SPXW-20260112-06945.000-C,CALL,1,3090.0,3090.0,218980.0,219090.0,110.0,,110.00000000000014
one_contract_20pct_cap,803,2026-01-13,2026-01-13T15:01:00+00:00,SPXW-20260113-06990.000-P,PUT,1,2360.0,2360.0,219090.0,220530.0,1440.0,,1439.9999999999998
one_contract_20pct_cap,804,2026-01-13,2026-01-13T15:26:00+00:00,SPXW-20260113-06980.000-P,PUT,1,3360.0,3360.0,220530.0,219650.0,-880.0,,-880.0000000000001
one_contract_20pct_cap,805,2026-01-13,2026-01-13T15:55:00+00:00,SPXW-20260113-06935.000-C,CALL,1,2860.0,2860.0,219650.0,219810.0,160.0,,159.99999999999977
one_contract_20pct_cap,806,2026-01-13,2026-01-13T16:27:00+00:00,SPXW-20260113-06970.000-P,PUT,1,1610.0000000000002,1610.0000000000002,219810.0,218940.0,-870.0,,-870.0000000000001
one_contract_20pct_cap,807,2026-01-14,2026-01-14T15:00:00+00:00,SPXW-20260114-06910.000-P,PUT,1,1800.0,1800.0,218940.0,218830.0,-110.0,,-110.00000000000014
one_contract_20pct_cap,808,2026-01-14,2026-01-14T15:17:00+00:00,SPXW-20260114-06910.000-C,CALL,1,2370.0,2370.0,218830.0,218350.0,-480.0,,-480.00000000000006
one_contract_20pct_cap,809,2026-01-14,2026-01-14T15:28:00+00:00,SPXW-20260114-06915.000-P,PUT,1,1020.0,1020.0,218350.0,219160.0,810.0,,810.0000000000001
one_contract_20pct_cap,810,2026-01-14,2026-01-14T15:43:00+00:00,SPXW-20260114-06910.000-P,PUT,1,1180.0,1180.0,219160.0,220450.0,1290.0,,1289.9999999999998
one_contract_20pct_cap,811,2026-01-15,2026-01-15T15:01:00+00:00,SPXW-20260115-06995.000-P,PUT,1,3240.0,3240.0,220450.0,220570.0,120.0,,120.00000000000028
one_contract_20pct_cap,812,2026-01-15,2026-01-15T15:23:00+00:00,SPXW-20260115-06935.000-C,CALL,1,3500.0,3500.0,220570.0,220990.0,420.0,,420.0000000000003
one_contract_20pct_cap,813,2026-01-15,2026-01-15T15:48:00+00:00,SPXW-20260115-06965.000-P,PUT,1,1150.0,1150.0,220990.0,220580.0,-410.0,,-409.99999999999994
one_contract_20pct_cap,814,2026-01-16,2026-01-16T15:00:00+00:00,SPXW-20260116-06975.000-P,PUT,1,3340.0,3340.0,220580.0,220570.0,-10.0,,-10.000000000000142
one_contract_20pct_cap,815,2026-01-16,2026-01-16T15:25:00+00:00,SPXW-20260116-06960.000-P,PUT,1,1630.0,1630.0,220570.0,222290.0,1720.0,,1720.0
one_contract_20pct_cap,816,2026-01-20,2026-01-20T15:05:00+00:00,SPXW-20260120-06820.000-C,CALL,1,3429.9999999999995,3429.9999999999995,222290.0,223430.0,1140.0,,1140.0000000000005
one_contract_20pct_cap,817,2026-01-20,2026-01-20T15:30:00+00:00,SPXW-20260120-06845.000-C,CALL,1,2650.0,2650.0,223430.0,223680.0,250.0,,250.0
one_contract_20pct_cap,818,2026-01-20,2026-01-20T15:56:00+00:00,SPXW-20260120-06880.000-P,PUT,1,2930.0,2930.0,223680.0,223440.0,-240.0,,-240.00000000000023
one_contract_20pct_cap,819,2026-01-20,2026-01-20T16:21:00+00:00,SPXW-20260120-06840.000-C,CALL,1,2590.0,2590.0,223440.0,223560.0,120.0,,120.00000000000028
one_contract_20pct_cap,820,2026-01-21,2026-01-21T18:30:00+00:00,SPXW-20260121-06810.000-C,CALL,1,2310.0,2310.0,223560.0,223780.0,220.0,,219.99999999999991
one_contract_20pct_cap,821,2026-01-21,2026-01-21T18:55:00+00:00,SPXW-20260121-06840.000-P,PUT,1,1140.0,1140.0,223780.0,224290.0,510.0,,509.99999999999994
one_contract_20pct_cap,822,2026-01-21,2026-01-21T19:19:00+00:00,SPXW-20260121-06800.000-C,CALL,1,2710.0,2710.0,224290.0,227910.0,3620.0,,3619.999999999999
one_contract_20pct_cap,823,2026-01-21,2026-01-21T19:34:00+00:00,SPXW-20260121-06870.000-C,CALL,1,880.0000000000001,880.0000000000001,227910.0,229160.0,1250.0,,1250.0
one_contract_20pct_cap,824,2026-01-22,2026-01-22T15:00:00+00:00,SPXW-20260122-06925.000-P,PUT,1,2870.0,2870.0,229160.0,229680.0,520.0,,519.9999999999999
one_contract_20pct_cap,825,2026-01-22,2026-01-22T15:28:00+00:00,SPXW-20260122-06880.000-C,CALL,1,3279.9999999999995,3279.9999999999995,229680.0,230060.0,380.0,,380.00000000000045
one_contract_20pct_cap,826,2026-01-22,2026-01-22T15:42:00+00:00,SPXW-20260122-06885.000-C,CALL,1,3200.0,3200.0,230060.0,230130.0,70.0,,70.00000000000028
one_contract_20pct_cap,827,2026-01-22,2026-01-22T16:11:00+00:00,SPXW-20260122-06890.000-C,CALL,1,3120.0,3120.0,230130.0,230380.0,250.0,,250.0000000000003
one_contract_20pct_cap,828,2026-01-23,2026-01-23T15:02:00+00:00,SPXW-20260123-06885.000-C,CALL,1,3210.0,3210.0,230380.0,230380.0,0.0,,0.0
one_contract_20pct_cap,829,2026-01-23,2026-01-23T15:29:00+00:00,SPXW-20260123-06890.000-C,CALL,1,2960.0,2960.0,230380.0,230610.0,230.0,,229.99999999999972
one_contract_20pct_cap,830,2026-01-23,2026-01-23T16:17:00+00:00,SPXW-20260123-06900.000-C,CALL,1,2970.0,2970.0,230610.0,230570.0,-40.0,,-39.99999999999986
one_contract_20pct_cap,831,2026-01-26,2026-01-26T15:14:00+00:00,SPXW-20260126-06920.000-C,CALL,1,3150.0,3150.0,230570.0,230740.0,170.0,,170.00000000000028
one_contract_20pct_cap,832,2026-01-26,2026-01-26T15:51:00+00:00,SPXW-20260126-06925.000-C,CALL,1,3030.0,3030.0,230740.0,230620.0,-120.0,,-119.99999999999991
one_contract_20pct_cap,833,2026-01-27,2026-01-27T15:06:00+00:00,SPXW-20260127-06940.000-C,CALL,1,3150.0,3150.0,230620.0,230970.0,350.0,,350.0
one_contract_20pct_cap,834,2026-01-27,2026-01-27T15:23:00+00:00,SPXW-20260127-06945.000-C,CALL,1,3080.0,3080.0,230970.0,231820.0,850.0,,849.9999999999997
one_contract_20pct_cap,835,2026-01-27,2026-01-27T15:53:00+00:00,SPXW-20260127-06950.000-C,CALL,1,3379.9999999999995,3379.9999999999995,231820.0,232100.0,280.0,,280.00000000000045
one_contract_20pct_cap,836,2026-01-27,2026-01-27T16:18:00+00:00,SPXW-20260127-06955.000-C,CALL,1,3210.0,3210.0,232100.0,232190.0,90.0,,89.99999999999986
one_contract_20pct_cap,837,2026-01-28,2026-01-28T15:01:00+00:00,SPXW-20260128-07025.000-P,PUT,1,3410.0,3410.0,232190.0,232980.0,790.0,,789.9999999999999
one_contract_20pct_cap,838,2026-01-28,2026-01-28T15:26:00+00:00,SPXW-20260128-07020.000-P,PUT,1,3379.9999999999995,3379.9999999999995,232980.0,233440.0,460.0,,460.0000000000001
one_contract_20pct_cap,839,2026-01-28,2026-01-28T15:47:00+00:00,SPXW-20260128-07015.000-P,PUT,1,3520.0000000000005,3520.0000000000005,233440.0,233750.0,310.0,,309.99999999999943
one_contract_20pct_cap,840,2026-01-29,2026-01-29T15:00:00+00:00,SPXW-20260129-06955.000-P,PUT,1,2730.0,2730.0,233750.0,234610.0,860.0,,859.9999999999998
one_contract_20pct_cap,841,2026-01-29,2026-01-29T15:11:00+00:00,SPXW-20260129-06905.000-C,CALL,1,3200.0,3200.0,234610.0,234640.0,30.0,,29.999999999999716
one_contract_20pct_cap,842,2026-01-29,2026-01-29T15:27:00+00:00,SPXW-20260129-06950.000-P,PUT,1,3300.0,3300.0,234640.0,238220.0,3580.0,,3579.9999999999995
one_contract_20pct_cap,843,2026-01-29,2026-01-29T18:30:00+00:00,SPXW-20260129-06955.000-P,PUT,1,2430.0,2430.0,238220.0,238300.0,80.0,,80.00000000000007
one_contract_20pct_cap,844,2026-01-29,2026-01-29T18:37:00+00:00,SPXW-20260129-06920.000-C,CALL,1,1620.0,1620.0,238300.0,238640.0,340.0,,340.0000000000002
one_contract_20pct_cap,845,2026-01-29,2026-01-29T19:29:00+00:00,SPXW-20260129-06920.000-C,CALL,1,2440.0,2440.0,238640.0,238050.0,-590.0,,-589.9999999999999
one_contract_20pct_cap,846,2026-01-30,2026-01-30T15:02:00+00:00,SPXW-20260130-06975.000-P,PUT,1,3450.0,3450.0,238050.0,237430.0,-620.0,,-619.9999999999999
one_contract_20pct_cap,847,2026-01-30,2026-01-30T15:28:00+00:00,SPXW-20260130-06975.000-P,PUT,1,3420.0000000000005,3420.0000000000005,237430.0,237830.0,400.0,,400.0
one_contract_20pct_cap,848,2026-02-02,2026-02-02T19:05:00+00:00,SPXW-20260202-06965.000-C,CALL,1,2510.0,2510.0,237830.0,237820.0,-10.0,,-10.000000000000142
one_contract_20pct_cap,849,2026-02-03,2026-02-03T15:00:00+00:00,SPXW-20260203-06970.000-P,PUT,1,2040.0,2040.0,237820.0,238430.0,610.0,,610.0000000000001
one_contract_20pct_cap,850,2026-02-03,2026-02-03T15:16:00+00:00,SPXW-20260203-06925.000-C,CALL,1,2700.0,2700.0,238430.0,238550.0,120.0,,119.99999999999991
one_contract_20pct_cap,851,2026-02-03,2026-02-03T15:31:00+00:00,SPXW-20260203-06975.000-P,PUT,1,3520.0000000000005,3520.0000000000005,238550.0,239050.0,500.0,,500.0
one_contract_20pct_cap,852,2026-02-03,2026-02-03T16:04:00+00:00,SPXW-20260203-06975.000-P,PUT,1,3020.0,3020.0,239050.0,240330.0,1280.0,,1280.0
one_contract_20pct_cap,853,2026-02-04,2026-02-04T15:01:00+00:00,SPXW-20260204-06900.000-P,PUT,1,2450.0,2450.0,240330.0,238980.0,-1350.0,,-1350.0
one_contract_20pct_cap,854,2026-02-04,2026-02-04T15:26:00+00:00,SPXW-20260204-06945.000-P,PUT,0,2840.0,0.0,238980.0,238980.0,0.0,daily_loss_stop,2010.0
one_contract_20pct_cap,855,2026-02-04,2026-02-04T15:38:00+00:00,SPXW-20260204-06880.000-C,CALL,0,3200.0,0.0,238980.0,238980.0,0.0,daily_loss_stop,460.0000000000001
one_contract_20pct_cap,856,2026-02-04,2026-02-04T16:02:00+00:00,SPXW-20260204-06925.000-P,PUT,0,3140.0,0.0,238980.0,238980.0,0.0,daily_loss_stop,589.9999999999999
one_contract_20pct_cap,857,2026-02-04,2026-02-04T16:19:00+00:00,SPXW-20260204-06900.000-P,PUT,0,2140.0,0.0,238980.0,238980.0,0.0,daily_loss_stop,30.00000000000007
one_contract_20pct_cap,858,2026-02-05,2026-02-05T15:57:00+00:00,SPXW-20260205-06795.000-P,PUT,1,2680.0,2680.0,238980.0,239040.0,60.0,,59.99999999999979
one_contract_20pct_cap,859,2026-02-05,2026-02-05T16:15:00+00:00,SPXW-20260205-06765.000-C,CALL,1,3220.0000000000005,3220.0000000000005,239040.0,242300.0,3260.0,,3259.9999999999995
one_contract_20pct_cap,860,2026-02-05,2026-02-05T18:30:00+00:00,SPXW-20260205-06785.000-C,CALL,1,3400.0,3400.0,242300.0,242060.0,-240.0,,-239.99999999999983
one_contract_20pct_cap,861,2026-02-05,2026-02-05T18:46:00+00:00,SPXW-20260205-06835.000-P,PUT,1,2760.0,2760.0,242060.0,243070.0,1010.0,,1010.0
one_contract_20pct_cap,862,2026-02-05,2026-02-05T19:01:00+00:00,SPXW-20260205-06830.000-P,PUT,1,2820.0,2820.0,243070.0,241590.0,-1480.0,,-1480.0
one_contract_20pct_cap,863,2026-02-05,2026-02-05T19:16:00+00:00,SPXW-20260205-06795.000-C,CALL,1,3510.0,3510.0,241590.0,242090.0,500.0,,500.0
one_contract_20pct_cap,864,2026-02-05,2026-02-05T19:44:00+00:00,SPXW-20260205-06835.000-P,PUT,1,2510.0,2510.0,242090.0,242410.0,320.0,,319.99999999999994
one_contract_20pct_cap,865,2026-02-09,2026-02-09T15:12:00+00:00,SPXW-20260209-06910.000-C,CALL,1,3190.0,3190.0,242410.0,242990.0,580.0,,580.0000000000005
one_contract_20pct_cap,866,2026-02-09,2026-02-09T18:32:00+00:00,SPXW-20260209-06960.000-C,CALL,1,1070.0,1070.0,242990.0,243190.0,200.0,,200.0
one_contract_20pct_cap,867,2026-02-09,2026-02-09T19:04:00+00:00,SPXW-20260209-06940.000-C,CALL,1,3279.9999999999995,3279.9999999999995,243190.0,243890.0,700.0,,700.0
one_contract_20pct_cap,868,2026-02-10,2026-02-10T15:01:00+00:00,SPXW-20260210-06950.000-C,CALL,1,3229.9999999999995,3229.9999999999995,243890.0,244020.0,130.0,,130.00000000000043
one_contract_20pct_cap,869,2026-02-10,2026-02-10T15:26:00+00:00,SPXW-20260210-06950.000-C,CALL,1,3100.0,3100.0,244020.0,244150.0,130.0,,129.99999999999972
one_contract_20pct_cap,870,2026-02-11,2026-02-11T15:00:00+00:00,SPXW-20260211-06985.000-P,PUT,1,2860.0,2860.0,244150.0,247070.0,2920.0,,2919.9999999999995
one_contract_20pct_cap,871,2026-02-11,2026-02-11T15:29:00+00:00,SPXW-20260211-06925.000-P,PUT,1,2060.0,2060.0,247070.0,246040.0,-1030.0,,-1030.0
one_contract_20pct_cap,872,2026-02-11,2026-02-11T16:26:00+00:00,SPXW-20260211-06955.000-P,PUT,1,1360.0,1360.0,246040.0,246780.0,740.0,,740.0
one_contract_20pct_cap,873,2026-02-11,2026-02-11T18:41:00+00:00,SPXW-20260211-06950.000-P,PUT,1,1090.0,1090.0,246780.0,246450.0,-330.0,,-330.00000000000006
one_contract_20pct_cap,874,2026-02-11,2026-02-11T19:19:00+00:00,SPXW-20260211-06925.000-C,CALL,1,2930.0,2930.0,246450.0,246760.0,310.0,,309.9999999999998
one_contract_20pct_cap,875,2026-02-12,2026-02-12T15:00:00+00:00,SPXW-20260212-06970.000-P,PUT,1,2700.0,2700.0,246760.0,246550.0,-210.0,,-210.00000000000017
one_contract_20pct_cap,876,2026-02-12,2026-02-12T15:26:00+00:00,SPXW-20260212-06980.000-P,PUT,1,3170.0,3170.0,246550.0,249160.0,2610.0,,2610.0
one_contract_20pct_cap,877,2026-02-13,2026-02-13T15:00:00+00:00,SPXW-20260213-06810.000-C,CALL,1,3360.0,3360.0,249160.0,250430.0,1270.0,,1269.9999999999995
one_contract_20pct_cap,878,2026-02-13,2026-02-13T15:20:00+00:00,SPXW-20260213-06820.000-C,CALL,1,3160.0,3160.0,250430.0,252290.0,1860.0,,1860.0
one_contract_20pct_cap,879,2026-02-13,2026-02-13T15:51:00+00:00,SPXW-20260213-06830.000-C,CALL,1,2680.0,2680.0,252290.0,252980.0,690.0,,690.0000000000002
one_contract_20pct_cap,880,2026-02-13,2026-02-13T16:12:00+00:00,SPXW-20260213-06860.000-P,PUT,1,2410.0,2410.0,252980.0,253380.0,400.0,,400.0
one_contract_20pct_cap,881,2026-02-13,2026-02-13T18:30:00+00:00,SPXW-20260213-06860.000-C,CALL,1,1970.0,1970.0,253380.0,253650.0,270.0,,269.99999999999994
one_contract_20pct_cap,882,2026-02-13,2026-02-13T18:45:00+00:00,SPXW-20260213-06850.000-C,CALL,1,2370.0,2370.0,253650.0,253420.0,-230.0,,-230.00000000000009
one_contract_20pct_cap,883,2026-02-13,2026-02-13T20:29:00+00:00,SPXW-20260213-06805.000-C,CALL,1,2110.0,2110.0,253420.0,253250.0,-170.0,,-170.00000000000028
one_contract_20pct_cap,884,2026-02-17,2026-02-17T15:03:00+00:00,SPXW-20260217-06775.000-C,CALL,1,3210.0,3210.0,253250.0,254090.0,840.0,,839.9999999999999
one_contract_20pct_cap,885,2026-02-17,2026-02-17T15:28:00+00:00,SPXW-20260217-06810.000-P,PUT,1,3200.0,3200.0,254090.0,255050.0,960.0,,960.0
one_contract_20pct_cap,886,2026-02-17,2026-02-17T15:47:00+00:00,SPXW-20260217-06765.000-C,CALL,1,3490.0,3490.0,255050.0,258830.0,3780.0,,3780.000000000001
one_contract_20pct_cap,887,2026-02-18,2026-02-18T18:34:00+00:00,SPXW-20260218-06875.000-C,CALL,1,2160.0,2160.0,258830.0,258720.0,-110.0,,-110.00000000000014
one_contract_20pct_cap,888,2026-02-18,2026-02-18T18:44:00+00:00,SPXW-20260218-06870.000-C,CALL,1,2150.0,2150.0,258720.0,258750.0,30.0,,30.00000000000007
one_contract_20pct_cap,889,2026-02-18,2026-02-18T19:10:00+00:00,SPXW-20260218-06875.000-C,CALL,1,1420.0,1420.0,258750.0,258160.0,-590.0,,-589.9999999999999
one_contract_20pct_cap,890,2026-02-18,2026-02-18T19:39:00+00:00,SPXW-20260218-06840.000-C,CALL,1,3070.0,3070.0,258160.0,258670.0,510.0,,509.9999999999998
one_contract_20pct_cap,891,2026-02-19,2026-02-19T15:00:00+00:00,SPXW-20260219-06885.000-P,PUT,1,2860.0,2860.0,258670.0,259030.0,360.0,,360.0000000000001
one_contract_20pct_cap,892,2026-02-19,2026-02-19T15:28:00+00:00,SPXW-20260219-06885.000-P,PUT,1,3220.0000000000005,3220.0000000000005,259030.0,258600.0,-430.0,,-430.00000000000045
one_contract_20pct_cap,893,2026-02-19,2026-02-19T15:52:00+00:00,SPXW-20260219-06835.000-C,CALL,1,3429.9999999999995,3429.9999999999995,258600.0,258720.0,120.0,,120.00000000000028
one_contract_20pct_cap,894,2026-02-19,2026-02-19T16:28:00+00:00,SPXW-20260219-06880.000-P,PUT,1,2150.0,2150.0,258720.0,258900.0,180.0,,180.00000000000006
one_contract_20pct_cap,895,2026-02-19,2026-02-19T18:30:00+00:00,SPXW-20260219-06820.000-C,CALL,1,2540.0,2540.0,258900.0,258920.0,20.0,,20.000000000000284
one_contract_20pct_cap,896,2026-02-20,2026-02-20T15:07:00+00:00,SPXW-20260220-06860.000-C,CALL,1,2640.0,2640.0,258920.0,260030.0,1110.0,,1110.0000000000002
one_contract_20pct_cap,897,2026-02-20,2026-02-20T15:31:00+00:00,SPXW-20260220-06870.000-C,CALL,1,2780.0,2780.0,260030.0,260210.0,180.0,,180.00000000000006
one_contract_20pct_cap,898,2026-02-20,2026-02-20T18:30:00+00:00,SPXW-20260220-06870.000-C,CALL,1,2140.0,2140.0,260210.0,261060.0,850.0,,850.0
one_contract_20pct_cap,899,2026-02-20,2026-02-20T19:11:00+00:00,SPXW-20260220-06880.000-C,CALL,1,2870.0,2870.0,261060.0,260980.0,-80.0,,-80.00000000000007
one_contract_20pct_cap,900,2026-02-20,2026-02-20T19:58:00+00:00,SPXW-20260220-06880.000-C,CALL,1,1960.0,1960.0,260980.0,261400.0,420.0,,419.99999999999994
one_contract_20pct_cap,901,2026-02-23,2026-02-23T15:00:00+00:00,SPXW-20260223-06900.000-P,PUT,1,2750.0,2750.0,261400.0,262610.0,1210.0,,1210.0000000000002
one_contract_20pct_cap,902,2026-02-23,2026-02-23T15:27:00+00:00,SPXW-20260223-06885.000-P,PUT,1,2880.0,2880.0,262610.0,263150.0,540.0,,540.0000000000002
one_contract_20pct_cap,903,2026-02-23,2026-02-23T18:30:00+00:00,SPXW-20260223-06870.000-P,PUT,1,1870.0,1870.0,263150.0,263200.0,50.0,,50.0
one_contract_20pct_cap,904,2026-02-23,2026-02-23T18:41:00+00:00,SPXW-20260223-06860.000-P,PUT,1,1410.0,1410.0,263200.0,263400.0,200.0,,200.00000000000017
one_contract_20pct_cap,905,2026-02-24,2026-02-24T15:00:00+00:00,SPXW-20260224-06865.000-P,PUT,1,2740.0,2740.0,263400.0,263200.0,-200.0,,-200.0
one_contract_20pct_cap,906,2026-02-24,2026-02-24T15:16:00+00:00,SPXW-20260224-06840.000-C,CALL,1,2200.0,2200.0,263200.0,264980.0,1780.0,,1779.9999999999998
one_contract_20pct_cap,907,2026-02-24,2026-02-24T18:31:00+00:00,SPXW-20260224-06875.000-C,CALL,1,1420.0,1420.0,264980.0,265520.0,540.0,,540.0000000000002
one_contract_20pct_cap,908,2026-02-24,2026-02-24T19:08:00+00:00,SPXW-20260224-06860.000-C,CALL,1,2980.0,2980.0,265520.0,265230.0,-290.0,,-290.0000000000002
one_contract_20pct_cap,909,2026-02-25,2026-02-25T15:06:00+00:00,SPXW-20260225-06945.000-P,PUT,1,2290.0,2290.0,265230.0,265440.0,210.0,,210.00000000000017
one_contract_20pct_cap,910,2026-02-25,2026-02-25T15:31:00+00:00,SPXW-20260225-06895.000-C,CALL,1,3490.0,3490.0,265440.0,264670.0,-770.0,,-769.9999999999999
one_contract_20pct_cap,911,2026-02-26,2026-02-26T15:00:00+00:00,SPXW-20260226-06950.000-P,PUT,1,3320.0000000000005,3320.0000000000005,264670.0,265110.0,440.0,,439.9999999999999
one_contract_20pct_cap,912,2026-02-26,2026-02-26T15:26:00+00:00,SPXW-20260226-06855.000-C,CALL,1,3060.0,3060.0,265110.0,265710.0,600.0,,600.0
one_contract_20pct_cap,913,2026-02-26,2026-02-26T15:42:00+00:00,SPXW-20260226-06900.000-P,PUT,1,2640.0,2640.0,265710.0,264890.0,-820.0,,-819.9999999999999
one_contract_20pct_cap,914,2026-02-27,2026-02-27T15:01:00+00:00,SPXW-20260227-06825.000-C,CALL,1,3420.0000000000005,3420.0000000000005,264890.0,265460.0,570.0,,569.9999999999995
one_contract_20pct_cap,915,2026-02-27,2026-02-27T15:32:00+00:00,SPXW-20260227-06885.000-P,PUT,1,3340.0,3340.0,265460.0,265170.0,-290.0,,-289.9999999999999
one_contract_20pct_cap,916,2026-02-27,2026-02-27T16:10:00+00:00,SPXW-20260227-06835.000-C,CALL,1,3500.0,3500.0,265170.0,265860.0,690.0,,689.9999999999999
one_contract_20pct_cap,917,2026-02-27,2026-02-27T18:31:00+00:00,SPXW-20260227-06830.000-C,CALL,1,2730.0,2730.0,265860.0,266000.0,140.0,,139.99999999999986
one_contract_20pct_cap,918,2026-02-27,2026-02-27T19:10:00+00:00,SPXW-20260227-06880.000-P,PUT,1,2740.0,2740.0,266000.0,266110.0,110.0,,110.00000000000014
one_contract_20pct_cap,919,2026-03-02,2026-03-02T18:32:00+00:00,SPXW-20260302-06850.000-C,CALL,1,3200.0,3200.0,266110.0,265240.0,-870.0,,-869.9999999999999
one_contract_20pct_cap,920,2026-03-02,2026-03-02T19:01:00+00:00,SPXW-20260302-06850.000-C,CALL,0,2060.0,0.0,265240.0,265240.0,0.0,daily_loss_stop,2060.0
one_contract_20pct_cap,921,2026-03-02,2026-03-02T19:54:00+00:00,SPXW-20260302-06885.000-C,CALL,0,1540.0,0.0,265240.0,265240.0,-0.0,daily_loss_stop,-309.99999999999994
one_contract_20pct_cap,922,2026-03-02,2026-03-02T20:11:00+00:00,SPXW-20260302-06850.000-C,CALL,0,2400.0,0.0,265240.0,265240.0,0.0,daily_loss_stop,639.9999999999999
one_contract_20pct_cap,923,2026-03-03,2026-03-03T15:31:00+00:00,SPXW-20260303-06700.000-C,CALL,1,3310.0,3310.0,265240.0,266360.0,1120.0,,1119.9999999999995
one_contract_20pct_cap,924,2026-03-03,2026-03-03T15:50:00+00:00,SPXW-20260303-06735.000-P,PUT,1,2660.0,2660.0,266360.0,266660.0,300.0,,300.0
one_contract_20pct_cap,925,2026-03-03,2026-03-03T15:56:00+00:00,SPXW-20260303-06710.000-C,CALL,1,2810.0,2810.0,266660.0,269500.0,2840.0,,2840.0
one_contract_20pct_cap,926,2026-03-03,2026-03-03T16:13:00+00:00,SPXW-20260303-06735.000-C,CALL,1,3440.0,3440.0,269500.0,270570.0,1070.0,,1070.0000000000002
one_contract_20pct_cap,927,2026-03-03,2026-03-03T19:11:00+00:00,SPXW-20260303-06800.000-C,CALL,1,1930.0,1930.0,270570.0,271760.0,1190.0,,1189.9999999999998
one_contract_20pct_cap,928,2026-03-03,2026-03-03T19:36:00+00:00,SPXW-20260303-06785.000-C,CALL,1,2690.0,2690.0,271760.0,274510.0,2750.0,,2750.0
one_contract_20pct_cap,929,2026-03-04,2026-03-04T15:03:00+00:00,SPXW-20260304-06860.000-P,PUT,1,3500.0,3500.0,274510.0,272670.0,-1840.0,,-1840.0
one_contract_20pct_cap,930,2026-03-04,2026-03-04T15:43:00+00:00,SPXW-20260304-06840.000-C,CALL,0,2790.0,0.0,272670.0,272670.0,0.0,daily_loss_stop,260.0000000000001
one_contract_20pct_cap,931,2026-03-04,2026-03-04T16:06:00+00:00,SPXW-20260304-06855.000-C,CALL,0,2510.0,0.0,272670.0,272670.0,-0.0,daily_loss_stop,-570.0000000000002
one_contract_20pct_cap,932,2026-03-04,2026-03-04T18:30:00+00:00,SPXW-20260304-06865.000-C,CALL,0,1530.0,0.0,272670.0,272670.0,0.0,daily_loss_stop,169.99999999999994
one_contract_20pct_cap,933,2026-03-04,2026-03-04T19:04:00+00:00,SPXW-20260304-06855.000-C,CALL,0,2860.0,0.0,272670.0,272670.0,0.0,daily_loss_stop,0.0
one_contract_20pct_cap,934,2026-03-05,2026-03-05T15:07:00+00:00,SPXW-20260305-06880.000-P,PUT,1,3370.0000000000005,3370.0000000000005,272670.0,276320.0,3650.0,,3650.0
one_contract_20pct_cap,935,2026-03-05,2026-03-05T15:37:00+00:00,SPXW-20260305-06805.000-C,CALL,1,2580.0,2580.0,276320.0,277220.0,900.0,,899.9999999999997
one_contract_20pct_cap,936,2026-03-05,2026-03-05T15:50:00+00:00,SPXW-20260305-06805.000-C,CALL,1,3210.0,3210.0,277220.0,276240.0,-980.0,,-980.0
one_contract_20pct_cap,937,2026-03-05,2026-03-05T18:38:00+00:00,SPXW-20260305-06750.000-C,CALL,1,3410.0,3410.0,276240.0,277200.0,960.0,,960.0
one_contract_20pct_cap,938,2026-03-05,2026-03-05T19:05:00+00:00,SPXW-20260305-06760.000-C,CALL,1,2620.0,2620.0,277200.0,277570.0,370.0,,369.99999999999994
one_contract_20pct_cap,939,2026-03-06,2026-03-06T15:00:00+00:00,SPXW-20260306-06710.000-C,CALL,1,3479.9999999999995,3479.9999999999995,277570.0,278940.0,1370.0,,1370.0000000000002
one_contract_20pct_cap,940,2026-03-06,2026-03-06T16:18:00+00:00,SPXW-20260306-06735.000-C,CALL,1,3240.0,3240.0,278940.0,279020.0,80.0,,80.00000000000043
one_contract_20pct_cap,941,2026-03-06,2026-03-06T18:30:00+00:00,SPXW-20260306-06730.000-C,CALL,1,3460.0,3460.0,279020.0,278940.0,-80.0,,-80.00000000000043
one_contract_20pct_cap,942,2026-03-06,2026-03-06T18:58:00+00:00,SPXW-20260306-06725.000-C,CALL,1,3420.0000000000005,3420.0000000000005,278940.0,279580.0,640.0,,639.9999999999999
one_contract_20pct_cap,943,2026-03-09,2026-03-09T14:04:00+00:00,SPXW-20260309-06650.000-C,CALL,1,3460.0,3460.0,279580.0,279400.0,-180.0,,-180.00000000000043
one_contract_20pct_cap,944,2026-03-09,2026-03-09T14:30:00+00:00,SPXW-20260309-06640.000-C,CALL,1,3150.0,3150.0,279400.0,280890.0,1490.0,,1489.9999999999998
one_contract_20pct_cap,945,2026-03-09,2026-03-09T17:30:00+00:00,SPXW-20260309-06670.000-C,CALL,1,3460.0,3460.0,280890.0,280710.0,-180.0,,-180.00000000000043
one_contract_20pct_cap,946,2026-03-10,2026-03-10T14:00:00+00:00,SPXW-20260310-06790.000-P,PUT,1,3279.9999999999995,3279.9999999999995,280710.0,281360.0,650.0,,650.0
one_contract_20pct_cap,947,2026-03-10,2026-03-10T14:15:00+00:00,SPXW-20260310-06785.000-P,PUT,1,3130.0,3130.0,281360.0,279680.0,-1680.0,,-1680.0
one_contract_20pct_cap,948,2026-03-10,2026-03-10T17:39:00+00:00,SPXW-20260310-06815.000-C,CALL,0,1500.0,0.0,279680.0,279680.0,0.0,daily_loss_stop,560.0000000000001
one_contract_20pct_cap,949,2026-03-11,2026-03-11T14:00:00+00:00,SPXW-20260311-06785.000-C,CALL,1,2480.0,2480.0,279680.0,279620.0,-60.0,,-60.00000000000014
one_contract_20pct_cap,950,2026-03-11,2026-03-11T14:33:00+00:00,SPXW-20260311-06790.000-P,PUT,1,3260.0,3260.0,279620.0,278090.0,-1530.0,,-1530.0
one_contract_20pct_cap,951,2026-03-11,2026-03-11T15:12:00+00:00,SPXW-20260311-06770.000-P,PUT,0,1450.0,0.0,278090.0,278090.0,0.0,daily_loss_stop,680.0000000000001
one_contract_20pct_cap,952,2026-03-12,2026-03-12T14:04:00+00:00,SPXW-20260312-06735.000-P,PUT,1,3110.0,3110.0,278090.0,278150.0,60.0,,59.99999999999979
one_contract_20pct_cap,953,2026-03-12,2026-03-12T14:13:00+00:00,SPXW-20260312-06740.000-P,PUT,1,3220.0000000000005,3220.0000000000005,278150.0,279450.0,1300.0,,1300.0
one_contract_20pct_cap,954,2026-03-12,2026-03-12T14:44:00+00:00,SPXW-20260312-06675.000-C,CALL,1,3329.9999999999995,3329.9999999999995,279450.0,279280.0,-170.0,,-169.99999999999957
one_contract_20pct_cap,955,2026-03-12,2026-03-12T17:31:00+00:00,SPXW-20260312-06725.000-P,PUT,1,2900.0,2900.0,279280.0,279300.0,20.0,,19.99999999999993
one_contract_20pct_cap,956,2026-03-12,2026-03-12T17:40:00+00:00,SPXW-20260312-06680.000-C,CALL,1,3000.0,3000.0,279300.0,278500.0,-800.0,,-800.0
one_contract_20pct_cap,957,2026-03-12,2026-03-12T18:12:00+00:00,SPXW-20260312-06725.000-P,PUT,1,2820.0,2820.0,278500.0,279420.0,920.0,,920.0
one_contract_20pct_cap,958,2026-03-13,2026-03-13T14:30:00+00:00,SPXW-20260313-06685.000-C,CALL,1,2890.0,2890.0,279420.0,278400.0,-1020.0,,-1020.0
one_contract_20pct_cap,959,2026-03-13,2026-03-13T15:12:00+00:00,SPXW-20260313-06650.000-C,CALL,0,3350.0,0.0,278400.0,278400.0,-0.0,daily_loss_stop,-169.99999999999994
one_contract_20pct_cap,960,2026-03-13,2026-03-13T17:30:00+00:00,SPXW-20260313-06665.000-P,PUT,0,1970.0,0.0,278400.0,278400.0,0.0,daily_loss_stop,350.0
one_contract_20pct_cap,961,2026-03-13,2026-03-13T17:49:00+00:00,SPXW-20260313-06650.000-P,PUT,0,1739.9999999999998,0.0,278400.0,278400.0,0.0,daily_loss_stop,300.0
one_contract_20pct_cap,962,2026-03-13,2026-03-13T18:04:00+00:00,SPXW-20260313-06610.000-C,CALL,0,3310.0,0.0,278400.0,278400.0,0.0,daily_loss_stop,250.0
one_contract_20pct_cap,963,2026-03-13,2026-03-13T18:29:00+00:00,SPXW-20260313-06620.000-C,CALL,0,2380.0,0.0,278400.0,278400.0,0.0,daily_loss_stop,1030.0
one_contract_20pct_cap,964,2026-03-16,2026-03-16T14:41:00+00:00,SPXW-20260316-06670.000-C,CALL,1,3279.9999999999995,3279.9999999999995,278400.0,279040.0,640.0,,640.0000000000006
one_contract_20pct_cap,965,2026-03-16,2026-03-16T14:59:00+00:00,SPXW-20260316-06675.000-C,CALL,1,3290.0,3290.0,279040.0,279150.0,110.0,,110.00000000000014
one_contract_20pct_cap,966,2026-03-16,2026-03-16T15:11:00+00:00,SPXW-20260316-06725.000-P,PUT,1,3190.0,3190.0,279150.0,277740.0,-1410.0,,-1409.9999999999998
one_contract_20pct_cap,967,2026-03-16,2026-03-16T17:30:00+00:00,SPXW-20260316-06670.000-C,CALL,1,3390.0,3390.0,277740.0,277080.0,-660.0,,-659.9999999999998
one_contract_20pct_cap,968,2026-03-16,2026-03-16T17:55:00+00:00,SPXW-20260316-06665.000-C,CALL,0,3229.9999999999995,0.0,277080.0,277080.0,0.0,daily_loss_stop,180.00000000000043
one_contract_20pct_cap,969,2026-03-17,2026-03-17T14:04:00+00:00,SPXW-20260317-06715.000-C,CALL,1,3270.0000000000005,3270.0000000000005,277080.0,276360.0,-720.0,,-720.0000000000002
one_contract_20pct_cap,970,2026-03-17,2026-03-17T14:31:00+00:00,SPXW-20260317-06745.000-P,PUT,1,1850.0,1850.0,276360.0,276440.0,80.0,,80.00000000000007
one_contract_20pct_cap,971,2026-03-17,2026-03-17T14:43:00+00:00,SPXW-20260317-06710.000-C,CALL,1,3350.0,3350.0,276440.0,276640.0,200.0,,200.0
one_contract_20pct_cap,972,2026-03-17,2026-03-17T15:04:00+00:00,SPXW-20260317-06765.000-P,PUT,1,3080.0,3080.0,276640.0,277280.0,640.0,,640.0000000000002
one_contract_20pct_cap,973,2026-03-18,2026-03-18T14:00:00+00:00,SPXW-20260318-06725.000-P,PUT,1,3429.9999999999995,3429.9999999999995,277280.0,278880.0,1600.0,,1600.0
one_contract_20pct_cap,974,2026-03-18,2026-03-18T14:25:00+00:00,SPXW-20260318-06705.000-P,PUT,1,3490.0,3490.0,278880.0,279710.0,830.0,,830.0000000000005
one_contract_20pct_cap,975,2026-03-19,2026-03-19T14:31:00+00:00,SPXW-20260319-06550.000-C,CALL,1,3450.0,3450.0,279710.0,280120.0,410.0,,410.0000000000001
one_contract_20pct_cap,976,2026-03-19,2026-03-19T14:55:00+00:00,SPXW-20260319-06605.000-P,PUT,1,2830.0,2830.0,280120.0,279780.0,-340.0,,-340.0000000000002
one_contract_20pct_cap,977,2026-03-19,2026-03-19T15:05:00+00:00,SPXW-20260319-06570.000-C,CALL,1,3250.0,3250.0,279780.0,280550.0,770.0,,770.0000000000002
one_contract_20pct_cap,978,2026-03-19,2026-03-19T15:19:00+00:00,SPXW-20260319-06615.000-P,PUT,1,2710.0,2710.0,280550.0,281450.0,900.0,,900.0
one_contract_20pct_cap,979,2026-03-19,2026-03-19T17:30:00+00:00,SPXW-20260319-06550.000-C,CALL,1,3200.0,3200.0,281450.0,281280.0,-170.0,,-169.99999999999994
one_contract_20pct_cap,980,2026-03-19,2026-03-19T17:56:00+00:00,SPXW-20260319-06610.000-P,PUT,1,2810.0,2810.0,281280.0,281940.0,660.0,,660.0000000000001
one_contract_20pct_cap,981,2026-03-20,2026-03-20T14:00:00+00:00,SPXW-20260320-06580.000-P,PUT,1,3420.0000000000005,3420.0000000000005,281940.0,282490.0,550.0,,550.0
one_contract_20pct_cap,982,2026-03-20,2026-03-20T14:30:00+00:00,SPXW-20260320-06520.000-C,CALL,1,3470.0000000000005,3470.0000000000005,282490.0,282860.0,370.0,,369.99999999999955
one_contract_20pct_cap,983,2026-03-20,2026-03-20T14:49:00+00:00,SPXW-20260320-06530.000-C,CALL,1,3220.0000000000005,3220.0000000000005,282860.0,282800.0,-60.0,,-60.00000000000014
one_contract_20pct_cap,984,2026-03-20,2026-03-20T15:16:00+00:00,SPXW-20260320-06585.000-P,PUT,1,3460.0,3460.0,282800.0,283710.0,910.0,,910.0
one_contract_20pct_cap,985,2026-03-20,2026-03-20T15:23:00+00:00,SPXW-20260320-06520.000-C,CALL,1,3329.9999999999995,3329.9999999999995,283710.0,284080.0,370.0,,370.0000000000003
one_contract_20pct_cap,986,2026-03-20,2026-03-20T17:36:00+00:00,SPXW-20260320-06545.000-P,PUT,1,1530.0,1530.0,284080.0,284150.0,70.0,,69.99999999999993
one_contract_20pct_cap,987,2026-03-20,2026-03-20T18:04:00+00:00,SPXW-20260320-06565.000-P,PUT,1,3110.0,3110.0,284150.0,284590.0,440.0,,439.9999999999999
one_contract_20pct_cap,988,2026-03-23,2026-03-23T17:30:00+00:00,SPXW-20260323-06565.000-C,CALL,1,2260.0,2260.0,284590.0,285920.0,1330.0,,1329.9999999999998
one_contract_20pct_cap,989,2026-03-23,2026-03-23T17:56:00+00:00,SPXW-20260323-06590.000-C,CALL,1,1940.0,1940.0,285920.0,286040.0,120.0,,120.00000000000028
one_contract_20pct_cap,990,2026-03-23,2026-03-23T18:07:00+00:00,SPXW-20260323-06605.000-P,PUT,1,1100.0,1100.0,286040.0,286100.0,60.0,,59.999999999999964
one_contract_20pct_cap,991,2026-03-23,2026-03-23T18:16:00+00:00,SPXW-20260323-06610.000-P,PUT,1,1360.0,1360.0,286100.0,286380.0,280.0,,279.9999999999999
one_contract_20pct_cap,992,2026-03-23,2026-03-23T18:25:00+00:00,SPXW-20260323-06575.000-C,CALL,1,2880.0,2880.0,286380.0,288030.0,1650.0,,1649.9999999999995
one_contract_20pct_cap,993,2026-03-23,2026-03-23T18:42:00+00:00,SPXW-20260323-06595.000-C,CALL,1,2080.0,2080.0,288030.0,288380.0,350.0,,350.0
one_contract_20pct_cap,994,2026-03-24,2026-03-24T14:00:00+00:00,SPXW-20260324-06520.000-C,CALL,1,3370.0000000000005,3370.0000000000005,288380.0,288890.0,510.0,,509.99999999999943
one_contract_20pct_cap,995,2026-03-24,2026-03-24T14:40:00+00:00,SPXW-20260324-06535.000-C,CALL,1,3040.0,3040.0,288890.0,289900.0,1010.0,,1010.0
one_contract_20pct_cap,996,2026-03-24,2026-03-24T17:30:00+00:00,SPXW-20260324-06530.000-C,CALL,1,3329.9999999999995,3329.9999999999995,289900.0,289690.0,-210.0,,-209.99999999999977
one_contract_20pct_cap,997,2026-03-24,2026-03-24T17:55:00+00:00,SPXW-20260324-06550.000-C,CALL,1,1520.0,1520.0,289690.0,290440.0,750.0,,750.0
one_contract_20pct_cap,998,2026-03-25,2026-03-25T14:10:00+00:00,SPXW-20260325-06620.000-P,PUT,1,3390.0,3390.0,290440.0,289920.0,-520.0,,-519.9999999999999
one_contract_20pct_cap,999,2026-03-25,2026-03-25T14:20:00+00:00,SPXW-20260325-06595.000-C,CALL,1,2310.0,2310.0,289920.0,290150.0,230.0,,229.99999999999972
one_contract_20pct_cap,1000,2026-03-25,2026-03-25T14:36:00+00:00,SPXW-20260325-06630.000-P,PUT,1,2840.0,2840.0,290150.0,289990.0,-160.0,,-159.99999999999977
one_contract_20pct_cap,1001,2026-03-25,2026-03-25T14:48:00+00:00,SPXW-20260325-06590.000-C,CALL,1,3190.0,3190.0,289990.0,290040.0,50.0,,50.0
one_contract_20pct_cap,1002,2026-03-25,2026-03-25T15:16:00+00:00,SPXW-20260325-06580.000-P,PUT,1,1220.0,1220.0,290040.0,291480.0,1440.0,,1440.0000000000002
one_contract_20pct_cap,1003,2026-03-25,2026-03-25T15:24:00+00:00,SPXW-20260325-06580.000-C,CALL,1,2370.0,2370.0,291480.0,292350.0,870.0,,869.9999999999999
one_contract_20pct_cap,1004,2026-03-26,2026-03-26T14:47:00+00:00,SPXW-20260326-06540.000-C,CALL,1,2370.0,2370.0,292350.0,292130.0,-220.0,,-219.99999999999991
one_contract_20pct_cap,1005,2026-03-26,2026-03-26T15:04:00+00:00,SPXW-20260326-06565.000-P,PUT,1,2490.0,2490.0,292130.0,292200.0,70.0,,70.00000000000028
one_contract_20pct_cap,1006,2026-03-26,2026-03-26T15:16:00+00:00,SPXW-20260326-06565.000-P,PUT,1,2540.0,2540.0,292200.0,292420.0,220.0,,220.00000000000028
one_contract_20pct_cap,1007,2026-03-26,2026-03-26T15:29:00+00:00,SPXW-20260326-06575.000-P,PUT,1,3440.0,3440.0,292420.0,293010.0,590.0,,589.9999999999999
one_contract_20pct_cap,1008,2026-03-26,2026-03-26T17:31:00+00:00,SPXW-20260326-06530.000-P,PUT,1,2320.0,2320.0,293010.0,293250.0,240.0,,240.00000000000023
one_contract_20pct_cap,1009,2026-03-26,2026-03-26T18:28:00+00:00,SPXW-20260326-06525.000-P,PUT,1,3490.0,3490.0,293250.0,292480.0,-770.0,,-769.9999999999999
one_contract_20pct_cap,1010,2026-03-27,2026-03-27T14:01:00+00:00,SPXW-20260327-06425.000-P,PUT,1,2510.0,2510.0,292480.0,292650.0,170.0,,169.99999999999994
one_contract_20pct_cap,1011,2026-03-27,2026-03-27T14:11:00+00:00,SPXW-20260327-06405.000-C,CALL,1,2810.0,2810.0,292650.0,293700.0,1050.0,,1050.0
one_contract_20pct_cap,1012,2026-03-27,2026-03-27T14:26:00+00:00,SPXW-20260327-06440.000-P,PUT,1,3000.0,3000.0,293700.0,293950.0,250.0,,250.0
one_contract_20pct_cap,1013,2026-03-27,2026-03-27T14:38:00+00:00,SPXW-20260327-06435.000-P,PUT,1,2960.0,2960.0,293950.0,293800.0,-150.0,,-150.0
one_contract_20pct_cap,1014,2026-03-27,2026-03-27T14:49:00+00:00,SPXW-20260327-06400.000-C,CALL,1,3260.0,3260.0,293800.0,294120.0,320.0,,319.99999999999955
one_contract_20pct_cap,1015,2026-03-27,2026-03-27T15:03:00+00:00,SPXW-20260327-06405.000-C,CALL,1,3360.0,3360.0,294120.0,293510.0,-610.0,,-610.0000000000001
one_contract_20pct_cap,1016,2026-03-27,2026-03-27T15:23:00+00:00,SPXW-20260327-06420.000-C,CALL,1,1730.0,1730.0,293510.0,294960.0,1450.0,,1450.0
one_contract_20pct_cap,1017,2026-03-27,2026-03-27T18:41:00+00:00,SPXW-20260327-06355.000-C,CALL,1,2940.0,2940.0,294960.0,294130.0,-830.0,,-829.9999999999998
one_contract_20pct_cap,1018,2026-03-30,2026-03-30T14:15:00+00:00,SPXW-20260330-06405.000-P,PUT,1,3030.0,3030.0,294130.0,294410.0,280.0,,280.00000000000006
one_contract_20pct_cap,1019,2026-03-30,2026-03-30T14:35:00+00:00,SPXW-20260330-06400.000-P,PUT,1,2950.0,2950.0,294410.0,294900.0,490.0,,489.9999999999999
one_contract_20pct_cap,1020,2026-03-30,2026-03-30T14:46:00+00:00,SPXW-20260330-06355.000-C,CALL,1,3180.0,3180.0,294900.0,296240.0,1340.0,,1340.0000000000002
one_contract_20pct_cap,1021,2026-03-30,2026-03-30T15:20:00+00:00,SPXW-20260330-06365.000-C,CALL,1,3270.0000000000005,3270.0000000000005,296240.0,297590.0,1350.0,,1350.0
one_contract_20pct_cap,1022,2026-03-30,2026-03-30T17:30:00+00:00,SPXW-20260330-06390.000-P,PUT,1,3379.9999999999995,3379.9999999999995,297590.0,298060.0,470.0,,470.0000000000003
one_contract_20pct_cap,1023,2026-03-30,2026-03-30T17:36:00+00:00,SPXW-20260330-06335.000-C,CALL,1,2370.0,2370.0,298060.0,299150.0,1090.0,,1090.0000000000002
one_contract_20pct_cap,1024,2026-03-30,2026-03-30T18:04:00+00:00,SPXW-20260330-06380.000-P,PUT,1,2370.0,2370.0,299150.0,299510.0,360.0,,360.0000000000001
one_contract_20pct_cap,1025,2026-03-31,2026-03-31T14:46:00+00:00,SPXW-20260331-06405.000-C,CALL,1,3200.0,3200.0,299510.0,299900.0,390.0,,389.9999999999999
one_contract_20pct_cap,1026,2026-03-31,2026-03-31T18:00:00+00:00,SPXW-20260331-06465.000-C,CALL,1,3030.0,3030.0,299900.0,300770.0,870.0,,869.9999999999999
one_contract_20pct_cap,1027,2026-03-31,2026-03-31T18:27:00+00:00,SPXW-20260331-06465.000-C,CALL,1,3300.0,3300.0,300770.0,301320.0,550.0,,550.0
one_contract_20pct_cap,1028,2026-03-31,2026-03-31T19:09:00+00:00,SPXW-20260331-06485.000-C,CALL,1,2360.0,2360.0,301320.0,302470.0,1150.0,,1150.0
adaptive_1_to_3_contracts,1,2024-10-01,2024-10-01T14:15:00+00:00,SPXW-20241001-05710.000-P,PUT,0,2480.0,0.0,10000.0,10000.0,-0.0,premium_exposure_cap,-50.0
adaptive_1_to_3_contracts,2,2024-10-01,2024-10-01T14:21:00+00:00,SPXW-20241001-05675.000-C,CALL,0,3100.0,0.0,10000.0,10000.0,0.0,premium_exposure_cap,300.0
adaptive_1_to_3_contracts,3,2024-10-01,2024-10-01T14:41:00+00:00,SPXW-20241001-05675.000-C,CALL,0,3400.0,0.0,10000.0,10000.0,-0.0,premium_exposure_cap,-460.0000000000001
adaptive_1_to_3_contracts,4,2024-10-01,2024-10-01T15:19:00+00:00,SPXW-20241001-05665.000-C,CALL,0,2640.0,0.0,10000.0,10000.0,0.0,premium_exposure_cap,2430.0000000000005
adaptive_1_to_3_contracts,5,2024-10-01,2024-10-01T17:31:00+00:00,SPXW-20241001-05680.000-C,CALL,1,1590.0,1590.0,10000.0,11510.0,1510.0,,1510.0
adaptive_1_to_3_contracts,6,2024-10-01,2024-10-01T18:43:00+00:00,SPXW-20241001-05715.000-C,CALL,1,1300.0,1300.0,11510.0,11340.0,-170.0,,-169.99999999999994
adaptive_1_to_3_contracts,7,2024-10-01,2024-10-01T19:14:00+00:00,SPXW-20241001-05695.000-C,CALL,0,2620.0,0.0,11340.0,11340.0,0.0,premium_exposure_cap,350.0
adaptive_1_to_3_contracts,8,2024-10-02,2024-10-02T14:00:00+00:00,SPXW-20241002-05675.000-C,CALL,0,2540.0,0.0,11340.0,11340.0,0.0,premium_exposure_cap,620.0000000000002
adaptive_1_to_3_contracts,9,2024-10-02,2024-10-02T14:25:00+00:00,SPXW-20241002-05665.000-C,CALL,0,3520.0000000000005,0.0,11340.0,11340.0,0.0,premium_exposure_cap,1789.9999999999998
adaptive_1_to_3_contracts,10,2024-10-02,2024-10-02T15:19:00+00:00,SPXW-20241002-05685.000-C,CALL,0,3420.0000000000005,0.0,11340.0,11340.0,0.0,premium_exposure_cap,100.0
adaptive_1_to_3_contracts,11,2024-10-03,2024-10-03T14:00:00+00:00,SPXW-20241003-05690.000-C,CALL,1,2050.0,2050.0,11340.0,12580.0,1240.0,,1239.9999999999998
adaptive_1_to_3_contracts,12,2024-10-03,2024-10-03T14:13:00+00:00,SPXW-20241003-05705.000-P,PUT,1,920.0,920.0,12580.0,13880.0,1300.0,,1300.0
adaptive_1_to_3_contracts,13,2024-10-03,2024-10-03T14:32:00+00:00,SPXW-20241003-05680.000-C,CALL,1,2180.0,2180.0,13880.0,14240.0,360.0,,359.9999999999998
adaptive_1_to_3_contracts,14,2024-10-03,2024-10-03T14:51:00+00:00,SPXW-20241003-05695.000-C,CALL,1,1590.0,1590.0,14240.0,13890.0,-350.0,,-350.0
adaptive_1_to_3_contracts,15,2024-10-04,2024-10-04T14:02:00+00:00,SPXW-20241004-05700.000-C,CALL,0,3250.0,0.0,13890.0,13890.0,-0.0,premium_exposure_cap,-869.9999999999999
adaptive_1_to_3_contracts,16,2024-10-04,2024-10-04T14:27:00+00:00,SPXW-20241004-05720.000-P,PUT,1,1990.0,1990.0,13890.0,14400.0,510.0,,510.0000000000001
adaptive_1_to_3_contracts,17,2024-10-04,2024-10-04T14:40:00+00:00,SPXW-20241004-05680.000-C,CALL,0,3229.9999999999995,0.0,14400.0,14400.0,0.0,premium_exposure_cap,1280.0000000000005
adaptive_1_to_3_contracts,18,2024-10-04,2024-10-04T15:13:00+00:00,SPXW-20241004-05750.000-P,PUT,0,3020.0,0.0,14400.0,14400.0,0.0,premium_exposure_cap,1390.0000000000002
adaptive_1_to_3_contracts,19,2024-10-07,2024-10-07T14:04:00+00:00,SPXW-20241007-05715.000-C,CALL,1,2220.0,2220.0,14400.0,14700.0,300.0,,300.0
adaptive_1_to_3_contracts,20,2024-10-07,2024-10-07T14:29:00+00:00,SPXW-20241007-05705.000-C,CALL,0,3210.0,0.0,14700.0,14700.0,-0.0,premium_exposure_cap,-130.00000000000006
adaptive_1_to_3_contracts,21,2024-10-07,2024-10-07T14:51:00+00:00,SPXW-20241007-05725.000-C,CALL,1,1520.0,1520.0,14700.0,14730.0,30.0,,30.00000000000007
adaptive_1_to_3_contracts,22,2024-10-07,2024-10-07T15:20:00+00:00,SPXW-20241007-05705.000-C,CALL,0,3360.0,0.0,14730.0,14730.0,-0.0,premium_exposure_cap,-30.000000000000423
adaptive_1_to_3_contracts,23,2024-10-08,2024-10-08T14:00:00+00:00,SPXW-20241008-05710.000-C,CALL,1,2340.0,2340.0,14730.0,14670.0,-60.0,,-59.99999999999979
adaptive_1_to_3_contracts,24,2024-10-08,2024-10-08T14:25:00+00:00,SPXW-20241008-05710.000-C,CALL,1,2180.0,2180.0,14670.0,15770.0,1100.0,,1099.9999999999995
adaptive_1_to_3_contracts,25,2024-10-09,2024-10-09T14:00:00+00:00,SPXW-20241009-05725.000-C,CALL,0,3379.9999999999995,0.0,15770.0,15770.0,0.0,premium_exposure_cap,160.00000000000014
adaptive_1_to_3_contracts,26,2024-10-09,2024-10-09T14:25:00+00:00,SPXW-20241009-05730.000-C,CALL,0,3270.0000000000005,0.0,15770.0,15770.0,0.0,premium_exposure_cap,119.99999999999956
adaptive_1_to_3_contracts,27,2024-10-09,2024-10-09T14:39:00+00:00,SPXW-20241009-05730.000-C,CALL,0,3440.0,0.0,15770.0,15770.0,0.0,premium_exposure_cap,750.0
adaptive_1_to_3_contracts,28,2024-10-10,2024-10-10T14:00:00+00:00,SPXW-20241010-05760.000-C,CALL,1,2090.0,2090.0,15770.0,16430.0,660.0,,660.0000000000001
adaptive_1_to_3_contracts,29,2024-10-10,2024-10-10T14:26:00+00:00,SPXW-20241010-05750.000-C,CALL,1,3150.0,3150.0,16430.0,16400.0,-30.0,,-30.00000000000007
adaptive_1_to_3_contracts,30,2024-10-11,2024-10-11T14:01:00+00:00,SPXW-20241011-05775.000-C,CALL,1,2110.0,2110.0,16400.0,18550.0,2150.0,,2150.0
adaptive_1_to_3_contracts,31,2024-10-11,2024-10-11T15:04:00+00:00,SPXW-20241011-05790.000-C,CALL,1,2470.0,2470.0,18550.0,18620.0,70.0,,69.99999999999993
adaptive_1_to_3_contracts,32,2024-10-11,2024-10-11T15:27:00+00:00,SPXW-20241011-05790.000-C,CALL,1,2430.0,2430.0,18620.0,18760.0,140.0,,139.99999999999986
adaptive_1_to_3_contracts,33,2024-10-11,2024-10-11T17:30:00+00:00,SPXW-20241011-05780.000-C,CALL,1,2930.0,2930.0,18760.0,19070.0,310.0,,309.9999999999998
adaptive_1_to_3_contracts,34,2024-10-14,2024-10-14T14:00:00+00:00,SPXW-20241014-05820.000-C,CALL,1,3450.0,3450.0,19070.0,18860.0,-210.0,,-210.00000000000017
adaptive_1_to_3_contracts,35,2024-10-14,2024-10-14T14:23:00+00:00,SPXW-20241014-05835.000-C,CALL,1,1990.0,1990.0,18860.0,18980.0,120.0,,120.00000000000028
adaptive_1_to_3_contracts,36,2024-10-14,2024-10-14T14:36:00+00:00,SPXW-20241014-05835.000-C,CALL,1,2340.0,2340.0,18980.0,18140.0,-840.0,,-839.9999999999999
adaptive_1_to_3_contracts,37,2024-10-14,2024-10-14T15:02:00+00:00,SPXW-20241014-05835.000-C,CALL,0,1510.0,0.0,18140.0,18140.0,0.0,daily_loss_stop,250.00000000000017
adaptive_1_to_3_contracts,38,2024-10-15,2024-10-15T14:10:00+00:00,SPXW-20241015-05880.000-P,PUT,1,2130.0,2130.0,18140.0,18270.0,130.0,,130.00000000000006
adaptive_1_to_3_contracts,39,2024-10-15,2024-10-15T14:35:00+00:00,SPXW-20241015-05850.000-P,PUT,1,1290.0,1290.0,18270.0,18810.0,540.0,,540.0
adaptive_1_to_3_contracts,40,2024-10-16,2024-10-16T14:03:00+00:00,SPXW-20241016-05790.000-C,CALL,1,2540.0,2540.0,18810.0,20110.0,1300.0,,1300.0
adaptive_1_to_3_contracts,41,2024-10-16,2024-10-16T14:28:00+00:00,SPXW-20241016-05805.000-C,CALL,1,2540.0,2540.0,20110.0,19530.0,-580.0,,-579.9999999999998
adaptive_1_to_3_contracts,42,2024-10-16,2024-10-16T14:54:00+00:00,SPXW-20241016-05790.000-C,CALL,1,3279.9999999999995,3279.9999999999995,19530.0,19740.0,210.0,,210.00000000000017
adaptive_1_to_3_contracts,43,2024-10-17,2024-10-17T14:01:00+00:00,SPXW-20241017-05860.000-P,PUT,1,1150.0,1150.0,19740.0,20150.0,410.0,,409.99999999999994
adaptive_1_to_3_contracts,44,2024-10-17,2024-10-17T14:37:00+00:00,SPXW-20241017-05865.000-P,PUT,2,1630.0,3260.0,20150.0,20410.0,260.0,,130.00000000000006
adaptive_1_to_3_contracts,45,2024-10-17,2024-10-17T15:02:00+00:00,SPXW-20241017-05870.000-P,PUT,1,2400.0,2400.0,20410.0,19910.0,-500.0,,-500.0
adaptive_1_to_3_contracts,46,2024-10-17,2024-10-17T18:11:00+00:00,SPXW-20241017-05855.000-P,PUT,1,1130.0,1130.0,19910.0,20050.0,140.0,,139.99999999999986
adaptive_1_to_3_contracts,47,2024-10-18,2024-10-18T14:03:00+00:00,SPXW-20241018-05830.000-C,CALL,1,2620.0,2620.0,20050.0,20040.0,-10.0,,-9.999999999999789
adaptive_1_to_3_contracts,48,2024-10-18,2024-10-18T14:40:00+00:00,SPXW-20241018-05840.000-C,CALL,2,1789.9999999999998,3579.9999999999995,20040.0,20220.0,180.0,,90.00000000000021
adaptive_1_to_3_contracts,49,2024-10-18,2024-10-18T15:06:00+00:00,SPXW-20241018-05845.000-C,CALL,2,1440.0,2880.0,20220.0,20520.0,300.0,,150.0
adaptive_1_to_3_contracts,50,2024-10-18,2024-10-18T17:31:00+00:00,SPXW-20241018-05850.000-C,CALL,2,1600.0,3200.0,20520.0,20800.0,280.0,,139.99999999999986
adaptive_1_to_3_contracts,51,2024-10-18,2024-10-18T18:09:00+00:00,SPXW-20241018-05850.000-C,CALL,2,1689.9999999999998,3379.9999999999995,20800.0,21400.0,600.0,,300.0
adaptive_1_to_3_contracts,52,2024-10-21,2024-10-21T14:03:00+00:00,SPXW-20241021-05845.000-C,CALL,2,1840.0,3680.0,21400.0,21680.0,280.0,,140.00000000000023
adaptive_1_to_3_contracts,53,2024-10-21,2024-10-21T14:28:00+00:00,SPXW-20241021-05870.000-P,PUT,2,1490.0,2980.0,21680.0,23760.0,2080.0,,1040.0
adaptive_1_to_3_contracts,54,2024-10-21,2024-10-21T15:02:00+00:00,SPXW-20241021-05845.000-P,PUT,2,960.0,1920.0,23760.0,25740.0,1980.0,,990.0
adaptive_1_to_3_contracts,55,2024-10-22,2024-10-22T14:01:00+00:00,SPXW-20241022-05815.000-C,CALL,2,2160.0,4320.0,25740.0,26260.0,520.0,,259.9999999999998
adaptive_1_to_3_contracts,56,2024-10-22,2024-10-22T14:27:00+00:00,SPXW-20241022-05810.000-C,CALL,2,2620.0,5240.0,26260.0,26100.0,-160.0,,-80.00000000000007
adaptive_1_to_3_contracts,57,2024-10-22,2024-10-22T14:44:00+00:00,SPXW-20241022-05845.000-P,PUT,2,1670.0,3340.0,26100.0,24780.0,-1320.0,,-660.0
adaptive_1_to_3_contracts,58,2024-10-23,2024-10-23T14:04:00+00:00,SPXW-20241023-05840.000-P,PUT,1,1580.0,1580.0,24780.0,25060.0,280.0,,280.00000000000006
adaptive_1_to_3_contracts,59,2024-10-23,2024-10-23T14:54:00+00:00,SPXW-20241023-05835.000-P,PUT,2,1540.0,3080.0,25060.0,25200.0,140.0,,70.00000000000011
adaptive_1_to_3_contracts,60,2024-10-23,2024-10-23T15:11:00+00:00,SPXW-20241023-05835.000-P,PUT,2,1870.0,3740.0,25200.0,26840.0,1640.0,,819.9999999999999
adaptive_1_to_3_contracts,61,2024-10-24,2024-10-24T14:02:00+00:00,SPXW-20241024-05790.000-C,CALL,2,2680.0,5360.0,26840.0,26340.0,-500.0,,-250.0
adaptive_1_to_3_contracts,62,2024-10-24,2024-10-24T14:32:00+00:00,SPXW-20241024-05795.000-C,CALL,2,2170.0,4340.0,26340.0,25580.0,-760.0,,-380.00000000000006
adaptive_1_to_3_contracts,63,2024-10-25,2024-10-25T14:01:00+00:00,SPXW-20241025-05840.000-C,CALL,2,1960.0,3920.0,25580.0,26020.0,440.0,,219.99999999999991
adaptive_1_to_3_contracts,64,2024-10-25,2024-10-25T15:26:00+00:00,SPXW-20241025-05855.000-P,PUT,2,1190.0,2380.0,26020.0,27660.0,1640.0,,820.0000000000001
adaptive_1_to_3_contracts,65,2024-10-25,2024-10-25T17:30:00+00:00,SPXW-20241025-05835.000-P,PUT,2,1540.0,3080.0,27660.0,28860.0,1200.0,,599.9999999999998
adaptive_1_to_3_contracts,66,2024-10-25,2024-10-25T17:47:00+00:00,SPXW-20241025-05780.000-C,CALL,1,3290.0,3290.0,28860.0,29590.0,730.0,,730.0000000000005
adaptive_1_to_3_contracts,67,2024-10-25,2024-10-25T18:13:00+00:00,SPXW-20241025-05780.000-C,CALL,2,2620.0,5240.0,29590.0,30990.0,1400.0,,700.0000000000003
adaptive_1_to_3_contracts,68,2024-10-28,2024-10-28T14:23:00+00:00,SPXW-20241028-05810.000-C,CALL,1,3100.0,3100.0,30990.0,31020.0,30.0,,30.00000000000007
adaptive_1_to_3_contracts,69,2024-10-28,2024-10-28T14:49:00+00:00,SPXW-20241028-05820.000-C,CALL,2,2340.0,4680.0,31020.0,30600.0,-420.0,,-209.99999999999977
adaptive_1_to_3_contracts,70,2024-10-29,2024-10-29T14:01:00+00:00,SPXW-20241029-05785.000-C,CALL,1,3400.0,3400.0,30600.0,30970.0,370.0,,370.0000000000003
adaptive_1_to_3_contracts,71,2024-10-29,2024-10-29T14:30:00+00:00,SPXW-20241029-05810.000-C,CALL,2,1810.0,3620.0,30970.0,31690.0,720.0,,359.9999999999998
adaptive_1_to_3_contracts,72,2024-10-29,2024-10-29T14:57:00+00:00,SPXW-20241029-05805.000-C,CALL,2,2780.0,5560.0,31690.0,31770.0,80.0,,39.99999999999986
adaptive_1_to_3_contracts,73,2024-10-30,2024-10-30T14:00:00+00:00,SPXW-20241030-05810.000-C,CALL,2,2950.0,5900.0,31770.0,32910.0,1140.0,,570.0000000000002
adaptive_1_to_3_contracts,74,2024-10-30,2024-10-30T14:37:00+00:00,SPXW-20241030-05825.000-C,CALL,2,2210.0,4420.0,32910.0,32790.0,-120.0,,-60.00000000000014
adaptive_1_to_3_contracts,75,2024-10-30,2024-10-30T15:01:00+00:00,SPXW-20241030-05825.000-C,CALL,2,1930.0,3860.0,32790.0,32490.0,-300.0,,-150.0
adaptive_1_to_3_contracts,76,2024-10-31,2024-10-31T14:17:00+00:00,SPXW-20241031-05720.000-C,CALL,1,3400.0,3400.0,32490.0,31470.0,-1020.0,,-1020.0
adaptive_1_to_3_contracts,77,2024-10-31,2024-10-31T15:20:00+00:00,SPXW-20241031-05710.000-C,CALL,0,2340.0,0.0,31470.0,31470.0,-0.0,daily_loss_stop,-309.9999999999998
adaptive_1_to_3_contracts,78,2024-10-31,2024-10-31T18:30:00+00:00,SPXW-20241031-05705.000-C,CALL,0,1890.0,0.0,31470.0,31470.0,-0.0,daily_loss_stop,-219.99999999999991
adaptive_1_to_3_contracts,79,2024-10-31,2024-10-31T19:20:00+00:00,SPXW-20241031-05705.000-C,CALL,0,2670.0,0.0,31470.0,31470.0,-0.0,daily_loss_stop,-530.0000000000001
adaptive_1_to_3_contracts,80,2024-11-01,2024-11-01T14:07:00+00:00,SPXW-20241101-05730.000-C,CALL,2,2640.0,5280.0,31470.0,33810.0,2340.0,,1170.0000000000002
adaptive_1_to_3_contracts,81,2024-11-01,2024-11-01T15:04:00+00:00,SPXW-20241101-05745.000-C,CALL,2,2200.0,4400.0,33810.0,33950.0,140.0,,69.99999999999993
adaptive_1_to_3_contracts,82,2024-11-01,2024-11-01T18:04:00+00:00,SPXW-20241101-05715.000-C,CALL,2,2360.0,4720.0,33950.0,33830.0,-120.0,,-60.00000000000014
adaptive_1_to_3_contracts,83,2024-11-01,2024-11-01T18:38:00+00:00,SPXW-20241101-05750.000-P,PUT,2,1410.0,2820.0,33830.0,33690.0,-140.0,,-69.99999999999993
adaptive_1_to_3_contracts,84,2024-11-01,2024-11-01T19:06:00+00:00,SPXW-20241101-05710.000-C,CALL,2,2970.0,5940.0,33690.0,34910.0,1220.0,,609.9999999999998
adaptive_1_to_3_contracts,85,2024-11-04,2024-11-04T15:01:00+00:00,SPXW-20241104-05700.000-C,CALL,2,3479.9999999999995,6959.999999999999,34910.0,35210.0,300.0,,150.0
adaptive_1_to_3_contracts,86,2024-11-04,2024-11-04T15:29:00+00:00,SPXW-20241104-05720.000-C,CALL,2,2270.0,4540.0,35210.0,35030.0,-180.0,,-89.99999999999986
adaptive_1_to_3_contracts,87,2024-11-05,2024-11-05T15:08:00+00:00,SPXW-20241105-05745.000-C,CALL,2,2110.0,4220.0,35030.0,35470.0,440.0,,219.99999999999991
adaptive_1_to_3_contracts,88,2024-11-05,2024-11-05T15:36:00+00:00,SPXW-20241105-05740.000-C,CALL,2,2630.0,5260.0,35470.0,36730.0,1260.0,,630.0000000000001
adaptive_1_to_3_contracts,89,2024-11-05,2024-11-05T16:07:00+00:00,SPXW-20241105-05735.000-C,CALL,2,2860.0,5720.0,36730.0,37350.0,620.0,,309.9999999999998
adaptive_1_to_3_contracts,90,2024-11-05,2024-11-05T16:24:00+00:00,SPXW-20241105-05740.000-C,CALL,2,2970.0,5940.0,37350.0,37710.0,360.0,,180.00000000000006
adaptive_1_to_3_contracts,91,2024-11-05,2024-11-05T18:37:00+00:00,SPXW-20241105-05770.000-P,PUT,2,869.9999999999999,1739.9999999999998,37710.0,37390.0,-320.0,,-159.99999999999997
adaptive_1_to_3_contracts,92,2024-11-05,2024-11-05T19:00:00+00:00,SPXW-20241105-05740.000-C,CALL,2,3090.0,6180.0,37390.0,37810.0,420.0,,210.00000000000017
adaptive_1_to_3_contracts,93,2024-11-05,2024-11-05T19:21:00+00:00,SPXW-20241105-05745.000-C,CALL,2,2640.0,5280.0,37810.0,38210.0,400.0,,200.0
adaptive_1_to_3_contracts,94,2024-11-06,2024-11-06T15:00:00+00:00,SPXW-20241106-05860.000-C,CALL,2,3070.0,6140.0,38210.0,41110.0,2900.0,,1450.0000000000005
adaptive_1_to_3_contracts,95,2024-11-06,2024-11-06T15:26:00+00:00,SPXW-20241106-05875.000-C,CALL,2,3240.0,6480.0,41110.0,39090.0,-2020.0,,-1009.9999999999998
adaptive_1_to_3_contracts,96,2024-11-06,2024-11-06T16:00:00+00:00,SPXW-20241106-05910.000-P,PUT,2,2670.0,5340.0,39090.0,37910.0,-1180.0,,-589.9999999999999
adaptive_1_to_3_contracts,97,2024-11-06,2024-11-06T18:32:00+00:00,SPXW-20241106-05910.000-C,CALL,1,1340.0,1340.0,37910.0,38010.0,100.0,,100.0
adaptive_1_to_3_contracts,98,2024-11-06,2024-11-06T18:54:00+00:00,SPXW-20241106-05890.000-C,CALL,1,3100.0,3100.0,38010.0,37990.0,-20.0,,-19.99999999999993
adaptive_1_to_3_contracts,99,2024-11-06,2024-11-06T19:19:00+00:00,SPXW-20241106-05895.000-C,CALL,1,2640.0,2640.0,37990.0,38180.0,190.0,,190.00000000000023
adaptive_1_to_3_contracts,100,2024-11-06,2024-11-06T19:36:00+00:00,SPXW-20241106-05895.000-C,CALL,1,2850.0,2850.0,38180.0,38080.0,-100.0,,-100.0
adaptive_1_to_3_contracts,101,2024-11-07,2024-11-07T15:01:00+00:00,SPXW-20241107-05930.000-C,CALL,1,3420.0000000000005,3420.0000000000005,38080.0,38140.0,60.0,,59.99999999999943
adaptive_1_to_3_contracts,102,2024-11-07,2024-11-07T15:36:00+00:00,SPXW-20241107-05935.000-C,CALL,1,3190.0,3190.0,38140.0,38520.0,380.0,,380.00000000000045
adaptive_1_to_3_contracts,103,2024-11-08,2024-11-08T15:01:00+00:00,SPXW-20241108-05965.000-C,CALL,1,2770.0,2770.0,38520.0,38400.0,-120.0,,-119.99999999999991
adaptive_1_to_3_contracts,104,2024-11-08,2024-11-08T15:27:00+00:00,SPXW-20241108-05975.000-C,CALL,1,1840.0,1840.0,38400.0,38500.0,100.0,,100.0
adaptive_1_to_3_contracts,105,2024-11-11,2024-11-11T15:04:00+00:00,SPXW-20241111-06010.000-P,PUT,1,1030.0,1030.0,38500.0,38500.0,0.0,,0.0
adaptive_1_to_3_contracts,106,2024-11-11,2024-11-11T15:55:00+00:00,SPXW-20241111-06000.000-C,CALL,1,1580.0,1580.0,38500.0,38340.0,-160.0,,-160.00000000000014
adaptive_1_to_3_contracts,107,2024-11-12,2024-11-12T15:02:00+00:00,SPXW-20241112-06035.000-P,PUT,1,3150.0,3150.0,38340.0,38940.0,600.0,,600.0
adaptive_1_to_3_contracts,108,2024-11-12,2024-11-12T15:44:00+00:00,SPXW-20241112-06010.000-P,PUT,1,1770.0,1770.0,38940.0,39210.0,270.0,,269.99999999999994
adaptive_1_to_3_contracts,109,2024-11-13,2024-11-13T15:00:00+00:00,SPXW-20241113-05985.000-P,PUT,2,910.0,1820.0,39210.0,41150.0,1940.0,,970.0
adaptive_1_to_3_contracts,110,2024-11-13,2024-11-13T15:32:00+00:00,SPXW-20241113-05960.000-C,CALL,2,2460.0,4920.0,41150.0,41690.0,540.0,,269.99999999999994
adaptive_1_to_3_contracts,111,2024-11-13,2024-11-13T16:27:00+00:00,SPXW-20241113-05970.000-C,CALL,2,2490.0,4980.0,41690.0,42110.0,420.0,,210.00000000000017
adaptive_1_to_3_contracts,112,2024-11-14,2024-11-14T15:12:00+00:00,SPXW-20241114-05985.000-P,PUT,2,1620.0,3240.0,42110.0,41790.0,-320.0,,-159.99999999999997
adaptive_1_to_3_contracts,113,2024-11-14,2024-11-14T15:56:00+00:00,SPXW-20241114-05995.000-P,PUT,2,1689.9999999999998,3379.9999999999995,41790.0,42670.0,880.0,,440.0000000000002
adaptive_1_to_3_contracts,114,2024-11-14,2024-11-14T20:06:00+00:00,SPXW-20241114-05955.000-P,PUT,2,730.0,1460.0,42670.0,42570.0,-100.0,,-50.0
adaptive_1_to_3_contracts,115,2024-11-15,2024-11-15T15:00:00+00:00,SPXW-20241115-05925.000-P,PUT,2,2740.0,5480.0,42570.0,45050.0,2480.0,,1239.9999999999998
adaptive_1_to_3_contracts,116,2024-11-15,2024-11-15T15:26:00+00:00,SPXW-20241115-05900.000-P,PUT,2,2110.0,4220.0,45050.0,45370.0,320.0,,159.99999999999977
adaptive_1_to_3_contracts,117,2024-11-15,2024-11-15T15:51:00+00:00,SPXW-20241115-05895.000-P,PUT,2,1530.0,3060.0,45370.0,46010.0,640.0,,319.99999999999994
adaptive_1_to_3_contracts,118,2024-11-18,2024-11-18T15:01:00+00:00,SPXW-20241118-05845.000-C,CALL,2,2960.0,5920.0,46010.0,47250.0,1240.0,,619.9999999999995
adaptive_1_to_3_contracts,119,2024-11-18,2024-11-18T15:26:00+00:00,SPXW-20241118-05870.000-C,CALL,2,1739.9999999999998,3479.9999999999995,47250.0,49130.0,1880.0,,940.0000000000002
adaptive_1_to_3_contracts,120,2024-11-19,2024-11-19T15:01:00+00:00,SPXW-20241119-05840.000-C,CALL,2,2780.0,5560.0,49130.0,49770.0,640.0,,319.99999999999994
adaptive_1_to_3_contracts,121,2024-11-19,2024-11-19T15:15:00+00:00,SPXW-20241119-05885.000-P,PUT,2,2410.0,4820.0,49770.0,47470.0,-2300.0,,-1150.0000000000002
adaptive_1_to_3_contracts,122,2024-11-19,2024-11-19T15:41:00+00:00,SPXW-20241119-05855.000-C,CALL,0,3160.0,0.0,47470.0,47470.0,0.0,daily_loss_stop,779.9999999999998
adaptive_1_to_3_contracts,123,2024-11-19,2024-11-19T18:33:00+00:00,SPXW-20241119-05890.000-C,CALL,0,1910.0,0.0,47470.0,47470.0,0.0,daily_loss_stop,1460.0000000000002
adaptive_1_to_3_contracts,124,2024-11-19,2024-11-19T19:36:00+00:00,SPXW-20241119-05880.000-C,CALL,0,2630.0,0.0,47470.0,47470.0,0.0,daily_loss_stop,80.00000000000007
adaptive_1_to_3_contracts,125,2024-11-20,2024-11-20T15:05:00+00:00,SPXW-20241120-05890.000-P,PUT,2,1430.0,2860.0,47470.0,50370.0,2900.0,,1450.0
adaptive_1_to_3_contracts,126,2024-11-20,2024-11-20T15:24:00+00:00,SPXW-20241120-05845.000-C,CALL,3,2870.0,8610.0,50370.0,54000.0,3630.0,,1209.9999999999998
adaptive_1_to_3_contracts,127,2024-11-20,2024-11-20T15:49:00+00:00,SPXW-20241120-05855.000-C,CALL,3,3200.0,9600.0,54000.0,55140.0,1140.0,,379.9999999999997
adaptive_1_to_3_contracts,128,2024-11-20,2024-11-20T16:06:00+00:00,SPXW-20241120-05890.000-P,PUT,3,1380.0,4140.0,55140.0,56550.0,1410.0,,469.99999999999994
adaptive_1_to_3_contracts,129,2024-11-20,2024-11-20T16:27:00+00:00,SPXW-20241120-05895.000-P,PUT,3,2400.0,7200.0,56550.0,57660.0,1110.0,,369.99999999999994
adaptive_1_to_3_contracts,130,2024-11-21,2024-11-21T15:01:00+00:00,SPXW-20241121-05915.000-P,PUT,3,2300.0,6900.0,57660.0,59040.0,1380.0,,460.0000000000001
adaptive_1_to_3_contracts,131,2024-11-21,2024-11-21T15:12:00+00:00,SPXW-20241121-05890.000-C,CALL,3,2300.0,6900.0,59040.0,62880.0,3840.0,,1279.9999999999998
adaptive_1_to_3_contracts,132,2024-11-21,2024-11-21T15:26:00+00:00,SPXW-20241121-05915.000-P,PUT,3,2240.0,6720.0,62880.0,65520.0,2640.0,,880.0000000000001
adaptive_1_to_3_contracts,133,2024-11-21,2024-11-21T15:33:00+00:00,SPXW-20241121-05870.000-C,CALL,3,2920.0,8760.0,65520.0,74790.0,9270.0,,3090.0
adaptive_1_to_3_contracts,134,2024-11-22,2024-11-22T15:01:00+00:00,SPXW-20241122-05950.000-C,CALL,3,2380.0,7140.0,74790.0,72810.0,-1980.0,,-660.0000000000001
adaptive_1_to_3_contracts,135,2024-11-22,2024-11-22T15:26:00+00:00,SPXW-20241122-05975.000-P,PUT,0,2150.0,0.0,72810.0,72810.0,0.0,daily_loss_stop,210.00000000000017
adaptive_1_to_3_contracts,136,2024-11-22,2024-11-22T15:38:00+00:00,SPXW-20241122-05950.000-C,CALL,0,1440.0,0.0,72810.0,72810.0,0.0,daily_loss_stop,499.99999999999983
adaptive_1_to_3_contracts,137,2024-11-22,2024-11-22T15:59:00+00:00,SPXW-20241122-05940.000-C,CALL,0,3070.0,0.0,72810.0,72810.0,-0.0,daily_loss_stop,-839.9999999999999
adaptive_1_to_3_contracts,138,2024-11-22,2024-11-22T18:30:00+00:00,SPXW-20241122-05950.000-C,CALL,0,2010.0,0.0,72810.0,72810.0,-0.0,daily_loss_stop,-510.0000000000001
adaptive_1_to_3_contracts,139,2024-11-25,2024-11-25T15:00:00+00:00,SPXW-20241125-06010.000-P,PUT,3,1230.0,3690.0,72810.0,74850.0,2040.0,,680.0000000000001
adaptive_1_to_3_contracts,140,2024-11-25,2024-11-25T15:17:00+00:00,SPXW-20241125-06000.000-P,PUT,3,970.0,2910.0,74850.0,75300.0,450.0,,150.0
adaptive_1_to_3_contracts,141,2024-11-25,2024-11-25T15:39:00+00:00,SPXW-20241125-06010.000-P,PUT,3,1620.0,4860.0,75300.0,76260.0,960.0,,319.99999999999994
adaptive_1_to_3_contracts,142,2024-11-25,2024-11-25T16:21:00+00:00,SPXW-20241125-05985.000-C,CALL,3,1350.0,4050.0,76260.0,74580.0,-1680.0,,-560.0
adaptive_1_to_3_contracts,143,2024-11-26,2024-11-26T15:02:00+00:00,SPXW-20241126-05975.000-C,CALL,3,2820.0,8460.0,74580.0,73320.0,-1260.0,,-419.99999999999994
adaptive_1_to_3_contracts,144,2024-11-26,2024-11-26T15:34:00+00:00,SPXW-20241126-06005.000-P,PUT,0,1200.0,0.0,73320.0,73320.0,-0.0,daily_loss_stop,-400.0
adaptive_1_to_3_contracts,145,2024-11-26,2024-11-26T16:01:00+00:00,SPXW-20241126-05975.000-C,CALL,0,3090.0,0.0,73320.0,73320.0,-0.0,daily_loss_stop,-69.99999999999993
adaptive_1_to_3_contracts,146,2024-11-27,2024-11-27T15:01:00+00:00,SPXW-20241127-06025.000-P,PUT,3,1550.0,4650.0,73320.0,73770.0,450.0,,150.0
adaptive_1_to_3_contracts,147,2024-11-27,2024-11-27T15:27:00+00:00,SPXW-20241127-06040.000-P,PUT,3,3329.9999999999995,9989.999999999998,73770.0,74280.0,510.0,,170.00000000000028
adaptive_1_to_3_contracts,148,2024-11-27,2024-11-27T15:48:00+00:00,SPXW-20241127-06005.000-P,PUT,3,740.0,2220.0,74280.0,74760.0,480.0,,159.99999999999997
adaptive_1_to_3_contracts,149,2024-11-27,2024-11-27T16:00:00+00:00,SPXW-20241127-06035.000-P,PUT,3,3490.0,10470.0,74760.0,75240.0,480.0,,160.00000000000014
adaptive_1_to_3_contracts,150,2024-11-29,2024-11-29T15:00:00+00:00,SPXW-20241129-05985.000-C,CALL,3,3390.0,10170.0,75240.0,77370.0,2130.0,,710.0000000000001
adaptive_1_to_3_contracts,151,2024-12-02,2024-12-02T15:32:00+00:00,SPXW-20241202-06010.000-C,CALL,3,3470.0000000000005,10410.000000000002,77370.0,77250.0,-120.0,,-40.00000000000057
adaptive_1_to_3_contracts,152,2024-12-02,2024-12-02T15:55:00+00:00,SPXW-20241202-06070.000-P,PUT,3,2960.0,8880.0,77250.0,76530.0,-720.0,,-240.00000000000023
adaptive_1_to_3_contracts,153,2024-12-03,2024-12-03T15:01:00+00:00,SPXW-20241203-06025.000-C,CALL,3,2270.0,6810.0,76530.0,74520.0,-2010.0,,-669.9999999999999
adaptive_1_to_3_contracts,154,2024-12-03,2024-12-03T15:26:00+00:00,SPXW-20241203-06045.000-P,PUT,0,1120.0,0.0,74520.0,74520.0,0.0,daily_loss_stop,30.00000000000007
adaptive_1_to_3_contracts,155,2024-12-04,2024-12-04T15:00:00+00:00,SPXW-20241204-06070.000-P,PUT,2,900.0,1800.0,74520.0,74660.0,140.0,,69.99999999999993
adaptive_1_to_3_contracts,156,2024-12-04,2024-12-04T15:15:00+00:00,SPXW-20241204-06095.000-P,PUT,3,3080.0,9240.0,74660.0,72740.0,-1920.0,,-640.0000000000002
adaptive_1_to_3_contracts,157,2024-12-04,2024-12-04T15:41:00+00:00,SPXW-20241204-06040.000-C,CALL,0,3240.0,0.0,72740.0,72740.0,0.0,daily_loss_stop,110.00000000000014
adaptive_1_to_3_contracts,158,2024-12-05,2024-12-05T15:01:00+00:00,SPXW-20241205-06055.000-C,CALL,1,3479.9999999999995,3479.9999999999995,72740.0,72040.0,-700.0,,-699.9999999999997
adaptive_1_to_3_contracts,159,2024-12-05,2024-12-05T15:26:00+00:00,SPXW-20241205-06105.000-P,PUT,1,2380.0,2380.0,72040.0,72160.0,120.0,,119.99999999999991
adaptive_1_to_3_contracts,160,2024-12-06,2024-12-06T15:06:00+00:00,SPXW-20241206-06085.000-C,CALL,1,1400.0,1400.0,72160.0,72340.0,180.0,,180.00000000000006
adaptive_1_to_3_contracts,161,2024-12-06,2024-12-06T15:36:00+00:00,SPXW-20241206-06065.000-C,CALL,1,3370.0000000000005,3370.0000000000005,72340.0,72230.0,-110.0,,-110.00000000000014
adaptive_1_to_3_contracts,162,2024-12-06,2024-12-06T16:13:00+00:00,SPXW-20241206-06095.000-P,PUT,1,930.0,930.0,72230.0,72350.0,120.0,,119.99999999999991
adaptive_1_to_3_contracts,163,2024-12-09,2024-12-09T15:01:00+00:00,SPXW-20241209-06050.000-C,CALL,1,3379.9999999999995,3379.9999999999995,72350.0,71650.0,-700.0,,-699.9999999999997
adaptive_1_to_3_contracts,164,2024-12-09,2024-12-09T15:26:00+00:00,SPXW-20241209-06110.000-P,PUT,1,3410.0,3410.0,71650.0,71960.0,310.0,,310.0000000000001
adaptive_1_to_3_contracts,165,2024-12-09,2024-12-09T15:51:00+00:00,SPXW-20241209-06080.000-P,PUT,1,1739.9999999999998,1739.9999999999998,71960.0,72420.0,460.0,,460.0000000000001
adaptive_1_to_3_contracts,166,2024-12-10,2024-12-10T15:01:00+00:00,SPXW-20241210-06025.000-C,CALL,1,3410.0,3410.0,72420.0,72590.0,170.0,,169.99999999999957
adaptive_1_to_3_contracts,167,2024-12-10,2024-12-10T15:27:00+00:00,SPXW-20241210-06030.000-C,CALL,1,3260.0,3260.0,72590.0,72710.0,120.0,,119.99999999999956
adaptive_1_to_3_contracts,168,2024-12-11,2024-12-11T15:05:00+00:00,SPXW-20241211-06040.000-C,CALL,1,3429.9999999999995,3429.9999999999995,72710.0,72960.0,250.0,,250.0
adaptive_1_to_3_contracts,169,2024-12-11,2024-12-11T15:37:00+00:00,SPXW-20241211-06045.000-C,CALL,1,3190.0,3190.0,72960.0,72820.0,-140.0,,-139.99999999999986
adaptive_1_to_3_contracts,170,2024-12-12,2024-12-12T15:09:00+00:00,SPXW-20241212-06095.000-P,PUT,1,3040.0,3040.0,72820.0,71740.0,-1080.0,,-1079.9999999999998
adaptive_1_to_3_contracts,171,2024-12-12,2024-12-12T15:35:00+00:00,SPXW-20241212-06050.000-C,CALL,0,2580.0,0.0,71740.0,71740.0,-0.0,daily_loss_stop,-110.00000000000014
adaptive_1_to_3_contracts,172,2024-12-13,2024-12-13T15:01:00+00:00,SPXW-20241213-06100.000-P,PUT,1,3279.9999999999995,3279.9999999999995,71740.0,72100.0,360.0,,360.0000000000001
adaptive_1_to_3_contracts,173,2024-12-13,2024-12-13T15:26:00+00:00,SPXW-20241213-06090.000-P,PUT,1,3170.0,3170.0,72100.0,72960.0,860.0,,859.9999999999998
adaptive_1_to_3_contracts,174,2024-12-16,2024-12-16T15:00:00+00:00,SPXW-20241216-06040.000-C,CALL,1,3050.0,3050.0,72960.0,73080.0,120.0,,119.99999999999991
adaptive_1_to_3_contracts,175,2024-12-16,2024-12-16T15:26:00+00:00,SPXW-20241216-06055.000-C,CALL,1,1460.0,1460.0,73080.0,73630.0,550.0,,550.0000000000002
adaptive_1_to_3_contracts,176,2024-12-16,2024-12-16T16:10:00+00:00,SPXW-20241216-06045.000-C,CALL,3,3120.0,9360.0,73630.0,73630.0,0.0,,0.0
adaptive_1_to_3_contracts,177,2024-12-17,2024-12-17T15:00:00+00:00,SPXW-20241217-06055.000-P,PUT,3,1010.0,3030.0,73630.0,74890.0,1260.0,,420.0000000000001
adaptive_1_to_3_contracts,178,2024-12-17,2024-12-17T15:39:00+00:00,SPXW-20241217-06010.000-C,CALL,3,3240.0,9720.0,74890.0,75370.0,480.0,,160.00000000000014
adaptive_1_to_3_contracts,179,2024-12-17,2024-12-17T15:58:00+00:00,SPXW-20241217-06025.000-C,CALL,3,2140.0,6420.0,75370.0,77140.0,1770.0,,590.0000000000002
adaptive_1_to_3_contracts,180,2024-12-17,2024-12-17T18:42:00+00:00,SPXW-20241217-06035.000-C,CALL,3,1520.0,4560.0,77140.0,77200.0,60.0,,20.000000000000107
adaptive_1_to_3_contracts,181,2024-12-18,2024-12-18T15:01:00+00:00,SPXW-20241218-06025.000-C,CALL,3,3320.0000000000005,9960.000000000002,77200.0,78130.0,930.0,,309.99999999999943
adaptive_1_to_3_contracts,182,2024-12-18,2024-12-18T15:27:00+00:00,SPXW-20241218-06030.000-C,CALL,3,3370.0000000000005,10110.000000000002,78130.0,79900.0,1770.0,,589.9999999999999
adaptive_1_to_3_contracts,183,2024-12-18,2024-12-18T16:15:00+00:00,SPXW-20241218-06090.000-P,PUT,3,3200.0,9600.0,79900.0,78850.0,-1050.0,,-350.0
adaptive_1_to_3_contracts,184,2024-12-19,2024-12-19T15:01:00+00:00,SPXW-20241219-05930.000-P,PUT,3,2940.0,8820.0,78850.0,81490.0,2640.0,,880.0000000000005
adaptive_1_to_3_contracts,185,2024-12-19,2024-12-19T15:13:00+00:00,SPXW-20241219-05885.000-C,CALL,3,3390.0,10170.0,81490.0,77530.0,-3960.0,,-1320.0
adaptive_1_to_3_contracts,186,2024-12-19,2024-12-19T15:42:00+00:00,SPXW-20241219-05870.000-C,CALL,0,3130.0,0.0,77530.0,77530.0,0.0,daily_loss_stop,640.0000000000002
adaptive_1_to_3_contracts,187,2024-12-20,2024-12-20T15:13:00+00:00,SPXW-20241220-05840.000-C,CALL,3,3429.9999999999995,10289.999999999998,77530.0,89950.0,12420.0,,4140.000000000001
adaptive_1_to_3_contracts,188,2024-12-20,2024-12-20T18:30:00+00:00,SPXW-20241220-05930.000-C,CALL,3,2490.0,7470.0,89950.0,89590.0,-360.0,,-119.99999999999991
adaptive_1_to_3_contracts,189,2024-12-23,2024-12-23T15:14:00+00:00,SPXW-20241223-05900.000-C,CALL,3,2510.0,7530.0,89590.0,90190.0,600.0,,200.0
adaptive_1_to_3_contracts,190,2024-12-23,2024-12-23T15:48:00+00:00,SPXW-20241223-05940.000-P,PUT,3,2860.0,8580.0,90190.0,90370.0,180.0,,59.99999999999979
adaptive_1_to_3_contracts,191,2024-12-23,2024-12-23T15:55:00+00:00,SPXW-20241223-05890.000-C,CALL,3,3110.0,9330.0,90370.0,93100.0,2730.0,,910.0
adaptive_1_to_3_contracts,192,2024-12-23,2024-12-23T18:30:00+00:00,SPXW-20241223-05945.000-C,CALL,3,1650.0,4950.0,93100.0,93700.0,600.0,,200.0
adaptive_1_to_3_contracts,193,2024-12-23,2024-12-23T19:12:00+00:00,SPXW-20241223-05935.000-C,CALL,3,2980.0,8940.0,93700.0,94330.0,630.0,,209.99999999999977
adaptive_1_to_3_contracts,194,2024-12-23,2024-12-23T20:11:00+00:00,SPXW-20241223-05930.000-C,CALL,3,2070.0,6210.0,94330.0,96100.0,1770.0,,590.0000000000002
adaptive_1_to_3_contracts,195,2024-12-24,2024-12-24T15:00:00+00:00,SPXW-20241224-05970.000-C,CALL,3,2930.0,8790.0,96100.0,97750.0,1650.0,,549.9999999999997
adaptive_1_to_3_contracts,196,2024-12-26,2024-12-26T15:00:00+00:00,SPXW-20241226-05995.000-C,CALL,3,3300.0,9900.0,97750.0,97210.0,-540.0,,-180.00000000000006
adaptive_1_to_3_contracts,197,2024-12-26,2024-12-26T15:26:00+00:00,SPXW-20241226-05995.000-C,CALL,3,3470.0000000000005,10410.000000000002,97210.0,96970.0,-240.0,,-80.00000000000043
adaptive_1_to_3_contracts,198,2024-12-26,2024-12-26T15:56:00+00:00,SPXW-20241226-06005.000-C,CALL,0,2700.0,0.0,96970.0,96970.0,0.0,daily_loss_stop,650.0
adaptive_1_to_3_contracts,199,2024-12-27,2024-12-27T15:00:00+00:00,SPXW-20241227-06025.000-P,PUT,3,3500.0,10500.0,96970.0,107950.0,10980.0,,3659.999999999999
adaptive_1_to_3_contracts,200,2024-12-27,2024-12-27T15:25:00+00:00,SPXW-20241227-05970.000-P,PUT,3,2010.0,6030.0,107950.0,109960.0,2010.0,,669.9999999999999
adaptive_1_to_3_contracts,201,2024-12-27,2024-12-27T15:41:00+00:00,SPXW-20241227-05925.000-C,CALL,3,3490.0,10470.0,109960.0,111910.0,1950.0,,650.0
adaptive_1_to_3_contracts,202,2024-12-27,2024-12-27T18:36:00+00:00,SPXW-20241227-05935.000-C,CALL,3,2140.0,6420.0,111910.0,113170.0,1260.0,,420.0000000000003
adaptive_1_to_3_contracts,203,2024-12-30,2024-12-30T15:02:00+00:00,SPXW-20241230-05900.000-P,PUT,3,2890.0,8670.0,113170.0,114010.0,840.0,,280.00000000000006
adaptive_1_to_3_contracts,204,2024-12-30,2024-12-30T15:27:00+00:00,SPXW-20241230-05890.000-P,PUT,3,2750.0,8250.0,114010.0,109420.0,-4590.0,,-1530.0
adaptive_1_to_3_contracts,205,2024-12-30,2024-12-30T16:18:00+00:00,SPXW-20241230-05895.000-C,CALL,0,1600.0,0.0,109420.0,109420.0,0.0,daily_loss_stop,1180.0
adaptive_1_to_3_contracts,206,2024-12-30,2024-12-30T18:31:00+00:00,SPXW-20241230-05900.000-C,CALL,0,3190.0,0.0,109420.0,109420.0,0.0,daily_loss_stop,500.0
adaptive_1_to_3_contracts,207,2024-12-30,2024-12-30T19:08:00+00:00,SPXW-20241230-05900.000-C,CALL,0,3020.0,0.0,109420.0,109420.0,-0.0,daily_loss_stop,-19.99999999999993
adaptive_1_to_3_contracts,208,2024-12-30,2024-12-30T20:02:00+00:00,SPXW-20241230-05905.000-C,CALL,0,2780.0,0.0,109420.0,109420.0,0.0,daily_loss_stop,39.99999999999986
adaptive_1_to_3_contracts,209,2024-12-31,2024-12-31T15:07:00+00:00,SPXW-20241231-05940.000-P,PUT,3,3240.0,9720.0,109420.0,108520.0,-900.0,,-300.0
adaptive_1_to_3_contracts,210,2024-12-31,2024-12-31T15:33:00+00:00,SPXW-20241231-05945.000-P,PUT,0,3229.9999999999995,0.0,108520.0,108520.0,0.0,daily_loss_stop,560.0000000000001
adaptive_1_to_3_contracts,211,2024-12-31,2024-12-31T16:03:00+00:00,SPXW-20241231-05935.000-P,PUT,0,3360.0,0.0,108520.0,108520.0,0.0,daily_loss_stop,629.9999999999998
adaptive_1_to_3_contracts,212,2025-07-01,2025-07-01T14:01:00+00:00,SPXW-20250701-06165.000-C,CALL,3,3340.0,10020.0,108520.0,109450.0,930.0,,310.0000000000001
adaptive_1_to_3_contracts,213,2025-07-01,2025-07-01T14:27:00+00:00,SPXW-20250701-06210.000-P,PUT,3,1770.0,5310.0,109450.0,110110.0,660.0,,219.99999999999991
adaptive_1_to_3_contracts,214,2025-07-01,2025-07-01T14:31:00+00:00,SPXW-20250701-06170.000-C,CALL,3,2850.0,8550.0,110110.0,108460.0,-1650.0,,-550.0
adaptive_1_to_3_contracts,215,2025-07-01,2025-07-01T15:02:00+00:00,SPXW-20250701-06180.000-C,CALL,3,1600.0,4800.0,108460.0,109300.0,840.0,,280.00000000000006
adaptive_1_to_3_contracts,216,2025-07-01,2025-07-01T15:27:00+00:00,SPXW-20250701-06165.000-C,CALL,3,3240.0,9720.0,109300.0,109480.0,180.0,,60.00000000000014
adaptive_1_to_3_contracts,217,2025-07-02,2025-07-02T14:00:00+00:00,SPXW-20250702-06165.000-C,CALL,2,3329.9999999999995,6659.999999999999,109480.0,110140.0,660.0,,330.00000000000045
adaptive_1_to_3_contracts,218,2025-07-02,2025-07-02T14:25:00+00:00,SPXW-20250702-06175.000-C,CALL,2,3150.0,6300.0,110140.0,110860.0,720.0,,360.0000000000001
adaptive_1_to_3_contracts,219,2025-07-03,2025-07-03T14:00:00+00:00,SPXW-20250703-06260.000-C,CALL,2,1030.0,2060.0,110860.0,111780.0,920.0,,459.99999999999994
adaptive_1_to_3_contracts,220,2025-07-03,2025-07-03T14:45:00+00:00,SPXW-20250703-06245.000-C,CALL,2,3190.0,6380.0,111780.0,111840.0,60.0,,30.000000000000423
adaptive_1_to_3_contracts,221,2025-07-07,2025-07-07T14:00:00+00:00,SPXW-20250707-06290.000-P,PUT,3,3260.0,9780.0,111840.0,113280.0,1440.0,,479.9999999999997
adaptive_1_to_3_contracts,222,2025-07-07,2025-07-07T14:23:00+00:00,SPXW-20250707-06220.000-C,CALL,3,3429.9999999999995,10289.999999999998,113280.0,113940.0,660.0,,220.00000000000028
adaptive_1_to_3_contracts,223,2025-07-07,2025-07-07T14:31:00+00:00,SPXW-20250707-06265.000-P,PUT,3,1770.0,5310.0,113940.0,114300.0,360.0,,119.99999999999991
adaptive_1_to_3_contracts,224,2025-07-07,2025-07-07T14:42:00+00:00,SPXW-20250707-06225.000-C,CALL,3,2720.0,8160.0,114300.0,112470.0,-1830.0,,-609.9999999999998
adaptive_1_to_3_contracts,225,2025-07-07,2025-07-07T18:00:00+00:00,SPXW-20250707-06205.000-C,CALL,3,1950.0,5850.0,112470.0,112800.0,330.0,,110.00000000000014
adaptive_1_to_3_contracts,226,2025-07-07,2025-07-07T18:37:00+00:00,SPXW-20250707-06200.000-C,CALL,3,1240.0,3720.0,112800.0,116580.0,3780.0,,1260.0
adaptive_1_to_3_contracts,227,2025-07-08,2025-07-08T14:01:00+00:00,SPXW-20250708-06245.000-P,PUT,3,1960.0,5880.0,116580.0,117330.0,750.0,,250.0
adaptive_1_to_3_contracts,228,2025-07-08,2025-07-08T14:30:00+00:00,SPXW-20250708-06205.000-C,CALL,3,2180.0,6540.0,117330.0,120570.0,3240.0,,1080.0
adaptive_1_to_3_contracts,229,2025-07-08,2025-07-08T17:30:00+00:00,SPXW-20250708-06210.000-C,CALL,3,2220.0,6660.0,120570.0,119610.0,-960.0,,-319.99999999999994
adaptive_1_to_3_contracts,230,2025-07-09,2025-07-09T14:31:00+00:00,SPXW-20250709-06265.000-P,PUT,3,1830.0,5490.0,119610.0,120420.0,810.0,,269.99999999999994
adaptive_1_to_3_contracts,231,2025-07-09,2025-07-09T14:36:00+00:00,SPXW-20250709-06255.000-P,PUT,3,1530.0,4590.0,120420.0,120660.0,240.0,,80.00000000000007
adaptive_1_to_3_contracts,232,2025-07-09,2025-07-09T14:57:00+00:00,SPXW-20250709-06270.000-P,PUT,3,3410.0,10230.0,120660.0,121440.0,780.0,,260.0000000000001
adaptive_1_to_3_contracts,233,2025-07-09,2025-07-09T15:27:00+00:00,SPXW-20250709-06215.000-C,CALL,3,2990.0,8970.0,121440.0,121620.0,180.0,,60.00000000000014
adaptive_1_to_3_contracts,234,2025-07-10,2025-07-10T14:00:00+00:00,SPXW-20250710-06280.000-P,PUT,3,2660.0,7980.0,121620.0,121920.0,300.0,,100.0
adaptive_1_to_3_contracts,235,2025-07-10,2025-07-10T14:10:00+00:00,SPXW-20250710-06235.000-C,CALL,3,2420.0,7260.0,121920.0,122850.0,930.0,,310.0000000000001
adaptive_1_to_3_contracts,236,2025-07-10,2025-07-10T14:17:00+00:00,SPXW-20250710-06240.000-C,CALL,3,2280.0,6840.0,122850.0,123390.0,540.0,,180.00000000000006
adaptive_1_to_3_contracts,237,2025-07-10,2025-07-10T14:33:00+00:00,SPXW-20250710-06235.000-C,CALL,3,2790.0,8370.0,123390.0,124380.0,990.0,,330.00000000000006
adaptive_1_to_3_contracts,238,2025-07-10,2025-07-10T14:42:00+00:00,SPXW-20250710-06235.000-C,CALL,3,3500.0,10500.0,124380.0,124500.0,120.0,,39.99999999999986
adaptive_1_to_3_contracts,239,2025-07-10,2025-07-10T15:04:00+00:00,SPXW-20250710-06245.000-C,CALL,3,2890.0,8670.0,124500.0,124680.0,180.0,,60.00000000000014
adaptive_1_to_3_contracts,240,2025-07-11,2025-07-11T14:01:00+00:00,SPXW-20250711-06230.000-C,CALL,3,2750.0,8250.0,124680.0,125190.0,510.0,,169.99999999999994
adaptive_1_to_3_contracts,241,2025-07-11,2025-07-11T14:16:00+00:00,SPXW-20250711-06230.000-C,CALL,3,2930.0,8790.0,125190.0,126390.0,1200.0,,399.99999999999966
adaptive_1_to_3_contracts,242,2025-07-11,2025-07-11T14:26:00+00:00,SPXW-20250711-06230.000-C,CALL,3,3440.0,10320.0,126390.0,126210.0,-180.0,,-60.00000000000014
adaptive_1_to_3_contracts,243,2025-07-11,2025-07-11T14:44:00+00:00,SPXW-20250711-06235.000-C,CALL,3,2760.0,8280.0,126210.0,124950.0,-1260.0,,-420.0000000000003
adaptive_1_to_3_contracts,244,2025-07-11,2025-07-11T15:15:00+00:00,SPXW-20250711-06225.000-C,CALL,3,2790.0,8370.0,124950.0,125760.0,810.0,,270.0000000000003
adaptive_1_to_3_contracts,245,2025-07-14,2025-07-14T14:01:00+00:00,SPXW-20250714-06280.000-P,PUT,3,3390.0,10170.0,125760.0,126240.0,480.0,,160.00000000000014
adaptive_1_to_3_contracts,246,2025-07-14,2025-07-14T14:27:00+00:00,SPXW-20250714-06270.000-P,PUT,3,1890.0,5670.0,126240.0,127650.0,1410.0,,470.0000000000003
adaptive_1_to_3_contracts,247,2025-07-14,2025-07-14T14:30:00+00:00,SPXW-20250714-06225.000-C,CALL,3,2570.0,7710.0,127650.0,128370.0,720.0,,240.00000000000023
adaptive_1_to_3_contracts,248,2025-07-15,2025-07-15T14:11:00+00:00,SPXW-20250715-06260.000-C,CALL,3,2350.0,7050.0,128370.0,129270.0,900.0,,300.0
adaptive_1_to_3_contracts,249,2025-07-15,2025-07-15T14:37:00+00:00,SPXW-20250715-06300.000-P,PUT,3,2910.0,8730.0,129270.0,129870.0,600.0,,200.0
adaptive_1_to_3_contracts,250,2025-07-15,2025-07-15T14:51:00+00:00,SPXW-20250715-06275.000-P,PUT,3,1200.0,3600.0,129870.0,131160.0,1290.0,,430.00000000000006
adaptive_1_to_3_contracts,251,2025-07-15,2025-07-15T14:55:00+00:00,SPXW-20250715-06280.000-P,PUT,3,1950.0,5850.0,131160.0,132180.0,1020.0,,339.9999999999999
adaptive_1_to_3_contracts,252,2025-07-15,2025-07-15T15:05:00+00:00,SPXW-20250715-06235.000-C,CALL,3,3200.0,9600.0,132180.0,132810.0,630.0,,210.00000000000017
adaptive_1_to_3_contracts,253,2025-07-16,2025-07-16T14:10:00+00:00,SPXW-20250716-06235.000-C,CALL,3,1510.0,4530.0,132810.0,133530.0,720.0,,240.00000000000003
adaptive_1_to_3_contracts,254,2025-07-16,2025-07-16T14:45:00+00:00,SPXW-20250716-06225.000-C,CALL,3,2340.0,7020.0,133530.0,134970.0,1440.0,,480.00000000000006
adaptive_1_to_3_contracts,255,2025-07-16,2025-07-16T14:54:00+00:00,SPXW-20250716-06280.000-P,PUT,3,2730.0,8190.0,134970.0,138870.0,3900.0,,1299.9999999999995
adaptive_1_to_3_contracts,256,2025-07-16,2025-07-16T14:58:00+00:00,SPXW-20250716-06235.000-P,PUT,3,610.0,1830.0,138870.0,139830.0,960.0,,320.0000000000001
adaptive_1_to_3_contracts,257,2025-07-16,2025-07-16T15:04:00+00:00,SPXW-20250716-06225.000-C,CALL,3,2450.0,7350.0,139830.0,140520.0,690.0,,230.00000000000009
adaptive_1_to_3_contracts,258,2025-07-16,2025-07-16T15:19:00+00:00,SPXW-20250716-06225.000-P,PUT,3,850.0,2550.0,140520.0,143310.0,2790.0,,930.0
adaptive_1_to_3_contracts,259,2025-07-16,2025-07-16T15:24:00+00:00,SPXW-20250716-06220.000-P,PUT,3,990.0,2970.0,143310.0,144630.0,1320.0,,440.00000000000006
adaptive_1_to_3_contracts,260,2025-07-17,2025-07-17T14:00:00+00:00,SPXW-20250717-06255.000-C,CALL,3,2680.0,8040.0,144630.0,145350.0,720.0,,239.99999999999983
adaptive_1_to_3_contracts,261,2025-07-17,2025-07-17T14:29:00+00:00,SPXW-20250717-06240.000-C,CALL,3,3420.0000000000005,10260.000000000002,145350.0,146580.0,1230.0,,409.99999999999943
adaptive_1_to_3_contracts,262,2025-07-17,2025-07-17T14:46:00+00:00,SPXW-20250717-06255.000-C,CALL,3,2200.0,6600.0,146580.0,147810.0,1230.0,,410.0000000000001
adaptive_1_to_3_contracts,263,2025-07-17,2025-07-17T15:06:00+00:00,SPXW-20250717-06265.000-C,CALL,3,2200.0,6600.0,147810.0,148350.0,540.0,,180.00000000000006
adaptive_1_to_3_contracts,264,2025-07-18,2025-07-18T14:52:00+00:00,SPXW-20250718-06265.000-C,CALL,3,3300.0,9900.0,148350.0,148080.0,-270.0,,-89.99999999999986
adaptive_1_to_3_contracts,265,2025-07-21,2025-07-21T14:00:00+00:00,SPXW-20250721-06295.000-C,CALL,3,3279.9999999999995,9839.999999999998,148080.0,148830.0,750.0,,250.0
adaptive_1_to_3_contracts,266,2025-07-21,2025-07-21T19:11:00+00:00,SPXW-20250721-06280.000-C,CALL,3,3510.0,10530.0,148830.0,149580.0,750.0,,250.0
adaptive_1_to_3_contracts,267,2025-07-22,2025-07-22T14:00:00+00:00,SPXW-20250722-06285.000-P,PUT,3,940.0,2820.0,149580.0,150060.0,480.0,,159.99999999999997
adaptive_1_to_3_contracts,268,2025-07-22,2025-07-22T14:29:00+00:00,SPXW-20250722-06265.000-C,CALL,3,2750.0,8250.0,150060.0,151500.0,1440.0,,479.9999999999997
adaptive_1_to_3_contracts,269,2025-07-22,2025-07-22T14:56:00+00:00,SPXW-20250722-06270.000-C,CALL,3,2930.0,8790.0,151500.0,152130.0,630.0,,209.99999999999977
adaptive_1_to_3_contracts,270,2025-07-23,2025-07-23T14:09:00+00:00,SPXW-20250723-06295.000-C,CALL,3,3100.0,9300.0,152130.0,152220.0,90.0,,30.00000000000007
adaptive_1_to_3_contracts,271,2025-07-23,2025-07-23T14:29:00+00:00,SPXW-20250723-06300.000-C,CALL,3,2830.0,8490.0,152220.0,152010.0,-210.0,,-69.99999999999993
adaptive_1_to_3_contracts,272,2025-07-23,2025-07-23T15:00:00+00:00,SPXW-20250723-06310.000-C,CALL,3,1960.0,5880.0,152010.0,152070.0,60.0,,19.99999999999993
adaptive_1_to_3_contracts,273,2025-07-24,2025-07-24T14:00:00+00:00,SPXW-20250724-06350.000-C,CALL,3,2440.0,7320.0,152070.0,152280.0,210.0,,70.00000000000028
adaptive_1_to_3_contracts,274,2025-07-24,2025-07-24T14:28:00+00:00,SPXW-20250724-06340.000-C,CALL,3,2940.0,8820.0,152280.0,152970.0,690.0,,230.00000000000009
adaptive_1_to_3_contracts,275,2025-07-24,2025-07-24T14:41:00+00:00,SPXW-20250724-06345.000-C,CALL,3,2850.0,8550.0,152970.0,153150.0,180.0,,60.00000000000014
adaptive_1_to_3_contracts,276,2025-07-25,2025-07-25T14:00:00+00:00,SPXW-20250725-06340.000-C,CALL,3,3440.0,10320.0,153150.0,153540.0,390.0,,130.00000000000043
adaptive_1_to_3_contracts,277,2025-07-25,2025-07-25T14:26:00+00:00,SPXW-20250725-06360.000-C,CALL,3,1789.9999999999998,5369.999999999999,153540.0,154500.0,960.0,,320.0000000000003
adaptive_1_to_3_contracts,278,2025-07-28,2025-07-28T14:05:00+00:00,SPXW-20250728-06380.000-C,CALL,3,1960.0,5880.0,154500.0,154680.0,180.0,,59.99999999999979
adaptive_1_to_3_contracts,279,2025-07-28,2025-07-28T14:22:00+00:00,SPXW-20250728-06385.000-C,CALL,3,1400.0,4200.0,154680.0,155070.0,390.0,,130.00000000000006
adaptive_1_to_3_contracts,280,2025-07-28,2025-07-28T15:19:00+00:00,SPXW-20250728-06395.000-P,PUT,3,1030.0,3090.0,155070.0,155340.0,270.0,,89.99999999999986
adaptive_1_to_3_contracts,281,2025-07-28,2025-07-28T15:29:00+00:00,SPXW-20250728-06375.000-C,CALL,3,1720.0,5160.0,155340.0,156480.0,1140.0,,380.00000000000006
adaptive_1_to_3_contracts,282,2025-07-29,2025-07-29T14:53:00+00:00,SPXW-20250729-06400.000-P,PUT,3,1470.0,4410.0,156480.0,156480.0,0.0,,0.0
adaptive_1_to_3_contracts,283,2025-07-29,2025-07-29T15:25:00+00:00,SPXW-20250729-06390.000-P,PUT,3,1310.0,3930.0,156480.0,158100.0,1620.0,,540.0
adaptive_1_to_3_contracts,284,2025-07-30,2025-07-30T14:18:00+00:00,SPXW-20250730-06350.000-C,CALL,3,3279.9999999999995,9839.999999999998,158100.0,160050.0,1950.0,,650.0
adaptive_1_to_3_contracts,285,2025-07-30,2025-07-30T14:30:00+00:00,SPXW-20250730-06355.000-C,CALL,3,3300.0,9900.0,160050.0,160800.0,750.0,,250.0
adaptive_1_to_3_contracts,286,2025-07-30,2025-07-30T14:36:00+00:00,SPXW-20250730-06355.000-C,CALL,3,3410.0,10230.0,160800.0,160320.0,-480.0,,-160.00000000000014
adaptive_1_to_3_contracts,287,2025-07-30,2025-07-30T18:35:00+00:00,SPXW-20250730-06370.000-C,CALL,3,2640.0,7920.0,160320.0,160860.0,540.0,,180.00000000000006
adaptive_1_to_3_contracts,288,2025-07-30,2025-07-30T18:40:00+00:00,SPXW-20250730-06400.000-P,PUT,3,1950.0,5850.0,160860.0,161730.0,870.0,,289.9999999999999
adaptive_1_to_3_contracts,289,2025-07-30,2025-07-30T18:59:00+00:00,SPXW-20250730-06360.000-P,PUT,3,1250.0,3750.0,161730.0,163530.0,1800.0,,600.0
adaptive_1_to_3_contracts,290,2025-07-30,2025-07-30T19:16:00+00:00,SPXW-20250730-06390.000-P,PUT,3,3520.0000000000005,10560.000000000002,163530.0,166020.0,2490.0,,829.9999999999998
adaptive_1_to_3_contracts,291,2025-07-30,2025-07-30T19:18:00+00:00,SPXW-20250730-06375.000-P,PUT,3,2660.0,7980.0,166020.0,166230.0,210.0,,69.99999999999993
adaptive_1_to_3_contracts,292,2025-07-30,2025-07-30T19:24:00+00:00,SPXW-20250730-06370.000-P,PUT,3,3030.0,9090.0,166230.0,166350.0,120.0,,39.99999999999986
adaptive_1_to_3_contracts,293,2025-07-31,2025-07-31T14:00:00+00:00,SPXW-20250731-06385.000-C,CALL,3,3229.9999999999995,9689.999999999998,166350.0,166980.0,630.0,,210.00000000000017
adaptive_1_to_3_contracts,294,2025-07-31,2025-07-31T14:32:00+00:00,SPXW-20250731-06385.000-C,CALL,3,2770.0,8310.0,166980.0,163200.0,-3780.0,,-1260.0
adaptive_1_to_3_contracts,295,2025-07-31,2025-07-31T15:20:00+00:00,SPXW-20250731-06355.000-C,CALL,0,2570.0,0.0,163200.0,163200.0,0.0,daily_loss_stop,250.0
adaptive_1_to_3_contracts,296,2025-07-31,2025-07-31T15:28:00+00:00,SPXW-20250731-06350.000-C,CALL,0,3310.0,0.0,163200.0,163200.0,0.0,daily_loss_stop,660.0000000000001
adaptive_1_to_3_contracts,297,2025-08-01,2025-08-01T14:05:00+00:00,SPXW-20250801-06235.000-P,PUT,3,2480.0,7440.0,163200.0,164040.0,840.0,,280.00000000000006
adaptive_1_to_3_contracts,298,2025-08-01,2025-08-01T14:06:00+00:00,SPXW-20250801-06205.000-C,CALL,3,3340.0,10020.0,164040.0,164700.0,660.0,,220.00000000000028
adaptive_1_to_3_contracts,299,2025-08-01,2025-08-01T14:08:00+00:00,SPXW-20250801-06205.000-C,CALL,3,3150.0,9450.0,164700.0,169260.0,4560.0,,1520.0000000000002
adaptive_1_to_3_contracts,300,2025-08-01,2025-08-01T14:26:00+00:00,SPXW-20250801-06240.000-C,CALL,3,2220.0,6660.0,169260.0,170940.0,1680.0,,560.0000000000001
adaptive_1_to_3_contracts,301,2025-08-01,2025-08-01T14:37:00+00:00,SPXW-20250801-06230.000-C,CALL,3,3350.0,10050.0,170940.0,170100.0,-840.0,,-280.00000000000006
adaptive_1_to_3_contracts,302,2025-08-01,2025-08-01T14:51:00+00:00,SPXW-20250801-06250.000-P,PUT,3,2230.0,6690.0,170100.0,170760.0,660.0,,219.99999999999991
adaptive_1_to_3_contracts,303,2025-08-04,2025-08-04T14:20:00+00:00,SPXW-20250804-06280.000-C,CALL,3,3320.0000000000005,9960.000000000002,170760.0,171750.0,990.0,,329.9999999999997
adaptive_1_to_3_contracts,304,2025-08-04,2025-08-04T14:48:00+00:00,SPXW-20250804-06280.000-C,CALL,3,3370.0000000000005,10110.000000000002,171750.0,172590.0,840.0,,279.9999999999997
adaptive_1_to_3_contracts,305,2025-08-04,2025-08-04T15:02:00+00:00,SPXW-20250804-06285.000-C,CALL,3,2830.0,8490.0,172590.0,173010.0,420.0,,139.99999999999986
adaptive_1_to_3_contracts,306,2025-08-05,2025-08-05T14:01:00+00:00,SPXW-20250805-06350.000-P,PUT,3,2220.0,6660.0,173010.0,173790.0,780.0,,260.0000000000001
adaptive_1_to_3_contracts,307,2025-08-05,2025-08-05T14:03:00+00:00,SPXW-20250805-06360.000-P,PUT,3,3100.0,9300.0,173790.0,175980.0,2190.0,,729.9999999999998
adaptive_1_to_3_contracts,308,2025-08-05,2025-08-05T14:26:00+00:00,SPXW-20250805-06335.000-P,PUT,3,2330.0,6990.0,175980.0,177330.0,1350.0,,450.0
adaptive_1_to_3_contracts,309,2025-08-05,2025-08-05T14:42:00+00:00,SPXW-20250805-06310.000-P,PUT,3,1440.0,4320.0,177330.0,178650.0,1320.0,,440.00000000000006
adaptive_1_to_3_contracts,310,2025-08-05,2025-08-05T14:48:00+00:00,SPXW-20250805-06305.000-P,PUT,3,1620.0,4860.0,178650.0,180000.0,1350.0,,450.0
adaptive_1_to_3_contracts,311,2025-08-05,2025-08-05T14:53:00+00:00,SPXW-20250805-06275.000-C,CALL,3,2600.0,7800.0,180000.0,181530.0,1530.0,,510.0000000000001
adaptive_1_to_3_contracts,312,2025-08-06,2025-08-06T14:00:00+00:00,SPXW-20250806-06290.000-C,CALL,3,2450.0,7350.0,181530.0,185310.0,3780.0,,1260.0000000000002
adaptive_1_to_3_contracts,313,2025-08-06,2025-08-06T14:28:00+00:00,SPXW-20250806-06280.000-C,CALL,3,2730.0,8190.0,185310.0,186210.0,900.0,,300.0
adaptive_1_to_3_contracts,314,2025-08-06,2025-08-06T14:36:00+00:00,SPXW-20250806-06300.000-C,CALL,3,1800.0,5400.0,186210.0,187380.0,1170.0,,389.9999999999999
adaptive_1_to_3_contracts,315,2025-08-06,2025-08-06T14:38:00+00:00,SPXW-20250806-06295.000-C,CALL,3,2410.0,7230.0,187380.0,188610.0,1230.0,,409.9999999999998
adaptive_1_to_3_contracts,316,2025-08-06,2025-08-06T14:45:00+00:00,SPXW-20250806-06290.000-C,CALL,3,3260.0,9780.0,188610.0,189060.0,450.0,,150.0
adaptive_1_to_3_contracts,317,2025-08-07,2025-08-07T14:00:00+00:00,SPXW-20250807-06355.000-C,CALL,3,3320.0000000000005,9960.000000000002,189060.0,184800.0,-4260.0,,-1420.0000000000002
adaptive_1_to_3_contracts,318,2025-08-07,2025-08-07T14:15:00+00:00,SPXW-20250807-06370.000-P,PUT,0,1440.0,0.0,184800.0,184800.0,0.0,daily_loss_stop,209.99999999999997
adaptive_1_to_3_contracts,319,2025-08-07,2025-08-07T14:25:00+00:00,SPXW-20250807-06365.000-P,PUT,0,1890.0,0.0,184800.0,184800.0,0.0,daily_loss_stop,40.00000000000021
adaptive_1_to_3_contracts,320,2025-08-07,2025-08-07T14:39:00+00:00,SPXW-20250807-06330.000-C,CALL,0,3010.0,0.0,184800.0,184800.0,0.0,daily_loss_stop,400.0
adaptive_1_to_3_contracts,321,2025-08-07,2025-08-07T15:17:00+00:00,SPXW-20250807-06315.000-C,CALL,0,3170.0,0.0,184800.0,184800.0,0.0,daily_loss_stop,440.0000000000002
adaptive_1_to_3_contracts,322,2025-08-07,2025-08-07T17:40:00+00:00,SPXW-20250807-06290.000-C,CALL,0,3340.0,0.0,184800.0,184800.0,0.0,daily_loss_stop,170.00000000000028
adaptive_1_to_3_contracts,323,2025-08-08,2025-08-08T14:00:00+00:00,SPXW-20250808-06350.000-C,CALL,3,3120.0,9360.0,184800.0,185490.0,690.0,,230.00000000000009
adaptive_1_to_3_contracts,324,2025-08-08,2025-08-08T14:27:00+00:00,SPXW-20250808-06350.000-C,CALL,3,3320.0000000000005,9960.000000000002,185490.0,186120.0,630.0,,209.99999999999943
adaptive_1_to_3_contracts,325,2025-08-11,2025-08-11T14:01:00+00:00,SPXW-20250811-06365.000-C,CALL,3,3130.0,9390.0,186120.0,186030.0,-90.0,,-30.00000000000007
adaptive_1_to_3_contracts,326,2025-08-11,2025-08-11T14:19:00+00:00,SPXW-20250811-06370.000-C,CALL,3,2860.0,8580.0,186030.0,184170.0,-1860.0,,-620.0000000000002
adaptive_1_to_3_contracts,327,2025-08-11,2025-08-11T15:17:00+00:00,SPXW-20250811-06420.000-P,PUT,0,3140.0,0.0,184170.0,184170.0,0.0,daily_loss_stop,0.0
adaptive_1_to_3_contracts,328,2025-08-12,2025-08-12T14:00:00+00:00,SPXW-20250812-06410.000-P,PUT,3,2440.0,7320.0,184170.0,185190.0,1020.0,,340.0000000000002
adaptive_1_to_3_contracts,329,2025-08-12,2025-08-12T14:13:00+00:00,SPXW-20250812-06370.000-C,CALL,2,3490.0,6980.0,185190.0,186710.0,1520.0,,760.0000000000001
adaptive_1_to_3_contracts,330,2025-08-12,2025-08-12T14:26:00+00:00,SPXW-20250812-06380.000-C,CALL,3,3340.0,10020.0,186710.0,187040.0,330.0,,110.00000000000014
adaptive_1_to_3_contracts,331,2025-08-12,2025-08-12T14:39:00+00:00,SPXW-20250812-06375.000-C,CALL,2,3520.0000000000005,7040.000000000001,187040.0,187760.0,720.0,,359.99999999999943
adaptive_1_to_3_contracts,332,2025-08-12,2025-08-12T14:48:00+00:00,SPXW-20250812-06380.000-C,CALL,2,3440.0,6880.0,187760.0,188720.0,960.0,,480.00000000000045
adaptive_1_to_3_contracts,333,2025-08-12,2025-08-12T14:58:00+00:00,SPXW-20250812-06405.000-C,CALL,2,1550.0,3100.0,188720.0,189960.0,1240.0,,619.9999999999999
adaptive_1_to_3_contracts,334,2025-08-13,2025-08-13T14:00:00+00:00,SPXW-20250813-06485.000-P,PUT,3,1490.0,4470.0,189960.0,190740.0,780.0,,259.99999999999994
adaptive_1_to_3_contracts,335,2025-08-13,2025-08-13T14:31:00+00:00,SPXW-20250813-06475.000-P,PUT,3,1800.0,5400.0,190740.0,191460.0,720.0,,239.99999999999983
adaptive_1_to_3_contracts,336,2025-08-13,2025-08-13T15:21:00+00:00,SPXW-20250813-06430.000-C,CALL,3,2660.0,7980.0,191460.0,192300.0,840.0,,279.9999999999997
adaptive_1_to_3_contracts,337,2025-08-14,2025-08-14T14:01:00+00:00,SPXW-20250814-06430.000-C,CALL,3,3140.0,9420.0,192300.0,192510.0,210.0,,70.00000000000028
adaptive_1_to_3_contracts,338,2025-08-14,2025-08-14T14:26:00+00:00,SPXW-20250814-06430.000-C,CALL,3,2920.0,8760.0,192510.0,194130.0,1620.0,,540.0000000000002
adaptive_1_to_3_contracts,339,2025-08-14,2025-08-14T14:31:00+00:00,SPXW-20250814-06440.000-C,CALL,3,2600.0,7800.0,194130.0,194460.0,330.0,,110.00000000000014
adaptive_1_to_3_contracts,340,2025-08-14,2025-08-14T14:52:00+00:00,SPXW-20250814-06440.000-C,CALL,3,3110.0,9330.0,194460.0,192750.0,-1710.0,,-570.0000000000002
adaptive_1_to_3_contracts,341,2025-08-15,2025-08-15T14:01:00+00:00,SPXW-20250815-06450.000-C,CALL,3,1380.0,4140.0,192750.0,193860.0,1110.0,,369.99999999999994
adaptive_1_to_3_contracts,342,2025-08-15,2025-08-15T14:15:00+00:00,SPXW-20250815-06440.000-C,CALL,3,2470.0,7410.0,193860.0,192990.0,-870.0,,-289.9999999999999
adaptive_1_to_3_contracts,343,2025-08-15,2025-08-15T14:56:00+00:00,SPXW-20250815-06425.000-C,CALL,3,2950.0,8850.0,192990.0,193050.0,60.0,,19.99999999999993
adaptive_1_to_3_contracts,344,2025-08-15,2025-08-15T15:11:00+00:00,SPXW-20250815-06430.000-C,CALL,3,2490.0,7470.0,193050.0,193620.0,570.0,,190.00000000000023
adaptive_1_to_3_contracts,345,2025-08-15,2025-08-15T15:16:00+00:00,SPXW-20250815-06430.000-C,CALL,3,2700.0,8100.0,193620.0,194310.0,690.0,,230.00000000000009
adaptive_1_to_3_contracts,346,2025-08-18,2025-08-18T14:05:00+00:00,SPXW-20250818-06430.000-C,CALL,3,2150.0,6450.0,194310.0,193560.0,-750.0,,-250.0
adaptive_1_to_3_contracts,347,2025-08-18,2025-08-18T14:33:00+00:00,SPXW-20250818-06425.000-C,CALL,0,2470.0,0.0,193560.0,193560.0,0.0,daily_loss_stop,10.000000000000142
adaptive_1_to_3_contracts,348,2025-08-18,2025-08-18T14:37:00+00:00,SPXW-20250818-06445.000-C,CALL,0,960.0,0.0,193560.0,193560.0,-0.0,daily_loss_stop,-29.999999999999893
adaptive_1_to_3_contracts,349,2025-08-18,2025-08-18T14:59:00+00:00,SPXW-20250818-06430.000-C,CALL,0,1860.0,0.0,193560.0,193560.0,0.0,daily_loss_stop,309.9999999999998
adaptive_1_to_3_contracts,350,2025-08-18,2025-08-18T15:22:00+00:00,SPXW-20250818-06425.000-C,CALL,0,2400.0,0.0,193560.0,193560.0,-0.0,daily_loss_stop,-200.0
adaptive_1_to_3_contracts,351,2025-08-19,2025-08-19T14:01:00+00:00,SPXW-20250819-06425.000-C,CALL,3,2180.0,6540.0,193560.0,195750.0,2190.0,,730.0000000000001
adaptive_1_to_3_contracts,352,2025-08-19,2025-08-19T14:27:00+00:00,SPXW-20250819-06450.000-P,PUT,3,670.0,2010.0,195750.0,196770.0,1020.0,,339.99999999999994
adaptive_1_to_3_contracts,353,2025-08-19,2025-08-19T15:01:00+00:00,SPXW-20250819-06435.000-P,PUT,3,1580.0,4740.0,196770.0,197160.0,390.0,,130.00000000000006
adaptive_1_to_3_contracts,354,2025-08-19,2025-08-19T15:27:00+00:00,SPXW-20250819-06410.000-C,CALL,3,2240.0,6720.0,197160.0,197970.0,810.0,,270.0000000000003
adaptive_1_to_3_contracts,355,2025-08-20,2025-08-20T14:02:00+00:00,SPXW-20250820-06345.000-C,CALL,3,3390.0,10170.0,197970.0,195240.0,-2730.0,,-909.9999999999998
adaptive_1_to_3_contracts,356,2025-08-20,2025-08-20T14:27:00+00:00,SPXW-20250820-06395.000-P,PUT,0,3490.0,0.0,195240.0,195240.0,0.0,daily_loss_stop,910.0
adaptive_1_to_3_contracts,357,2025-08-20,2025-08-20T14:38:00+00:00,SPXW-20250820-06330.000-C,CALL,0,3050.0,0.0,195240.0,195240.0,-0.0,daily_loss_stop,-310.0000000000001
adaptive_1_to_3_contracts,358,2025-08-20,2025-08-20T14:58:00+00:00,SPXW-20250820-06330.000-C,CALL,0,2260.0,0.0,195240.0,195240.0,0.0,daily_loss_stop,1139.9999999999998
adaptive_1_to_3_contracts,359,2025-08-20,2025-08-20T17:30:00+00:00,SPXW-20250820-06360.000-C,CALL,0,2270.0,0.0,195240.0,195240.0,0.0,daily_loss_stop,780.0000000000001
adaptive_1_to_3_contracts,360,2025-08-21,2025-08-21T14:01:00+00:00,SPXW-20250821-06345.000-C,CALL,3,3260.0,9780.0,195240.0,198090.0,2850.0,,950.0
adaptive_1_to_3_contracts,361,2025-08-21,2025-08-21T14:09:00+00:00,SPXW-20250821-06355.000-C,CALL,3,3379.9999999999995,10139.999999999998,198090.0,199740.0,1650.0,,550.0
adaptive_1_to_3_contracts,362,2025-08-21,2025-08-21T14:27:00+00:00,SPXW-20250821-06360.000-C,CALL,3,3270.0000000000005,9810.000000000002,199740.0,200700.0,960.0,,319.99999999999955
adaptive_1_to_3_contracts,363,2025-08-21,2025-08-21T15:05:00+00:00,SPXW-20250821-06400.000-P,PUT,3,2030.0,6090.0,200700.0,201480.0,780.0,,259.9999999999998
adaptive_1_to_3_contracts,364,2025-08-22,2025-08-22T14:00:00+00:00,SPXW-20250822-06390.000-C,CALL,3,2960.0,8880.0,201480.0,211650.0,10170.0,,3390.0
adaptive_1_to_3_contracts,365,2025-08-22,2025-08-22T14:08:00+00:00,SPXW-20250822-06425.000-C,CALL,3,3350.0,10050.0,211650.0,213000.0,1350.0,,450.0
adaptive_1_to_3_contracts,366,2025-08-22,2025-08-22T14:24:00+00:00,SPXW-20250822-06425.000-C,CALL,3,3070.0,9210.0,213000.0,215490.0,2490.0,,830.0000000000001
adaptive_1_to_3_contracts,367,2025-08-22,2025-08-22T14:50:00+00:00,SPXW-20250822-06440.000-C,CALL,3,3320.0000000000005,9960.000000000002,215490.0,216300.0,810.0,,269.99999999999955
adaptive_1_to_3_contracts,368,2025-08-25,2025-08-25T14:01:00+00:00,SPXW-20250825-06425.000-C,CALL,3,3250.0,9750.0,216300.0,216480.0,180.0,,60.00000000000014
adaptive_1_to_3_contracts,369,2025-08-25,2025-08-25T14:27:00+00:00,SPXW-20250825-06445.000-C,CALL,3,1330.0,3990.0,216480.0,216630.0,150.0,,50.0
adaptive_1_to_3_contracts,370,2025-08-25,2025-08-25T14:49:00+00:00,SPXW-20250825-06450.000-C,CALL,3,1030.0,3090.0,216630.0,217650.0,1020.0,,339.9999999999999
adaptive_1_to_3_contracts,371,2025-08-26,2025-08-26T14:00:00+00:00,SPXW-20250826-06420.000-C,CALL,3,2220.0,6660.0,217650.0,219030.0,1380.0,,460.0000000000001
adaptive_1_to_3_contracts,372,2025-08-26,2025-08-26T14:25:00+00:00,SPXW-20250826-06415.000-C,CALL,3,3170.0,9510.0,219030.0,217680.0,-1350.0,,-450.0
adaptive_1_to_3_contracts,373,2025-08-26,2025-08-26T15:14:00+00:00,SPXW-20250826-06410.000-C,CALL,3,3180.0,9540.0,217680.0,217950.0,270.0,,90.00000000000021
adaptive_1_to_3_contracts,374,2025-08-27,2025-08-27T14:02:00+00:00,SPXW-20250827-06450.000-C,CALL,3,2020.0,6060.0,217950.0,218550.0,600.0,,200.0
adaptive_1_to_3_contracts,375,2025-08-27,2025-08-27T14:19:00+00:00,SPXW-20250827-06440.000-C,CALL,3,3379.9999999999995,10139.999999999998,218550.0,219270.0,720.0,,240.00000000000057
adaptive_1_to_3_contracts,376,2025-08-27,2025-08-27T14:33:00+00:00,SPXW-20250827-06465.000-C,CALL,3,1420.0,4260.0,219270.0,219030.0,-240.0,,-79.99999999999989
adaptive_1_to_3_contracts,377,2025-08-28,2025-08-28T14:00:00+00:00,SPXW-20250828-06495.000-P,PUT,3,2570.0,7710.0,219030.0,218490.0,-540.0,,-180.00000000000006
adaptive_1_to_3_contracts,378,2025-08-28,2025-08-28T14:33:00+00:00,SPXW-20250828-06465.000-C,CALL,3,1620.0,4860.0,218490.0,220290.0,1800.0,,600.0
adaptive_1_to_3_contracts,379,2025-08-28,2025-08-28T15:10:00+00:00,SPXW-20250828-06470.000-C,CALL,3,1580.0,4740.0,220290.0,220230.0,-60.0,,-20.000000000000107
adaptive_1_to_3_contracts,380,2025-08-29,2025-08-29T14:04:00+00:00,SPXW-20250829-06470.000-P,PUT,3,1610.0000000000002,4830.000000000001,220230.0,222270.0,2040.0,,679.9999999999998
adaptive_1_to_3_contracts,381,2025-08-29,2025-08-29T14:08:00+00:00,SPXW-20250829-06485.000-P,PUT,3,3310.0,9930.0,222270.0,222780.0,510.0,,169.99999999999957
adaptive_1_to_3_contracts,382,2025-08-29,2025-08-29T14:13:00+00:00,SPXW-20250829-06425.000-C,CALL,3,3310.0,9930.0,222780.0,223440.0,660.0,,219.99999999999957
adaptive_1_to_3_contracts,383,2025-08-29,2025-08-29T14:33:00+00:00,SPXW-20250829-06435.000-C,CALL,3,2910.0,8730.0,223440.0,224010.0,570.0,,189.99999999999983
adaptive_1_to_3_contracts,384,2025-08-29,2025-08-29T14:55:00+00:00,SPXW-20250829-06420.000-C,CALL,3,3370.0000000000005,10110.000000000002,224010.0,224700.0,690.0,,229.99999999999972
adaptive_1_to_3_contracts,385,2025-08-29,2025-08-29T15:26:00+00:00,SPXW-20250829-06435.000-C,CALL,3,2620.0,7860.0,224700.0,222960.0,-1740.0,,-580.0000000000001
adaptive_1_to_3_contracts,386,2025-09-02,2025-09-02T14:00:00+00:00,SPXW-20250902-06405.000-C,CALL,3,1420.0,4260.0,222960.0,222960.0,0.0,,0.0
adaptive_1_to_3_contracts,387,2025-09-02,2025-09-02T14:28:00+00:00,SPXW-20250902-06380.000-C,CALL,3,2270.0,6810.0,222960.0,224700.0,1740.0,,580.0000000000001
adaptive_1_to_3_contracts,388,2025-09-02,2025-09-02T14:36:00+00:00,SPXW-20250902-06375.000-C,CALL,3,3310.0,9930.0,224700.0,220530.0,-4170.0,,-1390.0000000000002
adaptive_1_to_3_contracts,389,2025-09-03,2025-09-03T14:18:00+00:00,SPXW-20250903-06440.000-C,CALL,3,630.0,1890.0,220530.0,221190.0,660.0,,220.00000000000003
adaptive_1_to_3_contracts,390,2025-09-03,2025-09-03T14:23:00+00:00,SPXW-20250903-06415.000-C,CALL,3,2810.0,8430.0,221190.0,221820.0,630.0,,209.99999999999977
adaptive_1_to_3_contracts,391,2025-09-03,2025-09-03T14:31:00+00:00,SPXW-20250903-06420.000-C,CALL,2,2320.0,4640.0,221820.0,222500.0,680.0,,340.0000000000002
adaptive_1_to_3_contracts,392,2025-09-03,2025-09-03T14:43:00+00:00,SPXW-20250903-06440.000-C,CALL,2,1300.0,2600.0,222500.0,222820.0,320.0,,159.99999999999997
adaptive_1_to_3_contracts,393,2025-09-03,2025-09-03T15:24:00+00:00,SPXW-20250903-06410.000-C,CALL,2,3460.0,6920.0,222820.0,221860.0,-960.0,,-480.00000000000006
adaptive_1_to_3_contracts,394,2025-09-04,2025-09-04T14:01:00+00:00,SPXW-20250904-06470.000-P,PUT,2,1490.0,2980.0,221860.0,222700.0,840.0,,420.0000000000001
adaptive_1_to_3_contracts,395,2025-09-04,2025-09-04T14:23:00+00:00,SPXW-20250904-06445.000-C,CALL,2,1460.0,2920.0,222700.0,223820.0,1120.0,,560.0
adaptive_1_to_3_contracts,396,2025-09-04,2025-09-04T14:28:00+00:00,SPXW-20250904-06430.000-C,CALL,3,2970.0,8910.0,223820.0,225440.0,1620.0,,540.0000000000002
adaptive_1_to_3_contracts,397,2025-09-04,2025-09-04T14:35:00+00:00,SPXW-20250904-06435.000-C,CALL,3,2970.0,8910.0,225440.0,226520.0,1080.0,,359.9999999999998
adaptive_1_to_3_contracts,398,2025-09-04,2025-09-04T14:53:00+00:00,SPXW-20250904-06435.000-C,CALL,3,3300.0,9900.0,226520.0,226730.0,210.0,,70.00000000000028
adaptive_1_to_3_contracts,399,2025-09-04,2025-09-04T15:17:00+00:00,SPXW-20250904-06450.000-C,CALL,3,2180.0,6540.0,226730.0,227930.0,1200.0,,400.0
adaptive_1_to_3_contracts,400,2025-09-05,2025-09-05T14:00:00+00:00,SPXW-20250905-06515.000-P,PUT,3,930.0,2790.0,227930.0,229010.0,1080.0,,359.99999999999994
adaptive_1_to_3_contracts,401,2025-09-05,2025-09-05T14:05:00+00:00,SPXW-20250905-06510.000-P,PUT,3,960.0,2880.0,229010.0,229880.0,870.0,,290.00000000000006
adaptive_1_to_3_contracts,402,2025-09-05,2025-09-05T14:15:00+00:00,SPXW-20250905-06520.000-P,PUT,3,2420.0,7260.0,229880.0,231230.0,1350.0,,450.0
adaptive_1_to_3_contracts,403,2025-09-05,2025-09-05T14:21:00+00:00,SPXW-20250905-06515.000-P,PUT,3,2640.0,7920.0,231230.0,235070.0,3840.0,,1280.0000000000005
adaptive_1_to_3_contracts,404,2025-09-05,2025-09-05T14:26:00+00:00,SPXW-20250905-06485.000-P,PUT,3,1830.0,5490.0,235070.0,236510.0,1440.0,,480.00000000000006
adaptive_1_to_3_contracts,405,2025-09-05,2025-09-05T14:30:00+00:00,SPXW-20250905-06480.000-P,PUT,3,1760.0000000000002,5280.000000000001,236510.0,236690.0,180.0,,59.99999999999979
adaptive_1_to_3_contracts,406,2025-09-05,2025-09-05T14:41:00+00:00,SPXW-20250905-06465.000-P,PUT,3,1350.0,4050.0,236690.0,238070.0,1380.0,,460.0000000000001
adaptive_1_to_3_contracts,407,2025-09-05,2025-09-05T14:48:00+00:00,SPXW-20250905-06470.000-P,PUT,3,2140.0,6420.0,238070.0,239270.0,1200.0,,400.0
adaptive_1_to_3_contracts,408,2025-09-05,2025-09-05T14:52:00+00:00,SPXW-20250905-06440.000-C,CALL,3,2930.0,8790.0,239270.0,240320.0,1050.0,,349.99999999999966
adaptive_1_to_3_contracts,409,2025-09-05,2025-09-05T15:20:00+00:00,SPXW-20250905-06435.000-C,CALL,3,3140.0,9420.0,240320.0,241850.0,1530.0,,510.0000000000001
adaptive_1_to_3_contracts,410,2025-09-05,2025-09-05T15:27:00+00:00,SPXW-20250905-06440.000-C,CALL,3,3110.0,9330.0,241850.0,243260.0,1410.0,,469.99999999999955
adaptive_1_to_3_contracts,411,2025-09-08,2025-09-08T14:01:00+00:00,SPXW-20250908-06495.000-P,PUT,3,980.0,2940.0,243260.0,243200.0,-60.0,,-20.000000000000107
adaptive_1_to_3_contracts,412,2025-09-08,2025-09-08T14:07:00+00:00,SPXW-20250908-06465.000-C,CALL,3,3170.0,9510.0,243200.0,244340.0,1140.0,,380.00000000000006
adaptive_1_to_3_contracts,413,2025-09-08,2025-09-08T14:36:00+00:00,SPXW-20250908-06475.000-C,CALL,3,2540.0,7620.0,244340.0,245030.0,690.0,,230.00000000000009
adaptive_1_to_3_contracts,414,2025-09-08,2025-09-08T14:46:00+00:00,SPXW-20250908-06490.000-C,CALL,3,1580.0,4740.0,245030.0,246050.0,1020.0,,339.9999999999999
adaptive_1_to_3_contracts,415,2025-09-08,2025-09-08T18:15:00+00:00,SPXW-20250908-06475.000-C,CALL,3,1600.0,4800.0,246050.0,247400.0,1350.0,,450.0
adaptive_1_to_3_contracts,416,2025-09-09,2025-09-09T14:10:00+00:00,SPXW-20250909-06485.000-C,CALL,3,2080.0,6240.0,247400.0,248210.0,810.0,,269.99999999999994
adaptive_1_to_3_contracts,417,2025-09-09,2025-09-09T14:35:00+00:00,SPXW-20250909-06495.000-P,PUT,3,1410.0,4230.0,248210.0,248120.0,-90.0,,-29.999999999999893
adaptive_1_to_3_contracts,418,2025-09-09,2025-09-09T15:15:00+00:00,SPXW-20250909-06475.000-C,CALL,3,2100.0,6300.0,248120.0,248510.0,390.0,,130.00000000000006
adaptive_1_to_3_contracts,419,2025-09-10,2025-09-10T14:00:00+00:00,SPXW-20250910-06535.000-C,CALL,3,1630.0,4890.0,248510.0,250160.0,1650.0,,550.0
adaptive_1_to_3_contracts,420,2025-09-10,2025-09-10T14:21:00+00:00,SPXW-20250910-06535.000-C,CALL,3,2150.0,6450.0,250160.0,248750.0,-1410.0,,-469.99999999999994
adaptive_1_to_3_contracts,421,2025-09-10,2025-09-10T14:47:00+00:00,SPXW-20250910-06530.000-C,CALL,3,2050.0,6150.0,248750.0,247190.0,-1560.0,,-519.9999999999999
adaptive_1_to_3_contracts,422,2025-09-11,2025-09-11T14:00:00+00:00,SPXW-20250911-06545.000-C,CALL,3,2550.0,7650.0,247190.0,248810.0,1620.0,,539.9999999999999
adaptive_1_to_3_contracts,423,2025-09-11,2025-09-11T14:11:00+00:00,SPXW-20250911-06540.000-C,CALL,3,3100.0,9300.0,248810.0,249080.0,270.0,,89.99999999999986
adaptive_1_to_3_contracts,424,2025-09-11,2025-09-11T14:30:00+00:00,SPXW-20250911-06540.000-C,CALL,3,3320.0000000000005,9960.000000000002,249080.0,250430.0,1350.0,,450.0
adaptive_1_to_3_contracts,425,2025-09-11,2025-09-11T14:39:00+00:00,SPXW-20250911-06550.000-C,CALL,3,2970.0,8910.0,250430.0,250970.0,540.0,,180.00000000000006
adaptive_1_to_3_contracts,426,2025-09-11,2025-09-11T15:25:00+00:00,SPXW-20250911-06555.000-C,CALL,3,3080.0,9240.0,250970.0,251030.0,60.0,,19.99999999999993
adaptive_1_to_3_contracts,427,2025-09-12,2025-09-12T14:02:00+00:00,SPXW-20250912-06560.000-C,CALL,3,2930.0,8790.0,251030.0,251600.0,570.0,,189.99999999999983
adaptive_1_to_3_contracts,428,2025-09-12,2025-09-12T14:21:00+00:00,SPXW-20250912-06565.000-C,CALL,3,2430.0,7290.0,251600.0,252110.0,510.0,,169.99999999999994
adaptive_1_to_3_contracts,429,2025-09-12,2025-09-12T14:28:00+00:00,SPXW-20250912-06555.000-C,CALL,3,3450.0,10350.0,252110.0,252410.0,300.0,,100.0
adaptive_1_to_3_contracts,430,2025-09-12,2025-09-12T14:42:00+00:00,SPXW-20250912-06565.000-C,CALL,3,2460.0,7380.0,252410.0,252920.0,510.0,,169.99999999999994
adaptive_1_to_3_contracts,431,2025-09-12,2025-09-12T14:49:00+00:00,SPXW-20250912-06575.000-C,CALL,3,1720.0,5160.0,252920.0,252950.0,30.0,,10.000000000000142
adaptive_1_to_3_contracts,432,2025-09-15,2025-09-15T14:06:00+00:00,SPXW-20250915-06580.000-C,CALL,3,3240.0,9720.0,252950.0,252980.0,30.0,,10.000000000000142
adaptive_1_to_3_contracts,433,2025-09-15,2025-09-15T14:39:00+00:00,SPXW-20250915-06590.000-C,CALL,3,2510.0,7530.0,252980.0,254060.0,1080.0,,359.9999999999998
adaptive_1_to_3_contracts,434,2025-09-15,2025-09-15T17:39:00+00:00,SPXW-20250915-06590.000-C,CALL,3,2100.0,6300.0,254060.0,254360.0,300.0,,100.0
adaptive_1_to_3_contracts,435,2025-09-16,2025-09-16T14:17:00+00:00,SPXW-20250916-06585.000-C,CALL,3,2720.0,8160.0,254360.0,254690.0,330.0,,110.00000000000014
adaptive_1_to_3_contracts,436,2025-09-16,2025-09-16T15:10:00+00:00,SPXW-20250916-06580.000-C,CALL,3,2910.0,8730.0,254690.0,253310.0,-1380.0,,-460.0000000000001
adaptive_1_to_3_contracts,437,2025-09-17,2025-09-17T18:10:00+00:00,SPXW-20250917-06635.000-P,PUT,3,3340.0,10020.0,253310.0,254210.0,900.0,,300.0
adaptive_1_to_3_contracts,438,2025-09-17,2025-09-17T18:13:00+00:00,SPXW-20250917-06625.000-P,PUT,3,3240.0,9720.0,254210.0,257810.0,3600.0,,1200.0
adaptive_1_to_3_contracts,439,2025-09-17,2025-09-17T18:39:00+00:00,SPXW-20250917-06600.000-P,PUT,3,2300.0,6900.0,257810.0,260390.0,2580.0,,860.0000000000001
adaptive_1_to_3_contracts,440,2025-09-17,2025-09-17T18:42:00+00:00,SPXW-20250917-06595.000-P,PUT,3,2430.0,7290.0,260390.0,262010.0,1620.0,,539.9999999999999
adaptive_1_to_3_contracts,441,2025-09-17,2025-09-17T18:45:00+00:00,SPXW-20250917-06590.000-P,PUT,3,2530.0,7590.0,262010.0,264140.0,2130.0,,709.9999999999998
adaptive_1_to_3_contracts,442,2025-09-17,2025-09-17T18:48:00+00:00,SPXW-20250917-06550.000-C,CALL,3,3160.0,9480.0,264140.0,265550.0,1410.0,,469.99999999999955
adaptive_1_to_3_contracts,443,2025-09-17,2025-09-17T19:01:00+00:00,SPXW-20250917-06585.000-C,CALL,3,1590.0,4770.0,265550.0,267560.0,2010.0,,670.0000000000001
adaptive_1_to_3_contracts,444,2025-09-17,2025-09-17T19:05:00+00:00,SPXW-20250917-06570.000-C,CALL,3,3150.0,9450.0,267560.0,268070.0,510.0,,170.00000000000028
adaptive_1_to_3_contracts,445,2025-09-18,2025-09-18T14:00:00+00:00,SPXW-20250918-06605.000-C,CALL,3,2880.0,8640.0,268070.0,269390.0,1320.0,,440.0000000000002
adaptive_1_to_3_contracts,446,2025-09-18,2025-09-18T14:06:00+00:00,SPXW-20250918-06630.000-C,CALL,3,1680.0,5040.0,269390.0,271700.0,2310.0,,769.9999999999999
adaptive_1_to_3_contracts,447,2025-09-18,2025-09-18T14:25:00+00:00,SPXW-20250918-06625.000-C,CALL,3,2810.0,8430.0,271700.0,273110.0,1410.0,,469.99999999999955
adaptive_1_to_3_contracts,448,2025-09-18,2025-09-18T14:46:00+00:00,SPXW-20250918-06630.000-C,CALL,3,1789.9999999999998,5369.999999999999,273110.0,271820.0,-1290.0,,-429.9999999999999
adaptive_1_to_3_contracts,449,2025-09-18,2025-09-18T15:11:00+00:00,SPXW-20250918-06620.000-C,CALL,3,2110.0,6330.0,271820.0,272090.0,270.0,,89.99999999999986
adaptive_1_to_3_contracts,450,2025-09-18,2025-09-18T15:24:00+00:00,SPXW-20250918-06610.000-C,CALL,3,3370.0000000000005,10110.000000000002,272090.0,272780.0,690.0,,229.99999999999972
adaptive_1_to_3_contracts,451,2025-09-19,2025-09-19T14:01:00+00:00,SPXW-20250919-06615.000-C,CALL,3,3450.0,10350.0,272780.0,273320.0,540.0,,179.99999999999972
adaptive_1_to_3_contracts,452,2025-09-19,2025-09-19T14:29:00+00:00,SPXW-20250919-06670.000-P,PUT,3,2470.0,7410.0,273320.0,273470.0,150.0,,50.0
adaptive_1_to_3_contracts,453,2025-09-19,2025-09-19T17:30:00+00:00,SPXW-20250919-06620.000-C,CALL,3,3240.0,9720.0,273470.0,274160.0,690.0,,230.00000000000043
adaptive_1_to_3_contracts,454,2025-09-19,2025-09-19T17:59:00+00:00,SPXW-20250919-06635.000-C,CALL,3,1880.0,5640.0,274160.0,274340.0,180.0,,59.99999999999979
adaptive_1_to_3_contracts,455,2025-09-22,2025-09-22T14:01:00+00:00,SPXW-20250922-06650.000-C,CALL,3,1250.0,3750.0,274340.0,275150.0,810.0,,269.99999999999994
adaptive_1_to_3_contracts,456,2025-09-22,2025-09-22T14:29:00+00:00,SPXW-20250922-06655.000-C,CALL,3,1370.0,4110.0,275150.0,277760.0,2610.0,,869.9999999999999
adaptive_1_to_3_contracts,457,2025-09-22,2025-09-22T15:06:00+00:00,SPXW-20250922-06645.000-C,CALL,3,3100.0,9300.0,277760.0,278270.0,510.0,,170.00000000000028
adaptive_1_to_3_contracts,458,2025-09-23,2025-09-23T14:09:00+00:00,SPXW-20250923-06680.000-C,CALL,3,1840.0,5520.0,278270.0,278630.0,360.0,,120.00000000000028
adaptive_1_to_3_contracts,459,2025-09-23,2025-09-23T14:56:00+00:00,SPXW-20250923-06710.000-P,PUT,3,1850.0,5550.0,278630.0,279170.0,540.0,,180.00000000000006
adaptive_1_to_3_contracts,460,2025-09-23,2025-09-23T17:30:00+00:00,SPXW-20250923-06690.000-P,PUT,3,2750.0,8250.0,279170.0,279710.0,540.0,,180.00000000000006
adaptive_1_to_3_contracts,461,2025-09-23,2025-09-23T17:37:00+00:00,SPXW-20250923-06665.000-P,PUT,3,1350.0,4050.0,279710.0,281630.0,1920.0,,639.9999999999999
adaptive_1_to_3_contracts,462,2025-09-23,2025-09-23T17:48:00+00:00,SPXW-20250923-06640.000-C,CALL,3,1800.0,5400.0,281630.0,282560.0,930.0,,310.0000000000001
adaptive_1_to_3_contracts,463,2025-09-23,2025-09-23T17:56:00+00:00,SPXW-20250923-06670.000-P,PUT,3,1620.0,4860.0,282560.0,282680.0,120.0,,40.00000000000021
adaptive_1_to_3_contracts,464,2025-09-23,2025-09-23T18:33:00+00:00,SPXW-20250923-06625.000-C,CALL,3,3270.0000000000005,9810.000000000002,282680.0,283010.0,330.0,,109.99999999999945
adaptive_1_to_3_contracts,465,2025-09-24,2025-09-24T14:05:00+00:00,SPXW-20250924-06665.000-P,PUT,3,1240.0,3720.0,283010.0,283640.0,630.0,,209.99999999999997
adaptive_1_to_3_contracts,466,2025-09-24,2025-09-24T14:49:00+00:00,SPXW-20250924-06635.000-C,CALL,3,2760.0,8280.0,283640.0,283340.0,-300.0,,-100.0
adaptive_1_to_3_contracts,467,2025-09-24,2025-09-24T17:30:00+00:00,SPXW-20250924-06625.000-C,CALL,3,1650.0,4950.0,283340.0,283610.0,270.0,,89.99999999999986
adaptive_1_to_3_contracts,468,2025-09-25,2025-09-25T14:00:00+00:00,SPXW-20250925-06610.000-P,PUT,3,3210.0,9630.0,283610.0,278780.0,-4830.0,,-1610.0000000000002
adaptive_1_to_3_contracts,469,2025-09-25,2025-09-25T14:15:00+00:00,SPXW-20250925-06585.000-C,CALL,0,2680.0,0.0,278780.0,278780.0,0.0,daily_loss_stop,590.0000000000002
adaptive_1_to_3_contracts,470,2025-09-25,2025-09-25T14:25:00+00:00,SPXW-20250925-06585.000-C,CALL,0,3450.0,0.0,278780.0,278780.0,-0.0,daily_loss_stop,-179.99999999999972
adaptive_1_to_3_contracts,471,2025-09-26,2025-09-26T14:03:00+00:00,SPXW-20250926-06645.000-P,PUT,3,1400.0,4200.0,278780.0,279500.0,720.0,,239.99999999999983
adaptive_1_to_3_contracts,472,2025-09-26,2025-09-26T14:07:00+00:00,SPXW-20250926-06650.000-P,PUT,3,2540.0,7620.0,279500.0,280520.0,1020.0,,340.0000000000002
adaptive_1_to_3_contracts,473,2025-09-26,2025-09-26T14:13:00+00:00,SPXW-20250926-06640.000-P,PUT,3,2170.0,6510.0,280520.0,281690.0,1170.0,,390.0000000000002
adaptive_1_to_3_contracts,474,2025-09-26,2025-09-26T14:16:00+00:00,SPXW-20250926-06590.000-C,CALL,3,3360.0,10080.0,281690.0,282710.0,1020.0,,339.9999999999999
adaptive_1_to_3_contracts,475,2025-09-26,2025-09-26T14:30:00+00:00,SPXW-20250926-06625.000-P,PUT,3,2010.0,6030.0,282710.0,283370.0,660.0,,219.99999999999991
adaptive_1_to_3_contracts,476,2025-09-26,2025-09-26T14:38:00+00:00,SPXW-20250926-06590.000-C,CALL,3,2930.0,8790.0,283370.0,285920.0,2550.0,,849.9999999999997
adaptive_1_to_3_contracts,477,2025-09-26,2025-09-26T14:44:00+00:00,SPXW-20250926-06655.000-P,PUT,3,3400.0,10200.0,285920.0,290090.0,4170.0,,1389.9999999999998
adaptive_1_to_3_contracts,478,2025-09-26,2025-09-26T15:19:00+00:00,SPXW-20250926-06585.000-C,CALL,3,3370.0000000000005,10110.000000000002,290090.0,290330.0,240.0,,79.99999999999972
adaptive_1_to_3_contracts,479,2025-09-26,2025-09-26T15:25:00+00:00,SPXW-20250926-06595.000-C,CALL,3,2540.0,7620.0,290330.0,291770.0,1440.0,,480.00000000000006
adaptive_1_to_3_contracts,480,2025-09-29,2025-09-29T14:06:00+00:00,SPXW-20250929-06645.000-C,CALL,3,2610.0,7830.0,291770.0,293060.0,1290.0,,429.9999999999997
adaptive_1_to_3_contracts,481,2025-09-29,2025-09-29T14:09:00+00:00,SPXW-20250929-06665.000-C,CALL,3,1400.0,4200.0,293060.0,292910.0,-150.0,,-50.0
adaptive_1_to_3_contracts,482,2025-09-30,2025-09-30T14:02:00+00:00,SPXW-20250930-06630.000-C,CALL,3,3100.0,9300.0,292910.0,292910.0,0.0,,0.0
adaptive_1_to_3_contracts,483,2025-09-30,2025-09-30T14:28:00+00:00,SPXW-20250930-06670.000-P,PUT,3,2010.0,6030.0,292910.0,293180.0,270.0,,89.99999999999986
adaptive_1_to_3_contracts,484,2025-09-30,2025-09-30T14:30:00+00:00,SPXW-20250930-06625.000-C,CALL,3,3200.0,9600.0,293180.0,293630.0,450.0,,150.0
adaptive_1_to_3_contracts,485,2025-09-30,2025-09-30T14:48:00+00:00,SPXW-20250930-06635.000-C,CALL,3,2260.0,6780.0,293630.0,294770.0,1140.0,,379.9999999999997
adaptive_1_to_3_contracts,486,2025-10-01,2025-10-01T14:01:00+00:00,SPXW-20251001-06695.000-P,PUT,3,3160.0,9480.0,294770.0,293750.0,-1020.0,,-340.0000000000002
adaptive_1_to_3_contracts,487,2025-10-01,2025-10-01T14:26:00+00:00,SPXW-20251001-06650.000-C,CALL,0,3300.0,0.0,293750.0,293750.0,-0.0,daily_loss_stop,-79.99999999999972
adaptive_1_to_3_contracts,488,2025-10-02,2025-10-02T14:00:00+00:00,SPXW-20251002-06735.000-P,PUT,3,1930.0,5790.0,293750.0,295760.0,2010.0,,669.9999999999999
adaptive_1_to_3_contracts,489,2025-10-02,2025-10-02T14:44:00+00:00,SPXW-20251002-06725.000-P,PUT,3,1880.0,5640.0,295760.0,297080.0,1320.0,,439.9999999999999
adaptive_1_to_3_contracts,490,2025-10-02,2025-10-02T17:34:00+00:00,SPXW-20251002-06685.000-C,CALL,3,2720.0,8160.0,297080.0,296990.0,-90.0,,-30.00000000000007
adaptive_1_to_3_contracts,491,2025-10-02,2025-10-02T17:39:00+00:00,SPXW-20251002-06690.000-C,CALL,3,2210.0,6630.0,296990.0,297590.0,600.0,,200.0
adaptive_1_to_3_contracts,492,2025-10-03,2025-10-03T14:00:00+00:00,SPXW-20251003-06740.000-P,PUT,3,1430.0,4290.0,297590.0,297770.0,180.0,,59.999999999999964
adaptive_1_to_3_contracts,493,2025-10-03,2025-10-03T14:25:00+00:00,SPXW-20251003-06705.000-C,CALL,3,3220.0000000000005,9660.000000000002,297770.0,299150.0,1380.0,,459.99999999999943
adaptive_1_to_3_contracts,494,2025-10-03,2025-10-03T17:44:00+00:00,SPXW-20251003-06735.000-P,PUT,3,1210.0,3630.0,299150.0,303230.0,4080.0,,1360.0
adaptive_1_to_3_contracts,495,2025-10-06,2025-10-06T14:01:00+00:00,SPXW-20251006-06720.000-P,PUT,3,680.0,2040.0,303230.0,303740.0,510.0,,170.00000000000003
adaptive_1_to_3_contracts,496,2025-10-06,2025-10-06T14:15:00+00:00,SPXW-20251006-06700.000-C,CALL,3,2940.0,8820.0,303740.0,303860.0,120.0,,40.00000000000021
adaptive_1_to_3_contracts,497,2025-10-06,2025-10-06T14:32:00+00:00,SPXW-20251006-06695.000-C,CALL,3,3510.0,10530.0,303860.0,304610.0,750.0,,250.0
adaptive_1_to_3_contracts,498,2025-10-06,2025-10-06T14:43:00+00:00,SPXW-20251006-06720.000-C,CALL,3,1390.0,4170.0,304610.0,304850.0,240.0,,79.99999999999989
adaptive_1_to_3_contracts,499,2025-10-06,2025-10-06T14:56:00+00:00,SPXW-20251006-06705.000-C,CALL,3,2680.0,8040.0,304850.0,305810.0,960.0,,319.99999999999994
adaptive_1_to_3_contracts,500,2025-10-06,2025-10-06T15:24:00+00:00,SPXW-20251006-06705.000-C,CALL,3,3080.0,9240.0,305810.0,306410.0,600.0,,199.9999999999997
adaptive_1_to_3_contracts,501,2025-10-06,2025-10-06T17:33:00+00:00,SPXW-20251006-06720.000-C,CALL,3,2520.0,7560.0,306410.0,306530.0,120.0,,40.00000000000021
adaptive_1_to_3_contracts,502,2025-10-07,2025-10-07T14:01:00+00:00,SPXW-20251007-06760.000-P,PUT,3,1670.0,5010.0,306530.0,306980.0,450.0,,150.0
adaptive_1_to_3_contracts,503,2025-10-07,2025-10-07T14:29:00+00:00,SPXW-20251007-06745.000-P,PUT,3,1180.0,3540.0,306980.0,307970.0,990.0,,329.9999999999999
adaptive_1_to_3_contracts,504,2025-10-07,2025-10-07T15:06:00+00:00,SPXW-20251007-06720.000-P,PUT,3,790.0,2370.0,307970.0,308510.0,540.0,,179.9999999999999
adaptive_1_to_3_contracts,505,2025-10-08,2025-10-08T14:00:00+00:00,SPXW-20251008-06695.000-C,CALL,3,3460.0,10380.0,308510.0,311900.0,3390.0,,1129.9999999999998
adaptive_1_to_3_contracts,506,2025-10-08,2025-10-08T14:25:00+00:00,SPXW-20251008-06710.000-C,CALL,3,3210.0,9630.0,311900.0,312650.0,750.0,,250.0
adaptive_1_to_3_contracts,507,2025-10-08,2025-10-08T14:36:00+00:00,SPXW-20251008-06715.000-C,CALL,3,2920.0,8760.0,312650.0,312410.0,-240.0,,-80.00000000000007
adaptive_1_to_3_contracts,508,2025-10-08,2025-10-08T18:46:00+00:00,SPXW-20251008-06735.000-C,CALL,3,1390.0,4170.0,312410.0,312440.0,30.0,,9.999999999999964
adaptive_1_to_3_contracts,509,2025-10-09,2025-10-09T14:00:00+00:00,SPXW-20251009-06765.000-P,PUT,3,2420.0,7260.0,312440.0,312260.0,-180.0,,-59.99999999999979
adaptive_1_to_3_contracts,510,2025-10-09,2025-10-09T14:25:00+00:00,SPXW-20251009-06755.000-P,PUT,3,1850.0,5550.0,312260.0,314060.0,1800.0,,600.0
adaptive_1_to_3_contracts,511,2025-10-09,2025-10-09T15:15:00+00:00,SPXW-20251009-06705.000-C,CALL,3,3500.0,10500.0,314060.0,313670.0,-390.0,,-129.99999999999972
adaptive_1_to_3_contracts,512,2025-10-10,2025-10-10T14:01:00+00:00,SPXW-20251010-06750.000-P,PUT,3,819.9999999999999,2459.9999999999995,313670.0,314210.0,540.0,,180.00000000000006
adaptive_1_to_3_contracts,513,2025-10-10,2025-10-10T14:26:00+00:00,SPXW-20251010-06730.000-C,CALL,3,2600.0,7800.0,314210.0,313430.0,-780.0,,-260.0000000000001
adaptive_1_to_3_contracts,514,2025-10-10,2025-10-10T14:40:00+00:00,SPXW-20251010-06750.000-P,PUT,3,920.0,2760.0,313430.0,313760.0,330.0,,110.00000000000014
adaptive_1_to_3_contracts,515,2025-10-10,2025-10-10T14:57:00+00:00,SPXW-20251010-06735.000-P,PUT,3,330.0,990.0,313760.0,315860.0,2100.0,,700.0000000000001
adaptive_1_to_3_contracts,516,2025-10-13,2025-10-13T14:00:00+00:00,SPXW-20251013-06630.000-C,CALL,3,3150.0,9450.0,315860.0,315500.0,-360.0,,-119.99999999999991
adaptive_1_to_3_contracts,517,2025-10-13,2025-10-13T14:03:00+00:00,SPXW-20251013-06630.000-C,CALL,3,2700.0,8100.0,315500.0,316520.0,1020.0,,339.9999999999999
adaptive_1_to_3_contracts,518,2025-10-13,2025-10-13T14:25:00+00:00,SPXW-20251013-06650.000-P,PUT,3,2490.0,7470.0,316520.0,318530.0,2010.0,,670.0000000000002
adaptive_1_to_3_contracts,519,2025-10-13,2025-10-13T14:28:00+00:00,SPXW-20251013-06615.000-C,CALL,3,2580.0,7740.0,318530.0,321980.0,3450.0,,1149.9999999999995
adaptive_1_to_3_contracts,520,2025-10-14,2025-10-14T14:04:00+00:00,SPXW-20251014-06570.000-C,CALL,3,3410.0,10230.0,321980.0,323660.0,1680.0,,560.0000000000001
adaptive_1_to_3_contracts,521,2025-10-14,2025-10-14T14:09:00+00:00,SPXW-20251014-06620.000-P,PUT,3,3220.0000000000005,9660.000000000002,323660.0,322970.0,-690.0,,-230.00000000000043
adaptive_1_to_3_contracts,522,2025-10-14,2025-10-14T14:32:00+00:00,SPXW-20251014-06590.000-C,CALL,3,3440.0,10320.0,322970.0,325010.0,2040.0,,680.0000000000005
adaptive_1_to_3_contracts,523,2025-10-14,2025-10-14T14:54:00+00:00,SPXW-20251014-06595.000-C,CALL,3,3200.0,9600.0,325010.0,326360.0,1350.0,,450.0
adaptive_1_to_3_contracts,524,2025-10-14,2025-10-14T15:10:00+00:00,SPXW-20251014-06600.000-C,CALL,3,3270.0000000000005,9810.000000000002,326360.0,326570.0,210.0,,69.99999999999957
adaptive_1_to_3_contracts,525,2025-10-14,2025-10-14T17:30:00+00:00,SPXW-20251014-06655.000-C,CALL,3,2420.0,7260.0,326570.0,324950.0,-1620.0,,-539.9999999999999
adaptive_1_to_3_contracts,526,2025-10-14,2025-10-14T18:18:00+00:00,SPXW-20251014-06650.000-C,CALL,3,2530.0,7590.0,324950.0,324470.0,-480.0,,-160.00000000000014
adaptive_1_to_3_contracts,527,2025-10-14,2025-10-14T18:22:00+00:00,SPXW-20251014-06660.000-C,CALL,3,1300.0,3900.0,324470.0,325760.0,1290.0,,430.00000000000006
adaptive_1_to_3_contracts,528,2025-10-15,2025-10-15T14:00:00+00:00,SPXW-20251015-06680.000-C,CALL,3,3340.0,10020.0,325760.0,329780.0,4020.0,,1339.9999999999998
adaptive_1_to_3_contracts,529,2025-10-15,2025-10-15T14:15:00+00:00,SPXW-20251015-06700.000-C,CALL,3,2540.0,7620.0,329780.0,330110.0,330.0,,110.00000000000014
adaptive_1_to_3_contracts,530,2025-10-15,2025-10-15T14:30:00+00:00,SPXW-20251015-06695.000-C,CALL,3,2980.0,8940.0,330110.0,329720.0,-390.0,,-130.00000000000006
adaptive_1_to_3_contracts,531,2025-10-15,2025-10-15T14:42:00+00:00,SPXW-20251015-06695.000-C,CALL,3,2370.0,7110.0,329720.0,329690.0,-30.0,,-9.999999999999789
adaptive_1_to_3_contracts,532,2025-10-15,2025-10-15T14:51:00+00:00,SPXW-20251015-06700.000-C,CALL,3,1860.0,5580.0,329690.0,330110.0,420.0,,139.99999999999986
adaptive_1_to_3_contracts,533,2025-10-15,2025-10-15T15:13:00+00:00,SPXW-20251015-06685.000-C,CALL,3,2470.0,7410.0,330110.0,330620.0,510.0,,169.99999999999994
adaptive_1_to_3_contracts,534,2025-10-15,2025-10-15T15:17:00+00:00,SPXW-20251015-06680.000-C,CALL,3,2740.0,8220.0,330620.0,330950.0,330.0,,110.00000000000014
adaptive_1_to_3_contracts,535,2025-10-15,2025-10-15T17:33:00+00:00,SPXW-20251015-06615.000-C,CALL,3,2700.0,8100.0,330950.0,333650.0,2700.0,,900.0
adaptive_1_to_3_contracts,536,2025-10-15,2025-10-15T17:45:00+00:00,SPXW-20251015-06630.000-C,CALL,3,2760.0,8280.0,333650.0,336140.0,2490.0,,829.9999999999998
adaptive_1_to_3_contracts,537,2025-10-16,2025-10-16T14:00:00+00:00,SPXW-20251016-06715.000-P,PUT,3,3379.9999999999995,10139.999999999998,336140.0,336950.0,810.0,,270.0000000000003
adaptive_1_to_3_contracts,538,2025-10-16,2025-10-16T14:25:00+00:00,SPXW-20251016-06670.000-C,CALL,3,3210.0,9630.0,336950.0,336890.0,-60.0,,-20.000000000000284
adaptive_1_to_3_contracts,539,2025-10-16,2025-10-16T14:37:00+00:00,SPXW-20251016-06675.000-C,CALL,3,3229.9999999999995,9689.999999999998,336890.0,338600.0,1710.0,,570.0000000000002
adaptive_1_to_3_contracts,540,2025-10-17,2025-10-17T14:00:00+00:00,SPXW-20251017-06640.000-P,PUT,3,3310.0,9930.0,338600.0,337430.0,-1170.0,,-390.0000000000002
adaptive_1_to_3_contracts,541,2025-10-17,2025-10-17T14:11:00+00:00,SPXW-20251017-06625.000-C,CALL,0,3080.0,0.0,337430.0,337430.0,0.0,daily_loss_stop,1299.9999999999995
adaptive_1_to_3_contracts,542,2025-10-17,2025-10-17T14:44:00+00:00,SPXW-20251017-06650.000-P,PUT,0,3340.0,0.0,337430.0,337430.0,-0.0,daily_loss_stop,-60.00000000000014
adaptive_1_to_3_contracts,543,2025-10-17,2025-10-17T14:52:00+00:00,SPXW-20251017-06650.000-P,PUT,0,3310.0,0.0,337430.0,337430.0,0.0,daily_loss_stop,929.9999999999998
adaptive_1_to_3_contracts,544,2025-10-17,2025-10-17T15:11:00+00:00,SPXW-20251017-06645.000-P,PUT,0,3110.0,0.0,337430.0,337430.0,0.0,daily_loss_stop,789.9999999999999
adaptive_1_to_3_contracts,545,2025-10-17,2025-10-17T17:32:00+00:00,SPXW-20251017-06615.000-C,CALL,0,2800.0,0.0,337430.0,337430.0,0.0,daily_loss_stop,470.0000000000003
adaptive_1_to_3_contracts,546,2025-10-17,2025-10-17T17:58:00+00:00,SPXW-20251017-06630.000-C,CALL,0,2350.0,0.0,337430.0,337430.0,0.0,daily_loss_stop,469.99999999999994
adaptive_1_to_3_contracts,547,2025-10-20,2025-10-20T14:00:00+00:00,SPXW-20251020-06685.000-C,CALL,3,3110.0,9330.0,337430.0,339590.0,2160.0,,719.9999999999995
adaptive_1_to_3_contracts,548,2025-10-20,2025-10-20T14:25:00+00:00,SPXW-20251020-06690.000-C,CALL,3,3410.0,10230.0,339590.0,340460.0,870.0,,289.9999999999999
adaptive_1_to_3_contracts,549,2025-10-20,2025-10-20T14:35:00+00:00,SPXW-20251020-06700.000-C,CALL,3,2660.0,7980.0,340460.0,342440.0,1980.0,,660.0000000000001
adaptive_1_to_3_contracts,550,2025-10-20,2025-10-20T17:38:00+00:00,SPXW-20251020-06730.000-C,CALL,3,1330.0,3990.0,342440.0,342890.0,450.0,,150.0
adaptive_1_to_3_contracts,551,2025-10-21,2025-10-21T14:00:00+00:00,SPXW-20251021-06750.000-P,PUT,3,2570.0,7710.0,342890.0,342590.0,-300.0,,-100.0
adaptive_1_to_3_contracts,552,2025-10-21,2025-10-21T14:25:00+00:00,SPXW-20251021-06765.000-P,PUT,3,2880.0,8640.0,342590.0,346040.0,3450.0,,1149.9999999999995
adaptive_1_to_3_contracts,553,2025-10-22,2025-10-22T14:01:00+00:00,SPXW-20251022-06710.000-C,CALL,3,3070.0,9210.0,346040.0,346310.0,270.0,,90.00000000000021
adaptive_1_to_3_contracts,554,2025-10-22,2025-10-22T14:10:00+00:00,SPXW-20251022-06740.000-P,PUT,3,1410.0,4230.0,346310.0,346430.0,120.0,,40.000000000000036
adaptive_1_to_3_contracts,555,2025-10-22,2025-10-22T14:26:00+00:00,SPXW-20251022-06730.000-P,PUT,3,1230.0,3690.0,346430.0,349700.0,3270.0,,1089.9999999999998
adaptive_1_to_3_contracts,556,2025-10-22,2025-10-22T14:38:00+00:00,SPXW-20251022-06735.000-P,PUT,3,2310.0,6930.0,349700.0,351770.0,2070.0,,689.9999999999999
adaptive_1_to_3_contracts,557,2025-10-23,2025-10-23T14:00:00+00:00,SPXW-20251023-06740.000-P,PUT,3,2330.0,6990.0,351770.0,354020.0,2250.0,,750.0
adaptive_1_to_3_contracts,558,2025-10-23,2025-10-23T14:12:00+00:00,SPXW-20251023-06700.000-C,CALL,3,2200.0,6600.0,354020.0,353270.0,-750.0,,-250.0
adaptive_1_to_3_contracts,559,2025-10-23,2025-10-23T14:26:00+00:00,SPXW-20251023-06690.000-C,CALL,3,3170.0,9510.0,353270.0,354830.0,1560.0,,519.9999999999999
adaptive_1_to_3_contracts,560,2025-10-23,2025-10-23T14:44:00+00:00,SPXW-20251023-06695.000-C,CALL,3,3030.0,9090.0,354830.0,356120.0,1290.0,,430.00000000000006
adaptive_1_to_3_contracts,561,2025-10-24,2025-10-24T14:01:00+00:00,SPXW-20251024-06785.000-C,CALL,3,2000.0,6000.0,356120.0,356840.0,720.0,,239.99999999999983
adaptive_1_to_3_contracts,562,2025-10-24,2025-10-24T14:12:00+00:00,SPXW-20251024-06775.000-C,CALL,3,2910.0,8730.0,356840.0,356330.0,-510.0,,-170.00000000000028
adaptive_1_to_3_contracts,563,2025-10-24,2025-10-24T14:26:00+00:00,SPXW-20251024-06805.000-P,PUT,3,1730.0,5190.0,356330.0,357740.0,1410.0,,469.99999999999994
adaptive_1_to_3_contracts,564,2025-10-24,2025-10-24T14:32:00+00:00,SPXW-20251024-06765.000-C,CALL,3,2790.0,8370.0,357740.0,359360.0,1620.0,,539.9999999999999
adaptive_1_to_3_contracts,565,2025-10-27,2025-10-27T14:01:00+00:00,SPXW-20251027-06820.000-C,CALL,3,3470.0000000000005,10410.000000000002,359360.0,360680.0,1320.0,,439.9999999999999
adaptive_1_to_3_contracts,566,2025-10-27,2025-10-27T14:11:00+00:00,SPXW-20251027-06835.000-C,CALL,3,2340.0,7020.0,360680.0,359750.0,-930.0,,-309.9999999999998
adaptive_1_to_3_contracts,567,2025-10-27,2025-10-27T14:28:00+00:00,SPXW-20251027-06820.000-C,CALL,3,3170.0,9510.0,359750.0,360230.0,480.0,,159.99999999999977
adaptive_1_to_3_contracts,568,2025-10-27,2025-10-27T14:33:00+00:00,SPXW-20251027-06820.000-C,CALL,3,3400.0,10200.0,360230.0,360980.0,750.0,,250.0
adaptive_1_to_3_contracts,569,2025-10-27,2025-10-27T14:38:00+00:00,SPXW-20251027-06835.000-C,CALL,3,2220.0,6660.0,360980.0,361250.0,270.0,,90.00000000000021
adaptive_1_to_3_contracts,570,2025-10-27,2025-10-27T14:55:00+00:00,SPXW-20251027-06835.000-C,CALL,3,1870.0,5610.0,361250.0,361310.0,60.0,,19.99999999999993
adaptive_1_to_3_contracts,571,2025-10-28,2025-10-28T14:00:00+00:00,SPXW-20251028-06890.000-P,PUT,3,1700.0,5100.0,361310.0,360350.0,-960.0,,-319.99999999999994
adaptive_1_to_3_contracts,572,2025-10-28,2025-10-28T14:25:00+00:00,SPXW-20251028-06850.000-C,CALL,0,3410.0,0.0,360350.0,360350.0,0.0,daily_loss_stop,189.99999999999983
adaptive_1_to_3_contracts,573,2025-10-28,2025-10-28T14:52:00+00:00,SPXW-20251028-06855.000-C,CALL,0,3130.0,0.0,360350.0,360350.0,-0.0,daily_loss_stop,-180.00000000000006
adaptive_1_to_3_contracts,574,2025-10-28,2025-10-28T15:03:00+00:00,SPXW-20251028-06915.000-P,PUT,0,3240.0,0.0,360350.0,360350.0,0.0,daily_loss_stop,300.0
adaptive_1_to_3_contracts,575,2025-10-28,2025-10-28T18:40:00+00:00,SPXW-20251028-06870.000-C,CALL,0,3130.0,0.0,360350.0,360350.0,0.0,daily_loss_stop,30.00000000000007
adaptive_1_to_3_contracts,576,2025-10-29,2025-10-29T14:11:00+00:00,SPXW-20251029-06940.000-P,PUT,3,3370.0000000000005,10110.000000000002,360350.0,360920.0,570.0,,189.99999999999983
adaptive_1_to_3_contracts,577,2025-10-29,2025-10-29T14:46:00+00:00,SPXW-20251029-06935.000-P,PUT,3,3310.0,9930.0,360920.0,362060.0,1140.0,,379.9999999999997
adaptive_1_to_3_contracts,578,2025-10-29,2025-10-29T18:12:00+00:00,SPXW-20251029-06930.000-P,PUT,3,2940.0,8820.0,362060.0,363950.0,1890.0,,630.0000000000005
adaptive_1_to_3_contracts,579,2025-10-29,2025-10-29T18:35:00+00:00,SPXW-20251029-06930.000-P,PUT,3,2770.0,8310.0,363950.0,372800.0,8850.0,,2950.0000000000005
adaptive_1_to_3_contracts,580,2025-10-29,2025-10-29T18:51:00+00:00,SPXW-20251029-06855.000-C,CALL,3,2680.0,8040.0,372800.0,373790.0,990.0,,330.00000000000006
adaptive_1_to_3_contracts,581,2025-10-29,2025-10-29T19:01:00+00:00,SPXW-20251029-06900.000-P,PUT,3,1820.0,5460.0,373790.0,377900.0,4110.0,,1370.0
adaptive_1_to_3_contracts,582,2025-10-30,2025-10-30T14:00:00+00:00,SPXW-20251030-06850.000-C,CALL,3,3279.9999999999995,9839.999999999998,377900.0,378620.0,720.0,,240.00000000000057
adaptive_1_to_3_contracts,583,2025-10-30,2025-10-30T14:25:00+00:00,SPXW-20251030-06875.000-P,PUT,3,2620.0,7860.0,378620.0,378890.0,270.0,,90.00000000000021
adaptive_1_to_3_contracts,584,2025-10-30,2025-10-30T14:30:00+00:00,SPXW-20251030-06850.000-C,CALL,3,2180.0,6540.0,378890.0,379940.0,1050.0,,350.0
adaptive_1_to_3_contracts,585,2025-10-30,2025-10-30T14:46:00+00:00,SPXW-20251030-06855.000-C,CALL,3,2540.0,7620.0,379940.0,379760.0,-180.0,,-59.99999999999979
adaptive_1_to_3_contracts,586,2025-10-31,2025-10-31T14:00:00+00:00,SPXW-20251031-06885.000-P,PUT,3,3340.0,10020.0,379760.0,381320.0,1560.0,,520.0000000000002
adaptive_1_to_3_contracts,587,2025-10-31,2025-10-31T14:31:00+00:00,SPXW-20251031-06830.000-C,CALL,3,3200.0,9600.0,381320.0,382580.0,1260.0,,420.0000000000003
adaptive_1_to_3_contracts,588,2025-10-31,2025-10-31T14:41:00+00:00,SPXW-20251031-06835.000-C,CALL,3,3170.0,9510.0,382580.0,384020.0,1440.0,,480.00000000000006
adaptive_1_to_3_contracts,589,2025-10-31,2025-10-31T14:58:00+00:00,SPXW-20251031-06835.000-C,CALL,3,3470.0000000000005,10410.000000000002,384020.0,384230.0,210.0,,69.99999999999957
adaptive_1_to_3_contracts,590,2025-10-31,2025-10-31T15:12:00+00:00,SPXW-20251031-06835.000-C,CALL,3,3279.9999999999995,9839.999999999998,384230.0,385010.0,780.0,,260.0000000000001
adaptive_1_to_3_contracts,591,2025-10-31,2025-10-31T17:30:00+00:00,SPXW-20251031-06790.000-C,CALL,3,3450.0,10350.0,385010.0,386690.0,1680.0,,560.0000000000001
adaptive_1_to_3_contracts,592,2025-10-31,2025-10-31T18:08:00+00:00,SPXW-20251031-06820.000-C,CALL,3,2300.0,6900.0,386690.0,387230.0,540.0,,180.00000000000006
adaptive_1_to_3_contracts,593,2025-11-03,2025-11-03T15:00:00+00:00,SPXW-20251103-06860.000-P,PUT,3,2280.0,6840.0,387230.0,388490.0,1260.0,,419.99999999999994
adaptive_1_to_3_contracts,594,2025-11-03,2025-11-03T15:16:00+00:00,SPXW-20251103-06860.000-P,PUT,3,2440.0,7320.0,388490.0,392660.0,4170.0,,1389.9999999999998
adaptive_1_to_3_contracts,595,2025-11-03,2025-11-03T15:42:00+00:00,SPXW-20251103-06850.000-P,PUT,3,2000.0,6000.0,392660.0,392990.0,330.0,,110.00000000000014
adaptive_1_to_3_contracts,596,2025-11-03,2025-11-03T15:53:00+00:00,SPXW-20251103-06820.000-C,CALL,3,2780.0,8340.0,392990.0,394730.0,1740.0,,580.0000000000001
adaptive_1_to_3_contracts,597,2025-11-03,2025-11-03T16:02:00+00:00,SPXW-20251103-06865.000-P,PUT,3,2450.0,7350.0,394730.0,394850.0,120.0,,39.99999999999986
adaptive_1_to_3_contracts,598,2025-11-03,2025-11-03T16:14:00+00:00,SPXW-20251103-06830.000-C,CALL,3,2150.0,6450.0,394850.0,395210.0,360.0,,119.99999999999991
adaptive_1_to_3_contracts,599,2025-11-03,2025-11-03T18:31:00+00:00,SPXW-20251103-06850.000-C,CALL,3,1230.0,3690.0,395210.0,396020.0,810.0,,269.99999999999994
adaptive_1_to_3_contracts,600,2025-11-04,2025-11-04T15:01:00+00:00,SPXW-20251104-06785.000-C,CALL,3,3120.0,9360.0,396020.0,396380.0,360.0,,119.99999999999991
adaptive_1_to_3_contracts,601,2025-11-04,2025-11-04T15:09:00+00:00,SPXW-20251104-06785.000-C,CALL,3,2990.0,8970.0,396380.0,397190.0,810.0,,270.0000000000003
adaptive_1_to_3_contracts,602,2025-11-04,2025-11-04T15:33:00+00:00,SPXW-20251104-06785.000-C,CALL,3,3220.0000000000005,9660.000000000002,397190.0,398780.0,1590.0,,529.9999999999998
adaptive_1_to_3_contracts,603,2025-11-04,2025-11-04T15:46:00+00:00,SPXW-20251104-06795.000-C,CALL,3,2530.0,7590.0,398780.0,397400.0,-1380.0,,-460.0000000000001
adaptive_1_to_3_contracts,604,2025-11-04,2025-11-04T15:58:00+00:00,SPXW-20251104-06775.000-C,CALL,3,3130.0,9390.0,397400.0,399140.0,1740.0,,580.0000000000001
adaptive_1_to_3_contracts,605,2025-11-04,2025-11-04T16:04:00+00:00,SPXW-20251104-06785.000-C,CALL,3,2550.0,7650.0,399140.0,398570.0,-570.0,,-189.99999999999983
adaptive_1_to_3_contracts,606,2025-11-04,2025-11-04T16:12:00+00:00,SPXW-20251104-06770.000-C,CALL,3,3390.0,10170.0,398570.0,399590.0,1020.0,,339.9999999999999
adaptive_1_to_3_contracts,607,2025-11-04,2025-11-04T16:18:00+00:00,SPXW-20251104-06815.000-P,PUT,3,1780.0,5340.0,399590.0,400850.0,1260.0,,419.99999999999994
adaptive_1_to_3_contracts,608,2025-11-04,2025-11-04T16:26:00+00:00,SPXW-20251104-06810.000-P,PUT,3,1810.0,5430.0,400850.0,400250.0,-600.0,,-200.0
adaptive_1_to_3_contracts,609,2025-11-04,2025-11-04T18:31:00+00:00,SPXW-20251104-06795.000-P,PUT,3,2070.0,6210.0,400250.0,401570.0,1320.0,,440.0000000000002
adaptive_1_to_3_contracts,610,2025-11-05,2025-11-05T15:01:00+00:00,SPXW-20251105-06820.000-P,PUT,3,3240.0,9720.0,401570.0,400760.0,-810.0,,-269.99999999999994
adaptive_1_to_3_contracts,611,2025-11-05,2025-11-05T15:26:00+00:00,SPXW-20251105-06765.000-C,CALL,0,3340.0,0.0,400760.0,400760.0,0.0,daily_loss_stop,600.0
adaptive_1_to_3_contracts,612,2025-11-05,2025-11-05T15:31:00+00:00,SPXW-20251105-06775.000-C,CALL,0,2670.0,0.0,400760.0,400760.0,0.0,daily_loss_stop,519.9999999999999
adaptive_1_to_3_contracts,613,2025-11-06,2025-11-06T15:00:00+00:00,SPXW-20251106-06790.000-P,PUT,3,3420.0000000000005,10260.000000000002,400760.0,402500.0,1740.0,,579.9999999999998
adaptive_1_to_3_contracts,614,2025-11-06,2025-11-06T15:26:00+00:00,SPXW-20251106-06800.000-P,PUT,3,3240.0,9720.0,402500.0,403730.0,1230.0,,410.0000000000001
adaptive_1_to_3_contracts,615,2025-11-07,2025-11-07T15:03:00+00:00,SPXW-20251107-06700.000-P,PUT,3,3470.0000000000005,10410.000000000002,403730.0,406580.0,2850.0,,950.0
adaptive_1_to_3_contracts,616,2025-11-07,2025-11-07T15:30:00+00:00,SPXW-20251107-06660.000-C,CALL,3,3180.0,9540.0,406580.0,405680.0,-900.0,,-300.0
adaptive_1_to_3_contracts,617,2025-11-07,2025-11-07T15:41:00+00:00,SPXW-20251107-06685.000-P,PUT,3,2700.0,8100.0,405680.0,407990.0,2310.0,,770.0000000000002
adaptive_1_to_3_contracts,618,2025-11-07,2025-11-07T15:48:00+00:00,SPXW-20251107-06680.000-P,PUT,3,2940.0,8820.0,407990.0,409010.0,1020.0,,339.9999999999999
adaptive_1_to_3_contracts,619,2025-11-07,2025-11-07T18:31:00+00:00,SPXW-20251107-06645.000-C,CALL,3,3180.0,9540.0,409010.0,408560.0,-450.0,,-150.0
adaptive_1_to_3_contracts,620,2025-11-10,2025-11-10T15:01:00+00:00,SPXW-20251110-06780.000-C,CALL,3,3060.0,9180.0,408560.0,408980.0,420.0,,139.99999999999986
adaptive_1_to_3_contracts,621,2025-11-10,2025-11-10T15:10:00+00:00,SPXW-20251110-06780.000-C,CALL,3,3140.0,9420.0,408980.0,409550.0,570.0,,189.99999999999983
adaptive_1_to_3_contracts,622,2025-11-10,2025-11-10T15:26:00+00:00,SPXW-20251110-06795.000-C,CALL,3,2130.0,6390.0,409550.0,409100.0,-450.0,,-150.0
adaptive_1_to_3_contracts,623,2025-11-10,2025-11-10T15:34:00+00:00,SPXW-20251110-06790.000-C,CALL,3,2280.0,6840.0,409100.0,407750.0,-1350.0,,-450.0
adaptive_1_to_3_contracts,624,2025-11-11,2025-11-11T15:01:00+00:00,SPXW-20251111-06795.000-C,CALL,3,3260.0,9780.0,407750.0,406340.0,-1410.0,,-470.0000000000003
adaptive_1_to_3_contracts,625,2025-11-11,2025-11-11T15:06:00+00:00,SPXW-20251111-06820.000-P,PUT,0,1240.0,0.0,406340.0,406340.0,0.0,daily_loss_stop,319.99999999999994
adaptive_1_to_3_contracts,626,2025-11-11,2025-11-11T15:26:00+00:00,SPXW-20251111-06835.000-P,PUT,0,2110.0,0.0,406340.0,406340.0,0.0,daily_loss_stop,700.0
adaptive_1_to_3_contracts,627,2025-11-11,2025-11-11T16:26:00+00:00,SPXW-20251111-06830.000-P,PUT,0,1390.0,0.0,406340.0,406340.0,0.0,daily_loss_stop,829.9999999999999
adaptive_1_to_3_contracts,628,2025-11-12,2025-11-12T15:02:00+00:00,SPXW-20251112-06840.000-C,CALL,3,2580.0,7740.0,406340.0,406220.0,-120.0,,-40.00000000000021
adaptive_1_to_3_contracts,629,2025-11-12,2025-11-12T15:05:00+00:00,SPXW-20251112-06890.000-P,PUT,2,3340.0,6680.0,406220.0,407880.0,1660.0,,830.0000000000005
adaptive_1_to_3_contracts,630,2025-11-12,2025-11-12T15:27:00+00:00,SPXW-20251112-06870.000-P,PUT,3,2550.0,7650.0,407880.0,410490.0,2610.0,,870.0000000000002
adaptive_1_to_3_contracts,631,2025-11-12,2025-11-12T16:27:00+00:00,SPXW-20251112-06820.000-C,CALL,3,2550.0,7650.0,410490.0,412440.0,1950.0,,650.0
adaptive_1_to_3_contracts,632,2025-11-13,2025-11-13T15:00:00+00:00,SPXW-20251113-06780.000-C,CALL,3,3490.0,10470.0,412440.0,411600.0,-840.0,,-279.9999999999997
adaptive_1_to_3_contracts,633,2025-11-13,2025-11-13T15:06:00+00:00,SPXW-20251113-06800.000-C,CALL,0,1840.0,0.0,411600.0,411600.0,0.0,daily_loss_stop,1040.0000000000002
adaptive_1_to_3_contracts,634,2025-11-13,2025-11-13T15:26:00+00:00,SPXW-20251113-06840.000-P,PUT,0,3100.0,0.0,411600.0,411600.0,0.0,daily_loss_stop,1370.0000000000002
adaptive_1_to_3_contracts,635,2025-11-13,2025-11-13T15:41:00+00:00,SPXW-20251113-06825.000-P,PUT,0,3240.0,0.0,411600.0,411600.0,0.0,daily_loss_stop,1810.0
adaptive_1_to_3_contracts,636,2025-11-14,2025-11-14T15:06:00+00:00,SPXW-20251114-06680.000-C,CALL,3,3240.0,9720.0,411600.0,412830.0,1230.0,,410.0000000000001
adaptive_1_to_3_contracts,637,2025-11-14,2025-11-14T15:14:00+00:00,SPXW-20251114-06670.000-C,CALL,3,3510.0,10530.0,412830.0,416430.0,3600.0,,1200.0
adaptive_1_to_3_contracts,638,2025-11-14,2025-11-14T15:27:00+00:00,SPXW-20251114-06700.000-C,CALL,3,2520.0,7560.0,416430.0,417390.0,960.0,,319.99999999999994
adaptive_1_to_3_contracts,639,2025-11-14,2025-11-14T15:32:00+00:00,SPXW-20251114-06700.000-C,CALL,3,2870.0,8610.0,417390.0,423090.0,5700.0,,1900.0000000000005
adaptive_1_to_3_contracts,640,2025-11-14,2025-11-14T18:30:00+00:00,SPXW-20251114-06720.000-C,CALL,3,3360.0,10080.0,423090.0,423690.0,600.0,,200.0
adaptive_1_to_3_contracts,641,2025-11-14,2025-11-14T18:32:00+00:00,SPXW-20251114-06730.000-C,CALL,3,2420.0,7260.0,423690.0,424980.0,1290.0,,430.00000000000006
adaptive_1_to_3_contracts,642,2025-11-14,2025-11-14T18:45:00+00:00,SPXW-20251114-06705.000-C,CALL,3,3390.0,10170.0,424980.0,424950.0,-30.0,,-10.000000000000142
adaptive_1_to_3_contracts,643,2025-11-14,2025-11-14T18:51:00+00:00,SPXW-20251114-06725.000-C,CALL,3,2160.0,6480.0,424950.0,427980.0,3030.0,,1009.9999999999998
adaptive_1_to_3_contracts,644,2025-11-14,2025-11-14T18:58:00+00:00,SPXW-20251114-06720.000-C,CALL,3,3150.0,9450.0,427980.0,428940.0,960.0,,320.0000000000003
adaptive_1_to_3_contracts,645,2025-11-17,2025-11-17T15:00:00+00:00,SPXW-20251117-06725.000-C,CALL,3,3110.0,9330.0,428940.0,428640.0,-300.0,,-100.0
adaptive_1_to_3_contracts,646,2025-11-17,2025-11-17T15:12:00+00:00,SPXW-20251117-06710.000-C,CALL,3,3510.0,10530.0,428640.0,429060.0,420.0,,139.99999999999986
adaptive_1_to_3_contracts,647,2025-11-17,2025-11-17T15:17:00+00:00,SPXW-20251117-06765.000-P,PUT,3,3460.0,10380.0,429060.0,430440.0,1380.0,,460.0000000000001
adaptive_1_to_3_contracts,648,2025-11-17,2025-11-17T15:34:00+00:00,SPXW-20251117-06700.000-C,CALL,3,3310.0,9930.0,430440.0,430680.0,240.0,,79.99999999999972
adaptive_1_to_3_contracts,649,2025-11-17,2025-11-17T15:42:00+00:00,SPXW-20251117-06745.000-P,PUT,3,3240.0,9720.0,430680.0,429570.0,-1110.0,,-369.99999999999994
adaptive_1_to_3_contracts,650,2025-11-17,2025-11-17T16:10:00+00:00,SPXW-20251117-06685.000-C,CALL,3,3350.0,10050.0,429570.0,428310.0,-1260.0,,-419.99999999999994
adaptive_1_to_3_contracts,651,2025-11-17,2025-11-17T18:42:00+00:00,SPXW-20251117-06680.000-C,CALL,3,2540.0,7620.0,428310.0,431580.0,3270.0,,1089.9999999999998
adaptive_1_to_3_contracts,652,2025-11-18,2025-11-18T15:01:00+00:00,SPXW-20251118-06620.000-P,PUT,3,3400.0,10200.0,431580.0,434340.0,2760.0,,920.0000000000002
adaptive_1_to_3_contracts,653,2025-11-18,2025-11-18T15:10:00+00:00,SPXW-20251118-06620.000-P,PUT,3,3379.9999999999995,10139.999999999998,434340.0,436710.0,2370.0,,790.0000000000006
adaptive_1_to_3_contracts,654,2025-11-18,2025-11-18T15:27:00+00:00,SPXW-20251118-06625.000-P,PUT,3,2960.0,8880.0,436710.0,438300.0,1590.0,,529.9999999999998
adaptive_1_to_3_contracts,655,2025-11-18,2025-11-18T15:31:00+00:00,SPXW-20251118-06610.000-P,PUT,3,2340.0,7020.0,438300.0,439680.0,1380.0,,460.0000000000001
adaptive_1_to_3_contracts,656,2025-11-18,2025-11-18T15:34:00+00:00,SPXW-20251118-06625.000-P,PUT,3,3290.0,9870.0,439680.0,442410.0,2730.0,,910.0
adaptive_1_to_3_contracts,657,2025-11-18,2025-11-18T15:41:00+00:00,SPXW-20251118-06600.000-C,CALL,3,2300.0,6900.0,442410.0,443790.0,1380.0,,460.0000000000001
adaptive_1_to_3_contracts,658,2025-11-18,2025-11-18T18:30:00+00:00,SPXW-20251118-06630.000-C,CALL,3,2740.0,8220.0,443790.0,445920.0,2130.0,,710.0000000000001
adaptive_1_to_3_contracts,659,2025-11-19,2025-11-19T15:24:00+00:00,SPXW-20251119-06665.000-C,CALL,3,2440.0,7320.0,445920.0,446040.0,120.0,,40.00000000000021
adaptive_1_to_3_contracts,660,2025-11-19,2025-11-19T15:43:00+00:00,SPXW-20251119-06650.000-C,CALL,3,2850.0,8550.0,446040.0,445530.0,-510.0,,-169.99999999999994
adaptive_1_to_3_contracts,661,2025-11-19,2025-11-19T15:55:00+00:00,SPXW-20251119-06685.000-P,PUT,3,3479.9999999999995,10439.999999999998,445530.0,450150.0,4620.0,,1540.0000000000005
adaptive_1_to_3_contracts,662,2025-11-19,2025-11-19T16:07:00+00:00,SPXW-20251119-06615.000-C,CALL,3,3370.0000000000005,10110.000000000002,450150.0,450510.0,360.0,,119.99999999999956
adaptive_1_to_3_contracts,663,2025-11-19,2025-11-19T16:20:00+00:00,SPXW-20251119-06620.000-C,CALL,3,3080.0,9240.0,450510.0,451080.0,570.0,,190.00000000000023
adaptive_1_to_3_contracts,664,2025-11-19,2025-11-19T16:23:00+00:00,SPXW-20251119-06670.000-P,PUT,3,3310.0,9930.0,451080.0,452820.0,1740.0,,579.9999999999998
adaptive_1_to_3_contracts,665,2025-11-19,2025-11-19T18:32:00+00:00,SPXW-20251119-06655.000-P,PUT,3,2770.0,8310.0,452820.0,450540.0,-2280.0,,-759.9999999999998
adaptive_1_to_3_contracts,666,2025-11-19,2025-11-19T18:43:00+00:00,SPXW-20251119-06655.000-P,PUT,3,2550.0,7650.0,450540.0,452010.0,1470.0,,489.9999999999999
adaptive_1_to_3_contracts,667,2025-11-19,2025-11-19T19:45:00+00:00,SPXW-20251119-06595.000-C,CALL,3,2200.0,6600.0,452010.0,457230.0,5220.0,,1739.9999999999998
adaptive_1_to_3_contracts,668,2025-11-20,2025-11-20T15:00:00+00:00,SPXW-20251120-06745.000-C,CALL,3,3140.0,9420.0,457230.0,457200.0,-30.0,,-9.999999999999789
adaptive_1_to_3_contracts,669,2025-11-20,2025-11-20T15:06:00+00:00,SPXW-20251120-06780.000-P,PUT,3,2890.0,8670.0,457200.0,460380.0,3180.0,,1060.0000000000002
adaptive_1_to_3_contracts,670,2025-11-20,2025-11-20T15:20:00+00:00,SPXW-20251120-06735.000-C,CALL,3,3190.0,9570.0,460380.0,461820.0,1440.0,,480.00000000000045
adaptive_1_to_3_contracts,671,2025-11-20,2025-11-20T15:31:00+00:00,SPXW-20251120-06740.000-C,CALL,3,3360.0,10080.0,461820.0,462960.0,1140.0,,379.9999999999997
adaptive_1_to_3_contracts,672,2025-11-20,2025-11-20T15:43:00+00:00,SPXW-20251120-06740.000-C,CALL,3,3410.0,10230.0,462960.0,463380.0,420.0,,139.99999999999986
adaptive_1_to_3_contracts,673,2025-11-20,2025-11-20T15:58:00+00:00,SPXW-20251120-06775.000-P,PUT,3,3050.0,9150.0,463380.0,472740.0,9360.0,,3120.0000000000005
adaptive_1_to_3_contracts,674,2025-11-21,2025-11-21T15:07:00+00:00,SPXW-20251121-06575.000-P,PUT,3,3429.9999999999995,10289.999999999998,472740.0,475050.0,2310.0,,770.0000000000002
adaptive_1_to_3_contracts,675,2025-11-21,2025-11-21T15:17:00+00:00,SPXW-20251121-06560.000-P,PUT,3,3510.0,10530.0,475050.0,474630.0,-420.0,,-139.99999999999986
adaptive_1_to_3_contracts,676,2025-11-21,2025-11-21T15:24:00+00:00,SPXW-20251121-06555.000-C,CALL,3,3090.0,9270.0,474630.0,476220.0,1590.0,,530.0000000000005
adaptive_1_to_3_contracts,677,2025-11-21,2025-11-21T15:33:00+00:00,SPXW-20251121-06550.000-P,PUT,3,3050.0,9150.0,476220.0,477300.0,1080.0,,360.0000000000001
adaptive_1_to_3_contracts,678,2025-11-21,2025-11-21T15:57:00+00:00,SPXW-20251121-06560.000-P,PUT,3,3050.0,9150.0,477300.0,479040.0,1740.0,,579.9999999999998
adaptive_1_to_3_contracts,679,2025-11-21,2025-11-21T16:21:00+00:00,SPXW-20251121-06540.000-C,CALL,3,3370.0000000000005,10110.000000000002,479040.0,481020.0,1980.0,,659.9999999999994
adaptive_1_to_3_contracts,680,2025-11-21,2025-11-21T16:29:00+00:00,SPXW-20251121-06555.000-C,CALL,3,3320.0000000000005,9960.000000000002,481020.0,482580.0,1560.0,,519.9999999999995
adaptive_1_to_3_contracts,681,2025-11-21,2025-11-21T18:30:00+00:00,SPXW-20251121-06575.000-C,CALL,3,3270.0000000000005,9810.000000000002,482580.0,484860.0,2280.0,,759.9999999999994
adaptive_1_to_3_contracts,682,2025-11-21,2025-11-21T18:48:00+00:00,SPXW-20251121-06595.000-C,CALL,3,3290.0,9870.0,484860.0,493200.0,8340.0,,2780.0000000000005
adaptive_1_to_3_contracts,683,2025-11-21,2025-11-21T19:55:00+00:00,SPXW-20251121-06605.000-C,CALL,3,2950.0,8850.0,493200.0,493740.0,540.0,,180.00000000000006
adaptive_1_to_3_contracts,684,2025-11-21,2025-11-21T19:59:00+00:00,SPXW-20251121-06610.000-C,CALL,3,2370.0,7110.0,493740.0,494940.0,1200.0,,400.0
adaptive_1_to_3_contracts,685,2025-11-24,2025-11-24T15:00:00+00:00,SPXW-20251124-06635.000-C,CALL,3,3329.9999999999995,9989.999999999998,494940.0,498000.0,3060.0,,1020.0000000000002
adaptive_1_to_3_contracts,686,2025-11-24,2025-11-24T15:27:00+00:00,SPXW-20251124-06640.000-C,CALL,3,3429.9999999999995,10289.999999999998,498000.0,499290.0,1290.0,,430.00000000000045
adaptive_1_to_3_contracts,687,2025-11-24,2025-11-24T15:31:00+00:00,SPXW-20251124-06650.000-C,CALL,3,3000.0,9000.0,499290.0,502410.0,3120.0,,1039.9999999999998
adaptive_1_to_3_contracts,688,2025-11-24,2025-11-24T19:33:00+00:00,SPXW-20251124-06675.000-C,CALL,3,2640.0,7920.0,502410.0,503040.0,630.0,,210.00000000000017
adaptive_1_to_3_contracts,689,2025-11-25,2025-11-25T15:00:00+00:00,SPXW-20251125-06680.000-C,CALL,3,3279.9999999999995,9839.999999999998,503040.0,501870.0,-1170.0,,-389.9999999999999
adaptive_1_to_3_contracts,690,2025-11-25,2025-11-25T15:02:00+00:00,SPXW-20251125-06695.000-P,PUT,0,1710.0000000000002,0.0,501870.0,501870.0,0.0,daily_loss_stop,1079.9999999999998
adaptive_1_to_3_contracts,691,2025-11-25,2025-11-25T15:27:00+00:00,SPXW-20251125-06715.000-P,PUT,0,3080.0,0.0,501870.0,501870.0,-0.0,daily_loss_stop,-790.0000000000002
adaptive_1_to_3_contracts,692,2025-11-26,2025-11-26T15:00:00+00:00,SPXW-20251126-06810.000-P,PUT,3,2820.0,8460.0,501870.0,500580.0,-1290.0,,-430.00000000000006
adaptive_1_to_3_contracts,693,2025-11-26,2025-11-26T15:25:00+00:00,SPXW-20251126-06810.000-P,PUT,0,2720.0,0.0,500580.0,500580.0,-0.0,daily_loss_stop,-990.0
adaptive_1_to_3_contracts,694,2025-11-28,2025-11-28T15:07:00+00:00,SPXW-20251128-06815.000-C,CALL,3,2030.0,6090.0,500580.0,500670.0,90.0,,30.00000000000007
adaptive_1_to_3_contracts,695,2025-11-28,2025-11-28T15:32:00+00:00,SPXW-20251128-06820.000-C,CALL,3,1830.0,5490.0,500670.0,501210.0,540.0,,180.00000000000006
adaptive_1_to_3_contracts,696,2025-11-28,2025-11-28T16:24:00+00:00,SPXW-20251128-06815.000-C,CALL,3,2450.0,7350.0,501210.0,500670.0,-540.0,,-180.00000000000006
adaptive_1_to_3_contracts,697,2025-12-01,2025-12-01T15:02:00+00:00,SPXW-20251201-06840.000-P,PUT,3,2030.0,6090.0,500670.0,501600.0,930.0,,309.9999999999998
adaptive_1_to_3_contracts,698,2025-12-01,2025-12-01T15:27:00+00:00,SPXW-20251201-06845.000-P,PUT,3,3370.0000000000005,10110.000000000002,501600.0,503520.0,1920.0,,639.9999999999999
adaptive_1_to_3_contracts,699,2025-12-01,2025-12-01T15:36:00+00:00,SPXW-20251201-06790.000-C,CALL,3,2550.0,7650.0,503520.0,505470.0,1950.0,,650.0
adaptive_1_to_3_contracts,700,2025-12-02,2025-12-02T15:00:00+00:00,SPXW-20251202-06810.000-C,CALL,3,3229.9999999999995,9689.999999999998,505470.0,507360.0,1890.0,,630.0000000000005
adaptive_1_to_3_contracts,701,2025-12-02,2025-12-02T15:27:00+00:00,SPXW-20251202-06855.000-P,PUT,3,2100.0,6300.0,507360.0,509430.0,2070.0,,689.9999999999999
adaptive_1_to_3_contracts,702,2025-12-02,2025-12-02T15:32:00+00:00,SPXW-20251202-06855.000-P,PUT,3,2820.0,8460.0,509430.0,510030.0,600.0,,200.0
adaptive_1_to_3_contracts,703,2025-12-03,2025-12-03T15:01:00+00:00,SPXW-20251203-06805.000-C,CALL,3,2900.0,8700.0,510030.0,511260.0,1230.0,,410.0000000000001
adaptive_1_to_3_contracts,704,2025-12-03,2025-12-03T15:10:00+00:00,SPXW-20251203-06805.000-C,CALL,3,2840.0,8520.0,511260.0,512670.0,1410.0,,470.0000000000003
adaptive_1_to_3_contracts,705,2025-12-03,2025-12-03T15:26:00+00:00,SPXW-20251203-06815.000-C,CALL,3,2480.0,7440.0,512670.0,512010.0,-660.0,,-219.99999999999991
adaptive_1_to_3_contracts,706,2025-12-03,2025-12-03T15:33:00+00:00,SPXW-20251203-06800.000-C,CALL,3,3500.0,10500.0,512010.0,514440.0,2430.0,,810.0000000000001
adaptive_1_to_3_contracts,707,2025-12-03,2025-12-03T15:39:00+00:00,SPXW-20251203-06815.000-C,CALL,3,2690.0,8070.0,514440.0,515580.0,1140.0,,380.00000000000006
adaptive_1_to_3_contracts,708,2025-12-04,2025-12-04T15:00:00+00:00,SPXW-20251204-06870.000-P,PUT,3,3150.0,9450.0,515580.0,515460.0,-120.0,,-39.99999999999986
adaptive_1_to_3_contracts,709,2025-12-04,2025-12-04T15:25:00+00:00,SPXW-20251204-06840.000-P,PUT,3,1270.0,3810.0,515460.0,515700.0,240.0,,80.00000000000007
adaptive_1_to_3_contracts,710,2025-12-04,2025-12-04T15:29:00+00:00,SPXW-20251204-06830.000-C,CALL,3,2510.0,7530.0,515700.0,517440.0,1740.0,,579.9999999999998
adaptive_1_to_3_contracts,711,2025-12-04,2025-12-04T16:05:00+00:00,SPXW-20251204-06850.000-P,PUT,3,1830.0,5490.0,517440.0,517260.0,-180.0,,-60.00000000000014
adaptive_1_to_3_contracts,712,2025-12-04,2025-12-04T16:16:00+00:00,SPXW-20251204-06830.000-C,CALL,3,2010.0,6030.0,517260.0,518550.0,1290.0,,429.9999999999997
adaptive_1_to_3_contracts,713,2025-12-04,2025-12-04T19:21:00+00:00,SPXW-20251204-06845.000-P,PUT,3,1370.0,4110.0,518550.0,519900.0,1350.0,,450.0
adaptive_1_to_3_contracts,714,2025-12-05,2025-12-05T15:01:00+00:00,SPXW-20251205-06855.000-C,CALL,3,3180.0,9540.0,519900.0,521490.0,1590.0,,530.0000000000001
adaptive_1_to_3_contracts,715,2025-12-05,2025-12-05T15:21:00+00:00,SPXW-20251205-06865.000-C,CALL,3,3110.0,9330.0,521490.0,521700.0,210.0,,69.99999999999993
adaptive_1_to_3_contracts,716,2025-12-05,2025-12-05T15:28:00+00:00,SPXW-20251205-06870.000-C,CALL,3,2420.0,7260.0,521700.0,523080.0,1380.0,,460.0000000000001
adaptive_1_to_3_contracts,717,2025-12-05,2025-12-05T15:44:00+00:00,SPXW-20251205-06860.000-C,CALL,3,3260.0,9780.0,523080.0,524160.0,1080.0,,360.0000000000001
adaptive_1_to_3_contracts,718,2025-12-05,2025-12-05T15:53:00+00:00,SPXW-20251205-06870.000-C,CALL,3,1990.0,5970.0,524160.0,523800.0,-360.0,,-119.99999999999991
adaptive_1_to_3_contracts,719,2025-12-05,2025-12-05T16:09:00+00:00,SPXW-20251205-06895.000-P,PUT,3,2140.0,6420.0,523800.0,525240.0,1440.0,,480.00000000000006
adaptive_1_to_3_contracts,720,2025-12-05,2025-12-05T16:18:00+00:00,SPXW-20251205-06890.000-P,PUT,3,2110.0,6330.0,525240.0,524760.0,-480.0,,-160.00000000000014
adaptive_1_to_3_contracts,721,2025-12-08,2025-12-08T15:05:00+00:00,SPXW-20251208-06880.000-P,PUT,3,1780.0,5340.0,524760.0,526110.0,1350.0,,450.0
adaptive_1_to_3_contracts,722,2025-12-08,2025-12-08T15:13:00+00:00,SPXW-20251208-06895.000-P,PUT,3,3429.9999999999995,10289.999999999998,526110.0,528870.0,2760.0,,920.0000000000002
adaptive_1_to_3_contracts,723,2025-12-08,2025-12-08T15:30:00+00:00,SPXW-20251208-06870.000-P,PUT,3,1910.0,5730.0,528870.0,529710.0,840.0,,279.9999999999997
adaptive_1_to_3_contracts,724,2025-12-08,2025-12-08T15:58:00+00:00,SPXW-20251208-06880.000-P,PUT,3,3090.0,9270.0,529710.0,530850.0,1140.0,,380.00000000000045
adaptive_1_to_3_contracts,725,2025-12-09,2025-12-09T15:00:00+00:00,SPXW-20251209-06840.000-C,CALL,3,2150.0,6450.0,530850.0,531000.0,150.0,,50.0
adaptive_1_to_3_contracts,726,2025-12-09,2025-12-09T15:09:00+00:00,SPXW-20251209-06825.000-C,CALL,3,3030.0,9090.0,531000.0,531210.0,210.0,,69.99999999999993
adaptive_1_to_3_contracts,727,2025-12-09,2025-12-09T15:27:00+00:00,SPXW-20251209-06860.000-P,PUT,3,1410.0,4230.0,531210.0,531030.0,-180.0,,-59.999999999999964
adaptive_1_to_3_contracts,728,2025-12-09,2025-12-09T15:36:00+00:00,SPXW-20251209-06830.000-C,CALL,3,2480.0,7440.0,531030.0,531000.0,-30.0,,-10.000000000000142
adaptive_1_to_3_contracts,729,2025-12-09,2025-12-09T15:55:00+00:00,SPXW-20251209-06830.000-C,CALL,3,2680.0,8040.0,531000.0,531600.0,600.0,,200.0
adaptive_1_to_3_contracts,730,2025-12-10,2025-12-10T15:52:00+00:00,SPXW-20251210-06865.000-P,PUT,3,3429.9999999999995,10289.999999999998,531600.0,534000.0,2400.0,,800.0
adaptive_1_to_3_contracts,731,2025-12-10,2025-12-10T19:06:00+00:00,SPXW-20251210-06830.000-C,CALL,3,3210.0,9630.0,534000.0,536160.0,2160.0,,719.9999999999995
adaptive_1_to_3_contracts,732,2025-12-10,2025-12-10T19:29:00+00:00,SPXW-20251210-06825.000-C,CALL,3,3260.0,9780.0,536160.0,537870.0,1710.0,,569.9999999999995
adaptive_1_to_3_contracts,733,2025-12-10,2025-12-10T19:44:00+00:00,SPXW-20251210-06825.000-C,CALL,3,3290.0,9870.0,537870.0,540510.0,2640.0,,880.0000000000005
adaptive_1_to_3_contracts,734,2025-12-11,2025-12-11T15:00:00+00:00,SPXW-20251211-06865.000-P,PUT,3,3340.0,10020.0,540510.0,535830.0,-4680.0,,-1559.9999999999998
adaptive_1_to_3_contracts,735,2025-12-11,2025-12-11T15:25:00+00:00,SPXW-20251211-06845.000-C,CALL,0,3479.9999999999995,0.0,535830.0,535830.0,0.0,daily_loss_stop,20.000000000000284
adaptive_1_to_3_contracts,736,2025-12-12,2025-12-12T15:00:00+00:00,SPXW-20251212-06900.000-P,PUT,3,2090.0,6270.0,535830.0,537660.0,1830.0,,610.0000000000001
adaptive_1_to_3_contracts,737,2025-12-12,2025-12-12T15:25:00+00:00,SPXW-20251212-06890.000-P,PUT,3,3460.0,10380.0,537660.0,539790.0,2130.0,,710.0000000000001
adaptive_1_to_3_contracts,738,2025-12-15,2025-12-15T15:00:00+00:00,SPXW-20251215-06855.000-P,PUT,3,2600.0,7800.0,539790.0,542040.0,2250.0,,750.0
adaptive_1_to_3_contracts,739,2025-12-15,2025-12-15T15:25:00+00:00,SPXW-20251215-06835.000-P,PUT,3,3200.0,9600.0,542040.0,541470.0,-570.0,,-189.99999999999983
adaptive_1_to_3_contracts,740,2025-12-15,2025-12-15T15:56:00+00:00,SPXW-20251215-06845.000-P,PUT,3,2680.0,8040.0,541470.0,542220.0,750.0,,250.0
adaptive_1_to_3_contracts,741,2025-12-16,2025-12-16T15:00:00+00:00,SPXW-20251216-06795.000-C,CALL,3,3130.0,9390.0,542220.0,540540.0,-1680.0,,-560.0000000000001
adaptive_1_to_3_contracts,742,2025-12-16,2025-12-16T15:25:00+00:00,SPXW-20251216-06810.000-P,PUT,0,3429.9999999999995,0.0,540540.0,540540.0,-0.0,daily_loss_stop,-389.9999999999999
adaptive_1_to_3_contracts,743,2025-12-17,2025-12-17T15:00:00+00:00,SPXW-20251217-06825.000-P,PUT,3,3000.0,9000.0,540540.0,542250.0,1710.0,,570.0000000000002
adaptive_1_to_3_contracts,744,2025-12-17,2025-12-17T15:25:00+00:00,SPXW-20251217-06820.000-P,PUT,3,2910.0,8730.0,542250.0,545700.0,3450.0,,1150.0
adaptive_1_to_3_contracts,745,2025-12-18,2025-12-18T15:00:00+00:00,SPXW-20251218-06765.000-C,CALL,3,3390.0,10170.0,545700.0,545910.0,210.0,,70.00000000000028
adaptive_1_to_3_contracts,746,2025-12-18,2025-12-18T15:16:00+00:00,SPXW-20251218-06805.000-P,PUT,3,3400.0,10200.0,545910.0,542880.0,-3030.0,,-1010.0
adaptive_1_to_3_contracts,747,2025-12-18,2025-12-18T15:25:00+00:00,SPXW-20251218-06765.000-C,CALL,0,3420.0000000000005,0.0,542880.0,542880.0,0.0,daily_loss_stop,689.9999999999999
adaptive_1_to_3_contracts,748,2025-12-18,2025-12-18T15:52:00+00:00,SPXW-20251218-06785.000-C,CALL,0,2950.0,0.0,542880.0,542880.0,-0.0,daily_loss_stop,-10.000000000000142
adaptive_1_to_3_contracts,749,2025-12-19,2025-12-19T15:01:00+00:00,SPXW-20251219-06810.000-C,CALL,3,2720.0,8160.0,542880.0,542130.0,-750.0,,-250.0
adaptive_1_to_3_contracts,750,2025-12-19,2025-12-19T15:26:00+00:00,SPXW-20251219-06845.000-P,PUT,0,2940.0,0.0,542130.0,542130.0,0.0,daily_loss_stop,150.0
adaptive_1_to_3_contracts,751,2025-12-19,2025-12-19T15:33:00+00:00,SPXW-20251219-06800.000-C,CALL,0,3210.0,0.0,542130.0,542130.0,0.0,daily_loss_stop,189.99999999999983
adaptive_1_to_3_contracts,752,2025-12-19,2025-12-19T15:50:00+00:00,SPXW-20251219-06790.000-C,CALL,0,3240.0,0.0,542130.0,542130.0,0.0,daily_loss_stop,270.0000000000003
adaptive_1_to_3_contracts,753,2025-12-19,2025-12-19T16:15:00+00:00,SPXW-20251219-06800.000-C,CALL,0,3010.0,0.0,542130.0,542130.0,0.0,daily_loss_stop,319.99999999999955
adaptive_1_to_3_contracts,754,2025-12-22,2025-12-22T15:01:00+00:00,SPXW-20251222-06900.000-P,PUT,3,3510.0,10530.0,542130.0,544110.0,1980.0,,660.0000000000001
adaptive_1_to_3_contracts,755,2025-12-22,2025-12-22T15:31:00+00:00,SPXW-20251222-06875.000-P,PUT,3,1210.0,3630.0,544110.0,546300.0,2190.0,,729.9999999999999
adaptive_1_to_3_contracts,756,2025-12-22,2025-12-22T15:39:00+00:00,SPXW-20251222-06885.000-P,PUT,3,2790.0,8370.0,546300.0,543960.0,-2340.0,,-779.9999999999998
adaptive_1_to_3_contracts,757,2025-12-23,2025-12-23T15:00:00+00:00,SPXW-20251223-06900.000-P,PUT,3,1900.0,5700.0,543960.0,546150.0,2190.0,,730.0000000000001
adaptive_1_to_3_contracts,758,2025-12-23,2025-12-23T15:26:00+00:00,SPXW-20251223-06850.000-C,CALL,3,3240.0,9720.0,546150.0,546990.0,840.0,,280.00000000000045
adaptive_1_to_3_contracts,759,2025-12-24,2025-12-24T15:01:00+00:00,SPXW-20251224-06885.000-C,CALL,3,3020.0,9060.0,546990.0,547260.0,270.0,,90.00000000000021
adaptive_1_to_3_contracts,760,2025-12-24,2025-12-24T15:25:00+00:00,SPXW-20251224-06900.000-C,CALL,3,1890.0,5670.0,547260.0,547560.0,300.0,,100.0
adaptive_1_to_3_contracts,761,2025-12-26,2025-12-26T15:00:00+00:00,SPXW-20251226-06940.000-P,PUT,3,1010.0,3030.0,547560.0,548490.0,930.0,,309.99999999999994
adaptive_1_to_3_contracts,762,2025-12-26,2025-12-26T15:25:00+00:00,SPXW-20251226-06935.000-P,PUT,3,819.9999999999999,2459.9999999999995,548490.0,547950.0,-540.0,,-179.9999999999999
adaptive_1_to_3_contracts,763,2025-12-26,2025-12-26T15:58:00+00:00,SPXW-20251226-06925.000-C,CALL,3,1310.0,3930.0,547950.0,546720.0,-1230.0,,-409.99999999999994
adaptive_1_to_3_contracts,764,2025-12-29,2025-12-29T15:02:00+00:00,SPXW-20251229-06925.000-P,PUT,3,2240.0,6720.0,546720.0,548160.0,1440.0,,480.00000000000006
adaptive_1_to_3_contracts,765,2025-12-29,2025-12-29T15:29:00+00:00,SPXW-20251229-06880.000-C,CALL,3,2910.0,8730.0,548160.0,548160.0,0.0,,0.0
adaptive_1_to_3_contracts,766,2025-12-29,2025-12-29T15:45:00+00:00,SPXW-20251229-06890.000-C,CALL,3,2230.0,6690.0,548160.0,546450.0,-1710.0,,-569.9999999999999
adaptive_1_to_3_contracts,767,2025-12-29,2025-12-29T15:53:00+00:00,SPXW-20251229-06880.000-C,CALL,3,2250.0,6750.0,546450.0,547380.0,930.0,,310.0000000000001
adaptive_1_to_3_contracts,768,2025-12-30,2025-12-30T15:04:00+00:00,SPXW-20251230-06875.000-C,CALL,3,3290.0,9870.0,547380.0,546270.0,-1110.0,,-369.99999999999994
adaptive_1_to_3_contracts,769,2025-12-30,2025-12-30T15:23:00+00:00,SPXW-20251230-06865.000-C,CALL,0,3420.0000000000005,0.0,546270.0,546270.0,-0.0,daily_loss_stop,-70.00000000000028
adaptive_1_to_3_contracts,770,2025-12-30,2025-12-30T15:33:00+00:00,SPXW-20251230-06910.000-P,PUT,0,1610.0000000000002,0.0,546270.0,546270.0,0.0,daily_loss_stop,179.99999999999972
adaptive_1_to_3_contracts,771,2025-12-30,2025-12-30T15:49:00+00:00,SPXW-20251230-06880.000-C,CALL,0,1950.0,0.0,546270.0,546270.0,0.0,daily_loss_stop,510.0000000000001
adaptive_1_to_3_contracts,772,2025-12-30,2025-12-30T15:55:00+00:00,SPXW-20251230-06880.000-C,CALL,0,2390.0,0.0,546270.0,546270.0,0.0,daily_loss_stop,190.00000000000023
adaptive_1_to_3_contracts,773,2025-12-30,2025-12-30T16:08:00+00:00,SPXW-20251230-06875.000-C,CALL,0,3200.0,0.0,546270.0,546270.0,0.0,daily_loss_stop,20.000000000000284
adaptive_1_to_3_contracts,774,2025-12-30,2025-12-30T18:34:00+00:00,SPXW-20251230-06880.000-C,CALL,0,2730.0,0.0,546270.0,546270.0,-0.0,daily_loss_stop,-110.00000000000014
adaptive_1_to_3_contracts,775,2025-12-30,2025-12-30T19:13:00+00:00,SPXW-20251230-06900.000-C,CALL,0,640.0,0.0,546270.0,546270.0,0.0,daily_loss_stop,109.99999999999996
adaptive_1_to_3_contracts,776,2025-12-31,2025-12-31T15:26:00+00:00,SPXW-20251231-06860.000-C,CALL,2,2550.0,5100.0,546270.0,546330.0,60.0,,30.00000000000007
adaptive_1_to_3_contracts,777,2025-12-31,2025-12-31T16:19:00+00:00,SPXW-20251231-06845.000-C,CALL,2,3120.0,6240.0,546330.0,546830.0,500.0,,250.0000000000003
adaptive_1_to_3_contracts,778,2025-12-31,2025-12-31T16:28:00+00:00,SPXW-20251231-06845.000-C,CALL,2,3410.0,6820.0,546830.0,546450.0,-380.0,,-189.99999999999983
adaptive_1_to_3_contracts,779,2025-12-31,2025-12-31T18:31:00+00:00,SPXW-20251231-06860.000-C,CALL,2,2180.0,4360.0,546450.0,546650.0,200.0,,100.0
adaptive_1_to_3_contracts,780,2026-01-02,2026-01-02T15:00:00+00:00,SPXW-20260102-06860.000-C,CALL,2,3120.0,6240.0,546650.0,547030.0,380.0,,190.00000000000023
adaptive_1_to_3_contracts,781,2026-01-02,2026-01-02T15:12:00+00:00,SPXW-20260102-06890.000-P,PUT,3,1739.9999999999998,5219.999999999999,547030.0,552820.0,5790.0,,1930.0000000000005
adaptive_1_to_3_contracts,782,2026-01-02,2026-01-02T15:25:00+00:00,SPXW-20260102-06865.000-P,PUT,3,2430.0,7290.0,552820.0,549130.0,-3690.0,,-1230.0
adaptive_1_to_3_contracts,783,2026-01-02,2026-01-02T15:37:00+00:00,SPXW-20260102-06865.000-P,PUT,3,1240.0,3720.0,549130.0,550720.0,1590.0,,529.9999999999999
adaptive_1_to_3_contracts,784,2026-01-05,2026-01-05T15:01:00+00:00,SPXW-20260105-06885.000-C,CALL,3,1760.0000000000002,5280.000000000001,550720.0,552160.0,1440.0,,479.9999999999997
adaptive_1_to_3_contracts,785,2026-01-05,2026-01-05T15:27:00+00:00,SPXW-20260105-06875.000-C,CALL,3,3190.0,9570.0,552160.0,553510.0,1350.0,,450.0
adaptive_1_to_3_contracts,786,2026-01-05,2026-01-05T15:55:00+00:00,SPXW-20260105-06890.000-C,CALL,3,2070.0,6210.0,553510.0,554200.0,690.0,,230.00000000000009
adaptive_1_to_3_contracts,787,2026-01-06,2026-01-06T15:00:00+00:00,SPXW-20260106-06905.000-C,CALL,3,2460.0,7380.0,554200.0,554950.0,750.0,,250.0
adaptive_1_to_3_contracts,788,2026-01-06,2026-01-06T15:19:00+00:00,SPXW-20260106-06900.000-C,CALL,3,3210.0,9630.0,554950.0,553300.0,-1650.0,,-550.0
adaptive_1_to_3_contracts,789,2026-01-06,2026-01-06T15:55:00+00:00,SPXW-20260106-06885.000-C,CALL,0,3460.0,0.0,553300.0,553300.0,-0.0,daily_loss_stop,-270.0000000000003
adaptive_1_to_3_contracts,790,2026-01-07,2026-01-07T15:01:00+00:00,SPXW-20260107-06965.000-P,PUT,3,2110.0,6330.0,553300.0,554170.0,870.0,,289.9999999999999
adaptive_1_to_3_contracts,791,2026-01-07,2026-01-07T15:28:00+00:00,SPXW-20260107-06925.000-C,CALL,3,2080.0,6240.0,554170.0,555850.0,1680.0,,559.9999999999998
adaptive_1_to_3_contracts,792,2026-01-07,2026-01-07T15:38:00+00:00,SPXW-20260107-06980.000-P,PUT,3,3110.0,9330.0,555850.0,555370.0,-480.0,,-160.00000000000014
adaptive_1_to_3_contracts,793,2026-01-07,2026-01-07T16:03:00+00:00,SPXW-20260107-06930.000-C,CALL,3,2470.0,7410.0,555370.0,553960.0,-1410.0,,-469.99999999999994
adaptive_1_to_3_contracts,794,2026-01-08,2026-01-08T15:00:00+00:00,SPXW-20260108-06920.000-P,PUT,3,1830.0,5490.0,553960.0,551140.0,-2820.0,,-940.0
adaptive_1_to_3_contracts,795,2026-01-08,2026-01-08T15:25:00+00:00,SPXW-20260108-06895.000-C,CALL,0,3100.0,0.0,551140.0,551140.0,-0.0,daily_loss_stop,-50.0
adaptive_1_to_3_contracts,796,2026-01-09,2026-01-09T15:02:00+00:00,SPXW-20260109-06935.000-C,CALL,3,1789.9999999999998,5369.999999999999,551140.0,548410.0,-2730.0,,-909.9999999999998
adaptive_1_to_3_contracts,797,2026-01-09,2026-01-09T15:27:00+00:00,SPXW-20260109-06945.000-C,CALL,0,1610.0000000000002,0.0,548410.0,548410.0,0.0,daily_loss_stop,250.0
adaptive_1_to_3_contracts,798,2026-01-09,2026-01-09T15:56:00+00:00,SPXW-20260109-06910.000-C,CALL,0,3310.0,0.0,548410.0,548410.0,0.0,daily_loss_stop,1789.9999999999998
adaptive_1_to_3_contracts,799,2026-01-12,2026-01-12T15:06:00+00:00,SPXW-20260112-06935.000-C,CALL,2,2730.0,5460.0,548410.0,548390.0,-20.0,,-10.000000000000142
adaptive_1_to_3_contracts,800,2026-01-12,2026-01-12T15:33:00+00:00,SPXW-20260112-06960.000-P,PUT,2,980.0,1960.0,548390.0,548090.0,-300.0,,-150.0
adaptive_1_to_3_contracts,801,2026-01-12,2026-01-12T15:53:00+00:00,SPXW-20260112-06950.000-C,CALL,2,1450.0,2900.0,548090.0,549670.0,1580.0,,789.9999999999999
adaptive_1_to_3_contracts,802,2026-01-12,2026-01-12T18:43:00+00:00,SPXW-20260112-06945.000-C,CALL,2,3090.0,6180.0,549670.0,549890.0,220.0,,110.00000000000014
adaptive_1_to_3_contracts,803,2026-01-13,2026-01-13T15:01:00+00:00,SPXW-20260113-06990.000-P,PUT,2,2360.0,4720.0,549890.0,552770.0,2880.0,,1439.9999999999998
adaptive_1_to_3_contracts,804,2026-01-13,2026-01-13T15:26:00+00:00,SPXW-20260113-06980.000-P,PUT,2,3360.0,6720.0,552770.0,551010.0,-1760.0,,-880.0000000000001
adaptive_1_to_3_contracts,805,2026-01-13,2026-01-13T15:55:00+00:00,SPXW-20260113-06935.000-C,CALL,2,2860.0,5720.0,551010.0,551330.0,320.0,,159.99999999999977
adaptive_1_to_3_contracts,806,2026-01-13,2026-01-13T16:27:00+00:00,SPXW-20260113-06970.000-P,PUT,2,1610.0000000000002,3220.0000000000005,551330.0,549590.0,-1740.0,,-870.0000000000001
adaptive_1_to_3_contracts,807,2026-01-14,2026-01-14T15:00:00+00:00,SPXW-20260114-06910.000-P,PUT,2,1800.0,3600.0,549590.0,549370.0,-220.0,,-110.00000000000014
adaptive_1_to_3_contracts,808,2026-01-14,2026-01-14T15:17:00+00:00,SPXW-20260114-06910.000-C,CALL,2,2370.0,4740.0,549370.0,548410.0,-960.0,,-480.00000000000006
adaptive_1_to_3_contracts,809,2026-01-14,2026-01-14T15:28:00+00:00,SPXW-20260114-06915.000-P,PUT,0,1020.0,0.0,548410.0,548410.0,0.0,daily_loss_stop,810.0000000000001
adaptive_1_to_3_contracts,810,2026-01-14,2026-01-14T15:43:00+00:00,SPXW-20260114-06910.000-P,PUT,0,1180.0,0.0,548410.0,548410.0,0.0,daily_loss_stop,1289.9999999999998
adaptive_1_to_3_contracts,811,2026-01-15,2026-01-15T15:01:00+00:00,SPXW-20260115-06995.000-P,PUT,2,3240.0,6480.0,548410.0,548650.0,240.0,,120.00000000000028
adaptive_1_to_3_contracts,812,2026-01-15,2026-01-15T15:23:00+00:00,SPXW-20260115-06935.000-C,CALL,3,3500.0,10500.0,548650.0,549910.0,1260.0,,420.0000000000003
adaptive_1_to_3_contracts,813,2026-01-15,2026-01-15T15:48:00+00:00,SPXW-20260115-06965.000-P,PUT,3,1150.0,3450.0,549910.0,548680.0,-1230.0,,-409.99999999999994
adaptive_1_to_3_contracts,814,2026-01-16,2026-01-16T15:00:00+00:00,SPXW-20260116-06975.000-P,PUT,2,3340.0,6680.0,548680.0,548660.0,-20.0,,-10.000000000000142
adaptive_1_to_3_contracts,815,2026-01-16,2026-01-16T15:25:00+00:00,SPXW-20260116-06960.000-P,PUT,2,1630.0,3260.0,548660.0,552100.0,3440.0,,1720.0
adaptive_1_to_3_contracts,816,2026-01-20,2026-01-20T15:05:00+00:00,SPXW-20260120-06820.000-C,CALL,2,3429.9999999999995,6859.999999999999,552100.0,554380.0,2280.0,,1140.0000000000005
adaptive_1_to_3_contracts,817,2026-01-20,2026-01-20T15:30:00+00:00,SPXW-20260120-06845.000-C,CALL,3,2650.0,7950.0,554380.0,555130.0,750.0,,250.0
adaptive_1_to_3_contracts,818,2026-01-20,2026-01-20T15:56:00+00:00,SPXW-20260120-06880.000-P,PUT,3,2930.0,8790.0,555130.0,554410.0,-720.0,,-240.00000000000023
adaptive_1_to_3_contracts,819,2026-01-20,2026-01-20T16:21:00+00:00,SPXW-20260120-06840.000-C,CALL,3,2590.0,7770.0,554410.0,554770.0,360.0,,120.00000000000028
adaptive_1_to_3_contracts,820,2026-01-21,2026-01-21T18:30:00+00:00,SPXW-20260121-06810.000-C,CALL,3,2310.0,6930.0,554770.0,555430.0,660.0,,219.99999999999991
adaptive_1_to_3_contracts,821,2026-01-21,2026-01-21T18:55:00+00:00,SPXW-20260121-06840.000-P,PUT,3,1140.0,3420.0,555430.0,556960.0,1530.0,,509.99999999999994
adaptive_1_to_3_contracts,822,2026-01-21,2026-01-21T19:19:00+00:00,SPXW-20260121-06800.000-C,CALL,3,2710.0,8130.0,556960.0,567820.0,10860.0,,3619.999999999999
adaptive_1_to_3_contracts,823,2026-01-21,2026-01-21T19:34:00+00:00,SPXW-20260121-06870.000-C,CALL,3,880.0000000000001,2640.0000000000005,567820.0,571570.0,3750.0,,1250.0
adaptive_1_to_3_contracts,824,2026-01-22,2026-01-22T15:00:00+00:00,SPXW-20260122-06925.000-P,PUT,3,2870.0,8610.0,571570.0,573130.0,1560.0,,519.9999999999999
adaptive_1_to_3_contracts,825,2026-01-22,2026-01-22T15:28:00+00:00,SPXW-20260122-06880.000-C,CALL,3,3279.9999999999995,9839.999999999998,573130.0,574270.0,1140.0,,380.00000000000045
adaptive_1_to_3_contracts,826,2026-01-22,2026-01-22T15:42:00+00:00,SPXW-20260122-06885.000-C,CALL,3,3200.0,9600.0,574270.0,574480.0,210.0,,70.00000000000028
adaptive_1_to_3_contracts,827,2026-01-22,2026-01-22T16:11:00+00:00,SPXW-20260122-06890.000-C,CALL,3,3120.0,9360.0,574480.0,575230.0,750.0,,250.0000000000003
adaptive_1_to_3_contracts,828,2026-01-23,2026-01-23T15:02:00+00:00,SPXW-20260123-06885.000-C,CALL,3,3210.0,9630.0,575230.0,575230.0,0.0,,0.0
adaptive_1_to_3_contracts,829,2026-01-23,2026-01-23T15:29:00+00:00,SPXW-20260123-06890.000-C,CALL,3,2960.0,8880.0,575230.0,575920.0,690.0,,229.99999999999972
adaptive_1_to_3_contracts,830,2026-01-23,2026-01-23T16:17:00+00:00,SPXW-20260123-06900.000-C,CALL,3,2970.0,8910.0,575920.0,575800.0,-120.0,,-39.99999999999986
adaptive_1_to_3_contracts,831,2026-01-26,2026-01-26T15:14:00+00:00,SPXW-20260126-06920.000-C,CALL,3,3150.0,9450.0,575800.0,576310.0,510.0,,170.00000000000028
adaptive_1_to_3_contracts,832,2026-01-26,2026-01-26T15:51:00+00:00,SPXW-20260126-06925.000-C,CALL,3,3030.0,9090.0,576310.0,575950.0,-360.0,,-119.99999999999991
adaptive_1_to_3_contracts,833,2026-01-27,2026-01-27T15:06:00+00:00,SPXW-20260127-06940.000-C,CALL,3,3150.0,9450.0,575950.0,577000.0,1050.0,,350.0
adaptive_1_to_3_contracts,834,2026-01-27,2026-01-27T15:23:00+00:00,SPXW-20260127-06945.000-C,CALL,3,3080.0,9240.0,577000.0,579550.0,2550.0,,849.9999999999997
adaptive_1_to_3_contracts,835,2026-01-27,2026-01-27T15:53:00+00:00,SPXW-20260127-06950.000-C,CALL,3,3379.9999999999995,10139.999999999998,579550.0,580390.0,840.0,,280.00000000000045
adaptive_1_to_3_contracts,836,2026-01-27,2026-01-27T16:18:00+00:00,SPXW-20260127-06955.000-C,CALL,3,3210.0,9630.0,580390.0,580660.0,270.0,,89.99999999999986
adaptive_1_to_3_contracts,837,2026-01-28,2026-01-28T15:01:00+00:00,SPXW-20260128-07025.000-P,PUT,3,3410.0,10230.0,580660.0,583030.0,2370.0,,789.9999999999999
adaptive_1_to_3_contracts,838,2026-01-28,2026-01-28T15:26:00+00:00,SPXW-20260128-07020.000-P,PUT,3,3379.9999999999995,10139.999999999998,583030.0,584410.0,1380.0,,460.0000000000001
adaptive_1_to_3_contracts,839,2026-01-28,2026-01-28T15:47:00+00:00,SPXW-20260128-07015.000-P,PUT,3,3520.0000000000005,10560.000000000002,584410.0,585340.0,930.0,,309.99999999999943
adaptive_1_to_3_contracts,840,2026-01-29,2026-01-29T15:00:00+00:00,SPXW-20260129-06955.000-P,PUT,3,2730.0,8190.0,585340.0,587920.0,2580.0,,859.9999999999998
adaptive_1_to_3_contracts,841,2026-01-29,2026-01-29T15:11:00+00:00,SPXW-20260129-06905.000-C,CALL,3,3200.0,9600.0,587920.0,588010.0,90.0,,29.999999999999716
adaptive_1_to_3_contracts,842,2026-01-29,2026-01-29T15:27:00+00:00,SPXW-20260129-06950.000-P,PUT,3,3300.0,9900.0,588010.0,598750.0,10740.0,,3579.9999999999995
adaptive_1_to_3_contracts,843,2026-01-29,2026-01-29T18:30:00+00:00,SPXW-20260129-06955.000-P,PUT,3,2430.0,7290.0,598750.0,598990.0,240.0,,80.00000000000007
adaptive_1_to_3_contracts,844,2026-01-29,2026-01-29T18:37:00+00:00,SPXW-20260129-06920.000-C,CALL,3,1620.0,4860.0,598990.0,600010.0,1020.0,,340.0000000000002
adaptive_1_to_3_contracts,845,2026-01-29,2026-01-29T19:29:00+00:00,SPXW-20260129-06920.000-C,CALL,3,2440.0,7320.0,600010.0,598240.0,-1770.0,,-589.9999999999999
adaptive_1_to_3_contracts,846,2026-01-30,2026-01-30T15:02:00+00:00,SPXW-20260130-06975.000-P,PUT,3,3450.0,10350.0,598240.0,596380.0,-1860.0,,-619.9999999999999
adaptive_1_to_3_contracts,847,2026-01-30,2026-01-30T15:28:00+00:00,SPXW-20260130-06975.000-P,PUT,0,3420.0000000000005,0.0,596380.0,596380.0,0.0,daily_loss_stop,400.0
adaptive_1_to_3_contracts,848,2026-02-02,2026-02-02T19:05:00+00:00,SPXW-20260202-06965.000-C,CALL,3,2510.0,7530.0,596380.0,596350.0,-30.0,,-10.000000000000142
adaptive_1_to_3_contracts,849,2026-02-03,2026-02-03T15:00:00+00:00,SPXW-20260203-06970.000-P,PUT,3,2040.0,6120.0,596350.0,598180.0,1830.0,,610.0000000000001
adaptive_1_to_3_contracts,850,2026-02-03,2026-02-03T15:16:00+00:00,SPXW-20260203-06925.000-C,CALL,3,2700.0,8100.0,598180.0,598540.0,360.0,,119.99999999999991
adaptive_1_to_3_contracts,851,2026-02-03,2026-02-03T15:31:00+00:00,SPXW-20260203-06975.000-P,PUT,3,3520.0000000000005,10560.000000000002,598540.0,600040.0,1500.0,,500.0
adaptive_1_to_3_contracts,852,2026-02-03,2026-02-03T16:04:00+00:00,SPXW-20260203-06975.000-P,PUT,3,3020.0,9060.0,600040.0,603880.0,3840.0,,1280.0
adaptive_1_to_3_contracts,853,2026-02-04,2026-02-04T15:01:00+00:00,SPXW-20260204-06900.000-P,PUT,3,2450.0,7350.0,603880.0,599830.0,-4050.0,,-1350.0
adaptive_1_to_3_contracts,854,2026-02-04,2026-02-04T15:26:00+00:00,SPXW-20260204-06945.000-P,PUT,0,2840.0,0.0,599830.0,599830.0,0.0,daily_loss_stop,2010.0
adaptive_1_to_3_contracts,855,2026-02-04,2026-02-04T15:38:00+00:00,SPXW-20260204-06880.000-C,CALL,0,3200.0,0.0,599830.0,599830.0,0.0,daily_loss_stop,460.0000000000001
adaptive_1_to_3_contracts,856,2026-02-04,2026-02-04T16:02:00+00:00,SPXW-20260204-06925.000-P,PUT,0,3140.0,0.0,599830.0,599830.0,0.0,daily_loss_stop,589.9999999999999
adaptive_1_to_3_contracts,857,2026-02-04,2026-02-04T16:19:00+00:00,SPXW-20260204-06900.000-P,PUT,0,2140.0,0.0,599830.0,599830.0,0.0,daily_loss_stop,30.00000000000007
adaptive_1_to_3_contracts,858,2026-02-05,2026-02-05T15:57:00+00:00,SPXW-20260205-06795.000-P,PUT,3,2680.0,8040.0,599830.0,600010.0,180.0,,59.99999999999979
adaptive_1_to_3_contracts,859,2026-02-05,2026-02-05T16:15:00+00:00,SPXW-20260205-06765.000-C,CALL,3,3220.0000000000005,9660.000000000002,600010.0,609790.0,9780.0,,3259.9999999999995
adaptive_1_to_3_contracts,860,2026-02-05,2026-02-05T18:30:00+00:00,SPXW-20260205-06785.000-C,CALL,3,3400.0,10200.0,609790.0,609070.0,-720.0,,-239.99999999999983
adaptive_1_to_3_contracts,861,2026-02-05,2026-02-05T18:46:00+00:00,SPXW-20260205-06835.000-P,PUT,3,2760.0,8280.0,609070.0,612100.0,3030.0,,1010.0
adaptive_1_to_3_contracts,862,2026-02-05,2026-02-05T19:01:00+00:00,SPXW-20260205-06830.000-P,PUT,3,2820.0,8460.0,612100.0,607660.0,-4440.0,,-1480.0
adaptive_1_to_3_contracts,863,2026-02-05,2026-02-05T19:16:00+00:00,SPXW-20260205-06795.000-C,CALL,3,3510.0,10530.0,607660.0,609160.0,1500.0,,500.0
adaptive_1_to_3_contracts,864,2026-02-05,2026-02-05T19:44:00+00:00,SPXW-20260205-06835.000-P,PUT,3,2510.0,7530.0,609160.0,610120.0,960.0,,319.99999999999994
adaptive_1_to_3_contracts,865,2026-02-09,2026-02-09T15:12:00+00:00,SPXW-20260209-06910.000-C,CALL,3,3190.0,9570.0,610120.0,611860.0,1740.0,,580.0000000000005
adaptive_1_to_3_contracts,866,2026-02-09,2026-02-09T18:32:00+00:00,SPXW-20260209-06960.000-C,CALL,3,1070.0,3210.0,611860.0,612460.0,600.0,,200.0
adaptive_1_to_3_contracts,867,2026-02-09,2026-02-09T19:04:00+00:00,SPXW-20260209-06940.000-C,CALL,3,3279.9999999999995,9839.999999999998,612460.0,614560.0,2100.0,,700.0
adaptive_1_to_3_contracts,868,2026-02-10,2026-02-10T15:01:00+00:00,SPXW-20260210-06950.000-C,CALL,3,3229.9999999999995,9689.999999999998,614560.0,614950.0,390.0,,130.00000000000043
adaptive_1_to_3_contracts,869,2026-02-10,2026-02-10T15:26:00+00:00,SPXW-20260210-06950.000-C,CALL,3,3100.0,9300.0,614950.0,615340.0,390.0,,129.99999999999972
adaptive_1_to_3_contracts,870,2026-02-11,2026-02-11T15:00:00+00:00,SPXW-20260211-06985.000-P,PUT,3,2860.0,8580.0,615340.0,624100.0,8760.0,,2919.9999999999995
adaptive_1_to_3_contracts,871,2026-02-11,2026-02-11T15:29:00+00:00,SPXW-20260211-06925.000-P,PUT,3,2060.0,6180.0,624100.0,621010.0,-3090.0,,-1030.0
adaptive_1_to_3_contracts,872,2026-02-11,2026-02-11T16:26:00+00:00,SPXW-20260211-06955.000-P,PUT,3,1360.0,4080.0,621010.0,623230.0,2220.0,,740.0
adaptive_1_to_3_contracts,873,2026-02-11,2026-02-11T18:41:00+00:00,SPXW-20260211-06950.000-P,PUT,3,1090.0,3270.0,623230.0,622240.0,-990.0,,-330.00000000000006
adaptive_1_to_3_contracts,874,2026-02-11,2026-02-11T19:19:00+00:00,SPXW-20260211-06925.000-C,CALL,3,2930.0,8790.0,622240.0,623170.0,930.0,,309.9999999999998
adaptive_1_to_3_contracts,875,2026-02-12,2026-02-12T15:00:00+00:00,SPXW-20260212-06970.000-P,PUT,3,2700.0,8100.0,623170.0,622540.0,-630.0,,-210.00000000000017
adaptive_1_to_3_contracts,876,2026-02-12,2026-02-12T15:26:00+00:00,SPXW-20260212-06980.000-P,PUT,3,3170.0,9510.0,622540.0,630370.0,7830.0,,2610.0
adaptive_1_to_3_contracts,877,2026-02-13,2026-02-13T15:00:00+00:00,SPXW-20260213-06810.000-C,CALL,3,3360.0,10080.0,630370.0,634180.0,3810.0,,1269.9999999999995
adaptive_1_to_3_contracts,878,2026-02-13,2026-02-13T15:20:00+00:00,SPXW-20260213-06820.000-C,CALL,3,3160.0,9480.0,634180.0,639760.0,5580.0,,1860.0
adaptive_1_to_3_contracts,879,2026-02-13,2026-02-13T15:51:00+00:00,SPXW-20260213-06830.000-C,CALL,3,2680.0,8040.0,639760.0,641830.0,2070.0,,690.0000000000002
adaptive_1_to_3_contracts,880,2026-02-13,2026-02-13T16:12:00+00:00,SPXW-20260213-06860.000-P,PUT,3,2410.0,7230.0,641830.0,643030.0,1200.0,,400.0
adaptive_1_to_3_contracts,881,2026-02-13,2026-02-13T18:30:00+00:00,SPXW-20260213-06860.000-C,CALL,3,1970.0,5910.0,643030.0,643840.0,810.0,,269.99999999999994
adaptive_1_to_3_contracts,882,2026-02-13,2026-02-13T18:45:00+00:00,SPXW-20260213-06850.000-C,CALL,3,2370.0,7110.0,643840.0,643150.0,-690.0,,-230.00000000000009
adaptive_1_to_3_contracts,883,2026-02-13,2026-02-13T20:29:00+00:00,SPXW-20260213-06805.000-C,CALL,3,2110.0,6330.0,643150.0,642640.0,-510.0,,-170.00000000000028
adaptive_1_to_3_contracts,884,2026-02-17,2026-02-17T15:03:00+00:00,SPXW-20260217-06775.000-C,CALL,3,3210.0,9630.0,642640.0,645160.0,2520.0,,839.9999999999999
adaptive_1_to_3_contracts,885,2026-02-17,2026-02-17T15:28:00+00:00,SPXW-20260217-06810.000-P,PUT,3,3200.0,9600.0,645160.0,648040.0,2880.0,,960.0
adaptive_1_to_3_contracts,886,2026-02-17,2026-02-17T15:47:00+00:00,SPXW-20260217-06765.000-C,CALL,3,3490.0,10470.0,648040.0,659380.0,11340.0,,3780.000000000001
adaptive_1_to_3_contracts,887,2026-02-18,2026-02-18T18:34:00+00:00,SPXW-20260218-06875.000-C,CALL,3,2160.0,6480.0,659380.0,659050.0,-330.0,,-110.00000000000014
adaptive_1_to_3_contracts,888,2026-02-18,2026-02-18T18:44:00+00:00,SPXW-20260218-06870.000-C,CALL,3,2150.0,6450.0,659050.0,659140.0,90.0,,30.00000000000007
adaptive_1_to_3_contracts,889,2026-02-18,2026-02-18T19:10:00+00:00,SPXW-20260218-06875.000-C,CALL,3,1420.0,4260.0,659140.0,657370.0,-1770.0,,-589.9999999999999
adaptive_1_to_3_contracts,890,2026-02-18,2026-02-18T19:39:00+00:00,SPXW-20260218-06840.000-C,CALL,0,3070.0,0.0,657370.0,657370.0,0.0,daily_loss_stop,509.9999999999998
adaptive_1_to_3_contracts,891,2026-02-19,2026-02-19T15:00:00+00:00,SPXW-20260219-06885.000-P,PUT,3,2860.0,8580.0,657370.0,658450.0,1080.0,,360.0000000000001
adaptive_1_to_3_contracts,892,2026-02-19,2026-02-19T15:28:00+00:00,SPXW-20260219-06885.000-P,PUT,3,3220.0000000000005,9660.000000000002,658450.0,657160.0,-1290.0,,-430.00000000000045
adaptive_1_to_3_contracts,893,2026-02-19,2026-02-19T15:52:00+00:00,SPXW-20260219-06835.000-C,CALL,3,3429.9999999999995,10289.999999999998,657160.0,657520.0,360.0,,120.00000000000028
adaptive_1_to_3_contracts,894,2026-02-19,2026-02-19T16:28:00+00:00,SPXW-20260219-06880.000-P,PUT,3,2150.0,6450.0,657520.0,658060.0,540.0,,180.00000000000006
adaptive_1_to_3_contracts,895,2026-02-19,2026-02-19T18:30:00+00:00,SPXW-20260219-06820.000-C,CALL,3,2540.0,7620.0,658060.0,658120.0,60.0,,20.000000000000284
adaptive_1_to_3_contracts,896,2026-02-20,2026-02-20T15:07:00+00:00,SPXW-20260220-06860.000-C,CALL,3,2640.0,7920.0,658120.0,661450.0,3330.0,,1110.0000000000002
adaptive_1_to_3_contracts,897,2026-02-20,2026-02-20T15:31:00+00:00,SPXW-20260220-06870.000-C,CALL,3,2780.0,8340.0,661450.0,661990.0,540.0,,180.00000000000006
adaptive_1_to_3_contracts,898,2026-02-20,2026-02-20T18:30:00+00:00,SPXW-20260220-06870.000-C,CALL,3,2140.0,6420.0,661990.0,664540.0,2550.0,,850.0
adaptive_1_to_3_contracts,899,2026-02-20,2026-02-20T19:11:00+00:00,SPXW-20260220-06880.000-C,CALL,3,2870.0,8610.0,664540.0,664300.0,-240.0,,-80.00000000000007
adaptive_1_to_3_contracts,900,2026-02-20,2026-02-20T19:58:00+00:00,SPXW-20260220-06880.000-C,CALL,3,1960.0,5880.0,664300.0,665560.0,1260.0,,419.99999999999994
adaptive_1_to_3_contracts,901,2026-02-23,2026-02-23T15:00:00+00:00,SPXW-20260223-06900.000-P,PUT,3,2750.0,8250.0,665560.0,669190.0,3630.0,,1210.0000000000002
adaptive_1_to_3_contracts,902,2026-02-23,2026-02-23T15:27:00+00:00,SPXW-20260223-06885.000-P,PUT,3,2880.0,8640.0,669190.0,670810.0,1620.0,,540.0000000000002
adaptive_1_to_3_contracts,903,2026-02-23,2026-02-23T18:30:00+00:00,SPXW-20260223-06870.000-P,PUT,3,1870.0,5610.0,670810.0,670960.0,150.0,,50.0
adaptive_1_to_3_contracts,904,2026-02-23,2026-02-23T18:41:00+00:00,SPXW-20260223-06860.000-P,PUT,3,1410.0,4230.0,670960.0,671560.0,600.0,,200.00000000000017
adaptive_1_to_3_contracts,905,2026-02-24,2026-02-24T15:00:00+00:00,SPXW-20260224-06865.000-P,PUT,3,2740.0,8220.0,671560.0,670960.0,-600.0,,-200.0
adaptive_1_to_3_contracts,906,2026-02-24,2026-02-24T15:16:00+00:00,SPXW-20260224-06840.000-C,CALL,3,2200.0,6600.0,670960.0,676300.0,5340.0,,1779.9999999999998
adaptive_1_to_3_contracts,907,2026-02-24,2026-02-24T18:31:00+00:00,SPXW-20260224-06875.000-C,CALL,3,1420.0,4260.0,676300.0,677920.0,1620.0,,540.0000000000002
adaptive_1_to_3_contracts,908,2026-02-24,2026-02-24T19:08:00+00:00,SPXW-20260224-06860.000-C,CALL,3,2980.0,8940.0,677920.0,677050.0,-870.0,,-290.0000000000002
adaptive_1_to_3_contracts,909,2026-02-25,2026-02-25T15:06:00+00:00,SPXW-20260225-06945.000-P,PUT,3,2290.0,6870.0,677050.0,677680.0,630.0,,210.00000000000017
adaptive_1_to_3_contracts,910,2026-02-25,2026-02-25T15:31:00+00:00,SPXW-20260225-06895.000-C,CALL,3,3490.0,10470.0,677680.0,675370.0,-2310.0,,-769.9999999999999
adaptive_1_to_3_contracts,911,2026-02-26,2026-02-26T15:00:00+00:00,SPXW-20260226-06950.000-P,PUT,3,3320.0000000000005,9960.000000000002,675370.0,676690.0,1320.0,,439.9999999999999
adaptive_1_to_3_contracts,912,2026-02-26,2026-02-26T15:26:00+00:00,SPXW-20260226-06855.000-C,CALL,3,3060.0,9180.0,676690.0,678490.0,1800.0,,600.0
adaptive_1_to_3_contracts,913,2026-02-26,2026-02-26T15:42:00+00:00,SPXW-20260226-06900.000-P,PUT,3,2640.0,7920.0,678490.0,676030.0,-2460.0,,-819.9999999999999
adaptive_1_to_3_contracts,914,2026-02-27,2026-02-27T15:01:00+00:00,SPXW-20260227-06825.000-C,CALL,3,3420.0000000000005,10260.000000000002,676030.0,677740.0,1710.0,,569.9999999999995
adaptive_1_to_3_contracts,915,2026-02-27,2026-02-27T15:32:00+00:00,SPXW-20260227-06885.000-P,PUT,3,3340.0,10020.0,677740.0,676870.0,-870.0,,-289.9999999999999
adaptive_1_to_3_contracts,916,2026-02-27,2026-02-27T16:10:00+00:00,SPXW-20260227-06835.000-C,CALL,3,3500.0,10500.0,676870.0,678940.0,2070.0,,689.9999999999999
adaptive_1_to_3_contracts,917,2026-02-27,2026-02-27T18:31:00+00:00,SPXW-20260227-06830.000-C,CALL,3,2730.0,8190.0,678940.0,679360.0,420.0,,139.99999999999986
adaptive_1_to_3_contracts,918,2026-02-27,2026-02-27T19:10:00+00:00,SPXW-20260227-06880.000-P,PUT,3,2740.0,8220.0,679360.0,679690.0,330.0,,110.00000000000014
adaptive_1_to_3_contracts,919,2026-03-02,2026-03-02T18:32:00+00:00,SPXW-20260302-06850.000-C,CALL,3,3200.0,9600.0,679690.0,677080.0,-2610.0,,-869.9999999999999
adaptive_1_to_3_contracts,920,2026-03-02,2026-03-02T19:01:00+00:00,SPXW-20260302-06850.000-C,CALL,0,2060.0,0.0,677080.0,677080.0,0.0,daily_loss_stop,2060.0
adaptive_1_to_3_contracts,921,2026-03-02,2026-03-02T19:54:00+00:00,SPXW-20260302-06885.000-C,CALL,0,1540.0,0.0,677080.0,677080.0,-0.0,daily_loss_stop,-309.99999999999994
adaptive_1_to_3_contracts,922,2026-03-02,2026-03-02T20:11:00+00:00,SPXW-20260302-06850.000-C,CALL,0,2400.0,0.0,677080.0,677080.0,0.0,daily_loss_stop,639.9999999999999
adaptive_1_to_3_contracts,923,2026-03-03,2026-03-03T15:31:00+00:00,SPXW-20260303-06700.000-C,CALL,2,3310.0,6620.0,677080.0,679320.0,2240.0,,1119.9999999999995
adaptive_1_to_3_contracts,924,2026-03-03,2026-03-03T15:50:00+00:00,SPXW-20260303-06735.000-P,PUT,3,2660.0,7980.0,679320.0,680220.0,900.0,,300.0
adaptive_1_to_3_contracts,925,2026-03-03,2026-03-03T15:56:00+00:00,SPXW-20260303-06710.000-C,CALL,3,2810.0,8430.0,680220.0,688740.0,8520.0,,2840.0
adaptive_1_to_3_contracts,926,2026-03-03,2026-03-03T16:13:00+00:00,SPXW-20260303-06735.000-C,CALL,3,3440.0,10320.0,688740.0,691950.0,3210.0,,1070.0000000000002
adaptive_1_to_3_contracts,927,2026-03-03,2026-03-03T19:11:00+00:00,SPXW-20260303-06800.000-C,CALL,3,1930.0,5790.0,691950.0,695520.0,3570.0,,1189.9999999999998
adaptive_1_to_3_contracts,928,2026-03-03,2026-03-03T19:36:00+00:00,SPXW-20260303-06785.000-C,CALL,3,2690.0,8070.0,695520.0,703770.0,8250.0,,2750.0
adaptive_1_to_3_contracts,929,2026-03-04,2026-03-04T15:03:00+00:00,SPXW-20260304-06860.000-P,PUT,3,3500.0,10500.0,703770.0,698250.0,-5520.0,,-1840.0
adaptive_1_to_3_contracts,930,2026-03-04,2026-03-04T15:43:00+00:00,SPXW-20260304-06840.000-C,CALL,0,2790.0,0.0,698250.0,698250.0,0.0,daily_loss_stop,260.0000000000001
adaptive_1_to_3_contracts,931,2026-03-04,2026-03-04T16:06:00+00:00,SPXW-20260304-06855.000-C,CALL,0,2510.0,0.0,698250.0,698250.0,-0.0,daily_loss_stop,-570.0000000000002
adaptive_1_to_3_contracts,932,2026-03-04,2026-03-04T18:30:00+00:00,SPXW-20260304-06865.000-C,CALL,0,1530.0,0.0,698250.0,698250.0,0.0,daily_loss_stop,169.99999999999994
adaptive_1_to_3_contracts,933,2026-03-04,2026-03-04T19:04:00+00:00,SPXW-20260304-06855.000-C,CALL,0,2860.0,0.0,698250.0,698250.0,0.0,daily_loss_stop,0.0
adaptive_1_to_3_contracts,934,2026-03-05,2026-03-05T15:07:00+00:00,SPXW-20260305-06880.000-P,PUT,3,3370.0000000000005,10110.000000000002,698250.0,709200.0,10950.0,,3650.0
adaptive_1_to_3_contracts,935,2026-03-05,2026-03-05T15:37:00+00:00,SPXW-20260305-06805.000-C,CALL,3,2580.0,7740.0,709200.0,711900.0,2700.0,,899.9999999999997
adaptive_1_to_3_contracts,936,2026-03-05,2026-03-05T15:50:00+00:00,SPXW-20260305-06805.000-C,CALL,3,3210.0,9630.0,711900.0,708960.0,-2940.0,,-980.0
adaptive_1_to_3_contracts,937,2026-03-05,2026-03-05T18:38:00+00:00,SPXW-20260305-06750.000-C,CALL,3,3410.0,10230.0,708960.0,711840.0,2880.0,,960.0
adaptive_1_to_3_contracts,938,2026-03-05,2026-03-05T19:05:00+00:00,SPXW-20260305-06760.000-C,CALL,3,2620.0,7860.0,711840.0,712950.0,1110.0,,369.99999999999994
adaptive_1_to_3_contracts,939,2026-03-06,2026-03-06T15:00:00+00:00,SPXW-20260306-06710.000-C,CALL,3,3479.9999999999995,10439.999999999998,712950.0,717060.0,4110.0,,1370.0000000000002
adaptive_1_to_3_contracts,940,2026-03-06,2026-03-06T16:18:00+00:00,SPXW-20260306-06735.000-C,CALL,3,3240.0,9720.0,717060.0,717300.0,240.0,,80.00000000000043
adaptive_1_to_3_contracts,941,2026-03-06,2026-03-06T18:30:00+00:00,SPXW-20260306-06730.000-C,CALL,3,3460.0,10380.0,717300.0,717060.0,-240.0,,-80.00000000000043
adaptive_1_to_3_contracts,942,2026-03-06,2026-03-06T18:58:00+00:00,SPXW-20260306-06725.000-C,CALL,3,3420.0000000000005,10260.000000000002,717060.0,718980.0,1920.0,,639.9999999999999
adaptive_1_to_3_contracts,943,2026-03-09,2026-03-09T14:04:00+00:00,SPXW-20260309-06650.000-C,CALL,3,3460.0,10380.0,718980.0,718440.0,-540.0,,-180.00000000000043
adaptive_1_to_3_contracts,944,2026-03-09,2026-03-09T14:30:00+00:00,SPXW-20260309-06640.000-C,CALL,3,3150.0,9450.0,718440.0,722910.0,4470.0,,1489.9999999999998
adaptive_1_to_3_contracts,945,2026-03-09,2026-03-09T17:30:00+00:00,SPXW-20260309-06670.000-C,CALL,3,3460.0,10380.0,722910.0,722370.0,-540.0,,-180.00000000000043
adaptive_1_to_3_contracts,946,2026-03-10,2026-03-10T14:00:00+00:00,SPXW-20260310-06790.000-P,PUT,3,3279.9999999999995,9839.999999999998,722370.0,724320.0,1950.0,,650.0
adaptive_1_to_3_contracts,947,2026-03-10,2026-03-10T14:15:00+00:00,SPXW-20260310-06785.000-P,PUT,3,3130.0,9390.0,724320.0,719280.0,-5040.0,,-1680.0
adaptive_1_to_3_contracts,948,2026-03-10,2026-03-10T17:39:00+00:00,SPXW-20260310-06815.000-C,CALL,0,1500.0,0.0,719280.0,719280.0,0.0,daily_loss_stop,560.0000000000001
adaptive_1_to_3_contracts,949,2026-03-11,2026-03-11T14:00:00+00:00,SPXW-20260311-06785.000-C,CALL,3,2480.0,7440.0,719280.0,719100.0,-180.0,,-60.00000000000014
adaptive_1_to_3_contracts,950,2026-03-11,2026-03-11T14:33:00+00:00,SPXW-20260311-06790.000-P,PUT,3,3260.0,9780.0,719100.0,714510.0,-4590.0,,-1530.0
adaptive_1_to_3_contracts,951,2026-03-11,2026-03-11T15:12:00+00:00,SPXW-20260311-06770.000-P,PUT,0,1450.0,0.0,714510.0,714510.0,0.0,daily_loss_stop,680.0000000000001
adaptive_1_to_3_contracts,952,2026-03-12,2026-03-12T14:04:00+00:00,SPXW-20260312-06735.000-P,PUT,2,3110.0,6220.0,714510.0,714630.0,120.0,,59.99999999999979
adaptive_1_to_3_contracts,953,2026-03-12,2026-03-12T14:13:00+00:00,SPXW-20260312-06740.000-P,PUT,2,3220.0000000000005,6440.000000000001,714630.0,717230.0,2600.0,,1300.0
adaptive_1_to_3_contracts,954,2026-03-12,2026-03-12T14:44:00+00:00,SPXW-20260312-06675.000-C,CALL,3,3329.9999999999995,9989.999999999998,717230.0,716720.0,-510.0,,-169.99999999999957
adaptive_1_to_3_contracts,955,2026-03-12,2026-03-12T17:31:00+00:00,SPXW-20260312-06725.000-P,PUT,2,2900.0,5800.0,716720.0,716760.0,40.0,,19.99999999999993
adaptive_1_to_3_contracts,956,2026-03-12,2026-03-12T17:40:00+00:00,SPXW-20260312-06680.000-C,CALL,2,3000.0,6000.0,716760.0,715160.0,-1600.0,,-800.0
adaptive_1_to_3_contracts,957,2026-03-12,2026-03-12T18:12:00+00:00,SPXW-20260312-06725.000-P,PUT,2,2820.0,5640.0,715160.0,717000.0,1840.0,,920.0
adaptive_1_to_3_contracts,958,2026-03-13,2026-03-13T14:30:00+00:00,SPXW-20260313-06685.000-C,CALL,2,2890.0,5780.0,717000.0,714960.0,-2040.0,,-1020.0
adaptive_1_to_3_contracts,959,2026-03-13,2026-03-13T15:12:00+00:00,SPXW-20260313-06650.000-C,CALL,0,3350.0,0.0,714960.0,714960.0,-0.0,daily_loss_stop,-169.99999999999994
adaptive_1_to_3_contracts,960,2026-03-13,2026-03-13T17:30:00+00:00,SPXW-20260313-06665.000-P,PUT,0,1970.0,0.0,714960.0,714960.0,0.0,daily_loss_stop,350.0
adaptive_1_to_3_contracts,961,2026-03-13,2026-03-13T17:49:00+00:00,SPXW-20260313-06650.000-P,PUT,0,1739.9999999999998,0.0,714960.0,714960.0,0.0,daily_loss_stop,300.0
adaptive_1_to_3_contracts,962,2026-03-13,2026-03-13T18:04:00+00:00,SPXW-20260313-06610.000-C,CALL,0,3310.0,0.0,714960.0,714960.0,0.0,daily_loss_stop,250.0
adaptive_1_to_3_contracts,963,2026-03-13,2026-03-13T18:29:00+00:00,SPXW-20260313-06620.000-C,CALL,0,2380.0,0.0,714960.0,714960.0,0.0,daily_loss_stop,1030.0
adaptive_1_to_3_contracts,964,2026-03-16,2026-03-16T14:41:00+00:00,SPXW-20260316-06670.000-C,CALL,2,3279.9999999999995,6559.999999999999,714960.0,716240.0,1280.0,,640.0000000000006
adaptive_1_to_3_contracts,965,2026-03-16,2026-03-16T14:59:00+00:00,SPXW-20260316-06675.000-C,CALL,2,3290.0,6580.0,716240.0,716460.0,220.0,,110.00000000000014
adaptive_1_to_3_contracts,966,2026-03-16,2026-03-16T15:11:00+00:00,SPXW-20260316-06725.000-P,PUT,2,3190.0,6380.0,716460.0,713640.0,-2820.0,,-1409.9999999999998
adaptive_1_to_3_contracts,967,2026-03-16,2026-03-16T17:30:00+00:00,SPXW-20260316-06670.000-C,CALL,0,3390.0,0.0,713640.0,713640.0,-0.0,daily_loss_stop,-659.9999999999998
adaptive_1_to_3_contracts,968,2026-03-16,2026-03-16T17:55:00+00:00,SPXW-20260316-06665.000-C,CALL,0,3229.9999999999995,0.0,713640.0,713640.0,0.0,daily_loss_stop,180.00000000000043
adaptive_1_to_3_contracts,969,2026-03-17,2026-03-17T14:04:00+00:00,SPXW-20260317-06715.000-C,CALL,2,3270.0000000000005,6540.000000000001,713640.0,712200.0,-1440.0,,-720.0000000000002
adaptive_1_to_3_contracts,970,2026-03-17,2026-03-17T14:31:00+00:00,SPXW-20260317-06745.000-P,PUT,0,1850.0,0.0,712200.0,712200.0,0.0,daily_loss_stop,80.00000000000007
adaptive_1_to_3_contracts,971,2026-03-17,2026-03-17T14:43:00+00:00,SPXW-20260317-06710.000-C,CALL,0,3350.0,0.0,712200.0,712200.0,0.0,daily_loss_stop,200.0
adaptive_1_to_3_contracts,972,2026-03-17,2026-03-17T15:04:00+00:00,SPXW-20260317-06765.000-P,PUT,0,3080.0,0.0,712200.0,712200.0,0.0,daily_loss_stop,640.0000000000002
adaptive_1_to_3_contracts,973,2026-03-18,2026-03-18T14:00:00+00:00,SPXW-20260318-06725.000-P,PUT,2,3429.9999999999995,6859.999999999999,712200.0,715400.0,3200.0,,1600.0
adaptive_1_to_3_contracts,974,2026-03-18,2026-03-18T14:25:00+00:00,SPXW-20260318-06705.000-P,PUT,2,3490.0,6980.0,715400.0,717060.0,1660.0,,830.0000000000005
adaptive_1_to_3_contracts,975,2026-03-19,2026-03-19T14:31:00+00:00,SPXW-20260319-06550.000-C,CALL,3,3450.0,10350.0,717060.0,718290.0,1230.0,,410.0000000000001
adaptive_1_to_3_contracts,976,2026-03-19,2026-03-19T14:55:00+00:00,SPXW-20260319-06605.000-P,PUT,3,2830.0,8490.0,718290.0,717270.0,-1020.0,,-340.0000000000002
adaptive_1_to_3_contracts,977,2026-03-19,2026-03-19T15:05:00+00:00,SPXW-20260319-06570.000-C,CALL,3,3250.0,9750.0,717270.0,719580.0,2310.0,,770.0000000000002
adaptive_1_to_3_contracts,978,2026-03-19,2026-03-19T15:19:00+00:00,SPXW-20260319-06615.000-P,PUT,3,2710.0,8130.0,719580.0,722280.0,2700.0,,900.0
adaptive_1_to_3_contracts,979,2026-03-19,2026-03-19T17:30:00+00:00,SPXW-20260319-06550.000-C,CALL,3,3200.0,9600.0,722280.0,721770.0,-510.0,,-169.99999999999994
adaptive_1_to_3_contracts,980,2026-03-19,2026-03-19T17:56:00+00:00,SPXW-20260319-06610.000-P,PUT,3,2810.0,8430.0,721770.0,723750.0,1980.0,,660.0000000000001
adaptive_1_to_3_contracts,981,2026-03-20,2026-03-20T14:00:00+00:00,SPXW-20260320-06580.000-P,PUT,3,3420.0000000000005,10260.000000000002,723750.0,725400.0,1650.0,,550.0
adaptive_1_to_3_contracts,982,2026-03-20,2026-03-20T14:30:00+00:00,SPXW-20260320-06520.000-C,CALL,3,3470.0000000000005,10410.000000000002,725400.0,726510.0,1110.0,,369.99999999999955
adaptive_1_to_3_contracts,983,2026-03-20,2026-03-20T14:49:00+00:00,SPXW-20260320-06530.000-C,CALL,3,3220.0000000000005,9660.000000000002,726510.0,726330.0,-180.0,,-60.00000000000014
adaptive_1_to_3_contracts,984,2026-03-20,2026-03-20T15:16:00+00:00,SPXW-20260320-06585.000-P,PUT,3,3460.0,10380.0,726330.0,729060.0,2730.0,,910.0
adaptive_1_to_3_contracts,985,2026-03-20,2026-03-20T15:23:00+00:00,SPXW-20260320-06520.000-C,CALL,3,3329.9999999999995,9989.999999999998,729060.0,730170.0,1110.0,,370.0000000000003
adaptive_1_to_3_contracts,986,2026-03-20,2026-03-20T17:36:00+00:00,SPXW-20260320-06545.000-P,PUT,3,1530.0,4590.0,730170.0,730380.0,210.0,,69.99999999999993
adaptive_1_to_3_contracts,987,2026-03-20,2026-03-20T18:04:00+00:00,SPXW-20260320-06565.000-P,PUT,3,3110.0,9330.0,730380.0,731700.0,1320.0,,439.9999999999999
adaptive_1_to_3_contracts,988,2026-03-23,2026-03-23T17:30:00+00:00,SPXW-20260323-06565.000-C,CALL,3,2260.0,6780.0,731700.0,735690.0,3990.0,,1329.9999999999998
adaptive_1_to_3_contracts,989,2026-03-23,2026-03-23T17:56:00+00:00,SPXW-20260323-06590.000-C,CALL,3,1940.0,5820.0,735690.0,736050.0,360.0,,120.00000000000028
adaptive_1_to_3_contracts,990,2026-03-23,2026-03-23T18:07:00+00:00,SPXW-20260323-06605.000-P,PUT,3,1100.0,3300.0,736050.0,736230.0,180.0,,59.999999999999964
adaptive_1_to_3_contracts,991,2026-03-23,2026-03-23T18:16:00+00:00,SPXW-20260323-06610.000-P,PUT,3,1360.0,4080.0,736230.0,737070.0,840.0,,279.9999999999999
adaptive_1_to_3_contracts,992,2026-03-23,2026-03-23T18:25:00+00:00,SPXW-20260323-06575.000-C,CALL,3,2880.0,8640.0,737070.0,742020.0,4950.0,,1649.9999999999995
adaptive_1_to_3_contracts,993,2026-03-23,2026-03-23T18:42:00+00:00,SPXW-20260323-06595.000-C,CALL,3,2080.0,6240.0,742020.0,743070.0,1050.0,,350.0
adaptive_1_to_3_contracts,994,2026-03-24,2026-03-24T14:00:00+00:00,SPXW-20260324-06520.000-C,CALL,3,3370.0000000000005,10110.000000000002,743070.0,744600.0,1530.0,,509.99999999999943
adaptive_1_to_3_contracts,995,2026-03-24,2026-03-24T14:40:00+00:00,SPXW-20260324-06535.000-C,CALL,3,3040.0,9120.0,744600.0,747630.0,3030.0,,1010.0
adaptive_1_to_3_contracts,996,2026-03-24,2026-03-24T17:30:00+00:00,SPXW-20260324-06530.000-C,CALL,3,3329.9999999999995,9989.999999999998,747630.0,747000.0,-630.0,,-209.99999999999977
adaptive_1_to_3_contracts,997,2026-03-24,2026-03-24T17:55:00+00:00,SPXW-20260324-06550.000-C,CALL,3,1520.0,4560.0,747000.0,749250.0,2250.0,,750.0
adaptive_1_to_3_contracts,998,2026-03-25,2026-03-25T14:10:00+00:00,SPXW-20260325-06620.000-P,PUT,3,3390.0,10170.0,749250.0,747690.0,-1560.0,,-519.9999999999999
adaptive_1_to_3_contracts,999,2026-03-25,2026-03-25T14:20:00+00:00,SPXW-20260325-06595.000-C,CALL,0,2310.0,0.0,747690.0,747690.0,0.0,daily_loss_stop,229.99999999999972
adaptive_1_to_3_contracts,1000,2026-03-25,2026-03-25T14:36:00+00:00,SPXW-20260325-06630.000-P,PUT,0,2840.0,0.0,747690.0,747690.0,-0.0,daily_loss_stop,-159.99999999999977
adaptive_1_to_3_contracts,1001,2026-03-25,2026-03-25T14:48:00+00:00,SPXW-20260325-06590.000-C,CALL,0,3190.0,0.0,747690.0,747690.0,0.0,daily_loss_stop,50.0
adaptive_1_to_3_contracts,1002,2026-03-25,2026-03-25T15:16:00+00:00,SPXW-20260325-06580.000-P,PUT,0,1220.0,0.0,747690.0,747690.0,0.0,daily_loss_stop,1440.0000000000002
adaptive_1_to_3_contracts,1003,2026-03-25,2026-03-25T15:24:00+00:00,SPXW-20260325-06580.000-C,CALL,0,2370.0,0.0,747690.0,747690.0,0.0,daily_loss_stop,869.9999999999999
adaptive_1_to_3_contracts,1004,2026-03-26,2026-03-26T14:47:00+00:00,SPXW-20260326-06540.000-C,CALL,3,2370.0,7110.0,747690.0,747030.0,-660.0,,-219.99999999999991
adaptive_1_to_3_contracts,1005,2026-03-26,2026-03-26T15:04:00+00:00,SPXW-20260326-06565.000-P,PUT,3,2490.0,7470.0,747030.0,747240.0,210.0,,70.00000000000028
adaptive_1_to_3_contracts,1006,2026-03-26,2026-03-26T15:16:00+00:00,SPXW-20260326-06565.000-P,PUT,3,2540.0,7620.0,747240.0,747900.0,660.0,,220.00000000000028
adaptive_1_to_3_contracts,1007,2026-03-26,2026-03-26T15:29:00+00:00,SPXW-20260326-06575.000-P,PUT,3,3440.0,10320.0,747900.0,749670.0,1770.0,,589.9999999999999
adaptive_1_to_3_contracts,1008,2026-03-26,2026-03-26T17:31:00+00:00,SPXW-20260326-06530.000-P,PUT,3,2320.0,6960.0,749670.0,750390.0,720.0,,240.00000000000023
adaptive_1_to_3_contracts,1009,2026-03-26,2026-03-26T18:28:00+00:00,SPXW-20260326-06525.000-P,PUT,3,3490.0,10470.0,750390.0,748080.0,-2310.0,,-769.9999999999999
adaptive_1_to_3_contracts,1010,2026-03-27,2026-03-27T14:01:00+00:00,SPXW-20260327-06425.000-P,PUT,3,2510.0,7530.0,748080.0,748590.0,510.0,,169.99999999999994
adaptive_1_to_3_contracts,1011,2026-03-27,2026-03-27T14:11:00+00:00,SPXW-20260327-06405.000-C,CALL,3,2810.0,8430.0,748590.0,751740.0,3150.0,,1050.0
adaptive_1_to_3_contracts,1012,2026-03-27,2026-03-27T14:26:00+00:00,SPXW-20260327-06440.000-P,PUT,3,3000.0,9000.0,751740.0,752490.0,750.0,,250.0
adaptive_1_to_3_contracts,1013,2026-03-27,2026-03-27T14:38:00+00:00,SPXW-20260327-06435.000-P,PUT,3,2960.0,8880.0,752490.0,752040.0,-450.0,,-150.0
adaptive_1_to_3_contracts,1014,2026-03-27,2026-03-27T14:49:00+00:00,SPXW-20260327-06400.000-C,CALL,3,3260.0,9780.0,752040.0,753000.0,960.0,,319.99999999999955
adaptive_1_to_3_contracts,1015,2026-03-27,2026-03-27T15:03:00+00:00,SPXW-20260327-06405.000-C,CALL,3,3360.0,10080.0,753000.0,751170.0,-1830.0,,-610.0000000000001
adaptive_1_to_3_contracts,1016,2026-03-27,2026-03-27T15:23:00+00:00,SPXW-20260327-06420.000-C,CALL,3,1730.0,5190.0,751170.0,755520.0,4350.0,,1450.0
adaptive_1_to_3_contracts,1017,2026-03-27,2026-03-27T18:41:00+00:00,SPXW-20260327-06355.000-C,CALL,3,2940.0,8820.0,755520.0,753030.0,-2490.0,,-829.9999999999998
adaptive_1_to_3_contracts,1018,2026-03-30,2026-03-30T14:15:00+00:00,SPXW-20260330-06405.000-P,PUT,3,3030.0,9090.0,753030.0,753870.0,840.0,,280.00000000000006
adaptive_1_to_3_contracts,1019,2026-03-30,2026-03-30T14:35:00+00:00,SPXW-20260330-06400.000-P,PUT,3,2950.0,8850.0,753870.0,755340.0,1470.0,,489.9999999999999
adaptive_1_to_3_contracts,1020,2026-03-30,2026-03-30T14:46:00+00:00,SPXW-20260330-06355.000-C,CALL,3,3180.0,9540.0,755340.0,759360.0,4020.0,,1340.0000000000002
adaptive_1_to_3_contracts,1021,2026-03-30,2026-03-30T15:20:00+00:00,SPXW-20260330-06365.000-C,CALL,3,3270.0000000000005,9810.000000000002,759360.0,763410.0,4050.0,,1350.0
adaptive_1_to_3_contracts,1022,2026-03-30,2026-03-30T17:30:00+00:00,SPXW-20260330-06390.000-P,PUT,3,3379.9999999999995,10139.999999999998,763410.0,764820.0,1410.0,,470.0000000000003
adaptive_1_to_3_contracts,1023,2026-03-30,2026-03-30T17:36:00+00:00,SPXW-20260330-06335.000-C,CALL,3,2370.0,7110.0,764820.0,768090.0,3270.0,,1090.0000000000002
adaptive_1_to_3_contracts,1024,2026-03-30,2026-03-30T18:04:00+00:00,SPXW-20260330-06380.000-P,PUT,3,2370.0,7110.0,768090.0,769170.0,1080.0,,360.0000000000001
adaptive_1_to_3_contracts,1025,2026-03-31,2026-03-31T14:46:00+00:00,SPXW-20260331-06405.000-C,CALL,3,3200.0,9600.0,769170.0,770340.0,1170.0,,389.9999999999999
adaptive_1_to_3_contracts,1026,2026-03-31,2026-03-31T18:00:00+00:00,SPXW-20260331-06465.000-C,CALL,3,3030.0,9090.0,770340.0,772950.0,2610.0,,869.9999999999999
adaptive_1_to_3_contracts,1027,2026-03-31,2026-03-31T18:27:00+00:00,SPXW-20260331-06465.000-C,CALL,3,3300.0,9900.0,772950.0,774600.0,1650.0,,550.0
adaptive_1_to_3_contracts,1028,2026-03-31,2026-03-31T19:09:00+00:00,SPXW-20260331-06485.000-C,CALL,3,2360.0,7080.0,774600.0,778050.0,3450.0,,1150.0
