trade_number,session,decision_time,contract_id,side,entry_bid,entry_ask,premium_required,premium_cap,cash,daily_pnl_before,risk_passed,risk_reason,paper_pnl
1,2024-10-01,2024-10-01T14:15:00+00:00,SPXW-20241001-05710.000-P,PUT,24.4,24.8,2480.0,4000.0,10000.0,0.0,True,pass,-50.0
2,2024-10-01,2024-10-01T14:21:00+00:00,SPXW-20241001-05675.000-C,CALL,30.7,31.0,3100.0,3980.0,9950.0,-50.0,True,pass,300.0
3,2024-10-01,2024-10-01T14:41:00+00:00,SPXW-20241001-05675.000-C,CALL,33.6,34.0,3400.0,4000.0,10250.0,250.0,True,pass,-460.0000000000001
4,2024-10-01,2024-10-01T15:19:00+00:00,SPXW-20241001-05665.000-C,CALL,26.2,26.4,2640.0,3916.0,9790.0,-210.0,True,pass,2430.0000000000005
5,2024-10-01,2024-10-01T17:31:00+00:00,SPXW-20241001-05680.000-C,CALL,15.7,15.9,1590.0,4000.0,12220.0,2220.0,True,pass,1510.0
6,2024-10-01,2024-10-01T18:43:00+00:00,SPXW-20241001-05715.000-C,CALL,12.8,13.0,1300.0,4000.0,13730.0,3730.0,True,pass,-169.99999999999994
7,2024-10-01,2024-10-01T19:14:00+00:00,SPXW-20241001-05695.000-C,CALL,25.8,26.2,2620.0,4000.0,13560.0,3560.0,True,pass,350.0
8,2024-10-02,2024-10-02T14:00:00+00:00,SPXW-20241002-05675.000-C,CALL,25.2,25.4,2540.0,4000.0,13910.0,0.0,True,pass,620.0000000000002
9,2024-10-02,2024-10-02T14:25:00+00:00,SPXW-20241002-05665.000-C,CALL,34.7,35.2,3520.0,4000.0,14530.0,620.0,True,pass,1789.9999999999998
10,2024-10-02,2024-10-02T15:19:00+00:00,SPXW-20241002-05685.000-C,CALL,33.8,34.2,3420.0,4000.0,16320.0,2410.0,True,pass,100.0
11,2024-10-03,2024-10-03T14:00:00+00:00,SPXW-20241003-05690.000-C,CALL,20.0,20.5,2050.0,4000.0,16420.0,0.0,True,pass,1239.9999999999998
12,2024-10-03,2024-10-03T14:13:00+00:00,SPXW-20241003-05705.000-P,PUT,9.1,9.2,920.0,4000.0,17660.0,1240.0,True,pass,1300.0
13,2024-10-03,2024-10-03T14:32:00+00:00,SPXW-20241003-05680.000-C,CALL,21.5,21.8,2180.0,4000.0,18960.0,2540.0,True,pass,359.9999999999998
14,2024-10-03,2024-10-03T14:51:00+00:00,SPXW-20241003-05695.000-C,CALL,15.7,15.9,1590.0,4000.0,19320.0,2900.0,True,pass,-350.0
15,2024-10-04,2024-10-04T14:02:00+00:00,SPXW-20241004-05700.000-C,CALL,32.2,32.5,3250.0,4000.0,18970.0,0.0,True,pass,-869.9999999999999
16,2024-10-04,2024-10-04T14:27:00+00:00,SPXW-20241004-05720.000-P,PUT,19.7,19.9,1990.0,4000.0,18100.0,-870.0,False,daily_loss_stop,510.0000000000001
17,2024-10-04,2024-10-04T14:40:00+00:00,SPXW-20241004-05680.000-C,CALL,31.9,32.3,3230.0,4000.0,18610.0,-360.0,True,pass,1280.0000000000005
18,2024-10-04,2024-10-04T15:13:00+00:00,SPXW-20241004-05750.000-P,PUT,29.7,30.2,3020.0,4000.0,19890.0,920.0,True,pass,1390.0000000000002
19,2024-10-07,2024-10-07T14:04:00+00:00,SPXW-20241007-05715.000-C,CALL,22.1,22.2,2220.0,4000.0,21280.0,0.0,True,pass,300.0
20,2024-10-07,2024-10-07T14:29:00+00:00,SPXW-20241007-05705.000-C,CALL,31.7,32.1,3210.0,4000.0,21580.0,300.0,True,pass,-130.00000000000006
21,2024-10-07,2024-10-07T14:51:00+00:00,SPXW-20241007-05725.000-C,CALL,15.0,15.2,1520.0,4000.0,21450.0,170.0,True,pass,30.00000000000007
22,2024-10-07,2024-10-07T15:20:00+00:00,SPXW-20241007-05705.000-C,CALL,33.1,33.6,3360.0,4000.0,21480.0,200.0,True,pass,-30.000000000000423
23,2024-10-08,2024-10-08T14:00:00+00:00,SPXW-20241008-05710.000-C,CALL,23.2,23.4,2340.0,4000.0,21450.0,0.0,True,pass,-59.99999999999979
24,2024-10-08,2024-10-08T14:25:00+00:00,SPXW-20241008-05710.000-C,CALL,21.6,21.8,2180.0,4000.0,21390.0,-60.0,True,pass,1099.9999999999995
25,2024-10-09,2024-10-09T14:00:00+00:00,SPXW-20241009-05725.000-C,CALL,33.3,33.8,3380.0,4000.0,22490.0,0.0,True,pass,160.00000000000014
26,2024-10-09,2024-10-09T14:25:00+00:00,SPXW-20241009-05730.000-C,CALL,32.3,32.7,3270.0,4000.0,22650.0,160.0,True,pass,119.99999999999956
27,2024-10-09,2024-10-09T14:39:00+00:00,SPXW-20241009-05730.000-C,CALL,33.9,34.4,3440.0,4000.0,22770.0,280.0,True,pass,750.0
28,2024-10-10,2024-10-10T14:00:00+00:00,SPXW-20241010-05760.000-C,CALL,20.7,20.9,2090.0,4000.0,23520.0,0.0,True,pass,660.0000000000001
29,2024-10-10,2024-10-10T14:26:00+00:00,SPXW-20241010-05750.000-C,CALL,31.1,31.5,3150.0,4000.0,24180.0,660.0,True,pass,-30.00000000000007
30,2024-10-11,2024-10-11T14:01:00+00:00,SPXW-20241011-05775.000-C,CALL,20.9,21.1,2110.0,4000.0,24150.0,0.0,True,pass,2150.0
31,2024-10-11,2024-10-11T15:04:00+00:00,SPXW-20241011-05790.000-C,CALL,24.3,24.7,2470.0,4000.0,26300.0,2150.0,True,pass,69.99999999999993
32,2024-10-11,2024-10-11T15:27:00+00:00,SPXW-20241011-05790.000-C,CALL,23.9,24.3,2430.0,4000.0,26370.0,2220.0,True,pass,139.99999999999986
33,2024-10-11,2024-10-11T17:30:00+00:00,SPXW-20241011-05780.000-C,CALL,28.8,29.3,2930.0,4000.0,26510.0,2360.0,True,pass,309.9999999999998
34,2024-10-14,2024-10-14T14:00:00+00:00,SPXW-20241014-05820.000-C,CALL,34.0,34.5,3450.0,4000.0,26820.0,0.0,True,pass,-210.00000000000017
35,2024-10-14,2024-10-14T14:23:00+00:00,SPXW-20241014-05835.000-C,CALL,19.5,19.9,1990.0,4000.0,26610.0,-210.0,True,pass,120.00000000000028
36,2024-10-14,2024-10-14T14:36:00+00:00,SPXW-20241014-05835.000-C,CALL,23.1,23.4,2340.0,4000.0,26730.0,-90.0,True,pass,-839.9999999999999
37,2024-10-14,2024-10-14T15:02:00+00:00,SPXW-20241014-05835.000-C,CALL,14.8,15.1,1510.0,4000.0,25890.0,-930.0,False,daily_loss_stop,250.00000000000017
38,2024-10-15,2024-10-15T14:10:00+00:00,SPXW-20241015-05880.000-P,PUT,20.8,21.3,2130.0,4000.0,26140.0,0.0,True,pass,130.00000000000006
39,2024-10-15,2024-10-15T14:35:00+00:00,SPXW-20241015-05850.000-P,PUT,12.7,12.9,1290.0,4000.0,26270.0,130.0,True,pass,540.0
40,2024-10-16,2024-10-16T14:03:00+00:00,SPXW-20241016-05790.000-C,CALL,25.0,25.4,2540.0,4000.0,26810.0,0.0,True,pass,1300.0
41,2024-10-16,2024-10-16T14:28:00+00:00,SPXW-20241016-05805.000-C,CALL,25.1,25.4,2540.0,4000.0,28110.0,1300.0,True,pass,-579.9999999999998
42,2024-10-16,2024-10-16T14:54:00+00:00,SPXW-20241016-05790.000-C,CALL,32.4,32.8,3280.0,4000.0,27530.0,720.0,True,pass,210.00000000000017
43,2024-10-17,2024-10-17T14:01:00+00:00,SPXW-20241017-05860.000-P,PUT,11.3,11.5,1150.0,4000.0,27740.0,0.0,True,pass,409.99999999999994
44,2024-10-17,2024-10-17T14:37:00+00:00,SPXW-20241017-05865.000-P,PUT,16.1,16.3,1630.0,4000.0,28150.0,410.0,True,pass,130.00000000000006
45,2024-10-17,2024-10-17T15:02:00+00:00,SPXW-20241017-05870.000-P,PUT,23.5,24.0,2400.0,4000.0,28280.0,540.0,True,pass,-500.0
46,2024-10-17,2024-10-17T18:11:00+00:00,SPXW-20241017-05855.000-P,PUT,11.1,11.3,1130.0,4000.0,27780.0,40.0,True,pass,139.99999999999986
47,2024-10-18,2024-10-18T14:03:00+00:00,SPXW-20241018-05830.000-C,CALL,25.7,26.2,2620.0,4000.0,27920.0,0.0,True,pass,-9.999999999999789
48,2024-10-18,2024-10-18T14:40:00+00:00,SPXW-20241018-05840.000-C,CALL,17.5,17.9,1790.0,4000.0,27910.0,-10.0,True,pass,90.00000000000021
49,2024-10-18,2024-10-18T15:06:00+00:00,SPXW-20241018-05845.000-C,CALL,14.2,14.4,1440.0,4000.0,28000.0,80.0,True,pass,150.0
50,2024-10-18,2024-10-18T17:31:00+00:00,SPXW-20241018-05850.000-C,CALL,15.5,16.0,1600.0,4000.0,28150.0,230.0,True,pass,139.99999999999986
51,2024-10-18,2024-10-18T18:09:00+00:00,SPXW-20241018-05850.000-C,CALL,16.6,16.9,1690.0,4000.0,28290.0,370.0,True,pass,300.0
52,2024-10-21,2024-10-21T14:03:00+00:00,SPXW-20241021-05845.000-C,CALL,17.9,18.4,1840.0,4000.0,28590.0,0.0,True,pass,140.00000000000023
53,2024-10-21,2024-10-21T14:28:00+00:00,SPXW-20241021-05870.000-P,PUT,14.4,14.9,1490.0,4000.0,28730.0,140.0,True,pass,1040.0
54,2024-10-21,2024-10-21T15:02:00+00:00,SPXW-20241021-05845.000-P,PUT,9.4,9.6,960.0,4000.0,29770.0,1180.0,True,pass,990.0
55,2024-10-22,2024-10-22T14:01:00+00:00,SPXW-20241022-05815.000-C,CALL,21.1,21.6,2160.0,4000.0,30760.0,0.0,True,pass,259.9999999999998
56,2024-10-22,2024-10-22T14:27:00+00:00,SPXW-20241022-05810.000-C,CALL,25.7,26.2,2620.0,4000.0,31020.0,260.0,True,pass,-80.00000000000007
57,2024-10-22,2024-10-22T14:44:00+00:00,SPXW-20241022-05845.000-P,PUT,16.2,16.7,1670.0,4000.0,30940.0,180.0,True,pass,-660.0
58,2024-10-23,2024-10-23T14:04:00+00:00,SPXW-20241023-05840.000-P,PUT,15.6,15.8,1580.0,4000.0,30280.0,0.0,True,pass,280.00000000000006
59,2024-10-23,2024-10-23T14:54:00+00:00,SPXW-20241023-05835.000-P,PUT,15.2,15.4,1540.0,4000.0,30560.0,280.0,True,pass,70.00000000000011
60,2024-10-23,2024-10-23T15:11:00+00:00,SPXW-20241023-05835.000-P,PUT,18.3,18.7,1870.0,4000.0,30630.0,350.0,True,pass,819.9999999999999
61,2024-10-24,2024-10-24T14:02:00+00:00,SPXW-20241024-05790.000-C,CALL,26.3,26.8,2680.0,4000.0,31450.0,0.0,True,pass,-250.0
62,2024-10-24,2024-10-24T14:32:00+00:00,SPXW-20241024-05795.000-C,CALL,21.5,21.7,2170.0,4000.0,31200.0,-250.0,True,pass,-380.00000000000006
63,2024-10-25,2024-10-25T14:01:00+00:00,SPXW-20241025-05840.000-C,CALL,19.1,19.6,1960.0,4000.0,30820.0,0.0,True,pass,219.99999999999991
64,2024-10-25,2024-10-25T15:26:00+00:00,SPXW-20241025-05855.000-P,PUT,11.7,11.9,1190.0,4000.0,31040.0,220.0,True,pass,820.0000000000001
65,2024-10-25,2024-10-25T17:30:00+00:00,SPXW-20241025-05835.000-P,PUT,15.2,15.4,1540.0,4000.0,31860.0,1040.0,True,pass,599.9999999999998
66,2024-10-25,2024-10-25T17:47:00+00:00,SPXW-20241025-05780.000-C,CALL,32.5,32.9,3290.0,4000.0,32460.0,1640.0,True,pass,730.0000000000005
67,2024-10-25,2024-10-25T18:13:00+00:00,SPXW-20241025-05780.000-C,CALL,25.8,26.2,2620.0,4000.0,33190.0,2370.0,True,pass,700.0000000000003
68,2024-10-28,2024-10-28T14:23:00+00:00,SPXW-20241028-05810.000-C,CALL,30.8,31.0,3100.0,4000.0,33890.0,0.0,True,pass,30.00000000000007
69,2024-10-28,2024-10-28T14:49:00+00:00,SPXW-20241028-05820.000-C,CALL,23.2,23.4,2340.0,4000.0,33920.0,30.0,True,pass,-209.99999999999977
70,2024-10-29,2024-10-29T14:01:00+00:00,SPXW-20241029-05785.000-C,CALL,33.5,34.0,3400.0,4000.0,33710.0,0.0,True,pass,370.0000000000003
71,2024-10-29,2024-10-29T14:30:00+00:00,SPXW-20241029-05810.000-C,CALL,17.7,18.1,1810.0,4000.0,34080.0,370.0,True,pass,359.9999999999998
72,2024-10-29,2024-10-29T14:57:00+00:00,SPXW-20241029-05805.000-C,CALL,27.4,27.8,2780.0,4000.0,34440.0,730.0,True,pass,39.99999999999986
73,2024-10-30,2024-10-30T14:00:00+00:00,SPXW-20241030-05810.000-C,CALL,29.2,29.5,2950.0,4000.0,34480.0,0.0,True,pass,570.0000000000002
74,2024-10-30,2024-10-30T14:37:00+00:00,SPXW-20241030-05825.000-C,CALL,21.8,22.1,2210.0,4000.0,35050.0,570.0,True,pass,-60.00000000000014
75,2024-10-30,2024-10-30T15:01:00+00:00,SPXW-20241030-05825.000-C,CALL,19.0,19.3,1930.0,4000.0,34990.0,510.0,True,pass,-150.0
76,2024-10-31,2024-10-31T14:17:00+00:00,SPXW-20241031-05720.000-C,CALL,33.7,34.0,3400.0,4000.0,34840.0,0.0,True,pass,-1020.0
77,2024-10-31,2024-10-31T15:20:00+00:00,SPXW-20241031-05710.000-C,CALL,23.1,23.4,2340.0,4000.0,33820.0,-1020.0,False,daily_loss_stop,-309.9999999999998
78,2024-10-31,2024-10-31T18:30:00+00:00,SPXW-20241031-05705.000-C,CALL,18.6,18.9,1890.0,4000.0,33510.0,-1330.0,False,daily_loss_stop,-219.99999999999991
79,2024-10-31,2024-10-31T19:20:00+00:00,SPXW-20241031-05705.000-C,CALL,26.4,26.7,2670.0,4000.0,33290.0,-1550.0,False,daily_loss_stop,-530.0000000000001
80,2024-11-01,2024-11-01T14:07:00+00:00,SPXW-20241101-05730.000-C,CALL,26.2,26.4,2640.0,4000.0,32760.0,0.0,True,pass,1170.0000000000002
81,2024-11-01,2024-11-01T15:04:00+00:00,SPXW-20241101-05745.000-C,CALL,21.8,22.0,2200.0,4000.0,33930.0,1170.0,True,pass,69.99999999999993
82,2024-11-01,2024-11-01T18:04:00+00:00,SPXW-20241101-05715.000-C,CALL,23.3,23.6,2360.0,4000.0,34000.0,1240.0,True,pass,-60.00000000000014
83,2024-11-01,2024-11-01T18:38:00+00:00,SPXW-20241101-05750.000-P,PUT,13.8,14.1,1410.0,4000.0,33940.0,1180.0,True,pass,-69.99999999999993
84,2024-11-01,2024-11-01T19:06:00+00:00,SPXW-20241101-05710.000-C,CALL,29.4,29.7,2970.0,4000.0,33870.0,1110.0,True,pass,609.9999999999998
85,2024-11-04,2024-11-04T15:01:00+00:00,SPXW-20241104-05700.000-C,CALL,34.5,34.8,3480.0,4000.0,34480.0,0.0,True,pass,150.0
86,2024-11-04,2024-11-04T15:29:00+00:00,SPXW-20241104-05720.000-C,CALL,22.5,22.7,2270.0,4000.0,34630.0,150.0,True,pass,-89.99999999999986
87,2024-11-05,2024-11-05T15:08:00+00:00,SPXW-20241105-05745.000-C,CALL,20.9,21.1,2110.0,4000.0,34540.0,0.0,True,pass,219.99999999999991
88,2024-11-05,2024-11-05T15:36:00+00:00,SPXW-20241105-05740.000-C,CALL,26.0,26.3,2630.0,4000.0,34760.0,220.0,True,pass,630.0000000000001
89,2024-11-05,2024-11-05T16:07:00+00:00,SPXW-20241105-05735.000-C,CALL,28.1,28.6,2860.0,4000.0,35390.0,850.0,True,pass,309.9999999999998
90,2024-11-05,2024-11-05T16:24:00+00:00,SPXW-20241105-05740.000-C,CALL,29.3,29.7,2970.0,4000.0,35700.0,1160.0,True,pass,180.00000000000006
91,2024-11-05,2024-11-05T18:37:00+00:00,SPXW-20241105-05770.000-P,PUT,8.5,8.7,870.0,4000.0,35880.0,1340.0,True,pass,-159.99999999999997
92,2024-11-05,2024-11-05T19:00:00+00:00,SPXW-20241105-05740.000-C,CALL,30.5,30.9,3090.0,4000.0,35720.0,1180.0,True,pass,210.00000000000017
93,2024-11-05,2024-11-05T19:21:00+00:00,SPXW-20241105-05745.000-C,CALL,26.1,26.4,2640.0,4000.0,35930.0,1390.0,True,pass,200.0
94,2024-11-06,2024-11-06T15:00:00+00:00,SPXW-20241106-05860.000-C,CALL,30.3,30.7,3070.0,4000.0,36130.0,0.0,True,pass,1450.0000000000005
95,2024-11-06,2024-11-06T15:26:00+00:00,SPXW-20241106-05875.000-C,CALL,32.0,32.4,3240.0,4000.0,37580.0,1450.0,True,pass,-1009.9999999999998
96,2024-11-06,2024-11-06T16:00:00+00:00,SPXW-20241106-05910.000-P,PUT,26.3,26.7,2670.0,4000.0,36570.0,440.0,True,pass,-589.9999999999999
97,2024-11-06,2024-11-06T18:32:00+00:00,SPXW-20241106-05910.000-C,CALL,13.2,13.4,1340.0,4000.0,35980.0,-150.0,True,pass,100.0
98,2024-11-06,2024-11-06T18:54:00+00:00,SPXW-20241106-05890.000-C,CALL,30.7,31.0,3100.0,4000.0,36080.0,-50.0,True,pass,-19.99999999999993
99,2024-11-06,2024-11-06T19:19:00+00:00,SPXW-20241106-05895.000-C,CALL,26.0,26.4,2640.0,4000.0,36060.0,-70.0,True,pass,190.00000000000023
100,2024-11-06,2024-11-06T19:36:00+00:00,SPXW-20241106-05895.000-C,CALL,28.1,28.5,2850.0,4000.0,36250.0,120.0,True,pass,-100.0
101,2024-11-07,2024-11-07T15:01:00+00:00,SPXW-20241107-05930.000-C,CALL,33.8,34.2,3420.0,4000.0,36150.0,0.0,True,pass,59.99999999999943
102,2024-11-07,2024-11-07T15:36:00+00:00,SPXW-20241107-05935.000-C,CALL,31.6,31.9,3190.0,4000.0,36210.0,60.0,True,pass,380.00000000000045
103,2024-11-08,2024-11-08T15:01:00+00:00,SPXW-20241108-05965.000-C,CALL,27.2,27.7,2770.0,4000.0,36590.0,0.0,True,pass,-119.99999999999991
104,2024-11-08,2024-11-08T15:27:00+00:00,SPXW-20241108-05975.000-C,CALL,18.0,18.4,1840.0,4000.0,36470.0,-120.0,True,pass,100.0
105,2024-11-11,2024-11-11T15:04:00+00:00,SPXW-20241111-06010.000-P,PUT,10.1,10.3,1030.0,4000.0,36570.0,0.0,True,pass,0.0
106,2024-11-11,2024-11-11T15:55:00+00:00,SPXW-20241111-06000.000-C,CALL,15.5,15.8,1580.0,4000.0,36570.0,0.0,True,pass,-160.00000000000014
107,2024-11-12,2024-11-12T15:02:00+00:00,SPXW-20241112-06035.000-P,PUT,31.0,31.5,3150.0,4000.0,36410.0,0.0,True,pass,600.0
108,2024-11-12,2024-11-12T15:44:00+00:00,SPXW-20241112-06010.000-P,PUT,17.2,17.7,1770.0,4000.0,37010.0,600.0,True,pass,269.99999999999994
109,2024-11-13,2024-11-13T15:00:00+00:00,SPXW-20241113-05985.000-P,PUT,8.9,9.1,910.0,4000.0,37280.0,0.0,True,pass,970.0
110,2024-11-13,2024-11-13T15:32:00+00:00,SPXW-20241113-05960.000-C,CALL,24.2,24.6,2460.0,4000.0,38250.0,970.0,True,pass,269.99999999999994
111,2024-11-13,2024-11-13T16:27:00+00:00,SPXW-20241113-05970.000-C,CALL,24.4,24.9,2490.0,4000.0,38520.0,1240.0,True,pass,210.00000000000017
112,2024-11-14,2024-11-14T15:12:00+00:00,SPXW-20241114-05985.000-P,PUT,16.0,16.2,1620.0,4000.0,38730.0,0.0,True,pass,-159.99999999999997
113,2024-11-14,2024-11-14T15:56:00+00:00,SPXW-20241114-05995.000-P,PUT,16.4,16.9,1690.0,4000.0,38570.0,-160.0,True,pass,440.0000000000002
114,2024-11-14,2024-11-14T20:06:00+00:00,SPXW-20241114-05955.000-P,PUT,7.1,7.3,730.0,4000.0,39010.0,280.0,True,pass,-50.0
115,2024-11-15,2024-11-15T15:00:00+00:00,SPXW-20241115-05925.000-P,PUT,27.0,27.4,2740.0,4000.0,38960.0,0.0,True,pass,1239.9999999999998
116,2024-11-15,2024-11-15T15:26:00+00:00,SPXW-20241115-05900.000-P,PUT,20.8,21.1,2110.0,4000.0,40200.0,1240.0,True,pass,159.99999999999977
117,2024-11-15,2024-11-15T15:51:00+00:00,SPXW-20241115-05895.000-P,PUT,15.1,15.3,1530.0,4000.0,40360.0,1400.0,True,pass,319.99999999999994
118,2024-11-18,2024-11-18T15:01:00+00:00,SPXW-20241118-05845.000-C,CALL,29.2,29.6,2960.0,4000.0,40680.0,0.0,True,pass,619.9999999999995
119,2024-11-18,2024-11-18T15:26:00+00:00,SPXW-20241118-05870.000-C,CALL,17.2,17.4,1740.0,4000.0,41300.0,620.0,True,pass,940.0000000000002
120,2024-11-19,2024-11-19T15:01:00+00:00,SPXW-20241119-05840.000-C,CALL,27.5,27.8,2780.0,4000.0,42240.0,0.0,True,pass,319.99999999999994
121,2024-11-19,2024-11-19T15:15:00+00:00,SPXW-20241119-05885.000-P,PUT,23.7,24.1,2410.0,4000.0,42560.0,320.0,True,pass,-1150.0000000000002
122,2024-11-19,2024-11-19T15:41:00+00:00,SPXW-20241119-05855.000-C,CALL,31.2,31.6,3160.0,4000.0,41410.0,-830.0,False,daily_loss_stop,779.9999999999998
123,2024-11-19,2024-11-19T18:33:00+00:00,SPXW-20241119-05890.000-C,CALL,18.7,19.1,1910.0,4000.0,42190.0,-50.0,True,pass,1460.0000000000002
124,2024-11-19,2024-11-19T19:36:00+00:00,SPXW-20241119-05880.000-C,CALL,25.8,26.3,2630.0,4000.0,43650.0,1410.0,True,pass,80.00000000000007
125,2024-11-20,2024-11-20T15:05:00+00:00,SPXW-20241120-05890.000-P,PUT,14.2,14.3,1430.0,4000.0,43730.0,0.0,True,pass,1450.0
126,2024-11-20,2024-11-20T15:24:00+00:00,SPXW-20241120-05845.000-C,CALL,28.3,28.7,2870.0,4000.0,45180.0,1450.0,True,pass,1209.9999999999998
127,2024-11-20,2024-11-20T15:49:00+00:00,SPXW-20241120-05855.000-C,CALL,31.6,32.0,3200.0,4000.0,46390.0,2660.0,True,pass,379.9999999999997
128,2024-11-20,2024-11-20T16:06:00+00:00,SPXW-20241120-05890.000-P,PUT,13.6,13.8,1380.0,4000.0,46770.0,3040.0,True,pass,469.99999999999994
129,2024-11-20,2024-11-20T16:27:00+00:00,SPXW-20241120-05895.000-P,PUT,23.5,24.0,2400.0,4000.0,47240.0,3510.0,True,pass,369.99999999999994
130,2024-11-21,2024-11-21T15:01:00+00:00,SPXW-20241121-05915.000-P,PUT,22.8,23.0,2300.0,4000.0,47610.0,0.0,True,pass,460.0000000000001
131,2024-11-21,2024-11-21T15:12:00+00:00,SPXW-20241121-05890.000-C,CALL,22.8,23.0,2300.0,4000.0,48070.0,460.0,True,pass,1279.9999999999998
132,2024-11-21,2024-11-21T15:26:00+00:00,SPXW-20241121-05915.000-P,PUT,22.2,22.4,2240.0,4000.0,49350.0,1740.0,True,pass,880.0000000000001
133,2024-11-21,2024-11-21T15:33:00+00:00,SPXW-20241121-05870.000-C,CALL,28.9,29.2,2920.0,4000.0,50230.0,2620.0,True,pass,3090.0
134,2024-11-22,2024-11-22T15:01:00+00:00,SPXW-20241122-05950.000-C,CALL,23.5,23.8,2380.0,4000.0,53320.0,0.0,True,pass,-660.0000000000001
135,2024-11-22,2024-11-22T15:26:00+00:00,SPXW-20241122-05975.000-P,PUT,21.1,21.5,2150.0,4000.0,52660.0,-660.0,True,pass,210.00000000000017
136,2024-11-22,2024-11-22T15:38:00+00:00,SPXW-20241122-05950.000-C,CALL,14.2,14.4,1440.0,4000.0,52870.0,-450.0,True,pass,499.99999999999983
137,2024-11-22,2024-11-22T15:59:00+00:00,SPXW-20241122-05940.000-C,CALL,30.3,30.7,3070.0,4000.0,53370.0,50.0,True,pass,-839.9999999999999
138,2024-11-22,2024-11-22T18:30:00+00:00,SPXW-20241122-05950.000-C,CALL,19.7,20.1,2010.0,4000.0,52530.0,-790.0,False,daily_loss_stop,-510.0000000000001
139,2024-11-25,2024-11-25T15:00:00+00:00,SPXW-20241125-06010.000-P,PUT,12.1,12.3,1230.0,4000.0,52020.0,0.0,True,pass,680.0000000000001
140,2024-11-25,2024-11-25T15:17:00+00:00,SPXW-20241125-06000.000-P,PUT,9.5,9.7,970.0,4000.0,52700.0,680.0,True,pass,150.0
141,2024-11-25,2024-11-25T15:39:00+00:00,SPXW-20241125-06010.000-P,PUT,15.7,16.2,1620.0,4000.0,52850.0,830.0,True,pass,319.99999999999994
142,2024-11-25,2024-11-25T16:21:00+00:00,SPXW-20241125-05985.000-C,CALL,13.2,13.5,1350.0,4000.0,53170.0,1150.0,True,pass,-560.0
143,2024-11-26,2024-11-26T15:02:00+00:00,SPXW-20241126-05975.000-C,CALL,27.8,28.2,2820.0,4000.0,52610.0,0.0,True,pass,-419.99999999999994
144,2024-11-26,2024-11-26T15:34:00+00:00,SPXW-20241126-06005.000-P,PUT,11.8,12.0,1200.0,4000.0,52190.0,-420.0,True,pass,-400.0
145,2024-11-26,2024-11-26T16:01:00+00:00,SPXW-20241126-05975.000-C,CALL,30.5,30.9,3090.0,4000.0,51790.0,-820.0,False,daily_loss_stop,-69.99999999999993
146,2024-11-27,2024-11-27T15:01:00+00:00,SPXW-20241127-06025.000-P,PUT,15.3,15.5,1550.0,4000.0,51720.0,0.0,True,pass,150.0
147,2024-11-27,2024-11-27T15:27:00+00:00,SPXW-20241127-06040.000-P,PUT,32.9,33.3,3330.0,4000.0,51870.0,150.0,True,pass,170.00000000000028
148,2024-11-27,2024-11-27T15:48:00+00:00,SPXW-20241127-06005.000-P,PUT,7.2,7.4,740.0,4000.0,52040.0,320.0,True,pass,159.99999999999997
149,2024-11-27,2024-11-27T16:00:00+00:00,SPXW-20241127-06035.000-P,PUT,34.4,34.9,3490.0,4000.0,52200.0,480.0,True,pass,160.00000000000014
150,2024-11-29,2024-11-29T15:00:00+00:00,SPXW-20241129-05985.000-C,CALL,33.4,33.9,3390.0,4000.0,52360.0,0.0,True,pass,710.0000000000001
151,2024-12-02,2024-12-02T15:32:00+00:00,SPXW-20241202-06010.000-C,CALL,34.2,34.7,3470.0,4000.0,53070.0,0.0,True,pass,-40.00000000000057
152,2024-12-02,2024-12-02T15:55:00+00:00,SPXW-20241202-06070.000-P,PUT,29.1,29.6,2960.0,4000.0,53030.0,-40.0,True,pass,-240.00000000000023
153,2024-12-03,2024-12-03T15:01:00+00:00,SPXW-20241203-06025.000-C,CALL,22.4,22.7,2270.0,4000.0,52790.0,0.0,True,pass,-669.9999999999999
154,2024-12-03,2024-12-03T15:26:00+00:00,SPXW-20241203-06045.000-P,PUT,11.0,11.2,1120.0,4000.0,52120.0,-670.0,True,pass,30.00000000000007
155,2024-12-04,2024-12-04T15:00:00+00:00,SPXW-20241204-06070.000-P,PUT,8.6,9.0,900.0,4000.0,52150.0,0.0,True,pass,69.99999999999993
156,2024-12-04,2024-12-04T15:15:00+00:00,SPXW-20241204-06095.000-P,PUT,30.4,30.8,3080.0,4000.0,52220.0,70.0,True,pass,-640.0000000000002
157,2024-12-04,2024-12-04T15:41:00+00:00,SPXW-20241204-06040.000-C,CALL,32.0,32.4,3240.0,4000.0,51580.0,-570.0,True,pass,110.00000000000014
158,2024-12-05,2024-12-05T15:01:00+00:00,SPXW-20241205-06055.000-C,CALL,34.3,34.8,3480.0,4000.0,51690.0,0.0,True,pass,-699.9999999999997
159,2024-12-05,2024-12-05T15:26:00+00:00,SPXW-20241205-06105.000-P,PUT,23.4,23.8,2380.0,4000.0,50990.0,-700.0,True,pass,119.99999999999991
160,2024-12-06,2024-12-06T15:06:00+00:00,SPXW-20241206-06085.000-C,CALL,13.8,14.0,1400.0,4000.0,51110.0,0.0,True,pass,180.00000000000006
161,2024-12-06,2024-12-06T15:36:00+00:00,SPXW-20241206-06065.000-C,CALL,33.3,33.7,3370.0,4000.0,51290.0,180.0,True,pass,-110.00000000000014
162,2024-12-06,2024-12-06T16:13:00+00:00,SPXW-20241206-06095.000-P,PUT,9.1,9.3,930.0,4000.0,51180.0,70.0,True,pass,119.99999999999991
163,2024-12-09,2024-12-09T15:01:00+00:00,SPXW-20241209-06050.000-C,CALL,33.4,33.8,3380.0,4000.0,51300.0,0.0,True,pass,-699.9999999999997
164,2024-12-09,2024-12-09T15:26:00+00:00,SPXW-20241209-06110.000-P,PUT,33.6,34.1,3410.0,4000.0,50600.0,-700.0,True,pass,310.0000000000001
165,2024-12-09,2024-12-09T15:51:00+00:00,SPXW-20241209-06080.000-P,PUT,17.0,17.4,1740.0,4000.0,50910.0,-390.0,True,pass,460.0000000000001
166,2024-12-10,2024-12-10T15:01:00+00:00,SPXW-20241210-06025.000-C,CALL,33.7,34.1,3410.0,4000.0,51370.0,0.0,True,pass,169.99999999999957
167,2024-12-10,2024-12-10T15:27:00+00:00,SPXW-20241210-06030.000-C,CALL,32.3,32.6,3260.0,4000.0,51540.0,170.0,True,pass,119.99999999999956
168,2024-12-11,2024-12-11T15:05:00+00:00,SPXW-20241211-06040.000-C,CALL,33.9,34.3,3430.0,4000.0,51660.0,0.0,True,pass,250.0
169,2024-12-11,2024-12-11T15:37:00+00:00,SPXW-20241211-06045.000-C,CALL,31.5,31.9,3190.0,4000.0,51910.0,250.0,True,pass,-139.99999999999986
170,2024-12-12,2024-12-12T15:09:00+00:00,SPXW-20241212-06095.000-P,PUT,29.9,30.4,3040.0,4000.0,51770.0,0.0,True,pass,-1079.9999999999998
171,2024-12-12,2024-12-12T15:35:00+00:00,SPXW-20241212-06050.000-C,CALL,25.4,25.8,2580.0,4000.0,50690.0,-1080.0,False,daily_loss_stop,-110.00000000000014
172,2024-12-13,2024-12-13T15:01:00+00:00,SPXW-20241213-06100.000-P,PUT,32.5,32.8,3280.0,4000.0,50580.0,0.0,True,pass,360.0000000000001
173,2024-12-13,2024-12-13T15:26:00+00:00,SPXW-20241213-06090.000-P,PUT,31.4,31.7,3170.0,4000.0,50940.0,360.0,True,pass,859.9999999999998
174,2024-12-16,2024-12-16T15:00:00+00:00,SPXW-20241216-06040.000-C,CALL,30.1,30.5,3050.0,4000.0,51800.0,0.0,True,pass,119.99999999999991
175,2024-12-16,2024-12-16T15:26:00+00:00,SPXW-20241216-06055.000-C,CALL,14.3,14.6,1460.0,4000.0,51920.0,120.0,True,pass,550.0000000000002
176,2024-12-16,2024-12-16T16:10:00+00:00,SPXW-20241216-06045.000-C,CALL,30.9,31.2,3120.0,4000.0,52470.0,670.0,True,pass,0.0
177,2024-12-17,2024-12-17T15:00:00+00:00,SPXW-20241217-06055.000-P,PUT,9.9,10.1,1010.0,4000.0,52470.0,0.0,True,pass,420.0000000000001
178,2024-12-17,2024-12-17T15:39:00+00:00,SPXW-20241217-06010.000-C,CALL,32.0,32.4,3240.0,4000.0,52890.0,420.0,True,pass,160.00000000000014
179,2024-12-17,2024-12-17T15:58:00+00:00,SPXW-20241217-06025.000-C,CALL,21.0,21.4,2140.0,4000.0,53050.0,580.0,True,pass,590.0000000000002
180,2024-12-17,2024-12-17T18:42:00+00:00,SPXW-20241217-06035.000-C,CALL,14.9,15.2,1520.0,4000.0,53640.0,1170.0,True,pass,20.000000000000107
181,2024-12-18,2024-12-18T15:01:00+00:00,SPXW-20241218-06025.000-C,CALL,32.9,33.2,3320.0,4000.0,53660.0,0.0,True,pass,309.99999999999943
182,2024-12-18,2024-12-18T15:27:00+00:00,SPXW-20241218-06030.000-C,CALL,33.4,33.7,3370.0,4000.0,53970.0,310.0,True,pass,589.9999999999999
183,2024-12-18,2024-12-18T16:15:00+00:00,SPXW-20241218-06090.000-P,PUT,31.7,32.0,3200.0,4000.0,54560.0,900.0,True,pass,-350.0
184,2024-12-19,2024-12-19T15:01:00+00:00,SPXW-20241219-05930.000-P,PUT,29.0,29.4,2940.0,4000.0,54210.0,0.0,True,pass,880.0000000000005
185,2024-12-19,2024-12-19T15:13:00+00:00,SPXW-20241219-05885.000-C,CALL,33.6,33.9,3390.0,4000.0,55090.0,880.0,True,pass,-1320.0
186,2024-12-19,2024-12-19T15:42:00+00:00,SPXW-20241219-05870.000-C,CALL,31.0,31.3,3130.0,4000.0,53770.0,-440.0,True,pass,640.0000000000002
187,2024-12-20,2024-12-20T15:13:00+00:00,SPXW-20241220-05840.000-C,CALL,33.9,34.3,3430.0,4000.0,54410.0,0.0,True,pass,4140.000000000001
188,2024-12-20,2024-12-20T18:30:00+00:00,SPXW-20241220-05930.000-C,CALL,24.6,24.9,2490.0,4000.0,58550.0,4140.0,True,pass,-119.99999999999991
189,2024-12-23,2024-12-23T15:14:00+00:00,SPXW-20241223-05900.000-C,CALL,24.8,25.1,2510.0,4000.0,58430.0,0.0,True,pass,200.0
190,2024-12-23,2024-12-23T15:48:00+00:00,SPXW-20241223-05940.000-P,PUT,28.3,28.6,2860.0,4000.0,58630.0,200.0,True,pass,59.99999999999979
191,2024-12-23,2024-12-23T15:55:00+00:00,SPXW-20241223-05890.000-C,CALL,30.8,31.1,3110.0,4000.0,58690.0,260.0,True,pass,910.0
192,2024-12-23,2024-12-23T18:30:00+00:00,SPXW-20241223-05945.000-C,CALL,16.2,16.5,1650.0,4000.0,59600.0,1170.0,True,pass,200.0
193,2024-12-23,2024-12-23T19:12:00+00:00,SPXW-20241223-05935.000-C,CALL,29.4,29.8,2980.0,4000.0,59800.0,1370.0,True,pass,209.99999999999977
194,2024-12-23,2024-12-23T20:11:00+00:00,SPXW-20241223-05930.000-C,CALL,20.3,20.7,2070.0,4000.0,60010.0,1580.0,True,pass,590.0000000000002
195,2024-12-24,2024-12-24T15:00:00+00:00,SPXW-20241224-05970.000-C,CALL,28.8,29.3,2930.0,4000.0,60600.0,0.0,True,pass,549.9999999999997
196,2024-12-26,2024-12-26T15:00:00+00:00,SPXW-20241226-05995.000-C,CALL,32.7,33.0,3300.0,4000.0,61150.0,0.0,True,pass,-180.00000000000006
197,2024-12-26,2024-12-26T15:26:00+00:00,SPXW-20241226-05995.000-C,CALL,34.4,34.7,3470.0,4000.0,60970.0,-180.0,True,pass,-80.00000000000043
198,2024-12-26,2024-12-26T15:56:00+00:00,SPXW-20241226-06005.000-C,CALL,26.7,27.0,2700.0,4000.0,60890.0,-260.0,True,pass,650.0
199,2024-12-27,2024-12-27T15:00:00+00:00,SPXW-20241227-06025.000-P,PUT,34.6,35.0,3500.0,4000.0,61540.0,0.0,True,pass,3659.999999999999
200,2024-12-27,2024-12-27T15:25:00+00:00,SPXW-20241227-05970.000-P,PUT,19.8,20.1,2010.0,4000.0,65200.0,3660.0,True,pass,669.9999999999999
201,2024-12-27,2024-12-27T15:41:00+00:00,SPXW-20241227-05925.000-C,CALL,34.6,34.9,3490.0,4000.0,65870.0,4330.0,True,pass,650.0
202,2024-12-27,2024-12-27T18:36:00+00:00,SPXW-20241227-05935.000-C,CALL,21.1,21.4,2140.0,4000.0,66520.0,4980.0,True,pass,420.0000000000003
203,2024-12-30,2024-12-30T15:02:00+00:00,SPXW-20241230-05900.000-P,PUT,28.6,28.9,2890.0,4000.0,66940.0,0.0,True,pass,280.00000000000006
204,2024-12-30,2024-12-30T15:27:00+00:00,SPXW-20241230-05890.000-P,PUT,27.2,27.5,2750.0,4000.0,67220.0,280.0,True,pass,-1530.0
205,2024-12-30,2024-12-30T16:18:00+00:00,SPXW-20241230-05895.000-C,CALL,15.8,16.0,1600.0,4000.0,65690.0,-1250.0,False,daily_loss_stop,1180.0
206,2024-12-30,2024-12-30T18:31:00+00:00,SPXW-20241230-05900.000-C,CALL,31.5,31.9,3190.0,4000.0,66870.0,-70.0,True,pass,500.0
207,2024-12-30,2024-12-30T19:08:00+00:00,SPXW-20241230-05900.000-C,CALL,29.8,30.2,3020.0,4000.0,67370.0,430.0,True,pass,-19.99999999999993
208,2024-12-30,2024-12-30T20:02:00+00:00,SPXW-20241230-05905.000-C,CALL,27.4,27.8,2780.0,4000.0,67350.0,410.0,True,pass,39.99999999999986
209,2024-12-31,2024-12-31T15:07:00+00:00,SPXW-20241231-05940.000-P,PUT,32.2,32.4,3240.0,4000.0,67390.0,0.0,True,pass,-300.0
210,2024-12-31,2024-12-31T15:33:00+00:00,SPXW-20241231-05945.000-P,PUT,32.1,32.3,3230.0,4000.0,67090.0,-300.0,True,pass,560.0000000000001
211,2024-12-31,2024-12-31T16:03:00+00:00,SPXW-20241231-05935.000-P,PUT,33.1,33.6,3360.0,4000.0,67650.0,260.0,True,pass,629.9999999999998
212,2025-07-01,2025-07-01T14:01:00+00:00,SPXW-20250701-06165.000-C,CALL,33.0,33.4,3340.0,4000.0,68280.0,0.0,True,pass,310.0000000000001
213,2025-07-01,2025-07-01T14:27:00+00:00,SPXW-20250701-06210.000-P,PUT,17.4,17.7,1770.0,4000.0,68590.0,310.0,True,pass,219.99999999999991
214,2025-07-01,2025-07-01T14:31:00+00:00,SPXW-20250701-06170.000-C,CALL,28.2,28.5,2850.0,4000.0,68810.0,530.0,True,pass,-550.0
215,2025-07-01,2025-07-01T15:02:00+00:00,SPXW-20250701-06180.000-C,CALL,15.8,16.0,1600.0,4000.0,68260.0,-20.0,True,pass,280.00000000000006
216,2025-07-01,2025-07-01T15:27:00+00:00,SPXW-20250701-06165.000-C,CALL,32.1,32.4,3240.0,4000.0,68540.0,260.0,True,pass,60.00000000000014
217,2025-07-02,2025-07-02T14:00:00+00:00,SPXW-20250702-06165.000-C,CALL,32.8,33.3,3330.0,4000.0,68600.0,0.0,True,pass,330.00000000000045
218,2025-07-02,2025-07-02T14:25:00+00:00,SPXW-20250702-06175.000-C,CALL,31.1,31.5,3150.0,4000.0,68930.0,330.0,True,pass,360.0000000000001
219,2025-07-03,2025-07-03T14:00:00+00:00,SPXW-20250703-06260.000-C,CALL,10.0,10.3,1030.0,4000.0,69290.0,0.0,True,pass,459.99999999999994
220,2025-07-03,2025-07-03T14:45:00+00:00,SPXW-20250703-06245.000-C,CALL,31.5,31.9,3190.0,4000.0,69750.0,460.0,True,pass,30.000000000000423
221,2025-07-07,2025-07-07T14:00:00+00:00,SPXW-20250707-06290.000-P,PUT,32.2,32.6,3260.0,4000.0,69780.0,0.0,True,pass,479.9999999999997
222,2025-07-07,2025-07-07T14:23:00+00:00,SPXW-20250707-06220.000-C,CALL,34.0,34.3,3430.0,4000.0,70260.0,480.0,True,pass,220.00000000000028
223,2025-07-07,2025-07-07T14:31:00+00:00,SPXW-20250707-06265.000-P,PUT,17.2,17.7,1770.0,4000.0,70480.0,700.0,True,pass,119.99999999999991
224,2025-07-07,2025-07-07T14:42:00+00:00,SPXW-20250707-06225.000-C,CALL,26.9,27.2,2720.0,4000.0,70600.0,820.0,True,pass,-609.9999999999998
225,2025-07-07,2025-07-07T18:00:00+00:00,SPXW-20250707-06205.000-C,CALL,19.2,19.5,1950.0,4000.0,69990.0,210.0,True,pass,110.00000000000014
226,2025-07-07,2025-07-07T18:37:00+00:00,SPXW-20250707-06200.000-C,CALL,12.2,12.4,1240.0,4000.0,70100.0,320.0,True,pass,1260.0
227,2025-07-08,2025-07-08T14:01:00+00:00,SPXW-20250708-06245.000-P,PUT,19.3,19.6,1960.0,4000.0,71360.0,0.0,True,pass,250.0
228,2025-07-08,2025-07-08T14:30:00+00:00,SPXW-20250708-06205.000-C,CALL,21.5,21.8,2180.0,4000.0,71610.0,250.0,True,pass,1080.0
229,2025-07-08,2025-07-08T17:30:00+00:00,SPXW-20250708-06210.000-C,CALL,21.9,22.2,2220.0,4000.0,72690.0,1330.0,True,pass,-319.99999999999994
230,2025-07-09,2025-07-09T14:31:00+00:00,SPXW-20250709-06265.000-P,PUT,18.1,18.3,1830.0,4000.0,72370.0,0.0,True,pass,269.99999999999994
231,2025-07-09,2025-07-09T14:36:00+00:00,SPXW-20250709-06255.000-P,PUT,15.1,15.3,1530.0,4000.0,72640.0,270.0,True,pass,80.00000000000007
232,2025-07-09,2025-07-09T14:57:00+00:00,SPXW-20250709-06270.000-P,PUT,33.8,34.1,3410.0,4000.0,72720.0,350.0,True,pass,260.0000000000001
233,2025-07-09,2025-07-09T15:27:00+00:00,SPXW-20250709-06215.000-C,CALL,29.6,29.9,2990.0,4000.0,72980.0,610.0,True,pass,60.00000000000014
234,2025-07-10,2025-07-10T14:00:00+00:00,SPXW-20250710-06280.000-P,PUT,26.3,26.6,2660.0,4000.0,73040.0,0.0,True,pass,100.0
235,2025-07-10,2025-07-10T14:10:00+00:00,SPXW-20250710-06235.000-C,CALL,23.9,24.2,2420.0,4000.0,73140.0,100.0,True,pass,310.0000000000001
236,2025-07-10,2025-07-10T14:17:00+00:00,SPXW-20250710-06240.000-C,CALL,22.6,22.8,2280.0,4000.0,73450.0,410.0,True,pass,180.00000000000006
237,2025-07-10,2025-07-10T14:33:00+00:00,SPXW-20250710-06235.000-C,CALL,27.6,27.9,2790.0,4000.0,73630.0,590.0,True,pass,330.00000000000006
238,2025-07-10,2025-07-10T14:42:00+00:00,SPXW-20250710-06235.000-C,CALL,34.7,35.0,3500.0,4000.0,73960.0,920.0,True,pass,39.99999999999986
239,2025-07-10,2025-07-10T15:04:00+00:00,SPXW-20250710-06245.000-C,CALL,28.6,28.9,2890.0,4000.0,74000.0,960.0,True,pass,60.00000000000014
240,2025-07-11,2025-07-11T14:01:00+00:00,SPXW-20250711-06230.000-C,CALL,27.3,27.5,2750.0,4000.0,74060.0,0.0,True,pass,169.99999999999994
241,2025-07-11,2025-07-11T14:16:00+00:00,SPXW-20250711-06230.000-C,CALL,29.1,29.3,2930.0,4000.0,74230.0,170.0,True,pass,399.99999999999966
242,2025-07-11,2025-07-11T14:26:00+00:00,SPXW-20250711-06230.000-C,CALL,34.1,34.4,3440.0,4000.0,74630.0,570.0,True,pass,-60.00000000000014
243,2025-07-11,2025-07-11T14:44:00+00:00,SPXW-20250711-06235.000-C,CALL,27.3,27.6,2760.0,4000.0,74570.0,510.0,True,pass,-420.0000000000003
244,2025-07-11,2025-07-11T15:15:00+00:00,SPXW-20250711-06225.000-C,CALL,27.5,27.9,2790.0,4000.0,74150.0,90.0,True,pass,270.0000000000003
245,2025-07-14,2025-07-14T14:01:00+00:00,SPXW-20250714-06280.000-P,PUT,33.5,33.9,3390.0,4000.0,74420.0,0.0,True,pass,160.00000000000014
246,2025-07-14,2025-07-14T14:27:00+00:00,SPXW-20250714-06270.000-P,PUT,18.6,18.9,1890.0,4000.0,74580.0,160.0,True,pass,470.0000000000003
247,2025-07-14,2025-07-14T14:30:00+00:00,SPXW-20250714-06225.000-C,CALL,25.5,25.7,2570.0,4000.0,75050.0,630.0,True,pass,240.00000000000023
248,2025-07-15,2025-07-15T14:11:00+00:00,SPXW-20250715-06260.000-C,CALL,23.3,23.5,2350.0,4000.0,75290.0,0.0,True,pass,300.0
249,2025-07-15,2025-07-15T14:37:00+00:00,SPXW-20250715-06300.000-P,PUT,28.7,29.1,2910.0,4000.0,75590.0,300.0,True,pass,200.0
250,2025-07-15,2025-07-15T14:51:00+00:00,SPXW-20250715-06275.000-P,PUT,11.9,12.0,1200.0,4000.0,75790.0,500.0,True,pass,430.00000000000006
251,2025-07-15,2025-07-15T14:55:00+00:00,SPXW-20250715-06280.000-P,PUT,19.3,19.5,1950.0,4000.0,76220.0,930.0,True,pass,339.9999999999999
252,2025-07-15,2025-07-15T15:05:00+00:00,SPXW-20250715-06235.000-C,CALL,31.7,32.0,3200.0,4000.0,76560.0,1270.0,True,pass,210.00000000000017
253,2025-07-16,2025-07-16T14:10:00+00:00,SPXW-20250716-06235.000-C,CALL,14.9,15.1,1510.0,4000.0,76770.0,0.0,True,pass,240.00000000000003
254,2025-07-16,2025-07-16T14:45:00+00:00,SPXW-20250716-06225.000-C,CALL,23.2,23.4,2340.0,4000.0,77010.0,240.0,True,pass,480.00000000000006
255,2025-07-16,2025-07-16T14:54:00+00:00,SPXW-20250716-06280.000-P,PUT,26.9,27.3,2730.0,4000.0,77490.0,720.0,True,pass,1299.9999999999995
256,2025-07-16,2025-07-16T14:58:00+00:00,SPXW-20250716-06235.000-P,PUT,6.0,6.1,610.0,4000.0,78790.0,2020.0,True,pass,320.0000000000001
257,2025-07-16,2025-07-16T15:04:00+00:00,SPXW-20250716-06225.000-C,CALL,24.2,24.5,2450.0,4000.0,79110.0,2340.0,True,pass,230.00000000000009
258,2025-07-16,2025-07-16T15:19:00+00:00,SPXW-20250716-06225.000-P,PUT,8.3,8.5,850.0,4000.0,79340.0,2570.0,True,pass,930.0
259,2025-07-16,2025-07-16T15:24:00+00:00,SPXW-20250716-06220.000-P,PUT,9.7,9.9,990.0,4000.0,80270.0,3500.0,True,pass,440.00000000000006
260,2025-07-17,2025-07-17T14:00:00+00:00,SPXW-20250717-06255.000-C,CALL,26.3,26.8,2680.0,4000.0,80710.0,0.0,True,pass,239.99999999999983
261,2025-07-17,2025-07-17T14:29:00+00:00,SPXW-20250717-06240.000-C,CALL,33.8,34.2,3420.0,4000.0,80950.0,240.0,True,pass,409.99999999999943
262,2025-07-17,2025-07-17T14:46:00+00:00,SPXW-20250717-06255.000-C,CALL,21.7,22.0,2200.0,4000.0,81360.0,650.0,True,pass,410.0000000000001
263,2025-07-17,2025-07-17T15:06:00+00:00,SPXW-20250717-06265.000-C,CALL,21.8,22.0,2200.0,4000.0,81770.0,1060.0,True,pass,180.00000000000006
264,2025-07-18,2025-07-18T14:52:00+00:00,SPXW-20250718-06265.000-C,CALL,32.7,33.0,3300.0,4000.0,81950.0,0.0,True,pass,-89.99999999999986
265,2025-07-21,2025-07-21T14:00:00+00:00,SPXW-20250721-06295.000-C,CALL,32.4,32.8,3280.0,4000.0,81860.0,0.0,True,pass,250.0
266,2025-07-21,2025-07-21T19:11:00+00:00,SPXW-20250721-06280.000-C,CALL,34.7,35.1,3510.0,4000.0,82110.0,250.0,True,pass,250.0
267,2025-07-22,2025-07-22T14:00:00+00:00,SPXW-20250722-06285.000-P,PUT,9.2,9.4,940.0,4000.0,82360.0,0.0,True,pass,159.99999999999997
268,2025-07-22,2025-07-22T14:29:00+00:00,SPXW-20250722-06265.000-C,CALL,27.2,27.5,2750.0,4000.0,82520.0,160.0,True,pass,479.9999999999997
269,2025-07-22,2025-07-22T14:56:00+00:00,SPXW-20250722-06270.000-C,CALL,28.9,29.3,2930.0,4000.0,83000.0,640.0,True,pass,209.99999999999977
270,2025-07-23,2025-07-23T14:09:00+00:00,SPXW-20250723-06295.000-C,CALL,30.7,31.0,3100.0,4000.0,83210.0,0.0,True,pass,30.00000000000007
271,2025-07-23,2025-07-23T14:29:00+00:00,SPXW-20250723-06300.000-C,CALL,28.0,28.3,2830.0,4000.0,83240.0,30.0,True,pass,-69.99999999999993
272,2025-07-23,2025-07-23T15:00:00+00:00,SPXW-20250723-06310.000-C,CALL,19.3,19.6,1960.0,4000.0,83170.0,-40.0,True,pass,19.99999999999993
273,2025-07-24,2025-07-24T14:00:00+00:00,SPXW-20250724-06350.000-C,CALL,24.2,24.4,2440.0,4000.0,83190.0,0.0,True,pass,70.00000000000028
274,2025-07-24,2025-07-24T14:28:00+00:00,SPXW-20250724-06340.000-C,CALL,29.0,29.4,2940.0,4000.0,83260.0,70.0,True,pass,230.00000000000009
275,2025-07-24,2025-07-24T14:41:00+00:00,SPXW-20250724-06345.000-C,CALL,28.1,28.5,2850.0,4000.0,83490.0,300.0,True,pass,60.00000000000014
276,2025-07-25,2025-07-25T14:00:00+00:00,SPXW-20250725-06340.000-C,CALL,34.0,34.4,3440.0,4000.0,83550.0,0.0,True,pass,130.00000000000043
277,2025-07-25,2025-07-25T14:26:00+00:00,SPXW-20250725-06360.000-C,CALL,17.7,17.9,1790.0,4000.0,83680.0,130.0,True,pass,320.0000000000003
278,2025-07-28,2025-07-28T14:05:00+00:00,SPXW-20250728-06380.000-C,CALL,19.4,19.6,1960.0,4000.0,84000.0,0.0,True,pass,59.99999999999979
279,2025-07-28,2025-07-28T14:22:00+00:00,SPXW-20250728-06385.000-C,CALL,13.9,14.0,1400.0,4000.0,84060.0,60.0,True,pass,130.00000000000006
280,2025-07-28,2025-07-28T15:19:00+00:00,SPXW-20250728-06395.000-P,PUT,10.1,10.3,1030.0,4000.0,84190.0,190.0,True,pass,89.99999999999986
281,2025-07-28,2025-07-28T15:29:00+00:00,SPXW-20250728-06375.000-C,CALL,16.9,17.2,1720.0,4000.0,84280.0,280.0,True,pass,380.00000000000006
282,2025-07-29,2025-07-29T14:53:00+00:00,SPXW-20250729-06400.000-P,PUT,14.5,14.7,1470.0,4000.0,84660.0,0.0,True,pass,0.0
283,2025-07-29,2025-07-29T15:25:00+00:00,SPXW-20250729-06390.000-P,PUT,12.9,13.1,1310.0,4000.0,84660.0,0.0,True,pass,540.0
284,2025-07-30,2025-07-30T14:18:00+00:00,SPXW-20250730-06350.000-C,CALL,32.5,32.8,3280.0,4000.0,85200.0,0.0,True,pass,650.0
285,2025-07-30,2025-07-30T14:30:00+00:00,SPXW-20250730-06355.000-C,CALL,32.8,33.0,3300.0,4000.0,85850.0,650.0,True,pass,250.0
286,2025-07-30,2025-07-30T14:36:00+00:00,SPXW-20250730-06355.000-C,CALL,33.7,34.1,3410.0,4000.0,86100.0,900.0,True,pass,-160.00000000000014
287,2025-07-30,2025-07-30T18:35:00+00:00,SPXW-20250730-06370.000-C,CALL,26.0,26.4,2640.0,4000.0,85940.0,740.0,True,pass,180.00000000000006
288,2025-07-30,2025-07-30T18:40:00+00:00,SPXW-20250730-06400.000-P,PUT,19.3,19.5,1950.0,4000.0,86120.0,920.0,True,pass,289.9999999999999
289,2025-07-30,2025-07-30T18:59:00+00:00,SPXW-20250730-06360.000-P,PUT,12.3,12.5,1250.0,4000.0,86410.0,1210.0,True,pass,600.0
290,2025-07-30,2025-07-30T19:16:00+00:00,SPXW-20250730-06390.000-P,PUT,34.7,35.2,3520.0,4000.0,87010.0,1810.0,True,pass,829.9999999999998
291,2025-07-30,2025-07-30T19:18:00+00:00,SPXW-20250730-06375.000-P,PUT,26.1,26.6,2660.0,4000.0,87840.0,2640.0,True,pass,69.99999999999993
292,2025-07-30,2025-07-30T19:24:00+00:00,SPXW-20250730-06370.000-P,PUT,29.9,30.3,3030.0,4000.0,87910.0,2710.0,True,pass,39.99999999999986
293,2025-07-31,2025-07-31T14:00:00+00:00,SPXW-20250731-06385.000-C,CALL,31.9,32.3,3230.0,4000.0,87950.0,0.0,True,pass,210.00000000000017
294,2025-07-31,2025-07-31T14:32:00+00:00,SPXW-20250731-06385.000-C,CALL,27.4,27.7,2770.0,4000.0,88160.0,210.0,True,pass,-1260.0
295,2025-07-31,2025-07-31T15:20:00+00:00,SPXW-20250731-06355.000-C,CALL,25.5,25.7,2570.0,4000.0,86900.0,-1050.0,False,daily_loss_stop,250.0
296,2025-07-31,2025-07-31T15:28:00+00:00,SPXW-20250731-06350.000-C,CALL,32.8,33.1,3310.0,4000.0,87150.0,-800.0,False,daily_loss_stop,660.0000000000001
297,2025-08-01,2025-08-01T14:05:00+00:00,SPXW-20250801-06235.000-P,PUT,24.4,24.8,2480.0,4000.0,87810.0,0.0,True,pass,280.00000000000006
298,2025-08-01,2025-08-01T14:06:00+00:00,SPXW-20250801-06205.000-C,CALL,33.2,33.4,3340.0,4000.0,88090.0,280.0,True,pass,220.00000000000028
299,2025-08-01,2025-08-01T14:08:00+00:00,SPXW-20250801-06205.000-C,CALL,31.2,31.5,3150.0,4000.0,88310.0,500.0,True,pass,1520.0000000000002
300,2025-08-01,2025-08-01T14:26:00+00:00,SPXW-20250801-06240.000-C,CALL,22.0,22.2,2220.0,4000.0,89830.0,2020.0,True,pass,560.0000000000001
301,2025-08-01,2025-08-01T14:37:00+00:00,SPXW-20250801-06230.000-C,CALL,33.2,33.5,3350.0,4000.0,90390.0,2580.0,True,pass,-280.00000000000006
302,2025-08-01,2025-08-01T14:51:00+00:00,SPXW-20250801-06250.000-P,PUT,22.1,22.3,2230.0,4000.0,90110.0,2300.0,True,pass,219.99999999999991
303,2025-08-04,2025-08-04T14:20:00+00:00,SPXW-20250804-06280.000-C,CALL,32.8,33.2,3320.0,4000.0,90330.0,0.0,True,pass,329.9999999999997
304,2025-08-04,2025-08-04T14:48:00+00:00,SPXW-20250804-06280.000-C,CALL,33.4,33.7,3370.0,4000.0,90660.0,330.0,True,pass,279.9999999999997
305,2025-08-04,2025-08-04T15:02:00+00:00,SPXW-20250804-06285.000-C,CALL,28.0,28.3,2830.0,4000.0,90940.0,610.0,True,pass,139.99999999999986
306,2025-08-05,2025-08-05T14:01:00+00:00,SPXW-20250805-06350.000-P,PUT,21.7,22.2,2220.0,4000.0,91080.0,0.0,True,pass,260.0000000000001
307,2025-08-05,2025-08-05T14:03:00+00:00,SPXW-20250805-06360.000-P,PUT,30.6,31.0,3100.0,4000.0,91340.0,260.0,True,pass,729.9999999999998
308,2025-08-05,2025-08-05T14:26:00+00:00,SPXW-20250805-06335.000-P,PUT,23.1,23.3,2330.0,4000.0,92070.0,990.0,True,pass,450.0
309,2025-08-05,2025-08-05T14:42:00+00:00,SPXW-20250805-06310.000-P,PUT,14.2,14.4,1440.0,4000.0,92520.0,1440.0,True,pass,440.00000000000006
310,2025-08-05,2025-08-05T14:48:00+00:00,SPXW-20250805-06305.000-P,PUT,16.0,16.2,1620.0,4000.0,92960.0,1880.0,True,pass,450.0
311,2025-08-05,2025-08-05T14:53:00+00:00,SPXW-20250805-06275.000-C,CALL,25.7,26.0,2600.0,4000.0,93410.0,2330.0,True,pass,510.0000000000001
312,2025-08-06,2025-08-06T14:00:00+00:00,SPXW-20250806-06290.000-C,CALL,24.3,24.5,2450.0,4000.0,93920.0,0.0,True,pass,1260.0000000000002
313,2025-08-06,2025-08-06T14:28:00+00:00,SPXW-20250806-06280.000-C,CALL,27.0,27.3,2730.0,4000.0,95180.0,1260.0,True,pass,300.0
314,2025-08-06,2025-08-06T14:36:00+00:00,SPXW-20250806-06300.000-C,CALL,17.8,18.0,1800.0,4000.0,95480.0,1560.0,True,pass,389.9999999999999
315,2025-08-06,2025-08-06T14:38:00+00:00,SPXW-20250806-06295.000-C,CALL,23.9,24.1,2410.0,4000.0,95870.0,1950.0,True,pass,409.9999999999998
316,2025-08-06,2025-08-06T14:45:00+00:00,SPXW-20250806-06290.000-C,CALL,32.2,32.6,3260.0,4000.0,96280.0,2360.0,True,pass,150.0
317,2025-08-07,2025-08-07T14:00:00+00:00,SPXW-20250807-06355.000-C,CALL,32.8,33.2,3320.0,4000.0,96430.0,0.0,True,pass,-1420.0000000000002
318,2025-08-07,2025-08-07T14:15:00+00:00,SPXW-20250807-06370.000-P,PUT,14.1,14.4,1440.0,4000.0,95010.0,-1420.0,False,daily_loss_stop,209.99999999999997
319,2025-08-07,2025-08-07T14:25:00+00:00,SPXW-20250807-06365.000-P,PUT,18.7,18.9,1890.0,4000.0,95220.0,-1210.0,False,daily_loss_stop,40.00000000000021
320,2025-08-07,2025-08-07T14:39:00+00:00,SPXW-20250807-06330.000-C,CALL,29.8,30.1,3010.0,4000.0,95260.0,-1170.0,False,daily_loss_stop,400.0
321,2025-08-07,2025-08-07T15:17:00+00:00,SPXW-20250807-06315.000-C,CALL,31.4,31.7,3170.0,4000.0,95660.0,-770.0,False,daily_loss_stop,440.0000000000002
322,2025-08-07,2025-08-07T17:40:00+00:00,SPXW-20250807-06290.000-C,CALL,32.9,33.4,3340.0,4000.0,96100.0,-330.0,True,pass,170.00000000000028
323,2025-08-08,2025-08-08T14:00:00+00:00,SPXW-20250808-06350.000-C,CALL,31.0,31.2,3120.0,4000.0,96270.0,0.0,True,pass,230.00000000000009
324,2025-08-08,2025-08-08T14:27:00+00:00,SPXW-20250808-06350.000-C,CALL,32.9,33.2,3320.0,4000.0,96500.0,230.0,True,pass,209.99999999999943
325,2025-08-11,2025-08-11T14:01:00+00:00,SPXW-20250811-06365.000-C,CALL,31.0,31.3,3130.0,4000.0,96710.0,0.0,True,pass,-30.00000000000007
326,2025-08-11,2025-08-11T14:19:00+00:00,SPXW-20250811-06370.000-C,CALL,28.2,28.6,2860.0,4000.0,96680.0,-30.0,True,pass,-620.0000000000002
327,2025-08-11,2025-08-11T15:17:00+00:00,SPXW-20250811-06420.000-P,PUT,31.0,31.4,3140.0,4000.0,96060.0,-650.0,True,pass,0.0
328,2025-08-12,2025-08-12T14:00:00+00:00,SPXW-20250812-06410.000-P,PUT,24.1,24.4,2440.0,4000.0,96060.0,0.0,True,pass,340.0000000000002
329,2025-08-12,2025-08-12T14:13:00+00:00,SPXW-20250812-06370.000-C,CALL,34.4,34.9,3490.0,4000.0,96400.0,340.0,True,pass,760.0000000000001
330,2025-08-12,2025-08-12T14:26:00+00:00,SPXW-20250812-06380.000-C,CALL,33.0,33.4,3340.0,4000.0,97160.0,1100.0,True,pass,110.00000000000014
331,2025-08-12,2025-08-12T14:39:00+00:00,SPXW-20250812-06375.000-C,CALL,34.8,35.2,3520.0,4000.0,97270.0,1210.0,True,pass,359.99999999999943
332,2025-08-12,2025-08-12T14:48:00+00:00,SPXW-20250812-06380.000-C,CALL,34.0,34.4,3440.0,4000.0,97630.0,1570.0,True,pass,480.00000000000045
333,2025-08-12,2025-08-12T14:58:00+00:00,SPXW-20250812-06405.000-C,CALL,15.3,15.5,1550.0,4000.0,98110.0,2050.0,True,pass,619.9999999999999
334,2025-08-13,2025-08-13T14:00:00+00:00,SPXW-20250813-06485.000-P,PUT,14.7,14.9,1490.0,4000.0,98730.0,0.0,True,pass,259.99999999999994
335,2025-08-13,2025-08-13T14:31:00+00:00,SPXW-20250813-06475.000-P,PUT,17.7,18.0,1800.0,4000.0,98990.0,260.0,True,pass,239.99999999999983
336,2025-08-13,2025-08-13T15:21:00+00:00,SPXW-20250813-06430.000-C,CALL,26.3,26.6,2660.0,4000.0,99230.0,500.0,True,pass,279.9999999999997
337,2025-08-14,2025-08-14T14:01:00+00:00,SPXW-20250814-06430.000-C,CALL,31.1,31.4,3140.0,4000.0,99510.0,0.0,True,pass,70.00000000000028
338,2025-08-14,2025-08-14T14:26:00+00:00,SPXW-20250814-06430.000-C,CALL,28.8,29.2,2920.0,4000.0,99580.0,70.0,True,pass,540.0000000000002
339,2025-08-14,2025-08-14T14:31:00+00:00,SPXW-20250814-06440.000-C,CALL,25.8,26.0,2600.0,4000.0,100120.0,610.0,True,pass,110.00000000000014
340,2025-08-14,2025-08-14T14:52:00+00:00,SPXW-20250814-06440.000-C,CALL,30.8,31.1,3110.0,4000.0,100230.0,720.0,True,pass,-570.0000000000002
341,2025-08-15,2025-08-15T14:01:00+00:00,SPXW-20250815-06450.000-C,CALL,13.5,13.8,1380.0,4000.0,99660.0,0.0,True,pass,369.99999999999994
342,2025-08-15,2025-08-15T14:15:00+00:00,SPXW-20250815-06440.000-C,CALL,24.5,24.7,2470.0,4000.0,100030.0,370.0,True,pass,-289.9999999999999
343,2025-08-15,2025-08-15T14:56:00+00:00,SPXW-20250815-06425.000-C,CALL,29.1,29.5,2950.0,4000.0,99740.0,80.0,True,pass,19.99999999999993
344,2025-08-15,2025-08-15T15:11:00+00:00,SPXW-20250815-06430.000-C,CALL,24.6,24.9,2490.0,4000.0,99760.0,100.0,True,pass,190.00000000000023
345,2025-08-15,2025-08-15T15:16:00+00:00,SPXW-20250815-06430.000-C,CALL,26.5,27.0,2700.0,4000.0,99950.0,290.0,True,pass,230.00000000000009
346,2025-08-18,2025-08-18T14:05:00+00:00,SPXW-20250818-06430.000-C,CALL,21.3,21.5,2150.0,4000.0,100180.0,0.0,True,pass,-250.0
347,2025-08-18,2025-08-18T14:33:00+00:00,SPXW-20250818-06425.000-C,CALL,24.3,24.7,2470.0,4000.0,99930.0,-250.0,True,pass,10.000000000000142
348,2025-08-18,2025-08-18T14:37:00+00:00,SPXW-20250818-06445.000-C,CALL,9.5,9.6,960.0,4000.0,99940.0,-240.0,True,pass,-29.999999999999893
349,2025-08-18,2025-08-18T14:59:00+00:00,SPXW-20250818-06430.000-C,CALL,18.4,18.6,1860.0,4000.0,99910.0,-270.0,True,pass,309.9999999999998
350,2025-08-18,2025-08-18T15:22:00+00:00,SPXW-20250818-06425.000-C,CALL,23.6,24.0,2400.0,4000.0,100220.0,40.0,True,pass,-200.0
351,2025-08-19,2025-08-19T14:01:00+00:00,SPXW-20250819-06425.000-C,CALL,21.5,21.8,2180.0,4000.0,100020.0,0.0,True,pass,730.0000000000001
352,2025-08-19,2025-08-19T14:27:00+00:00,SPXW-20250819-06450.000-P,PUT,6.5,6.7,670.0,4000.0,100750.0,730.0,True,pass,339.99999999999994
353,2025-08-19,2025-08-19T15:01:00+00:00,SPXW-20250819-06435.000-P,PUT,15.6,15.8,1580.0,4000.0,101090.0,1070.0,True,pass,130.00000000000006
354,2025-08-19,2025-08-19T15:27:00+00:00,SPXW-20250819-06410.000-C,CALL,22.1,22.4,2240.0,4000.0,101220.0,1200.0,True,pass,270.0000000000003
355,2025-08-20,2025-08-20T14:02:00+00:00,SPXW-20250820-06345.000-C,CALL,33.7,33.9,3390.0,4000.0,101490.0,0.0,True,pass,-909.9999999999998
356,2025-08-20,2025-08-20T14:27:00+00:00,SPXW-20250820-06395.000-P,PUT,34.5,34.9,3490.0,4000.0,100580.0,-910.0,False,daily_loss_stop,910.0
357,2025-08-20,2025-08-20T14:38:00+00:00,SPXW-20250820-06330.000-C,CALL,30.2,30.5,3050.0,4000.0,101490.0,0.0,True,pass,-310.0000000000001
358,2025-08-20,2025-08-20T14:58:00+00:00,SPXW-20250820-06330.000-C,CALL,22.4,22.6,2260.0,4000.0,101180.0,-310.0,True,pass,1139.9999999999998
359,2025-08-20,2025-08-20T17:30:00+00:00,SPXW-20250820-06360.000-C,CALL,22.4,22.7,2270.0,4000.0,102320.0,830.0,True,pass,780.0000000000001
360,2025-08-21,2025-08-21T14:01:00+00:00,SPXW-20250821-06345.000-C,CALL,32.4,32.6,3260.0,4000.0,103100.0,0.0,True,pass,950.0
361,2025-08-21,2025-08-21T14:09:00+00:00,SPXW-20250821-06355.000-C,CALL,33.6,33.8,3380.0,4000.0,104050.0,950.0,True,pass,550.0
362,2025-08-21,2025-08-21T14:27:00+00:00,SPXW-20250821-06360.000-C,CALL,32.5,32.7,3270.0,4000.0,104600.0,1500.0,True,pass,319.99999999999955
363,2025-08-21,2025-08-21T15:05:00+00:00,SPXW-20250821-06400.000-P,PUT,20.1,20.3,2030.0,4000.0,104920.0,1820.0,True,pass,259.9999999999998
364,2025-08-22,2025-08-22T14:00:00+00:00,SPXW-20250822-06390.000-C,CALL,29.2,29.6,2960.0,4000.0,105180.0,0.0,True,pass,3390.0
365,2025-08-22,2025-08-22T14:08:00+00:00,SPXW-20250822-06425.000-C,CALL,33.2,33.5,3350.0,4000.0,108570.0,3390.0,True,pass,450.0
366,2025-08-22,2025-08-22T14:24:00+00:00,SPXW-20250822-06425.000-C,CALL,30.4,30.7,3070.0,4000.0,109020.0,3840.0,True,pass,830.0000000000001
367,2025-08-22,2025-08-22T14:50:00+00:00,SPXW-20250822-06440.000-C,CALL,32.9,33.2,3320.0,4000.0,109850.0,4670.0,True,pass,269.99999999999955
368,2025-08-25,2025-08-25T14:01:00+00:00,SPXW-20250825-06425.000-C,CALL,32.2,32.5,3250.0,4000.0,110120.0,0.0,True,pass,60.00000000000014
369,2025-08-25,2025-08-25T14:27:00+00:00,SPXW-20250825-06445.000-C,CALL,13.1,13.3,1330.0,4000.0,110180.0,60.0,True,pass,50.0
370,2025-08-25,2025-08-25T14:49:00+00:00,SPXW-20250825-06450.000-C,CALL,10.2,10.3,1030.0,4000.0,110230.0,110.0,True,pass,339.9999999999999
371,2025-08-26,2025-08-26T14:00:00+00:00,SPXW-20250826-06420.000-C,CALL,21.9,22.2,2220.0,4000.0,110570.0,0.0,True,pass,460.0000000000001
372,2025-08-26,2025-08-26T14:25:00+00:00,SPXW-20250826-06415.000-C,CALL,31.4,31.7,3170.0,4000.0,111030.0,460.0,True,pass,-450.0
373,2025-08-26,2025-08-26T15:14:00+00:00,SPXW-20250826-06410.000-C,CALL,31.4,31.8,3180.0,4000.0,110580.0,10.0,True,pass,90.00000000000021
374,2025-08-27,2025-08-27T14:02:00+00:00,SPXW-20250827-06450.000-C,CALL,20.0,20.2,2020.0,4000.0,110670.0,0.0,True,pass,200.0
375,2025-08-27,2025-08-27T14:19:00+00:00,SPXW-20250827-06440.000-C,CALL,33.4,33.8,3380.0,4000.0,110870.0,200.0,True,pass,240.00000000000057
376,2025-08-27,2025-08-27T14:33:00+00:00,SPXW-20250827-06465.000-C,CALL,14.0,14.2,1420.0,4000.0,111110.0,440.0,True,pass,-79.99999999999989
377,2025-08-28,2025-08-28T14:00:00+00:00,SPXW-20250828-06495.000-P,PUT,25.2,25.7,2570.0,4000.0,111030.0,0.0,True,pass,-180.00000000000006
378,2025-08-28,2025-08-28T14:33:00+00:00,SPXW-20250828-06465.000-C,CALL,16.0,16.2,1620.0,4000.0,110850.0,-180.0,True,pass,600.0
379,2025-08-28,2025-08-28T15:10:00+00:00,SPXW-20250828-06470.000-C,CALL,15.7,15.8,1580.0,4000.0,111450.0,420.0,True,pass,-20.000000000000107
380,2025-08-29,2025-08-29T14:04:00+00:00,SPXW-20250829-06470.000-P,PUT,16.0,16.1,1610.0,4000.0,111430.0,0.0,True,pass,679.9999999999998
381,2025-08-29,2025-08-29T14:08:00+00:00,SPXW-20250829-06485.000-P,PUT,32.8,33.1,3310.0,4000.0,112110.0,680.0,True,pass,169.99999999999957
382,2025-08-29,2025-08-29T14:13:00+00:00,SPXW-20250829-06425.000-C,CALL,32.8,33.1,3310.0,4000.0,112280.0,850.0,True,pass,219.99999999999957
383,2025-08-29,2025-08-29T14:33:00+00:00,SPXW-20250829-06435.000-C,CALL,28.9,29.1,2910.0,4000.0,112500.0,1070.0,True,pass,189.99999999999983
384,2025-08-29,2025-08-29T14:55:00+00:00,SPXW-20250829-06420.000-C,CALL,33.3,33.7,3370.0,4000.0,112690.0,1260.0,True,pass,229.99999999999972
385,2025-08-29,2025-08-29T15:26:00+00:00,SPXW-20250829-06435.000-C,CALL,26.0,26.2,2620.0,4000.0,112920.0,1490.0,True,pass,-580.0000000000001
386,2025-09-02,2025-09-02T14:00:00+00:00,SPXW-20250902-06405.000-C,CALL,13.8,14.2,1420.0,4000.0,112340.0,0.0,True,pass,0.0
387,2025-09-02,2025-09-02T14:28:00+00:00,SPXW-20250902-06380.000-C,CALL,22.5,22.7,2270.0,4000.0,112340.0,0.0,True,pass,580.0000000000001
388,2025-09-02,2025-09-02T14:36:00+00:00,SPXW-20250902-06375.000-C,CALL,32.7,33.1,3310.0,4000.0,112920.0,580.0,True,pass,-1390.0000000000002
389,2025-09-03,2025-09-03T14:18:00+00:00,SPXW-20250903-06440.000-C,CALL,6.2,6.3,630.0,4000.0,111530.0,0.0,True,pass,220.00000000000003
390,2025-09-03,2025-09-03T14:23:00+00:00,SPXW-20250903-06415.000-C,CALL,27.8,28.1,2810.0,4000.0,111750.0,220.0,True,pass,209.99999999999977
391,2025-09-03,2025-09-03T14:31:00+00:00,SPXW-20250903-06420.000-C,CALL,23.0,23.2,2320.0,4000.0,111960.0,430.0,True,pass,340.0000000000002
392,2025-09-03,2025-09-03T14:43:00+00:00,SPXW-20250903-06440.000-C,CALL,12.8,13.0,1300.0,4000.0,112300.0,770.0,True,pass,159.99999999999997
393,2025-09-03,2025-09-03T15:24:00+00:00,SPXW-20250903-06410.000-C,CALL,34.3,34.6,3460.0,4000.0,112460.0,930.0,True,pass,-480.00000000000006
394,2025-09-04,2025-09-04T14:01:00+00:00,SPXW-20250904-06470.000-P,PUT,14.7,14.9,1490.0,4000.0,111980.0,0.0,True,pass,420.0000000000001
395,2025-09-04,2025-09-04T14:23:00+00:00,SPXW-20250904-06445.000-C,CALL,14.4,14.6,1460.0,4000.0,112400.0,420.0,True,pass,560.0
396,2025-09-04,2025-09-04T14:28:00+00:00,SPXW-20250904-06430.000-C,CALL,29.3,29.7,2970.0,4000.0,112960.0,980.0,True,pass,540.0000000000002
397,2025-09-04,2025-09-04T14:35:00+00:00,SPXW-20250904-06435.000-C,CALL,29.3,29.7,2970.0,4000.0,113500.0,1520.0,True,pass,359.9999999999998
398,2025-09-04,2025-09-04T14:53:00+00:00,SPXW-20250904-06435.000-C,CALL,32.6,33.0,3300.0,4000.0,113860.0,1880.0,True,pass,70.00000000000028
399,2025-09-04,2025-09-04T15:17:00+00:00,SPXW-20250904-06450.000-C,CALL,21.5,21.8,2180.0,4000.0,113930.0,1950.0,True,pass,400.0
400,2025-09-05,2025-09-05T14:00:00+00:00,SPXW-20250905-06515.000-P,PUT,9.1,9.3,930.0,4000.0,114330.0,0.0,True,pass,359.99999999999994
401,2025-09-05,2025-09-05T14:05:00+00:00,SPXW-20250905-06510.000-P,PUT,9.5,9.6,960.0,4000.0,114690.0,360.0,True,pass,290.00000000000006
402,2025-09-05,2025-09-05T14:15:00+00:00,SPXW-20250905-06520.000-P,PUT,23.9,24.2,2420.0,4000.0,114980.0,650.0,True,pass,450.0
403,2025-09-05,2025-09-05T14:21:00+00:00,SPXW-20250905-06515.000-P,PUT,26.2,26.4,2640.0,4000.0,115430.0,1100.0,True,pass,1280.0000000000005
404,2025-09-05,2025-09-05T14:26:00+00:00,SPXW-20250905-06485.000-P,PUT,18.1,18.3,1830.0,4000.0,116710.0,2380.0,True,pass,480.00000000000006
405,2025-09-05,2025-09-05T14:30:00+00:00,SPXW-20250905-06480.000-P,PUT,17.4,17.6,1760.0,4000.0,117190.0,2860.0,True,pass,59.99999999999979
406,2025-09-05,2025-09-05T14:41:00+00:00,SPXW-20250905-06465.000-P,PUT,13.3,13.5,1350.0,4000.0,117250.0,2920.0,True,pass,460.0000000000001
407,2025-09-05,2025-09-05T14:48:00+00:00,SPXW-20250905-06470.000-P,PUT,21.2,21.4,2140.0,4000.0,117710.0,3380.0,True,pass,400.0
408,2025-09-05,2025-09-05T14:52:00+00:00,SPXW-20250905-06440.000-C,CALL,29.0,29.3,2930.0,4000.0,118110.0,3780.0,True,pass,349.99999999999966
409,2025-09-05,2025-09-05T15:20:00+00:00,SPXW-20250905-06435.000-C,CALL,31.1,31.4,3140.0,4000.0,118460.0,4130.0,True,pass,510.0000000000001
410,2025-09-05,2025-09-05T15:27:00+00:00,SPXW-20250905-06440.000-C,CALL,30.8,31.1,3110.0,4000.0,118970.0,4640.0,True,pass,469.99999999999955
411,2025-09-08,2025-09-08T14:01:00+00:00,SPXW-20250908-06495.000-P,PUT,9.6,9.8,980.0,4000.0,119440.0,0.0,True,pass,-20.000000000000107
412,2025-09-08,2025-09-08T14:07:00+00:00,SPXW-20250908-06465.000-C,CALL,31.3,31.7,3170.0,4000.0,119420.0,-20.0,True,pass,380.00000000000006
413,2025-09-08,2025-09-08T14:36:00+00:00,SPXW-20250908-06475.000-C,CALL,25.0,25.4,2540.0,4000.0,119800.0,360.0,True,pass,230.00000000000009
414,2025-09-08,2025-09-08T14:46:00+00:00,SPXW-20250908-06490.000-C,CALL,15.6,15.8,1580.0,4000.0,120030.0,590.0,True,pass,339.9999999999999
415,2025-09-08,2025-09-08T18:15:00+00:00,SPXW-20250908-06475.000-C,CALL,15.6,16.0,1600.0,4000.0,120370.0,930.0,True,pass,450.0
416,2025-09-09,2025-09-09T14:10:00+00:00,SPXW-20250909-06485.000-C,CALL,20.6,20.8,2080.0,4000.0,120820.0,0.0,True,pass,269.99999999999994
417,2025-09-09,2025-09-09T14:35:00+00:00,SPXW-20250909-06495.000-P,PUT,13.9,14.1,1410.0,4000.0,121090.0,270.0,True,pass,-29.999999999999893
418,2025-09-09,2025-09-09T15:15:00+00:00,SPXW-20250909-06475.000-C,CALL,20.7,21.0,2100.0,4000.0,121060.0,240.0,True,pass,130.00000000000006
419,2025-09-10,2025-09-10T14:00:00+00:00,SPXW-20250910-06535.000-C,CALL,16.1,16.3,1630.0,4000.0,121190.0,0.0,True,pass,550.0
420,2025-09-10,2025-09-10T14:21:00+00:00,SPXW-20250910-06535.000-C,CALL,21.3,21.5,2150.0,4000.0,121740.0,550.0,True,pass,-469.99999999999994
421,2025-09-10,2025-09-10T14:47:00+00:00,SPXW-20250910-06530.000-C,CALL,20.3,20.5,2050.0,4000.0,121270.0,80.0,True,pass,-519.9999999999999
422,2025-09-11,2025-09-11T14:00:00+00:00,SPXW-20250911-06545.000-C,CALL,25.2,25.5,2550.0,4000.0,120750.0,0.0,True,pass,539.9999999999999
423,2025-09-11,2025-09-11T14:11:00+00:00,SPXW-20250911-06540.000-C,CALL,30.8,31.0,3100.0,4000.0,121290.0,540.0,True,pass,89.99999999999986
424,2025-09-11,2025-09-11T14:30:00+00:00,SPXW-20250911-06540.000-C,CALL,32.8,33.2,3320.0,4000.0,121380.0,630.0,True,pass,450.0
425,2025-09-11,2025-09-11T14:39:00+00:00,SPXW-20250911-06550.000-C,CALL,29.5,29.7,2970.0,4000.0,121830.0,1080.0,True,pass,180.00000000000006
426,2025-09-11,2025-09-11T15:25:00+00:00,SPXW-20250911-06555.000-C,CALL,30.4,30.8,3080.0,4000.0,122010.0,1260.0,True,pass,19.99999999999993
427,2025-09-12,2025-09-12T14:02:00+00:00,SPXW-20250912-06560.000-C,CALL,29.0,29.3,2930.0,4000.0,122030.0,0.0,True,pass,189.99999999999983
428,2025-09-12,2025-09-12T14:21:00+00:00,SPXW-20250912-06565.000-C,CALL,24.0,24.3,2430.0,4000.0,122220.0,190.0,True,pass,169.99999999999994
429,2025-09-12,2025-09-12T14:28:00+00:00,SPXW-20250912-06555.000-C,CALL,34.2,34.5,3450.0,4000.0,122390.0,360.0,True,pass,100.0
430,2025-09-12,2025-09-12T14:42:00+00:00,SPXW-20250912-06565.000-C,CALL,24.3,24.6,2460.0,4000.0,122490.0,460.0,True,pass,169.99999999999994
431,2025-09-12,2025-09-12T14:49:00+00:00,SPXW-20250912-06575.000-C,CALL,17.0,17.2,1720.0,4000.0,122660.0,630.0,True,pass,10.000000000000142
432,2025-09-15,2025-09-15T14:06:00+00:00,SPXW-20250915-06580.000-C,CALL,32.1,32.4,3240.0,4000.0,122670.0,0.0,True,pass,10.000000000000142
433,2025-09-15,2025-09-15T14:39:00+00:00,SPXW-20250915-06590.000-C,CALL,24.9,25.1,2510.0,4000.0,122680.0,10.0,True,pass,359.9999999999998
434,2025-09-15,2025-09-15T17:39:00+00:00,SPXW-20250915-06590.000-C,CALL,20.7,21.0,2100.0,4000.0,123040.0,370.0,True,pass,100.0
435,2025-09-16,2025-09-16T14:17:00+00:00,SPXW-20250916-06585.000-C,CALL,26.9,27.2,2720.0,4000.0,123140.0,0.0,True,pass,110.00000000000014
436,2025-09-16,2025-09-16T15:10:00+00:00,SPXW-20250916-06580.000-C,CALL,28.7,29.1,2910.0,4000.0,123250.0,110.0,True,pass,-460.0000000000001
437,2025-09-17,2025-09-17T18:10:00+00:00,SPXW-20250917-06635.000-P,PUT,33.0,33.4,3340.0,4000.0,122790.0,0.0,True,pass,300.0
438,2025-09-17,2025-09-17T18:13:00+00:00,SPXW-20250917-06625.000-P,PUT,32.2,32.4,3240.0,4000.0,123090.0,300.0,True,pass,1200.0
439,2025-09-17,2025-09-17T18:39:00+00:00,SPXW-20250917-06600.000-P,PUT,22.8,23.0,2300.0,4000.0,124290.0,1500.0,True,pass,860.0000000000001
440,2025-09-17,2025-09-17T18:42:00+00:00,SPXW-20250917-06595.000-P,PUT,24.0,24.3,2430.0,4000.0,125150.0,2360.0,True,pass,539.9999999999999
441,2025-09-17,2025-09-17T18:45:00+00:00,SPXW-20250917-06590.000-P,PUT,25.0,25.3,2530.0,4000.0,125690.0,2900.0,True,pass,709.9999999999998
442,2025-09-17,2025-09-17T18:48:00+00:00,SPXW-20250917-06550.000-C,CALL,31.2,31.6,3160.0,4000.0,126400.0,3610.0,True,pass,469.99999999999955
443,2025-09-17,2025-09-17T19:01:00+00:00,SPXW-20250917-06585.000-C,CALL,15.6,15.9,1590.0,4000.0,126870.0,4080.0,True,pass,670.0000000000001
444,2025-09-17,2025-09-17T19:05:00+00:00,SPXW-20250917-06570.000-C,CALL,31.0,31.5,3150.0,4000.0,127540.0,4750.0,True,pass,170.00000000000028
445,2025-09-18,2025-09-18T14:00:00+00:00,SPXW-20250918-06605.000-C,CALL,28.5,28.8,2880.0,4000.0,127710.0,0.0,True,pass,440.0000000000002
446,2025-09-18,2025-09-18T14:06:00+00:00,SPXW-20250918-06630.000-C,CALL,16.7,16.8,1680.0,4000.0,128150.0,440.0,True,pass,769.9999999999999
447,2025-09-18,2025-09-18T14:25:00+00:00,SPXW-20250918-06625.000-C,CALL,27.8,28.1,2810.0,4000.0,128920.0,1210.0,True,pass,469.99999999999955
448,2025-09-18,2025-09-18T14:46:00+00:00,SPXW-20250918-06630.000-C,CALL,17.7,17.9,1790.0,4000.0,129390.0,1680.0,True,pass,-429.9999999999999
449,2025-09-18,2025-09-18T15:11:00+00:00,SPXW-20250918-06620.000-C,CALL,20.9,21.1,2110.0,4000.0,128960.0,1250.0,True,pass,89.99999999999986
450,2025-09-18,2025-09-18T15:24:00+00:00,SPXW-20250918-06610.000-C,CALL,33.4,33.7,3370.0,4000.0,129050.0,1340.0,True,pass,229.99999999999972
451,2025-09-19,2025-09-19T14:01:00+00:00,SPXW-20250919-06615.000-C,CALL,34.1,34.5,3450.0,4000.0,129280.0,0.0,True,pass,179.99999999999972
452,2025-09-19,2025-09-19T14:29:00+00:00,SPXW-20250919-06670.000-P,PUT,24.3,24.7,2470.0,4000.0,129460.0,180.0,True,pass,50.0
453,2025-09-19,2025-09-19T17:30:00+00:00,SPXW-20250919-06620.000-C,CALL,32.1,32.4,3240.0,4000.0,129510.0,230.0,True,pass,230.00000000000043
454,2025-09-19,2025-09-19T17:59:00+00:00,SPXW-20250919-06635.000-C,CALL,18.5,18.8,1880.0,4000.0,129740.0,460.0,True,pass,59.99999999999979
455,2025-09-22,2025-09-22T14:01:00+00:00,SPXW-20250922-06650.000-C,CALL,12.3,12.5,1250.0,4000.0,129800.0,0.0,True,pass,269.99999999999994
456,2025-09-22,2025-09-22T14:29:00+00:00,SPXW-20250922-06655.000-C,CALL,13.6,13.7,1370.0,4000.0,130070.0,270.0,True,pass,869.9999999999999
457,2025-09-22,2025-09-22T15:06:00+00:00,SPXW-20250922-06645.000-C,CALL,30.6,31.0,3100.0,4000.0,130940.0,1140.0,True,pass,170.00000000000028
458,2025-09-23,2025-09-23T14:09:00+00:00,SPXW-20250923-06680.000-C,CALL,18.2,18.4,1840.0,4000.0,131110.0,0.0,True,pass,120.00000000000028
459,2025-09-23,2025-09-23T14:56:00+00:00,SPXW-20250923-06710.000-P,PUT,18.2,18.5,1850.0,4000.0,131230.0,120.0,True,pass,180.00000000000006
460,2025-09-23,2025-09-23T17:30:00+00:00,SPXW-20250923-06690.000-P,PUT,27.1,27.5,2750.0,4000.0,131410.0,300.0,True,pass,180.00000000000006
461,2025-09-23,2025-09-23T17:37:00+00:00,SPXW-20250923-06665.000-P,PUT,13.3,13.5,1350.0,4000.0,131590.0,480.0,True,pass,639.9999999999999
462,2025-09-23,2025-09-23T17:48:00+00:00,SPXW-20250923-06640.000-C,CALL,17.9,18.0,1800.0,4000.0,132230.0,1120.0,True,pass,310.0000000000001
463,2025-09-23,2025-09-23T17:56:00+00:00,SPXW-20250923-06670.000-P,PUT,16.0,16.2,1620.0,4000.0,132540.0,1430.0,True,pass,40.00000000000021
464,2025-09-23,2025-09-23T18:33:00+00:00,SPXW-20250923-06625.000-C,CALL,32.3,32.7,3270.0,4000.0,132580.0,1470.0,True,pass,109.99999999999945
465,2025-09-24,2025-09-24T14:05:00+00:00,SPXW-20250924-06665.000-P,PUT,12.2,12.4,1240.0,4000.0,132690.0,0.0,True,pass,209.99999999999997
466,2025-09-24,2025-09-24T14:49:00+00:00,SPXW-20250924-06635.000-C,CALL,27.2,27.6,2760.0,4000.0,132900.0,210.0,True,pass,-100.0
467,2025-09-24,2025-09-24T17:30:00+00:00,SPXW-20250924-06625.000-C,CALL,16.1,16.5,1650.0,4000.0,132800.0,110.0,True,pass,89.99999999999986
468,2025-09-25,2025-09-25T14:00:00+00:00,SPXW-20250925-06610.000-P,PUT,31.7,32.1,3210.0,4000.0,132890.0,0.0,True,pass,-1610.0000000000002
469,2025-09-25,2025-09-25T14:15:00+00:00,SPXW-20250925-06585.000-C,CALL,26.7,26.8,2680.0,4000.0,131280.0,-1610.0,False,daily_loss_stop,590.0000000000002
470,2025-09-25,2025-09-25T14:25:00+00:00,SPXW-20250925-06585.000-C,CALL,34.2,34.5,3450.0,4000.0,131870.0,-1020.0,False,daily_loss_stop,-179.99999999999972
471,2025-09-26,2025-09-26T14:03:00+00:00,SPXW-20250926-06645.000-P,PUT,13.8,14.0,1400.0,4000.0,131690.0,0.0,True,pass,239.99999999999983
472,2025-09-26,2025-09-26T14:07:00+00:00,SPXW-20250926-06650.000-P,PUT,25.1,25.4,2540.0,4000.0,131930.0,240.0,True,pass,340.0000000000002
473,2025-09-26,2025-09-26T14:13:00+00:00,SPXW-20250926-06640.000-P,PUT,21.5,21.7,2170.0,4000.0,132270.0,580.0,True,pass,390.0000000000002
474,2025-09-26,2025-09-26T14:16:00+00:00,SPXW-20250926-06590.000-C,CALL,33.3,33.6,3360.0,4000.0,132660.0,970.0,True,pass,339.9999999999999
475,2025-09-26,2025-09-26T14:30:00+00:00,SPXW-20250926-06625.000-P,PUT,19.9,20.1,2010.0,4000.0,133000.0,1310.0,True,pass,219.99999999999991
476,2025-09-26,2025-09-26T14:38:00+00:00,SPXW-20250926-06590.000-C,CALL,29.1,29.3,2930.0,4000.0,133220.0,1530.0,True,pass,849.9999999999997
477,2025-09-26,2025-09-26T14:44:00+00:00,SPXW-20250926-06655.000-P,PUT,33.6,34.0,3400.0,4000.0,134070.0,2380.0,True,pass,1389.9999999999998
478,2025-09-26,2025-09-26T15:19:00+00:00,SPXW-20250926-06585.000-C,CALL,33.3,33.7,3370.0,4000.0,135460.0,3770.0,True,pass,79.99999999999972
479,2025-09-26,2025-09-26T15:25:00+00:00,SPXW-20250926-06595.000-C,CALL,25.2,25.4,2540.0,4000.0,135540.0,3850.0,True,pass,480.00000000000006
480,2025-09-29,2025-09-29T14:06:00+00:00,SPXW-20250929-06645.000-C,CALL,25.8,26.1,2610.0,4000.0,136020.0,0.0,True,pass,429.9999999999997
481,2025-09-29,2025-09-29T14:09:00+00:00,SPXW-20250929-06665.000-C,CALL,13.9,14.0,1400.0,4000.0,136450.0,430.0,True,pass,-50.0
482,2025-09-30,2025-09-30T14:02:00+00:00,SPXW-20250930-06630.000-C,CALL,30.8,31.0,3100.0,4000.0,136400.0,0.0,True,pass,0.0
483,2025-09-30,2025-09-30T14:28:00+00:00,SPXW-20250930-06670.000-P,PUT,19.9,20.1,2010.0,4000.0,136400.0,0.0,True,pass,89.99999999999986
484,2025-09-30,2025-09-30T14:30:00+00:00,SPXW-20250930-06625.000-C,CALL,31.7,32.0,3200.0,4000.0,136490.0,90.0,True,pass,150.0
485,2025-09-30,2025-09-30T14:48:00+00:00,SPXW-20250930-06635.000-C,CALL,22.4,22.6,2260.0,4000.0,136640.0,240.0,True,pass,379.9999999999997
486,2025-10-01,2025-10-01T14:01:00+00:00,SPXW-20251001-06695.000-P,PUT,31.1,31.6,3160.0,4000.0,137020.0,0.0,True,pass,-340.0000000000002
487,2025-10-01,2025-10-01T14:26:00+00:00,SPXW-20251001-06650.000-C,CALL,32.7,33.0,3300.0,4000.0,136680.0,-340.0,True,pass,-79.99999999999972
488,2025-10-02,2025-10-02T14:00:00+00:00,SPXW-20251002-06735.000-P,PUT,19.1,19.3,1930.0,4000.0,136600.0,0.0,True,pass,669.9999999999999
489,2025-10-02,2025-10-02T14:44:00+00:00,SPXW-20251002-06725.000-P,PUT,18.6,18.8,1880.0,4000.0,137270.0,670.0,True,pass,439.9999999999999
490,2025-10-02,2025-10-02T17:34:00+00:00,SPXW-20251002-06685.000-C,CALL,26.9,27.2,2720.0,4000.0,137710.0,1110.0,True,pass,-30.00000000000007
491,2025-10-02,2025-10-02T17:39:00+00:00,SPXW-20251002-06690.000-C,CALL,21.7,22.1,2210.0,4000.0,137680.0,1080.0,True,pass,200.0
492,2025-10-03,2025-10-03T14:00:00+00:00,SPXW-20251003-06740.000-P,PUT,13.8,14.3,1430.0,4000.0,137880.0,0.0,True,pass,59.999999999999964
493,2025-10-03,2025-10-03T14:25:00+00:00,SPXW-20251003-06705.000-C,CALL,31.9,32.2,3220.0,4000.0,137940.0,60.0,True,pass,459.99999999999943
494,2025-10-03,2025-10-03T17:44:00+00:00,SPXW-20251003-06735.000-P,PUT,12.0,12.1,1210.0,4000.0,138400.0,520.0,True,pass,1360.0
495,2025-10-06,2025-10-06T14:01:00+00:00,SPXW-20251006-06720.000-P,PUT,6.6,6.8,680.0,4000.0,139760.0,0.0,True,pass,170.00000000000003
496,2025-10-06,2025-10-06T14:15:00+00:00,SPXW-20251006-06700.000-C,CALL,29.1,29.4,2940.0,4000.0,139930.0,170.0,True,pass,40.00000000000021
497,2025-10-06,2025-10-06T14:32:00+00:00,SPXW-20251006-06695.000-C,CALL,34.7,35.1,3510.0,4000.0,139970.0,210.0,True,pass,250.0
498,2025-10-06,2025-10-06T14:43:00+00:00,SPXW-20251006-06720.000-C,CALL,13.8,13.9,1390.0,4000.0,140220.0,460.0,True,pass,79.99999999999989
499,2025-10-06,2025-10-06T14:56:00+00:00,SPXW-20251006-06705.000-C,CALL,26.5,26.8,2680.0,4000.0,140300.0,540.0,True,pass,319.99999999999994
500,2025-10-06,2025-10-06T15:24:00+00:00,SPXW-20251006-06705.000-C,CALL,30.5,30.8,3080.0,4000.0,140620.0,860.0,True,pass,199.9999999999997
501,2025-10-06,2025-10-06T17:33:00+00:00,SPXW-20251006-06720.000-C,CALL,25.0,25.2,2520.0,4000.0,140820.0,1060.0,True,pass,40.00000000000021
502,2025-10-07,2025-10-07T14:01:00+00:00,SPXW-20251007-06760.000-P,PUT,16.5,16.7,1670.0,4000.0,140860.0,0.0,True,pass,150.0
503,2025-10-07,2025-10-07T14:29:00+00:00,SPXW-20251007-06745.000-P,PUT,11.6,11.8,1180.0,4000.0,141010.0,150.0,True,pass,329.9999999999999
504,2025-10-07,2025-10-07T15:06:00+00:00,SPXW-20251007-06720.000-P,PUT,7.8,7.9,790.0,4000.0,141340.0,480.0,True,pass,179.9999999999999
505,2025-10-08,2025-10-08T14:00:00+00:00,SPXW-20251008-06695.000-C,CALL,34.3,34.6,3460.0,4000.0,141520.0,0.0,True,pass,1129.9999999999998
506,2025-10-08,2025-10-08T14:25:00+00:00,SPXW-20251008-06710.000-C,CALL,31.8,32.1,3210.0,4000.0,142650.0,1130.0,True,pass,250.0
507,2025-10-08,2025-10-08T14:36:00+00:00,SPXW-20251008-06715.000-C,CALL,28.9,29.2,2920.0,4000.0,142900.0,1380.0,True,pass,-80.00000000000007
508,2025-10-08,2025-10-08T18:46:00+00:00,SPXW-20251008-06735.000-C,CALL,13.7,13.9,1390.0,4000.0,142820.0,1300.0,True,pass,9.999999999999964
509,2025-10-09,2025-10-09T14:00:00+00:00,SPXW-20251009-06765.000-P,PUT,23.8,24.2,2420.0,4000.0,142830.0,0.0,True,pass,-59.99999999999979
510,2025-10-09,2025-10-09T14:25:00+00:00,SPXW-20251009-06755.000-P,PUT,18.4,18.5,1850.0,4000.0,142770.0,-60.0,True,pass,600.0
511,2025-10-09,2025-10-09T15:15:00+00:00,SPXW-20251009-06705.000-C,CALL,34.7,35.0,3500.0,4000.0,143370.0,540.0,True,pass,-129.99999999999972
512,2025-10-10,2025-10-10T14:01:00+00:00,SPXW-20251010-06750.000-P,PUT,8.0,8.2,820.0,4000.0,143240.0,0.0,True,pass,180.00000000000006
513,2025-10-10,2025-10-10T14:26:00+00:00,SPXW-20251010-06730.000-C,CALL,25.8,26.0,2600.0,4000.0,143420.0,180.0,True,pass,-260.0000000000001
514,2025-10-10,2025-10-10T14:40:00+00:00,SPXW-20251010-06750.000-P,PUT,9.1,9.2,920.0,4000.0,143160.0,-80.0,True,pass,110.00000000000014
515,2025-10-10,2025-10-10T14:57:00+00:00,SPXW-20251010-06735.000-P,PUT,3.2,3.3,330.0,4000.0,143270.0,30.0,True,pass,700.0000000000001
516,2025-10-13,2025-10-13T14:00:00+00:00,SPXW-20251013-06630.000-C,CALL,31.3,31.5,3150.0,4000.0,143970.0,0.0,True,pass,-119.99999999999991
517,2025-10-13,2025-10-13T14:03:00+00:00,SPXW-20251013-06630.000-C,CALL,26.7,27.0,2700.0,4000.0,143850.0,-120.0,True,pass,339.9999999999999
518,2025-10-13,2025-10-13T14:25:00+00:00,SPXW-20251013-06650.000-P,PUT,24.6,24.9,2490.0,4000.0,144190.0,220.0,True,pass,670.0000000000002
519,2025-10-13,2025-10-13T14:28:00+00:00,SPXW-20251013-06615.000-C,CALL,25.6,25.8,2580.0,4000.0,144860.0,890.0,True,pass,1149.9999999999995
520,2025-10-14,2025-10-14T14:04:00+00:00,SPXW-20251014-06570.000-C,CALL,33.8,34.1,3410.0,4000.0,146010.0,0.0,True,pass,560.0000000000001
521,2025-10-14,2025-10-14T14:09:00+00:00,SPXW-20251014-06620.000-P,PUT,32.0,32.2,3220.0,4000.0,146570.0,560.0,True,pass,-230.00000000000043
522,2025-10-14,2025-10-14T14:32:00+00:00,SPXW-20251014-06590.000-C,CALL,34.1,34.4,3440.0,4000.0,146340.0,330.0,True,pass,680.0000000000005
523,2025-10-14,2025-10-14T14:54:00+00:00,SPXW-20251014-06595.000-C,CALL,31.8,32.0,3200.0,4000.0,147020.0,1010.0,True,pass,450.0
524,2025-10-14,2025-10-14T15:10:00+00:00,SPXW-20251014-06600.000-C,CALL,32.5,32.7,3270.0,4000.0,147470.0,1460.0,True,pass,69.99999999999957
525,2025-10-14,2025-10-14T17:30:00+00:00,SPXW-20251014-06655.000-C,CALL,24.0,24.2,2420.0,4000.0,147540.0,1530.0,True,pass,-539.9999999999999
526,2025-10-14,2025-10-14T18:18:00+00:00,SPXW-20251014-06650.000-C,CALL,25.0,25.3,2530.0,4000.0,147000.0,990.0,True,pass,-160.00000000000014
527,2025-10-14,2025-10-14T18:22:00+00:00,SPXW-20251014-06660.000-C,CALL,12.8,13.0,1300.0,4000.0,146840.0,830.0,True,pass,430.00000000000006
528,2025-10-15,2025-10-15T14:00:00+00:00,SPXW-20251015-06680.000-C,CALL,33.2,33.4,3340.0,4000.0,147270.0,0.0,True,pass,1339.9999999999998
529,2025-10-15,2025-10-15T14:15:00+00:00,SPXW-20251015-06700.000-C,CALL,25.2,25.4,2540.0,4000.0,148610.0,1340.0,True,pass,110.00000000000014
530,2025-10-15,2025-10-15T14:30:00+00:00,SPXW-20251015-06695.000-C,CALL,29.4,29.8,2980.0,4000.0,148720.0,1450.0,True,pass,-130.00000000000006
531,2025-10-15,2025-10-15T14:42:00+00:00,SPXW-20251015-06695.000-C,CALL,23.5,23.7,2370.0,4000.0,148590.0,1320.0,True,pass,-9.999999999999789
532,2025-10-15,2025-10-15T14:51:00+00:00,SPXW-20251015-06700.000-C,CALL,18.5,18.6,1860.0,4000.0,148580.0,1310.0,True,pass,139.99999999999986
533,2025-10-15,2025-10-15T15:13:00+00:00,SPXW-20251015-06685.000-C,CALL,24.5,24.7,2470.0,4000.0,148720.0,1450.0,True,pass,169.99999999999994
534,2025-10-15,2025-10-15T15:17:00+00:00,SPXW-20251015-06680.000-C,CALL,27.1,27.4,2740.0,4000.0,148890.0,1620.0,True,pass,110.00000000000014
535,2025-10-15,2025-10-15T17:33:00+00:00,SPXW-20251015-06615.000-C,CALL,26.8,27.0,2700.0,4000.0,149000.0,1730.0,True,pass,900.0
536,2025-10-15,2025-10-15T17:45:00+00:00,SPXW-20251015-06630.000-C,CALL,27.3,27.6,2760.0,4000.0,149900.0,2630.0,True,pass,829.9999999999998
537,2025-10-16,2025-10-16T14:00:00+00:00,SPXW-20251016-06715.000-P,PUT,33.5,33.8,3380.0,4000.0,150730.0,0.0,True,pass,270.0000000000003
538,2025-10-16,2025-10-16T14:25:00+00:00,SPXW-20251016-06670.000-C,CALL,31.8,32.1,3210.0,4000.0,151000.0,270.0,True,pass,-20.000000000000284
539,2025-10-16,2025-10-16T14:37:00+00:00,SPXW-20251016-06675.000-C,CALL,32.0,32.3,3230.0,4000.0,150980.0,250.0,True,pass,570.0000000000002
540,2025-10-17,2025-10-17T14:00:00+00:00,SPXW-20251017-06640.000-P,PUT,32.9,33.1,3310.0,4000.0,151550.0,0.0,True,pass,-390.0000000000002
541,2025-10-17,2025-10-17T14:11:00+00:00,SPXW-20251017-06625.000-C,CALL,30.6,30.8,3080.0,4000.0,151160.0,-390.0,True,pass,1299.9999999999995
542,2025-10-17,2025-10-17T14:44:00+00:00,SPXW-20251017-06650.000-P,PUT,33.1,33.4,3340.0,4000.0,152460.0,910.0,True,pass,-60.00000000000014
543,2025-10-17,2025-10-17T14:52:00+00:00,SPXW-20251017-06650.000-P,PUT,32.8,33.1,3310.0,4000.0,152400.0,850.0,True,pass,929.9999999999998
544,2025-10-17,2025-10-17T15:11:00+00:00,SPXW-20251017-06645.000-P,PUT,30.7,31.1,3110.0,4000.0,153330.0,1780.0,True,pass,789.9999999999999
545,2025-10-17,2025-10-17T17:32:00+00:00,SPXW-20251017-06615.000-C,CALL,27.7,28.0,2800.0,4000.0,154120.0,2570.0,True,pass,470.0000000000003
546,2025-10-17,2025-10-17T17:58:00+00:00,SPXW-20251017-06630.000-C,CALL,23.2,23.5,2350.0,4000.0,154590.0,3040.0,True,pass,469.99999999999994
547,2025-10-20,2025-10-20T14:00:00+00:00,SPXW-20251020-06685.000-C,CALL,30.8,31.1,3110.0,4000.0,155060.0,0.0,True,pass,719.9999999999995
548,2025-10-20,2025-10-20T14:25:00+00:00,SPXW-20251020-06690.000-C,CALL,33.6,34.1,3410.0,4000.0,155780.0,720.0,True,pass,289.9999999999999
549,2025-10-20,2025-10-20T14:35:00+00:00,SPXW-20251020-06700.000-C,CALL,26.2,26.6,2660.0,4000.0,156070.0,1010.0,True,pass,660.0000000000001
550,2025-10-20,2025-10-20T17:38:00+00:00,SPXW-20251020-06730.000-C,CALL,13.0,13.3,1330.0,4000.0,156730.0,1670.0,True,pass,150.0
551,2025-10-21,2025-10-21T14:00:00+00:00,SPXW-20251021-06750.000-P,PUT,25.4,25.7,2570.0,4000.0,156880.0,0.0,True,pass,-100.0
552,2025-10-21,2025-10-21T14:25:00+00:00,SPXW-20251021-06765.000-P,PUT,28.3,28.8,2880.0,4000.0,156780.0,-100.0,True,pass,1149.9999999999995
553,2025-10-22,2025-10-22T14:01:00+00:00,SPXW-20251022-06710.000-C,CALL,30.4,30.7,3070.0,4000.0,157930.0,0.0,True,pass,90.00000000000021
554,2025-10-22,2025-10-22T14:10:00+00:00,SPXW-20251022-06740.000-P,PUT,13.9,14.1,1410.0,4000.0,158020.0,90.0,True,pass,40.000000000000036
555,2025-10-22,2025-10-22T14:26:00+00:00,SPXW-20251022-06730.000-P,PUT,12.1,12.3,1230.0,4000.0,158060.0,130.0,True,pass,1089.9999999999998
556,2025-10-22,2025-10-22T14:38:00+00:00,SPXW-20251022-06735.000-P,PUT,22.7,23.1,2310.0,4000.0,159150.0,1220.0,True,pass,689.9999999999999
557,2025-10-23,2025-10-23T14:00:00+00:00,SPXW-20251023-06740.000-P,PUT,23.0,23.3,2330.0,4000.0,159840.0,0.0,True,pass,750.0
558,2025-10-23,2025-10-23T14:12:00+00:00,SPXW-20251023-06700.000-C,CALL,21.9,22.0,2200.0,4000.0,160590.0,750.0,True,pass,-250.0
559,2025-10-23,2025-10-23T14:26:00+00:00,SPXW-20251023-06690.000-C,CALL,31.5,31.7,3170.0,4000.0,160340.0,500.0,True,pass,519.9999999999999
560,2025-10-23,2025-10-23T14:44:00+00:00,SPXW-20251023-06695.000-C,CALL,30.1,30.3,3030.0,4000.0,160860.0,1020.0,True,pass,430.00000000000006
561,2025-10-24,2025-10-24T14:01:00+00:00,SPXW-20251024-06785.000-C,CALL,19.9,20.0,2000.0,4000.0,161290.0,0.0,True,pass,239.99999999999983
562,2025-10-24,2025-10-24T14:12:00+00:00,SPXW-20251024-06775.000-C,CALL,28.7,29.1,2910.0,4000.0,161530.0,240.0,True,pass,-170.00000000000028
563,2025-10-24,2025-10-24T14:26:00+00:00,SPXW-20251024-06805.000-P,PUT,17.1,17.3,1730.0,4000.0,161360.0,70.0,True,pass,469.99999999999994
564,2025-10-24,2025-10-24T14:32:00+00:00,SPXW-20251024-06765.000-C,CALL,27.5,27.9,2790.0,4000.0,161830.0,540.0,True,pass,539.9999999999999
565,2025-10-27,2025-10-27T14:01:00+00:00,SPXW-20251027-06820.000-C,CALL,34.3,34.7,3470.0,4000.0,162370.0,0.0,True,pass,439.9999999999999
566,2025-10-27,2025-10-27T14:11:00+00:00,SPXW-20251027-06835.000-C,CALL,23.1,23.4,2340.0,4000.0,162810.0,440.0,True,pass,-309.9999999999998
567,2025-10-27,2025-10-27T14:28:00+00:00,SPXW-20251027-06820.000-C,CALL,31.2,31.7,3170.0,4000.0,162500.0,130.0,True,pass,159.99999999999977
568,2025-10-27,2025-10-27T14:33:00+00:00,SPXW-20251027-06820.000-C,CALL,33.6,34.0,3400.0,4000.0,162660.0,290.0,True,pass,250.0
569,2025-10-27,2025-10-27T14:38:00+00:00,SPXW-20251027-06835.000-C,CALL,22.0,22.2,2220.0,4000.0,162910.0,540.0,True,pass,90.00000000000021
570,2025-10-27,2025-10-27T14:55:00+00:00,SPXW-20251027-06835.000-C,CALL,18.5,18.7,1870.0,4000.0,163000.0,630.0,True,pass,19.99999999999993
571,2025-10-28,2025-10-28T14:00:00+00:00,SPXW-20251028-06890.000-P,PUT,16.8,17.0,1700.0,4000.0,163020.0,0.0,True,pass,-319.99999999999994
572,2025-10-28,2025-10-28T14:25:00+00:00,SPXW-20251028-06850.000-C,CALL,33.7,34.1,3410.0,4000.0,162700.0,-320.0,True,pass,189.99999999999983
573,2025-10-28,2025-10-28T14:52:00+00:00,SPXW-20251028-06855.000-C,CALL,30.9,31.3,3130.0,4000.0,162890.0,-130.0,True,pass,-180.00000000000006
574,2025-10-28,2025-10-28T15:03:00+00:00,SPXW-20251028-06915.000-P,PUT,31.9,32.4,3240.0,4000.0,162710.0,-310.0,True,pass,300.0
575,2025-10-28,2025-10-28T18:40:00+00:00,SPXW-20251028-06870.000-C,CALL,30.8,31.3,3130.0,4000.0,163010.0,-10.0,True,pass,30.00000000000007
576,2025-10-29,2025-10-29T14:11:00+00:00,SPXW-20251029-06940.000-P,PUT,33.5,33.7,3370.0,4000.0,163040.0,0.0,True,pass,189.99999999999983
577,2025-10-29,2025-10-29T14:46:00+00:00,SPXW-20251029-06935.000-P,PUT,32.8,33.1,3310.0,4000.0,163230.0,190.0,True,pass,379.9999999999997
578,2025-10-29,2025-10-29T18:12:00+00:00,SPXW-20251029-06930.000-P,PUT,29.1,29.4,2940.0,4000.0,163610.0,570.0,True,pass,630.0000000000005
579,2025-10-29,2025-10-29T18:35:00+00:00,SPXW-20251029-06930.000-P,PUT,27.4,27.7,2770.0,4000.0,164240.0,1200.0,True,pass,2950.0000000000005
580,2025-10-29,2025-10-29T18:51:00+00:00,SPXW-20251029-06855.000-C,CALL,26.3,26.8,2680.0,4000.0,167190.0,4150.0,True,pass,330.00000000000006
581,2025-10-29,2025-10-29T19:01:00+00:00,SPXW-20251029-06900.000-P,PUT,17.9,18.2,1820.0,4000.0,167520.0,4480.0,True,pass,1370.0
582,2025-10-30,2025-10-30T14:00:00+00:00,SPXW-20251030-06850.000-C,CALL,32.5,32.8,3280.0,4000.0,168890.0,0.0,True,pass,240.00000000000057
583,2025-10-30,2025-10-30T14:25:00+00:00,SPXW-20251030-06875.000-P,PUT,26.0,26.2,2620.0,4000.0,169130.0,240.0,True,pass,90.00000000000021
584,2025-10-30,2025-10-30T14:30:00+00:00,SPXW-20251030-06850.000-C,CALL,21.6,21.8,2180.0,4000.0,169220.0,330.0,True,pass,350.0
585,2025-10-30,2025-10-30T14:46:00+00:00,SPXW-20251030-06855.000-C,CALL,25.1,25.4,2540.0,4000.0,169570.0,680.0,True,pass,-59.99999999999979
586,2025-10-31,2025-10-31T14:00:00+00:00,SPXW-20251031-06885.000-P,PUT,33.2,33.4,3340.0,4000.0,169510.0,0.0,True,pass,520.0000000000002
587,2025-10-31,2025-10-31T14:31:00+00:00,SPXW-20251031-06830.000-C,CALL,31.7,32.0,3200.0,4000.0,170030.0,520.0,True,pass,420.0000000000003
588,2025-10-31,2025-10-31T14:41:00+00:00,SPXW-20251031-06835.000-C,CALL,31.4,31.7,3170.0,4000.0,170450.0,940.0,True,pass,480.00000000000006
589,2025-10-31,2025-10-31T14:58:00+00:00,SPXW-20251031-06835.000-C,CALL,34.4,34.7,3470.0,4000.0,170930.0,1420.0,True,pass,69.99999999999957
590,2025-10-31,2025-10-31T15:12:00+00:00,SPXW-20251031-06835.000-C,CALL,32.6,32.8,3280.0,4000.0,171000.0,1490.0,True,pass,260.0000000000001
591,2025-10-31,2025-10-31T17:30:00+00:00,SPXW-20251031-06790.000-C,CALL,34.3,34.5,3450.0,4000.0,171260.0,1750.0,True,pass,560.0000000000001
592,2025-10-31,2025-10-31T18:08:00+00:00,SPXW-20251031-06820.000-C,CALL,22.8,23.0,2300.0,4000.0,171820.0,2310.0,True,pass,180.00000000000006
593,2025-11-03,2025-11-03T15:00:00+00:00,SPXW-20251103-06860.000-P,PUT,22.3,22.8,2280.0,4000.0,172000.0,0.0,True,pass,419.99999999999994
594,2025-11-03,2025-11-03T15:16:00+00:00,SPXW-20251103-06860.000-P,PUT,24.2,24.4,2440.0,4000.0,172420.0,420.0,True,pass,1389.9999999999998
595,2025-11-03,2025-11-03T15:42:00+00:00,SPXW-20251103-06850.000-P,PUT,19.8,20.0,2000.0,4000.0,173810.0,1810.0,True,pass,110.00000000000014
596,2025-11-03,2025-11-03T15:53:00+00:00,SPXW-20251103-06820.000-C,CALL,27.6,27.8,2780.0,4000.0,173920.0,1920.0,True,pass,580.0000000000001
597,2025-11-03,2025-11-03T16:02:00+00:00,SPXW-20251103-06865.000-P,PUT,24.3,24.5,2450.0,4000.0,174500.0,2500.0,True,pass,39.99999999999986
598,2025-11-03,2025-11-03T16:14:00+00:00,SPXW-20251103-06830.000-C,CALL,21.3,21.5,2150.0,4000.0,174540.0,2540.0,True,pass,119.99999999999991
599,2025-11-03,2025-11-03T18:31:00+00:00,SPXW-20251103-06850.000-C,CALL,12.1,12.3,1230.0,4000.0,174660.0,2660.0,True,pass,269.99999999999994
600,2025-11-04,2025-11-04T15:01:00+00:00,SPXW-20251104-06785.000-C,CALL,31.0,31.2,3120.0,4000.0,174930.0,0.0,True,pass,119.99999999999991
601,2025-11-04,2025-11-04T15:09:00+00:00,SPXW-20251104-06785.000-C,CALL,29.6,29.9,2990.0,4000.0,175050.0,120.0,True,pass,270.0000000000003
602,2025-11-04,2025-11-04T15:33:00+00:00,SPXW-20251104-06785.000-C,CALL,31.9,32.2,3220.0,4000.0,175320.0,390.0,True,pass,529.9999999999998
603,2025-11-04,2025-11-04T15:46:00+00:00,SPXW-20251104-06795.000-C,CALL,25.1,25.3,2530.0,4000.0,175850.0,920.0,True,pass,-460.0000000000001
604,2025-11-04,2025-11-04T15:58:00+00:00,SPXW-20251104-06775.000-C,CALL,31.0,31.3,3130.0,4000.0,175390.0,460.0,True,pass,580.0000000000001
605,2025-11-04,2025-11-04T16:04:00+00:00,SPXW-20251104-06785.000-C,CALL,25.4,25.5,2550.0,4000.0,175970.0,1040.0,True,pass,-189.99999999999983
606,2025-11-04,2025-11-04T16:12:00+00:00,SPXW-20251104-06770.000-C,CALL,33.6,33.9,3390.0,4000.0,175780.0,850.0,True,pass,339.9999999999999
607,2025-11-04,2025-11-04T16:18:00+00:00,SPXW-20251104-06815.000-P,PUT,17.6,17.8,1780.0,4000.0,176120.0,1190.0,True,pass,419.99999999999994
608,2025-11-04,2025-11-04T16:26:00+00:00,SPXW-20251104-06810.000-P,PUT,17.9,18.1,1810.0,4000.0,176540.0,1610.0,True,pass,-200.0
609,2025-11-04,2025-11-04T18:31:00+00:00,SPXW-20251104-06795.000-P,PUT,20.5,20.7,2070.0,4000.0,176340.0,1410.0,True,pass,440.0000000000002
610,2025-11-05,2025-11-05T15:01:00+00:00,SPXW-20251105-06820.000-P,PUT,31.9,32.4,3240.0,4000.0,176780.0,0.0,True,pass,-269.99999999999994
611,2025-11-05,2025-11-05T15:26:00+00:00,SPXW-20251105-06765.000-C,CALL,33.1,33.4,3340.0,4000.0,176510.0,-270.0,True,pass,600.0
612,2025-11-05,2025-11-05T15:31:00+00:00,SPXW-20251105-06775.000-C,CALL,26.4,26.7,2670.0,4000.0,177110.0,330.0,True,pass,519.9999999999999
613,2025-11-06,2025-11-06T15:00:00+00:00,SPXW-20251106-06790.000-P,PUT,33.7,34.2,3420.0,4000.0,177630.0,0.0,True,pass,579.9999999999998
614,2025-11-06,2025-11-06T15:26:00+00:00,SPXW-20251106-06800.000-P,PUT,32.2,32.4,3240.0,4000.0,178210.0,580.0,True,pass,410.0000000000001
615,2025-11-07,2025-11-07T15:03:00+00:00,SPXW-20251107-06700.000-P,PUT,34.4,34.7,3470.0,4000.0,178620.0,0.0,True,pass,950.0
616,2025-11-07,2025-11-07T15:30:00+00:00,SPXW-20251107-06660.000-C,CALL,31.5,31.8,3180.0,4000.0,179570.0,950.0,True,pass,-300.0
617,2025-11-07,2025-11-07T15:41:00+00:00,SPXW-20251107-06685.000-P,PUT,26.7,27.0,2700.0,4000.0,179270.0,650.0,True,pass,770.0000000000002
618,2025-11-07,2025-11-07T15:48:00+00:00,SPXW-20251107-06680.000-P,PUT,29.2,29.4,2940.0,4000.0,180040.0,1420.0,True,pass,339.9999999999999
619,2025-11-07,2025-11-07T18:31:00+00:00,SPXW-20251107-06645.000-C,CALL,31.4,31.8,3180.0,4000.0,180380.0,1760.0,True,pass,-150.0
620,2025-11-10,2025-11-10T15:01:00+00:00,SPXW-20251110-06780.000-C,CALL,30.4,30.6,3060.0,4000.0,180230.0,0.0,True,pass,139.99999999999986
621,2025-11-10,2025-11-10T15:10:00+00:00,SPXW-20251110-06780.000-C,CALL,31.1,31.4,3140.0,4000.0,180370.0,140.0,True,pass,189.99999999999983
622,2025-11-10,2025-11-10T15:26:00+00:00,SPXW-20251110-06795.000-C,CALL,21.1,21.3,2130.0,4000.0,180560.0,330.0,True,pass,-150.0
623,2025-11-10,2025-11-10T15:34:00+00:00,SPXW-20251110-06790.000-C,CALL,22.5,22.8,2280.0,4000.0,180410.0,180.0,True,pass,-450.0
624,2025-11-11,2025-11-11T15:01:00+00:00,SPXW-20251111-06795.000-C,CALL,32.2,32.6,3260.0,4000.0,179960.0,0.0,True,pass,-470.0000000000003
625,2025-11-11,2025-11-11T15:06:00+00:00,SPXW-20251111-06820.000-P,PUT,12.3,12.4,1240.0,4000.0,179490.0,-470.0,True,pass,319.99999999999994
626,2025-11-11,2025-11-11T15:26:00+00:00,SPXW-20251111-06835.000-P,PUT,20.8,21.1,2110.0,4000.0,179810.0,-150.0,True,pass,700.0
627,2025-11-11,2025-11-11T16:26:00+00:00,SPXW-20251111-06830.000-P,PUT,13.7,13.9,1390.0,4000.0,180510.0,550.0,True,pass,829.9999999999999
628,2025-11-12,2025-11-12T15:02:00+00:00,SPXW-20251112-06840.000-C,CALL,25.5,25.8,2580.0,4000.0,181340.0,0.0,True,pass,-40.00000000000021
629,2025-11-12,2025-11-12T15:05:00+00:00,SPXW-20251112-06890.000-P,PUT,32.9,33.4,3340.0,4000.0,181300.0,-40.0,True,pass,830.0000000000005
630,2025-11-12,2025-11-12T15:27:00+00:00,SPXW-20251112-06870.000-P,PUT,25.1,25.5,2550.0,4000.0,182130.0,790.0,True,pass,870.0000000000002
631,2025-11-12,2025-11-12T16:27:00+00:00,SPXW-20251112-06820.000-C,CALL,25.2,25.5,2550.0,4000.0,183000.0,1660.0,True,pass,650.0
632,2025-11-13,2025-11-13T15:00:00+00:00,SPXW-20251113-06780.000-C,CALL,34.5,34.9,3490.0,4000.0,183650.0,0.0,True,pass,-279.9999999999997
633,2025-11-13,2025-11-13T15:06:00+00:00,SPXW-20251113-06800.000-C,CALL,18.2,18.4,1840.0,4000.0,183370.0,-280.0,True,pass,1040.0000000000002
634,2025-11-13,2025-11-13T15:26:00+00:00,SPXW-20251113-06840.000-P,PUT,30.6,31.0,3100.0,4000.0,184410.0,760.0,True,pass,1370.0000000000002
635,2025-11-13,2025-11-13T15:41:00+00:00,SPXW-20251113-06825.000-P,PUT,32.0,32.4,3240.0,4000.0,185780.0,2130.0,True,pass,1810.0
636,2025-11-14,2025-11-14T15:06:00+00:00,SPXW-20251114-06680.000-C,CALL,32.1,32.4,3240.0,4000.0,187590.0,0.0,True,pass,410.0000000000001
637,2025-11-14,2025-11-14T15:14:00+00:00,SPXW-20251114-06670.000-C,CALL,34.8,35.1,3510.0,4000.0,188000.0,410.0,True,pass,1200.0
638,2025-11-14,2025-11-14T15:27:00+00:00,SPXW-20251114-06700.000-C,CALL,25.0,25.2,2520.0,4000.0,189200.0,1610.0,True,pass,319.99999999999994
639,2025-11-14,2025-11-14T15:32:00+00:00,SPXW-20251114-06700.000-C,CALL,28.4,28.7,2870.0,4000.0,189520.0,1930.0,True,pass,1900.0000000000005
640,2025-11-14,2025-11-14T18:30:00+00:00,SPXW-20251114-06720.000-C,CALL,33.2,33.6,3360.0,4000.0,191420.0,3830.0,True,pass,200.0
641,2025-11-14,2025-11-14T18:32:00+00:00,SPXW-20251114-06730.000-C,CALL,23.9,24.2,2420.0,4000.0,191620.0,4030.0,True,pass,430.00000000000006
642,2025-11-14,2025-11-14T18:45:00+00:00,SPXW-20251114-06705.000-C,CALL,33.5,33.9,3390.0,4000.0,192050.0,4460.0,True,pass,-10.000000000000142
643,2025-11-14,2025-11-14T18:51:00+00:00,SPXW-20251114-06725.000-C,CALL,21.3,21.6,2160.0,4000.0,192040.0,4450.0,True,pass,1009.9999999999998
644,2025-11-14,2025-11-14T18:58:00+00:00,SPXW-20251114-06720.000-C,CALL,31.0,31.5,3150.0,4000.0,193050.0,5460.0,True,pass,320.0000000000003
645,2025-11-17,2025-11-17T15:00:00+00:00,SPXW-20251117-06725.000-C,CALL,30.9,31.1,3110.0,4000.0,193370.0,0.0,True,pass,-100.0
646,2025-11-17,2025-11-17T15:12:00+00:00,SPXW-20251117-06710.000-C,CALL,34.8,35.1,3510.0,4000.0,193270.0,-100.0,True,pass,139.99999999999986
647,2025-11-17,2025-11-17T15:17:00+00:00,SPXW-20251117-06765.000-P,PUT,34.3,34.6,3460.0,4000.0,193410.0,40.0,True,pass,460.0000000000001
648,2025-11-17,2025-11-17T15:34:00+00:00,SPXW-20251117-06700.000-C,CALL,32.9,33.1,3310.0,4000.0,193870.0,500.0,True,pass,79.99999999999972
649,2025-11-17,2025-11-17T15:42:00+00:00,SPXW-20251117-06745.000-P,PUT,32.1,32.4,3240.0,4000.0,193950.0,580.0,True,pass,-369.99999999999994
650,2025-11-17,2025-11-17T16:10:00+00:00,SPXW-20251117-06685.000-C,CALL,33.3,33.5,3350.0,4000.0,193580.0,210.0,True,pass,-419.99999999999994
651,2025-11-17,2025-11-17T18:42:00+00:00,SPXW-20251117-06680.000-C,CALL,25.1,25.4,2540.0,4000.0,193160.0,-210.0,True,pass,1089.9999999999998
652,2025-11-18,2025-11-18T15:01:00+00:00,SPXW-20251118-06620.000-P,PUT,33.7,34.0,3400.0,4000.0,194250.0,0.0,True,pass,920.0000000000002
653,2025-11-18,2025-11-18T15:10:00+00:00,SPXW-20251118-06620.000-P,PUT,33.5,33.8,3380.0,4000.0,195170.0,920.0,True,pass,790.0000000000006
654,2025-11-18,2025-11-18T15:27:00+00:00,SPXW-20251118-06625.000-P,PUT,29.3,29.6,2960.0,4000.0,195960.0,1710.0,True,pass,529.9999999999998
655,2025-11-18,2025-11-18T15:31:00+00:00,SPXW-20251118-06610.000-P,PUT,23.2,23.4,2340.0,4000.0,196490.0,2240.0,True,pass,460.0000000000001
656,2025-11-18,2025-11-18T15:34:00+00:00,SPXW-20251118-06625.000-P,PUT,32.5,32.9,3290.0,4000.0,196950.0,2700.0,True,pass,910.0
657,2025-11-18,2025-11-18T15:41:00+00:00,SPXW-20251118-06600.000-C,CALL,22.8,23.0,2300.0,4000.0,197860.0,3610.0,True,pass,460.0000000000001
658,2025-11-18,2025-11-18T18:30:00+00:00,SPXW-20251118-06630.000-C,CALL,27.1,27.4,2740.0,4000.0,198320.0,4070.0,True,pass,710.0000000000001
659,2025-11-19,2025-11-19T15:24:00+00:00,SPXW-20251119-06665.000-C,CALL,24.2,24.4,2440.0,4000.0,199030.0,0.0,True,pass,40.00000000000021
660,2025-11-19,2025-11-19T15:43:00+00:00,SPXW-20251119-06650.000-C,CALL,28.3,28.5,2850.0,4000.0,199070.0,40.0,True,pass,-169.99999999999994
661,2025-11-19,2025-11-19T15:55:00+00:00,SPXW-20251119-06685.000-P,PUT,34.5,34.8,3480.0,4000.0,198900.0,-130.0,True,pass,1540.0000000000005
662,2025-11-19,2025-11-19T16:07:00+00:00,SPXW-20251119-06615.000-C,CALL,33.5,33.7,3370.0,4000.0,200440.0,1410.0,True,pass,119.99999999999956
663,2025-11-19,2025-11-19T16:20:00+00:00,SPXW-20251119-06620.000-C,CALL,30.5,30.8,3080.0,4000.0,200560.0,1530.0,True,pass,190.00000000000023
664,2025-11-19,2025-11-19T16:23:00+00:00,SPXW-20251119-06670.000-P,PUT,32.8,33.1,3310.0,4000.0,200750.0,1720.0,True,pass,579.9999999999998
665,2025-11-19,2025-11-19T18:32:00+00:00,SPXW-20251119-06655.000-P,PUT,27.2,27.7,2770.0,4000.0,201330.0,2300.0,True,pass,-759.9999999999998
666,2025-11-19,2025-11-19T18:43:00+00:00,SPXW-20251119-06655.000-P,PUT,25.2,25.5,2550.0,4000.0,200570.0,1540.0,True,pass,489.9999999999999
667,2025-11-19,2025-11-19T19:45:00+00:00,SPXW-20251119-06595.000-C,CALL,21.6,22.0,2200.0,4000.0,201060.0,2030.0,True,pass,1739.9999999999998
668,2025-11-20,2025-11-20T15:00:00+00:00,SPXW-20251120-06745.000-C,CALL,31.1,31.4,3140.0,4000.0,202800.0,0.0,True,pass,-9.999999999999789
669,2025-11-20,2025-11-20T15:06:00+00:00,SPXW-20251120-06780.000-P,PUT,28.7,28.9,2890.0,4000.0,202790.0,-10.0,True,pass,1060.0000000000002
670,2025-11-20,2025-11-20T15:20:00+00:00,SPXW-20251120-06735.000-C,CALL,31.7,31.9,3190.0,4000.0,203850.0,1050.0,True,pass,480.00000000000045
671,2025-11-20,2025-11-20T15:31:00+00:00,SPXW-20251120-06740.000-C,CALL,33.4,33.6,3360.0,4000.0,204330.0,1530.0,True,pass,379.9999999999997
672,2025-11-20,2025-11-20T15:43:00+00:00,SPXW-20251120-06740.000-C,CALL,33.8,34.1,3410.0,4000.0,204710.0,1910.0,True,pass,139.99999999999986
673,2025-11-20,2025-11-20T15:58:00+00:00,SPXW-20251120-06775.000-P,PUT,30.1,30.5,3050.0,4000.0,204850.0,2050.0,True,pass,3120.0000000000005
674,2025-11-21,2025-11-21T15:07:00+00:00,SPXW-20251121-06575.000-P,PUT,34.0,34.3,3430.0,4000.0,207970.0,0.0,True,pass,770.0000000000002
675,2025-11-21,2025-11-21T15:17:00+00:00,SPXW-20251121-06560.000-P,PUT,34.7,35.1,3510.0,4000.0,208740.0,770.0,True,pass,-139.99999999999986
676,2025-11-21,2025-11-21T15:24:00+00:00,SPXW-20251121-06555.000-C,CALL,30.7,30.9,3090.0,4000.0,208600.0,630.0,True,pass,530.0000000000005
677,2025-11-21,2025-11-21T15:33:00+00:00,SPXW-20251121-06550.000-P,PUT,30.1,30.5,3050.0,4000.0,209130.0,1160.0,True,pass,360.0000000000001
678,2025-11-21,2025-11-21T15:57:00+00:00,SPXW-20251121-06560.000-P,PUT,30.3,30.5,3050.0,4000.0,209490.0,1520.0,True,pass,579.9999999999998
679,2025-11-21,2025-11-21T16:21:00+00:00,SPXW-20251121-06540.000-C,CALL,33.4,33.7,3370.0,4000.0,210070.0,2100.0,True,pass,659.9999999999994
680,2025-11-21,2025-11-21T16:29:00+00:00,SPXW-20251121-06555.000-C,CALL,32.9,33.2,3320.0,4000.0,210730.0,2760.0,True,pass,519.9999999999995
681,2025-11-21,2025-11-21T18:30:00+00:00,SPXW-20251121-06575.000-C,CALL,32.4,32.7,3270.0,4000.0,211250.0,3280.0,True,pass,759.9999999999994
682,2025-11-21,2025-11-21T18:48:00+00:00,SPXW-20251121-06595.000-C,CALL,32.6,32.9,3290.0,4000.0,212010.0,4040.0,True,pass,2780.0000000000005
683,2025-11-21,2025-11-21T19:55:00+00:00,SPXW-20251121-06605.000-C,CALL,29.1,29.5,2950.0,4000.0,214790.0,6820.0,True,pass,180.00000000000006
684,2025-11-21,2025-11-21T19:59:00+00:00,SPXW-20251121-06610.000-C,CALL,23.4,23.7,2370.0,4000.0,214970.0,7000.0,True,pass,400.0
685,2025-11-24,2025-11-24T15:00:00+00:00,SPXW-20251124-06635.000-C,CALL,32.8,33.3,3330.0,4000.0,215370.0,0.0,True,pass,1020.0000000000002
686,2025-11-24,2025-11-24T15:27:00+00:00,SPXW-20251124-06640.000-C,CALL,34.1,34.3,3430.0,4000.0,216390.0,1020.0,True,pass,430.00000000000045
687,2025-11-24,2025-11-24T15:31:00+00:00,SPXW-20251124-06650.000-C,CALL,29.7,30.0,3000.0,4000.0,216820.0,1450.0,True,pass,1039.9999999999998
688,2025-11-24,2025-11-24T19:33:00+00:00,SPXW-20251124-06675.000-C,CALL,26.0,26.4,2640.0,4000.0,217860.0,2490.0,True,pass,210.00000000000017
689,2025-11-25,2025-11-25T15:00:00+00:00,SPXW-20251125-06680.000-C,CALL,32.4,32.8,3280.0,4000.0,218070.0,0.0,True,pass,-389.9999999999999
690,2025-11-25,2025-11-25T15:02:00+00:00,SPXW-20251125-06695.000-P,PUT,17.0,17.1,1710.0,4000.0,217680.0,-390.0,True,pass,1079.9999999999998
691,2025-11-25,2025-11-25T15:27:00+00:00,SPXW-20251125-06715.000-P,PUT,30.3,30.8,3080.0,4000.0,218760.0,690.0,True,pass,-790.0000000000002
692,2025-11-26,2025-11-26T15:00:00+00:00,SPXW-20251126-06810.000-P,PUT,27.8,28.2,2820.0,4000.0,217970.0,0.0,True,pass,-430.00000000000006
693,2025-11-26,2025-11-26T15:25:00+00:00,SPXW-20251126-06810.000-P,PUT,26.8,27.2,2720.0,4000.0,217540.0,-430.0,True,pass,-990.0
694,2025-11-28,2025-11-28T15:07:00+00:00,SPXW-20251128-06815.000-C,CALL,19.8,20.3,2030.0,4000.0,216550.0,0.0,True,pass,30.00000000000007
695,2025-11-28,2025-11-28T15:32:00+00:00,SPXW-20251128-06820.000-C,CALL,17.8,18.3,1830.0,4000.0,216580.0,30.0,True,pass,180.00000000000006
696,2025-11-28,2025-11-28T16:24:00+00:00,SPXW-20251128-06815.000-C,CALL,24.1,24.5,2450.0,4000.0,216760.0,210.0,True,pass,-180.00000000000006
697,2025-12-01,2025-12-01T15:02:00+00:00,SPXW-20251201-06840.000-P,PUT,20.1,20.3,2030.0,4000.0,216580.0,0.0,True,pass,309.9999999999998
698,2025-12-01,2025-12-01T15:27:00+00:00,SPXW-20251201-06845.000-P,PUT,33.2,33.7,3370.0,4000.0,216890.0,310.0,True,pass,639.9999999999999
699,2025-12-01,2025-12-01T15:36:00+00:00,SPXW-20251201-06790.000-C,CALL,25.2,25.5,2550.0,4000.0,217530.0,950.0,True,pass,650.0
700,2025-12-02,2025-12-02T15:00:00+00:00,SPXW-20251202-06810.000-C,CALL,31.8,32.3,3230.0,4000.0,218180.0,0.0,True,pass,630.0000000000005
701,2025-12-02,2025-12-02T15:27:00+00:00,SPXW-20251202-06855.000-P,PUT,20.7,21.0,2100.0,4000.0,218810.0,630.0,True,pass,689.9999999999999
702,2025-12-02,2025-12-02T15:32:00+00:00,SPXW-20251202-06855.000-P,PUT,27.7,28.2,2820.0,4000.0,219500.0,1320.0,True,pass,200.0
703,2025-12-03,2025-12-03T15:01:00+00:00,SPXW-20251203-06805.000-C,CALL,28.7,29.0,2900.0,4000.0,219700.0,0.0,True,pass,410.0000000000001
704,2025-12-03,2025-12-03T15:10:00+00:00,SPXW-20251203-06805.000-C,CALL,28.0,28.4,2840.0,4000.0,220110.0,410.0,True,pass,470.0000000000003
705,2025-12-03,2025-12-03T15:26:00+00:00,SPXW-20251203-06815.000-C,CALL,24.6,24.8,2480.0,4000.0,220580.0,880.0,True,pass,-219.99999999999991
706,2025-12-03,2025-12-03T15:33:00+00:00,SPXW-20251203-06800.000-C,CALL,34.6,35.0,3500.0,4000.0,220360.0,660.0,True,pass,810.0000000000001
707,2025-12-03,2025-12-03T15:39:00+00:00,SPXW-20251203-06815.000-C,CALL,26.6,26.9,2690.0,4000.0,221170.0,1470.0,True,pass,380.00000000000006
708,2025-12-04,2025-12-04T15:00:00+00:00,SPXW-20251204-06870.000-P,PUT,31.0,31.5,3150.0,4000.0,221550.0,0.0,True,pass,-39.99999999999986
709,2025-12-04,2025-12-04T15:25:00+00:00,SPXW-20251204-06840.000-P,PUT,12.6,12.7,1270.0,4000.0,221510.0,-40.0,True,pass,80.00000000000007
710,2025-12-04,2025-12-04T15:29:00+00:00,SPXW-20251204-06830.000-C,CALL,24.9,25.1,2510.0,4000.0,221590.0,40.0,True,pass,579.9999999999998
711,2025-12-04,2025-12-04T16:05:00+00:00,SPXW-20251204-06850.000-P,PUT,18.2,18.3,1830.0,4000.0,222170.0,620.0,True,pass,-60.00000000000014
712,2025-12-04,2025-12-04T16:16:00+00:00,SPXW-20251204-06830.000-C,CALL,19.8,20.1,2010.0,4000.0,222110.0,560.0,True,pass,429.9999999999997
713,2025-12-04,2025-12-04T19:21:00+00:00,SPXW-20251204-06845.000-P,PUT,13.4,13.7,1370.0,4000.0,222540.0,990.0,True,pass,450.0
714,2025-12-05,2025-12-05T15:01:00+00:00,SPXW-20251205-06855.000-C,CALL,31.3,31.8,3180.0,4000.0,222990.0,0.0,True,pass,530.0000000000001
715,2025-12-05,2025-12-05T15:21:00+00:00,SPXW-20251205-06865.000-C,CALL,30.7,31.1,3110.0,4000.0,223520.0,530.0,True,pass,69.99999999999993
716,2025-12-05,2025-12-05T15:28:00+00:00,SPXW-20251205-06870.000-C,CALL,23.9,24.2,2420.0,4000.0,223590.0,600.0,True,pass,460.0000000000001
717,2025-12-05,2025-12-05T15:44:00+00:00,SPXW-20251205-06860.000-C,CALL,32.3,32.6,3260.0,4000.0,224050.0,1060.0,True,pass,360.0000000000001
718,2025-12-05,2025-12-05T15:53:00+00:00,SPXW-20251205-06870.000-C,CALL,19.6,19.9,1990.0,4000.0,224410.0,1420.0,True,pass,-119.99999999999991
719,2025-12-05,2025-12-05T16:09:00+00:00,SPXW-20251205-06895.000-P,PUT,21.0,21.4,2140.0,4000.0,224290.0,1300.0,True,pass,480.00000000000006
720,2025-12-05,2025-12-05T16:18:00+00:00,SPXW-20251205-06890.000-P,PUT,20.7,21.1,2110.0,4000.0,224770.0,1780.0,True,pass,-160.00000000000014
721,2025-12-08,2025-12-08T15:05:00+00:00,SPXW-20251208-06880.000-P,PUT,17.6,17.8,1780.0,4000.0,224610.0,0.0,True,pass,450.0
722,2025-12-08,2025-12-08T15:13:00+00:00,SPXW-20251208-06895.000-P,PUT,33.8,34.3,3430.0,4000.0,225060.0,450.0,True,pass,920.0000000000002
723,2025-12-08,2025-12-08T15:30:00+00:00,SPXW-20251208-06870.000-P,PUT,18.9,19.1,1910.0,4000.0,225980.0,1370.0,True,pass,279.9999999999997
724,2025-12-08,2025-12-08T15:58:00+00:00,SPXW-20251208-06880.000-P,PUT,30.5,30.9,3090.0,4000.0,226260.0,1650.0,True,pass,380.00000000000045
725,2025-12-09,2025-12-09T15:00:00+00:00,SPXW-20251209-06840.000-C,CALL,21.0,21.5,2150.0,4000.0,226640.0,0.0,True,pass,50.0
726,2025-12-09,2025-12-09T15:09:00+00:00,SPXW-20251209-06825.000-C,CALL,29.9,30.3,3030.0,4000.0,226690.0,50.0,True,pass,69.99999999999993
727,2025-12-09,2025-12-09T15:27:00+00:00,SPXW-20251209-06860.000-P,PUT,13.9,14.1,1410.0,4000.0,226760.0,120.0,True,pass,-59.999999999999964
728,2025-12-09,2025-12-09T15:36:00+00:00,SPXW-20251209-06830.000-C,CALL,24.6,24.8,2480.0,4000.0,226700.0,60.0,True,pass,-10.000000000000142
729,2025-12-09,2025-12-09T15:55:00+00:00,SPXW-20251209-06830.000-C,CALL,26.3,26.8,2680.0,4000.0,226690.0,50.0,True,pass,200.0
730,2025-12-10,2025-12-10T15:52:00+00:00,SPXW-20251210-06865.000-P,PUT,34.1,34.3,3430.0,4000.0,226890.0,0.0,True,pass,800.0
731,2025-12-10,2025-12-10T19:06:00+00:00,SPXW-20251210-06830.000-C,CALL,31.6,32.1,3210.0,4000.0,227690.0,800.0,True,pass,719.9999999999995
732,2025-12-10,2025-12-10T19:29:00+00:00,SPXW-20251210-06825.000-C,CALL,32.1,32.6,3260.0,4000.0,228410.0,1520.0,True,pass,569.9999999999995
733,2025-12-10,2025-12-10T19:44:00+00:00,SPXW-20251210-06825.000-C,CALL,32.4,32.9,3290.0,4000.0,228980.0,2090.0,True,pass,880.0000000000005
734,2025-12-11,2025-12-11T15:00:00+00:00,SPXW-20251211-06865.000-P,PUT,33.0,33.4,3340.0,4000.0,229860.0,0.0,True,pass,-1559.9999999999998
735,2025-12-11,2025-12-11T15:25:00+00:00,SPXW-20251211-06845.000-C,CALL,34.3,34.8,3480.0,4000.0,228300.0,-1560.0,False,daily_loss_stop,20.000000000000284
736,2025-12-12,2025-12-12T15:00:00+00:00,SPXW-20251212-06900.000-P,PUT,20.6,20.9,2090.0,4000.0,228320.0,0.0,True,pass,610.0000000000001
737,2025-12-12,2025-12-12T15:25:00+00:00,SPXW-20251212-06890.000-P,PUT,34.1,34.6,3460.0,4000.0,228930.0,610.0,True,pass,710.0000000000001
738,2025-12-15,2025-12-15T15:00:00+00:00,SPXW-20251215-06855.000-P,PUT,25.7,26.0,2600.0,4000.0,229640.0,0.0,True,pass,750.0
739,2025-12-15,2025-12-15T15:25:00+00:00,SPXW-20251215-06835.000-P,PUT,31.6,32.0,3200.0,4000.0,230390.0,750.0,True,pass,-189.99999999999983
740,2025-12-15,2025-12-15T15:56:00+00:00,SPXW-20251215-06845.000-P,PUT,26.4,26.8,2680.0,4000.0,230200.0,560.0,True,pass,250.0
741,2025-12-16,2025-12-16T15:00:00+00:00,SPXW-20251216-06795.000-C,CALL,31.0,31.3,3130.0,4000.0,230450.0,0.0,True,pass,-560.0000000000001
742,2025-12-16,2025-12-16T15:25:00+00:00,SPXW-20251216-06810.000-P,PUT,34.1,34.3,3430.0,4000.0,229890.0,-560.0,True,pass,-389.9999999999999
743,2025-12-17,2025-12-17T15:00:00+00:00,SPXW-20251217-06825.000-P,PUT,29.6,30.0,3000.0,4000.0,229500.0,0.0,True,pass,570.0000000000002
744,2025-12-17,2025-12-17T15:25:00+00:00,SPXW-20251217-06820.000-P,PUT,28.8,29.1,2910.0,4000.0,230070.0,570.0,True,pass,1150.0
745,2025-12-18,2025-12-18T15:00:00+00:00,SPXW-20251218-06765.000-C,CALL,33.7,33.9,3390.0,4000.0,231220.0,0.0,True,pass,70.00000000000028
746,2025-12-18,2025-12-18T15:16:00+00:00,SPXW-20251218-06805.000-P,PUT,33.6,34.0,3400.0,4000.0,231290.0,70.0,True,pass,-1010.0
747,2025-12-18,2025-12-18T15:25:00+00:00,SPXW-20251218-06765.000-C,CALL,33.8,34.2,3420.0,4000.0,230280.0,-940.0,False,daily_loss_stop,689.9999999999999
748,2025-12-18,2025-12-18T15:52:00+00:00,SPXW-20251218-06785.000-C,CALL,29.2,29.5,2950.0,4000.0,230970.0,-250.0,True,pass,-10.000000000000142
749,2025-12-19,2025-12-19T15:01:00+00:00,SPXW-20251219-06810.000-C,CALL,26.9,27.2,2720.0,4000.0,230960.0,0.0,True,pass,-250.0
750,2025-12-19,2025-12-19T15:26:00+00:00,SPXW-20251219-06845.000-P,PUT,29.0,29.4,2940.0,4000.0,230710.0,-250.0,True,pass,150.0
751,2025-12-19,2025-12-19T15:33:00+00:00,SPXW-20251219-06800.000-C,CALL,31.7,32.1,3210.0,4000.0,230860.0,-100.0,True,pass,189.99999999999983
752,2025-12-19,2025-12-19T15:50:00+00:00,SPXW-20251219-06790.000-C,CALL,32.1,32.4,3240.0,4000.0,231050.0,90.0,True,pass,270.0000000000003
753,2025-12-19,2025-12-19T16:15:00+00:00,SPXW-20251219-06800.000-C,CALL,29.8,30.1,3010.0,4000.0,231320.0,360.0,True,pass,319.99999999999955
754,2025-12-22,2025-12-22T15:01:00+00:00,SPXW-20251222-06900.000-P,PUT,34.7,35.1,3510.0,4000.0,231640.0,0.0,True,pass,660.0000000000001
755,2025-12-22,2025-12-22T15:31:00+00:00,SPXW-20251222-06875.000-P,PUT,12.0,12.1,1210.0,4000.0,232300.0,660.0,True,pass,729.9999999999999
756,2025-12-22,2025-12-22T15:39:00+00:00,SPXW-20251222-06885.000-P,PUT,27.4,27.9,2790.0,4000.0,233030.0,1390.0,True,pass,-779.9999999999998
757,2025-12-23,2025-12-23T15:00:00+00:00,SPXW-20251223-06900.000-P,PUT,18.6,19.0,1900.0,4000.0,232250.0,0.0,True,pass,730.0000000000001
758,2025-12-23,2025-12-23T15:26:00+00:00,SPXW-20251223-06850.000-C,CALL,31.9,32.4,3240.0,4000.0,232980.0,730.0,True,pass,280.00000000000045
759,2025-12-24,2025-12-24T15:01:00+00:00,SPXW-20251224-06885.000-C,CALL,29.8,30.2,3020.0,4000.0,233260.0,0.0,True,pass,90.00000000000021
760,2025-12-24,2025-12-24T15:25:00+00:00,SPXW-20251224-06900.000-C,CALL,18.5,18.9,1890.0,4000.0,233350.0,90.0,True,pass,100.0
761,2025-12-26,2025-12-26T15:00:00+00:00,SPXW-20251226-06940.000-P,PUT,9.9,10.1,1010.0,4000.0,233450.0,0.0,True,pass,309.99999999999994
762,2025-12-26,2025-12-26T15:25:00+00:00,SPXW-20251226-06935.000-P,PUT,8.1,8.2,820.0,4000.0,233760.0,310.0,True,pass,-179.9999999999999
763,2025-12-26,2025-12-26T15:58:00+00:00,SPXW-20251226-06925.000-C,CALL,12.9,13.1,1310.0,4000.0,233580.0,130.0,True,pass,-409.99999999999994
764,2025-12-29,2025-12-29T15:02:00+00:00,SPXW-20251229-06925.000-P,PUT,21.9,22.4,2240.0,4000.0,233170.0,0.0,True,pass,480.00000000000006
765,2025-12-29,2025-12-29T15:29:00+00:00,SPXW-20251229-06880.000-C,CALL,28.7,29.1,2910.0,4000.0,233650.0,480.0,True,pass,0.0
766,2025-12-29,2025-12-29T15:45:00+00:00,SPXW-20251229-06890.000-C,CALL,21.9,22.3,2230.0,4000.0,233650.0,480.0,True,pass,-569.9999999999999
767,2025-12-29,2025-12-29T15:53:00+00:00,SPXW-20251229-06880.000-C,CALL,22.3,22.5,2250.0,4000.0,233080.0,-90.0,True,pass,310.0000000000001
768,2025-12-30,2025-12-30T15:04:00+00:00,SPXW-20251230-06875.000-C,CALL,32.4,32.9,3290.0,4000.0,233390.0,0.0,True,pass,-369.99999999999994
769,2025-12-30,2025-12-30T15:23:00+00:00,SPXW-20251230-06865.000-C,CALL,33.7,34.2,3420.0,4000.0,233020.0,-370.0,True,pass,-70.00000000000028
770,2025-12-30,2025-12-30T15:33:00+00:00,SPXW-20251230-06910.000-P,PUT,15.9,16.1,1610.0,4000.0,232950.0,-440.0,True,pass,179.99999999999972
771,2025-12-30,2025-12-30T15:49:00+00:00,SPXW-20251230-06880.000-C,CALL,19.2,19.5,1950.0,4000.0,233130.0,-260.0,True,pass,510.0000000000001
772,2025-12-30,2025-12-30T15:55:00+00:00,SPXW-20251230-06880.000-C,CALL,23.6,23.9,2390.0,4000.0,233640.0,250.0,True,pass,190.00000000000023
773,2025-12-30,2025-12-30T16:08:00+00:00,SPXW-20251230-06875.000-C,CALL,31.6,32.0,3200.0,4000.0,233830.0,440.0,True,pass,20.000000000000284
774,2025-12-30,2025-12-30T18:34:00+00:00,SPXW-20251230-06880.000-C,CALL,26.9,27.3,2730.0,4000.0,233850.0,460.0,True,pass,-110.00000000000014
775,2025-12-30,2025-12-30T19:13:00+00:00,SPXW-20251230-06900.000-C,CALL,6.3,6.4,640.0,4000.0,233740.0,350.0,True,pass,109.99999999999996
776,2025-12-31,2025-12-31T15:26:00+00:00,SPXW-20251231-06860.000-C,CALL,25.3,25.5,2550.0,4000.0,233850.0,0.0,True,pass,30.00000000000007
777,2025-12-31,2025-12-31T16:19:00+00:00,SPXW-20251231-06845.000-C,CALL,30.8,31.2,3120.0,4000.0,233880.0,30.0,True,pass,250.0000000000003
778,2025-12-31,2025-12-31T16:28:00+00:00,SPXW-20251231-06845.000-C,CALL,33.7,34.1,3410.0,4000.0,234130.0,280.0,True,pass,-189.99999999999983
779,2025-12-31,2025-12-31T18:31:00+00:00,SPXW-20251231-06860.000-C,CALL,21.4,21.8,2180.0,4000.0,233940.0,90.0,True,pass,100.0
780,2026-01-02,2026-01-02T15:00:00+00:00,SPXW-20260102-06860.000-C,CALL,30.7,31.2,3120.0,4000.0,234040.0,0.0,True,pass,190.00000000000023
781,2026-01-02,2026-01-02T15:12:00+00:00,SPXW-20260102-06890.000-P,PUT,17.3,17.4,1740.0,4000.0,234230.0,190.0,True,pass,1930.0000000000005
782,2026-01-02,2026-01-02T15:25:00+00:00,SPXW-20260102-06865.000-P,PUT,24.0,24.3,2430.0,4000.0,236160.0,2120.0,True,pass,-1230.0
783,2026-01-02,2026-01-02T15:37:00+00:00,SPXW-20260102-06865.000-P,PUT,12.2,12.4,1240.0,4000.0,234930.0,890.0,True,pass,529.9999999999999
784,2026-01-05,2026-01-05T15:01:00+00:00,SPXW-20260105-06885.000-C,CALL,17.3,17.6,1760.0,4000.0,235460.0,0.0,True,pass,479.9999999999997
785,2026-01-05,2026-01-05T15:27:00+00:00,SPXW-20260105-06875.000-C,CALL,31.4,31.9,3190.0,4000.0,235940.0,480.0,True,pass,450.0
786,2026-01-05,2026-01-05T15:55:00+00:00,SPXW-20260105-06890.000-C,CALL,20.4,20.7,2070.0,4000.0,236390.0,930.0,True,pass,230.00000000000009
787,2026-01-06,2026-01-06T15:00:00+00:00,SPXW-20260106-06905.000-C,CALL,24.2,24.6,2460.0,4000.0,236620.0,0.0,True,pass,250.0
788,2026-01-06,2026-01-06T15:19:00+00:00,SPXW-20260106-06900.000-C,CALL,31.8,32.1,3210.0,4000.0,236870.0,250.0,True,pass,-550.0
789,2026-01-06,2026-01-06T15:55:00+00:00,SPXW-20260106-06885.000-C,CALL,34.1,34.6,3460.0,4000.0,236320.0,-300.0,True,pass,-270.0000000000003
790,2026-01-07,2026-01-07T15:01:00+00:00,SPXW-20260107-06965.000-P,PUT,20.7,21.1,2110.0,4000.0,236050.0,0.0,True,pass,289.9999999999999
791,2026-01-07,2026-01-07T15:28:00+00:00,SPXW-20260107-06925.000-C,CALL,20.6,20.8,2080.0,4000.0,236340.0,290.0,True,pass,559.9999999999998
792,2026-01-07,2026-01-07T15:38:00+00:00,SPXW-20260107-06980.000-P,PUT,30.6,31.1,3110.0,4000.0,236900.0,850.0,True,pass,-160.00000000000014
793,2026-01-07,2026-01-07T16:03:00+00:00,SPXW-20260107-06930.000-C,CALL,24.3,24.7,2470.0,4000.0,236740.0,690.0,True,pass,-469.99999999999994
794,2026-01-08,2026-01-08T15:00:00+00:00,SPXW-20260108-06920.000-P,PUT,18.0,18.3,1830.0,4000.0,236270.0,0.0,True,pass,-940.0
795,2026-01-08,2026-01-08T15:25:00+00:00,SPXW-20260108-06895.000-C,CALL,30.6,31.0,3100.0,4000.0,235330.0,-940.0,False,daily_loss_stop,-50.0
796,2026-01-09,2026-01-09T15:02:00+00:00,SPXW-20260109-06935.000-C,CALL,17.8,17.9,1790.0,4000.0,235280.0,0.0,True,pass,-909.9999999999998
797,2026-01-09,2026-01-09T15:27:00+00:00,SPXW-20260109-06945.000-C,CALL,15.9,16.1,1610.0,4000.0,234370.0,-910.0,False,daily_loss_stop,250.0
798,2026-01-09,2026-01-09T15:56:00+00:00,SPXW-20260109-06910.000-C,CALL,32.6,33.1,3310.0,4000.0,234620.0,-660.0,True,pass,1789.9999999999998
799,2026-01-12,2026-01-12T15:06:00+00:00,SPXW-20260112-06935.000-C,CALL,26.8,27.3,2730.0,4000.0,236410.0,0.0,True,pass,-10.000000000000142
800,2026-01-12,2026-01-12T15:33:00+00:00,SPXW-20260112-06960.000-P,PUT,9.6,9.8,980.0,4000.0,236400.0,-10.0,True,pass,-150.0
801,2026-01-12,2026-01-12T15:53:00+00:00,SPXW-20260112-06950.000-C,CALL,14.3,14.5,1450.0,4000.0,236250.0,-160.0,True,pass,789.9999999999999
802,2026-01-12,2026-01-12T18:43:00+00:00,SPXW-20260112-06945.000-C,CALL,30.5,30.9,3090.0,4000.0,237040.0,630.0,True,pass,110.00000000000014
803,2026-01-13,2026-01-13T15:01:00+00:00,SPXW-20260113-06990.000-P,PUT,23.2,23.6,2360.0,4000.0,237150.0,0.0,True,pass,1439.9999999999998
804,2026-01-13,2026-01-13T15:26:00+00:00,SPXW-20260113-06980.000-P,PUT,33.2,33.6,3360.0,4000.0,238590.0,1440.0,True,pass,-880.0000000000001
805,2026-01-13,2026-01-13T15:55:00+00:00,SPXW-20260113-06935.000-C,CALL,28.2,28.6,2860.0,4000.0,237710.0,560.0,True,pass,159.99999999999977
806,2026-01-13,2026-01-13T16:27:00+00:00,SPXW-20260113-06970.000-P,PUT,15.9,16.1,1610.0,4000.0,237870.0,720.0,True,pass,-870.0000000000001
807,2026-01-14,2026-01-14T15:00:00+00:00,SPXW-20260114-06910.000-P,PUT,17.5,18.0,1800.0,4000.0,237000.0,0.0,True,pass,-110.00000000000014
808,2026-01-14,2026-01-14T15:17:00+00:00,SPXW-20260114-06910.000-C,CALL,23.4,23.7,2370.0,4000.0,236890.0,-110.0,True,pass,-480.00000000000006
809,2026-01-14,2026-01-14T15:28:00+00:00,SPXW-20260114-06915.000-P,PUT,10.1,10.2,1020.0,4000.0,236410.0,-590.0,True,pass,810.0000000000001
810,2026-01-14,2026-01-14T15:43:00+00:00,SPXW-20260114-06910.000-P,PUT,11.6,11.8,1180.0,4000.0,237220.0,220.0,True,pass,1289.9999999999998
811,2026-01-15,2026-01-15T15:01:00+00:00,SPXW-20260115-06995.000-P,PUT,31.9,32.4,3240.0,4000.0,238510.0,0.0,True,pass,120.00000000000028
812,2026-01-15,2026-01-15T15:23:00+00:00,SPXW-20260115-06935.000-C,CALL,34.5,35.0,3500.0,4000.0,238630.0,120.0,True,pass,420.0000000000003
813,2026-01-15,2026-01-15T15:48:00+00:00,SPXW-20260115-06965.000-P,PUT,11.3,11.5,1150.0,4000.0,239050.0,540.0,True,pass,-409.99999999999994
814,2026-01-16,2026-01-16T15:00:00+00:00,SPXW-20260116-06975.000-P,PUT,32.9,33.4,3340.0,4000.0,238640.0,0.0,True,pass,-10.000000000000142
815,2026-01-16,2026-01-16T15:25:00+00:00,SPXW-20260116-06960.000-P,PUT,16.1,16.3,1630.0,4000.0,238630.0,-10.0,True,pass,1720.0
816,2026-01-20,2026-01-20T15:05:00+00:00,SPXW-20260120-06820.000-C,CALL,33.9,34.3,3430.0,4000.0,240350.0,0.0,True,pass,1140.0000000000005
817,2026-01-20,2026-01-20T15:30:00+00:00,SPXW-20260120-06845.000-C,CALL,26.3,26.5,2650.0,4000.0,241490.0,1140.0,True,pass,250.0
818,2026-01-20,2026-01-20T15:56:00+00:00,SPXW-20260120-06880.000-P,PUT,29.0,29.3,2930.0,4000.0,241740.0,1390.0,True,pass,-240.00000000000023
819,2026-01-20,2026-01-20T16:21:00+00:00,SPXW-20260120-06840.000-C,CALL,25.5,25.9,2590.0,4000.0,241500.0,1150.0,True,pass,120.00000000000028
820,2026-01-21,2026-01-21T18:30:00+00:00,SPXW-20260121-06810.000-C,CALL,22.7,23.1,2310.0,4000.0,241620.0,0.0,True,pass,219.99999999999991
821,2026-01-21,2026-01-21T18:55:00+00:00,SPXW-20260121-06840.000-P,PUT,11.2,11.4,1140.0,4000.0,241840.0,220.0,True,pass,509.99999999999994
822,2026-01-21,2026-01-21T19:19:00+00:00,SPXW-20260121-06800.000-C,CALL,26.7,27.1,2710.0,4000.0,242350.0,730.0,True,pass,3619.999999999999
823,2026-01-21,2026-01-21T19:34:00+00:00,SPXW-20260121-06870.000-C,CALL,8.6,8.8,880.0,4000.0,245970.0,4350.0,True,pass,1250.0
824,2026-01-22,2026-01-22T15:00:00+00:00,SPXW-20260122-06925.000-P,PUT,28.2,28.7,2870.0,4000.0,247220.0,0.0,True,pass,519.9999999999999
825,2026-01-22,2026-01-22T15:28:00+00:00,SPXW-20260122-06880.000-C,CALL,32.5,32.8,3280.0,4000.0,247740.0,520.0,True,pass,380.00000000000045
826,2026-01-22,2026-01-22T15:42:00+00:00,SPXW-20260122-06885.000-C,CALL,31.7,32.0,3200.0,4000.0,248120.0,900.0,True,pass,70.00000000000028
827,2026-01-22,2026-01-22T16:11:00+00:00,SPXW-20260122-06890.000-C,CALL,30.8,31.2,3120.0,4000.0,248190.0,970.0,True,pass,250.0000000000003
828,2026-01-23,2026-01-23T15:02:00+00:00,SPXW-20260123-06885.000-C,CALL,31.7,32.1,3210.0,4000.0,248440.0,0.0,True,pass,0.0
829,2026-01-23,2026-01-23T15:29:00+00:00,SPXW-20260123-06890.000-C,CALL,29.1,29.6,2960.0,4000.0,248440.0,0.0,True,pass,229.99999999999972
830,2026-01-23,2026-01-23T16:17:00+00:00,SPXW-20260123-06900.000-C,CALL,29.3,29.7,2970.0,4000.0,248670.0,230.0,True,pass,-39.99999999999986
831,2026-01-26,2026-01-26T15:14:00+00:00,SPXW-20260126-06920.000-C,CALL,31.1,31.5,3150.0,4000.0,248630.0,0.0,True,pass,170.00000000000028
832,2026-01-26,2026-01-26T15:51:00+00:00,SPXW-20260126-06925.000-C,CALL,30.0,30.3,3030.0,4000.0,248800.0,170.0,True,pass,-119.99999999999991
833,2026-01-27,2026-01-27T15:06:00+00:00,SPXW-20260127-06940.000-C,CALL,31.1,31.5,3150.0,4000.0,248680.0,0.0,True,pass,350.0
834,2026-01-27,2026-01-27T15:23:00+00:00,SPXW-20260127-06945.000-C,CALL,30.4,30.8,3080.0,4000.0,249030.0,350.0,True,pass,849.9999999999997
835,2026-01-27,2026-01-27T15:53:00+00:00,SPXW-20260127-06950.000-C,CALL,33.4,33.8,3380.0,4000.0,249880.0,1200.0,True,pass,280.00000000000045
836,2026-01-27,2026-01-27T16:18:00+00:00,SPXW-20260127-06955.000-C,CALL,31.7,32.1,3210.0,4000.0,250160.0,1480.0,True,pass,89.99999999999986
837,2026-01-28,2026-01-28T15:01:00+00:00,SPXW-20260128-07025.000-P,PUT,33.7,34.1,3410.0,4000.0,250250.0,0.0,True,pass,789.9999999999999
838,2026-01-28,2026-01-28T15:26:00+00:00,SPXW-20260128-07020.000-P,PUT,33.4,33.8,3380.0,4000.0,251040.0,790.0,True,pass,460.0000000000001
839,2026-01-28,2026-01-28T15:47:00+00:00,SPXW-20260128-07015.000-P,PUT,34.8,35.2,3520.0,4000.0,251500.0,1250.0,True,pass,309.99999999999943
840,2026-01-29,2026-01-29T15:00:00+00:00,SPXW-20260129-06955.000-P,PUT,27.1,27.3,2730.0,4000.0,251810.0,0.0,True,pass,859.9999999999998
841,2026-01-29,2026-01-29T15:11:00+00:00,SPXW-20260129-06905.000-C,CALL,31.7,32.0,3200.0,4000.0,252670.0,860.0,True,pass,29.999999999999716
842,2026-01-29,2026-01-29T15:27:00+00:00,SPXW-20260129-06950.000-P,PUT,32.6,33.0,3300.0,4000.0,252700.0,890.0,True,pass,3579.9999999999995
843,2026-01-29,2026-01-29T18:30:00+00:00,SPXW-20260129-06955.000-P,PUT,23.9,24.3,2430.0,4000.0,256280.0,4470.0,True,pass,80.00000000000007
844,2026-01-29,2026-01-29T18:37:00+00:00,SPXW-20260129-06920.000-C,CALL,16.0,16.2,1620.0,4000.0,256360.0,4550.0,True,pass,340.0000000000002
845,2026-01-29,2026-01-29T19:29:00+00:00,SPXW-20260129-06920.000-C,CALL,24.0,24.4,2440.0,4000.0,256700.0,4890.0,True,pass,-589.9999999999999
846,2026-01-30,2026-01-30T15:02:00+00:00,SPXW-20260130-06975.000-P,PUT,34.0,34.5,3450.0,4000.0,256110.0,0.0,True,pass,-619.9999999999999
847,2026-01-30,2026-01-30T15:28:00+00:00,SPXW-20260130-06975.000-P,PUT,33.8,34.2,3420.0,4000.0,255490.0,-620.0,True,pass,400.0
848,2026-02-02,2026-02-02T19:05:00+00:00,SPXW-20260202-06965.000-C,CALL,24.7,25.1,2510.0,4000.0,255890.0,0.0,True,pass,-10.000000000000142
849,2026-02-03,2026-02-03T15:00:00+00:00,SPXW-20260203-06970.000-P,PUT,20.1,20.4,2040.0,4000.0,255880.0,0.0,True,pass,610.0000000000001
850,2026-02-03,2026-02-03T15:16:00+00:00,SPXW-20260203-06925.000-C,CALL,26.8,27.0,2700.0,4000.0,256490.0,610.0,True,pass,119.99999999999991
851,2026-02-03,2026-02-03T15:31:00+00:00,SPXW-20260203-06975.000-P,PUT,34.7,35.2,3520.0,4000.0,256610.0,730.0,True,pass,500.0
852,2026-02-03,2026-02-03T16:04:00+00:00,SPXW-20260203-06975.000-P,PUT,29.7,30.2,3020.0,4000.0,257110.0,1230.0,True,pass,1280.0
853,2026-02-04,2026-02-04T15:01:00+00:00,SPXW-20260204-06900.000-P,PUT,24.4,24.5,2450.0,4000.0,258390.0,0.0,True,pass,-1350.0
854,2026-02-04,2026-02-04T15:26:00+00:00,SPXW-20260204-06945.000-P,PUT,28.1,28.4,2840.0,4000.0,257040.0,-1350.0,False,daily_loss_stop,2010.0
855,2026-02-04,2026-02-04T15:38:00+00:00,SPXW-20260204-06880.000-C,CALL,31.7,32.0,3200.0,4000.0,259050.0,660.0,True,pass,460.0000000000001
856,2026-02-04,2026-02-04T16:02:00+00:00,SPXW-20260204-06925.000-P,PUT,31.2,31.4,3140.0,4000.0,259510.0,1120.0,True,pass,589.9999999999999
857,2026-02-04,2026-02-04T16:19:00+00:00,SPXW-20260204-06900.000-P,PUT,21.2,21.4,2140.0,4000.0,260100.0,1710.0,True,pass,30.00000000000007
858,2026-02-05,2026-02-05T15:57:00+00:00,SPXW-20260205-06795.000-P,PUT,26.5,26.8,2680.0,4000.0,260130.0,0.0,True,pass,59.99999999999979
859,2026-02-05,2026-02-05T16:15:00+00:00,SPXW-20260205-06765.000-C,CALL,31.8,32.2,3220.0,4000.0,260190.0,60.0,True,pass,3259.9999999999995
860,2026-02-05,2026-02-05T18:30:00+00:00,SPXW-20260205-06785.000-C,CALL,33.7,34.0,3400.0,4000.0,263450.0,3320.0,True,pass,-239.99999999999983
861,2026-02-05,2026-02-05T18:46:00+00:00,SPXW-20260205-06835.000-P,PUT,27.2,27.6,2760.0,4000.0,263210.0,3080.0,True,pass,1010.0
862,2026-02-05,2026-02-05T19:01:00+00:00,SPXW-20260205-06830.000-P,PUT,27.8,28.2,2820.0,4000.0,264220.0,4090.0,True,pass,-1480.0
863,2026-02-05,2026-02-05T19:16:00+00:00,SPXW-20260205-06795.000-C,CALL,34.7,35.1,3510.0,4000.0,262740.0,2610.0,True,pass,500.0
864,2026-02-05,2026-02-05T19:44:00+00:00,SPXW-20260205-06835.000-P,PUT,24.7,25.1,2510.0,4000.0,263240.0,3110.0,True,pass,319.99999999999994
865,2026-02-09,2026-02-09T15:12:00+00:00,SPXW-20260209-06910.000-C,CALL,31.6,31.9,3190.0,4000.0,263560.0,0.0,True,pass,580.0000000000005
866,2026-02-09,2026-02-09T18:32:00+00:00,SPXW-20260209-06960.000-C,CALL,10.5,10.7,1070.0,4000.0,264140.0,580.0,True,pass,200.0
867,2026-02-09,2026-02-09T19:04:00+00:00,SPXW-20260209-06940.000-C,CALL,32.3,32.8,3280.0,4000.0,264340.0,780.0,True,pass,700.0
868,2026-02-10,2026-02-10T15:01:00+00:00,SPXW-20260210-06950.000-C,CALL,32.0,32.3,3230.0,4000.0,265040.0,0.0,True,pass,130.00000000000043
869,2026-02-10,2026-02-10T15:26:00+00:00,SPXW-20260210-06950.000-C,CALL,30.6,31.0,3100.0,4000.0,265170.0,130.0,True,pass,129.99999999999972
870,2026-02-11,2026-02-11T15:00:00+00:00,SPXW-20260211-06985.000-P,PUT,28.1,28.6,2860.0,4000.0,265300.0,0.0,True,pass,2919.9999999999995
871,2026-02-11,2026-02-11T15:29:00+00:00,SPXW-20260211-06925.000-P,PUT,20.4,20.6,2060.0,4000.0,268220.0,2920.0,True,pass,-1030.0
872,2026-02-11,2026-02-11T16:26:00+00:00,SPXW-20260211-06955.000-P,PUT,13.4,13.6,1360.0,4000.0,267190.0,1890.0,True,pass,740.0
873,2026-02-11,2026-02-11T18:41:00+00:00,SPXW-20260211-06950.000-P,PUT,10.7,10.9,1090.0,4000.0,267930.0,2630.0,True,pass,-330.00000000000006
874,2026-02-11,2026-02-11T19:19:00+00:00,SPXW-20260211-06925.000-C,CALL,28.8,29.3,2930.0,4000.0,267600.0,2300.0,True,pass,309.9999999999998
875,2026-02-12,2026-02-12T15:00:00+00:00,SPXW-20260212-06970.000-P,PUT,26.6,27.0,2700.0,4000.0,267910.0,0.0,True,pass,-210.00000000000017
876,2026-02-12,2026-02-12T15:26:00+00:00,SPXW-20260212-06980.000-P,PUT,31.2,31.7,3170.0,4000.0,267700.0,-210.0,True,pass,2610.0
877,2026-02-13,2026-02-13T15:00:00+00:00,SPXW-20260213-06810.000-C,CALL,33.4,33.6,3360.0,4000.0,270310.0,0.0,True,pass,1269.9999999999995
878,2026-02-13,2026-02-13T15:20:00+00:00,SPXW-20260213-06820.000-C,CALL,31.4,31.6,3160.0,4000.0,271580.0,1270.0,True,pass,1860.0
879,2026-02-13,2026-02-13T15:51:00+00:00,SPXW-20260213-06830.000-C,CALL,26.6,26.8,2680.0,4000.0,273440.0,3130.0,True,pass,690.0000000000002
880,2026-02-13,2026-02-13T16:12:00+00:00,SPXW-20260213-06860.000-P,PUT,23.8,24.1,2410.0,4000.0,274130.0,3820.0,True,pass,400.0
881,2026-02-13,2026-02-13T18:30:00+00:00,SPXW-20260213-06860.000-C,CALL,19.4,19.7,1970.0,4000.0,274530.0,4220.0,True,pass,269.99999999999994
882,2026-02-13,2026-02-13T18:45:00+00:00,SPXW-20260213-06850.000-C,CALL,23.4,23.7,2370.0,4000.0,274800.0,4490.0,True,pass,-230.00000000000009
883,2026-02-13,2026-02-13T20:29:00+00:00,SPXW-20260213-06805.000-C,CALL,20.6,21.1,2110.0,4000.0,274570.0,4260.0,True,pass,-170.00000000000028
884,2026-02-17,2026-02-17T15:03:00+00:00,SPXW-20260217-06775.000-C,CALL,31.9,32.1,3210.0,4000.0,274400.0,0.0,True,pass,839.9999999999999
885,2026-02-17,2026-02-17T15:28:00+00:00,SPXW-20260217-06810.000-P,PUT,31.7,32.0,3200.0,4000.0,275240.0,840.0,True,pass,960.0
886,2026-02-17,2026-02-17T15:47:00+00:00,SPXW-20260217-06765.000-C,CALL,34.6,34.9,3490.0,4000.0,276200.0,1800.0,True,pass,3780.000000000001
887,2026-02-18,2026-02-18T18:34:00+00:00,SPXW-20260218-06875.000-C,CALL,21.3,21.6,2160.0,4000.0,279980.0,0.0,True,pass,-110.00000000000014
888,2026-02-18,2026-02-18T18:44:00+00:00,SPXW-20260218-06870.000-C,CALL,21.2,21.5,2150.0,4000.0,279870.0,-110.0,True,pass,30.00000000000007
889,2026-02-18,2026-02-18T19:10:00+00:00,SPXW-20260218-06875.000-C,CALL,14.0,14.2,1420.0,4000.0,279900.0,-80.0,True,pass,-589.9999999999999
890,2026-02-18,2026-02-18T19:39:00+00:00,SPXW-20260218-06840.000-C,CALL,30.3,30.7,3070.0,4000.0,279310.0,-670.0,True,pass,509.9999999999998
891,2026-02-19,2026-02-19T15:00:00+00:00,SPXW-20260219-06885.000-P,PUT,28.4,28.6,2860.0,4000.0,279820.0,0.0,True,pass,360.0000000000001
892,2026-02-19,2026-02-19T15:28:00+00:00,SPXW-20260219-06885.000-P,PUT,31.8,32.2,3220.0,4000.0,280180.0,360.0,True,pass,-430.00000000000045
893,2026-02-19,2026-02-19T15:52:00+00:00,SPXW-20260219-06835.000-C,CALL,34.0,34.3,3430.0,4000.0,279750.0,-70.0,True,pass,120.00000000000028
894,2026-02-19,2026-02-19T16:28:00+00:00,SPXW-20260219-06880.000-P,PUT,21.2,21.5,2150.0,4000.0,279870.0,50.0,True,pass,180.00000000000006
895,2026-02-19,2026-02-19T18:30:00+00:00,SPXW-20260219-06820.000-C,CALL,25.1,25.4,2540.0,4000.0,280050.0,230.0,True,pass,20.000000000000284
896,2026-02-20,2026-02-20T15:07:00+00:00,SPXW-20260220-06860.000-C,CALL,26.2,26.4,2640.0,4000.0,280070.0,0.0,True,pass,1110.0000000000002
897,2026-02-20,2026-02-20T15:31:00+00:00,SPXW-20260220-06870.000-C,CALL,27.5,27.8,2780.0,4000.0,281180.0,1110.0,True,pass,180.00000000000006
898,2026-02-20,2026-02-20T18:30:00+00:00,SPXW-20260220-06870.000-C,CALL,21.1,21.4,2140.0,4000.0,281360.0,1290.0,True,pass,850.0
899,2026-02-20,2026-02-20T19:11:00+00:00,SPXW-20260220-06880.000-C,CALL,28.3,28.7,2870.0,4000.0,282210.0,2140.0,True,pass,-80.00000000000007
900,2026-02-20,2026-02-20T19:58:00+00:00,SPXW-20260220-06880.000-C,CALL,19.2,19.6,1960.0,4000.0,282130.0,2060.0,True,pass,419.99999999999994
901,2026-02-23,2026-02-23T15:00:00+00:00,SPXW-20260223-06900.000-P,PUT,27.2,27.5,2750.0,4000.0,282550.0,0.0,True,pass,1210.0000000000002
902,2026-02-23,2026-02-23T15:27:00+00:00,SPXW-20260223-06885.000-P,PUT,28.6,28.8,2880.0,4000.0,283760.0,1210.0,True,pass,540.0000000000002
903,2026-02-23,2026-02-23T18:30:00+00:00,SPXW-20260223-06870.000-P,PUT,18.4,18.7,1870.0,4000.0,284300.0,1750.0,True,pass,50.0
904,2026-02-23,2026-02-23T18:41:00+00:00,SPXW-20260223-06860.000-P,PUT,14.0,14.1,1410.0,4000.0,284350.0,1800.0,True,pass,200.00000000000017
905,2026-02-24,2026-02-24T15:00:00+00:00,SPXW-20260224-06865.000-P,PUT,27.1,27.4,2740.0,4000.0,284550.0,0.0,True,pass,-200.0
906,2026-02-24,2026-02-24T15:16:00+00:00,SPXW-20260224-06840.000-C,CALL,21.8,22.0,2200.0,4000.0,284350.0,-200.0,True,pass,1779.9999999999998
907,2026-02-24,2026-02-24T18:31:00+00:00,SPXW-20260224-06875.000-C,CALL,14.0,14.2,1420.0,4000.0,286130.0,1580.0,True,pass,540.0000000000002
908,2026-02-24,2026-02-24T19:08:00+00:00,SPXW-20260224-06860.000-C,CALL,29.3,29.8,2980.0,4000.0,286670.0,2120.0,True,pass,-290.0000000000002
909,2026-02-25,2026-02-25T15:06:00+00:00,SPXW-20260225-06945.000-P,PUT,22.5,22.9,2290.0,4000.0,286380.0,0.0,True,pass,210.00000000000017
910,2026-02-25,2026-02-25T15:31:00+00:00,SPXW-20260225-06895.000-C,CALL,34.5,34.9,3490.0,4000.0,286590.0,210.0,True,pass,-769.9999999999999
911,2026-02-26,2026-02-26T15:00:00+00:00,SPXW-20260226-06950.000-P,PUT,32.8,33.2,3320.0,4000.0,285820.0,0.0,True,pass,439.9999999999999
912,2026-02-26,2026-02-26T15:26:00+00:00,SPXW-20260226-06855.000-C,CALL,30.3,30.6,3060.0,4000.0,286260.0,440.0,True,pass,600.0
913,2026-02-26,2026-02-26T15:42:00+00:00,SPXW-20260226-06900.000-P,PUT,26.2,26.4,2640.0,4000.0,286860.0,1040.0,True,pass,-819.9999999999999
914,2026-02-27,2026-02-27T15:01:00+00:00,SPXW-20260227-06825.000-C,CALL,34.0,34.2,3420.0,4000.0,286040.0,0.0,True,pass,569.9999999999995
915,2026-02-27,2026-02-27T15:32:00+00:00,SPXW-20260227-06885.000-P,PUT,33.0,33.4,3340.0,4000.0,286610.0,570.0,True,pass,-289.9999999999999
916,2026-02-27,2026-02-27T16:10:00+00:00,SPXW-20260227-06835.000-C,CALL,34.7,35.0,3500.0,4000.0,286320.0,280.0,True,pass,689.9999999999999
917,2026-02-27,2026-02-27T18:31:00+00:00,SPXW-20260227-06830.000-C,CALL,27.0,27.3,2730.0,4000.0,287010.0,970.0,True,pass,139.99999999999986
918,2026-02-27,2026-02-27T19:10:00+00:00,SPXW-20260227-06880.000-P,PUT,26.9,27.4,2740.0,4000.0,287150.0,1110.0,True,pass,110.00000000000014
919,2026-03-02,2026-03-02T18:32:00+00:00,SPXW-20260302-06850.000-C,CALL,31.5,32.0,3200.0,4000.0,287260.0,0.0,True,pass,-869.9999999999999
920,2026-03-02,2026-03-02T19:01:00+00:00,SPXW-20260302-06850.000-C,CALL,20.3,20.6,2060.0,4000.0,286390.0,-870.0,False,daily_loss_stop,2060.0
921,2026-03-02,2026-03-02T19:54:00+00:00,SPXW-20260302-06885.000-C,CALL,15.0,15.4,1540.0,4000.0,288450.0,1190.0,True,pass,-309.99999999999994
922,2026-03-02,2026-03-02T20:11:00+00:00,SPXW-20260302-06850.000-C,CALL,23.5,24.0,2400.0,4000.0,288140.0,880.0,True,pass,639.9999999999999
923,2026-03-03,2026-03-03T15:31:00+00:00,SPXW-20260303-06700.000-C,CALL,32.8,33.1,3310.0,4000.0,288780.0,0.0,True,pass,1119.9999999999995
924,2026-03-03,2026-03-03T15:50:00+00:00,SPXW-20260303-06735.000-P,PUT,26.4,26.6,2660.0,4000.0,289900.0,1120.0,True,pass,300.0
925,2026-03-03,2026-03-03T15:56:00+00:00,SPXW-20260303-06710.000-C,CALL,27.9,28.1,2810.0,4000.0,290200.0,1420.0,True,pass,2840.0
926,2026-03-03,2026-03-03T16:13:00+00:00,SPXW-20260303-06735.000-C,CALL,34.1,34.4,3440.0,4000.0,293040.0,4260.0,True,pass,1070.0000000000002
927,2026-03-03,2026-03-03T19:11:00+00:00,SPXW-20260303-06800.000-C,CALL,19.0,19.3,1930.0,4000.0,294110.0,5330.0,True,pass,1189.9999999999998
928,2026-03-03,2026-03-03T19:36:00+00:00,SPXW-20260303-06785.000-C,CALL,26.5,26.9,2690.0,4000.0,295300.0,6520.0,True,pass,2750.0
929,2026-03-04,2026-03-04T15:03:00+00:00,SPXW-20260304-06860.000-P,PUT,34.7,35.0,3500.0,4000.0,298050.0,0.0,True,pass,-1840.0
930,2026-03-04,2026-03-04T15:43:00+00:00,SPXW-20260304-06840.000-C,CALL,27.7,27.9,2790.0,4000.0,296210.0,-1840.0,False,daily_loss_stop,260.0000000000001
931,2026-03-04,2026-03-04T16:06:00+00:00,SPXW-20260304-06855.000-C,CALL,24.8,25.1,2510.0,4000.0,296470.0,-1580.0,False,daily_loss_stop,-570.0000000000002
932,2026-03-04,2026-03-04T18:30:00+00:00,SPXW-20260304-06865.000-C,CALL,15.1,15.3,1530.0,4000.0,295900.0,-2150.0,False,daily_loss_stop,169.99999999999994
933,2026-03-04,2026-03-04T19:04:00+00:00,SPXW-20260304-06855.000-C,CALL,28.2,28.6,2860.0,4000.0,296070.0,-1980.0,False,daily_loss_stop,0.0
934,2026-03-05,2026-03-05T15:07:00+00:00,SPXW-20260305-06880.000-P,PUT,33.5,33.7,3370.0,4000.0,296070.0,0.0,True,pass,3650.0
935,2026-03-05,2026-03-05T15:37:00+00:00,SPXW-20260305-06805.000-C,CALL,25.6,25.8,2580.0,4000.0,299720.0,3650.0,True,pass,899.9999999999997
936,2026-03-05,2026-03-05T15:50:00+00:00,SPXW-20260305-06805.000-C,CALL,31.9,32.1,3210.0,4000.0,300620.0,4550.0,True,pass,-980.0
937,2026-03-05,2026-03-05T18:38:00+00:00,SPXW-20260305-06750.000-C,CALL,33.6,34.1,3410.0,4000.0,299640.0,3570.0,True,pass,960.0
938,2026-03-05,2026-03-05T19:05:00+00:00,SPXW-20260305-06760.000-C,CALL,25.8,26.2,2620.0,4000.0,300600.0,4530.0,True,pass,369.99999999999994
939,2026-03-06,2026-03-06T15:00:00+00:00,SPXW-20260306-06710.000-C,CALL,34.5,34.8,3480.0,4000.0,300970.0,0.0,True,pass,1370.0000000000002
940,2026-03-06,2026-03-06T16:18:00+00:00,SPXW-20260306-06735.000-C,CALL,32.1,32.4,3240.0,4000.0,302340.0,1370.0,True,pass,80.00000000000043
941,2026-03-06,2026-03-06T18:30:00+00:00,SPXW-20260306-06730.000-C,CALL,34.2,34.6,3460.0,4000.0,302420.0,1450.0,True,pass,-80.00000000000043
942,2026-03-06,2026-03-06T18:58:00+00:00,SPXW-20260306-06725.000-C,CALL,33.7,34.2,3420.0,4000.0,302340.0,1370.0,True,pass,639.9999999999999
943,2026-03-09,2026-03-09T14:04:00+00:00,SPXW-20260309-06650.000-C,CALL,34.4,34.6,3460.0,4000.0,302980.0,0.0,True,pass,-180.00000000000043
944,2026-03-09,2026-03-09T14:30:00+00:00,SPXW-20260309-06640.000-C,CALL,31.1,31.5,3150.0,4000.0,302800.0,-180.0,True,pass,1489.9999999999998
945,2026-03-09,2026-03-09T17:30:00+00:00,SPXW-20260309-06670.000-C,CALL,34.2,34.6,3460.0,4000.0,304290.0,1310.0,True,pass,-180.00000000000043
946,2026-03-10,2026-03-10T14:00:00+00:00,SPXW-20260310-06790.000-P,PUT,32.5,32.8,3280.0,4000.0,304110.0,0.0,True,pass,650.0
947,2026-03-10,2026-03-10T14:15:00+00:00,SPXW-20260310-06785.000-P,PUT,31.0,31.3,3130.0,4000.0,304760.0,650.0,True,pass,-1680.0
948,2026-03-10,2026-03-10T17:39:00+00:00,SPXW-20260310-06815.000-C,CALL,14.8,15.0,1500.0,4000.0,303080.0,-1030.0,False,daily_loss_stop,560.0000000000001
949,2026-03-11,2026-03-11T14:00:00+00:00,SPXW-20260311-06785.000-C,CALL,24.6,24.8,2480.0,4000.0,303640.0,0.0,True,pass,-60.00000000000014
950,2026-03-11,2026-03-11T14:33:00+00:00,SPXW-20260311-06790.000-P,PUT,32.3,32.6,3260.0,4000.0,303580.0,-60.0,True,pass,-1530.0
951,2026-03-11,2026-03-11T15:12:00+00:00,SPXW-20260311-06770.000-P,PUT,14.4,14.5,1450.0,4000.0,302050.0,-1590.0,False,daily_loss_stop,680.0000000000001
952,2026-03-12,2026-03-12T14:04:00+00:00,SPXW-20260312-06735.000-P,PUT,30.8,31.1,3110.0,4000.0,302730.0,0.0,True,pass,59.99999999999979
953,2026-03-12,2026-03-12T14:13:00+00:00,SPXW-20260312-06740.000-P,PUT,31.9,32.2,3220.0,4000.0,302790.0,60.0,True,pass,1300.0
954,2026-03-12,2026-03-12T14:44:00+00:00,SPXW-20260312-06675.000-C,CALL,33.0,33.3,3330.0,4000.0,304090.0,1360.0,True,pass,-169.99999999999957
955,2026-03-12,2026-03-12T17:31:00+00:00,SPXW-20260312-06725.000-P,PUT,28.5,29.0,2900.0,4000.0,303920.0,1190.0,True,pass,19.99999999999993
956,2026-03-12,2026-03-12T17:40:00+00:00,SPXW-20260312-06680.000-C,CALL,29.6,30.0,3000.0,4000.0,303940.0,1210.0,True,pass,-800.0
957,2026-03-12,2026-03-12T18:12:00+00:00,SPXW-20260312-06725.000-P,PUT,27.7,28.2,2820.0,4000.0,303140.0,410.0,True,pass,920.0
958,2026-03-13,2026-03-13T14:30:00+00:00,SPXW-20260313-06685.000-C,CALL,28.6,28.9,2890.0,4000.0,304060.0,0.0,True,pass,-1020.0
959,2026-03-13,2026-03-13T15:12:00+00:00,SPXW-20260313-06650.000-C,CALL,33.2,33.5,3350.0,4000.0,303040.0,-1020.0,False,daily_loss_stop,-169.99999999999994
960,2026-03-13,2026-03-13T17:30:00+00:00,SPXW-20260313-06665.000-P,PUT,19.4,19.7,1970.0,4000.0,302870.0,-1190.0,False,daily_loss_stop,350.0
961,2026-03-13,2026-03-13T17:49:00+00:00,SPXW-20260313-06650.000-P,PUT,17.1,17.4,1740.0,4000.0,303220.0,-840.0,False,daily_loss_stop,300.0
962,2026-03-13,2026-03-13T18:04:00+00:00,SPXW-20260313-06610.000-C,CALL,32.6,33.1,3310.0,4000.0,303520.0,-540.0,True,pass,250.0
963,2026-03-13,2026-03-13T18:29:00+00:00,SPXW-20260313-06620.000-C,CALL,23.4,23.8,2380.0,4000.0,303770.0,-290.0,True,pass,1030.0
964,2026-03-16,2026-03-16T14:41:00+00:00,SPXW-20260316-06670.000-C,CALL,32.5,32.8,3280.0,4000.0,304800.0,0.0,True,pass,640.0000000000006
965,2026-03-16,2026-03-16T14:59:00+00:00,SPXW-20260316-06675.000-C,CALL,32.5,32.9,3290.0,4000.0,305440.0,640.0,True,pass,110.00000000000014
966,2026-03-16,2026-03-16T15:11:00+00:00,SPXW-20260316-06725.000-P,PUT,31.5,31.9,3190.0,4000.0,305550.0,750.0,True,pass,-1409.9999999999998
967,2026-03-16,2026-03-16T17:30:00+00:00,SPXW-20260316-06670.000-C,CALL,33.5,33.9,3390.0,4000.0,304140.0,-660.0,True,pass,-659.9999999999998
968,2026-03-16,2026-03-16T17:55:00+00:00,SPXW-20260316-06665.000-C,CALL,31.8,32.3,3230.0,4000.0,303480.0,-1320.0,False,daily_loss_stop,180.00000000000043
969,2026-03-17,2026-03-17T14:04:00+00:00,SPXW-20260317-06715.000-C,CALL,32.3,32.7,3270.0,4000.0,303660.0,0.0,True,pass,-720.0000000000002
970,2026-03-17,2026-03-17T14:31:00+00:00,SPXW-20260317-06745.000-P,PUT,18.2,18.5,1850.0,4000.0,302940.0,-720.0,True,pass,80.00000000000007
971,2026-03-17,2026-03-17T14:43:00+00:00,SPXW-20260317-06710.000-C,CALL,33.1,33.5,3350.0,4000.0,303020.0,-640.0,True,pass,200.0
972,2026-03-17,2026-03-17T15:04:00+00:00,SPXW-20260317-06765.000-P,PUT,30.4,30.8,3080.0,4000.0,303220.0,-440.0,True,pass,640.0000000000002
973,2026-03-18,2026-03-18T14:00:00+00:00,SPXW-20260318-06725.000-P,PUT,33.9,34.3,3430.0,4000.0,303860.0,0.0,True,pass,1600.0
974,2026-03-18,2026-03-18T14:25:00+00:00,SPXW-20260318-06705.000-P,PUT,34.6,34.9,3490.0,4000.0,305460.0,1600.0,True,pass,830.0000000000005
975,2026-03-19,2026-03-19T14:31:00+00:00,SPXW-20260319-06550.000-C,CALL,34.2,34.5,3450.0,4000.0,306290.0,0.0,True,pass,410.0000000000001
976,2026-03-19,2026-03-19T14:55:00+00:00,SPXW-20260319-06605.000-P,PUT,28.0,28.3,2830.0,4000.0,306700.0,410.0,True,pass,-340.0000000000002
977,2026-03-19,2026-03-19T15:05:00+00:00,SPXW-20260319-06570.000-C,CALL,32.3,32.5,3250.0,4000.0,306360.0,70.0,True,pass,770.0000000000002
978,2026-03-19,2026-03-19T15:19:00+00:00,SPXW-20260319-06615.000-P,PUT,26.9,27.1,2710.0,4000.0,307130.0,840.0,True,pass,900.0
979,2026-03-19,2026-03-19T17:30:00+00:00,SPXW-20260319-06550.000-C,CALL,31.5,32.0,3200.0,4000.0,308030.0,1740.0,True,pass,-169.99999999999994
980,2026-03-19,2026-03-19T17:56:00+00:00,SPXW-20260319-06610.000-P,PUT,27.7,28.1,2810.0,4000.0,307860.0,1570.0,True,pass,660.0000000000001
981,2026-03-20,2026-03-20T14:00:00+00:00,SPXW-20260320-06580.000-P,PUT,34.0,34.2,3420.0,4000.0,308520.0,0.0,True,pass,550.0
982,2026-03-20,2026-03-20T14:30:00+00:00,SPXW-20260320-06520.000-C,CALL,34.4,34.7,3470.0,4000.0,309070.0,550.0,True,pass,369.99999999999955
983,2026-03-20,2026-03-20T14:49:00+00:00,SPXW-20260320-06530.000-C,CALL,32.0,32.2,3220.0,4000.0,309440.0,920.0,True,pass,-60.00000000000014
984,2026-03-20,2026-03-20T15:16:00+00:00,SPXW-20260320-06585.000-P,PUT,34.3,34.6,3460.0,4000.0,309380.0,860.0,True,pass,910.0
985,2026-03-20,2026-03-20T15:23:00+00:00,SPXW-20260320-06520.000-C,CALL,32.8,33.3,3330.0,4000.0,310290.0,1770.0,True,pass,370.0000000000003
986,2026-03-20,2026-03-20T17:36:00+00:00,SPXW-20260320-06545.000-P,PUT,15.1,15.3,1530.0,4000.0,310660.0,2140.0,True,pass,69.99999999999993
987,2026-03-20,2026-03-20T18:04:00+00:00,SPXW-20260320-06565.000-P,PUT,30.6,31.1,3110.0,4000.0,310730.0,2210.0,True,pass,439.9999999999999
988,2026-03-23,2026-03-23T17:30:00+00:00,SPXW-20260323-06565.000-C,CALL,22.3,22.6,2260.0,4000.0,311170.0,0.0,True,pass,1329.9999999999998
989,2026-03-23,2026-03-23T17:56:00+00:00,SPXW-20260323-06590.000-C,CALL,19.2,19.4,1940.0,4000.0,312500.0,1330.0,True,pass,120.00000000000028
990,2026-03-23,2026-03-23T18:07:00+00:00,SPXW-20260323-06605.000-P,PUT,10.7,11.0,1100.0,4000.0,312620.0,1450.0,True,pass,59.999999999999964
991,2026-03-23,2026-03-23T18:16:00+00:00,SPXW-20260323-06610.000-P,PUT,13.3,13.6,1360.0,4000.0,312680.0,1510.0,True,pass,279.9999999999999
992,2026-03-23,2026-03-23T18:25:00+00:00,SPXW-20260323-06575.000-C,CALL,28.3,28.8,2880.0,4000.0,312960.0,1790.0,True,pass,1649.9999999999995
993,2026-03-23,2026-03-23T18:42:00+00:00,SPXW-20260323-06595.000-C,CALL,20.3,20.8,2080.0,4000.0,314610.0,3440.0,True,pass,350.0
994,2026-03-24,2026-03-24T14:00:00+00:00,SPXW-20260324-06520.000-C,CALL,33.4,33.7,3370.0,4000.0,314960.0,0.0,True,pass,509.99999999999943
995,2026-03-24,2026-03-24T14:40:00+00:00,SPXW-20260324-06535.000-C,CALL,30.1,30.4,3040.0,4000.0,315470.0,510.0,True,pass,1010.0
996,2026-03-24,2026-03-24T17:30:00+00:00,SPXW-20260324-06530.000-C,CALL,32.9,33.3,3330.0,4000.0,316480.0,1520.0,True,pass,-209.99999999999977
997,2026-03-24,2026-03-24T17:55:00+00:00,SPXW-20260324-06550.000-C,CALL,15.0,15.2,1520.0,4000.0,316270.0,1310.0,True,pass,750.0
998,2026-03-25,2026-03-25T14:10:00+00:00,SPXW-20260325-06620.000-P,PUT,33.6,33.9,3390.0,4000.0,317020.0,0.0,True,pass,-519.9999999999999
999,2026-03-25,2026-03-25T14:20:00+00:00,SPXW-20260325-06595.000-C,CALL,23.0,23.1,2310.0,4000.0,316500.0,-520.0,True,pass,229.99999999999972
1000,2026-03-25,2026-03-25T14:36:00+00:00,SPXW-20260325-06630.000-P,PUT,28.2,28.4,2840.0,4000.0,316730.0,-290.0,True,pass,-159.99999999999977
1001,2026-03-25,2026-03-25T14:48:00+00:00,SPXW-20260325-06590.000-C,CALL,31.6,31.9,3190.0,4000.0,316570.0,-450.0,True,pass,50.0
1002,2026-03-25,2026-03-25T15:16:00+00:00,SPXW-20260325-06580.000-P,PUT,12.1,12.2,1220.0,4000.0,316620.0,-400.0,True,pass,1440.0000000000002
1003,2026-03-25,2026-03-25T15:24:00+00:00,SPXW-20260325-06580.000-C,CALL,23.5,23.7,2370.0,4000.0,318060.0,1040.0,True,pass,869.9999999999999
1004,2026-03-26,2026-03-26T14:47:00+00:00,SPXW-20260326-06540.000-C,CALL,23.5,23.7,2370.0,4000.0,318930.0,0.0,True,pass,-219.99999999999991
1005,2026-03-26,2026-03-26T15:04:00+00:00,SPXW-20260326-06565.000-P,PUT,24.6,24.9,2490.0,4000.0,318710.0,-220.0,True,pass,70.00000000000028
1006,2026-03-26,2026-03-26T15:16:00+00:00,SPXW-20260326-06565.000-P,PUT,25.2,25.4,2540.0,4000.0,318780.0,-150.0,True,pass,220.00000000000028
1007,2026-03-26,2026-03-26T15:29:00+00:00,SPXW-20260326-06575.000-P,PUT,34.0,34.4,3440.0,4000.0,319000.0,70.0,True,pass,589.9999999999999
1008,2026-03-26,2026-03-26T17:31:00+00:00,SPXW-20260326-06530.000-P,PUT,22.7,23.2,2320.0,4000.0,319590.0,660.0,True,pass,240.00000000000023
1009,2026-03-26,2026-03-26T18:28:00+00:00,SPXW-20260326-06525.000-P,PUT,34.5,34.9,3490.0,4000.0,319830.0,900.0,True,pass,-769.9999999999999
1010,2026-03-27,2026-03-27T14:01:00+00:00,SPXW-20260327-06425.000-P,PUT,24.8,25.1,2510.0,4000.0,319060.0,0.0,True,pass,169.99999999999994
1011,2026-03-27,2026-03-27T14:11:00+00:00,SPXW-20260327-06405.000-C,CALL,28.0,28.1,2810.0,4000.0,319230.0,170.0,True,pass,1050.0
1012,2026-03-27,2026-03-27T14:26:00+00:00,SPXW-20260327-06440.000-P,PUT,29.7,30.0,3000.0,4000.0,320280.0,1220.0,True,pass,250.0
1013,2026-03-27,2026-03-27T14:38:00+00:00,SPXW-20260327-06435.000-P,PUT,29.4,29.6,2960.0,4000.0,320530.0,1470.0,True,pass,-150.0
1014,2026-03-27,2026-03-27T14:49:00+00:00,SPXW-20260327-06400.000-C,CALL,32.4,32.6,3260.0,4000.0,320380.0,1320.0,True,pass,319.99999999999955
1015,2026-03-27,2026-03-27T15:03:00+00:00,SPXW-20260327-06405.000-C,CALL,33.3,33.6,3360.0,4000.0,320700.0,1640.0,True,pass,-610.0000000000001
1016,2026-03-27,2026-03-27T15:23:00+00:00,SPXW-20260327-06420.000-C,CALL,17.2,17.3,1730.0,4000.0,320090.0,1030.0,True,pass,1450.0
1017,2026-03-27,2026-03-27T18:41:00+00:00,SPXW-20260327-06355.000-C,CALL,28.9,29.4,2940.0,4000.0,321540.0,2480.0,True,pass,-829.9999999999998
1018,2026-03-30,2026-03-30T14:15:00+00:00,SPXW-20260330-06405.000-P,PUT,30.0,30.3,3030.0,4000.0,320710.0,0.0,True,pass,280.00000000000006
1019,2026-03-30,2026-03-30T14:35:00+00:00,SPXW-20260330-06400.000-P,PUT,29.2,29.5,2950.0,4000.0,320990.0,280.0,True,pass,489.9999999999999
1020,2026-03-30,2026-03-30T14:46:00+00:00,SPXW-20260330-06355.000-C,CALL,31.5,31.8,3180.0,4000.0,321480.0,770.0,True,pass,1340.0000000000002
1021,2026-03-30,2026-03-30T15:20:00+00:00,SPXW-20260330-06365.000-C,CALL,32.4,32.7,3270.0,4000.0,322820.0,2110.0,True,pass,1350.0
1022,2026-03-30,2026-03-30T17:30:00+00:00,SPXW-20260330-06390.000-P,PUT,33.5,33.8,3380.0,4000.0,324170.0,3460.0,True,pass,470.0000000000003
1023,2026-03-30,2026-03-30T17:36:00+00:00,SPXW-20260330-06335.000-C,CALL,23.4,23.7,2370.0,4000.0,324640.0,3930.0,True,pass,1090.0000000000002
1024,2026-03-30,2026-03-30T18:04:00+00:00,SPXW-20260330-06380.000-P,PUT,23.3,23.7,2370.0,4000.0,325730.0,5020.0,True,pass,360.0000000000001
1025,2026-03-31,2026-03-31T14:46:00+00:00,SPXW-20260331-06405.000-C,CALL,31.8,32.0,3200.0,4000.0,326090.0,0.0,True,pass,389.9999999999999
1026,2026-03-31,2026-03-31T18:00:00+00:00,SPXW-20260331-06465.000-C,CALL,29.9,30.3,3030.0,4000.0,326480.0,390.0,True,pass,869.9999999999999
1027,2026-03-31,2026-03-31T18:27:00+00:00,SPXW-20260331-06465.000-C,CALL,32.5,33.0,3300.0,4000.0,327350.0,1260.0,True,pass,550.0
1028,2026-03-31,2026-03-31T19:09:00+00:00,SPXW-20260331-06485.000-C,CALL,23.1,23.6,2360.0,4000.0,327900.0,1810.0,True,pass,1150.0
