policy,trade_number,session,decision_time,exit_time,contract_id,side,one_contract_premium,one_contract_pnl,quantity,premium_exposure,cash_before,cash_after,peak_equity_after,drawdown_pct_before,daily_pnl_before,realized_pnl,skip_reason
one_contract_baseline,1,2024-10-01,2024-10-01T14:15:00+00:00,2024-10-01T14:21:00+00:00,SPXW-20241001-05710.000-P,PUT,2480.0,-50.0,1,2480.0,10000.0,9950.0,10000.0,0.0,0.0,-50.0,
one_contract_baseline,2,2024-10-01,2024-10-01T14:21:00+00:00,2024-10-01T14:39:00+00:00,SPXW-20241001-05675.000-C,CALL,3100.0,300.0,1,3100.0,9950.0,10250.0,10250.0,0.029268,-50.0,300.0,
one_contract_baseline,3,2024-10-01,2024-10-01T14:41:00+00:00,2024-10-01T15:05:00+00:00,SPXW-20241001-05675.000-C,CALL,3400.0,-460.0000000000001,1,3400.0,10250.0,9790.0,10250.0,0.0,250.0,-460.0,
one_contract_baseline,4,2024-10-01,2024-10-01T15:19:00+00:00,2024-10-01T15:44:00+00:00,SPXW-20241001-05665.000-C,CALL,2640.0,2430.0000000000005,1,2640.0,9790.0,12220.0,12220.0,0.198854,-210.0,2430.0,
one_contract_baseline,5,2024-10-01,2024-10-01T17:31:00+00:00,2024-10-01T17:56:00+00:00,SPXW-20241001-05680.000-C,CALL,1590.0,1510.0,1,1590.0,12220.0,13730.0,13730.0,0.109978,2220.0,1510.0,
one_contract_baseline,6,2024-10-01,2024-10-01T18:43:00+00:00,2024-10-01T19:07:00+00:00,SPXW-20241001-05715.000-C,CALL,1300.0,-169.99999999999994,1,1300.0,13730.0,13560.0,13730.0,0.0,3730.0,-170.0,
one_contract_baseline,7,2024-10-01,2024-10-01T19:14:00+00:00,2024-10-01T19:22:00+00:00,SPXW-20241001-05695.000-C,CALL,2620.0,350.0,1,2620.0,13560.0,13910.0,13910.0,0.025162,3560.0,350.0,
one_contract_baseline,8,2024-10-02,2024-10-02T14:00:00+00:00,2024-10-02T14:12:00+00:00,SPXW-20241002-05675.000-C,CALL,2540.0,620.0000000000002,1,2540.0,13910.0,14530.0,14530.0,0.04267,0.0,620.0,
one_contract_baseline,9,2024-10-02,2024-10-02T14:25:00+00:00,2024-10-02T14:50:00+00:00,SPXW-20241002-05665.000-C,CALL,3520.0000000000005,1789.9999999999998,1,3520.0000000000005,14530.0,16320.0,16320.0,0.109681,620.0,1790.0,
one_contract_baseline,10,2024-10-02,2024-10-02T15:19:00+00:00,2024-10-02T15:35:00+00:00,SPXW-20241002-05685.000-C,CALL,3420.0000000000005,100.0,1,3420.0000000000005,16320.0,16420.0,16420.0,0.00609,2410.0,100.0,
one_contract_baseline,11,2024-10-03,2024-10-03T14:00:00+00:00,2024-10-03T14:12:00+00:00,SPXW-20241003-05690.000-C,CALL,2050.0,1239.9999999999998,1,2050.0,16420.0,17660.0,17660.0,0.070215,0.0,1240.0,
one_contract_baseline,12,2024-10-03,2024-10-03T14:13:00+00:00,2024-10-03T14:23:00+00:00,SPXW-20241003-05705.000-P,PUT,920.0,1300.0,1,920.0,17660.0,18960.0,18960.0,0.068565,1240.0,1300.0,
one_contract_baseline,13,2024-10-03,2024-10-03T14:32:00+00:00,2024-10-03T14:49:00+00:00,SPXW-20241003-05680.000-C,CALL,2180.0,359.9999999999998,1,2180.0,18960.0,19320.0,19320.0,0.018634,2540.0,360.0,
one_contract_baseline,14,2024-10-03,2024-10-03T14:51:00+00:00,2024-10-03T15:16:00+00:00,SPXW-20241003-05695.000-C,CALL,1590.0,-350.0,1,1590.0,19320.0,18970.0,19320.0,0.0,2900.0,-350.0,
one_contract_baseline,15,2024-10-04,2024-10-04T14:02:00+00:00,2024-10-04T14:27:00+00:00,SPXW-20241004-05700.000-C,CALL,3250.0,-869.9999999999999,1,3250.0,18970.0,18100.0,19320.0,0.018116,0.0,-870.0,
one_contract_baseline,16,2024-10-04,2024-10-04T14:27:00+00:00,2024-10-04T14:38:00+00:00,SPXW-20241004-05720.000-P,PUT,1990.0,510.0000000000001,1,1990.0,18100.0,18610.0,19320.0,0.063147,-870.0,510.0,
one_contract_baseline,17,2024-10-04,2024-10-04T14:40:00+00:00,2024-10-04T15:05:00+00:00,SPXW-20241004-05680.000-C,CALL,3229.9999999999995,1280.0000000000005,1,3229.9999999999995,18610.0,19890.0,19890.0,0.064354,-360.0,1280.0,
one_contract_baseline,18,2024-10-04,2024-10-04T15:13:00+00:00,2024-10-04T15:28:00+00:00,SPXW-20241004-05750.000-P,PUT,3020.0,1390.0000000000002,1,3020.0,19890.0,21280.0,21280.0,0.06532,920.0,1390.0,
one_contract_baseline,19,2024-10-07,2024-10-07T14:04:00+00:00,2024-10-07T14:21:00+00:00,SPXW-20241007-05715.000-C,CALL,2220.0,300.0,1,2220.0,21280.0,21580.0,21580.0,0.013902,0.0,300.0,
one_contract_baseline,20,2024-10-07,2024-10-07T14:29:00+00:00,2024-10-07T14:51:00+00:00,SPXW-20241007-05705.000-C,CALL,3210.0,-130.00000000000006,1,3210.0,21580.0,21450.0,21580.0,0.0,300.0,-130.0,
one_contract_baseline,21,2024-10-07,2024-10-07T14:51:00+00:00,2024-10-07T15:13:00+00:00,SPXW-20241007-05725.000-C,CALL,1520.0,30.00000000000007,1,1520.0,21450.0,21480.0,21580.0,0.006024,170.0,30.0,
one_contract_baseline,22,2024-10-07,2024-10-07T15:20:00+00:00,2024-10-07T15:34:00+00:00,SPXW-20241007-05705.000-C,CALL,3360.0,-30.000000000000423,1,3360.0,21480.0,21450.0,21580.0,0.004634,200.0,-30.0,
one_contract_baseline,23,2024-10-08,2024-10-08T14:00:00+00:00,2024-10-08T14:20:00+00:00,SPXW-20241008-05710.000-C,CALL,2340.0,-59.99999999999979,1,2340.0,21450.0,21390.0,21580.0,0.006024,0.0,-60.0,
one_contract_baseline,24,2024-10-08,2024-10-08T14:25:00+00:00,2024-10-08T14:50:00+00:00,SPXW-20241008-05710.000-C,CALL,2180.0,1099.9999999999995,1,2180.0,21390.0,22490.0,22490.0,0.048911,-60.0,1100.0,
one_contract_baseline,25,2024-10-09,2024-10-09T14:00:00+00:00,2024-10-09T14:15:00+00:00,SPXW-20241009-05725.000-C,CALL,3379.9999999999995,160.00000000000014,1,3379.9999999999995,22490.0,22650.0,22650.0,0.007064,0.0,160.0,
one_contract_baseline,26,2024-10-09,2024-10-09T14:25:00+00:00,2024-10-09T14:39:00+00:00,SPXW-20241009-05730.000-C,CALL,3270.0000000000005,119.99999999999956,1,3270.0000000000005,22650.0,22770.0,22770.0,0.00527,160.0,120.0,
one_contract_baseline,27,2024-10-09,2024-10-09T14:39:00+00:00,2024-10-09T15:04:00+00:00,SPXW-20241009-05730.000-C,CALL,3440.0,750.0,1,3440.0,22770.0,23520.0,23520.0,0.031888,280.0,750.0,
one_contract_baseline,28,2024-10-10,2024-10-10T14:00:00+00:00,2024-10-10T14:13:00+00:00,SPXW-20241010-05760.000-C,CALL,2090.0,660.0000000000001,1,2090.0,23520.0,24180.0,24180.0,0.027295,0.0,660.0,
one_contract_baseline,29,2024-10-10,2024-10-10T14:26:00+00:00,2024-10-10T14:45:00+00:00,SPXW-20241010-05750.000-C,CALL,3150.0,-30.00000000000007,1,3150.0,24180.0,24150.0,24180.0,0.0,660.0,-30.0,
one_contract_baseline,30,2024-10-11,2024-10-11T14:01:00+00:00,2024-10-11T14:26:00+00:00,SPXW-20241011-05775.000-C,CALL,2110.0,2150.0,1,2110.0,24150.0,26300.0,26300.0,0.081749,0.0,2150.0,
one_contract_baseline,31,2024-10-11,2024-10-11T15:04:00+00:00,2024-10-11T15:19:00+00:00,SPXW-20241011-05790.000-C,CALL,2470.0,69.99999999999993,1,2470.0,26300.0,26370.0,26370.0,0.002655,2150.0,70.0,
one_contract_baseline,32,2024-10-11,2024-10-11T15:27:00+00:00,2024-10-11T15:47:00+00:00,SPXW-20241011-05790.000-C,CALL,2430.0,139.99999999999986,1,2430.0,26370.0,26510.0,26510.0,0.005281,2220.0,140.0,
one_contract_baseline,33,2024-10-11,2024-10-11T17:30:00+00:00,2024-10-11T17:55:00+00:00,SPXW-20241011-05780.000-C,CALL,2930.0,309.9999999999998,1,2930.0,26510.0,26820.0,26820.0,0.011559,2360.0,310.0,
one_contract_baseline,34,2024-10-14,2024-10-14T14:00:00+00:00,2024-10-14T14:22:00+00:00,SPXW-20241014-05820.000-C,CALL,3450.0,-210.00000000000017,1,3450.0,26820.0,26610.0,26820.0,0.0,0.0,-210.0,
one_contract_baseline,35,2024-10-14,2024-10-14T14:23:00+00:00,2024-10-14T14:34:00+00:00,SPXW-20241014-05835.000-C,CALL,1990.0,120.00000000000028,1,1990.0,26610.0,26730.0,26820.0,0.00783,-210.0,120.0,
one_contract_baseline,36,2024-10-14,2024-10-14T14:36:00+00:00,2024-10-14T15:01:00+00:00,SPXW-20241014-05835.000-C,CALL,2340.0,-839.9999999999999,1,2340.0,26730.0,25890.0,26820.0,0.003356,-90.0,-840.0,
one_contract_baseline,37,2024-10-14,2024-10-14T15:02:00+00:00,2024-10-14T15:24:00+00:00,SPXW-20241014-05835.000-C,CALL,1510.0,250.00000000000017,1,1510.0,25890.0,26140.0,26820.0,0.034676,-930.0,250.0,
one_contract_baseline,38,2024-10-15,2024-10-15T14:10:00+00:00,2024-10-15T14:23:00+00:00,SPXW-20241015-05880.000-P,PUT,2130.0,130.00000000000006,1,2130.0,26140.0,26270.0,26820.0,0.025354,0.0,130.0,
one_contract_baseline,39,2024-10-15,2024-10-15T14:35:00+00:00,2024-10-15T14:42:00+00:00,SPXW-20241015-05850.000-P,PUT,1290.0,540.0,1,1290.0,26270.0,26810.0,26820.0,0.020507,130.0,540.0,
one_contract_baseline,40,2024-10-16,2024-10-16T14:03:00+00:00,2024-10-16T14:28:00+00:00,SPXW-20241016-05790.000-C,CALL,2540.0,1300.0,1,2540.0,26810.0,28110.0,28110.0,0.046247,0.0,1300.0,
one_contract_baseline,41,2024-10-16,2024-10-16T14:28:00+00:00,2024-10-16T14:53:00+00:00,SPXW-20241016-05805.000-C,CALL,2540.0,-579.9999999999998,1,2540.0,28110.0,27530.0,28110.0,0.0,1300.0,-580.0,
one_contract_baseline,42,2024-10-16,2024-10-16T14:54:00+00:00,2024-10-16T15:19:00+00:00,SPXW-20241016-05790.000-C,CALL,3279.9999999999995,210.00000000000017,1,3279.9999999999995,27530.0,27740.0,28110.0,0.020633,720.0,210.0,
one_contract_baseline,43,2024-10-17,2024-10-17T14:01:00+00:00,2024-10-17T14:12:00+00:00,SPXW-20241017-05860.000-P,PUT,1150.0,409.99999999999994,1,1150.0,27740.0,28150.0,28150.0,0.014565,0.0,410.0,
one_contract_baseline,44,2024-10-17,2024-10-17T14:37:00+00:00,2024-10-17T14:55:00+00:00,SPXW-20241017-05865.000-P,PUT,1630.0,130.00000000000006,1,1630.0,28150.0,28280.0,28280.0,0.004597,410.0,130.0,
one_contract_baseline,45,2024-10-17,2024-10-17T15:02:00+00:00,2024-10-17T15:21:00+00:00,SPXW-20241017-05870.000-P,PUT,2400.0,-500.0,1,2400.0,28280.0,27780.0,28280.0,0.0,540.0,-500.0,
one_contract_baseline,46,2024-10-17,2024-10-17T18:11:00+00:00,2024-10-17T18:21:00+00:00,SPXW-20241017-05855.000-P,PUT,1130.0,139.99999999999986,1,1130.0,27780.0,27920.0,28280.0,0.01768,40.0,140.0,
one_contract_baseline,47,2024-10-18,2024-10-18T14:03:00+00:00,2024-10-18T14:20:00+00:00,SPXW-20241018-05830.000-C,CALL,2620.0,-9.999999999999789,1,2620.0,27920.0,27910.0,28280.0,0.01273,0.0,-10.0,
one_contract_baseline,48,2024-10-18,2024-10-18T14:40:00+00:00,2024-10-18T14:51:00+00:00,SPXW-20241018-05840.000-C,CALL,1789.9999999999998,90.00000000000021,1,1789.9999999999998,27910.0,28000.0,28280.0,0.013083,-10.0,90.0,
one_contract_baseline,49,2024-10-18,2024-10-18T15:06:00+00:00,2024-10-18T15:23:00+00:00,SPXW-20241018-05845.000-C,CALL,1440.0,150.0,1,1440.0,28000.0,28150.0,28280.0,0.009901,80.0,150.0,
one_contract_baseline,50,2024-10-18,2024-10-18T17:31:00+00:00,2024-10-18T17:49:00+00:00,SPXW-20241018-05850.000-C,CALL,1600.0,139.99999999999986,1,1600.0,28150.0,28290.0,28290.0,0.004949,230.0,140.0,
one_contract_baseline,51,2024-10-18,2024-10-18T18:09:00+00:00,2024-10-18T18:31:00+00:00,SPXW-20241018-05850.000-C,CALL,1689.9999999999998,300.0,1,1689.9999999999998,28290.0,28590.0,28590.0,0.010493,370.0,300.0,
one_contract_baseline,52,2024-10-21,2024-10-21T14:03:00+00:00,2024-10-21T14:14:00+00:00,SPXW-20241021-05845.000-C,CALL,1840.0,140.00000000000023,1,1840.0,28590.0,28730.0,28730.0,0.004873,0.0,140.0,
one_contract_baseline,53,2024-10-21,2024-10-21T14:28:00+00:00,2024-10-21T14:53:00+00:00,SPXW-20241021-05870.000-P,PUT,1490.0,1040.0,1,1490.0,28730.0,29770.0,29770.0,0.034934,140.0,1040.0,
one_contract_baseline,54,2024-10-21,2024-10-21T15:02:00+00:00,2024-10-21T15:09:00+00:00,SPXW-20241021-05845.000-P,PUT,960.0,990.0,1,960.0,29770.0,30760.0,30760.0,0.032185,1180.0,990.0,
one_contract_baseline,55,2024-10-22,2024-10-22T14:01:00+00:00,2024-10-22T14:11:00+00:00,SPXW-20241022-05815.000-C,CALL,2160.0,259.9999999999998,1,2160.0,30760.0,31020.0,31020.0,0.008382,0.0,260.0,
one_contract_baseline,56,2024-10-22,2024-10-22T14:27:00+00:00,2024-10-22T14:43:00+00:00,SPXW-20241022-05810.000-C,CALL,2620.0,-80.00000000000007,1,2620.0,31020.0,30940.0,31020.0,0.0,260.0,-80.0,
one_contract_baseline,57,2024-10-22,2024-10-22T14:44:00+00:00,2024-10-22T15:03:00+00:00,SPXW-20241022-05845.000-P,PUT,1670.0,-660.0,1,1670.0,30940.0,30280.0,31020.0,0.002579,180.0,-660.0,
one_contract_baseline,58,2024-10-23,2024-10-23T14:04:00+00:00,2024-10-23T14:28:00+00:00,SPXW-20241023-05840.000-P,PUT,1580.0,280.00000000000006,1,1580.0,30280.0,30560.0,31020.0,0.023856,0.0,280.0,
one_contract_baseline,59,2024-10-23,2024-10-23T14:54:00+00:00,2024-10-23T15:09:00+00:00,SPXW-20241023-05835.000-P,PUT,1540.0,70.00000000000011,1,1540.0,30560.0,30630.0,31020.0,0.014829,280.0,70.0,
one_contract_baseline,60,2024-10-23,2024-10-23T15:11:00+00:00,2024-10-23T15:36:00+00:00,SPXW-20241023-05835.000-P,PUT,1870.0,819.9999999999999,1,1870.0,30630.0,31450.0,31450.0,0.026073,350.0,820.0,
one_contract_baseline,61,2024-10-24,2024-10-24T14:02:00+00:00,2024-10-24T14:24:00+00:00,SPXW-20241024-05790.000-C,CALL,2680.0,-250.0,1,2680.0,31450.0,31200.0,31450.0,0.0,0.0,-250.0,
one_contract_baseline,62,2024-10-24,2024-10-24T14:32:00+00:00,2024-10-24T14:57:00+00:00,SPXW-20241024-05795.000-C,CALL,2170.0,-380.00000000000006,1,2170.0,31200.0,30820.0,31450.0,0.007949,-250.0,-380.0,
one_contract_baseline,63,2024-10-25,2024-10-25T14:01:00+00:00,2024-10-25T14:12:00+00:00,SPXW-20241025-05840.000-C,CALL,1960.0,219.99999999999991,1,1960.0,30820.0,31040.0,31450.0,0.020032,0.0,220.0,
one_contract_baseline,64,2024-10-25,2024-10-25T15:26:00+00:00,2024-10-25T15:44:00+00:00,SPXW-20241025-05855.000-P,PUT,1190.0,820.0000000000001,1,1190.0,31040.0,31860.0,31860.0,0.025738,220.0,820.0,
one_contract_baseline,65,2024-10-25,2024-10-25T17:30:00+00:00,2024-10-25T17:36:00+00:00,SPXW-20241025-05835.000-P,PUT,1540.0,599.9999999999998,1,1540.0,31860.0,32460.0,32460.0,0.018484,1040.0,600.0,
one_contract_baseline,66,2024-10-25,2024-10-25T17:47:00+00:00,2024-10-25T17:55:00+00:00,SPXW-20241025-05780.000-C,CALL,3290.0,730.0000000000005,1,3290.0,32460.0,33190.0,33190.0,0.021995,1640.0,730.0,
one_contract_baseline,67,2024-10-25,2024-10-25T18:13:00+00:00,2024-10-25T18:21:00+00:00,SPXW-20241025-05780.000-C,CALL,2620.0,700.0000000000003,1,2620.0,33190.0,33890.0,33890.0,0.020655,2370.0,700.0,
one_contract_baseline,68,2024-10-28,2024-10-28T14:23:00+00:00,2024-10-28T14:42:00+00:00,SPXW-20241028-05810.000-C,CALL,3100.0,30.00000000000007,1,3100.0,33890.0,33920.0,33920.0,0.000884,0.0,30.0,
one_contract_baseline,69,2024-10-28,2024-10-28T14:49:00+00:00,2024-10-28T15:14:00+00:00,SPXW-20241028-05820.000-C,CALL,2340.0,-209.99999999999977,1,2340.0,33920.0,33710.0,33920.0,0.0,30.0,-210.0,
one_contract_baseline,70,2024-10-29,2024-10-29T14:01:00+00:00,2024-10-29T14:15:00+00:00,SPXW-20241029-05785.000-C,CALL,3400.0,370.0000000000003,1,3400.0,33710.0,34080.0,34080.0,0.010857,0.0,370.0,
one_contract_baseline,71,2024-10-29,2024-10-29T14:30:00+00:00,2024-10-29T14:41:00+00:00,SPXW-20241029-05810.000-C,CALL,1810.0,359.9999999999998,1,1810.0,34080.0,34440.0,34440.0,0.010453,370.0,360.0,
one_contract_baseline,72,2024-10-29,2024-10-29T14:57:00+00:00,2024-10-29T15:17:00+00:00,SPXW-20241029-05805.000-C,CALL,2780.0,39.99999999999986,1,2780.0,34440.0,34480.0,34480.0,0.00116,730.0,40.0,
one_contract_baseline,73,2024-10-30,2024-10-30T14:00:00+00:00,2024-10-30T14:25:00+00:00,SPXW-20241030-05810.000-C,CALL,2950.0,570.0000000000002,1,2950.0,34480.0,35050.0,35050.0,0.016262,0.0,570.0,
one_contract_baseline,74,2024-10-30,2024-10-30T14:37:00+00:00,2024-10-30T14:57:00+00:00,SPXW-20241030-05825.000-C,CALL,2210.0,-60.00000000000014,1,2210.0,35050.0,34990.0,35050.0,0.0,570.0,-60.0,
one_contract_baseline,75,2024-10-30,2024-10-30T15:01:00+00:00,2024-10-30T15:25:00+00:00,SPXW-20241030-05825.000-C,CALL,1930.0,-150.0,1,1930.0,34990.0,34840.0,35050.0,0.001712,510.0,-150.0,
one_contract_baseline,76,2024-10-31,2024-10-31T14:17:00+00:00,2024-10-31T14:42:00+00:00,SPXW-20241031-05720.000-C,CALL,3400.0,-1020.0,1,3400.0,34840.0,33820.0,35050.0,0.005991,0.0,-1020.0,
one_contract_baseline,77,2024-10-31,2024-10-31T15:20:00+00:00,2024-10-31T15:44:00+00:00,SPXW-20241031-05710.000-C,CALL,2340.0,-309.9999999999998,1,2340.0,33820.0,33510.0,35050.0,0.035093,-1020.0,-310.0,
one_contract_baseline,78,2024-10-31,2024-10-31T18:30:00+00:00,2024-10-31T18:55:00+00:00,SPXW-20241031-05705.000-C,CALL,1890.0,-219.99999999999991,1,1890.0,33510.0,33290.0,35050.0,0.043937,-1330.0,-220.0,
one_contract_baseline,79,2024-10-31,2024-10-31T19:20:00+00:00,2024-10-31T19:45:00+00:00,SPXW-20241031-05705.000-C,CALL,2670.0,-530.0000000000001,1,2670.0,33290.0,32760.0,35050.0,0.050214,-1550.0,-530.0,
one_contract_baseline,80,2024-11-01,2024-11-01T14:07:00+00:00,2024-11-01T14:23:00+00:00,SPXW-20241101-05730.000-C,CALL,2640.0,1170.0000000000002,1,2640.0,32760.0,33930.0,35050.0,0.065335,0.0,1170.0,
one_contract_baseline,81,2024-11-01,2024-11-01T15:04:00+00:00,2024-11-01T15:23:00+00:00,SPXW-20241101-05745.000-C,CALL,2200.0,69.99999999999993,1,2200.0,33930.0,34000.0,35050.0,0.031954,1170.0,70.0,
one_contract_baseline,82,2024-11-01,2024-11-01T18:04:00+00:00,2024-11-01T18:27:00+00:00,SPXW-20241101-05715.000-C,CALL,2360.0,-60.00000000000014,1,2360.0,34000.0,33940.0,35050.0,0.029957,1240.0,-60.0,
one_contract_baseline,83,2024-11-01,2024-11-01T18:38:00+00:00,2024-11-01T19:01:00+00:00,SPXW-20241101-05750.000-P,PUT,1410.0,-69.99999999999993,1,1410.0,33940.0,33870.0,35050.0,0.031669,1180.0,-70.0,
one_contract_baseline,84,2024-11-01,2024-11-01T19:06:00+00:00,2024-11-01T19:11:00+00:00,SPXW-20241101-05710.000-C,CALL,2970.0,609.9999999999998,1,2970.0,33870.0,34480.0,35050.0,0.033666,1110.0,610.0,
one_contract_baseline,85,2024-11-04,2024-11-04T15:01:00+00:00,2024-11-04T15:16:00+00:00,SPXW-20241104-05700.000-C,CALL,3479.9999999999995,150.0,1,3479.9999999999995,34480.0,34630.0,35050.0,0.016262,0.0,150.0,
one_contract_baseline,86,2024-11-04,2024-11-04T15:29:00+00:00,2024-11-04T15:51:00+00:00,SPXW-20241104-05720.000-C,CALL,2270.0,-89.99999999999986,1,2270.0,34630.0,34540.0,35050.0,0.011983,150.0,-90.0,
one_contract_baseline,87,2024-11-05,2024-11-05T15:08:00+00:00,2024-11-05T15:27:00+00:00,SPXW-20241105-05745.000-C,CALL,2110.0,219.99999999999991,1,2110.0,34540.0,34760.0,35050.0,0.014551,0.0,220.0,
one_contract_baseline,88,2024-11-05,2024-11-05T15:36:00+00:00,2024-11-05T15:48:00+00:00,SPXW-20241105-05740.000-C,CALL,2630.0,630.0000000000001,1,2630.0,34760.0,35390.0,35390.0,0.017802,220.0,630.0,
one_contract_baseline,89,2024-11-05,2024-11-05T16:07:00+00:00,2024-11-05T16:18:00+00:00,SPXW-20241105-05735.000-C,CALL,2860.0,309.9999999999998,1,2860.0,35390.0,35700.0,35700.0,0.008683,850.0,310.0,
one_contract_baseline,90,2024-11-05,2024-11-05T16:24:00+00:00,2024-11-05T16:39:00+00:00,SPXW-20241105-05740.000-C,CALL,2970.0,180.00000000000006,1,2970.0,35700.0,35880.0,35880.0,0.005017,1160.0,180.0,
one_contract_baseline,91,2024-11-05,2024-11-05T18:37:00+00:00,2024-11-05T18:58:00+00:00,SPXW-20241105-05770.000-P,PUT,869.9999999999999,-159.99999999999997,1,869.9999999999999,35880.0,35720.0,35880.0,0.0,1340.0,-160.0,
one_contract_baseline,92,2024-11-05,2024-11-05T19:00:00+00:00,2024-11-05T19:14:00+00:00,SPXW-20241105-05740.000-C,CALL,3090.0,210.00000000000017,1,3090.0,35720.0,35930.0,35930.0,0.005845,1180.0,210.0,
one_contract_baseline,93,2024-11-05,2024-11-05T19:21:00+00:00,2024-11-05T19:32:00+00:00,SPXW-20241105-05745.000-C,CALL,2640.0,200.0,1,2640.0,35930.0,36130.0,36130.0,0.005536,1390.0,200.0,
one_contract_baseline,94,2024-11-06,2024-11-06T15:00:00+00:00,2024-11-06T15:25:00+00:00,SPXW-20241106-05860.000-C,CALL,3070.0,1450.0000000000005,1,3070.0,36130.0,37580.0,37580.0,0.038584,0.0,1450.0,
one_contract_baseline,95,2024-11-06,2024-11-06T15:26:00+00:00,2024-11-06T15:51:00+00:00,SPXW-20241106-05875.000-C,CALL,3240.0,-1009.9999999999998,1,3240.0,37580.0,36570.0,37580.0,0.0,1450.0,-1010.0,
one_contract_baseline,96,2024-11-06,2024-11-06T16:00:00+00:00,2024-11-06T16:25:00+00:00,SPXW-20241106-05910.000-P,PUT,2670.0,-589.9999999999999,1,2670.0,36570.0,35980.0,37580.0,0.026876,440.0,-590.0,
one_contract_baseline,97,2024-11-06,2024-11-06T18:32:00+00:00,2024-11-06T18:53:00+00:00,SPXW-20241106-05910.000-C,CALL,1340.0,100.0,1,1340.0,35980.0,36080.0,37580.0,0.042576,-150.0,100.0,
one_contract_baseline,98,2024-11-06,2024-11-06T18:54:00+00:00,2024-11-06T19:13:00+00:00,SPXW-20241106-05890.000-C,CALL,3100.0,-19.99999999999993,1,3100.0,36080.0,36060.0,37580.0,0.039915,-50.0,-20.0,
one_contract_baseline,99,2024-11-06,2024-11-06T19:19:00+00:00,2024-11-06T19:35:00+00:00,SPXW-20241106-05895.000-C,CALL,2640.0,190.00000000000023,1,2640.0,36060.0,36250.0,37580.0,0.040447,-70.0,190.0,
one_contract_baseline,100,2024-11-06,2024-11-06T19:36:00+00:00,2024-11-06T19:58:00+00:00,SPXW-20241106-05895.000-C,CALL,2850.0,-100.0,1,2850.0,36250.0,36150.0,37580.0,0.035391,120.0,-100.0,
one_contract_baseline,101,2024-11-07,2024-11-07T15:01:00+00:00,2024-11-07T15:15:00+00:00,SPXW-20241107-05930.000-C,CALL,3420.0000000000005,59.99999999999943,1,3420.0000000000005,36150.0,36210.0,37580.0,0.038052,0.0,60.0,
one_contract_baseline,102,2024-11-07,2024-11-07T15:36:00+00:00,2024-11-07T15:51:00+00:00,SPXW-20241107-05935.000-C,CALL,3190.0,380.00000000000045,1,3190.0,36210.0,36590.0,37580.0,0.036456,60.0,380.0,
one_contract_baseline,103,2024-11-08,2024-11-08T15:01:00+00:00,2024-11-08T15:21:00+00:00,SPXW-20241108-05965.000-C,CALL,2770.0,-119.99999999999991,1,2770.0,36590.0,36470.0,37580.0,0.026344,0.0,-120.0,
one_contract_baseline,104,2024-11-08,2024-11-08T15:27:00+00:00,2024-11-08T15:37:00+00:00,SPXW-20241108-05975.000-C,CALL,1840.0,100.0,1,1840.0,36470.0,36570.0,37580.0,0.029537,-120.0,100.0,
one_contract_baseline,105,2024-11-11,2024-11-11T15:04:00+00:00,2024-11-11T15:18:00+00:00,SPXW-20241111-06010.000-P,PUT,1030.0,0.0,1,1030.0,36570.0,36570.0,37580.0,0.026876,0.0,0.0,
one_contract_baseline,106,2024-11-11,2024-11-11T15:55:00+00:00,2024-11-11T16:14:00+00:00,SPXW-20241111-06000.000-C,CALL,1580.0,-160.00000000000014,1,1580.0,36570.0,36410.0,37580.0,0.026876,0.0,-160.0,
one_contract_baseline,107,2024-11-12,2024-11-12T15:02:00+00:00,2024-11-12T15:27:00+00:00,SPXW-20241112-06035.000-P,PUT,3150.0,600.0,1,3150.0,36410.0,37010.0,37580.0,0.031134,0.0,600.0,
one_contract_baseline,108,2024-11-12,2024-11-12T15:44:00+00:00,2024-11-12T16:01:00+00:00,SPXW-20241112-06010.000-P,PUT,1770.0,269.99999999999994,1,1770.0,37010.0,37280.0,37580.0,0.015168,600.0,270.0,
one_contract_baseline,109,2024-11-13,2024-11-13T15:00:00+00:00,2024-11-13T15:07:00+00:00,SPXW-20241113-05985.000-P,PUT,910.0,970.0,1,910.0,37280.0,38250.0,38250.0,0.025359,0.0,970.0,
one_contract_baseline,110,2024-11-13,2024-11-13T15:32:00+00:00,2024-11-13T15:45:00+00:00,SPXW-20241113-05960.000-C,CALL,2460.0,269.99999999999994,1,2460.0,38250.0,38520.0,38520.0,0.007009,970.0,270.0,
one_contract_baseline,111,2024-11-13,2024-11-13T16:27:00+00:00,2024-11-13T16:35:00+00:00,SPXW-20241113-05970.000-C,CALL,2490.0,210.00000000000017,1,2490.0,38520.0,38730.0,38730.0,0.005422,1240.0,210.0,
one_contract_baseline,112,2024-11-14,2024-11-14T15:12:00+00:00,2024-11-14T15:33:00+00:00,SPXW-20241114-05985.000-P,PUT,1620.0,-159.99999999999997,1,1620.0,38730.0,38570.0,38730.0,0.0,0.0,-160.0,
one_contract_baseline,113,2024-11-14,2024-11-14T15:56:00+00:00,2024-11-14T16:06:00+00:00,SPXW-20241114-05995.000-P,PUT,1689.9999999999998,440.0000000000002,1,1689.9999999999998,38570.0,39010.0,39010.0,0.011279,-160.0,440.0,
one_contract_baseline,114,2024-11-14,2024-11-14T20:06:00+00:00,2024-11-14T20:16:00+00:00,SPXW-20241114-05955.000-P,PUT,730.0,-50.0,1,730.0,39010.0,38960.0,39010.0,0.0,280.0,-50.0,
one_contract_baseline,115,2024-11-15,2024-11-15T15:00:00+00:00,2024-11-15T15:17:00+00:00,SPXW-20241115-05925.000-P,PUT,2740.0,1239.9999999999998,1,2740.0,38960.0,40200.0,40200.0,0.030846,0.0,1240.0,
one_contract_baseline,116,2024-11-15,2024-11-15T15:26:00+00:00,2024-11-15T15:45:00+00:00,SPXW-20241115-05900.000-P,PUT,2110.0,159.99999999999977,1,2110.0,40200.0,40360.0,40360.0,0.003964,1240.0,160.0,
one_contract_baseline,117,2024-11-15,2024-11-15T15:51:00+00:00,2024-11-15T16:11:00+00:00,SPXW-20241115-05895.000-P,PUT,1530.0,319.99999999999994,1,1530.0,40360.0,40680.0,40680.0,0.007866,1400.0,320.0,
one_contract_baseline,118,2024-11-18,2024-11-18T15:01:00+00:00,2024-11-18T15:24:00+00:00,SPXW-20241118-05845.000-C,CALL,2960.0,619.9999999999995,1,2960.0,40680.0,41300.0,41300.0,0.015012,0.0,620.0,
one_contract_baseline,119,2024-11-18,2024-11-18T15:26:00+00:00,2024-11-18T15:51:00+00:00,SPXW-20241118-05870.000-C,CALL,1739.9999999999998,940.0000000000002,1,1739.9999999999998,41300.0,42240.0,42240.0,0.022254,620.0,940.0,
one_contract_baseline,120,2024-11-19,2024-11-19T15:01:00+00:00,2024-11-19T15:15:00+00:00,SPXW-20241119-05840.000-C,CALL,2780.0,319.99999999999994,1,2780.0,42240.0,42560.0,42560.0,0.007519,0.0,320.0,
one_contract_baseline,121,2024-11-19,2024-11-19T15:15:00+00:00,2024-11-19T15:34:00+00:00,SPXW-20241119-05885.000-P,PUT,2410.0,-1150.0000000000002,1,2410.0,42560.0,41410.0,42560.0,0.0,320.0,-1150.0,
one_contract_baseline,122,2024-11-19,2024-11-19T15:41:00+00:00,2024-11-19T16:06:00+00:00,SPXW-20241119-05855.000-C,CALL,3160.0,779.9999999999998,1,3160.0,41410.0,42190.0,42560.0,0.027021,-830.0,780.0,
one_contract_baseline,123,2024-11-19,2024-11-19T18:33:00+00:00,2024-11-19T18:58:00+00:00,SPXW-20241119-05890.000-C,CALL,1910.0,1460.0000000000002,1,1910.0,42190.0,43650.0,43650.0,0.033448,-50.0,1460.0,
one_contract_baseline,124,2024-11-19,2024-11-19T19:36:00+00:00,2024-11-19T19:43:00+00:00,SPXW-20241119-05880.000-C,CALL,2630.0,80.00000000000007,1,2630.0,43650.0,43730.0,43730.0,0.001829,1410.0,80.0,
one_contract_baseline,125,2024-11-20,2024-11-20T15:05:00+00:00,2024-11-20T15:11:00+00:00,SPXW-20241120-05890.000-P,PUT,1430.0,1450.0,1,1430.0,43730.0,45180.0,45180.0,0.032094,0.0,1450.0,
one_contract_baseline,126,2024-11-20,2024-11-20T15:24:00+00:00,2024-11-20T15:40:00+00:00,SPXW-20241120-05845.000-C,CALL,2870.0,1209.9999999999998,1,2870.0,45180.0,46390.0,46390.0,0.026083,1450.0,1210.0,
one_contract_baseline,127,2024-11-20,2024-11-20T15:49:00+00:00,2024-11-20T16:03:00+00:00,SPXW-20241120-05855.000-C,CALL,3200.0,379.9999999999997,1,3200.0,46390.0,46770.0,46770.0,0.008125,2660.0,380.0,
one_contract_baseline,128,2024-11-20,2024-11-20T16:06:00+00:00,2024-11-20T16:15:00+00:00,SPXW-20241120-05890.000-P,PUT,1380.0,469.99999999999994,1,1380.0,46770.0,47240.0,47240.0,0.009949,3040.0,470.0,
one_contract_baseline,129,2024-11-20,2024-11-20T16:27:00+00:00,2024-11-20T16:38:00+00:00,SPXW-20241120-05895.000-P,PUT,2400.0,369.99999999999994,1,2400.0,47240.0,47610.0,47610.0,0.007771,3510.0,370.0,
one_contract_baseline,130,2024-11-21,2024-11-21T15:01:00+00:00,2024-11-21T15:08:00+00:00,SPXW-20241121-05915.000-P,PUT,2300.0,460.0000000000001,1,2300.0,47610.0,48070.0,48070.0,0.009569,0.0,460.0,
one_contract_baseline,131,2024-11-21,2024-11-21T15:12:00+00:00,2024-11-21T15:22:00+00:00,SPXW-20241121-05890.000-C,CALL,2300.0,1279.9999999999998,1,2300.0,48070.0,49350.0,49350.0,0.025937,460.0,1280.0,
one_contract_baseline,132,2024-11-21,2024-11-21T15:26:00+00:00,2024-11-21T15:33:00+00:00,SPXW-20241121-05915.000-P,PUT,2240.0,880.0000000000001,1,2240.0,49350.0,50230.0,50230.0,0.017519,1740.0,880.0,
one_contract_baseline,133,2024-11-21,2024-11-21T15:33:00+00:00,2024-11-21T15:57:00+00:00,SPXW-20241121-05870.000-C,CALL,2920.0,3090.0,1,2920.0,50230.0,53320.0,53320.0,0.057952,2620.0,3090.0,
one_contract_baseline,134,2024-11-22,2024-11-22T15:01:00+00:00,2024-11-22T15:26:00+00:00,SPXW-20241122-05950.000-C,CALL,2380.0,-660.0000000000001,1,2380.0,53320.0,52660.0,53320.0,0.0,0.0,-660.0,
one_contract_baseline,135,2024-11-22,2024-11-22T15:26:00+00:00,2024-11-22T15:38:00+00:00,SPXW-20241122-05975.000-P,PUT,2150.0,210.00000000000017,1,2150.0,52660.0,52870.0,53320.0,0.012378,-660.0,210.0,
one_contract_baseline,136,2024-11-22,2024-11-22T15:38:00+00:00,2024-11-22T15:56:00+00:00,SPXW-20241122-05950.000-C,CALL,1440.0,499.99999999999983,1,1440.0,52870.0,53370.0,53370.0,0.009369,-450.0,500.0,
one_contract_baseline,137,2024-11-22,2024-11-22T15:59:00+00:00,2024-11-22T16:24:00+00:00,SPXW-20241122-05940.000-C,CALL,3070.0,-839.9999999999999,1,3070.0,53370.0,52530.0,53370.0,0.0,50.0,-840.0,
one_contract_baseline,138,2024-11-22,2024-11-22T18:30:00+00:00,2024-11-22T18:52:00+00:00,SPXW-20241122-05950.000-C,CALL,2010.0,-510.0000000000001,1,2010.0,52530.0,52020.0,53370.0,0.015739,-790.0,-510.0,
one_contract_baseline,139,2024-11-25,2024-11-25T15:00:00+00:00,2024-11-25T15:16:00+00:00,SPXW-20241125-06010.000-P,PUT,1230.0,680.0000000000001,1,1230.0,52020.0,52700.0,53370.0,0.025295,0.0,680.0,
one_contract_baseline,140,2024-11-25,2024-11-25T15:17:00+00:00,2024-11-25T15:38:00+00:00,SPXW-20241125-06000.000-P,PUT,970.0,150.0,1,970.0,52700.0,52850.0,53370.0,0.012554,680.0,150.0,
one_contract_baseline,141,2024-11-25,2024-11-25T15:39:00+00:00,2024-11-25T16:03:00+00:00,SPXW-20241125-06010.000-P,PUT,1620.0,319.99999999999994,1,1620.0,52850.0,53170.0,53370.0,0.009743,830.0,320.0,
one_contract_baseline,142,2024-11-25,2024-11-25T16:21:00+00:00,2024-11-25T16:41:00+00:00,SPXW-20241125-05985.000-C,CALL,1350.0,-560.0,1,1350.0,53170.0,52610.0,53370.0,0.003747,1150.0,-560.0,
one_contract_baseline,143,2024-11-26,2024-11-26T15:02:00+00:00,2024-11-26T15:25:00+00:00,SPXW-20241126-05975.000-C,CALL,2820.0,-419.99999999999994,1,2820.0,52610.0,52190.0,53370.0,0.01424,0.0,-420.0,
one_contract_baseline,144,2024-11-26,2024-11-26T15:34:00+00:00,2024-11-26T15:56:00+00:00,SPXW-20241126-06005.000-P,PUT,1200.0,-400.0,1,1200.0,52190.0,51790.0,53370.0,0.02211,-420.0,-400.0,
one_contract_baseline,145,2024-11-26,2024-11-26T16:01:00+00:00,2024-11-26T16:21:00+00:00,SPXW-20241126-05975.000-C,CALL,3090.0,-69.99999999999993,1,3090.0,51790.0,51720.0,53370.0,0.029605,-820.0,-70.0,
one_contract_baseline,146,2024-11-27,2024-11-27T15:01:00+00:00,2024-11-27T15:19:00+00:00,SPXW-20241127-06025.000-P,PUT,1550.0,150.0,1,1550.0,51720.0,51870.0,53370.0,0.030916,0.0,150.0,
one_contract_baseline,147,2024-11-27,2024-11-27T15:27:00+00:00,2024-11-27T15:46:00+00:00,SPXW-20241127-06040.000-P,PUT,3329.9999999999995,170.00000000000028,1,3329.9999999999995,51870.0,52040.0,53370.0,0.028106,150.0,170.0,
one_contract_baseline,148,2024-11-27,2024-11-27T15:48:00+00:00,2024-11-27T15:57:00+00:00,SPXW-20241127-06005.000-P,PUT,740.0,159.99999999999997,1,740.0,52040.0,52200.0,53370.0,0.02492,320.0,160.0,
one_contract_baseline,149,2024-11-27,2024-11-27T16:00:00+00:00,2024-11-27T16:21:00+00:00,SPXW-20241127-06035.000-P,PUT,3490.0,160.00000000000014,1,3490.0,52200.0,52360.0,53370.0,0.021922,480.0,160.0,
one_contract_baseline,150,2024-11-29,2024-11-29T15:00:00+00:00,2024-11-29T15:25:00+00:00,SPXW-20241129-05985.000-C,CALL,3390.0,710.0000000000001,1,3390.0,52360.0,53070.0,53370.0,0.018924,0.0,710.0,
one_contract_baseline,151,2024-12-02,2024-12-02T15:32:00+00:00,2024-12-02T15:45:00+00:00,SPXW-20241202-06010.000-C,CALL,3470.0000000000005,-40.00000000000057,1,3470.0000000000005,53070.0,53030.0,53370.0,0.005621,0.0,-40.0,
one_contract_baseline,152,2024-12-02,2024-12-02T15:55:00+00:00,2024-12-02T16:19:00+00:00,SPXW-20241202-06070.000-P,PUT,2960.0,-240.00000000000023,1,2960.0,53030.0,52790.0,53370.0,0.006371,-40.0,-240.0,
one_contract_baseline,153,2024-12-03,2024-12-03T15:01:00+00:00,2024-12-03T15:26:00+00:00,SPXW-20241203-06025.000-C,CALL,2270.0,-669.9999999999999,1,2270.0,52790.0,52120.0,53370.0,0.010868,0.0,-670.0,
one_contract_baseline,154,2024-12-03,2024-12-03T15:26:00+00:00,2024-12-03T15:44:00+00:00,SPXW-20241203-06045.000-P,PUT,1120.0,30.00000000000007,1,1120.0,52120.0,52150.0,53370.0,0.023421,-670.0,30.0,
one_contract_baseline,155,2024-12-04,2024-12-04T15:00:00+00:00,2024-12-04T15:06:00+00:00,SPXW-20241204-06070.000-P,PUT,900.0,69.99999999999993,1,900.0,52150.0,52220.0,53370.0,0.022859,0.0,70.0,
one_contract_baseline,156,2024-12-04,2024-12-04T15:15:00+00:00,2024-12-04T15:40:00+00:00,SPXW-20241204-06095.000-P,PUT,3080.0,-640.0000000000002,1,3080.0,52220.0,51580.0,53370.0,0.021548,70.0,-640.0,
one_contract_baseline,157,2024-12-04,2024-12-04T15:41:00+00:00,2024-12-04T16:03:00+00:00,SPXW-20241204-06040.000-C,CALL,3240.0,110.00000000000014,1,3240.0,51580.0,51690.0,53370.0,0.033539,-570.0,110.0,
one_contract_baseline,158,2024-12-05,2024-12-05T15:01:00+00:00,2024-12-05T15:26:00+00:00,SPXW-20241205-06055.000-C,CALL,3479.9999999999995,-699.9999999999997,1,3479.9999999999995,51690.0,50990.0,53370.0,0.031478,0.0,-700.0,
one_contract_baseline,159,2024-12-05,2024-12-05T15:26:00+00:00,2024-12-05T15:44:00+00:00,SPXW-20241205-06105.000-P,PUT,2380.0,119.99999999999991,1,2380.0,50990.0,51110.0,53370.0,0.044594,-700.0,120.0,
one_contract_baseline,160,2024-12-06,2024-12-06T15:06:00+00:00,2024-12-06T15:22:00+00:00,SPXW-20241206-06085.000-C,CALL,1400.0,180.00000000000006,1,1400.0,51110.0,51290.0,53370.0,0.042346,0.0,180.0,
one_contract_baseline,161,2024-12-06,2024-12-06T15:36:00+00:00,2024-12-06T15:57:00+00:00,SPXW-20241206-06065.000-C,CALL,3370.0000000000005,-110.00000000000014,1,3370.0000000000005,51290.0,51180.0,53370.0,0.038973,180.0,-110.0,
one_contract_baseline,162,2024-12-06,2024-12-06T16:13:00+00:00,2024-12-06T16:26:00+00:00,SPXW-20241206-06095.000-P,PUT,930.0,119.99999999999991,1,930.0,51180.0,51300.0,53370.0,0.041034,70.0,120.0,
one_contract_baseline,163,2024-12-09,2024-12-09T15:01:00+00:00,2024-12-09T15:26:00+00:00,SPXW-20241209-06050.000-C,CALL,3379.9999999999995,-699.9999999999997,1,3379.9999999999995,51300.0,50600.0,53370.0,0.038786,0.0,-700.0,
one_contract_baseline,164,2024-12-09,2024-12-09T15:26:00+00:00,2024-12-09T15:42:00+00:00,SPXW-20241209-06110.000-P,PUT,3410.0,310.0000000000001,1,3410.0,50600.0,50910.0,53370.0,0.051902,-700.0,310.0,
one_contract_baseline,165,2024-12-09,2024-12-09T15:51:00+00:00,2024-12-09T16:13:00+00:00,SPXW-20241209-06080.000-P,PUT,1739.9999999999998,460.0000000000001,1,1739.9999999999998,50910.0,51370.0,53370.0,0.046093,-390.0,460.0,
one_contract_baseline,166,2024-12-10,2024-12-10T15:01:00+00:00,2024-12-10T15:10:00+00:00,SPXW-20241210-06025.000-C,CALL,3410.0,169.99999999999957,1,3410.0,51370.0,51540.0,53370.0,0.037474,0.0,170.0,
one_contract_baseline,167,2024-12-10,2024-12-10T15:27:00+00:00,2024-12-10T15:47:00+00:00,SPXW-20241210-06030.000-C,CALL,3260.0,119.99999999999956,1,3260.0,51540.0,51660.0,53370.0,0.034289,170.0,120.0,
one_contract_baseline,168,2024-12-11,2024-12-11T15:05:00+00:00,2024-12-11T15:17:00+00:00,SPXW-20241211-06040.000-C,CALL,3429.9999999999995,250.0,1,3429.9999999999995,51660.0,51910.0,53370.0,0.03204,0.0,250.0,
one_contract_baseline,169,2024-12-11,2024-12-11T15:37:00+00:00,2024-12-11T15:59:00+00:00,SPXW-20241211-06045.000-C,CALL,3190.0,-139.99999999999986,1,3190.0,51910.0,51770.0,53370.0,0.027356,250.0,-140.0,
one_contract_baseline,170,2024-12-12,2024-12-12T15:09:00+00:00,2024-12-12T15:34:00+00:00,SPXW-20241212-06095.000-P,PUT,3040.0,-1079.9999999999998,1,3040.0,51770.0,50690.0,53370.0,0.029979,0.0,-1080.0,
one_contract_baseline,171,2024-12-12,2024-12-12T15:35:00+00:00,2024-12-12T15:55:00+00:00,SPXW-20241212-06050.000-C,CALL,2580.0,-110.00000000000014,1,2580.0,50690.0,50580.0,53370.0,0.050215,-1080.0,-110.0,
one_contract_baseline,172,2024-12-13,2024-12-13T15:01:00+00:00,2024-12-13T15:18:00+00:00,SPXW-20241213-06100.000-P,PUT,3279.9999999999995,360.0000000000001,1,3279.9999999999995,50580.0,50940.0,53370.0,0.052277,0.0,360.0,
one_contract_baseline,173,2024-12-13,2024-12-13T15:26:00+00:00,2024-12-13T15:49:00+00:00,SPXW-20241213-06090.000-P,PUT,3170.0,859.9999999999998,1,3170.0,50940.0,51800.0,53370.0,0.045531,360.0,860.0,
one_contract_baseline,174,2024-12-16,2024-12-16T15:00:00+00:00,2024-12-16T15:11:00+00:00,SPXW-20241216-06040.000-C,CALL,3050.0,119.99999999999991,1,3050.0,51800.0,51920.0,53370.0,0.029417,0.0,120.0,
one_contract_baseline,175,2024-12-16,2024-12-16T15:26:00+00:00,2024-12-16T15:42:00+00:00,SPXW-20241216-06055.000-C,CALL,1460.0,550.0000000000002,1,1460.0,51920.0,52470.0,53370.0,0.027169,120.0,550.0,
one_contract_baseline,176,2024-12-16,2024-12-16T16:10:00+00:00,2024-12-16T16:25:00+00:00,SPXW-20241216-06045.000-C,CALL,3120.0,0.0,1,3120.0,52470.0,52470.0,53370.0,0.016863,670.0,0.0,
one_contract_baseline,177,2024-12-17,2024-12-17T15:00:00+00:00,2024-12-17T15:18:00+00:00,SPXW-20241217-06055.000-P,PUT,1010.0,420.0000000000001,1,1010.0,52470.0,52890.0,53370.0,0.016863,0.0,420.0,
one_contract_baseline,178,2024-12-17,2024-12-17T15:39:00+00:00,2024-12-17T15:56:00+00:00,SPXW-20241217-06010.000-C,CALL,3240.0,160.00000000000014,1,3240.0,52890.0,53050.0,53370.0,0.008994,420.0,160.0,
one_contract_baseline,179,2024-12-17,2024-12-17T15:58:00+00:00,2024-12-17T16:18:00+00:00,SPXW-20241217-06025.000-C,CALL,2140.0,590.0000000000002,1,2140.0,53050.0,53640.0,53640.0,0.010999,580.0,590.0,
one_contract_baseline,180,2024-12-17,2024-12-17T18:42:00+00:00,2024-12-17T18:56:00+00:00,SPXW-20241217-06035.000-C,CALL,1520.0,20.000000000000107,1,1520.0,53640.0,53660.0,53660.0,0.000373,1170.0,20.0,
one_contract_baseline,181,2024-12-18,2024-12-18T15:01:00+00:00,2024-12-18T15:15:00+00:00,SPXW-20241218-06025.000-C,CALL,3320.0000000000005,309.99999999999943,1,3320.0000000000005,53660.0,53970.0,53970.0,0.005744,0.0,310.0,
one_contract_baseline,182,2024-12-18,2024-12-18T15:27:00+00:00,2024-12-18T15:40:00+00:00,SPXW-20241218-06030.000-C,CALL,3370.0000000000005,589.9999999999999,1,3370.0000000000005,53970.0,54560.0,54560.0,0.010814,310.0,590.0,
one_contract_baseline,183,2024-12-18,2024-12-18T16:15:00+00:00,2024-12-18T16:40:00+00:00,SPXW-20241218-06090.000-P,PUT,3200.0,-350.0,1,3200.0,54560.0,54210.0,54560.0,0.0,900.0,-350.0,
one_contract_baseline,184,2024-12-19,2024-12-19T15:01:00+00:00,2024-12-19T15:09:00+00:00,SPXW-20241219-05930.000-P,PUT,2940.0,880.0000000000005,1,2940.0,54210.0,55090.0,55090.0,0.015974,0.0,880.0,
one_contract_baseline,185,2024-12-19,2024-12-19T15:13:00+00:00,2024-12-19T15:36:00+00:00,SPXW-20241219-05885.000-C,CALL,3390.0,-1320.0,1,3390.0,55090.0,53770.0,55090.0,0.0,880.0,-1320.0,
one_contract_baseline,186,2024-12-19,2024-12-19T15:42:00+00:00,2024-12-19T15:58:00+00:00,SPXW-20241219-05870.000-C,CALL,3130.0,640.0000000000002,1,3130.0,53770.0,54410.0,55090.0,0.023961,-440.0,640.0,
one_contract_baseline,187,2024-12-20,2024-12-20T15:13:00+00:00,2024-12-20T15:33:00+00:00,SPXW-20241220-05840.000-C,CALL,3429.9999999999995,4140.000000000001,1,3429.9999999999995,54410.0,58550.0,58550.0,0.070709,0.0,4140.0,
one_contract_baseline,188,2024-12-20,2024-12-20T18:30:00+00:00,2024-12-20T18:53:00+00:00,SPXW-20241220-05930.000-C,CALL,2490.0,-119.99999999999991,1,2490.0,58550.0,58430.0,58550.0,0.0,4140.0,-120.0,
one_contract_baseline,189,2024-12-23,2024-12-23T15:14:00+00:00,2024-12-23T15:25:00+00:00,SPXW-20241223-05900.000-C,CALL,2510.0,200.0,1,2510.0,58430.0,58630.0,58630.0,0.003411,0.0,200.0,
one_contract_baseline,190,2024-12-23,2024-12-23T15:48:00+00:00,2024-12-23T15:55:00+00:00,SPXW-20241223-05940.000-P,PUT,2860.0,59.99999999999979,1,2860.0,58630.0,58690.0,58690.0,0.001022,200.0,60.0,
one_contract_baseline,191,2024-12-23,2024-12-23T15:55:00+00:00,2024-12-23T16:11:00+00:00,SPXW-20241223-05890.000-C,CALL,3110.0,910.0,1,3110.0,58690.0,59600.0,59600.0,0.015268,260.0,910.0,
one_contract_baseline,192,2024-12-23,2024-12-23T18:30:00+00:00,2024-12-23T18:45:00+00:00,SPXW-20241223-05945.000-C,CALL,1650.0,200.0,1,1650.0,59600.0,59800.0,59800.0,0.003344,1170.0,200.0,
one_contract_baseline,193,2024-12-23,2024-12-23T19:12:00+00:00,2024-12-23T19:21:00+00:00,SPXW-20241223-05935.000-C,CALL,2980.0,209.99999999999977,1,2980.0,59800.0,60010.0,60010.0,0.003499,1370.0,210.0,
one_contract_baseline,194,2024-12-23,2024-12-23T20:11:00+00:00,2024-12-23T20:15:00+00:00,SPXW-20241223-05930.000-C,CALL,2070.0,590.0000000000002,1,2070.0,60010.0,60600.0,60600.0,0.009736,1580.0,590.0,
one_contract_baseline,195,2024-12-24,2024-12-24T15:00:00+00:00,2024-12-24T15:21:00+00:00,SPXW-20241224-05970.000-C,CALL,2930.0,549.9999999999997,1,2930.0,60600.0,61150.0,61150.0,0.008994,0.0,550.0,
one_contract_baseline,196,2024-12-26,2024-12-26T15:00:00+00:00,2024-12-26T15:22:00+00:00,SPXW-20241226-05995.000-C,CALL,3300.0,-180.00000000000006,1,3300.0,61150.0,60970.0,61150.0,0.0,0.0,-180.0,
one_contract_baseline,197,2024-12-26,2024-12-26T15:26:00+00:00,2024-12-26T15:46:00+00:00,SPXW-20241226-05995.000-C,CALL,3470.0000000000005,-80.00000000000043,1,3470.0000000000005,60970.0,60890.0,61150.0,0.002944,-180.0,-80.0,
one_contract_baseline,198,2024-12-26,2024-12-26T15:56:00+00:00,2024-12-26T16:21:00+00:00,SPXW-20241226-06005.000-C,CALL,2700.0,650.0,1,2700.0,60890.0,61540.0,61540.0,0.010562,-260.0,650.0,
one_contract_baseline,199,2024-12-27,2024-12-27T15:00:00+00:00,2024-12-27T15:18:00+00:00,SPXW-20241227-06025.000-P,PUT,3500.0,3659.999999999999,1,3500.0,61540.0,65200.0,65200.0,0.056135,0.0,3660.0,
one_contract_baseline,200,2024-12-27,2024-12-27T15:25:00+00:00,2024-12-27T15:35:00+00:00,SPXW-20241227-05970.000-P,PUT,2010.0,669.9999999999999,1,2010.0,65200.0,65870.0,65870.0,0.010172,3660.0,670.0,
one_contract_baseline,201,2024-12-27,2024-12-27T15:41:00+00:00,2024-12-27T15:58:00+00:00,SPXW-20241227-05925.000-C,CALL,3490.0,650.0,1,3490.0,65870.0,66520.0,66520.0,0.009771,4330.0,650.0,
one_contract_baseline,202,2024-12-27,2024-12-27T18:36:00+00:00,2024-12-27T18:46:00+00:00,SPXW-20241227-05935.000-C,CALL,2140.0,420.0000000000003,1,2140.0,66520.0,66940.0,66940.0,0.006274,4980.0,420.0,
one_contract_baseline,203,2024-12-30,2024-12-30T15:02:00+00:00,2024-12-30T15:20:00+00:00,SPXW-20241230-05900.000-P,PUT,2890.0,280.00000000000006,1,2890.0,66940.0,67220.0,67220.0,0.004165,0.0,280.0,
one_contract_baseline,204,2024-12-30,2024-12-30T15:27:00+00:00,2024-12-30T15:46:00+00:00,SPXW-20241230-05890.000-P,PUT,2750.0,-1530.0,1,2750.0,67220.0,65690.0,67220.0,0.0,280.0,-1530.0,
one_contract_baseline,205,2024-12-30,2024-12-30T16:18:00+00:00,2024-12-30T16:43:00+00:00,SPXW-20241230-05895.000-C,CALL,1600.0,1180.0,1,1600.0,65690.0,66870.0,67220.0,0.022761,-1250.0,1180.0,
one_contract_baseline,206,2024-12-30,2024-12-30T18:31:00+00:00,2024-12-30T18:52:00+00:00,SPXW-20241230-05900.000-C,CALL,3190.0,500.0,1,3190.0,66870.0,67370.0,67370.0,0.007422,-70.0,500.0,
one_contract_baseline,207,2024-12-30,2024-12-30T19:08:00+00:00,2024-12-30T19:31:00+00:00,SPXW-20241230-05900.000-C,CALL,3020.0,-19.99999999999993,1,3020.0,67370.0,67350.0,67370.0,0.0,430.0,-20.0,
one_contract_baseline,208,2024-12-30,2024-12-30T20:02:00+00:00,2024-12-30T20:16:00+00:00,SPXW-20241230-05905.000-C,CALL,2780.0,39.99999999999986,1,2780.0,67350.0,67390.0,67390.0,0.000594,410.0,40.0,
one_contract_baseline,209,2024-12-31,2024-12-31T15:07:00+00:00,2024-12-31T15:30:00+00:00,SPXW-20241231-05940.000-P,PUT,3240.0,-300.0,1,3240.0,67390.0,67090.0,67390.0,0.0,0.0,-300.0,
one_contract_baseline,210,2024-12-31,2024-12-31T15:33:00+00:00,2024-12-31T15:45:00+00:00,SPXW-20241231-05945.000-P,PUT,3229.9999999999995,560.0000000000001,1,3229.9999999999995,67090.0,67650.0,67650.0,0.008278,-300.0,560.0,
one_contract_baseline,211,2024-12-31,2024-12-31T16:03:00+00:00,2024-12-31T16:13:00+00:00,SPXW-20241231-05935.000-P,PUT,3360.0,629.9999999999998,1,3360.0,67650.0,68280.0,68280.0,0.009227,260.0,630.0,
one_contract_baseline,212,2025-07-01,2025-07-01T14:01:00+00:00,2025-07-01T14:14:00+00:00,SPXW-20250701-06165.000-C,CALL,3340.0,310.0000000000001,1,3340.0,68280.0,68590.0,68590.0,0.00452,0.0,310.0,
one_contract_baseline,213,2025-07-01,2025-07-01T14:27:00+00:00,2025-07-01T14:29:00+00:00,SPXW-20250701-06210.000-P,PUT,1770.0,219.99999999999991,1,1770.0,68590.0,68810.0,68810.0,0.003197,310.0,220.0,
one_contract_baseline,214,2025-07-01,2025-07-01T14:31:00+00:00,2025-07-01T14:56:00+00:00,SPXW-20250701-06170.000-C,CALL,2850.0,-550.0,1,2850.0,68810.0,68260.0,68810.0,0.0,530.0,-550.0,
one_contract_baseline,215,2025-07-01,2025-07-01T15:02:00+00:00,2025-07-01T15:06:00+00:00,SPXW-20250701-06180.000-C,CALL,1600.0,280.00000000000006,1,1600.0,68260.0,68540.0,68810.0,0.007993,-20.0,280.0,
one_contract_baseline,216,2025-07-01,2025-07-01T15:27:00+00:00,2025-07-01T15:32:00+00:00,SPXW-20250701-06165.000-C,CALL,3240.0,60.00000000000014,1,3240.0,68540.0,68600.0,68810.0,0.003924,260.0,60.0,
one_contract_baseline,217,2025-07-02,2025-07-02T14:00:00+00:00,2025-07-02T14:06:00+00:00,SPXW-20250702-06165.000-C,CALL,3329.9999999999995,330.00000000000045,1,3329.9999999999995,68600.0,68930.0,68930.0,0.004787,0.0,330.0,
one_contract_baseline,218,2025-07-02,2025-07-02T14:25:00+00:00,2025-07-02T14:30:00+00:00,SPXW-20250702-06175.000-C,CALL,3150.0,360.0000000000001,1,3150.0,68930.0,69290.0,69290.0,0.005196,330.0,360.0,
one_contract_baseline,219,2025-07-03,2025-07-03T14:00:00+00:00,2025-07-03T14:25:00+00:00,SPXW-20250703-06260.000-C,CALL,1030.0,459.99999999999994,1,1030.0,69290.0,69750.0,69750.0,0.006595,0.0,460.0,
one_contract_baseline,220,2025-07-03,2025-07-03T14:45:00+00:00,2025-07-03T14:49:00+00:00,SPXW-20250703-06245.000-C,CALL,3190.0,30.000000000000423,1,3190.0,69750.0,69780.0,69780.0,0.00043,460.0,30.0,
one_contract_baseline,221,2025-07-07,2025-07-07T14:00:00+00:00,2025-07-07T14:09:00+00:00,SPXW-20250707-06290.000-P,PUT,3260.0,479.9999999999997,1,3260.0,69780.0,70260.0,70260.0,0.006832,0.0,480.0,
one_contract_baseline,222,2025-07-07,2025-07-07T14:23:00+00:00,2025-07-07T14:28:00+00:00,SPXW-20250707-06220.000-C,CALL,3429.9999999999995,220.00000000000028,1,3429.9999999999995,70260.0,70480.0,70480.0,0.003121,480.0,220.0,
one_contract_baseline,223,2025-07-07,2025-07-07T14:31:00+00:00,2025-07-07T14:33:00+00:00,SPXW-20250707-06265.000-P,PUT,1770.0,119.99999999999991,1,1770.0,70480.0,70600.0,70600.0,0.0017,700.0,120.0,
one_contract_baseline,224,2025-07-07,2025-07-07T14:42:00+00:00,2025-07-07T15:07:00+00:00,SPXW-20250707-06225.000-C,CALL,2720.0,-609.9999999999998,1,2720.0,70600.0,69990.0,70600.0,0.0,820.0,-610.0,
one_contract_baseline,225,2025-07-07,2025-07-07T18:00:00+00:00,2025-07-07T18:05:00+00:00,SPXW-20250707-06205.000-C,CALL,1950.0,110.00000000000014,1,1950.0,69990.0,70100.0,70600.0,0.00864,210.0,110.0,
one_contract_baseline,226,2025-07-07,2025-07-07T18:37:00+00:00,2025-07-07T19:01:00+00:00,SPXW-20250707-06200.000-C,CALL,1240.0,1260.0,1,1240.0,70100.0,71360.0,71360.0,0.017657,320.0,1260.0,
one_contract_baseline,227,2025-07-08,2025-07-08T14:01:00+00:00,2025-07-08T14:03:00+00:00,SPXW-20250708-06245.000-P,PUT,1960.0,250.0,1,1960.0,71360.0,71610.0,71610.0,0.003491,0.0,250.0,
one_contract_baseline,228,2025-07-08,2025-07-08T14:30:00+00:00,2025-07-08T14:39:00+00:00,SPXW-20250708-06205.000-C,CALL,2180.0,1080.0,1,2180.0,71610.0,72690.0,72690.0,0.014858,250.0,1080.0,
one_contract_baseline,229,2025-07-08,2025-07-08T17:30:00+00:00,2025-07-08T17:46:00+00:00,SPXW-20250708-06210.000-C,CALL,2220.0,-319.99999999999994,1,2220.0,72690.0,72370.0,72690.0,0.0,1330.0,-320.0,
one_contract_baseline,230,2025-07-09,2025-07-09T14:31:00+00:00,2025-07-09T14:35:00+00:00,SPXW-20250709-06265.000-P,PUT,1830.0,269.99999999999994,1,1830.0,72370.0,72640.0,72690.0,0.004402,0.0,270.0,
one_contract_baseline,231,2025-07-09,2025-07-09T14:36:00+00:00,2025-07-09T14:39:00+00:00,SPXW-20250709-06255.000-P,PUT,1530.0,80.00000000000007,1,1530.0,72640.0,72720.0,72720.0,0.0011,270.0,80.0,
one_contract_baseline,232,2025-07-09,2025-07-09T14:57:00+00:00,2025-07-09T15:14:00+00:00,SPXW-20250709-06270.000-P,PUT,3410.0,260.0000000000001,1,3410.0,72720.0,72980.0,72980.0,0.003563,350.0,260.0,
one_contract_baseline,233,2025-07-09,2025-07-09T15:27:00+00:00,2025-07-09T15:34:00+00:00,SPXW-20250709-06215.000-C,CALL,2990.0,60.00000000000014,1,2990.0,72980.0,73040.0,73040.0,0.000821,610.0,60.0,
one_contract_baseline,234,2025-07-10,2025-07-10T14:00:00+00:00,2025-07-10T14:08:00+00:00,SPXW-20250710-06280.000-P,PUT,2660.0,100.0,1,2660.0,73040.0,73140.0,73140.0,0.001367,0.0,100.0,
one_contract_baseline,235,2025-07-10,2025-07-10T14:10:00+00:00,2025-07-10T14:16:00+00:00,SPXW-20250710-06235.000-C,CALL,2420.0,310.0000000000001,1,2420.0,73140.0,73450.0,73450.0,0.004221,100.0,310.0,
one_contract_baseline,236,2025-07-10,2025-07-10T14:17:00+00:00,2025-07-10T14:20:00+00:00,SPXW-20250710-06240.000-C,CALL,2280.0,180.00000000000006,1,2280.0,73450.0,73630.0,73630.0,0.002445,410.0,180.0,
one_contract_baseline,237,2025-07-10,2025-07-10T14:33:00+00:00,2025-07-10T14:40:00+00:00,SPXW-20250710-06235.000-C,CALL,2790.0,330.00000000000006,1,2790.0,73630.0,73960.0,73960.0,0.004462,590.0,330.0,
one_contract_baseline,238,2025-07-10,2025-07-10T14:42:00+00:00,2025-07-10T14:50:00+00:00,SPXW-20250710-06235.000-C,CALL,3500.0,39.99999999999986,1,3500.0,73960.0,74000.0,74000.0,0.000541,920.0,40.0,
one_contract_baseline,239,2025-07-10,2025-07-10T15:04:00+00:00,2025-07-10T15:10:00+00:00,SPXW-20250710-06245.000-C,CALL,2890.0,60.00000000000014,1,2890.0,74000.0,74060.0,74060.0,0.00081,960.0,60.0,
one_contract_baseline,240,2025-07-11,2025-07-11T14:01:00+00:00,2025-07-11T14:08:00+00:00,SPXW-20250711-06230.000-C,CALL,2750.0,169.99999999999994,1,2750.0,74060.0,74230.0,74230.0,0.00229,0.0,170.0,
one_contract_baseline,241,2025-07-11,2025-07-11T14:16:00+00:00,2025-07-11T14:23:00+00:00,SPXW-20250711-06230.000-C,CALL,2930.0,399.99999999999966,1,2930.0,74230.0,74630.0,74630.0,0.00536,170.0,400.0,
one_contract_baseline,242,2025-07-11,2025-07-11T14:26:00+00:00,2025-07-11T14:33:00+00:00,SPXW-20250711-06230.000-C,CALL,3440.0,-60.00000000000014,1,3440.0,74630.0,74570.0,74630.0,0.0,570.0,-60.0,
one_contract_baseline,243,2025-07-11,2025-07-11T14:44:00+00:00,2025-07-11T15:09:00+00:00,SPXW-20250711-06235.000-C,CALL,2760.0,-420.0000000000003,1,2760.0,74570.0,74150.0,74630.0,0.000804,510.0,-420.0,
one_contract_baseline,244,2025-07-11,2025-07-11T15:15:00+00:00,2025-07-11T15:20:00+00:00,SPXW-20250711-06225.000-C,CALL,2790.0,270.0000000000003,1,2790.0,74150.0,74420.0,74630.0,0.006432,90.0,270.0,
one_contract_baseline,245,2025-07-14,2025-07-14T14:01:00+00:00,2025-07-14T14:13:00+00:00,SPXW-20250714-06280.000-P,PUT,3390.0,160.00000000000014,1,3390.0,74420.0,74580.0,74630.0,0.002814,0.0,160.0,
one_contract_baseline,246,2025-07-14,2025-07-14T14:27:00+00:00,2025-07-14T14:29:00+00:00,SPXW-20250714-06270.000-P,PUT,1890.0,470.0000000000003,1,1890.0,74580.0,75050.0,75050.0,0.006262,160.0,470.0,
one_contract_baseline,247,2025-07-14,2025-07-14T14:30:00+00:00,2025-07-14T14:42:00+00:00,SPXW-20250714-06225.000-C,CALL,2570.0,240.00000000000023,1,2570.0,75050.0,75290.0,75290.0,0.003188,630.0,240.0,
one_contract_baseline,248,2025-07-15,2025-07-15T14:11:00+00:00,2025-07-15T14:16:00+00:00,SPXW-20250715-06260.000-C,CALL,2350.0,300.0,1,2350.0,75290.0,75590.0,75590.0,0.003969,0.0,300.0,
one_contract_baseline,249,2025-07-15,2025-07-15T14:37:00+00:00,2025-07-15T14:41:00+00:00,SPXW-20250715-06300.000-P,PUT,2910.0,200.0,1,2910.0,75590.0,75790.0,75790.0,0.002639,300.0,200.0,
one_contract_baseline,250,2025-07-15,2025-07-15T14:51:00+00:00,2025-07-15T14:54:00+00:00,SPXW-20250715-06275.000-P,PUT,1200.0,430.00000000000006,1,1200.0,75790.0,76220.0,76220.0,0.005642,500.0,430.0,
one_contract_baseline,251,2025-07-15,2025-07-15T14:55:00+00:00,2025-07-15T14:57:00+00:00,SPXW-20250715-06280.000-P,PUT,1950.0,339.9999999999999,1,1950.0,76220.0,76560.0,76560.0,0.004441,930.0,340.0,
one_contract_baseline,252,2025-07-15,2025-07-15T15:05:00+00:00,2025-07-15T15:14:00+00:00,SPXW-20250715-06235.000-C,CALL,3200.0,210.00000000000017,1,3200.0,76560.0,76770.0,76770.0,0.002735,1270.0,210.0,
one_contract_baseline,253,2025-07-16,2025-07-16T14:10:00+00:00,2025-07-16T14:33:00+00:00,SPXW-20250716-06235.000-C,CALL,1510.0,240.00000000000003,1,1510.0,76770.0,77010.0,77010.0,0.003116,0.0,240.0,
one_contract_baseline,254,2025-07-16,2025-07-16T14:45:00+00:00,2025-07-16T14:53:00+00:00,SPXW-20250716-06225.000-C,CALL,2340.0,480.00000000000006,1,2340.0,77010.0,77490.0,77490.0,0.006194,240.0,480.0,
one_contract_baseline,255,2025-07-16,2025-07-16T14:54:00+00:00,2025-07-16T14:55:00+00:00,SPXW-20250716-06280.000-P,PUT,2730.0,1299.9999999999995,1,2730.0,77490.0,78790.0,78790.0,0.0165,720.0,1300.0,
one_contract_baseline,256,2025-07-16,2025-07-16T14:58:00+00:00,2025-07-16T14:59:00+00:00,SPXW-20250716-06235.000-P,PUT,610.0,320.0000000000001,1,610.0,78790.0,79110.0,79110.0,0.004045,2020.0,320.0,
one_contract_baseline,257,2025-07-16,2025-07-16T15:04:00+00:00,2025-07-16T15:09:00+00:00,SPXW-20250716-06225.000-C,CALL,2450.0,230.00000000000009,1,2450.0,79110.0,79340.0,79340.0,0.002899,2340.0,230.0,
one_contract_baseline,258,2025-07-16,2025-07-16T15:19:00+00:00,2025-07-16T15:22:00+00:00,SPXW-20250716-06225.000-P,PUT,850.0,930.0,1,850.0,79340.0,80270.0,80270.0,0.011586,2570.0,930.0,
one_contract_baseline,259,2025-07-16,2025-07-16T15:24:00+00:00,2025-07-16T15:25:00+00:00,SPXW-20250716-06220.000-P,PUT,990.0,440.00000000000006,1,990.0,80270.0,80710.0,80710.0,0.005452,3500.0,440.0,
one_contract_baseline,260,2025-07-17,2025-07-17T14:00:00+00:00,2025-07-17T14:05:00+00:00,SPXW-20250717-06255.000-C,CALL,2680.0,239.99999999999983,1,2680.0,80710.0,80950.0,80950.0,0.002965,0.0,240.0,
one_contract_baseline,261,2025-07-17,2025-07-17T14:29:00+00:00,2025-07-17T14:37:00+00:00,SPXW-20250717-06240.000-C,CALL,3420.0000000000005,409.99999999999943,1,3420.0000000000005,80950.0,81360.0,81360.0,0.005039,240.0,410.0,
one_contract_baseline,262,2025-07-17,2025-07-17T14:46:00+00:00,2025-07-17T14:59:00+00:00,SPXW-20250717-06255.000-C,CALL,2200.0,410.0000000000001,1,2200.0,81360.0,81770.0,81770.0,0.005014,650.0,410.0,
one_contract_baseline,263,2025-07-17,2025-07-17T15:06:00+00:00,2025-07-17T15:31:00+00:00,SPXW-20250717-06265.000-C,CALL,2200.0,180.00000000000006,1,2200.0,81770.0,81950.0,81950.0,0.002196,1060.0,180.0,
one_contract_baseline,264,2025-07-18,2025-07-18T14:52:00+00:00,2025-07-18T15:17:00+00:00,SPXW-20250718-06265.000-C,CALL,3300.0,-89.99999999999986,1,3300.0,81950.0,81860.0,81950.0,0.0,0.0,-90.0,
one_contract_baseline,265,2025-07-21,2025-07-21T14:00:00+00:00,2025-07-21T14:05:00+00:00,SPXW-20250721-06295.000-C,CALL,3279.9999999999995,250.0,1,3279.9999999999995,81860.0,82110.0,82110.0,0.003045,0.0,250.0,
one_contract_baseline,266,2025-07-21,2025-07-21T19:11:00+00:00,2025-07-21T19:16:00+00:00,SPXW-20250721-06280.000-C,CALL,3510.0,250.0,1,3510.0,82110.0,82360.0,82360.0,0.003035,250.0,250.0,
one_contract_baseline,267,2025-07-22,2025-07-22T14:00:00+00:00,2025-07-22T14:02:00+00:00,SPXW-20250722-06285.000-P,PUT,940.0,159.99999999999997,1,940.0,82360.0,82520.0,82520.0,0.001939,0.0,160.0,
one_contract_baseline,268,2025-07-22,2025-07-22T14:29:00+00:00,2025-07-22T14:35:00+00:00,SPXW-20250722-06265.000-C,CALL,2750.0,479.9999999999997,1,2750.0,82520.0,83000.0,83000.0,0.005783,160.0,480.0,
one_contract_baseline,269,2025-07-22,2025-07-22T14:56:00+00:00,2025-07-22T15:01:00+00:00,SPXW-20250722-06270.000-C,CALL,2930.0,209.99999999999977,1,2930.0,83000.0,83210.0,83210.0,0.002524,640.0,210.0,
one_contract_baseline,270,2025-07-23,2025-07-23T14:09:00+00:00,2025-07-23T14:25:00+00:00,SPXW-20250723-06295.000-C,CALL,3100.0,30.00000000000007,1,3100.0,83210.0,83240.0,83240.0,0.00036,0.0,30.0,
one_contract_baseline,271,2025-07-23,2025-07-23T14:29:00+00:00,2025-07-23T14:54:00+00:00,SPXW-20250723-06300.000-C,CALL,2830.0,-69.99999999999993,1,2830.0,83240.0,83170.0,83240.0,0.0,30.0,-70.0,
one_contract_baseline,272,2025-07-23,2025-07-23T15:00:00+00:00,2025-07-23T15:24:00+00:00,SPXW-20250723-06310.000-C,CALL,1960.0,19.99999999999993,1,1960.0,83170.0,83190.0,83240.0,0.000841,-40.0,20.0,
one_contract_baseline,273,2025-07-24,2025-07-24T14:00:00+00:00,2025-07-24T14:09:00+00:00,SPXW-20250724-06350.000-C,CALL,2440.0,70.00000000000028,1,2440.0,83190.0,83260.0,83260.0,0.000841,0.0,70.0,
one_contract_baseline,274,2025-07-24,2025-07-24T14:28:00+00:00,2025-07-24T14:34:00+00:00,SPXW-20250724-06340.000-C,CALL,2940.0,230.00000000000009,1,2940.0,83260.0,83490.0,83490.0,0.002755,70.0,230.0,
one_contract_baseline,275,2025-07-24,2025-07-24T14:41:00+00:00,2025-07-24T14:46:00+00:00,SPXW-20250724-06345.000-C,CALL,2850.0,60.00000000000014,1,2850.0,83490.0,83550.0,83550.0,0.000718,300.0,60.0,
one_contract_baseline,276,2025-07-25,2025-07-25T14:00:00+00:00,2025-07-25T14:11:00+00:00,SPXW-20250725-06340.000-C,CALL,3440.0,130.00000000000043,1,3440.0,83550.0,83680.0,83680.0,0.001554,0.0,130.0,
one_contract_baseline,277,2025-07-25,2025-07-25T14:26:00+00:00,2025-07-25T14:51:00+00:00,SPXW-20250725-06360.000-C,CALL,1789.9999999999998,320.0000000000003,1,1789.9999999999998,83680.0,84000.0,84000.0,0.00381,130.0,320.0,
one_contract_baseline,278,2025-07-28,2025-07-28T14:05:00+00:00,2025-07-28T14:11:00+00:00,SPXW-20250728-06380.000-C,CALL,1960.0,59.99999999999979,1,1960.0,84000.0,84060.0,84060.0,0.000714,0.0,60.0,
one_contract_baseline,279,2025-07-28,2025-07-28T14:22:00+00:00,2025-07-28T14:46:00+00:00,SPXW-20250728-06385.000-C,CALL,1400.0,130.00000000000006,1,1400.0,84060.0,84190.0,84190.0,0.001544,60.0,130.0,
one_contract_baseline,280,2025-07-28,2025-07-28T15:19:00+00:00,2025-07-28T15:23:00+00:00,SPXW-20250728-06395.000-P,PUT,1030.0,89.99999999999986,1,1030.0,84190.0,84280.0,84280.0,0.001068,190.0,90.0,
one_contract_baseline,281,2025-07-28,2025-07-28T15:29:00+00:00,2025-07-28T15:54:00+00:00,SPXW-20250728-06375.000-C,CALL,1720.0,380.00000000000006,1,1720.0,84280.0,84660.0,84660.0,0.004489,280.0,380.0,
one_contract_baseline,282,2025-07-29,2025-07-29T14:53:00+00:00,2025-07-29T14:57:00+00:00,SPXW-20250729-06400.000-P,PUT,1470.0,0.0,1,1470.0,84660.0,84660.0,84660.0,0.0,0.0,0.0,
one_contract_baseline,283,2025-07-29,2025-07-29T15:25:00+00:00,2025-07-29T15:30:00+00:00,SPXW-20250729-06390.000-P,PUT,1310.0,540.0,1,1310.0,84660.0,85200.0,85200.0,0.006338,0.0,540.0,
one_contract_baseline,284,2025-07-30,2025-07-30T14:18:00+00:00,2025-07-30T14:24:00+00:00,SPXW-20250730-06350.000-C,CALL,3279.9999999999995,650.0,1,3279.9999999999995,85200.0,85850.0,85850.0,0.007571,0.0,650.0,
one_contract_baseline,285,2025-07-30,2025-07-30T14:30:00+00:00,2025-07-30T14:34:00+00:00,SPXW-20250730-06355.000-C,CALL,3300.0,250.0,1,3300.0,85850.0,86100.0,86100.0,0.002904,650.0,250.0,
one_contract_baseline,286,2025-07-30,2025-07-30T14:36:00+00:00,2025-07-30T15:01:00+00:00,SPXW-20250730-06355.000-C,CALL,3410.0,-160.00000000000014,1,3410.0,86100.0,85940.0,86100.0,0.0,900.0,-160.0,
one_contract_baseline,287,2025-07-30,2025-07-30T18:35:00+00:00,2025-07-30T18:36:00+00:00,SPXW-20250730-06370.000-C,CALL,2640.0,180.00000000000006,1,2640.0,85940.0,86120.0,86120.0,0.00209,740.0,180.0,
one_contract_baseline,288,2025-07-30,2025-07-30T18:40:00+00:00,2025-07-30T18:42:00+00:00,SPXW-20250730-06400.000-P,PUT,1950.0,289.9999999999999,1,1950.0,86120.0,86410.0,86410.0,0.003356,920.0,290.0,
one_contract_baseline,289,2025-07-30,2025-07-30T18:59:00+00:00,2025-07-30T19:02:00+00:00,SPXW-20250730-06360.000-P,PUT,1250.0,600.0,1,1250.0,86410.0,87010.0,87010.0,0.006896,1210.0,600.0,
one_contract_baseline,290,2025-07-30,2025-07-30T19:16:00+00:00,2025-07-30T19:17:00+00:00,SPXW-20250730-06390.000-P,PUT,3520.0000000000005,829.9999999999998,1,3520.0000000000005,87010.0,87840.0,87840.0,0.009449,1810.0,830.0,
one_contract_baseline,291,2025-07-30,2025-07-30T19:18:00+00:00,2025-07-30T19:19:00+00:00,SPXW-20250730-06375.000-P,PUT,2660.0,69.99999999999993,1,2660.0,87840.0,87910.0,87910.0,0.000796,2640.0,70.0,
one_contract_baseline,292,2025-07-30,2025-07-30T19:24:00+00:00,2025-07-30T19:25:00+00:00,SPXW-20250730-06370.000-P,PUT,3030.0,39.99999999999986,1,3030.0,87910.0,87950.0,87950.0,0.000455,2710.0,40.0,
one_contract_baseline,293,2025-07-31,2025-07-31T14:00:00+00:00,2025-07-31T14:07:00+00:00,SPXW-20250731-06385.000-C,CALL,3229.9999999999995,210.00000000000017,1,3229.9999999999995,87950.0,88160.0,88160.0,0.002382,0.0,210.0,
one_contract_baseline,294,2025-07-31,2025-07-31T14:32:00+00:00,2025-07-31T14:57:00+00:00,SPXW-20250731-06385.000-C,CALL,2770.0,-1260.0,1,2770.0,88160.0,86900.0,88160.0,0.0,210.0,-1260.0,
one_contract_baseline,295,2025-07-31,2025-07-31T15:20:00+00:00,2025-07-31T15:23:00+00:00,SPXW-20250731-06355.000-C,CALL,2570.0,250.0,1,2570.0,86900.0,87150.0,88160.0,0.014292,-1050.0,250.0,
one_contract_baseline,296,2025-07-31,2025-07-31T15:28:00+00:00,2025-07-31T15:34:00+00:00,SPXW-20250731-06350.000-C,CALL,3310.0,660.0000000000001,1,3310.0,87150.0,87810.0,88160.0,0.011456,-800.0,660.0,
one_contract_baseline,297,2025-08-01,2025-08-01T14:05:00+00:00,2025-08-01T14:06:00+00:00,SPXW-20250801-06235.000-P,PUT,2480.0,280.00000000000006,1,2480.0,87810.0,88090.0,88160.0,0.00397,0.0,280.0,
one_contract_baseline,298,2025-08-01,2025-08-01T14:06:00+00:00,2025-08-01T14:07:00+00:00,SPXW-20250801-06205.000-C,CALL,3340.0,220.00000000000028,1,3340.0,88090.0,88310.0,88310.0,0.002491,280.0,220.0,
one_contract_baseline,299,2025-08-01,2025-08-01T14:08:00+00:00,2025-08-01T14:19:00+00:00,SPXW-20250801-06205.000-C,CALL,3150.0,1520.0000000000002,1,3150.0,88310.0,89830.0,89830.0,0.016921,500.0,1520.0,
one_contract_baseline,300,2025-08-01,2025-08-01T14:26:00+00:00,2025-08-01T14:35:00+00:00,SPXW-20250801-06240.000-C,CALL,2220.0,560.0000000000001,1,2220.0,89830.0,90390.0,90390.0,0.006195,2020.0,560.0,
one_contract_baseline,301,2025-08-01,2025-08-01T14:37:00+00:00,2025-08-01T14:48:00+00:00,SPXW-20250801-06230.000-C,CALL,3350.0,-280.00000000000006,1,3350.0,90390.0,90110.0,90390.0,0.0,2580.0,-280.0,
one_contract_baseline,302,2025-08-01,2025-08-01T14:51:00+00:00,2025-08-01T14:52:00+00:00,SPXW-20250801-06250.000-P,PUT,2230.0,219.99999999999991,1,2230.0,90110.0,90330.0,90390.0,0.003098,2300.0,220.0,
one_contract_baseline,303,2025-08-04,2025-08-04T14:20:00+00:00,2025-08-04T14:27:00+00:00,SPXW-20250804-06280.000-C,CALL,3320.0000000000005,329.9999999999997,1,3320.0000000000005,90330.0,90660.0,90660.0,0.00364,0.0,330.0,
one_contract_baseline,304,2025-08-04,2025-08-04T14:48:00+00:00,2025-08-04T14:50:00+00:00,SPXW-20250804-06280.000-C,CALL,3370.0000000000005,279.9999999999997,1,3370.0000000000005,90660.0,90940.0,90940.0,0.003079,330.0,280.0,
one_contract_baseline,305,2025-08-04,2025-08-04T15:02:00+00:00,2025-08-04T15:05:00+00:00,SPXW-20250804-06285.000-C,CALL,2830.0,139.99999999999986,1,2830.0,90940.0,91080.0,91080.0,0.001537,610.0,140.0,
one_contract_baseline,306,2025-08-05,2025-08-05T14:01:00+00:00,2025-08-05T14:02:00+00:00,SPXW-20250805-06350.000-P,PUT,2220.0,260.0000000000001,1,2220.0,91080.0,91340.0,91340.0,0.002847,0.0,260.0,
one_contract_baseline,307,2025-08-05,2025-08-05T14:03:00+00:00,2025-08-05T14:06:00+00:00,SPXW-20250805-06360.000-P,PUT,3100.0,729.9999999999998,1,3100.0,91340.0,92070.0,92070.0,0.007929,260.0,730.0,
one_contract_baseline,308,2025-08-05,2025-08-05T14:26:00+00:00,2025-08-05T14:36:00+00:00,SPXW-20250805-06335.000-P,PUT,2330.0,450.0,1,2330.0,92070.0,92520.0,92520.0,0.004864,990.0,450.0,
one_contract_baseline,309,2025-08-05,2025-08-05T14:42:00+00:00,2025-08-05T14:44:00+00:00,SPXW-20250805-06310.000-P,PUT,1440.0,440.00000000000006,1,1440.0,92520.0,92960.0,92960.0,0.004733,1440.0,440.0,
one_contract_baseline,310,2025-08-05,2025-08-05T14:48:00+00:00,2025-08-05T14:49:00+00:00,SPXW-20250805-06305.000-P,PUT,1620.0,450.0,1,1620.0,92960.0,93410.0,93410.0,0.004817,1880.0,450.0,
one_contract_baseline,311,2025-08-05,2025-08-05T14:53:00+00:00,2025-08-05T15:04:00+00:00,SPXW-20250805-06275.000-C,CALL,2600.0,510.0000000000001,1,2600.0,93410.0,93920.0,93920.0,0.00543,2330.0,510.0,
one_contract_baseline,312,2025-08-06,2025-08-06T14:00:00+00:00,2025-08-06T14:10:00+00:00,SPXW-20250806-06290.000-C,CALL,2450.0,1260.0000000000002,1,2450.0,93920.0,95180.0,95180.0,0.013238,0.0,1260.0,
one_contract_baseline,313,2025-08-06,2025-08-06T14:28:00+00:00,2025-08-06T14:32:00+00:00,SPXW-20250806-06280.000-C,CALL,2730.0,300.0,1,2730.0,95180.0,95480.0,95480.0,0.003142,1260.0,300.0,
one_contract_baseline,314,2025-08-06,2025-08-06T14:36:00+00:00,2025-08-06T14:37:00+00:00,SPXW-20250806-06300.000-C,CALL,1800.0,389.9999999999999,1,1800.0,95480.0,95870.0,95870.0,0.004068,1560.0,390.0,
one_contract_baseline,315,2025-08-06,2025-08-06T14:38:00+00:00,2025-08-06T14:44:00+00:00,SPXW-20250806-06295.000-C,CALL,2410.0,409.9999999999998,1,2410.0,95870.0,96280.0,96280.0,0.004258,1950.0,410.0,
one_contract_baseline,316,2025-08-06,2025-08-06T14:45:00+00:00,2025-08-06T14:54:00+00:00,SPXW-20250806-06290.000-C,CALL,3260.0,150.0,1,3260.0,96280.0,96430.0,96430.0,0.001556,2360.0,150.0,
one_contract_baseline,317,2025-08-07,2025-08-07T14:00:00+00:00,2025-08-07T14:15:00+00:00,SPXW-20250807-06355.000-C,CALL,3320.0000000000005,-1420.0000000000002,1,3320.0000000000005,96430.0,95010.0,96430.0,0.0,0.0,-1420.0,
one_contract_baseline,318,2025-08-07,2025-08-07T14:15:00+00:00,2025-08-07T14:19:00+00:00,SPXW-20250807-06370.000-P,PUT,1440.0,209.99999999999997,1,1440.0,95010.0,95220.0,96430.0,0.014726,-1420.0,210.0,
one_contract_baseline,319,2025-08-07,2025-08-07T14:25:00+00:00,2025-08-07T14:31:00+00:00,SPXW-20250807-06365.000-P,PUT,1890.0,40.00000000000021,1,1890.0,95220.0,95260.0,96430.0,0.012548,-1210.0,40.0,
one_contract_baseline,320,2025-08-07,2025-08-07T14:39:00+00:00,2025-08-07T14:46:00+00:00,SPXW-20250807-06330.000-C,CALL,3010.0,400.0,1,3010.0,95260.0,95660.0,96430.0,0.012133,-1170.0,400.0,
one_contract_baseline,321,2025-08-07,2025-08-07T15:17:00+00:00,2025-08-07T15:22:00+00:00,SPXW-20250807-06315.000-C,CALL,3170.0,440.0000000000002,1,3170.0,95660.0,96100.0,96430.0,0.007985,-770.0,440.0,
one_contract_baseline,322,2025-08-07,2025-08-07T17:40:00+00:00,2025-08-07T17:46:00+00:00,SPXW-20250807-06290.000-C,CALL,3340.0,170.00000000000028,1,3340.0,96100.0,96270.0,96430.0,0.003422,-330.0,170.0,
one_contract_baseline,323,2025-08-08,2025-08-08T14:00:00+00:00,2025-08-08T14:03:00+00:00,SPXW-20250808-06350.000-C,CALL,3120.0,230.00000000000009,1,3120.0,96270.0,96500.0,96500.0,0.002383,0.0,230.0,
one_contract_baseline,324,2025-08-08,2025-08-08T14:27:00+00:00,2025-08-08T14:29:00+00:00,SPXW-20250808-06350.000-C,CALL,3320.0000000000005,209.99999999999943,1,3320.0000000000005,96500.0,96710.0,96710.0,0.002171,230.0,210.0,
one_contract_baseline,325,2025-08-11,2025-08-11T14:01:00+00:00,2025-08-11T14:10:00+00:00,SPXW-20250811-06365.000-C,CALL,3130.0,-30.00000000000007,1,3130.0,96710.0,96680.0,96710.0,0.0,0.0,-30.0,
one_contract_baseline,326,2025-08-11,2025-08-11T14:19:00+00:00,2025-08-11T14:44:00+00:00,SPXW-20250811-06370.000-C,CALL,2860.0,-620.0000000000002,1,2860.0,96680.0,96060.0,96710.0,0.00031,-30.0,-620.0,
one_contract_baseline,327,2025-08-11,2025-08-11T15:17:00+00:00,2025-08-11T15:24:00+00:00,SPXW-20250811-06420.000-P,PUT,3140.0,0.0,1,3140.0,96060.0,96060.0,96710.0,0.006721,-650.0,0.0,
one_contract_baseline,328,2025-08-12,2025-08-12T14:00:00+00:00,2025-08-12T14:01:00+00:00,SPXW-20250812-06410.000-P,PUT,2440.0,340.0000000000002,1,2440.0,96060.0,96400.0,96710.0,0.006721,0.0,340.0,
one_contract_baseline,329,2025-08-12,2025-08-12T14:13:00+00:00,2025-08-12T14:18:00+00:00,SPXW-20250812-06370.000-C,CALL,3490.0,760.0000000000001,1,3490.0,96400.0,97160.0,97160.0,0.007822,340.0,760.0,
one_contract_baseline,330,2025-08-12,2025-08-12T14:26:00+00:00,2025-08-12T14:29:00+00:00,SPXW-20250812-06380.000-C,CALL,3340.0,110.00000000000014,1,3340.0,97160.0,97270.0,97270.0,0.001131,1100.0,110.0,
one_contract_baseline,331,2025-08-12,2025-08-12T14:39:00+00:00,2025-08-12T14:45:00+00:00,SPXW-20250812-06375.000-C,CALL,3520.0000000000005,359.99999999999943,1,3520.0000000000005,97270.0,97630.0,97630.0,0.003687,1210.0,360.0,
one_contract_baseline,332,2025-08-12,2025-08-12T14:48:00+00:00,2025-08-12T14:52:00+00:00,SPXW-20250812-06380.000-C,CALL,3440.0,480.00000000000045,1,3440.0,97630.0,98110.0,98110.0,0.004892,1570.0,480.0,
one_contract_baseline,333,2025-08-12,2025-08-12T14:58:00+00:00,2025-08-12T15:07:00+00:00,SPXW-20250812-06405.000-C,CALL,1550.0,619.9999999999999,1,1550.0,98110.0,98730.0,98730.0,0.00628,2050.0,620.0,
one_contract_baseline,334,2025-08-13,2025-08-13T14:00:00+00:00,2025-08-13T14:02:00+00:00,SPXW-20250813-06485.000-P,PUT,1490.0,259.99999999999994,1,1490.0,98730.0,98990.0,98990.0,0.002627,0.0,260.0,
one_contract_baseline,335,2025-08-13,2025-08-13T14:31:00+00:00,2025-08-13T14:32:00+00:00,SPXW-20250813-06475.000-P,PUT,1800.0,239.99999999999983,1,1800.0,98990.0,99230.0,99230.0,0.002419,260.0,240.0,
one_contract_baseline,336,2025-08-13,2025-08-13T15:21:00+00:00,2025-08-13T15:24:00+00:00,SPXW-20250813-06430.000-C,CALL,2660.0,279.9999999999997,1,2660.0,99230.0,99510.0,99510.0,0.002814,500.0,280.0,
one_contract_baseline,337,2025-08-14,2025-08-14T14:01:00+00:00,2025-08-14T14:07:00+00:00,SPXW-20250814-06430.000-C,CALL,3140.0,70.00000000000028,1,3140.0,99510.0,99580.0,99580.0,0.000703,0.0,70.0,
one_contract_baseline,338,2025-08-14,2025-08-14T14:26:00+00:00,2025-08-14T14:31:00+00:00,SPXW-20250814-06430.000-C,CALL,2920.0,540.0000000000002,1,2920.0,99580.0,100120.0,100120.0,0.005394,70.0,540.0,
one_contract_baseline,339,2025-08-14,2025-08-14T14:31:00+00:00,2025-08-14T14:39:00+00:00,SPXW-20250814-06440.000-C,CALL,2600.0,110.00000000000014,1,2600.0,100120.0,100230.0,100230.0,0.001097,610.0,110.0,
one_contract_baseline,340,2025-08-14,2025-08-14T14:52:00+00:00,2025-08-14T15:17:00+00:00,SPXW-20250814-06440.000-C,CALL,3110.0,-570.0000000000002,1,3110.0,100230.0,99660.0,100230.0,0.0,720.0,-570.0,
one_contract_baseline,341,2025-08-15,2025-08-15T14:01:00+00:00,2025-08-15T14:02:00+00:00,SPXW-20250815-06450.000-C,CALL,1380.0,369.99999999999994,1,1380.0,99660.0,100030.0,100230.0,0.005687,0.0,370.0,
one_contract_baseline,342,2025-08-15,2025-08-15T14:15:00+00:00,2025-08-15T14:40:00+00:00,SPXW-20250815-06440.000-C,CALL,2470.0,-289.9999999999999,1,2470.0,100030.0,99740.0,100230.0,0.001995,370.0,-290.0,
one_contract_baseline,343,2025-08-15,2025-08-15T14:56:00+00:00,2025-08-15T15:03:00+00:00,SPXW-20250815-06425.000-C,CALL,2950.0,19.99999999999993,1,2950.0,99740.0,99760.0,100230.0,0.004889,80.0,20.0,
one_contract_baseline,344,2025-08-15,2025-08-15T15:11:00+00:00,2025-08-15T15:15:00+00:00,SPXW-20250815-06430.000-C,CALL,2490.0,190.00000000000023,1,2490.0,99760.0,99950.0,100230.0,0.004689,100.0,190.0,
one_contract_baseline,345,2025-08-15,2025-08-15T15:16:00+00:00,2025-08-15T15:21:00+00:00,SPXW-20250815-06430.000-C,CALL,2700.0,230.00000000000009,1,2700.0,99950.0,100180.0,100230.0,0.002794,290.0,230.0,
one_contract_baseline,346,2025-08-18,2025-08-18T14:05:00+00:00,2025-08-18T14:30:00+00:00,SPXW-20250818-06430.000-C,CALL,2150.0,-250.0,1,2150.0,100180.0,99930.0,100230.0,0.000499,0.0,-250.0,
one_contract_baseline,347,2025-08-18,2025-08-18T14:33:00+00:00,2025-08-18T14:37:00+00:00,SPXW-20250818-06425.000-C,CALL,2470.0,10.000000000000142,1,2470.0,99930.0,99940.0,100230.0,0.002993,-250.0,10.0,
one_contract_baseline,348,2025-08-18,2025-08-18T14:37:00+00:00,2025-08-18T14:40:00+00:00,SPXW-20250818-06445.000-C,CALL,960.0,-29.999999999999893,1,960.0,99940.0,99910.0,100230.0,0.002893,-240.0,-30.0,
one_contract_baseline,349,2025-08-18,2025-08-18T14:59:00+00:00,2025-08-18T15:03:00+00:00,SPXW-20250818-06430.000-C,CALL,1860.0,309.9999999999998,1,1860.0,99910.0,100220.0,100230.0,0.003193,-270.0,310.0,
one_contract_baseline,350,2025-08-18,2025-08-18T15:22:00+00:00,2025-08-18T15:47:00+00:00,SPXW-20250818-06425.000-C,CALL,2400.0,-200.0,1,2400.0,100220.0,100020.0,100230.0,0.0001,40.0,-200.0,
one_contract_baseline,351,2025-08-19,2025-08-19T14:01:00+00:00,2025-08-19T14:09:00+00:00,SPXW-20250819-06425.000-C,CALL,2180.0,730.0000000000001,1,2180.0,100020.0,100750.0,100750.0,0.007246,0.0,730.0,
one_contract_baseline,352,2025-08-19,2025-08-19T14:27:00+00:00,2025-08-19T14:31:00+00:00,SPXW-20250819-06450.000-P,PUT,670.0,339.99999999999994,1,670.0,100750.0,101090.0,101090.0,0.003363,730.0,340.0,
one_contract_baseline,353,2025-08-19,2025-08-19T15:01:00+00:00,2025-08-19T15:02:00+00:00,SPXW-20250819-06435.000-P,PUT,1580.0,130.00000000000006,1,1580.0,101090.0,101220.0,101220.0,0.001284,1070.0,130.0,
one_contract_baseline,354,2025-08-19,2025-08-19T15:27:00+00:00,2025-08-19T15:35:00+00:00,SPXW-20250819-06410.000-C,CALL,2240.0,270.0000000000003,1,2240.0,101220.0,101490.0,101490.0,0.00266,1200.0,270.0,
one_contract_baseline,355,2025-08-20,2025-08-20T14:02:00+00:00,2025-08-20T14:14:00+00:00,SPXW-20250820-06345.000-C,CALL,3390.0,-909.9999999999998,1,3390.0,101490.0,100580.0,101490.0,0.0,0.0,-910.0,
one_contract_baseline,356,2025-08-20,2025-08-20T14:27:00+00:00,2025-08-20T14:31:00+00:00,SPXW-20250820-06395.000-P,PUT,3490.0,910.0,1,3490.0,100580.0,101490.0,101490.0,0.008966,-910.0,910.0,
one_contract_baseline,357,2025-08-20,2025-08-20T14:38:00+00:00,2025-08-20T14:46:00+00:00,SPXW-20250820-06330.000-C,CALL,3050.0,-310.0000000000001,1,3050.0,101490.0,101180.0,101490.0,0.0,0.0,-310.0,
one_contract_baseline,358,2025-08-20,2025-08-20T14:58:00+00:00,2025-08-20T15:10:00+00:00,SPXW-20250820-06330.000-C,CALL,2260.0,1139.9999999999998,1,2260.0,101180.0,102320.0,102320.0,0.011142,-310.0,1140.0,
one_contract_baseline,359,2025-08-20,2025-08-20T17:30:00+00:00,2025-08-20T17:37:00+00:00,SPXW-20250820-06360.000-C,CALL,2270.0,780.0000000000001,1,2270.0,102320.0,103100.0,103100.0,0.007565,830.0,780.0,
one_contract_baseline,360,2025-08-21,2025-08-21T14:01:00+00:00,2025-08-21T14:07:00+00:00,SPXW-20250821-06345.000-C,CALL,3260.0,950.0,1,3260.0,103100.0,104050.0,104050.0,0.00913,0.0,950.0,
one_contract_baseline,361,2025-08-21,2025-08-21T14:09:00+00:00,2025-08-21T14:18:00+00:00,SPXW-20250821-06355.000-C,CALL,3379.9999999999995,550.0,1,3379.9999999999995,104050.0,104600.0,104600.0,0.005258,950.0,550.0,
one_contract_baseline,362,2025-08-21,2025-08-21T14:27:00+00:00,2025-08-21T14:30:00+00:00,SPXW-20250821-06360.000-C,CALL,3270.0000000000005,319.99999999999955,1,3270.0000000000005,104600.0,104920.0,104920.0,0.00305,1500.0,320.0,
one_contract_baseline,363,2025-08-21,2025-08-21T15:05:00+00:00,2025-08-21T15:06:00+00:00,SPXW-20250821-06400.000-P,PUT,2030.0,259.9999999999998,1,2030.0,104920.0,105180.0,105180.0,0.002472,1820.0,260.0,
one_contract_baseline,364,2025-08-22,2025-08-22T14:00:00+00:00,2025-08-22T14:02:00+00:00,SPXW-20250822-06390.000-C,CALL,2960.0,3390.0,1,2960.0,105180.0,108570.0,108570.0,0.031224,0.0,3390.0,
one_contract_baseline,365,2025-08-22,2025-08-22T14:08:00+00:00,2025-08-22T14:13:00+00:00,SPXW-20250822-06425.000-C,CALL,3350.0,450.0,1,3350.0,108570.0,109020.0,109020.0,0.004128,3390.0,450.0,
one_contract_baseline,366,2025-08-22,2025-08-22T14:24:00+00:00,2025-08-22T14:27:00+00:00,SPXW-20250822-06425.000-C,CALL,3070.0,830.0000000000001,1,3070.0,109020.0,109850.0,109850.0,0.007556,3840.0,830.0,
one_contract_baseline,367,2025-08-22,2025-08-22T14:50:00+00:00,2025-08-22T14:51:00+00:00,SPXW-20250822-06440.000-C,CALL,3320.0000000000005,269.99999999999955,1,3320.0000000000005,109850.0,110120.0,110120.0,0.002452,4670.0,270.0,
one_contract_baseline,368,2025-08-25,2025-08-25T14:01:00+00:00,2025-08-25T14:07:00+00:00,SPXW-20250825-06425.000-C,CALL,3250.0,60.00000000000014,1,3250.0,110120.0,110180.0,110180.0,0.000545,0.0,60.0,
one_contract_baseline,369,2025-08-25,2025-08-25T14:27:00+00:00,2025-08-25T14:49:00+00:00,SPXW-20250825-06445.000-C,CALL,1330.0,50.0,1,1330.0,110180.0,110230.0,110230.0,0.000454,60.0,50.0,
one_contract_baseline,370,2025-08-25,2025-08-25T14:49:00+00:00,2025-08-25T15:14:00+00:00,SPXW-20250825-06450.000-C,CALL,1030.0,339.9999999999999,1,1030.0,110230.0,110570.0,110570.0,0.003075,110.0,340.0,
one_contract_baseline,371,2025-08-26,2025-08-26T14:00:00+00:00,2025-08-26T14:25:00+00:00,SPXW-20250826-06420.000-C,CALL,2220.0,460.0000000000001,1,2220.0,110570.0,111030.0,111030.0,0.004143,0.0,460.0,
one_contract_baseline,372,2025-08-26,2025-08-26T14:25:00+00:00,2025-08-26T14:50:00+00:00,SPXW-20250826-06415.000-C,CALL,3170.0,-450.0,1,3170.0,111030.0,110580.0,111030.0,0.0,460.0,-450.0,
one_contract_baseline,373,2025-08-26,2025-08-26T15:14:00+00:00,2025-08-26T15:25:00+00:00,SPXW-20250826-06410.000-C,CALL,3180.0,90.00000000000021,1,3180.0,110580.0,110670.0,111030.0,0.004053,10.0,90.0,
one_contract_baseline,374,2025-08-27,2025-08-27T14:02:00+00:00,2025-08-27T14:13:00+00:00,SPXW-20250827-06450.000-C,CALL,2020.0,200.0,1,2020.0,110670.0,110870.0,111030.0,0.003242,0.0,200.0,
one_contract_baseline,375,2025-08-27,2025-08-27T14:19:00+00:00,2025-08-27T14:23:00+00:00,SPXW-20250827-06440.000-C,CALL,3379.9999999999995,240.00000000000057,1,3379.9999999999995,110870.0,111110.0,111110.0,0.00216,200.0,240.0,
one_contract_baseline,376,2025-08-27,2025-08-27T14:33:00+00:00,2025-08-27T14:58:00+00:00,SPXW-20250827-06465.000-C,CALL,1420.0,-79.99999999999989,1,1420.0,111110.0,111030.0,111110.0,0.0,440.0,-80.0,
one_contract_baseline,377,2025-08-28,2025-08-28T14:00:00+00:00,2025-08-28T14:06:00+00:00,SPXW-20250828-06495.000-P,PUT,2570.0,-180.00000000000006,1,2570.0,111030.0,110850.0,111110.0,0.00072,0.0,-180.0,
one_contract_baseline,378,2025-08-28,2025-08-28T14:33:00+00:00,2025-08-28T14:58:00+00:00,SPXW-20250828-06465.000-C,CALL,1620.0,600.0,1,1620.0,110850.0,111450.0,111450.0,0.005384,-180.0,600.0,
one_contract_baseline,379,2025-08-28,2025-08-28T15:10:00+00:00,2025-08-28T15:35:00+00:00,SPXW-20250828-06470.000-C,CALL,1580.0,-20.000000000000107,1,1580.0,111450.0,111430.0,111450.0,0.0,420.0,-20.0,
one_contract_baseline,380,2025-08-29,2025-08-29T14:04:00+00:00,2025-08-29T14:07:00+00:00,SPXW-20250829-06470.000-P,PUT,1610.0000000000002,679.9999999999998,1,1610.0000000000002,111430.0,112110.0,112110.0,0.006065,0.0,680.0,
one_contract_baseline,381,2025-08-29,2025-08-29T14:08:00+00:00,2025-08-29T14:13:00+00:00,SPXW-20250829-06485.000-P,PUT,3310.0,169.99999999999957,1,3310.0,112110.0,112280.0,112280.0,0.001514,680.0,170.0,
one_contract_baseline,382,2025-08-29,2025-08-29T14:13:00+00:00,2025-08-29T14:15:00+00:00,SPXW-20250829-06425.000-C,CALL,3310.0,219.99999999999957,1,3310.0,112280.0,112500.0,112500.0,0.001956,850.0,220.0,
one_contract_baseline,383,2025-08-29,2025-08-29T14:33:00+00:00,2025-08-29T14:41:00+00:00,SPXW-20250829-06435.000-C,CALL,2910.0,189.99999999999983,1,2910.0,112500.0,112690.0,112690.0,0.001686,1070.0,190.0,
one_contract_baseline,384,2025-08-29,2025-08-29T14:55:00+00:00,2025-08-29T15:03:00+00:00,SPXW-20250829-06420.000-C,CALL,3370.0000000000005,229.99999999999972,1,3370.0000000000005,112690.0,112920.0,112920.0,0.002037,1260.0,230.0,
one_contract_baseline,385,2025-08-29,2025-08-29T15:26:00+00:00,2025-08-29T15:51:00+00:00,SPXW-20250829-06435.000-C,CALL,2620.0,-580.0000000000001,1,2620.0,112920.0,112340.0,112920.0,0.0,1490.0,-580.0,
one_contract_baseline,386,2025-09-02,2025-09-02T14:00:00+00:00,2025-09-02T14:05:00+00:00,SPXW-20250902-06405.000-C,CALL,1420.0,0.0,1,1420.0,112340.0,112340.0,112920.0,0.005136,0.0,0.0,
one_contract_baseline,387,2025-09-02,2025-09-02T14:28:00+00:00,2025-09-02T14:31:00+00:00,SPXW-20250902-06380.000-C,CALL,2270.0,580.0000000000001,1,2270.0,112340.0,112920.0,112920.0,0.005136,0.0,580.0,
one_contract_baseline,388,2025-09-02,2025-09-02T14:36:00+00:00,2025-09-02T14:51:00+00:00,SPXW-20250902-06375.000-C,CALL,3310.0,-1390.0000000000002,1,3310.0,112920.0,111530.0,112920.0,0.0,580.0,-1390.0,
one_contract_baseline,389,2025-09-03,2025-09-03T14:18:00+00:00,2025-09-03T14:20:00+00:00,SPXW-20250903-06440.000-C,CALL,630.0,220.00000000000003,1,630.0,111530.0,111750.0,112920.0,0.01231,0.0,220.0,
one_contract_baseline,390,2025-09-03,2025-09-03T14:23:00+00:00,2025-09-03T14:27:00+00:00,SPXW-20250903-06415.000-C,CALL,2810.0,209.99999999999977,1,2810.0,111750.0,111960.0,112920.0,0.010361,220.0,210.0,
one_contract_baseline,391,2025-09-03,2025-09-03T14:31:00+00:00,2025-09-03T14:35:00+00:00,SPXW-20250903-06420.000-C,CALL,2320.0,340.0000000000002,1,2320.0,111960.0,112300.0,112920.0,0.008502,430.0,340.0,
one_contract_baseline,392,2025-09-03,2025-09-03T14:43:00+00:00,2025-09-03T15:08:00+00:00,SPXW-20250903-06440.000-C,CALL,1300.0,159.99999999999997,1,1300.0,112300.0,112460.0,112920.0,0.005491,770.0,160.0,
one_contract_baseline,393,2025-09-03,2025-09-03T15:24:00+00:00,2025-09-03T15:37:00+00:00,SPXW-20250903-06410.000-C,CALL,3460.0,-480.00000000000006,1,3460.0,112460.0,111980.0,112920.0,0.004074,930.0,-480.0,
one_contract_baseline,394,2025-09-04,2025-09-04T14:01:00+00:00,2025-09-04T14:04:00+00:00,SPXW-20250904-06470.000-P,PUT,1490.0,420.0000000000001,1,1490.0,111980.0,112400.0,112920.0,0.008324,0.0,420.0,
one_contract_baseline,395,2025-09-04,2025-09-04T14:23:00+00:00,2025-09-04T14:26:00+00:00,SPXW-20250904-06445.000-C,CALL,1460.0,560.0,1,1460.0,112400.0,112960.0,112960.0,0.004958,420.0,560.0,
one_contract_baseline,396,2025-09-04,2025-09-04T14:28:00+00:00,2025-09-04T14:33:00+00:00,SPXW-20250904-06430.000-C,CALL,2970.0,540.0000000000002,1,2970.0,112960.0,113500.0,113500.0,0.004758,980.0,540.0,
one_contract_baseline,397,2025-09-04,2025-09-04T14:35:00+00:00,2025-09-04T14:40:00+00:00,SPXW-20250904-06435.000-C,CALL,2970.0,359.9999999999998,1,2970.0,113500.0,113860.0,113860.0,0.003162,1520.0,360.0,
one_contract_baseline,398,2025-09-04,2025-09-04T14:53:00+00:00,2025-09-04T15:00:00+00:00,SPXW-20250904-06435.000-C,CALL,3300.0,70.00000000000028,1,3300.0,113860.0,113930.0,113930.0,0.000614,1880.0,70.0,
one_contract_baseline,399,2025-09-04,2025-09-04T15:17:00+00:00,2025-09-04T15:29:00+00:00,SPXW-20250904-06450.000-C,CALL,2180.0,400.0,1,2180.0,113930.0,114330.0,114330.0,0.003499,1950.0,400.0,
one_contract_baseline,400,2025-09-05,2025-09-05T14:00:00+00:00,2025-09-05T14:03:00+00:00,SPXW-20250905-06515.000-P,PUT,930.0,359.99999999999994,1,930.0,114330.0,114690.0,114690.0,0.003139,0.0,360.0,
one_contract_baseline,401,2025-09-05,2025-09-05T14:05:00+00:00,2025-09-05T14:09:00+00:00,SPXW-20250905-06510.000-P,PUT,960.0,290.00000000000006,1,960.0,114690.0,114980.0,114980.0,0.002522,360.0,290.0,
one_contract_baseline,402,2025-09-05,2025-09-05T14:15:00+00:00,2025-09-05T14:17:00+00:00,SPXW-20250905-06520.000-P,PUT,2420.0,450.0,1,2420.0,114980.0,115430.0,115430.0,0.003898,650.0,450.0,
one_contract_baseline,403,2025-09-05,2025-09-05T14:21:00+00:00,2025-09-05T14:25:00+00:00,SPXW-20250905-06515.000-P,PUT,2640.0,1280.0000000000005,1,2640.0,115430.0,116710.0,116710.0,0.010967,1100.0,1280.0,
one_contract_baseline,404,2025-09-05,2025-09-05T14:26:00+00:00,2025-09-05T14:29:00+00:00,SPXW-20250905-06485.000-P,PUT,1830.0,480.00000000000006,1,1830.0,116710.0,117190.0,117190.0,0.004096,2380.0,480.0,
one_contract_baseline,405,2025-09-05,2025-09-05T14:30:00+00:00,2025-09-05T14:31:00+00:00,SPXW-20250905-06480.000-P,PUT,1760.0000000000002,59.99999999999979,1,1760.0000000000002,117190.0,117250.0,117250.0,0.000512,2860.0,60.0,
one_contract_baseline,406,2025-09-05,2025-09-05T14:41:00+00:00,2025-09-05T14:43:00+00:00,SPXW-20250905-06465.000-P,PUT,1350.0,460.0000000000001,1,1350.0,117250.0,117710.0,117710.0,0.003908,2920.0,460.0,
one_contract_baseline,407,2025-09-05,2025-09-05T14:48:00+00:00,2025-09-05T14:51:00+00:00,SPXW-20250905-06470.000-P,PUT,2140.0,400.0,1,2140.0,117710.0,118110.0,118110.0,0.003387,3380.0,400.0,
one_contract_baseline,408,2025-09-05,2025-09-05T14:52:00+00:00,2025-09-05T14:56:00+00:00,SPXW-20250905-06440.000-C,CALL,2930.0,349.99999999999966,1,2930.0,118110.0,118460.0,118460.0,0.002955,3780.0,350.0,
one_contract_baseline,409,2025-09-05,2025-09-05T15:20:00+00:00,2025-09-05T15:25:00+00:00,SPXW-20250905-06435.000-C,CALL,3140.0,510.0000000000001,1,3140.0,118460.0,118970.0,118970.0,0.004287,4130.0,510.0,
one_contract_baseline,410,2025-09-05,2025-09-05T15:27:00+00:00,2025-09-05T15:30:00+00:00,SPXW-20250905-06440.000-C,CALL,3110.0,469.99999999999955,1,3110.0,118970.0,119440.0,119440.0,0.003935,4640.0,470.0,
one_contract_baseline,411,2025-09-08,2025-09-08T14:01:00+00:00,2025-09-08T14:04:00+00:00,SPXW-20250908-06495.000-P,PUT,980.0,-20.000000000000107,1,980.0,119440.0,119420.0,119440.0,0.0,0.0,-20.0,
one_contract_baseline,412,2025-09-08,2025-09-08T14:07:00+00:00,2025-09-08T14:32:00+00:00,SPXW-20250908-06465.000-C,CALL,3170.0,380.00000000000006,1,3170.0,119420.0,119800.0,119800.0,0.003172,-20.0,380.0,
one_contract_baseline,413,2025-09-08,2025-09-08T14:36:00+00:00,2025-09-08T14:41:00+00:00,SPXW-20250908-06475.000-C,CALL,2540.0,230.00000000000009,1,2540.0,119800.0,120030.0,120030.0,0.001916,360.0,230.0,
one_contract_baseline,414,2025-09-08,2025-09-08T14:46:00+00:00,2025-09-08T15:11:00+00:00,SPXW-20250908-06490.000-C,CALL,1580.0,339.9999999999999,1,1580.0,120030.0,120370.0,120370.0,0.002825,590.0,340.0,
one_contract_baseline,415,2025-09-08,2025-09-08T18:15:00+00:00,2025-09-08T18:23:00+00:00,SPXW-20250908-06475.000-C,CALL,1600.0,450.0,1,1600.0,120370.0,120820.0,120820.0,0.003725,930.0,450.0,
one_contract_baseline,416,2025-09-09,2025-09-09T14:10:00+00:00,2025-09-09T14:13:00+00:00,SPXW-20250909-06485.000-C,CALL,2080.0,269.99999999999994,1,2080.0,120820.0,121090.0,121090.0,0.00223,0.0,270.0,
one_contract_baseline,417,2025-09-09,2025-09-09T14:35:00+00:00,2025-09-09T14:40:00+00:00,SPXW-20250909-06495.000-P,PUT,1410.0,-29.999999999999893,1,1410.0,121090.0,121060.0,121090.0,0.0,270.0,-30.0,
one_contract_baseline,418,2025-09-09,2025-09-09T15:15:00+00:00,2025-09-09T15:19:00+00:00,SPXW-20250909-06475.000-C,CALL,2100.0,130.00000000000006,1,2100.0,121060.0,121190.0,121190.0,0.001073,240.0,130.0,
one_contract_baseline,419,2025-09-10,2025-09-10T14:00:00+00:00,2025-09-10T14:08:00+00:00,SPXW-20250910-06535.000-C,CALL,1630.0,550.0,1,1630.0,121190.0,121740.0,121740.0,0.004518,0.0,550.0,
one_contract_baseline,420,2025-09-10,2025-09-10T14:21:00+00:00,2025-09-10T14:46:00+00:00,SPXW-20250910-06535.000-C,CALL,2150.0,-469.99999999999994,1,2150.0,121740.0,121270.0,121740.0,0.0,550.0,-470.0,
one_contract_baseline,421,2025-09-10,2025-09-10T14:47:00+00:00,2025-09-10T15:12:00+00:00,SPXW-20250910-06530.000-C,CALL,2050.0,-519.9999999999999,1,2050.0,121270.0,120750.0,121740.0,0.003861,80.0,-520.0,
one_contract_baseline,422,2025-09-11,2025-09-11T14:00:00+00:00,2025-09-11T14:09:00+00:00,SPXW-20250911-06545.000-C,CALL,2550.0,539.9999999999999,1,2550.0,120750.0,121290.0,121740.0,0.008132,0.0,540.0,
one_contract_baseline,423,2025-09-11,2025-09-11T14:11:00+00:00,2025-09-11T14:14:00+00:00,SPXW-20250911-06540.000-C,CALL,3100.0,89.99999999999986,1,3100.0,121290.0,121380.0,121740.0,0.003696,540.0,90.0,
one_contract_baseline,424,2025-09-11,2025-09-11T14:30:00+00:00,2025-09-11T14:35:00+00:00,SPXW-20250911-06540.000-C,CALL,3320.0000000000005,450.0,1,3320.0000000000005,121380.0,121830.0,121830.0,0.003694,630.0,450.0,
one_contract_baseline,425,2025-09-11,2025-09-11T14:39:00+00:00,2025-09-11T14:43:00+00:00,SPXW-20250911-06550.000-C,CALL,2970.0,180.00000000000006,1,2970.0,121830.0,122010.0,122010.0,0.001475,1080.0,180.0,
one_contract_baseline,426,2025-09-11,2025-09-11T15:25:00+00:00,2025-09-11T15:29:00+00:00,SPXW-20250911-06555.000-C,CALL,3080.0,19.99999999999993,1,3080.0,122010.0,122030.0,122030.0,0.000164,1260.0,20.0,
one_contract_baseline,427,2025-09-12,2025-09-12T14:02:00+00:00,2025-09-12T14:07:00+00:00,SPXW-20250912-06560.000-C,CALL,2930.0,189.99999999999983,1,2930.0,122030.0,122220.0,122220.0,0.001555,0.0,190.0,
one_contract_baseline,428,2025-09-12,2025-09-12T14:21:00+00:00,2025-09-12T14:25:00+00:00,SPXW-20250912-06565.000-C,CALL,2430.0,169.99999999999994,1,2430.0,122220.0,122390.0,122390.0,0.001389,190.0,170.0,
one_contract_baseline,429,2025-09-12,2025-09-12T14:28:00+00:00,2025-09-12T14:34:00+00:00,SPXW-20250912-06555.000-C,CALL,3450.0,100.0,1,3450.0,122390.0,122490.0,122490.0,0.000816,360.0,100.0,
one_contract_baseline,430,2025-09-12,2025-09-12T14:42:00+00:00,2025-09-12T14:48:00+00:00,SPXW-20250912-06565.000-C,CALL,2460.0,169.99999999999994,1,2460.0,122490.0,122660.0,122660.0,0.001386,460.0,170.0,
one_contract_baseline,431,2025-09-12,2025-09-12T14:49:00+00:00,2025-09-12T15:14:00+00:00,SPXW-20250912-06575.000-C,CALL,1720.0,10.000000000000142,1,1720.0,122660.0,122670.0,122670.0,8.2e-05,630.0,10.0,
one_contract_baseline,432,2025-09-15,2025-09-15T14:06:00+00:00,2025-09-15T14:09:00+00:00,SPXW-20250915-06580.000-C,CALL,3240.0,10.000000000000142,1,3240.0,122670.0,122680.0,122680.0,8.2e-05,0.0,10.0,
one_contract_baseline,433,2025-09-15,2025-09-15T14:39:00+00:00,2025-09-15T14:46:00+00:00,SPXW-20250915-06590.000-C,CALL,2510.0,359.9999999999998,1,2510.0,122680.0,123040.0,123040.0,0.002926,10.0,360.0,
one_contract_baseline,434,2025-09-15,2025-09-15T17:39:00+00:00,2025-09-15T17:48:00+00:00,SPXW-20250915-06590.000-C,CALL,2100.0,100.0,1,2100.0,123040.0,123140.0,123140.0,0.000812,370.0,100.0,
one_contract_baseline,435,2025-09-16,2025-09-16T14:17:00+00:00,2025-09-16T14:25:00+00:00,SPXW-20250916-06585.000-C,CALL,2720.0,110.00000000000014,1,2720.0,123140.0,123250.0,123250.0,0.000892,0.0,110.0,
one_contract_baseline,436,2025-09-16,2025-09-16T15:10:00+00:00,2025-09-16T15:35:00+00:00,SPXW-20250916-06580.000-C,CALL,2910.0,-460.0000000000001,1,2910.0,123250.0,122790.0,123250.0,0.0,110.0,-460.0,
one_contract_baseline,437,2025-09-17,2025-09-17T18:10:00+00:00,2025-09-17T18:11:00+00:00,SPXW-20250917-06635.000-P,PUT,3340.0,300.0,1,3340.0,122790.0,123090.0,123250.0,0.003732,0.0,300.0,
one_contract_baseline,438,2025-09-17,2025-09-17T18:13:00+00:00,2025-09-17T18:15:00+00:00,SPXW-20250917-06625.000-P,PUT,3240.0,1200.0,1,3240.0,123090.0,124290.0,124290.0,0.009655,300.0,1200.0,
one_contract_baseline,439,2025-09-17,2025-09-17T18:39:00+00:00,2025-09-17T18:40:00+00:00,SPXW-20250917-06600.000-P,PUT,2300.0,860.0000000000001,1,2300.0,124290.0,125150.0,125150.0,0.006872,1500.0,860.0,
one_contract_baseline,440,2025-09-17,2025-09-17T18:42:00+00:00,2025-09-17T18:43:00+00:00,SPXW-20250917-06595.000-P,PUT,2430.0,539.9999999999999,1,2430.0,125150.0,125690.0,125690.0,0.004296,2360.0,540.0,
one_contract_baseline,441,2025-09-17,2025-09-17T18:45:00+00:00,2025-09-17T18:46:00+00:00,SPXW-20250917-06590.000-P,PUT,2530.0,709.9999999999998,1,2530.0,125690.0,126400.0,126400.0,0.005617,2900.0,710.0,
one_contract_baseline,442,2025-09-17,2025-09-17T18:48:00+00:00,2025-09-17T18:49:00+00:00,SPXW-20250917-06550.000-C,CALL,3160.0,469.99999999999955,1,3160.0,126400.0,126870.0,126870.0,0.003705,3610.0,470.0,
one_contract_baseline,443,2025-09-17,2025-09-17T19:01:00+00:00,2025-09-17T19:02:00+00:00,SPXW-20250917-06585.000-C,CALL,1590.0,670.0000000000001,1,1590.0,126870.0,127540.0,127540.0,0.005253,4080.0,670.0,
one_contract_baseline,444,2025-09-17,2025-09-17T19:05:00+00:00,2025-09-17T19:06:00+00:00,SPXW-20250917-06570.000-C,CALL,3150.0,170.00000000000028,1,3150.0,127540.0,127710.0,127710.0,0.001331,4750.0,170.0,
one_contract_baseline,445,2025-09-18,2025-09-18T14:00:00+00:00,2025-09-18T14:04:00+00:00,SPXW-20250918-06605.000-C,CALL,2880.0,440.0000000000002,1,2880.0,127710.0,128150.0,128150.0,0.003433,0.0,440.0,
one_contract_baseline,446,2025-09-18,2025-09-18T14:06:00+00:00,2025-09-18T14:21:00+00:00,SPXW-20250918-06630.000-C,CALL,1680.0,769.9999999999999,1,1680.0,128150.0,128920.0,128920.0,0.005973,440.0,770.0,
one_contract_baseline,447,2025-09-18,2025-09-18T14:25:00+00:00,2025-09-18T14:31:00+00:00,SPXW-20250918-06625.000-C,CALL,2810.0,469.99999999999955,1,2810.0,128920.0,129390.0,129390.0,0.003632,1210.0,470.0,
one_contract_baseline,448,2025-09-18,2025-09-18T14:46:00+00:00,2025-09-18T15:11:00+00:00,SPXW-20250918-06630.000-C,CALL,1789.9999999999998,-429.9999999999999,1,1789.9999999999998,129390.0,128960.0,129390.0,0.0,1680.0,-430.0,
one_contract_baseline,449,2025-09-18,2025-09-18T15:11:00+00:00,2025-09-18T15:13:00+00:00,SPXW-20250918-06620.000-C,CALL,2110.0,89.99999999999986,1,2110.0,128960.0,129050.0,129390.0,0.003323,1250.0,90.0,
one_contract_baseline,450,2025-09-18,2025-09-18T15:24:00+00:00,2025-09-18T15:27:00+00:00,SPXW-20250918-06610.000-C,CALL,3370.0000000000005,229.99999999999972,1,3370.0000000000005,129050.0,129280.0,129390.0,0.002628,1340.0,230.0,
one_contract_baseline,451,2025-09-19,2025-09-19T14:01:00+00:00,2025-09-19T14:07:00+00:00,SPXW-20250919-06615.000-C,CALL,3450.0,179.99999999999972,1,3450.0,129280.0,129460.0,129460.0,0.00139,0.0,180.0,
one_contract_baseline,452,2025-09-19,2025-09-19T14:29:00+00:00,2025-09-19T14:33:00+00:00,SPXW-20250919-06670.000-P,PUT,2470.0,50.0,1,2470.0,129460.0,129510.0,129510.0,0.000386,180.0,50.0,
one_contract_baseline,453,2025-09-19,2025-09-19T17:30:00+00:00,2025-09-19T17:34:00+00:00,SPXW-20250919-06620.000-C,CALL,3240.0,230.00000000000043,1,3240.0,129510.0,129740.0,129740.0,0.001773,230.0,230.0,
one_contract_baseline,454,2025-09-19,2025-09-19T17:59:00+00:00,2025-09-19T18:22:00+00:00,SPXW-20250919-06635.000-C,CALL,1880.0,59.99999999999979,1,1880.0,129740.0,129800.0,129800.0,0.000462,460.0,60.0,
one_contract_baseline,455,2025-09-22,2025-09-22T14:01:00+00:00,2025-09-22T14:26:00+00:00,SPXW-20250922-06650.000-C,CALL,1250.0,269.99999999999994,1,1250.0,129800.0,130070.0,130070.0,0.002076,0.0,270.0,
one_contract_baseline,456,2025-09-22,2025-09-22T14:29:00+00:00,2025-09-22T14:54:00+00:00,SPXW-20250922-06655.000-C,CALL,1370.0,869.9999999999999,1,1370.0,130070.0,130940.0,130940.0,0.006644,270.0,870.0,
one_contract_baseline,457,2025-09-22,2025-09-22T15:06:00+00:00,2025-09-22T15:11:00+00:00,SPXW-20250922-06645.000-C,CALL,3100.0,170.00000000000028,1,3100.0,130940.0,131110.0,131110.0,0.001297,1140.0,170.0,
one_contract_baseline,458,2025-09-23,2025-09-23T14:09:00+00:00,2025-09-23T14:15:00+00:00,SPXW-20250923-06680.000-C,CALL,1840.0,120.00000000000028,1,1840.0,131110.0,131230.0,131230.0,0.000914,0.0,120.0,
one_contract_baseline,459,2025-09-23,2025-09-23T14:56:00+00:00,2025-09-23T14:58:00+00:00,SPXW-20250923-06710.000-P,PUT,1850.0,180.00000000000006,1,1850.0,131230.0,131410.0,131410.0,0.00137,120.0,180.0,
one_contract_baseline,460,2025-09-23,2025-09-23T17:30:00+00:00,2025-09-23T17:32:00+00:00,SPXW-20250923-06690.000-P,PUT,2750.0,180.00000000000006,1,2750.0,131410.0,131590.0,131590.0,0.001368,300.0,180.0,
one_contract_baseline,461,2025-09-23,2025-09-23T17:37:00+00:00,2025-09-23T17:42:00+00:00,SPXW-20250923-06665.000-P,PUT,1350.0,639.9999999999999,1,1350.0,131590.0,132230.0,132230.0,0.00484,480.0,640.0,
one_contract_baseline,462,2025-09-23,2025-09-23T17:48:00+00:00,2025-09-23T17:51:00+00:00,SPXW-20250923-06640.000-C,CALL,1800.0,310.0000000000001,1,1800.0,132230.0,132540.0,132540.0,0.002339,1120.0,310.0,
one_contract_baseline,463,2025-09-23,2025-09-23T17:56:00+00:00,2025-09-23T17:57:00+00:00,SPXW-20250923-06670.000-P,PUT,1620.0,40.00000000000021,1,1620.0,132540.0,132580.0,132580.0,0.000302,1430.0,40.0,
one_contract_baseline,464,2025-09-23,2025-09-23T18:33:00+00:00,2025-09-23T18:37:00+00:00,SPXW-20250923-06625.000-C,CALL,3270.0000000000005,109.99999999999945,1,3270.0000000000005,132580.0,132690.0,132690.0,0.000829,1470.0,110.0,
one_contract_baseline,465,2025-09-24,2025-09-24T14:05:00+00:00,2025-09-24T14:06:00+00:00,SPXW-20250924-06665.000-P,PUT,1240.0,209.99999999999997,1,1240.0,132690.0,132900.0,132900.0,0.00158,0.0,210.0,
one_contract_baseline,466,2025-09-24,2025-09-24T14:49:00+00:00,2025-09-24T14:54:00+00:00,SPXW-20250924-06635.000-C,CALL,2760.0,-100.0,1,2760.0,132900.0,132800.0,132900.0,0.0,210.0,-100.0,
one_contract_baseline,467,2025-09-24,2025-09-24T17:30:00+00:00,2025-09-24T17:36:00+00:00,SPXW-20250924-06625.000-C,CALL,1650.0,89.99999999999986,1,1650.0,132800.0,132890.0,132900.0,0.000752,110.0,90.0,
one_contract_baseline,468,2025-09-25,2025-09-25T14:00:00+00:00,2025-09-25T14:10:00+00:00,SPXW-20250925-06610.000-P,PUT,3210.0,-1610.0000000000002,1,3210.0,132890.0,131280.0,132900.0,7.5e-05,0.0,-1610.0,
one_contract_baseline,469,2025-09-25,2025-09-25T14:15:00+00:00,2025-09-25T14:24:00+00:00,SPXW-20250925-06585.000-C,CALL,2680.0,590.0000000000002,1,2680.0,131280.0,131870.0,132900.0,0.01219,-1610.0,590.0,
one_contract_baseline,470,2025-09-25,2025-09-25T14:25:00+00:00,2025-09-25T14:40:00+00:00,SPXW-20250925-06585.000-C,CALL,3450.0,-179.99999999999972,1,3450.0,131870.0,131690.0,132900.0,0.00775,-1020.0,-180.0,
one_contract_baseline,471,2025-09-26,2025-09-26T14:03:00+00:00,2025-09-26T14:04:00+00:00,SPXW-20250926-06645.000-P,PUT,1400.0,239.99999999999983,1,1400.0,131690.0,131930.0,132900.0,0.009105,0.0,240.0,
one_contract_baseline,472,2025-09-26,2025-09-26T14:07:00+00:00,2025-09-26T14:09:00+00:00,SPXW-20250926-06650.000-P,PUT,2540.0,340.0000000000002,1,2540.0,131930.0,132270.0,132900.0,0.007299,240.0,340.0,
one_contract_baseline,473,2025-09-26,2025-09-26T14:13:00+00:00,2025-09-26T14:14:00+00:00,SPXW-20250926-06640.000-P,PUT,2170.0,390.0000000000002,1,2170.0,132270.0,132660.0,132900.0,0.00474,580.0,390.0,
one_contract_baseline,474,2025-09-26,2025-09-26T14:16:00+00:00,2025-09-26T14:18:00+00:00,SPXW-20250926-06590.000-C,CALL,3360.0,339.9999999999999,1,3360.0,132660.0,133000.0,133000.0,0.002556,970.0,340.0,
one_contract_baseline,475,2025-09-26,2025-09-26T14:30:00+00:00,2025-09-26T14:31:00+00:00,SPXW-20250926-06625.000-P,PUT,2010.0,219.99999999999991,1,2010.0,133000.0,133220.0,133220.0,0.001651,1310.0,220.0,
one_contract_baseline,476,2025-09-26,2025-09-26T14:38:00+00:00,2025-09-26T14:43:00+00:00,SPXW-20250926-06590.000-C,CALL,2930.0,849.9999999999997,1,2930.0,133220.0,134070.0,134070.0,0.00634,1530.0,850.0,
one_contract_baseline,477,2025-09-26,2025-09-26T14:44:00+00:00,2025-09-26T14:51:00+00:00,SPXW-20250926-06655.000-P,PUT,3400.0,1389.9999999999998,1,3400.0,134070.0,135460.0,135460.0,0.010261,2380.0,1390.0,
one_contract_baseline,478,2025-09-26,2025-09-26T15:19:00+00:00,2025-09-26T15:23:00+00:00,SPXW-20250926-06585.000-C,CALL,3370.0000000000005,79.99999999999972,1,3370.0000000000005,135460.0,135540.0,135540.0,0.00059,3770.0,80.0,
one_contract_baseline,479,2025-09-26,2025-09-26T15:25:00+00:00,2025-09-26T15:28:00+00:00,SPXW-20250926-06595.000-C,CALL,2540.0,480.00000000000006,1,2540.0,135540.0,136020.0,136020.0,0.003529,3850.0,480.0,
one_contract_baseline,480,2025-09-29,2025-09-29T14:06:00+00:00,2025-09-29T14:09:00+00:00,SPXW-20250929-06645.000-C,CALL,2610.0,429.9999999999997,1,2610.0,136020.0,136450.0,136450.0,0.003151,0.0,430.0,
one_contract_baseline,481,2025-09-29,2025-09-29T14:09:00+00:00,2025-09-29T14:34:00+00:00,SPXW-20250929-06665.000-C,CALL,1400.0,-50.0,1,1400.0,136450.0,136400.0,136450.0,0.0,430.0,-50.0,
one_contract_baseline,482,2025-09-30,2025-09-30T14:02:00+00:00,2025-09-30T14:05:00+00:00,SPXW-20250930-06630.000-C,CALL,3100.0,0.0,1,3100.0,136400.0,136400.0,136450.0,0.000366,0.0,0.0,
one_contract_baseline,483,2025-09-30,2025-09-30T14:28:00+00:00,2025-09-30T14:29:00+00:00,SPXW-20250930-06670.000-P,PUT,2010.0,89.99999999999986,1,2010.0,136400.0,136490.0,136490.0,0.000659,0.0,90.0,
one_contract_baseline,484,2025-09-30,2025-09-30T14:30:00+00:00,2025-09-30T14:32:00+00:00,SPXW-20250930-06625.000-C,CALL,3200.0,150.0,1,3200.0,136490.0,136640.0,136640.0,0.001098,90.0,150.0,
one_contract_baseline,485,2025-09-30,2025-09-30T14:48:00+00:00,2025-09-30T14:56:00+00:00,SPXW-20250930-06635.000-C,CALL,2260.0,379.9999999999997,1,2260.0,136640.0,137020.0,137020.0,0.002773,240.0,380.0,
one_contract_baseline,486,2025-10-01,2025-10-01T14:01:00+00:00,2025-10-01T14:10:00+00:00,SPXW-20251001-06695.000-P,PUT,3160.0,-340.0000000000002,1,3160.0,137020.0,136680.0,137020.0,0.0,0.0,-340.0,
one_contract_baseline,487,2025-10-01,2025-10-01T14:26:00+00:00,2025-10-01T14:33:00+00:00,SPXW-20251001-06650.000-C,CALL,3300.0,-79.99999999999972,1,3300.0,136680.0,136600.0,137020.0,0.002481,-340.0,-80.0,
one_contract_baseline,488,2025-10-02,2025-10-02T14:00:00+00:00,2025-10-02T14:12:00+00:00,SPXW-20251002-06735.000-P,PUT,1930.0,669.9999999999999,1,1930.0,136600.0,137270.0,137270.0,0.004881,0.0,670.0,
one_contract_baseline,489,2025-10-02,2025-10-02T14:44:00+00:00,2025-10-02T14:52:00+00:00,SPXW-20251002-06725.000-P,PUT,1880.0,439.9999999999999,1,1880.0,137270.0,137710.0,137710.0,0.003195,670.0,440.0,
one_contract_baseline,490,2025-10-02,2025-10-02T17:34:00+00:00,2025-10-02T17:36:00+00:00,SPXW-20251002-06685.000-C,CALL,2720.0,-30.00000000000007,1,2720.0,137710.0,137680.0,137710.0,0.0,1110.0,-30.0,
one_contract_baseline,491,2025-10-02,2025-10-02T17:39:00+00:00,2025-10-02T17:45:00+00:00,SPXW-20251002-06690.000-C,CALL,2210.0,200.0,1,2210.0,137680.0,137880.0,137880.0,0.001451,1080.0,200.0,
one_contract_baseline,492,2025-10-03,2025-10-03T14:00:00+00:00,2025-10-03T14:12:00+00:00,SPXW-20251003-06740.000-P,PUT,1430.0,59.999999999999964,1,1430.0,137880.0,137940.0,137940.0,0.000435,0.0,60.0,
one_contract_baseline,493,2025-10-03,2025-10-03T14:25:00+00:00,2025-10-03T14:32:00+00:00,SPXW-20251003-06705.000-C,CALL,3220.0000000000005,459.99999999999943,1,3220.0000000000005,137940.0,138400.0,138400.0,0.003324,60.0,460.0,
one_contract_baseline,494,2025-10-03,2025-10-03T17:44:00+00:00,2025-10-03T17:54:00+00:00,SPXW-20251003-06735.000-P,PUT,1210.0,1360.0,1,1210.0,138400.0,139760.0,139760.0,0.009731,520.0,1360.0,
one_contract_baseline,495,2025-10-06,2025-10-06T14:01:00+00:00,2025-10-06T14:06:00+00:00,SPXW-20251006-06720.000-P,PUT,680.0,170.00000000000003,1,680.0,139760.0,139930.0,139930.0,0.001215,0.0,170.0,
one_contract_baseline,496,2025-10-06,2025-10-06T14:15:00+00:00,2025-10-06T14:21:00+00:00,SPXW-20251006-06700.000-C,CALL,2940.0,40.00000000000021,1,2940.0,139930.0,139970.0,139970.0,0.000286,170.0,40.0,
one_contract_baseline,497,2025-10-06,2025-10-06T14:32:00+00:00,2025-10-06T14:40:00+00:00,SPXW-20251006-06695.000-C,CALL,3510.0,250.0,1,3510.0,139970.0,140220.0,140220.0,0.001783,210.0,250.0,
one_contract_baseline,498,2025-10-06,2025-10-06T14:43:00+00:00,2025-10-06T14:53:00+00:00,SPXW-20251006-06720.000-C,CALL,1390.0,79.99999999999989,1,1390.0,140220.0,140300.0,140300.0,0.00057,460.0,80.0,
one_contract_baseline,499,2025-10-06,2025-10-06T14:56:00+00:00,2025-10-06T15:05:00+00:00,SPXW-20251006-06705.000-C,CALL,2680.0,319.99999999999994,1,2680.0,140300.0,140620.0,140620.0,0.002276,540.0,320.0,
one_contract_baseline,500,2025-10-06,2025-10-06T15:24:00+00:00,2025-10-06T15:29:00+00:00,SPXW-20251006-06705.000-C,CALL,3080.0,199.9999999999997,1,3080.0,140620.0,140820.0,140820.0,0.00142,860.0,200.0,
one_contract_baseline,501,2025-10-06,2025-10-06T17:33:00+00:00,2025-10-06T17:40:00+00:00,SPXW-20251006-06720.000-C,CALL,2520.0,40.00000000000021,1,2520.0,140820.0,140860.0,140860.0,0.000284,1060.0,40.0,
one_contract_baseline,502,2025-10-07,2025-10-07T14:01:00+00:00,2025-10-07T14:15:00+00:00,SPXW-20251007-06760.000-P,PUT,1670.0,150.0,1,1670.0,140860.0,141010.0,141010.0,0.001064,0.0,150.0,
one_contract_baseline,503,2025-10-07,2025-10-07T14:29:00+00:00,2025-10-07T14:46:00+00:00,SPXW-20251007-06745.000-P,PUT,1180.0,329.9999999999999,1,1180.0,141010.0,141340.0,141340.0,0.002335,150.0,330.0,
one_contract_baseline,504,2025-10-07,2025-10-07T15:06:00+00:00,2025-10-07T15:17:00+00:00,SPXW-20251007-06720.000-P,PUT,790.0,179.9999999999999,1,790.0,141340.0,141520.0,141520.0,0.001272,480.0,180.0,
one_contract_baseline,505,2025-10-08,2025-10-08T14:00:00+00:00,2025-10-08T14:09:00+00:00,SPXW-20251008-06695.000-C,CALL,3460.0,1129.9999999999998,1,3460.0,141520.0,142650.0,142650.0,0.007921,0.0,1130.0,
one_contract_baseline,506,2025-10-08,2025-10-08T14:25:00+00:00,2025-10-08T14:31:00+00:00,SPXW-20251008-06710.000-C,CALL,3210.0,250.0,1,3210.0,142650.0,142900.0,142900.0,0.001749,1130.0,250.0,
one_contract_baseline,507,2025-10-08,2025-10-08T14:36:00+00:00,2025-10-08T14:46:00+00:00,SPXW-20251008-06715.000-C,CALL,2920.0,-80.00000000000007,1,2920.0,142900.0,142820.0,142900.0,0.0,1380.0,-80.0,
one_contract_baseline,508,2025-10-08,2025-10-08T18:46:00+00:00,2025-10-08T18:49:00+00:00,SPXW-20251008-06735.000-C,CALL,1390.0,9.999999999999964,1,1390.0,142820.0,142830.0,142900.0,0.00056,1300.0,10.0,
one_contract_baseline,509,2025-10-09,2025-10-09T14:00:00+00:00,2025-10-09T14:11:00+00:00,SPXW-20251009-06765.000-P,PUT,2420.0,-59.99999999999979,1,2420.0,142830.0,142770.0,142900.0,0.00049,0.0,-60.0,
one_contract_baseline,510,2025-10-09,2025-10-09T14:25:00+00:00,2025-10-09T14:33:00+00:00,SPXW-20251009-06755.000-P,PUT,1850.0,600.0,1,1850.0,142770.0,143370.0,143370.0,0.004185,-60.0,600.0,
one_contract_baseline,511,2025-10-09,2025-10-09T15:15:00+00:00,2025-10-09T15:23:00+00:00,SPXW-20251009-06705.000-C,CALL,3500.0,-129.99999999999972,1,3500.0,143370.0,143240.0,143370.0,0.0,540.0,-130.0,
one_contract_baseline,512,2025-10-10,2025-10-10T14:01:00+00:00,2025-10-10T14:07:00+00:00,SPXW-20251010-06750.000-P,PUT,819.9999999999999,180.00000000000006,1,819.9999999999999,143240.0,143420.0,143420.0,0.001255,0.0,180.0,
one_contract_baseline,513,2025-10-10,2025-10-10T14:26:00+00:00,2025-10-10T14:33:00+00:00,SPXW-20251010-06730.000-C,CALL,2600.0,-260.0000000000001,1,2600.0,143420.0,143160.0,143420.0,0.0,180.0,-260.0,
one_contract_baseline,514,2025-10-10,2025-10-10T14:40:00+00:00,2025-10-10T14:44:00+00:00,SPXW-20251010-06750.000-P,PUT,920.0,110.00000000000014,1,920.0,143160.0,143270.0,143420.0,0.001813,-80.0,110.0,
one_contract_baseline,515,2025-10-10,2025-10-10T14:57:00+00:00,2025-10-10T14:58:00+00:00,SPXW-20251010-06735.000-P,PUT,330.0,700.0000000000001,1,330.0,143270.0,143970.0,143970.0,0.004862,30.0,700.0,
one_contract_baseline,516,2025-10-13,2025-10-13T14:00:00+00:00,2025-10-13T14:02:00+00:00,SPXW-20251013-06630.000-C,CALL,3150.0,-119.99999999999991,1,3150.0,143970.0,143850.0,143970.0,0.0,0.0,-120.0,
one_contract_baseline,517,2025-10-13,2025-10-13T14:03:00+00:00,2025-10-13T14:07:00+00:00,SPXW-20251013-06630.000-C,CALL,2700.0,339.9999999999999,1,2700.0,143850.0,144190.0,144190.0,0.002358,-120.0,340.0,
one_contract_baseline,518,2025-10-13,2025-10-13T14:25:00+00:00,2025-10-13T14:28:00+00:00,SPXW-20251013-06650.000-P,PUT,2490.0,670.0000000000002,1,2490.0,144190.0,144860.0,144860.0,0.004625,220.0,670.0,
one_contract_baseline,519,2025-10-13,2025-10-13T14:28:00+00:00,2025-10-13T14:41:00+00:00,SPXW-20251013-06615.000-C,CALL,2580.0,1149.9999999999995,1,2580.0,144860.0,146010.0,146010.0,0.007876,890.0,1150.0,
one_contract_baseline,520,2025-10-14,2025-10-14T14:04:00+00:00,2025-10-14T14:09:00+00:00,SPXW-20251014-06570.000-C,CALL,3410.0,560.0000000000001,1,3410.0,146010.0,146570.0,146570.0,0.003821,0.0,560.0,
one_contract_baseline,521,2025-10-14,2025-10-14T14:09:00+00:00,2025-10-14T14:16:00+00:00,SPXW-20251014-06620.000-P,PUT,3220.0000000000005,-230.00000000000043,1,3220.0000000000005,146570.0,146340.0,146570.0,0.0,560.0,-230.0,
one_contract_baseline,522,2025-10-14,2025-10-14T14:32:00+00:00,2025-10-14T14:42:00+00:00,SPXW-20251014-06590.000-C,CALL,3440.0,680.0000000000005,1,3440.0,146340.0,147020.0,147020.0,0.004625,330.0,680.0,
one_contract_baseline,523,2025-10-14,2025-10-14T14:54:00+00:00,2025-10-14T15:02:00+00:00,SPXW-20251014-06595.000-C,CALL,3200.0,450.0,1,3200.0,147020.0,147470.0,147470.0,0.003051,1010.0,450.0,
one_contract_baseline,524,2025-10-14,2025-10-14T15:10:00+00:00,2025-10-14T15:13:00+00:00,SPXW-20251014-06600.000-C,CALL,3270.0000000000005,69.99999999999957,1,3270.0000000000005,147470.0,147540.0,147540.0,0.000474,1460.0,70.0,
one_contract_baseline,525,2025-10-14,2025-10-14T17:30:00+00:00,2025-10-14T17:35:00+00:00,SPXW-20251014-06655.000-C,CALL,2420.0,-539.9999999999999,1,2420.0,147540.0,147000.0,147540.0,0.0,1530.0,-540.0,
one_contract_baseline,526,2025-10-14,2025-10-14T18:18:00+00:00,2025-10-14T18:21:00+00:00,SPXW-20251014-06650.000-C,CALL,2530.0,-160.00000000000014,1,2530.0,147000.0,146840.0,147540.0,0.00366,990.0,-160.0,
one_contract_baseline,527,2025-10-14,2025-10-14T18:22:00+00:00,2025-10-14T18:29:00+00:00,SPXW-20251014-06660.000-C,CALL,1300.0,430.00000000000006,1,1300.0,146840.0,147270.0,147540.0,0.004744,830.0,430.0,
one_contract_baseline,528,2025-10-15,2025-10-15T14:00:00+00:00,2025-10-15T14:11:00+00:00,SPXW-20251015-06680.000-C,CALL,3340.0,1339.9999999999998,1,3340.0,147270.0,148610.0,148610.0,0.009017,0.0,1340.0,
one_contract_baseline,529,2025-10-15,2025-10-15T14:15:00+00:00,2025-10-15T14:29:00+00:00,SPXW-20251015-06700.000-C,CALL,2540.0,110.00000000000014,1,2540.0,148610.0,148720.0,148720.0,0.00074,1340.0,110.0,
one_contract_baseline,530,2025-10-15,2025-10-15T14:30:00+00:00,2025-10-15T14:37:00+00:00,SPXW-20251015-06695.000-C,CALL,2980.0,-130.00000000000006,1,2980.0,148720.0,148590.0,148720.0,0.0,1450.0,-130.0,
one_contract_baseline,531,2025-10-15,2025-10-15T14:42:00+00:00,2025-10-15T14:49:00+00:00,SPXW-20251015-06695.000-C,CALL,2370.0,-9.999999999999789,1,2370.0,148590.0,148580.0,148720.0,0.000874,1320.0,-10.0,
one_contract_baseline,532,2025-10-15,2025-10-15T14:51:00+00:00,2025-10-15T15:00:00+00:00,SPXW-20251015-06700.000-C,CALL,1860.0,139.99999999999986,1,1860.0,148580.0,148720.0,148720.0,0.000941,1310.0,140.0,
one_contract_baseline,533,2025-10-15,2025-10-15T15:13:00+00:00,2025-10-15T15:16:00+00:00,SPXW-20251015-06685.000-C,CALL,2470.0,169.99999999999994,1,2470.0,148720.0,148890.0,148890.0,0.001142,1450.0,170.0,
one_contract_baseline,534,2025-10-15,2025-10-15T15:17:00+00:00,2025-10-15T15:24:00+00:00,SPXW-20251015-06680.000-C,CALL,2740.0,110.00000000000014,1,2740.0,148890.0,149000.0,149000.0,0.000738,1620.0,110.0,
one_contract_baseline,535,2025-10-15,2025-10-15T17:33:00+00:00,2025-10-15T17:38:00+00:00,SPXW-20251015-06615.000-C,CALL,2700.0,900.0,1,2700.0,149000.0,149900.0,149900.0,0.006004,1730.0,900.0,
one_contract_baseline,536,2025-10-15,2025-10-15T17:45:00+00:00,2025-10-15T17:51:00+00:00,SPXW-20251015-06630.000-C,CALL,2760.0,829.9999999999998,1,2760.0,149900.0,150730.0,150730.0,0.005507,2630.0,830.0,
one_contract_baseline,537,2025-10-16,2025-10-16T14:00:00+00:00,2025-10-16T14:08:00+00:00,SPXW-20251016-06715.000-P,PUT,3379.9999999999995,270.0000000000003,1,3379.9999999999995,150730.0,151000.0,151000.0,0.001788,0.0,270.0,
one_contract_baseline,538,2025-10-16,2025-10-16T14:25:00+00:00,2025-10-16T14:30:00+00:00,SPXW-20251016-06670.000-C,CALL,3210.0,-20.000000000000284,1,3210.0,151000.0,150980.0,151000.0,0.0,270.0,-20.0,
one_contract_baseline,539,2025-10-16,2025-10-16T14:37:00+00:00,2025-10-16T14:46:00+00:00,SPXW-20251016-06675.000-C,CALL,3229.9999999999995,570.0000000000002,1,3229.9999999999995,150980.0,151550.0,151550.0,0.003761,250.0,570.0,
one_contract_baseline,540,2025-10-17,2025-10-17T14:00:00+00:00,2025-10-17T14:07:00+00:00,SPXW-20251017-06640.000-P,PUT,3310.0,-390.0000000000002,1,3310.0,151550.0,151160.0,151550.0,0.0,0.0,-390.0,
one_contract_baseline,541,2025-10-17,2025-10-17T14:11:00+00:00,2025-10-17T14:17:00+00:00,SPXW-20251017-06625.000-C,CALL,3080.0,1299.9999999999995,1,3080.0,151160.0,152460.0,152460.0,0.008527,-390.0,1300.0,
one_contract_baseline,542,2025-10-17,2025-10-17T14:44:00+00:00,2025-10-17T14:50:00+00:00,SPXW-20251017-06650.000-P,PUT,3340.0,-60.00000000000014,1,3340.0,152460.0,152400.0,152460.0,0.0,910.0,-60.0,
one_contract_baseline,543,2025-10-17,2025-10-17T14:52:00+00:00,2025-10-17T15:01:00+00:00,SPXW-20251017-06650.000-P,PUT,3310.0,929.9999999999998,1,3310.0,152400.0,153330.0,153330.0,0.006065,850.0,930.0,
one_contract_baseline,544,2025-10-17,2025-10-17T15:11:00+00:00,2025-10-17T15:17:00+00:00,SPXW-20251017-06645.000-P,PUT,3110.0,789.9999999999999,1,3110.0,153330.0,154120.0,154120.0,0.005126,1780.0,790.0,
one_contract_baseline,545,2025-10-17,2025-10-17T17:32:00+00:00,2025-10-17T17:35:00+00:00,SPXW-20251017-06615.000-C,CALL,2800.0,470.0000000000003,1,2800.0,154120.0,154590.0,154590.0,0.00304,2570.0,470.0,
one_contract_baseline,546,2025-10-17,2025-10-17T17:58:00+00:00,2025-10-17T18:01:00+00:00,SPXW-20251017-06630.000-C,CALL,2350.0,469.99999999999994,1,2350.0,154590.0,155060.0,155060.0,0.003031,3040.0,470.0,
one_contract_baseline,547,2025-10-20,2025-10-20T14:00:00+00:00,2025-10-20T14:13:00+00:00,SPXW-20251020-06685.000-C,CALL,3110.0,719.9999999999995,1,3110.0,155060.0,155780.0,155780.0,0.004622,0.0,720.0,
one_contract_baseline,548,2025-10-20,2025-10-20T14:25:00+00:00,2025-10-20T14:33:00+00:00,SPXW-20251020-06690.000-C,CALL,3410.0,289.9999999999999,1,3410.0,155780.0,156070.0,156070.0,0.001858,720.0,290.0,
one_contract_baseline,549,2025-10-20,2025-10-20T14:35:00+00:00,2025-10-20T14:42:00+00:00,SPXW-20251020-06700.000-C,CALL,2660.0,660.0000000000001,1,2660.0,156070.0,156730.0,156730.0,0.004211,1010.0,660.0,
one_contract_baseline,550,2025-10-20,2025-10-20T17:38:00+00:00,2025-10-20T17:43:00+00:00,SPXW-20251020-06730.000-C,CALL,1330.0,150.0,1,1330.0,156730.0,156880.0,156880.0,0.000956,1670.0,150.0,
one_contract_baseline,551,2025-10-21,2025-10-21T14:00:00+00:00,2025-10-21T14:10:00+00:00,SPXW-20251021-06750.000-P,PUT,2570.0,-100.0,1,2570.0,156880.0,156780.0,156880.0,0.0,0.0,-100.0,
one_contract_baseline,552,2025-10-21,2025-10-21T14:25:00+00:00,2025-10-21T14:33:00+00:00,SPXW-20251021-06765.000-P,PUT,2880.0,1149.9999999999995,1,2880.0,156780.0,157930.0,157930.0,0.007282,-100.0,1150.0,
one_contract_baseline,553,2025-10-22,2025-10-22T14:01:00+00:00,2025-10-22T14:09:00+00:00,SPXW-20251022-06710.000-C,CALL,3070.0,90.00000000000021,1,3070.0,157930.0,158020.0,158020.0,0.00057,0.0,90.0,
one_contract_baseline,554,2025-10-22,2025-10-22T14:10:00+00:00,2025-10-22T14:19:00+00:00,SPXW-20251022-06740.000-P,PUT,1410.0,40.000000000000036,1,1410.0,158020.0,158060.0,158060.0,0.000253,90.0,40.0,
one_contract_baseline,555,2025-10-22,2025-10-22T14:26:00+00:00,2025-10-22T14:36:00+00:00,SPXW-20251022-06730.000-P,PUT,1230.0,1089.9999999999998,1,1230.0,158060.0,159150.0,159150.0,0.006849,130.0,1090.0,
one_contract_baseline,556,2025-10-22,2025-10-22T14:38:00+00:00,2025-10-22T14:45:00+00:00,SPXW-20251022-06735.000-P,PUT,2310.0,689.9999999999999,1,2310.0,159150.0,159840.0,159840.0,0.004317,1220.0,690.0,
one_contract_baseline,557,2025-10-23,2025-10-23T14:00:00+00:00,2025-10-23T14:12:00+00:00,SPXW-20251023-06740.000-P,PUT,2330.0,750.0,1,2330.0,159840.0,160590.0,160590.0,0.00467,0.0,750.0,
one_contract_baseline,558,2025-10-23,2025-10-23T14:12:00+00:00,2025-10-23T14:19:00+00:00,SPXW-20251023-06700.000-C,CALL,2200.0,-250.0,1,2200.0,160590.0,160340.0,160590.0,0.0,750.0,-250.0,
one_contract_baseline,559,2025-10-23,2025-10-23T14:26:00+00:00,2025-10-23T14:39:00+00:00,SPXW-20251023-06690.000-C,CALL,3170.0,519.9999999999999,1,3170.0,160340.0,160860.0,160860.0,0.003233,500.0,520.0,
one_contract_baseline,560,2025-10-23,2025-10-23T14:44:00+00:00,2025-10-23T14:50:00+00:00,SPXW-20251023-06695.000-C,CALL,3030.0,430.00000000000006,1,3030.0,160860.0,161290.0,161290.0,0.002666,1020.0,430.0,
one_contract_baseline,561,2025-10-24,2025-10-24T14:01:00+00:00,2025-10-24T14:11:00+00:00,SPXW-20251024-06785.000-C,CALL,2000.0,239.99999999999983,1,2000.0,161290.0,161530.0,161530.0,0.001486,0.0,240.0,
one_contract_baseline,562,2025-10-24,2025-10-24T14:12:00+00:00,2025-10-24T14:20:00+00:00,SPXW-20251024-06775.000-C,CALL,2910.0,-170.00000000000028,1,2910.0,161530.0,161360.0,161530.0,0.0,240.0,-170.0,
one_contract_baseline,563,2025-10-24,2025-10-24T14:26:00+00:00,2025-10-24T14:32:00+00:00,SPXW-20251024-06805.000-P,PUT,1730.0,469.99999999999994,1,1730.0,161360.0,161830.0,161830.0,0.002904,70.0,470.0,
one_contract_baseline,564,2025-10-24,2025-10-24T14:32:00+00:00,2025-10-24T14:41:00+00:00,SPXW-20251024-06765.000-C,CALL,2790.0,539.9999999999999,1,2790.0,161830.0,162370.0,162370.0,0.003326,540.0,540.0,
one_contract_baseline,565,2025-10-27,2025-10-27T14:01:00+00:00,2025-10-27T14:09:00+00:00,SPXW-20251027-06820.000-C,CALL,3470.0000000000005,439.9999999999999,1,3470.0000000000005,162370.0,162810.0,162810.0,0.002703,0.0,440.0,
one_contract_baseline,566,2025-10-27,2025-10-27T14:11:00+00:00,2025-10-27T14:19:00+00:00,SPXW-20251027-06835.000-C,CALL,2340.0,-309.9999999999998,1,2340.0,162810.0,162500.0,162810.0,0.0,440.0,-310.0,
one_contract_baseline,567,2025-10-27,2025-10-27T14:28:00+00:00,2025-10-27T14:32:00+00:00,SPXW-20251027-06820.000-C,CALL,3170.0,159.99999999999977,1,3170.0,162500.0,162660.0,162810.0,0.001904,130.0,160.0,
one_contract_baseline,568,2025-10-27,2025-10-27T14:33:00+00:00,2025-10-27T14:37:00+00:00,SPXW-20251027-06820.000-C,CALL,3400.0,250.0,1,3400.0,162660.0,162910.0,162910.0,0.001535,290.0,250.0,
one_contract_baseline,569,2025-10-27,2025-10-27T14:38:00+00:00,2025-10-27T14:46:00+00:00,SPXW-20251027-06835.000-C,CALL,2220.0,90.00000000000021,1,2220.0,162910.0,163000.0,163000.0,0.000552,540.0,90.0,
one_contract_baseline,570,2025-10-27,2025-10-27T14:55:00+00:00,2025-10-27T15:12:00+00:00,SPXW-20251027-06835.000-C,CALL,1870.0,19.99999999999993,1,1870.0,163000.0,163020.0,163020.0,0.000123,630.0,20.0,
one_contract_baseline,571,2025-10-28,2025-10-28T14:00:00+00:00,2025-10-28T14:25:00+00:00,SPXW-20251028-06890.000-P,PUT,1700.0,-319.99999999999994,1,1700.0,163020.0,162700.0,163020.0,0.0,0.0,-320.0,
one_contract_baseline,572,2025-10-28,2025-10-28T14:25:00+00:00,2025-10-28T14:31:00+00:00,SPXW-20251028-06850.000-C,CALL,3410.0,189.99999999999983,1,3410.0,162700.0,162890.0,163020.0,0.001963,-320.0,190.0,
one_contract_baseline,573,2025-10-28,2025-10-28T14:52:00+00:00,2025-10-28T14:57:00+00:00,SPXW-20251028-06855.000-C,CALL,3130.0,-180.00000000000006,1,3130.0,162890.0,162710.0,163020.0,0.000797,-130.0,-180.0,
one_contract_baseline,574,2025-10-28,2025-10-28T15:03:00+00:00,2025-10-28T15:14:00+00:00,SPXW-20251028-06915.000-P,PUT,3240.0,300.0,1,3240.0,162710.0,163010.0,163020.0,0.001902,-310.0,300.0,
one_contract_baseline,575,2025-10-28,2025-10-28T18:40:00+00:00,2025-10-28T18:42:00+00:00,SPXW-20251028-06870.000-C,CALL,3130.0,30.00000000000007,1,3130.0,163010.0,163040.0,163040.0,0.000184,-10.0,30.0,
one_contract_baseline,576,2025-10-29,2025-10-29T14:11:00+00:00,2025-10-29T14:27:00+00:00,SPXW-20251029-06940.000-P,PUT,3370.0000000000005,189.99999999999983,1,3370.0000000000005,163040.0,163230.0,163230.0,0.001164,0.0,190.0,
one_contract_baseline,577,2025-10-29,2025-10-29T14:46:00+00:00,2025-10-29T15:05:00+00:00,SPXW-20251029-06935.000-P,PUT,3310.0,379.9999999999997,1,3310.0,163230.0,163610.0,163610.0,0.002323,190.0,380.0,
one_contract_baseline,578,2025-10-29,2025-10-29T18:12:00+00:00,2025-10-29T18:16:00+00:00,SPXW-20251029-06930.000-P,PUT,2940.0,630.0000000000005,1,2940.0,163610.0,164240.0,164240.0,0.003836,570.0,630.0,
one_contract_baseline,579,2025-10-29,2025-10-29T18:35:00+00:00,2025-10-29T18:38:00+00:00,SPXW-20251029-06930.000-P,PUT,2770.0,2950.0000000000005,1,2770.0,164240.0,167190.0,167190.0,0.017645,1200.0,2950.0,
one_contract_baseline,580,2025-10-29,2025-10-29T18:51:00+00:00,2025-10-29T18:52:00+00:00,SPXW-20251029-06855.000-C,CALL,2680.0,330.00000000000006,1,2680.0,167190.0,167520.0,167520.0,0.00197,4150.0,330.0,
one_contract_baseline,581,2025-10-29,2025-10-29T19:01:00+00:00,2025-10-29T19:05:00+00:00,SPXW-20251029-06900.000-P,PUT,1820.0,1370.0,1,1820.0,167520.0,168890.0,168890.0,0.008112,4480.0,1370.0,
one_contract_baseline,582,2025-10-30,2025-10-30T14:00:00+00:00,2025-10-30T14:06:00+00:00,SPXW-20251030-06850.000-C,CALL,3279.9999999999995,240.00000000000057,1,3279.9999999999995,168890.0,169130.0,169130.0,0.001419,0.0,240.0,
one_contract_baseline,583,2025-10-30,2025-10-30T14:25:00+00:00,2025-10-30T14:30:00+00:00,SPXW-20251030-06875.000-P,PUT,2620.0,90.00000000000021,1,2620.0,169130.0,169220.0,169220.0,0.000532,240.0,90.0,
one_contract_baseline,584,2025-10-30,2025-10-30T14:30:00+00:00,2025-10-30T14:33:00+00:00,SPXW-20251030-06850.000-C,CALL,2180.0,350.0,1,2180.0,169220.0,169570.0,169570.0,0.002064,330.0,350.0,
one_contract_baseline,585,2025-10-30,2025-10-30T14:46:00+00:00,2025-10-30T14:50:00+00:00,SPXW-20251030-06855.000-C,CALL,2540.0,-59.99999999999979,1,2540.0,169570.0,169510.0,169570.0,0.0,680.0,-60.0,
one_contract_baseline,586,2025-10-31,2025-10-31T14:00:00+00:00,2025-10-31T14:15:00+00:00,SPXW-20251031-06885.000-P,PUT,3340.0,520.0000000000002,1,3340.0,169510.0,170030.0,170030.0,0.003058,0.0,520.0,
one_contract_baseline,587,2025-10-31,2025-10-31T14:31:00+00:00,2025-10-31T14:40:00+00:00,SPXW-20251031-06830.000-C,CALL,3200.0,420.0000000000003,1,3200.0,170030.0,170450.0,170450.0,0.002464,520.0,420.0,
one_contract_baseline,588,2025-10-31,2025-10-31T14:41:00+00:00,2025-10-31T14:48:00+00:00,SPXW-20251031-06835.000-C,CALL,3170.0,480.00000000000006,1,3170.0,170450.0,170930.0,170930.0,0.002808,940.0,480.0,
one_contract_baseline,589,2025-10-31,2025-10-31T14:58:00+00:00,2025-10-31T15:03:00+00:00,SPXW-20251031-06835.000-C,CALL,3470.0000000000005,69.99999999999957,1,3470.0000000000005,170930.0,171000.0,171000.0,0.000409,1420.0,70.0,
one_contract_baseline,590,2025-10-31,2025-10-31T15:12:00+00:00,2025-10-31T15:18:00+00:00,SPXW-20251031-06835.000-C,CALL,3279.9999999999995,260.0000000000001,1,3279.9999999999995,171000.0,171260.0,171260.0,0.001518,1490.0,260.0,
one_contract_baseline,591,2025-10-31,2025-10-31T17:30:00+00:00,2025-10-31T17:32:00+00:00,SPXW-20251031-06790.000-C,CALL,3450.0,560.0000000000001,1,3450.0,171260.0,171820.0,171820.0,0.003259,1750.0,560.0,
one_contract_baseline,592,2025-10-31,2025-10-31T18:08:00+00:00,2025-10-31T18:12:00+00:00,SPXW-20251031-06820.000-C,CALL,2300.0,180.00000000000006,1,2300.0,171820.0,172000.0,172000.0,0.001047,2310.0,180.0,
one_contract_baseline,593,2025-11-03,2025-11-03T15:00:00+00:00,2025-11-03T15:08:00+00:00,SPXW-20251103-06860.000-P,PUT,2280.0,419.99999999999994,1,2280.0,172000.0,172420.0,172420.0,0.002436,0.0,420.0,
one_contract_baseline,594,2025-11-03,2025-11-03T15:16:00+00:00,2025-11-03T15:36:00+00:00,SPXW-20251103-06860.000-P,PUT,2440.0,1389.9999999999998,1,2440.0,172420.0,173810.0,173810.0,0.007997,420.0,1390.0,
one_contract_baseline,595,2025-11-03,2025-11-03T15:42:00+00:00,2025-11-03T15:50:00+00:00,SPXW-20251103-06850.000-P,PUT,2000.0,110.00000000000014,1,2000.0,173810.0,173920.0,173920.0,0.000632,1810.0,110.0,
one_contract_baseline,596,2025-11-03,2025-11-03T15:53:00+00:00,2025-11-03T15:59:00+00:00,SPXW-20251103-06820.000-C,CALL,2780.0,580.0000000000001,1,2780.0,173920.0,174500.0,174500.0,0.003324,1920.0,580.0,
one_contract_baseline,597,2025-11-03,2025-11-03T16:02:00+00:00,2025-11-03T16:14:00+00:00,SPXW-20251103-06865.000-P,PUT,2450.0,39.99999999999986,1,2450.0,174500.0,174540.0,174540.0,0.000229,2500.0,40.0,
one_contract_baseline,598,2025-11-03,2025-11-03T16:14:00+00:00,2025-11-03T16:16:00+00:00,SPXW-20251103-06830.000-C,CALL,2150.0,119.99999999999991,1,2150.0,174540.0,174660.0,174660.0,0.000687,2540.0,120.0,
one_contract_baseline,599,2025-11-03,2025-11-03T18:31:00+00:00,2025-11-03T18:38:00+00:00,SPXW-20251103-06850.000-C,CALL,1230.0,269.99999999999994,1,1230.0,174660.0,174930.0,174930.0,0.001543,2660.0,270.0,
one_contract_baseline,600,2025-11-04,2025-11-04T15:01:00+00:00,2025-11-04T15:08:00+00:00,SPXW-20251104-06785.000-C,CALL,3120.0,119.99999999999991,1,3120.0,174930.0,175050.0,175050.0,0.000686,0.0,120.0,
one_contract_baseline,601,2025-11-04,2025-11-04T15:09:00+00:00,2025-11-04T15:18:00+00:00,SPXW-20251104-06785.000-C,CALL,2990.0,270.0000000000003,1,2990.0,175050.0,175320.0,175320.0,0.00154,120.0,270.0,
one_contract_baseline,602,2025-11-04,2025-11-04T15:33:00+00:00,2025-11-04T15:42:00+00:00,SPXW-20251104-06785.000-C,CALL,3220.0000000000005,529.9999999999998,1,3220.0000000000005,175320.0,175850.0,175850.0,0.003014,390.0,530.0,
one_contract_baseline,603,2025-11-04,2025-11-04T15:46:00+00:00,2025-11-04T15:51:00+00:00,SPXW-20251104-06795.000-C,CALL,2530.0,-460.0000000000001,1,2530.0,175850.0,175390.0,175850.0,0.0,920.0,-460.0,
one_contract_baseline,604,2025-11-04,2025-11-04T15:58:00+00:00,2025-11-04T16:02:00+00:00,SPXW-20251104-06775.000-C,CALL,3130.0,580.0000000000001,1,3130.0,175390.0,175970.0,175970.0,0.003296,460.0,580.0,
one_contract_baseline,605,2025-11-04,2025-11-04T16:04:00+00:00,2025-11-04T16:10:00+00:00,SPXW-20251104-06785.000-C,CALL,2550.0,-189.99999999999983,1,2550.0,175970.0,175780.0,175970.0,0.0,1040.0,-190.0,
one_contract_baseline,606,2025-11-04,2025-11-04T16:12:00+00:00,2025-11-04T16:18:00+00:00,SPXW-20251104-06770.000-C,CALL,3390.0,339.9999999999999,1,3390.0,175780.0,176120.0,176120.0,0.001931,850.0,340.0,
one_contract_baseline,607,2025-11-04,2025-11-04T16:18:00+00:00,2025-11-04T16:21:00+00:00,SPXW-20251104-06815.000-P,PUT,1780.0,419.99999999999994,1,1780.0,176120.0,176540.0,176540.0,0.002379,1190.0,420.0,
one_contract_baseline,608,2025-11-04,2025-11-04T16:26:00+00:00,2025-11-04T16:34:00+00:00,SPXW-20251104-06810.000-P,PUT,1810.0,-200.0,1,1810.0,176540.0,176340.0,176540.0,0.0,1610.0,-200.0,
one_contract_baseline,609,2025-11-04,2025-11-04T18:31:00+00:00,2025-11-04T18:34:00+00:00,SPXW-20251104-06795.000-P,PUT,2070.0,440.0000000000002,1,2070.0,176340.0,176780.0,176780.0,0.002489,1410.0,440.0,
one_contract_baseline,610,2025-11-05,2025-11-05T15:01:00+00:00,2025-11-05T15:12:00+00:00,SPXW-20251105-06820.000-P,PUT,3240.0,-269.99999999999994,1,3240.0,176780.0,176510.0,176780.0,0.0,0.0,-270.0,
one_contract_baseline,611,2025-11-05,2025-11-05T15:26:00+00:00,2025-11-05T15:29:00+00:00,SPXW-20251105-06765.000-C,CALL,3340.0,600.0,1,3340.0,176510.0,177110.0,177110.0,0.003388,-270.0,600.0,
one_contract_baseline,612,2025-11-05,2025-11-05T15:31:00+00:00,2025-11-05T15:44:00+00:00,SPXW-20251105-06775.000-C,CALL,2670.0,519.9999999999999,1,2670.0,177110.0,177630.0,177630.0,0.002927,330.0,520.0,
one_contract_baseline,613,2025-11-06,2025-11-06T15:00:00+00:00,2025-11-06T15:10:00+00:00,SPXW-20251106-06790.000-P,PUT,3420.0000000000005,579.9999999999998,1,3420.0000000000005,177630.0,178210.0,178210.0,0.003255,0.0,580.0,
one_contract_baseline,614,2025-11-06,2025-11-06T15:26:00+00:00,2025-11-06T15:28:00+00:00,SPXW-20251106-06800.000-P,PUT,3240.0,410.0000000000001,1,3240.0,178210.0,178620.0,178620.0,0.002295,580.0,410.0,
one_contract_baseline,615,2025-11-07,2025-11-07T15:03:00+00:00,2025-11-07T15:08:00+00:00,SPXW-20251107-06700.000-P,PUT,3470.0000000000005,950.0,1,3470.0000000000005,178620.0,179570.0,179570.0,0.00529,0.0,950.0,
one_contract_baseline,616,2025-11-07,2025-11-07T15:30:00+00:00,2025-11-07T15:34:00+00:00,SPXW-20251107-06660.000-C,CALL,3180.0,-300.0,1,3180.0,179570.0,179270.0,179570.0,0.0,950.0,-300.0,
one_contract_baseline,617,2025-11-07,2025-11-07T15:41:00+00:00,2025-11-07T15:47:00+00:00,SPXW-20251107-06685.000-P,PUT,2700.0,770.0000000000002,1,2700.0,179270.0,180040.0,180040.0,0.004277,650.0,770.0,
one_contract_baseline,618,2025-11-07,2025-11-07T15:48:00+00:00,2025-11-07T15:57:00+00:00,SPXW-20251107-06680.000-P,PUT,2940.0,339.9999999999999,1,2940.0,180040.0,180380.0,180380.0,0.001885,1420.0,340.0,
one_contract_baseline,619,2025-11-07,2025-11-07T18:31:00+00:00,2025-11-07T18:36:00+00:00,SPXW-20251107-06645.000-C,CALL,3180.0,-150.0,1,3180.0,180380.0,180230.0,180380.0,0.0,1760.0,-150.0,
one_contract_baseline,620,2025-11-10,2025-11-10T15:01:00+00:00,2025-11-10T15:09:00+00:00,SPXW-20251110-06780.000-C,CALL,3060.0,139.99999999999986,1,3060.0,180230.0,180370.0,180380.0,0.000832,0.0,140.0,
one_contract_baseline,621,2025-11-10,2025-11-10T15:10:00+00:00,2025-11-10T15:14:00+00:00,SPXW-20251110-06780.000-C,CALL,3140.0,189.99999999999983,1,3140.0,180370.0,180560.0,180560.0,0.001052,140.0,190.0,
one_contract_baseline,622,2025-11-10,2025-11-10T15:26:00+00:00,2025-11-10T15:33:00+00:00,SPXW-20251110-06795.000-C,CALL,2130.0,-150.0,1,2130.0,180560.0,180410.0,180560.0,0.0,330.0,-150.0,
one_contract_baseline,623,2025-11-10,2025-11-10T15:34:00+00:00,2025-11-10T15:41:00+00:00,SPXW-20251110-06790.000-C,CALL,2280.0,-450.0,1,2280.0,180410.0,179960.0,180560.0,0.000831,180.0,-450.0,
one_contract_baseline,624,2025-11-11,2025-11-11T15:01:00+00:00,2025-11-11T15:06:00+00:00,SPXW-20251111-06795.000-C,CALL,3260.0,-470.0000000000003,1,3260.0,179960.0,179490.0,180560.0,0.003323,0.0,-470.0,
one_contract_baseline,625,2025-11-11,2025-11-11T15:06:00+00:00,2025-11-11T15:22:00+00:00,SPXW-20251111-06820.000-P,PUT,1240.0,319.99999999999994,1,1240.0,179490.0,179810.0,180560.0,0.005926,-470.0,320.0,
one_contract_baseline,626,2025-11-11,2025-11-11T15:26:00+00:00,2025-11-11T15:36:00+00:00,SPXW-20251111-06835.000-P,PUT,2110.0,700.0,1,2110.0,179810.0,180510.0,180560.0,0.004154,-150.0,700.0,
one_contract_baseline,627,2025-11-11,2025-11-11T16:26:00+00:00,2025-11-11T16:31:00+00:00,SPXW-20251111-06830.000-P,PUT,1390.0,829.9999999999999,1,1390.0,180510.0,181340.0,181340.0,0.004577,550.0,830.0,
one_contract_baseline,628,2025-11-12,2025-11-12T15:02:00+00:00,2025-11-12T15:05:00+00:00,SPXW-20251112-06840.000-C,CALL,2580.0,-40.00000000000021,1,2580.0,181340.0,181300.0,181340.0,0.0,0.0,-40.0,
one_contract_baseline,629,2025-11-12,2025-11-12T15:05:00+00:00,2025-11-12T15:23:00+00:00,SPXW-20251112-06890.000-P,PUT,3340.0,830.0000000000005,1,3340.0,181300.0,182130.0,182130.0,0.004557,-40.0,830.0,
one_contract_baseline,630,2025-11-12,2025-11-12T15:27:00+00:00,2025-11-12T15:37:00+00:00,SPXW-20251112-06870.000-P,PUT,2550.0,870.0000000000002,1,2550.0,182130.0,183000.0,183000.0,0.004754,790.0,870.0,
one_contract_baseline,631,2025-11-12,2025-11-12T16:27:00+00:00,2025-11-12T16:33:00+00:00,SPXW-20251112-06820.000-C,CALL,2550.0,650.0,1,2550.0,183000.0,183650.0,183650.0,0.003539,1660.0,650.0,
one_contract_baseline,632,2025-11-13,2025-11-13T15:00:00+00:00,2025-11-13T15:04:00+00:00,SPXW-20251113-06780.000-C,CALL,3490.0,-279.9999999999997,1,3490.0,183650.0,183370.0,183650.0,0.0,0.0,-280.0,
one_contract_baseline,633,2025-11-13,2025-11-13T15:06:00+00:00,2025-11-13T15:21:00+00:00,SPXW-20251113-06800.000-C,CALL,1840.0,1040.0000000000002,1,1840.0,183370.0,184410.0,184410.0,0.00564,-280.0,1040.0,
one_contract_baseline,634,2025-11-13,2025-11-13T15:26:00+00:00,2025-11-13T15:35:00+00:00,SPXW-20251113-06840.000-P,PUT,3100.0,1370.0000000000002,1,3100.0,184410.0,185780.0,185780.0,0.007374,760.0,1370.0,
one_contract_baseline,635,2025-11-13,2025-11-13T15:41:00+00:00,2025-11-13T15:58:00+00:00,SPXW-20251113-06825.000-P,PUT,3240.0,1810.0,1,3240.0,185780.0,187590.0,187590.0,0.009649,2130.0,1810.0,
one_contract_baseline,636,2025-11-14,2025-11-14T15:06:00+00:00,2025-11-14T15:11:00+00:00,SPXW-20251114-06680.000-C,CALL,3240.0,410.0000000000001,1,3240.0,187590.0,188000.0,188000.0,0.002181,0.0,410.0,
one_contract_baseline,637,2025-11-14,2025-11-14T15:14:00+00:00,2025-11-14T15:23:00+00:00,SPXW-20251114-06670.000-C,CALL,3510.0,1200.0,1,3510.0,188000.0,189200.0,189200.0,0.006342,410.0,1200.0,
one_contract_baseline,638,2025-11-14,2025-11-14T15:27:00+00:00,2025-11-14T15:32:00+00:00,SPXW-20251114-06700.000-C,CALL,2520.0,319.99999999999994,1,2520.0,189200.0,189520.0,189520.0,0.001688,1610.0,320.0,
one_contract_baseline,639,2025-11-14,2025-11-14T15:32:00+00:00,2025-11-14T15:55:00+00:00,SPXW-20251114-06700.000-C,CALL,2870.0,1900.0000000000005,1,2870.0,189520.0,191420.0,191420.0,0.009926,1930.0,1900.0,
one_contract_baseline,640,2025-11-14,2025-11-14T18:30:00+00:00,2025-11-14T18:31:00+00:00,SPXW-20251114-06720.000-C,CALL,3360.0,200.0,1,3360.0,191420.0,191620.0,191620.0,0.001044,3830.0,200.0,
one_contract_baseline,641,2025-11-14,2025-11-14T18:32:00+00:00,2025-11-14T18:34:00+00:00,SPXW-20251114-06730.000-C,CALL,2420.0,430.00000000000006,1,2420.0,191620.0,192050.0,192050.0,0.002239,4030.0,430.0,
one_contract_baseline,642,2025-11-14,2025-11-14T18:45:00+00:00,2025-11-14T18:49:00+00:00,SPXW-20251114-06705.000-C,CALL,3390.0,-10.000000000000142,1,3390.0,192050.0,192040.0,192050.0,0.0,4460.0,-10.0,
one_contract_baseline,643,2025-11-14,2025-11-14T18:51:00+00:00,2025-11-14T18:56:00+00:00,SPXW-20251114-06725.000-C,CALL,2160.0,1009.9999999999998,1,2160.0,192040.0,193050.0,193050.0,0.005232,4450.0,1010.0,
one_contract_baseline,644,2025-11-14,2025-11-14T18:58:00+00:00,2025-11-14T19:01:00+00:00,SPXW-20251114-06720.000-C,CALL,3150.0,320.0000000000003,1,3150.0,193050.0,193370.0,193370.0,0.001655,5460.0,320.0,
one_contract_baseline,645,2025-11-17,2025-11-17T15:00:00+00:00,2025-11-17T15:03:00+00:00,SPXW-20251117-06725.000-C,CALL,3110.0,-100.0,1,3110.0,193370.0,193270.0,193370.0,0.0,0.0,-100.0,
one_contract_baseline,646,2025-11-17,2025-11-17T15:12:00+00:00,2025-11-17T15:17:00+00:00,SPXW-20251117-06710.000-C,CALL,3510.0,139.99999999999986,1,3510.0,193270.0,193410.0,193410.0,0.000724,-100.0,140.0,
one_contract_baseline,647,2025-11-17,2025-11-17T15:17:00+00:00,2025-11-17T15:28:00+00:00,SPXW-20251117-06765.000-P,PUT,3460.0,460.0000000000001,1,3460.0,193410.0,193870.0,193870.0,0.002373,40.0,460.0,
one_contract_baseline,648,2025-11-17,2025-11-17T15:34:00+00:00,2025-11-17T15:39:00+00:00,SPXW-20251117-06700.000-C,CALL,3310.0,79.99999999999972,1,3310.0,193870.0,193950.0,193950.0,0.000412,500.0,80.0,
one_contract_baseline,649,2025-11-17,2025-11-17T15:42:00+00:00,2025-11-17T15:51:00+00:00,SPXW-20251117-06745.000-P,PUT,3240.0,-369.99999999999994,1,3240.0,193950.0,193580.0,193950.0,0.0,580.0,-370.0,
one_contract_baseline,650,2025-11-17,2025-11-17T16:10:00+00:00,2025-11-17T16:15:00+00:00,SPXW-20251117-06685.000-C,CALL,3350.0,-419.99999999999994,1,3350.0,193580.0,193160.0,193950.0,0.001908,210.0,-420.0,
one_contract_baseline,651,2025-11-17,2025-11-17T18:42:00+00:00,2025-11-17T18:49:00+00:00,SPXW-20251117-06680.000-C,CALL,2540.0,1089.9999999999998,1,2540.0,193160.0,194250.0,194250.0,0.005611,-210.0,1090.0,
one_contract_baseline,652,2025-11-18,2025-11-18T15:01:00+00:00,2025-11-18T15:06:00+00:00,SPXW-20251118-06620.000-P,PUT,3400.0,920.0000000000002,1,3400.0,194250.0,195170.0,195170.0,0.004714,0.0,920.0,
one_contract_baseline,653,2025-11-18,2025-11-18T15:10:00+00:00,2025-11-18T15:13:00+00:00,SPXW-20251118-06620.000-P,PUT,3379.9999999999995,790.0000000000006,1,3379.9999999999995,195170.0,195960.0,195960.0,0.004031,920.0,790.0,
one_contract_baseline,654,2025-11-18,2025-11-18T15:27:00+00:00,2025-11-18T15:30:00+00:00,SPXW-20251118-06625.000-P,PUT,2960.0,529.9999999999998,1,2960.0,195960.0,196490.0,196490.0,0.002697,1710.0,530.0,
one_contract_baseline,655,2025-11-18,2025-11-18T15:31:00+00:00,2025-11-18T15:32:00+00:00,SPXW-20251118-06610.000-P,PUT,2340.0,460.0000000000001,1,2340.0,196490.0,196950.0,196950.0,0.002336,2240.0,460.0,
one_contract_baseline,656,2025-11-18,2025-11-18T15:34:00+00:00,2025-11-18T15:41:00+00:00,SPXW-20251118-06625.000-P,PUT,3290.0,910.0,1,3290.0,196950.0,197860.0,197860.0,0.004599,2700.0,910.0,
one_contract_baseline,657,2025-11-18,2025-11-18T15:41:00+00:00,2025-11-18T15:42:00+00:00,SPXW-20251118-06600.000-C,CALL,2300.0,460.0000000000001,1,2300.0,197860.0,198320.0,198320.0,0.002319,3610.0,460.0,
one_contract_baseline,658,2025-11-18,2025-11-18T18:30:00+00:00,2025-11-18T18:34:00+00:00,SPXW-20251118-06630.000-C,CALL,2740.0,710.0000000000001,1,2740.0,198320.0,199030.0,199030.0,0.003567,4070.0,710.0,
one_contract_baseline,659,2025-11-19,2025-11-19T15:24:00+00:00,2025-11-19T15:30:00+00:00,SPXW-20251119-06665.000-C,CALL,2440.0,40.00000000000021,1,2440.0,199030.0,199070.0,199070.0,0.000201,0.0,40.0,
one_contract_baseline,660,2025-11-19,2025-11-19T15:43:00+00:00,2025-11-19T15:48:00+00:00,SPXW-20251119-06650.000-C,CALL,2850.0,-169.99999999999994,1,2850.0,199070.0,198900.0,199070.0,0.0,40.0,-170.0,
one_contract_baseline,661,2025-11-19,2025-11-19T15:55:00+00:00,2025-11-19T16:07:00+00:00,SPXW-20251119-06685.000-P,PUT,3479.9999999999995,1540.0000000000005,1,3479.9999999999995,198900.0,200440.0,200440.0,0.007683,-130.0,1540.0,
one_contract_baseline,662,2025-11-19,2025-11-19T16:07:00+00:00,2025-11-19T16:10:00+00:00,SPXW-20251119-06615.000-C,CALL,3370.0000000000005,119.99999999999956,1,3370.0000000000005,200440.0,200560.0,200560.0,0.000598,1410.0,120.0,
one_contract_baseline,663,2025-11-19,2025-11-19T16:20:00+00:00,2025-11-19T16:23:00+00:00,SPXW-20251119-06620.000-C,CALL,3080.0,190.00000000000023,1,3080.0,200560.0,200750.0,200750.0,0.000946,1530.0,190.0,
one_contract_baseline,664,2025-11-19,2025-11-19T16:23:00+00:00,2025-11-19T16:30:00+00:00,SPXW-20251119-06670.000-P,PUT,3310.0,579.9999999999998,1,3310.0,200750.0,201330.0,201330.0,0.002881,1720.0,580.0,
one_contract_baseline,665,2025-11-19,2025-11-19T18:32:00+00:00,2025-11-19T18:38:00+00:00,SPXW-20251119-06655.000-P,PUT,2770.0,-759.9999999999998,1,2770.0,201330.0,200570.0,201330.0,0.0,2300.0,-760.0,
one_contract_baseline,666,2025-11-19,2025-11-19T18:43:00+00:00,2025-11-19T18:47:00+00:00,SPXW-20251119-06655.000-P,PUT,2550.0,489.9999999999999,1,2550.0,200570.0,201060.0,201330.0,0.003775,1540.0,490.0,
one_contract_baseline,667,2025-11-19,2025-11-19T19:45:00+00:00,2025-11-19T19:56:00+00:00,SPXW-20251119-06595.000-C,CALL,2200.0,1739.9999999999998,1,2200.0,201060.0,202800.0,202800.0,0.00858,2030.0,1740.0,
one_contract_baseline,668,2025-11-20,2025-11-20T15:00:00+00:00,2025-11-20T15:05:00+00:00,SPXW-20251120-06745.000-C,CALL,3140.0,-9.999999999999789,1,3140.0,202800.0,202790.0,202800.0,0.0,0.0,-10.0,
one_contract_baseline,669,2025-11-20,2025-11-20T15:06:00+00:00,2025-11-20T15:17:00+00:00,SPXW-20251120-06780.000-P,PUT,2890.0,1060.0000000000002,1,2890.0,202790.0,203850.0,203850.0,0.0052,-10.0,1060.0,
one_contract_baseline,670,2025-11-20,2025-11-20T15:20:00+00:00,2025-11-20T15:29:00+00:00,SPXW-20251120-06735.000-C,CALL,3190.0,480.00000000000045,1,3190.0,203850.0,204330.0,204330.0,0.002349,1050.0,480.0,
one_contract_baseline,671,2025-11-20,2025-11-20T15:31:00+00:00,2025-11-20T15:38:00+00:00,SPXW-20251120-06740.000-C,CALL,3360.0,379.9999999999997,1,3360.0,204330.0,204710.0,204710.0,0.001856,1530.0,380.0,
one_contract_baseline,672,2025-11-20,2025-11-20T15:43:00+00:00,2025-11-20T15:46:00+00:00,SPXW-20251120-06740.000-C,CALL,3410.0,139.99999999999986,1,3410.0,204710.0,204850.0,204850.0,0.000683,1910.0,140.0,
one_contract_baseline,673,2025-11-20,2025-11-20T15:58:00+00:00,2025-11-20T16:15:00+00:00,SPXW-20251120-06775.000-P,PUT,3050.0,3120.0000000000005,1,3050.0,204850.0,207970.0,207970.0,0.015002,2050.0,3120.0,
one_contract_baseline,674,2025-11-21,2025-11-21T15:07:00+00:00,2025-11-21T15:12:00+00:00,SPXW-20251121-06575.000-P,PUT,3429.9999999999995,770.0000000000002,1,3429.9999999999995,207970.0,208740.0,208740.0,0.003689,0.0,770.0,
one_contract_baseline,675,2025-11-21,2025-11-21T15:17:00+00:00,2025-11-21T15:23:00+00:00,SPXW-20251121-06560.000-P,PUT,3510.0,-139.99999999999986,1,3510.0,208740.0,208600.0,208740.0,0.0,770.0,-140.0,
one_contract_baseline,676,2025-11-21,2025-11-21T15:24:00+00:00,2025-11-21T15:26:00+00:00,SPXW-20251121-06555.000-C,CALL,3090.0,530.0000000000005,1,3090.0,208600.0,209130.0,209130.0,0.002534,630.0,530.0,
one_contract_baseline,677,2025-11-21,2025-11-21T15:33:00+00:00,2025-11-21T15:34:00+00:00,SPXW-20251121-06550.000-P,PUT,3050.0,360.0000000000001,1,3050.0,209130.0,209490.0,209490.0,0.001718,1160.0,360.0,
one_contract_baseline,678,2025-11-21,2025-11-21T15:57:00+00:00,2025-11-21T15:58:00+00:00,SPXW-20251121-06560.000-P,PUT,3050.0,579.9999999999998,1,3050.0,209490.0,210070.0,210070.0,0.002761,1520.0,580.0,
one_contract_baseline,679,2025-11-21,2025-11-21T16:21:00+00:00,2025-11-21T16:27:00+00:00,SPXW-20251121-06540.000-C,CALL,3370.0000000000005,659.9999999999994,1,3370.0000000000005,210070.0,210730.0,210730.0,0.003132,2100.0,660.0,
one_contract_baseline,680,2025-11-21,2025-11-21T16:29:00+00:00,2025-11-21T16:31:00+00:00,SPXW-20251121-06555.000-C,CALL,3320.0000000000005,519.9999999999995,1,3320.0000000000005,210730.0,211250.0,211250.0,0.002462,2760.0,520.0,
one_contract_baseline,681,2025-11-21,2025-11-21T18:30:00+00:00,2025-11-21T18:33:00+00:00,SPXW-20251121-06575.000-C,CALL,3270.0000000000005,759.9999999999994,1,3270.0000000000005,211250.0,212010.0,212010.0,0.003585,3280.0,760.0,
one_contract_baseline,682,2025-11-21,2025-11-21T18:48:00+00:00,2025-11-21T18:52:00+00:00,SPXW-20251121-06595.000-C,CALL,3290.0,2780.0000000000005,1,3290.0,212010.0,214790.0,214790.0,0.012943,4040.0,2780.0,
one_contract_baseline,683,2025-11-21,2025-11-21T19:55:00+00:00,2025-11-21T19:56:00+00:00,SPXW-20251121-06605.000-C,CALL,2950.0,180.00000000000006,1,2950.0,214790.0,214970.0,214970.0,0.000837,6820.0,180.0,
one_contract_baseline,684,2025-11-21,2025-11-21T19:59:00+00:00,2025-11-21T20:02:00+00:00,SPXW-20251121-06610.000-C,CALL,2370.0,400.0,1,2370.0,214970.0,215370.0,215370.0,0.001857,7000.0,400.0,
one_contract_baseline,685,2025-11-24,2025-11-24T15:00:00+00:00,2025-11-24T15:07:00+00:00,SPXW-20251124-06635.000-C,CALL,3329.9999999999995,1020.0000000000002,1,3329.9999999999995,215370.0,216390.0,216390.0,0.004714,0.0,1020.0,
one_contract_baseline,686,2025-11-24,2025-11-24T15:27:00+00:00,2025-11-24T15:30:00+00:00,SPXW-20251124-06640.000-C,CALL,3429.9999999999995,430.00000000000045,1,3429.9999999999995,216390.0,216820.0,216820.0,0.001983,1020.0,430.0,
one_contract_baseline,687,2025-11-24,2025-11-24T15:31:00+00:00,2025-11-24T15:46:00+00:00,SPXW-20251124-06650.000-C,CALL,3000.0,1039.9999999999998,1,3000.0,216820.0,217860.0,217860.0,0.004774,1450.0,1040.0,
one_contract_baseline,688,2025-11-24,2025-11-24T19:33:00+00:00,2025-11-24T19:39:00+00:00,SPXW-20251124-06675.000-C,CALL,2640.0,210.00000000000017,1,2640.0,217860.0,218070.0,218070.0,0.000963,2490.0,210.0,
one_contract_baseline,689,2025-11-25,2025-11-25T15:00:00+00:00,2025-11-25T15:02:00+00:00,SPXW-20251125-06680.000-C,CALL,3279.9999999999995,-389.9999999999999,1,3279.9999999999995,218070.0,217680.0,218070.0,0.0,0.0,-390.0,
one_contract_baseline,690,2025-11-25,2025-11-25T15:02:00+00:00,2025-11-25T15:05:00+00:00,SPXW-20251125-06695.000-P,PUT,1710.0000000000002,1079.9999999999998,1,1710.0000000000002,217680.0,218760.0,218760.0,0.004937,-390.0,1080.0,
one_contract_baseline,691,2025-11-25,2025-11-25T15:27:00+00:00,2025-11-25T15:36:00+00:00,SPXW-20251125-06715.000-P,PUT,3080.0,-790.0000000000002,1,3080.0,218760.0,217970.0,218760.0,0.0,690.0,-790.0,
one_contract_baseline,692,2025-11-26,2025-11-26T15:00:00+00:00,2025-11-26T15:08:00+00:00,SPXW-20251126-06810.000-P,PUT,2820.0,-430.00000000000006,1,2820.0,217970.0,217540.0,218760.0,0.003611,0.0,-430.0,
one_contract_baseline,693,2025-11-26,2025-11-26T15:25:00+00:00,2025-11-26T15:50:00+00:00,SPXW-20251126-06810.000-P,PUT,2720.0,-990.0,1,2720.0,217540.0,216550.0,218760.0,0.005577,-430.0,-990.0,
one_contract_baseline,694,2025-11-28,2025-11-28T15:07:00+00:00,2025-11-28T15:11:00+00:00,SPXW-20251128-06815.000-C,CALL,2030.0,30.00000000000007,1,2030.0,216550.0,216580.0,218760.0,0.010102,0.0,30.0,
one_contract_baseline,695,2025-11-28,2025-11-28T15:32:00+00:00,2025-11-28T15:36:00+00:00,SPXW-20251128-06820.000-C,CALL,1830.0,180.00000000000006,1,1830.0,216580.0,216760.0,218760.0,0.009965,30.0,180.0,
one_contract_baseline,696,2025-11-28,2025-11-28T16:24:00+00:00,2025-11-28T16:30:00+00:00,SPXW-20251128-06815.000-C,CALL,2450.0,-180.00000000000006,1,2450.0,216760.0,216580.0,218760.0,0.009142,210.0,-180.0,
one_contract_baseline,697,2025-12-01,2025-12-01T15:02:00+00:00,2025-12-01T15:06:00+00:00,SPXW-20251201-06840.000-P,PUT,2030.0,309.9999999999998,1,2030.0,216580.0,216890.0,218760.0,0.009965,0.0,310.0,
one_contract_baseline,698,2025-12-01,2025-12-01T15:27:00+00:00,2025-12-01T15:36:00+00:00,SPXW-20251201-06845.000-P,PUT,3370.0000000000005,639.9999999999999,1,3370.0000000000005,216890.0,217530.0,218760.0,0.008548,310.0,640.0,
one_contract_baseline,699,2025-12-01,2025-12-01T15:36:00+00:00,2025-12-01T15:43:00+00:00,SPXW-20251201-06790.000-C,CALL,2550.0,650.0,1,2550.0,217530.0,218180.0,218760.0,0.005623,950.0,650.0,
one_contract_baseline,700,2025-12-02,2025-12-02T15:00:00+00:00,2025-12-02T15:06:00+00:00,SPXW-20251202-06810.000-C,CALL,3229.9999999999995,630.0000000000005,1,3229.9999999999995,218180.0,218810.0,218810.0,0.002879,0.0,630.0,
one_contract_baseline,701,2025-12-02,2025-12-02T15:27:00+00:00,2025-12-02T15:31:00+00:00,SPXW-20251202-06855.000-P,PUT,2100.0,689.9999999999999,1,2100.0,218810.0,219500.0,219500.0,0.003144,630.0,690.0,
one_contract_baseline,702,2025-12-02,2025-12-02T15:32:00+00:00,2025-12-02T15:40:00+00:00,SPXW-20251202-06855.000-P,PUT,2820.0,200.0,1,2820.0,219500.0,219700.0,219700.0,0.00091,1320.0,200.0,
one_contract_baseline,703,2025-12-03,2025-12-03T15:01:00+00:00,2025-12-03T15:06:00+00:00,SPXW-20251203-06805.000-C,CALL,2900.0,410.0000000000001,1,2900.0,219700.0,220110.0,220110.0,0.001863,0.0,410.0,
one_contract_baseline,704,2025-12-03,2025-12-03T15:10:00+00:00,2025-12-03T15:19:00+00:00,SPXW-20251203-06805.000-C,CALL,2840.0,470.0000000000003,1,2840.0,220110.0,220580.0,220580.0,0.002131,410.0,470.0,
one_contract_baseline,705,2025-12-03,2025-12-03T15:26:00+00:00,2025-12-03T15:32:00+00:00,SPXW-20251203-06815.000-C,CALL,2480.0,-219.99999999999991,1,2480.0,220580.0,220360.0,220580.0,0.0,880.0,-220.0,
one_contract_baseline,706,2025-12-03,2025-12-03T15:33:00+00:00,2025-12-03T15:38:00+00:00,SPXW-20251203-06800.000-C,CALL,3500.0,810.0000000000001,1,3500.0,220360.0,221170.0,221170.0,0.003662,660.0,810.0,
one_contract_baseline,707,2025-12-03,2025-12-03T15:39:00+00:00,2025-12-03T15:47:00+00:00,SPXW-20251203-06815.000-C,CALL,2690.0,380.00000000000006,1,2690.0,221170.0,221550.0,221550.0,0.001715,1470.0,380.0,
one_contract_baseline,708,2025-12-04,2025-12-04T15:00:00+00:00,2025-12-04T15:08:00+00:00,SPXW-20251204-06870.000-P,PUT,3150.0,-39.99999999999986,1,3150.0,221550.0,221510.0,221550.0,0.0,0.0,-40.0,
one_contract_baseline,709,2025-12-04,2025-12-04T15:25:00+00:00,2025-12-04T15:28:00+00:00,SPXW-20251204-06840.000-P,PUT,1270.0,80.00000000000007,1,1270.0,221510.0,221590.0,221590.0,0.000361,-40.0,80.0,
one_contract_baseline,710,2025-12-04,2025-12-04T15:29:00+00:00,2025-12-04T15:43:00+00:00,SPXW-20251204-06830.000-C,CALL,2510.0,579.9999999999998,1,2510.0,221590.0,222170.0,222170.0,0.002611,40.0,580.0,
one_contract_baseline,711,2025-12-04,2025-12-04T16:05:00+00:00,2025-12-04T16:12:00+00:00,SPXW-20251204-06850.000-P,PUT,1830.0,-60.00000000000014,1,1830.0,222170.0,222110.0,222170.0,0.0,620.0,-60.0,
one_contract_baseline,712,2025-12-04,2025-12-04T16:16:00+00:00,2025-12-04T16:25:00+00:00,SPXW-20251204-06830.000-C,CALL,2010.0,429.9999999999997,1,2010.0,222110.0,222540.0,222540.0,0.001932,560.0,430.0,
one_contract_baseline,713,2025-12-04,2025-12-04T19:21:00+00:00,2025-12-04T19:24:00+00:00,SPXW-20251204-06845.000-P,PUT,1370.0,450.0,1,1370.0,222540.0,222990.0,222990.0,0.002018,990.0,450.0,
one_contract_baseline,714,2025-12-05,2025-12-05T15:01:00+00:00,2025-12-05T15:08:00+00:00,SPXW-20251205-06855.000-C,CALL,3180.0,530.0000000000001,1,3180.0,222990.0,223520.0,223520.0,0.002371,0.0,530.0,
one_contract_baseline,715,2025-12-05,2025-12-05T15:21:00+00:00,2025-12-05T15:26:00+00:00,SPXW-20251205-06865.000-C,CALL,3110.0,69.99999999999993,1,3110.0,223520.0,223590.0,223590.0,0.000313,530.0,70.0,
one_contract_baseline,716,2025-12-05,2025-12-05T15:28:00+00:00,2025-12-05T15:33:00+00:00,SPXW-20251205-06870.000-C,CALL,2420.0,460.0000000000001,1,2420.0,223590.0,224050.0,224050.0,0.002053,600.0,460.0,
one_contract_baseline,717,2025-12-05,2025-12-05T15:44:00+00:00,2025-12-05T15:49:00+00:00,SPXW-20251205-06860.000-C,CALL,3260.0,360.0000000000001,1,3260.0,224050.0,224410.0,224410.0,0.001604,1060.0,360.0,
one_contract_baseline,718,2025-12-05,2025-12-05T15:53:00+00:00,2025-12-05T16:01:00+00:00,SPXW-20251205-06870.000-C,CALL,1990.0,-119.99999999999991,1,1990.0,224410.0,224290.0,224410.0,0.0,1420.0,-120.0,
one_contract_baseline,719,2025-12-05,2025-12-05T16:09:00+00:00,2025-12-05T16:17:00+00:00,SPXW-20251205-06895.000-P,PUT,2140.0,480.00000000000006,1,2140.0,224290.0,224770.0,224770.0,0.002136,1300.0,480.0,
one_contract_baseline,720,2025-12-05,2025-12-05T16:18:00+00:00,2025-12-05T16:25:00+00:00,SPXW-20251205-06890.000-P,PUT,2110.0,-160.00000000000014,1,2110.0,224770.0,224610.0,224770.0,0.0,1780.0,-160.0,
one_contract_baseline,721,2025-12-08,2025-12-08T15:05:00+00:00,2025-12-08T15:12:00+00:00,SPXW-20251208-06880.000-P,PUT,1780.0,450.0,1,1780.0,224610.0,225060.0,225060.0,0.001999,0.0,450.0,
one_contract_baseline,722,2025-12-08,2025-12-08T15:13:00+00:00,2025-12-08T15:27:00+00:00,SPXW-20251208-06895.000-P,PUT,3429.9999999999995,920.0000000000002,1,3429.9999999999995,225060.0,225980.0,225980.0,0.004071,450.0,920.0,
one_contract_baseline,723,2025-12-08,2025-12-08T15:30:00+00:00,2025-12-08T15:45:00+00:00,SPXW-20251208-06870.000-P,PUT,1910.0,279.9999999999997,1,1910.0,225980.0,226260.0,226260.0,0.001238,1370.0,280.0,
one_contract_baseline,724,2025-12-08,2025-12-08T15:58:00+00:00,2025-12-08T16:11:00+00:00,SPXW-20251208-06880.000-P,PUT,3090.0,380.00000000000045,1,3090.0,226260.0,226640.0,226640.0,0.001677,1650.0,380.0,
one_contract_baseline,725,2025-12-09,2025-12-09T15:00:00+00:00,2025-12-09T15:05:00+00:00,SPXW-20251209-06840.000-C,CALL,2150.0,50.0,1,2150.0,226640.0,226690.0,226690.0,0.000221,0.0,50.0,
one_contract_baseline,726,2025-12-09,2025-12-09T15:09:00+00:00,2025-12-09T15:15:00+00:00,SPXW-20251209-06825.000-C,CALL,3030.0,69.99999999999993,1,3030.0,226690.0,226760.0,226760.0,0.000309,50.0,70.0,
one_contract_baseline,727,2025-12-09,2025-12-09T15:27:00+00:00,2025-12-09T15:36:00+00:00,SPXW-20251209-06860.000-P,PUT,1410.0,-59.999999999999964,1,1410.0,226760.0,226700.0,226760.0,0.0,120.0,-60.0,
one_contract_baseline,728,2025-12-09,2025-12-09T15:36:00+00:00,2025-12-09T15:40:00+00:00,SPXW-20251209-06830.000-C,CALL,2480.0,-10.000000000000142,1,2480.0,226700.0,226690.0,226760.0,0.000265,60.0,-10.0,
one_contract_baseline,729,2025-12-09,2025-12-09T15:55:00+00:00,2025-12-09T16:01:00+00:00,SPXW-20251209-06830.000-C,CALL,2680.0,200.0,1,2680.0,226690.0,226890.0,226890.0,0.000881,50.0,200.0,
one_contract_baseline,730,2025-12-10,2025-12-10T15:52:00+00:00,2025-12-10T16:05:00+00:00,SPXW-20251210-06865.000-P,PUT,3429.9999999999995,800.0,1,3429.9999999999995,226890.0,227690.0,227690.0,0.003514,0.0,800.0,
one_contract_baseline,731,2025-12-10,2025-12-10T19:06:00+00:00,2025-12-10T19:07:00+00:00,SPXW-20251210-06830.000-C,CALL,3210.0,719.9999999999995,1,3210.0,227690.0,228410.0,228410.0,0.003152,800.0,720.0,
one_contract_baseline,732,2025-12-10,2025-12-10T19:29:00+00:00,2025-12-10T19:31:00+00:00,SPXW-20251210-06825.000-C,CALL,3260.0,569.9999999999995,1,3260.0,228410.0,228980.0,228980.0,0.002489,1520.0,570.0,
one_contract_baseline,733,2025-12-10,2025-12-10T19:44:00+00:00,2025-12-10T19:46:00+00:00,SPXW-20251210-06825.000-C,CALL,3290.0,880.0000000000005,1,3290.0,228980.0,229860.0,229860.0,0.003828,2090.0,880.0,
one_contract_baseline,734,2025-12-11,2025-12-11T15:00:00+00:00,2025-12-11T15:09:00+00:00,SPXW-20251211-06865.000-P,PUT,3340.0,-1559.9999999999998,1,3340.0,229860.0,228300.0,229860.0,0.0,0.0,-1560.0,
one_contract_baseline,735,2025-12-11,2025-12-11T15:25:00+00:00,2025-12-11T15:29:00+00:00,SPXW-20251211-06845.000-C,CALL,3479.9999999999995,20.000000000000284,1,3479.9999999999995,228300.0,228320.0,229860.0,0.006787,-1560.0,20.0,
one_contract_baseline,736,2025-12-12,2025-12-12T15:00:00+00:00,2025-12-12T15:07:00+00:00,SPXW-20251212-06900.000-P,PUT,2090.0,610.0000000000001,1,2090.0,228320.0,228930.0,229860.0,0.0067,0.0,610.0,
one_contract_baseline,737,2025-12-12,2025-12-12T15:25:00+00:00,2025-12-12T15:36:00+00:00,SPXW-20251212-06890.000-P,PUT,3460.0,710.0000000000001,1,3460.0,228930.0,229640.0,229860.0,0.004046,610.0,710.0,
one_contract_baseline,738,2025-12-15,2025-12-15T15:00:00+00:00,2025-12-15T15:05:00+00:00,SPXW-20251215-06855.000-P,PUT,2600.0,750.0,1,2600.0,229640.0,230390.0,230390.0,0.003255,0.0,750.0,
one_contract_baseline,739,2025-12-15,2025-12-15T15:25:00+00:00,2025-12-15T15:31:00+00:00,SPXW-20251215-06835.000-P,PUT,3200.0,-189.99999999999983,1,3200.0,230390.0,230200.0,230390.0,0.0,750.0,-190.0,
one_contract_baseline,740,2025-12-15,2025-12-15T15:56:00+00:00,2025-12-15T16:02:00+00:00,SPXW-20251215-06845.000-P,PUT,2680.0,250.0,1,2680.0,230200.0,230450.0,230450.0,0.001085,560.0,250.0,
one_contract_baseline,741,2025-12-16,2025-12-16T15:00:00+00:00,2025-12-16T15:06:00+00:00,SPXW-20251216-06795.000-C,CALL,3130.0,-560.0000000000001,1,3130.0,230450.0,229890.0,230450.0,0.0,0.0,-560.0,
one_contract_baseline,742,2025-12-16,2025-12-16T15:25:00+00:00,2025-12-16T15:31:00+00:00,SPXW-20251216-06810.000-P,PUT,3429.9999999999995,-389.9999999999999,1,3429.9999999999995,229890.0,229500.0,230450.0,0.00243,-560.0,-390.0,
one_contract_baseline,743,2025-12-17,2025-12-17T15:00:00+00:00,2025-12-17T15:10:00+00:00,SPXW-20251217-06825.000-P,PUT,3000.0,570.0000000000002,1,3000.0,229500.0,230070.0,230450.0,0.004122,0.0,570.0,
one_contract_baseline,744,2025-12-17,2025-12-17T15:25:00+00:00,2025-12-17T15:37:00+00:00,SPXW-20251217-06820.000-P,PUT,2910.0,1150.0,1,2910.0,230070.0,231220.0,231220.0,0.004974,570.0,1150.0,
one_contract_baseline,745,2025-12-18,2025-12-18T15:00:00+00:00,2025-12-18T15:08:00+00:00,SPXW-20251218-06765.000-C,CALL,3390.0,70.00000000000028,1,3390.0,231220.0,231290.0,231290.0,0.000303,0.0,70.0,
one_contract_baseline,746,2025-12-18,2025-12-18T15:16:00+00:00,2025-12-18T15:24:00+00:00,SPXW-20251218-06805.000-P,PUT,3400.0,-1010.0,1,3400.0,231290.0,230280.0,231290.0,0.0,70.0,-1010.0,
one_contract_baseline,747,2025-12-18,2025-12-18T15:25:00+00:00,2025-12-18T15:33:00+00:00,SPXW-20251218-06765.000-C,CALL,3420.0000000000005,689.9999999999999,1,3420.0000000000005,230280.0,230970.0,231290.0,0.004367,-940.0,690.0,
one_contract_baseline,748,2025-12-18,2025-12-18T15:52:00+00:00,2025-12-18T16:00:00+00:00,SPXW-20251218-06785.000-C,CALL,2950.0,-10.000000000000142,1,2950.0,230970.0,230960.0,231290.0,0.001384,-250.0,-10.0,
one_contract_baseline,749,2025-12-19,2025-12-19T15:01:00+00:00,2025-12-19T15:10:00+00:00,SPXW-20251219-06810.000-C,CALL,2720.0,-250.0,1,2720.0,230960.0,230710.0,231290.0,0.001427,0.0,-250.0,
one_contract_baseline,750,2025-12-19,2025-12-19T15:26:00+00:00,2025-12-19T15:31:00+00:00,SPXW-20251219-06845.000-P,PUT,2940.0,150.0,1,2940.0,230710.0,230860.0,231290.0,0.002508,-250.0,150.0,
one_contract_baseline,751,2025-12-19,2025-12-19T15:33:00+00:00,2025-12-19T15:40:00+00:00,SPXW-20251219-06800.000-C,CALL,3210.0,189.99999999999983,1,3210.0,230860.0,231050.0,231290.0,0.001859,-100.0,190.0,
one_contract_baseline,752,2025-12-19,2025-12-19T15:50:00+00:00,2025-12-19T15:56:00+00:00,SPXW-20251219-06790.000-C,CALL,3240.0,270.0000000000003,1,3240.0,231050.0,231320.0,231320.0,0.001167,90.0,270.0,
one_contract_baseline,753,2025-12-19,2025-12-19T16:15:00+00:00,2025-12-19T16:18:00+00:00,SPXW-20251219-06800.000-C,CALL,3010.0,319.99999999999955,1,3010.0,231320.0,231640.0,231640.0,0.001381,360.0,320.0,
one_contract_baseline,754,2025-12-22,2025-12-22T15:01:00+00:00,2025-12-22T15:15:00+00:00,SPXW-20251222-06900.000-P,PUT,3510.0,660.0000000000001,1,3510.0,231640.0,232300.0,232300.0,0.002841,0.0,660.0,
one_contract_baseline,755,2025-12-22,2025-12-22T15:31:00+00:00,2025-12-22T15:37:00+00:00,SPXW-20251222-06875.000-P,PUT,1210.0,729.9999999999999,1,1210.0,232300.0,233030.0,233030.0,0.003133,660.0,730.0,
one_contract_baseline,756,2025-12-22,2025-12-22T15:39:00+00:00,2025-12-22T15:51:00+00:00,SPXW-20251222-06885.000-P,PUT,2790.0,-779.9999999999998,1,2790.0,233030.0,232250.0,233030.0,0.0,1390.0,-780.0,
one_contract_baseline,757,2025-12-23,2025-12-23T15:00:00+00:00,2025-12-23T15:04:00+00:00,SPXW-20251223-06900.000-P,PUT,1900.0,730.0000000000001,1,1900.0,232250.0,232980.0,233030.0,0.003347,0.0,730.0,
one_contract_baseline,758,2025-12-23,2025-12-23T15:26:00+00:00,2025-12-23T15:31:00+00:00,SPXW-20251223-06850.000-C,CALL,3240.0,280.00000000000045,1,3240.0,232980.0,233260.0,233260.0,0.0012,730.0,280.0,
one_contract_baseline,759,2025-12-24,2025-12-24T15:01:00+00:00,2025-12-24T15:08:00+00:00,SPXW-20251224-06885.000-C,CALL,3020.0,90.00000000000021,1,3020.0,233260.0,233350.0,233350.0,0.000386,0.0,90.0,
one_contract_baseline,760,2025-12-24,2025-12-24T15:25:00+00:00,2025-12-24T15:34:00+00:00,SPXW-20251224-06900.000-C,CALL,1890.0,100.0,1,1890.0,233350.0,233450.0,233450.0,0.000428,90.0,100.0,
one_contract_baseline,761,2025-12-26,2025-12-26T15:00:00+00:00,2025-12-26T15:18:00+00:00,SPXW-20251226-06940.000-P,PUT,1010.0,309.99999999999994,1,1010.0,233450.0,233760.0,233760.0,0.001326,0.0,310.0,
one_contract_baseline,762,2025-12-26,2025-12-26T15:25:00+00:00,2025-12-26T15:37:00+00:00,SPXW-20251226-06935.000-P,PUT,819.9999999999999,-179.9999999999999,1,819.9999999999999,233760.0,233580.0,233760.0,0.0,310.0,-180.0,
one_contract_baseline,763,2025-12-26,2025-12-26T15:58:00+00:00,2025-12-26T16:22:00+00:00,SPXW-20251226-06925.000-C,CALL,1310.0,-409.99999999999994,1,1310.0,233580.0,233170.0,233760.0,0.00077,130.0,-410.0,
one_contract_baseline,764,2025-12-29,2025-12-29T15:02:00+00:00,2025-12-29T15:10:00+00:00,SPXW-20251229-06925.000-P,PUT,2240.0,480.00000000000006,1,2240.0,233170.0,233650.0,233760.0,0.002524,0.0,480.0,
one_contract_baseline,765,2025-12-29,2025-12-29T15:29:00+00:00,2025-12-29T15:33:00+00:00,SPXW-20251229-06880.000-C,CALL,2910.0,0.0,1,2910.0,233650.0,233650.0,233760.0,0.000471,480.0,0.0,
one_contract_baseline,766,2025-12-29,2025-12-29T15:45:00+00:00,2025-12-29T15:50:00+00:00,SPXW-20251229-06890.000-C,CALL,2230.0,-569.9999999999999,1,2230.0,233650.0,233080.0,233760.0,0.000471,480.0,-570.0,
one_contract_baseline,767,2025-12-29,2025-12-29T15:53:00+00:00,2025-12-29T15:58:00+00:00,SPXW-20251229-06880.000-C,CALL,2250.0,310.0000000000001,1,2250.0,233080.0,233390.0,233760.0,0.002909,-90.0,310.0,
one_contract_baseline,768,2025-12-30,2025-12-30T15:04:00+00:00,2025-12-30T15:11:00+00:00,SPXW-20251230-06875.000-C,CALL,3290.0,-369.99999999999994,1,3290.0,233390.0,233020.0,233760.0,0.001583,0.0,-370.0,
one_contract_baseline,769,2025-12-30,2025-12-30T15:23:00+00:00,2025-12-30T15:33:00+00:00,SPXW-20251230-06865.000-C,CALL,3420.0000000000005,-70.00000000000028,1,3420.0000000000005,233020.0,232950.0,233760.0,0.003166,-370.0,-70.0,
one_contract_baseline,770,2025-12-30,2025-12-30T15:33:00+00:00,2025-12-30T15:44:00+00:00,SPXW-20251230-06910.000-P,PUT,1610.0000000000002,179.99999999999972,1,1610.0000000000002,232950.0,233130.0,233760.0,0.003465,-440.0,180.0,
one_contract_baseline,771,2025-12-30,2025-12-30T15:49:00+00:00,2025-12-30T15:54:00+00:00,SPXW-20251230-06880.000-C,CALL,1950.0,510.0000000000001,1,1950.0,233130.0,233640.0,233760.0,0.002695,-260.0,510.0,
one_contract_baseline,772,2025-12-30,2025-12-30T15:55:00+00:00,2025-12-30T16:01:00+00:00,SPXW-20251230-06880.000-C,CALL,2390.0,190.00000000000023,1,2390.0,233640.0,233830.0,233830.0,0.000813,250.0,190.0,
one_contract_baseline,773,2025-12-30,2025-12-30T16:08:00+00:00,2025-12-30T16:14:00+00:00,SPXW-20251230-06875.000-C,CALL,3200.0,20.000000000000284,1,3200.0,233830.0,233850.0,233850.0,8.6e-05,440.0,20.0,
one_contract_baseline,774,2025-12-30,2025-12-30T18:34:00+00:00,2025-12-30T18:38:00+00:00,SPXW-20251230-06880.000-C,CALL,2730.0,-110.00000000000014,1,2730.0,233850.0,233740.0,233850.0,0.0,460.0,-110.0,
one_contract_baseline,775,2025-12-30,2025-12-30T19:13:00+00:00,2025-12-30T19:22:00+00:00,SPXW-20251230-06900.000-C,CALL,640.0,109.99999999999996,1,640.0,233740.0,233850.0,233850.0,0.00047,350.0,110.0,
one_contract_baseline,776,2025-12-31,2025-12-31T15:26:00+00:00,2025-12-31T15:34:00+00:00,SPXW-20251231-06860.000-C,CALL,2550.0,30.00000000000007,1,2550.0,233850.0,233880.0,233880.0,0.000128,0.0,30.0,
one_contract_baseline,777,2025-12-31,2025-12-31T16:19:00+00:00,2025-12-31T16:27:00+00:00,SPXW-20251231-06845.000-C,CALL,3120.0,250.0000000000003,1,3120.0,233880.0,234130.0,234130.0,0.001068,30.0,250.0,
one_contract_baseline,778,2025-12-31,2025-12-31T16:28:00+00:00,2025-12-31T16:34:00+00:00,SPXW-20251231-06845.000-C,CALL,3410.0,-189.99999999999983,1,3410.0,234130.0,233940.0,234130.0,0.0,280.0,-190.0,
one_contract_baseline,779,2025-12-31,2025-12-31T18:31:00+00:00,2025-12-31T18:35:00+00:00,SPXW-20251231-06860.000-C,CALL,2180.0,100.0,1,2180.0,233940.0,234040.0,234130.0,0.000812,90.0,100.0,
one_contract_baseline,780,2026-01-02,2026-01-02T15:00:00+00:00,2026-01-02T15:07:00+00:00,SPXW-20260102-06860.000-C,CALL,3120.0,190.00000000000023,1,3120.0,234040.0,234230.0,234230.0,0.000811,0.0,190.0,
one_contract_baseline,781,2026-01-02,2026-01-02T15:12:00+00:00,2026-01-02T15:22:00+00:00,SPXW-20260102-06890.000-P,PUT,1739.9999999999998,1930.0000000000005,1,1739.9999999999998,234230.0,236160.0,236160.0,0.008172,190.0,1930.0,
one_contract_baseline,782,2026-01-02,2026-01-02T15:25:00+00:00,2026-01-02T15:36:00+00:00,SPXW-20260102-06865.000-P,PUT,2430.0,-1230.0,1,2430.0,236160.0,234930.0,236160.0,0.0,2120.0,-1230.0,
one_contract_baseline,783,2026-01-02,2026-01-02T15:37:00+00:00,2026-01-02T15:54:00+00:00,SPXW-20260102-06865.000-P,PUT,1240.0,529.9999999999999,1,1240.0,234930.0,235460.0,236160.0,0.005208,890.0,530.0,
one_contract_baseline,784,2026-01-05,2026-01-05T15:01:00+00:00,2026-01-05T15:10:00+00:00,SPXW-20260105-06885.000-C,CALL,1760.0000000000002,479.9999999999997,1,1760.0000000000002,235460.0,235940.0,236160.0,0.002964,0.0,480.0,
one_contract_baseline,785,2026-01-05,2026-01-05T15:27:00+00:00,2026-01-05T15:36:00+00:00,SPXW-20260105-06875.000-C,CALL,3190.0,450.0,1,3190.0,235940.0,236390.0,236390.0,0.001904,480.0,450.0,
one_contract_baseline,786,2026-01-05,2026-01-05T15:55:00+00:00,2026-01-05T16:14:00+00:00,SPXW-20260105-06890.000-C,CALL,2070.0,230.00000000000009,1,2070.0,236390.0,236620.0,236620.0,0.000972,930.0,230.0,
one_contract_baseline,787,2026-01-06,2026-01-06T15:00:00+00:00,2026-01-06T15:19:00+00:00,SPXW-20260106-06905.000-C,CALL,2460.0,250.0,1,2460.0,236620.0,236870.0,236870.0,0.001055,0.0,250.0,
one_contract_baseline,788,2026-01-06,2026-01-06T15:19:00+00:00,2026-01-06T15:44:00+00:00,SPXW-20260106-06900.000-C,CALL,3210.0,-550.0,1,3210.0,236870.0,236320.0,236870.0,0.0,250.0,-550.0,
one_contract_baseline,789,2026-01-06,2026-01-06T15:55:00+00:00,2026-01-06T16:20:00+00:00,SPXW-20260106-06885.000-C,CALL,3460.0,-270.0000000000003,1,3460.0,236320.0,236050.0,236870.0,0.002322,-300.0,-270.0,
one_contract_baseline,790,2026-01-07,2026-01-07T15:01:00+00:00,2026-01-07T15:22:00+00:00,SPXW-20260107-06965.000-P,PUT,2110.0,289.9999999999999,1,2110.0,236050.0,236340.0,236870.0,0.003462,0.0,290.0,
one_contract_baseline,791,2026-01-07,2026-01-07T15:28:00+00:00,2026-01-07T15:38:00+00:00,SPXW-20260107-06925.000-C,CALL,2080.0,559.9999999999998,1,2080.0,236340.0,236900.0,236900.0,0.002364,290.0,560.0,
one_contract_baseline,792,2026-01-07,2026-01-07T15:38:00+00:00,2026-01-07T15:58:00+00:00,SPXW-20260107-06980.000-P,PUT,3110.0,-160.00000000000014,1,3110.0,236900.0,236740.0,236900.0,0.0,850.0,-160.0,
one_contract_baseline,793,2026-01-07,2026-01-07T16:03:00+00:00,2026-01-07T16:28:00+00:00,SPXW-20260107-06930.000-C,CALL,2470.0,-469.99999999999994,1,2470.0,236740.0,236270.0,236900.0,0.000675,690.0,-470.0,
one_contract_baseline,794,2026-01-08,2026-01-08T15:00:00+00:00,2026-01-08T15:16:00+00:00,SPXW-20260108-06920.000-P,PUT,1830.0,-940.0,1,1830.0,236270.0,235330.0,236900.0,0.002659,0.0,-940.0,
one_contract_baseline,795,2026-01-08,2026-01-08T15:25:00+00:00,2026-01-08T15:43:00+00:00,SPXW-20260108-06895.000-C,CALL,3100.0,-50.0,1,3100.0,235330.0,235280.0,236900.0,0.006627,-940.0,-50.0,
one_contract_baseline,796,2026-01-09,2026-01-09T15:02:00+00:00,2026-01-09T15:08:00+00:00,SPXW-20260109-06935.000-C,CALL,1789.9999999999998,-909.9999999999998,1,1789.9999999999998,235280.0,234370.0,236900.0,0.006838,0.0,-910.0,
one_contract_baseline,797,2026-01-09,2026-01-09T15:27:00+00:00,2026-01-09T15:37:00+00:00,SPXW-20260109-06945.000-C,CALL,1610.0000000000002,250.0,1,1610.0000000000002,234370.0,234620.0,236900.0,0.01068,-910.0,250.0,
one_contract_baseline,798,2026-01-09,2026-01-09T15:56:00+00:00,2026-01-09T16:21:00+00:00,SPXW-20260109-06910.000-C,CALL,3310.0,1789.9999999999998,1,3310.0,234620.0,236410.0,236900.0,0.009624,-660.0,1790.0,
one_contract_baseline,799,2026-01-12,2026-01-12T15:06:00+00:00,2026-01-12T15:27:00+00:00,SPXW-20260112-06935.000-C,CALL,2730.0,-10.000000000000142,1,2730.0,236410.0,236400.0,236900.0,0.002068,0.0,-10.0,
one_contract_baseline,800,2026-01-12,2026-01-12T15:33:00+00:00,2026-01-12T15:53:00+00:00,SPXW-20260112-06960.000-P,PUT,980.0,-150.0,1,980.0,236400.0,236250.0,236900.0,0.002111,-10.0,-150.0,
one_contract_baseline,801,2026-01-12,2026-01-12T15:53:00+00:00,2026-01-12T16:18:00+00:00,SPXW-20260112-06950.000-C,CALL,1450.0,789.9999999999999,1,1450.0,236250.0,237040.0,237040.0,0.003333,-160.0,790.0,
one_contract_baseline,802,2026-01-12,2026-01-12T18:43:00+00:00,2026-01-12T18:53:00+00:00,SPXW-20260112-06945.000-C,CALL,3090.0,110.00000000000014,1,3090.0,237040.0,237150.0,237150.0,0.000464,630.0,110.0,
one_contract_baseline,803,2026-01-13,2026-01-13T15:01:00+00:00,2026-01-13T15:19:00+00:00,SPXW-20260113-06990.000-P,PUT,2360.0,1439.9999999999998,1,2360.0,237150.0,238590.0,238590.0,0.006035,0.0,1440.0,
one_contract_baseline,804,2026-01-13,2026-01-13T15:26:00+00:00,2026-01-13T15:51:00+00:00,SPXW-20260113-06980.000-P,PUT,3360.0,-880.0000000000001,1,3360.0,238590.0,237710.0,238590.0,0.0,1440.0,-880.0,
one_contract_baseline,805,2026-01-13,2026-01-13T15:55:00+00:00,2026-01-13T16:07:00+00:00,SPXW-20260113-06935.000-C,CALL,2860.0,159.99999999999977,1,2860.0,237710.0,237870.0,238590.0,0.003688,560.0,160.0,
one_contract_baseline,806,2026-01-13,2026-01-13T16:27:00+00:00,2026-01-13T16:43:00+00:00,SPXW-20260113-06970.000-P,PUT,1610.0000000000002,-870.0000000000001,1,1610.0000000000002,237870.0,237000.0,238590.0,0.003018,720.0,-870.0,
one_contract_baseline,807,2026-01-14,2026-01-14T15:00:00+00:00,2026-01-14T15:09:00+00:00,SPXW-20260114-06910.000-P,PUT,1800.0,-110.00000000000014,1,1800.0,237000.0,236890.0,238590.0,0.006664,0.0,-110.0,
one_contract_baseline,808,2026-01-14,2026-01-14T15:17:00+00:00,2026-01-14T15:28:00+00:00,SPXW-20260114-06910.000-C,CALL,2370.0,-480.00000000000006,1,2370.0,236890.0,236410.0,238590.0,0.007125,-110.0,-480.0,
one_contract_baseline,809,2026-01-14,2026-01-14T15:28:00+00:00,2026-01-14T15:36:00+00:00,SPXW-20260114-06915.000-P,PUT,1020.0,810.0000000000001,1,1020.0,236410.0,237220.0,238590.0,0.009137,-590.0,810.0,
one_contract_baseline,810,2026-01-14,2026-01-14T15:43:00+00:00,2026-01-14T15:50:00+00:00,SPXW-20260114-06910.000-P,PUT,1180.0,1289.9999999999998,1,1180.0,237220.0,238510.0,238590.0,0.005742,220.0,1290.0,
one_contract_baseline,811,2026-01-15,2026-01-15T15:01:00+00:00,2026-01-15T15:17:00+00:00,SPXW-20260115-06995.000-P,PUT,3240.0,120.00000000000028,1,3240.0,238510.0,238630.0,238630.0,0.000503,0.0,120.0,
one_contract_baseline,812,2026-01-15,2026-01-15T15:23:00+00:00,2026-01-15T15:38:00+00:00,SPXW-20260115-06935.000-C,CALL,3500.0,420.0000000000003,1,3500.0,238630.0,239050.0,239050.0,0.001757,120.0,420.0,
one_contract_baseline,813,2026-01-15,2026-01-15T15:48:00+00:00,2026-01-15T16:00:00+00:00,SPXW-20260115-06965.000-P,PUT,1150.0,-409.99999999999994,1,1150.0,239050.0,238640.0,239050.0,0.0,540.0,-410.0,
one_contract_baseline,814,2026-01-16,2026-01-16T15:00:00+00:00,2026-01-16T15:21:00+00:00,SPXW-20260116-06975.000-P,PUT,3340.0,-10.000000000000142,1,3340.0,238640.0,238630.0,239050.0,0.001715,0.0,-10.0,
one_contract_baseline,815,2026-01-16,2026-01-16T15:25:00+00:00,2026-01-16T15:41:00+00:00,SPXW-20260116-06960.000-P,PUT,1630.0,1720.0,1,1630.0,238630.0,240350.0,240350.0,0.007156,-10.0,1720.0,
one_contract_baseline,816,2026-01-20,2026-01-20T15:05:00+00:00,2026-01-20T15:30:00+00:00,SPXW-20260120-06820.000-C,CALL,3429.9999999999995,1140.0000000000005,1,3429.9999999999995,240350.0,241490.0,241490.0,0.004721,0.0,1140.0,
one_contract_baseline,817,2026-01-20,2026-01-20T15:30:00+00:00,2026-01-20T15:42:00+00:00,SPXW-20260120-06845.000-C,CALL,2650.0,250.0,1,2650.0,241490.0,241740.0,241740.0,0.001034,1140.0,250.0,
one_contract_baseline,818,2026-01-20,2026-01-20T15:56:00+00:00,2026-01-20T16:07:00+00:00,SPXW-20260120-06880.000-P,PUT,2930.0,-240.00000000000023,1,2930.0,241740.0,241500.0,241740.0,0.0,1390.0,-240.0,
one_contract_baseline,819,2026-01-20,2026-01-20T16:21:00+00:00,2026-01-20T16:30:00+00:00,SPXW-20260120-06840.000-C,CALL,2590.0,120.00000000000028,1,2590.0,241500.0,241620.0,241740.0,0.000993,1150.0,120.0,
one_contract_baseline,820,2026-01-21,2026-01-21T18:30:00+00:00,2026-01-21T18:51:00+00:00,SPXW-20260121-06810.000-C,CALL,2310.0,219.99999999999991,1,2310.0,241620.0,241840.0,241840.0,0.00091,0.0,220.0,
one_contract_baseline,821,2026-01-21,2026-01-21T18:55:00+00:00,2026-01-21T19:08:00+00:00,SPXW-20260121-06840.000-P,PUT,1140.0,509.99999999999994,1,1140.0,241840.0,242350.0,242350.0,0.002104,220.0,510.0,
one_contract_baseline,822,2026-01-21,2026-01-21T19:19:00+00:00,2026-01-21T19:29:00+00:00,SPXW-20260121-06800.000-C,CALL,2710.0,3619.999999999999,1,2710.0,242350.0,245970.0,245970.0,0.014717,730.0,3620.0,
one_contract_baseline,823,2026-01-21,2026-01-21T19:34:00+00:00,2026-01-21T19:38:00+00:00,SPXW-20260121-06870.000-C,CALL,880.0000000000001,1250.0,1,880.0000000000001,245970.0,247220.0,247220.0,0.005056,4350.0,1250.0,
one_contract_baseline,824,2026-01-22,2026-01-22T15:00:00+00:00,2026-01-22T15:12:00+00:00,SPXW-20260122-06925.000-P,PUT,2870.0,519.9999999999999,1,2870.0,247220.0,247740.0,247740.0,0.002099,0.0,520.0,
one_contract_baseline,825,2026-01-22,2026-01-22T15:28:00+00:00,2026-01-22T15:40:00+00:00,SPXW-20260122-06880.000-C,CALL,3279.9999999999995,380.00000000000045,1,3279.9999999999995,247740.0,248120.0,248120.0,0.001532,520.0,380.0,
one_contract_baseline,826,2026-01-22,2026-01-22T15:42:00+00:00,2026-01-22T16:01:00+00:00,SPXW-20260122-06885.000-C,CALL,3200.0,70.00000000000028,1,3200.0,248120.0,248190.0,248190.0,0.000282,900.0,70.0,
one_contract_baseline,827,2026-01-22,2026-01-22T16:11:00+00:00,2026-01-22T16:30:00+00:00,SPXW-20260122-06890.000-C,CALL,3120.0,250.0000000000003,1,3120.0,248190.0,248440.0,248440.0,0.001006,970.0,250.0,
one_contract_baseline,828,2026-01-23,2026-01-23T15:02:00+00:00,2026-01-23T15:22:00+00:00,SPXW-20260123-06885.000-C,CALL,3210.0,0.0,1,3210.0,248440.0,248440.0,248440.0,0.0,0.0,0.0,
one_contract_baseline,829,2026-01-23,2026-01-23T15:29:00+00:00,2026-01-23T15:46:00+00:00,SPXW-20260123-06890.000-C,CALL,2960.0,229.99999999999972,1,2960.0,248440.0,248670.0,248670.0,0.000925,0.0,230.0,
one_contract_baseline,830,2026-01-23,2026-01-23T16:17:00+00:00,2026-01-23T16:38:00+00:00,SPXW-20260123-06900.000-C,CALL,2970.0,-39.99999999999986,1,2970.0,248670.0,248630.0,248670.0,0.0,230.0,-40.0,
one_contract_baseline,831,2026-01-26,2026-01-26T15:14:00+00:00,2026-01-26T15:33:00+00:00,SPXW-20260126-06920.000-C,CALL,3150.0,170.00000000000028,1,3150.0,248630.0,248800.0,248800.0,0.000683,0.0,170.0,
one_contract_baseline,832,2026-01-26,2026-01-26T15:51:00+00:00,2026-01-26T16:12:00+00:00,SPXW-20260126-06925.000-C,CALL,3030.0,-119.99999999999991,1,3030.0,248800.0,248680.0,248800.0,0.0,170.0,-120.0,
one_contract_baseline,833,2026-01-27,2026-01-27T15:06:00+00:00,2026-01-27T15:23:00+00:00,SPXW-20260127-06940.000-C,CALL,3150.0,350.0,1,3150.0,248680.0,249030.0,249030.0,0.001405,0.0,350.0,
one_contract_baseline,834,2026-01-27,2026-01-27T15:23:00+00:00,2026-01-27T15:48:00+00:00,SPXW-20260127-06945.000-C,CALL,3080.0,849.9999999999997,1,3080.0,249030.0,249880.0,249880.0,0.003402,350.0,850.0,
one_contract_baseline,835,2026-01-27,2026-01-27T15:53:00+00:00,2026-01-27T16:18:00+00:00,SPXW-20260127-06950.000-C,CALL,3379.9999999999995,280.00000000000045,1,3379.9999999999995,249880.0,250160.0,250160.0,0.001119,1200.0,280.0,
one_contract_baseline,836,2026-01-27,2026-01-27T16:18:00+00:00,2026-01-27T16:32:00+00:00,SPXW-20260127-06955.000-C,CALL,3210.0,89.99999999999986,1,3210.0,250160.0,250250.0,250250.0,0.00036,1480.0,90.0,
one_contract_baseline,837,2026-01-28,2026-01-28T15:01:00+00:00,2026-01-28T15:15:00+00:00,SPXW-20260128-07025.000-P,PUT,3410.0,789.9999999999999,1,3410.0,250250.0,251040.0,251040.0,0.003147,0.0,790.0,
one_contract_baseline,838,2026-01-28,2026-01-28T15:26:00+00:00,2026-01-28T15:43:00+00:00,SPXW-20260128-07020.000-P,PUT,3379.9999999999995,460.0000000000001,1,3379.9999999999995,251040.0,251500.0,251500.0,0.001829,790.0,460.0,
one_contract_baseline,839,2026-01-28,2026-01-28T15:47:00+00:00,2026-01-28T16:00:00+00:00,SPXW-20260128-07015.000-P,PUT,3520.0000000000005,309.99999999999943,1,3520.0000000000005,251500.0,251810.0,251810.0,0.001231,1250.0,310.0,
one_contract_baseline,840,2026-01-29,2026-01-29T15:00:00+00:00,2026-01-29T15:11:00+00:00,SPXW-20260129-06955.000-P,PUT,2730.0,859.9999999999998,1,2730.0,251810.0,252670.0,252670.0,0.003404,0.0,860.0,
one_contract_baseline,841,2026-01-29,2026-01-29T15:11:00+00:00,2026-01-29T15:23:00+00:00,SPXW-20260129-06905.000-C,CALL,3200.0,29.999999999999716,1,3200.0,252670.0,252700.0,252700.0,0.000119,860.0,30.0,
one_contract_baseline,842,2026-01-29,2026-01-29T15:27:00+00:00,2026-01-29T15:51:00+00:00,SPXW-20260129-06950.000-P,PUT,3300.0,3579.9999999999995,1,3300.0,252700.0,256280.0,256280.0,0.013969,890.0,3580.0,
one_contract_baseline,843,2026-01-29,2026-01-29T18:30:00+00:00,2026-01-29T18:37:00+00:00,SPXW-20260129-06955.000-P,PUT,2430.0,80.00000000000007,1,2430.0,256280.0,256360.0,256360.0,0.000312,4470.0,80.0,
one_contract_baseline,844,2026-01-29,2026-01-29T18:37:00+00:00,2026-01-29T18:45:00+00:00,SPXW-20260129-06920.000-C,CALL,1620.0,340.0000000000002,1,1620.0,256360.0,256700.0,256700.0,0.001325,4550.0,340.0,
one_contract_baseline,845,2026-01-29,2026-01-29T19:29:00+00:00,2026-01-29T19:54:00+00:00,SPXW-20260129-06920.000-C,CALL,2440.0,-589.9999999999999,1,2440.0,256700.0,256110.0,256700.0,0.0,4890.0,-590.0,
one_contract_baseline,846,2026-01-30,2026-01-30T15:02:00+00:00,2026-01-30T15:24:00+00:00,SPXW-20260130-06975.000-P,PUT,3450.0,-619.9999999999999,1,3450.0,256110.0,255490.0,256700.0,0.002298,0.0,-620.0,
one_contract_baseline,847,2026-01-30,2026-01-30T15:28:00+00:00,2026-01-30T15:35:00+00:00,SPXW-20260130-06975.000-P,PUT,3420.0000000000005,400.0,1,3420.0000000000005,255490.0,255890.0,256700.0,0.004714,-620.0,400.0,
one_contract_baseline,848,2026-02-02,2026-02-02T19:05:00+00:00,2026-02-02T19:19:00+00:00,SPXW-20260202-06965.000-C,CALL,2510.0,-10.000000000000142,1,2510.0,255890.0,255880.0,256700.0,0.003155,0.0,-10.0,
one_contract_baseline,849,2026-02-03,2026-02-03T15:00:00+00:00,2026-02-03T15:09:00+00:00,SPXW-20260203-06970.000-P,PUT,2040.0,610.0000000000001,1,2040.0,255880.0,256490.0,256700.0,0.003194,0.0,610.0,
one_contract_baseline,850,2026-02-03,2026-02-03T15:16:00+00:00,2026-02-03T15:29:00+00:00,SPXW-20260203-06925.000-C,CALL,2700.0,119.99999999999991,1,2700.0,256490.0,256610.0,256700.0,0.000818,610.0,120.0,
one_contract_baseline,851,2026-02-03,2026-02-03T15:31:00+00:00,2026-02-03T15:47:00+00:00,SPXW-20260203-06975.000-P,PUT,3520.0000000000005,500.0,1,3520.0000000000005,256610.0,257110.0,257110.0,0.001945,730.0,500.0,
one_contract_baseline,852,2026-02-03,2026-02-03T16:04:00+00:00,2026-02-03T16:29:00+00:00,SPXW-20260203-06975.000-P,PUT,3020.0,1280.0,1,3020.0,257110.0,258390.0,258390.0,0.004954,1230.0,1280.0,
one_contract_baseline,853,2026-02-04,2026-02-04T15:01:00+00:00,2026-02-04T15:24:00+00:00,SPXW-20260204-06900.000-P,PUT,2450.0,-1350.0,1,2450.0,258390.0,257040.0,258390.0,0.0,0.0,-1350.0,
one_contract_baseline,854,2026-02-04,2026-02-04T15:26:00+00:00,2026-02-04T15:38:00+00:00,SPXW-20260204-06945.000-P,PUT,2840.0,2010.0,1,2840.0,257040.0,259050.0,259050.0,0.007759,-1350.0,2010.0,
one_contract_baseline,855,2026-02-04,2026-02-04T15:38:00+00:00,2026-02-04T15:52:00+00:00,SPXW-20260204-06880.000-C,CALL,3200.0,460.0000000000001,1,3200.0,259050.0,259510.0,259510.0,0.001773,660.0,460.0,
one_contract_baseline,856,2026-02-04,2026-02-04T16:02:00+00:00,2026-02-04T16:12:00+00:00,SPXW-20260204-06925.000-P,PUT,3140.0,589.9999999999999,1,3140.0,259510.0,260100.0,260100.0,0.002268,1120.0,590.0,
one_contract_baseline,857,2026-02-04,2026-02-04T16:19:00+00:00,2026-02-04T16:40:00+00:00,SPXW-20260204-06900.000-P,PUT,2140.0,30.00000000000007,1,2140.0,260100.0,260130.0,260130.0,0.000115,1710.0,30.0,
one_contract_baseline,858,2026-02-05,2026-02-05T15:57:00+00:00,2026-02-05T16:05:00+00:00,SPXW-20260205-06795.000-P,PUT,2680.0,59.99999999999979,1,2680.0,260130.0,260190.0,260190.0,0.000231,0.0,60.0,
one_contract_baseline,859,2026-02-05,2026-02-05T16:15:00+00:00,2026-02-05T16:39:00+00:00,SPXW-20260205-06765.000-C,CALL,3220.0000000000005,3259.9999999999995,1,3220.0000000000005,260190.0,263450.0,263450.0,0.012374,60.0,3260.0,
one_contract_baseline,860,2026-02-05,2026-02-05T18:30:00+00:00,2026-02-05T18:46:00+00:00,SPXW-20260205-06785.000-C,CALL,3400.0,-239.99999999999983,1,3400.0,263450.0,263210.0,263450.0,0.0,3320.0,-240.0,
one_contract_baseline,861,2026-02-05,2026-02-05T18:46:00+00:00,2026-02-05T18:56:00+00:00,SPXW-20260205-06835.000-P,PUT,2760.0,1010.0,1,2760.0,263210.0,264220.0,264220.0,0.003823,3080.0,1010.0,
one_contract_baseline,862,2026-02-05,2026-02-05T19:01:00+00:00,2026-02-05T19:13:00+00:00,SPXW-20260205-06830.000-P,PUT,2820.0,-1480.0,1,2820.0,264220.0,262740.0,264220.0,0.0,4090.0,-1480.0,
one_contract_baseline,863,2026-02-05,2026-02-05T19:16:00+00:00,2026-02-05T19:25:00+00:00,SPXW-20260205-06795.000-C,CALL,3510.0,500.0,1,3510.0,262740.0,263240.0,264220.0,0.005601,2610.0,500.0,
one_contract_baseline,864,2026-02-05,2026-02-05T19:44:00+00:00,2026-02-05T19:48:00+00:00,SPXW-20260205-06835.000-P,PUT,2510.0,319.99999999999994,1,2510.0,263240.0,263560.0,264220.0,0.003709,3110.0,320.0,
one_contract_baseline,865,2026-02-09,2026-02-09T15:12:00+00:00,2026-02-09T15:25:00+00:00,SPXW-20260209-06910.000-C,CALL,3190.0,580.0000000000005,1,3190.0,263560.0,264140.0,264220.0,0.002498,0.0,580.0,
one_contract_baseline,866,2026-02-09,2026-02-09T18:32:00+00:00,2026-02-09T18:47:00+00:00,SPXW-20260209-06960.000-C,CALL,1070.0,200.0,1,1070.0,264140.0,264340.0,264340.0,0.000757,580.0,200.0,
one_contract_baseline,867,2026-02-09,2026-02-09T19:04:00+00:00,2026-02-09T19:29:00+00:00,SPXW-20260209-06940.000-C,CALL,3279.9999999999995,700.0,1,3279.9999999999995,264340.0,265040.0,265040.0,0.002641,780.0,700.0,
one_contract_baseline,868,2026-02-10,2026-02-10T15:01:00+00:00,2026-02-10T15:13:00+00:00,SPXW-20260210-06950.000-C,CALL,3229.9999999999995,130.00000000000043,1,3229.9999999999995,265040.0,265170.0,265170.0,0.00049,0.0,130.0,
one_contract_baseline,869,2026-02-10,2026-02-10T15:26:00+00:00,2026-02-10T15:42:00+00:00,SPXW-20260210-06950.000-C,CALL,3100.0,129.99999999999972,1,3100.0,265170.0,265300.0,265300.0,0.00049,130.0,130.0,
one_contract_baseline,870,2026-02-11,2026-02-11T15:00:00+00:00,2026-02-11T15:20:00+00:00,SPXW-20260211-06985.000-P,PUT,2860.0,2919.9999999999995,1,2860.0,265300.0,268220.0,268220.0,0.010887,0.0,2920.0,
one_contract_baseline,871,2026-02-11,2026-02-11T15:29:00+00:00,2026-02-11T15:53:00+00:00,SPXW-20260211-06925.000-P,PUT,2060.0,-1030.0,1,2060.0,268220.0,267190.0,268220.0,0.0,2920.0,-1030.0,
one_contract_baseline,872,2026-02-11,2026-02-11T16:26:00+00:00,2026-02-11T16:33:00+00:00,SPXW-20260211-06955.000-P,PUT,1360.0,740.0,1,1360.0,267190.0,267930.0,268220.0,0.00384,1890.0,740.0,
one_contract_baseline,873,2026-02-11,2026-02-11T18:41:00+00:00,2026-02-11T19:06:00+00:00,SPXW-20260211-06950.000-P,PUT,1090.0,-330.00000000000006,1,1090.0,267930.0,267600.0,268220.0,0.001081,2630.0,-330.0,
one_contract_baseline,874,2026-02-11,2026-02-11T19:19:00+00:00,2026-02-11T19:29:00+00:00,SPXW-20260211-06925.000-C,CALL,2930.0,309.9999999999998,1,2930.0,267600.0,267910.0,268220.0,0.002312,2300.0,310.0,
one_contract_baseline,875,2026-02-12,2026-02-12T15:00:00+00:00,2026-02-12T15:14:00+00:00,SPXW-20260212-06970.000-P,PUT,2700.0,-210.00000000000017,1,2700.0,267910.0,267700.0,268220.0,0.001156,0.0,-210.0,
one_contract_baseline,876,2026-02-12,2026-02-12T15:26:00+00:00,2026-02-12T15:51:00+00:00,SPXW-20260212-06980.000-P,PUT,3170.0,2610.0,1,3170.0,267700.0,270310.0,270310.0,0.009656,-210.0,2610.0,
one_contract_baseline,877,2026-02-13,2026-02-13T15:00:00+00:00,2026-02-13T15:14:00+00:00,SPXW-20260213-06810.000-C,CALL,3360.0,1269.9999999999995,1,3360.0,270310.0,271580.0,271580.0,0.004676,0.0,1270.0,
one_contract_baseline,878,2026-02-13,2026-02-13T15:20:00+00:00,2026-02-13T15:38:00+00:00,SPXW-20260213-06820.000-C,CALL,3160.0,1860.0,1,3160.0,271580.0,273440.0,273440.0,0.006802,1270.0,1860.0,
one_contract_baseline,879,2026-02-13,2026-02-13T15:51:00+00:00,2026-02-13T16:02:00+00:00,SPXW-20260213-06830.000-C,CALL,2680.0,690.0000000000002,1,2680.0,273440.0,274130.0,274130.0,0.002517,3130.0,690.0,
one_contract_baseline,880,2026-02-13,2026-02-13T16:12:00+00:00,2026-02-13T16:21:00+00:00,SPXW-20260213-06860.000-P,PUT,2410.0,400.0,1,2410.0,274130.0,274530.0,274530.0,0.001457,3820.0,400.0,
one_contract_baseline,881,2026-02-13,2026-02-13T18:30:00+00:00,2026-02-13T18:37:00+00:00,SPXW-20260213-06860.000-C,CALL,1970.0,269.99999999999994,1,1970.0,274530.0,274800.0,274800.0,0.000983,4220.0,270.0,
one_contract_baseline,882,2026-02-13,2026-02-13T18:45:00+00:00,2026-02-13T19:06:00+00:00,SPXW-20260213-06850.000-C,CALL,2370.0,-230.00000000000009,1,2370.0,274800.0,274570.0,274800.0,0.0,4490.0,-230.0,
one_contract_baseline,883,2026-02-13,2026-02-13T20:29:00+00:00,2026-02-13T20:42:00+00:00,SPXW-20260213-06805.000-C,CALL,2110.0,-170.00000000000028,1,2110.0,274570.0,274400.0,274800.0,0.000837,4260.0,-170.0,
one_contract_baseline,884,2026-02-17,2026-02-17T15:03:00+00:00,2026-02-17T15:22:00+00:00,SPXW-20260217-06775.000-C,CALL,3210.0,839.9999999999999,1,3210.0,274400.0,275240.0,275240.0,0.003052,0.0,840.0,
one_contract_baseline,885,2026-02-17,2026-02-17T15:28:00+00:00,2026-02-17T15:40:00+00:00,SPXW-20260217-06810.000-P,PUT,3200.0,960.0,1,3200.0,275240.0,276200.0,276200.0,0.003476,840.0,960.0,
one_contract_baseline,886,2026-02-17,2026-02-17T15:47:00+00:00,2026-02-17T16:12:00+00:00,SPXW-20260217-06765.000-C,CALL,3490.0,3780.000000000001,1,3490.0,276200.0,279980.0,279980.0,0.013501,1800.0,3780.0,
one_contract_baseline,887,2026-02-18,2026-02-18T18:34:00+00:00,2026-02-18T18:42:00+00:00,SPXW-20260218-06875.000-C,CALL,2160.0,-110.00000000000014,1,2160.0,279980.0,279870.0,279980.0,0.0,0.0,-110.0,
one_contract_baseline,888,2026-02-18,2026-02-18T18:44:00+00:00,2026-02-18T19:02:00+00:00,SPXW-20260218-06870.000-C,CALL,2150.0,30.00000000000007,1,2150.0,279870.0,279900.0,279980.0,0.000393,-110.0,30.0,
one_contract_baseline,889,2026-02-18,2026-02-18T19:10:00+00:00,2026-02-18T19:35:00+00:00,SPXW-20260218-06875.000-C,CALL,1420.0,-589.9999999999999,1,1420.0,279900.0,279310.0,279980.0,0.000286,-80.0,-590.0,
one_contract_baseline,890,2026-02-18,2026-02-18T19:39:00+00:00,2026-02-18T19:48:00+00:00,SPXW-20260218-06840.000-C,CALL,3070.0,509.9999999999998,1,3070.0,279310.0,279820.0,279980.0,0.002393,-670.0,510.0,
one_contract_baseline,891,2026-02-19,2026-02-19T15:00:00+00:00,2026-02-19T15:10:00+00:00,SPXW-20260219-06885.000-P,PUT,2860.0,360.0000000000001,1,2860.0,279820.0,280180.0,280180.0,0.001285,0.0,360.0,
one_contract_baseline,892,2026-02-19,2026-02-19T15:28:00+00:00,2026-02-19T15:51:00+00:00,SPXW-20260219-06885.000-P,PUT,3220.0000000000005,-430.00000000000045,1,3220.0000000000005,280180.0,279750.0,280180.0,0.0,360.0,-430.0,
one_contract_baseline,893,2026-02-19,2026-02-19T15:52:00+00:00,2026-02-19T16:11:00+00:00,SPXW-20260219-06835.000-C,CALL,3429.9999999999995,120.00000000000028,1,3429.9999999999995,279750.0,279870.0,280180.0,0.001535,-70.0,120.0,
one_contract_baseline,894,2026-02-19,2026-02-19T16:28:00+00:00,2026-02-19T16:38:00+00:00,SPXW-20260219-06880.000-P,PUT,2150.0,180.00000000000006,1,2150.0,279870.0,280050.0,280180.0,0.001106,50.0,180.0,
one_contract_baseline,895,2026-02-19,2026-02-19T18:30:00+00:00,2026-02-19T18:40:00+00:00,SPXW-20260219-06820.000-C,CALL,2540.0,20.000000000000284,1,2540.0,280050.0,280070.0,280180.0,0.000464,230.0,20.0,
one_contract_baseline,896,2026-02-20,2026-02-20T15:07:00+00:00,2026-02-20T15:26:00+00:00,SPXW-20260220-06860.000-C,CALL,2640.0,1110.0000000000002,1,2640.0,280070.0,281180.0,281180.0,0.003948,0.0,1110.0,
one_contract_baseline,897,2026-02-20,2026-02-20T15:31:00+00:00,2026-02-20T15:40:00+00:00,SPXW-20260220-06870.000-C,CALL,2780.0,180.00000000000006,1,2780.0,281180.0,281360.0,281360.0,0.00064,1110.0,180.0,
one_contract_baseline,898,2026-02-20,2026-02-20T18:30:00+00:00,2026-02-20T18:35:00+00:00,SPXW-20260220-06870.000-C,CALL,2140.0,850.0,1,2140.0,281360.0,282210.0,282210.0,0.003012,1290.0,850.0,
one_contract_baseline,899,2026-02-20,2026-02-20T19:11:00+00:00,2026-02-20T19:32:00+00:00,SPXW-20260220-06880.000-C,CALL,2870.0,-80.00000000000007,1,2870.0,282210.0,282130.0,282210.0,0.0,2140.0,-80.0,
one_contract_baseline,900,2026-02-20,2026-02-20T19:58:00+00:00,2026-02-20T20:02:00+00:00,SPXW-20260220-06880.000-C,CALL,1960.0,419.99999999999994,1,1960.0,282130.0,282550.0,282550.0,0.001486,2060.0,420.0,
one_contract_baseline,901,2026-02-23,2026-02-23T15:00:00+00:00,2026-02-23T15:18:00+00:00,SPXW-20260223-06900.000-P,PUT,2750.0,1210.0000000000002,1,2750.0,282550.0,283760.0,283760.0,0.004264,0.0,1210.0,
one_contract_baseline,902,2026-02-23,2026-02-23T15:27:00+00:00,2026-02-23T15:37:00+00:00,SPXW-20260223-06885.000-P,PUT,2880.0,540.0000000000002,1,2880.0,283760.0,284300.0,284300.0,0.001899,1210.0,540.0,
one_contract_baseline,903,2026-02-23,2026-02-23T18:30:00+00:00,2026-02-23T18:36:00+00:00,SPXW-20260223-06870.000-P,PUT,1870.0,50.0,1,1870.0,284300.0,284350.0,284350.0,0.000176,1750.0,50.0,
one_contract_baseline,904,2026-02-23,2026-02-23T18:41:00+00:00,2026-02-23T18:48:00+00:00,SPXW-20260223-06860.000-P,PUT,1410.0,200.00000000000017,1,1410.0,284350.0,284550.0,284550.0,0.000703,1800.0,200.0,
one_contract_baseline,905,2026-02-24,2026-02-24T15:00:00+00:00,2026-02-24T15:15:00+00:00,SPXW-20260224-06865.000-P,PUT,2740.0,-200.0,1,2740.0,284550.0,284350.0,284550.0,0.0,0.0,-200.0,
one_contract_baseline,906,2026-02-24,2026-02-24T15:16:00+00:00,2026-02-24T15:41:00+00:00,SPXW-20260224-06840.000-C,CALL,2200.0,1779.9999999999998,1,2200.0,284350.0,286130.0,286130.0,0.006221,-200.0,1780.0,
one_contract_baseline,907,2026-02-24,2026-02-24T18:31:00+00:00,2026-02-24T18:56:00+00:00,SPXW-20260224-06875.000-C,CALL,1420.0,540.0000000000002,1,1420.0,286130.0,286670.0,286670.0,0.001884,1580.0,540.0,
one_contract_baseline,908,2026-02-24,2026-02-24T19:08:00+00:00,2026-02-24T19:32:00+00:00,SPXW-20260224-06860.000-C,CALL,2980.0,-290.0000000000002,1,2980.0,286670.0,286380.0,286670.0,0.0,2120.0,-290.0,
one_contract_baseline,909,2026-02-25,2026-02-25T15:06:00+00:00,2026-02-25T15:21:00+00:00,SPXW-20260225-06945.000-P,PUT,2290.0,210.00000000000017,1,2290.0,286380.0,286590.0,286670.0,0.001012,0.0,210.0,
one_contract_baseline,910,2026-02-25,2026-02-25T15:31:00+00:00,2026-02-25T15:56:00+00:00,SPXW-20260225-06895.000-C,CALL,3490.0,-769.9999999999999,1,3490.0,286590.0,285820.0,286670.0,0.000279,210.0,-770.0,
one_contract_baseline,911,2026-02-26,2026-02-26T15:00:00+00:00,2026-02-26T15:10:00+00:00,SPXW-20260226-06950.000-P,PUT,3320.0000000000005,439.9999999999999,1,3320.0000000000005,285820.0,286260.0,286670.0,0.002965,0.0,440.0,
one_contract_baseline,912,2026-02-26,2026-02-26T15:26:00+00:00,2026-02-26T15:40:00+00:00,SPXW-20260226-06855.000-C,CALL,3060.0,600.0,1,3060.0,286260.0,286860.0,286860.0,0.002092,440.0,600.0,
one_contract_baseline,913,2026-02-26,2026-02-26T15:42:00+00:00,2026-02-26T16:07:00+00:00,SPXW-20260226-06900.000-P,PUT,2640.0,-819.9999999999999,1,2640.0,286860.0,286040.0,286860.0,0.0,1040.0,-820.0,
one_contract_baseline,914,2026-02-27,2026-02-27T15:01:00+00:00,2026-02-27T15:20:00+00:00,SPXW-20260227-06825.000-C,CALL,3420.0000000000005,569.9999999999995,1,3420.0000000000005,286040.0,286610.0,286860.0,0.002859,0.0,570.0,
one_contract_baseline,915,2026-02-27,2026-02-27T15:32:00+00:00,2026-02-27T15:54:00+00:00,SPXW-20260227-06885.000-P,PUT,3340.0,-289.9999999999999,1,3340.0,286610.0,286320.0,286860.0,0.000872,570.0,-290.0,
one_contract_baseline,916,2026-02-27,2026-02-27T16:10:00+00:00,2026-02-27T16:27:00+00:00,SPXW-20260227-06835.000-C,CALL,3500.0,689.9999999999999,1,3500.0,286320.0,287010.0,287010.0,0.002404,280.0,690.0,
one_contract_baseline,917,2026-02-27,2026-02-27T18:31:00+00:00,2026-02-27T18:43:00+00:00,SPXW-20260227-06830.000-C,CALL,2730.0,139.99999999999986,1,2730.0,287010.0,287150.0,287150.0,0.000488,970.0,140.0,
one_contract_baseline,918,2026-02-27,2026-02-27T19:10:00+00:00,2026-02-27T19:24:00+00:00,SPXW-20260227-06880.000-P,PUT,2740.0,110.00000000000014,1,2740.0,287150.0,287260.0,287260.0,0.000383,1110.0,110.0,
one_contract_baseline,919,2026-03-02,2026-03-02T18:32:00+00:00,2026-03-02T18:57:00+00:00,SPXW-20260302-06850.000-C,CALL,3200.0,-869.9999999999999,1,3200.0,287260.0,286390.0,287260.0,0.0,0.0,-870.0,
one_contract_baseline,920,2026-03-02,2026-03-02T19:01:00+00:00,2026-03-02T19:17:00+00:00,SPXW-20260302-06850.000-C,CALL,2060.0,2060.0,1,2060.0,286390.0,288450.0,288450.0,0.007142,-870.0,2060.0,
one_contract_baseline,921,2026-03-02,2026-03-02T19:54:00+00:00,2026-03-02T20:06:00+00:00,SPXW-20260302-06885.000-C,CALL,1540.0,-309.99999999999994,1,1540.0,288450.0,288140.0,288450.0,0.0,1190.0,-310.0,
one_contract_baseline,922,2026-03-02,2026-03-02T20:11:00+00:00,2026-03-02T20:19:00+00:00,SPXW-20260302-06850.000-C,CALL,2400.0,639.9999999999999,1,2400.0,288140.0,288780.0,288780.0,0.002216,880.0,640.0,
one_contract_baseline,923,2026-03-03,2026-03-03T15:31:00+00:00,2026-03-03T15:43:00+00:00,SPXW-20260303-06700.000-C,CALL,3310.0,1119.9999999999995,1,3310.0,288780.0,289900.0,289900.0,0.003863,0.0,1120.0,
one_contract_baseline,924,2026-03-03,2026-03-03T15:50:00+00:00,2026-03-03T15:56:00+00:00,SPXW-20260303-06735.000-P,PUT,2660.0,300.0,1,2660.0,289900.0,290200.0,290200.0,0.001034,1120.0,300.0,
one_contract_baseline,925,2026-03-03,2026-03-03T15:56:00+00:00,2026-03-03T16:09:00+00:00,SPXW-20260303-06710.000-C,CALL,2810.0,2840.0,1,2810.0,290200.0,293040.0,293040.0,0.009692,1420.0,2840.0,
one_contract_baseline,926,2026-03-03,2026-03-03T16:13:00+00:00,2026-03-03T16:30:00+00:00,SPXW-20260303-06735.000-C,CALL,3440.0,1070.0000000000002,1,3440.0,293040.0,294110.0,294110.0,0.003638,4260.0,1070.0,
one_contract_baseline,927,2026-03-03,2026-03-03T19:11:00+00:00,2026-03-03T19:23:00+00:00,SPXW-20260303-06800.000-C,CALL,1930.0,1189.9999999999998,1,1930.0,294110.0,295300.0,295300.0,0.00403,5330.0,1190.0,
one_contract_baseline,928,2026-03-03,2026-03-03T19:36:00+00:00,2026-03-03T19:48:00+00:00,SPXW-20260303-06785.000-C,CALL,2690.0,2750.0,1,2690.0,295300.0,298050.0,298050.0,0.009227,6520.0,2750.0,
one_contract_baseline,929,2026-03-04,2026-03-04T15:03:00+00:00,2026-03-04T15:21:00+00:00,SPXW-20260304-06860.000-P,PUT,3500.0,-1840.0,1,3500.0,298050.0,296210.0,298050.0,0.0,0.0,-1840.0,
one_contract_baseline,930,2026-03-04,2026-03-04T15:43:00+00:00,2026-03-04T15:52:00+00:00,SPXW-20260304-06840.000-C,CALL,2790.0,260.0000000000001,1,2790.0,296210.0,296470.0,298050.0,0.006173,-1840.0,260.0,
one_contract_baseline,931,2026-03-04,2026-03-04T16:06:00+00:00,2026-03-04T16:18:00+00:00,SPXW-20260304-06855.000-C,CALL,2510.0,-570.0000000000002,1,2510.0,296470.0,295900.0,298050.0,0.005301,-1580.0,-570.0,
one_contract_baseline,932,2026-03-04,2026-03-04T18:30:00+00:00,2026-03-04T18:48:00+00:00,SPXW-20260304-06865.000-C,CALL,1530.0,169.99999999999994,1,1530.0,295900.0,296070.0,298050.0,0.007214,-2150.0,170.0,
one_contract_baseline,933,2026-03-04,2026-03-04T19:04:00+00:00,2026-03-04T19:15:00+00:00,SPXW-20260304-06855.000-C,CALL,2860.0,0.0,1,2860.0,296070.0,296070.0,298050.0,0.006643,-1980.0,0.0,
one_contract_baseline,934,2026-03-05,2026-03-05T15:07:00+00:00,2026-03-05T15:31:00+00:00,SPXW-20260305-06880.000-P,PUT,3370.0000000000005,3650.0,1,3370.0000000000005,296070.0,299720.0,299720.0,0.012178,0.0,3650.0,
one_contract_baseline,935,2026-03-05,2026-03-05T15:37:00+00:00,2026-03-05T15:49:00+00:00,SPXW-20260305-06805.000-C,CALL,2580.0,899.9999999999997,1,2580.0,299720.0,300620.0,300620.0,0.002994,3650.0,900.0,
one_contract_baseline,936,2026-03-05,2026-03-05T15:50:00+00:00,2026-03-05T16:15:00+00:00,SPXW-20260305-06805.000-C,CALL,3210.0,-980.0,1,3210.0,300620.0,299640.0,300620.0,0.0,4550.0,-980.0,
one_contract_baseline,937,2026-03-05,2026-03-05T18:38:00+00:00,2026-03-05T18:45:00+00:00,SPXW-20260305-06750.000-C,CALL,3410.0,960.0,1,3410.0,299640.0,300600.0,300620.0,0.00326,3570.0,960.0,
one_contract_baseline,938,2026-03-05,2026-03-05T19:05:00+00:00,2026-03-05T19:15:00+00:00,SPXW-20260305-06760.000-C,CALL,2620.0,369.99999999999994,1,2620.0,300600.0,300970.0,300970.0,0.001229,4530.0,370.0,
one_contract_baseline,939,2026-03-06,2026-03-06T15:00:00+00:00,2026-03-06T15:19:00+00:00,SPXW-20260306-06710.000-C,CALL,3479.9999999999995,1370.0000000000002,1,3479.9999999999995,300970.0,302340.0,302340.0,0.004531,0.0,1370.0,
one_contract_baseline,940,2026-03-06,2026-03-06T16:18:00+00:00,2026-03-06T16:30:00+00:00,SPXW-20260306-06735.000-C,CALL,3240.0,80.00000000000043,1,3240.0,302340.0,302420.0,302420.0,0.000265,1370.0,80.0,
one_contract_baseline,941,2026-03-06,2026-03-06T18:30:00+00:00,2026-03-06T18:44:00+00:00,SPXW-20260306-06730.000-C,CALL,3460.0,-80.00000000000043,1,3460.0,302420.0,302340.0,302420.0,0.0,1450.0,-80.0,
one_contract_baseline,942,2026-03-06,2026-03-06T18:58:00+00:00,2026-03-06T19:12:00+00:00,SPXW-20260306-06725.000-C,CALL,3420.0000000000005,639.9999999999999,1,3420.0000000000005,302340.0,302980.0,302980.0,0.002112,1370.0,640.0,
one_contract_baseline,943,2026-03-09,2026-03-09T14:04:00+00:00,2026-03-09T14:25:00+00:00,SPXW-20260309-06650.000-C,CALL,3460.0,-180.00000000000043,1,3460.0,302980.0,302800.0,302980.0,0.0,0.0,-180.0,
one_contract_baseline,944,2026-03-09,2026-03-09T14:30:00+00:00,2026-03-09T14:43:00+00:00,SPXW-20260309-06640.000-C,CALL,3150.0,1489.9999999999998,1,3150.0,302800.0,304290.0,304290.0,0.004897,-180.0,1490.0,
one_contract_baseline,945,2026-03-09,2026-03-09T17:30:00+00:00,2026-03-09T17:52:00+00:00,SPXW-20260309-06670.000-C,CALL,3460.0,-180.00000000000043,1,3460.0,304290.0,304110.0,304290.0,0.0,1310.0,-180.0,
one_contract_baseline,946,2026-03-10,2026-03-10T14:00:00+00:00,2026-03-10T14:12:00+00:00,SPXW-20260310-06790.000-P,PUT,3279.9999999999995,650.0,1,3279.9999999999995,304110.0,304760.0,304760.0,0.002133,0.0,650.0,
one_contract_baseline,947,2026-03-10,2026-03-10T14:15:00+00:00,2026-03-10T14:31:00+00:00,SPXW-20260310-06785.000-P,PUT,3130.0,-1680.0,1,3130.0,304760.0,303080.0,304760.0,0.0,650.0,-1680.0,
one_contract_baseline,948,2026-03-10,2026-03-10T17:39:00+00:00,2026-03-10T17:57:00+00:00,SPXW-20260310-06815.000-C,CALL,1500.0,560.0000000000001,1,1500.0,303080.0,303640.0,304760.0,0.005513,-1030.0,560.0,
one_contract_baseline,949,2026-03-11,2026-03-11T14:00:00+00:00,2026-03-11T14:19:00+00:00,SPXW-20260311-06785.000-C,CALL,2480.0,-60.00000000000014,1,2480.0,303640.0,303580.0,304760.0,0.003675,0.0,-60.0,
one_contract_baseline,950,2026-03-11,2026-03-11T14:33:00+00:00,2026-03-11T14:58:00+00:00,SPXW-20260311-06790.000-P,PUT,3260.0,-1530.0,1,3260.0,303580.0,302050.0,304760.0,0.003872,-60.0,-1530.0,
one_contract_baseline,951,2026-03-11,2026-03-11T15:12:00+00:00,2026-03-11T15:20:00+00:00,SPXW-20260311-06770.000-P,PUT,1450.0,680.0000000000001,1,1450.0,302050.0,302730.0,304760.0,0.008892,-1590.0,680.0,
one_contract_baseline,952,2026-03-12,2026-03-12T14:04:00+00:00,2026-03-12T14:12:00+00:00,SPXW-20260312-06735.000-P,PUT,3110.0,59.99999999999979,1,3110.0,302730.0,302790.0,304760.0,0.006661,0.0,60.0,
one_contract_baseline,953,2026-03-12,2026-03-12T14:13:00+00:00,2026-03-12T14:24:00+00:00,SPXW-20260312-06740.000-P,PUT,3220.0000000000005,1300.0,1,3220.0000000000005,302790.0,304090.0,304760.0,0.006464,60.0,1300.0,
one_contract_baseline,954,2026-03-12,2026-03-12T14:44:00+00:00,2026-03-12T15:04:00+00:00,SPXW-20260312-06675.000-C,CALL,3329.9999999999995,-169.99999999999957,1,3329.9999999999995,304090.0,303920.0,304760.0,0.002198,1360.0,-170.0,
one_contract_baseline,955,2026-03-12,2026-03-12T17:31:00+00:00,2026-03-12T17:35:00+00:00,SPXW-20260312-06725.000-P,PUT,2900.0,19.99999999999993,1,2900.0,303920.0,303940.0,304760.0,0.002756,1190.0,20.0,
one_contract_baseline,956,2026-03-12,2026-03-12T17:40:00+00:00,2026-03-12T18:05:00+00:00,SPXW-20260312-06680.000-C,CALL,3000.0,-800.0,1,3000.0,303940.0,303140.0,304760.0,0.002691,1210.0,-800.0,
one_contract_baseline,957,2026-03-12,2026-03-12T18:12:00+00:00,2026-03-12T18:22:00+00:00,SPXW-20260312-06725.000-P,PUT,2820.0,920.0,1,2820.0,303140.0,304060.0,304760.0,0.005316,410.0,920.0,
one_contract_baseline,958,2026-03-13,2026-03-13T14:30:00+00:00,2026-03-13T14:49:00+00:00,SPXW-20260313-06685.000-C,CALL,2890.0,-1020.0,1,2890.0,304060.0,303040.0,304760.0,0.002297,0.0,-1020.0,
one_contract_baseline,959,2026-03-13,2026-03-13T15:12:00+00:00,2026-03-13T15:23:00+00:00,SPXW-20260313-06650.000-C,CALL,3350.0,-169.99999999999994,1,3350.0,303040.0,302870.0,304760.0,0.005644,-1020.0,-170.0,
one_contract_baseline,960,2026-03-13,2026-03-13T17:30:00+00:00,2026-03-13T17:36:00+00:00,SPXW-20260313-06665.000-P,PUT,1970.0,350.0,1,1970.0,302870.0,303220.0,304760.0,0.006202,-1190.0,350.0,
one_contract_baseline,961,2026-03-13,2026-03-13T17:49:00+00:00,2026-03-13T18:00:00+00:00,SPXW-20260313-06650.000-P,PUT,1739.9999999999998,300.0,1,1739.9999999999998,303220.0,303520.0,304760.0,0.005053,-840.0,300.0,
one_contract_baseline,962,2026-03-13,2026-03-13T18:04:00+00:00,2026-03-13T18:15:00+00:00,SPXW-20260313-06610.000-C,CALL,3310.0,250.0,1,3310.0,303520.0,303770.0,304760.0,0.004069,-540.0,250.0,
one_contract_baseline,963,2026-03-13,2026-03-13T18:29:00+00:00,2026-03-13T18:41:00+00:00,SPXW-20260313-06620.000-C,CALL,2380.0,1030.0,1,2380.0,303770.0,304800.0,304800.0,0.003379,-290.0,1030.0,
one_contract_baseline,964,2026-03-16,2026-03-16T14:41:00+00:00,2026-03-16T14:58:00+00:00,SPXW-20260316-06670.000-C,CALL,3279.9999999999995,640.0000000000006,1,3279.9999999999995,304800.0,305440.0,305440.0,0.002095,0.0,640.0,
one_contract_baseline,965,2026-03-16,2026-03-16T14:59:00+00:00,2026-03-16T15:10:00+00:00,SPXW-20260316-06675.000-C,CALL,3290.0,110.00000000000014,1,3290.0,305440.0,305550.0,305550.0,0.00036,640.0,110.0,
one_contract_baseline,966,2026-03-16,2026-03-16T15:11:00+00:00,2026-03-16T15:36:00+00:00,SPXW-20260316-06725.000-P,PUT,3190.0,-1409.9999999999998,1,3190.0,305550.0,304140.0,305550.0,0.0,750.0,-1410.0,
one_contract_baseline,967,2026-03-16,2026-03-16T17:30:00+00:00,2026-03-16T17:55:00+00:00,SPXW-20260316-06670.000-C,CALL,3390.0,-659.9999999999998,1,3390.0,304140.0,303480.0,305550.0,0.004615,-660.0,-660.0,
one_contract_baseline,968,2026-03-16,2026-03-16T17:55:00+00:00,2026-03-16T18:04:00+00:00,SPXW-20260316-06665.000-C,CALL,3229.9999999999995,180.00000000000043,1,3229.9999999999995,303480.0,303660.0,305550.0,0.006775,-1320.0,180.0,
one_contract_baseline,969,2026-03-17,2026-03-17T14:04:00+00:00,2026-03-17T14:27:00+00:00,SPXW-20260317-06715.000-C,CALL,3270.0000000000005,-720.0000000000002,1,3270.0000000000005,303660.0,302940.0,305550.0,0.006186,0.0,-720.0,
one_contract_baseline,970,2026-03-17,2026-03-17T14:31:00+00:00,2026-03-17T14:41:00+00:00,SPXW-20260317-06745.000-P,PUT,1850.0,80.00000000000007,1,1850.0,302940.0,303020.0,305550.0,0.008542,-720.0,80.0,
one_contract_baseline,971,2026-03-17,2026-03-17T14:43:00+00:00,2026-03-17T14:57:00+00:00,SPXW-20260317-06710.000-C,CALL,3350.0,200.0,1,3350.0,303020.0,303220.0,305550.0,0.00828,-640.0,200.0,
one_contract_baseline,972,2026-03-17,2026-03-17T15:04:00+00:00,2026-03-17T15:15:00+00:00,SPXW-20260317-06765.000-P,PUT,3080.0,640.0000000000002,1,3080.0,303220.0,303860.0,305550.0,0.007626,-440.0,640.0,
one_contract_baseline,973,2026-03-18,2026-03-18T14:00:00+00:00,2026-03-18T14:15:00+00:00,SPXW-20260318-06725.000-P,PUT,3429.9999999999995,1600.0,1,3429.9999999999995,303860.0,305460.0,305550.0,0.005531,0.0,1600.0,
one_contract_baseline,974,2026-03-18,2026-03-18T14:25:00+00:00,2026-03-18T14:38:00+00:00,SPXW-20260318-06705.000-P,PUT,3490.0,830.0000000000005,1,3490.0,305460.0,306290.0,306290.0,0.00271,1600.0,830.0,
one_contract_baseline,975,2026-03-19,2026-03-19T14:31:00+00:00,2026-03-19T14:48:00+00:00,SPXW-20260319-06550.000-C,CALL,3450.0,410.0000000000001,1,3450.0,306290.0,306700.0,306700.0,0.001337,0.0,410.0,
one_contract_baseline,976,2026-03-19,2026-03-19T14:55:00+00:00,2026-03-19T15:04:00+00:00,SPXW-20260319-06605.000-P,PUT,2830.0,-340.0000000000002,1,2830.0,306700.0,306360.0,306700.0,0.0,410.0,-340.0,
one_contract_baseline,977,2026-03-19,2026-03-19T15:05:00+00:00,2026-03-19T15:17:00+00:00,SPXW-20260319-06570.000-C,CALL,3250.0,770.0000000000002,1,3250.0,306360.0,307130.0,307130.0,0.002507,70.0,770.0,
one_contract_baseline,978,2026-03-19,2026-03-19T15:19:00+00:00,2026-03-19T15:29:00+00:00,SPXW-20260319-06615.000-P,PUT,2710.0,900.0,1,2710.0,307130.0,308030.0,308030.0,0.002922,840.0,900.0,
one_contract_baseline,979,2026-03-19,2026-03-19T17:30:00+00:00,2026-03-19T17:51:00+00:00,SPXW-20260319-06550.000-C,CALL,3200.0,-169.99999999999994,1,3200.0,308030.0,307860.0,308030.0,0.0,1740.0,-170.0,
one_contract_baseline,980,2026-03-19,2026-03-19T17:56:00+00:00,2026-03-19T18:05:00+00:00,SPXW-20260319-06610.000-P,PUT,2810.0,660.0000000000001,1,2810.0,307860.0,308520.0,308520.0,0.002139,1570.0,660.0,
one_contract_baseline,981,2026-03-20,2026-03-20T14:00:00+00:00,2026-03-20T14:12:00+00:00,SPXW-20260320-06580.000-P,PUT,3420.0000000000005,550.0,1,3420.0000000000005,308520.0,309070.0,309070.0,0.00178,0.0,550.0,
one_contract_baseline,982,2026-03-20,2026-03-20T14:30:00+00:00,2026-03-20T14:47:00+00:00,SPXW-20260320-06520.000-C,CALL,3470.0000000000005,369.99999999999955,1,3470.0000000000005,309070.0,309440.0,309440.0,0.001196,550.0,370.0,
one_contract_baseline,983,2026-03-20,2026-03-20T14:49:00+00:00,2026-03-20T15:02:00+00:00,SPXW-20260320-06530.000-C,CALL,3220.0000000000005,-60.00000000000014,1,3220.0000000000005,309440.0,309380.0,309440.0,0.0,920.0,-60.0,
one_contract_baseline,984,2026-03-20,2026-03-20T15:16:00+00:00,2026-03-20T15:23:00+00:00,SPXW-20260320-06585.000-P,PUT,3460.0,910.0,1,3460.0,309380.0,310290.0,310290.0,0.002933,860.0,910.0,
one_contract_baseline,985,2026-03-20,2026-03-20T15:23:00+00:00,2026-03-20T15:38:00+00:00,SPXW-20260320-06520.000-C,CALL,3329.9999999999995,370.0000000000003,1,3329.9999999999995,310290.0,310660.0,310660.0,0.001191,1770.0,370.0,
one_contract_baseline,986,2026-03-20,2026-03-20T17:36:00+00:00,2026-03-20T17:45:00+00:00,SPXW-20260320-06545.000-P,PUT,1530.0,69.99999999999993,1,1530.0,310660.0,310730.0,310730.0,0.000225,2140.0,70.0,
one_contract_baseline,987,2026-03-20,2026-03-20T18:04:00+00:00,2026-03-20T18:14:00+00:00,SPXW-20260320-06565.000-P,PUT,3110.0,439.9999999999999,1,3110.0,310730.0,311170.0,311170.0,0.001414,2210.0,440.0,
one_contract_baseline,988,2026-03-23,2026-03-23T17:30:00+00:00,2026-03-23T17:43:00+00:00,SPXW-20260323-06565.000-C,CALL,2260.0,1329.9999999999998,1,2260.0,311170.0,312500.0,312500.0,0.004256,0.0,1330.0,
one_contract_baseline,989,2026-03-23,2026-03-23T17:56:00+00:00,2026-03-23T18:06:00+00:00,SPXW-20260323-06590.000-C,CALL,1940.0,120.00000000000028,1,1940.0,312500.0,312620.0,312620.0,0.000384,1330.0,120.0,
one_contract_baseline,990,2026-03-23,2026-03-23T18:07:00+00:00,2026-03-23T18:15:00+00:00,SPXW-20260323-06605.000-P,PUT,1100.0,59.999999999999964,1,1100.0,312620.0,312680.0,312680.0,0.000192,1450.0,60.0,
one_contract_baseline,991,2026-03-23,2026-03-23T18:16:00+00:00,2026-03-23T18:23:00+00:00,SPXW-20260323-06610.000-P,PUT,1360.0,279.9999999999999,1,1360.0,312680.0,312960.0,312960.0,0.000895,1510.0,280.0,
one_contract_baseline,992,2026-03-23,2026-03-23T18:25:00+00:00,2026-03-23T18:39:00+00:00,SPXW-20260323-06575.000-C,CALL,2880.0,1649.9999999999995,1,2880.0,312960.0,314610.0,314610.0,0.005245,1790.0,1650.0,
one_contract_baseline,993,2026-03-23,2026-03-23T18:42:00+00:00,2026-03-23T18:50:00+00:00,SPXW-20260323-06595.000-C,CALL,2080.0,350.0,1,2080.0,314610.0,314960.0,314960.0,0.001111,3440.0,350.0,
one_contract_baseline,994,2026-03-24,2026-03-24T14:00:00+00:00,2026-03-24T14:19:00+00:00,SPXW-20260324-06520.000-C,CALL,3370.0000000000005,509.99999999999943,1,3370.0000000000005,314960.0,315470.0,315470.0,0.001617,0.0,510.0,
one_contract_baseline,995,2026-03-24,2026-03-24T14:40:00+00:00,2026-03-24T15:00:00+00:00,SPXW-20260324-06535.000-C,CALL,3040.0,1010.0,1,3040.0,315470.0,316480.0,316480.0,0.003191,510.0,1010.0,
one_contract_baseline,996,2026-03-24,2026-03-24T17:30:00+00:00,2026-03-24T17:42:00+00:00,SPXW-20260324-06530.000-C,CALL,3329.9999999999995,-209.99999999999977,1,3329.9999999999995,316480.0,316270.0,316480.0,0.0,1520.0,-210.0,
one_contract_baseline,997,2026-03-24,2026-03-24T17:55:00+00:00,2026-03-24T18:08:00+00:00,SPXW-20260324-06550.000-C,CALL,1520.0,750.0,1,1520.0,316270.0,317020.0,317020.0,0.002366,1310.0,750.0,
one_contract_baseline,998,2026-03-25,2026-03-25T14:10:00+00:00,2026-03-25T14:20:00+00:00,SPXW-20260325-06620.000-P,PUT,3390.0,-519.9999999999999,1,3390.0,317020.0,316500.0,317020.0,0.0,0.0,-520.0,
one_contract_baseline,999,2026-03-25,2026-03-25T14:20:00+00:00,2026-03-25T14:30:00+00:00,SPXW-20260325-06595.000-C,CALL,2310.0,229.99999999999972,1,2310.0,316500.0,316730.0,317020.0,0.00164,-520.0,230.0,
one_contract_baseline,1000,2026-03-25,2026-03-25T14:36:00+00:00,2026-03-25T14:47:00+00:00,SPXW-20260325-06630.000-P,PUT,2840.0,-159.99999999999977,1,2840.0,316730.0,316570.0,317020.0,0.000915,-290.0,-160.0,
one_contract_baseline,1001,2026-03-25,2026-03-25T14:48:00+00:00,2026-03-25T14:59:00+00:00,SPXW-20260325-06590.000-C,CALL,3190.0,50.0,1,3190.0,316570.0,316620.0,317020.0,0.001419,-450.0,50.0,
one_contract_baseline,1002,2026-03-25,2026-03-25T15:16:00+00:00,2026-03-25T15:18:00+00:00,SPXW-20260325-06580.000-P,PUT,1220.0,1440.0000000000002,1,1220.0,316620.0,318060.0,318060.0,0.004527,-400.0,1440.0,
one_contract_baseline,1003,2026-03-25,2026-03-25T15:24:00+00:00,2026-03-25T15:35:00+00:00,SPXW-20260325-06580.000-C,CALL,2370.0,869.9999999999999,1,2370.0,318060.0,318930.0,318930.0,0.002728,1040.0,870.0,
one_contract_baseline,1004,2026-03-26,2026-03-26T14:47:00+00:00,2026-03-26T15:02:00+00:00,SPXW-20260326-06540.000-C,CALL,2370.0,-219.99999999999991,1,2370.0,318930.0,318710.0,318930.0,0.0,0.0,-220.0,
one_contract_baseline,1005,2026-03-26,2026-03-26T15:04:00+00:00,2026-03-26T15:15:00+00:00,SPXW-20260326-06565.000-P,PUT,2490.0,70.00000000000028,1,2490.0,318710.0,318780.0,318930.0,0.00069,-220.0,70.0,
one_contract_baseline,1006,2026-03-26,2026-03-26T15:16:00+00:00,2026-03-26T15:27:00+00:00,SPXW-20260326-06565.000-P,PUT,2540.0,220.00000000000028,1,2540.0,318780.0,319000.0,319000.0,0.00069,-150.0,220.0,
one_contract_baseline,1007,2026-03-26,2026-03-26T15:29:00+00:00,2026-03-26T15:46:00+00:00,SPXW-20260326-06575.000-P,PUT,3440.0,589.9999999999999,1,3440.0,319000.0,319590.0,319590.0,0.001846,70.0,590.0,
one_contract_baseline,1008,2026-03-26,2026-03-26T17:31:00+00:00,2026-03-26T17:42:00+00:00,SPXW-20260326-06530.000-P,PUT,2320.0,240.00000000000023,1,2320.0,319590.0,319830.0,319830.0,0.00075,660.0,240.0,
one_contract_baseline,1009,2026-03-26,2026-03-26T18:28:00+00:00,2026-03-26T18:53:00+00:00,SPXW-20260326-06525.000-P,PUT,3490.0,-769.9999999999999,1,3490.0,319830.0,319060.0,319830.0,0.0,900.0,-770.0,
one_contract_baseline,1010,2026-03-27,2026-03-27T14:01:00+00:00,2026-03-27T14:11:00+00:00,SPXW-20260327-06425.000-P,PUT,2510.0,169.99999999999994,1,2510.0,319060.0,319230.0,319830.0,0.002408,0.0,170.0,
one_contract_baseline,1011,2026-03-27,2026-03-27T14:11:00+00:00,2026-03-27T14:21:00+00:00,SPXW-20260327-06405.000-C,CALL,2810.0,1050.0,1,2810.0,319230.0,320280.0,320280.0,0.003278,170.0,1050.0,
one_contract_baseline,1012,2026-03-27,2026-03-27T14:26:00+00:00,2026-03-27T14:37:00+00:00,SPXW-20260327-06440.000-P,PUT,3000.0,250.0,1,3000.0,320280.0,320530.0,320530.0,0.00078,1220.0,250.0,
one_contract_baseline,1013,2026-03-27,2026-03-27T14:38:00+00:00,2026-03-27T14:48:00+00:00,SPXW-20260327-06435.000-P,PUT,2960.0,-150.0,1,2960.0,320530.0,320380.0,320530.0,0.0,1470.0,-150.0,
one_contract_baseline,1014,2026-03-27,2026-03-27T14:49:00+00:00,2026-03-27T15:01:00+00:00,SPXW-20260327-06400.000-C,CALL,3260.0,319.99999999999955,1,3260.0,320380.0,320700.0,320700.0,0.000998,1320.0,320.0,
one_contract_baseline,1015,2026-03-27,2026-03-27T15:03:00+00:00,2026-03-27T15:17:00+00:00,SPXW-20260327-06405.000-C,CALL,3360.0,-610.0000000000001,1,3360.0,320700.0,320090.0,320700.0,0.0,1640.0,-610.0,
one_contract_baseline,1016,2026-03-27,2026-03-27T15:23:00+00:00,2026-03-27T15:36:00+00:00,SPXW-20260327-06420.000-C,CALL,1730.0,1450.0,1,1730.0,320090.0,321540.0,321540.0,0.00451,1030.0,1450.0,
one_contract_baseline,1017,2026-03-27,2026-03-27T18:41:00+00:00,2026-03-27T19:04:00+00:00,SPXW-20260327-06355.000-C,CALL,2940.0,-829.9999999999998,1,2940.0,321540.0,320710.0,321540.0,0.0,2480.0,-830.0,
one_contract_baseline,1018,2026-03-30,2026-03-30T14:15:00+00:00,2026-03-30T14:27:00+00:00,SPXW-20260330-06405.000-P,PUT,3030.0,280.00000000000006,1,3030.0,320710.0,320990.0,321540.0,0.002581,0.0,280.0,
one_contract_baseline,1019,2026-03-30,2026-03-30T14:35:00+00:00,2026-03-30T14:46:00+00:00,SPXW-20260330-06400.000-P,PUT,2950.0,489.9999999999999,1,2950.0,320990.0,321480.0,321540.0,0.001711,280.0,490.0,
one_contract_baseline,1020,2026-03-30,2026-03-30T14:46:00+00:00,2026-03-30T15:08:00+00:00,SPXW-20260330-06355.000-C,CALL,3180.0,1340.0000000000002,1,3180.0,321480.0,322820.0,322820.0,0.004151,770.0,1340.0,
one_contract_baseline,1021,2026-03-30,2026-03-30T15:20:00+00:00,2026-03-30T15:38:00+00:00,SPXW-20260330-06365.000-C,CALL,3270.0000000000005,1350.0,1,3270.0000000000005,322820.0,324170.0,324170.0,0.004164,2110.0,1350.0,
one_contract_baseline,1022,2026-03-30,2026-03-30T17:30:00+00:00,2026-03-30T17:36:00+00:00,SPXW-20260330-06390.000-P,PUT,3379.9999999999995,470.0000000000003,1,3379.9999999999995,324170.0,324640.0,324640.0,0.001448,3460.0,470.0,
one_contract_baseline,1023,2026-03-30,2026-03-30T17:36:00+00:00,2026-03-30T17:46:00+00:00,SPXW-20260330-06335.000-C,CALL,2370.0,1090.0000000000002,1,2370.0,324640.0,325730.0,325730.0,0.003346,3930.0,1090.0,
one_contract_baseline,1024,2026-03-30,2026-03-30T18:04:00+00:00,2026-03-30T18:11:00+00:00,SPXW-20260330-06380.000-P,PUT,2370.0,360.0000000000001,1,2370.0,325730.0,326090.0,326090.0,0.001104,5020.0,360.0,
one_contract_baseline,1025,2026-03-31,2026-03-31T14:46:00+00:00,2026-03-31T15:09:00+00:00,SPXW-20260331-06405.000-C,CALL,3200.0,389.9999999999999,1,3200.0,326090.0,326480.0,326480.0,0.001195,0.0,390.0,
one_contract_baseline,1026,2026-03-31,2026-03-31T18:00:00+00:00,2026-03-31T18:10:00+00:00,SPXW-20260331-06465.000-C,CALL,3030.0,869.9999999999999,1,3030.0,326480.0,327350.0,327350.0,0.002658,390.0,870.0,
one_contract_baseline,1027,2026-03-31,2026-03-31T18:27:00+00:00,2026-03-31T18:44:00+00:00,SPXW-20260331-06465.000-C,CALL,3300.0,550.0,1,3300.0,327350.0,327900.0,327900.0,0.001677,1260.0,550.0,
one_contract_baseline,1028,2026-03-31,2026-03-31T19:09:00+00:00,2026-03-31T19:16:00+00:00,SPXW-20260331-06485.000-C,CALL,2360.0,1150.0,1,2360.0,327900.0,329050.0,329050.0,0.003495,1810.0,1150.0,
strict_exposure_ladder,1,2024-10-01,2024-10-01T14:15:00+00:00,2024-10-01T14:21:00+00:00,SPXW-20241001-05710.000-P,PUT,2480.0,-50.0,0,0.0,10000.0,10000.0,10000.0,0.0,0.0,-0.0,premium_exposure_cap
strict_exposure_ladder,2,2024-10-01,2024-10-01T14:21:00+00:00,2024-10-01T14:39:00+00:00,SPXW-20241001-05675.000-C,CALL,3100.0,300.0,0,0.0,10000.0,10000.0,10000.0,0.0,0.0,0.0,premium_exposure_cap
strict_exposure_ladder,3,2024-10-01,2024-10-01T14:41:00+00:00,2024-10-01T15:05:00+00:00,SPXW-20241001-05675.000-C,CALL,3400.0,-460.0000000000001,0,0.0,10000.0,10000.0,10000.0,0.0,0.0,-0.0,premium_exposure_cap
strict_exposure_ladder,4,2024-10-01,2024-10-01T15:19:00+00:00,2024-10-01T15:44:00+00:00,SPXW-20241001-05665.000-C,CALL,2640.0,2430.0000000000005,0,0.0,10000.0,10000.0,10000.0,0.0,0.0,0.0,premium_exposure_cap
strict_exposure_ladder,5,2024-10-01,2024-10-01T17:31:00+00:00,2024-10-01T17:56:00+00:00,SPXW-20241001-05680.000-C,CALL,1590.0,1510.0,1,1590.0,10000.0,11510.0,11510.0,0.13119,0.0,1510.0,
strict_exposure_ladder,6,2024-10-01,2024-10-01T18:43:00+00:00,2024-10-01T19:07:00+00:00,SPXW-20241001-05715.000-C,CALL,1300.0,-169.99999999999994,1,1300.0,11510.0,11340.0,11510.0,0.0,1510.0,-170.0,
strict_exposure_ladder,7,2024-10-01,2024-10-01T19:14:00+00:00,2024-10-01T19:22:00+00:00,SPXW-20241001-05695.000-C,CALL,2620.0,350.0,0,0.0,11340.0,11340.0,11510.0,0.01477,1340.0,0.0,premium_exposure_cap
strict_exposure_ladder,8,2024-10-02,2024-10-02T14:00:00+00:00,2024-10-02T14:12:00+00:00,SPXW-20241002-05675.000-C,CALL,2540.0,620.0000000000002,0,0.0,11340.0,11340.0,11510.0,0.01477,0.0,0.0,premium_exposure_cap
strict_exposure_ladder,9,2024-10-02,2024-10-02T14:25:00+00:00,2024-10-02T14:50:00+00:00,SPXW-20241002-05665.000-C,CALL,3520.0000000000005,1789.9999999999998,0,0.0,11340.0,11340.0,11510.0,0.01477,0.0,0.0,premium_exposure_cap
strict_exposure_ladder,10,2024-10-02,2024-10-02T15:19:00+00:00,2024-10-02T15:35:00+00:00,SPXW-20241002-05685.000-C,CALL,3420.0000000000005,100.0,0,0.0,11340.0,11340.0,11510.0,0.01477,0.0,0.0,premium_exposure_cap
strict_exposure_ladder,11,2024-10-03,2024-10-03T14:00:00+00:00,2024-10-03T14:12:00+00:00,SPXW-20241003-05690.000-C,CALL,2050.0,1239.9999999999998,1,2050.0,11340.0,12580.0,12580.0,0.098569,0.0,1240.0,
strict_exposure_ladder,12,2024-10-03,2024-10-03T14:13:00+00:00,2024-10-03T14:23:00+00:00,SPXW-20241003-05705.000-P,PUT,920.0,1300.0,1,920.0,12580.0,13880.0,13880.0,0.09366,1240.0,1300.0,
strict_exposure_ladder,13,2024-10-03,2024-10-03T14:32:00+00:00,2024-10-03T14:49:00+00:00,SPXW-20241003-05680.000-C,CALL,2180.0,359.9999999999998,1,2180.0,13880.0,14240.0,14240.0,0.025281,2540.0,360.0,
strict_exposure_ladder,14,2024-10-03,2024-10-03T14:51:00+00:00,2024-10-03T15:16:00+00:00,SPXW-20241003-05695.000-C,CALL,1590.0,-350.0,1,1590.0,14240.0,13890.0,14240.0,0.0,2900.0,-350.0,
strict_exposure_ladder,15,2024-10-04,2024-10-04T14:02:00+00:00,2024-10-04T14:27:00+00:00,SPXW-20241004-05700.000-C,CALL,3250.0,-869.9999999999999,0,0.0,13890.0,13890.0,14240.0,0.024579,0.0,-0.0,premium_exposure_cap
strict_exposure_ladder,16,2024-10-04,2024-10-04T14:27:00+00:00,2024-10-04T14:38:00+00:00,SPXW-20241004-05720.000-P,PUT,1990.0,510.0000000000001,1,1990.0,13890.0,14400.0,14400.0,0.035417,0.0,510.0,
strict_exposure_ladder,17,2024-10-04,2024-10-04T14:40:00+00:00,2024-10-04T15:05:00+00:00,SPXW-20241004-05680.000-C,CALL,3229.9999999999995,1280.0000000000005,0,0.0,14400.0,14400.0,14400.0,0.0,510.0,0.0,premium_exposure_cap
strict_exposure_ladder,18,2024-10-04,2024-10-04T15:13:00+00:00,2024-10-04T15:28:00+00:00,SPXW-20241004-05750.000-P,PUT,3020.0,1390.0000000000002,0,0.0,14400.0,14400.0,14400.0,0.0,510.0,0.0,premium_exposure_cap
strict_exposure_ladder,19,2024-10-07,2024-10-07T14:04:00+00:00,2024-10-07T14:21:00+00:00,SPXW-20241007-05715.000-C,CALL,2220.0,300.0,1,2220.0,14400.0,14700.0,14700.0,0.020408,0.0,300.0,
strict_exposure_ladder,20,2024-10-07,2024-10-07T14:29:00+00:00,2024-10-07T14:51:00+00:00,SPXW-20241007-05705.000-C,CALL,3210.0,-130.00000000000006,0,0.0,14700.0,14700.0,14700.0,0.0,300.0,-0.0,premium_exposure_cap
strict_exposure_ladder,21,2024-10-07,2024-10-07T14:51:00+00:00,2024-10-07T15:13:00+00:00,SPXW-20241007-05725.000-C,CALL,1520.0,30.00000000000007,1,1520.0,14700.0,14730.0,14730.0,0.002037,300.0,30.0,
strict_exposure_ladder,22,2024-10-07,2024-10-07T15:20:00+00:00,2024-10-07T15:34:00+00:00,SPXW-20241007-05705.000-C,CALL,3360.0,-30.000000000000423,0,0.0,14730.0,14730.0,14730.0,0.0,330.0,-0.0,premium_exposure_cap
strict_exposure_ladder,23,2024-10-08,2024-10-08T14:00:00+00:00,2024-10-08T14:20:00+00:00,SPXW-20241008-05710.000-C,CALL,2340.0,-59.99999999999979,1,2340.0,14730.0,14670.0,14730.0,0.0,0.0,-60.0,
strict_exposure_ladder,24,2024-10-08,2024-10-08T14:25:00+00:00,2024-10-08T14:50:00+00:00,SPXW-20241008-05710.000-C,CALL,2180.0,1099.9999999999995,1,2180.0,14670.0,15770.0,15770.0,0.069753,-60.0,1100.0,
strict_exposure_ladder,25,2024-10-09,2024-10-09T14:00:00+00:00,2024-10-09T14:15:00+00:00,SPXW-20241009-05725.000-C,CALL,3379.9999999999995,160.00000000000014,0,0.0,15770.0,15770.0,15770.0,0.0,0.0,0.0,premium_exposure_cap
strict_exposure_ladder,26,2024-10-09,2024-10-09T14:25:00+00:00,2024-10-09T14:39:00+00:00,SPXW-20241009-05730.000-C,CALL,3270.0000000000005,119.99999999999956,0,0.0,15770.0,15770.0,15770.0,0.0,0.0,0.0,premium_exposure_cap
strict_exposure_ladder,27,2024-10-09,2024-10-09T14:39:00+00:00,2024-10-09T15:04:00+00:00,SPXW-20241009-05730.000-C,CALL,3440.0,750.0,0,0.0,15770.0,15770.0,15770.0,0.0,0.0,0.0,premium_exposure_cap
strict_exposure_ladder,28,2024-10-10,2024-10-10T14:00:00+00:00,2024-10-10T14:13:00+00:00,SPXW-20241010-05760.000-C,CALL,2090.0,660.0000000000001,1,2090.0,15770.0,16430.0,16430.0,0.04017,0.0,660.0,
strict_exposure_ladder,29,2024-10-10,2024-10-10T14:26:00+00:00,2024-10-10T14:45:00+00:00,SPXW-20241010-05750.000-C,CALL,3150.0,-30.00000000000007,1,3150.0,16430.0,16400.0,16430.0,0.0,660.0,-30.0,
strict_exposure_ladder,30,2024-10-11,2024-10-11T14:01:00+00:00,2024-10-11T14:26:00+00:00,SPXW-20241011-05775.000-C,CALL,2110.0,2150.0,1,2110.0,16400.0,18550.0,18550.0,0.115903,0.0,2150.0,
strict_exposure_ladder,31,2024-10-11,2024-10-11T15:04:00+00:00,2024-10-11T15:19:00+00:00,SPXW-20241011-05790.000-C,CALL,2470.0,69.99999999999993,1,2470.0,18550.0,18620.0,18620.0,0.003759,2150.0,70.0,
strict_exposure_ladder,32,2024-10-11,2024-10-11T15:27:00+00:00,2024-10-11T15:47:00+00:00,SPXW-20241011-05790.000-C,CALL,2430.0,139.99999999999986,1,2430.0,18620.0,18760.0,18760.0,0.007463,2220.0,140.0,
strict_exposure_ladder,33,2024-10-11,2024-10-11T17:30:00+00:00,2024-10-11T17:55:00+00:00,SPXW-20241011-05780.000-C,CALL,2930.0,309.9999999999998,1,2930.0,18760.0,19070.0,19070.0,0.016256,2360.0,310.0,
strict_exposure_ladder,34,2024-10-14,2024-10-14T14:00:00+00:00,2024-10-14T14:22:00+00:00,SPXW-20241014-05820.000-C,CALL,3450.0,-210.00000000000017,1,3450.0,19070.0,18860.0,19070.0,0.0,0.0,-210.0,
strict_exposure_ladder,35,2024-10-14,2024-10-14T14:23:00+00:00,2024-10-14T14:34:00+00:00,SPXW-20241014-05835.000-C,CALL,1990.0,120.00000000000028,1,1990.0,18860.0,18980.0,19070.0,0.011012,-210.0,120.0,
strict_exposure_ladder,36,2024-10-14,2024-10-14T14:36:00+00:00,2024-10-14T15:01:00+00:00,SPXW-20241014-05835.000-C,CALL,2340.0,-839.9999999999999,1,2340.0,18980.0,18140.0,19070.0,0.004719,-90.0,-840.0,
strict_exposure_ladder,37,2024-10-14,2024-10-14T15:02:00+00:00,2024-10-14T15:24:00+00:00,SPXW-20241014-05835.000-C,CALL,1510.0,250.00000000000017,0,0.0,18140.0,18140.0,19070.0,0.048768,-930.0,0.0,daily_loss_stop
strict_exposure_ladder,38,2024-10-15,2024-10-15T14:10:00+00:00,2024-10-15T14:23:00+00:00,SPXW-20241015-05880.000-P,PUT,2130.0,130.00000000000006,1,2130.0,18140.0,18270.0,19070.0,0.048768,0.0,130.0,
strict_exposure_ladder,39,2024-10-15,2024-10-15T14:35:00+00:00,2024-10-15T14:42:00+00:00,SPXW-20241015-05850.000-P,PUT,1290.0,540.0,1,1290.0,18270.0,18810.0,19070.0,0.041951,130.0,540.0,
strict_exposure_ladder,40,2024-10-16,2024-10-16T14:03:00+00:00,2024-10-16T14:28:00+00:00,SPXW-20241016-05790.000-C,CALL,2540.0,1300.0,1,2540.0,18810.0,20110.0,20110.0,0.064644,0.0,1300.0,
strict_exposure_ladder,41,2024-10-16,2024-10-16T14:28:00+00:00,2024-10-16T14:53:00+00:00,SPXW-20241016-05805.000-C,CALL,2540.0,-579.9999999999998,1,2540.0,20110.0,19530.0,20110.0,0.0,1300.0,-580.0,
strict_exposure_ladder,42,2024-10-16,2024-10-16T14:54:00+00:00,2024-10-16T15:19:00+00:00,SPXW-20241016-05790.000-C,CALL,3279.9999999999995,210.00000000000017,1,3279.9999999999995,19530.0,19740.0,20110.0,0.028841,720.0,210.0,
strict_exposure_ladder,43,2024-10-17,2024-10-17T14:01:00+00:00,2024-10-17T14:12:00+00:00,SPXW-20241017-05860.000-P,PUT,1150.0,409.99999999999994,1,1150.0,19740.0,20150.0,20150.0,0.020347,0.0,410.0,
strict_exposure_ladder,44,2024-10-17,2024-10-17T14:37:00+00:00,2024-10-17T14:55:00+00:00,SPXW-20241017-05865.000-P,PUT,1630.0,130.00000000000006,2,3260.0,20150.0,20410.0,20410.0,0.012739,410.0,260.0,
strict_exposure_ladder,45,2024-10-17,2024-10-17T15:02:00+00:00,2024-10-17T15:21:00+00:00,SPXW-20241017-05870.000-P,PUT,2400.0,-500.0,1,2400.0,20410.0,19910.0,20410.0,0.0,670.0,-500.0,
strict_exposure_ladder,46,2024-10-17,2024-10-17T18:11:00+00:00,2024-10-17T18:21:00+00:00,SPXW-20241017-05855.000-P,PUT,1130.0,139.99999999999986,1,1130.0,19910.0,20050.0,20410.0,0.024498,170.0,140.0,
strict_exposure_ladder,47,2024-10-18,2024-10-18T14:03:00+00:00,2024-10-18T14:20:00+00:00,SPXW-20241018-05830.000-C,CALL,2620.0,-9.999999999999789,1,2620.0,20050.0,20040.0,20410.0,0.017638,0.0,-10.0,
strict_exposure_ladder,48,2024-10-18,2024-10-18T14:40:00+00:00,2024-10-18T14:51:00+00:00,SPXW-20241018-05840.000-C,CALL,1789.9999999999998,90.00000000000021,2,3579.9999999999995,20040.0,20220.0,20410.0,0.018128,-10.0,180.0,
strict_exposure_ladder,49,2024-10-18,2024-10-18T15:06:00+00:00,2024-10-18T15:23:00+00:00,SPXW-20241018-05845.000-C,CALL,1440.0,150.0,2,2880.0,20220.0,20520.0,20520.0,0.01462,170.0,300.0,
strict_exposure_ladder,50,2024-10-18,2024-10-18T17:31:00+00:00,2024-10-18T17:49:00+00:00,SPXW-20241018-05850.000-C,CALL,1600.0,139.99999999999986,2,3200.0,20520.0,20800.0,20800.0,0.013462,470.0,280.0,
strict_exposure_ladder,51,2024-10-18,2024-10-18T18:09:00+00:00,2024-10-18T18:31:00+00:00,SPXW-20241018-05850.000-C,CALL,1689.9999999999998,300.0,2,3379.9999999999995,20800.0,21400.0,21400.0,0.028037,750.0,600.0,
strict_exposure_ladder,52,2024-10-21,2024-10-21T14:03:00+00:00,2024-10-21T14:14:00+00:00,SPXW-20241021-05845.000-C,CALL,1840.0,140.00000000000023,2,3680.0,21400.0,21680.0,21680.0,0.012915,0.0,280.0,
strict_exposure_ladder,53,2024-10-21,2024-10-21T14:28:00+00:00,2024-10-21T14:53:00+00:00,SPXW-20241021-05870.000-P,PUT,1490.0,1040.0,2,2980.0,21680.0,23760.0,23760.0,0.087542,280.0,2080.0,
strict_exposure_ladder,54,2024-10-21,2024-10-21T15:02:00+00:00,2024-10-21T15:09:00+00:00,SPXW-20241021-05845.000-P,PUT,960.0,990.0,2,1920.0,23760.0,25740.0,25740.0,0.076923,2360.0,1980.0,
strict_exposure_ladder,55,2024-10-22,2024-10-22T14:01:00+00:00,2024-10-22T14:11:00+00:00,SPXW-20241022-05815.000-C,CALL,2160.0,259.9999999999998,2,4320.0,25740.0,26260.0,26260.0,0.019802,0.0,520.0,
strict_exposure_ladder,56,2024-10-22,2024-10-22T14:27:00+00:00,2024-10-22T14:43:00+00:00,SPXW-20241022-05810.000-C,CALL,2620.0,-80.00000000000007,2,5240.0,26260.0,26100.0,26260.0,0.0,520.0,-160.0,
strict_exposure_ladder,57,2024-10-22,2024-10-22T14:44:00+00:00,2024-10-22T15:03:00+00:00,SPXW-20241022-05845.000-P,PUT,1670.0,-660.0,2,3340.0,26100.0,24780.0,26260.0,0.006093,360.0,-1320.0,
strict_exposure_ladder,58,2024-10-23,2024-10-23T14:04:00+00:00,2024-10-23T14:28:00+00:00,SPXW-20241023-05840.000-P,PUT,1580.0,280.00000000000006,1,1580.0,24780.0,25060.0,26260.0,0.056359,0.0,280.0,
strict_exposure_ladder,59,2024-10-23,2024-10-23T14:54:00+00:00,2024-10-23T15:09:00+00:00,SPXW-20241023-05835.000-P,PUT,1540.0,70.00000000000011,2,3080.0,25060.0,25200.0,26260.0,0.045697,280.0,140.0,
strict_exposure_ladder,60,2024-10-23,2024-10-23T15:11:00+00:00,2024-10-23T15:36:00+00:00,SPXW-20241023-05835.000-P,PUT,1870.0,819.9999999999999,2,3740.0,25200.0,26840.0,26840.0,0.061103,420.0,1640.0,
strict_exposure_ladder,61,2024-10-24,2024-10-24T14:02:00+00:00,2024-10-24T14:24:00+00:00,SPXW-20241024-05790.000-C,CALL,2680.0,-250.0,2,5360.0,26840.0,26340.0,26840.0,0.0,0.0,-500.0,
strict_exposure_ladder,62,2024-10-24,2024-10-24T14:32:00+00:00,2024-10-24T14:57:00+00:00,SPXW-20241024-05795.000-C,CALL,2170.0,-380.00000000000006,2,4340.0,26340.0,25580.0,26840.0,0.018629,-500.0,-760.0,
strict_exposure_ladder,63,2024-10-25,2024-10-25T14:01:00+00:00,2024-10-25T14:12:00+00:00,SPXW-20241025-05840.000-C,CALL,1960.0,219.99999999999991,2,3920.0,25580.0,26020.0,26840.0,0.046945,0.0,440.0,
strict_exposure_ladder,64,2024-10-25,2024-10-25T15:26:00+00:00,2024-10-25T15:44:00+00:00,SPXW-20241025-05855.000-P,PUT,1190.0,820.0000000000001,2,2380.0,26020.0,27660.0,27660.0,0.059291,440.0,1640.0,
strict_exposure_ladder,65,2024-10-25,2024-10-25T17:30:00+00:00,2024-10-25T17:36:00+00:00,SPXW-20241025-05835.000-P,PUT,1540.0,599.9999999999998,2,3080.0,27660.0,28860.0,28860.0,0.04158,2080.0,1200.0,
strict_exposure_ladder,66,2024-10-25,2024-10-25T17:47:00+00:00,2024-10-25T17:55:00+00:00,SPXW-20241025-05780.000-C,CALL,3290.0,730.0000000000005,1,3290.0,28860.0,29590.0,29590.0,0.02467,3280.0,730.0,
strict_exposure_ladder,67,2024-10-25,2024-10-25T18:13:00+00:00,2024-10-25T18:21:00+00:00,SPXW-20241025-05780.000-C,CALL,2620.0,700.0000000000003,2,5240.0,29590.0,30990.0,30990.0,0.045176,4010.0,1400.0,
strict_exposure_ladder,68,2024-10-28,2024-10-28T14:23:00+00:00,2024-10-28T14:42:00+00:00,SPXW-20241028-05810.000-C,CALL,3100.0,30.00000000000007,1,3100.0,30990.0,31020.0,31020.0,0.000967,0.0,30.0,
strict_exposure_ladder,69,2024-10-28,2024-10-28T14:49:00+00:00,2024-10-28T15:14:00+00:00,SPXW-20241028-05820.000-C,CALL,2340.0,-209.99999999999977,2,4680.0,31020.0,30600.0,31020.0,0.0,30.0,-420.0,
strict_exposure_ladder,70,2024-10-29,2024-10-29T14:01:00+00:00,2024-10-29T14:15:00+00:00,SPXW-20241029-05785.000-C,CALL,3400.0,370.0000000000003,1,3400.0,30600.0,30970.0,31020.0,0.01354,0.0,370.0,
strict_exposure_ladder,71,2024-10-29,2024-10-29T14:30:00+00:00,2024-10-29T14:41:00+00:00,SPXW-20241029-05810.000-C,CALL,1810.0,359.9999999999998,2,3620.0,30970.0,31690.0,31690.0,0.02272,370.0,720.0,
strict_exposure_ladder,72,2024-10-29,2024-10-29T14:57:00+00:00,2024-10-29T15:17:00+00:00,SPXW-20241029-05805.000-C,CALL,2780.0,39.99999999999986,2,5560.0,31690.0,31770.0,31770.0,0.002518,1090.0,80.0,
strict_exposure_ladder,73,2024-10-30,2024-10-30T14:00:00+00:00,2024-10-30T14:25:00+00:00,SPXW-20241030-05810.000-C,CALL,2950.0,570.0000000000002,2,5900.0,31770.0,32910.0,32910.0,0.03464,0.0,1140.0,
strict_exposure_ladder,74,2024-10-30,2024-10-30T14:37:00+00:00,2024-10-30T14:57:00+00:00,SPXW-20241030-05825.000-C,CALL,2210.0,-60.00000000000014,2,4420.0,32910.0,32790.0,32910.0,0.0,1140.0,-120.0,
strict_exposure_ladder,75,2024-10-30,2024-10-30T15:01:00+00:00,2024-10-30T15:25:00+00:00,SPXW-20241030-05825.000-C,CALL,1930.0,-150.0,2,3860.0,32790.0,32490.0,32910.0,0.003646,1020.0,-300.0,
strict_exposure_ladder,76,2024-10-31,2024-10-31T14:17:00+00:00,2024-10-31T14:42:00+00:00,SPXW-20241031-05720.000-C,CALL,3400.0,-1020.0,1,3400.0,32490.0,31470.0,32910.0,0.012762,0.0,-1020.0,
strict_exposure_ladder,77,2024-10-31,2024-10-31T15:20:00+00:00,2024-10-31T15:44:00+00:00,SPXW-20241031-05710.000-C,CALL,2340.0,-309.9999999999998,0,0.0,31470.0,31470.0,32910.0,0.043756,-1020.0,-0.0,daily_loss_stop
strict_exposure_ladder,78,2024-10-31,2024-10-31T18:30:00+00:00,2024-10-31T18:55:00+00:00,SPXW-20241031-05705.000-C,CALL,1890.0,-219.99999999999991,0,0.0,31470.0,31470.0,32910.0,0.043756,-1020.0,-0.0,daily_loss_stop
strict_exposure_ladder,79,2024-10-31,2024-10-31T19:20:00+00:00,2024-10-31T19:45:00+00:00,SPXW-20241031-05705.000-C,CALL,2670.0,-530.0000000000001,0,0.0,31470.0,31470.0,32910.0,0.043756,-1020.0,-0.0,daily_loss_stop
strict_exposure_ladder,80,2024-11-01,2024-11-01T14:07:00+00:00,2024-11-01T14:23:00+00:00,SPXW-20241101-05730.000-C,CALL,2640.0,1170.0000000000002,2,5280.0,31470.0,33810.0,33810.0,0.06921,0.0,2340.0,
strict_exposure_ladder,81,2024-11-01,2024-11-01T15:04:00+00:00,2024-11-01T15:23:00+00:00,SPXW-20241101-05745.000-C,CALL,2200.0,69.99999999999993,2,4400.0,33810.0,33950.0,33950.0,0.004124,2340.0,140.0,
strict_exposure_ladder,82,2024-11-01,2024-11-01T18:04:00+00:00,2024-11-01T18:27:00+00:00,SPXW-20241101-05715.000-C,CALL,2360.0,-60.00000000000014,2,4720.0,33950.0,33830.0,33950.0,0.0,2480.0,-120.0,
strict_exposure_ladder,83,2024-11-01,2024-11-01T18:38:00+00:00,2024-11-01T19:01:00+00:00,SPXW-20241101-05750.000-P,PUT,1410.0,-69.99999999999993,2,2820.0,33830.0,33690.0,33950.0,0.003535,2360.0,-140.0,
strict_exposure_ladder,84,2024-11-01,2024-11-01T19:06:00+00:00,2024-11-01T19:11:00+00:00,SPXW-20241101-05710.000-C,CALL,2970.0,609.9999999999998,2,5940.0,33690.0,34910.0,34910.0,0.034947,2220.0,1220.0,
strict_exposure_ladder,85,2024-11-04,2024-11-04T15:01:00+00:00,2024-11-04T15:16:00+00:00,SPXW-20241104-05700.000-C,CALL,3479.9999999999995,150.0,2,6959.999999999999,34910.0,35210.0,35210.0,0.00852,0.0,300.0,
strict_exposure_ladder,86,2024-11-04,2024-11-04T15:29:00+00:00,2024-11-04T15:51:00+00:00,SPXW-20241104-05720.000-C,CALL,2270.0,-89.99999999999986,2,4540.0,35210.0,35030.0,35210.0,0.0,300.0,-180.0,
strict_exposure_ladder,87,2024-11-05,2024-11-05T15:08:00+00:00,2024-11-05T15:27:00+00:00,SPXW-20241105-05745.000-C,CALL,2110.0,219.99999999999991,2,4220.0,35030.0,35470.0,35470.0,0.012405,0.0,440.0,
strict_exposure_ladder,88,2024-11-05,2024-11-05T15:36:00+00:00,2024-11-05T15:48:00+00:00,SPXW-20241105-05740.000-C,CALL,2630.0,630.0000000000001,2,5260.0,35470.0,36730.0,36730.0,0.034304,440.0,1260.0,
strict_exposure_ladder,89,2024-11-05,2024-11-05T16:07:00+00:00,2024-11-05T16:18:00+00:00,SPXW-20241105-05735.000-C,CALL,2860.0,309.9999999999998,2,5720.0,36730.0,37350.0,37350.0,0.0166,1700.0,620.0,
strict_exposure_ladder,90,2024-11-05,2024-11-05T16:24:00+00:00,2024-11-05T16:39:00+00:00,SPXW-20241105-05740.000-C,CALL,2970.0,180.00000000000006,2,5940.0,37350.0,37710.0,37710.0,0.009547,2320.0,360.0,
strict_exposure_ladder,91,2024-11-05,2024-11-05T18:37:00+00:00,2024-11-05T18:58:00+00:00,SPXW-20241105-05770.000-P,PUT,869.9999999999999,-159.99999999999997,2,1739.9999999999998,37710.0,37390.0,37710.0,0.0,2680.0,-320.0,
strict_exposure_ladder,92,2024-11-05,2024-11-05T19:00:00+00:00,2024-11-05T19:14:00+00:00,SPXW-20241105-05740.000-C,CALL,3090.0,210.00000000000017,2,6180.0,37390.0,37810.0,37810.0,0.011108,2360.0,420.0,
strict_exposure_ladder,93,2024-11-05,2024-11-05T19:21:00+00:00,2024-11-05T19:32:00+00:00,SPXW-20241105-05745.000-C,CALL,2640.0,200.0,2,5280.0,37810.0,38210.0,38210.0,0.010468,2780.0,400.0,
strict_exposure_ladder,94,2024-11-06,2024-11-06T15:00:00+00:00,2024-11-06T15:25:00+00:00,SPXW-20241106-05860.000-C,CALL,3070.0,1450.0000000000005,2,6140.0,38210.0,41110.0,41110.0,0.070542,0.0,2900.0,
strict_exposure_ladder,95,2024-11-06,2024-11-06T15:26:00+00:00,2024-11-06T15:51:00+00:00,SPXW-20241106-05875.000-C,CALL,3240.0,-1009.9999999999998,2,6480.0,41110.0,39090.0,41110.0,0.0,2900.0,-2020.0,
strict_exposure_ladder,96,2024-11-06,2024-11-06T16:00:00+00:00,2024-11-06T16:25:00+00:00,SPXW-20241106-05910.000-P,PUT,2670.0,-589.9999999999999,2,5340.0,39090.0,37910.0,41110.0,0.049136,880.0,-1180.0,
strict_exposure_ladder,97,2024-11-06,2024-11-06T18:32:00+00:00,2024-11-06T18:53:00+00:00,SPXW-20241106-05910.000-C,CALL,1340.0,100.0,1,1340.0,37910.0,38010.0,41110.0,0.07784,-300.0,100.0,
strict_exposure_ladder,98,2024-11-06,2024-11-06T18:54:00+00:00,2024-11-06T19:13:00+00:00,SPXW-20241106-05890.000-C,CALL,3100.0,-19.99999999999993,1,3100.0,38010.0,37990.0,41110.0,0.075407,-200.0,-20.0,
strict_exposure_ladder,99,2024-11-06,2024-11-06T19:19:00+00:00,2024-11-06T19:35:00+00:00,SPXW-20241106-05895.000-C,CALL,2640.0,190.00000000000023,1,2640.0,37990.0,38180.0,41110.0,0.075894,-220.0,190.0,
strict_exposure_ladder,100,2024-11-06,2024-11-06T19:36:00+00:00,2024-11-06T19:58:00+00:00,SPXW-20241106-05895.000-C,CALL,2850.0,-100.0,1,2850.0,38180.0,38080.0,41110.0,0.071272,-30.0,-100.0,
strict_exposure_ladder,101,2024-11-07,2024-11-07T15:01:00+00:00,2024-11-07T15:15:00+00:00,SPXW-20241107-05930.000-C,CALL,3420.0000000000005,59.99999999999943,1,3420.0000000000005,38080.0,38140.0,41110.0,0.073705,0.0,60.0,
strict_exposure_ladder,102,2024-11-07,2024-11-07T15:36:00+00:00,2024-11-07T15:51:00+00:00,SPXW-20241107-05935.000-C,CALL,3190.0,380.00000000000045,1,3190.0,38140.0,38520.0,41110.0,0.072245,60.0,380.0,
strict_exposure_ladder,103,2024-11-08,2024-11-08T15:01:00+00:00,2024-11-08T15:21:00+00:00,SPXW-20241108-05965.000-C,CALL,2770.0,-119.99999999999991,1,2770.0,38520.0,38400.0,41110.0,0.063002,0.0,-120.0,
strict_exposure_ladder,104,2024-11-08,2024-11-08T15:27:00+00:00,2024-11-08T15:37:00+00:00,SPXW-20241108-05975.000-C,CALL,1840.0,100.0,1,1840.0,38400.0,38500.0,41110.0,0.065921,-120.0,100.0,
strict_exposure_ladder,105,2024-11-11,2024-11-11T15:04:00+00:00,2024-11-11T15:18:00+00:00,SPXW-20241111-06010.000-P,PUT,1030.0,0.0,1,1030.0,38500.0,38500.0,41110.0,0.063488,0.0,0.0,
strict_exposure_ladder,106,2024-11-11,2024-11-11T15:55:00+00:00,2024-11-11T16:14:00+00:00,SPXW-20241111-06000.000-C,CALL,1580.0,-160.00000000000014,1,1580.0,38500.0,38340.0,41110.0,0.063488,0.0,-160.0,
strict_exposure_ladder,107,2024-11-12,2024-11-12T15:02:00+00:00,2024-11-12T15:27:00+00:00,SPXW-20241112-06035.000-P,PUT,3150.0,600.0,1,3150.0,38340.0,38940.0,41110.0,0.06738,0.0,600.0,
strict_exposure_ladder,108,2024-11-12,2024-11-12T15:44:00+00:00,2024-11-12T16:01:00+00:00,SPXW-20241112-06010.000-P,PUT,1770.0,269.99999999999994,1,1770.0,38940.0,39210.0,41110.0,0.052785,600.0,270.0,
strict_exposure_ladder,109,2024-11-13,2024-11-13T15:00:00+00:00,2024-11-13T15:07:00+00:00,SPXW-20241113-05985.000-P,PUT,910.0,970.0,2,1820.0,39210.0,41150.0,41150.0,0.047145,0.0,1940.0,
strict_exposure_ladder,110,2024-11-13,2024-11-13T15:32:00+00:00,2024-11-13T15:45:00+00:00,SPXW-20241113-05960.000-C,CALL,2460.0,269.99999999999994,2,4920.0,41150.0,41690.0,41690.0,0.012953,1940.0,540.0,
strict_exposure_ladder,111,2024-11-13,2024-11-13T16:27:00+00:00,2024-11-13T16:35:00+00:00,SPXW-20241113-05970.000-C,CALL,2490.0,210.00000000000017,2,4980.0,41690.0,42110.0,42110.0,0.009974,2480.0,420.0,
strict_exposure_ladder,112,2024-11-14,2024-11-14T15:12:00+00:00,2024-11-14T15:33:00+00:00,SPXW-20241114-05985.000-P,PUT,1620.0,-159.99999999999997,2,3240.0,42110.0,41790.0,42110.0,0.0,0.0,-320.0,
strict_exposure_ladder,113,2024-11-14,2024-11-14T15:56:00+00:00,2024-11-14T16:06:00+00:00,SPXW-20241114-05995.000-P,PUT,1689.9999999999998,440.0000000000002,2,3379.9999999999995,41790.0,42670.0,42670.0,0.020623,-320.0,880.0,
strict_exposure_ladder,114,2024-11-14,2024-11-14T20:06:00+00:00,2024-11-14T20:16:00+00:00,SPXW-20241114-05955.000-P,PUT,730.0,-50.0,2,1460.0,42670.0,42570.0,42670.0,0.0,560.0,-100.0,
strict_exposure_ladder,115,2024-11-15,2024-11-15T15:00:00+00:00,2024-11-15T15:17:00+00:00,SPXW-20241115-05925.000-P,PUT,2740.0,1239.9999999999998,2,5480.0,42570.0,45050.0,45050.0,0.05505,0.0,2480.0,
strict_exposure_ladder,116,2024-11-15,2024-11-15T15:26:00+00:00,2024-11-15T15:45:00+00:00,SPXW-20241115-05900.000-P,PUT,2110.0,159.99999999999977,2,4220.0,45050.0,45370.0,45370.0,0.007053,2480.0,320.0,
strict_exposure_ladder,117,2024-11-15,2024-11-15T15:51:00+00:00,2024-11-15T16:11:00+00:00,SPXW-20241115-05895.000-P,PUT,1530.0,319.99999999999994,2,3060.0,45370.0,46010.0,46010.0,0.01391,2800.0,640.0,
strict_exposure_ladder,118,2024-11-18,2024-11-18T15:01:00+00:00,2024-11-18T15:24:00+00:00,SPXW-20241118-05845.000-C,CALL,2960.0,619.9999999999995,2,5920.0,46010.0,47250.0,47250.0,0.026243,0.0,1240.0,
strict_exposure_ladder,119,2024-11-18,2024-11-18T15:26:00+00:00,2024-11-18T15:51:00+00:00,SPXW-20241118-05870.000-C,CALL,1739.9999999999998,940.0000000000002,2,3479.9999999999995,47250.0,49130.0,49130.0,0.038266,1240.0,1880.0,
strict_exposure_ladder,120,2024-11-19,2024-11-19T15:01:00+00:00,2024-11-19T15:15:00+00:00,SPXW-20241119-05840.000-C,CALL,2780.0,319.99999999999994,2,5560.0,49130.0,49770.0,49770.0,0.012859,0.0,640.0,
strict_exposure_ladder,121,2024-11-19,2024-11-19T15:15:00+00:00,2024-11-19T15:34:00+00:00,SPXW-20241119-05885.000-P,PUT,2410.0,-1150.0000000000002,2,4820.0,49770.0,47470.0,49770.0,0.0,640.0,-2300.0,
strict_exposure_ladder,122,2024-11-19,2024-11-19T15:41:00+00:00,2024-11-19T16:06:00+00:00,SPXW-20241119-05855.000-C,CALL,3160.0,779.9999999999998,0,0.0,47470.0,47470.0,49770.0,0.046213,-1660.0,0.0,daily_loss_stop
strict_exposure_ladder,123,2024-11-19,2024-11-19T18:33:00+00:00,2024-11-19T18:58:00+00:00,SPXW-20241119-05890.000-C,CALL,1910.0,1460.0000000000002,0,0.0,47470.0,47470.0,49770.0,0.046213,-1660.0,0.0,daily_loss_stop
strict_exposure_ladder,124,2024-11-19,2024-11-19T19:36:00+00:00,2024-11-19T19:43:00+00:00,SPXW-20241119-05880.000-C,CALL,2630.0,80.00000000000007,0,0.0,47470.0,47470.0,49770.0,0.046213,-1660.0,0.0,daily_loss_stop
strict_exposure_ladder,125,2024-11-20,2024-11-20T15:05:00+00:00,2024-11-20T15:11:00+00:00,SPXW-20241120-05890.000-P,PUT,1430.0,1450.0,2,2860.0,47470.0,50370.0,50370.0,0.057574,0.0,2900.0,
strict_exposure_ladder,126,2024-11-20,2024-11-20T15:24:00+00:00,2024-11-20T15:40:00+00:00,SPXW-20241120-05845.000-C,CALL,2870.0,1209.9999999999998,2,5740.0,50370.0,52790.0,52790.0,0.045842,2900.0,2420.0,
strict_exposure_ladder,127,2024-11-20,2024-11-20T15:49:00+00:00,2024-11-20T16:03:00+00:00,SPXW-20241120-05855.000-C,CALL,3200.0,379.9999999999997,2,6400.0,52790.0,53550.0,53550.0,0.014192,5320.0,760.0,
strict_exposure_ladder,128,2024-11-20,2024-11-20T16:06:00+00:00,2024-11-20T16:15:00+00:00,SPXW-20241120-05890.000-P,PUT,1380.0,469.99999999999994,3,4140.0,53550.0,54960.0,54960.0,0.025655,6080.0,1410.0,
strict_exposure_ladder,129,2024-11-20,2024-11-20T16:27:00+00:00,2024-11-20T16:38:00+00:00,SPXW-20241120-05895.000-P,PUT,2400.0,369.99999999999994,3,7200.0,54960.0,56070.0,56070.0,0.019797,7490.0,1110.0,
strict_exposure_ladder,130,2024-11-21,2024-11-21T15:01:00+00:00,2024-11-21T15:08:00+00:00,SPXW-20241121-05915.000-P,PUT,2300.0,460.0000000000001,3,6900.0,56070.0,57450.0,57450.0,0.024021,0.0,1380.0,
strict_exposure_ladder,131,2024-11-21,2024-11-21T15:12:00+00:00,2024-11-21T15:22:00+00:00,SPXW-20241121-05890.000-C,CALL,2300.0,1279.9999999999998,3,6900.0,57450.0,61290.0,61290.0,0.062653,1380.0,3840.0,
strict_exposure_ladder,132,2024-11-21,2024-11-21T15:26:00+00:00,2024-11-21T15:33:00+00:00,SPXW-20241121-05915.000-P,PUT,2240.0,880.0000000000001,3,6720.0,61290.0,63930.0,63930.0,0.041295,5220.0,2640.0,
strict_exposure_ladder,133,2024-11-21,2024-11-21T15:33:00+00:00,2024-11-21T15:57:00+00:00,SPXW-20241121-05870.000-C,CALL,2920.0,3090.0,2,5840.0,63930.0,70110.0,70110.0,0.088147,7860.0,6180.0,
strict_exposure_ladder,134,2024-11-22,2024-11-22T15:01:00+00:00,2024-11-22T15:26:00+00:00,SPXW-20241122-05950.000-C,CALL,2380.0,-660.0000000000001,3,7140.0,70110.0,68130.0,70110.0,0.0,0.0,-1980.0,
strict_exposure_ladder,135,2024-11-22,2024-11-22T15:26:00+00:00,2024-11-22T15:38:00+00:00,SPXW-20241122-05975.000-P,PUT,2150.0,210.00000000000017,0,0.0,68130.0,68130.0,70110.0,0.028241,-1980.0,0.0,daily_loss_stop
strict_exposure_ladder,136,2024-11-22,2024-11-22T15:38:00+00:00,2024-11-22T15:56:00+00:00,SPXW-20241122-05950.000-C,CALL,1440.0,499.99999999999983,0,0.0,68130.0,68130.0,70110.0,0.028241,-1980.0,0.0,daily_loss_stop
strict_exposure_ladder,137,2024-11-22,2024-11-22T15:59:00+00:00,2024-11-22T16:24:00+00:00,SPXW-20241122-05940.000-C,CALL,3070.0,-839.9999999999999,0,0.0,68130.0,68130.0,70110.0,0.028241,-1980.0,-0.0,daily_loss_stop
strict_exposure_ladder,138,2024-11-22,2024-11-22T18:30:00+00:00,2024-11-22T18:52:00+00:00,SPXW-20241122-05950.000-C,CALL,2010.0,-510.0000000000001,0,0.0,68130.0,68130.0,70110.0,0.028241,-1980.0,-0.0,daily_loss_stop
strict_exposure_ladder,139,2024-11-25,2024-11-25T15:00:00+00:00,2024-11-25T15:16:00+00:00,SPXW-20241125-06010.000-P,PUT,1230.0,680.0000000000001,3,3690.0,68130.0,70170.0,70170.0,0.029072,0.0,2040.0,
strict_exposure_ladder,140,2024-11-25,2024-11-25T15:17:00+00:00,2024-11-25T15:38:00+00:00,SPXW-20241125-06000.000-P,PUT,970.0,150.0,3,2910.0,70170.0,70620.0,70620.0,0.006372,2040.0,450.0,
strict_exposure_ladder,141,2024-11-25,2024-11-25T15:39:00+00:00,2024-11-25T16:03:00+00:00,SPXW-20241125-06010.000-P,PUT,1620.0,319.99999999999994,3,4860.0,70620.0,71580.0,71580.0,0.013412,2490.0,960.0,
strict_exposure_ladder,142,2024-11-25,2024-11-25T16:21:00+00:00,2024-11-25T16:41:00+00:00,SPXW-20241125-05985.000-C,CALL,1350.0,-560.0,3,4050.0,71580.0,69900.0,71580.0,0.0,3450.0,-1680.0,
strict_exposure_ladder,143,2024-11-26,2024-11-26T15:02:00+00:00,2024-11-26T15:25:00+00:00,SPXW-20241126-05975.000-C,CALL,2820.0,-419.99999999999994,2,5640.0,69900.0,69060.0,71580.0,0.02347,0.0,-840.0,
strict_exposure_ladder,144,2024-11-26,2024-11-26T15:34:00+00:00,2024-11-26T15:56:00+00:00,SPXW-20241126-06005.000-P,PUT,1200.0,-400.0,0,0.0,69060.0,69060.0,71580.0,0.035205,-840.0,-0.0,daily_loss_stop
strict_exposure_ladder,145,2024-11-26,2024-11-26T16:01:00+00:00,2024-11-26T16:21:00+00:00,SPXW-20241126-05975.000-C,CALL,3090.0,-69.99999999999993,0,0.0,69060.0,69060.0,71580.0,0.035205,-840.0,-0.0,daily_loss_stop
strict_exposure_ladder,146,2024-11-27,2024-11-27T15:01:00+00:00,2024-11-27T15:19:00+00:00,SPXW-20241127-06025.000-P,PUT,1550.0,150.0,3,4650.0,69060.0,69510.0,71580.0,0.035205,0.0,450.0,
strict_exposure_ladder,147,2024-11-27,2024-11-27T15:27:00+00:00,2024-11-27T15:46:00+00:00,SPXW-20241127-06040.000-P,PUT,3329.9999999999995,170.00000000000028,2,6659.999999999999,69510.0,69850.0,71580.0,0.028919,450.0,340.0,
strict_exposure_ladder,148,2024-11-27,2024-11-27T15:48:00+00:00,2024-11-27T15:57:00+00:00,SPXW-20241127-06005.000-P,PUT,740.0,159.99999999999997,3,2220.0,69850.0,70330.0,71580.0,0.024169,790.0,480.0,
strict_exposure_ladder,149,2024-11-27,2024-11-27T16:00:00+00:00,2024-11-27T16:21:00+00:00,SPXW-20241127-06035.000-P,PUT,3490.0,160.00000000000014,2,6980.0,70330.0,70650.0,71580.0,0.017463,1270.0,320.0,
strict_exposure_ladder,150,2024-11-29,2024-11-29T15:00:00+00:00,2024-11-29T15:25:00+00:00,SPXW-20241129-05985.000-C,CALL,3390.0,710.0000000000001,2,6780.0,70650.0,72070.0,72070.0,0.019703,0.0,1420.0,
strict_exposure_ladder,151,2024-12-02,2024-12-02T15:32:00+00:00,2024-12-02T15:45:00+00:00,SPXW-20241202-06010.000-C,CALL,3470.0000000000005,-40.00000000000057,2,6940.000000000001,72070.0,71990.0,72070.0,0.0,0.0,-80.0,
strict_exposure_ladder,152,2024-12-02,2024-12-02T15:55:00+00:00,2024-12-02T16:19:00+00:00,SPXW-20241202-06070.000-P,PUT,2960.0,-240.00000000000023,2,5920.0,71990.0,71510.0,72070.0,0.00111,-80.0,-480.0,
strict_exposure_ladder,153,2024-12-03,2024-12-03T15:01:00+00:00,2024-12-03T15:26:00+00:00,SPXW-20241203-06025.000-C,CALL,2270.0,-669.9999999999999,3,6810.0,71510.0,69500.0,72070.0,0.00777,0.0,-2010.0,
strict_exposure_ladder,154,2024-12-03,2024-12-03T15:26:00+00:00,2024-12-03T15:44:00+00:00,SPXW-20241203-06045.000-P,PUT,1120.0,30.00000000000007,0,0.0,69500.0,69500.0,72070.0,0.03566,-2010.0,0.0,daily_loss_stop
strict_exposure_ladder,155,2024-12-04,2024-12-04T15:00:00+00:00,2024-12-04T15:06:00+00:00,SPXW-20241204-06070.000-P,PUT,900.0,69.99999999999993,1,900.0,69500.0,69570.0,72070.0,0.03566,0.0,70.0,
strict_exposure_ladder,156,2024-12-04,2024-12-04T15:15:00+00:00,2024-12-04T15:40:00+00:00,SPXW-20241204-06095.000-P,PUT,3080.0,-640.0000000000002,1,3080.0,69570.0,68930.0,72070.0,0.034688,70.0,-640.0,
strict_exposure_ladder,157,2024-12-04,2024-12-04T15:41:00+00:00,2024-12-04T16:03:00+00:00,SPXW-20241204-06040.000-C,CALL,3240.0,110.00000000000014,1,3240.0,68930.0,69040.0,72070.0,0.043569,-570.0,110.0,
strict_exposure_ladder,158,2024-12-05,2024-12-05T15:01:00+00:00,2024-12-05T15:26:00+00:00,SPXW-20241205-06055.000-C,CALL,3479.9999999999995,-699.9999999999997,1,3479.9999999999995,69040.0,68340.0,72070.0,0.042042,0.0,-700.0,
strict_exposure_ladder,159,2024-12-05,2024-12-05T15:26:00+00:00,2024-12-05T15:44:00+00:00,SPXW-20241205-06105.000-P,PUT,2380.0,119.99999999999991,1,2380.0,68340.0,68460.0,72070.0,0.051755,-700.0,120.0,
strict_exposure_ladder,160,2024-12-06,2024-12-06T15:06:00+00:00,2024-12-06T15:22:00+00:00,SPXW-20241206-06085.000-C,CALL,1400.0,180.00000000000006,1,1400.0,68460.0,68640.0,72070.0,0.05009,0.0,180.0,
strict_exposure_ladder,161,2024-12-06,2024-12-06T15:36:00+00:00,2024-12-06T15:57:00+00:00,SPXW-20241206-06065.000-C,CALL,3370.0000000000005,-110.00000000000014,1,3370.0000000000005,68640.0,68530.0,72070.0,0.047593,180.0,-110.0,
strict_exposure_ladder,162,2024-12-06,2024-12-06T16:13:00+00:00,2024-12-06T16:26:00+00:00,SPXW-20241206-06095.000-P,PUT,930.0,119.99999999999991,1,930.0,68530.0,68650.0,72070.0,0.049119,70.0,120.0,
strict_exposure_ladder,163,2024-12-09,2024-12-09T15:01:00+00:00,2024-12-09T15:26:00+00:00,SPXW-20241209-06050.000-C,CALL,3379.9999999999995,-699.9999999999997,1,3379.9999999999995,68650.0,67950.0,72070.0,0.047454,0.0,-700.0,
strict_exposure_ladder,164,2024-12-09,2024-12-09T15:26:00+00:00,2024-12-09T15:42:00+00:00,SPXW-20241209-06110.000-P,PUT,3410.0,310.0000000000001,1,3410.0,67950.0,68260.0,72070.0,0.057167,-700.0,310.0,
strict_exposure_ladder,165,2024-12-09,2024-12-09T15:51:00+00:00,2024-12-09T16:13:00+00:00,SPXW-20241209-06080.000-P,PUT,1739.9999999999998,460.0000000000001,1,1739.9999999999998,68260.0,68720.0,72070.0,0.052865,-390.0,460.0,
strict_exposure_ladder,166,2024-12-10,2024-12-10T15:01:00+00:00,2024-12-10T15:10:00+00:00,SPXW-20241210-06025.000-C,CALL,3410.0,169.99999999999957,1,3410.0,68720.0,68890.0,72070.0,0.046483,0.0,170.0,
strict_exposure_ladder,167,2024-12-10,2024-12-10T15:27:00+00:00,2024-12-10T15:47:00+00:00,SPXW-20241210-06030.000-C,CALL,3260.0,119.99999999999956,1,3260.0,68890.0,69010.0,72070.0,0.044124,170.0,120.0,
strict_exposure_ladder,168,2024-12-11,2024-12-11T15:05:00+00:00,2024-12-11T15:17:00+00:00,SPXW-20241211-06040.000-C,CALL,3429.9999999999995,250.0,1,3429.9999999999995,69010.0,69260.0,72070.0,0.042459,0.0,250.0,
strict_exposure_ladder,169,2024-12-11,2024-12-11T15:37:00+00:00,2024-12-11T15:59:00+00:00,SPXW-20241211-06045.000-C,CALL,3190.0,-139.99999999999986,2,6380.0,69260.0,68980.0,72070.0,0.03899,250.0,-280.0,
strict_exposure_ladder,170,2024-12-12,2024-12-12T15:09:00+00:00,2024-12-12T15:34:00+00:00,SPXW-20241212-06095.000-P,PUT,3040.0,-1079.9999999999998,2,6080.0,68980.0,66820.0,72070.0,0.042875,0.0,-2160.0,
strict_exposure_ladder,171,2024-12-12,2024-12-12T15:35:00+00:00,2024-12-12T15:55:00+00:00,SPXW-20241212-06050.000-C,CALL,2580.0,-110.00000000000014,0,0.0,66820.0,66820.0,72070.0,0.072846,-2160.0,-0.0,daily_loss_stop
strict_exposure_ladder,172,2024-12-13,2024-12-13T15:01:00+00:00,2024-12-13T15:18:00+00:00,SPXW-20241213-06100.000-P,PUT,3279.9999999999995,360.0000000000001,1,3279.9999999999995,66820.0,67180.0,72070.0,0.072846,0.0,360.0,
strict_exposure_ladder,173,2024-12-13,2024-12-13T15:26:00+00:00,2024-12-13T15:49:00+00:00,SPXW-20241213-06090.000-P,PUT,3170.0,859.9999999999998,1,3170.0,67180.0,68040.0,72070.0,0.067851,360.0,860.0,
strict_exposure_ladder,174,2024-12-16,2024-12-16T15:00:00+00:00,2024-12-16T15:11:00+00:00,SPXW-20241216-06040.000-C,CALL,3050.0,119.99999999999991,1,3050.0,68040.0,68160.0,72070.0,0.055918,0.0,120.0,
strict_exposure_ladder,175,2024-12-16,2024-12-16T15:26:00+00:00,2024-12-16T15:42:00+00:00,SPXW-20241216-06055.000-C,CALL,1460.0,550.0000000000002,1,1460.0,68160.0,68710.0,72070.0,0.054253,120.0,550.0,
strict_exposure_ladder,176,2024-12-16,2024-12-16T16:10:00+00:00,2024-12-16T16:25:00+00:00,SPXW-20241216-06045.000-C,CALL,3120.0,0.0,2,6240.0,68710.0,68710.0,72070.0,0.046621,670.0,0.0,
strict_exposure_ladder,177,2024-12-17,2024-12-17T15:00:00+00:00,2024-12-17T15:18:00+00:00,SPXW-20241217-06055.000-P,PUT,1010.0,420.0000000000001,1,1010.0,68710.0,69130.0,72070.0,0.046621,0.0,420.0,
strict_exposure_ladder,178,2024-12-17,2024-12-17T15:39:00+00:00,2024-12-17T15:56:00+00:00,SPXW-20241217-06010.000-C,CALL,3240.0,160.00000000000014,2,6480.0,69130.0,69450.0,72070.0,0.040794,420.0,320.0,
strict_exposure_ladder,179,2024-12-17,2024-12-17T15:58:00+00:00,2024-12-17T16:18:00+00:00,SPXW-20241217-06025.000-C,CALL,2140.0,590.0000000000002,3,6420.0,69450.0,71220.0,72070.0,0.036354,740.0,1770.0,
strict_exposure_ladder,180,2024-12-17,2024-12-17T18:42:00+00:00,2024-12-17T18:56:00+00:00,SPXW-20241217-06035.000-C,CALL,1520.0,20.000000000000107,3,4560.0,71220.0,71280.0,72070.0,0.011794,2510.0,60.0,
strict_exposure_ladder,181,2024-12-18,2024-12-18T15:01:00+00:00,2024-12-18T15:15:00+00:00,SPXW-20241218-06025.000-C,CALL,3320.0000000000005,309.99999999999943,2,6640.000000000001,71280.0,71900.0,72070.0,0.010962,0.0,620.0,
strict_exposure_ladder,182,2024-12-18,2024-12-18T15:27:00+00:00,2024-12-18T15:40:00+00:00,SPXW-20241218-06030.000-C,CALL,3370.0000000000005,589.9999999999999,2,6740.000000000001,71900.0,73080.0,73080.0,0.016147,620.0,1180.0,
strict_exposure_ladder,183,2024-12-18,2024-12-18T16:15:00+00:00,2024-12-18T16:40:00+00:00,SPXW-20241218-06090.000-P,PUT,3200.0,-350.0,2,6400.0,73080.0,72380.0,73080.0,0.0,1800.0,-700.0,
strict_exposure_ladder,184,2024-12-19,2024-12-19T15:01:00+00:00,2024-12-19T15:09:00+00:00,SPXW-20241219-05930.000-P,PUT,2940.0,880.0000000000005,2,5880.0,72380.0,74140.0,74140.0,0.023739,0.0,1760.0,
strict_exposure_ladder,185,2024-12-19,2024-12-19T15:13:00+00:00,2024-12-19T15:36:00+00:00,SPXW-20241219-05885.000-C,CALL,3390.0,-1320.0,2,6780.0,74140.0,71500.0,74140.0,0.0,1760.0,-2640.0,
strict_exposure_ladder,186,2024-12-19,2024-12-19T15:42:00+00:00,2024-12-19T15:58:00+00:00,SPXW-20241219-05870.000-C,CALL,3130.0,640.0000000000002,0,0.0,71500.0,71500.0,74140.0,0.035608,-880.0,0.0,daily_loss_stop
strict_exposure_ladder,187,2024-12-20,2024-12-20T15:13:00+00:00,2024-12-20T15:33:00+00:00,SPXW-20241220-05840.000-C,CALL,3429.9999999999995,4140.000000000001,2,6859.999999999999,71500.0,79780.0,79780.0,0.103785,0.0,8280.0,
strict_exposure_ladder,188,2024-12-20,2024-12-20T18:30:00+00:00,2024-12-20T18:53:00+00:00,SPXW-20241220-05930.000-C,CALL,2490.0,-119.99999999999991,3,7470.0,79780.0,79420.0,79780.0,0.0,8280.0,-360.0,
strict_exposure_ladder,189,2024-12-23,2024-12-23T15:14:00+00:00,2024-12-23T15:25:00+00:00,SPXW-20241223-05900.000-C,CALL,2510.0,200.0,3,7530.0,79420.0,80020.0,80020.0,0.007498,0.0,600.0,
strict_exposure_ladder,190,2024-12-23,2024-12-23T15:48:00+00:00,2024-12-23T15:55:00+00:00,SPXW-20241223-05940.000-P,PUT,2860.0,59.99999999999979,2,5720.0,80020.0,80140.0,80140.0,0.001497,600.0,120.0,
strict_exposure_ladder,191,2024-12-23,2024-12-23T15:55:00+00:00,2024-12-23T16:11:00+00:00,SPXW-20241223-05890.000-C,CALL,3110.0,910.0,2,6220.0,80140.0,81960.0,81960.0,0.022206,720.0,1820.0,
strict_exposure_ladder,192,2024-12-23,2024-12-23T18:30:00+00:00,2024-12-23T18:45:00+00:00,SPXW-20241223-05945.000-C,CALL,1650.0,200.0,3,4950.0,81960.0,82560.0,82560.0,0.007267,2540.0,600.0,
strict_exposure_ladder,193,2024-12-23,2024-12-23T19:12:00+00:00,2024-12-23T19:21:00+00:00,SPXW-20241223-05935.000-C,CALL,2980.0,209.99999999999977,2,5960.0,82560.0,82980.0,82980.0,0.005061,3140.0,420.0,
strict_exposure_ladder,194,2024-12-23,2024-12-23T20:11:00+00:00,2024-12-23T20:15:00+00:00,SPXW-20241223-05930.000-C,CALL,2070.0,590.0000000000002,3,6210.0,82980.0,84750.0,84750.0,0.020885,3560.0,1770.0,
strict_exposure_ladder,195,2024-12-24,2024-12-24T15:00:00+00:00,2024-12-24T15:21:00+00:00,SPXW-20241224-05970.000-C,CALL,2930.0,549.9999999999997,2,5860.0,84750.0,85850.0,85850.0,0.012813,0.0,1100.0,
strict_exposure_ladder,196,2024-12-26,2024-12-26T15:00:00+00:00,2024-12-26T15:22:00+00:00,SPXW-20241226-05995.000-C,CALL,3300.0,-180.00000000000006,2,6600.0,85850.0,85490.0,85850.0,0.0,0.0,-360.0,
strict_exposure_ladder,197,2024-12-26,2024-12-26T15:26:00+00:00,2024-12-26T15:46:00+00:00,SPXW-20241226-05995.000-C,CALL,3470.0000000000005,-80.00000000000043,2,6940.000000000001,85490.0,85330.0,85850.0,0.004193,-360.0,-160.0,
strict_exposure_ladder,198,2024-12-26,2024-12-26T15:56:00+00:00,2024-12-26T16:21:00+00:00,SPXW-20241226-06005.000-C,CALL,2700.0,650.0,2,5400.0,85330.0,86630.0,86630.0,0.015006,-520.0,1300.0,
strict_exposure_ladder,199,2024-12-27,2024-12-27T15:00:00+00:00,2024-12-27T15:18:00+00:00,SPXW-20241227-06025.000-P,PUT,3500.0,3659.999999999999,2,7000.0,86630.0,93950.0,93950.0,0.077914,0.0,7320.0,
strict_exposure_ladder,200,2024-12-27,2024-12-27T15:25:00+00:00,2024-12-27T15:35:00+00:00,SPXW-20241227-05970.000-P,PUT,2010.0,669.9999999999999,3,6030.0,93950.0,95960.0,95960.0,0.020946,7320.0,2010.0,
strict_exposure_ladder,201,2024-12-27,2024-12-27T15:41:00+00:00,2024-12-27T15:58:00+00:00,SPXW-20241227-05925.000-C,CALL,3490.0,650.0,2,6980.0,95960.0,97260.0,97260.0,0.013366,9330.0,1300.0,
strict_exposure_ladder,202,2024-12-27,2024-12-27T18:36:00+00:00,2024-12-27T18:46:00+00:00,SPXW-20241227-05935.000-C,CALL,2140.0,420.0000000000003,3,6420.0,97260.0,98520.0,98520.0,0.012789,10630.0,1260.0,
strict_exposure_ladder,203,2024-12-30,2024-12-30T15:02:00+00:00,2024-12-30T15:20:00+00:00,SPXW-20241230-05900.000-P,PUT,2890.0,280.00000000000006,2,5780.0,98520.0,99080.0,99080.0,0.005652,0.0,560.0,
strict_exposure_ladder,204,2024-12-30,2024-12-30T15:27:00+00:00,2024-12-30T15:46:00+00:00,SPXW-20241230-05890.000-P,PUT,2750.0,-1530.0,2,5500.0,99080.0,96020.0,99080.0,0.0,560.0,-3060.0,
strict_exposure_ladder,205,2024-12-30,2024-12-30T16:18:00+00:00,2024-12-30T16:43:00+00:00,SPXW-20241230-05895.000-C,CALL,1600.0,1180.0,0,0.0,96020.0,96020.0,99080.0,0.030884,-2500.0,0.0,daily_loss_stop
strict_exposure_ladder,206,2024-12-30,2024-12-30T18:31:00+00:00,2024-12-30T18:52:00+00:00,SPXW-20241230-05900.000-C,CALL,3190.0,500.0,0,0.0,96020.0,96020.0,99080.0,0.030884,-2500.0,0.0,daily_loss_stop
strict_exposure_ladder,207,2024-12-30,2024-12-30T19:08:00+00:00,2024-12-30T19:31:00+00:00,SPXW-20241230-05900.000-C,CALL,3020.0,-19.99999999999993,0,0.0,96020.0,96020.0,99080.0,0.030884,-2500.0,-0.0,daily_loss_stop
strict_exposure_ladder,208,2024-12-30,2024-12-30T20:02:00+00:00,2024-12-30T20:16:00+00:00,SPXW-20241230-05905.000-C,CALL,2780.0,39.99999999999986,0,0.0,96020.0,96020.0,99080.0,0.030884,-2500.0,0.0,daily_loss_stop
strict_exposure_ladder,209,2024-12-31,2024-12-31T15:07:00+00:00,2024-12-31T15:30:00+00:00,SPXW-20241231-05940.000-P,PUT,3240.0,-300.0,2,6480.0,96020.0,95420.0,99080.0,0.030884,0.0,-600.0,
strict_exposure_ladder,210,2024-12-31,2024-12-31T15:33:00+00:00,2024-12-31T15:45:00+00:00,SPXW-20241231-05945.000-P,PUT,3229.9999999999995,560.0000000000001,2,6459.999999999999,95420.0,96540.0,99080.0,0.03694,-600.0,1120.0,
strict_exposure_ladder,211,2024-12-31,2024-12-31T16:03:00+00:00,2024-12-31T16:13:00+00:00,SPXW-20241231-05935.000-P,PUT,3360.0,629.9999999999998,2,6720.0,96540.0,97800.0,99080.0,0.025636,520.0,1260.0,
strict_exposure_ladder,212,2025-07-01,2025-07-01T14:01:00+00:00,2025-07-01T14:14:00+00:00,SPXW-20250701-06165.000-C,CALL,3340.0,310.0000000000001,2,6680.0,97800.0,98420.0,99080.0,0.012919,0.0,620.0,
strict_exposure_ladder,213,2025-07-01,2025-07-01T14:27:00+00:00,2025-07-01T14:29:00+00:00,SPXW-20250701-06210.000-P,PUT,1770.0,219.99999999999991,3,5310.0,98420.0,99080.0,99080.0,0.006661,620.0,660.0,
strict_exposure_ladder,214,2025-07-01,2025-07-01T14:31:00+00:00,2025-07-01T14:56:00+00:00,SPXW-20250701-06170.000-C,CALL,2850.0,-550.0,2,5700.0,99080.0,97980.0,99080.0,0.0,1280.0,-1100.0,
strict_exposure_ladder,215,2025-07-01,2025-07-01T15:02:00+00:00,2025-07-01T15:06:00+00:00,SPXW-20250701-06180.000-C,CALL,1600.0,280.00000000000006,3,4800.0,97980.0,98820.0,99080.0,0.011102,180.0,840.0,
strict_exposure_ladder,216,2025-07-01,2025-07-01T15:27:00+00:00,2025-07-01T15:32:00+00:00,SPXW-20250701-06165.000-C,CALL,3240.0,60.00000000000014,2,6480.0,98820.0,98940.0,99080.0,0.002624,1020.0,120.0,
strict_exposure_ladder,217,2025-07-02,2025-07-02T14:00:00+00:00,2025-07-02T14:06:00+00:00,SPXW-20250702-06165.000-C,CALL,3329.9999999999995,330.00000000000045,2,6659.999999999999,98940.0,99600.0,99600.0,0.006627,0.0,660.0,
strict_exposure_ladder,218,2025-07-02,2025-07-02T14:25:00+00:00,2025-07-02T14:30:00+00:00,SPXW-20250702-06175.000-C,CALL,3150.0,360.0000000000001,2,6300.0,99600.0,100320.0,100320.0,0.007177,660.0,720.0,
strict_exposure_ladder,219,2025-07-03,2025-07-03T14:00:00+00:00,2025-07-03T14:25:00+00:00,SPXW-20250703-06260.000-C,CALL,1030.0,459.99999999999994,3,3090.0,100320.0,101700.0,101700.0,0.013569,0.0,1380.0,
strict_exposure_ladder,220,2025-07-03,2025-07-03T14:45:00+00:00,2025-07-03T14:49:00+00:00,SPXW-20250703-06245.000-C,CALL,3190.0,30.000000000000423,2,6380.0,101700.0,101760.0,101760.0,0.00059,1380.0,60.0,
strict_exposure_ladder,221,2025-07-07,2025-07-07T14:00:00+00:00,2025-07-07T14:09:00+00:00,SPXW-20250707-06290.000-P,PUT,3260.0,479.9999999999997,2,6520.0,101760.0,102720.0,102720.0,0.009346,0.0,960.0,
strict_exposure_ladder,222,2025-07-07,2025-07-07T14:23:00+00:00,2025-07-07T14:28:00+00:00,SPXW-20250707-06220.000-C,CALL,3429.9999999999995,220.00000000000028,2,6859.999999999999,102720.0,103160.0,103160.0,0.004265,960.0,440.0,
strict_exposure_ladder,223,2025-07-07,2025-07-07T14:31:00+00:00,2025-07-07T14:33:00+00:00,SPXW-20250707-06265.000-P,PUT,1770.0,119.99999999999991,3,5310.0,103160.0,103520.0,103520.0,0.003478,1400.0,360.0,
strict_exposure_ladder,224,2025-07-07,2025-07-07T14:42:00+00:00,2025-07-07T15:07:00+00:00,SPXW-20250707-06225.000-C,CALL,2720.0,-609.9999999999998,2,5440.0,103520.0,102300.0,103520.0,0.0,1760.0,-1220.0,
strict_exposure_ladder,225,2025-07-07,2025-07-07T18:00:00+00:00,2025-07-07T18:05:00+00:00,SPXW-20250707-06205.000-C,CALL,1950.0,110.00000000000014,3,5850.0,102300.0,102630.0,103520.0,0.011785,540.0,330.0,
strict_exposure_ladder,226,2025-07-07,2025-07-07T18:37:00+00:00,2025-07-07T19:01:00+00:00,SPXW-20250707-06200.000-C,CALL,1240.0,1260.0,3,3720.0,102630.0,106410.0,106410.0,0.035523,870.0,3780.0,
strict_exposure_ladder,227,2025-07-08,2025-07-08T14:01:00+00:00,2025-07-08T14:03:00+00:00,SPXW-20250708-06245.000-P,PUT,1960.0,250.0,3,5880.0,106410.0,107160.0,107160.0,0.006999,0.0,750.0,
strict_exposure_ladder,228,2025-07-08,2025-07-08T14:30:00+00:00,2025-07-08T14:39:00+00:00,SPXW-20250708-06205.000-C,CALL,2180.0,1080.0,3,6540.0,107160.0,110400.0,110400.0,0.029348,750.0,3240.0,
strict_exposure_ladder,229,2025-07-08,2025-07-08T17:30:00+00:00,2025-07-08T17:46:00+00:00,SPXW-20250708-06210.000-C,CALL,2220.0,-319.99999999999994,3,6660.0,110400.0,109440.0,110400.0,0.0,3990.0,-960.0,
strict_exposure_ladder,230,2025-07-09,2025-07-09T14:31:00+00:00,2025-07-09T14:35:00+00:00,SPXW-20250709-06265.000-P,PUT,1830.0,269.99999999999994,3,5490.0,109440.0,110250.0,110400.0,0.008696,0.0,810.0,
strict_exposure_ladder,231,2025-07-09,2025-07-09T14:36:00+00:00,2025-07-09T14:39:00+00:00,SPXW-20250709-06255.000-P,PUT,1530.0,80.00000000000007,3,4590.0,110250.0,110490.0,110490.0,0.002172,810.0,240.0,
strict_exposure_ladder,232,2025-07-09,2025-07-09T14:57:00+00:00,2025-07-09T15:14:00+00:00,SPXW-20250709-06270.000-P,PUT,3410.0,260.0000000000001,2,6820.0,110490.0,111010.0,111010.0,0.004684,1050.0,520.0,
strict_exposure_ladder,233,2025-07-09,2025-07-09T15:27:00+00:00,2025-07-09T15:34:00+00:00,SPXW-20250709-06215.000-C,CALL,2990.0,60.00000000000014,2,5980.0,111010.0,111130.0,111130.0,0.00108,1570.0,120.0,
strict_exposure_ladder,234,2025-07-10,2025-07-10T14:00:00+00:00,2025-07-10T14:08:00+00:00,SPXW-20250710-06280.000-P,PUT,2660.0,100.0,3,7980.0,111130.0,111430.0,111430.0,0.002692,0.0,300.0,
strict_exposure_ladder,235,2025-07-10,2025-07-10T14:10:00+00:00,2025-07-10T14:16:00+00:00,SPXW-20250710-06235.000-C,CALL,2420.0,310.0000000000001,3,7260.0,111430.0,112360.0,112360.0,0.008277,300.0,930.0,
strict_exposure_ladder,236,2025-07-10,2025-07-10T14:17:00+00:00,2025-07-10T14:20:00+00:00,SPXW-20250710-06240.000-C,CALL,2280.0,180.00000000000006,3,6840.0,112360.0,112900.0,112900.0,0.004783,1230.0,540.0,
strict_exposure_ladder,237,2025-07-10,2025-07-10T14:33:00+00:00,2025-07-10T14:40:00+00:00,SPXW-20250710-06235.000-C,CALL,2790.0,330.00000000000006,2,5580.0,112900.0,113560.0,113560.0,0.005812,1770.0,660.0,
strict_exposure_ladder,238,2025-07-10,2025-07-10T14:42:00+00:00,2025-07-10T14:50:00+00:00,SPXW-20250710-06235.000-C,CALL,3500.0,39.99999999999986,2,7000.0,113560.0,113640.0,113640.0,0.000704,2430.0,80.0,
strict_exposure_ladder,239,2025-07-10,2025-07-10T15:04:00+00:00,2025-07-10T15:10:00+00:00,SPXW-20250710-06245.000-C,CALL,2890.0,60.00000000000014,2,5780.0,113640.0,113760.0,113760.0,0.001055,2510.0,120.0,
strict_exposure_ladder,240,2025-07-11,2025-07-11T14:01:00+00:00,2025-07-11T14:08:00+00:00,SPXW-20250711-06230.000-C,CALL,2750.0,169.99999999999994,2,5500.0,113760.0,114100.0,114100.0,0.00298,0.0,340.0,
strict_exposure_ladder,241,2025-07-11,2025-07-11T14:16:00+00:00,2025-07-11T14:23:00+00:00,SPXW-20250711-06230.000-C,CALL,2930.0,399.99999999999966,2,5860.0,114100.0,114900.0,114900.0,0.006963,340.0,800.0,
strict_exposure_ladder,242,2025-07-11,2025-07-11T14:26:00+00:00,2025-07-11T14:33:00+00:00,SPXW-20250711-06230.000-C,CALL,3440.0,-60.00000000000014,2,6880.0,114900.0,114780.0,114900.0,0.0,1140.0,-120.0,
strict_exposure_ladder,243,2025-07-11,2025-07-11T14:44:00+00:00,2025-07-11T15:09:00+00:00,SPXW-20250711-06235.000-C,CALL,2760.0,-420.0000000000003,2,5520.0,114780.0,113940.0,114900.0,0.001044,1020.0,-840.0,
strict_exposure_ladder,244,2025-07-11,2025-07-11T15:15:00+00:00,2025-07-11T15:20:00+00:00,SPXW-20250711-06225.000-C,CALL,2790.0,270.0000000000003,2,5580.0,113940.0,114480.0,114900.0,0.008355,180.0,540.0,
strict_exposure_ladder,245,2025-07-14,2025-07-14T14:01:00+00:00,2025-07-14T14:13:00+00:00,SPXW-20250714-06280.000-P,PUT,3390.0,160.00000000000014,2,6780.0,114480.0,114800.0,114900.0,0.003655,0.0,320.0,
strict_exposure_ladder,246,2025-07-14,2025-07-14T14:27:00+00:00,2025-07-14T14:29:00+00:00,SPXW-20250714-06270.000-P,PUT,1890.0,470.0000000000003,3,5670.0,114800.0,116210.0,116210.0,0.012133,320.0,1410.0,
strict_exposure_ladder,247,2025-07-14,2025-07-14T14:30:00+00:00,2025-07-14T14:42:00+00:00,SPXW-20250714-06225.000-C,CALL,2570.0,240.00000000000023,3,7710.0,116210.0,116930.0,116930.0,0.006158,1730.0,720.0,
strict_exposure_ladder,248,2025-07-15,2025-07-15T14:11:00+00:00,2025-07-15T14:16:00+00:00,SPXW-20250715-06260.000-C,CALL,2350.0,300.0,3,7050.0,116930.0,117830.0,117830.0,0.007638,0.0,900.0,
strict_exposure_ladder,249,2025-07-15,2025-07-15T14:37:00+00:00,2025-07-15T14:41:00+00:00,SPXW-20250715-06300.000-P,PUT,2910.0,200.0,2,5820.0,117830.0,118230.0,118230.0,0.003383,900.0,400.0,
strict_exposure_ladder,250,2025-07-15,2025-07-15T14:51:00+00:00,2025-07-15T14:54:00+00:00,SPXW-20250715-06275.000-P,PUT,1200.0,430.00000000000006,3,3600.0,118230.0,119520.0,119520.0,0.010793,1300.0,1290.0,
strict_exposure_ladder,251,2025-07-15,2025-07-15T14:55:00+00:00,2025-07-15T14:57:00+00:00,SPXW-20250715-06280.000-P,PUT,1950.0,339.9999999999999,3,5850.0,119520.0,120540.0,120540.0,0.008462,2590.0,1020.0,
strict_exposure_ladder,252,2025-07-15,2025-07-15T15:05:00+00:00,2025-07-15T15:14:00+00:00,SPXW-20250715-06235.000-C,CALL,3200.0,210.00000000000017,2,6400.0,120540.0,120960.0,120960.0,0.003472,3610.0,420.0,
strict_exposure_ladder,253,2025-07-16,2025-07-16T14:10:00+00:00,2025-07-16T14:33:00+00:00,SPXW-20250716-06235.000-C,CALL,1510.0,240.00000000000003,3,4530.0,120960.0,121680.0,121680.0,0.005917,0.0,720.0,
strict_exposure_ladder,254,2025-07-16,2025-07-16T14:45:00+00:00,2025-07-16T14:53:00+00:00,SPXW-20250716-06225.000-C,CALL,2340.0,480.00000000000006,3,7020.0,121680.0,123120.0,123120.0,0.011696,720.0,1440.0,
strict_exposure_ladder,255,2025-07-16,2025-07-16T14:54:00+00:00,2025-07-16T14:55:00+00:00,SPXW-20250716-06280.000-P,PUT,2730.0,1299.9999999999995,2,5460.0,123120.0,125720.0,125720.0,0.020681,2160.0,2600.0,
strict_exposure_ladder,256,2025-07-16,2025-07-16T14:58:00+00:00,2025-07-16T14:59:00+00:00,SPXW-20250716-06235.000-P,PUT,610.0,320.0000000000001,3,1830.0,125720.0,126680.0,126680.0,0.007578,4760.0,960.0,
strict_exposure_ladder,257,2025-07-16,2025-07-16T15:04:00+00:00,2025-07-16T15:09:00+00:00,SPXW-20250716-06225.000-C,CALL,2450.0,230.00000000000009,3,7350.0,126680.0,127370.0,127370.0,0.005417,5720.0,690.0,
strict_exposure_ladder,258,2025-07-16,2025-07-16T15:19:00+00:00,2025-07-16T15:22:00+00:00,SPXW-20250716-06225.000-P,PUT,850.0,930.0,3,2550.0,127370.0,130160.0,130160.0,0.021435,6410.0,2790.0,
strict_exposure_ladder,259,2025-07-16,2025-07-16T15:24:00+00:00,2025-07-16T15:25:00+00:00,SPXW-20250716-06220.000-P,PUT,990.0,440.00000000000006,3,2970.0,130160.0,131480.0,131480.0,0.01004,9200.0,1320.0,
strict_exposure_ladder,260,2025-07-17,2025-07-17T14:00:00+00:00,2025-07-17T14:05:00+00:00,SPXW-20250717-06255.000-C,CALL,2680.0,239.99999999999983,2,5360.0,131480.0,131960.0,131960.0,0.003637,0.0,480.0,
strict_exposure_ladder,261,2025-07-17,2025-07-17T14:29:00+00:00,2025-07-17T14:37:00+00:00,SPXW-20250717-06240.000-C,CALL,3420.0000000000005,409.99999999999943,2,6840.000000000001,131960.0,132780.0,132780.0,0.006176,480.0,820.0,
strict_exposure_ladder,262,2025-07-17,2025-07-17T14:46:00+00:00,2025-07-17T14:59:00+00:00,SPXW-20250717-06255.000-C,CALL,2200.0,410.0000000000001,3,6600.0,132780.0,134010.0,134010.0,0.009178,1300.0,1230.0,
strict_exposure_ladder,263,2025-07-17,2025-07-17T15:06:00+00:00,2025-07-17T15:31:00+00:00,SPXW-20250717-06265.000-C,CALL,2200.0,180.00000000000006,3,6600.0,134010.0,134550.0,134550.0,0.004013,2530.0,540.0,
strict_exposure_ladder,264,2025-07-18,2025-07-18T14:52:00+00:00,2025-07-18T15:17:00+00:00,SPXW-20250718-06265.000-C,CALL,3300.0,-89.99999999999986,2,6600.0,134550.0,134370.0,134550.0,0.0,0.0,-180.0,
strict_exposure_ladder,265,2025-07-21,2025-07-21T14:00:00+00:00,2025-07-21T14:05:00+00:00,SPXW-20250721-06295.000-C,CALL,3279.9999999999995,250.0,2,6559.999999999999,134370.0,134870.0,134870.0,0.003707,0.0,500.0,
strict_exposure_ladder,266,2025-07-21,2025-07-21T19:11:00+00:00,2025-07-21T19:16:00+00:00,SPXW-20250721-06280.000-C,CALL,3510.0,250.0,2,7020.0,134870.0,135370.0,135370.0,0.003694,500.0,500.0,
strict_exposure_ladder,267,2025-07-22,2025-07-22T14:00:00+00:00,2025-07-22T14:02:00+00:00,SPXW-20250722-06285.000-P,PUT,940.0,159.99999999999997,3,2820.0,135370.0,135850.0,135850.0,0.003533,0.0,480.0,
strict_exposure_ladder,268,2025-07-22,2025-07-22T14:29:00+00:00,2025-07-22T14:35:00+00:00,SPXW-20250722-06265.000-C,CALL,2750.0,479.9999999999997,2,5500.0,135850.0,136810.0,136810.0,0.007017,480.0,960.0,
strict_exposure_ladder,269,2025-07-22,2025-07-22T14:56:00+00:00,2025-07-22T15:01:00+00:00,SPXW-20250722-06270.000-C,CALL,2930.0,209.99999999999977,2,5860.0,136810.0,137230.0,137230.0,0.003061,1440.0,420.0,
strict_exposure_ladder,270,2025-07-23,2025-07-23T14:09:00+00:00,2025-07-23T14:25:00+00:00,SPXW-20250723-06295.000-C,CALL,3100.0,30.00000000000007,2,6200.0,137230.0,137290.0,137290.0,0.000437,0.0,60.0,
strict_exposure_ladder,271,2025-07-23,2025-07-23T14:29:00+00:00,2025-07-23T14:54:00+00:00,SPXW-20250723-06300.000-C,CALL,2830.0,-69.99999999999993,2,5660.0,137290.0,137150.0,137290.0,0.0,60.0,-140.0,
strict_exposure_ladder,272,2025-07-23,2025-07-23T15:00:00+00:00,2025-07-23T15:24:00+00:00,SPXW-20250723-06310.000-C,CALL,1960.0,19.99999999999993,3,5880.0,137150.0,137210.0,137290.0,0.00102,-80.0,60.0,
strict_exposure_ladder,273,2025-07-24,2025-07-24T14:00:00+00:00,2025-07-24T14:09:00+00:00,SPXW-20250724-06350.000-C,CALL,2440.0,70.00000000000028,3,7320.0,137210.0,137420.0,137420.0,0.001528,0.0,210.0,
strict_exposure_ladder,274,2025-07-24,2025-07-24T14:28:00+00:00,2025-07-24T14:34:00+00:00,SPXW-20250724-06340.000-C,CALL,2940.0,230.00000000000009,2,5880.0,137420.0,137880.0,137880.0,0.003336,210.0,460.0,
strict_exposure_ladder,275,2025-07-24,2025-07-24T14:41:00+00:00,2025-07-24T14:46:00+00:00,SPXW-20250724-06345.000-C,CALL,2850.0,60.00000000000014,2,5700.0,137880.0,138000.0,138000.0,0.00087,670.0,120.0,
strict_exposure_ladder,276,2025-07-25,2025-07-25T14:00:00+00:00,2025-07-25T14:11:00+00:00,SPXW-20250725-06340.000-C,CALL,3440.0,130.00000000000043,2,6880.0,138000.0,138260.0,138260.0,0.001881,0.0,260.0,
strict_exposure_ladder,277,2025-07-25,2025-07-25T14:26:00+00:00,2025-07-25T14:51:00+00:00,SPXW-20250725-06360.000-C,CALL,1789.9999999999998,320.0000000000003,3,5369.999999999999,138260.0,139220.0,139220.0,0.006896,260.0,960.0,
strict_exposure_ladder,278,2025-07-28,2025-07-28T14:05:00+00:00,2025-07-28T14:11:00+00:00,SPXW-20250728-06380.000-C,CALL,1960.0,59.99999999999979,3,5880.0,139220.0,139400.0,139400.0,0.001291,0.0,180.0,
strict_exposure_ladder,279,2025-07-28,2025-07-28T14:22:00+00:00,2025-07-28T14:46:00+00:00,SPXW-20250728-06385.000-C,CALL,1400.0,130.00000000000006,3,4200.0,139400.0,139790.0,139790.0,0.00279,180.0,390.0,
strict_exposure_ladder,280,2025-07-28,2025-07-28T15:19:00+00:00,2025-07-28T15:23:00+00:00,SPXW-20250728-06395.000-P,PUT,1030.0,89.99999999999986,3,3090.0,139790.0,140060.0,140060.0,0.001928,570.0,270.0,
strict_exposure_ladder,281,2025-07-28,2025-07-28T15:29:00+00:00,2025-07-28T15:54:00+00:00,SPXW-20250728-06375.000-C,CALL,1720.0,380.00000000000006,3,5160.0,140060.0,141200.0,141200.0,0.008074,840.0,1140.0,
strict_exposure_ladder,282,2025-07-29,2025-07-29T14:53:00+00:00,2025-07-29T14:57:00+00:00,SPXW-20250729-06400.000-P,PUT,1470.0,0.0,3,4410.0,141200.0,141200.0,141200.0,0.0,0.0,0.0,
strict_exposure_ladder,283,2025-07-29,2025-07-29T15:25:00+00:00,2025-07-29T15:30:00+00:00,SPXW-20250729-06390.000-P,PUT,1310.0,540.0,3,3930.0,141200.0,142820.0,142820.0,0.011343,0.0,1620.0,
strict_exposure_ladder,284,2025-07-30,2025-07-30T14:18:00+00:00,2025-07-30T14:24:00+00:00,SPXW-20250730-06350.000-C,CALL,3279.9999999999995,650.0,2,6559.999999999999,142820.0,144120.0,144120.0,0.00902,0.0,1300.0,
strict_exposure_ladder,285,2025-07-30,2025-07-30T14:30:00+00:00,2025-07-30T14:34:00+00:00,SPXW-20250730-06355.000-C,CALL,3300.0,250.0,2,6600.0,144120.0,144620.0,144620.0,0.003457,1300.0,500.0,
strict_exposure_ladder,286,2025-07-30,2025-07-30T14:36:00+00:00,2025-07-30T15:01:00+00:00,SPXW-20250730-06355.000-C,CALL,3410.0,-160.00000000000014,2,6820.0,144620.0,144300.0,144620.0,0.0,1800.0,-320.0,
strict_exposure_ladder,287,2025-07-30,2025-07-30T18:35:00+00:00,2025-07-30T18:36:00+00:00,SPXW-20250730-06370.000-C,CALL,2640.0,180.00000000000006,3,7920.0,144300.0,144840.0,144840.0,0.003728,1480.0,540.0,
strict_exposure_ladder,288,2025-07-30,2025-07-30T18:40:00+00:00,2025-07-30T18:42:00+00:00,SPXW-20250730-06400.000-P,PUT,1950.0,289.9999999999999,3,5850.0,144840.0,145710.0,145710.0,0.005971,2020.0,870.0,
strict_exposure_ladder,289,2025-07-30,2025-07-30T18:59:00+00:00,2025-07-30T19:02:00+00:00,SPXW-20250730-06360.000-P,PUT,1250.0,600.0,3,3750.0,145710.0,147510.0,147510.0,0.012203,2890.0,1800.0,
strict_exposure_ladder,290,2025-07-30,2025-07-30T19:16:00+00:00,2025-07-30T19:17:00+00:00,SPXW-20250730-06390.000-P,PUT,3520.0000000000005,829.9999999999998,2,7040.000000000001,147510.0,149170.0,149170.0,0.011128,4690.0,1660.0,
strict_exposure_ladder,291,2025-07-30,2025-07-30T19:18:00+00:00,2025-07-30T19:19:00+00:00,SPXW-20250730-06375.000-P,PUT,2660.0,69.99999999999993,3,7980.0,149170.0,149380.0,149380.0,0.001406,6350.0,210.0,
strict_exposure_ladder,292,2025-07-30,2025-07-30T19:24:00+00:00,2025-07-30T19:25:00+00:00,SPXW-20250730-06370.000-P,PUT,3030.0,39.99999999999986,2,6060.0,149380.0,149460.0,149460.0,0.000535,6560.0,80.0,
strict_exposure_ladder,293,2025-07-31,2025-07-31T14:00:00+00:00,2025-07-31T14:07:00+00:00,SPXW-20250731-06385.000-C,CALL,3229.9999999999995,210.00000000000017,2,6459.999999999999,149460.0,149880.0,149880.0,0.002802,0.0,420.0,
strict_exposure_ladder,294,2025-07-31,2025-07-31T14:32:00+00:00,2025-07-31T14:57:00+00:00,SPXW-20250731-06385.000-C,CALL,2770.0,-1260.0,2,5540.0,149880.0,147360.0,149880.0,0.0,420.0,-2520.0,
strict_exposure_ladder,295,2025-07-31,2025-07-31T15:20:00+00:00,2025-07-31T15:23:00+00:00,SPXW-20250731-06355.000-C,CALL,2570.0,250.0,0,0.0,147360.0,147360.0,149880.0,0.016813,-2100.0,0.0,daily_loss_stop
strict_exposure_ladder,296,2025-07-31,2025-07-31T15:28:00+00:00,2025-07-31T15:34:00+00:00,SPXW-20250731-06350.000-C,CALL,3310.0,660.0000000000001,0,0.0,147360.0,147360.0,149880.0,0.016813,-2100.0,0.0,daily_loss_stop
strict_exposure_ladder,297,2025-08-01,2025-08-01T14:05:00+00:00,2025-08-01T14:06:00+00:00,SPXW-20250801-06235.000-P,PUT,2480.0,280.00000000000006,3,7440.0,147360.0,148200.0,149880.0,0.016813,0.0,840.0,
strict_exposure_ladder,298,2025-08-01,2025-08-01T14:06:00+00:00,2025-08-01T14:07:00+00:00,SPXW-20250801-06205.000-C,CALL,3340.0,220.00000000000028,2,6680.0,148200.0,148640.0,149880.0,0.011209,840.0,440.0,
strict_exposure_ladder,299,2025-08-01,2025-08-01T14:08:00+00:00,2025-08-01T14:19:00+00:00,SPXW-20250801-06205.000-C,CALL,3150.0,1520.0000000000002,2,6300.0,148640.0,151680.0,151680.0,0.020042,1280.0,3040.0,
strict_exposure_ladder,300,2025-08-01,2025-08-01T14:26:00+00:00,2025-08-01T14:35:00+00:00,SPXW-20250801-06240.000-C,CALL,2220.0,560.0000000000001,3,6660.0,151680.0,153360.0,153360.0,0.010955,4320.0,1680.0,
strict_exposure_ladder,301,2025-08-01,2025-08-01T14:37:00+00:00,2025-08-01T14:48:00+00:00,SPXW-20250801-06230.000-C,CALL,3350.0,-280.00000000000006,2,6700.0,153360.0,152800.0,153360.0,0.0,6000.0,-560.0,
strict_exposure_ladder,302,2025-08-01,2025-08-01T14:51:00+00:00,2025-08-01T14:52:00+00:00,SPXW-20250801-06250.000-P,PUT,2230.0,219.99999999999991,3,6690.0,152800.0,153460.0,153460.0,0.004301,5440.0,660.0,
strict_exposure_ladder,303,2025-08-04,2025-08-04T14:20:00+00:00,2025-08-04T14:27:00+00:00,SPXW-20250804-06280.000-C,CALL,3320.0000000000005,329.9999999999997,2,6640.000000000001,153460.0,154120.0,154120.0,0.004282,0.0,660.0,
strict_exposure_ladder,304,2025-08-04,2025-08-04T14:48:00+00:00,2025-08-04T14:50:00+00:00,SPXW-20250804-06280.000-C,CALL,3370.0000000000005,279.9999999999997,2,6740.000000000001,154120.0,154680.0,154680.0,0.00362,660.0,560.0,
strict_exposure_ladder,305,2025-08-04,2025-08-04T15:02:00+00:00,2025-08-04T15:05:00+00:00,SPXW-20250804-06285.000-C,CALL,2830.0,139.99999999999986,2,5660.0,154680.0,154960.0,154960.0,0.001807,1220.0,280.0,
strict_exposure_ladder,306,2025-08-05,2025-08-05T14:01:00+00:00,2025-08-05T14:02:00+00:00,SPXW-20250805-06350.000-P,PUT,2220.0,260.0000000000001,3,6660.0,154960.0,155740.0,155740.0,0.005008,0.0,780.0,
strict_exposure_ladder,307,2025-08-05,2025-08-05T14:03:00+00:00,2025-08-05T14:06:00+00:00,SPXW-20250805-06360.000-P,PUT,3100.0,729.9999999999998,2,6200.0,155740.0,157200.0,157200.0,0.009288,780.0,1460.0,
strict_exposure_ladder,308,2025-08-05,2025-08-05T14:26:00+00:00,2025-08-05T14:36:00+00:00,SPXW-20250805-06335.000-P,PUT,2330.0,450.0,3,6990.0,157200.0,158550.0,158550.0,0.008515,2240.0,1350.0,
strict_exposure_ladder,309,2025-08-05,2025-08-05T14:42:00+00:00,2025-08-05T14:44:00+00:00,SPXW-20250805-06310.000-P,PUT,1440.0,440.00000000000006,3,4320.0,158550.0,159870.0,159870.0,0.008257,3590.0,1320.0,
strict_exposure_ladder,310,2025-08-05,2025-08-05T14:48:00+00:00,2025-08-05T14:49:00+00:00,SPXW-20250805-06305.000-P,PUT,1620.0,450.0,3,4860.0,159870.0,161220.0,161220.0,0.008374,4910.0,1350.0,
strict_exposure_ladder,311,2025-08-05,2025-08-05T14:53:00+00:00,2025-08-05T15:04:00+00:00,SPXW-20250805-06275.000-C,CALL,2600.0,510.0000000000001,3,7800.0,161220.0,162750.0,162750.0,0.009401,6260.0,1530.0,
strict_exposure_ladder,312,2025-08-06,2025-08-06T14:00:00+00:00,2025-08-06T14:10:00+00:00,SPXW-20250806-06290.000-C,CALL,2450.0,1260.0000000000002,3,7350.0,162750.0,166530.0,166530.0,0.022699,0.0,3780.0,
strict_exposure_ladder,313,2025-08-06,2025-08-06T14:28:00+00:00,2025-08-06T14:32:00+00:00,SPXW-20250806-06280.000-C,CALL,2730.0,300.0,2,5460.0,166530.0,167130.0,167130.0,0.00359,3780.0,600.0,
strict_exposure_ladder,314,2025-08-06,2025-08-06T14:36:00+00:00,2025-08-06T14:37:00+00:00,SPXW-20250806-06300.000-C,CALL,1800.0,389.9999999999999,3,5400.0,167130.0,168300.0,168300.0,0.006952,4380.0,1170.0,
strict_exposure_ladder,315,2025-08-06,2025-08-06T14:38:00+00:00,2025-08-06T14:44:00+00:00,SPXW-20250806-06295.000-C,CALL,2410.0,409.9999999999998,3,7230.0,168300.0,169530.0,169530.0,0.007255,5550.0,1230.0,
strict_exposure_ladder,316,2025-08-06,2025-08-06T14:45:00+00:00,2025-08-06T14:54:00+00:00,SPXW-20250806-06290.000-C,CALL,3260.0,150.0,2,6520.0,169530.0,169830.0,169830.0,0.001766,6780.0,300.0,
strict_exposure_ladder,317,2025-08-07,2025-08-07T14:00:00+00:00,2025-08-07T14:15:00+00:00,SPXW-20250807-06355.000-C,CALL,3320.0000000000005,-1420.0000000000002,2,6640.000000000001,169830.0,166990.0,169830.0,0.0,0.0,-2840.0,
strict_exposure_ladder,318,2025-08-07,2025-08-07T14:15:00+00:00,2025-08-07T14:19:00+00:00,SPXW-20250807-06370.000-P,PUT,1440.0,209.99999999999997,0,0.0,166990.0,166990.0,169830.0,0.016723,-2840.0,0.0,daily_loss_stop
strict_exposure_ladder,319,2025-08-07,2025-08-07T14:25:00+00:00,2025-08-07T14:31:00+00:00,SPXW-20250807-06365.000-P,PUT,1890.0,40.00000000000021,0,0.0,166990.0,166990.0,169830.0,0.016723,-2840.0,0.0,daily_loss_stop
strict_exposure_ladder,320,2025-08-07,2025-08-07T14:39:00+00:00,2025-08-07T14:46:00+00:00,SPXW-20250807-06330.000-C,CALL,3010.0,400.0,0,0.0,166990.0,166990.0,169830.0,0.016723,-2840.0,0.0,daily_loss_stop
strict_exposure_ladder,321,2025-08-07,2025-08-07T15:17:00+00:00,2025-08-07T15:22:00+00:00,SPXW-20250807-06315.000-C,CALL,3170.0,440.0000000000002,0,0.0,166990.0,166990.0,169830.0,0.016723,-2840.0,0.0,daily_loss_stop
strict_exposure_ladder,322,2025-08-07,2025-08-07T17:40:00+00:00,2025-08-07T17:46:00+00:00,SPXW-20250807-06290.000-C,CALL,3340.0,170.00000000000028,0,0.0,166990.0,166990.0,169830.0,0.016723,-2840.0,0.0,daily_loss_stop
strict_exposure_ladder,323,2025-08-08,2025-08-08T14:00:00+00:00,2025-08-08T14:03:00+00:00,SPXW-20250808-06350.000-C,CALL,3120.0,230.00000000000009,2,6240.0,166990.0,167450.0,169830.0,0.016723,0.0,460.0,
strict_exposure_ladder,324,2025-08-08,2025-08-08T14:27:00+00:00,2025-08-08T14:29:00+00:00,SPXW-20250808-06350.000-C,CALL,3320.0000000000005,209.99999999999943,2,6640.000000000001,167450.0,167870.0,169830.0,0.014014,460.0,420.0,
strict_exposure_ladder,325,2025-08-11,2025-08-11T14:01:00+00:00,2025-08-11T14:10:00+00:00,SPXW-20250811-06365.000-C,CALL,3130.0,-30.00000000000007,2,6260.0,167870.0,167810.0,169830.0,0.011541,0.0,-60.0,
strict_exposure_ladder,326,2025-08-11,2025-08-11T14:19:00+00:00,2025-08-11T14:44:00+00:00,SPXW-20250811-06370.000-C,CALL,2860.0,-620.0000000000002,2,5720.0,167810.0,166570.0,169830.0,0.011894,-60.0,-1240.0,
strict_exposure_ladder,327,2025-08-11,2025-08-11T15:17:00+00:00,2025-08-11T15:24:00+00:00,SPXW-20250811-06420.000-P,PUT,3140.0,0.0,0,0.0,166570.0,166570.0,169830.0,0.019196,-1300.0,0.0,daily_loss_stop
strict_exposure_ladder,328,2025-08-12,2025-08-12T14:00:00+00:00,2025-08-12T14:01:00+00:00,SPXW-20250812-06410.000-P,PUT,2440.0,340.0000000000002,3,7320.0,166570.0,167590.0,169830.0,0.019196,0.0,1020.0,
strict_exposure_ladder,329,2025-08-12,2025-08-12T14:13:00+00:00,2025-08-12T14:18:00+00:00,SPXW-20250812-06370.000-C,CALL,3490.0,760.0000000000001,2,6980.0,167590.0,169110.0,169830.0,0.01319,1020.0,1520.0,
strict_exposure_ladder,330,2025-08-12,2025-08-12T14:26:00+00:00,2025-08-12T14:29:00+00:00,SPXW-20250812-06380.000-C,CALL,3340.0,110.00000000000014,2,6680.0,169110.0,169330.0,169830.0,0.00424,2540.0,220.0,
strict_exposure_ladder,331,2025-08-12,2025-08-12T14:39:00+00:00,2025-08-12T14:45:00+00:00,SPXW-20250812-06375.000-C,CALL,3520.0000000000005,359.99999999999943,2,7040.000000000001,169330.0,170050.0,170050.0,0.004234,2760.0,720.0,
strict_exposure_ladder,332,2025-08-12,2025-08-12T14:48:00+00:00,2025-08-12T14:52:00+00:00,SPXW-20250812-06380.000-C,CALL,3440.0,480.00000000000045,2,6880.0,170050.0,171010.0,171010.0,0.005614,3480.0,960.0,
strict_exposure_ladder,333,2025-08-12,2025-08-12T14:58:00+00:00,2025-08-12T15:07:00+00:00,SPXW-20250812-06405.000-C,CALL,1550.0,619.9999999999999,3,4650.0,171010.0,172870.0,172870.0,0.01076,4440.0,1860.0,
strict_exposure_ladder,334,2025-08-13,2025-08-13T14:00:00+00:00,2025-08-13T14:02:00+00:00,SPXW-20250813-06485.000-P,PUT,1490.0,259.99999999999994,3,4470.0,172870.0,173650.0,173650.0,0.004492,0.0,780.0,
strict_exposure_ladder,335,2025-08-13,2025-08-13T14:31:00+00:00,2025-08-13T14:32:00+00:00,SPXW-20250813-06475.000-P,PUT,1800.0,239.99999999999983,3,5400.0,173650.0,174370.0,174370.0,0.004129,780.0,720.0,
strict_exposure_ladder,336,2025-08-13,2025-08-13T15:21:00+00:00,2025-08-13T15:24:00+00:00,SPXW-20250813-06430.000-C,CALL,2660.0,279.9999999999997,3,7980.0,174370.0,175210.0,175210.0,0.004794,1500.0,840.0,
strict_exposure_ladder,337,2025-08-14,2025-08-14T14:01:00+00:00,2025-08-14T14:07:00+00:00,SPXW-20250814-06430.000-C,CALL,3140.0,70.00000000000028,2,6280.0,175210.0,175350.0,175350.0,0.000798,0.0,140.0,
strict_exposure_ladder,338,2025-08-14,2025-08-14T14:26:00+00:00,2025-08-14T14:31:00+00:00,SPXW-20250814-06430.000-C,CALL,2920.0,540.0000000000002,2,5840.0,175350.0,176430.0,176430.0,0.006121,140.0,1080.0,
strict_exposure_ladder,339,2025-08-14,2025-08-14T14:31:00+00:00,2025-08-14T14:39:00+00:00,SPXW-20250814-06440.000-C,CALL,2600.0,110.00000000000014,3,7800.0,176430.0,176760.0,176760.0,0.001867,1220.0,330.0,
strict_exposure_ladder,340,2025-08-14,2025-08-14T14:52:00+00:00,2025-08-14T15:17:00+00:00,SPXW-20250814-06440.000-C,CALL,3110.0,-570.0000000000002,2,6220.0,176760.0,175620.0,176760.0,0.0,1550.0,-1140.0,
strict_exposure_ladder,341,2025-08-15,2025-08-15T14:01:00+00:00,2025-08-15T14:02:00+00:00,SPXW-20250815-06450.000-C,CALL,1380.0,369.99999999999994,3,4140.0,175620.0,176730.0,176760.0,0.006449,0.0,1110.0,
strict_exposure_ladder,342,2025-08-15,2025-08-15T14:15:00+00:00,2025-08-15T14:40:00+00:00,SPXW-20250815-06440.000-C,CALL,2470.0,-289.9999999999999,3,7410.0,176730.0,175860.0,176760.0,0.00017,1110.0,-870.0,
strict_exposure_ladder,343,2025-08-15,2025-08-15T14:56:00+00:00,2025-08-15T15:03:00+00:00,SPXW-20250815-06425.000-C,CALL,2950.0,19.99999999999993,2,5900.0,175860.0,175900.0,176760.0,0.005092,240.0,40.0,
strict_exposure_ladder,344,2025-08-15,2025-08-15T15:11:00+00:00,2025-08-15T15:15:00+00:00,SPXW-20250815-06430.000-C,CALL,2490.0,190.00000000000023,3,7470.0,175900.0,176470.0,176760.0,0.004865,280.0,570.0,
strict_exposure_ladder,345,2025-08-15,2025-08-15T15:16:00+00:00,2025-08-15T15:21:00+00:00,SPXW-20250815-06430.000-C,CALL,2700.0,230.00000000000009,2,5400.0,176470.0,176930.0,176930.0,0.0026,850.0,460.0,
strict_exposure_ladder,346,2025-08-18,2025-08-18T14:05:00+00:00,2025-08-18T14:30:00+00:00,SPXW-20250818-06430.000-C,CALL,2150.0,-250.0,3,6450.0,176930.0,176180.0,176930.0,0.0,0.0,-750.0,
strict_exposure_ladder,347,2025-08-18,2025-08-18T14:33:00+00:00,2025-08-18T14:37:00+00:00,SPXW-20250818-06425.000-C,CALL,2470.0,10.000000000000142,0,0.0,176180.0,176180.0,176930.0,0.004239,-750.0,0.0,daily_loss_stop
strict_exposure_ladder,348,2025-08-18,2025-08-18T14:37:00+00:00,2025-08-18T14:40:00+00:00,SPXW-20250818-06445.000-C,CALL,960.0,-29.999999999999893,0,0.0,176180.0,176180.0,176930.0,0.004239,-750.0,-0.0,daily_loss_stop
strict_exposure_ladder,349,2025-08-18,2025-08-18T14:59:00+00:00,2025-08-18T15:03:00+00:00,SPXW-20250818-06430.000-C,CALL,1860.0,309.9999999999998,0,0.0,176180.0,176180.0,176930.0,0.004239,-750.0,0.0,daily_loss_stop
strict_exposure_ladder,350,2025-08-18,2025-08-18T15:22:00+00:00,2025-08-18T15:47:00+00:00,SPXW-20250818-06425.000-C,CALL,2400.0,-200.0,0,0.0,176180.0,176180.0,176930.0,0.004239,-750.0,-0.0,daily_loss_stop
strict_exposure_ladder,351,2025-08-19,2025-08-19T14:01:00+00:00,2025-08-19T14:09:00+00:00,SPXW-20250819-06425.000-C,CALL,2180.0,730.0000000000001,3,6540.0,176180.0,178370.0,178370.0,0.012278,0.0,2190.0,
strict_exposure_ladder,352,2025-08-19,2025-08-19T14:27:00+00:00,2025-08-19T14:31:00+00:00,SPXW-20250819-06450.000-P,PUT,670.0,339.99999999999994,3,2010.0,178370.0,179390.0,179390.0,0.005686,2190.0,1020.0,
strict_exposure_ladder,353,2025-08-19,2025-08-19T15:01:00+00:00,2025-08-19T15:02:00+00:00,SPXW-20250819-06435.000-P,PUT,1580.0,130.00000000000006,3,4740.0,179390.0,179780.0,179780.0,0.002169,3210.0,390.0,
strict_exposure_ladder,354,2025-08-19,2025-08-19T15:27:00+00:00,2025-08-19T15:35:00+00:00,SPXW-20250819-06410.000-C,CALL,2240.0,270.0000000000003,3,6720.0,179780.0,180590.0,180590.0,0.004485,3600.0,810.0,
strict_exposure_ladder,355,2025-08-20,2025-08-20T14:02:00+00:00,2025-08-20T14:14:00+00:00,SPXW-20250820-06345.000-C,CALL,3390.0,-909.9999999999998,2,6780.0,180590.0,178770.0,180590.0,0.0,0.0,-1820.0,
strict_exposure_ladder,356,2025-08-20,2025-08-20T14:27:00+00:00,2025-08-20T14:31:00+00:00,SPXW-20250820-06395.000-P,PUT,3490.0,910.0,0,0.0,178770.0,178770.0,180590.0,0.010078,-1820.0,0.0,daily_loss_stop
strict_exposure_ladder,357,2025-08-20,2025-08-20T14:38:00+00:00,2025-08-20T14:46:00+00:00,SPXW-20250820-06330.000-C,CALL,3050.0,-310.0000000000001,0,0.0,178770.0,178770.0,180590.0,0.010078,-1820.0,-0.0,daily_loss_stop
strict_exposure_ladder,358,2025-08-20,2025-08-20T14:58:00+00:00,2025-08-20T15:10:00+00:00,SPXW-20250820-06330.000-C,CALL,2260.0,1139.9999999999998,0,0.0,178770.0,178770.0,180590.0,0.010078,-1820.0,0.0,daily_loss_stop
strict_exposure_ladder,359,2025-08-20,2025-08-20T17:30:00+00:00,2025-08-20T17:37:00+00:00,SPXW-20250820-06360.000-C,CALL,2270.0,780.0000000000001,0,0.0,178770.0,178770.0,180590.0,0.010078,-1820.0,0.0,daily_loss_stop
strict_exposure_ladder,360,2025-08-21,2025-08-21T14:01:00+00:00,2025-08-21T14:07:00+00:00,SPXW-20250821-06345.000-C,CALL,3260.0,950.0,2,6520.0,178770.0,180670.0,180670.0,0.010516,0.0,1900.0,
strict_exposure_ladder,361,2025-08-21,2025-08-21T14:09:00+00:00,2025-08-21T14:18:00+00:00,SPXW-20250821-06355.000-C,CALL,3379.9999999999995,550.0,2,6759.999999999999,180670.0,181770.0,181770.0,0.006052,1900.0,1100.0,
strict_exposure_ladder,362,2025-08-21,2025-08-21T14:27:00+00:00,2025-08-21T14:30:00+00:00,SPXW-20250821-06360.000-C,CALL,3270.0000000000005,319.99999999999955,2,6540.000000000001,181770.0,182410.0,182410.0,0.003509,3000.0,640.0,
strict_exposure_ladder,363,2025-08-21,2025-08-21T15:05:00+00:00,2025-08-21T15:06:00+00:00,SPXW-20250821-06400.000-P,PUT,2030.0,259.9999999999998,3,6090.0,182410.0,183190.0,183190.0,0.004258,3640.0,780.0,
strict_exposure_ladder,364,2025-08-22,2025-08-22T14:00:00+00:00,2025-08-22T14:02:00+00:00,SPXW-20250822-06390.000-C,CALL,2960.0,3390.0,2,5920.0,183190.0,189970.0,189970.0,0.03569,0.0,6780.0,
strict_exposure_ladder,365,2025-08-22,2025-08-22T14:08:00+00:00,2025-08-22T14:13:00+00:00,SPXW-20250822-06425.000-C,CALL,3350.0,450.0,2,6700.0,189970.0,190870.0,190870.0,0.004715,6780.0,900.0,
strict_exposure_ladder,366,2025-08-22,2025-08-22T14:24:00+00:00,2025-08-22T14:27:00+00:00,SPXW-20250822-06425.000-C,CALL,3070.0,830.0000000000001,2,6140.0,190870.0,192530.0,192530.0,0.008622,7680.0,1660.0,
strict_exposure_ladder,367,2025-08-22,2025-08-22T14:50:00+00:00,2025-08-22T14:51:00+00:00,SPXW-20250822-06440.000-C,CALL,3320.0000000000005,269.99999999999955,2,6640.000000000001,192530.0,193070.0,193070.0,0.002797,9340.0,540.0,
strict_exposure_ladder,368,2025-08-25,2025-08-25T14:01:00+00:00,2025-08-25T14:07:00+00:00,SPXW-20250825-06425.000-C,CALL,3250.0,60.00000000000014,2,6500.0,193070.0,193190.0,193190.0,0.000621,0.0,120.0,
strict_exposure_ladder,369,2025-08-25,2025-08-25T14:27:00+00:00,2025-08-25T14:49:00+00:00,SPXW-20250825-06445.000-C,CALL,1330.0,50.0,3,3990.0,193190.0,193340.0,193340.0,0.000776,120.0,150.0,
strict_exposure_ladder,370,2025-08-25,2025-08-25T14:49:00+00:00,2025-08-25T15:14:00+00:00,SPXW-20250825-06450.000-C,CALL,1030.0,339.9999999999999,3,3090.0,193340.0,194360.0,194360.0,0.005248,270.0,1020.0,
strict_exposure_ladder,371,2025-08-26,2025-08-26T14:00:00+00:00,2025-08-26T14:25:00+00:00,SPXW-20250826-06420.000-C,CALL,2220.0,460.0000000000001,3,6660.0,194360.0,195740.0,195740.0,0.00705,0.0,1380.0,
strict_exposure_ladder,372,2025-08-26,2025-08-26T14:25:00+00:00,2025-08-26T14:50:00+00:00,SPXW-20250826-06415.000-C,CALL,3170.0,-450.0,2,6340.0,195740.0,194840.0,195740.0,0.0,1380.0,-900.0,
strict_exposure_ladder,373,2025-08-26,2025-08-26T15:14:00+00:00,2025-08-26T15:25:00+00:00,SPXW-20250826-06410.000-C,CALL,3180.0,90.00000000000021,2,6360.0,194840.0,195020.0,195740.0,0.004598,480.0,180.0,
strict_exposure_ladder,374,2025-08-27,2025-08-27T14:02:00+00:00,2025-08-27T14:13:00+00:00,SPXW-20250827-06450.000-C,CALL,2020.0,200.0,3,6060.0,195020.0,195620.0,195740.0,0.003678,0.0,600.0,
strict_exposure_ladder,375,2025-08-27,2025-08-27T14:19:00+00:00,2025-08-27T14:23:00+00:00,SPXW-20250827-06440.000-C,CALL,3379.9999999999995,240.00000000000057,2,6759.999999999999,195620.0,196100.0,196100.0,0.002448,600.0,480.0,
strict_exposure_ladder,376,2025-08-27,2025-08-27T14:33:00+00:00,2025-08-27T14:58:00+00:00,SPXW-20250827-06465.000-C,CALL,1420.0,-79.99999999999989,3,4260.0,196100.0,195860.0,196100.0,0.0,1080.0,-240.0,
strict_exposure_ladder,377,2025-08-28,2025-08-28T14:00:00+00:00,2025-08-28T14:06:00+00:00,SPXW-20250828-06495.000-P,PUT,2570.0,-180.00000000000006,3,7710.0,195860.0,195320.0,196100.0,0.001224,0.0,-540.0,
strict_exposure_ladder,378,2025-08-28,2025-08-28T14:33:00+00:00,2025-08-28T14:58:00+00:00,SPXW-20250828-06465.000-C,CALL,1620.0,600.0,3,4860.0,195320.0,197120.0,197120.0,0.009131,-540.0,1800.0,
strict_exposure_ladder,379,2025-08-28,2025-08-28T15:10:00+00:00,2025-08-28T15:35:00+00:00,SPXW-20250828-06470.000-C,CALL,1580.0,-20.000000000000107,3,4740.0,197120.0,197060.0,197120.0,0.0,1260.0,-60.0,
strict_exposure_ladder,380,2025-08-29,2025-08-29T14:04:00+00:00,2025-08-29T14:07:00+00:00,SPXW-20250829-06470.000-P,PUT,1610.0000000000002,679.9999999999998,3,4830.000000000001,197060.0,199100.0,199100.0,0.010246,0.0,2040.0,
strict_exposure_ladder,381,2025-08-29,2025-08-29T14:08:00+00:00,2025-08-29T14:13:00+00:00,SPXW-20250829-06485.000-P,PUT,3310.0,169.99999999999957,2,6620.0,199100.0,199440.0,199440.0,0.001705,2040.0,340.0,
strict_exposure_ladder,382,2025-08-29,2025-08-29T14:13:00+00:00,2025-08-29T14:15:00+00:00,SPXW-20250829-06425.000-C,CALL,3310.0,219.99999999999957,2,6620.0,199440.0,199880.0,199880.0,0.002201,2380.0,440.0,
strict_exposure_ladder,383,2025-08-29,2025-08-29T14:33:00+00:00,2025-08-29T14:41:00+00:00,SPXW-20250829-06435.000-C,CALL,2910.0,189.99999999999983,2,5820.0,199880.0,200260.0,200260.0,0.001898,2820.0,380.0,
strict_exposure_ladder,384,2025-08-29,2025-08-29T14:55:00+00:00,2025-08-29T15:03:00+00:00,SPXW-20250829-06420.000-C,CALL,3370.0000000000005,229.99999999999972,2,6740.000000000001,200260.0,200720.0,200720.0,0.002292,3200.0,460.0,
strict_exposure_ladder,385,2025-08-29,2025-08-29T15:26:00+00:00,2025-08-29T15:51:00+00:00,SPXW-20250829-06435.000-C,CALL,2620.0,-580.0000000000001,3,7860.0,200720.0,198980.0,200720.0,0.0,3660.0,-1740.0,
strict_exposure_ladder,386,2025-09-02,2025-09-02T14:00:00+00:00,2025-09-02T14:05:00+00:00,SPXW-20250902-06405.000-C,CALL,1420.0,0.0,3,4260.0,198980.0,198980.0,200720.0,0.008669,0.0,0.0,
strict_exposure_ladder,387,2025-09-02,2025-09-02T14:28:00+00:00,2025-09-02T14:31:00+00:00,SPXW-20250902-06380.000-C,CALL,2270.0,580.0000000000001,3,6810.0,198980.0,200720.0,200720.0,0.008669,0.0,1740.0,
strict_exposure_ladder,388,2025-09-02,2025-09-02T14:36:00+00:00,2025-09-02T14:51:00+00:00,SPXW-20250902-06375.000-C,CALL,3310.0,-1390.0000000000002,2,6620.0,200720.0,197940.0,200720.0,0.0,1740.0,-2780.0,
strict_exposure_ladder,389,2025-09-03,2025-09-03T14:18:00+00:00,2025-09-03T14:20:00+00:00,SPXW-20250903-06440.000-C,CALL,630.0,220.00000000000003,3,1890.0,197940.0,198600.0,200720.0,0.01385,0.0,660.0,
strict_exposure_ladder,390,2025-09-03,2025-09-03T14:23:00+00:00,2025-09-03T14:27:00+00:00,SPXW-20250903-06415.000-C,CALL,2810.0,209.99999999999977,2,5620.0,198600.0,199020.0,200720.0,0.010562,660.0,420.0,
strict_exposure_ladder,391,2025-09-03,2025-09-03T14:31:00+00:00,2025-09-03T14:35:00+00:00,SPXW-20250903-06420.000-C,CALL,2320.0,340.0000000000002,1,2320.0,199020.0,199360.0,200720.0,0.00847,1080.0,340.0,
strict_exposure_ladder,392,2025-09-03,2025-09-03T14:43:00+00:00,2025-09-03T15:08:00+00:00,SPXW-20250903-06440.000-C,CALL,1300.0,159.99999999999997,1,1300.0,199360.0,199520.0,200720.0,0.006776,1420.0,160.0,
strict_exposure_ladder,393,2025-09-03,2025-09-03T15:24:00+00:00,2025-09-03T15:37:00+00:00,SPXW-20250903-06410.000-C,CALL,3460.0,-480.00000000000006,1,3460.0,199520.0,199040.0,200720.0,0.005978,1580.0,-480.0,
strict_exposure_ladder,394,2025-09-04,2025-09-04T14:01:00+00:00,2025-09-04T14:04:00+00:00,SPXW-20250904-06470.000-P,PUT,1490.0,420.0000000000001,1,1490.0,199040.0,199460.0,200720.0,0.00837,0.0,420.0,
strict_exposure_ladder,395,2025-09-04,2025-09-04T14:23:00+00:00,2025-09-04T14:26:00+00:00,SPXW-20250904-06445.000-C,CALL,1460.0,560.0,1,1460.0,199460.0,200020.0,200720.0,0.006277,420.0,560.0,
strict_exposure_ladder,396,2025-09-04,2025-09-04T14:28:00+00:00,2025-09-04T14:33:00+00:00,SPXW-20250904-06430.000-C,CALL,2970.0,540.0000000000002,2,5940.0,200020.0,201100.0,201100.0,0.00537,980.0,1080.0,
strict_exposure_ladder,397,2025-09-04,2025-09-04T14:35:00+00:00,2025-09-04T14:40:00+00:00,SPXW-20250904-06435.000-C,CALL,2970.0,359.9999999999998,2,5940.0,201100.0,201820.0,201820.0,0.003568,2060.0,720.0,
strict_exposure_ladder,398,2025-09-04,2025-09-04T14:53:00+00:00,2025-09-04T15:00:00+00:00,SPXW-20250904-06435.000-C,CALL,3300.0,70.00000000000028,2,6600.0,201820.0,201960.0,201960.0,0.000693,2780.0,140.0,
strict_exposure_ladder,399,2025-09-04,2025-09-04T15:17:00+00:00,2025-09-04T15:29:00+00:00,SPXW-20250904-06450.000-C,CALL,2180.0,400.0,3,6540.0,201960.0,203160.0,203160.0,0.005907,2920.0,1200.0,
strict_exposure_ladder,400,2025-09-05,2025-09-05T14:00:00+00:00,2025-09-05T14:03:00+00:00,SPXW-20250905-06515.000-P,PUT,930.0,359.99999999999994,3,2790.0,203160.0,204240.0,204240.0,0.005288,0.0,1080.0,
strict_exposure_ladder,401,2025-09-05,2025-09-05T14:05:00+00:00,2025-09-05T14:09:00+00:00,SPXW-20250905-06510.000-P,PUT,960.0,290.00000000000006,3,2880.0,204240.0,205110.0,205110.0,0.004242,1080.0,870.0,
strict_exposure_ladder,402,2025-09-05,2025-09-05T14:15:00+00:00,2025-09-05T14:17:00+00:00,SPXW-20250905-06520.000-P,PUT,2420.0,450.0,3,7260.0,205110.0,206460.0,206460.0,0.006539,1950.0,1350.0,
strict_exposure_ladder,403,2025-09-05,2025-09-05T14:21:00+00:00,2025-09-05T14:25:00+00:00,SPXW-20250905-06515.000-P,PUT,2640.0,1280.0000000000005,3,7920.0,206460.0,210300.0,210300.0,0.01826,3300.0,3840.0,
strict_exposure_ladder,404,2025-09-05,2025-09-05T14:26:00+00:00,2025-09-05T14:29:00+00:00,SPXW-20250905-06485.000-P,PUT,1830.0,480.00000000000006,3,5490.0,210300.0,211740.0,211740.0,0.006801,7140.0,1440.0,
strict_exposure_ladder,405,2025-09-05,2025-09-05T14:30:00+00:00,2025-09-05T14:31:00+00:00,SPXW-20250905-06480.000-P,PUT,1760.0000000000002,59.99999999999979,3,5280.000000000001,211740.0,211920.0,211920.0,0.000849,8580.0,180.0,
strict_exposure_ladder,406,2025-09-05,2025-09-05T14:41:00+00:00,2025-09-05T14:43:00+00:00,SPXW-20250905-06465.000-P,PUT,1350.0,460.0000000000001,3,4050.0,211920.0,213300.0,213300.0,0.00647,8760.0,1380.0,
strict_exposure_ladder,407,2025-09-05,2025-09-05T14:48:00+00:00,2025-09-05T14:51:00+00:00,SPXW-20250905-06470.000-P,PUT,2140.0,400.0,3,6420.0,213300.0,214500.0,214500.0,0.005594,10140.0,1200.0,
strict_exposure_ladder,408,2025-09-05,2025-09-05T14:52:00+00:00,2025-09-05T14:56:00+00:00,SPXW-20250905-06440.000-C,CALL,2930.0,349.99999999999966,2,5860.0,214500.0,215200.0,215200.0,0.003253,11340.0,700.0,
strict_exposure_ladder,409,2025-09-05,2025-09-05T15:20:00+00:00,2025-09-05T15:25:00+00:00,SPXW-20250905-06435.000-C,CALL,3140.0,510.0000000000001,2,6280.0,215200.0,216220.0,216220.0,0.004717,12040.0,1020.0,
strict_exposure_ladder,410,2025-09-05,2025-09-05T15:27:00+00:00,2025-09-05T15:30:00+00:00,SPXW-20250905-06440.000-C,CALL,3110.0,469.99999999999955,2,6220.0,216220.0,217160.0,217160.0,0.004329,13060.0,940.0,
strict_exposure_ladder,411,2025-09-08,2025-09-08T14:01:00+00:00,2025-09-08T14:04:00+00:00,SPXW-20250908-06495.000-P,PUT,980.0,-20.000000000000107,3,2940.0,217160.0,217100.0,217160.0,0.0,0.0,-60.0,
strict_exposure_ladder,412,2025-09-08,2025-09-08T14:07:00+00:00,2025-09-08T14:32:00+00:00,SPXW-20250908-06465.000-C,CALL,3170.0,380.00000000000006,2,6340.0,217100.0,217860.0,217860.0,0.003488,-60.0,760.0,
strict_exposure_ladder,413,2025-09-08,2025-09-08T14:36:00+00:00,2025-09-08T14:41:00+00:00,SPXW-20250908-06475.000-C,CALL,2540.0,230.00000000000009,3,7620.0,217860.0,218550.0,218550.0,0.003157,700.0,690.0,
strict_exposure_ladder,414,2025-09-08,2025-09-08T14:46:00+00:00,2025-09-08T15:11:00+00:00,SPXW-20250908-06490.000-C,CALL,1580.0,339.9999999999999,3,4740.0,218550.0,219570.0,219570.0,0.004645,1390.0,1020.0,
strict_exposure_ladder,415,2025-09-08,2025-09-08T18:15:00+00:00,2025-09-08T18:23:00+00:00,SPXW-20250908-06475.000-C,CALL,1600.0,450.0,3,4800.0,219570.0,220920.0,220920.0,0.006111,2410.0,1350.0,
strict_exposure_ladder,416,2025-09-09,2025-09-09T14:10:00+00:00,2025-09-09T14:13:00+00:00,SPXW-20250909-06485.000-C,CALL,2080.0,269.99999999999994,3,6240.0,220920.0,221730.0,221730.0,0.003653,0.0,810.0,
strict_exposure_ladder,417,2025-09-09,2025-09-09T14:35:00+00:00,2025-09-09T14:40:00+00:00,SPXW-20250909-06495.000-P,PUT,1410.0,-29.999999999999893,3,4230.0,221730.0,221640.0,221730.0,0.0,810.0,-90.0,
strict_exposure_ladder,418,2025-09-09,2025-09-09T15:15:00+00:00,2025-09-09T15:19:00+00:00,SPXW-20250909-06475.000-C,CALL,2100.0,130.00000000000006,3,6300.0,221640.0,222030.0,222030.0,0.001757,720.0,390.0,
strict_exposure_ladder,419,2025-09-10,2025-09-10T14:00:00+00:00,2025-09-10T14:08:00+00:00,SPXW-20250910-06535.000-C,CALL,1630.0,550.0,3,4890.0,222030.0,223680.0,223680.0,0.007377,0.0,1650.0,
strict_exposure_ladder,420,2025-09-10,2025-09-10T14:21:00+00:00,2025-09-10T14:46:00+00:00,SPXW-20250910-06535.000-C,CALL,2150.0,-469.99999999999994,3,6450.0,223680.0,222270.0,223680.0,0.0,1650.0,-1410.0,
strict_exposure_ladder,421,2025-09-10,2025-09-10T14:47:00+00:00,2025-09-10T15:12:00+00:00,SPXW-20250910-06530.000-C,CALL,2050.0,-519.9999999999999,3,6150.0,222270.0,220710.0,223680.0,0.006304,240.0,-1560.0,
strict_exposure_ladder,422,2025-09-11,2025-09-11T14:00:00+00:00,2025-09-11T14:09:00+00:00,SPXW-20250911-06545.000-C,CALL,2550.0,539.9999999999999,3,7650.0,220710.0,222330.0,223680.0,0.013278,0.0,1620.0,
strict_exposure_ladder,423,2025-09-11,2025-09-11T14:11:00+00:00,2025-09-11T14:14:00+00:00,SPXW-20250911-06540.000-C,CALL,3100.0,89.99999999999986,2,6200.0,222330.0,222510.0,223680.0,0.006035,1620.0,180.0,
strict_exposure_ladder,424,2025-09-11,2025-09-11T14:30:00+00:00,2025-09-11T14:35:00+00:00,SPXW-20250911-06540.000-C,CALL,3320.0000000000005,450.0,2,6640.000000000001,222510.0,223410.0,223680.0,0.005231,1800.0,900.0,
strict_exposure_ladder,425,2025-09-11,2025-09-11T14:39:00+00:00,2025-09-11T14:43:00+00:00,SPXW-20250911-06550.000-C,CALL,2970.0,180.00000000000006,2,5940.0,223410.0,223770.0,223770.0,0.001609,2700.0,360.0,
strict_exposure_ladder,426,2025-09-11,2025-09-11T15:25:00+00:00,2025-09-11T15:29:00+00:00,SPXW-20250911-06555.000-C,CALL,3080.0,19.99999999999993,2,6160.0,223770.0,223810.0,223810.0,0.000179,3060.0,40.0,
strict_exposure_ladder,427,2025-09-12,2025-09-12T14:02:00+00:00,2025-09-12T14:07:00+00:00,SPXW-20250912-06560.000-C,CALL,2930.0,189.99999999999983,2,5860.0,223810.0,224190.0,224190.0,0.001695,0.0,380.0,
strict_exposure_ladder,428,2025-09-12,2025-09-12T14:21:00+00:00,2025-09-12T14:25:00+00:00,SPXW-20250912-06565.000-C,CALL,2430.0,169.99999999999994,3,7290.0,224190.0,224700.0,224700.0,0.00227,380.0,510.0,
strict_exposure_ladder,429,2025-09-12,2025-09-12T14:28:00+00:00,2025-09-12T14:34:00+00:00,SPXW-20250912-06555.000-C,CALL,3450.0,100.0,2,6900.0,224700.0,224900.0,224900.0,0.000889,890.0,200.0,
strict_exposure_ladder,430,2025-09-12,2025-09-12T14:42:00+00:00,2025-09-12T14:48:00+00:00,SPXW-20250912-06565.000-C,CALL,2460.0,169.99999999999994,3,7380.0,224900.0,225410.0,225410.0,0.002263,1090.0,510.0,
strict_exposure_ladder,431,2025-09-12,2025-09-12T14:49:00+00:00,2025-09-12T15:14:00+00:00,SPXW-20250912-06575.000-C,CALL,1720.0,10.000000000000142,3,5160.0,225410.0,225440.0,225440.0,0.000133,1600.0,30.0,
strict_exposure_ladder,432,2025-09-15,2025-09-15T14:06:00+00:00,2025-09-15T14:09:00+00:00,SPXW-20250915-06580.000-C,CALL,3240.0,10.000000000000142,2,6480.0,225440.0,225460.0,225460.0,8.9e-05,0.0,20.0,
strict_exposure_ladder,433,2025-09-15,2025-09-15T14:39:00+00:00,2025-09-15T14:46:00+00:00,SPXW-20250915-06590.000-C,CALL,2510.0,359.9999999999998,3,7530.0,225460.0,226540.0,226540.0,0.004767,20.0,1080.0,
strict_exposure_ladder,434,2025-09-15,2025-09-15T17:39:00+00:00,2025-09-15T17:48:00+00:00,SPXW-20250915-06590.000-C,CALL,2100.0,100.0,3,6300.0,226540.0,226840.0,226840.0,0.001323,1100.0,300.0,
strict_exposure_ladder,435,2025-09-16,2025-09-16T14:17:00+00:00,2025-09-16T14:25:00+00:00,SPXW-20250916-06585.000-C,CALL,2720.0,110.00000000000014,2,5440.0,226840.0,227060.0,227060.0,0.000969,0.0,220.0,
strict_exposure_ladder,436,2025-09-16,2025-09-16T15:10:00+00:00,2025-09-16T15:35:00+00:00,SPXW-20250916-06580.000-C,CALL,2910.0,-460.0000000000001,2,5820.0,227060.0,226140.0,227060.0,0.0,220.0,-920.0,
strict_exposure_ladder,437,2025-09-17,2025-09-17T18:10:00+00:00,2025-09-17T18:11:00+00:00,SPXW-20250917-06635.000-P,PUT,3340.0,300.0,2,6680.0,226140.0,226740.0,227060.0,0.004052,0.0,600.0,
strict_exposure_ladder,438,2025-09-17,2025-09-17T18:13:00+00:00,2025-09-17T18:15:00+00:00,SPXW-20250917-06625.000-P,PUT,3240.0,1200.0,2,6480.0,226740.0,229140.0,229140.0,0.010474,600.0,2400.0,
strict_exposure_ladder,439,2025-09-17,2025-09-17T18:39:00+00:00,2025-09-17T18:40:00+00:00,SPXW-20250917-06600.000-P,PUT,2300.0,860.0000000000001,3,6900.0,229140.0,231720.0,231720.0,0.011134,3000.0,2580.0,
strict_exposure_ladder,440,2025-09-17,2025-09-17T18:42:00+00:00,2025-09-17T18:43:00+00:00,SPXW-20250917-06595.000-P,PUT,2430.0,539.9999999999999,3,7290.0,231720.0,233340.0,233340.0,0.006943,5580.0,1620.0,
strict_exposure_ladder,441,2025-09-17,2025-09-17T18:45:00+00:00,2025-09-17T18:46:00+00:00,SPXW-20250917-06590.000-P,PUT,2530.0,709.9999999999998,3,7590.0,233340.0,235470.0,235470.0,0.009046,7200.0,2130.0,
strict_exposure_ladder,442,2025-09-17,2025-09-17T18:48:00+00:00,2025-09-17T18:49:00+00:00,SPXW-20250917-06550.000-C,CALL,3160.0,469.99999999999955,2,6320.0,235470.0,236410.0,236410.0,0.003976,9330.0,940.0,
strict_exposure_ladder,443,2025-09-17,2025-09-17T19:01:00+00:00,2025-09-17T19:02:00+00:00,SPXW-20250917-06585.000-C,CALL,1590.0,670.0000000000001,3,4770.0,236410.0,238420.0,238420.0,0.008431,10270.0,2010.0,
strict_exposure_ladder,444,2025-09-17,2025-09-17T19:05:00+00:00,2025-09-17T19:06:00+00:00,SPXW-20250917-06570.000-C,CALL,3150.0,170.00000000000028,2,6300.0,238420.0,238760.0,238760.0,0.001424,12280.0,340.0,
strict_exposure_ladder,445,2025-09-18,2025-09-18T14:00:00+00:00,2025-09-18T14:04:00+00:00,SPXW-20250918-06605.000-C,CALL,2880.0,440.0000000000002,2,5760.0,238760.0,239640.0,239640.0,0.003672,0.0,880.0,
strict_exposure_ladder,446,2025-09-18,2025-09-18T14:06:00+00:00,2025-09-18T14:21:00+00:00,SPXW-20250918-06630.000-C,CALL,1680.0,769.9999999999999,3,5040.0,239640.0,241950.0,241950.0,0.009547,880.0,2310.0,
strict_exposure_ladder,447,2025-09-18,2025-09-18T14:25:00+00:00,2025-09-18T14:31:00+00:00,SPXW-20250918-06625.000-C,CALL,2810.0,469.99999999999955,2,5620.0,241950.0,242890.0,242890.0,0.00387,3190.0,940.0,
strict_exposure_ladder,448,2025-09-18,2025-09-18T14:46:00+00:00,2025-09-18T15:11:00+00:00,SPXW-20250918-06630.000-C,CALL,1789.9999999999998,-429.9999999999999,3,5369.999999999999,242890.0,241600.0,242890.0,0.0,4130.0,-1290.0,
strict_exposure_ladder,449,2025-09-18,2025-09-18T15:11:00+00:00,2025-09-18T15:13:00+00:00,SPXW-20250918-06620.000-C,CALL,2110.0,89.99999999999986,3,6330.0,241600.0,241870.0,242890.0,0.005311,2840.0,270.0,
strict_exposure_ladder,450,2025-09-18,2025-09-18T15:24:00+00:00,2025-09-18T15:27:00+00:00,SPXW-20250918-06610.000-C,CALL,3370.0000000000005,229.99999999999972,2,6740.000000000001,241870.0,242330.0,242890.0,0.004199,3110.0,460.0,
strict_exposure_ladder,451,2025-09-19,2025-09-19T14:01:00+00:00,2025-09-19T14:07:00+00:00,SPXW-20250919-06615.000-C,CALL,3450.0,179.99999999999972,2,6900.0,242330.0,242690.0,242890.0,0.002306,0.0,360.0,
strict_exposure_ladder,452,2025-09-19,2025-09-19T14:29:00+00:00,2025-09-19T14:33:00+00:00,SPXW-20250919-06670.000-P,PUT,2470.0,50.0,3,7410.0,242690.0,242840.0,242890.0,0.000823,360.0,150.0,
strict_exposure_ladder,453,2025-09-19,2025-09-19T17:30:00+00:00,2025-09-19T17:34:00+00:00,SPXW-20250919-06620.000-C,CALL,3240.0,230.00000000000043,2,6480.0,242840.0,243300.0,243300.0,0.001891,510.0,460.0,
strict_exposure_ladder,454,2025-09-19,2025-09-19T17:59:00+00:00,2025-09-19T18:22:00+00:00,SPXW-20250919-06635.000-C,CALL,1880.0,59.99999999999979,3,5640.0,243300.0,243480.0,243480.0,0.000739,970.0,180.0,
strict_exposure_ladder,455,2025-09-22,2025-09-22T14:01:00+00:00,2025-09-22T14:26:00+00:00,SPXW-20250922-06650.000-C,CALL,1250.0,269.99999999999994,3,3750.0,243480.0,244290.0,244290.0,0.003316,0.0,810.0,
strict_exposure_ladder,456,2025-09-22,2025-09-22T14:29:00+00:00,2025-09-22T14:54:00+00:00,SPXW-20250922-06655.000-C,CALL,1370.0,869.9999999999999,3,4110.0,244290.0,246900.0,246900.0,0.010571,810.0,2610.0,
strict_exposure_ladder,457,2025-09-22,2025-09-22T15:06:00+00:00,2025-09-22T15:11:00+00:00,SPXW-20250922-06645.000-C,CALL,3100.0,170.00000000000028,2,6200.0,246900.0,247240.0,247240.0,0.001375,3420.0,340.0,
strict_exposure_ladder,458,2025-09-23,2025-09-23T14:09:00+00:00,2025-09-23T14:15:00+00:00,SPXW-20250923-06680.000-C,CALL,1840.0,120.00000000000028,3,5520.0,247240.0,247600.0,247600.0,0.001454,0.0,360.0,
strict_exposure_ladder,459,2025-09-23,2025-09-23T14:56:00+00:00,2025-09-23T14:58:00+00:00,SPXW-20250923-06710.000-P,PUT,1850.0,180.00000000000006,3,5550.0,247600.0,248140.0,248140.0,0.002176,360.0,540.0,
strict_exposure_ladder,460,2025-09-23,2025-09-23T17:30:00+00:00,2025-09-23T17:32:00+00:00,SPXW-20250923-06690.000-P,PUT,2750.0,180.00000000000006,2,5500.0,248140.0,248500.0,248500.0,0.001449,900.0,360.0,
strict_exposure_ladder,461,2025-09-23,2025-09-23T17:37:00+00:00,2025-09-23T17:42:00+00:00,SPXW-20250923-06665.000-P,PUT,1350.0,639.9999999999999,3,4050.0,248500.0,250420.0,250420.0,0.007667,1260.0,1920.0,
strict_exposure_ladder,462,2025-09-23,2025-09-23T17:48:00+00:00,2025-09-23T17:51:00+00:00,SPXW-20250923-06640.000-C,CALL,1800.0,310.0000000000001,3,5400.0,250420.0,251350.0,251350.0,0.0037,3180.0,930.0,
strict_exposure_ladder,463,2025-09-23,2025-09-23T17:56:00+00:00,2025-09-23T17:57:00+00:00,SPXW-20250923-06670.000-P,PUT,1620.0,40.00000000000021,3,4860.0,251350.0,251470.0,251470.0,0.000477,4110.0,120.0,
strict_exposure_ladder,464,2025-09-23,2025-09-23T18:33:00+00:00,2025-09-23T18:37:00+00:00,SPXW-20250923-06625.000-C,CALL,3270.0000000000005,109.99999999999945,2,6540.000000000001,251470.0,251690.0,251690.0,0.000874,4230.0,220.0,
strict_exposure_ladder,465,2025-09-24,2025-09-24T14:05:00+00:00,2025-09-24T14:06:00+00:00,SPXW-20250924-06665.000-P,PUT,1240.0,209.99999999999997,3,3720.0,251690.0,252320.0,252320.0,0.002497,0.0,630.0,
strict_exposure_ladder,466,2025-09-24,2025-09-24T14:49:00+00:00,2025-09-24T14:54:00+00:00,SPXW-20250924-06635.000-C,CALL,2760.0,-100.0,2,5520.0,252320.0,252120.0,252320.0,0.0,630.0,-200.0,
strict_exposure_ladder,467,2025-09-24,2025-09-24T17:30:00+00:00,2025-09-24T17:36:00+00:00,SPXW-20250924-06625.000-C,CALL,1650.0,89.99999999999986,3,4950.0,252120.0,252390.0,252390.0,0.00107,430.0,270.0,
strict_exposure_ladder,468,2025-09-25,2025-09-25T14:00:00+00:00,2025-09-25T14:10:00+00:00,SPXW-20250925-06610.000-P,PUT,3210.0,-1610.0000000000002,2,6420.0,252390.0,249170.0,252390.0,0.0,0.0,-3220.0,
strict_exposure_ladder,469,2025-09-25,2025-09-25T14:15:00+00:00,2025-09-25T14:24:00+00:00,SPXW-20250925-06585.000-C,CALL,2680.0,590.0000000000002,0,0.0,249170.0,249170.0,252390.0,0.012758,-3220.0,0.0,daily_loss_stop
strict_exposure_ladder,470,2025-09-25,2025-09-25T14:25:00+00:00,2025-09-25T14:40:00+00:00,SPXW-20250925-06585.000-C,CALL,3450.0,-179.99999999999972,0,0.0,249170.0,249170.0,252390.0,0.012758,-3220.0,-0.0,daily_loss_stop
strict_exposure_ladder,471,2025-09-26,2025-09-26T14:03:00+00:00,2025-09-26T14:04:00+00:00,SPXW-20250926-06645.000-P,PUT,1400.0,239.99999999999983,3,4200.0,249170.0,249890.0,252390.0,0.012758,0.0,720.0,
strict_exposure_ladder,472,2025-09-26,2025-09-26T14:07:00+00:00,2025-09-26T14:09:00+00:00,SPXW-20250926-06650.000-P,PUT,2540.0,340.0000000000002,3,7620.0,249890.0,250910.0,252390.0,0.009905,720.0,1020.0,
strict_exposure_ladder,473,2025-09-26,2025-09-26T14:13:00+00:00,2025-09-26T14:14:00+00:00,SPXW-20250926-06640.000-P,PUT,2170.0,390.0000000000002,3,6510.0,250910.0,252080.0,252390.0,0.005864,1740.0,1170.0,
strict_exposure_ladder,474,2025-09-26,2025-09-26T14:16:00+00:00,2025-09-26T14:18:00+00:00,SPXW-20250926-06590.000-C,CALL,3360.0,339.9999999999999,2,6720.0,252080.0,252760.0,252760.0,0.00269,2910.0,680.0,
strict_exposure_ladder,475,2025-09-26,2025-09-26T14:30:00+00:00,2025-09-26T14:31:00+00:00,SPXW-20250926-06625.000-P,PUT,2010.0,219.99999999999991,3,6030.0,252760.0,253420.0,253420.0,0.002604,3590.0,660.0,
strict_exposure_ladder,476,2025-09-26,2025-09-26T14:38:00+00:00,2025-09-26T14:43:00+00:00,SPXW-20250926-06590.000-C,CALL,2930.0,849.9999999999997,2,5860.0,253420.0,255120.0,255120.0,0.006664,4250.0,1700.0,
strict_exposure_ladder,477,2025-09-26,2025-09-26T14:44:00+00:00,2025-09-26T14:51:00+00:00,SPXW-20250926-06655.000-P,PUT,3400.0,1389.9999999999998,2,6800.0,255120.0,257900.0,257900.0,0.010779,5950.0,2780.0,
strict_exposure_ladder,478,2025-09-26,2025-09-26T15:19:00+00:00,2025-09-26T15:23:00+00:00,SPXW-20250926-06585.000-C,CALL,3370.0000000000005,79.99999999999972,2,6740.000000000001,257900.0,258060.0,258060.0,0.00062,8730.0,160.0,
strict_exposure_ladder,479,2025-09-26,2025-09-26T15:25:00+00:00,2025-09-26T15:28:00+00:00,SPXW-20250926-06595.000-C,CALL,2540.0,480.00000000000006,3,7620.0,258060.0,259500.0,259500.0,0.005549,8890.0,1440.0,
strict_exposure_ladder,480,2025-09-29,2025-09-29T14:06:00+00:00,2025-09-29T14:09:00+00:00,SPXW-20250929-06645.000-C,CALL,2610.0,429.9999999999997,3,7830.0,259500.0,260790.0,260790.0,0.004947,0.0,1290.0,
strict_exposure_ladder,481,2025-09-29,2025-09-29T14:09:00+00:00,2025-09-29T14:34:00+00:00,SPXW-20250929-06665.000-C,CALL,1400.0,-50.0,3,4200.0,260790.0,260640.0,260790.0,0.0,1290.0,-150.0,
strict_exposure_ladder,482,2025-09-30,2025-09-30T14:02:00+00:00,2025-09-30T14:05:00+00:00,SPXW-20250930-06630.000-C,CALL,3100.0,0.0,2,6200.0,260640.0,260640.0,260790.0,0.000575,0.0,0.0,
strict_exposure_ladder,483,2025-09-30,2025-09-30T14:28:00+00:00,2025-09-30T14:29:00+00:00,SPXW-20250930-06670.000-P,PUT,2010.0,89.99999999999986,3,6030.0,260640.0,260910.0,260910.0,0.001035,0.0,270.0,
strict_exposure_ladder,484,2025-09-30,2025-09-30T14:30:00+00:00,2025-09-30T14:32:00+00:00,SPXW-20250930-06625.000-C,CALL,3200.0,150.0,2,6400.0,260910.0,261210.0,261210.0,0.001149,270.0,300.0,
strict_exposure_ladder,485,2025-09-30,2025-09-30T14:48:00+00:00,2025-09-30T14:56:00+00:00,SPXW-20250930-06635.000-C,CALL,2260.0,379.9999999999997,3,6780.0,261210.0,262350.0,262350.0,0.004345,570.0,1140.0,
strict_exposure_ladder,486,2025-10-01,2025-10-01T14:01:00+00:00,2025-10-01T14:10:00+00:00,SPXW-20251001-06695.000-P,PUT,3160.0,-340.0000000000002,2,6320.0,262350.0,261670.0,262350.0,0.0,0.0,-680.0,
strict_exposure_ladder,487,2025-10-01,2025-10-01T14:26:00+00:00,2025-10-01T14:33:00+00:00,SPXW-20251001-06650.000-C,CALL,3300.0,-79.99999999999972,2,6600.0,261670.0,261510.0,262350.0,0.002592,-680.0,-160.0,
strict_exposure_ladder,488,2025-10-02,2025-10-02T14:00:00+00:00,2025-10-02T14:12:00+00:00,SPXW-20251002-06735.000-P,PUT,1930.0,669.9999999999999,3,5790.0,261510.0,263520.0,263520.0,0.007628,0.0,2010.0,
strict_exposure_ladder,489,2025-10-02,2025-10-02T14:44:00+00:00,2025-10-02T14:52:00+00:00,SPXW-20251002-06725.000-P,PUT,1880.0,439.9999999999999,3,5640.0,263520.0,264840.0,264840.0,0.004984,2010.0,1320.0,
strict_exposure_ladder,490,2025-10-02,2025-10-02T17:34:00+00:00,2025-10-02T17:36:00+00:00,SPXW-20251002-06685.000-C,CALL,2720.0,-30.00000000000007,2,5440.0,264840.0,264780.0,264840.0,0.0,3330.0,-60.0,
strict_exposure_ladder,491,2025-10-02,2025-10-02T17:39:00+00:00,2025-10-02T17:45:00+00:00,SPXW-20251002-06690.000-C,CALL,2210.0,200.0,3,6630.0,264780.0,265380.0,265380.0,0.002261,3270.0,600.0,
strict_exposure_ladder,492,2025-10-03,2025-10-03T14:00:00+00:00,2025-10-03T14:12:00+00:00,SPXW-20251003-06740.000-P,PUT,1430.0,59.999999999999964,3,4290.0,265380.0,265560.0,265560.0,0.000678,0.0,180.0,
strict_exposure_ladder,493,2025-10-03,2025-10-03T14:25:00+00:00,2025-10-03T14:32:00+00:00,SPXW-20251003-06705.000-C,CALL,3220.0000000000005,459.99999999999943,2,6440.000000000001,265560.0,266480.0,266480.0,0.003452,180.0,920.0,
strict_exposure_ladder,494,2025-10-03,2025-10-03T17:44:00+00:00,2025-10-03T17:54:00+00:00,SPXW-20251003-06735.000-P,PUT,1210.0,1360.0,3,3630.0,266480.0,270560.0,270560.0,0.01508,1100.0,4080.0,
strict_exposure_ladder,495,2025-10-06,2025-10-06T14:01:00+00:00,2025-10-06T14:06:00+00:00,SPXW-20251006-06720.000-P,PUT,680.0,170.00000000000003,3,2040.0,270560.0,271070.0,271070.0,0.001881,0.0,510.0,
strict_exposure_ladder,496,2025-10-06,2025-10-06T14:15:00+00:00,2025-10-06T14:21:00+00:00,SPXW-20251006-06700.000-C,CALL,2940.0,40.00000000000021,2,5880.0,271070.0,271150.0,271150.0,0.000295,510.0,80.0,
strict_exposure_ladder,497,2025-10-06,2025-10-06T14:32:00+00:00,2025-10-06T14:40:00+00:00,SPXW-20251006-06695.000-C,CALL,3510.0,250.0,2,7020.0,271150.0,271650.0,271650.0,0.001841,590.0,500.0,
strict_exposure_ladder,498,2025-10-06,2025-10-06T14:43:00+00:00,2025-10-06T14:53:00+00:00,SPXW-20251006-06720.000-C,CALL,1390.0,79.99999999999989,3,4170.0,271650.0,271890.0,271890.0,0.000883,1090.0,240.0,
strict_exposure_ladder,499,2025-10-06,2025-10-06T14:56:00+00:00,2025-10-06T15:05:00+00:00,SPXW-20251006-06705.000-C,CALL,2680.0,319.99999999999994,2,5360.0,271890.0,272530.0,272530.0,0.002348,1330.0,640.0,
strict_exposure_ladder,500,2025-10-06,2025-10-06T15:24:00+00:00,2025-10-06T15:29:00+00:00,SPXW-20251006-06705.000-C,CALL,3080.0,199.9999999999997,2,6160.0,272530.0,272930.0,272930.0,0.001466,1970.0,400.0,
strict_exposure_ladder,501,2025-10-06,2025-10-06T17:33:00+00:00,2025-10-06T17:40:00+00:00,SPXW-20251006-06720.000-C,CALL,2520.0,40.00000000000021,3,7560.0,272930.0,273050.0,273050.0,0.000439,2370.0,120.0,
strict_exposure_ladder,502,2025-10-07,2025-10-07T14:01:00+00:00,2025-10-07T14:15:00+00:00,SPXW-20251007-06760.000-P,PUT,1670.0,150.0,3,5010.0,273050.0,273500.0,273500.0,0.001645,0.0,450.0,
strict_exposure_ladder,503,2025-10-07,2025-10-07T14:29:00+00:00,2025-10-07T14:46:00+00:00,SPXW-20251007-06745.000-P,PUT,1180.0,329.9999999999999,3,3540.0,273500.0,274490.0,274490.0,0.003607,450.0,990.0,
strict_exposure_ladder,504,2025-10-07,2025-10-07T15:06:00+00:00,2025-10-07T15:17:00+00:00,SPXW-20251007-06720.000-P,PUT,790.0,179.9999999999999,3,2370.0,274490.0,275030.0,275030.0,0.001963,1440.0,540.0,
strict_exposure_ladder,505,2025-10-08,2025-10-08T14:00:00+00:00,2025-10-08T14:09:00+00:00,SPXW-20251008-06695.000-C,CALL,3460.0,1129.9999999999998,2,6920.0,275030.0,277290.0,277290.0,0.00815,0.0,2260.0,
strict_exposure_ladder,506,2025-10-08,2025-10-08T14:25:00+00:00,2025-10-08T14:31:00+00:00,SPXW-20251008-06710.000-C,CALL,3210.0,250.0,2,6420.0,277290.0,277790.0,277790.0,0.0018,2260.0,500.0,
strict_exposure_ladder,507,2025-10-08,2025-10-08T14:36:00+00:00,2025-10-08T14:46:00+00:00,SPXW-20251008-06715.000-C,CALL,2920.0,-80.00000000000007,2,5840.0,277790.0,277630.0,277790.0,0.0,2760.0,-160.0,
strict_exposure_ladder,508,2025-10-08,2025-10-08T18:46:00+00:00,2025-10-08T18:49:00+00:00,SPXW-20251008-06735.000-C,CALL,1390.0,9.999999999999964,3,4170.0,277630.0,277660.0,277790.0,0.000576,2600.0,30.0,
strict_exposure_ladder,509,2025-10-09,2025-10-09T14:00:00+00:00,2025-10-09T14:11:00+00:00,SPXW-20251009-06765.000-P,PUT,2420.0,-59.99999999999979,3,7260.0,277660.0,277480.0,277790.0,0.000468,0.0,-180.0,
strict_exposure_ladder,510,2025-10-09,2025-10-09T14:25:00+00:00,2025-10-09T14:33:00+00:00,SPXW-20251009-06755.000-P,PUT,1850.0,600.0,3,5550.0,277480.0,279280.0,279280.0,0.006445,-180.0,1800.0,
strict_exposure_ladder,511,2025-10-09,2025-10-09T15:15:00+00:00,2025-10-09T15:23:00+00:00,SPXW-20251009-06705.000-C,CALL,3500.0,-129.99999999999972,2,7000.0,279280.0,279020.0,279280.0,0.0,1620.0,-260.0,
strict_exposure_ladder,512,2025-10-10,2025-10-10T14:01:00+00:00,2025-10-10T14:07:00+00:00,SPXW-20251010-06750.000-P,PUT,819.9999999999999,180.00000000000006,3,2459.9999999999995,279020.0,279560.0,279560.0,0.001932,0.0,540.0,
strict_exposure_ladder,513,2025-10-10,2025-10-10T14:26:00+00:00,2025-10-10T14:33:00+00:00,SPXW-20251010-06730.000-C,CALL,2600.0,-260.0000000000001,3,7800.0,279560.0,278780.0,279560.0,0.0,540.0,-780.0,
strict_exposure_ladder,514,2025-10-10,2025-10-10T14:40:00+00:00,2025-10-10T14:44:00+00:00,SPXW-20251010-06750.000-P,PUT,920.0,110.00000000000014,3,2760.0,278780.0,279110.0,279560.0,0.00279,-240.0,330.0,
strict_exposure_ladder,515,2025-10-10,2025-10-10T14:57:00+00:00,2025-10-10T14:58:00+00:00,SPXW-20251010-06735.000-P,PUT,330.0,700.0000000000001,3,990.0,279110.0,281210.0,281210.0,0.007468,90.0,2100.0,
strict_exposure_ladder,516,2025-10-13,2025-10-13T14:00:00+00:00,2025-10-13T14:02:00+00:00,SPXW-20251013-06630.000-C,CALL,3150.0,-119.99999999999991,2,6300.0,281210.0,280970.0,281210.0,0.0,0.0,-240.0,
strict_exposure_ladder,517,2025-10-13,2025-10-13T14:03:00+00:00,2025-10-13T14:07:00+00:00,SPXW-20251013-06630.000-C,CALL,2700.0,339.9999999999999,2,5400.0,280970.0,281650.0,281650.0,0.002414,-240.0,680.0,
strict_exposure_ladder,518,2025-10-13,2025-10-13T14:25:00+00:00,2025-10-13T14:28:00+00:00,SPXW-20251013-06650.000-P,PUT,2490.0,670.0000000000002,3,7470.0,281650.0,283660.0,283660.0,0.007086,440.0,2010.0,
strict_exposure_ladder,519,2025-10-13,2025-10-13T14:28:00+00:00,2025-10-13T14:41:00+00:00,SPXW-20251013-06615.000-C,CALL,2580.0,1149.9999999999995,3,7740.0,283660.0,287110.0,287110.0,0.012016,2450.0,3450.0,
strict_exposure_ladder,520,2025-10-14,2025-10-14T14:04:00+00:00,2025-10-14T14:09:00+00:00,SPXW-20251014-06570.000-C,CALL,3410.0,560.0000000000001,2,6820.0,287110.0,288230.0,288230.0,0.003886,0.0,1120.0,
strict_exposure_ladder,521,2025-10-14,2025-10-14T14:09:00+00:00,2025-10-14T14:16:00+00:00,SPXW-20251014-06620.000-P,PUT,3220.0000000000005,-230.00000000000043,2,6440.000000000001,288230.0,287770.0,288230.0,0.0,1120.0,-460.0,
strict_exposure_ladder,522,2025-10-14,2025-10-14T14:32:00+00:00,2025-10-14T14:42:00+00:00,SPXW-20251014-06590.000-C,CALL,3440.0,680.0000000000005,2,6880.0,287770.0,289130.0,289130.0,0.004704,660.0,1360.0,
strict_exposure_ladder,523,2025-10-14,2025-10-14T14:54:00+00:00,2025-10-14T15:02:00+00:00,SPXW-20251014-06595.000-C,CALL,3200.0,450.0,2,6400.0,289130.0,290030.0,290030.0,0.003103,2020.0,900.0,
strict_exposure_ladder,524,2025-10-14,2025-10-14T15:10:00+00:00,2025-10-14T15:13:00+00:00,SPXW-20251014-06600.000-C,CALL,3270.0000000000005,69.99999999999957,2,6540.000000000001,290030.0,290170.0,290170.0,0.000482,2920.0,140.0,
strict_exposure_ladder,525,2025-10-14,2025-10-14T17:30:00+00:00,2025-10-14T17:35:00+00:00,SPXW-20251014-06655.000-C,CALL,2420.0,-539.9999999999999,3,7260.0,290170.0,288550.0,290170.0,0.0,3060.0,-1620.0,
strict_exposure_ladder,526,2025-10-14,2025-10-14T18:18:00+00:00,2025-10-14T18:21:00+00:00,SPXW-20251014-06650.000-C,CALL,2530.0,-160.00000000000014,3,7590.0,288550.0,288070.0,290170.0,0.005583,1440.0,-480.0,
strict_exposure_ladder,527,2025-10-14,2025-10-14T18:22:00+00:00,2025-10-14T18:29:00+00:00,SPXW-20251014-06660.000-C,CALL,1300.0,430.00000000000006,3,3900.0,288070.0,289360.0,290170.0,0.007237,960.0,1290.0,
strict_exposure_ladder,528,2025-10-15,2025-10-15T14:00:00+00:00,2025-10-15T14:11:00+00:00,SPXW-20251015-06680.000-C,CALL,3340.0,1339.9999999999998,2,6680.0,289360.0,292040.0,292040.0,0.009177,0.0,2680.0,
strict_exposure_ladder,529,2025-10-15,2025-10-15T14:15:00+00:00,2025-10-15T14:29:00+00:00,SPXW-20251015-06700.000-C,CALL,2540.0,110.00000000000014,3,7620.0,292040.0,292370.0,292370.0,0.001129,2680.0,330.0,
strict_exposure_ladder,530,2025-10-15,2025-10-15T14:30:00+00:00,2025-10-15T14:37:00+00:00,SPXW-20251015-06695.000-C,CALL,2980.0,-130.00000000000006,2,5960.0,292370.0,292110.0,292370.0,0.0,3010.0,-260.0,
strict_exposure_ladder,531,2025-10-15,2025-10-15T14:42:00+00:00,2025-10-15T14:49:00+00:00,SPXW-20251015-06695.000-C,CALL,2370.0,-9.999999999999789,3,7110.0,292110.0,292080.0,292370.0,0.000889,2750.0,-30.0,
strict_exposure_ladder,532,2025-10-15,2025-10-15T14:51:00+00:00,2025-10-15T15:00:00+00:00,SPXW-20251015-06700.000-C,CALL,1860.0,139.99999999999986,3,5580.0,292080.0,292500.0,292500.0,0.001436,2720.0,420.0,
strict_exposure_ladder,533,2025-10-15,2025-10-15T15:13:00+00:00,2025-10-15T15:16:00+00:00,SPXW-20251015-06685.000-C,CALL,2470.0,169.99999999999994,3,7410.0,292500.0,293010.0,293010.0,0.001741,3140.0,510.0,
strict_exposure_ladder,534,2025-10-15,2025-10-15T15:17:00+00:00,2025-10-15T15:24:00+00:00,SPXW-20251015-06680.000-C,CALL,2740.0,110.00000000000014,2,5480.0,293010.0,293230.0,293230.0,0.00075,3650.0,220.0,
strict_exposure_ladder,535,2025-10-15,2025-10-15T17:33:00+00:00,2025-10-15T17:38:00+00:00,SPXW-20251015-06615.000-C,CALL,2700.0,900.0,2,5400.0,293230.0,295030.0,295030.0,0.006101,3870.0,1800.0,
strict_exposure_ladder,536,2025-10-15,2025-10-15T17:45:00+00:00,2025-10-15T17:51:00+00:00,SPXW-20251015-06630.000-C,CALL,2760.0,829.9999999999998,2,5520.0,295030.0,296690.0,296690.0,0.005595,5670.0,1660.0,
strict_exposure_ladder,537,2025-10-16,2025-10-16T14:00:00+00:00,2025-10-16T14:08:00+00:00,SPXW-20251016-06715.000-P,PUT,3379.9999999999995,270.0000000000003,2,6759.999999999999,296690.0,297230.0,297230.0,0.001817,0.0,540.0,
strict_exposure_ladder,538,2025-10-16,2025-10-16T14:25:00+00:00,2025-10-16T14:30:00+00:00,SPXW-20251016-06670.000-C,CALL,3210.0,-20.000000000000284,2,6420.0,297230.0,297190.0,297230.0,0.0,540.0,-40.0,
strict_exposure_ladder,539,2025-10-16,2025-10-16T14:37:00+00:00,2025-10-16T14:46:00+00:00,SPXW-20251016-06675.000-C,CALL,3229.9999999999995,570.0000000000002,2,6459.999999999999,297190.0,298330.0,298330.0,0.003821,500.0,1140.0,
strict_exposure_ladder,540,2025-10-17,2025-10-17T14:00:00+00:00,2025-10-17T14:07:00+00:00,SPXW-20251017-06640.000-P,PUT,3310.0,-390.0000000000002,2,6620.0,298330.0,297550.0,298330.0,0.0,0.0,-780.0,
strict_exposure_ladder,541,2025-10-17,2025-10-17T14:11:00+00:00,2025-10-17T14:17:00+00:00,SPXW-20251017-06625.000-C,CALL,3080.0,1299.9999999999995,0,0.0,297550.0,297550.0,298330.0,0.002615,-780.0,0.0,daily_loss_stop
strict_exposure_ladder,542,2025-10-17,2025-10-17T14:44:00+00:00,2025-10-17T14:50:00+00:00,SPXW-20251017-06650.000-P,PUT,3340.0,-60.00000000000014,0,0.0,297550.0,297550.0,298330.0,0.002615,-780.0,-0.0,daily_loss_stop
strict_exposure_ladder,543,2025-10-17,2025-10-17T14:52:00+00:00,2025-10-17T15:01:00+00:00,SPXW-20251017-06650.000-P,PUT,3310.0,929.9999999999998,0,0.0,297550.0,297550.0,298330.0,0.002615,-780.0,0.0,daily_loss_stop
strict_exposure_ladder,544,2025-10-17,2025-10-17T15:11:00+00:00,2025-10-17T15:17:00+00:00,SPXW-20251017-06645.000-P,PUT,3110.0,789.9999999999999,0,0.0,297550.0,297550.0,298330.0,0.002615,-780.0,0.0,daily_loss_stop
strict_exposure_ladder,545,2025-10-17,2025-10-17T17:32:00+00:00,2025-10-17T17:35:00+00:00,SPXW-20251017-06615.000-C,CALL,2800.0,470.0000000000003,0,0.0,297550.0,297550.0,298330.0,0.002615,-780.0,0.0,daily_loss_stop
strict_exposure_ladder,546,2025-10-17,2025-10-17T17:58:00+00:00,2025-10-17T18:01:00+00:00,SPXW-20251017-06630.000-C,CALL,2350.0,469.99999999999994,0,0.0,297550.0,297550.0,298330.0,0.002615,-780.0,0.0,daily_loss_stop
strict_exposure_ladder,547,2025-10-20,2025-10-20T14:00:00+00:00,2025-10-20T14:13:00+00:00,SPXW-20251020-06685.000-C,CALL,3110.0,719.9999999999995,2,6220.0,297550.0,298990.0,298990.0,0.004816,0.0,1440.0,
strict_exposure_ladder,548,2025-10-20,2025-10-20T14:25:00+00:00,2025-10-20T14:33:00+00:00,SPXW-20251020-06690.000-C,CALL,3410.0,289.9999999999999,2,6820.0,298990.0,299570.0,299570.0,0.001936,1440.0,580.0,
strict_exposure_ladder,549,2025-10-20,2025-10-20T14:35:00+00:00,2025-10-20T14:42:00+00:00,SPXW-20251020-06700.000-C,CALL,2660.0,660.0000000000001,3,7980.0,299570.0,301550.0,301550.0,0.006566,2020.0,1980.0,
strict_exposure_ladder,550,2025-10-20,2025-10-20T17:38:00+00:00,2025-10-20T17:43:00+00:00,SPXW-20251020-06730.000-C,CALL,1330.0,150.0,3,3990.0,301550.0,302000.0,302000.0,0.00149,4000.0,450.0,
strict_exposure_ladder,551,2025-10-21,2025-10-21T14:00:00+00:00,2025-10-21T14:10:00+00:00,SPXW-20251021-06750.000-P,PUT,2570.0,-100.0,3,7710.0,302000.0,301700.0,302000.0,0.0,0.0,-300.0,
strict_exposure_ladder,552,2025-10-21,2025-10-21T14:25:00+00:00,2025-10-21T14:33:00+00:00,SPXW-20251021-06765.000-P,PUT,2880.0,1149.9999999999995,2,5760.0,301700.0,304000.0,304000.0,0.007566,-300.0,2300.0,
strict_exposure_ladder,553,2025-10-22,2025-10-22T14:01:00+00:00,2025-10-22T14:09:00+00:00,SPXW-20251022-06710.000-C,CALL,3070.0,90.00000000000021,2,6140.0,304000.0,304180.0,304180.0,0.000592,0.0,180.0,
strict_exposure_ladder,554,2025-10-22,2025-10-22T14:10:00+00:00,2025-10-22T14:19:00+00:00,SPXW-20251022-06740.000-P,PUT,1410.0,40.000000000000036,3,4230.0,304180.0,304300.0,304300.0,0.000394,180.0,120.0,
strict_exposure_ladder,555,2025-10-22,2025-10-22T14:26:00+00:00,2025-10-22T14:36:00+00:00,SPXW-20251022-06730.000-P,PUT,1230.0,1089.9999999999998,3,3690.0,304300.0,307570.0,307570.0,0.010632,300.0,3270.0,
strict_exposure_ladder,556,2025-10-22,2025-10-22T14:38:00+00:00,2025-10-22T14:45:00+00:00,SPXW-20251022-06735.000-P,PUT,2310.0,689.9999999999999,3,6930.0,307570.0,309640.0,309640.0,0.006685,3570.0,2070.0,
strict_exposure_ladder,557,2025-10-23,2025-10-23T14:00:00+00:00,2025-10-23T14:12:00+00:00,SPXW-20251023-06740.000-P,PUT,2330.0,750.0,3,6990.0,309640.0,311890.0,311890.0,0.007214,0.0,2250.0,
strict_exposure_ladder,558,2025-10-23,2025-10-23T14:12:00+00:00,2025-10-23T14:19:00+00:00,SPXW-20251023-06700.000-C,CALL,2200.0,-250.0,3,6600.0,311890.0,311140.0,311890.0,0.0,2250.0,-750.0,
strict_exposure_ladder,559,2025-10-23,2025-10-23T14:26:00+00:00,2025-10-23T14:39:00+00:00,SPXW-20251023-06690.000-C,CALL,3170.0,519.9999999999999,2,6340.0,311140.0,312180.0,312180.0,0.003331,1500.0,1040.0,
strict_exposure_ladder,560,2025-10-23,2025-10-23T14:44:00+00:00,2025-10-23T14:50:00+00:00,SPXW-20251023-06695.000-C,CALL,3030.0,430.00000000000006,2,6060.0,312180.0,313040.0,313040.0,0.002747,2540.0,860.0,
strict_exposure_ladder,561,2025-10-24,2025-10-24T14:01:00+00:00,2025-10-24T14:11:00+00:00,SPXW-20251024-06785.000-C,CALL,2000.0,239.99999999999983,3,6000.0,313040.0,313760.0,313760.0,0.002295,0.0,720.0,
strict_exposure_ladder,562,2025-10-24,2025-10-24T14:12:00+00:00,2025-10-24T14:20:00+00:00,SPXW-20251024-06775.000-C,CALL,2910.0,-170.00000000000028,2,5820.0,313760.0,313420.0,313760.0,0.0,720.0,-340.0,
strict_exposure_ladder,563,2025-10-24,2025-10-24T14:26:00+00:00,2025-10-24T14:32:00+00:00,SPXW-20251024-06805.000-P,PUT,1730.0,469.99999999999994,3,5190.0,313420.0,314830.0,314830.0,0.004479,380.0,1410.0,
strict_exposure_ladder,564,2025-10-24,2025-10-24T14:32:00+00:00,2025-10-24T14:41:00+00:00,SPXW-20251024-06765.000-C,CALL,2790.0,539.9999999999999,2,5580.0,314830.0,315910.0,315910.0,0.003419,1790.0,1080.0,
strict_exposure_ladder,565,2025-10-27,2025-10-27T14:01:00+00:00,2025-10-27T14:09:00+00:00,SPXW-20251027-06820.000-C,CALL,3470.0000000000005,439.9999999999999,2,6940.000000000001,315910.0,316790.0,316790.0,0.002778,0.0,880.0,
strict_exposure_ladder,566,2025-10-27,2025-10-27T14:11:00+00:00,2025-10-27T14:19:00+00:00,SPXW-20251027-06835.000-C,CALL,2340.0,-309.9999999999998,3,7020.0,316790.0,315860.0,316790.0,0.0,880.0,-930.0,
strict_exposure_ladder,567,2025-10-27,2025-10-27T14:28:00+00:00,2025-10-27T14:32:00+00:00,SPXW-20251027-06820.000-C,CALL,3170.0,159.99999999999977,2,6340.0,315860.0,316180.0,316790.0,0.002936,-50.0,320.0,
strict_exposure_ladder,568,2025-10-27,2025-10-27T14:33:00+00:00,2025-10-27T14:37:00+00:00,SPXW-20251027-06820.000-C,CALL,3400.0,250.0,2,6800.0,316180.0,316680.0,316790.0,0.001926,270.0,500.0,
strict_exposure_ladder,569,2025-10-27,2025-10-27T14:38:00+00:00,2025-10-27T14:46:00+00:00,SPXW-20251027-06835.000-C,CALL,2220.0,90.00000000000021,3,6660.0,316680.0,316950.0,316950.0,0.000852,770.0,270.0,
strict_exposure_ladder,570,2025-10-27,2025-10-27T14:55:00+00:00,2025-10-27T15:12:00+00:00,SPXW-20251027-06835.000-C,CALL,1870.0,19.99999999999993,3,5610.0,316950.0,317010.0,317010.0,0.000189,1040.0,60.0,
strict_exposure_ladder,571,2025-10-28,2025-10-28T14:00:00+00:00,2025-10-28T14:25:00+00:00,SPXW-20251028-06890.000-P,PUT,1700.0,-319.99999999999994,3,5100.0,317010.0,316050.0,317010.0,0.0,0.0,-960.0,
strict_exposure_ladder,572,2025-10-28,2025-10-28T14:25:00+00:00,2025-10-28T14:31:00+00:00,SPXW-20251028-06850.000-C,CALL,3410.0,189.99999999999983,0,0.0,316050.0,316050.0,317010.0,0.003028,-960.0,0.0,daily_loss_stop
strict_exposure_ladder,573,2025-10-28,2025-10-28T14:52:00+00:00,2025-10-28T14:57:00+00:00,SPXW-20251028-06855.000-C,CALL,3130.0,-180.00000000000006,0,0.0,316050.0,316050.0,317010.0,0.003028,-960.0,-0.0,daily_loss_stop
strict_exposure_ladder,574,2025-10-28,2025-10-28T15:03:00+00:00,2025-10-28T15:14:00+00:00,SPXW-20251028-06915.000-P,PUT,3240.0,300.0,0,0.0,316050.0,316050.0,317010.0,0.003028,-960.0,0.0,daily_loss_stop
strict_exposure_ladder,575,2025-10-28,2025-10-28T18:40:00+00:00,2025-10-28T18:42:00+00:00,SPXW-20251028-06870.000-C,CALL,3130.0,30.00000000000007,0,0.0,316050.0,316050.0,317010.0,0.003028,-960.0,0.0,daily_loss_stop
strict_exposure_ladder,576,2025-10-29,2025-10-29T14:11:00+00:00,2025-10-29T14:27:00+00:00,SPXW-20251029-06940.000-P,PUT,3370.0000000000005,189.99999999999983,2,6740.000000000001,316050.0,316430.0,317010.0,0.003028,0.0,380.0,
strict_exposure_ladder,577,2025-10-29,2025-10-29T14:46:00+00:00,2025-10-29T15:05:00+00:00,SPXW-20251029-06935.000-P,PUT,3310.0,379.9999999999997,2,6620.0,316430.0,317190.0,317190.0,0.002396,380.0,760.0,
strict_exposure_ladder,578,2025-10-29,2025-10-29T18:12:00+00:00,2025-10-29T18:16:00+00:00,SPXW-20251029-06930.000-P,PUT,2940.0,630.0000000000005,2,5880.0,317190.0,318450.0,318450.0,0.003957,1140.0,1260.0,
strict_exposure_ladder,579,2025-10-29,2025-10-29T18:35:00+00:00,2025-10-29T18:38:00+00:00,SPXW-20251029-06930.000-P,PUT,2770.0,2950.0000000000005,2,5540.0,318450.0,324350.0,324350.0,0.01819,2400.0,5900.0,
strict_exposure_ladder,580,2025-10-29,2025-10-29T18:51:00+00:00,2025-10-29T18:52:00+00:00,SPXW-20251029-06855.000-C,CALL,2680.0,330.00000000000006,2,5360.0,324350.0,325010.0,325010.0,0.002031,8300.0,660.0,
strict_exposure_ladder,581,2025-10-29,2025-10-29T19:01:00+00:00,2025-10-29T19:05:00+00:00,SPXW-20251029-06900.000-P,PUT,1820.0,1370.0,3,5460.0,325010.0,329120.0,329120.0,0.012488,8960.0,4110.0,
strict_exposure_ladder,582,2025-10-30,2025-10-30T14:00:00+00:00,2025-10-30T14:06:00+00:00,SPXW-20251030-06850.000-C,CALL,3279.9999999999995,240.00000000000057,2,6559.999999999999,329120.0,329600.0,329600.0,0.001456,0.0,480.0,
strict_exposure_ladder,583,2025-10-30,2025-10-30T14:25:00+00:00,2025-10-30T14:30:00+00:00,SPXW-20251030-06875.000-P,PUT,2620.0,90.00000000000021,3,7860.0,329600.0,329870.0,329870.0,0.000819,480.0,270.0,
strict_exposure_ladder,584,2025-10-30,2025-10-30T14:30:00+00:00,2025-10-30T14:33:00+00:00,SPXW-20251030-06850.000-C,CALL,2180.0,350.0,3,6540.0,329870.0,330920.0,330920.0,0.003173,750.0,1050.0,
strict_exposure_ladder,585,2025-10-30,2025-10-30T14:46:00+00:00,2025-10-30T14:50:00+00:00,SPXW-20251030-06855.000-C,CALL,2540.0,-59.99999999999979,3,7620.0,330920.0,330740.0,330920.0,0.0,1800.0,-180.0,
strict_exposure_ladder,586,2025-10-31,2025-10-31T14:00:00+00:00,2025-10-31T14:15:00+00:00,SPXW-20251031-06885.000-P,PUT,3340.0,520.0000000000002,2,6680.0,330740.0,331780.0,331780.0,0.003135,0.0,1040.0,
strict_exposure_ladder,587,2025-10-31,2025-10-31T14:31:00+00:00,2025-10-31T14:40:00+00:00,SPXW-20251031-06830.000-C,CALL,3200.0,420.0000000000003,2,6400.0,331780.0,332620.0,332620.0,0.002525,1040.0,840.0,
strict_exposure_ladder,588,2025-10-31,2025-10-31T14:41:00+00:00,2025-10-31T14:48:00+00:00,SPXW-20251031-06835.000-C,CALL,3170.0,480.00000000000006,2,6340.0,332620.0,333580.0,333580.0,0.002878,1880.0,960.0,
strict_exposure_ladder,589,2025-10-31,2025-10-31T14:58:00+00:00,2025-10-31T15:03:00+00:00,SPXW-20251031-06835.000-C,CALL,3470.0000000000005,69.99999999999957,2,6940.000000000001,333580.0,333720.0,333720.0,0.00042,2840.0,140.0,
strict_exposure_ladder,590,2025-10-31,2025-10-31T15:12:00+00:00,2025-10-31T15:18:00+00:00,SPXW-20251031-06835.000-C,CALL,3279.9999999999995,260.0000000000001,2,6559.999999999999,333720.0,334240.0,334240.0,0.001556,2980.0,520.0,
strict_exposure_ladder,591,2025-10-31,2025-10-31T17:30:00+00:00,2025-10-31T17:32:00+00:00,SPXW-20251031-06790.000-C,CALL,3450.0,560.0000000000001,2,6900.0,334240.0,335360.0,335360.0,0.00334,3500.0,1120.0,
strict_exposure_ladder,592,2025-10-31,2025-10-31T18:08:00+00:00,2025-10-31T18:12:00+00:00,SPXW-20251031-06820.000-C,CALL,2300.0,180.00000000000006,3,6900.0,335360.0,335900.0,335900.0,0.001608,4620.0,540.0,
strict_exposure_ladder,593,2025-11-03,2025-11-03T15:00:00+00:00,2025-11-03T15:08:00+00:00,SPXW-20251103-06860.000-P,PUT,2280.0,419.99999999999994,3,6840.0,335900.0,337160.0,337160.0,0.003737,0.0,1260.0,
strict_exposure_ladder,594,2025-11-03,2025-11-03T15:16:00+00:00,2025-11-03T15:36:00+00:00,SPXW-20251103-06860.000-P,PUT,2440.0,1389.9999999999998,3,7320.0,337160.0,341330.0,341330.0,0.012217,1260.0,4170.0,
strict_exposure_ladder,595,2025-11-03,2025-11-03T15:42:00+00:00,2025-11-03T15:50:00+00:00,SPXW-20251103-06850.000-P,PUT,2000.0,110.00000000000014,3,6000.0,341330.0,341660.0,341660.0,0.000966,5430.0,330.0,
strict_exposure_ladder,596,2025-11-03,2025-11-03T15:53:00+00:00,2025-11-03T15:59:00+00:00,SPXW-20251103-06820.000-C,CALL,2780.0,580.0000000000001,2,5560.0,341660.0,342820.0,342820.0,0.003384,5760.0,1160.0,
strict_exposure_ladder,597,2025-11-03,2025-11-03T16:02:00+00:00,2025-11-03T16:14:00+00:00,SPXW-20251103-06865.000-P,PUT,2450.0,39.99999999999986,3,7350.0,342820.0,342940.0,342940.0,0.00035,6920.0,120.0,
strict_exposure_ladder,598,2025-11-03,2025-11-03T16:14:00+00:00,2025-11-03T16:16:00+00:00,SPXW-20251103-06830.000-C,CALL,2150.0,119.99999999999991,3,6450.0,342940.0,343300.0,343300.0,0.001049,7040.0,360.0,
strict_exposure_ladder,599,2025-11-03,2025-11-03T18:31:00+00:00,2025-11-03T18:38:00+00:00,SPXW-20251103-06850.000-C,CALL,1230.0,269.99999999999994,3,3690.0,343300.0,344110.0,344110.0,0.002354,7400.0,810.0,
strict_exposure_ladder,600,2025-11-04,2025-11-04T15:01:00+00:00,2025-11-04T15:08:00+00:00,SPXW-20251104-06785.000-C,CALL,3120.0,119.99999999999991,2,6240.0,344110.0,344350.0,344350.0,0.000697,0.0,240.0,
strict_exposure_ladder,601,2025-11-04,2025-11-04T15:09:00+00:00,2025-11-04T15:18:00+00:00,SPXW-20251104-06785.000-C,CALL,2990.0,270.0000000000003,2,5980.0,344350.0,344890.0,344890.0,0.001566,240.0,540.0,
strict_exposure_ladder,602,2025-11-04,2025-11-04T15:33:00+00:00,2025-11-04T15:42:00+00:00,SPXW-20251104-06785.000-C,CALL,3220.0000000000005,529.9999999999998,2,6440.000000000001,344890.0,345950.0,345950.0,0.003064,780.0,1060.0,
strict_exposure_ladder,603,2025-11-04,2025-11-04T15:46:00+00:00,2025-11-04T15:51:00+00:00,SPXW-20251104-06795.000-C,CALL,2530.0,-460.0000000000001,3,7590.0,345950.0,344570.0,345950.0,0.0,1840.0,-1380.0,
strict_exposure_ladder,604,2025-11-04,2025-11-04T15:58:00+00:00,2025-11-04T16:02:00+00:00,SPXW-20251104-06775.000-C,CALL,3130.0,580.0000000000001,2,6260.0,344570.0,345730.0,345950.0,0.003989,460.0,1160.0,
strict_exposure_ladder,605,2025-11-04,2025-11-04T16:04:00+00:00,2025-11-04T16:10:00+00:00,SPXW-20251104-06785.000-C,CALL,2550.0,-189.99999999999983,3,7650.0,345730.0,345160.0,345950.0,0.000636,1620.0,-570.0,
strict_exposure_ladder,606,2025-11-04,2025-11-04T16:12:00+00:00,2025-11-04T16:18:00+00:00,SPXW-20251104-06770.000-C,CALL,3390.0,339.9999999999999,2,6780.0,345160.0,345840.0,345950.0,0.002284,1050.0,680.0,
strict_exposure_ladder,607,2025-11-04,2025-11-04T16:18:00+00:00,2025-11-04T16:21:00+00:00,SPXW-20251104-06815.000-P,PUT,1780.0,419.99999999999994,3,5340.0,345840.0,347100.0,347100.0,0.00363,1730.0,1260.0,
strict_exposure_ladder,608,2025-11-04,2025-11-04T16:26:00+00:00,2025-11-04T16:34:00+00:00,SPXW-20251104-06810.000-P,PUT,1810.0,-200.0,3,5430.0,347100.0,346500.0,347100.0,0.0,2990.0,-600.0,
strict_exposure_ladder,609,2025-11-04,2025-11-04T18:31:00+00:00,2025-11-04T18:34:00+00:00,SPXW-20251104-06795.000-P,PUT,2070.0,440.0000000000002,3,6210.0,346500.0,347820.0,347820.0,0.003795,2390.0,1320.0,
strict_exposure_ladder,610,2025-11-05,2025-11-05T15:01:00+00:00,2025-11-05T15:12:00+00:00,SPXW-20251105-06820.000-P,PUT,3240.0,-269.99999999999994,2,6480.0,347820.0,347280.0,347820.0,0.0,0.0,-540.0,
strict_exposure_ladder,611,2025-11-05,2025-11-05T15:26:00+00:00,2025-11-05T15:29:00+00:00,SPXW-20251105-06765.000-C,CALL,3340.0,600.0,2,6680.0,347280.0,348480.0,348480.0,0.003444,-540.0,1200.0,
strict_exposure_ladder,612,2025-11-05,2025-11-05T15:31:00+00:00,2025-11-05T15:44:00+00:00,SPXW-20251105-06775.000-C,CALL,2670.0,519.9999999999999,2,5340.0,348480.0,349520.0,349520.0,0.002976,660.0,1040.0,
strict_exposure_ladder,613,2025-11-06,2025-11-06T15:00:00+00:00,2025-11-06T15:10:00+00:00,SPXW-20251106-06790.000-P,PUT,3420.0000000000005,579.9999999999998,2,6840.000000000001,349520.0,350680.0,350680.0,0.003308,0.0,1160.0,
strict_exposure_ladder,614,2025-11-06,2025-11-06T15:26:00+00:00,2025-11-06T15:28:00+00:00,SPXW-20251106-06800.000-P,PUT,3240.0,410.0000000000001,2,6480.0,350680.0,351500.0,351500.0,0.002333,1160.0,820.0,
strict_exposure_ladder,615,2025-11-07,2025-11-07T15:03:00+00:00,2025-11-07T15:08:00+00:00,SPXW-20251107-06700.000-P,PUT,3470.0000000000005,950.0,2,6940.000000000001,351500.0,353400.0,353400.0,0.005376,0.0,1900.0,
strict_exposure_ladder,616,2025-11-07,2025-11-07T15:30:00+00:00,2025-11-07T15:34:00+00:00,SPXW-20251107-06660.000-C,CALL,3180.0,-300.0,2,6360.0,353400.0,352800.0,353400.0,0.0,1900.0,-600.0,
strict_exposure_ladder,617,2025-11-07,2025-11-07T15:41:00+00:00,2025-11-07T15:47:00+00:00,SPXW-20251107-06685.000-P,PUT,2700.0,770.0000000000002,2,5400.0,352800.0,354340.0,354340.0,0.004346,1300.0,1540.0,
strict_exposure_ladder,618,2025-11-07,2025-11-07T15:48:00+00:00,2025-11-07T15:57:00+00:00,SPXW-20251107-06680.000-P,PUT,2940.0,339.9999999999999,2,5880.0,354340.0,355020.0,355020.0,0.001915,2840.0,680.0,
strict_exposure_ladder,619,2025-11-07,2025-11-07T18:31:00+00:00,2025-11-07T18:36:00+00:00,SPXW-20251107-06645.000-C,CALL,3180.0,-150.0,2,6360.0,355020.0,354720.0,355020.0,0.0,3520.0,-300.0,
strict_exposure_ladder,620,2025-11-10,2025-11-10T15:01:00+00:00,2025-11-10T15:09:00+00:00,SPXW-20251110-06780.000-C,CALL,3060.0,139.99999999999986,2,6120.0,354720.0,355000.0,355020.0,0.000845,0.0,280.0,
strict_exposure_ladder,621,2025-11-10,2025-11-10T15:10:00+00:00,2025-11-10T15:14:00+00:00,SPXW-20251110-06780.000-C,CALL,3140.0,189.99999999999983,2,6280.0,355000.0,355380.0,355380.0,0.001069,280.0,380.0,
strict_exposure_ladder,622,2025-11-10,2025-11-10T15:26:00+00:00,2025-11-10T15:33:00+00:00,SPXW-20251110-06795.000-C,CALL,2130.0,-150.0,3,6390.0,355380.0,354930.0,355380.0,0.0,660.0,-450.0,
strict_exposure_ladder,623,2025-11-10,2025-11-10T15:34:00+00:00,2025-11-10T15:41:00+00:00,SPXW-20251110-06790.000-C,CALL,2280.0,-450.0,3,6840.0,354930.0,353580.0,355380.0,0.001266,210.0,-1350.0,
strict_exposure_ladder,624,2025-11-11,2025-11-11T15:01:00+00:00,2025-11-11T15:06:00+00:00,SPXW-20251111-06795.000-C,CALL,3260.0,-470.0000000000003,2,6520.0,353580.0,352640.0,355380.0,0.005065,0.0,-940.0,
strict_exposure_ladder,625,2025-11-11,2025-11-11T15:06:00+00:00,2025-11-11T15:22:00+00:00,SPXW-20251111-06820.000-P,PUT,1240.0,319.99999999999994,0,0.0,352640.0,352640.0,355380.0,0.00771,-940.0,0.0,daily_loss_stop
strict_exposure_ladder,626,2025-11-11,2025-11-11T15:26:00+00:00,2025-11-11T15:36:00+00:00,SPXW-20251111-06835.000-P,PUT,2110.0,700.0,0,0.0,352640.0,352640.0,355380.0,0.00771,-940.0,0.0,daily_loss_stop
strict_exposure_ladder,627,2025-11-11,2025-11-11T16:26:00+00:00,2025-11-11T16:31:00+00:00,SPXW-20251111-06830.000-P,PUT,1390.0,829.9999999999999,0,0.0,352640.0,352640.0,355380.0,0.00771,-940.0,0.0,daily_loss_stop
strict_exposure_ladder,628,2025-11-12,2025-11-12T15:02:00+00:00,2025-11-12T15:05:00+00:00,SPXW-20251112-06840.000-C,CALL,2580.0,-40.00000000000021,3,7740.0,352640.0,352520.0,355380.0,0.00771,0.0,-120.0,
strict_exposure_ladder,629,2025-11-12,2025-11-12T15:05:00+00:00,2025-11-12T15:23:00+00:00,SPXW-20251112-06890.000-P,PUT,3340.0,830.0000000000005,1,3340.0,352520.0,353350.0,355380.0,0.008048,-120.0,830.0,
strict_exposure_ladder,630,2025-11-12,2025-11-12T15:27:00+00:00,2025-11-12T15:37:00+00:00,SPXW-20251112-06870.000-P,PUT,2550.0,870.0000000000002,3,7650.0,353350.0,355960.0,355960.0,0.007332,710.0,2610.0,
strict_exposure_ladder,631,2025-11-12,2025-11-12T16:27:00+00:00,2025-11-12T16:33:00+00:00,SPXW-20251112-06820.000-C,CALL,2550.0,650.0,3,7650.0,355960.0,357910.0,357910.0,0.005448,3320.0,1950.0,
strict_exposure_ladder,632,2025-11-13,2025-11-13T15:00:00+00:00,2025-11-13T15:04:00+00:00,SPXW-20251113-06780.000-C,CALL,3490.0,-279.9999999999997,2,6980.0,357910.0,357350.0,357910.0,0.0,0.0,-560.0,
strict_exposure_ladder,633,2025-11-13,2025-11-13T15:06:00+00:00,2025-11-13T15:21:00+00:00,SPXW-20251113-06800.000-C,CALL,1840.0,1040.0000000000002,3,5520.0,357350.0,360470.0,360470.0,0.008655,-560.0,3120.0,
strict_exposure_ladder,634,2025-11-13,2025-11-13T15:26:00+00:00,2025-11-13T15:35:00+00:00,SPXW-20251113-06840.000-P,PUT,3100.0,1370.0000000000002,2,6200.0,360470.0,363210.0,363210.0,0.007544,2560.0,2740.0,
strict_exposure_ladder,635,2025-11-13,2025-11-13T15:41:00+00:00,2025-11-13T15:58:00+00:00,SPXW-20251113-06825.000-P,PUT,3240.0,1810.0,2,6480.0,363210.0,366830.0,366830.0,0.009868,5300.0,3620.0,
strict_exposure_ladder,636,2025-11-14,2025-11-14T15:06:00+00:00,2025-11-14T15:11:00+00:00,SPXW-20251114-06680.000-C,CALL,3240.0,410.0000000000001,2,6480.0,366830.0,367650.0,367650.0,0.00223,0.0,820.0,
strict_exposure_ladder,637,2025-11-14,2025-11-14T15:14:00+00:00,2025-11-14T15:23:00+00:00,SPXW-20251114-06670.000-C,CALL,3510.0,1200.0,2,7020.0,367650.0,370050.0,370050.0,0.006486,820.0,2400.0,
strict_exposure_ladder,638,2025-11-14,2025-11-14T15:27:00+00:00,2025-11-14T15:32:00+00:00,SPXW-20251114-06700.000-C,CALL,2520.0,319.99999999999994,3,7560.0,370050.0,371010.0,371010.0,0.002588,3220.0,960.0,
strict_exposure_ladder,639,2025-11-14,2025-11-14T15:32:00+00:00,2025-11-14T15:55:00+00:00,SPXW-20251114-06700.000-C,CALL,2870.0,1900.0000000000005,2,5740.0,371010.0,374810.0,374810.0,0.010138,4180.0,3800.0,
strict_exposure_ladder,640,2025-11-14,2025-11-14T18:30:00+00:00,2025-11-14T18:31:00+00:00,SPXW-20251114-06720.000-C,CALL,3360.0,200.0,2,6720.0,374810.0,375210.0,375210.0,0.001066,7980.0,400.0,
strict_exposure_ladder,641,2025-11-14,2025-11-14T18:32:00+00:00,2025-11-14T18:34:00+00:00,SPXW-20251114-06730.000-C,CALL,2420.0,430.00000000000006,3,7260.0,375210.0,376500.0,376500.0,0.003426,8380.0,1290.0,
strict_exposure_ladder,642,2025-11-14,2025-11-14T18:45:00+00:00,2025-11-14T18:49:00+00:00,SPXW-20251114-06705.000-C,CALL,3390.0,-10.000000000000142,2,6780.0,376500.0,376480.0,376500.0,0.0,9670.0,-20.0,
strict_exposure_ladder,643,2025-11-14,2025-11-14T18:51:00+00:00,2025-11-14T18:56:00+00:00,SPXW-20251114-06725.000-C,CALL,2160.0,1009.9999999999998,3,6480.0,376480.0,379510.0,379510.0,0.007984,9650.0,3030.0,
strict_exposure_ladder,644,2025-11-14,2025-11-14T18:58:00+00:00,2025-11-14T19:01:00+00:00,SPXW-20251114-06720.000-C,CALL,3150.0,320.0000000000003,2,6300.0,379510.0,380150.0,380150.0,0.001684,12680.0,640.0,
strict_exposure_ladder,645,2025-11-17,2025-11-17T15:00:00+00:00,2025-11-17T15:03:00+00:00,SPXW-20251117-06725.000-C,CALL,3110.0,-100.0,2,6220.0,380150.0,379950.0,380150.0,0.0,0.0,-200.0,
strict_exposure_ladder,646,2025-11-17,2025-11-17T15:12:00+00:00,2025-11-17T15:17:00+00:00,SPXW-20251117-06710.000-C,CALL,3510.0,139.99999999999986,2,7020.0,379950.0,380230.0,380230.0,0.000736,-200.0,280.0,
strict_exposure_ladder,647,2025-11-17,2025-11-17T15:17:00+00:00,2025-11-17T15:28:00+00:00,SPXW-20251117-06765.000-P,PUT,3460.0,460.0000000000001,2,6920.0,380230.0,381150.0,381150.0,0.002414,80.0,920.0,
strict_exposure_ladder,648,2025-11-17,2025-11-17T15:34:00+00:00,2025-11-17T15:39:00+00:00,SPXW-20251117-06700.000-C,CALL,3310.0,79.99999999999972,2,6620.0,381150.0,381310.0,381310.0,0.00042,1000.0,160.0,
strict_exposure_ladder,649,2025-11-17,2025-11-17T15:42:00+00:00,2025-11-17T15:51:00+00:00,SPXW-20251117-06745.000-P,PUT,3240.0,-369.99999999999994,2,6480.0,381310.0,380570.0,381310.0,0.0,1160.0,-740.0,
strict_exposure_ladder,650,2025-11-17,2025-11-17T16:10:00+00:00,2025-11-17T16:15:00+00:00,SPXW-20251117-06685.000-C,CALL,3350.0,-419.99999999999994,2,6700.0,380570.0,379730.0,381310.0,0.001941,420.0,-840.0,
strict_exposure_ladder,651,2025-11-17,2025-11-17T18:42:00+00:00,2025-11-17T18:49:00+00:00,SPXW-20251117-06680.000-C,CALL,2540.0,1089.9999999999998,3,7620.0,379730.0,383000.0,383000.0,0.008538,-420.0,3270.0,
strict_exposure_ladder,652,2025-11-18,2025-11-18T15:01:00+00:00,2025-11-18T15:06:00+00:00,SPXW-20251118-06620.000-P,PUT,3400.0,920.0000000000002,2,6800.0,383000.0,384840.0,384840.0,0.004781,0.0,1840.0,
strict_exposure_ladder,653,2025-11-18,2025-11-18T15:10:00+00:00,2025-11-18T15:13:00+00:00,SPXW-20251118-06620.000-P,PUT,3379.9999999999995,790.0000000000006,2,6759.999999999999,384840.0,386420.0,386420.0,0.004089,1840.0,1580.0,
strict_exposure_ladder,654,2025-11-18,2025-11-18T15:27:00+00:00,2025-11-18T15:30:00+00:00,SPXW-20251118-06625.000-P,PUT,2960.0,529.9999999999998,2,5920.0,386420.0,387480.0,387480.0,0.002736,3420.0,1060.0,
strict_exposure_ladder,655,2025-11-18,2025-11-18T15:31:00+00:00,2025-11-18T15:32:00+00:00,SPXW-20251118-06610.000-P,PUT,2340.0,460.0000000000001,3,7020.0,387480.0,388860.0,388860.0,0.003549,4480.0,1380.0,
strict_exposure_ladder,656,2025-11-18,2025-11-18T15:34:00+00:00,2025-11-18T15:41:00+00:00,SPXW-20251118-06625.000-P,PUT,3290.0,910.0,2,6580.0,388860.0,390680.0,390680.0,0.004659,5860.0,1820.0,
strict_exposure_ladder,657,2025-11-18,2025-11-18T15:41:00+00:00,2025-11-18T15:42:00+00:00,SPXW-20251118-06600.000-C,CALL,2300.0,460.0000000000001,3,6900.0,390680.0,392060.0,392060.0,0.00352,7680.0,1380.0,
strict_exposure_ladder,658,2025-11-18,2025-11-18T18:30:00+00:00,2025-11-18T18:34:00+00:00,SPXW-20251118-06630.000-C,CALL,2740.0,710.0000000000001,2,5480.0,392060.0,393480.0,393480.0,0.003609,9060.0,1420.0,
strict_exposure_ladder,659,2025-11-19,2025-11-19T15:24:00+00:00,2025-11-19T15:30:00+00:00,SPXW-20251119-06665.000-C,CALL,2440.0,40.00000000000021,3,7320.0,393480.0,393600.0,393600.0,0.000305,0.0,120.0,
strict_exposure_ladder,660,2025-11-19,2025-11-19T15:43:00+00:00,2025-11-19T15:48:00+00:00,SPXW-20251119-06650.000-C,CALL,2850.0,-169.99999999999994,2,5700.0,393600.0,393260.0,393600.0,0.0,120.0,-340.0,
strict_exposure_ladder,661,2025-11-19,2025-11-19T15:55:00+00:00,2025-11-19T16:07:00+00:00,SPXW-20251119-06685.000-P,PUT,3479.9999999999995,1540.0000000000005,2,6959.999999999999,393260.0,396340.0,396340.0,0.007771,-220.0,3080.0,
strict_exposure_ladder,662,2025-11-19,2025-11-19T16:07:00+00:00,2025-11-19T16:10:00+00:00,SPXW-20251119-06615.000-C,CALL,3370.0000000000005,119.99999999999956,2,6740.000000000001,396340.0,396580.0,396580.0,0.000605,2860.0,240.0,
strict_exposure_ladder,663,2025-11-19,2025-11-19T16:20:00+00:00,2025-11-19T16:23:00+00:00,SPXW-20251119-06620.000-C,CALL,3080.0,190.00000000000023,2,6160.0,396580.0,396960.0,396960.0,0.000957,3100.0,380.0,
strict_exposure_ladder,664,2025-11-19,2025-11-19T16:23:00+00:00,2025-11-19T16:30:00+00:00,SPXW-20251119-06670.000-P,PUT,3310.0,579.9999999999998,2,6620.0,396960.0,398120.0,398120.0,0.002914,3480.0,1160.0,
strict_exposure_ladder,665,2025-11-19,2025-11-19T18:32:00+00:00,2025-11-19T18:38:00+00:00,SPXW-20251119-06655.000-P,PUT,2770.0,-759.9999999999998,2,5540.0,398120.0,396600.0,398120.0,0.0,4640.0,-1520.0,
strict_exposure_ladder,666,2025-11-19,2025-11-19T18:43:00+00:00,2025-11-19T18:47:00+00:00,SPXW-20251119-06655.000-P,PUT,2550.0,489.9999999999999,3,7650.0,396600.0,398070.0,398120.0,0.003818,3120.0,1470.0,
strict_exposure_ladder,667,2025-11-19,2025-11-19T19:45:00+00:00,2025-11-19T19:56:00+00:00,SPXW-20251119-06595.000-C,CALL,2200.0,1739.9999999999998,3,6600.0,398070.0,403290.0,403290.0,0.012944,4590.0,5220.0,
strict_exposure_ladder,668,2025-11-20,2025-11-20T15:00:00+00:00,2025-11-20T15:05:00+00:00,SPXW-20251120-06745.000-C,CALL,3140.0,-9.999999999999789,2,6280.0,403290.0,403270.0,403290.0,0.0,0.0,-20.0,
strict_exposure_ladder,669,2025-11-20,2025-11-20T15:06:00+00:00,2025-11-20T15:17:00+00:00,SPXW-20251120-06780.000-P,PUT,2890.0,1060.0000000000002,2,5780.0,403270.0,405390.0,405390.0,0.00523,-20.0,2120.0,
strict_exposure_ladder,670,2025-11-20,2025-11-20T15:20:00+00:00,2025-11-20T15:29:00+00:00,SPXW-20251120-06735.000-C,CALL,3190.0,480.00000000000045,2,6380.0,405390.0,406350.0,406350.0,0.002362,2100.0,960.0,
strict_exposure_ladder,671,2025-11-20,2025-11-20T15:31:00+00:00,2025-11-20T15:38:00+00:00,SPXW-20251120-06740.000-C,CALL,3360.0,379.9999999999997,2,6720.0,406350.0,407110.0,407110.0,0.001867,3060.0,760.0,
strict_exposure_ladder,672,2025-11-20,2025-11-20T15:43:00+00:00,2025-11-20T15:46:00+00:00,SPXW-20251120-06740.000-C,CALL,3410.0,139.99999999999986,2,6820.0,407110.0,407390.0,407390.0,0.000687,3820.0,280.0,
strict_exposure_ladder,673,2025-11-20,2025-11-20T15:58:00+00:00,2025-11-20T16:15:00+00:00,SPXW-20251120-06775.000-P,PUT,3050.0,3120.0000000000005,2,6100.0,407390.0,413630.0,413630.0,0.015086,4100.0,6240.0,
strict_exposure_ladder,674,2025-11-21,2025-11-21T15:07:00+00:00,2025-11-21T15:12:00+00:00,SPXW-20251121-06575.000-P,PUT,3429.9999999999995,770.0000000000002,2,6859.999999999999,413630.0,415170.0,415170.0,0.003709,0.0,1540.0,
strict_exposure_ladder,675,2025-11-21,2025-11-21T15:17:00+00:00,2025-11-21T15:23:00+00:00,SPXW-20251121-06560.000-P,PUT,3510.0,-139.99999999999986,2,7020.0,415170.0,414890.0,415170.0,0.0,1540.0,-280.0,
strict_exposure_ladder,676,2025-11-21,2025-11-21T15:24:00+00:00,2025-11-21T15:26:00+00:00,SPXW-20251121-06555.000-C,CALL,3090.0,530.0000000000005,2,6180.0,414890.0,415950.0,415950.0,0.002548,1260.0,1060.0,
strict_exposure_ladder,677,2025-11-21,2025-11-21T15:33:00+00:00,2025-11-21T15:34:00+00:00,SPXW-20251121-06550.000-P,PUT,3050.0,360.0000000000001,2,6100.0,415950.0,416670.0,416670.0,0.001728,2320.0,720.0,
strict_exposure_ladder,678,2025-11-21,2025-11-21T15:57:00+00:00,2025-11-21T15:58:00+00:00,SPXW-20251121-06560.000-P,PUT,3050.0,579.9999999999998,2,6100.0,416670.0,417830.0,417830.0,0.002776,3040.0,1160.0,
strict_exposure_ladder,679,2025-11-21,2025-11-21T16:21:00+00:00,2025-11-21T16:27:00+00:00,SPXW-20251121-06540.000-C,CALL,3370.0000000000005,659.9999999999994,2,6740.000000000001,417830.0,419150.0,419150.0,0.003149,4200.0,1320.0,
strict_exposure_ladder,680,2025-11-21,2025-11-21T16:29:00+00:00,2025-11-21T16:31:00+00:00,SPXW-20251121-06555.000-C,CALL,3320.0000000000005,519.9999999999995,2,6640.000000000001,419150.0,420190.0,420190.0,0.002475,5520.0,1040.0,
strict_exposure_ladder,681,2025-11-21,2025-11-21T18:30:00+00:00,2025-11-21T18:33:00+00:00,SPXW-20251121-06575.000-C,CALL,3270.0000000000005,759.9999999999994,2,6540.000000000001,420190.0,421710.0,421710.0,0.003604,6560.0,1520.0,
strict_exposure_ladder,682,2025-11-21,2025-11-21T18:48:00+00:00,2025-11-21T18:52:00+00:00,SPXW-20251121-06595.000-C,CALL,3290.0,2780.0000000000005,2,6580.0,421710.0,427270.0,427270.0,0.013013,8080.0,5560.0,
strict_exposure_ladder,683,2025-11-21,2025-11-21T19:55:00+00:00,2025-11-21T19:56:00+00:00,SPXW-20251121-06605.000-C,CALL,2950.0,180.00000000000006,2,5900.0,427270.0,427630.0,427630.0,0.000842,13640.0,360.0,
strict_exposure_ladder,684,2025-11-21,2025-11-21T19:59:00+00:00,2025-11-21T20:02:00+00:00,SPXW-20251121-06610.000-C,CALL,2370.0,400.0,3,7110.0,427630.0,428830.0,428830.0,0.002798,14000.0,1200.0,
strict_exposure_ladder,685,2025-11-24,2025-11-24T15:00:00+00:00,2025-11-24T15:07:00+00:00,SPXW-20251124-06635.000-C,CALL,3329.9999999999995,1020.0000000000002,2,6659.999999999999,428830.0,430870.0,430870.0,0.004735,0.0,2040.0,
strict_exposure_ladder,686,2025-11-24,2025-11-24T15:27:00+00:00,2025-11-24T15:30:00+00:00,SPXW-20251124-06640.000-C,CALL,3429.9999999999995,430.00000000000045,2,6859.999999999999,430870.0,431730.0,431730.0,0.001992,2040.0,860.0,
strict_exposure_ladder,687,2025-11-24,2025-11-24T15:31:00+00:00,2025-11-24T15:46:00+00:00,SPXW-20251124-06650.000-C,CALL,3000.0,1039.9999999999998,2,6000.0,431730.0,433810.0,433810.0,0.004795,2900.0,2080.0,
strict_exposure_ladder,688,2025-11-24,2025-11-24T19:33:00+00:00,2025-11-24T19:39:00+00:00,SPXW-20251124-06675.000-C,CALL,2640.0,210.00000000000017,3,7920.0,433810.0,434440.0,434440.0,0.00145,4980.0,630.0,
strict_exposure_ladder,689,2025-11-25,2025-11-25T15:00:00+00:00,2025-11-25T15:02:00+00:00,SPXW-20251125-06680.000-C,CALL,3279.9999999999995,-389.9999999999999,2,6559.999999999999,434440.0,433660.0,434440.0,0.0,0.0,-780.0,
strict_exposure_ladder,690,2025-11-25,2025-11-25T15:02:00+00:00,2025-11-25T15:05:00+00:00,SPXW-20251125-06695.000-P,PUT,1710.0000000000002,1079.9999999999998,0,0.0,433660.0,433660.0,434440.0,0.001795,-780.0,0.0,daily_loss_stop
strict_exposure_ladder,691,2025-11-25,2025-11-25T15:27:00+00:00,2025-11-25T15:36:00+00:00,SPXW-20251125-06715.000-P,PUT,3080.0,-790.0000000000002,0,0.0,433660.0,433660.0,434440.0,0.001795,-780.0,-0.0,daily_loss_stop
strict_exposure_ladder,692,2025-11-26,2025-11-26T15:00:00+00:00,2025-11-26T15:08:00+00:00,SPXW-20251126-06810.000-P,PUT,2820.0,-430.00000000000006,2,5640.0,433660.0,432800.0,434440.0,0.001795,0.0,-860.0,
strict_exposure_ladder,693,2025-11-26,2025-11-26T15:25:00+00:00,2025-11-26T15:50:00+00:00,SPXW-20251126-06810.000-P,PUT,2720.0,-990.0,0,0.0,432800.0,432800.0,434440.0,0.003775,-860.0,-0.0,daily_loss_stop
strict_exposure_ladder,694,2025-11-28,2025-11-28T15:07:00+00:00,2025-11-28T15:11:00+00:00,SPXW-20251128-06815.000-C,CALL,2030.0,30.00000000000007,3,6090.0,432800.0,432890.0,434440.0,0.003775,0.0,90.0,
strict_exposure_ladder,695,2025-11-28,2025-11-28T15:32:00+00:00,2025-11-28T15:36:00+00:00,SPXW-20251128-06820.000-C,CALL,1830.0,180.00000000000006,3,5490.0,432890.0,433430.0,434440.0,0.003568,90.0,540.0,
strict_exposure_ladder,696,2025-11-28,2025-11-28T16:24:00+00:00,2025-11-28T16:30:00+00:00,SPXW-20251128-06815.000-C,CALL,2450.0,-180.00000000000006,3,7350.0,433430.0,432890.0,434440.0,0.002325,630.0,-540.0,
strict_exposure_ladder,697,2025-12-01,2025-12-01T15:02:00+00:00,2025-12-01T15:06:00+00:00,SPXW-20251201-06840.000-P,PUT,2030.0,309.9999999999998,3,6090.0,432890.0,433820.0,434440.0,0.003568,0.0,930.0,
strict_exposure_ladder,698,2025-12-01,2025-12-01T15:27:00+00:00,2025-12-01T15:36:00+00:00,SPXW-20251201-06845.000-P,PUT,3370.0000000000005,639.9999999999999,2,6740.000000000001,433820.0,435100.0,435100.0,0.002942,930.0,1280.0,
strict_exposure_ladder,699,2025-12-01,2025-12-01T15:36:00+00:00,2025-12-01T15:43:00+00:00,SPXW-20251201-06790.000-C,CALL,2550.0,650.0,3,7650.0,435100.0,437050.0,437050.0,0.004462,2210.0,1950.0,
strict_exposure_ladder,700,2025-12-02,2025-12-02T15:00:00+00:00,2025-12-02T15:06:00+00:00,SPXW-20251202-06810.000-C,CALL,3229.9999999999995,630.0000000000005,2,6459.999999999999,437050.0,438310.0,438310.0,0.002875,0.0,1260.0,
strict_exposure_ladder,701,2025-12-02,2025-12-02T15:27:00+00:00,2025-12-02T15:31:00+00:00,SPXW-20251202-06855.000-P,PUT,2100.0,689.9999999999999,3,6300.0,438310.0,440380.0,440380.0,0.0047,1260.0,2070.0,
strict_exposure_ladder,702,2025-12-02,2025-12-02T15:32:00+00:00,2025-12-02T15:40:00+00:00,SPXW-20251202-06855.000-P,PUT,2820.0,200.0,2,5640.0,440380.0,440780.0,440780.0,0.000907,3330.0,400.0,
strict_exposure_ladder,703,2025-12-03,2025-12-03T15:01:00+00:00,2025-12-03T15:06:00+00:00,SPXW-20251203-06805.000-C,CALL,2900.0,410.0000000000001,2,5800.0,440780.0,441600.0,441600.0,0.001857,0.0,820.0,
strict_exposure_ladder,704,2025-12-03,2025-12-03T15:10:00+00:00,2025-12-03T15:19:00+00:00,SPXW-20251203-06805.000-C,CALL,2840.0,470.0000000000003,2,5680.0,441600.0,442540.0,442540.0,0.002124,820.0,940.0,
strict_exposure_ladder,705,2025-12-03,2025-12-03T15:26:00+00:00,2025-12-03T15:32:00+00:00,SPXW-20251203-06815.000-C,CALL,2480.0,-219.99999999999991,3,7440.0,442540.0,441880.0,442540.0,0.0,1760.0,-660.0,
strict_exposure_ladder,706,2025-12-03,2025-12-03T15:33:00+00:00,2025-12-03T15:38:00+00:00,SPXW-20251203-06800.000-C,CALL,3500.0,810.0000000000001,2,7000.0,441880.0,443500.0,443500.0,0.003653,1100.0,1620.0,
strict_exposure_ladder,707,2025-12-03,2025-12-03T15:39:00+00:00,2025-12-03T15:47:00+00:00,SPXW-20251203-06815.000-C,CALL,2690.0,380.00000000000006,2,5380.0,443500.0,444260.0,444260.0,0.001711,2720.0,760.0,
strict_exposure_ladder,708,2025-12-04,2025-12-04T15:00:00+00:00,2025-12-04T15:08:00+00:00,SPXW-20251204-06870.000-P,PUT,3150.0,-39.99999999999986,2,6300.0,444260.0,444180.0,444260.0,0.0,0.0,-80.0,
strict_exposure_ladder,709,2025-12-04,2025-12-04T15:25:00+00:00,2025-12-04T15:28:00+00:00,SPXW-20251204-06840.000-P,PUT,1270.0,80.00000000000007,3,3810.0,444180.0,444420.0,444420.0,0.00054,-80.0,240.0,
strict_exposure_ladder,710,2025-12-04,2025-12-04T15:29:00+00:00,2025-12-04T15:43:00+00:00,SPXW-20251204-06830.000-C,CALL,2510.0,579.9999999999998,3,7530.0,444420.0,446160.0,446160.0,0.0039,160.0,1740.0,
strict_exposure_ladder,711,2025-12-04,2025-12-04T16:05:00+00:00,2025-12-04T16:12:00+00:00,SPXW-20251204-06850.000-P,PUT,1830.0,-60.00000000000014,3,5490.0,446160.0,445980.0,446160.0,0.0,1900.0,-180.0,
strict_exposure_ladder,712,2025-12-04,2025-12-04T16:16:00+00:00,2025-12-04T16:25:00+00:00,SPXW-20251204-06830.000-C,CALL,2010.0,429.9999999999997,3,6030.0,445980.0,447270.0,447270.0,0.002884,1720.0,1290.0,
strict_exposure_ladder,713,2025-12-04,2025-12-04T19:21:00+00:00,2025-12-04T19:24:00+00:00,SPXW-20251204-06845.000-P,PUT,1370.0,450.0,3,4110.0,447270.0,448620.0,448620.0,0.003009,3010.0,1350.0,
strict_exposure_ladder,714,2025-12-05,2025-12-05T15:01:00+00:00,2025-12-05T15:08:00+00:00,SPXW-20251205-06855.000-C,CALL,3180.0,530.0000000000001,2,6360.0,448620.0,449680.0,449680.0,0.002357,0.0,1060.0,
strict_exposure_ladder,715,2025-12-05,2025-12-05T15:21:00+00:00,2025-12-05T15:26:00+00:00,SPXW-20251205-06865.000-C,CALL,3110.0,69.99999999999993,2,6220.0,449680.0,449820.0,449820.0,0.000311,1060.0,140.0,
strict_exposure_ladder,716,2025-12-05,2025-12-05T15:28:00+00:00,2025-12-05T15:33:00+00:00,SPXW-20251205-06870.000-C,CALL,2420.0,460.0000000000001,3,7260.0,449820.0,451200.0,451200.0,0.003059,1200.0,1380.0,
strict_exposure_ladder,717,2025-12-05,2025-12-05T15:44:00+00:00,2025-12-05T15:49:00+00:00,SPXW-20251205-06860.000-C,CALL,3260.0,360.0000000000001,2,6520.0,451200.0,451920.0,451920.0,0.001593,2580.0,720.0,
strict_exposure_ladder,718,2025-12-05,2025-12-05T15:53:00+00:00,2025-12-05T16:01:00+00:00,SPXW-20251205-06870.000-C,CALL,1990.0,-119.99999999999991,3,5970.0,451920.0,451560.0,451920.0,0.0,3300.0,-360.0,
strict_exposure_ladder,719,2025-12-05,2025-12-05T16:09:00+00:00,2025-12-05T16:17:00+00:00,SPXW-20251205-06895.000-P,PUT,2140.0,480.00000000000006,3,6420.0,451560.0,453000.0,453000.0,0.003179,2940.0,1440.0,
strict_exposure_ladder,720,2025-12-05,2025-12-05T16:18:00+00:00,2025-12-05T16:25:00+00:00,SPXW-20251205-06890.000-P,PUT,2110.0,-160.00000000000014,3,6330.0,453000.0,452520.0,453000.0,0.0,4380.0,-480.0,
strict_exposure_ladder,721,2025-12-08,2025-12-08T15:05:00+00:00,2025-12-08T15:12:00+00:00,SPXW-20251208-06880.000-P,PUT,1780.0,450.0,3,5340.0,452520.0,453870.0,453870.0,0.002974,0.0,1350.0,
strict_exposure_ladder,722,2025-12-08,2025-12-08T15:13:00+00:00,2025-12-08T15:27:00+00:00,SPXW-20251208-06895.000-P,PUT,3429.9999999999995,920.0000000000002,2,6859.999999999999,453870.0,455710.0,455710.0,0.004038,1350.0,1840.0,
strict_exposure_ladder,723,2025-12-08,2025-12-08T15:30:00+00:00,2025-12-08T15:45:00+00:00,SPXW-20251208-06870.000-P,PUT,1910.0,279.9999999999997,3,5730.0,455710.0,456550.0,456550.0,0.00184,3190.0,840.0,
strict_exposure_ladder,724,2025-12-08,2025-12-08T15:58:00+00:00,2025-12-08T16:11:00+00:00,SPXW-20251208-06880.000-P,PUT,3090.0,380.00000000000045,2,6180.0,456550.0,457310.0,457310.0,0.001662,4030.0,760.0,
strict_exposure_ladder,725,2025-12-09,2025-12-09T15:00:00+00:00,2025-12-09T15:05:00+00:00,SPXW-20251209-06840.000-C,CALL,2150.0,50.0,3,6450.0,457310.0,457460.0,457460.0,0.000328,0.0,150.0,
strict_exposure_ladder,726,2025-12-09,2025-12-09T15:09:00+00:00,2025-12-09T15:15:00+00:00,SPXW-20251209-06825.000-C,CALL,3030.0,69.99999999999993,2,6060.0,457460.0,457600.0,457600.0,0.000306,150.0,140.0,
strict_exposure_ladder,727,2025-12-09,2025-12-09T15:27:00+00:00,2025-12-09T15:36:00+00:00,SPXW-20251209-06860.000-P,PUT,1410.0,-59.999999999999964,3,4230.0,457600.0,457420.0,457600.0,0.0,290.0,-180.0,
strict_exposure_ladder,728,2025-12-09,2025-12-09T15:36:00+00:00,2025-12-09T15:40:00+00:00,SPXW-20251209-06830.000-C,CALL,2480.0,-10.000000000000142,3,7440.0,457420.0,457390.0,457600.0,0.000393,110.0,-30.0,
strict_exposure_ladder,729,2025-12-09,2025-12-09T15:55:00+00:00,2025-12-09T16:01:00+00:00,SPXW-20251209-06830.000-C,CALL,2680.0,200.0,2,5360.0,457390.0,457790.0,457790.0,0.000874,80.0,400.0,
strict_exposure_ladder,730,2025-12-10,2025-12-10T15:52:00+00:00,2025-12-10T16:05:00+00:00,SPXW-20251210-06865.000-P,PUT,3429.9999999999995,800.0,2,6859.999999999999,457790.0,459390.0,459390.0,0.003483,0.0,1600.0,
strict_exposure_ladder,731,2025-12-10,2025-12-10T19:06:00+00:00,2025-12-10T19:07:00+00:00,SPXW-20251210-06830.000-C,CALL,3210.0,719.9999999999995,2,6420.0,459390.0,460830.0,460830.0,0.003125,1600.0,1440.0,
strict_exposure_ladder,732,2025-12-10,2025-12-10T19:29:00+00:00,2025-12-10T19:31:00+00:00,SPXW-20251210-06825.000-C,CALL,3260.0,569.9999999999995,2,6520.0,460830.0,461970.0,461970.0,0.002468,3040.0,1140.0,
strict_exposure_ladder,733,2025-12-10,2025-12-10T19:44:00+00:00,2025-12-10T19:46:00+00:00,SPXW-20251210-06825.000-C,CALL,3290.0,880.0000000000005,2,6580.0,461970.0,463730.0,463730.0,0.003795,4180.0,1760.0,
strict_exposure_ladder,734,2025-12-11,2025-12-11T15:00:00+00:00,2025-12-11T15:09:00+00:00,SPXW-20251211-06865.000-P,PUT,3340.0,-1559.9999999999998,2,6680.0,463730.0,460610.0,463730.0,0.0,0.0,-3120.0,
strict_exposure_ladder,735,2025-12-11,2025-12-11T15:25:00+00:00,2025-12-11T15:29:00+00:00,SPXW-20251211-06845.000-C,CALL,3479.9999999999995,20.000000000000284,0,0.0,460610.0,460610.0,463730.0,0.006728,-3120.0,0.0,daily_loss_stop
strict_exposure_ladder,736,2025-12-12,2025-12-12T15:00:00+00:00,2025-12-12T15:07:00+00:00,SPXW-20251212-06900.000-P,PUT,2090.0,610.0000000000001,3,6270.0,460610.0,462440.0,463730.0,0.006728,0.0,1830.0,
strict_exposure_ladder,737,2025-12-12,2025-12-12T15:25:00+00:00,2025-12-12T15:36:00+00:00,SPXW-20251212-06890.000-P,PUT,3460.0,710.0000000000001,2,6920.0,462440.0,463860.0,463860.0,0.003061,1830.0,1420.0,
strict_exposure_ladder,738,2025-12-15,2025-12-15T15:00:00+00:00,2025-12-15T15:05:00+00:00,SPXW-20251215-06855.000-P,PUT,2600.0,750.0,3,7800.0,463860.0,466110.0,466110.0,0.004827,0.0,2250.0,
strict_exposure_ladder,739,2025-12-15,2025-12-15T15:25:00+00:00,2025-12-15T15:31:00+00:00,SPXW-20251215-06835.000-P,PUT,3200.0,-189.99999999999983,2,6400.0,466110.0,465730.0,466110.0,0.0,2250.0,-380.0,
strict_exposure_ladder,740,2025-12-15,2025-12-15T15:56:00+00:00,2025-12-15T16:02:00+00:00,SPXW-20251215-06845.000-P,PUT,2680.0,250.0,2,5360.0,465730.0,466230.0,466230.0,0.001072,1870.0,500.0,
strict_exposure_ladder,741,2025-12-16,2025-12-16T15:00:00+00:00,2025-12-16T15:06:00+00:00,SPXW-20251216-06795.000-C,CALL,3130.0,-560.0000000000001,2,6260.0,466230.0,465110.0,466230.0,0.0,0.0,-1120.0,
strict_exposure_ladder,742,2025-12-16,2025-12-16T15:25:00+00:00,2025-12-16T15:31:00+00:00,SPXW-20251216-06810.000-P,PUT,3429.9999999999995,-389.9999999999999,0,0.0,465110.0,465110.0,466230.0,0.002402,-1120.0,-0.0,daily_loss_stop
strict_exposure_ladder,743,2025-12-17,2025-12-17T15:00:00+00:00,2025-12-17T15:10:00+00:00,SPXW-20251217-06825.000-P,PUT,3000.0,570.0000000000002,2,6000.0,465110.0,466250.0,466250.0,0.002445,0.0,1140.0,
strict_exposure_ladder,744,2025-12-17,2025-12-17T15:25:00+00:00,2025-12-17T15:37:00+00:00,SPXW-20251217-06820.000-P,PUT,2910.0,1150.0,2,5820.0,466250.0,468550.0,468550.0,0.004909,1140.0,2300.0,
strict_exposure_ladder,745,2025-12-18,2025-12-18T15:00:00+00:00,2025-12-18T15:08:00+00:00,SPXW-20251218-06765.000-C,CALL,3390.0,70.00000000000028,2,6780.0,468550.0,468690.0,468690.0,0.000299,0.0,140.0,
strict_exposure_ladder,746,2025-12-18,2025-12-18T15:16:00+00:00,2025-12-18T15:24:00+00:00,SPXW-20251218-06805.000-P,PUT,3400.0,-1010.0,2,6800.0,468690.0,466670.0,468690.0,0.0,140.0,-2020.0,
strict_exposure_ladder,747,2025-12-18,2025-12-18T15:25:00+00:00,2025-12-18T15:33:00+00:00,SPXW-20251218-06765.000-C,CALL,3420.0000000000005,689.9999999999999,0,0.0,466670.0,466670.0,468690.0,0.00431,-1880.0,0.0,daily_loss_stop
strict_exposure_ladder,748,2025-12-18,2025-12-18T15:52:00+00:00,2025-12-18T16:00:00+00:00,SPXW-20251218-06785.000-C,CALL,2950.0,-10.000000000000142,0,0.0,466670.0,466670.0,468690.0,0.00431,-1880.0,-0.0,daily_loss_stop
strict_exposure_ladder,749,2025-12-19,2025-12-19T15:01:00+00:00,2025-12-19T15:10:00+00:00,SPXW-20251219-06810.000-C,CALL,2720.0,-250.0,2,5440.0,466670.0,466170.0,468690.0,0.00431,0.0,-500.0,
strict_exposure_ladder,750,2025-12-19,2025-12-19T15:26:00+00:00,2025-12-19T15:31:00+00:00,SPXW-20251219-06845.000-P,PUT,2940.0,150.0,2,5880.0,466170.0,466470.0,468690.0,0.005377,-500.0,300.0,
strict_exposure_ladder,751,2025-12-19,2025-12-19T15:33:00+00:00,2025-12-19T15:40:00+00:00,SPXW-20251219-06800.000-C,CALL,3210.0,189.99999999999983,2,6420.0,466470.0,466850.0,468690.0,0.004737,-200.0,380.0,
strict_exposure_ladder,752,2025-12-19,2025-12-19T15:50:00+00:00,2025-12-19T15:56:00+00:00,SPXW-20251219-06790.000-C,CALL,3240.0,270.0000000000003,2,6480.0,466850.0,467390.0,468690.0,0.003926,180.0,540.0,
strict_exposure_ladder,753,2025-12-19,2025-12-19T16:15:00+00:00,2025-12-19T16:18:00+00:00,SPXW-20251219-06800.000-C,CALL,3010.0,319.99999999999955,2,6020.0,467390.0,468030.0,468690.0,0.002774,720.0,640.0,
strict_exposure_ladder,754,2025-12-22,2025-12-22T15:01:00+00:00,2025-12-22T15:15:00+00:00,SPXW-20251222-06900.000-P,PUT,3510.0,660.0000000000001,2,7020.0,468030.0,469350.0,469350.0,0.002812,0.0,1320.0,
strict_exposure_ladder,755,2025-12-22,2025-12-22T15:31:00+00:00,2025-12-22T15:37:00+00:00,SPXW-20251222-06875.000-P,PUT,1210.0,729.9999999999999,3,3630.0,469350.0,471540.0,471540.0,0.004644,1320.0,2190.0,
strict_exposure_ladder,756,2025-12-22,2025-12-22T15:39:00+00:00,2025-12-22T15:51:00+00:00,SPXW-20251222-06885.000-P,PUT,2790.0,-779.9999999999998,2,5580.0,471540.0,469980.0,471540.0,0.0,3510.0,-1560.0,
strict_exposure_ladder,757,2025-12-23,2025-12-23T15:00:00+00:00,2025-12-23T15:04:00+00:00,SPXW-20251223-06900.000-P,PUT,1900.0,730.0000000000001,3,5700.0,469980.0,472170.0,472170.0,0.004638,0.0,2190.0,
strict_exposure_ladder,758,2025-12-23,2025-12-23T15:26:00+00:00,2025-12-23T15:31:00+00:00,SPXW-20251223-06850.000-C,CALL,3240.0,280.00000000000045,2,6480.0,472170.0,472730.0,472730.0,0.001185,2190.0,560.0,
strict_exposure_ladder,759,2025-12-24,2025-12-24T15:01:00+00:00,2025-12-24T15:08:00+00:00,SPXW-20251224-06885.000-C,CALL,3020.0,90.00000000000021,2,6040.0,472730.0,472910.0,472910.0,0.000381,0.0,180.0,
strict_exposure_ladder,760,2025-12-24,2025-12-24T15:25:00+00:00,2025-12-24T15:34:00+00:00,SPXW-20251224-06900.000-C,CALL,1890.0,100.0,3,5670.0,472910.0,473210.0,473210.0,0.000634,180.0,300.0,
strict_exposure_ladder,761,2025-12-26,2025-12-26T15:00:00+00:00,2025-12-26T15:18:00+00:00,SPXW-20251226-06940.000-P,PUT,1010.0,309.99999999999994,3,3030.0,473210.0,474140.0,474140.0,0.001961,0.0,930.0,
strict_exposure_ladder,762,2025-12-26,2025-12-26T15:25:00+00:00,2025-12-26T15:37:00+00:00,SPXW-20251226-06935.000-P,PUT,819.9999999999999,-179.9999999999999,3,2459.9999999999995,474140.0,473600.0,474140.0,0.0,930.0,-540.0,
strict_exposure_ladder,763,2025-12-26,2025-12-26T15:58:00+00:00,2025-12-26T16:22:00+00:00,SPXW-20251226-06925.000-C,CALL,1310.0,-409.99999999999994,3,3930.0,473600.0,472370.0,474140.0,0.001139,390.0,-1230.0,
strict_exposure_ladder,764,2025-12-29,2025-12-29T15:02:00+00:00,2025-12-29T15:10:00+00:00,SPXW-20251229-06925.000-P,PUT,2240.0,480.00000000000006,3,6720.0,472370.0,473810.0,474140.0,0.003733,0.0,1440.0,
strict_exposure_ladder,765,2025-12-29,2025-12-29T15:29:00+00:00,2025-12-29T15:33:00+00:00,SPXW-20251229-06880.000-C,CALL,2910.0,0.0,2,5820.0,473810.0,473810.0,474140.0,0.000696,1440.0,0.0,
strict_exposure_ladder,766,2025-12-29,2025-12-29T15:45:00+00:00,2025-12-29T15:50:00+00:00,SPXW-20251229-06890.000-C,CALL,2230.0,-569.9999999999999,3,6690.0,473810.0,472100.0,474140.0,0.000696,1440.0,-1710.0,
strict_exposure_ladder,767,2025-12-29,2025-12-29T15:53:00+00:00,2025-12-29T15:58:00+00:00,SPXW-20251229-06880.000-C,CALL,2250.0,310.0000000000001,3,6750.0,472100.0,473030.0,474140.0,0.004303,-270.0,930.0,
strict_exposure_ladder,768,2025-12-30,2025-12-30T15:04:00+00:00,2025-12-30T15:11:00+00:00,SPXW-20251230-06875.000-C,CALL,3290.0,-369.99999999999994,2,6580.0,473030.0,472290.0,474140.0,0.002341,0.0,-740.0,
strict_exposure_ladder,769,2025-12-30,2025-12-30T15:23:00+00:00,2025-12-30T15:33:00+00:00,SPXW-20251230-06865.000-C,CALL,3420.0000000000005,-70.00000000000028,1,3420.0000000000005,472290.0,472220.0,474140.0,0.003902,-740.0,-70.0,
strict_exposure_ladder,770,2025-12-30,2025-12-30T15:33:00+00:00,2025-12-30T15:44:00+00:00,SPXW-20251230-06910.000-P,PUT,1610.0000000000002,179.99999999999972,0,0.0,472220.0,472220.0,474140.0,0.004049,-810.0,0.0,daily_loss_stop
strict_exposure_ladder,771,2025-12-30,2025-12-30T15:49:00+00:00,2025-12-30T15:54:00+00:00,SPXW-20251230-06880.000-C,CALL,1950.0,510.0000000000001,0,0.0,472220.0,472220.0,474140.0,0.004049,-810.0,0.0,daily_loss_stop
strict_exposure_ladder,772,2025-12-30,2025-12-30T15:55:00+00:00,2025-12-30T16:01:00+00:00,SPXW-20251230-06880.000-C,CALL,2390.0,190.00000000000023,0,0.0,472220.0,472220.0,474140.0,0.004049,-810.0,0.0,daily_loss_stop
strict_exposure_ladder,773,2025-12-30,2025-12-30T16:08:00+00:00,2025-12-30T16:14:00+00:00,SPXW-20251230-06875.000-C,CALL,3200.0,20.000000000000284,0,0.0,472220.0,472220.0,474140.0,0.004049,-810.0,0.0,daily_loss_stop
strict_exposure_ladder,774,2025-12-30,2025-12-30T18:34:00+00:00,2025-12-30T18:38:00+00:00,SPXW-20251230-06880.000-C,CALL,2730.0,-110.00000000000014,0,0.0,472220.0,472220.0,474140.0,0.004049,-810.0,-0.0,daily_loss_stop
strict_exposure_ladder,775,2025-12-30,2025-12-30T19:13:00+00:00,2025-12-30T19:22:00+00:00,SPXW-20251230-06900.000-C,CALL,640.0,109.99999999999996,0,0.0,472220.0,472220.0,474140.0,0.004049,-810.0,0.0,daily_loss_stop
strict_exposure_ladder,776,2025-12-31,2025-12-31T15:26:00+00:00,2025-12-31T15:34:00+00:00,SPXW-20251231-06860.000-C,CALL,2550.0,30.00000000000007,1,2550.0,472220.0,472250.0,474140.0,0.004049,0.0,30.0,
strict_exposure_ladder,777,2025-12-31,2025-12-31T16:19:00+00:00,2025-12-31T16:27:00+00:00,SPXW-20251231-06845.000-C,CALL,3120.0,250.0000000000003,1,3120.0,472250.0,472500.0,474140.0,0.003986,30.0,250.0,
strict_exposure_ladder,778,2025-12-31,2025-12-31T16:28:00+00:00,2025-12-31T16:34:00+00:00,SPXW-20251231-06845.000-C,CALL,3410.0,-189.99999999999983,1,3410.0,472500.0,472310.0,474140.0,0.003459,280.0,-190.0,
strict_exposure_ladder,779,2025-12-31,2025-12-31T18:31:00+00:00,2025-12-31T18:35:00+00:00,SPXW-20251231-06860.000-C,CALL,2180.0,100.0,1,2180.0,472310.0,472410.0,474140.0,0.00386,90.0,100.0,
strict_exposure_ladder,780,2026-01-02,2026-01-02T15:00:00+00:00,2026-01-02T15:07:00+00:00,SPXW-20260102-06860.000-C,CALL,3120.0,190.00000000000023,2,6240.0,472410.0,472790.0,474140.0,0.003649,0.0,380.0,
strict_exposure_ladder,781,2026-01-02,2026-01-02T15:12:00+00:00,2026-01-02T15:22:00+00:00,SPXW-20260102-06890.000-P,PUT,1739.9999999999998,1930.0000000000005,1,1739.9999999999998,472790.0,474720.0,474720.0,0.004066,380.0,1930.0,
strict_exposure_ladder,782,2026-01-02,2026-01-02T15:25:00+00:00,2026-01-02T15:36:00+00:00,SPXW-20260102-06865.000-P,PUT,2430.0,-1230.0,3,7290.0,474720.0,471030.0,474720.0,0.0,2310.0,-3690.0,
strict_exposure_ladder,783,2026-01-02,2026-01-02T15:37:00+00:00,2026-01-02T15:54:00+00:00,SPXW-20260102-06865.000-P,PUT,1240.0,529.9999999999999,0,0.0,471030.0,471030.0,474720.0,0.007773,-1380.0,0.0,daily_loss_stop
strict_exposure_ladder,784,2026-01-05,2026-01-05T15:01:00+00:00,2026-01-05T15:10:00+00:00,SPXW-20260105-06885.000-C,CALL,1760.0000000000002,479.9999999999997,1,1760.0000000000002,471030.0,471510.0,474720.0,0.007773,0.0,480.0,
strict_exposure_ladder,785,2026-01-05,2026-01-05T15:27:00+00:00,2026-01-05T15:36:00+00:00,SPXW-20260105-06875.000-C,CALL,3190.0,450.0,1,3190.0,471510.0,471960.0,474720.0,0.006762,480.0,450.0,
strict_exposure_ladder,786,2026-01-05,2026-01-05T15:55:00+00:00,2026-01-05T16:14:00+00:00,SPXW-20260105-06890.000-C,CALL,2070.0,230.00000000000009,1,2070.0,471960.0,472190.0,474720.0,0.005814,930.0,230.0,
strict_exposure_ladder,787,2026-01-06,2026-01-06T15:00:00+00:00,2026-01-06T15:19:00+00:00,SPXW-20260106-06905.000-C,CALL,2460.0,250.0,1,2460.0,472190.0,472440.0,474720.0,0.005329,0.0,250.0,
strict_exposure_ladder,788,2026-01-06,2026-01-06T15:19:00+00:00,2026-01-06T15:44:00+00:00,SPXW-20260106-06900.000-C,CALL,3210.0,-550.0,2,6420.0,472440.0,471340.0,474720.0,0.004803,250.0,-1100.0,
strict_exposure_ladder,789,2026-01-06,2026-01-06T15:55:00+00:00,2026-01-06T16:20:00+00:00,SPXW-20260106-06885.000-C,CALL,3460.0,-270.0000000000003,0,0.0,471340.0,471340.0,474720.0,0.00712,-850.0,-0.0,daily_loss_stop
strict_exposure_ladder,790,2026-01-07,2026-01-07T15:01:00+00:00,2026-01-07T15:22:00+00:00,SPXW-20260107-06965.000-P,PUT,2110.0,289.9999999999999,1,2110.0,471340.0,471630.0,474720.0,0.00712,0.0,290.0,
strict_exposure_ladder,791,2026-01-07,2026-01-07T15:28:00+00:00,2026-01-07T15:38:00+00:00,SPXW-20260107-06925.000-C,CALL,2080.0,559.9999999999998,1,2080.0,471630.0,472190.0,474720.0,0.006509,290.0,560.0,
strict_exposure_ladder,792,2026-01-07,2026-01-07T15:38:00+00:00,2026-01-07T15:58:00+00:00,SPXW-20260107-06980.000-P,PUT,3110.0,-160.00000000000014,1,3110.0,472190.0,472030.0,474720.0,0.005329,850.0,-160.0,
strict_exposure_ladder,793,2026-01-07,2026-01-07T16:03:00+00:00,2026-01-07T16:28:00+00:00,SPXW-20260107-06930.000-C,CALL,2470.0,-469.99999999999994,1,2470.0,472030.0,471560.0,474720.0,0.005666,690.0,-470.0,
strict_exposure_ladder,794,2026-01-08,2026-01-08T15:00:00+00:00,2026-01-08T15:16:00+00:00,SPXW-20260108-06920.000-P,PUT,1830.0,-940.0,1,1830.0,471560.0,470620.0,474720.0,0.006657,0.0,-940.0,
strict_exposure_ladder,795,2026-01-08,2026-01-08T15:25:00+00:00,2026-01-08T15:43:00+00:00,SPXW-20260108-06895.000-C,CALL,3100.0,-50.0,0,0.0,470620.0,470620.0,474720.0,0.008637,-940.0,-0.0,daily_loss_stop
strict_exposure_ladder,796,2026-01-09,2026-01-09T15:02:00+00:00,2026-01-09T15:08:00+00:00,SPXW-20260109-06935.000-C,CALL,1789.9999999999998,-909.9999999999998,1,1789.9999999999998,470620.0,469710.0,474720.0,0.008637,0.0,-910.0,
strict_exposure_ladder,797,2026-01-09,2026-01-09T15:27:00+00:00,2026-01-09T15:37:00+00:00,SPXW-20260109-06945.000-C,CALL,1610.0000000000002,250.0,0,0.0,469710.0,469710.0,474720.0,0.010554,-910.0,0.0,daily_loss_stop
strict_exposure_ladder,798,2026-01-09,2026-01-09T15:56:00+00:00,2026-01-09T16:21:00+00:00,SPXW-20260109-06910.000-C,CALL,3310.0,1789.9999999999998,0,0.0,469710.0,469710.0,474720.0,0.010554,-910.0,0.0,daily_loss_stop
strict_exposure_ladder,799,2026-01-12,2026-01-12T15:06:00+00:00,2026-01-12T15:27:00+00:00,SPXW-20260112-06935.000-C,CALL,2730.0,-10.000000000000142,1,2730.0,469710.0,469700.0,474720.0,0.010554,0.0,-10.0,
strict_exposure_ladder,800,2026-01-12,2026-01-12T15:33:00+00:00,2026-01-12T15:53:00+00:00,SPXW-20260112-06960.000-P,PUT,980.0,-150.0,1,980.0,469700.0,469550.0,474720.0,0.010575,-10.0,-150.0,
strict_exposure_ladder,801,2026-01-12,2026-01-12T15:53:00+00:00,2026-01-12T16:18:00+00:00,SPXW-20260112-06950.000-C,CALL,1450.0,789.9999999999999,1,1450.0,469550.0,470340.0,474720.0,0.010891,-160.0,790.0,
strict_exposure_ladder,802,2026-01-12,2026-01-12T18:43:00+00:00,2026-01-12T18:53:00+00:00,SPXW-20260112-06945.000-C,CALL,3090.0,110.00000000000014,1,3090.0,470340.0,470450.0,474720.0,0.009226,630.0,110.0,
strict_exposure_ladder,803,2026-01-13,2026-01-13T15:01:00+00:00,2026-01-13T15:19:00+00:00,SPXW-20260113-06990.000-P,PUT,2360.0,1439.9999999999998,1,2360.0,470450.0,471890.0,474720.0,0.008995,0.0,1440.0,
strict_exposure_ladder,804,2026-01-13,2026-01-13T15:26:00+00:00,2026-01-13T15:51:00+00:00,SPXW-20260113-06980.000-P,PUT,3360.0,-880.0000000000001,2,6720.0,471890.0,470130.0,474720.0,0.005961,1440.0,-1760.0,
strict_exposure_ladder,805,2026-01-13,2026-01-13T15:55:00+00:00,2026-01-13T16:07:00+00:00,SPXW-20260113-06935.000-C,CALL,2860.0,159.99999999999977,1,2860.0,470130.0,470290.0,474720.0,0.009669,-320.0,160.0,
strict_exposure_ladder,806,2026-01-13,2026-01-13T16:27:00+00:00,2026-01-13T16:43:00+00:00,SPXW-20260113-06970.000-P,PUT,1610.0000000000002,-870.0000000000001,1,1610.0000000000002,470290.0,469420.0,474720.0,0.009332,-160.0,-870.0,
strict_exposure_ladder,807,2026-01-14,2026-01-14T15:00:00+00:00,2026-01-14T15:09:00+00:00,SPXW-20260114-06910.000-P,PUT,1800.0,-110.00000000000014,1,1800.0,469420.0,469310.0,474720.0,0.011164,0.0,-110.0,
strict_exposure_ladder,808,2026-01-14,2026-01-14T15:17:00+00:00,2026-01-14T15:28:00+00:00,SPXW-20260114-06910.000-C,CALL,2370.0,-480.00000000000006,1,2370.0,469310.0,468830.0,474720.0,0.011396,-110.0,-480.0,
strict_exposure_ladder,809,2026-01-14,2026-01-14T15:28:00+00:00,2026-01-14T15:36:00+00:00,SPXW-20260114-06915.000-P,PUT,1020.0,810.0000000000001,1,1020.0,468830.0,469640.0,474720.0,0.012407,-590.0,810.0,
strict_exposure_ladder,810,2026-01-14,2026-01-14T15:43:00+00:00,2026-01-14T15:50:00+00:00,SPXW-20260114-06910.000-P,PUT,1180.0,1289.9999999999998,1,1180.0,469640.0,470930.0,474720.0,0.010701,220.0,1290.0,
strict_exposure_ladder,811,2026-01-15,2026-01-15T15:01:00+00:00,2026-01-15T15:17:00+00:00,SPXW-20260115-06995.000-P,PUT,3240.0,120.00000000000028,2,6480.0,470930.0,471170.0,474720.0,0.007984,0.0,240.0,
strict_exposure_ladder,812,2026-01-15,2026-01-15T15:23:00+00:00,2026-01-15T15:38:00+00:00,SPXW-20260115-06935.000-C,CALL,3500.0,420.0000000000003,2,7000.0,471170.0,472010.0,474720.0,0.007478,240.0,840.0,
strict_exposure_ladder,813,2026-01-15,2026-01-15T15:48:00+00:00,2026-01-15T16:00:00+00:00,SPXW-20260115-06965.000-P,PUT,1150.0,-409.99999999999994,3,3450.0,472010.0,470780.0,474720.0,0.005709,1080.0,-1230.0,
strict_exposure_ladder,814,2026-01-16,2026-01-16T15:00:00+00:00,2026-01-16T15:21:00+00:00,SPXW-20260116-06975.000-P,PUT,3340.0,-10.000000000000142,1,3340.0,470780.0,470770.0,474720.0,0.0083,0.0,-10.0,
strict_exposure_ladder,815,2026-01-16,2026-01-16T15:25:00+00:00,2026-01-16T15:41:00+00:00,SPXW-20260116-06960.000-P,PUT,1630.0,1720.0,3,4890.0,470770.0,475930.0,475930.0,0.010842,-10.0,5160.0,
strict_exposure_ladder,816,2026-01-20,2026-01-20T15:05:00+00:00,2026-01-20T15:30:00+00:00,SPXW-20260120-06820.000-C,CALL,3429.9999999999995,1140.0000000000005,2,6859.999999999999,475930.0,478210.0,478210.0,0.004768,0.0,2280.0,
strict_exposure_ladder,817,2026-01-20,2026-01-20T15:30:00+00:00,2026-01-20T15:42:00+00:00,SPXW-20260120-06845.000-C,CALL,2650.0,250.0,3,7950.0,478210.0,478960.0,478960.0,0.001566,2280.0,750.0,
strict_exposure_ladder,818,2026-01-20,2026-01-20T15:56:00+00:00,2026-01-20T16:07:00+00:00,SPXW-20260120-06880.000-P,PUT,2930.0,-240.00000000000023,2,5860.0,478960.0,478480.0,478960.0,0.0,3030.0,-480.0,
strict_exposure_ladder,819,2026-01-20,2026-01-20T16:21:00+00:00,2026-01-20T16:30:00+00:00,SPXW-20260120-06840.000-C,CALL,2590.0,120.00000000000028,3,7770.0,478480.0,478840.0,478960.0,0.001002,2550.0,360.0,
strict_exposure_ladder,820,2026-01-21,2026-01-21T18:30:00+00:00,2026-01-21T18:51:00+00:00,SPXW-20260121-06810.000-C,CALL,2310.0,219.99999999999991,3,6930.0,478840.0,479500.0,479500.0,0.001376,0.0,660.0,
strict_exposure_ladder,821,2026-01-21,2026-01-21T18:55:00+00:00,2026-01-21T19:08:00+00:00,SPXW-20260121-06840.000-P,PUT,1140.0,509.99999999999994,3,3420.0,479500.0,481030.0,481030.0,0.003181,660.0,1530.0,
strict_exposure_ladder,822,2026-01-21,2026-01-21T19:19:00+00:00,2026-01-21T19:29:00+00:00,SPXW-20260121-06800.000-C,CALL,2710.0,3619.999999999999,2,5420.0,481030.0,488270.0,488270.0,0.014828,2190.0,7240.0,
strict_exposure_ladder,823,2026-01-21,2026-01-21T19:34:00+00:00,2026-01-21T19:38:00+00:00,SPXW-20260121-06870.000-C,CALL,880.0000000000001,1250.0,3,2640.0000000000005,488270.0,492020.0,492020.0,0.007622,9430.0,3750.0,
strict_exposure_ladder,824,2026-01-22,2026-01-22T15:00:00+00:00,2026-01-22T15:12:00+00:00,SPXW-20260122-06925.000-P,PUT,2870.0,519.9999999999999,2,5740.0,492020.0,493060.0,493060.0,0.002109,0.0,1040.0,
strict_exposure_ladder,825,2026-01-22,2026-01-22T15:28:00+00:00,2026-01-22T15:40:00+00:00,SPXW-20260122-06880.000-C,CALL,3279.9999999999995,380.00000000000045,2,6559.999999999999,493060.0,493820.0,493820.0,0.001539,1040.0,760.0,
strict_exposure_ladder,826,2026-01-22,2026-01-22T15:42:00+00:00,2026-01-22T16:01:00+00:00,SPXW-20260122-06885.000-C,CALL,3200.0,70.00000000000028,2,6400.0,493820.0,493960.0,493960.0,0.000283,1800.0,140.0,
strict_exposure_ladder,827,2026-01-22,2026-01-22T16:11:00+00:00,2026-01-22T16:30:00+00:00,SPXW-20260122-06890.000-C,CALL,3120.0,250.0000000000003,2,6240.0,493960.0,494460.0,494460.0,0.001011,1940.0,500.0,
strict_exposure_ladder,828,2026-01-23,2026-01-23T15:02:00+00:00,2026-01-23T15:22:00+00:00,SPXW-20260123-06885.000-C,CALL,3210.0,0.0,2,6420.0,494460.0,494460.0,494460.0,0.0,0.0,0.0,
strict_exposure_ladder,829,2026-01-23,2026-01-23T15:29:00+00:00,2026-01-23T15:46:00+00:00,SPXW-20260123-06890.000-C,CALL,2960.0,229.99999999999972,2,5920.0,494460.0,494920.0,494920.0,0.000929,0.0,460.0,
strict_exposure_ladder,830,2026-01-23,2026-01-23T16:17:00+00:00,2026-01-23T16:38:00+00:00,SPXW-20260123-06900.000-C,CALL,2970.0,-39.99999999999986,2,5940.0,494920.0,494840.0,494920.0,0.0,460.0,-80.0,
strict_exposure_ladder,831,2026-01-26,2026-01-26T15:14:00+00:00,2026-01-26T15:33:00+00:00,SPXW-20260126-06920.000-C,CALL,3150.0,170.00000000000028,2,6300.0,494840.0,495180.0,495180.0,0.000687,0.0,340.0,
strict_exposure_ladder,832,2026-01-26,2026-01-26T15:51:00+00:00,2026-01-26T16:12:00+00:00,SPXW-20260126-06925.000-C,CALL,3030.0,-119.99999999999991,2,6060.0,495180.0,494940.0,495180.0,0.0,340.0,-240.0,
strict_exposure_ladder,833,2026-01-27,2026-01-27T15:06:00+00:00,2026-01-27T15:23:00+00:00,SPXW-20260127-06940.000-C,CALL,3150.0,350.0,2,6300.0,494940.0,495640.0,495640.0,0.001412,0.0,700.0,
strict_exposure_ladder,834,2026-01-27,2026-01-27T15:23:00+00:00,2026-01-27T15:48:00+00:00,SPXW-20260127-06945.000-C,CALL,3080.0,849.9999999999997,2,6160.0,495640.0,497340.0,497340.0,0.003418,700.0,1700.0,
strict_exposure_ladder,835,2026-01-27,2026-01-27T15:53:00+00:00,2026-01-27T16:18:00+00:00,SPXW-20260127-06950.000-C,CALL,3379.9999999999995,280.00000000000045,2,6759.999999999999,497340.0,497900.0,497900.0,0.001125,2400.0,560.0,
strict_exposure_ladder,836,2026-01-27,2026-01-27T16:18:00+00:00,2026-01-27T16:32:00+00:00,SPXW-20260127-06955.000-C,CALL,3210.0,89.99999999999986,2,6420.0,497900.0,498080.0,498080.0,0.000361,2960.0,180.0,
strict_exposure_ladder,837,2026-01-28,2026-01-28T15:01:00+00:00,2026-01-28T15:15:00+00:00,SPXW-20260128-07025.000-P,PUT,3410.0,789.9999999999999,2,6820.0,498080.0,499660.0,499660.0,0.003162,0.0,1580.0,
strict_exposure_ladder,838,2026-01-28,2026-01-28T15:26:00+00:00,2026-01-28T15:43:00+00:00,SPXW-20260128-07020.000-P,PUT,3379.9999999999995,460.0000000000001,2,6759.999999999999,499660.0,500580.0,500580.0,0.001838,1580.0,920.0,
strict_exposure_ladder,839,2026-01-28,2026-01-28T15:47:00+00:00,2026-01-28T16:00:00+00:00,SPXW-20260128-07015.000-P,PUT,3520.0000000000005,309.99999999999943,2,7040.000000000001,500580.0,501200.0,501200.0,0.001237,2500.0,620.0,
strict_exposure_ladder,840,2026-01-29,2026-01-29T15:00:00+00:00,2026-01-29T15:11:00+00:00,SPXW-20260129-06955.000-P,PUT,2730.0,859.9999999999998,2,5460.0,501200.0,502920.0,502920.0,0.00342,0.0,1720.0,
strict_exposure_ladder,841,2026-01-29,2026-01-29T15:11:00+00:00,2026-01-29T15:23:00+00:00,SPXW-20260129-06905.000-C,CALL,3200.0,29.999999999999716,2,6400.0,502920.0,502980.0,502980.0,0.000119,1720.0,60.0,
strict_exposure_ladder,842,2026-01-29,2026-01-29T15:27:00+00:00,2026-01-29T15:51:00+00:00,SPXW-20260129-06950.000-P,PUT,3300.0,3579.9999999999995,2,6600.0,502980.0,510140.0,510140.0,0.014035,1780.0,7160.0,
strict_exposure_ladder,843,2026-01-29,2026-01-29T18:30:00+00:00,2026-01-29T18:37:00+00:00,SPXW-20260129-06955.000-P,PUT,2430.0,80.00000000000007,3,7290.0,510140.0,510380.0,510380.0,0.00047,8940.0,240.0,
strict_exposure_ladder,844,2026-01-29,2026-01-29T18:37:00+00:00,2026-01-29T18:45:00+00:00,SPXW-20260129-06920.000-C,CALL,1620.0,340.0000000000002,3,4860.0,510380.0,511400.0,511400.0,0.001995,9180.0,1020.0,
strict_exposure_ladder,845,2026-01-29,2026-01-29T19:29:00+00:00,2026-01-29T19:54:00+00:00,SPXW-20260129-06920.000-C,CALL,2440.0,-589.9999999999999,3,7320.0,511400.0,509630.0,511400.0,0.0,10200.0,-1770.0,
strict_exposure_ladder,846,2026-01-30,2026-01-30T15:02:00+00:00,2026-01-30T15:24:00+00:00,SPXW-20260130-06975.000-P,PUT,3450.0,-619.9999999999999,2,6900.0,509630.0,508390.0,511400.0,0.003461,0.0,-1240.0,
strict_exposure_ladder,847,2026-01-30,2026-01-30T15:28:00+00:00,2026-01-30T15:35:00+00:00,SPXW-20260130-06975.000-P,PUT,3420.0000000000005,400.0,0,0.0,508390.0,508390.0,511400.0,0.005886,-1240.0,0.0,daily_loss_stop
strict_exposure_ladder,848,2026-02-02,2026-02-02T19:05:00+00:00,2026-02-02T19:19:00+00:00,SPXW-20260202-06965.000-C,CALL,2510.0,-10.000000000000142,3,7530.0,508390.0,508360.0,511400.0,0.005886,0.0,-30.0,
strict_exposure_ladder,849,2026-02-03,2026-02-03T15:00:00+00:00,2026-02-03T15:09:00+00:00,SPXW-20260203-06970.000-P,PUT,2040.0,610.0000000000001,3,6120.0,508360.0,510190.0,511400.0,0.005944,0.0,1830.0,
strict_exposure_ladder,850,2026-02-03,2026-02-03T15:16:00+00:00,2026-02-03T15:29:00+00:00,SPXW-20260203-06925.000-C,CALL,2700.0,119.99999999999991,2,5400.0,510190.0,510430.0,511400.0,0.002366,1830.0,240.0,
strict_exposure_ladder,851,2026-02-03,2026-02-03T15:31:00+00:00,2026-02-03T15:47:00+00:00,SPXW-20260203-06975.000-P,PUT,3520.0000000000005,500.0,2,7040.000000000001,510430.0,511430.0,511430.0,0.001955,2070.0,1000.0,
strict_exposure_ladder,852,2026-02-03,2026-02-03T16:04:00+00:00,2026-02-03T16:29:00+00:00,SPXW-20260203-06975.000-P,PUT,3020.0,1280.0,2,6040.0,511430.0,513990.0,513990.0,0.004981,3070.0,2560.0,
strict_exposure_ladder,853,2026-02-04,2026-02-04T15:01:00+00:00,2026-02-04T15:24:00+00:00,SPXW-20260204-06900.000-P,PUT,2450.0,-1350.0,3,7350.0,513990.0,509940.0,513990.0,0.0,0.0,-4050.0,
strict_exposure_ladder,854,2026-02-04,2026-02-04T15:26:00+00:00,2026-02-04T15:38:00+00:00,SPXW-20260204-06945.000-P,PUT,2840.0,2010.0,0,0.0,509940.0,509940.0,513990.0,0.00788,-4050.0,0.0,daily_loss_stop
strict_exposure_ladder,855,2026-02-04,2026-02-04T15:38:00+00:00,2026-02-04T15:52:00+00:00,SPXW-20260204-06880.000-C,CALL,3200.0,460.0000000000001,0,0.0,509940.0,509940.0,513990.0,0.00788,-4050.0,0.0,daily_loss_stop
strict_exposure_ladder,856,2026-02-04,2026-02-04T16:02:00+00:00,2026-02-04T16:12:00+00:00,SPXW-20260204-06925.000-P,PUT,3140.0,589.9999999999999,0,0.0,509940.0,509940.0,513990.0,0.00788,-4050.0,0.0,daily_loss_stop
strict_exposure_ladder,857,2026-02-04,2026-02-04T16:19:00+00:00,2026-02-04T16:40:00+00:00,SPXW-20260204-06900.000-P,PUT,2140.0,30.00000000000007,0,0.0,509940.0,509940.0,513990.0,0.00788,-4050.0,0.0,daily_loss_stop
strict_exposure_ladder,858,2026-02-05,2026-02-05T15:57:00+00:00,2026-02-05T16:05:00+00:00,SPXW-20260205-06795.000-P,PUT,2680.0,59.99999999999979,1,2680.0,509940.0,510000.0,513990.0,0.00788,0.0,60.0,
strict_exposure_ladder,859,2026-02-05,2026-02-05T16:15:00+00:00,2026-02-05T16:39:00+00:00,SPXW-20260205-06765.000-C,CALL,3220.0000000000005,3259.9999999999995,1,3220.0000000000005,510000.0,513260.0,513990.0,0.007763,60.0,3260.0,
strict_exposure_ladder,860,2026-02-05,2026-02-05T18:30:00+00:00,2026-02-05T18:46:00+00:00,SPXW-20260205-06785.000-C,CALL,3400.0,-239.99999999999983,2,6800.0,513260.0,512780.0,513990.0,0.00142,3320.0,-480.0,
strict_exposure_ladder,861,2026-02-05,2026-02-05T18:46:00+00:00,2026-02-05T18:56:00+00:00,SPXW-20260205-06835.000-P,PUT,2760.0,1010.0,2,5520.0,512780.0,514800.0,514800.0,0.003924,2840.0,2020.0,
strict_exposure_ladder,862,2026-02-05,2026-02-05T19:01:00+00:00,2026-02-05T19:13:00+00:00,SPXW-20260205-06830.000-P,PUT,2820.0,-1480.0,2,5640.0,514800.0,511840.0,514800.0,0.0,4860.0,-2960.0,
strict_exposure_ladder,863,2026-02-05,2026-02-05T19:16:00+00:00,2026-02-05T19:25:00+00:00,SPXW-20260205-06795.000-C,CALL,3510.0,500.0,2,7020.0,511840.0,512840.0,514800.0,0.00575,1900.0,1000.0,
strict_exposure_ladder,864,2026-02-05,2026-02-05T19:44:00+00:00,2026-02-05T19:48:00+00:00,SPXW-20260205-06835.000-P,PUT,2510.0,319.99999999999994,3,7530.0,512840.0,513800.0,514800.0,0.003807,2900.0,960.0,
strict_exposure_ladder,865,2026-02-09,2026-02-09T15:12:00+00:00,2026-02-09T15:25:00+00:00,SPXW-20260209-06910.000-C,CALL,3190.0,580.0000000000005,2,6380.0,513800.0,514960.0,514960.0,0.002253,0.0,1160.0,
strict_exposure_ladder,866,2026-02-09,2026-02-09T18:32:00+00:00,2026-02-09T18:47:00+00:00,SPXW-20260209-06960.000-C,CALL,1070.0,200.0,3,3210.0,514960.0,515560.0,515560.0,0.001164,1160.0,600.0,
strict_exposure_ladder,867,2026-02-09,2026-02-09T19:04:00+00:00,2026-02-09T19:29:00+00:00,SPXW-20260209-06940.000-C,CALL,3279.9999999999995,700.0,2,6559.999999999999,515560.0,516960.0,516960.0,0.002708,1760.0,1400.0,
strict_exposure_ladder,868,2026-02-10,2026-02-10T15:01:00+00:00,2026-02-10T15:13:00+00:00,SPXW-20260210-06950.000-C,CALL,3229.9999999999995,130.00000000000043,2,6459.999999999999,516960.0,517220.0,517220.0,0.000503,0.0,260.0,
strict_exposure_ladder,869,2026-02-10,2026-02-10T15:26:00+00:00,2026-02-10T15:42:00+00:00,SPXW-20260210-06950.000-C,CALL,3100.0,129.99999999999972,2,6200.0,517220.0,517480.0,517480.0,0.000502,260.0,260.0,
strict_exposure_ladder,870,2026-02-11,2026-02-11T15:00:00+00:00,2026-02-11T15:20:00+00:00,SPXW-20260211-06985.000-P,PUT,2860.0,2919.9999999999995,2,5720.0,517480.0,523320.0,523320.0,0.01116,0.0,5840.0,
strict_exposure_ladder,871,2026-02-11,2026-02-11T15:29:00+00:00,2026-02-11T15:53:00+00:00,SPXW-20260211-06925.000-P,PUT,2060.0,-1030.0,3,6180.0,523320.0,520230.0,523320.0,0.0,5840.0,-3090.0,
strict_exposure_ladder,872,2026-02-11,2026-02-11T16:26:00+00:00,2026-02-11T16:33:00+00:00,SPXW-20260211-06955.000-P,PUT,1360.0,740.0,3,4080.0,520230.0,522450.0,523320.0,0.005905,2750.0,2220.0,
strict_exposure_ladder,873,2026-02-11,2026-02-11T18:41:00+00:00,2026-02-11T19:06:00+00:00,SPXW-20260211-06950.000-P,PUT,1090.0,-330.00000000000006,3,3270.0,522450.0,521460.0,523320.0,0.001662,4970.0,-990.0,
strict_exposure_ladder,874,2026-02-11,2026-02-11T19:19:00+00:00,2026-02-11T19:29:00+00:00,SPXW-20260211-06925.000-C,CALL,2930.0,309.9999999999998,2,5860.0,521460.0,522080.0,523320.0,0.003554,3980.0,620.0,
strict_exposure_ladder,875,2026-02-12,2026-02-12T15:00:00+00:00,2026-02-12T15:14:00+00:00,SPXW-20260212-06970.000-P,PUT,2700.0,-210.00000000000017,2,5400.0,522080.0,521660.0,523320.0,0.002369,0.0,-420.0,
strict_exposure_ladder,876,2026-02-12,2026-02-12T15:26:00+00:00,2026-02-12T15:51:00+00:00,SPXW-20260212-06980.000-P,PUT,3170.0,2610.0,2,6340.0,521660.0,526880.0,526880.0,0.009907,-420.0,5220.0,
strict_exposure_ladder,877,2026-02-13,2026-02-13T15:00:00+00:00,2026-02-13T15:14:00+00:00,SPXW-20260213-06810.000-C,CALL,3360.0,1269.9999999999995,2,6720.0,526880.0,529420.0,529420.0,0.004798,0.0,2540.0,
strict_exposure_ladder,878,2026-02-13,2026-02-13T15:20:00+00:00,2026-02-13T15:38:00+00:00,SPXW-20260213-06820.000-C,CALL,3160.0,1860.0,2,6320.0,529420.0,533140.0,533140.0,0.006978,2540.0,3720.0,
strict_exposure_ladder,879,2026-02-13,2026-02-13T15:51:00+00:00,2026-02-13T16:02:00+00:00,SPXW-20260213-06830.000-C,CALL,2680.0,690.0000000000002,2,5360.0,533140.0,534520.0,534520.0,0.002582,6260.0,1380.0,
strict_exposure_ladder,880,2026-02-13,2026-02-13T16:12:00+00:00,2026-02-13T16:21:00+00:00,SPXW-20260213-06860.000-P,PUT,2410.0,400.0,3,7230.0,534520.0,535720.0,535720.0,0.00224,7640.0,1200.0,
strict_exposure_ladder,881,2026-02-13,2026-02-13T18:30:00+00:00,2026-02-13T18:37:00+00:00,SPXW-20260213-06860.000-C,CALL,1970.0,269.99999999999994,3,5910.0,535720.0,536530.0,536530.0,0.00151,8840.0,810.0,
strict_exposure_ladder,882,2026-02-13,2026-02-13T18:45:00+00:00,2026-02-13T19:06:00+00:00,SPXW-20260213-06850.000-C,CALL,2370.0,-230.00000000000009,3,7110.0,536530.0,535840.0,536530.0,0.0,9650.0,-690.0,
strict_exposure_ladder,883,2026-02-13,2026-02-13T20:29:00+00:00,2026-02-13T20:42:00+00:00,SPXW-20260213-06805.000-C,CALL,2110.0,-170.00000000000028,3,6330.0,535840.0,535330.0,536530.0,0.001286,8960.0,-510.0,
strict_exposure_ladder,884,2026-02-17,2026-02-17T15:03:00+00:00,2026-02-17T15:22:00+00:00,SPXW-20260217-06775.000-C,CALL,3210.0,839.9999999999999,2,6420.0,535330.0,537010.0,537010.0,0.003128,0.0,1680.0,
strict_exposure_ladder,885,2026-02-17,2026-02-17T15:28:00+00:00,2026-02-17T15:40:00+00:00,SPXW-20260217-06810.000-P,PUT,3200.0,960.0,2,6400.0,537010.0,538930.0,538930.0,0.003563,1680.0,1920.0,
strict_exposure_ladder,886,2026-02-17,2026-02-17T15:47:00+00:00,2026-02-17T16:12:00+00:00,SPXW-20260217-06765.000-C,CALL,3490.0,3780.000000000001,2,6980.0,538930.0,546490.0,546490.0,0.013834,3600.0,7560.0,
strict_exposure_ladder,887,2026-02-18,2026-02-18T18:34:00+00:00,2026-02-18T18:42:00+00:00,SPXW-20260218-06875.000-C,CALL,2160.0,-110.00000000000014,3,6480.0,546490.0,546160.0,546490.0,0.0,0.0,-330.0,
strict_exposure_ladder,888,2026-02-18,2026-02-18T18:44:00+00:00,2026-02-18T19:02:00+00:00,SPXW-20260218-06870.000-C,CALL,2150.0,30.00000000000007,3,6450.0,546160.0,546250.0,546490.0,0.000604,-330.0,90.0,
strict_exposure_ladder,889,2026-02-18,2026-02-18T19:10:00+00:00,2026-02-18T19:35:00+00:00,SPXW-20260218-06875.000-C,CALL,1420.0,-589.9999999999999,3,4260.0,546250.0,544480.0,546490.0,0.000439,-240.0,-1770.0,
strict_exposure_ladder,890,2026-02-18,2026-02-18T19:39:00+00:00,2026-02-18T19:48:00+00:00,SPXW-20260218-06840.000-C,CALL,3070.0,509.9999999999998,0,0.0,544480.0,544480.0,546490.0,0.003678,-2010.0,0.0,daily_loss_stop
strict_exposure_ladder,891,2026-02-19,2026-02-19T15:00:00+00:00,2026-02-19T15:10:00+00:00,SPXW-20260219-06885.000-P,PUT,2860.0,360.0000000000001,2,5720.0,544480.0,545200.0,546490.0,0.003678,0.0,720.0,
strict_exposure_ladder,892,2026-02-19,2026-02-19T15:28:00+00:00,2026-02-19T15:51:00+00:00,SPXW-20260219-06885.000-P,PUT,3220.0000000000005,-430.00000000000045,2,6440.000000000001,545200.0,544340.0,546490.0,0.002361,720.0,-860.0,
strict_exposure_ladder,893,2026-02-19,2026-02-19T15:52:00+00:00,2026-02-19T16:11:00+00:00,SPXW-20260219-06835.000-C,CALL,3429.9999999999995,120.00000000000028,2,6859.999999999999,544340.0,544580.0,546490.0,0.003934,-140.0,240.0,
strict_exposure_ladder,894,2026-02-19,2026-02-19T16:28:00+00:00,2026-02-19T16:38:00+00:00,SPXW-20260219-06880.000-P,PUT,2150.0,180.00000000000006,3,6450.0,544580.0,545120.0,546490.0,0.003495,100.0,540.0,
strict_exposure_ladder,895,2026-02-19,2026-02-19T18:30:00+00:00,2026-02-19T18:40:00+00:00,SPXW-20260219-06820.000-C,CALL,2540.0,20.000000000000284,3,7620.0,545120.0,545180.0,546490.0,0.002507,640.0,60.0,
strict_exposure_ladder,896,2026-02-20,2026-02-20T15:07:00+00:00,2026-02-20T15:26:00+00:00,SPXW-20260220-06860.000-C,CALL,2640.0,1110.0000000000002,3,7920.0,545180.0,548510.0,548510.0,0.006071,0.0,3330.0,
strict_exposure_ladder,897,2026-02-20,2026-02-20T15:31:00+00:00,2026-02-20T15:40:00+00:00,SPXW-20260220-06870.000-C,CALL,2780.0,180.00000000000006,2,5560.0,548510.0,548870.0,548870.0,0.000656,3330.0,360.0,
strict_exposure_ladder,898,2026-02-20,2026-02-20T18:30:00+00:00,2026-02-20T18:35:00+00:00,SPXW-20260220-06870.000-C,CALL,2140.0,850.0,3,6420.0,548870.0,551420.0,551420.0,0.004624,3690.0,2550.0,
strict_exposure_ladder,899,2026-02-20,2026-02-20T19:11:00+00:00,2026-02-20T19:32:00+00:00,SPXW-20260220-06880.000-C,CALL,2870.0,-80.00000000000007,2,5740.0,551420.0,551260.0,551420.0,0.0,6240.0,-160.0,
strict_exposure_ladder,900,2026-02-20,2026-02-20T19:58:00+00:00,2026-02-20T20:02:00+00:00,SPXW-20260220-06880.000-C,CALL,1960.0,419.99999999999994,3,5880.0,551260.0,552520.0,552520.0,0.00228,6080.0,1260.0,
strict_exposure_ladder,901,2026-02-23,2026-02-23T15:00:00+00:00,2026-02-23T15:18:00+00:00,SPXW-20260223-06900.000-P,PUT,2750.0,1210.0000000000002,2,5500.0,552520.0,554940.0,554940.0,0.004361,0.0,2420.0,
strict_exposure_ladder,902,2026-02-23,2026-02-23T15:27:00+00:00,2026-02-23T15:37:00+00:00,SPXW-20260223-06885.000-P,PUT,2880.0,540.0000000000002,2,5760.0,554940.0,556020.0,556020.0,0.001942,2420.0,1080.0,
strict_exposure_ladder,903,2026-02-23,2026-02-23T18:30:00+00:00,2026-02-23T18:36:00+00:00,SPXW-20260223-06870.000-P,PUT,1870.0,50.0,3,5610.0,556020.0,556170.0,556170.0,0.00027,3500.0,150.0,
strict_exposure_ladder,904,2026-02-23,2026-02-23T18:41:00+00:00,2026-02-23T18:48:00+00:00,SPXW-20260223-06860.000-P,PUT,1410.0,200.00000000000017,3,4230.0,556170.0,556770.0,556770.0,0.001078,3650.0,600.0,
strict_exposure_ladder,905,2026-02-24,2026-02-24T15:00:00+00:00,2026-02-24T15:15:00+00:00,SPXW-20260224-06865.000-P,PUT,2740.0,-200.0,2,5480.0,556770.0,556370.0,556770.0,0.0,0.0,-400.0,
strict_exposure_ladder,906,2026-02-24,2026-02-24T15:16:00+00:00,2026-02-24T15:41:00+00:00,SPXW-20260224-06840.000-C,CALL,2200.0,1779.9999999999998,3,6600.0,556370.0,561710.0,561710.0,0.009507,-400.0,5340.0,
strict_exposure_ladder,907,2026-02-24,2026-02-24T18:31:00+00:00,2026-02-24T18:56:00+00:00,SPXW-20260224-06875.000-C,CALL,1420.0,540.0000000000002,3,4260.0,561710.0,563330.0,563330.0,0.002876,4940.0,1620.0,
strict_exposure_ladder,908,2026-02-24,2026-02-24T19:08:00+00:00,2026-02-24T19:32:00+00:00,SPXW-20260224-06860.000-C,CALL,2980.0,-290.0000000000002,2,5960.0,563330.0,562750.0,563330.0,0.0,6560.0,-580.0,
strict_exposure_ladder,909,2026-02-25,2026-02-25T15:06:00+00:00,2026-02-25T15:21:00+00:00,SPXW-20260225-06945.000-P,PUT,2290.0,210.00000000000017,3,6870.0,562750.0,563380.0,563380.0,0.001118,0.0,630.0,
strict_exposure_ladder,910,2026-02-25,2026-02-25T15:31:00+00:00,2026-02-25T15:56:00+00:00,SPXW-20260225-06895.000-C,CALL,3490.0,-769.9999999999999,2,6980.0,563380.0,561840.0,563380.0,0.0,630.0,-1540.0,
strict_exposure_ladder,911,2026-02-26,2026-02-26T15:00:00+00:00,2026-02-26T15:10:00+00:00,SPXW-20260226-06950.000-P,PUT,3320.0000000000005,439.9999999999999,2,6640.000000000001,561840.0,562720.0,563380.0,0.002734,0.0,880.0,
strict_exposure_ladder,912,2026-02-26,2026-02-26T15:26:00+00:00,2026-02-26T15:40:00+00:00,SPXW-20260226-06855.000-C,CALL,3060.0,600.0,2,6120.0,562720.0,563920.0,563920.0,0.002128,880.0,1200.0,
strict_exposure_ladder,913,2026-02-26,2026-02-26T15:42:00+00:00,2026-02-26T16:07:00+00:00,SPXW-20260226-06900.000-P,PUT,2640.0,-819.9999999999999,3,7920.0,563920.0,561460.0,563920.0,0.0,2080.0,-2460.0,
strict_exposure_ladder,914,2026-02-27,2026-02-27T15:01:00+00:00,2026-02-27T15:20:00+00:00,SPXW-20260227-06825.000-C,CALL,3420.0000000000005,569.9999999999995,2,6840.000000000001,561460.0,562600.0,563920.0,0.004362,0.0,1140.0,
strict_exposure_ladder,915,2026-02-27,2026-02-27T15:32:00+00:00,2026-02-27T15:54:00+00:00,SPXW-20260227-06885.000-P,PUT,3340.0,-289.9999999999999,2,6680.0,562600.0,562020.0,563920.0,0.002341,1140.0,-580.0,
strict_exposure_ladder,916,2026-02-27,2026-02-27T16:10:00+00:00,2026-02-27T16:27:00+00:00,SPXW-20260227-06835.000-C,CALL,3500.0,689.9999999999999,2,7000.0,562020.0,563400.0,563920.0,0.003369,560.0,1380.0,
strict_exposure_ladder,917,2026-02-27,2026-02-27T18:31:00+00:00,2026-02-27T18:43:00+00:00,SPXW-20260227-06830.000-C,CALL,2730.0,139.99999999999986,2,5460.0,563400.0,563680.0,563920.0,0.000922,1940.0,280.0,
strict_exposure_ladder,918,2026-02-27,2026-02-27T19:10:00+00:00,2026-02-27T19:24:00+00:00,SPXW-20260227-06880.000-P,PUT,2740.0,110.00000000000014,2,5480.0,563680.0,563900.0,563920.0,0.000426,2220.0,220.0,
strict_exposure_ladder,919,2026-03-02,2026-03-02T18:32:00+00:00,2026-03-02T18:57:00+00:00,SPXW-20260302-06850.000-C,CALL,3200.0,-869.9999999999999,2,6400.0,563900.0,562160.0,563920.0,3.5e-05,0.0,-1740.0,
strict_exposure_ladder,920,2026-03-02,2026-03-02T19:01:00+00:00,2026-03-02T19:17:00+00:00,SPXW-20260302-06850.000-C,CALL,2060.0,2060.0,0,0.0,562160.0,562160.0,563920.0,0.003121,-1740.0,0.0,daily_loss_stop
strict_exposure_ladder,921,2026-03-02,2026-03-02T19:54:00+00:00,2026-03-02T20:06:00+00:00,SPXW-20260302-06885.000-C,CALL,1540.0,-309.99999999999994,0,0.0,562160.0,562160.0,563920.0,0.003121,-1740.0,-0.0,daily_loss_stop
strict_exposure_ladder,922,2026-03-02,2026-03-02T20:11:00+00:00,2026-03-02T20:19:00+00:00,SPXW-20260302-06850.000-C,CALL,2400.0,639.9999999999999,0,0.0,562160.0,562160.0,563920.0,0.003121,-1740.0,0.0,daily_loss_stop
strict_exposure_ladder,923,2026-03-03,2026-03-03T15:31:00+00:00,2026-03-03T15:43:00+00:00,SPXW-20260303-06700.000-C,CALL,3310.0,1119.9999999999995,1,3310.0,562160.0,563280.0,563920.0,0.003121,0.0,1120.0,
strict_exposure_ladder,924,2026-03-03,2026-03-03T15:50:00+00:00,2026-03-03T15:56:00+00:00,SPXW-20260303-06735.000-P,PUT,2660.0,300.0,3,7980.0,563280.0,564180.0,564180.0,0.001595,1120.0,900.0,
strict_exposure_ladder,925,2026-03-03,2026-03-03T15:56:00+00:00,2026-03-03T16:09:00+00:00,SPXW-20260303-06710.000-C,CALL,2810.0,2840.0,2,5620.0,564180.0,569860.0,569860.0,0.009967,2020.0,5680.0,
strict_exposure_ladder,926,2026-03-03,2026-03-03T16:13:00+00:00,2026-03-03T16:30:00+00:00,SPXW-20260303-06735.000-C,CALL,3440.0,1070.0000000000002,2,6880.0,569860.0,572000.0,572000.0,0.003741,7700.0,2140.0,
strict_exposure_ladder,927,2026-03-03,2026-03-03T19:11:00+00:00,2026-03-03T19:23:00+00:00,SPXW-20260303-06800.000-C,CALL,1930.0,1189.9999999999998,3,5790.0,572000.0,575570.0,575570.0,0.006203,9840.0,3570.0,
strict_exposure_ladder,928,2026-03-03,2026-03-03T19:36:00+00:00,2026-03-03T19:48:00+00:00,SPXW-20260303-06785.000-C,CALL,2690.0,2750.0,2,5380.0,575570.0,581070.0,581070.0,0.009465,13410.0,5500.0,
strict_exposure_ladder,929,2026-03-04,2026-03-04T15:03:00+00:00,2026-03-04T15:21:00+00:00,SPXW-20260304-06860.000-P,PUT,3500.0,-1840.0,2,7000.0,581070.0,577390.0,581070.0,0.0,0.0,-3680.0,
strict_exposure_ladder,930,2026-03-04,2026-03-04T15:43:00+00:00,2026-03-04T15:52:00+00:00,SPXW-20260304-06840.000-C,CALL,2790.0,260.0000000000001,0,0.0,577390.0,577390.0,581070.0,0.006333,-3680.0,0.0,daily_loss_stop
strict_exposure_ladder,931,2026-03-04,2026-03-04T16:06:00+00:00,2026-03-04T16:18:00+00:00,SPXW-20260304-06855.000-C,CALL,2510.0,-570.0000000000002,0,0.0,577390.0,577390.0,581070.0,0.006333,-3680.0,-0.0,daily_loss_stop
strict_exposure_ladder,932,2026-03-04,2026-03-04T18:30:00+00:00,2026-03-04T18:48:00+00:00,SPXW-20260304-06865.000-C,CALL,1530.0,169.99999999999994,0,0.0,577390.0,577390.0,581070.0,0.006333,-3680.0,0.0,daily_loss_stop
strict_exposure_ladder,933,2026-03-04,2026-03-04T19:04:00+00:00,2026-03-04T19:15:00+00:00,SPXW-20260304-06855.000-C,CALL,2860.0,0.0,0,0.0,577390.0,577390.0,581070.0,0.006333,-3680.0,0.0,daily_loss_stop
strict_exposure_ladder,934,2026-03-05,2026-03-05T15:07:00+00:00,2026-03-05T15:31:00+00:00,SPXW-20260305-06880.000-P,PUT,3370.0000000000005,3650.0,2,6740.000000000001,577390.0,584690.0,584690.0,0.012485,0.0,7300.0,
strict_exposure_ladder,935,2026-03-05,2026-03-05T15:37:00+00:00,2026-03-05T15:49:00+00:00,SPXW-20260305-06805.000-C,CALL,2580.0,899.9999999999997,3,7740.0,584690.0,587390.0,587390.0,0.004597,7300.0,2700.0,
strict_exposure_ladder,936,2026-03-05,2026-03-05T15:50:00+00:00,2026-03-05T16:15:00+00:00,SPXW-20260305-06805.000-C,CALL,3210.0,-980.0,2,6420.0,587390.0,585430.0,587390.0,0.0,10000.0,-1960.0,
strict_exposure_ladder,937,2026-03-05,2026-03-05T18:38:00+00:00,2026-03-05T18:45:00+00:00,SPXW-20260305-06750.000-C,CALL,3410.0,960.0,2,6820.0,585430.0,587350.0,587390.0,0.003337,8040.0,1920.0,
strict_exposure_ladder,938,2026-03-05,2026-03-05T19:05:00+00:00,2026-03-05T19:15:00+00:00,SPXW-20260305-06760.000-C,CALL,2620.0,369.99999999999994,3,7860.0,587350.0,588460.0,588460.0,0.001886,9960.0,1110.0,
strict_exposure_ladder,939,2026-03-06,2026-03-06T15:00:00+00:00,2026-03-06T15:19:00+00:00,SPXW-20260306-06710.000-C,CALL,3479.9999999999995,1370.0000000000002,2,6959.999999999999,588460.0,591200.0,591200.0,0.004635,0.0,2740.0,
strict_exposure_ladder,940,2026-03-06,2026-03-06T16:18:00+00:00,2026-03-06T16:30:00+00:00,SPXW-20260306-06735.000-C,CALL,3240.0,80.00000000000043,2,6480.0,591200.0,591360.0,591360.0,0.000271,2740.0,160.0,
strict_exposure_ladder,941,2026-03-06,2026-03-06T18:30:00+00:00,2026-03-06T18:44:00+00:00,SPXW-20260306-06730.000-C,CALL,3460.0,-80.00000000000043,2,6920.0,591360.0,591200.0,591360.0,0.0,2900.0,-160.0,
strict_exposure_ladder,942,2026-03-06,2026-03-06T18:58:00+00:00,2026-03-06T19:12:00+00:00,SPXW-20260306-06725.000-C,CALL,3420.0000000000005,639.9999999999999,2,6840.000000000001,591200.0,592480.0,592480.0,0.00216,2740.0,1280.0,
strict_exposure_ladder,943,2026-03-09,2026-03-09T14:04:00+00:00,2026-03-09T14:25:00+00:00,SPXW-20260309-06650.000-C,CALL,3460.0,-180.00000000000043,2,6920.0,592480.0,592120.0,592480.0,0.0,0.0,-360.0,
strict_exposure_ladder,944,2026-03-09,2026-03-09T14:30:00+00:00,2026-03-09T14:43:00+00:00,SPXW-20260309-06640.000-C,CALL,3150.0,1489.9999999999998,2,6300.0,592120.0,595100.0,595100.0,0.005008,-360.0,2980.0,
strict_exposure_ladder,945,2026-03-09,2026-03-09T17:30:00+00:00,2026-03-09T17:52:00+00:00,SPXW-20260309-06670.000-C,CALL,3460.0,-180.00000000000043,2,6920.0,595100.0,594740.0,595100.0,0.0,2620.0,-360.0,
strict_exposure_ladder,946,2026-03-10,2026-03-10T14:00:00+00:00,2026-03-10T14:12:00+00:00,SPXW-20260310-06790.000-P,PUT,3279.9999999999995,650.0,2,6559.999999999999,594740.0,596040.0,596040.0,0.002181,0.0,1300.0,
strict_exposure_ladder,947,2026-03-10,2026-03-10T14:15:00+00:00,2026-03-10T14:31:00+00:00,SPXW-20260310-06785.000-P,PUT,3130.0,-1680.0,2,6260.0,596040.0,592680.0,596040.0,0.0,1300.0,-3360.0,
strict_exposure_ladder,948,2026-03-10,2026-03-10T17:39:00+00:00,2026-03-10T17:57:00+00:00,SPXW-20260310-06815.000-C,CALL,1500.0,560.0000000000001,0,0.0,592680.0,592680.0,596040.0,0.005637,-2060.0,0.0,daily_loss_stop
strict_exposure_ladder,949,2026-03-11,2026-03-11T14:00:00+00:00,2026-03-11T14:19:00+00:00,SPXW-20260311-06785.000-C,CALL,2480.0,-60.00000000000014,3,7440.0,592680.0,592500.0,596040.0,0.005637,0.0,-180.0,
strict_exposure_ladder,950,2026-03-11,2026-03-11T14:33:00+00:00,2026-03-11T14:58:00+00:00,SPXW-20260311-06790.000-P,PUT,3260.0,-1530.0,2,6520.0,592500.0,589440.0,596040.0,0.005939,-180.0,-3060.0,
strict_exposure_ladder,951,2026-03-11,2026-03-11T15:12:00+00:00,2026-03-11T15:20:00+00:00,SPXW-20260311-06770.000-P,PUT,1450.0,680.0000000000001,0,0.0,589440.0,589440.0,596040.0,0.011073,-3240.0,0.0,daily_loss_stop
strict_exposure_ladder,952,2026-03-12,2026-03-12T14:04:00+00:00,2026-03-12T14:12:00+00:00,SPXW-20260312-06735.000-P,PUT,3110.0,59.99999999999979,1,3110.0,589440.0,589500.0,596040.0,0.011073,0.0,60.0,
strict_exposure_ladder,953,2026-03-12,2026-03-12T14:13:00+00:00,2026-03-12T14:24:00+00:00,SPXW-20260312-06740.000-P,PUT,3220.0000000000005,1300.0,1,3220.0000000000005,589500.0,590800.0,596040.0,0.010972,60.0,1300.0,
strict_exposure_ladder,954,2026-03-12,2026-03-12T14:44:00+00:00,2026-03-12T15:04:00+00:00,SPXW-20260312-06675.000-C,CALL,3329.9999999999995,-169.99999999999957,1,3329.9999999999995,590800.0,590630.0,596040.0,0.008791,1360.0,-170.0,
strict_exposure_ladder,955,2026-03-12,2026-03-12T17:31:00+00:00,2026-03-12T17:35:00+00:00,SPXW-20260312-06725.000-P,PUT,2900.0,19.99999999999993,1,2900.0,590630.0,590650.0,596040.0,0.009077,1190.0,20.0,
strict_exposure_ladder,956,2026-03-12,2026-03-12T17:40:00+00:00,2026-03-12T18:05:00+00:00,SPXW-20260312-06680.000-C,CALL,3000.0,-800.0,1,3000.0,590650.0,589850.0,596040.0,0.009043,1210.0,-800.0,
strict_exposure_ladder,957,2026-03-12,2026-03-12T18:12:00+00:00,2026-03-12T18:22:00+00:00,SPXW-20260312-06725.000-P,PUT,2820.0,920.0,1,2820.0,589850.0,590770.0,596040.0,0.010385,410.0,920.0,
strict_exposure_ladder,958,2026-03-13,2026-03-13T14:30:00+00:00,2026-03-13T14:49:00+00:00,SPXW-20260313-06685.000-C,CALL,2890.0,-1020.0,1,2890.0,590770.0,589750.0,596040.0,0.008842,0.0,-1020.0,
strict_exposure_ladder,959,2026-03-13,2026-03-13T15:12:00+00:00,2026-03-13T15:23:00+00:00,SPXW-20260313-06650.000-C,CALL,3350.0,-169.99999999999994,0,0.0,589750.0,589750.0,596040.0,0.010553,-1020.0,-0.0,daily_loss_stop
strict_exposure_ladder,960,2026-03-13,2026-03-13T17:30:00+00:00,2026-03-13T17:36:00+00:00,SPXW-20260313-06665.000-P,PUT,1970.0,350.0,0,0.0,589750.0,589750.0,596040.0,0.010553,-1020.0,0.0,daily_loss_stop
strict_exposure_ladder,961,2026-03-13,2026-03-13T17:49:00+00:00,2026-03-13T18:00:00+00:00,SPXW-20260313-06650.000-P,PUT,1739.9999999999998,300.0,0,0.0,589750.0,589750.0,596040.0,0.010553,-1020.0,0.0,daily_loss_stop
strict_exposure_ladder,962,2026-03-13,2026-03-13T18:04:00+00:00,2026-03-13T18:15:00+00:00,SPXW-20260313-06610.000-C,CALL,3310.0,250.0,0,0.0,589750.0,589750.0,596040.0,0.010553,-1020.0,0.0,daily_loss_stop
strict_exposure_ladder,963,2026-03-13,2026-03-13T18:29:00+00:00,2026-03-13T18:41:00+00:00,SPXW-20260313-06620.000-C,CALL,2380.0,1030.0,0,0.0,589750.0,589750.0,596040.0,0.010553,-1020.0,0.0,daily_loss_stop
strict_exposure_ladder,964,2026-03-16,2026-03-16T14:41:00+00:00,2026-03-16T14:58:00+00:00,SPXW-20260316-06670.000-C,CALL,3279.9999999999995,640.0000000000006,1,3279.9999999999995,589750.0,590390.0,596040.0,0.010553,0.0,640.0,
strict_exposure_ladder,965,2026-03-16,2026-03-16T14:59:00+00:00,2026-03-16T15:10:00+00:00,SPXW-20260316-06675.000-C,CALL,3290.0,110.00000000000014,1,3290.0,590390.0,590500.0,596040.0,0.009479,640.0,110.0,
strict_exposure_ladder,966,2026-03-16,2026-03-16T15:11:00+00:00,2026-03-16T15:36:00+00:00,SPXW-20260316-06725.000-P,PUT,3190.0,-1409.9999999999998,1,3190.0,590500.0,589090.0,596040.0,0.009295,750.0,-1410.0,
strict_exposure_ladder,967,2026-03-16,2026-03-16T17:30:00+00:00,2026-03-16T17:55:00+00:00,SPXW-20260316-06670.000-C,CALL,3390.0,-659.9999999999998,1,3390.0,589090.0,588430.0,596040.0,0.01166,-660.0,-660.0,
strict_exposure_ladder,968,2026-03-16,2026-03-16T17:55:00+00:00,2026-03-16T18:04:00+00:00,SPXW-20260316-06665.000-C,CALL,3229.9999999999995,180.00000000000043,0,0.0,588430.0,588430.0,596040.0,0.012768,-1320.0,0.0,daily_loss_stop
strict_exposure_ladder,969,2026-03-17,2026-03-17T14:04:00+00:00,2026-03-17T14:27:00+00:00,SPXW-20260317-06715.000-C,CALL,3270.0000000000005,-720.0000000000002,1,3270.0000000000005,588430.0,587710.0,596040.0,0.012768,0.0,-720.0,
strict_exposure_ladder,970,2026-03-17,2026-03-17T14:31:00+00:00,2026-03-17T14:41:00+00:00,SPXW-20260317-06745.000-P,PUT,1850.0,80.00000000000007,1,1850.0,587710.0,587790.0,596040.0,0.013976,-720.0,80.0,
strict_exposure_ladder,971,2026-03-17,2026-03-17T14:43:00+00:00,2026-03-17T14:57:00+00:00,SPXW-20260317-06710.000-C,CALL,3350.0,200.0,1,3350.0,587790.0,587990.0,596040.0,0.013841,-640.0,200.0,
strict_exposure_ladder,972,2026-03-17,2026-03-17T15:04:00+00:00,2026-03-17T15:15:00+00:00,SPXW-20260317-06765.000-P,PUT,3080.0,640.0000000000002,1,3080.0,587990.0,588630.0,596040.0,0.013506,-440.0,640.0,
strict_exposure_ladder,973,2026-03-18,2026-03-18T14:00:00+00:00,2026-03-18T14:15:00+00:00,SPXW-20260318-06725.000-P,PUT,3429.9999999999995,1600.0,1,3429.9999999999995,588630.0,590230.0,596040.0,0.012432,0.0,1600.0,
strict_exposure_ladder,974,2026-03-18,2026-03-18T14:25:00+00:00,2026-03-18T14:38:00+00:00,SPXW-20260318-06705.000-P,PUT,3490.0,830.0000000000005,1,3490.0,590230.0,591060.0,596040.0,0.009748,1600.0,830.0,
strict_exposure_ladder,975,2026-03-19,2026-03-19T14:31:00+00:00,2026-03-19T14:48:00+00:00,SPXW-20260319-06550.000-C,CALL,3450.0,410.0000000000001,2,6900.0,591060.0,591880.0,596040.0,0.008355,0.0,820.0,
strict_exposure_ladder,976,2026-03-19,2026-03-19T14:55:00+00:00,2026-03-19T15:04:00+00:00,SPXW-20260319-06605.000-P,PUT,2830.0,-340.0000000000002,2,5660.0,591880.0,591200.0,596040.0,0.006979,820.0,-680.0,
strict_exposure_ladder,977,2026-03-19,2026-03-19T15:05:00+00:00,2026-03-19T15:17:00+00:00,SPXW-20260319-06570.000-C,CALL,3250.0,770.0000000000002,2,6500.0,591200.0,592740.0,596040.0,0.00812,140.0,1540.0,
strict_exposure_ladder,978,2026-03-19,2026-03-19T15:19:00+00:00,2026-03-19T15:29:00+00:00,SPXW-20260319-06615.000-P,PUT,2710.0,900.0,2,5420.0,592740.0,594540.0,596040.0,0.005537,1680.0,1800.0,
strict_exposure_ladder,979,2026-03-19,2026-03-19T17:30:00+00:00,2026-03-19T17:51:00+00:00,SPXW-20260319-06550.000-C,CALL,3200.0,-169.99999999999994,2,6400.0,594540.0,594200.0,596040.0,0.002517,3480.0,-340.0,
strict_exposure_ladder,980,2026-03-19,2026-03-19T17:56:00+00:00,2026-03-19T18:05:00+00:00,SPXW-20260319-06610.000-P,PUT,2810.0,660.0000000000001,2,5620.0,594200.0,595520.0,596040.0,0.003087,3140.0,1320.0,
strict_exposure_ladder,981,2026-03-20,2026-03-20T14:00:00+00:00,2026-03-20T14:12:00+00:00,SPXW-20260320-06580.000-P,PUT,3420.0000000000005,550.0,2,6840.000000000001,595520.0,596620.0,596620.0,0.001844,0.0,1100.0,
strict_exposure_ladder,982,2026-03-20,2026-03-20T14:30:00+00:00,2026-03-20T14:47:00+00:00,SPXW-20260320-06520.000-C,CALL,3470.0000000000005,369.99999999999955,2,6940.000000000001,596620.0,597360.0,597360.0,0.001239,1100.0,740.0,
strict_exposure_ladder,983,2026-03-20,2026-03-20T14:49:00+00:00,2026-03-20T15:02:00+00:00,SPXW-20260320-06530.000-C,CALL,3220.0000000000005,-60.00000000000014,2,6440.000000000001,597360.0,597240.0,597360.0,0.0,1840.0,-120.0,
strict_exposure_ladder,984,2026-03-20,2026-03-20T15:16:00+00:00,2026-03-20T15:23:00+00:00,SPXW-20260320-06585.000-P,PUT,3460.0,910.0,2,6920.0,597240.0,599060.0,599060.0,0.003038,1720.0,1820.0,
strict_exposure_ladder,985,2026-03-20,2026-03-20T15:23:00+00:00,2026-03-20T15:38:00+00:00,SPXW-20260320-06520.000-C,CALL,3329.9999999999995,370.0000000000003,2,6659.999999999999,599060.0,599800.0,599800.0,0.001234,3540.0,740.0,
strict_exposure_ladder,986,2026-03-20,2026-03-20T17:36:00+00:00,2026-03-20T17:45:00+00:00,SPXW-20260320-06545.000-P,PUT,1530.0,69.99999999999993,3,4590.0,599800.0,600010.0,600010.0,0.00035,4280.0,210.0,
strict_exposure_ladder,987,2026-03-20,2026-03-20T18:04:00+00:00,2026-03-20T18:14:00+00:00,SPXW-20260320-06565.000-P,PUT,3110.0,439.9999999999999,2,6220.0,600010.0,600890.0,600890.0,0.001464,4490.0,880.0,
strict_exposure_ladder,988,2026-03-23,2026-03-23T17:30:00+00:00,2026-03-23T17:43:00+00:00,SPXW-20260323-06565.000-C,CALL,2260.0,1329.9999999999998,3,6780.0,600890.0,604880.0,604880.0,0.006596,0.0,3990.0,
strict_exposure_ladder,989,2026-03-23,2026-03-23T17:56:00+00:00,2026-03-23T18:06:00+00:00,SPXW-20260323-06590.000-C,CALL,1940.0,120.00000000000028,3,5820.0,604880.0,605240.0,605240.0,0.000595,3990.0,360.0,
strict_exposure_ladder,990,2026-03-23,2026-03-23T18:07:00+00:00,2026-03-23T18:15:00+00:00,SPXW-20260323-06605.000-P,PUT,1100.0,59.999999999999964,3,3300.0,605240.0,605420.0,605420.0,0.000297,4350.0,180.0,
strict_exposure_ladder,991,2026-03-23,2026-03-23T18:16:00+00:00,2026-03-23T18:23:00+00:00,SPXW-20260323-06610.000-P,PUT,1360.0,279.9999999999999,3,4080.0,605420.0,606260.0,606260.0,0.001386,4530.0,840.0,
strict_exposure_ladder,992,2026-03-23,2026-03-23T18:25:00+00:00,2026-03-23T18:39:00+00:00,SPXW-20260323-06575.000-C,CALL,2880.0,1649.9999999999995,2,5760.0,606260.0,609560.0,609560.0,0.005414,5370.0,3300.0,
strict_exposure_ladder,993,2026-03-23,2026-03-23T18:42:00+00:00,2026-03-23T18:50:00+00:00,SPXW-20260323-06595.000-C,CALL,2080.0,350.0,3,6240.0,609560.0,610610.0,610610.0,0.00172,8670.0,1050.0,
strict_exposure_ladder,994,2026-03-24,2026-03-24T14:00:00+00:00,2026-03-24T14:19:00+00:00,SPXW-20260324-06520.000-C,CALL,3370.0000000000005,509.99999999999943,2,6740.000000000001,610610.0,611630.0,611630.0,0.001668,0.0,1020.0,
strict_exposure_ladder,995,2026-03-24,2026-03-24T14:40:00+00:00,2026-03-24T15:00:00+00:00,SPXW-20260324-06535.000-C,CALL,3040.0,1010.0,2,6080.0,611630.0,613650.0,613650.0,0.003292,1020.0,2020.0,
strict_exposure_ladder,996,2026-03-24,2026-03-24T17:30:00+00:00,2026-03-24T17:42:00+00:00,SPXW-20260324-06530.000-C,CALL,3329.9999999999995,-209.99999999999977,2,6659.999999999999,613650.0,613230.0,613650.0,0.0,3040.0,-420.0,
strict_exposure_ladder,997,2026-03-24,2026-03-24T17:55:00+00:00,2026-03-24T18:08:00+00:00,SPXW-20260324-06550.000-C,CALL,1520.0,750.0,3,4560.0,613230.0,615480.0,615480.0,0.003656,2620.0,2250.0,
strict_exposure_ladder,998,2026-03-25,2026-03-25T14:10:00+00:00,2026-03-25T14:20:00+00:00,SPXW-20260325-06620.000-P,PUT,3390.0,-519.9999999999999,2,6780.0,615480.0,614440.0,615480.0,0.0,0.0,-1040.0,
strict_exposure_ladder,999,2026-03-25,2026-03-25T14:20:00+00:00,2026-03-25T14:30:00+00:00,SPXW-20260325-06595.000-C,CALL,2310.0,229.99999999999972,0,0.0,614440.0,614440.0,615480.0,0.00169,-1040.0,0.0,daily_loss_stop
strict_exposure_ladder,1000,2026-03-25,2026-03-25T14:36:00+00:00,2026-03-25T14:47:00+00:00,SPXW-20260325-06630.000-P,PUT,2840.0,-159.99999999999977,0,0.0,614440.0,614440.0,615480.0,0.00169,-1040.0,-0.0,daily_loss_stop
strict_exposure_ladder,1001,2026-03-25,2026-03-25T14:48:00+00:00,2026-03-25T14:59:00+00:00,SPXW-20260325-06590.000-C,CALL,3190.0,50.0,0,0.0,614440.0,614440.0,615480.0,0.00169,-1040.0,0.0,daily_loss_stop
strict_exposure_ladder,1002,2026-03-25,2026-03-25T15:16:00+00:00,2026-03-25T15:18:00+00:00,SPXW-20260325-06580.000-P,PUT,1220.0,1440.0000000000002,0,0.0,614440.0,614440.0,615480.0,0.00169,-1040.0,0.0,daily_loss_stop
strict_exposure_ladder,1003,2026-03-25,2026-03-25T15:24:00+00:00,2026-03-25T15:35:00+00:00,SPXW-20260325-06580.000-C,CALL,2370.0,869.9999999999999,0,0.0,614440.0,614440.0,615480.0,0.00169,-1040.0,0.0,daily_loss_stop
strict_exposure_ladder,1004,2026-03-26,2026-03-26T14:47:00+00:00,2026-03-26T15:02:00+00:00,SPXW-20260326-06540.000-C,CALL,2370.0,-219.99999999999991,3,7110.0,614440.0,613780.0,615480.0,0.00169,0.0,-660.0,
strict_exposure_ladder,1005,2026-03-26,2026-03-26T15:04:00+00:00,2026-03-26T15:15:00+00:00,SPXW-20260326-06565.000-P,PUT,2490.0,70.00000000000028,3,7470.0,613780.0,613990.0,615480.0,0.002762,-660.0,210.0,
strict_exposure_ladder,1006,2026-03-26,2026-03-26T15:16:00+00:00,2026-03-26T15:27:00+00:00,SPXW-20260326-06565.000-P,PUT,2540.0,220.00000000000028,3,7620.0,613990.0,614650.0,615480.0,0.002421,-450.0,660.0,
strict_exposure_ladder,1007,2026-03-26,2026-03-26T15:29:00+00:00,2026-03-26T15:46:00+00:00,SPXW-20260326-06575.000-P,PUT,3440.0,589.9999999999999,2,6880.0,614650.0,615830.0,615830.0,0.001916,210.0,1180.0,
strict_exposure_ladder,1008,2026-03-26,2026-03-26T17:31:00+00:00,2026-03-26T17:42:00+00:00,SPXW-20260326-06530.000-P,PUT,2320.0,240.00000000000023,3,6960.0,615830.0,616550.0,616550.0,0.001168,1390.0,720.0,
strict_exposure_ladder,1009,2026-03-26,2026-03-26T18:28:00+00:00,2026-03-26T18:53:00+00:00,SPXW-20260326-06525.000-P,PUT,3490.0,-769.9999999999999,2,6980.0,616550.0,615010.0,616550.0,0.0,2110.0,-1540.0,
strict_exposure_ladder,1010,2026-03-27,2026-03-27T14:01:00+00:00,2026-03-27T14:11:00+00:00,SPXW-20260327-06425.000-P,PUT,2510.0,169.99999999999994,3,7530.0,615010.0,615520.0,616550.0,0.002498,0.0,510.0,
strict_exposure_ladder,1011,2026-03-27,2026-03-27T14:11:00+00:00,2026-03-27T14:21:00+00:00,SPXW-20260327-06405.000-C,CALL,2810.0,1050.0,2,5620.0,615520.0,617620.0,617620.0,0.0034,510.0,2100.0,
strict_exposure_ladder,1012,2026-03-27,2026-03-27T14:26:00+00:00,2026-03-27T14:37:00+00:00,SPXW-20260327-06440.000-P,PUT,3000.0,250.0,2,6000.0,617620.0,618120.0,618120.0,0.000809,2610.0,500.0,
strict_exposure_ladder,1013,2026-03-27,2026-03-27T14:38:00+00:00,2026-03-27T14:48:00+00:00,SPXW-20260327-06435.000-P,PUT,2960.0,-150.0,2,5920.0,618120.0,617820.0,618120.0,0.0,3110.0,-300.0,
strict_exposure_ladder,1014,2026-03-27,2026-03-27T14:49:00+00:00,2026-03-27T15:01:00+00:00,SPXW-20260327-06400.000-C,CALL,3260.0,319.99999999999955,2,6520.0,617820.0,618460.0,618460.0,0.001035,2810.0,640.0,
strict_exposure_ladder,1015,2026-03-27,2026-03-27T15:03:00+00:00,2026-03-27T15:17:00+00:00,SPXW-20260327-06405.000-C,CALL,3360.0,-610.0000000000001,2,6720.0,618460.0,617240.0,618460.0,0.0,3450.0,-1220.0,
strict_exposure_ladder,1016,2026-03-27,2026-03-27T15:23:00+00:00,2026-03-27T15:36:00+00:00,SPXW-20260327-06420.000-C,CALL,1730.0,1450.0,3,5190.0,617240.0,621590.0,621590.0,0.006998,2230.0,4350.0,
strict_exposure_ladder,1017,2026-03-27,2026-03-27T18:41:00+00:00,2026-03-27T19:04:00+00:00,SPXW-20260327-06355.000-C,CALL,2940.0,-829.9999999999998,2,5880.0,621590.0,619930.0,621590.0,0.0,6580.0,-1660.0,
strict_exposure_ladder,1018,2026-03-30,2026-03-30T14:15:00+00:00,2026-03-30T14:27:00+00:00,SPXW-20260330-06405.000-P,PUT,3030.0,280.00000000000006,2,6060.0,619930.0,620490.0,621590.0,0.002671,0.0,560.0,
strict_exposure_ladder,1019,2026-03-30,2026-03-30T14:35:00+00:00,2026-03-30T14:46:00+00:00,SPXW-20260330-06400.000-P,PUT,2950.0,489.9999999999999,2,5900.0,620490.0,621470.0,621590.0,0.00177,560.0,980.0,
strict_exposure_ladder,1020,2026-03-30,2026-03-30T14:46:00+00:00,2026-03-30T15:08:00+00:00,SPXW-20260330-06355.000-C,CALL,3180.0,1340.0000000000002,2,6360.0,621470.0,624150.0,624150.0,0.004294,1540.0,2680.0,
strict_exposure_ladder,1021,2026-03-30,2026-03-30T15:20:00+00:00,2026-03-30T15:38:00+00:00,SPXW-20260330-06365.000-C,CALL,3270.0000000000005,1350.0,2,6540.000000000001,624150.0,626850.0,626850.0,0.004307,4220.0,2700.0,
strict_exposure_ladder,1022,2026-03-30,2026-03-30T17:30:00+00:00,2026-03-30T17:36:00+00:00,SPXW-20260330-06390.000-P,PUT,3379.9999999999995,470.0000000000003,2,6759.999999999999,626850.0,627790.0,627790.0,0.001497,6920.0,940.0,
strict_exposure_ladder,1023,2026-03-30,2026-03-30T17:36:00+00:00,2026-03-30T17:46:00+00:00,SPXW-20260330-06335.000-C,CALL,2370.0,1090.0000000000002,3,7110.0,627790.0,631060.0,631060.0,0.005182,7860.0,3270.0,
strict_exposure_ladder,1024,2026-03-30,2026-03-30T18:04:00+00:00,2026-03-30T18:11:00+00:00,SPXW-20260330-06380.000-P,PUT,2370.0,360.0000000000001,3,7110.0,631060.0,632140.0,632140.0,0.001708,11130.0,1080.0,
strict_exposure_ladder,1025,2026-03-31,2026-03-31T14:46:00+00:00,2026-03-31T15:09:00+00:00,SPXW-20260331-06405.000-C,CALL,3200.0,389.9999999999999,2,6400.0,632140.0,632920.0,632920.0,0.001232,0.0,780.0,
strict_exposure_ladder,1026,2026-03-31,2026-03-31T18:00:00+00:00,2026-03-31T18:10:00+00:00,SPXW-20260331-06465.000-C,CALL,3030.0,869.9999999999999,2,6060.0,632920.0,634660.0,634660.0,0.002742,780.0,1740.0,
strict_exposure_ladder,1027,2026-03-31,2026-03-31T18:27:00+00:00,2026-03-31T18:44:00+00:00,SPXW-20260331-06465.000-C,CALL,3300.0,550.0,2,6600.0,634660.0,635760.0,635760.0,0.00173,2520.0,1100.0,
strict_exposure_ladder,1028,2026-03-31,2026-03-31T19:09:00+00:00,2026-03-31T19:16:00+00:00,SPXW-20260331-06485.000-C,CALL,2360.0,1150.0,3,7080.0,635760.0,639210.0,639210.0,0.005397,3620.0,3450.0,
conservative_profit_ladder,1,2024-10-01,2024-10-01T14:15:00+00:00,2024-10-01T14:21:00+00:00,SPXW-20241001-05710.000-P,PUT,2480.0,-50.0,1,2480.0,10000.0,9950.0,10000.0,0.0,0.0,-50.0,
conservative_profit_ladder,2,2024-10-01,2024-10-01T14:21:00+00:00,2024-10-01T14:39:00+00:00,SPXW-20241001-05675.000-C,CALL,3100.0,300.0,1,3100.0,9950.0,10250.0,10250.0,0.029268,-50.0,300.0,
conservative_profit_ladder,3,2024-10-01,2024-10-01T14:41:00+00:00,2024-10-01T15:05:00+00:00,SPXW-20241001-05675.000-C,CALL,3400.0,-460.0000000000001,1,3400.0,10250.0,9790.0,10250.0,0.0,250.0,-460.0,
conservative_profit_ladder,4,2024-10-01,2024-10-01T15:19:00+00:00,2024-10-01T15:44:00+00:00,SPXW-20241001-05665.000-C,CALL,2640.0,2430.0000000000005,1,2640.0,9790.0,12220.0,12220.0,0.198854,-210.0,2430.0,
conservative_profit_ladder,5,2024-10-01,2024-10-01T17:31:00+00:00,2024-10-01T17:56:00+00:00,SPXW-20241001-05680.000-C,CALL,1590.0,1510.0,1,1590.0,12220.0,13730.0,13730.0,0.109978,2220.0,1510.0,
conservative_profit_ladder,6,2024-10-01,2024-10-01T18:43:00+00:00,2024-10-01T19:07:00+00:00,SPXW-20241001-05715.000-C,CALL,1300.0,-169.99999999999994,1,1300.0,13730.0,13560.0,13730.0,0.0,3730.0,-170.0,
conservative_profit_ladder,7,2024-10-01,2024-10-01T19:14:00+00:00,2024-10-01T19:22:00+00:00,SPXW-20241001-05695.000-C,CALL,2620.0,350.0,1,2620.0,13560.0,13910.0,13910.0,0.025162,3560.0,350.0,
conservative_profit_ladder,8,2024-10-02,2024-10-02T14:00:00+00:00,2024-10-02T14:12:00+00:00,SPXW-20241002-05675.000-C,CALL,2540.0,620.0000000000002,1,2540.0,13910.0,14530.0,14530.0,0.04267,0.0,620.0,
conservative_profit_ladder,9,2024-10-02,2024-10-02T14:25:00+00:00,2024-10-02T14:50:00+00:00,SPXW-20241002-05665.000-C,CALL,3520.0000000000005,1789.9999999999998,1,3520.0000000000005,14530.0,16320.0,16320.0,0.109681,620.0,1790.0,
conservative_profit_ladder,10,2024-10-02,2024-10-02T15:19:00+00:00,2024-10-02T15:35:00+00:00,SPXW-20241002-05685.000-C,CALL,3420.0000000000005,100.0,1,3420.0000000000005,16320.0,16420.0,16420.0,0.00609,2410.0,100.0,
conservative_profit_ladder,11,2024-10-03,2024-10-03T14:00:00+00:00,2024-10-03T14:12:00+00:00,SPXW-20241003-05690.000-C,CALL,2050.0,1239.9999999999998,1,2050.0,16420.0,17660.0,17660.0,0.070215,0.0,1240.0,
conservative_profit_ladder,12,2024-10-03,2024-10-03T14:13:00+00:00,2024-10-03T14:23:00+00:00,SPXW-20241003-05705.000-P,PUT,920.0,1300.0,1,920.0,17660.0,18960.0,18960.0,0.068565,1240.0,1300.0,
conservative_profit_ladder,13,2024-10-03,2024-10-03T14:32:00+00:00,2024-10-03T14:49:00+00:00,SPXW-20241003-05680.000-C,CALL,2180.0,359.9999999999998,1,2180.0,18960.0,19320.0,19320.0,0.018634,2540.0,360.0,
conservative_profit_ladder,14,2024-10-03,2024-10-03T14:51:00+00:00,2024-10-03T15:16:00+00:00,SPXW-20241003-05695.000-C,CALL,1590.0,-350.0,1,1590.0,19320.0,18970.0,19320.0,0.0,2900.0,-350.0,
conservative_profit_ladder,15,2024-10-04,2024-10-04T14:02:00+00:00,2024-10-04T14:27:00+00:00,SPXW-20241004-05700.000-C,CALL,3250.0,-869.9999999999999,1,3250.0,18970.0,18100.0,19320.0,0.018116,0.0,-870.0,
conservative_profit_ladder,16,2024-10-04,2024-10-04T14:27:00+00:00,2024-10-04T14:38:00+00:00,SPXW-20241004-05720.000-P,PUT,1990.0,510.0000000000001,0,0.0,18100.0,18100.0,19320.0,0.063147,-870.0,0.0,daily_loss_stop
conservative_profit_ladder,17,2024-10-04,2024-10-04T14:40:00+00:00,2024-10-04T15:05:00+00:00,SPXW-20241004-05680.000-C,CALL,3229.9999999999995,1280.0000000000005,0,0.0,18100.0,18100.0,19320.0,0.063147,-870.0,0.0,daily_loss_stop
conservative_profit_ladder,18,2024-10-04,2024-10-04T15:13:00+00:00,2024-10-04T15:28:00+00:00,SPXW-20241004-05750.000-P,PUT,3020.0,1390.0000000000002,0,0.0,18100.0,18100.0,19320.0,0.063147,-870.0,0.0,daily_loss_stop
conservative_profit_ladder,19,2024-10-07,2024-10-07T14:04:00+00:00,2024-10-07T14:21:00+00:00,SPXW-20241007-05715.000-C,CALL,2220.0,300.0,1,2220.0,18100.0,18400.0,19320.0,0.063147,0.0,300.0,
conservative_profit_ladder,20,2024-10-07,2024-10-07T14:29:00+00:00,2024-10-07T14:51:00+00:00,SPXW-20241007-05705.000-C,CALL,3210.0,-130.00000000000006,1,3210.0,18400.0,18270.0,19320.0,0.047619,300.0,-130.0,
conservative_profit_ladder,21,2024-10-07,2024-10-07T14:51:00+00:00,2024-10-07T15:13:00+00:00,SPXW-20241007-05725.000-C,CALL,1520.0,30.00000000000007,1,1520.0,18270.0,18300.0,19320.0,0.054348,170.0,30.0,
conservative_profit_ladder,22,2024-10-07,2024-10-07T15:20:00+00:00,2024-10-07T15:34:00+00:00,SPXW-20241007-05705.000-C,CALL,3360.0,-30.000000000000423,1,3360.0,18300.0,18270.0,19320.0,0.052795,200.0,-30.0,
conservative_profit_ladder,23,2024-10-08,2024-10-08T14:00:00+00:00,2024-10-08T14:20:00+00:00,SPXW-20241008-05710.000-C,CALL,2340.0,-59.99999999999979,1,2340.0,18270.0,18210.0,19320.0,0.054348,0.0,-60.0,
conservative_profit_ladder,24,2024-10-08,2024-10-08T14:25:00+00:00,2024-10-08T14:50:00+00:00,SPXW-20241008-05710.000-C,CALL,2180.0,1099.9999999999995,1,2180.0,18210.0,19310.0,19320.0,0.057453,-60.0,1100.0,
conservative_profit_ladder,25,2024-10-09,2024-10-09T14:00:00+00:00,2024-10-09T14:15:00+00:00,SPXW-20241009-05725.000-C,CALL,3379.9999999999995,160.00000000000014,1,3379.9999999999995,19310.0,19470.0,19470.0,0.008218,0.0,160.0,
conservative_profit_ladder,26,2024-10-09,2024-10-09T14:25:00+00:00,2024-10-09T14:39:00+00:00,SPXW-20241009-05730.000-C,CALL,3270.0000000000005,119.99999999999956,1,3270.0000000000005,19470.0,19590.0,19590.0,0.006126,160.0,120.0,
conservative_profit_ladder,27,2024-10-09,2024-10-09T14:39:00+00:00,2024-10-09T15:04:00+00:00,SPXW-20241009-05730.000-C,CALL,3440.0,750.0,1,3440.0,19590.0,20340.0,20340.0,0.036873,280.0,750.0,
conservative_profit_ladder,28,2024-10-10,2024-10-10T14:00:00+00:00,2024-10-10T14:13:00+00:00,SPXW-20241010-05760.000-C,CALL,2090.0,660.0000000000001,2,4180.0,20340.0,21660.0,21660.0,0.060942,0.0,1320.0,
conservative_profit_ladder,29,2024-10-10,2024-10-10T14:26:00+00:00,2024-10-10T14:45:00+00:00,SPXW-20241010-05750.000-C,CALL,3150.0,-30.00000000000007,2,6300.0,21660.0,21600.0,21660.0,0.0,1320.0,-60.0,
conservative_profit_ladder,30,2024-10-11,2024-10-11T14:01:00+00:00,2024-10-11T14:26:00+00:00,SPXW-20241011-05775.000-C,CALL,2110.0,2150.0,2,4220.0,21600.0,25900.0,25900.0,0.166023,0.0,4300.0,
conservative_profit_ladder,31,2024-10-11,2024-10-11T15:04:00+00:00,2024-10-11T15:19:00+00:00,SPXW-20241011-05790.000-C,CALL,2470.0,69.99999999999993,2,4940.0,25900.0,26040.0,26040.0,0.005376,4300.0,140.0,
conservative_profit_ladder,32,2024-10-11,2024-10-11T15:27:00+00:00,2024-10-11T15:47:00+00:00,SPXW-20241011-05790.000-C,CALL,2430.0,139.99999999999986,2,4860.0,26040.0,26320.0,26320.0,0.010638,4440.0,280.0,
conservative_profit_ladder,33,2024-10-11,2024-10-11T17:30:00+00:00,2024-10-11T17:55:00+00:00,SPXW-20241011-05780.000-C,CALL,2930.0,309.9999999999998,2,5860.0,26320.0,26940.0,26940.0,0.023014,4720.0,620.0,
conservative_profit_ladder,34,2024-10-14,2024-10-14T14:00:00+00:00,2024-10-14T14:22:00+00:00,SPXW-20241014-05820.000-C,CALL,3450.0,-210.00000000000017,2,6900.0,26940.0,26520.0,26940.0,0.0,0.0,-420.0,
conservative_profit_ladder,35,2024-10-14,2024-10-14T14:23:00+00:00,2024-10-14T14:34:00+00:00,SPXW-20241014-05835.000-C,CALL,1990.0,120.00000000000028,2,3980.0,26520.0,26760.0,26940.0,0.01559,-420.0,240.0,
conservative_profit_ladder,36,2024-10-14,2024-10-14T14:36:00+00:00,2024-10-14T15:01:00+00:00,SPXW-20241014-05835.000-C,CALL,2340.0,-839.9999999999999,2,4680.0,26760.0,25080.0,26940.0,0.006682,-180.0,-1680.0,
conservative_profit_ladder,37,2024-10-14,2024-10-14T15:02:00+00:00,2024-10-14T15:24:00+00:00,SPXW-20241014-05835.000-C,CALL,1510.0,250.00000000000017,0,0.0,25080.0,25080.0,26940.0,0.069042,-1860.0,0.0,daily_loss_stop
conservative_profit_ladder,38,2024-10-15,2024-10-15T14:10:00+00:00,2024-10-15T14:23:00+00:00,SPXW-20241015-05880.000-P,PUT,2130.0,130.00000000000006,1,2130.0,25080.0,25210.0,26940.0,0.069042,0.0,130.0,
conservative_profit_ladder,39,2024-10-15,2024-10-15T14:35:00+00:00,2024-10-15T14:42:00+00:00,SPXW-20241015-05850.000-P,PUT,1290.0,540.0,1,1290.0,25210.0,25750.0,26940.0,0.064217,130.0,540.0,
conservative_profit_ladder,40,2024-10-16,2024-10-16T14:03:00+00:00,2024-10-16T14:28:00+00:00,SPXW-20241016-05790.000-C,CALL,2540.0,1300.0,2,5080.0,25750.0,28350.0,28350.0,0.091711,0.0,2600.0,
conservative_profit_ladder,41,2024-10-16,2024-10-16T14:28:00+00:00,2024-10-16T14:53:00+00:00,SPXW-20241016-05805.000-C,CALL,2540.0,-579.9999999999998,2,5080.0,28350.0,27190.0,28350.0,0.0,2600.0,-1160.0,
conservative_profit_ladder,42,2024-10-16,2024-10-16T14:54:00+00:00,2024-10-16T15:19:00+00:00,SPXW-20241016-05790.000-C,CALL,3279.9999999999995,210.00000000000017,2,6559.999999999999,27190.0,27610.0,28350.0,0.040917,1440.0,420.0,
conservative_profit_ladder,43,2024-10-17,2024-10-17T14:01:00+00:00,2024-10-17T14:12:00+00:00,SPXW-20241017-05860.000-P,PUT,1150.0,409.99999999999994,2,2300.0,27610.0,28430.0,28430.0,0.028843,0.0,820.0,
conservative_profit_ladder,44,2024-10-17,2024-10-17T14:37:00+00:00,2024-10-17T14:55:00+00:00,SPXW-20241017-05865.000-P,PUT,1630.0,130.00000000000006,2,3260.0,28430.0,28690.0,28690.0,0.009062,820.0,260.0,
conservative_profit_ladder,45,2024-10-17,2024-10-17T15:02:00+00:00,2024-10-17T15:21:00+00:00,SPXW-20241017-05870.000-P,PUT,2400.0,-500.0,2,4800.0,28690.0,27690.0,28690.0,0.0,1080.0,-1000.0,
conservative_profit_ladder,46,2024-10-17,2024-10-17T18:11:00+00:00,2024-10-17T18:21:00+00:00,SPXW-20241017-05855.000-P,PUT,1130.0,139.99999999999986,2,2260.0,27690.0,27970.0,28690.0,0.034855,80.0,280.0,
conservative_profit_ladder,47,2024-10-18,2024-10-18T14:03:00+00:00,2024-10-18T14:20:00+00:00,SPXW-20241018-05830.000-C,CALL,2620.0,-9.999999999999789,2,5240.0,27970.0,27950.0,28690.0,0.025096,0.0,-20.0,
conservative_profit_ladder,48,2024-10-18,2024-10-18T14:40:00+00:00,2024-10-18T14:51:00+00:00,SPXW-20241018-05840.000-C,CALL,1789.9999999999998,90.00000000000021,2,3579.9999999999995,27950.0,28130.0,28690.0,0.025793,-20.0,180.0,
conservative_profit_ladder,49,2024-10-18,2024-10-18T15:06:00+00:00,2024-10-18T15:23:00+00:00,SPXW-20241018-05845.000-C,CALL,1440.0,150.0,2,2880.0,28130.0,28430.0,28690.0,0.019519,160.0,300.0,
conservative_profit_ladder,50,2024-10-18,2024-10-18T17:31:00+00:00,2024-10-18T17:49:00+00:00,SPXW-20241018-05850.000-C,CALL,1600.0,139.99999999999986,2,3200.0,28430.0,28710.0,28710.0,0.009753,460.0,280.0,
conservative_profit_ladder,51,2024-10-18,2024-10-18T18:09:00+00:00,2024-10-18T18:31:00+00:00,SPXW-20241018-05850.000-C,CALL,1689.9999999999998,300.0,2,3379.9999999999995,28710.0,29310.0,29310.0,0.020471,740.0,600.0,
conservative_profit_ladder,52,2024-10-21,2024-10-21T14:03:00+00:00,2024-10-21T14:14:00+00:00,SPXW-20241021-05845.000-C,CALL,1840.0,140.00000000000023,2,3680.0,29310.0,29590.0,29590.0,0.009463,0.0,280.0,
conservative_profit_ladder,53,2024-10-21,2024-10-21T14:28:00+00:00,2024-10-21T14:53:00+00:00,SPXW-20241021-05870.000-P,PUT,1490.0,1040.0,2,2980.0,29590.0,31670.0,31670.0,0.065677,280.0,2080.0,
conservative_profit_ladder,54,2024-10-21,2024-10-21T15:02:00+00:00,2024-10-21T15:09:00+00:00,SPXW-20241021-05845.000-P,PUT,960.0,990.0,2,1920.0,31670.0,33650.0,33650.0,0.058841,2360.0,1980.0,
conservative_profit_ladder,55,2024-10-22,2024-10-22T14:01:00+00:00,2024-10-22T14:11:00+00:00,SPXW-20241022-05815.000-C,CALL,2160.0,259.9999999999998,2,4320.0,33650.0,34170.0,34170.0,0.015218,0.0,520.0,
conservative_profit_ladder,56,2024-10-22,2024-10-22T14:27:00+00:00,2024-10-22T14:43:00+00:00,SPXW-20241022-05810.000-C,CALL,2620.0,-80.00000000000007,2,5240.0,34170.0,34010.0,34170.0,0.0,520.0,-160.0,
conservative_profit_ladder,57,2024-10-22,2024-10-22T14:44:00+00:00,2024-10-22T15:03:00+00:00,SPXW-20241022-05845.000-P,PUT,1670.0,-660.0,2,3340.0,34010.0,32690.0,34170.0,0.004682,360.0,-1320.0,
conservative_profit_ladder,58,2024-10-23,2024-10-23T14:04:00+00:00,2024-10-23T14:28:00+00:00,SPXW-20241023-05840.000-P,PUT,1580.0,280.00000000000006,2,3160.0,32690.0,33250.0,34170.0,0.043313,0.0,560.0,
conservative_profit_ladder,59,2024-10-23,2024-10-23T14:54:00+00:00,2024-10-23T15:09:00+00:00,SPXW-20241023-05835.000-P,PUT,1540.0,70.00000000000011,2,3080.0,33250.0,33390.0,34170.0,0.026924,560.0,140.0,
conservative_profit_ladder,60,2024-10-23,2024-10-23T15:11:00+00:00,2024-10-23T15:36:00+00:00,SPXW-20241023-05835.000-P,PUT,1870.0,819.9999999999999,2,3740.0,33390.0,35030.0,35030.0,0.046817,700.0,1640.0,
conservative_profit_ladder,61,2024-10-24,2024-10-24T14:02:00+00:00,2024-10-24T14:24:00+00:00,SPXW-20241024-05790.000-C,CALL,2680.0,-250.0,2,5360.0,35030.0,34530.0,35030.0,0.0,0.0,-500.0,
conservative_profit_ladder,62,2024-10-24,2024-10-24T14:32:00+00:00,2024-10-24T14:57:00+00:00,SPXW-20241024-05795.000-C,CALL,2170.0,-380.00000000000006,2,4340.0,34530.0,33770.0,35030.0,0.014273,-500.0,-760.0,
conservative_profit_ladder,63,2024-10-25,2024-10-25T14:01:00+00:00,2024-10-25T14:12:00+00:00,SPXW-20241025-05840.000-C,CALL,1960.0,219.99999999999991,2,3920.0,33770.0,34210.0,35030.0,0.035969,0.0,440.0,
conservative_profit_ladder,64,2024-10-25,2024-10-25T15:26:00+00:00,2024-10-25T15:44:00+00:00,SPXW-20241025-05855.000-P,PUT,1190.0,820.0000000000001,2,2380.0,34210.0,35850.0,35850.0,0.045746,440.0,1640.0,
conservative_profit_ladder,65,2024-10-25,2024-10-25T17:30:00+00:00,2024-10-25T17:36:00+00:00,SPXW-20241025-05835.000-P,PUT,1540.0,599.9999999999998,2,3080.0,35850.0,37050.0,37050.0,0.032389,2080.0,1200.0,
conservative_profit_ladder,66,2024-10-25,2024-10-25T17:47:00+00:00,2024-10-25T17:55:00+00:00,SPXW-20241025-05780.000-C,CALL,3290.0,730.0000000000005,2,6580.0,37050.0,38510.0,38510.0,0.037912,3280.0,1460.0,
conservative_profit_ladder,67,2024-10-25,2024-10-25T18:13:00+00:00,2024-10-25T18:21:00+00:00,SPXW-20241025-05780.000-C,CALL,2620.0,700.0000000000003,2,5240.0,38510.0,39910.0,39910.0,0.035079,4740.0,1400.0,
conservative_profit_ladder,68,2024-10-28,2024-10-28T14:23:00+00:00,2024-10-28T14:42:00+00:00,SPXW-20241028-05810.000-C,CALL,3100.0,30.00000000000007,2,6200.0,39910.0,39970.0,39970.0,0.001501,0.0,60.0,
conservative_profit_ladder,69,2024-10-28,2024-10-28T14:49:00+00:00,2024-10-28T15:14:00+00:00,SPXW-20241028-05820.000-C,CALL,2340.0,-209.99999999999977,2,4680.0,39970.0,39550.0,39970.0,0.0,60.0,-420.0,
conservative_profit_ladder,70,2024-10-29,2024-10-29T14:01:00+00:00,2024-10-29T14:15:00+00:00,SPXW-20241029-05785.000-C,CALL,3400.0,370.0000000000003,2,6800.0,39550.0,40290.0,40290.0,0.018367,0.0,740.0,
conservative_profit_ladder,71,2024-10-29,2024-10-29T14:30:00+00:00,2024-10-29T14:41:00+00:00,SPXW-20241029-05810.000-C,CALL,1810.0,359.9999999999998,2,3620.0,40290.0,41010.0,41010.0,0.017557,740.0,720.0,
conservative_profit_ladder,72,2024-10-29,2024-10-29T14:57:00+00:00,2024-10-29T15:17:00+00:00,SPXW-20241029-05805.000-C,CALL,2780.0,39.99999999999986,2,5560.0,41010.0,41090.0,41090.0,0.001947,1460.0,80.0,
conservative_profit_ladder,73,2024-10-30,2024-10-30T14:00:00+00:00,2024-10-30T14:25:00+00:00,SPXW-20241030-05810.000-C,CALL,2950.0,570.0000000000002,2,5900.0,41090.0,42230.0,42230.0,0.026995,0.0,1140.0,
conservative_profit_ladder,74,2024-10-30,2024-10-30T14:37:00+00:00,2024-10-30T14:57:00+00:00,SPXW-20241030-05825.000-C,CALL,2210.0,-60.00000000000014,2,4420.0,42230.0,42110.0,42230.0,0.0,1140.0,-120.0,
conservative_profit_ladder,75,2024-10-30,2024-10-30T15:01:00+00:00,2024-10-30T15:25:00+00:00,SPXW-20241030-05825.000-C,CALL,1930.0,-150.0,2,3860.0,42110.0,41810.0,42230.0,0.002842,1020.0,-300.0,
conservative_profit_ladder,76,2024-10-31,2024-10-31T14:17:00+00:00,2024-10-31T14:42:00+00:00,SPXW-20241031-05720.000-C,CALL,3400.0,-1020.0,2,6800.0,41810.0,39770.0,42230.0,0.009946,0.0,-2040.0,
conservative_profit_ladder,77,2024-10-31,2024-10-31T15:20:00+00:00,2024-10-31T15:44:00+00:00,SPXW-20241031-05710.000-C,CALL,2340.0,-309.9999999999998,0,0.0,39770.0,39770.0,42230.0,0.058252,-2040.0,-0.0,daily_loss_stop
conservative_profit_ladder,78,2024-10-31,2024-10-31T18:30:00+00:00,2024-10-31T18:55:00+00:00,SPXW-20241031-05705.000-C,CALL,1890.0,-219.99999999999991,0,0.0,39770.0,39770.0,42230.0,0.058252,-2040.0,-0.0,daily_loss_stop
conservative_profit_ladder,79,2024-10-31,2024-10-31T19:20:00+00:00,2024-10-31T19:45:00+00:00,SPXW-20241031-05705.000-C,CALL,2670.0,-530.0000000000001,0,0.0,39770.0,39770.0,42230.0,0.058252,-2040.0,-0.0,daily_loss_stop
conservative_profit_ladder,80,2024-11-01,2024-11-01T14:07:00+00:00,2024-11-01T14:23:00+00:00,SPXW-20241101-05730.000-C,CALL,2640.0,1170.0000000000002,1,2640.0,39770.0,40940.0,42230.0,0.058252,0.0,1170.0,
conservative_profit_ladder,81,2024-11-01,2024-11-01T15:04:00+00:00,2024-11-01T15:23:00+00:00,SPXW-20241101-05745.000-C,CALL,2200.0,69.99999999999993,2,4400.0,40940.0,41080.0,42230.0,0.030547,1170.0,140.0,
conservative_profit_ladder,82,2024-11-01,2024-11-01T18:04:00+00:00,2024-11-01T18:27:00+00:00,SPXW-20241101-05715.000-C,CALL,2360.0,-60.00000000000014,2,4720.0,41080.0,40960.0,42230.0,0.027232,1310.0,-120.0,
conservative_profit_ladder,83,2024-11-01,2024-11-01T18:38:00+00:00,2024-11-01T19:01:00+00:00,SPXW-20241101-05750.000-P,PUT,1410.0,-69.99999999999993,2,2820.0,40960.0,40820.0,42230.0,0.030073,1190.0,-140.0,
conservative_profit_ladder,84,2024-11-01,2024-11-01T19:06:00+00:00,2024-11-01T19:11:00+00:00,SPXW-20241101-05710.000-C,CALL,2970.0,609.9999999999998,2,5940.0,40820.0,42040.0,42230.0,0.033389,1050.0,1220.0,
conservative_profit_ladder,85,2024-11-04,2024-11-04T15:01:00+00:00,2024-11-04T15:16:00+00:00,SPXW-20241104-05700.000-C,CALL,3479.9999999999995,150.0,2,6959.999999999999,42040.0,42340.0,42340.0,0.007085,0.0,300.0,
conservative_profit_ladder,86,2024-11-04,2024-11-04T15:29:00+00:00,2024-11-04T15:51:00+00:00,SPXW-20241104-05720.000-C,CALL,2270.0,-89.99999999999986,2,4540.0,42340.0,42160.0,42340.0,0.0,300.0,-180.0,
conservative_profit_ladder,87,2024-11-05,2024-11-05T15:08:00+00:00,2024-11-05T15:27:00+00:00,SPXW-20241105-05745.000-C,CALL,2110.0,219.99999999999991,1,2110.0,42160.0,42380.0,42380.0,0.005191,0.0,220.0,
conservative_profit_ladder,88,2024-11-05,2024-11-05T15:36:00+00:00,2024-11-05T15:48:00+00:00,SPXW-20241105-05740.000-C,CALL,2630.0,630.0000000000001,2,5260.0,42380.0,43640.0,43640.0,0.028873,220.0,1260.0,
conservative_profit_ladder,89,2024-11-05,2024-11-05T16:07:00+00:00,2024-11-05T16:18:00+00:00,SPXW-20241105-05735.000-C,CALL,2860.0,309.9999999999998,2,5720.0,43640.0,44260.0,44260.0,0.014008,1480.0,620.0,
conservative_profit_ladder,90,2024-11-05,2024-11-05T16:24:00+00:00,2024-11-05T16:39:00+00:00,SPXW-20241105-05740.000-C,CALL,2970.0,180.00000000000006,2,5940.0,44260.0,44620.0,44620.0,0.008068,2100.0,360.0,
conservative_profit_ladder,91,2024-11-05,2024-11-05T18:37:00+00:00,2024-11-05T18:58:00+00:00,SPXW-20241105-05770.000-P,PUT,869.9999999999999,-159.99999999999997,2,1739.9999999999998,44620.0,44300.0,44620.0,0.0,2460.0,-320.0,
conservative_profit_ladder,92,2024-11-05,2024-11-05T19:00:00+00:00,2024-11-05T19:14:00+00:00,SPXW-20241105-05740.000-C,CALL,3090.0,210.00000000000017,2,6180.0,44300.0,44720.0,44720.0,0.009392,2140.0,420.0,
conservative_profit_ladder,93,2024-11-05,2024-11-05T19:21:00+00:00,2024-11-05T19:32:00+00:00,SPXW-20241105-05745.000-C,CALL,2640.0,200.0,2,5280.0,44720.0,45120.0,45120.0,0.008865,2560.0,400.0,
conservative_profit_ladder,94,2024-11-06,2024-11-06T15:00:00+00:00,2024-11-06T15:25:00+00:00,SPXW-20241106-05860.000-C,CALL,3070.0,1450.0000000000005,2,6140.0,45120.0,48020.0,48020.0,0.060392,0.0,2900.0,
conservative_profit_ladder,95,2024-11-06,2024-11-06T15:26:00+00:00,2024-11-06T15:51:00+00:00,SPXW-20241106-05875.000-C,CALL,3240.0,-1009.9999999999998,2,6480.0,48020.0,46000.0,48020.0,0.0,2900.0,-2020.0,
conservative_profit_ladder,96,2024-11-06,2024-11-06T16:00:00+00:00,2024-11-06T16:25:00+00:00,SPXW-20241106-05910.000-P,PUT,2670.0,-589.9999999999999,2,5340.0,46000.0,44820.0,48020.0,0.042066,880.0,-1180.0,
conservative_profit_ladder,97,2024-11-06,2024-11-06T18:32:00+00:00,2024-11-06T18:53:00+00:00,SPXW-20241106-05910.000-C,CALL,1340.0,100.0,1,1340.0,44820.0,44920.0,48020.0,0.066639,-300.0,100.0,
conservative_profit_ladder,98,2024-11-06,2024-11-06T18:54:00+00:00,2024-11-06T19:13:00+00:00,SPXW-20241106-05890.000-C,CALL,3100.0,-19.99999999999993,1,3100.0,44920.0,44900.0,48020.0,0.064556,-200.0,-20.0,
conservative_profit_ladder,99,2024-11-06,2024-11-06T19:19:00+00:00,2024-11-06T19:35:00+00:00,SPXW-20241106-05895.000-C,CALL,2640.0,190.00000000000023,1,2640.0,44900.0,45090.0,48020.0,0.064973,-220.0,190.0,
conservative_profit_ladder,100,2024-11-06,2024-11-06T19:36:00+00:00,2024-11-06T19:58:00+00:00,SPXW-20241106-05895.000-C,CALL,2850.0,-100.0,1,2850.0,45090.0,44990.0,48020.0,0.061016,-30.0,-100.0,
conservative_profit_ladder,101,2024-11-07,2024-11-07T15:01:00+00:00,2024-11-07T15:15:00+00:00,SPXW-20241107-05930.000-C,CALL,3420.0000000000005,59.99999999999943,1,3420.0000000000005,44990.0,45050.0,48020.0,0.063099,0.0,60.0,
conservative_profit_ladder,102,2024-11-07,2024-11-07T15:36:00+00:00,2024-11-07T15:51:00+00:00,SPXW-20241107-05935.000-C,CALL,3190.0,380.00000000000045,1,3190.0,45050.0,45430.0,48020.0,0.061849,60.0,380.0,
conservative_profit_ladder,103,2024-11-08,2024-11-08T15:01:00+00:00,2024-11-08T15:21:00+00:00,SPXW-20241108-05965.000-C,CALL,2770.0,-119.99999999999991,1,2770.0,45430.0,45310.0,48020.0,0.053936,0.0,-120.0,
conservative_profit_ladder,104,2024-11-08,2024-11-08T15:27:00+00:00,2024-11-08T15:37:00+00:00,SPXW-20241108-05975.000-C,CALL,1840.0,100.0,1,1840.0,45310.0,45410.0,48020.0,0.056435,-120.0,100.0,
conservative_profit_ladder,105,2024-11-11,2024-11-11T15:04:00+00:00,2024-11-11T15:18:00+00:00,SPXW-20241111-06010.000-P,PUT,1030.0,0.0,1,1030.0,45410.0,45410.0,48020.0,0.054352,0.0,0.0,
conservative_profit_ladder,106,2024-11-11,2024-11-11T15:55:00+00:00,2024-11-11T16:14:00+00:00,SPXW-20241111-06000.000-C,CALL,1580.0,-160.00000000000014,1,1580.0,45410.0,45250.0,48020.0,0.054352,0.0,-160.0,
conservative_profit_ladder,107,2024-11-12,2024-11-12T15:02:00+00:00,2024-11-12T15:27:00+00:00,SPXW-20241112-06035.000-P,PUT,3150.0,600.0,1,3150.0,45250.0,45850.0,48020.0,0.057684,0.0,600.0,
conservative_profit_ladder,108,2024-11-12,2024-11-12T15:44:00+00:00,2024-11-12T16:01:00+00:00,SPXW-20241112-06010.000-P,PUT,1770.0,269.99999999999994,2,3540.0,45850.0,46390.0,48020.0,0.04519,600.0,540.0,
conservative_profit_ladder,109,2024-11-13,2024-11-13T15:00:00+00:00,2024-11-13T15:07:00+00:00,SPXW-20241113-05985.000-P,PUT,910.0,970.0,2,1820.0,46390.0,48330.0,48330.0,0.040141,0.0,1940.0,
conservative_profit_ladder,110,2024-11-13,2024-11-13T15:32:00+00:00,2024-11-13T15:45:00+00:00,SPXW-20241113-05960.000-C,CALL,2460.0,269.99999999999994,2,4920.0,48330.0,48870.0,48870.0,0.01105,1940.0,540.0,
conservative_profit_ladder,111,2024-11-13,2024-11-13T16:27:00+00:00,2024-11-13T16:35:00+00:00,SPXW-20241113-05970.000-C,CALL,2490.0,210.00000000000017,2,4980.0,48870.0,49290.0,49290.0,0.008521,2480.0,420.0,
conservative_profit_ladder,112,2024-11-14,2024-11-14T15:12:00+00:00,2024-11-14T15:33:00+00:00,SPXW-20241114-05985.000-P,PUT,1620.0,-159.99999999999997,2,3240.0,49290.0,48970.0,49290.0,0.0,0.0,-320.0,
conservative_profit_ladder,113,2024-11-14,2024-11-14T15:56:00+00:00,2024-11-14T16:06:00+00:00,SPXW-20241114-05995.000-P,PUT,1689.9999999999998,440.0000000000002,2,3379.9999999999995,48970.0,49850.0,49850.0,0.017653,-320.0,880.0,
conservative_profit_ladder,114,2024-11-14,2024-11-14T20:06:00+00:00,2024-11-14T20:16:00+00:00,SPXW-20241114-05955.000-P,PUT,730.0,-50.0,2,1460.0,49850.0,49750.0,49850.0,0.0,560.0,-100.0,
conservative_profit_ladder,115,2024-11-15,2024-11-15T15:00:00+00:00,2024-11-15T15:17:00+00:00,SPXW-20241115-05925.000-P,PUT,2740.0,1239.9999999999998,2,5480.0,49750.0,52230.0,52230.0,0.047482,0.0,2480.0,
conservative_profit_ladder,116,2024-11-15,2024-11-15T15:26:00+00:00,2024-11-15T15:45:00+00:00,SPXW-20241115-05900.000-P,PUT,2110.0,159.99999999999977,3,6330.0,52230.0,52710.0,52710.0,0.009106,2480.0,480.0,
conservative_profit_ladder,117,2024-11-15,2024-11-15T15:51:00+00:00,2024-11-15T16:11:00+00:00,SPXW-20241115-05895.000-P,PUT,1530.0,319.99999999999994,3,4590.0,52710.0,53670.0,53670.0,0.017887,2960.0,960.0,
conservative_profit_ladder,118,2024-11-18,2024-11-18T15:01:00+00:00,2024-11-18T15:24:00+00:00,SPXW-20241118-05845.000-C,CALL,2960.0,619.9999999999995,3,8880.0,53670.0,55530.0,55530.0,0.033495,0.0,1860.0,
conservative_profit_ladder,119,2024-11-18,2024-11-18T15:26:00+00:00,2024-11-18T15:51:00+00:00,SPXW-20241118-05870.000-C,CALL,1739.9999999999998,940.0000000000002,3,5219.999999999999,55530.0,58350.0,58350.0,0.048329,1860.0,2820.0,
conservative_profit_ladder,120,2024-11-19,2024-11-19T15:01:00+00:00,2024-11-19T15:15:00+00:00,SPXW-20241119-05840.000-C,CALL,2780.0,319.99999999999994,3,8340.0,58350.0,59310.0,59310.0,0.016186,0.0,960.0,
conservative_profit_ladder,121,2024-11-19,2024-11-19T15:15:00+00:00,2024-11-19T15:34:00+00:00,SPXW-20241119-05885.000-P,PUT,2410.0,-1150.0000000000002,3,7230.0,59310.0,55860.0,59310.0,0.0,960.0,-3450.0,
conservative_profit_ladder,122,2024-11-19,2024-11-19T15:41:00+00:00,2024-11-19T16:06:00+00:00,SPXW-20241119-05855.000-C,CALL,3160.0,779.9999999999998,0,0.0,55860.0,55860.0,59310.0,0.058169,-2490.0,0.0,daily_loss_stop
conservative_profit_ladder,123,2024-11-19,2024-11-19T18:33:00+00:00,2024-11-19T18:58:00+00:00,SPXW-20241119-05890.000-C,CALL,1910.0,1460.0000000000002,0,0.0,55860.0,55860.0,59310.0,0.058169,-2490.0,0.0,daily_loss_stop
conservative_profit_ladder,124,2024-11-19,2024-11-19T19:36:00+00:00,2024-11-19T19:43:00+00:00,SPXW-20241119-05880.000-C,CALL,2630.0,80.00000000000007,0,0.0,55860.0,55860.0,59310.0,0.058169,-2490.0,0.0,daily_loss_stop
conservative_profit_ladder,125,2024-11-20,2024-11-20T15:05:00+00:00,2024-11-20T15:11:00+00:00,SPXW-20241120-05890.000-P,PUT,1430.0,1450.0,1,1430.0,55860.0,57310.0,59310.0,0.058169,0.0,1450.0,
conservative_profit_ladder,126,2024-11-20,2024-11-20T15:24:00+00:00,2024-11-20T15:40:00+00:00,SPXW-20241120-05845.000-C,CALL,2870.0,1209.9999999999998,3,8610.0,57310.0,60940.0,60940.0,0.059567,1450.0,3630.0,
conservative_profit_ladder,127,2024-11-20,2024-11-20T15:49:00+00:00,2024-11-20T16:03:00+00:00,SPXW-20241120-05855.000-C,CALL,3200.0,379.9999999999997,3,9600.0,60940.0,62080.0,62080.0,0.018363,5080.0,1140.0,
conservative_profit_ladder,128,2024-11-20,2024-11-20T16:06:00+00:00,2024-11-20T16:15:00+00:00,SPXW-20241120-05890.000-P,PUT,1380.0,469.99999999999994,3,4140.0,62080.0,63490.0,63490.0,0.022208,6220.0,1410.0,
conservative_profit_ladder,129,2024-11-20,2024-11-20T16:27:00+00:00,2024-11-20T16:38:00+00:00,SPXW-20241120-05895.000-P,PUT,2400.0,369.99999999999994,3,7200.0,63490.0,64600.0,64600.0,0.017183,7630.0,1110.0,
conservative_profit_ladder,130,2024-11-21,2024-11-21T15:01:00+00:00,2024-11-21T15:08:00+00:00,SPXW-20241121-05915.000-P,PUT,2300.0,460.0000000000001,3,6900.0,64600.0,65980.0,65980.0,0.020915,0.0,1380.0,
conservative_profit_ladder,131,2024-11-21,2024-11-21T15:12:00+00:00,2024-11-21T15:22:00+00:00,SPXW-20241121-05890.000-C,CALL,2300.0,1279.9999999999998,3,6900.0,65980.0,69820.0,69820.0,0.054999,1380.0,3840.0,
conservative_profit_ladder,132,2024-11-21,2024-11-21T15:26:00+00:00,2024-11-21T15:33:00+00:00,SPXW-20241121-05915.000-P,PUT,2240.0,880.0000000000001,3,6720.0,69820.0,72460.0,72460.0,0.036434,5220.0,2640.0,
conservative_profit_ladder,133,2024-11-21,2024-11-21T15:33:00+00:00,2024-11-21T15:57:00+00:00,SPXW-20241121-05870.000-C,CALL,2920.0,3090.0,3,8760.0,72460.0,81730.0,81730.0,0.113422,7860.0,9270.0,
conservative_profit_ladder,134,2024-11-22,2024-11-22T15:01:00+00:00,2024-11-22T15:26:00+00:00,SPXW-20241122-05950.000-C,CALL,2380.0,-660.0000000000001,3,7140.0,81730.0,79750.0,81730.0,0.0,0.0,-1980.0,
conservative_profit_ladder,135,2024-11-22,2024-11-22T15:26:00+00:00,2024-11-22T15:38:00+00:00,SPXW-20241122-05975.000-P,PUT,2150.0,210.00000000000017,0,0.0,79750.0,79750.0,81730.0,0.024226,-1980.0,0.0,daily_loss_stop
conservative_profit_ladder,136,2024-11-22,2024-11-22T15:38:00+00:00,2024-11-22T15:56:00+00:00,SPXW-20241122-05950.000-C,CALL,1440.0,499.99999999999983,0,0.0,79750.0,79750.0,81730.0,0.024226,-1980.0,0.0,daily_loss_stop
conservative_profit_ladder,137,2024-11-22,2024-11-22T15:59:00+00:00,2024-11-22T16:24:00+00:00,SPXW-20241122-05940.000-C,CALL,3070.0,-839.9999999999999,0,0.0,79750.0,79750.0,81730.0,0.024226,-1980.0,-0.0,daily_loss_stop
conservative_profit_ladder,138,2024-11-22,2024-11-22T18:30:00+00:00,2024-11-22T18:52:00+00:00,SPXW-20241122-05950.000-C,CALL,2010.0,-510.0000000000001,0,0.0,79750.0,79750.0,81730.0,0.024226,-1980.0,-0.0,daily_loss_stop
conservative_profit_ladder,139,2024-11-25,2024-11-25T15:00:00+00:00,2024-11-25T15:16:00+00:00,SPXW-20241125-06010.000-P,PUT,1230.0,680.0000000000001,3,3690.0,79750.0,81790.0,81790.0,0.024942,0.0,2040.0,
conservative_profit_ladder,140,2024-11-25,2024-11-25T15:17:00+00:00,2024-11-25T15:38:00+00:00,SPXW-20241125-06000.000-P,PUT,970.0,150.0,3,2910.0,81790.0,82240.0,82240.0,0.005472,2040.0,450.0,
conservative_profit_ladder,141,2024-11-25,2024-11-25T15:39:00+00:00,2024-11-25T16:03:00+00:00,SPXW-20241125-06010.000-P,PUT,1620.0,319.99999999999994,3,4860.0,82240.0,83200.0,83200.0,0.011538,2490.0,960.0,
conservative_profit_ladder,142,2024-11-25,2024-11-25T16:21:00+00:00,2024-11-25T16:41:00+00:00,SPXW-20241125-05985.000-C,CALL,1350.0,-560.0,3,4050.0,83200.0,81520.0,83200.0,0.0,3450.0,-1680.0,
conservative_profit_ladder,143,2024-11-26,2024-11-26T15:02:00+00:00,2024-11-26T15:25:00+00:00,SPXW-20241126-05975.000-C,CALL,2820.0,-419.99999999999994,3,8460.0,81520.0,80260.0,83200.0,0.020192,0.0,-1260.0,
conservative_profit_ladder,144,2024-11-26,2024-11-26T15:34:00+00:00,2024-11-26T15:56:00+00:00,SPXW-20241126-06005.000-P,PUT,1200.0,-400.0,0,0.0,80260.0,80260.0,83200.0,0.035337,-1260.0,-0.0,daily_loss_stop
conservative_profit_ladder,145,2024-11-26,2024-11-26T16:01:00+00:00,2024-11-26T16:21:00+00:00,SPXW-20241126-05975.000-C,CALL,3090.0,-69.99999999999993,0,0.0,80260.0,80260.0,83200.0,0.035337,-1260.0,-0.0,daily_loss_stop
conservative_profit_ladder,146,2024-11-27,2024-11-27T15:01:00+00:00,2024-11-27T15:19:00+00:00,SPXW-20241127-06025.000-P,PUT,1550.0,150.0,3,4650.0,80260.0,80710.0,83200.0,0.035337,0.0,450.0,
conservative_profit_ladder,147,2024-11-27,2024-11-27T15:27:00+00:00,2024-11-27T15:46:00+00:00,SPXW-20241127-06040.000-P,PUT,3329.9999999999995,170.00000000000028,3,9989.999999999998,80710.0,81220.0,83200.0,0.029928,450.0,510.0,
conservative_profit_ladder,148,2024-11-27,2024-11-27T15:48:00+00:00,2024-11-27T15:57:00+00:00,SPXW-20241127-06005.000-P,PUT,740.0,159.99999999999997,3,2220.0,81220.0,81700.0,83200.0,0.023798,960.0,480.0,
conservative_profit_ladder,149,2024-11-27,2024-11-27T16:00:00+00:00,2024-11-27T16:21:00+00:00,SPXW-20241127-06035.000-P,PUT,3490.0,160.00000000000014,3,10470.0,81700.0,82180.0,83200.0,0.018029,1440.0,480.0,
conservative_profit_ladder,150,2024-11-29,2024-11-29T15:00:00+00:00,2024-11-29T15:25:00+00:00,SPXW-20241129-05985.000-C,CALL,3390.0,710.0000000000001,3,10170.0,82180.0,84310.0,84310.0,0.025264,0.0,2130.0,
conservative_profit_ladder,151,2024-12-02,2024-12-02T15:32:00+00:00,2024-12-02T15:45:00+00:00,SPXW-20241202-06010.000-C,CALL,3470.0000000000005,-40.00000000000057,3,10410.000000000002,84310.0,84190.0,84310.0,0.0,0.0,-120.0,
conservative_profit_ladder,152,2024-12-02,2024-12-02T15:55:00+00:00,2024-12-02T16:19:00+00:00,SPXW-20241202-06070.000-P,PUT,2960.0,-240.00000000000023,3,8880.0,84190.0,83470.0,84310.0,0.001423,-120.0,-720.0,
conservative_profit_ladder,153,2024-12-03,2024-12-03T15:01:00+00:00,2024-12-03T15:26:00+00:00,SPXW-20241203-06025.000-C,CALL,2270.0,-669.9999999999999,3,6810.0,83470.0,81460.0,84310.0,0.009963,0.0,-2010.0,
conservative_profit_ladder,154,2024-12-03,2024-12-03T15:26:00+00:00,2024-12-03T15:44:00+00:00,SPXW-20241203-06045.000-P,PUT,1120.0,30.00000000000007,0,0.0,81460.0,81460.0,84310.0,0.033804,-2010.0,0.0,daily_loss_stop
conservative_profit_ladder,155,2024-12-04,2024-12-04T15:00:00+00:00,2024-12-04T15:06:00+00:00,SPXW-20241204-06070.000-P,PUT,900.0,69.99999999999993,1,900.0,81460.0,81530.0,84310.0,0.033804,0.0,70.0,
conservative_profit_ladder,156,2024-12-04,2024-12-04T15:15:00+00:00,2024-12-04T15:40:00+00:00,SPXW-20241204-06095.000-P,PUT,3080.0,-640.0000000000002,3,9240.0,81530.0,79610.0,84310.0,0.032974,70.0,-1920.0,
conservative_profit_ladder,157,2024-12-04,2024-12-04T15:41:00+00:00,2024-12-04T16:03:00+00:00,SPXW-20241204-06040.000-C,CALL,3240.0,110.00000000000014,0,0.0,79610.0,79610.0,84310.0,0.055747,-1850.0,0.0,daily_loss_stop
conservative_profit_ladder,158,2024-12-05,2024-12-05T15:01:00+00:00,2024-12-05T15:26:00+00:00,SPXW-20241205-06055.000-C,CALL,3479.9999999999995,-699.9999999999997,1,3479.9999999999995,79610.0,78910.0,84310.0,0.055747,0.0,-700.0,
conservative_profit_ladder,159,2024-12-05,2024-12-05T15:26:00+00:00,2024-12-05T15:44:00+00:00,SPXW-20241205-06105.000-P,PUT,2380.0,119.99999999999991,1,2380.0,78910.0,79030.0,84310.0,0.064049,-700.0,120.0,
conservative_profit_ladder,160,2024-12-06,2024-12-06T15:06:00+00:00,2024-12-06T15:22:00+00:00,SPXW-20241206-06085.000-C,CALL,1400.0,180.00000000000006,1,1400.0,79030.0,79210.0,84310.0,0.062626,0.0,180.0,
conservative_profit_ladder,161,2024-12-06,2024-12-06T15:36:00+00:00,2024-12-06T15:57:00+00:00,SPXW-20241206-06065.000-C,CALL,3370.0000000000005,-110.00000000000014,1,3370.0000000000005,79210.0,79100.0,84310.0,0.060491,180.0,-110.0,
conservative_profit_ladder,162,2024-12-06,2024-12-06T16:13:00+00:00,2024-12-06T16:26:00+00:00,SPXW-20241206-06095.000-P,PUT,930.0,119.99999999999991,1,930.0,79100.0,79220.0,84310.0,0.061796,70.0,120.0,
conservative_profit_ladder,163,2024-12-09,2024-12-09T15:01:00+00:00,2024-12-09T15:26:00+00:00,SPXW-20241209-06050.000-C,CALL,3379.9999999999995,-699.9999999999997,1,3379.9999999999995,79220.0,78520.0,84310.0,0.060372,0.0,-700.0,
conservative_profit_ladder,164,2024-12-09,2024-12-09T15:26:00+00:00,2024-12-09T15:42:00+00:00,SPXW-20241209-06110.000-P,PUT,3410.0,310.0000000000001,1,3410.0,78520.0,78830.0,84310.0,0.068675,-700.0,310.0,
conservative_profit_ladder,165,2024-12-09,2024-12-09T15:51:00+00:00,2024-12-09T16:13:00+00:00,SPXW-20241209-06080.000-P,PUT,1739.9999999999998,460.0000000000001,1,1739.9999999999998,78830.0,79290.0,84310.0,0.064998,-390.0,460.0,
conservative_profit_ladder,166,2024-12-10,2024-12-10T15:01:00+00:00,2024-12-10T15:10:00+00:00,SPXW-20241210-06025.000-C,CALL,3410.0,169.99999999999957,1,3410.0,79290.0,79460.0,84310.0,0.059542,0.0,170.0,
conservative_profit_ladder,167,2024-12-10,2024-12-10T15:27:00+00:00,2024-12-10T15:47:00+00:00,SPXW-20241210-06030.000-C,CALL,3260.0,119.99999999999956,1,3260.0,79460.0,79580.0,84310.0,0.057526,170.0,120.0,
conservative_profit_ladder,168,2024-12-11,2024-12-11T15:05:00+00:00,2024-12-11T15:17:00+00:00,SPXW-20241211-06040.000-C,CALL,3429.9999999999995,250.0,1,3429.9999999999995,79580.0,79830.0,84310.0,0.056102,0.0,250.0,
conservative_profit_ladder,169,2024-12-11,2024-12-11T15:37:00+00:00,2024-12-11T15:59:00+00:00,SPXW-20241211-06045.000-C,CALL,3190.0,-139.99999999999986,1,3190.0,79830.0,79690.0,84310.0,0.053137,250.0,-140.0,
conservative_profit_ladder,170,2024-12-12,2024-12-12T15:09:00+00:00,2024-12-12T15:34:00+00:00,SPXW-20241212-06095.000-P,PUT,3040.0,-1079.9999999999998,1,3040.0,79690.0,78610.0,84310.0,0.054798,0.0,-1080.0,
conservative_profit_ladder,171,2024-12-12,2024-12-12T15:35:00+00:00,2024-12-12T15:55:00+00:00,SPXW-20241212-06050.000-C,CALL,2580.0,-110.00000000000014,0,0.0,78610.0,78610.0,84310.0,0.067608,-1080.0,-0.0,daily_loss_stop
conservative_profit_ladder,172,2024-12-13,2024-12-13T15:01:00+00:00,2024-12-13T15:18:00+00:00,SPXW-20241213-06100.000-P,PUT,3279.9999999999995,360.0000000000001,1,3279.9999999999995,78610.0,78970.0,84310.0,0.067608,0.0,360.0,
conservative_profit_ladder,173,2024-12-13,2024-12-13T15:26:00+00:00,2024-12-13T15:49:00+00:00,SPXW-20241213-06090.000-P,PUT,3170.0,859.9999999999998,1,3170.0,78970.0,79830.0,84310.0,0.063338,360.0,860.0,
conservative_profit_ladder,174,2024-12-16,2024-12-16T15:00:00+00:00,2024-12-16T15:11:00+00:00,SPXW-20241216-06040.000-C,CALL,3050.0,119.99999999999991,1,3050.0,79830.0,79950.0,84310.0,0.053137,0.0,120.0,
conservative_profit_ladder,175,2024-12-16,2024-12-16T15:26:00+00:00,2024-12-16T15:42:00+00:00,SPXW-20241216-06055.000-C,CALL,1460.0,550.0000000000002,1,1460.0,79950.0,80500.0,84310.0,0.051714,120.0,550.0,
conservative_profit_ladder,176,2024-12-16,2024-12-16T16:10:00+00:00,2024-12-16T16:25:00+00:00,SPXW-20241216-06045.000-C,CALL,3120.0,0.0,3,9360.0,80500.0,80500.0,84310.0,0.04519,670.0,0.0,
conservative_profit_ladder,177,2024-12-17,2024-12-17T15:00:00+00:00,2024-12-17T15:18:00+00:00,SPXW-20241217-06055.000-P,PUT,1010.0,420.0000000000001,3,3030.0,80500.0,81760.0,84310.0,0.04519,0.0,1260.0,
conservative_profit_ladder,178,2024-12-17,2024-12-17T15:39:00+00:00,2024-12-17T15:56:00+00:00,SPXW-20241217-06010.000-C,CALL,3240.0,160.00000000000014,3,9720.0,81760.0,82240.0,84310.0,0.030246,1260.0,480.0,
conservative_profit_ladder,179,2024-12-17,2024-12-17T15:58:00+00:00,2024-12-17T16:18:00+00:00,SPXW-20241217-06025.000-C,CALL,2140.0,590.0000000000002,3,6420.0,82240.0,84010.0,84310.0,0.024552,1740.0,1770.0,
conservative_profit_ladder,180,2024-12-17,2024-12-17T18:42:00+00:00,2024-12-17T18:56:00+00:00,SPXW-20241217-06035.000-C,CALL,1520.0,20.000000000000107,3,4560.0,84010.0,84070.0,84310.0,0.003558,3510.0,60.0,
conservative_profit_ladder,181,2024-12-18,2024-12-18T15:01:00+00:00,2024-12-18T15:15:00+00:00,SPXW-20241218-06025.000-C,CALL,3320.0000000000005,309.99999999999943,3,9960.000000000002,84070.0,85000.0,85000.0,0.010941,0.0,930.0,
conservative_profit_ladder,182,2024-12-18,2024-12-18T15:27:00+00:00,2024-12-18T15:40:00+00:00,SPXW-20241218-06030.000-C,CALL,3370.0000000000005,589.9999999999999,3,10110.000000000002,85000.0,86770.0,86770.0,0.020399,930.0,1770.0,
conservative_profit_ladder,183,2024-12-18,2024-12-18T16:15:00+00:00,2024-12-18T16:40:00+00:00,SPXW-20241218-06090.000-P,PUT,3200.0,-350.0,3,9600.0,86770.0,85720.0,86770.0,0.0,2700.0,-1050.0,
conservative_profit_ladder,184,2024-12-19,2024-12-19T15:01:00+00:00,2024-12-19T15:09:00+00:00,SPXW-20241219-05930.000-P,PUT,2940.0,880.0000000000005,3,8820.0,85720.0,88360.0,88360.0,0.029878,0.0,2640.0,
conservative_profit_ladder,185,2024-12-19,2024-12-19T15:13:00+00:00,2024-12-19T15:36:00+00:00,SPXW-20241219-05885.000-C,CALL,3390.0,-1320.0,3,10170.0,88360.0,84400.0,88360.0,0.0,2640.0,-3960.0,
conservative_profit_ladder,186,2024-12-19,2024-12-19T15:42:00+00:00,2024-12-19T15:58:00+00:00,SPXW-20241219-05870.000-C,CALL,3130.0,640.0000000000002,0,0.0,84400.0,84400.0,88360.0,0.044817,-1320.0,0.0,daily_loss_stop
conservative_profit_ladder,187,2024-12-20,2024-12-20T15:13:00+00:00,2024-12-20T15:33:00+00:00,SPXW-20241220-05840.000-C,CALL,3429.9999999999995,4140.000000000001,3,10289.999999999998,84400.0,96820.0,96820.0,0.128279,0.0,12420.0,
conservative_profit_ladder,188,2024-12-20,2024-12-20T18:30:00+00:00,2024-12-20T18:53:00+00:00,SPXW-20241220-05930.000-C,CALL,2490.0,-119.99999999999991,3,7470.0,96820.0,96460.0,96820.0,0.0,12420.0,-360.0,
conservative_profit_ladder,189,2024-12-23,2024-12-23T15:14:00+00:00,2024-12-23T15:25:00+00:00,SPXW-20241223-05900.000-C,CALL,2510.0,200.0,3,7530.0,96460.0,97060.0,97060.0,0.006182,0.0,600.0,
conservative_profit_ladder,190,2024-12-23,2024-12-23T15:48:00+00:00,2024-12-23T15:55:00+00:00,SPXW-20241223-05940.000-P,PUT,2860.0,59.99999999999979,3,8580.0,97060.0,97240.0,97240.0,0.001851,600.0,180.0,
conservative_profit_ladder,191,2024-12-23,2024-12-23T15:55:00+00:00,2024-12-23T16:11:00+00:00,SPXW-20241223-05890.000-C,CALL,3110.0,910.0,3,9330.0,97240.0,99970.0,99970.0,0.027308,780.0,2730.0,
conservative_profit_ladder,192,2024-12-23,2024-12-23T18:30:00+00:00,2024-12-23T18:45:00+00:00,SPXW-20241223-05945.000-C,CALL,1650.0,200.0,3,4950.0,99970.0,100570.0,100570.0,0.005966,3510.0,600.0,
conservative_profit_ladder,193,2024-12-23,2024-12-23T19:12:00+00:00,2024-12-23T19:21:00+00:00,SPXW-20241223-05935.000-C,CALL,2980.0,209.99999999999977,3,8940.0,100570.0,101200.0,101200.0,0.006225,4110.0,630.0,
conservative_profit_ladder,194,2024-12-23,2024-12-23T20:11:00+00:00,2024-12-23T20:15:00+00:00,SPXW-20241223-05930.000-C,CALL,2070.0,590.0000000000002,3,6210.0,101200.0,102970.0,102970.0,0.017189,4740.0,1770.0,
conservative_profit_ladder,195,2024-12-24,2024-12-24T15:00:00+00:00,2024-12-24T15:21:00+00:00,SPXW-20241224-05970.000-C,CALL,2930.0,549.9999999999997,3,8790.0,102970.0,104620.0,104620.0,0.015771,0.0,1650.0,
conservative_profit_ladder,196,2024-12-26,2024-12-26T15:00:00+00:00,2024-12-26T15:22:00+00:00,SPXW-20241226-05995.000-C,CALL,3300.0,-180.00000000000006,3,9900.0,104620.0,104080.0,104620.0,0.0,0.0,-540.0,
conservative_profit_ladder,197,2024-12-26,2024-12-26T15:26:00+00:00,2024-12-26T15:46:00+00:00,SPXW-20241226-05995.000-C,CALL,3470.0000000000005,-80.00000000000043,3,10410.000000000002,104080.0,103840.0,104620.0,0.005162,-540.0,-240.0,
conservative_profit_ladder,198,2024-12-26,2024-12-26T15:56:00+00:00,2024-12-26T16:21:00+00:00,SPXW-20241226-06005.000-C,CALL,2700.0,650.0,0,0.0,103840.0,103840.0,104620.0,0.007456,-780.0,0.0,daily_loss_stop
conservative_profit_ladder,199,2024-12-27,2024-12-27T15:00:00+00:00,2024-12-27T15:18:00+00:00,SPXW-20241227-06025.000-P,PUT,3500.0,3659.999999999999,3,10500.0,103840.0,114820.0,114820.0,0.095628,0.0,10980.0,
conservative_profit_ladder,200,2024-12-27,2024-12-27T15:25:00+00:00,2024-12-27T15:35:00+00:00,SPXW-20241227-05970.000-P,PUT,2010.0,669.9999999999999,3,6030.0,114820.0,116830.0,116830.0,0.017204,10980.0,2010.0,
conservative_profit_ladder,201,2024-12-27,2024-12-27T15:41:00+00:00,2024-12-27T15:58:00+00:00,SPXW-20241227-05925.000-C,CALL,3490.0,650.0,3,10470.0,116830.0,118780.0,118780.0,0.016417,12990.0,1950.0,
conservative_profit_ladder,202,2024-12-27,2024-12-27T18:36:00+00:00,2024-12-27T18:46:00+00:00,SPXW-20241227-05935.000-C,CALL,2140.0,420.0000000000003,3,6420.0,118780.0,120040.0,120040.0,0.010497,14940.0,1260.0,
conservative_profit_ladder,203,2024-12-30,2024-12-30T15:02:00+00:00,2024-12-30T15:20:00+00:00,SPXW-20241230-05900.000-P,PUT,2890.0,280.00000000000006,3,8670.0,120040.0,120880.0,120880.0,0.006949,0.0,840.0,
conservative_profit_ladder,204,2024-12-30,2024-12-30T15:27:00+00:00,2024-12-30T15:46:00+00:00,SPXW-20241230-05890.000-P,PUT,2750.0,-1530.0,3,8250.0,120880.0,116290.0,120880.0,0.0,840.0,-4590.0,
conservative_profit_ladder,205,2024-12-30,2024-12-30T16:18:00+00:00,2024-12-30T16:43:00+00:00,SPXW-20241230-05895.000-C,CALL,1600.0,1180.0,0,0.0,116290.0,116290.0,120880.0,0.037972,-3750.0,0.0,daily_loss_stop
conservative_profit_ladder,206,2024-12-30,2024-12-30T18:31:00+00:00,2024-12-30T18:52:00+00:00,SPXW-20241230-05900.000-C,CALL,3190.0,500.0,0,0.0,116290.0,116290.0,120880.0,0.037972,-3750.0,0.0,daily_loss_stop
conservative_profit_ladder,207,2024-12-30,2024-12-30T19:08:00+00:00,2024-12-30T19:31:00+00:00,SPXW-20241230-05900.000-C,CALL,3020.0,-19.99999999999993,0,0.0,116290.0,116290.0,120880.0,0.037972,-3750.0,-0.0,daily_loss_stop
conservative_profit_ladder,208,2024-12-30,2024-12-30T20:02:00+00:00,2024-12-30T20:16:00+00:00,SPXW-20241230-05905.000-C,CALL,2780.0,39.99999999999986,0,0.0,116290.0,116290.0,120880.0,0.037972,-3750.0,0.0,daily_loss_stop
conservative_profit_ladder,209,2024-12-31,2024-12-31T15:07:00+00:00,2024-12-31T15:30:00+00:00,SPXW-20241231-05940.000-P,PUT,3240.0,-300.0,3,9720.0,116290.0,115390.0,120880.0,0.037972,0.0,-900.0,
conservative_profit_ladder,210,2024-12-31,2024-12-31T15:33:00+00:00,2024-12-31T15:45:00+00:00,SPXW-20241231-05945.000-P,PUT,3229.9999999999995,560.0000000000001,0,0.0,115390.0,115390.0,120880.0,0.045417,-900.0,0.0,daily_loss_stop
conservative_profit_ladder,211,2024-12-31,2024-12-31T16:03:00+00:00,2024-12-31T16:13:00+00:00,SPXW-20241231-05935.000-P,PUT,3360.0,629.9999999999998,0,0.0,115390.0,115390.0,120880.0,0.045417,-900.0,0.0,daily_loss_stop
conservative_profit_ladder,212,2025-07-01,2025-07-01T14:01:00+00:00,2025-07-01T14:14:00+00:00,SPXW-20250701-06165.000-C,CALL,3340.0,310.0000000000001,3,10020.0,115390.0,116320.0,120880.0,0.045417,0.0,930.0,
conservative_profit_ladder,213,2025-07-01,2025-07-01T14:27:00+00:00,2025-07-01T14:29:00+00:00,SPXW-20250701-06210.000-P,PUT,1770.0,219.99999999999991,3,5310.0,116320.0,116980.0,120880.0,0.037723,930.0,660.0,
conservative_profit_ladder,214,2025-07-01,2025-07-01T14:31:00+00:00,2025-07-01T14:56:00+00:00,SPXW-20250701-06170.000-C,CALL,2850.0,-550.0,3,8550.0,116980.0,115330.0,120880.0,0.032263,1590.0,-1650.0,
conservative_profit_ladder,215,2025-07-01,2025-07-01T15:02:00+00:00,2025-07-01T15:06:00+00:00,SPXW-20250701-06180.000-C,CALL,1600.0,280.00000000000006,3,4800.0,115330.0,116170.0,120880.0,0.045913,-60.0,840.0,
conservative_profit_ladder,216,2025-07-01,2025-07-01T15:27:00+00:00,2025-07-01T15:32:00+00:00,SPXW-20250701-06165.000-C,CALL,3240.0,60.00000000000014,3,9720.0,116170.0,116350.0,120880.0,0.038964,780.0,180.0,
conservative_profit_ladder,217,2025-07-02,2025-07-02T14:00:00+00:00,2025-07-02T14:06:00+00:00,SPXW-20250702-06165.000-C,CALL,3329.9999999999995,330.00000000000045,1,3329.9999999999995,116350.0,116680.0,120880.0,0.037475,0.0,330.0,
conservative_profit_ladder,218,2025-07-02,2025-07-02T14:25:00+00:00,2025-07-02T14:30:00+00:00,SPXW-20250702-06175.000-C,CALL,3150.0,360.0000000000001,1,3150.0,116680.0,117040.0,120880.0,0.034745,330.0,360.0,
conservative_profit_ladder,219,2025-07-03,2025-07-03T14:00:00+00:00,2025-07-03T14:25:00+00:00,SPXW-20250703-06260.000-C,CALL,1030.0,459.99999999999994,1,1030.0,117040.0,117500.0,120880.0,0.031767,0.0,460.0,
conservative_profit_ladder,220,2025-07-03,2025-07-03T14:45:00+00:00,2025-07-03T14:49:00+00:00,SPXW-20250703-06245.000-C,CALL,3190.0,30.000000000000423,1,3190.0,117500.0,117530.0,120880.0,0.027962,460.0,30.0,
conservative_profit_ladder,221,2025-07-07,2025-07-07T14:00:00+00:00,2025-07-07T14:09:00+00:00,SPXW-20250707-06290.000-P,PUT,3260.0,479.9999999999997,3,9780.0,117530.0,118970.0,120880.0,0.027713,0.0,1440.0,
conservative_profit_ladder,222,2025-07-07,2025-07-07T14:23:00+00:00,2025-07-07T14:28:00+00:00,SPXW-20250707-06220.000-C,CALL,3429.9999999999995,220.00000000000028,3,10289.999999999998,118970.0,119630.0,120880.0,0.015801,1440.0,660.0,
conservative_profit_ladder,223,2025-07-07,2025-07-07T14:31:00+00:00,2025-07-07T14:33:00+00:00,SPXW-20250707-06265.000-P,PUT,1770.0,119.99999999999991,3,5310.0,119630.0,119990.0,120880.0,0.010341,2100.0,360.0,
conservative_profit_ladder,224,2025-07-07,2025-07-07T14:42:00+00:00,2025-07-07T15:07:00+00:00,SPXW-20250707-06225.000-C,CALL,2720.0,-609.9999999999998,3,8160.0,119990.0,118160.0,120880.0,0.007363,2460.0,-1830.0,
conservative_profit_ladder,225,2025-07-07,2025-07-07T18:00:00+00:00,2025-07-07T18:05:00+00:00,SPXW-20250707-06205.000-C,CALL,1950.0,110.00000000000014,3,5850.0,118160.0,118490.0,120880.0,0.022502,630.0,330.0,
conservative_profit_ladder,226,2025-07-07,2025-07-07T18:37:00+00:00,2025-07-07T19:01:00+00:00,SPXW-20250707-06200.000-C,CALL,1240.0,1260.0,3,3720.0,118490.0,122270.0,122270.0,0.030915,960.0,3780.0,
conservative_profit_ladder,227,2025-07-08,2025-07-08T14:01:00+00:00,2025-07-08T14:03:00+00:00,SPXW-20250708-06245.000-P,PUT,1960.0,250.0,3,5880.0,122270.0,123020.0,123020.0,0.006097,0.0,750.0,
conservative_profit_ladder,228,2025-07-08,2025-07-08T14:30:00+00:00,2025-07-08T14:39:00+00:00,SPXW-20250708-06205.000-C,CALL,2180.0,1080.0,3,6540.0,123020.0,126260.0,126260.0,0.025661,750.0,3240.0,
conservative_profit_ladder,229,2025-07-08,2025-07-08T17:30:00+00:00,2025-07-08T17:46:00+00:00,SPXW-20250708-06210.000-C,CALL,2220.0,-319.99999999999994,3,6660.0,126260.0,125300.0,126260.0,0.0,3990.0,-960.0,
conservative_profit_ladder,230,2025-07-09,2025-07-09T14:31:00+00:00,2025-07-09T14:35:00+00:00,SPXW-20250709-06265.000-P,PUT,1830.0,269.99999999999994,3,5490.0,125300.0,126110.0,126260.0,0.007603,0.0,810.0,
conservative_profit_ladder,231,2025-07-09,2025-07-09T14:36:00+00:00,2025-07-09T14:39:00+00:00,SPXW-20250709-06255.000-P,PUT,1530.0,80.00000000000007,3,4590.0,126110.0,126350.0,126350.0,0.001899,810.0,240.0,
conservative_profit_ladder,232,2025-07-09,2025-07-09T14:57:00+00:00,2025-07-09T15:14:00+00:00,SPXW-20250709-06270.000-P,PUT,3410.0,260.0000000000001,3,10230.0,126350.0,127130.0,127130.0,0.006135,1050.0,780.0,
conservative_profit_ladder,233,2025-07-09,2025-07-09T15:27:00+00:00,2025-07-09T15:34:00+00:00,SPXW-20250709-06215.000-C,CALL,2990.0,60.00000000000014,3,8970.0,127130.0,127310.0,127310.0,0.001414,1830.0,180.0,
conservative_profit_ladder,234,2025-07-10,2025-07-10T14:00:00+00:00,2025-07-10T14:08:00+00:00,SPXW-20250710-06280.000-P,PUT,2660.0,100.0,3,7980.0,127310.0,127610.0,127610.0,0.002351,0.0,300.0,
conservative_profit_ladder,235,2025-07-10,2025-07-10T14:10:00+00:00,2025-07-10T14:16:00+00:00,SPXW-20250710-06235.000-C,CALL,2420.0,310.0000000000001,3,7260.0,127610.0,128540.0,128540.0,0.007235,300.0,930.0,
conservative_profit_ladder,236,2025-07-10,2025-07-10T14:17:00+00:00,2025-07-10T14:20:00+00:00,SPXW-20250710-06240.000-C,CALL,2280.0,180.00000000000006,3,6840.0,128540.0,129080.0,129080.0,0.004183,1230.0,540.0,
conservative_profit_ladder,237,2025-07-10,2025-07-10T14:33:00+00:00,2025-07-10T14:40:00+00:00,SPXW-20250710-06235.000-C,CALL,2790.0,330.00000000000006,3,8370.0,129080.0,130070.0,130070.0,0.007611,1770.0,990.0,
conservative_profit_ladder,238,2025-07-10,2025-07-10T14:42:00+00:00,2025-07-10T14:50:00+00:00,SPXW-20250710-06235.000-C,CALL,3500.0,39.99999999999986,3,10500.0,130070.0,130190.0,130190.0,0.000922,2760.0,120.0,
conservative_profit_ladder,239,2025-07-10,2025-07-10T15:04:00+00:00,2025-07-10T15:10:00+00:00,SPXW-20250710-06245.000-C,CALL,2890.0,60.00000000000014,3,8670.0,130190.0,130370.0,130370.0,0.001381,2880.0,180.0,
conservative_profit_ladder,240,2025-07-11,2025-07-11T14:01:00+00:00,2025-07-11T14:08:00+00:00,SPXW-20250711-06230.000-C,CALL,2750.0,169.99999999999994,3,8250.0,130370.0,130880.0,130880.0,0.003897,0.0,510.0,
conservative_profit_ladder,241,2025-07-11,2025-07-11T14:16:00+00:00,2025-07-11T14:23:00+00:00,SPXW-20250711-06230.000-C,CALL,2930.0,399.99999999999966,3,8790.0,130880.0,132080.0,132080.0,0.009085,510.0,1200.0,
conservative_profit_ladder,242,2025-07-11,2025-07-11T14:26:00+00:00,2025-07-11T14:33:00+00:00,SPXW-20250711-06230.000-C,CALL,3440.0,-60.00000000000014,3,10320.0,132080.0,131900.0,132080.0,0.0,1710.0,-180.0,
conservative_profit_ladder,243,2025-07-11,2025-07-11T14:44:00+00:00,2025-07-11T15:09:00+00:00,SPXW-20250711-06235.000-C,CALL,2760.0,-420.0000000000003,3,8280.0,131900.0,130640.0,132080.0,0.001363,1530.0,-1260.0,
conservative_profit_ladder,244,2025-07-11,2025-07-11T15:15:00+00:00,2025-07-11T15:20:00+00:00,SPXW-20250711-06225.000-C,CALL,2790.0,270.0000000000003,3,8370.0,130640.0,131450.0,132080.0,0.010902,270.0,810.0,
conservative_profit_ladder,245,2025-07-14,2025-07-14T14:01:00+00:00,2025-07-14T14:13:00+00:00,SPXW-20250714-06280.000-P,PUT,3390.0,160.00000000000014,3,10170.0,131450.0,131930.0,132080.0,0.00477,0.0,480.0,
conservative_profit_ladder,246,2025-07-14,2025-07-14T14:27:00+00:00,2025-07-14T14:29:00+00:00,SPXW-20250714-06270.000-P,PUT,1890.0,470.0000000000003,3,5670.0,131930.0,133340.0,133340.0,0.010574,480.0,1410.0,
conservative_profit_ladder,247,2025-07-14,2025-07-14T14:30:00+00:00,2025-07-14T14:42:00+00:00,SPXW-20250714-06225.000-C,CALL,2570.0,240.00000000000023,3,7710.0,133340.0,134060.0,134060.0,0.005371,1890.0,720.0,
conservative_profit_ladder,248,2025-07-15,2025-07-15T14:11:00+00:00,2025-07-15T14:16:00+00:00,SPXW-20250715-06260.000-C,CALL,2350.0,300.0,3,7050.0,134060.0,134960.0,134960.0,0.006669,0.0,900.0,
conservative_profit_ladder,249,2025-07-15,2025-07-15T14:37:00+00:00,2025-07-15T14:41:00+00:00,SPXW-20250715-06300.000-P,PUT,2910.0,200.0,3,8730.0,134960.0,135560.0,135560.0,0.004426,900.0,600.0,
conservative_profit_ladder,250,2025-07-15,2025-07-15T14:51:00+00:00,2025-07-15T14:54:00+00:00,SPXW-20250715-06275.000-P,PUT,1200.0,430.00000000000006,3,3600.0,135560.0,136850.0,136850.0,0.009426,1500.0,1290.0,
conservative_profit_ladder,251,2025-07-15,2025-07-15T14:55:00+00:00,2025-07-15T14:57:00+00:00,SPXW-20250715-06280.000-P,PUT,1950.0,339.9999999999999,3,5850.0,136850.0,137870.0,137870.0,0.007398,2790.0,1020.0,
conservative_profit_ladder,252,2025-07-15,2025-07-15T15:05:00+00:00,2025-07-15T15:14:00+00:00,SPXW-20250715-06235.000-C,CALL,3200.0,210.00000000000017,3,9600.0,137870.0,138500.0,138500.0,0.004549,3810.0,630.0,
conservative_profit_ladder,253,2025-07-16,2025-07-16T14:10:00+00:00,2025-07-16T14:33:00+00:00,SPXW-20250716-06235.000-C,CALL,1510.0,240.00000000000003,3,4530.0,138500.0,139220.0,139220.0,0.005172,0.0,720.0,
conservative_profit_ladder,254,2025-07-16,2025-07-16T14:45:00+00:00,2025-07-16T14:53:00+00:00,SPXW-20250716-06225.000-C,CALL,2340.0,480.00000000000006,3,7020.0,139220.0,140660.0,140660.0,0.010237,720.0,1440.0,
conservative_profit_ladder,255,2025-07-16,2025-07-16T14:54:00+00:00,2025-07-16T14:55:00+00:00,SPXW-20250716-06280.000-P,PUT,2730.0,1299.9999999999995,3,8190.0,140660.0,144560.0,144560.0,0.026978,2160.0,3900.0,
conservative_profit_ladder,256,2025-07-16,2025-07-16T14:58:00+00:00,2025-07-16T14:59:00+00:00,SPXW-20250716-06235.000-P,PUT,610.0,320.0000000000001,3,1830.0,144560.0,145520.0,145520.0,0.006597,6060.0,960.0,
conservative_profit_ladder,257,2025-07-16,2025-07-16T15:04:00+00:00,2025-07-16T15:09:00+00:00,SPXW-20250716-06225.000-C,CALL,2450.0,230.00000000000009,3,7350.0,145520.0,146210.0,146210.0,0.004719,7020.0,690.0,
conservative_profit_ladder,258,2025-07-16,2025-07-16T15:19:00+00:00,2025-07-16T15:22:00+00:00,SPXW-20250716-06225.000-P,PUT,850.0,930.0,3,2550.0,146210.0,149000.0,149000.0,0.018725,7710.0,2790.0,
conservative_profit_ladder,259,2025-07-16,2025-07-16T15:24:00+00:00,2025-07-16T15:25:00+00:00,SPXW-20250716-06220.000-P,PUT,990.0,440.00000000000006,3,2970.0,149000.0,150320.0,150320.0,0.008781,10500.0,1320.0,
conservative_profit_ladder,260,2025-07-17,2025-07-17T14:00:00+00:00,2025-07-17T14:05:00+00:00,SPXW-20250717-06255.000-C,CALL,2680.0,239.99999999999983,3,8040.0,150320.0,151040.0,151040.0,0.004767,0.0,720.0,
conservative_profit_ladder,261,2025-07-17,2025-07-17T14:29:00+00:00,2025-07-17T14:37:00+00:00,SPXW-20250717-06240.000-C,CALL,3420.0000000000005,409.99999999999943,3,10260.000000000002,151040.0,152270.0,152270.0,0.008078,720.0,1230.0,
conservative_profit_ladder,262,2025-07-17,2025-07-17T14:46:00+00:00,2025-07-17T14:59:00+00:00,SPXW-20250717-06255.000-C,CALL,2200.0,410.0000000000001,3,6600.0,152270.0,153500.0,153500.0,0.008013,1950.0,1230.0,
conservative_profit_ladder,263,2025-07-17,2025-07-17T15:06:00+00:00,2025-07-17T15:31:00+00:00,SPXW-20250717-06265.000-C,CALL,2200.0,180.00000000000006,3,6600.0,153500.0,154040.0,154040.0,0.003506,3180.0,540.0,
conservative_profit_ladder,264,2025-07-18,2025-07-18T14:52:00+00:00,2025-07-18T15:17:00+00:00,SPXW-20250718-06265.000-C,CALL,3300.0,-89.99999999999986,3,9900.0,154040.0,153770.0,154040.0,0.0,0.0,-270.0,
conservative_profit_ladder,265,2025-07-21,2025-07-21T14:00:00+00:00,2025-07-21T14:05:00+00:00,SPXW-20250721-06295.000-C,CALL,3279.9999999999995,250.0,3,9839.999999999998,153770.0,154520.0,154520.0,0.004854,0.0,750.0,
conservative_profit_ladder,266,2025-07-21,2025-07-21T19:11:00+00:00,2025-07-21T19:16:00+00:00,SPXW-20250721-06280.000-C,CALL,3510.0,250.0,3,10530.0,154520.0,155270.0,155270.0,0.00483,750.0,750.0,
conservative_profit_ladder,267,2025-07-22,2025-07-22T14:00:00+00:00,2025-07-22T14:02:00+00:00,SPXW-20250722-06285.000-P,PUT,940.0,159.99999999999997,3,2820.0,155270.0,155750.0,155750.0,0.003082,0.0,480.0,
conservative_profit_ladder,268,2025-07-22,2025-07-22T14:29:00+00:00,2025-07-22T14:35:00+00:00,SPXW-20250722-06265.000-C,CALL,2750.0,479.9999999999997,3,8250.0,155750.0,157190.0,157190.0,0.009161,480.0,1440.0,
conservative_profit_ladder,269,2025-07-22,2025-07-22T14:56:00+00:00,2025-07-22T15:01:00+00:00,SPXW-20250722-06270.000-C,CALL,2930.0,209.99999999999977,3,8790.0,157190.0,157820.0,157820.0,0.003992,1920.0,630.0,
conservative_profit_ladder,270,2025-07-23,2025-07-23T14:09:00+00:00,2025-07-23T14:25:00+00:00,SPXW-20250723-06295.000-C,CALL,3100.0,30.00000000000007,3,9300.0,157820.0,157910.0,157910.0,0.00057,0.0,90.0,
conservative_profit_ladder,271,2025-07-23,2025-07-23T14:29:00+00:00,2025-07-23T14:54:00+00:00,SPXW-20250723-06300.000-C,CALL,2830.0,-69.99999999999993,3,8490.0,157910.0,157700.0,157910.0,0.0,90.0,-210.0,
conservative_profit_ladder,272,2025-07-23,2025-07-23T15:00:00+00:00,2025-07-23T15:24:00+00:00,SPXW-20250723-06310.000-C,CALL,1960.0,19.99999999999993,3,5880.0,157700.0,157760.0,157910.0,0.00133,-120.0,60.0,
conservative_profit_ladder,273,2025-07-24,2025-07-24T14:00:00+00:00,2025-07-24T14:09:00+00:00,SPXW-20250724-06350.000-C,CALL,2440.0,70.00000000000028,3,7320.0,157760.0,157970.0,157970.0,0.001329,0.0,210.0,
conservative_profit_ladder,274,2025-07-24,2025-07-24T14:28:00+00:00,2025-07-24T14:34:00+00:00,SPXW-20250724-06340.000-C,CALL,2940.0,230.00000000000009,3,8820.0,157970.0,158660.0,158660.0,0.004349,210.0,690.0,
conservative_profit_ladder,275,2025-07-24,2025-07-24T14:41:00+00:00,2025-07-24T14:46:00+00:00,SPXW-20250724-06345.000-C,CALL,2850.0,60.00000000000014,3,8550.0,158660.0,158840.0,158840.0,0.001133,900.0,180.0,
conservative_profit_ladder,276,2025-07-25,2025-07-25T14:00:00+00:00,2025-07-25T14:11:00+00:00,SPXW-20250725-06340.000-C,CALL,3440.0,130.00000000000043,3,10320.0,158840.0,159230.0,159230.0,0.002449,0.0,390.0,
conservative_profit_ladder,277,2025-07-25,2025-07-25T14:26:00+00:00,2025-07-25T14:51:00+00:00,SPXW-20250725-06360.000-C,CALL,1789.9999999999998,320.0000000000003,3,5369.999999999999,159230.0,160190.0,160190.0,0.005993,390.0,960.0,
conservative_profit_ladder,278,2025-07-28,2025-07-28T14:05:00+00:00,2025-07-28T14:11:00+00:00,SPXW-20250728-06380.000-C,CALL,1960.0,59.99999999999979,3,5880.0,160190.0,160370.0,160370.0,0.001122,0.0,180.0,
conservative_profit_ladder,279,2025-07-28,2025-07-28T14:22:00+00:00,2025-07-28T14:46:00+00:00,SPXW-20250728-06385.000-C,CALL,1400.0,130.00000000000006,3,4200.0,160370.0,160760.0,160760.0,0.002426,180.0,390.0,
conservative_profit_ladder,280,2025-07-28,2025-07-28T15:19:00+00:00,2025-07-28T15:23:00+00:00,SPXW-20250728-06395.000-P,PUT,1030.0,89.99999999999986,3,3090.0,160760.0,161030.0,161030.0,0.001677,570.0,270.0,
conservative_profit_ladder,281,2025-07-28,2025-07-28T15:29:00+00:00,2025-07-28T15:54:00+00:00,SPXW-20250728-06375.000-C,CALL,1720.0,380.00000000000006,3,5160.0,161030.0,162170.0,162170.0,0.00703,840.0,1140.0,
conservative_profit_ladder,282,2025-07-29,2025-07-29T14:53:00+00:00,2025-07-29T14:57:00+00:00,SPXW-20250729-06400.000-P,PUT,1470.0,0.0,3,4410.0,162170.0,162170.0,162170.0,0.0,0.0,0.0,
conservative_profit_ladder,283,2025-07-29,2025-07-29T15:25:00+00:00,2025-07-29T15:30:00+00:00,SPXW-20250729-06390.000-P,PUT,1310.0,540.0,3,3930.0,162170.0,163790.0,163790.0,0.009891,0.0,1620.0,
conservative_profit_ladder,284,2025-07-30,2025-07-30T14:18:00+00:00,2025-07-30T14:24:00+00:00,SPXW-20250730-06350.000-C,CALL,3279.9999999999995,650.0,3,9839.999999999998,163790.0,165740.0,165740.0,0.011765,0.0,1950.0,
conservative_profit_ladder,285,2025-07-30,2025-07-30T14:30:00+00:00,2025-07-30T14:34:00+00:00,SPXW-20250730-06355.000-C,CALL,3300.0,250.0,3,9900.0,165740.0,166490.0,166490.0,0.004505,1950.0,750.0,
conservative_profit_ladder,286,2025-07-30,2025-07-30T14:36:00+00:00,2025-07-30T15:01:00+00:00,SPXW-20250730-06355.000-C,CALL,3410.0,-160.00000000000014,3,10230.0,166490.0,166010.0,166490.0,0.0,2700.0,-480.0,
conservative_profit_ladder,287,2025-07-30,2025-07-30T18:35:00+00:00,2025-07-30T18:36:00+00:00,SPXW-20250730-06370.000-C,CALL,2640.0,180.00000000000006,3,7920.0,166010.0,166550.0,166550.0,0.003242,2220.0,540.0,
conservative_profit_ladder,288,2025-07-30,2025-07-30T18:40:00+00:00,2025-07-30T18:42:00+00:00,SPXW-20250730-06400.000-P,PUT,1950.0,289.9999999999999,3,5850.0,166550.0,167420.0,167420.0,0.005197,2760.0,870.0,
conservative_profit_ladder,289,2025-07-30,2025-07-30T18:59:00+00:00,2025-07-30T19:02:00+00:00,SPXW-20250730-06360.000-P,PUT,1250.0,600.0,3,3750.0,167420.0,169220.0,169220.0,0.010637,3630.0,1800.0,
conservative_profit_ladder,290,2025-07-30,2025-07-30T19:16:00+00:00,2025-07-30T19:17:00+00:00,SPXW-20250730-06390.000-P,PUT,3520.0000000000005,829.9999999999998,3,10560.000000000002,169220.0,171710.0,171710.0,0.014501,5430.0,2490.0,
conservative_profit_ladder,291,2025-07-30,2025-07-30T19:18:00+00:00,2025-07-30T19:19:00+00:00,SPXW-20250730-06375.000-P,PUT,2660.0,69.99999999999993,3,7980.0,171710.0,171920.0,171920.0,0.001221,7920.0,210.0,
conservative_profit_ladder,292,2025-07-30,2025-07-30T19:24:00+00:00,2025-07-30T19:25:00+00:00,SPXW-20250730-06370.000-P,PUT,3030.0,39.99999999999986,3,9090.0,171920.0,172040.0,172040.0,0.000698,8130.0,120.0,
conservative_profit_ladder,293,2025-07-31,2025-07-31T14:00:00+00:00,2025-07-31T14:07:00+00:00,SPXW-20250731-06385.000-C,CALL,3229.9999999999995,210.00000000000017,3,9689.999999999998,172040.0,172670.0,172670.0,0.003649,0.0,630.0,
conservative_profit_ladder,294,2025-07-31,2025-07-31T14:32:00+00:00,2025-07-31T14:57:00+00:00,SPXW-20250731-06385.000-C,CALL,2770.0,-1260.0,3,8310.0,172670.0,168890.0,172670.0,0.0,630.0,-3780.0,
conservative_profit_ladder,295,2025-07-31,2025-07-31T15:20:00+00:00,2025-07-31T15:23:00+00:00,SPXW-20250731-06355.000-C,CALL,2570.0,250.0,0,0.0,168890.0,168890.0,172670.0,0.021891,-3150.0,0.0,daily_loss_stop
conservative_profit_ladder,296,2025-07-31,2025-07-31T15:28:00+00:00,2025-07-31T15:34:00+00:00,SPXW-20250731-06350.000-C,CALL,3310.0,660.0000000000001,0,0.0,168890.0,168890.0,172670.0,0.021891,-3150.0,0.0,daily_loss_stop
conservative_profit_ladder,297,2025-08-01,2025-08-01T14:05:00+00:00,2025-08-01T14:06:00+00:00,SPXW-20250801-06235.000-P,PUT,2480.0,280.00000000000006,3,7440.0,168890.0,169730.0,172670.0,0.021891,0.0,840.0,
conservative_profit_ladder,298,2025-08-01,2025-08-01T14:06:00+00:00,2025-08-01T14:07:00+00:00,SPXW-20250801-06205.000-C,CALL,3340.0,220.00000000000028,3,10020.0,169730.0,170390.0,172670.0,0.017027,840.0,660.0,
conservative_profit_ladder,299,2025-08-01,2025-08-01T14:08:00+00:00,2025-08-01T14:19:00+00:00,SPXW-20250801-06205.000-C,CALL,3150.0,1520.0000000000002,3,9450.0,170390.0,174950.0,174950.0,0.026065,1500.0,4560.0,
conservative_profit_ladder,300,2025-08-01,2025-08-01T14:26:00+00:00,2025-08-01T14:35:00+00:00,SPXW-20250801-06240.000-C,CALL,2220.0,560.0000000000001,3,6660.0,174950.0,176630.0,176630.0,0.009511,6060.0,1680.0,
conservative_profit_ladder,301,2025-08-01,2025-08-01T14:37:00+00:00,2025-08-01T14:48:00+00:00,SPXW-20250801-06230.000-C,CALL,3350.0,-280.00000000000006,3,10050.0,176630.0,175790.0,176630.0,0.0,7740.0,-840.0,
conservative_profit_ladder,302,2025-08-01,2025-08-01T14:51:00+00:00,2025-08-01T14:52:00+00:00,SPXW-20250801-06250.000-P,PUT,2230.0,219.99999999999991,3,6690.0,175790.0,176450.0,176630.0,0.004756,6900.0,660.0,
conservative_profit_ladder,303,2025-08-04,2025-08-04T14:20:00+00:00,2025-08-04T14:27:00+00:00,SPXW-20250804-06280.000-C,CALL,3320.0000000000005,329.9999999999997,3,9960.000000000002,176450.0,177440.0,177440.0,0.005579,0.0,990.0,
conservative_profit_ladder,304,2025-08-04,2025-08-04T14:48:00+00:00,2025-08-04T14:50:00+00:00,SPXW-20250804-06280.000-C,CALL,3370.0000000000005,279.9999999999997,3,10110.000000000002,177440.0,178280.0,178280.0,0.004712,990.0,840.0,
conservative_profit_ladder,305,2025-08-04,2025-08-04T15:02:00+00:00,2025-08-04T15:05:00+00:00,SPXW-20250804-06285.000-C,CALL,2830.0,139.99999999999986,3,8490.0,178280.0,178700.0,178700.0,0.00235,1830.0,420.0,
conservative_profit_ladder,306,2025-08-05,2025-08-05T14:01:00+00:00,2025-08-05T14:02:00+00:00,SPXW-20250805-06350.000-P,PUT,2220.0,260.0000000000001,3,6660.0,178700.0,179480.0,179480.0,0.004346,0.0,780.0,
conservative_profit_ladder,307,2025-08-05,2025-08-05T14:03:00+00:00,2025-08-05T14:06:00+00:00,SPXW-20250805-06360.000-P,PUT,3100.0,729.9999999999998,3,9300.0,179480.0,181670.0,181670.0,0.012055,780.0,2190.0,
conservative_profit_ladder,308,2025-08-05,2025-08-05T14:26:00+00:00,2025-08-05T14:36:00+00:00,SPXW-20250805-06335.000-P,PUT,2330.0,450.0,3,6990.0,181670.0,183020.0,183020.0,0.007376,2970.0,1350.0,
conservative_profit_ladder,309,2025-08-05,2025-08-05T14:42:00+00:00,2025-08-05T14:44:00+00:00,SPXW-20250805-06310.000-P,PUT,1440.0,440.00000000000006,3,4320.0,183020.0,184340.0,184340.0,0.007161,4320.0,1320.0,
conservative_profit_ladder,310,2025-08-05,2025-08-05T14:48:00+00:00,2025-08-05T14:49:00+00:00,SPXW-20250805-06305.000-P,PUT,1620.0,450.0,3,4860.0,184340.0,185690.0,185690.0,0.00727,5640.0,1350.0,
conservative_profit_ladder,311,2025-08-05,2025-08-05T14:53:00+00:00,2025-08-05T15:04:00+00:00,SPXW-20250805-06275.000-C,CALL,2600.0,510.0000000000001,3,7800.0,185690.0,187220.0,187220.0,0.008172,6990.0,1530.0,
conservative_profit_ladder,312,2025-08-06,2025-08-06T14:00:00+00:00,2025-08-06T14:10:00+00:00,SPXW-20250806-06290.000-C,CALL,2450.0,1260.0000000000002,3,7350.0,187220.0,191000.0,191000.0,0.019791,0.0,3780.0,
conservative_profit_ladder,313,2025-08-06,2025-08-06T14:28:00+00:00,2025-08-06T14:32:00+00:00,SPXW-20250806-06280.000-C,CALL,2730.0,300.0,3,8190.0,191000.0,191900.0,191900.0,0.00469,3780.0,900.0,
conservative_profit_ladder,314,2025-08-06,2025-08-06T14:36:00+00:00,2025-08-06T14:37:00+00:00,SPXW-20250806-06300.000-C,CALL,1800.0,389.9999999999999,3,5400.0,191900.0,193070.0,193070.0,0.00606,4680.0,1170.0,
conservative_profit_ladder,315,2025-08-06,2025-08-06T14:38:00+00:00,2025-08-06T14:44:00+00:00,SPXW-20250806-06295.000-C,CALL,2410.0,409.9999999999998,3,7230.0,193070.0,194300.0,194300.0,0.00633,5850.0,1230.0,
conservative_profit_ladder,316,2025-08-06,2025-08-06T14:45:00+00:00,2025-08-06T14:54:00+00:00,SPXW-20250806-06290.000-C,CALL,3260.0,150.0,3,9780.0,194300.0,194750.0,194750.0,0.002311,7080.0,450.0,
conservative_profit_ladder,317,2025-08-07,2025-08-07T14:00:00+00:00,2025-08-07T14:15:00+00:00,SPXW-20250807-06355.000-C,CALL,3320.0000000000005,-1420.0000000000002,3,9960.000000000002,194750.0,190490.0,194750.0,0.0,0.0,-4260.0,
conservative_profit_ladder,318,2025-08-07,2025-08-07T14:15:00+00:00,2025-08-07T14:19:00+00:00,SPXW-20250807-06370.000-P,PUT,1440.0,209.99999999999997,0,0.0,190490.0,190490.0,194750.0,0.021874,-4260.0,0.0,daily_loss_stop
conservative_profit_ladder,319,2025-08-07,2025-08-07T14:25:00+00:00,2025-08-07T14:31:00+00:00,SPXW-20250807-06365.000-P,PUT,1890.0,40.00000000000021,0,0.0,190490.0,190490.0,194750.0,0.021874,-4260.0,0.0,daily_loss_stop
conservative_profit_ladder,320,2025-08-07,2025-08-07T14:39:00+00:00,2025-08-07T14:46:00+00:00,SPXW-20250807-06330.000-C,CALL,3010.0,400.0,0,0.0,190490.0,190490.0,194750.0,0.021874,-4260.0,0.0,daily_loss_stop
conservative_profit_ladder,321,2025-08-07,2025-08-07T15:17:00+00:00,2025-08-07T15:22:00+00:00,SPXW-20250807-06315.000-C,CALL,3170.0,440.0000000000002,0,0.0,190490.0,190490.0,194750.0,0.021874,-4260.0,0.0,daily_loss_stop
conservative_profit_ladder,322,2025-08-07,2025-08-07T17:40:00+00:00,2025-08-07T17:46:00+00:00,SPXW-20250807-06290.000-C,CALL,3340.0,170.00000000000028,0,0.0,190490.0,190490.0,194750.0,0.021874,-4260.0,0.0,daily_loss_stop
conservative_profit_ladder,323,2025-08-08,2025-08-08T14:00:00+00:00,2025-08-08T14:03:00+00:00,SPXW-20250808-06350.000-C,CALL,3120.0,230.00000000000009,3,9360.0,190490.0,191180.0,194750.0,0.021874,0.0,690.0,
conservative_profit_ladder,324,2025-08-08,2025-08-08T14:27:00+00:00,2025-08-08T14:29:00+00:00,SPXW-20250808-06350.000-C,CALL,3320.0000000000005,209.99999999999943,3,9960.000000000002,191180.0,191810.0,194750.0,0.018331,690.0,630.0,
conservative_profit_ladder,325,2025-08-11,2025-08-11T14:01:00+00:00,2025-08-11T14:10:00+00:00,SPXW-20250811-06365.000-C,CALL,3130.0,-30.00000000000007,3,9390.0,191810.0,191720.0,194750.0,0.015096,0.0,-90.0,
conservative_profit_ladder,326,2025-08-11,2025-08-11T14:19:00+00:00,2025-08-11T14:44:00+00:00,SPXW-20250811-06370.000-C,CALL,2860.0,-620.0000000000002,3,8580.0,191720.0,189860.0,194750.0,0.015558,-90.0,-1860.0,
conservative_profit_ladder,327,2025-08-11,2025-08-11T15:17:00+00:00,2025-08-11T15:24:00+00:00,SPXW-20250811-06420.000-P,PUT,3140.0,0.0,0,0.0,189860.0,189860.0,194750.0,0.025109,-1950.0,0.0,daily_loss_stop
conservative_profit_ladder,328,2025-08-12,2025-08-12T14:00:00+00:00,2025-08-12T14:01:00+00:00,SPXW-20250812-06410.000-P,PUT,2440.0,340.0000000000002,3,7320.0,189860.0,190880.0,194750.0,0.025109,0.0,1020.0,
conservative_profit_ladder,329,2025-08-12,2025-08-12T14:13:00+00:00,2025-08-12T14:18:00+00:00,SPXW-20250812-06370.000-C,CALL,3490.0,760.0000000000001,1,3490.0,190880.0,191640.0,194750.0,0.019872,1020.0,760.0,
conservative_profit_ladder,330,2025-08-12,2025-08-12T14:26:00+00:00,2025-08-12T14:29:00+00:00,SPXW-20250812-06380.000-C,CALL,3340.0,110.00000000000014,1,3340.0,191640.0,191750.0,194750.0,0.015969,1780.0,110.0,
conservative_profit_ladder,331,2025-08-12,2025-08-12T14:39:00+00:00,2025-08-12T14:45:00+00:00,SPXW-20250812-06375.000-C,CALL,3520.0000000000005,359.99999999999943,1,3520.0000000000005,191750.0,192110.0,194750.0,0.015404,1890.0,360.0,
conservative_profit_ladder,332,2025-08-12,2025-08-12T14:48:00+00:00,2025-08-12T14:52:00+00:00,SPXW-20250812-06380.000-C,CALL,3440.0,480.00000000000045,1,3440.0,192110.0,192590.0,194750.0,0.013556,2250.0,480.0,
conservative_profit_ladder,333,2025-08-12,2025-08-12T14:58:00+00:00,2025-08-12T15:07:00+00:00,SPXW-20250812-06405.000-C,CALL,1550.0,619.9999999999999,1,1550.0,192590.0,193210.0,194750.0,0.011091,2730.0,620.0,
conservative_profit_ladder,334,2025-08-13,2025-08-13T14:00:00+00:00,2025-08-13T14:02:00+00:00,SPXW-20250813-06485.000-P,PUT,1490.0,259.99999999999994,3,4470.0,193210.0,193990.0,194750.0,0.007908,0.0,780.0,
conservative_profit_ladder,335,2025-08-13,2025-08-13T14:31:00+00:00,2025-08-13T14:32:00+00:00,SPXW-20250813-06475.000-P,PUT,1800.0,239.99999999999983,3,5400.0,193990.0,194710.0,194750.0,0.003902,780.0,720.0,
conservative_profit_ladder,336,2025-08-13,2025-08-13T15:21:00+00:00,2025-08-13T15:24:00+00:00,SPXW-20250813-06430.000-C,CALL,2660.0,279.9999999999997,3,7980.0,194710.0,195550.0,195550.0,0.004296,1500.0,840.0,
conservative_profit_ladder,337,2025-08-14,2025-08-14T14:01:00+00:00,2025-08-14T14:07:00+00:00,SPXW-20250814-06430.000-C,CALL,3140.0,70.00000000000028,3,9420.0,195550.0,195760.0,195760.0,0.001073,0.0,210.0,
conservative_profit_ladder,338,2025-08-14,2025-08-14T14:26:00+00:00,2025-08-14T14:31:00+00:00,SPXW-20250814-06430.000-C,CALL,2920.0,540.0000000000002,3,8760.0,195760.0,197380.0,197380.0,0.008208,210.0,1620.0,
conservative_profit_ladder,339,2025-08-14,2025-08-14T14:31:00+00:00,2025-08-14T14:39:00+00:00,SPXW-20250814-06440.000-C,CALL,2600.0,110.00000000000014,3,7800.0,197380.0,197710.0,197710.0,0.001669,1830.0,330.0,
conservative_profit_ladder,340,2025-08-14,2025-08-14T14:52:00+00:00,2025-08-14T15:17:00+00:00,SPXW-20250814-06440.000-C,CALL,3110.0,-570.0000000000002,3,9330.0,197710.0,196000.0,197710.0,0.0,2160.0,-1710.0,
conservative_profit_ladder,341,2025-08-15,2025-08-15T14:01:00+00:00,2025-08-15T14:02:00+00:00,SPXW-20250815-06450.000-C,CALL,1380.0,369.99999999999994,3,4140.0,196000.0,197110.0,197710.0,0.008649,0.0,1110.0,
conservative_profit_ladder,342,2025-08-15,2025-08-15T14:15:00+00:00,2025-08-15T14:40:00+00:00,SPXW-20250815-06440.000-C,CALL,2470.0,-289.9999999999999,3,7410.0,197110.0,196240.0,197710.0,0.003035,1110.0,-870.0,
conservative_profit_ladder,343,2025-08-15,2025-08-15T14:56:00+00:00,2025-08-15T15:03:00+00:00,SPXW-20250815-06425.000-C,CALL,2950.0,19.99999999999993,3,8850.0,196240.0,196300.0,197710.0,0.007435,240.0,60.0,
conservative_profit_ladder,344,2025-08-15,2025-08-15T15:11:00+00:00,2025-08-15T15:15:00+00:00,SPXW-20250815-06430.000-C,CALL,2490.0,190.00000000000023,3,7470.0,196300.0,196870.0,197710.0,0.007132,300.0,570.0,
conservative_profit_ladder,345,2025-08-15,2025-08-15T15:16:00+00:00,2025-08-15T15:21:00+00:00,SPXW-20250815-06430.000-C,CALL,2700.0,230.00000000000009,3,8100.0,196870.0,197560.0,197710.0,0.004249,870.0,690.0,
conservative_profit_ladder,346,2025-08-18,2025-08-18T14:05:00+00:00,2025-08-18T14:30:00+00:00,SPXW-20250818-06430.000-C,CALL,2150.0,-250.0,3,6450.0,197560.0,196810.0,197710.0,0.000759,0.0,-750.0,
conservative_profit_ladder,347,2025-08-18,2025-08-18T14:33:00+00:00,2025-08-18T14:37:00+00:00,SPXW-20250818-06425.000-C,CALL,2470.0,10.000000000000142,0,0.0,196810.0,196810.0,197710.0,0.004552,-750.0,0.0,daily_loss_stop
conservative_profit_ladder,348,2025-08-18,2025-08-18T14:37:00+00:00,2025-08-18T14:40:00+00:00,SPXW-20250818-06445.000-C,CALL,960.0,-29.999999999999893,0,0.0,196810.0,196810.0,197710.0,0.004552,-750.0,-0.0,daily_loss_stop
conservative_profit_ladder,349,2025-08-18,2025-08-18T14:59:00+00:00,2025-08-18T15:03:00+00:00,SPXW-20250818-06430.000-C,CALL,1860.0,309.9999999999998,0,0.0,196810.0,196810.0,197710.0,0.004552,-750.0,0.0,daily_loss_stop
conservative_profit_ladder,350,2025-08-18,2025-08-18T15:22:00+00:00,2025-08-18T15:47:00+00:00,SPXW-20250818-06425.000-C,CALL,2400.0,-200.0,0,0.0,196810.0,196810.0,197710.0,0.004552,-750.0,-0.0,daily_loss_stop
conservative_profit_ladder,351,2025-08-19,2025-08-19T14:01:00+00:00,2025-08-19T14:09:00+00:00,SPXW-20250819-06425.000-C,CALL,2180.0,730.0000000000001,3,6540.0,196810.0,199000.0,199000.0,0.011005,0.0,2190.0,
conservative_profit_ladder,352,2025-08-19,2025-08-19T14:27:00+00:00,2025-08-19T14:31:00+00:00,SPXW-20250819-06450.000-P,PUT,670.0,339.99999999999994,3,2010.0,199000.0,200020.0,200020.0,0.005099,2190.0,1020.0,
conservative_profit_ladder,353,2025-08-19,2025-08-19T15:01:00+00:00,2025-08-19T15:02:00+00:00,SPXW-20250819-06435.000-P,PUT,1580.0,130.00000000000006,3,4740.0,200020.0,200410.0,200410.0,0.001946,3210.0,390.0,
conservative_profit_ladder,354,2025-08-19,2025-08-19T15:27:00+00:00,2025-08-19T15:35:00+00:00,SPXW-20250819-06410.000-C,CALL,2240.0,270.0000000000003,3,6720.0,200410.0,201220.0,201220.0,0.004025,3600.0,810.0,
conservative_profit_ladder,355,2025-08-20,2025-08-20T14:02:00+00:00,2025-08-20T14:14:00+00:00,SPXW-20250820-06345.000-C,CALL,3390.0,-909.9999999999998,3,10170.0,201220.0,198490.0,201220.0,0.0,0.0,-2730.0,
conservative_profit_ladder,356,2025-08-20,2025-08-20T14:27:00+00:00,2025-08-20T14:31:00+00:00,SPXW-20250820-06395.000-P,PUT,3490.0,910.0,0,0.0,198490.0,198490.0,201220.0,0.013567,-2730.0,0.0,daily_loss_stop
conservative_profit_ladder,357,2025-08-20,2025-08-20T14:38:00+00:00,2025-08-20T14:46:00+00:00,SPXW-20250820-06330.000-C,CALL,3050.0,-310.0000000000001,0,0.0,198490.0,198490.0,201220.0,0.013567,-2730.0,-0.0,daily_loss_stop
conservative_profit_ladder,358,2025-08-20,2025-08-20T14:58:00+00:00,2025-08-20T15:10:00+00:00,SPXW-20250820-06330.000-C,CALL,2260.0,1139.9999999999998,0,0.0,198490.0,198490.0,201220.0,0.013567,-2730.0,0.0,daily_loss_stop
conservative_profit_ladder,359,2025-08-20,2025-08-20T17:30:00+00:00,2025-08-20T17:37:00+00:00,SPXW-20250820-06360.000-C,CALL,2270.0,780.0000000000001,0,0.0,198490.0,198490.0,201220.0,0.013567,-2730.0,0.0,daily_loss_stop
conservative_profit_ladder,360,2025-08-21,2025-08-21T14:01:00+00:00,2025-08-21T14:07:00+00:00,SPXW-20250821-06345.000-C,CALL,3260.0,950.0,3,9780.0,198490.0,201340.0,201340.0,0.014155,0.0,2850.0,
conservative_profit_ladder,361,2025-08-21,2025-08-21T14:09:00+00:00,2025-08-21T14:18:00+00:00,SPXW-20250821-06355.000-C,CALL,3379.9999999999995,550.0,3,10139.999999999998,201340.0,202990.0,202990.0,0.008128,2850.0,1650.0,
conservative_profit_ladder,362,2025-08-21,2025-08-21T14:27:00+00:00,2025-08-21T14:30:00+00:00,SPXW-20250821-06360.000-C,CALL,3270.0000000000005,319.99999999999955,3,9810.000000000002,202990.0,203950.0,203950.0,0.004707,4500.0,960.0,
conservative_profit_ladder,363,2025-08-21,2025-08-21T15:05:00+00:00,2025-08-21T15:06:00+00:00,SPXW-20250821-06400.000-P,PUT,2030.0,259.9999999999998,3,6090.0,203950.0,204730.0,204730.0,0.00381,5460.0,780.0,
conservative_profit_ladder,364,2025-08-22,2025-08-22T14:00:00+00:00,2025-08-22T14:02:00+00:00,SPXW-20250822-06390.000-C,CALL,2960.0,3390.0,3,8880.0,204730.0,214900.0,214900.0,0.047324,0.0,10170.0,
conservative_profit_ladder,365,2025-08-22,2025-08-22T14:08:00+00:00,2025-08-22T14:13:00+00:00,SPXW-20250822-06425.000-C,CALL,3350.0,450.0,3,10050.0,214900.0,216250.0,216250.0,0.006243,10170.0,1350.0,
conservative_profit_ladder,366,2025-08-22,2025-08-22T14:24:00+00:00,2025-08-22T14:27:00+00:00,SPXW-20250822-06425.000-C,CALL,3070.0,830.0000000000001,3,9210.0,216250.0,218740.0,218740.0,0.011383,11520.0,2490.0,
conservative_profit_ladder,367,2025-08-22,2025-08-22T14:50:00+00:00,2025-08-22T14:51:00+00:00,SPXW-20250822-06440.000-C,CALL,3320.0000000000005,269.99999999999955,3,9960.000000000002,218740.0,219550.0,219550.0,0.003689,14010.0,810.0,
conservative_profit_ladder,368,2025-08-25,2025-08-25T14:01:00+00:00,2025-08-25T14:07:00+00:00,SPXW-20250825-06425.000-C,CALL,3250.0,60.00000000000014,3,9750.0,219550.0,219730.0,219730.0,0.000819,0.0,180.0,
conservative_profit_ladder,369,2025-08-25,2025-08-25T14:27:00+00:00,2025-08-25T14:49:00+00:00,SPXW-20250825-06445.000-C,CALL,1330.0,50.0,3,3990.0,219730.0,219880.0,219880.0,0.000682,180.0,150.0,
conservative_profit_ladder,370,2025-08-25,2025-08-25T14:49:00+00:00,2025-08-25T15:14:00+00:00,SPXW-20250825-06450.000-C,CALL,1030.0,339.9999999999999,3,3090.0,219880.0,220900.0,220900.0,0.004617,330.0,1020.0,
conservative_profit_ladder,371,2025-08-26,2025-08-26T14:00:00+00:00,2025-08-26T14:25:00+00:00,SPXW-20250826-06420.000-C,CALL,2220.0,460.0000000000001,3,6660.0,220900.0,222280.0,222280.0,0.006208,0.0,1380.0,
conservative_profit_ladder,372,2025-08-26,2025-08-26T14:25:00+00:00,2025-08-26T14:50:00+00:00,SPXW-20250826-06415.000-C,CALL,3170.0,-450.0,3,9510.0,222280.0,220930.0,222280.0,0.0,1380.0,-1350.0,
conservative_profit_ladder,373,2025-08-26,2025-08-26T15:14:00+00:00,2025-08-26T15:25:00+00:00,SPXW-20250826-06410.000-C,CALL,3180.0,90.00000000000021,3,9540.0,220930.0,221200.0,222280.0,0.006073,30.0,270.0,
conservative_profit_ladder,374,2025-08-27,2025-08-27T14:02:00+00:00,2025-08-27T14:13:00+00:00,SPXW-20250827-06450.000-C,CALL,2020.0,200.0,3,6060.0,221200.0,221800.0,222280.0,0.004859,0.0,600.0,
conservative_profit_ladder,375,2025-08-27,2025-08-27T14:19:00+00:00,2025-08-27T14:23:00+00:00,SPXW-20250827-06440.000-C,CALL,3379.9999999999995,240.00000000000057,3,10139.999999999998,221800.0,222520.0,222520.0,0.003236,600.0,720.0,
conservative_profit_ladder,376,2025-08-27,2025-08-27T14:33:00+00:00,2025-08-27T14:58:00+00:00,SPXW-20250827-06465.000-C,CALL,1420.0,-79.99999999999989,3,4260.0,222520.0,222280.0,222520.0,0.0,1320.0,-240.0,
conservative_profit_ladder,377,2025-08-28,2025-08-28T14:00:00+00:00,2025-08-28T14:06:00+00:00,SPXW-20250828-06495.000-P,PUT,2570.0,-180.00000000000006,3,7710.0,222280.0,221740.0,222520.0,0.001079,0.0,-540.0,
conservative_profit_ladder,378,2025-08-28,2025-08-28T14:33:00+00:00,2025-08-28T14:58:00+00:00,SPXW-20250828-06465.000-C,CALL,1620.0,600.0,3,4860.0,221740.0,223540.0,223540.0,0.008052,-540.0,1800.0,
conservative_profit_ladder,379,2025-08-28,2025-08-28T15:10:00+00:00,2025-08-28T15:35:00+00:00,SPXW-20250828-06470.000-C,CALL,1580.0,-20.000000000000107,3,4740.0,223540.0,223480.0,223540.0,0.0,1260.0,-60.0,
conservative_profit_ladder,380,2025-08-29,2025-08-29T14:04:00+00:00,2025-08-29T14:07:00+00:00,SPXW-20250829-06470.000-P,PUT,1610.0000000000002,679.9999999999998,3,4830.000000000001,223480.0,225520.0,225520.0,0.009046,0.0,2040.0,
conservative_profit_ladder,381,2025-08-29,2025-08-29T14:08:00+00:00,2025-08-29T14:13:00+00:00,SPXW-20250829-06485.000-P,PUT,3310.0,169.99999999999957,3,9930.0,225520.0,226030.0,226030.0,0.002256,2040.0,510.0,
conservative_profit_ladder,382,2025-08-29,2025-08-29T14:13:00+00:00,2025-08-29T14:15:00+00:00,SPXW-20250829-06425.000-C,CALL,3310.0,219.99999999999957,3,9930.0,226030.0,226690.0,226690.0,0.002911,2550.0,660.0,
conservative_profit_ladder,383,2025-08-29,2025-08-29T14:33:00+00:00,2025-08-29T14:41:00+00:00,SPXW-20250829-06435.000-C,CALL,2910.0,189.99999999999983,3,8730.0,226690.0,227260.0,227260.0,0.002508,3210.0,570.0,
conservative_profit_ladder,384,2025-08-29,2025-08-29T14:55:00+00:00,2025-08-29T15:03:00+00:00,SPXW-20250829-06420.000-C,CALL,3370.0000000000005,229.99999999999972,3,10110.000000000002,227260.0,227950.0,227950.0,0.003027,3780.0,690.0,
conservative_profit_ladder,385,2025-08-29,2025-08-29T15:26:00+00:00,2025-08-29T15:51:00+00:00,SPXW-20250829-06435.000-C,CALL,2620.0,-580.0000000000001,3,7860.0,227950.0,226210.0,227950.0,0.0,4470.0,-1740.0,
conservative_profit_ladder,386,2025-09-02,2025-09-02T14:00:00+00:00,2025-09-02T14:05:00+00:00,SPXW-20250902-06405.000-C,CALL,1420.0,0.0,3,4260.0,226210.0,226210.0,227950.0,0.007633,0.0,0.0,
conservative_profit_ladder,387,2025-09-02,2025-09-02T14:28:00+00:00,2025-09-02T14:31:00+00:00,SPXW-20250902-06380.000-C,CALL,2270.0,580.0000000000001,3,6810.0,226210.0,227950.0,227950.0,0.007633,0.0,1740.0,
conservative_profit_ladder,388,2025-09-02,2025-09-02T14:36:00+00:00,2025-09-02T14:51:00+00:00,SPXW-20250902-06375.000-C,CALL,3310.0,-1390.0000000000002,3,9930.0,227950.0,223780.0,227950.0,0.0,1740.0,-4170.0,
conservative_profit_ladder,389,2025-09-03,2025-09-03T14:18:00+00:00,2025-09-03T14:20:00+00:00,SPXW-20250903-06440.000-C,CALL,630.0,220.00000000000003,3,1890.0,223780.0,224440.0,227950.0,0.018293,0.0,660.0,
conservative_profit_ladder,390,2025-09-03,2025-09-03T14:23:00+00:00,2025-09-03T14:27:00+00:00,SPXW-20250903-06415.000-C,CALL,2810.0,209.99999999999977,3,8430.0,224440.0,225070.0,227950.0,0.015398,660.0,630.0,
conservative_profit_ladder,391,2025-09-03,2025-09-03T14:31:00+00:00,2025-09-03T14:35:00+00:00,SPXW-20250903-06420.000-C,CALL,2320.0,340.0000000000002,1,2320.0,225070.0,225410.0,227950.0,0.012634,1290.0,340.0,
conservative_profit_ladder,392,2025-09-03,2025-09-03T14:43:00+00:00,2025-09-03T15:08:00+00:00,SPXW-20250903-06440.000-C,CALL,1300.0,159.99999999999997,1,1300.0,225410.0,225570.0,227950.0,0.011143,1630.0,160.0,
conservative_profit_ladder,393,2025-09-03,2025-09-03T15:24:00+00:00,2025-09-03T15:37:00+00:00,SPXW-20250903-06410.000-C,CALL,3460.0,-480.00000000000006,1,3460.0,225570.0,225090.0,227950.0,0.010441,1790.0,-480.0,
conservative_profit_ladder,394,2025-09-04,2025-09-04T14:01:00+00:00,2025-09-04T14:04:00+00:00,SPXW-20250904-06470.000-P,PUT,1490.0,420.0000000000001,1,1490.0,225090.0,225510.0,227950.0,0.012547,0.0,420.0,
conservative_profit_ladder,395,2025-09-04,2025-09-04T14:23:00+00:00,2025-09-04T14:26:00+00:00,SPXW-20250904-06445.000-C,CALL,1460.0,560.0,1,1460.0,225510.0,226070.0,227950.0,0.010704,420.0,560.0,
conservative_profit_ladder,396,2025-09-04,2025-09-04T14:28:00+00:00,2025-09-04T14:33:00+00:00,SPXW-20250904-06430.000-C,CALL,2970.0,540.0000000000002,1,2970.0,226070.0,226610.0,227950.0,0.008247,980.0,540.0,
conservative_profit_ladder,397,2025-09-04,2025-09-04T14:35:00+00:00,2025-09-04T14:40:00+00:00,SPXW-20250904-06435.000-C,CALL,2970.0,359.9999999999998,3,8910.0,226610.0,227690.0,227950.0,0.005878,1520.0,1080.0,
conservative_profit_ladder,398,2025-09-04,2025-09-04T14:53:00+00:00,2025-09-04T15:00:00+00:00,SPXW-20250904-06435.000-C,CALL,3300.0,70.00000000000028,1,3300.0,227690.0,227760.0,227950.0,0.001141,2600.0,70.0,
conservative_profit_ladder,399,2025-09-04,2025-09-04T15:17:00+00:00,2025-09-04T15:29:00+00:00,SPXW-20250904-06450.000-C,CALL,2180.0,400.0,3,6540.0,227760.0,228960.0,228960.0,0.005241,2670.0,1200.0,
conservative_profit_ladder,400,2025-09-05,2025-09-05T14:00:00+00:00,2025-09-05T14:03:00+00:00,SPXW-20250905-06515.000-P,PUT,930.0,359.99999999999994,3,2790.0,228960.0,230040.0,230040.0,0.004695,0.0,1080.0,
conservative_profit_ladder,401,2025-09-05,2025-09-05T14:05:00+00:00,2025-09-05T14:09:00+00:00,SPXW-20250905-06510.000-P,PUT,960.0,290.00000000000006,3,2880.0,230040.0,230910.0,230910.0,0.003768,1080.0,870.0,
conservative_profit_ladder,402,2025-09-05,2025-09-05T14:15:00+00:00,2025-09-05T14:17:00+00:00,SPXW-20250905-06520.000-P,PUT,2420.0,450.0,3,7260.0,230910.0,232260.0,232260.0,0.005812,1950.0,1350.0,
conservative_profit_ladder,403,2025-09-05,2025-09-05T14:21:00+00:00,2025-09-05T14:25:00+00:00,SPXW-20250905-06515.000-P,PUT,2640.0,1280.0000000000005,3,7920.0,232260.0,236100.0,236100.0,0.016264,3300.0,3840.0,
conservative_profit_ladder,404,2025-09-05,2025-09-05T14:26:00+00:00,2025-09-05T14:29:00+00:00,SPXW-20250905-06485.000-P,PUT,1830.0,480.00000000000006,3,5490.0,236100.0,237540.0,237540.0,0.006062,7140.0,1440.0,
conservative_profit_ladder,405,2025-09-05,2025-09-05T14:30:00+00:00,2025-09-05T14:31:00+00:00,SPXW-20250905-06480.000-P,PUT,1760.0000000000002,59.99999999999979,3,5280.000000000001,237540.0,237720.0,237720.0,0.000757,8580.0,180.0,
conservative_profit_ladder,406,2025-09-05,2025-09-05T14:41:00+00:00,2025-09-05T14:43:00+00:00,SPXW-20250905-06465.000-P,PUT,1350.0,460.0000000000001,3,4050.0,237720.0,239100.0,239100.0,0.005772,8760.0,1380.0,
conservative_profit_ladder,407,2025-09-05,2025-09-05T14:48:00+00:00,2025-09-05T14:51:00+00:00,SPXW-20250905-06470.000-P,PUT,2140.0,400.0,3,6420.0,239100.0,240300.0,240300.0,0.004994,10140.0,1200.0,
conservative_profit_ladder,408,2025-09-05,2025-09-05T14:52:00+00:00,2025-09-05T14:56:00+00:00,SPXW-20250905-06440.000-C,CALL,2930.0,349.99999999999966,3,8790.0,240300.0,241350.0,241350.0,0.004351,11340.0,1050.0,
conservative_profit_ladder,409,2025-09-05,2025-09-05T15:20:00+00:00,2025-09-05T15:25:00+00:00,SPXW-20250905-06435.000-C,CALL,3140.0,510.0000000000001,3,9420.0,241350.0,242880.0,242880.0,0.006299,12390.0,1530.0,
conservative_profit_ladder,410,2025-09-05,2025-09-05T15:27:00+00:00,2025-09-05T15:30:00+00:00,SPXW-20250905-06440.000-C,CALL,3110.0,469.99999999999955,3,9330.0,242880.0,244290.0,244290.0,0.005772,13920.0,1410.0,
conservative_profit_ladder,411,2025-09-08,2025-09-08T14:01:00+00:00,2025-09-08T14:04:00+00:00,SPXW-20250908-06495.000-P,PUT,980.0,-20.000000000000107,3,2940.0,244290.0,244230.0,244290.0,0.0,0.0,-60.0,
conservative_profit_ladder,412,2025-09-08,2025-09-08T14:07:00+00:00,2025-09-08T14:32:00+00:00,SPXW-20250908-06465.000-C,CALL,3170.0,380.00000000000006,3,9510.0,244230.0,245370.0,245370.0,0.004646,-60.0,1140.0,
conservative_profit_ladder,413,2025-09-08,2025-09-08T14:36:00+00:00,2025-09-08T14:41:00+00:00,SPXW-20250908-06475.000-C,CALL,2540.0,230.00000000000009,3,7620.0,245370.0,246060.0,246060.0,0.002804,1080.0,690.0,
conservative_profit_ladder,414,2025-09-08,2025-09-08T14:46:00+00:00,2025-09-08T15:11:00+00:00,SPXW-20250908-06490.000-C,CALL,1580.0,339.9999999999999,3,4740.0,246060.0,247080.0,247080.0,0.004128,1770.0,1020.0,
conservative_profit_ladder,415,2025-09-08,2025-09-08T18:15:00+00:00,2025-09-08T18:23:00+00:00,SPXW-20250908-06475.000-C,CALL,1600.0,450.0,3,4800.0,247080.0,248430.0,248430.0,0.005434,2790.0,1350.0,
conservative_profit_ladder,416,2025-09-09,2025-09-09T14:10:00+00:00,2025-09-09T14:13:00+00:00,SPXW-20250909-06485.000-C,CALL,2080.0,269.99999999999994,3,6240.0,248430.0,249240.0,249240.0,0.00325,0.0,810.0,
conservative_profit_ladder,417,2025-09-09,2025-09-09T14:35:00+00:00,2025-09-09T14:40:00+00:00,SPXW-20250909-06495.000-P,PUT,1410.0,-29.999999999999893,3,4230.0,249240.0,249150.0,249240.0,0.0,810.0,-90.0,
conservative_profit_ladder,418,2025-09-09,2025-09-09T15:15:00+00:00,2025-09-09T15:19:00+00:00,SPXW-20250909-06475.000-C,CALL,2100.0,130.00000000000006,3,6300.0,249150.0,249540.0,249540.0,0.001563,720.0,390.0,
conservative_profit_ladder,419,2025-09-10,2025-09-10T14:00:00+00:00,2025-09-10T14:08:00+00:00,SPXW-20250910-06535.000-C,CALL,1630.0,550.0,3,4890.0,249540.0,251190.0,251190.0,0.006569,0.0,1650.0,
conservative_profit_ladder,420,2025-09-10,2025-09-10T14:21:00+00:00,2025-09-10T14:46:00+00:00,SPXW-20250910-06535.000-C,CALL,2150.0,-469.99999999999994,3,6450.0,251190.0,249780.0,251190.0,0.0,1650.0,-1410.0,
conservative_profit_ladder,421,2025-09-10,2025-09-10T14:47:00+00:00,2025-09-10T15:12:00+00:00,SPXW-20250910-06530.000-C,CALL,2050.0,-519.9999999999999,3,6150.0,249780.0,248220.0,251190.0,0.005613,240.0,-1560.0,
conservative_profit_ladder,422,2025-09-11,2025-09-11T14:00:00+00:00,2025-09-11T14:09:00+00:00,SPXW-20250911-06545.000-C,CALL,2550.0,539.9999999999999,3,7650.0,248220.0,249840.0,251190.0,0.011824,0.0,1620.0,
conservative_profit_ladder,423,2025-09-11,2025-09-11T14:11:00+00:00,2025-09-11T14:14:00+00:00,SPXW-20250911-06540.000-C,CALL,3100.0,89.99999999999986,3,9300.0,249840.0,250110.0,251190.0,0.005374,1620.0,270.0,
conservative_profit_ladder,424,2025-09-11,2025-09-11T14:30:00+00:00,2025-09-11T14:35:00+00:00,SPXW-20250911-06540.000-C,CALL,3320.0000000000005,450.0,3,9960.000000000002,250110.0,251460.0,251460.0,0.005369,1890.0,1350.0,
conservative_profit_ladder,425,2025-09-11,2025-09-11T14:39:00+00:00,2025-09-11T14:43:00+00:00,SPXW-20250911-06550.000-C,CALL,2970.0,180.00000000000006,3,8910.0,251460.0,252000.0,252000.0,0.002143,3240.0,540.0,
conservative_profit_ladder,426,2025-09-11,2025-09-11T15:25:00+00:00,2025-09-11T15:29:00+00:00,SPXW-20250911-06555.000-C,CALL,3080.0,19.99999999999993,3,9240.0,252000.0,252060.0,252060.0,0.000238,3780.0,60.0,
conservative_profit_ladder,427,2025-09-12,2025-09-12T14:02:00+00:00,2025-09-12T14:07:00+00:00,SPXW-20250912-06560.000-C,CALL,2930.0,189.99999999999983,3,8790.0,252060.0,252630.0,252630.0,0.002256,0.0,570.0,
conservative_profit_ladder,428,2025-09-12,2025-09-12T14:21:00+00:00,2025-09-12T14:25:00+00:00,SPXW-20250912-06565.000-C,CALL,2430.0,169.99999999999994,3,7290.0,252630.0,253140.0,253140.0,0.002015,570.0,510.0,
conservative_profit_ladder,429,2025-09-12,2025-09-12T14:28:00+00:00,2025-09-12T14:34:00+00:00,SPXW-20250912-06555.000-C,CALL,3450.0,100.0,3,10350.0,253140.0,253440.0,253440.0,0.001184,1080.0,300.0,
conservative_profit_ladder,430,2025-09-12,2025-09-12T14:42:00+00:00,2025-09-12T14:48:00+00:00,SPXW-20250912-06565.000-C,CALL,2460.0,169.99999999999994,3,7380.0,253440.0,253950.0,253950.0,0.002008,1380.0,510.0,
conservative_profit_ladder,431,2025-09-12,2025-09-12T14:49:00+00:00,2025-09-12T15:14:00+00:00,SPXW-20250912-06575.000-C,CALL,1720.0,10.000000000000142,3,5160.0,253950.0,253980.0,253980.0,0.000118,1890.0,30.0,
conservative_profit_ladder,432,2025-09-15,2025-09-15T14:06:00+00:00,2025-09-15T14:09:00+00:00,SPXW-20250915-06580.000-C,CALL,3240.0,10.000000000000142,3,9720.0,253980.0,254010.0,254010.0,0.000118,0.0,30.0,
conservative_profit_ladder,433,2025-09-15,2025-09-15T14:39:00+00:00,2025-09-15T14:46:00+00:00,SPXW-20250915-06590.000-C,CALL,2510.0,359.9999999999998,3,7530.0,254010.0,255090.0,255090.0,0.004234,30.0,1080.0,
conservative_profit_ladder,434,2025-09-15,2025-09-15T17:39:00+00:00,2025-09-15T17:48:00+00:00,SPXW-20250915-06590.000-C,CALL,2100.0,100.0,3,6300.0,255090.0,255390.0,255390.0,0.001175,1110.0,300.0,
conservative_profit_ladder,435,2025-09-16,2025-09-16T14:17:00+00:00,2025-09-16T14:25:00+00:00,SPXW-20250916-06585.000-C,CALL,2720.0,110.00000000000014,3,8160.0,255390.0,255720.0,255720.0,0.00129,0.0,330.0,
conservative_profit_ladder,436,2025-09-16,2025-09-16T15:10:00+00:00,2025-09-16T15:35:00+00:00,SPXW-20250916-06580.000-C,CALL,2910.0,-460.0000000000001,3,8730.0,255720.0,254340.0,255720.0,0.0,330.0,-1380.0,
conservative_profit_ladder,437,2025-09-17,2025-09-17T18:10:00+00:00,2025-09-17T18:11:00+00:00,SPXW-20250917-06635.000-P,PUT,3340.0,300.0,3,10020.0,254340.0,255240.0,255720.0,0.005397,0.0,900.0,
conservative_profit_ladder,438,2025-09-17,2025-09-17T18:13:00+00:00,2025-09-17T18:15:00+00:00,SPXW-20250917-06625.000-P,PUT,3240.0,1200.0,3,9720.0,255240.0,258840.0,258840.0,0.013908,900.0,3600.0,
conservative_profit_ladder,439,2025-09-17,2025-09-17T18:39:00+00:00,2025-09-17T18:40:00+00:00,SPXW-20250917-06600.000-P,PUT,2300.0,860.0000000000001,3,6900.0,258840.0,261420.0,261420.0,0.009869,4500.0,2580.0,
conservative_profit_ladder,440,2025-09-17,2025-09-17T18:42:00+00:00,2025-09-17T18:43:00+00:00,SPXW-20250917-06595.000-P,PUT,2430.0,539.9999999999999,3,7290.0,261420.0,263040.0,263040.0,0.006159,7080.0,1620.0,
conservative_profit_ladder,441,2025-09-17,2025-09-17T18:45:00+00:00,2025-09-17T18:46:00+00:00,SPXW-20250917-06590.000-P,PUT,2530.0,709.9999999999998,3,7590.0,263040.0,265170.0,265170.0,0.008033,8700.0,2130.0,
conservative_profit_ladder,442,2025-09-17,2025-09-17T18:48:00+00:00,2025-09-17T18:49:00+00:00,SPXW-20250917-06550.000-C,CALL,3160.0,469.99999999999955,3,9480.0,265170.0,266580.0,266580.0,0.005289,10830.0,1410.0,
conservative_profit_ladder,443,2025-09-17,2025-09-17T19:01:00+00:00,2025-09-17T19:02:00+00:00,SPXW-20250917-06585.000-C,CALL,1590.0,670.0000000000001,3,4770.0,266580.0,268590.0,268590.0,0.007484,12240.0,2010.0,
conservative_profit_ladder,444,2025-09-17,2025-09-17T19:05:00+00:00,2025-09-17T19:06:00+00:00,SPXW-20250917-06570.000-C,CALL,3150.0,170.00000000000028,3,9450.0,268590.0,269100.0,269100.0,0.001895,14250.0,510.0,
conservative_profit_ladder,445,2025-09-18,2025-09-18T14:00:00+00:00,2025-09-18T14:04:00+00:00,SPXW-20250918-06605.000-C,CALL,2880.0,440.0000000000002,3,8640.0,269100.0,270420.0,270420.0,0.004881,0.0,1320.0,
conservative_profit_ladder,446,2025-09-18,2025-09-18T14:06:00+00:00,2025-09-18T14:21:00+00:00,SPXW-20250918-06630.000-C,CALL,1680.0,769.9999999999999,3,5040.0,270420.0,272730.0,272730.0,0.00847,1320.0,2310.0,
conservative_profit_ladder,447,2025-09-18,2025-09-18T14:25:00+00:00,2025-09-18T14:31:00+00:00,SPXW-20250918-06625.000-C,CALL,2810.0,469.99999999999955,3,8430.0,272730.0,274140.0,274140.0,0.005143,3630.0,1410.0,
conservative_profit_ladder,448,2025-09-18,2025-09-18T14:46:00+00:00,2025-09-18T15:11:00+00:00,SPXW-20250918-06630.000-C,CALL,1789.9999999999998,-429.9999999999999,3,5369.999999999999,274140.0,272850.0,274140.0,0.0,5040.0,-1290.0,
conservative_profit_ladder,449,2025-09-18,2025-09-18T15:11:00+00:00,2025-09-18T15:13:00+00:00,SPXW-20250918-06620.000-C,CALL,2110.0,89.99999999999986,3,6330.0,272850.0,273120.0,274140.0,0.004706,3750.0,270.0,
conservative_profit_ladder,450,2025-09-18,2025-09-18T15:24:00+00:00,2025-09-18T15:27:00+00:00,SPXW-20250918-06610.000-C,CALL,3370.0000000000005,229.99999999999972,3,10110.000000000002,273120.0,273810.0,274140.0,0.003721,4020.0,690.0,
conservative_profit_ladder,451,2025-09-19,2025-09-19T14:01:00+00:00,2025-09-19T14:07:00+00:00,SPXW-20250919-06615.000-C,CALL,3450.0,179.99999999999972,3,10350.0,273810.0,274350.0,274350.0,0.001968,0.0,540.0,
conservative_profit_ladder,452,2025-09-19,2025-09-19T14:29:00+00:00,2025-09-19T14:33:00+00:00,SPXW-20250919-06670.000-P,PUT,2470.0,50.0,3,7410.0,274350.0,274500.0,274500.0,0.000546,540.0,150.0,
conservative_profit_ladder,453,2025-09-19,2025-09-19T17:30:00+00:00,2025-09-19T17:34:00+00:00,SPXW-20250919-06620.000-C,CALL,3240.0,230.00000000000043,3,9720.0,274500.0,275190.0,275190.0,0.002507,690.0,690.0,
conservative_profit_ladder,454,2025-09-19,2025-09-19T17:59:00+00:00,2025-09-19T18:22:00+00:00,SPXW-20250919-06635.000-C,CALL,1880.0,59.99999999999979,3,5640.0,275190.0,275370.0,275370.0,0.000654,1380.0,180.0,
conservative_profit_ladder,455,2025-09-22,2025-09-22T14:01:00+00:00,2025-09-22T14:26:00+00:00,SPXW-20250922-06650.000-C,CALL,1250.0,269.99999999999994,3,3750.0,275370.0,276180.0,276180.0,0.002933,0.0,810.0,
conservative_profit_ladder,456,2025-09-22,2025-09-22T14:29:00+00:00,2025-09-22T14:54:00+00:00,SPXW-20250922-06655.000-C,CALL,1370.0,869.9999999999999,3,4110.0,276180.0,278790.0,278790.0,0.009362,810.0,2610.0,
conservative_profit_ladder,457,2025-09-22,2025-09-22T15:06:00+00:00,2025-09-22T15:11:00+00:00,SPXW-20250922-06645.000-C,CALL,3100.0,170.00000000000028,3,9300.0,278790.0,279300.0,279300.0,0.001826,3420.0,510.0,
conservative_profit_ladder,458,2025-09-23,2025-09-23T14:09:00+00:00,2025-09-23T14:15:00+00:00,SPXW-20250923-06680.000-C,CALL,1840.0,120.00000000000028,3,5520.0,279300.0,279660.0,279660.0,0.001287,0.0,360.0,
conservative_profit_ladder,459,2025-09-23,2025-09-23T14:56:00+00:00,2025-09-23T14:58:00+00:00,SPXW-20250923-06710.000-P,PUT,1850.0,180.00000000000006,3,5550.0,279660.0,280200.0,280200.0,0.001927,360.0,540.0,
conservative_profit_ladder,460,2025-09-23,2025-09-23T17:30:00+00:00,2025-09-23T17:32:00+00:00,SPXW-20250923-06690.000-P,PUT,2750.0,180.00000000000006,3,8250.0,280200.0,280740.0,280740.0,0.001923,900.0,540.0,
conservative_profit_ladder,461,2025-09-23,2025-09-23T17:37:00+00:00,2025-09-23T17:42:00+00:00,SPXW-20250923-06665.000-P,PUT,1350.0,639.9999999999999,3,4050.0,280740.0,282660.0,282660.0,0.006793,1440.0,1920.0,
conservative_profit_ladder,462,2025-09-23,2025-09-23T17:48:00+00:00,2025-09-23T17:51:00+00:00,SPXW-20250923-06640.000-C,CALL,1800.0,310.0000000000001,3,5400.0,282660.0,283590.0,283590.0,0.003279,3360.0,930.0,
conservative_profit_ladder,463,2025-09-23,2025-09-23T17:56:00+00:00,2025-09-23T17:57:00+00:00,SPXW-20250923-06670.000-P,PUT,1620.0,40.00000000000021,3,4860.0,283590.0,283710.0,283710.0,0.000423,4290.0,120.0,
conservative_profit_ladder,464,2025-09-23,2025-09-23T18:33:00+00:00,2025-09-23T18:37:00+00:00,SPXW-20250923-06625.000-C,CALL,3270.0000000000005,109.99999999999945,3,9810.000000000002,283710.0,284040.0,284040.0,0.001162,4410.0,330.0,
conservative_profit_ladder,465,2025-09-24,2025-09-24T14:05:00+00:00,2025-09-24T14:06:00+00:00,SPXW-20250924-06665.000-P,PUT,1240.0,209.99999999999997,3,3720.0,284040.0,284670.0,284670.0,0.002213,0.0,630.0,
conservative_profit_ladder,466,2025-09-24,2025-09-24T14:49:00+00:00,2025-09-24T14:54:00+00:00,SPXW-20250924-06635.000-C,CALL,2760.0,-100.0,3,8280.0,284670.0,284370.0,284670.0,0.0,630.0,-300.0,
conservative_profit_ladder,467,2025-09-24,2025-09-24T17:30:00+00:00,2025-09-24T17:36:00+00:00,SPXW-20250924-06625.000-C,CALL,1650.0,89.99999999999986,3,4950.0,284370.0,284640.0,284670.0,0.001054,330.0,270.0,
conservative_profit_ladder,468,2025-09-25,2025-09-25T14:00:00+00:00,2025-09-25T14:10:00+00:00,SPXW-20250925-06610.000-P,PUT,3210.0,-1610.0000000000002,3,9630.0,284640.0,279810.0,284670.0,0.000105,0.0,-4830.0,
conservative_profit_ladder,469,2025-09-25,2025-09-25T14:15:00+00:00,2025-09-25T14:24:00+00:00,SPXW-20250925-06585.000-C,CALL,2680.0,590.0000000000002,0,0.0,279810.0,279810.0,284670.0,0.017072,-4830.0,0.0,daily_loss_stop
conservative_profit_ladder,470,2025-09-25,2025-09-25T14:25:00+00:00,2025-09-25T14:40:00+00:00,SPXW-20250925-06585.000-C,CALL,3450.0,-179.99999999999972,0,0.0,279810.0,279810.0,284670.0,0.017072,-4830.0,-0.0,daily_loss_stop
conservative_profit_ladder,471,2025-09-26,2025-09-26T14:03:00+00:00,2025-09-26T14:04:00+00:00,SPXW-20250926-06645.000-P,PUT,1400.0,239.99999999999983,3,4200.0,279810.0,280530.0,284670.0,0.017072,0.0,720.0,
conservative_profit_ladder,472,2025-09-26,2025-09-26T14:07:00+00:00,2025-09-26T14:09:00+00:00,SPXW-20250926-06650.000-P,PUT,2540.0,340.0000000000002,3,7620.0,280530.0,281550.0,284670.0,0.014543,720.0,1020.0,
conservative_profit_ladder,473,2025-09-26,2025-09-26T14:13:00+00:00,2025-09-26T14:14:00+00:00,SPXW-20250926-06640.000-P,PUT,2170.0,390.0000000000002,3,6510.0,281550.0,282720.0,284670.0,0.01096,1740.0,1170.0,
conservative_profit_ladder,474,2025-09-26,2025-09-26T14:16:00+00:00,2025-09-26T14:18:00+00:00,SPXW-20250926-06590.000-C,CALL,3360.0,339.9999999999999,3,10080.0,282720.0,283740.0,284670.0,0.00685,2910.0,1020.0,
conservative_profit_ladder,475,2025-09-26,2025-09-26T14:30:00+00:00,2025-09-26T14:31:00+00:00,SPXW-20250926-06625.000-P,PUT,2010.0,219.99999999999991,3,6030.0,283740.0,284400.0,284670.0,0.003267,3930.0,660.0,
conservative_profit_ladder,476,2025-09-26,2025-09-26T14:38:00+00:00,2025-09-26T14:43:00+00:00,SPXW-20250926-06590.000-C,CALL,2930.0,849.9999999999997,3,8790.0,284400.0,286950.0,286950.0,0.008887,4590.0,2550.0,
conservative_profit_ladder,477,2025-09-26,2025-09-26T14:44:00+00:00,2025-09-26T14:51:00+00:00,SPXW-20250926-06655.000-P,PUT,3400.0,1389.9999999999998,3,10200.0,286950.0,291120.0,291120.0,0.014324,7140.0,4170.0,
conservative_profit_ladder,478,2025-09-26,2025-09-26T15:19:00+00:00,2025-09-26T15:23:00+00:00,SPXW-20250926-06585.000-C,CALL,3370.0000000000005,79.99999999999972,3,10110.000000000002,291120.0,291360.0,291360.0,0.000824,11310.0,240.0,
conservative_profit_ladder,479,2025-09-26,2025-09-26T15:25:00+00:00,2025-09-26T15:28:00+00:00,SPXW-20250926-06595.000-C,CALL,2540.0,480.00000000000006,3,7620.0,291360.0,292800.0,292800.0,0.004918,11550.0,1440.0,
conservative_profit_ladder,480,2025-09-29,2025-09-29T14:06:00+00:00,2025-09-29T14:09:00+00:00,SPXW-20250929-06645.000-C,CALL,2610.0,429.9999999999997,3,7830.0,292800.0,294090.0,294090.0,0.004386,0.0,1290.0,
conservative_profit_ladder,481,2025-09-29,2025-09-29T14:09:00+00:00,2025-09-29T14:34:00+00:00,SPXW-20250929-06665.000-C,CALL,1400.0,-50.0,3,4200.0,294090.0,293940.0,294090.0,0.0,1290.0,-150.0,
conservative_profit_ladder,482,2025-09-30,2025-09-30T14:02:00+00:00,2025-09-30T14:05:00+00:00,SPXW-20250930-06630.000-C,CALL,3100.0,0.0,3,9300.0,293940.0,293940.0,294090.0,0.00051,0.0,0.0,
conservative_profit_ladder,483,2025-09-30,2025-09-30T14:28:00+00:00,2025-09-30T14:29:00+00:00,SPXW-20250930-06670.000-P,PUT,2010.0,89.99999999999986,3,6030.0,293940.0,294210.0,294210.0,0.000918,0.0,270.0,
conservative_profit_ladder,484,2025-09-30,2025-09-30T14:30:00+00:00,2025-09-30T14:32:00+00:00,SPXW-20250930-06625.000-C,CALL,3200.0,150.0,3,9600.0,294210.0,294660.0,294660.0,0.001527,270.0,450.0,
conservative_profit_ladder,485,2025-09-30,2025-09-30T14:48:00+00:00,2025-09-30T14:56:00+00:00,SPXW-20250930-06635.000-C,CALL,2260.0,379.9999999999997,3,6780.0,294660.0,295800.0,295800.0,0.003854,720.0,1140.0,
conservative_profit_ladder,486,2025-10-01,2025-10-01T14:01:00+00:00,2025-10-01T14:10:00+00:00,SPXW-20251001-06695.000-P,PUT,3160.0,-340.0000000000002,3,9480.0,295800.0,294780.0,295800.0,0.0,0.0,-1020.0,
conservative_profit_ladder,487,2025-10-01,2025-10-01T14:26:00+00:00,2025-10-01T14:33:00+00:00,SPXW-20251001-06650.000-C,CALL,3300.0,-79.99999999999972,0,0.0,294780.0,294780.0,295800.0,0.003448,-1020.0,-0.0,daily_loss_stop
conservative_profit_ladder,488,2025-10-02,2025-10-02T14:00:00+00:00,2025-10-02T14:12:00+00:00,SPXW-20251002-06735.000-P,PUT,1930.0,669.9999999999999,3,5790.0,294780.0,296790.0,296790.0,0.006772,0.0,2010.0,
conservative_profit_ladder,489,2025-10-02,2025-10-02T14:44:00+00:00,2025-10-02T14:52:00+00:00,SPXW-20251002-06725.000-P,PUT,1880.0,439.9999999999999,3,5640.0,296790.0,298110.0,298110.0,0.004428,2010.0,1320.0,
conservative_profit_ladder,490,2025-10-02,2025-10-02T17:34:00+00:00,2025-10-02T17:36:00+00:00,SPXW-20251002-06685.000-C,CALL,2720.0,-30.00000000000007,3,8160.0,298110.0,298020.0,298110.0,0.0,3330.0,-90.0,
conservative_profit_ladder,491,2025-10-02,2025-10-02T17:39:00+00:00,2025-10-02T17:45:00+00:00,SPXW-20251002-06690.000-C,CALL,2210.0,200.0,3,6630.0,298020.0,298620.0,298620.0,0.002009,3240.0,600.0,
conservative_profit_ladder,492,2025-10-03,2025-10-03T14:00:00+00:00,2025-10-03T14:12:00+00:00,SPXW-20251003-06740.000-P,PUT,1430.0,59.999999999999964,3,4290.0,298620.0,298800.0,298800.0,0.000602,0.0,180.0,
conservative_profit_ladder,493,2025-10-03,2025-10-03T14:25:00+00:00,2025-10-03T14:32:00+00:00,SPXW-20251003-06705.000-C,CALL,3220.0000000000005,459.99999999999943,3,9660.000000000002,298800.0,300180.0,300180.0,0.004597,180.0,1380.0,
conservative_profit_ladder,494,2025-10-03,2025-10-03T17:44:00+00:00,2025-10-03T17:54:00+00:00,SPXW-20251003-06735.000-P,PUT,1210.0,1360.0,3,3630.0,300180.0,304260.0,304260.0,0.01341,1560.0,4080.0,
conservative_profit_ladder,495,2025-10-06,2025-10-06T14:01:00+00:00,2025-10-06T14:06:00+00:00,SPXW-20251006-06720.000-P,PUT,680.0,170.00000000000003,3,2040.0,304260.0,304770.0,304770.0,0.001673,0.0,510.0,
conservative_profit_ladder,496,2025-10-06,2025-10-06T14:15:00+00:00,2025-10-06T14:21:00+00:00,SPXW-20251006-06700.000-C,CALL,2940.0,40.00000000000021,3,8820.0,304770.0,304890.0,304890.0,0.000394,510.0,120.0,
conservative_profit_ladder,497,2025-10-06,2025-10-06T14:32:00+00:00,2025-10-06T14:40:00+00:00,SPXW-20251006-06695.000-C,CALL,3510.0,250.0,3,10530.0,304890.0,305640.0,305640.0,0.002454,630.0,750.0,
conservative_profit_ladder,498,2025-10-06,2025-10-06T14:43:00+00:00,2025-10-06T14:53:00+00:00,SPXW-20251006-06720.000-C,CALL,1390.0,79.99999999999989,3,4170.0,305640.0,305880.0,305880.0,0.000785,1380.0,240.0,
conservative_profit_ladder,499,2025-10-06,2025-10-06T14:56:00+00:00,2025-10-06T15:05:00+00:00,SPXW-20251006-06705.000-C,CALL,2680.0,319.99999999999994,3,8040.0,305880.0,306840.0,306840.0,0.003129,1620.0,960.0,
conservative_profit_ladder,500,2025-10-06,2025-10-06T15:24:00+00:00,2025-10-06T15:29:00+00:00,SPXW-20251006-06705.000-C,CALL,3080.0,199.9999999999997,3,9240.0,306840.0,307440.0,307440.0,0.001952,2580.0,600.0,
conservative_profit_ladder,501,2025-10-06,2025-10-06T17:33:00+00:00,2025-10-06T17:40:00+00:00,SPXW-20251006-06720.000-C,CALL,2520.0,40.00000000000021,3,7560.0,307440.0,307560.0,307560.0,0.00039,3180.0,120.0,
conservative_profit_ladder,502,2025-10-07,2025-10-07T14:01:00+00:00,2025-10-07T14:15:00+00:00,SPXW-20251007-06760.000-P,PUT,1670.0,150.0,3,5010.0,307560.0,308010.0,308010.0,0.001461,0.0,450.0,
conservative_profit_ladder,503,2025-10-07,2025-10-07T14:29:00+00:00,2025-10-07T14:46:00+00:00,SPXW-20251007-06745.000-P,PUT,1180.0,329.9999999999999,3,3540.0,308010.0,309000.0,309000.0,0.003204,450.0,990.0,
conservative_profit_ladder,504,2025-10-07,2025-10-07T15:06:00+00:00,2025-10-07T15:17:00+00:00,SPXW-20251007-06720.000-P,PUT,790.0,179.9999999999999,3,2370.0,309000.0,309540.0,309540.0,0.001745,1440.0,540.0,
conservative_profit_ladder,505,2025-10-08,2025-10-08T14:00:00+00:00,2025-10-08T14:09:00+00:00,SPXW-20251008-06695.000-C,CALL,3460.0,1129.9999999999998,3,10380.0,309540.0,312930.0,312930.0,0.010833,0.0,3390.0,
conservative_profit_ladder,506,2025-10-08,2025-10-08T14:25:00+00:00,2025-10-08T14:31:00+00:00,SPXW-20251008-06710.000-C,CALL,3210.0,250.0,3,9630.0,312930.0,313680.0,313680.0,0.002391,3390.0,750.0,
conservative_profit_ladder,507,2025-10-08,2025-10-08T14:36:00+00:00,2025-10-08T14:46:00+00:00,SPXW-20251008-06715.000-C,CALL,2920.0,-80.00000000000007,3,8760.0,313680.0,313440.0,313680.0,0.0,4140.0,-240.0,
conservative_profit_ladder,508,2025-10-08,2025-10-08T18:46:00+00:00,2025-10-08T18:49:00+00:00,SPXW-20251008-06735.000-C,CALL,1390.0,9.999999999999964,3,4170.0,313440.0,313470.0,313680.0,0.000765,3900.0,30.0,
conservative_profit_ladder,509,2025-10-09,2025-10-09T14:00:00+00:00,2025-10-09T14:11:00+00:00,SPXW-20251009-06765.000-P,PUT,2420.0,-59.99999999999979,3,7260.0,313470.0,313290.0,313680.0,0.000669,0.0,-180.0,
conservative_profit_ladder,510,2025-10-09,2025-10-09T14:25:00+00:00,2025-10-09T14:33:00+00:00,SPXW-20251009-06755.000-P,PUT,1850.0,600.0,3,5550.0,313290.0,315090.0,315090.0,0.005713,-180.0,1800.0,
conservative_profit_ladder,511,2025-10-09,2025-10-09T15:15:00+00:00,2025-10-09T15:23:00+00:00,SPXW-20251009-06705.000-C,CALL,3500.0,-129.99999999999972,3,10500.0,315090.0,314700.0,315090.0,0.0,1620.0,-390.0,
conservative_profit_ladder,512,2025-10-10,2025-10-10T14:01:00+00:00,2025-10-10T14:07:00+00:00,SPXW-20251010-06750.000-P,PUT,819.9999999999999,180.00000000000006,3,2459.9999999999995,314700.0,315240.0,315240.0,0.001713,0.0,540.0,
conservative_profit_ladder,513,2025-10-10,2025-10-10T14:26:00+00:00,2025-10-10T14:33:00+00:00,SPXW-20251010-06730.000-C,CALL,2600.0,-260.0000000000001,3,7800.0,315240.0,314460.0,315240.0,0.0,540.0,-780.0,
conservative_profit_ladder,514,2025-10-10,2025-10-10T14:40:00+00:00,2025-10-10T14:44:00+00:00,SPXW-20251010-06750.000-P,PUT,920.0,110.00000000000014,3,2760.0,314460.0,314790.0,315240.0,0.002474,-240.0,330.0,
conservative_profit_ladder,515,2025-10-10,2025-10-10T14:57:00+00:00,2025-10-10T14:58:00+00:00,SPXW-20251010-06735.000-P,PUT,330.0,700.0000000000001,3,990.0,314790.0,316890.0,316890.0,0.006627,90.0,2100.0,
conservative_profit_ladder,516,2025-10-13,2025-10-13T14:00:00+00:00,2025-10-13T14:02:00+00:00,SPXW-20251013-06630.000-C,CALL,3150.0,-119.99999999999991,3,9450.0,316890.0,316530.0,316890.0,0.0,0.0,-360.0,
conservative_profit_ladder,517,2025-10-13,2025-10-13T14:03:00+00:00,2025-10-13T14:07:00+00:00,SPXW-20251013-06630.000-C,CALL,2700.0,339.9999999999999,3,8100.0,316530.0,317550.0,317550.0,0.003212,-360.0,1020.0,
conservative_profit_ladder,518,2025-10-13,2025-10-13T14:25:00+00:00,2025-10-13T14:28:00+00:00,SPXW-20251013-06650.000-P,PUT,2490.0,670.0000000000002,3,7470.0,317550.0,319560.0,319560.0,0.00629,660.0,2010.0,
conservative_profit_ladder,519,2025-10-13,2025-10-13T14:28:00+00:00,2025-10-13T14:41:00+00:00,SPXW-20251013-06615.000-C,CALL,2580.0,1149.9999999999995,3,7740.0,319560.0,323010.0,323010.0,0.010681,2670.0,3450.0,
conservative_profit_ladder,520,2025-10-14,2025-10-14T14:04:00+00:00,2025-10-14T14:09:00+00:00,SPXW-20251014-06570.000-C,CALL,3410.0,560.0000000000001,3,10230.0,323010.0,324690.0,324690.0,0.005174,0.0,1680.0,
conservative_profit_ladder,521,2025-10-14,2025-10-14T14:09:00+00:00,2025-10-14T14:16:00+00:00,SPXW-20251014-06620.000-P,PUT,3220.0000000000005,-230.00000000000043,3,9660.000000000002,324690.0,324000.0,324690.0,0.0,1680.0,-690.0,
conservative_profit_ladder,522,2025-10-14,2025-10-14T14:32:00+00:00,2025-10-14T14:42:00+00:00,SPXW-20251014-06590.000-C,CALL,3440.0,680.0000000000005,3,10320.0,324000.0,326040.0,326040.0,0.006257,990.0,2040.0,
conservative_profit_ladder,523,2025-10-14,2025-10-14T14:54:00+00:00,2025-10-14T15:02:00+00:00,SPXW-20251014-06595.000-C,CALL,3200.0,450.0,3,9600.0,326040.0,327390.0,327390.0,0.004124,3030.0,1350.0,
conservative_profit_ladder,524,2025-10-14,2025-10-14T15:10:00+00:00,2025-10-14T15:13:00+00:00,SPXW-20251014-06600.000-C,CALL,3270.0000000000005,69.99999999999957,3,9810.000000000002,327390.0,327600.0,327600.0,0.000641,4380.0,210.0,
conservative_profit_ladder,525,2025-10-14,2025-10-14T17:30:00+00:00,2025-10-14T17:35:00+00:00,SPXW-20251014-06655.000-C,CALL,2420.0,-539.9999999999999,3,7260.0,327600.0,325980.0,327600.0,0.0,4590.0,-1620.0,
conservative_profit_ladder,526,2025-10-14,2025-10-14T18:18:00+00:00,2025-10-14T18:21:00+00:00,SPXW-20251014-06650.000-C,CALL,2530.0,-160.00000000000014,3,7590.0,325980.0,325500.0,327600.0,0.004945,2970.0,-480.0,
conservative_profit_ladder,527,2025-10-14,2025-10-14T18:22:00+00:00,2025-10-14T18:29:00+00:00,SPXW-20251014-06660.000-C,CALL,1300.0,430.00000000000006,3,3900.0,325500.0,326790.0,327600.0,0.00641,2490.0,1290.0,
conservative_profit_ladder,528,2025-10-15,2025-10-15T14:00:00+00:00,2025-10-15T14:11:00+00:00,SPXW-20251015-06680.000-C,CALL,3340.0,1339.9999999999998,3,10020.0,326790.0,330810.0,330810.0,0.012152,0.0,4020.0,
conservative_profit_ladder,529,2025-10-15,2025-10-15T14:15:00+00:00,2025-10-15T14:29:00+00:00,SPXW-20251015-06700.000-C,CALL,2540.0,110.00000000000014,3,7620.0,330810.0,331140.0,331140.0,0.000997,4020.0,330.0,
conservative_profit_ladder,530,2025-10-15,2025-10-15T14:30:00+00:00,2025-10-15T14:37:00+00:00,SPXW-20251015-06695.000-C,CALL,2980.0,-130.00000000000006,3,8940.0,331140.0,330750.0,331140.0,0.0,4350.0,-390.0,
conservative_profit_ladder,531,2025-10-15,2025-10-15T14:42:00+00:00,2025-10-15T14:49:00+00:00,SPXW-20251015-06695.000-C,CALL,2370.0,-9.999999999999789,3,7110.0,330750.0,330720.0,331140.0,0.001178,3960.0,-30.0,
conservative_profit_ladder,532,2025-10-15,2025-10-15T14:51:00+00:00,2025-10-15T15:00:00+00:00,SPXW-20251015-06700.000-C,CALL,1860.0,139.99999999999986,3,5580.0,330720.0,331140.0,331140.0,0.001268,3930.0,420.0,
conservative_profit_ladder,533,2025-10-15,2025-10-15T15:13:00+00:00,2025-10-15T15:16:00+00:00,SPXW-20251015-06685.000-C,CALL,2470.0,169.99999999999994,3,7410.0,331140.0,331650.0,331650.0,0.001538,4350.0,510.0,
conservative_profit_ladder,534,2025-10-15,2025-10-15T15:17:00+00:00,2025-10-15T15:24:00+00:00,SPXW-20251015-06680.000-C,CALL,2740.0,110.00000000000014,3,8220.0,331650.0,331980.0,331980.0,0.000994,4860.0,330.0,
conservative_profit_ladder,535,2025-10-15,2025-10-15T17:33:00+00:00,2025-10-15T17:38:00+00:00,SPXW-20251015-06615.000-C,CALL,2700.0,900.0,3,8100.0,331980.0,334680.0,334680.0,0.008067,5190.0,2700.0,
conservative_profit_ladder,536,2025-10-15,2025-10-15T17:45:00+00:00,2025-10-15T17:51:00+00:00,SPXW-20251015-06630.000-C,CALL,2760.0,829.9999999999998,3,8280.0,334680.0,337170.0,337170.0,0.007385,7890.0,2490.0,
conservative_profit_ladder,537,2025-10-16,2025-10-16T14:00:00+00:00,2025-10-16T14:08:00+00:00,SPXW-20251016-06715.000-P,PUT,3379.9999999999995,270.0000000000003,3,10139.999999999998,337170.0,337980.0,337980.0,0.002397,0.0,810.0,
conservative_profit_ladder,538,2025-10-16,2025-10-16T14:25:00+00:00,2025-10-16T14:30:00+00:00,SPXW-20251016-06670.000-C,CALL,3210.0,-20.000000000000284,3,9630.0,337980.0,337920.0,337980.0,0.0,810.0,-60.0,
conservative_profit_ladder,539,2025-10-16,2025-10-16T14:37:00+00:00,2025-10-16T14:46:00+00:00,SPXW-20251016-06675.000-C,CALL,3229.9999999999995,570.0000000000002,3,9689.999999999998,337920.0,339630.0,339630.0,0.005035,750.0,1710.0,
conservative_profit_ladder,540,2025-10-17,2025-10-17T14:00:00+00:00,2025-10-17T14:07:00+00:00,SPXW-20251017-06640.000-P,PUT,3310.0,-390.0000000000002,3,9930.0,339630.0,338460.0,339630.0,0.0,0.0,-1170.0,
conservative_profit_ladder,541,2025-10-17,2025-10-17T14:11:00+00:00,2025-10-17T14:17:00+00:00,SPXW-20251017-06625.000-C,CALL,3080.0,1299.9999999999995,0,0.0,338460.0,338460.0,339630.0,0.003445,-1170.0,0.0,daily_loss_stop
conservative_profit_ladder,542,2025-10-17,2025-10-17T14:44:00+00:00,2025-10-17T14:50:00+00:00,SPXW-20251017-06650.000-P,PUT,3340.0,-60.00000000000014,0,0.0,338460.0,338460.0,339630.0,0.003445,-1170.0,-0.0,daily_loss_stop
conservative_profit_ladder,543,2025-10-17,2025-10-17T14:52:00+00:00,2025-10-17T15:01:00+00:00,SPXW-20251017-06650.000-P,PUT,3310.0,929.9999999999998,0,0.0,338460.0,338460.0,339630.0,0.003445,-1170.0,0.0,daily_loss_stop
conservative_profit_ladder,544,2025-10-17,2025-10-17T15:11:00+00:00,2025-10-17T15:17:00+00:00,SPXW-20251017-06645.000-P,PUT,3110.0,789.9999999999999,0,0.0,338460.0,338460.0,339630.0,0.003445,-1170.0,0.0,daily_loss_stop
conservative_profit_ladder,545,2025-10-17,2025-10-17T17:32:00+00:00,2025-10-17T17:35:00+00:00,SPXW-20251017-06615.000-C,CALL,2800.0,470.0000000000003,0,0.0,338460.0,338460.0,339630.0,0.003445,-1170.0,0.0,daily_loss_stop
conservative_profit_ladder,546,2025-10-17,2025-10-17T17:58:00+00:00,2025-10-17T18:01:00+00:00,SPXW-20251017-06630.000-C,CALL,2350.0,469.99999999999994,0,0.0,338460.0,338460.0,339630.0,0.003445,-1170.0,0.0,daily_loss_stop
conservative_profit_ladder,547,2025-10-20,2025-10-20T14:00:00+00:00,2025-10-20T14:13:00+00:00,SPXW-20251020-06685.000-C,CALL,3110.0,719.9999999999995,3,9330.0,338460.0,340620.0,340620.0,0.006341,0.0,2160.0,
conservative_profit_ladder,548,2025-10-20,2025-10-20T14:25:00+00:00,2025-10-20T14:33:00+00:00,SPXW-20251020-06690.000-C,CALL,3410.0,289.9999999999999,3,10230.0,340620.0,341490.0,341490.0,0.002548,2160.0,870.0,
conservative_profit_ladder,549,2025-10-20,2025-10-20T14:35:00+00:00,2025-10-20T14:42:00+00:00,SPXW-20251020-06700.000-C,CALL,2660.0,660.0000000000001,3,7980.0,341490.0,343470.0,343470.0,0.005765,3030.0,1980.0,
conservative_profit_ladder,550,2025-10-20,2025-10-20T17:38:00+00:00,2025-10-20T17:43:00+00:00,SPXW-20251020-06730.000-C,CALL,1330.0,150.0,3,3990.0,343470.0,343920.0,343920.0,0.001308,5010.0,450.0,
conservative_profit_ladder,551,2025-10-21,2025-10-21T14:00:00+00:00,2025-10-21T14:10:00+00:00,SPXW-20251021-06750.000-P,PUT,2570.0,-100.0,3,7710.0,343920.0,343620.0,343920.0,0.0,0.0,-300.0,
conservative_profit_ladder,552,2025-10-21,2025-10-21T14:25:00+00:00,2025-10-21T14:33:00+00:00,SPXW-20251021-06765.000-P,PUT,2880.0,1149.9999999999995,3,8640.0,343620.0,347070.0,347070.0,0.00994,-300.0,3450.0,
conservative_profit_ladder,553,2025-10-22,2025-10-22T14:01:00+00:00,2025-10-22T14:09:00+00:00,SPXW-20251022-06710.000-C,CALL,3070.0,90.00000000000021,3,9210.0,347070.0,347340.0,347340.0,0.000777,0.0,270.0,
conservative_profit_ladder,554,2025-10-22,2025-10-22T14:10:00+00:00,2025-10-22T14:19:00+00:00,SPXW-20251022-06740.000-P,PUT,1410.0,40.000000000000036,3,4230.0,347340.0,347460.0,347460.0,0.000345,270.0,120.0,
conservative_profit_ladder,555,2025-10-22,2025-10-22T14:26:00+00:00,2025-10-22T14:36:00+00:00,SPXW-20251022-06730.000-P,PUT,1230.0,1089.9999999999998,3,3690.0,347460.0,350730.0,350730.0,0.009323,390.0,3270.0,
conservative_profit_ladder,556,2025-10-22,2025-10-22T14:38:00+00:00,2025-10-22T14:45:00+00:00,SPXW-20251022-06735.000-P,PUT,2310.0,689.9999999999999,3,6930.0,350730.0,352800.0,352800.0,0.005867,3660.0,2070.0,
conservative_profit_ladder,557,2025-10-23,2025-10-23T14:00:00+00:00,2025-10-23T14:12:00+00:00,SPXW-20251023-06740.000-P,PUT,2330.0,750.0,3,6990.0,352800.0,355050.0,355050.0,0.006337,0.0,2250.0,
conservative_profit_ladder,558,2025-10-23,2025-10-23T14:12:00+00:00,2025-10-23T14:19:00+00:00,SPXW-20251023-06700.000-C,CALL,2200.0,-250.0,3,6600.0,355050.0,354300.0,355050.0,0.0,2250.0,-750.0,
conservative_profit_ladder,559,2025-10-23,2025-10-23T14:26:00+00:00,2025-10-23T14:39:00+00:00,SPXW-20251023-06690.000-C,CALL,3170.0,519.9999999999999,3,9510.0,354300.0,355860.0,355860.0,0.004384,1500.0,1560.0,
conservative_profit_ladder,560,2025-10-23,2025-10-23T14:44:00+00:00,2025-10-23T14:50:00+00:00,SPXW-20251023-06695.000-C,CALL,3030.0,430.00000000000006,3,9090.0,355860.0,357150.0,357150.0,0.003612,3060.0,1290.0,
conservative_profit_ladder,561,2025-10-24,2025-10-24T14:01:00+00:00,2025-10-24T14:11:00+00:00,SPXW-20251024-06785.000-C,CALL,2000.0,239.99999999999983,3,6000.0,357150.0,357870.0,357870.0,0.002012,0.0,720.0,
conservative_profit_ladder,562,2025-10-24,2025-10-24T14:12:00+00:00,2025-10-24T14:20:00+00:00,SPXW-20251024-06775.000-C,CALL,2910.0,-170.00000000000028,3,8730.0,357870.0,357360.0,357870.0,0.0,720.0,-510.0,
conservative_profit_ladder,563,2025-10-24,2025-10-24T14:26:00+00:00,2025-10-24T14:32:00+00:00,SPXW-20251024-06805.000-P,PUT,1730.0,469.99999999999994,3,5190.0,357360.0,358770.0,358770.0,0.00393,210.0,1410.0,
conservative_profit_ladder,564,2025-10-24,2025-10-24T14:32:00+00:00,2025-10-24T14:41:00+00:00,SPXW-20251024-06765.000-C,CALL,2790.0,539.9999999999999,3,8370.0,358770.0,360390.0,360390.0,0.004495,1620.0,1620.0,
conservative_profit_ladder,565,2025-10-27,2025-10-27T14:01:00+00:00,2025-10-27T14:09:00+00:00,SPXW-20251027-06820.000-C,CALL,3470.0000000000005,439.9999999999999,3,10410.000000000002,360390.0,361710.0,361710.0,0.003649,0.0,1320.0,
conservative_profit_ladder,566,2025-10-27,2025-10-27T14:11:00+00:00,2025-10-27T14:19:00+00:00,SPXW-20251027-06835.000-C,CALL,2340.0,-309.9999999999998,3,7020.0,361710.0,360780.0,361710.0,0.0,1320.0,-930.0,
conservative_profit_ladder,567,2025-10-27,2025-10-27T14:28:00+00:00,2025-10-27T14:32:00+00:00,SPXW-20251027-06820.000-C,CALL,3170.0,159.99999999999977,3,9510.0,360780.0,361260.0,361710.0,0.002571,390.0,480.0,
conservative_profit_ladder,568,2025-10-27,2025-10-27T14:33:00+00:00,2025-10-27T14:37:00+00:00,SPXW-20251027-06820.000-C,CALL,3400.0,250.0,3,10200.0,361260.0,362010.0,362010.0,0.002072,870.0,750.0,
conservative_profit_ladder,569,2025-10-27,2025-10-27T14:38:00+00:00,2025-10-27T14:46:00+00:00,SPXW-20251027-06835.000-C,CALL,2220.0,90.00000000000021,3,6660.0,362010.0,362280.0,362280.0,0.000745,1620.0,270.0,
conservative_profit_ladder,570,2025-10-27,2025-10-27T14:55:00+00:00,2025-10-27T15:12:00+00:00,SPXW-20251027-06835.000-C,CALL,1870.0,19.99999999999993,3,5610.0,362280.0,362340.0,362340.0,0.000166,1890.0,60.0,
conservative_profit_ladder,571,2025-10-28,2025-10-28T14:00:00+00:00,2025-10-28T14:25:00+00:00,SPXW-20251028-06890.000-P,PUT,1700.0,-319.99999999999994,3,5100.0,362340.0,361380.0,362340.0,0.0,0.0,-960.0,
conservative_profit_ladder,572,2025-10-28,2025-10-28T14:25:00+00:00,2025-10-28T14:31:00+00:00,SPXW-20251028-06850.000-C,CALL,3410.0,189.99999999999983,0,0.0,361380.0,361380.0,362340.0,0.002649,-960.0,0.0,daily_loss_stop
conservative_profit_ladder,573,2025-10-28,2025-10-28T14:52:00+00:00,2025-10-28T14:57:00+00:00,SPXW-20251028-06855.000-C,CALL,3130.0,-180.00000000000006,0,0.0,361380.0,361380.0,362340.0,0.002649,-960.0,-0.0,daily_loss_stop
conservative_profit_ladder,574,2025-10-28,2025-10-28T15:03:00+00:00,2025-10-28T15:14:00+00:00,SPXW-20251028-06915.000-P,PUT,3240.0,300.0,0,0.0,361380.0,361380.0,362340.0,0.002649,-960.0,0.0,daily_loss_stop
conservative_profit_ladder,575,2025-10-28,2025-10-28T18:40:00+00:00,2025-10-28T18:42:00+00:00,SPXW-20251028-06870.000-C,CALL,3130.0,30.00000000000007,0,0.0,361380.0,361380.0,362340.0,0.002649,-960.0,0.0,daily_loss_stop
conservative_profit_ladder,576,2025-10-29,2025-10-29T14:11:00+00:00,2025-10-29T14:27:00+00:00,SPXW-20251029-06940.000-P,PUT,3370.0000000000005,189.99999999999983,3,10110.000000000002,361380.0,361950.0,362340.0,0.002649,0.0,570.0,
conservative_profit_ladder,577,2025-10-29,2025-10-29T14:46:00+00:00,2025-10-29T15:05:00+00:00,SPXW-20251029-06935.000-P,PUT,3310.0,379.9999999999997,3,9930.0,361950.0,363090.0,363090.0,0.00314,570.0,1140.0,
conservative_profit_ladder,578,2025-10-29,2025-10-29T18:12:00+00:00,2025-10-29T18:16:00+00:00,SPXW-20251029-06930.000-P,PUT,2940.0,630.0000000000005,3,8820.0,363090.0,364980.0,364980.0,0.005178,1710.0,1890.0,
conservative_profit_ladder,579,2025-10-29,2025-10-29T18:35:00+00:00,2025-10-29T18:38:00+00:00,SPXW-20251029-06930.000-P,PUT,2770.0,2950.0000000000005,3,8310.0,364980.0,373830.0,373830.0,0.023674,3600.0,8850.0,
conservative_profit_ladder,580,2025-10-29,2025-10-29T18:51:00+00:00,2025-10-29T18:52:00+00:00,SPXW-20251029-06855.000-C,CALL,2680.0,330.00000000000006,3,8040.0,373830.0,374820.0,374820.0,0.002641,12450.0,990.0,
conservative_profit_ladder,581,2025-10-29,2025-10-29T19:01:00+00:00,2025-10-29T19:05:00+00:00,SPXW-20251029-06900.000-P,PUT,1820.0,1370.0,3,5460.0,374820.0,378930.0,378930.0,0.010846,13440.0,4110.0,
conservative_profit_ladder,582,2025-10-30,2025-10-30T14:00:00+00:00,2025-10-30T14:06:00+00:00,SPXW-20251030-06850.000-C,CALL,3279.9999999999995,240.00000000000057,3,9839.999999999998,378930.0,379650.0,379650.0,0.001896,0.0,720.0,
conservative_profit_ladder,583,2025-10-30,2025-10-30T14:25:00+00:00,2025-10-30T14:30:00+00:00,SPXW-20251030-06875.000-P,PUT,2620.0,90.00000000000021,3,7860.0,379650.0,379920.0,379920.0,0.000711,720.0,270.0,
conservative_profit_ladder,584,2025-10-30,2025-10-30T14:30:00+00:00,2025-10-30T14:33:00+00:00,SPXW-20251030-06850.000-C,CALL,2180.0,350.0,3,6540.0,379920.0,380970.0,380970.0,0.002756,990.0,1050.0,
conservative_profit_ladder,585,2025-10-30,2025-10-30T14:46:00+00:00,2025-10-30T14:50:00+00:00,SPXW-20251030-06855.000-C,CALL,2540.0,-59.99999999999979,3,7620.0,380970.0,380790.0,380970.0,0.0,2040.0,-180.0,
conservative_profit_ladder,586,2025-10-31,2025-10-31T14:00:00+00:00,2025-10-31T14:15:00+00:00,SPXW-20251031-06885.000-P,PUT,3340.0,520.0000000000002,3,10020.0,380790.0,382350.0,382350.0,0.00408,0.0,1560.0,
conservative_profit_ladder,587,2025-10-31,2025-10-31T14:31:00+00:00,2025-10-31T14:40:00+00:00,SPXW-20251031-06830.000-C,CALL,3200.0,420.0000000000003,3,9600.0,382350.0,383610.0,383610.0,0.003285,1560.0,1260.0,
conservative_profit_ladder,588,2025-10-31,2025-10-31T14:41:00+00:00,2025-10-31T14:48:00+00:00,SPXW-20251031-06835.000-C,CALL,3170.0,480.00000000000006,3,9510.0,383610.0,385050.0,385050.0,0.00374,2820.0,1440.0,
conservative_profit_ladder,589,2025-10-31,2025-10-31T14:58:00+00:00,2025-10-31T15:03:00+00:00,SPXW-20251031-06835.000-C,CALL,3470.0000000000005,69.99999999999957,3,10410.000000000002,385050.0,385260.0,385260.0,0.000545,4260.0,210.0,
conservative_profit_ladder,590,2025-10-31,2025-10-31T15:12:00+00:00,2025-10-31T15:18:00+00:00,SPXW-20251031-06835.000-C,CALL,3279.9999999999995,260.0000000000001,3,9839.999999999998,385260.0,386040.0,386040.0,0.002021,4470.0,780.0,
conservative_profit_ladder,591,2025-10-31,2025-10-31T17:30:00+00:00,2025-10-31T17:32:00+00:00,SPXW-20251031-06790.000-C,CALL,3450.0,560.0000000000001,3,10350.0,386040.0,387720.0,387720.0,0.004333,5250.0,1680.0,
conservative_profit_ladder,592,2025-10-31,2025-10-31T18:08:00+00:00,2025-10-31T18:12:00+00:00,SPXW-20251031-06820.000-C,CALL,2300.0,180.00000000000006,3,6900.0,387720.0,388260.0,388260.0,0.001391,6930.0,540.0,
conservative_profit_ladder,593,2025-11-03,2025-11-03T15:00:00+00:00,2025-11-03T15:08:00+00:00,SPXW-20251103-06860.000-P,PUT,2280.0,419.99999999999994,3,6840.0,388260.0,389520.0,389520.0,0.003235,0.0,1260.0,
conservative_profit_ladder,594,2025-11-03,2025-11-03T15:16:00+00:00,2025-11-03T15:36:00+00:00,SPXW-20251103-06860.000-P,PUT,2440.0,1389.9999999999998,3,7320.0,389520.0,393690.0,393690.0,0.010592,1260.0,4170.0,
conservative_profit_ladder,595,2025-11-03,2025-11-03T15:42:00+00:00,2025-11-03T15:50:00+00:00,SPXW-20251103-06850.000-P,PUT,2000.0,110.00000000000014,3,6000.0,393690.0,394020.0,394020.0,0.000838,5430.0,330.0,
conservative_profit_ladder,596,2025-11-03,2025-11-03T15:53:00+00:00,2025-11-03T15:59:00+00:00,SPXW-20251103-06820.000-C,CALL,2780.0,580.0000000000001,3,8340.0,394020.0,395760.0,395760.0,0.004397,5760.0,1740.0,
conservative_profit_ladder,597,2025-11-03,2025-11-03T16:02:00+00:00,2025-11-03T16:14:00+00:00,SPXW-20251103-06865.000-P,PUT,2450.0,39.99999999999986,3,7350.0,395760.0,395880.0,395880.0,0.000303,7500.0,120.0,
conservative_profit_ladder,598,2025-11-03,2025-11-03T16:14:00+00:00,2025-11-03T16:16:00+00:00,SPXW-20251103-06830.000-C,CALL,2150.0,119.99999999999991,3,6450.0,395880.0,396240.0,396240.0,0.000909,7620.0,360.0,
conservative_profit_ladder,599,2025-11-03,2025-11-03T18:31:00+00:00,2025-11-03T18:38:00+00:00,SPXW-20251103-06850.000-C,CALL,1230.0,269.99999999999994,3,3690.0,396240.0,397050.0,397050.0,0.00204,7980.0,810.0,
conservative_profit_ladder,600,2025-11-04,2025-11-04T15:01:00+00:00,2025-11-04T15:08:00+00:00,SPXW-20251104-06785.000-C,CALL,3120.0,119.99999999999991,3,9360.0,397050.0,397410.0,397410.0,0.000906,0.0,360.0,
conservative_profit_ladder,601,2025-11-04,2025-11-04T15:09:00+00:00,2025-11-04T15:18:00+00:00,SPXW-20251104-06785.000-C,CALL,2990.0,270.0000000000003,3,8970.0,397410.0,398220.0,398220.0,0.002034,360.0,810.0,
conservative_profit_ladder,602,2025-11-04,2025-11-04T15:33:00+00:00,2025-11-04T15:42:00+00:00,SPXW-20251104-06785.000-C,CALL,3220.0000000000005,529.9999999999998,3,9660.000000000002,398220.0,399810.0,399810.0,0.003977,1170.0,1590.0,
conservative_profit_ladder,603,2025-11-04,2025-11-04T15:46:00+00:00,2025-11-04T15:51:00+00:00,SPXW-20251104-06795.000-C,CALL,2530.0,-460.0000000000001,3,7590.0,399810.0,398430.0,399810.0,0.0,2760.0,-1380.0,
conservative_profit_ladder,604,2025-11-04,2025-11-04T15:58:00+00:00,2025-11-04T16:02:00+00:00,SPXW-20251104-06775.000-C,CALL,3130.0,580.0000000000001,3,9390.0,398430.0,400170.0,400170.0,0.004348,1380.0,1740.0,
conservative_profit_ladder,605,2025-11-04,2025-11-04T16:04:00+00:00,2025-11-04T16:10:00+00:00,SPXW-20251104-06785.000-C,CALL,2550.0,-189.99999999999983,3,7650.0,400170.0,399600.0,400170.0,0.0,3120.0,-570.0,
conservative_profit_ladder,606,2025-11-04,2025-11-04T16:12:00+00:00,2025-11-04T16:18:00+00:00,SPXW-20251104-06770.000-C,CALL,3390.0,339.9999999999999,3,10170.0,399600.0,400620.0,400620.0,0.002546,2550.0,1020.0,
conservative_profit_ladder,607,2025-11-04,2025-11-04T16:18:00+00:00,2025-11-04T16:21:00+00:00,SPXW-20251104-06815.000-P,PUT,1780.0,419.99999999999994,3,5340.0,400620.0,401880.0,401880.0,0.003135,3570.0,1260.0,
conservative_profit_ladder,608,2025-11-04,2025-11-04T16:26:00+00:00,2025-11-04T16:34:00+00:00,SPXW-20251104-06810.000-P,PUT,1810.0,-200.0,3,5430.0,401880.0,401280.0,401880.0,0.0,4830.0,-600.0,
conservative_profit_ladder,609,2025-11-04,2025-11-04T18:31:00+00:00,2025-11-04T18:34:00+00:00,SPXW-20251104-06795.000-P,PUT,2070.0,440.0000000000002,3,6210.0,401280.0,402600.0,402600.0,0.003279,4230.0,1320.0,
conservative_profit_ladder,610,2025-11-05,2025-11-05T15:01:00+00:00,2025-11-05T15:12:00+00:00,SPXW-20251105-06820.000-P,PUT,3240.0,-269.99999999999994,3,9720.0,402600.0,401790.0,402600.0,0.0,0.0,-810.0,
conservative_profit_ladder,611,2025-11-05,2025-11-05T15:26:00+00:00,2025-11-05T15:29:00+00:00,SPXW-20251105-06765.000-C,CALL,3340.0,600.0,0,0.0,401790.0,401790.0,402600.0,0.002012,-810.0,0.0,daily_loss_stop
conservative_profit_ladder,612,2025-11-05,2025-11-05T15:31:00+00:00,2025-11-05T15:44:00+00:00,SPXW-20251105-06775.000-C,CALL,2670.0,519.9999999999999,0,0.0,401790.0,401790.0,402600.0,0.002012,-810.0,0.0,daily_loss_stop
conservative_profit_ladder,613,2025-11-06,2025-11-06T15:00:00+00:00,2025-11-06T15:10:00+00:00,SPXW-20251106-06790.000-P,PUT,3420.0000000000005,579.9999999999998,3,10260.000000000002,401790.0,403530.0,403530.0,0.004312,0.0,1740.0,
conservative_profit_ladder,614,2025-11-06,2025-11-06T15:26:00+00:00,2025-11-06T15:28:00+00:00,SPXW-20251106-06800.000-P,PUT,3240.0,410.0000000000001,3,9720.0,403530.0,404760.0,404760.0,0.003039,1740.0,1230.0,
conservative_profit_ladder,615,2025-11-07,2025-11-07T15:03:00+00:00,2025-11-07T15:08:00+00:00,SPXW-20251107-06700.000-P,PUT,3470.0000000000005,950.0,3,10410.000000000002,404760.0,407610.0,407610.0,0.006992,0.0,2850.0,
conservative_profit_ladder,616,2025-11-07,2025-11-07T15:30:00+00:00,2025-11-07T15:34:00+00:00,SPXW-20251107-06660.000-C,CALL,3180.0,-300.0,3,9540.0,407610.0,406710.0,407610.0,0.0,2850.0,-900.0,
conservative_profit_ladder,617,2025-11-07,2025-11-07T15:41:00+00:00,2025-11-07T15:47:00+00:00,SPXW-20251107-06685.000-P,PUT,2700.0,770.0000000000002,3,8100.0,406710.0,409020.0,409020.0,0.005648,1950.0,2310.0,
conservative_profit_ladder,618,2025-11-07,2025-11-07T15:48:00+00:00,2025-11-07T15:57:00+00:00,SPXW-20251107-06680.000-P,PUT,2940.0,339.9999999999999,3,8820.0,409020.0,410040.0,410040.0,0.002488,4260.0,1020.0,
conservative_profit_ladder,619,2025-11-07,2025-11-07T18:31:00+00:00,2025-11-07T18:36:00+00:00,SPXW-20251107-06645.000-C,CALL,3180.0,-150.0,3,9540.0,410040.0,409590.0,410040.0,0.0,5280.0,-450.0,
conservative_profit_ladder,620,2025-11-10,2025-11-10T15:01:00+00:00,2025-11-10T15:09:00+00:00,SPXW-20251110-06780.000-C,CALL,3060.0,139.99999999999986,3,9180.0,409590.0,410010.0,410040.0,0.001097,0.0,420.0,
conservative_profit_ladder,621,2025-11-10,2025-11-10T15:10:00+00:00,2025-11-10T15:14:00+00:00,SPXW-20251110-06780.000-C,CALL,3140.0,189.99999999999983,3,9420.0,410010.0,410580.0,410580.0,0.001388,420.0,570.0,
conservative_profit_ladder,622,2025-11-10,2025-11-10T15:26:00+00:00,2025-11-10T15:33:00+00:00,SPXW-20251110-06795.000-C,CALL,2130.0,-150.0,3,6390.0,410580.0,410130.0,410580.0,0.0,990.0,-450.0,
conservative_profit_ladder,623,2025-11-10,2025-11-10T15:34:00+00:00,2025-11-10T15:41:00+00:00,SPXW-20251110-06790.000-C,CALL,2280.0,-450.0,3,6840.0,410130.0,408780.0,410580.0,0.001096,540.0,-1350.0,
conservative_profit_ladder,624,2025-11-11,2025-11-11T15:01:00+00:00,2025-11-11T15:06:00+00:00,SPXW-20251111-06795.000-C,CALL,3260.0,-470.0000000000003,3,9780.0,408780.0,407370.0,410580.0,0.004384,0.0,-1410.0,
conservative_profit_ladder,625,2025-11-11,2025-11-11T15:06:00+00:00,2025-11-11T15:22:00+00:00,SPXW-20251111-06820.000-P,PUT,1240.0,319.99999999999994,0,0.0,407370.0,407370.0,410580.0,0.007818,-1410.0,0.0,daily_loss_stop
conservative_profit_ladder,626,2025-11-11,2025-11-11T15:26:00+00:00,2025-11-11T15:36:00+00:00,SPXW-20251111-06835.000-P,PUT,2110.0,700.0,0,0.0,407370.0,407370.0,410580.0,0.007818,-1410.0,0.0,daily_loss_stop
conservative_profit_ladder,627,2025-11-11,2025-11-11T16:26:00+00:00,2025-11-11T16:31:00+00:00,SPXW-20251111-06830.000-P,PUT,1390.0,829.9999999999999,0,0.0,407370.0,407370.0,410580.0,0.007818,-1410.0,0.0,daily_loss_stop
conservative_profit_ladder,628,2025-11-12,2025-11-12T15:02:00+00:00,2025-11-12T15:05:00+00:00,SPXW-20251112-06840.000-C,CALL,2580.0,-40.00000000000021,3,7740.0,407370.0,407250.0,410580.0,0.007818,0.0,-120.0,
conservative_profit_ladder,629,2025-11-12,2025-11-12T15:05:00+00:00,2025-11-12T15:23:00+00:00,SPXW-20251112-06890.000-P,PUT,3340.0,830.0000000000005,1,3340.0,407250.0,408080.0,410580.0,0.00811,-120.0,830.0,
conservative_profit_ladder,630,2025-11-12,2025-11-12T15:27:00+00:00,2025-11-12T15:37:00+00:00,SPXW-20251112-06870.000-P,PUT,2550.0,870.0000000000002,3,7650.0,408080.0,410690.0,410690.0,0.006355,710.0,2610.0,
conservative_profit_ladder,631,2025-11-12,2025-11-12T16:27:00+00:00,2025-11-12T16:33:00+00:00,SPXW-20251112-06820.000-C,CALL,2550.0,650.0,3,7650.0,410690.0,412640.0,412640.0,0.004726,3320.0,1950.0,
conservative_profit_ladder,632,2025-11-13,2025-11-13T15:00:00+00:00,2025-11-13T15:04:00+00:00,SPXW-20251113-06780.000-C,CALL,3490.0,-279.9999999999997,3,10470.0,412640.0,411800.0,412640.0,0.0,0.0,-840.0,
conservative_profit_ladder,633,2025-11-13,2025-11-13T15:06:00+00:00,2025-11-13T15:21:00+00:00,SPXW-20251113-06800.000-C,CALL,1840.0,1040.0000000000002,0,0.0,411800.0,411800.0,412640.0,0.002036,-840.0,0.0,daily_loss_stop
conservative_profit_ladder,634,2025-11-13,2025-11-13T15:26:00+00:00,2025-11-13T15:35:00+00:00,SPXW-20251113-06840.000-P,PUT,3100.0,1370.0000000000002,0,0.0,411800.0,411800.0,412640.0,0.002036,-840.0,0.0,daily_loss_stop
conservative_profit_ladder,635,2025-11-13,2025-11-13T15:41:00+00:00,2025-11-13T15:58:00+00:00,SPXW-20251113-06825.000-P,PUT,3240.0,1810.0,0,0.0,411800.0,411800.0,412640.0,0.002036,-840.0,0.0,daily_loss_stop
conservative_profit_ladder,636,2025-11-14,2025-11-14T15:06:00+00:00,2025-11-14T15:11:00+00:00,SPXW-20251114-06680.000-C,CALL,3240.0,410.0000000000001,3,9720.0,411800.0,413030.0,413030.0,0.002978,0.0,1230.0,
conservative_profit_ladder,637,2025-11-14,2025-11-14T15:14:00+00:00,2025-11-14T15:23:00+00:00,SPXW-20251114-06670.000-C,CALL,3510.0,1200.0,3,10530.0,413030.0,416630.0,416630.0,0.008641,1230.0,3600.0,
conservative_profit_ladder,638,2025-11-14,2025-11-14T15:27:00+00:00,2025-11-14T15:32:00+00:00,SPXW-20251114-06700.000-C,CALL,2520.0,319.99999999999994,3,7560.0,416630.0,417590.0,417590.0,0.002299,4830.0,960.0,
conservative_profit_ladder,639,2025-11-14,2025-11-14T15:32:00+00:00,2025-11-14T15:55:00+00:00,SPXW-20251114-06700.000-C,CALL,2870.0,1900.0000000000005,3,8610.0,417590.0,423290.0,423290.0,0.013466,5790.0,5700.0,
conservative_profit_ladder,640,2025-11-14,2025-11-14T18:30:00+00:00,2025-11-14T18:31:00+00:00,SPXW-20251114-06720.000-C,CALL,3360.0,200.0,3,10080.0,423290.0,423890.0,423890.0,0.001415,11490.0,600.0,
conservative_profit_ladder,641,2025-11-14,2025-11-14T18:32:00+00:00,2025-11-14T18:34:00+00:00,SPXW-20251114-06730.000-C,CALL,2420.0,430.00000000000006,3,7260.0,423890.0,425180.0,425180.0,0.003034,12090.0,1290.0,
conservative_profit_ladder,642,2025-11-14,2025-11-14T18:45:00+00:00,2025-11-14T18:49:00+00:00,SPXW-20251114-06705.000-C,CALL,3390.0,-10.000000000000142,3,10170.0,425180.0,425150.0,425180.0,0.0,13380.0,-30.0,
conservative_profit_ladder,643,2025-11-14,2025-11-14T18:51:00+00:00,2025-11-14T18:56:00+00:00,SPXW-20251114-06725.000-C,CALL,2160.0,1009.9999999999998,3,6480.0,425150.0,428180.0,428180.0,0.007076,13350.0,3030.0,
conservative_profit_ladder,644,2025-11-14,2025-11-14T18:58:00+00:00,2025-11-14T19:01:00+00:00,SPXW-20251114-06720.000-C,CALL,3150.0,320.0000000000003,3,9450.0,428180.0,429140.0,429140.0,0.002237,16380.0,960.0,
conservative_profit_ladder,645,2025-11-17,2025-11-17T15:00:00+00:00,2025-11-17T15:03:00+00:00,SPXW-20251117-06725.000-C,CALL,3110.0,-100.0,3,9330.0,429140.0,428840.0,429140.0,0.0,0.0,-300.0,
conservative_profit_ladder,646,2025-11-17,2025-11-17T15:12:00+00:00,2025-11-17T15:17:00+00:00,SPXW-20251117-06710.000-C,CALL,3510.0,139.99999999999986,3,10530.0,428840.0,429260.0,429260.0,0.000978,-300.0,420.0,
conservative_profit_ladder,647,2025-11-17,2025-11-17T15:17:00+00:00,2025-11-17T15:28:00+00:00,SPXW-20251117-06765.000-P,PUT,3460.0,460.0000000000001,3,10380.0,429260.0,430640.0,430640.0,0.003205,120.0,1380.0,
conservative_profit_ladder,648,2025-11-17,2025-11-17T15:34:00+00:00,2025-11-17T15:39:00+00:00,SPXW-20251117-06700.000-C,CALL,3310.0,79.99999999999972,3,9930.0,430640.0,430880.0,430880.0,0.000557,1500.0,240.0,
conservative_profit_ladder,649,2025-11-17,2025-11-17T15:42:00+00:00,2025-11-17T15:51:00+00:00,SPXW-20251117-06745.000-P,PUT,3240.0,-369.99999999999994,3,9720.0,430880.0,429770.0,430880.0,0.0,1740.0,-1110.0,
conservative_profit_ladder,650,2025-11-17,2025-11-17T16:10:00+00:00,2025-11-17T16:15:00+00:00,SPXW-20251117-06685.000-C,CALL,3350.0,-419.99999999999994,3,10050.0,429770.0,428510.0,430880.0,0.002576,630.0,-1260.0,
conservative_profit_ladder,651,2025-11-17,2025-11-17T18:42:00+00:00,2025-11-17T18:49:00+00:00,SPXW-20251117-06680.000-C,CALL,2540.0,1089.9999999999998,3,7620.0,428510.0,431780.0,431780.0,0.007573,-630.0,3270.0,
conservative_profit_ladder,652,2025-11-18,2025-11-18T15:01:00+00:00,2025-11-18T15:06:00+00:00,SPXW-20251118-06620.000-P,PUT,3400.0,920.0000000000002,3,10200.0,431780.0,434540.0,434540.0,0.006352,0.0,2760.0,
conservative_profit_ladder,653,2025-11-18,2025-11-18T15:10:00+00:00,2025-11-18T15:13:00+00:00,SPXW-20251118-06620.000-P,PUT,3379.9999999999995,790.0000000000006,3,10139.999999999998,434540.0,436910.0,436910.0,0.005424,2760.0,2370.0,
conservative_profit_ladder,654,2025-11-18,2025-11-18T15:27:00+00:00,2025-11-18T15:30:00+00:00,SPXW-20251118-06625.000-P,PUT,2960.0,529.9999999999998,3,8880.0,436910.0,438500.0,438500.0,0.003626,5130.0,1590.0,
conservative_profit_ladder,655,2025-11-18,2025-11-18T15:31:00+00:00,2025-11-18T15:32:00+00:00,SPXW-20251118-06610.000-P,PUT,2340.0,460.0000000000001,3,7020.0,438500.0,439880.0,439880.0,0.003137,6720.0,1380.0,
conservative_profit_ladder,656,2025-11-18,2025-11-18T15:34:00+00:00,2025-11-18T15:41:00+00:00,SPXW-20251118-06625.000-P,PUT,3290.0,910.0,3,9870.0,439880.0,442610.0,442610.0,0.006168,8100.0,2730.0,
conservative_profit_ladder,657,2025-11-18,2025-11-18T15:41:00+00:00,2025-11-18T15:42:00+00:00,SPXW-20251118-06600.000-C,CALL,2300.0,460.0000000000001,3,6900.0,442610.0,443990.0,443990.0,0.003108,10830.0,1380.0,
conservative_profit_ladder,658,2025-11-18,2025-11-18T18:30:00+00:00,2025-11-18T18:34:00+00:00,SPXW-20251118-06630.000-C,CALL,2740.0,710.0000000000001,3,8220.0,443990.0,446120.0,446120.0,0.004775,12210.0,2130.0,
conservative_profit_ladder,659,2025-11-19,2025-11-19T15:24:00+00:00,2025-11-19T15:30:00+00:00,SPXW-20251119-06665.000-C,CALL,2440.0,40.00000000000021,3,7320.0,446120.0,446240.0,446240.0,0.000269,0.0,120.0,
conservative_profit_ladder,660,2025-11-19,2025-11-19T15:43:00+00:00,2025-11-19T15:48:00+00:00,SPXW-20251119-06650.000-C,CALL,2850.0,-169.99999999999994,3,8550.0,446240.0,445730.0,446240.0,0.0,120.0,-510.0,
conservative_profit_ladder,661,2025-11-19,2025-11-19T15:55:00+00:00,2025-11-19T16:07:00+00:00,SPXW-20251119-06685.000-P,PUT,3479.9999999999995,1540.0000000000005,3,10439.999999999998,445730.0,450350.0,450350.0,0.010259,-390.0,4620.0,
conservative_profit_ladder,662,2025-11-19,2025-11-19T16:07:00+00:00,2025-11-19T16:10:00+00:00,SPXW-20251119-06615.000-C,CALL,3370.0000000000005,119.99999999999956,3,10110.000000000002,450350.0,450710.0,450710.0,0.000799,4230.0,360.0,
conservative_profit_ladder,663,2025-11-19,2025-11-19T16:20:00+00:00,2025-11-19T16:23:00+00:00,SPXW-20251119-06620.000-C,CALL,3080.0,190.00000000000023,3,9240.0,450710.0,451280.0,451280.0,0.001263,4590.0,570.0,
conservative_profit_ladder,664,2025-11-19,2025-11-19T16:23:00+00:00,2025-11-19T16:30:00+00:00,SPXW-20251119-06670.000-P,PUT,3310.0,579.9999999999998,3,9930.0,451280.0,453020.0,453020.0,0.003841,5160.0,1740.0,
conservative_profit_ladder,665,2025-11-19,2025-11-19T18:32:00+00:00,2025-11-19T18:38:00+00:00,SPXW-20251119-06655.000-P,PUT,2770.0,-759.9999999999998,3,8310.0,453020.0,450740.0,453020.0,0.0,6900.0,-2280.0,
conservative_profit_ladder,666,2025-11-19,2025-11-19T18:43:00+00:00,2025-11-19T18:47:00+00:00,SPXW-20251119-06655.000-P,PUT,2550.0,489.9999999999999,3,7650.0,450740.0,452210.0,453020.0,0.005033,4620.0,1470.0,
conservative_profit_ladder,667,2025-11-19,2025-11-19T19:45:00+00:00,2025-11-19T19:56:00+00:00,SPXW-20251119-06595.000-C,CALL,2200.0,1739.9999999999998,3,6600.0,452210.0,457430.0,457430.0,0.011412,6090.0,5220.0,
conservative_profit_ladder,668,2025-11-20,2025-11-20T15:00:00+00:00,2025-11-20T15:05:00+00:00,SPXW-20251120-06745.000-C,CALL,3140.0,-9.999999999999789,3,9420.0,457430.0,457400.0,457430.0,0.0,0.0,-30.0,
conservative_profit_ladder,669,2025-11-20,2025-11-20T15:06:00+00:00,2025-11-20T15:17:00+00:00,SPXW-20251120-06780.000-P,PUT,2890.0,1060.0000000000002,3,8670.0,457400.0,460580.0,460580.0,0.006904,-30.0,3180.0,
conservative_profit_ladder,670,2025-11-20,2025-11-20T15:20:00+00:00,2025-11-20T15:29:00+00:00,SPXW-20251120-06735.000-C,CALL,3190.0,480.00000000000045,3,9570.0,460580.0,462020.0,462020.0,0.003117,3150.0,1440.0,
conservative_profit_ladder,671,2025-11-20,2025-11-20T15:31:00+00:00,2025-11-20T15:38:00+00:00,SPXW-20251120-06740.000-C,CALL,3360.0,379.9999999999997,3,10080.0,462020.0,463160.0,463160.0,0.002461,4590.0,1140.0,
conservative_profit_ladder,672,2025-11-20,2025-11-20T15:43:00+00:00,2025-11-20T15:46:00+00:00,SPXW-20251120-06740.000-C,CALL,3410.0,139.99999999999986,3,10230.0,463160.0,463580.0,463580.0,0.000906,5730.0,420.0,
conservative_profit_ladder,673,2025-11-20,2025-11-20T15:58:00+00:00,2025-11-20T16:15:00+00:00,SPXW-20251120-06775.000-P,PUT,3050.0,3120.0000000000005,3,9150.0,463580.0,472940.0,472940.0,0.019791,6150.0,9360.0,
conservative_profit_ladder,674,2025-11-21,2025-11-21T15:07:00+00:00,2025-11-21T15:12:00+00:00,SPXW-20251121-06575.000-P,PUT,3429.9999999999995,770.0000000000002,3,10289.999999999998,472940.0,475250.0,475250.0,0.004861,0.0,2310.0,
conservative_profit_ladder,675,2025-11-21,2025-11-21T15:17:00+00:00,2025-11-21T15:23:00+00:00,SPXW-20251121-06560.000-P,PUT,3510.0,-139.99999999999986,3,10530.0,475250.0,474830.0,475250.0,0.0,2310.0,-420.0,
conservative_profit_ladder,676,2025-11-21,2025-11-21T15:24:00+00:00,2025-11-21T15:26:00+00:00,SPXW-20251121-06555.000-C,CALL,3090.0,530.0000000000005,3,9270.0,474830.0,476420.0,476420.0,0.003337,1890.0,1590.0,
conservative_profit_ladder,677,2025-11-21,2025-11-21T15:33:00+00:00,2025-11-21T15:34:00+00:00,SPXW-20251121-06550.000-P,PUT,3050.0,360.0000000000001,3,9150.0,476420.0,477500.0,477500.0,0.002262,3480.0,1080.0,
conservative_profit_ladder,678,2025-11-21,2025-11-21T15:57:00+00:00,2025-11-21T15:58:00+00:00,SPXW-20251121-06560.000-P,PUT,3050.0,579.9999999999998,3,9150.0,477500.0,479240.0,479240.0,0.003631,4560.0,1740.0,
conservative_profit_ladder,679,2025-11-21,2025-11-21T16:21:00+00:00,2025-11-21T16:27:00+00:00,SPXW-20251121-06540.000-C,CALL,3370.0000000000005,659.9999999999994,3,10110.000000000002,479240.0,481220.0,481220.0,0.004115,6300.0,1980.0,
conservative_profit_ladder,680,2025-11-21,2025-11-21T16:29:00+00:00,2025-11-21T16:31:00+00:00,SPXW-20251121-06555.000-C,CALL,3320.0000000000005,519.9999999999995,3,9960.000000000002,481220.0,482780.0,482780.0,0.003231,8280.0,1560.0,
conservative_profit_ladder,681,2025-11-21,2025-11-21T18:30:00+00:00,2025-11-21T18:33:00+00:00,SPXW-20251121-06575.000-C,CALL,3270.0000000000005,759.9999999999994,3,9810.000000000002,482780.0,485060.0,485060.0,0.0047,9840.0,2280.0,
conservative_profit_ladder,682,2025-11-21,2025-11-21T18:48:00+00:00,2025-11-21T18:52:00+00:00,SPXW-20251121-06595.000-C,CALL,3290.0,2780.0000000000005,3,9870.0,485060.0,493400.0,493400.0,0.016903,12120.0,8340.0,
conservative_profit_ladder,683,2025-11-21,2025-11-21T19:55:00+00:00,2025-11-21T19:56:00+00:00,SPXW-20251121-06605.000-C,CALL,2950.0,180.00000000000006,3,8850.0,493400.0,493940.0,493940.0,0.001093,20460.0,540.0,
conservative_profit_ladder,684,2025-11-21,2025-11-21T19:59:00+00:00,2025-11-21T20:02:00+00:00,SPXW-20251121-06610.000-C,CALL,2370.0,400.0,3,7110.0,493940.0,495140.0,495140.0,0.002424,21000.0,1200.0,
conservative_profit_ladder,685,2025-11-24,2025-11-24T15:00:00+00:00,2025-11-24T15:07:00+00:00,SPXW-20251124-06635.000-C,CALL,3329.9999999999995,1020.0000000000002,3,9989.999999999998,495140.0,498200.0,498200.0,0.006142,0.0,3060.0,
conservative_profit_ladder,686,2025-11-24,2025-11-24T15:27:00+00:00,2025-11-24T15:30:00+00:00,SPXW-20251124-06640.000-C,CALL,3429.9999999999995,430.00000000000045,3,10289.999999999998,498200.0,499490.0,499490.0,0.002583,3060.0,1290.0,
conservative_profit_ladder,687,2025-11-24,2025-11-24T15:31:00+00:00,2025-11-24T15:46:00+00:00,SPXW-20251124-06650.000-C,CALL,3000.0,1039.9999999999998,3,9000.0,499490.0,502610.0,502610.0,0.006208,4350.0,3120.0,
conservative_profit_ladder,688,2025-11-24,2025-11-24T19:33:00+00:00,2025-11-24T19:39:00+00:00,SPXW-20251124-06675.000-C,CALL,2640.0,210.00000000000017,3,7920.0,502610.0,503240.0,503240.0,0.001252,7470.0,630.0,
conservative_profit_ladder,689,2025-11-25,2025-11-25T15:00:00+00:00,2025-11-25T15:02:00+00:00,SPXW-20251125-06680.000-C,CALL,3279.9999999999995,-389.9999999999999,3,9839.999999999998,503240.0,502070.0,503240.0,0.0,0.0,-1170.0,
conservative_profit_ladder,690,2025-11-25,2025-11-25T15:02:00+00:00,2025-11-25T15:05:00+00:00,SPXW-20251125-06695.000-P,PUT,1710.0000000000002,1079.9999999999998,0,0.0,502070.0,502070.0,503240.0,0.002325,-1170.0,0.0,daily_loss_stop
conservative_profit_ladder,691,2025-11-25,2025-11-25T15:27:00+00:00,2025-11-25T15:36:00+00:00,SPXW-20251125-06715.000-P,PUT,3080.0,-790.0000000000002,0,0.0,502070.0,502070.0,503240.0,0.002325,-1170.0,-0.0,daily_loss_stop
conservative_profit_ladder,692,2025-11-26,2025-11-26T15:00:00+00:00,2025-11-26T15:08:00+00:00,SPXW-20251126-06810.000-P,PUT,2820.0,-430.00000000000006,3,8460.0,502070.0,500780.0,503240.0,0.002325,0.0,-1290.0,
conservative_profit_ladder,693,2025-11-26,2025-11-26T15:25:00+00:00,2025-11-26T15:50:00+00:00,SPXW-20251126-06810.000-P,PUT,2720.0,-990.0,0,0.0,500780.0,500780.0,503240.0,0.004888,-1290.0,-0.0,daily_loss_stop
conservative_profit_ladder,694,2025-11-28,2025-11-28T15:07:00+00:00,2025-11-28T15:11:00+00:00,SPXW-20251128-06815.000-C,CALL,2030.0,30.00000000000007,3,6090.0,500780.0,500870.0,503240.0,0.004888,0.0,90.0,
conservative_profit_ladder,695,2025-11-28,2025-11-28T15:32:00+00:00,2025-11-28T15:36:00+00:00,SPXW-20251128-06820.000-C,CALL,1830.0,180.00000000000006,3,5490.0,500870.0,501410.0,503240.0,0.004709,90.0,540.0,
conservative_profit_ladder,696,2025-11-28,2025-11-28T16:24:00+00:00,2025-11-28T16:30:00+00:00,SPXW-20251128-06815.000-C,CALL,2450.0,-180.00000000000006,3,7350.0,501410.0,500870.0,503240.0,0.003636,630.0,-540.0,
conservative_profit_ladder,697,2025-12-01,2025-12-01T15:02:00+00:00,2025-12-01T15:06:00+00:00,SPXW-20251201-06840.000-P,PUT,2030.0,309.9999999999998,3,6090.0,500870.0,501800.0,503240.0,0.004709,0.0,930.0,
conservative_profit_ladder,698,2025-12-01,2025-12-01T15:27:00+00:00,2025-12-01T15:36:00+00:00,SPXW-20251201-06845.000-P,PUT,3370.0000000000005,639.9999999999999,3,10110.000000000002,501800.0,503720.0,503720.0,0.003812,930.0,1920.0,
conservative_profit_ladder,699,2025-12-01,2025-12-01T15:36:00+00:00,2025-12-01T15:43:00+00:00,SPXW-20251201-06790.000-C,CALL,2550.0,650.0,3,7650.0,503720.0,505670.0,505670.0,0.003856,2850.0,1950.0,
conservative_profit_ladder,700,2025-12-02,2025-12-02T15:00:00+00:00,2025-12-02T15:06:00+00:00,SPXW-20251202-06810.000-C,CALL,3229.9999999999995,630.0000000000005,3,9689.999999999998,505670.0,507560.0,507560.0,0.003724,0.0,1890.0,
conservative_profit_ladder,701,2025-12-02,2025-12-02T15:27:00+00:00,2025-12-02T15:31:00+00:00,SPXW-20251202-06855.000-P,PUT,2100.0,689.9999999999999,3,6300.0,507560.0,509630.0,509630.0,0.004062,1890.0,2070.0,
conservative_profit_ladder,702,2025-12-02,2025-12-02T15:32:00+00:00,2025-12-02T15:40:00+00:00,SPXW-20251202-06855.000-P,PUT,2820.0,200.0,3,8460.0,509630.0,510230.0,510230.0,0.001176,3960.0,600.0,
conservative_profit_ladder,703,2025-12-03,2025-12-03T15:01:00+00:00,2025-12-03T15:06:00+00:00,SPXW-20251203-06805.000-C,CALL,2900.0,410.0000000000001,3,8700.0,510230.0,511460.0,511460.0,0.002405,0.0,1230.0,
conservative_profit_ladder,704,2025-12-03,2025-12-03T15:10:00+00:00,2025-12-03T15:19:00+00:00,SPXW-20251203-06805.000-C,CALL,2840.0,470.0000000000003,3,8520.0,511460.0,512870.0,512870.0,0.002749,1230.0,1410.0,
conservative_profit_ladder,705,2025-12-03,2025-12-03T15:26:00+00:00,2025-12-03T15:32:00+00:00,SPXW-20251203-06815.000-C,CALL,2480.0,-219.99999999999991,3,7440.0,512870.0,512210.0,512870.0,0.0,2640.0,-660.0,
conservative_profit_ladder,706,2025-12-03,2025-12-03T15:33:00+00:00,2025-12-03T15:38:00+00:00,SPXW-20251203-06800.000-C,CALL,3500.0,810.0000000000001,3,10500.0,512210.0,514640.0,514640.0,0.004722,1980.0,2430.0,
conservative_profit_ladder,707,2025-12-03,2025-12-03T15:39:00+00:00,2025-12-03T15:47:00+00:00,SPXW-20251203-06815.000-C,CALL,2690.0,380.00000000000006,3,8070.0,514640.0,515780.0,515780.0,0.00221,4410.0,1140.0,
conservative_profit_ladder,708,2025-12-04,2025-12-04T15:00:00+00:00,2025-12-04T15:08:00+00:00,SPXW-20251204-06870.000-P,PUT,3150.0,-39.99999999999986,3,9450.0,515780.0,515660.0,515780.0,0.0,0.0,-120.0,
conservative_profit_ladder,709,2025-12-04,2025-12-04T15:25:00+00:00,2025-12-04T15:28:00+00:00,SPXW-20251204-06840.000-P,PUT,1270.0,80.00000000000007,3,3810.0,515660.0,515900.0,515900.0,0.000465,-120.0,240.0,
conservative_profit_ladder,710,2025-12-04,2025-12-04T15:29:00+00:00,2025-12-04T15:43:00+00:00,SPXW-20251204-06830.000-C,CALL,2510.0,579.9999999999998,3,7530.0,515900.0,517640.0,517640.0,0.003361,120.0,1740.0,
conservative_profit_ladder,711,2025-12-04,2025-12-04T16:05:00+00:00,2025-12-04T16:12:00+00:00,SPXW-20251204-06850.000-P,PUT,1830.0,-60.00000000000014,3,5490.0,517640.0,517460.0,517640.0,0.0,1860.0,-180.0,
conservative_profit_ladder,712,2025-12-04,2025-12-04T16:16:00+00:00,2025-12-04T16:25:00+00:00,SPXW-20251204-06830.000-C,CALL,2010.0,429.9999999999997,3,6030.0,517460.0,518750.0,518750.0,0.002487,1680.0,1290.0,
conservative_profit_ladder,713,2025-12-04,2025-12-04T19:21:00+00:00,2025-12-04T19:24:00+00:00,SPXW-20251204-06845.000-P,PUT,1370.0,450.0,3,4110.0,518750.0,520100.0,520100.0,0.002596,2970.0,1350.0,
conservative_profit_ladder,714,2025-12-05,2025-12-05T15:01:00+00:00,2025-12-05T15:08:00+00:00,SPXW-20251205-06855.000-C,CALL,3180.0,530.0000000000001,3,9540.0,520100.0,521690.0,521690.0,0.003048,0.0,1590.0,
conservative_profit_ladder,715,2025-12-05,2025-12-05T15:21:00+00:00,2025-12-05T15:26:00+00:00,SPXW-20251205-06865.000-C,CALL,3110.0,69.99999999999993,3,9330.0,521690.0,521900.0,521900.0,0.000402,1590.0,210.0,
conservative_profit_ladder,716,2025-12-05,2025-12-05T15:28:00+00:00,2025-12-05T15:33:00+00:00,SPXW-20251205-06870.000-C,CALL,2420.0,460.0000000000001,3,7260.0,521900.0,523280.0,523280.0,0.002637,1800.0,1380.0,
conservative_profit_ladder,717,2025-12-05,2025-12-05T15:44:00+00:00,2025-12-05T15:49:00+00:00,SPXW-20251205-06860.000-C,CALL,3260.0,360.0000000000001,3,9780.0,523280.0,524360.0,524360.0,0.00206,3180.0,1080.0,
conservative_profit_ladder,718,2025-12-05,2025-12-05T15:53:00+00:00,2025-12-05T16:01:00+00:00,SPXW-20251205-06870.000-C,CALL,1990.0,-119.99999999999991,3,5970.0,524360.0,524000.0,524360.0,0.0,4260.0,-360.0,
conservative_profit_ladder,719,2025-12-05,2025-12-05T16:09:00+00:00,2025-12-05T16:17:00+00:00,SPXW-20251205-06895.000-P,PUT,2140.0,480.00000000000006,3,6420.0,524000.0,525440.0,525440.0,0.002741,3900.0,1440.0,
conservative_profit_ladder,720,2025-12-05,2025-12-05T16:18:00+00:00,2025-12-05T16:25:00+00:00,SPXW-20251205-06890.000-P,PUT,2110.0,-160.00000000000014,3,6330.0,525440.0,524960.0,525440.0,0.0,5340.0,-480.0,
conservative_profit_ladder,721,2025-12-08,2025-12-08T15:05:00+00:00,2025-12-08T15:12:00+00:00,SPXW-20251208-06880.000-P,PUT,1780.0,450.0,3,5340.0,524960.0,526310.0,526310.0,0.002565,0.0,1350.0,
conservative_profit_ladder,722,2025-12-08,2025-12-08T15:13:00+00:00,2025-12-08T15:27:00+00:00,SPXW-20251208-06895.000-P,PUT,3429.9999999999995,920.0000000000002,3,10289.999999999998,526310.0,529070.0,529070.0,0.005217,1350.0,2760.0,
conservative_profit_ladder,723,2025-12-08,2025-12-08T15:30:00+00:00,2025-12-08T15:45:00+00:00,SPXW-20251208-06870.000-P,PUT,1910.0,279.9999999999997,3,5730.0,529070.0,529910.0,529910.0,0.001585,4110.0,840.0,
conservative_profit_ladder,724,2025-12-08,2025-12-08T15:58:00+00:00,2025-12-08T16:11:00+00:00,SPXW-20251208-06880.000-P,PUT,3090.0,380.00000000000045,3,9270.0,529910.0,531050.0,531050.0,0.002147,4950.0,1140.0,
conservative_profit_ladder,725,2025-12-09,2025-12-09T15:00:00+00:00,2025-12-09T15:05:00+00:00,SPXW-20251209-06840.000-C,CALL,2150.0,50.0,3,6450.0,531050.0,531200.0,531200.0,0.000282,0.0,150.0,
conservative_profit_ladder,726,2025-12-09,2025-12-09T15:09:00+00:00,2025-12-09T15:15:00+00:00,SPXW-20251209-06825.000-C,CALL,3030.0,69.99999999999993,3,9090.0,531200.0,531410.0,531410.0,0.000395,150.0,210.0,
conservative_profit_ladder,727,2025-12-09,2025-12-09T15:27:00+00:00,2025-12-09T15:36:00+00:00,SPXW-20251209-06860.000-P,PUT,1410.0,-59.999999999999964,3,4230.0,531410.0,531230.0,531410.0,0.0,360.0,-180.0,
conservative_profit_ladder,728,2025-12-09,2025-12-09T15:36:00+00:00,2025-12-09T15:40:00+00:00,SPXW-20251209-06830.000-C,CALL,2480.0,-10.000000000000142,3,7440.0,531230.0,531200.0,531410.0,0.000339,180.0,-30.0,
conservative_profit_ladder,729,2025-12-09,2025-12-09T15:55:00+00:00,2025-12-09T16:01:00+00:00,SPXW-20251209-06830.000-C,CALL,2680.0,200.0,3,8040.0,531200.0,531800.0,531800.0,0.001128,150.0,600.0,
conservative_profit_ladder,730,2025-12-10,2025-12-10T15:52:00+00:00,2025-12-10T16:05:00+00:00,SPXW-20251210-06865.000-P,PUT,3429.9999999999995,800.0,3,10289.999999999998,531800.0,534200.0,534200.0,0.004493,0.0,2400.0,
conservative_profit_ladder,731,2025-12-10,2025-12-10T19:06:00+00:00,2025-12-10T19:07:00+00:00,SPXW-20251210-06830.000-C,CALL,3210.0,719.9999999999995,3,9630.0,534200.0,536360.0,536360.0,0.004027,2400.0,2160.0,
conservative_profit_ladder,732,2025-12-10,2025-12-10T19:29:00+00:00,2025-12-10T19:31:00+00:00,SPXW-20251210-06825.000-C,CALL,3260.0,569.9999999999995,3,9780.0,536360.0,538070.0,538070.0,0.003178,4560.0,1710.0,
conservative_profit_ladder,733,2025-12-10,2025-12-10T19:44:00+00:00,2025-12-10T19:46:00+00:00,SPXW-20251210-06825.000-C,CALL,3290.0,880.0000000000005,3,9870.0,538070.0,540710.0,540710.0,0.004882,6270.0,2640.0,
conservative_profit_ladder,734,2025-12-11,2025-12-11T15:00:00+00:00,2025-12-11T15:09:00+00:00,SPXW-20251211-06865.000-P,PUT,3340.0,-1559.9999999999998,3,10020.0,540710.0,536030.0,540710.0,0.0,0.0,-4680.0,
conservative_profit_ladder,735,2025-12-11,2025-12-11T15:25:00+00:00,2025-12-11T15:29:00+00:00,SPXW-20251211-06845.000-C,CALL,3479.9999999999995,20.000000000000284,0,0.0,536030.0,536030.0,540710.0,0.008655,-4680.0,0.0,daily_loss_stop
conservative_profit_ladder,736,2025-12-12,2025-12-12T15:00:00+00:00,2025-12-12T15:07:00+00:00,SPXW-20251212-06900.000-P,PUT,2090.0,610.0000000000001,3,6270.0,536030.0,537860.0,540710.0,0.008655,0.0,1830.0,
conservative_profit_ladder,737,2025-12-12,2025-12-12T15:25:00+00:00,2025-12-12T15:36:00+00:00,SPXW-20251212-06890.000-P,PUT,3460.0,710.0000000000001,3,10380.0,537860.0,539990.0,540710.0,0.005271,1830.0,2130.0,
conservative_profit_ladder,738,2025-12-15,2025-12-15T15:00:00+00:00,2025-12-15T15:05:00+00:00,SPXW-20251215-06855.000-P,PUT,2600.0,750.0,3,7800.0,539990.0,542240.0,542240.0,0.004149,0.0,2250.0,
conservative_profit_ladder,739,2025-12-15,2025-12-15T15:25:00+00:00,2025-12-15T15:31:00+00:00,SPXW-20251215-06835.000-P,PUT,3200.0,-189.99999999999983,3,9600.0,542240.0,541670.0,542240.0,0.0,2250.0,-570.0,
conservative_profit_ladder,740,2025-12-15,2025-12-15T15:56:00+00:00,2025-12-15T16:02:00+00:00,SPXW-20251215-06845.000-P,PUT,2680.0,250.0,3,8040.0,541670.0,542420.0,542420.0,0.001383,1680.0,750.0,
conservative_profit_ladder,741,2025-12-16,2025-12-16T15:00:00+00:00,2025-12-16T15:06:00+00:00,SPXW-20251216-06795.000-C,CALL,3130.0,-560.0000000000001,3,9390.0,542420.0,540740.0,542420.0,0.0,0.0,-1680.0,
conservative_profit_ladder,742,2025-12-16,2025-12-16T15:25:00+00:00,2025-12-16T15:31:00+00:00,SPXW-20251216-06810.000-P,PUT,3429.9999999999995,-389.9999999999999,0,0.0,540740.0,540740.0,542420.0,0.003097,-1680.0,-0.0,daily_loss_stop
conservative_profit_ladder,743,2025-12-17,2025-12-17T15:00:00+00:00,2025-12-17T15:10:00+00:00,SPXW-20251217-06825.000-P,PUT,3000.0,570.0000000000002,3,9000.0,540740.0,542450.0,542450.0,0.003152,0.0,1710.0,
conservative_profit_ladder,744,2025-12-17,2025-12-17T15:25:00+00:00,2025-12-17T15:37:00+00:00,SPXW-20251217-06820.000-P,PUT,2910.0,1150.0,3,8730.0,542450.0,545900.0,545900.0,0.00632,1710.0,3450.0,
conservative_profit_ladder,745,2025-12-18,2025-12-18T15:00:00+00:00,2025-12-18T15:08:00+00:00,SPXW-20251218-06765.000-C,CALL,3390.0,70.00000000000028,3,10170.0,545900.0,546110.0,546110.0,0.000385,0.0,210.0,
conservative_profit_ladder,746,2025-12-18,2025-12-18T15:16:00+00:00,2025-12-18T15:24:00+00:00,SPXW-20251218-06805.000-P,PUT,3400.0,-1010.0,3,10200.0,546110.0,543080.0,546110.0,0.0,210.0,-3030.0,
conservative_profit_ladder,747,2025-12-18,2025-12-18T15:25:00+00:00,2025-12-18T15:33:00+00:00,SPXW-20251218-06765.000-C,CALL,3420.0000000000005,689.9999999999999,0,0.0,543080.0,543080.0,546110.0,0.005548,-2820.0,0.0,daily_loss_stop
conservative_profit_ladder,748,2025-12-18,2025-12-18T15:52:00+00:00,2025-12-18T16:00:00+00:00,SPXW-20251218-06785.000-C,CALL,2950.0,-10.000000000000142,0,0.0,543080.0,543080.0,546110.0,0.005548,-2820.0,-0.0,daily_loss_stop
conservative_profit_ladder,749,2025-12-19,2025-12-19T15:01:00+00:00,2025-12-19T15:10:00+00:00,SPXW-20251219-06810.000-C,CALL,2720.0,-250.0,3,8160.0,543080.0,542330.0,546110.0,0.005548,0.0,-750.0,
conservative_profit_ladder,750,2025-12-19,2025-12-19T15:26:00+00:00,2025-12-19T15:31:00+00:00,SPXW-20251219-06845.000-P,PUT,2940.0,150.0,0,0.0,542330.0,542330.0,546110.0,0.006922,-750.0,0.0,daily_loss_stop
conservative_profit_ladder,751,2025-12-19,2025-12-19T15:33:00+00:00,2025-12-19T15:40:00+00:00,SPXW-20251219-06800.000-C,CALL,3210.0,189.99999999999983,0,0.0,542330.0,542330.0,546110.0,0.006922,-750.0,0.0,daily_loss_stop
conservative_profit_ladder,752,2025-12-19,2025-12-19T15:50:00+00:00,2025-12-19T15:56:00+00:00,SPXW-20251219-06790.000-C,CALL,3240.0,270.0000000000003,0,0.0,542330.0,542330.0,546110.0,0.006922,-750.0,0.0,daily_loss_stop
conservative_profit_ladder,753,2025-12-19,2025-12-19T16:15:00+00:00,2025-12-19T16:18:00+00:00,SPXW-20251219-06800.000-C,CALL,3010.0,319.99999999999955,0,0.0,542330.0,542330.0,546110.0,0.006922,-750.0,0.0,daily_loss_stop
conservative_profit_ladder,754,2025-12-22,2025-12-22T15:01:00+00:00,2025-12-22T15:15:00+00:00,SPXW-20251222-06900.000-P,PUT,3510.0,660.0000000000001,3,10530.0,542330.0,544310.0,546110.0,0.006922,0.0,1980.0,
conservative_profit_ladder,755,2025-12-22,2025-12-22T15:31:00+00:00,2025-12-22T15:37:00+00:00,SPXW-20251222-06875.000-P,PUT,1210.0,729.9999999999999,3,3630.0,544310.0,546500.0,546500.0,0.004007,1980.0,2190.0,
conservative_profit_ladder,756,2025-12-22,2025-12-22T15:39:00+00:00,2025-12-22T15:51:00+00:00,SPXW-20251222-06885.000-P,PUT,2790.0,-779.9999999999998,3,8370.0,546500.0,544160.0,546500.0,0.0,4170.0,-2340.0,
conservative_profit_ladder,757,2025-12-23,2025-12-23T15:00:00+00:00,2025-12-23T15:04:00+00:00,SPXW-20251223-06900.000-P,PUT,1900.0,730.0000000000001,3,5700.0,544160.0,546350.0,546500.0,0.004282,0.0,2190.0,
conservative_profit_ladder,758,2025-12-23,2025-12-23T15:26:00+00:00,2025-12-23T15:31:00+00:00,SPXW-20251223-06850.000-C,CALL,3240.0,280.00000000000045,3,9720.0,546350.0,547190.0,547190.0,0.001535,2190.0,840.0,
conservative_profit_ladder,759,2025-12-24,2025-12-24T15:01:00+00:00,2025-12-24T15:08:00+00:00,SPXW-20251224-06885.000-C,CALL,3020.0,90.00000000000021,3,9060.0,547190.0,547460.0,547460.0,0.000493,0.0,270.0,
conservative_profit_ladder,760,2025-12-24,2025-12-24T15:25:00+00:00,2025-12-24T15:34:00+00:00,SPXW-20251224-06900.000-C,CALL,1890.0,100.0,3,5670.0,547460.0,547760.0,547760.0,0.000548,270.0,300.0,
conservative_profit_ladder,761,2025-12-26,2025-12-26T15:00:00+00:00,2025-12-26T15:18:00+00:00,SPXW-20251226-06940.000-P,PUT,1010.0,309.99999999999994,3,3030.0,547760.0,548690.0,548690.0,0.001695,0.0,930.0,
conservative_profit_ladder,762,2025-12-26,2025-12-26T15:25:00+00:00,2025-12-26T15:37:00+00:00,SPXW-20251226-06935.000-P,PUT,819.9999999999999,-179.9999999999999,3,2459.9999999999995,548690.0,548150.0,548690.0,0.0,930.0,-540.0,
conservative_profit_ladder,763,2025-12-26,2025-12-26T15:58:00+00:00,2025-12-26T16:22:00+00:00,SPXW-20251226-06925.000-C,CALL,1310.0,-409.99999999999994,3,3930.0,548150.0,546920.0,548690.0,0.000984,390.0,-1230.0,
conservative_profit_ladder,764,2025-12-29,2025-12-29T15:02:00+00:00,2025-12-29T15:10:00+00:00,SPXW-20251229-06925.000-P,PUT,2240.0,480.00000000000006,3,6720.0,546920.0,548360.0,548690.0,0.003226,0.0,1440.0,
conservative_profit_ladder,765,2025-12-29,2025-12-29T15:29:00+00:00,2025-12-29T15:33:00+00:00,SPXW-20251229-06880.000-C,CALL,2910.0,0.0,3,8730.0,548360.0,548360.0,548690.0,0.000601,1440.0,0.0,
conservative_profit_ladder,766,2025-12-29,2025-12-29T15:45:00+00:00,2025-12-29T15:50:00+00:00,SPXW-20251229-06890.000-C,CALL,2230.0,-569.9999999999999,3,6690.0,548360.0,546650.0,548690.0,0.000601,1440.0,-1710.0,
conservative_profit_ladder,767,2025-12-29,2025-12-29T15:53:00+00:00,2025-12-29T15:58:00+00:00,SPXW-20251229-06880.000-C,CALL,2250.0,310.0000000000001,3,6750.0,546650.0,547580.0,548690.0,0.003718,-270.0,930.0,
conservative_profit_ladder,768,2025-12-30,2025-12-30T15:04:00+00:00,2025-12-30T15:11:00+00:00,SPXW-20251230-06875.000-C,CALL,3290.0,-369.99999999999994,3,9870.0,547580.0,546470.0,548690.0,0.002023,0.0,-1110.0,
conservative_profit_ladder,769,2025-12-30,2025-12-30T15:23:00+00:00,2025-12-30T15:33:00+00:00,SPXW-20251230-06865.000-C,CALL,3420.0000000000005,-70.00000000000028,0,0.0,546470.0,546470.0,548690.0,0.004046,-1110.0,-0.0,daily_loss_stop
conservative_profit_ladder,770,2025-12-30,2025-12-30T15:33:00+00:00,2025-12-30T15:44:00+00:00,SPXW-20251230-06910.000-P,PUT,1610.0000000000002,179.99999999999972,0,0.0,546470.0,546470.0,548690.0,0.004046,-1110.0,0.0,daily_loss_stop
conservative_profit_ladder,771,2025-12-30,2025-12-30T15:49:00+00:00,2025-12-30T15:54:00+00:00,SPXW-20251230-06880.000-C,CALL,1950.0,510.0000000000001,0,0.0,546470.0,546470.0,548690.0,0.004046,-1110.0,0.0,daily_loss_stop
conservative_profit_ladder,772,2025-12-30,2025-12-30T15:55:00+00:00,2025-12-30T16:01:00+00:00,SPXW-20251230-06880.000-C,CALL,2390.0,190.00000000000023,0,0.0,546470.0,546470.0,548690.0,0.004046,-1110.0,0.0,daily_loss_stop
conservative_profit_ladder,773,2025-12-30,2025-12-30T16:08:00+00:00,2025-12-30T16:14:00+00:00,SPXW-20251230-06875.000-C,CALL,3200.0,20.000000000000284,0,0.0,546470.0,546470.0,548690.0,0.004046,-1110.0,0.0,daily_loss_stop
conservative_profit_ladder,774,2025-12-30,2025-12-30T18:34:00+00:00,2025-12-30T18:38:00+00:00,SPXW-20251230-06880.000-C,CALL,2730.0,-110.00000000000014,0,0.0,546470.0,546470.0,548690.0,0.004046,-1110.0,-0.0,daily_loss_stop
conservative_profit_ladder,775,2025-12-30,2025-12-30T19:13:00+00:00,2025-12-30T19:22:00+00:00,SPXW-20251230-06900.000-C,CALL,640.0,109.99999999999996,0,0.0,546470.0,546470.0,548690.0,0.004046,-1110.0,0.0,daily_loss_stop
conservative_profit_ladder,776,2025-12-31,2025-12-31T15:26:00+00:00,2025-12-31T15:34:00+00:00,SPXW-20251231-06860.000-C,CALL,2550.0,30.00000000000007,1,2550.0,546470.0,546500.0,548690.0,0.004046,0.0,30.0,
conservative_profit_ladder,777,2025-12-31,2025-12-31T16:19:00+00:00,2025-12-31T16:27:00+00:00,SPXW-20251231-06845.000-C,CALL,3120.0,250.0000000000003,1,3120.0,546500.0,546750.0,548690.0,0.003991,30.0,250.0,
conservative_profit_ladder,778,2025-12-31,2025-12-31T16:28:00+00:00,2025-12-31T16:34:00+00:00,SPXW-20251231-06845.000-C,CALL,3410.0,-189.99999999999983,1,3410.0,546750.0,546560.0,548690.0,0.003536,280.0,-190.0,
conservative_profit_ladder,779,2025-12-31,2025-12-31T18:31:00+00:00,2025-12-31T18:35:00+00:00,SPXW-20251231-06860.000-C,CALL,2180.0,100.0,1,2180.0,546560.0,546660.0,548690.0,0.003882,90.0,100.0,
conservative_profit_ladder,780,2026-01-02,2026-01-02T15:00:00+00:00,2026-01-02T15:07:00+00:00,SPXW-20260102-06860.000-C,CALL,3120.0,190.00000000000023,1,3120.0,546660.0,546850.0,548690.0,0.0037,0.0,190.0,
conservative_profit_ladder,781,2026-01-02,2026-01-02T15:12:00+00:00,2026-01-02T15:22:00+00:00,SPXW-20260102-06890.000-P,PUT,1739.9999999999998,1930.0000000000005,1,1739.9999999999998,546850.0,548780.0,548780.0,0.003517,190.0,1930.0,
conservative_profit_ladder,782,2026-01-02,2026-01-02T15:25:00+00:00,2026-01-02T15:36:00+00:00,SPXW-20260102-06865.000-P,PUT,2430.0,-1230.0,3,7290.0,548780.0,545090.0,548780.0,0.0,2120.0,-3690.0,
conservative_profit_ladder,783,2026-01-02,2026-01-02T15:37:00+00:00,2026-01-02T15:54:00+00:00,SPXW-20260102-06865.000-P,PUT,1240.0,529.9999999999999,0,0.0,545090.0,545090.0,548780.0,0.006724,-1570.0,0.0,daily_loss_stop
conservative_profit_ladder,784,2026-01-05,2026-01-05T15:01:00+00:00,2026-01-05T15:10:00+00:00,SPXW-20260105-06885.000-C,CALL,1760.0000000000002,479.9999999999997,1,1760.0000000000002,545090.0,545570.0,548780.0,0.006724,0.0,480.0,
conservative_profit_ladder,785,2026-01-05,2026-01-05T15:27:00+00:00,2026-01-05T15:36:00+00:00,SPXW-20260105-06875.000-C,CALL,3190.0,450.0,1,3190.0,545570.0,546020.0,548780.0,0.005849,480.0,450.0,
conservative_profit_ladder,786,2026-01-05,2026-01-05T15:55:00+00:00,2026-01-05T16:14:00+00:00,SPXW-20260105-06890.000-C,CALL,2070.0,230.00000000000009,1,2070.0,546020.0,546250.0,548780.0,0.005029,930.0,230.0,
conservative_profit_ladder,787,2026-01-06,2026-01-06T15:00:00+00:00,2026-01-06T15:19:00+00:00,SPXW-20260106-06905.000-C,CALL,2460.0,250.0,1,2460.0,546250.0,546500.0,548780.0,0.00461,0.0,250.0,
conservative_profit_ladder,788,2026-01-06,2026-01-06T15:19:00+00:00,2026-01-06T15:44:00+00:00,SPXW-20260106-06900.000-C,CALL,3210.0,-550.0,3,9630.0,546500.0,544850.0,548780.0,0.004155,250.0,-1650.0,
conservative_profit_ladder,789,2026-01-06,2026-01-06T15:55:00+00:00,2026-01-06T16:20:00+00:00,SPXW-20260106-06885.000-C,CALL,3460.0,-270.0000000000003,0,0.0,544850.0,544850.0,548780.0,0.007161,-1400.0,-0.0,daily_loss_stop
conservative_profit_ladder,790,2026-01-07,2026-01-07T15:01:00+00:00,2026-01-07T15:22:00+00:00,SPXW-20260107-06965.000-P,PUT,2110.0,289.9999999999999,1,2110.0,544850.0,545140.0,548780.0,0.007161,0.0,290.0,
conservative_profit_ladder,791,2026-01-07,2026-01-07T15:28:00+00:00,2026-01-07T15:38:00+00:00,SPXW-20260107-06925.000-C,CALL,2080.0,559.9999999999998,1,2080.0,545140.0,545700.0,548780.0,0.006633,290.0,560.0,
conservative_profit_ladder,792,2026-01-07,2026-01-07T15:38:00+00:00,2026-01-07T15:58:00+00:00,SPXW-20260107-06980.000-P,PUT,3110.0,-160.00000000000014,1,3110.0,545700.0,545540.0,548780.0,0.005612,850.0,-160.0,
conservative_profit_ladder,793,2026-01-07,2026-01-07T16:03:00+00:00,2026-01-07T16:28:00+00:00,SPXW-20260107-06930.000-C,CALL,2470.0,-469.99999999999994,1,2470.0,545540.0,545070.0,548780.0,0.005904,690.0,-470.0,
conservative_profit_ladder,794,2026-01-08,2026-01-08T15:00:00+00:00,2026-01-08T15:16:00+00:00,SPXW-20260108-06920.000-P,PUT,1830.0,-940.0,1,1830.0,545070.0,544130.0,548780.0,0.00676,0.0,-940.0,
conservative_profit_ladder,795,2026-01-08,2026-01-08T15:25:00+00:00,2026-01-08T15:43:00+00:00,SPXW-20260108-06895.000-C,CALL,3100.0,-50.0,0,0.0,544130.0,544130.0,548780.0,0.008473,-940.0,-0.0,daily_loss_stop
conservative_profit_ladder,796,2026-01-09,2026-01-09T15:02:00+00:00,2026-01-09T15:08:00+00:00,SPXW-20260109-06935.000-C,CALL,1789.9999999999998,-909.9999999999998,1,1789.9999999999998,544130.0,543220.0,548780.0,0.008473,0.0,-910.0,
conservative_profit_ladder,797,2026-01-09,2026-01-09T15:27:00+00:00,2026-01-09T15:37:00+00:00,SPXW-20260109-06945.000-C,CALL,1610.0000000000002,250.0,0,0.0,543220.0,543220.0,548780.0,0.010132,-910.0,0.0,daily_loss_stop
conservative_profit_ladder,798,2026-01-09,2026-01-09T15:56:00+00:00,2026-01-09T16:21:00+00:00,SPXW-20260109-06910.000-C,CALL,3310.0,1789.9999999999998,0,0.0,543220.0,543220.0,548780.0,0.010132,-910.0,0.0,daily_loss_stop
conservative_profit_ladder,799,2026-01-12,2026-01-12T15:06:00+00:00,2026-01-12T15:27:00+00:00,SPXW-20260112-06935.000-C,CALL,2730.0,-10.000000000000142,1,2730.0,543220.0,543210.0,548780.0,0.010132,0.0,-10.0,
conservative_profit_ladder,800,2026-01-12,2026-01-12T15:33:00+00:00,2026-01-12T15:53:00+00:00,SPXW-20260112-06960.000-P,PUT,980.0,-150.0,1,980.0,543210.0,543060.0,548780.0,0.01015,-10.0,-150.0,
conservative_profit_ladder,801,2026-01-12,2026-01-12T15:53:00+00:00,2026-01-12T16:18:00+00:00,SPXW-20260112-06950.000-C,CALL,1450.0,789.9999999999999,1,1450.0,543060.0,543850.0,548780.0,0.010423,-160.0,790.0,
conservative_profit_ladder,802,2026-01-12,2026-01-12T18:43:00+00:00,2026-01-12T18:53:00+00:00,SPXW-20260112-06945.000-C,CALL,3090.0,110.00000000000014,1,3090.0,543850.0,543960.0,548780.0,0.008984,630.0,110.0,
conservative_profit_ladder,803,2026-01-13,2026-01-13T15:01:00+00:00,2026-01-13T15:19:00+00:00,SPXW-20260113-06990.000-P,PUT,2360.0,1439.9999999999998,1,2360.0,543960.0,545400.0,548780.0,0.008783,0.0,1440.0,
conservative_profit_ladder,804,2026-01-13,2026-01-13T15:26:00+00:00,2026-01-13T15:51:00+00:00,SPXW-20260113-06980.000-P,PUT,3360.0,-880.0000000000001,3,10080.0,545400.0,542760.0,548780.0,0.006159,1440.0,-2640.0,
conservative_profit_ladder,805,2026-01-13,2026-01-13T15:55:00+00:00,2026-01-13T16:07:00+00:00,SPXW-20260113-06935.000-C,CALL,2860.0,159.99999999999977,0,0.0,542760.0,542760.0,548780.0,0.01097,-1200.0,0.0,daily_loss_stop
conservative_profit_ladder,806,2026-01-13,2026-01-13T16:27:00+00:00,2026-01-13T16:43:00+00:00,SPXW-20260113-06970.000-P,PUT,1610.0000000000002,-870.0000000000001,0,0.0,542760.0,542760.0,548780.0,0.01097,-1200.0,-0.0,daily_loss_stop
conservative_profit_ladder,807,2026-01-14,2026-01-14T15:00:00+00:00,2026-01-14T15:09:00+00:00,SPXW-20260114-06910.000-P,PUT,1800.0,-110.00000000000014,1,1800.0,542760.0,542650.0,548780.0,0.01097,0.0,-110.0,
conservative_profit_ladder,808,2026-01-14,2026-01-14T15:17:00+00:00,2026-01-14T15:28:00+00:00,SPXW-20260114-06910.000-C,CALL,2370.0,-480.00000000000006,1,2370.0,542650.0,542170.0,548780.0,0.01117,-110.0,-480.0,
conservative_profit_ladder,809,2026-01-14,2026-01-14T15:28:00+00:00,2026-01-14T15:36:00+00:00,SPXW-20260114-06915.000-P,PUT,1020.0,810.0000000000001,1,1020.0,542170.0,542980.0,548780.0,0.012045,-590.0,810.0,
conservative_profit_ladder,810,2026-01-14,2026-01-14T15:43:00+00:00,2026-01-14T15:50:00+00:00,SPXW-20260114-06910.000-P,PUT,1180.0,1289.9999999999998,1,1180.0,542980.0,544270.0,548780.0,0.010569,220.0,1290.0,
conservative_profit_ladder,811,2026-01-15,2026-01-15T15:01:00+00:00,2026-01-15T15:17:00+00:00,SPXW-20260115-06995.000-P,PUT,3240.0,120.00000000000028,3,9720.0,544270.0,544630.0,548780.0,0.008218,0.0,360.0,
conservative_profit_ladder,812,2026-01-15,2026-01-15T15:23:00+00:00,2026-01-15T15:38:00+00:00,SPXW-20260115-06935.000-C,CALL,3500.0,420.0000000000003,3,10500.0,544630.0,545890.0,548780.0,0.007562,360.0,1260.0,
conservative_profit_ladder,813,2026-01-15,2026-01-15T15:48:00+00:00,2026-01-15T16:00:00+00:00,SPXW-20260115-06965.000-P,PUT,1150.0,-409.99999999999994,3,3450.0,545890.0,544660.0,548780.0,0.005266,1620.0,-1230.0,
conservative_profit_ladder,814,2026-01-16,2026-01-16T15:00:00+00:00,2026-01-16T15:21:00+00:00,SPXW-20260116-06975.000-P,PUT,3340.0,-10.000000000000142,3,10020.0,544660.0,544630.0,548780.0,0.007508,0.0,-30.0,
conservative_profit_ladder,815,2026-01-16,2026-01-16T15:25:00+00:00,2026-01-16T15:41:00+00:00,SPXW-20260116-06960.000-P,PUT,1630.0,1720.0,3,4890.0,544630.0,549790.0,549790.0,0.009385,-30.0,5160.0,
conservative_profit_ladder,816,2026-01-20,2026-01-20T15:05:00+00:00,2026-01-20T15:30:00+00:00,SPXW-20260120-06820.000-C,CALL,3429.9999999999995,1140.0000000000005,3,10289.999999999998,549790.0,553210.0,553210.0,0.006182,0.0,3420.0,
conservative_profit_ladder,817,2026-01-20,2026-01-20T15:30:00+00:00,2026-01-20T15:42:00+00:00,SPXW-20260120-06845.000-C,CALL,2650.0,250.0,3,7950.0,553210.0,553960.0,553960.0,0.001354,3420.0,750.0,
conservative_profit_ladder,818,2026-01-20,2026-01-20T15:56:00+00:00,2026-01-20T16:07:00+00:00,SPXW-20260120-06880.000-P,PUT,2930.0,-240.00000000000023,3,8790.0,553960.0,553240.0,553960.0,0.0,4170.0,-720.0,
conservative_profit_ladder,819,2026-01-20,2026-01-20T16:21:00+00:00,2026-01-20T16:30:00+00:00,SPXW-20260120-06840.000-C,CALL,2590.0,120.00000000000028,3,7770.0,553240.0,553600.0,553960.0,0.0013,3450.0,360.0,
conservative_profit_ladder,820,2026-01-21,2026-01-21T18:30:00+00:00,2026-01-21T18:51:00+00:00,SPXW-20260121-06810.000-C,CALL,2310.0,219.99999999999991,3,6930.0,553600.0,554260.0,554260.0,0.001191,0.0,660.0,
conservative_profit_ladder,821,2026-01-21,2026-01-21T18:55:00+00:00,2026-01-21T19:08:00+00:00,SPXW-20260121-06840.000-P,PUT,1140.0,509.99999999999994,3,3420.0,554260.0,555790.0,555790.0,0.002753,660.0,1530.0,
conservative_profit_ladder,822,2026-01-21,2026-01-21T19:19:00+00:00,2026-01-21T19:29:00+00:00,SPXW-20260121-06800.000-C,CALL,2710.0,3619.999999999999,3,8130.0,555790.0,566650.0,566650.0,0.019165,2190.0,10860.0,
conservative_profit_ladder,823,2026-01-21,2026-01-21T19:34:00+00:00,2026-01-21T19:38:00+00:00,SPXW-20260121-06870.000-C,CALL,880.0000000000001,1250.0,3,2640.0000000000005,566650.0,570400.0,570400.0,0.006574,13050.0,3750.0,
conservative_profit_ladder,824,2026-01-22,2026-01-22T15:00:00+00:00,2026-01-22T15:12:00+00:00,SPXW-20260122-06925.000-P,PUT,2870.0,519.9999999999999,3,8610.0,570400.0,571960.0,571960.0,0.002727,0.0,1560.0,
conservative_profit_ladder,825,2026-01-22,2026-01-22T15:28:00+00:00,2026-01-22T15:40:00+00:00,SPXW-20260122-06880.000-C,CALL,3279.9999999999995,380.00000000000045,3,9839.999999999998,571960.0,573100.0,573100.0,0.001989,1560.0,1140.0,
conservative_profit_ladder,826,2026-01-22,2026-01-22T15:42:00+00:00,2026-01-22T16:01:00+00:00,SPXW-20260122-06885.000-C,CALL,3200.0,70.00000000000028,3,9600.0,573100.0,573310.0,573310.0,0.000366,2700.0,210.0,
conservative_profit_ladder,827,2026-01-22,2026-01-22T16:11:00+00:00,2026-01-22T16:30:00+00:00,SPXW-20260122-06890.000-C,CALL,3120.0,250.0000000000003,3,9360.0,573310.0,574060.0,574060.0,0.001306,2910.0,750.0,
conservative_profit_ladder,828,2026-01-23,2026-01-23T15:02:00+00:00,2026-01-23T15:22:00+00:00,SPXW-20260123-06885.000-C,CALL,3210.0,0.0,3,9630.0,574060.0,574060.0,574060.0,0.0,0.0,0.0,
conservative_profit_ladder,829,2026-01-23,2026-01-23T15:29:00+00:00,2026-01-23T15:46:00+00:00,SPXW-20260123-06890.000-C,CALL,2960.0,229.99999999999972,3,8880.0,574060.0,574750.0,574750.0,0.001201,0.0,690.0,
conservative_profit_ladder,830,2026-01-23,2026-01-23T16:17:00+00:00,2026-01-23T16:38:00+00:00,SPXW-20260123-06900.000-C,CALL,2970.0,-39.99999999999986,3,8910.0,574750.0,574630.0,574750.0,0.0,690.0,-120.0,
conservative_profit_ladder,831,2026-01-26,2026-01-26T15:14:00+00:00,2026-01-26T15:33:00+00:00,SPXW-20260126-06920.000-C,CALL,3150.0,170.00000000000028,3,9450.0,574630.0,575140.0,575140.0,0.000887,0.0,510.0,
conservative_profit_ladder,832,2026-01-26,2026-01-26T15:51:00+00:00,2026-01-26T16:12:00+00:00,SPXW-20260126-06925.000-C,CALL,3030.0,-119.99999999999991,3,9090.0,575140.0,574780.0,575140.0,0.0,510.0,-360.0,
conservative_profit_ladder,833,2026-01-27,2026-01-27T15:06:00+00:00,2026-01-27T15:23:00+00:00,SPXW-20260127-06940.000-C,CALL,3150.0,350.0,3,9450.0,574780.0,575830.0,575830.0,0.001823,0.0,1050.0,
conservative_profit_ladder,834,2026-01-27,2026-01-27T15:23:00+00:00,2026-01-27T15:48:00+00:00,SPXW-20260127-06945.000-C,CALL,3080.0,849.9999999999997,3,9240.0,575830.0,578380.0,578380.0,0.004409,1050.0,2550.0,
conservative_profit_ladder,835,2026-01-27,2026-01-27T15:53:00+00:00,2026-01-27T16:18:00+00:00,SPXW-20260127-06950.000-C,CALL,3379.9999999999995,280.00000000000045,3,10139.999999999998,578380.0,579220.0,579220.0,0.00145,3600.0,840.0,
conservative_profit_ladder,836,2026-01-27,2026-01-27T16:18:00+00:00,2026-01-27T16:32:00+00:00,SPXW-20260127-06955.000-C,CALL,3210.0,89.99999999999986,3,9630.0,579220.0,579490.0,579490.0,0.000466,4440.0,270.0,
conservative_profit_ladder,837,2026-01-28,2026-01-28T15:01:00+00:00,2026-01-28T15:15:00+00:00,SPXW-20260128-07025.000-P,PUT,3410.0,789.9999999999999,3,10230.0,579490.0,581860.0,581860.0,0.004073,0.0,2370.0,
conservative_profit_ladder,838,2026-01-28,2026-01-28T15:26:00+00:00,2026-01-28T15:43:00+00:00,SPXW-20260128-07020.000-P,PUT,3379.9999999999995,460.0000000000001,3,10139.999999999998,581860.0,583240.0,583240.0,0.002366,2370.0,1380.0,
conservative_profit_ladder,839,2026-01-28,2026-01-28T15:47:00+00:00,2026-01-28T16:00:00+00:00,SPXW-20260128-07015.000-P,PUT,3520.0000000000005,309.99999999999943,3,10560.000000000002,583240.0,584170.0,584170.0,0.001592,3750.0,930.0,
conservative_profit_ladder,840,2026-01-29,2026-01-29T15:00:00+00:00,2026-01-29T15:11:00+00:00,SPXW-20260129-06955.000-P,PUT,2730.0,859.9999999999998,3,8190.0,584170.0,586750.0,586750.0,0.004397,0.0,2580.0,
conservative_profit_ladder,841,2026-01-29,2026-01-29T15:11:00+00:00,2026-01-29T15:23:00+00:00,SPXW-20260129-06905.000-C,CALL,3200.0,29.999999999999716,3,9600.0,586750.0,586840.0,586840.0,0.000153,2580.0,90.0,
conservative_profit_ladder,842,2026-01-29,2026-01-29T15:27:00+00:00,2026-01-29T15:51:00+00:00,SPXW-20260129-06950.000-P,PUT,3300.0,3579.9999999999995,3,9900.0,586840.0,597580.0,597580.0,0.017972,2670.0,10740.0,
conservative_profit_ladder,843,2026-01-29,2026-01-29T18:30:00+00:00,2026-01-29T18:37:00+00:00,SPXW-20260129-06955.000-P,PUT,2430.0,80.00000000000007,3,7290.0,597580.0,597820.0,597820.0,0.000401,13410.0,240.0,
conservative_profit_ladder,844,2026-01-29,2026-01-29T18:37:00+00:00,2026-01-29T18:45:00+00:00,SPXW-20260129-06920.000-C,CALL,1620.0,340.0000000000002,3,4860.0,597820.0,598840.0,598840.0,0.001703,13650.0,1020.0,
conservative_profit_ladder,845,2026-01-29,2026-01-29T19:29:00+00:00,2026-01-29T19:54:00+00:00,SPXW-20260129-06920.000-C,CALL,2440.0,-589.9999999999999,3,7320.0,598840.0,597070.0,598840.0,0.0,14670.0,-1770.0,
conservative_profit_ladder,846,2026-01-30,2026-01-30T15:02:00+00:00,2026-01-30T15:24:00+00:00,SPXW-20260130-06975.000-P,PUT,3450.0,-619.9999999999999,3,10350.0,597070.0,595210.0,598840.0,0.002956,0.0,-1860.0,
conservative_profit_ladder,847,2026-01-30,2026-01-30T15:28:00+00:00,2026-01-30T15:35:00+00:00,SPXW-20260130-06975.000-P,PUT,3420.0000000000005,400.0,0,0.0,595210.0,595210.0,598840.0,0.006062,-1860.0,0.0,daily_loss_stop
conservative_profit_ladder,848,2026-02-02,2026-02-02T19:05:00+00:00,2026-02-02T19:19:00+00:00,SPXW-20260202-06965.000-C,CALL,2510.0,-10.000000000000142,3,7530.0,595210.0,595180.0,598840.0,0.006062,0.0,-30.0,
conservative_profit_ladder,849,2026-02-03,2026-02-03T15:00:00+00:00,2026-02-03T15:09:00+00:00,SPXW-20260203-06970.000-P,PUT,2040.0,610.0000000000001,3,6120.0,595180.0,597010.0,598840.0,0.006112,0.0,1830.0,
conservative_profit_ladder,850,2026-02-03,2026-02-03T15:16:00+00:00,2026-02-03T15:29:00+00:00,SPXW-20260203-06925.000-C,CALL,2700.0,119.99999999999991,3,8100.0,597010.0,597370.0,598840.0,0.003056,1830.0,360.0,
conservative_profit_ladder,851,2026-02-03,2026-02-03T15:31:00+00:00,2026-02-03T15:47:00+00:00,SPXW-20260203-06975.000-P,PUT,3520.0000000000005,500.0,3,10560.000000000002,597370.0,598870.0,598870.0,0.002505,2190.0,1500.0,
conservative_profit_ladder,852,2026-02-03,2026-02-03T16:04:00+00:00,2026-02-03T16:29:00+00:00,SPXW-20260203-06975.000-P,PUT,3020.0,1280.0,3,9060.0,598870.0,602710.0,602710.0,0.006371,3690.0,3840.0,
conservative_profit_ladder,853,2026-02-04,2026-02-04T15:01:00+00:00,2026-02-04T15:24:00+00:00,SPXW-20260204-06900.000-P,PUT,2450.0,-1350.0,3,7350.0,602710.0,598660.0,602710.0,0.0,0.0,-4050.0,
conservative_profit_ladder,854,2026-02-04,2026-02-04T15:26:00+00:00,2026-02-04T15:38:00+00:00,SPXW-20260204-06945.000-P,PUT,2840.0,2010.0,0,0.0,598660.0,598660.0,602710.0,0.00672,-4050.0,0.0,daily_loss_stop
conservative_profit_ladder,855,2026-02-04,2026-02-04T15:38:00+00:00,2026-02-04T15:52:00+00:00,SPXW-20260204-06880.000-C,CALL,3200.0,460.0000000000001,0,0.0,598660.0,598660.0,602710.0,0.00672,-4050.0,0.0,daily_loss_stop
conservative_profit_ladder,856,2026-02-04,2026-02-04T16:02:00+00:00,2026-02-04T16:12:00+00:00,SPXW-20260204-06925.000-P,PUT,3140.0,589.9999999999999,0,0.0,598660.0,598660.0,602710.0,0.00672,-4050.0,0.0,daily_loss_stop
conservative_profit_ladder,857,2026-02-04,2026-02-04T16:19:00+00:00,2026-02-04T16:40:00+00:00,SPXW-20260204-06900.000-P,PUT,2140.0,30.00000000000007,0,0.0,598660.0,598660.0,602710.0,0.00672,-4050.0,0.0,daily_loss_stop
conservative_profit_ladder,858,2026-02-05,2026-02-05T15:57:00+00:00,2026-02-05T16:05:00+00:00,SPXW-20260205-06795.000-P,PUT,2680.0,59.99999999999979,3,8040.0,598660.0,598840.0,602710.0,0.00672,0.0,180.0,
conservative_profit_ladder,859,2026-02-05,2026-02-05T16:15:00+00:00,2026-02-05T16:39:00+00:00,SPXW-20260205-06765.000-C,CALL,3220.0000000000005,3259.9999999999995,3,9660.000000000002,598840.0,608620.0,608620.0,0.016069,180.0,9780.0,
conservative_profit_ladder,860,2026-02-05,2026-02-05T18:30:00+00:00,2026-02-05T18:46:00+00:00,SPXW-20260205-06785.000-C,CALL,3400.0,-239.99999999999983,3,10200.0,608620.0,607900.0,608620.0,0.0,9960.0,-720.0,
conservative_profit_ladder,861,2026-02-05,2026-02-05T18:46:00+00:00,2026-02-05T18:56:00+00:00,SPXW-20260205-06835.000-P,PUT,2760.0,1010.0,3,8280.0,607900.0,610930.0,610930.0,0.00496,9240.0,3030.0,
conservative_profit_ladder,862,2026-02-05,2026-02-05T19:01:00+00:00,2026-02-05T19:13:00+00:00,SPXW-20260205-06830.000-P,PUT,2820.0,-1480.0,3,8460.0,610930.0,606490.0,610930.0,0.0,12270.0,-4440.0,
conservative_profit_ladder,863,2026-02-05,2026-02-05T19:16:00+00:00,2026-02-05T19:25:00+00:00,SPXW-20260205-06795.000-C,CALL,3510.0,500.0,3,10530.0,606490.0,607990.0,610930.0,0.007268,7830.0,1500.0,
conservative_profit_ladder,864,2026-02-05,2026-02-05T19:44:00+00:00,2026-02-05T19:48:00+00:00,SPXW-20260205-06835.000-P,PUT,2510.0,319.99999999999994,3,7530.0,607990.0,608950.0,610930.0,0.004812,9330.0,960.0,
conservative_profit_ladder,865,2026-02-09,2026-02-09T15:12:00+00:00,2026-02-09T15:25:00+00:00,SPXW-20260209-06910.000-C,CALL,3190.0,580.0000000000005,3,9570.0,608950.0,610690.0,610930.0,0.003241,0.0,1740.0,
conservative_profit_ladder,866,2026-02-09,2026-02-09T18:32:00+00:00,2026-02-09T18:47:00+00:00,SPXW-20260209-06960.000-C,CALL,1070.0,200.0,3,3210.0,610690.0,611290.0,611290.0,0.000982,1740.0,600.0,
conservative_profit_ladder,867,2026-02-09,2026-02-09T19:04:00+00:00,2026-02-09T19:29:00+00:00,SPXW-20260209-06940.000-C,CALL,3279.9999999999995,700.0,3,9839.999999999998,611290.0,613390.0,613390.0,0.003424,2340.0,2100.0,
conservative_profit_ladder,868,2026-02-10,2026-02-10T15:01:00+00:00,2026-02-10T15:13:00+00:00,SPXW-20260210-06950.000-C,CALL,3229.9999999999995,130.00000000000043,3,9689.999999999998,613390.0,613780.0,613780.0,0.000635,0.0,390.0,
conservative_profit_ladder,869,2026-02-10,2026-02-10T15:26:00+00:00,2026-02-10T15:42:00+00:00,SPXW-20260210-06950.000-C,CALL,3100.0,129.99999999999972,3,9300.0,613780.0,614170.0,614170.0,0.000635,390.0,390.0,
conservative_profit_ladder,870,2026-02-11,2026-02-11T15:00:00+00:00,2026-02-11T15:20:00+00:00,SPXW-20260211-06985.000-P,PUT,2860.0,2919.9999999999995,3,8580.0,614170.0,622930.0,622930.0,0.014063,0.0,8760.0,
conservative_profit_ladder,871,2026-02-11,2026-02-11T15:29:00+00:00,2026-02-11T15:53:00+00:00,SPXW-20260211-06925.000-P,PUT,2060.0,-1030.0,3,6180.0,622930.0,619840.0,622930.0,0.0,8760.0,-3090.0,
conservative_profit_ladder,872,2026-02-11,2026-02-11T16:26:00+00:00,2026-02-11T16:33:00+00:00,SPXW-20260211-06955.000-P,PUT,1360.0,740.0,3,4080.0,619840.0,622060.0,622930.0,0.00496,5670.0,2220.0,
conservative_profit_ladder,873,2026-02-11,2026-02-11T18:41:00+00:00,2026-02-11T19:06:00+00:00,SPXW-20260211-06950.000-P,PUT,1090.0,-330.00000000000006,3,3270.0,622060.0,621070.0,622930.0,0.001397,7890.0,-990.0,
conservative_profit_ladder,874,2026-02-11,2026-02-11T19:19:00+00:00,2026-02-11T19:29:00+00:00,SPXW-20260211-06925.000-C,CALL,2930.0,309.9999999999998,3,8790.0,621070.0,622000.0,622930.0,0.002986,6900.0,930.0,
conservative_profit_ladder,875,2026-02-12,2026-02-12T15:00:00+00:00,2026-02-12T15:14:00+00:00,SPXW-20260212-06970.000-P,PUT,2700.0,-210.00000000000017,3,8100.0,622000.0,621370.0,622930.0,0.001493,0.0,-630.0,
conservative_profit_ladder,876,2026-02-12,2026-02-12T15:26:00+00:00,2026-02-12T15:51:00+00:00,SPXW-20260212-06980.000-P,PUT,3170.0,2610.0,3,9510.0,621370.0,629200.0,629200.0,0.012444,-630.0,7830.0,
conservative_profit_ladder,877,2026-02-13,2026-02-13T15:00:00+00:00,2026-02-13T15:14:00+00:00,SPXW-20260213-06810.000-C,CALL,3360.0,1269.9999999999995,3,10080.0,629200.0,633010.0,633010.0,0.006019,0.0,3810.0,
conservative_profit_ladder,878,2026-02-13,2026-02-13T15:20:00+00:00,2026-02-13T15:38:00+00:00,SPXW-20260213-06820.000-C,CALL,3160.0,1860.0,3,9480.0,633010.0,638590.0,638590.0,0.008738,3810.0,5580.0,
conservative_profit_ladder,879,2026-02-13,2026-02-13T15:51:00+00:00,2026-02-13T16:02:00+00:00,SPXW-20260213-06830.000-C,CALL,2680.0,690.0000000000002,3,8040.0,638590.0,640660.0,640660.0,0.003231,9390.0,2070.0,
conservative_profit_ladder,880,2026-02-13,2026-02-13T16:12:00+00:00,2026-02-13T16:21:00+00:00,SPXW-20260213-06860.000-P,PUT,2410.0,400.0,3,7230.0,640660.0,641860.0,641860.0,0.00187,11460.0,1200.0,
conservative_profit_ladder,881,2026-02-13,2026-02-13T18:30:00+00:00,2026-02-13T18:37:00+00:00,SPXW-20260213-06860.000-C,CALL,1970.0,269.99999999999994,3,5910.0,641860.0,642670.0,642670.0,0.00126,12660.0,810.0,
conservative_profit_ladder,882,2026-02-13,2026-02-13T18:45:00+00:00,2026-02-13T19:06:00+00:00,SPXW-20260213-06850.000-C,CALL,2370.0,-230.00000000000009,3,7110.0,642670.0,641980.0,642670.0,0.0,13470.0,-690.0,
conservative_profit_ladder,883,2026-02-13,2026-02-13T20:29:00+00:00,2026-02-13T20:42:00+00:00,SPXW-20260213-06805.000-C,CALL,2110.0,-170.00000000000028,3,6330.0,641980.0,641470.0,642670.0,0.001074,12780.0,-510.0,
conservative_profit_ladder,884,2026-02-17,2026-02-17T15:03:00+00:00,2026-02-17T15:22:00+00:00,SPXW-20260217-06775.000-C,CALL,3210.0,839.9999999999999,3,9630.0,641470.0,643990.0,643990.0,0.003913,0.0,2520.0,
conservative_profit_ladder,885,2026-02-17,2026-02-17T15:28:00+00:00,2026-02-17T15:40:00+00:00,SPXW-20260217-06810.000-P,PUT,3200.0,960.0,3,9600.0,643990.0,646870.0,646870.0,0.004452,2520.0,2880.0,
conservative_profit_ladder,886,2026-02-17,2026-02-17T15:47:00+00:00,2026-02-17T16:12:00+00:00,SPXW-20260217-06765.000-C,CALL,3490.0,3780.000000000001,3,10470.0,646870.0,658210.0,658210.0,0.017229,5400.0,11340.0,
conservative_profit_ladder,887,2026-02-18,2026-02-18T18:34:00+00:00,2026-02-18T18:42:00+00:00,SPXW-20260218-06875.000-C,CALL,2160.0,-110.00000000000014,3,6480.0,658210.0,657880.0,658210.0,0.0,0.0,-330.0,
conservative_profit_ladder,888,2026-02-18,2026-02-18T18:44:00+00:00,2026-02-18T19:02:00+00:00,SPXW-20260218-06870.000-C,CALL,2150.0,30.00000000000007,3,6450.0,657880.0,657970.0,658210.0,0.000501,-330.0,90.0,
conservative_profit_ladder,889,2026-02-18,2026-02-18T19:10:00+00:00,2026-02-18T19:35:00+00:00,SPXW-20260218-06875.000-C,CALL,1420.0,-589.9999999999999,3,4260.0,657970.0,656200.0,658210.0,0.000365,-240.0,-1770.0,
conservative_profit_ladder,890,2026-02-18,2026-02-18T19:39:00+00:00,2026-02-18T19:48:00+00:00,SPXW-20260218-06840.000-C,CALL,3070.0,509.9999999999998,0,0.0,656200.0,656200.0,658210.0,0.003054,-2010.0,0.0,daily_loss_stop
conservative_profit_ladder,891,2026-02-19,2026-02-19T15:00:00+00:00,2026-02-19T15:10:00+00:00,SPXW-20260219-06885.000-P,PUT,2860.0,360.0000000000001,3,8580.0,656200.0,657280.0,658210.0,0.003054,0.0,1080.0,
conservative_profit_ladder,892,2026-02-19,2026-02-19T15:28:00+00:00,2026-02-19T15:51:00+00:00,SPXW-20260219-06885.000-P,PUT,3220.0000000000005,-430.00000000000045,3,9660.000000000002,657280.0,655990.0,658210.0,0.001413,1080.0,-1290.0,
conservative_profit_ladder,893,2026-02-19,2026-02-19T15:52:00+00:00,2026-02-19T16:11:00+00:00,SPXW-20260219-06835.000-C,CALL,3429.9999999999995,120.00000000000028,3,10289.999999999998,655990.0,656350.0,658210.0,0.003373,-210.0,360.0,
conservative_profit_ladder,894,2026-02-19,2026-02-19T16:28:00+00:00,2026-02-19T16:38:00+00:00,SPXW-20260219-06880.000-P,PUT,2150.0,180.00000000000006,3,6450.0,656350.0,656890.0,658210.0,0.002826,150.0,540.0,
conservative_profit_ladder,895,2026-02-19,2026-02-19T18:30:00+00:00,2026-02-19T18:40:00+00:00,SPXW-20260219-06820.000-C,CALL,2540.0,20.000000000000284,3,7620.0,656890.0,656950.0,658210.0,0.002005,690.0,60.0,
conservative_profit_ladder,896,2026-02-20,2026-02-20T15:07:00+00:00,2026-02-20T15:26:00+00:00,SPXW-20260220-06860.000-C,CALL,2640.0,1110.0000000000002,3,7920.0,656950.0,660280.0,660280.0,0.005043,0.0,3330.0,
conservative_profit_ladder,897,2026-02-20,2026-02-20T15:31:00+00:00,2026-02-20T15:40:00+00:00,SPXW-20260220-06870.000-C,CALL,2780.0,180.00000000000006,3,8340.0,660280.0,660820.0,660820.0,0.000817,3330.0,540.0,
conservative_profit_ladder,898,2026-02-20,2026-02-20T18:30:00+00:00,2026-02-20T18:35:00+00:00,SPXW-20260220-06870.000-C,CALL,2140.0,850.0,3,6420.0,660820.0,663370.0,663370.0,0.003844,3870.0,2550.0,
conservative_profit_ladder,899,2026-02-20,2026-02-20T19:11:00+00:00,2026-02-20T19:32:00+00:00,SPXW-20260220-06880.000-C,CALL,2870.0,-80.00000000000007,3,8610.0,663370.0,663130.0,663370.0,0.0,6420.0,-240.0,
conservative_profit_ladder,900,2026-02-20,2026-02-20T19:58:00+00:00,2026-02-20T20:02:00+00:00,SPXW-20260220-06880.000-C,CALL,1960.0,419.99999999999994,3,5880.0,663130.0,664390.0,664390.0,0.001896,6180.0,1260.0,
conservative_profit_ladder,901,2026-02-23,2026-02-23T15:00:00+00:00,2026-02-23T15:18:00+00:00,SPXW-20260223-06900.000-P,PUT,2750.0,1210.0000000000002,3,8250.0,664390.0,668020.0,668020.0,0.005434,0.0,3630.0,
conservative_profit_ladder,902,2026-02-23,2026-02-23T15:27:00+00:00,2026-02-23T15:37:00+00:00,SPXW-20260223-06885.000-P,PUT,2880.0,540.0000000000002,3,8640.0,668020.0,669640.0,669640.0,0.002419,3630.0,1620.0,
conservative_profit_ladder,903,2026-02-23,2026-02-23T18:30:00+00:00,2026-02-23T18:36:00+00:00,SPXW-20260223-06870.000-P,PUT,1870.0,50.0,3,5610.0,669640.0,669790.0,669790.0,0.000224,5250.0,150.0,
conservative_profit_ladder,904,2026-02-23,2026-02-23T18:41:00+00:00,2026-02-23T18:48:00+00:00,SPXW-20260223-06860.000-P,PUT,1410.0,200.00000000000017,3,4230.0,669790.0,670390.0,670390.0,0.000895,5400.0,600.0,
conservative_profit_ladder,905,2026-02-24,2026-02-24T15:00:00+00:00,2026-02-24T15:15:00+00:00,SPXW-20260224-06865.000-P,PUT,2740.0,-200.0,3,8220.0,670390.0,669790.0,670390.0,0.0,0.0,-600.0,
conservative_profit_ladder,906,2026-02-24,2026-02-24T15:16:00+00:00,2026-02-24T15:41:00+00:00,SPXW-20260224-06840.000-C,CALL,2200.0,1779.9999999999998,3,6600.0,669790.0,675130.0,675130.0,0.00791,-600.0,5340.0,
conservative_profit_ladder,907,2026-02-24,2026-02-24T18:31:00+00:00,2026-02-24T18:56:00+00:00,SPXW-20260224-06875.000-C,CALL,1420.0,540.0000000000002,3,4260.0,675130.0,676750.0,676750.0,0.002394,4740.0,1620.0,
conservative_profit_ladder,908,2026-02-24,2026-02-24T19:08:00+00:00,2026-02-24T19:32:00+00:00,SPXW-20260224-06860.000-C,CALL,2980.0,-290.0000000000002,3,8940.0,676750.0,675880.0,676750.0,0.0,6360.0,-870.0,
conservative_profit_ladder,909,2026-02-25,2026-02-25T15:06:00+00:00,2026-02-25T15:21:00+00:00,SPXW-20260225-06945.000-P,PUT,2290.0,210.00000000000017,3,6870.0,675880.0,676510.0,676750.0,0.001286,0.0,630.0,
conservative_profit_ladder,910,2026-02-25,2026-02-25T15:31:00+00:00,2026-02-25T15:56:00+00:00,SPXW-20260225-06895.000-C,CALL,3490.0,-769.9999999999999,3,10470.0,676510.0,674200.0,676750.0,0.000355,630.0,-2310.0,
conservative_profit_ladder,911,2026-02-26,2026-02-26T15:00:00+00:00,2026-02-26T15:10:00+00:00,SPXW-20260226-06950.000-P,PUT,3320.0000000000005,439.9999999999999,3,9960.000000000002,674200.0,675520.0,676750.0,0.003768,0.0,1320.0,
conservative_profit_ladder,912,2026-02-26,2026-02-26T15:26:00+00:00,2026-02-26T15:40:00+00:00,SPXW-20260226-06855.000-C,CALL,3060.0,600.0,3,9180.0,675520.0,677320.0,677320.0,0.002658,1320.0,1800.0,
conservative_profit_ladder,913,2026-02-26,2026-02-26T15:42:00+00:00,2026-02-26T16:07:00+00:00,SPXW-20260226-06900.000-P,PUT,2640.0,-819.9999999999999,3,7920.0,677320.0,674860.0,677320.0,0.0,3120.0,-2460.0,
conservative_profit_ladder,914,2026-02-27,2026-02-27T15:01:00+00:00,2026-02-27T15:20:00+00:00,SPXW-20260227-06825.000-C,CALL,3420.0000000000005,569.9999999999995,3,10260.000000000002,674860.0,676570.0,677320.0,0.003632,0.0,1710.0,
conservative_profit_ladder,915,2026-02-27,2026-02-27T15:32:00+00:00,2026-02-27T15:54:00+00:00,SPXW-20260227-06885.000-P,PUT,3340.0,-289.9999999999999,3,10020.0,676570.0,675700.0,677320.0,0.001107,1710.0,-870.0,
conservative_profit_ladder,916,2026-02-27,2026-02-27T16:10:00+00:00,2026-02-27T16:27:00+00:00,SPXW-20260227-06835.000-C,CALL,3500.0,689.9999999999999,3,10500.0,675700.0,677770.0,677770.0,0.003054,840.0,2070.0,
conservative_profit_ladder,917,2026-02-27,2026-02-27T18:31:00+00:00,2026-02-27T18:43:00+00:00,SPXW-20260227-06830.000-C,CALL,2730.0,139.99999999999986,3,8190.0,677770.0,678190.0,678190.0,0.000619,2910.0,420.0,
conservative_profit_ladder,918,2026-02-27,2026-02-27T19:10:00+00:00,2026-02-27T19:24:00+00:00,SPXW-20260227-06880.000-P,PUT,2740.0,110.00000000000014,3,8220.0,678190.0,678520.0,678520.0,0.000486,3330.0,330.0,
conservative_profit_ladder,919,2026-03-02,2026-03-02T18:32:00+00:00,2026-03-02T18:57:00+00:00,SPXW-20260302-06850.000-C,CALL,3200.0,-869.9999999999999,3,9600.0,678520.0,675910.0,678520.0,0.0,0.0,-2610.0,
conservative_profit_ladder,920,2026-03-02,2026-03-02T19:01:00+00:00,2026-03-02T19:17:00+00:00,SPXW-20260302-06850.000-C,CALL,2060.0,2060.0,0,0.0,675910.0,675910.0,678520.0,0.003847,-2610.0,0.0,daily_loss_stop
conservative_profit_ladder,921,2026-03-02,2026-03-02T19:54:00+00:00,2026-03-02T20:06:00+00:00,SPXW-20260302-06885.000-C,CALL,1540.0,-309.99999999999994,0,0.0,675910.0,675910.0,678520.0,0.003847,-2610.0,-0.0,daily_loss_stop
conservative_profit_ladder,922,2026-03-02,2026-03-02T20:11:00+00:00,2026-03-02T20:19:00+00:00,SPXW-20260302-06850.000-C,CALL,2400.0,639.9999999999999,0,0.0,675910.0,675910.0,678520.0,0.003847,-2610.0,0.0,daily_loss_stop
conservative_profit_ladder,923,2026-03-03,2026-03-03T15:31:00+00:00,2026-03-03T15:43:00+00:00,SPXW-20260303-06700.000-C,CALL,3310.0,1119.9999999999995,1,3310.0,675910.0,677030.0,678520.0,0.003847,0.0,1120.0,
conservative_profit_ladder,924,2026-03-03,2026-03-03T15:50:00+00:00,2026-03-03T15:56:00+00:00,SPXW-20260303-06735.000-P,PUT,2660.0,300.0,3,7980.0,677030.0,677930.0,678520.0,0.002196,1120.0,900.0,
conservative_profit_ladder,925,2026-03-03,2026-03-03T15:56:00+00:00,2026-03-03T16:09:00+00:00,SPXW-20260303-06710.000-C,CALL,2810.0,2840.0,3,8430.0,677930.0,686450.0,686450.0,0.012412,2020.0,8520.0,
conservative_profit_ladder,926,2026-03-03,2026-03-03T16:13:00+00:00,2026-03-03T16:30:00+00:00,SPXW-20260303-06735.000-C,CALL,3440.0,1070.0000000000002,3,10320.0,686450.0,689660.0,689660.0,0.004654,10540.0,3210.0,
conservative_profit_ladder,927,2026-03-03,2026-03-03T19:11:00+00:00,2026-03-03T19:23:00+00:00,SPXW-20260303-06800.000-C,CALL,1930.0,1189.9999999999998,3,5790.0,689660.0,693230.0,693230.0,0.00515,13750.0,3570.0,
conservative_profit_ladder,928,2026-03-03,2026-03-03T19:36:00+00:00,2026-03-03T19:48:00+00:00,SPXW-20260303-06785.000-C,CALL,2690.0,2750.0,3,8070.0,693230.0,701480.0,701480.0,0.011761,17320.0,8250.0,
conservative_profit_ladder,929,2026-03-04,2026-03-04T15:03:00+00:00,2026-03-04T15:21:00+00:00,SPXW-20260304-06860.000-P,PUT,3500.0,-1840.0,3,10500.0,701480.0,695960.0,701480.0,0.0,0.0,-5520.0,
conservative_profit_ladder,930,2026-03-04,2026-03-04T15:43:00+00:00,2026-03-04T15:52:00+00:00,SPXW-20260304-06840.000-C,CALL,2790.0,260.0000000000001,0,0.0,695960.0,695960.0,701480.0,0.007869,-5520.0,0.0,daily_loss_stop
conservative_profit_ladder,931,2026-03-04,2026-03-04T16:06:00+00:00,2026-03-04T16:18:00+00:00,SPXW-20260304-06855.000-C,CALL,2510.0,-570.0000000000002,0,0.0,695960.0,695960.0,701480.0,0.007869,-5520.0,-0.0,daily_loss_stop
conservative_profit_ladder,932,2026-03-04,2026-03-04T18:30:00+00:00,2026-03-04T18:48:00+00:00,SPXW-20260304-06865.000-C,CALL,1530.0,169.99999999999994,0,0.0,695960.0,695960.0,701480.0,0.007869,-5520.0,0.0,daily_loss_stop
conservative_profit_ladder,933,2026-03-04,2026-03-04T19:04:00+00:00,2026-03-04T19:15:00+00:00,SPXW-20260304-06855.000-C,CALL,2860.0,0.0,0,0.0,695960.0,695960.0,701480.0,0.007869,-5520.0,0.0,daily_loss_stop
conservative_profit_ladder,934,2026-03-05,2026-03-05T15:07:00+00:00,2026-03-05T15:31:00+00:00,SPXW-20260305-06880.000-P,PUT,3370.0000000000005,3650.0,3,10110.000000000002,695960.0,706910.0,706910.0,0.01549,0.0,10950.0,
conservative_profit_ladder,935,2026-03-05,2026-03-05T15:37:00+00:00,2026-03-05T15:49:00+00:00,SPXW-20260305-06805.000-C,CALL,2580.0,899.9999999999997,3,7740.0,706910.0,709610.0,709610.0,0.003805,10950.0,2700.0,
conservative_profit_ladder,936,2026-03-05,2026-03-05T15:50:00+00:00,2026-03-05T16:15:00+00:00,SPXW-20260305-06805.000-C,CALL,3210.0,-980.0,3,9630.0,709610.0,706670.0,709610.0,0.0,13650.0,-2940.0,
conservative_profit_ladder,937,2026-03-05,2026-03-05T18:38:00+00:00,2026-03-05T18:45:00+00:00,SPXW-20260305-06750.000-C,CALL,3410.0,960.0,3,10230.0,706670.0,709550.0,709610.0,0.004143,10710.0,2880.0,
conservative_profit_ladder,938,2026-03-05,2026-03-05T19:05:00+00:00,2026-03-05T19:15:00+00:00,SPXW-20260305-06760.000-C,CALL,2620.0,369.99999999999994,3,7860.0,709550.0,710660.0,710660.0,0.001562,13590.0,1110.0,
conservative_profit_ladder,939,2026-03-06,2026-03-06T15:00:00+00:00,2026-03-06T15:19:00+00:00,SPXW-20260306-06710.000-C,CALL,3479.9999999999995,1370.0000000000002,3,10439.999999999998,710660.0,714770.0,714770.0,0.00575,0.0,4110.0,
conservative_profit_ladder,940,2026-03-06,2026-03-06T16:18:00+00:00,2026-03-06T16:30:00+00:00,SPXW-20260306-06735.000-C,CALL,3240.0,80.00000000000043,3,9720.0,714770.0,715010.0,715010.0,0.000336,4110.0,240.0,
conservative_profit_ladder,941,2026-03-06,2026-03-06T18:30:00+00:00,2026-03-06T18:44:00+00:00,SPXW-20260306-06730.000-C,CALL,3460.0,-80.00000000000043,3,10380.0,715010.0,714770.0,715010.0,0.0,4350.0,-240.0,
conservative_profit_ladder,942,2026-03-06,2026-03-06T18:58:00+00:00,2026-03-06T19:12:00+00:00,SPXW-20260306-06725.000-C,CALL,3420.0000000000005,639.9999999999999,3,10260.000000000002,714770.0,716690.0,716690.0,0.002679,4110.0,1920.0,
conservative_profit_ladder,943,2026-03-09,2026-03-09T14:04:00+00:00,2026-03-09T14:25:00+00:00,SPXW-20260309-06650.000-C,CALL,3460.0,-180.00000000000043,3,10380.0,716690.0,716150.0,716690.0,0.0,0.0,-540.0,
conservative_profit_ladder,944,2026-03-09,2026-03-09T14:30:00+00:00,2026-03-09T14:43:00+00:00,SPXW-20260309-06640.000-C,CALL,3150.0,1489.9999999999998,3,9450.0,716150.0,720620.0,720620.0,0.006203,-540.0,4470.0,
conservative_profit_ladder,945,2026-03-09,2026-03-09T17:30:00+00:00,2026-03-09T17:52:00+00:00,SPXW-20260309-06670.000-C,CALL,3460.0,-180.00000000000043,3,10380.0,720620.0,720080.0,720620.0,0.0,3930.0,-540.0,
conservative_profit_ladder,946,2026-03-10,2026-03-10T14:00:00+00:00,2026-03-10T14:12:00+00:00,SPXW-20260310-06790.000-P,PUT,3279.9999999999995,650.0,3,9839.999999999998,720080.0,722030.0,722030.0,0.002701,0.0,1950.0,
conservative_profit_ladder,947,2026-03-10,2026-03-10T14:15:00+00:00,2026-03-10T14:31:00+00:00,SPXW-20260310-06785.000-P,PUT,3130.0,-1680.0,3,9390.0,722030.0,716990.0,722030.0,0.0,1950.0,-5040.0,
conservative_profit_ladder,948,2026-03-10,2026-03-10T17:39:00+00:00,2026-03-10T17:57:00+00:00,SPXW-20260310-06815.000-C,CALL,1500.0,560.0000000000001,0,0.0,716990.0,716990.0,722030.0,0.00698,-3090.0,0.0,daily_loss_stop
conservative_profit_ladder,949,2026-03-11,2026-03-11T14:00:00+00:00,2026-03-11T14:19:00+00:00,SPXW-20260311-06785.000-C,CALL,2480.0,-60.00000000000014,3,7440.0,716990.0,716810.0,722030.0,0.00698,0.0,-180.0,
conservative_profit_ladder,950,2026-03-11,2026-03-11T14:33:00+00:00,2026-03-11T14:58:00+00:00,SPXW-20260311-06790.000-P,PUT,3260.0,-1530.0,3,9780.0,716810.0,712220.0,722030.0,0.00723,-180.0,-4590.0,
conservative_profit_ladder,951,2026-03-11,2026-03-11T15:12:00+00:00,2026-03-11T15:20:00+00:00,SPXW-20260311-06770.000-P,PUT,1450.0,680.0000000000001,0,0.0,712220.0,712220.0,722030.0,0.013587,-4770.0,0.0,daily_loss_stop
conservative_profit_ladder,952,2026-03-12,2026-03-12T14:04:00+00:00,2026-03-12T14:12:00+00:00,SPXW-20260312-06735.000-P,PUT,3110.0,59.99999999999979,1,3110.0,712220.0,712280.0,722030.0,0.013587,0.0,60.0,
conservative_profit_ladder,953,2026-03-12,2026-03-12T14:13:00+00:00,2026-03-12T14:24:00+00:00,SPXW-20260312-06740.000-P,PUT,3220.0000000000005,1300.0,1,3220.0000000000005,712280.0,713580.0,722030.0,0.013504,60.0,1300.0,
conservative_profit_ladder,954,2026-03-12,2026-03-12T14:44:00+00:00,2026-03-12T15:04:00+00:00,SPXW-20260312-06675.000-C,CALL,3329.9999999999995,-169.99999999999957,1,3329.9999999999995,713580.0,713410.0,722030.0,0.011703,1360.0,-170.0,
conservative_profit_ladder,955,2026-03-12,2026-03-12T17:31:00+00:00,2026-03-12T17:35:00+00:00,SPXW-20260312-06725.000-P,PUT,2900.0,19.99999999999993,1,2900.0,713410.0,713430.0,722030.0,0.011939,1190.0,20.0,
conservative_profit_ladder,956,2026-03-12,2026-03-12T17:40:00+00:00,2026-03-12T18:05:00+00:00,SPXW-20260312-06680.000-C,CALL,3000.0,-800.0,1,3000.0,713430.0,712630.0,722030.0,0.011911,1210.0,-800.0,
conservative_profit_ladder,957,2026-03-12,2026-03-12T18:12:00+00:00,2026-03-12T18:22:00+00:00,SPXW-20260312-06725.000-P,PUT,2820.0,920.0,1,2820.0,712630.0,713550.0,722030.0,0.013019,410.0,920.0,
conservative_profit_ladder,958,2026-03-13,2026-03-13T14:30:00+00:00,2026-03-13T14:49:00+00:00,SPXW-20260313-06685.000-C,CALL,2890.0,-1020.0,1,2890.0,713550.0,712530.0,722030.0,0.011745,0.0,-1020.0,
conservative_profit_ladder,959,2026-03-13,2026-03-13T15:12:00+00:00,2026-03-13T15:23:00+00:00,SPXW-20260313-06650.000-C,CALL,3350.0,-169.99999999999994,0,0.0,712530.0,712530.0,722030.0,0.013157,-1020.0,-0.0,daily_loss_stop
conservative_profit_ladder,960,2026-03-13,2026-03-13T17:30:00+00:00,2026-03-13T17:36:00+00:00,SPXW-20260313-06665.000-P,PUT,1970.0,350.0,0,0.0,712530.0,712530.0,722030.0,0.013157,-1020.0,0.0,daily_loss_stop
conservative_profit_ladder,961,2026-03-13,2026-03-13T17:49:00+00:00,2026-03-13T18:00:00+00:00,SPXW-20260313-06650.000-P,PUT,1739.9999999999998,300.0,0,0.0,712530.0,712530.0,722030.0,0.013157,-1020.0,0.0,daily_loss_stop
conservative_profit_ladder,962,2026-03-13,2026-03-13T18:04:00+00:00,2026-03-13T18:15:00+00:00,SPXW-20260313-06610.000-C,CALL,3310.0,250.0,0,0.0,712530.0,712530.0,722030.0,0.013157,-1020.0,0.0,daily_loss_stop
conservative_profit_ladder,963,2026-03-13,2026-03-13T18:29:00+00:00,2026-03-13T18:41:00+00:00,SPXW-20260313-06620.000-C,CALL,2380.0,1030.0,0,0.0,712530.0,712530.0,722030.0,0.013157,-1020.0,0.0,daily_loss_stop
conservative_profit_ladder,964,2026-03-16,2026-03-16T14:41:00+00:00,2026-03-16T14:58:00+00:00,SPXW-20260316-06670.000-C,CALL,3279.9999999999995,640.0000000000006,1,3279.9999999999995,712530.0,713170.0,722030.0,0.013157,0.0,640.0,
conservative_profit_ladder,965,2026-03-16,2026-03-16T14:59:00+00:00,2026-03-16T15:10:00+00:00,SPXW-20260316-06675.000-C,CALL,3290.0,110.00000000000014,1,3290.0,713170.0,713280.0,722030.0,0.012271,640.0,110.0,
conservative_profit_ladder,966,2026-03-16,2026-03-16T15:11:00+00:00,2026-03-16T15:36:00+00:00,SPXW-20260316-06725.000-P,PUT,3190.0,-1409.9999999999998,1,3190.0,713280.0,711870.0,722030.0,0.012119,750.0,-1410.0,
conservative_profit_ladder,967,2026-03-16,2026-03-16T17:30:00+00:00,2026-03-16T17:55:00+00:00,SPXW-20260316-06670.000-C,CALL,3390.0,-659.9999999999998,1,3390.0,711870.0,711210.0,722030.0,0.014071,-660.0,-660.0,
conservative_profit_ladder,968,2026-03-16,2026-03-16T17:55:00+00:00,2026-03-16T18:04:00+00:00,SPXW-20260316-06665.000-C,CALL,3229.9999999999995,180.00000000000043,0,0.0,711210.0,711210.0,722030.0,0.014986,-1320.0,0.0,daily_loss_stop
conservative_profit_ladder,969,2026-03-17,2026-03-17T14:04:00+00:00,2026-03-17T14:27:00+00:00,SPXW-20260317-06715.000-C,CALL,3270.0000000000005,-720.0000000000002,1,3270.0000000000005,711210.0,710490.0,722030.0,0.014986,0.0,-720.0,
conservative_profit_ladder,970,2026-03-17,2026-03-17T14:31:00+00:00,2026-03-17T14:41:00+00:00,SPXW-20260317-06745.000-P,PUT,1850.0,80.00000000000007,1,1850.0,710490.0,710570.0,722030.0,0.015983,-720.0,80.0,
conservative_profit_ladder,971,2026-03-17,2026-03-17T14:43:00+00:00,2026-03-17T14:57:00+00:00,SPXW-20260317-06710.000-C,CALL,3350.0,200.0,1,3350.0,710570.0,710770.0,722030.0,0.015872,-640.0,200.0,
conservative_profit_ladder,972,2026-03-17,2026-03-17T15:04:00+00:00,2026-03-17T15:15:00+00:00,SPXW-20260317-06765.000-P,PUT,3080.0,640.0000000000002,1,3080.0,710770.0,711410.0,722030.0,0.015595,-440.0,640.0,
conservative_profit_ladder,973,2026-03-18,2026-03-18T14:00:00+00:00,2026-03-18T14:15:00+00:00,SPXW-20260318-06725.000-P,PUT,3429.9999999999995,1600.0,1,3429.9999999999995,711410.0,713010.0,722030.0,0.014709,0.0,1600.0,
conservative_profit_ladder,974,2026-03-18,2026-03-18T14:25:00+00:00,2026-03-18T14:38:00+00:00,SPXW-20260318-06705.000-P,PUT,3490.0,830.0000000000005,1,3490.0,713010.0,713840.0,722030.0,0.012493,1600.0,830.0,
conservative_profit_ladder,975,2026-03-19,2026-03-19T14:31:00+00:00,2026-03-19T14:48:00+00:00,SPXW-20260319-06550.000-C,CALL,3450.0,410.0000000000001,3,10350.0,713840.0,715070.0,722030.0,0.011343,0.0,1230.0,
conservative_profit_ladder,976,2026-03-19,2026-03-19T14:55:00+00:00,2026-03-19T15:04:00+00:00,SPXW-20260319-06605.000-P,PUT,2830.0,-340.0000000000002,3,8490.0,715070.0,714050.0,722030.0,0.009639,1230.0,-1020.0,
conservative_profit_ladder,977,2026-03-19,2026-03-19T15:05:00+00:00,2026-03-19T15:17:00+00:00,SPXW-20260319-06570.000-C,CALL,3250.0,770.0000000000002,3,9750.0,714050.0,716360.0,722030.0,0.011052,210.0,2310.0,
conservative_profit_ladder,978,2026-03-19,2026-03-19T15:19:00+00:00,2026-03-19T15:29:00+00:00,SPXW-20260319-06615.000-P,PUT,2710.0,900.0,3,8130.0,716360.0,719060.0,722030.0,0.007853,2520.0,2700.0,
conservative_profit_ladder,979,2026-03-19,2026-03-19T17:30:00+00:00,2026-03-19T17:51:00+00:00,SPXW-20260319-06550.000-C,CALL,3200.0,-169.99999999999994,3,9600.0,719060.0,718550.0,722030.0,0.004113,5220.0,-510.0,
conservative_profit_ladder,980,2026-03-19,2026-03-19T17:56:00+00:00,2026-03-19T18:05:00+00:00,SPXW-20260319-06610.000-P,PUT,2810.0,660.0000000000001,3,8430.0,718550.0,720530.0,722030.0,0.00482,4710.0,1980.0,
conservative_profit_ladder,981,2026-03-20,2026-03-20T14:00:00+00:00,2026-03-20T14:12:00+00:00,SPXW-20260320-06580.000-P,PUT,3420.0000000000005,550.0,3,10260.000000000002,720530.0,722180.0,722180.0,0.002285,0.0,1650.0,
conservative_profit_ladder,982,2026-03-20,2026-03-20T14:30:00+00:00,2026-03-20T14:47:00+00:00,SPXW-20260320-06520.000-C,CALL,3470.0000000000005,369.99999999999955,3,10410.000000000002,722180.0,723290.0,723290.0,0.001535,1650.0,1110.0,
conservative_profit_ladder,983,2026-03-20,2026-03-20T14:49:00+00:00,2026-03-20T15:02:00+00:00,SPXW-20260320-06530.000-C,CALL,3220.0000000000005,-60.00000000000014,3,9660.000000000002,723290.0,723110.0,723290.0,0.0,2760.0,-180.0,
conservative_profit_ladder,984,2026-03-20,2026-03-20T15:16:00+00:00,2026-03-20T15:23:00+00:00,SPXW-20260320-06585.000-P,PUT,3460.0,910.0,3,10380.0,723110.0,725840.0,725840.0,0.003761,2580.0,2730.0,
conservative_profit_ladder,985,2026-03-20,2026-03-20T15:23:00+00:00,2026-03-20T15:38:00+00:00,SPXW-20260320-06520.000-C,CALL,3329.9999999999995,370.0000000000003,3,9989.999999999998,725840.0,726950.0,726950.0,0.001527,5310.0,1110.0,
conservative_profit_ladder,986,2026-03-20,2026-03-20T17:36:00+00:00,2026-03-20T17:45:00+00:00,SPXW-20260320-06545.000-P,PUT,1530.0,69.99999999999993,3,4590.0,726950.0,727160.0,727160.0,0.000289,6420.0,210.0,
conservative_profit_ladder,987,2026-03-20,2026-03-20T18:04:00+00:00,2026-03-20T18:14:00+00:00,SPXW-20260320-06565.000-P,PUT,3110.0,439.9999999999999,3,9330.0,727160.0,728480.0,728480.0,0.001812,6630.0,1320.0,
conservative_profit_ladder,988,2026-03-23,2026-03-23T17:30:00+00:00,2026-03-23T17:43:00+00:00,SPXW-20260323-06565.000-C,CALL,2260.0,1329.9999999999998,3,6780.0,728480.0,732470.0,732470.0,0.005447,0.0,3990.0,
conservative_profit_ladder,989,2026-03-23,2026-03-23T17:56:00+00:00,2026-03-23T18:06:00+00:00,SPXW-20260323-06590.000-C,CALL,1940.0,120.00000000000028,3,5820.0,732470.0,732830.0,732830.0,0.000491,3990.0,360.0,
conservative_profit_ladder,990,2026-03-23,2026-03-23T18:07:00+00:00,2026-03-23T18:15:00+00:00,SPXW-20260323-06605.000-P,PUT,1100.0,59.999999999999964,3,3300.0,732830.0,733010.0,733010.0,0.000246,4350.0,180.0,
conservative_profit_ladder,991,2026-03-23,2026-03-23T18:16:00+00:00,2026-03-23T18:23:00+00:00,SPXW-20260323-06610.000-P,PUT,1360.0,279.9999999999999,3,4080.0,733010.0,733850.0,733850.0,0.001145,4530.0,840.0,
conservative_profit_ladder,992,2026-03-23,2026-03-23T18:25:00+00:00,2026-03-23T18:39:00+00:00,SPXW-20260323-06575.000-C,CALL,2880.0,1649.9999999999995,3,8640.0,733850.0,738800.0,738800.0,0.0067,5370.0,4950.0,
conservative_profit_ladder,993,2026-03-23,2026-03-23T18:42:00+00:00,2026-03-23T18:50:00+00:00,SPXW-20260323-06595.000-C,CALL,2080.0,350.0,3,6240.0,738800.0,739850.0,739850.0,0.001419,10320.0,1050.0,
conservative_profit_ladder,994,2026-03-24,2026-03-24T14:00:00+00:00,2026-03-24T14:19:00+00:00,SPXW-20260324-06520.000-C,CALL,3370.0000000000005,509.99999999999943,3,10110.000000000002,739850.0,741380.0,741380.0,0.002064,0.0,1530.0,
conservative_profit_ladder,995,2026-03-24,2026-03-24T14:40:00+00:00,2026-03-24T15:00:00+00:00,SPXW-20260324-06535.000-C,CALL,3040.0,1010.0,3,9120.0,741380.0,744410.0,744410.0,0.00407,1530.0,3030.0,
conservative_profit_ladder,996,2026-03-24,2026-03-24T17:30:00+00:00,2026-03-24T17:42:00+00:00,SPXW-20260324-06530.000-C,CALL,3329.9999999999995,-209.99999999999977,3,9989.999999999998,744410.0,743780.0,744410.0,0.0,4560.0,-630.0,
conservative_profit_ladder,997,2026-03-24,2026-03-24T17:55:00+00:00,2026-03-24T18:08:00+00:00,SPXW-20260324-06550.000-C,CALL,1520.0,750.0,3,4560.0,743780.0,746030.0,746030.0,0.003016,3930.0,2250.0,
conservative_profit_ladder,998,2026-03-25,2026-03-25T14:10:00+00:00,2026-03-25T14:20:00+00:00,SPXW-20260325-06620.000-P,PUT,3390.0,-519.9999999999999,3,10170.0,746030.0,744470.0,746030.0,0.0,0.0,-1560.0,
conservative_profit_ladder,999,2026-03-25,2026-03-25T14:20:00+00:00,2026-03-25T14:30:00+00:00,SPXW-20260325-06595.000-C,CALL,2310.0,229.99999999999972,0,0.0,744470.0,744470.0,746030.0,0.002091,-1560.0,0.0,daily_loss_stop
conservative_profit_ladder,1000,2026-03-25,2026-03-25T14:36:00+00:00,2026-03-25T14:47:00+00:00,SPXW-20260325-06630.000-P,PUT,2840.0,-159.99999999999977,0,0.0,744470.0,744470.0,746030.0,0.002091,-1560.0,-0.0,daily_loss_stop
conservative_profit_ladder,1001,2026-03-25,2026-03-25T14:48:00+00:00,2026-03-25T14:59:00+00:00,SPXW-20260325-06590.000-C,CALL,3190.0,50.0,0,0.0,744470.0,744470.0,746030.0,0.002091,-1560.0,0.0,daily_loss_stop
conservative_profit_ladder,1002,2026-03-25,2026-03-25T15:16:00+00:00,2026-03-25T15:18:00+00:00,SPXW-20260325-06580.000-P,PUT,1220.0,1440.0000000000002,0,0.0,744470.0,744470.0,746030.0,0.002091,-1560.0,0.0,daily_loss_stop
conservative_profit_ladder,1003,2026-03-25,2026-03-25T15:24:00+00:00,2026-03-25T15:35:00+00:00,SPXW-20260325-06580.000-C,CALL,2370.0,869.9999999999999,0,0.0,744470.0,744470.0,746030.0,0.002091,-1560.0,0.0,daily_loss_stop
conservative_profit_ladder,1004,2026-03-26,2026-03-26T14:47:00+00:00,2026-03-26T15:02:00+00:00,SPXW-20260326-06540.000-C,CALL,2370.0,-219.99999999999991,3,7110.0,744470.0,743810.0,746030.0,0.002091,0.0,-660.0,
conservative_profit_ladder,1005,2026-03-26,2026-03-26T15:04:00+00:00,2026-03-26T15:15:00+00:00,SPXW-20260326-06565.000-P,PUT,2490.0,70.00000000000028,3,7470.0,743810.0,744020.0,746030.0,0.002976,-660.0,210.0,
conservative_profit_ladder,1006,2026-03-26,2026-03-26T15:16:00+00:00,2026-03-26T15:27:00+00:00,SPXW-20260326-06565.000-P,PUT,2540.0,220.00000000000028,3,7620.0,744020.0,744680.0,746030.0,0.002694,-450.0,660.0,
conservative_profit_ladder,1007,2026-03-26,2026-03-26T15:29:00+00:00,2026-03-26T15:46:00+00:00,SPXW-20260326-06575.000-P,PUT,3440.0,589.9999999999999,3,10320.0,744680.0,746450.0,746450.0,0.002371,210.0,1770.0,
conservative_profit_ladder,1008,2026-03-26,2026-03-26T17:31:00+00:00,2026-03-26T17:42:00+00:00,SPXW-20260326-06530.000-P,PUT,2320.0,240.00000000000023,3,6960.0,746450.0,747170.0,747170.0,0.000964,1980.0,720.0,
conservative_profit_ladder,1009,2026-03-26,2026-03-26T18:28:00+00:00,2026-03-26T18:53:00+00:00,SPXW-20260326-06525.000-P,PUT,3490.0,-769.9999999999999,3,10470.0,747170.0,744860.0,747170.0,0.0,2700.0,-2310.0,
conservative_profit_ladder,1010,2026-03-27,2026-03-27T14:01:00+00:00,2026-03-27T14:11:00+00:00,SPXW-20260327-06425.000-P,PUT,2510.0,169.99999999999994,3,7530.0,744860.0,745370.0,747170.0,0.003092,0.0,510.0,
conservative_profit_ladder,1011,2026-03-27,2026-03-27T14:11:00+00:00,2026-03-27T14:21:00+00:00,SPXW-20260327-06405.000-C,CALL,2810.0,1050.0,3,8430.0,745370.0,748520.0,748520.0,0.004208,510.0,3150.0,
conservative_profit_ladder,1012,2026-03-27,2026-03-27T14:26:00+00:00,2026-03-27T14:37:00+00:00,SPXW-20260327-06440.000-P,PUT,3000.0,250.0,3,9000.0,748520.0,749270.0,749270.0,0.001001,3660.0,750.0,
conservative_profit_ladder,1013,2026-03-27,2026-03-27T14:38:00+00:00,2026-03-27T14:48:00+00:00,SPXW-20260327-06435.000-P,PUT,2960.0,-150.0,3,8880.0,749270.0,748820.0,749270.0,0.0,4410.0,-450.0,
conservative_profit_ladder,1014,2026-03-27,2026-03-27T14:49:00+00:00,2026-03-27T15:01:00+00:00,SPXW-20260327-06400.000-C,CALL,3260.0,319.99999999999955,3,9780.0,748820.0,749780.0,749780.0,0.00128,3960.0,960.0,
conservative_profit_ladder,1015,2026-03-27,2026-03-27T15:03:00+00:00,2026-03-27T15:17:00+00:00,SPXW-20260327-06405.000-C,CALL,3360.0,-610.0000000000001,3,10080.0,749780.0,747950.0,749780.0,0.0,4920.0,-1830.0,
conservative_profit_ladder,1016,2026-03-27,2026-03-27T15:23:00+00:00,2026-03-27T15:36:00+00:00,SPXW-20260327-06420.000-C,CALL,1730.0,1450.0,3,5190.0,747950.0,752300.0,752300.0,0.005782,3090.0,4350.0,
conservative_profit_ladder,1017,2026-03-27,2026-03-27T18:41:00+00:00,2026-03-27T19:04:00+00:00,SPXW-20260327-06355.000-C,CALL,2940.0,-829.9999999999998,3,8820.0,752300.0,749810.0,752300.0,0.0,7440.0,-2490.0,
conservative_profit_ladder,1018,2026-03-30,2026-03-30T14:15:00+00:00,2026-03-30T14:27:00+00:00,SPXW-20260330-06405.000-P,PUT,3030.0,280.00000000000006,3,9090.0,749810.0,750650.0,752300.0,0.00331,0.0,840.0,
conservative_profit_ladder,1019,2026-03-30,2026-03-30T14:35:00+00:00,2026-03-30T14:46:00+00:00,SPXW-20260330-06400.000-P,PUT,2950.0,489.9999999999999,3,8850.0,750650.0,752120.0,752300.0,0.002193,840.0,1470.0,
conservative_profit_ladder,1020,2026-03-30,2026-03-30T14:46:00+00:00,2026-03-30T15:08:00+00:00,SPXW-20260330-06355.000-C,CALL,3180.0,1340.0000000000002,3,9540.0,752120.0,756140.0,756140.0,0.005316,2310.0,4020.0,
conservative_profit_ladder,1021,2026-03-30,2026-03-30T15:20:00+00:00,2026-03-30T15:38:00+00:00,SPXW-20260330-06365.000-C,CALL,3270.0000000000005,1350.0,3,9810.000000000002,756140.0,760190.0,760190.0,0.005328,6330.0,4050.0,
conservative_profit_ladder,1022,2026-03-30,2026-03-30T17:30:00+00:00,2026-03-30T17:36:00+00:00,SPXW-20260330-06390.000-P,PUT,3379.9999999999995,470.0000000000003,3,10139.999999999998,760190.0,761600.0,761600.0,0.001851,10380.0,1410.0,
conservative_profit_ladder,1023,2026-03-30,2026-03-30T17:36:00+00:00,2026-03-30T17:46:00+00:00,SPXW-20260330-06335.000-C,CALL,2370.0,1090.0000000000002,3,7110.0,761600.0,764870.0,764870.0,0.004275,11790.0,3270.0,
conservative_profit_ladder,1024,2026-03-30,2026-03-30T18:04:00+00:00,2026-03-30T18:11:00+00:00,SPXW-20260330-06380.000-P,PUT,2370.0,360.0000000000001,3,7110.0,764870.0,765950.0,765950.0,0.00141,15060.0,1080.0,
conservative_profit_ladder,1025,2026-03-31,2026-03-31T14:46:00+00:00,2026-03-31T15:09:00+00:00,SPXW-20260331-06405.000-C,CALL,3200.0,389.9999999999999,3,9600.0,765950.0,767120.0,767120.0,0.001525,0.0,1170.0,
conservative_profit_ladder,1026,2026-03-31,2026-03-31T18:00:00+00:00,2026-03-31T18:10:00+00:00,SPXW-20260331-06465.000-C,CALL,3030.0,869.9999999999999,3,9090.0,767120.0,769730.0,769730.0,0.003391,1170.0,2610.0,
conservative_profit_ladder,1027,2026-03-31,2026-03-31T18:27:00+00:00,2026-03-31T18:44:00+00:00,SPXW-20260331-06465.000-C,CALL,3300.0,550.0,3,9900.0,769730.0,771380.0,771380.0,0.002139,3780.0,1650.0,
conservative_profit_ladder,1028,2026-03-31,2026-03-31T19:09:00+00:00,2026-03-31T19:16:00+00:00,SPXW-20260331-06485.000-C,CALL,2360.0,1150.0,3,7080.0,771380.0,774830.0,774830.0,0.004453,5430.0,3450.0,
recovery_lock_ladder,1,2024-10-01,2024-10-01T14:15:00+00:00,2024-10-01T14:21:00+00:00,SPXW-20241001-05710.000-P,PUT,2480.0,-50.0,1,2480.0,10000.0,9950.0,10000.0,0.0,0.0,-50.0,
recovery_lock_ladder,2,2024-10-01,2024-10-01T14:21:00+00:00,2024-10-01T14:39:00+00:00,SPXW-20241001-05675.000-C,CALL,3100.0,300.0,0,0.0,9950.0,9950.0,10000.0,0.005,-50.0,0.0,premium_exposure_cap
recovery_lock_ladder,3,2024-10-01,2024-10-01T14:41:00+00:00,2024-10-01T15:05:00+00:00,SPXW-20241001-05675.000-C,CALL,3400.0,-460.0000000000001,0,0.0,9950.0,9950.0,10000.0,0.005,-50.0,-0.0,premium_exposure_cap
recovery_lock_ladder,4,2024-10-01,2024-10-01T15:19:00+00:00,2024-10-01T15:44:00+00:00,SPXW-20241001-05665.000-C,CALL,2640.0,2430.0000000000005,1,2640.0,9950.0,12380.0,12380.0,0.196284,-50.0,2430.0,
recovery_lock_ladder,5,2024-10-01,2024-10-01T17:31:00+00:00,2024-10-01T17:56:00+00:00,SPXW-20241001-05680.000-C,CALL,1590.0,1510.0,1,1590.0,12380.0,13890.0,13890.0,0.108711,2380.0,1510.0,
recovery_lock_ladder,6,2024-10-01,2024-10-01T18:43:00+00:00,2024-10-01T19:07:00+00:00,SPXW-20241001-05715.000-C,CALL,1300.0,-169.99999999999994,1,1300.0,13890.0,13720.0,13890.0,0.0,3890.0,-170.0,
recovery_lock_ladder,7,2024-10-01,2024-10-01T19:14:00+00:00,2024-10-01T19:22:00+00:00,SPXW-20241001-05695.000-C,CALL,2620.0,350.0,1,2620.0,13720.0,14070.0,14070.0,0.024876,3720.0,350.0,
recovery_lock_ladder,8,2024-10-02,2024-10-02T14:00:00+00:00,2024-10-02T14:12:00+00:00,SPXW-20241002-05675.000-C,CALL,2540.0,620.0000000000002,1,2540.0,14070.0,14690.0,14690.0,0.042206,0.0,620.0,
recovery_lock_ladder,9,2024-10-02,2024-10-02T14:25:00+00:00,2024-10-02T14:50:00+00:00,SPXW-20241002-05665.000-C,CALL,3520.0000000000005,1789.9999999999998,1,3520.0000000000005,14690.0,16480.0,16480.0,0.108617,620.0,1790.0,
recovery_lock_ladder,10,2024-10-02,2024-10-02T15:19:00+00:00,2024-10-02T15:35:00+00:00,SPXW-20241002-05685.000-C,CALL,3420.0000000000005,100.0,1,3420.0000000000005,16480.0,16580.0,16580.0,0.006031,2410.0,100.0,
recovery_lock_ladder,11,2024-10-03,2024-10-03T14:00:00+00:00,2024-10-03T14:12:00+00:00,SPXW-20241003-05690.000-C,CALL,2050.0,1239.9999999999998,1,2050.0,16580.0,17820.0,17820.0,0.069585,0.0,1240.0,
recovery_lock_ladder,12,2024-10-03,2024-10-03T14:13:00+00:00,2024-10-03T14:23:00+00:00,SPXW-20241003-05705.000-P,PUT,920.0,1300.0,1,920.0,17820.0,19120.0,19120.0,0.067992,1240.0,1300.0,
recovery_lock_ladder,13,2024-10-03,2024-10-03T14:32:00+00:00,2024-10-03T14:49:00+00:00,SPXW-20241003-05680.000-C,CALL,2180.0,359.9999999999998,1,2180.0,19120.0,19480.0,19480.0,0.01848,2540.0,360.0,
recovery_lock_ladder,14,2024-10-03,2024-10-03T14:51:00+00:00,2024-10-03T15:16:00+00:00,SPXW-20241003-05695.000-C,CALL,1590.0,-350.0,1,1590.0,19480.0,19130.0,19480.0,0.0,2900.0,-350.0,
recovery_lock_ladder,15,2024-10-04,2024-10-04T14:02:00+00:00,2024-10-04T14:27:00+00:00,SPXW-20241004-05700.000-C,CALL,3250.0,-869.9999999999999,1,3250.0,19130.0,18260.0,19480.0,0.017967,0.0,-870.0,
recovery_lock_ladder,16,2024-10-04,2024-10-04T14:27:00+00:00,2024-10-04T14:38:00+00:00,SPXW-20241004-05720.000-P,PUT,1990.0,510.0000000000001,0,0.0,18260.0,18260.0,19480.0,0.062628,-870.0,0.0,daily_loss_stop
recovery_lock_ladder,17,2024-10-04,2024-10-04T14:40:00+00:00,2024-10-04T15:05:00+00:00,SPXW-20241004-05680.000-C,CALL,3229.9999999999995,1280.0000000000005,0,0.0,18260.0,18260.0,19480.0,0.062628,-870.0,0.0,daily_loss_stop
recovery_lock_ladder,18,2024-10-04,2024-10-04T15:13:00+00:00,2024-10-04T15:28:00+00:00,SPXW-20241004-05750.000-P,PUT,3020.0,1390.0000000000002,0,0.0,18260.0,18260.0,19480.0,0.062628,-870.0,0.0,daily_loss_stop
recovery_lock_ladder,19,2024-10-07,2024-10-07T14:04:00+00:00,2024-10-07T14:21:00+00:00,SPXW-20241007-05715.000-C,CALL,2220.0,300.0,1,2220.0,18260.0,18560.0,19480.0,0.062628,0.0,300.0,
recovery_lock_ladder,20,2024-10-07,2024-10-07T14:29:00+00:00,2024-10-07T14:51:00+00:00,SPXW-20241007-05705.000-C,CALL,3210.0,-130.00000000000006,1,3210.0,18560.0,18430.0,19480.0,0.047228,300.0,-130.0,
recovery_lock_ladder,21,2024-10-07,2024-10-07T14:51:00+00:00,2024-10-07T15:13:00+00:00,SPXW-20241007-05725.000-C,CALL,1520.0,30.00000000000007,1,1520.0,18430.0,18460.0,19480.0,0.053901,170.0,30.0,
recovery_lock_ladder,22,2024-10-07,2024-10-07T15:20:00+00:00,2024-10-07T15:34:00+00:00,SPXW-20241007-05705.000-C,CALL,3360.0,-30.000000000000423,1,3360.0,18460.0,18430.0,19480.0,0.052361,200.0,-30.0,
recovery_lock_ladder,23,2024-10-08,2024-10-08T14:00:00+00:00,2024-10-08T14:20:00+00:00,SPXW-20241008-05710.000-C,CALL,2340.0,-59.99999999999979,1,2340.0,18430.0,18370.0,19480.0,0.053901,0.0,-60.0,
recovery_lock_ladder,24,2024-10-08,2024-10-08T14:25:00+00:00,2024-10-08T14:50:00+00:00,SPXW-20241008-05710.000-C,CALL,2180.0,1099.9999999999995,1,2180.0,18370.0,19470.0,19480.0,0.056982,-60.0,1100.0,
recovery_lock_ladder,25,2024-10-09,2024-10-09T14:00:00+00:00,2024-10-09T14:15:00+00:00,SPXW-20241009-05725.000-C,CALL,3379.9999999999995,160.00000000000014,1,3379.9999999999995,19470.0,19630.0,19630.0,0.008151,0.0,160.0,
recovery_lock_ladder,26,2024-10-09,2024-10-09T14:25:00+00:00,2024-10-09T14:39:00+00:00,SPXW-20241009-05730.000-C,CALL,3270.0000000000005,119.99999999999956,1,3270.0000000000005,19630.0,19750.0,19750.0,0.006076,160.0,120.0,
recovery_lock_ladder,27,2024-10-09,2024-10-09T14:39:00+00:00,2024-10-09T15:04:00+00:00,SPXW-20241009-05730.000-C,CALL,3440.0,750.0,1,3440.0,19750.0,20500.0,20500.0,0.036585,280.0,750.0,
recovery_lock_ladder,28,2024-10-10,2024-10-10T14:00:00+00:00,2024-10-10T14:13:00+00:00,SPXW-20241010-05760.000-C,CALL,2090.0,660.0000000000001,1,2090.0,20500.0,21160.0,21160.0,0.031191,0.0,660.0,
recovery_lock_ladder,29,2024-10-10,2024-10-10T14:26:00+00:00,2024-10-10T14:45:00+00:00,SPXW-20241010-05750.000-C,CALL,3150.0,-30.00000000000007,1,3150.0,21160.0,21130.0,21160.0,0.0,660.0,-30.0,
recovery_lock_ladder,30,2024-10-11,2024-10-11T14:01:00+00:00,2024-10-11T14:26:00+00:00,SPXW-20241011-05775.000-C,CALL,2110.0,2150.0,1,2110.0,21130.0,23280.0,23280.0,0.092354,0.0,2150.0,
recovery_lock_ladder,31,2024-10-11,2024-10-11T15:04:00+00:00,2024-10-11T15:19:00+00:00,SPXW-20241011-05790.000-C,CALL,2470.0,69.99999999999993,1,2470.0,23280.0,23350.0,23350.0,0.002998,2150.0,70.0,
recovery_lock_ladder,32,2024-10-11,2024-10-11T15:27:00+00:00,2024-10-11T15:47:00+00:00,SPXW-20241011-05790.000-C,CALL,2430.0,139.99999999999986,1,2430.0,23350.0,23490.0,23490.0,0.00596,2220.0,140.0,
recovery_lock_ladder,33,2024-10-11,2024-10-11T17:30:00+00:00,2024-10-11T17:55:00+00:00,SPXW-20241011-05780.000-C,CALL,2930.0,309.9999999999998,1,2930.0,23490.0,23800.0,23800.0,0.013025,2360.0,310.0,
recovery_lock_ladder,34,2024-10-14,2024-10-14T14:00:00+00:00,2024-10-14T14:22:00+00:00,SPXW-20241014-05820.000-C,CALL,3450.0,-210.00000000000017,1,3450.0,23800.0,23590.0,23800.0,0.0,0.0,-210.0,
recovery_lock_ladder,35,2024-10-14,2024-10-14T14:23:00+00:00,2024-10-14T14:34:00+00:00,SPXW-20241014-05835.000-C,CALL,1990.0,120.00000000000028,1,1990.0,23590.0,23710.0,23800.0,0.008824,-210.0,120.0,
recovery_lock_ladder,36,2024-10-14,2024-10-14T14:36:00+00:00,2024-10-14T15:01:00+00:00,SPXW-20241014-05835.000-C,CALL,2340.0,-839.9999999999999,1,2340.0,23710.0,22870.0,23800.0,0.003782,-90.0,-840.0,
recovery_lock_ladder,37,2024-10-14,2024-10-14T15:02:00+00:00,2024-10-14T15:24:00+00:00,SPXW-20241014-05835.000-C,CALL,1510.0,250.00000000000017,0,0.0,22870.0,22870.0,23800.0,0.039076,-930.0,0.0,daily_loss_stop
recovery_lock_ladder,38,2024-10-15,2024-10-15T14:10:00+00:00,2024-10-15T14:23:00+00:00,SPXW-20241015-05880.000-P,PUT,2130.0,130.00000000000006,1,2130.0,22870.0,23000.0,23800.0,0.039076,0.0,130.0,
recovery_lock_ladder,39,2024-10-15,2024-10-15T14:35:00+00:00,2024-10-15T14:42:00+00:00,SPXW-20241015-05850.000-P,PUT,1290.0,540.0,1,1290.0,23000.0,23540.0,23800.0,0.033613,130.0,540.0,
recovery_lock_ladder,40,2024-10-16,2024-10-16T14:03:00+00:00,2024-10-16T14:28:00+00:00,SPXW-20241016-05790.000-C,CALL,2540.0,1300.0,1,2540.0,23540.0,24840.0,24840.0,0.052335,0.0,1300.0,
recovery_lock_ladder,41,2024-10-16,2024-10-16T14:28:00+00:00,2024-10-16T14:53:00+00:00,SPXW-20241016-05805.000-C,CALL,2540.0,-579.9999999999998,1,2540.0,24840.0,24260.0,24840.0,0.0,1300.0,-580.0,
recovery_lock_ladder,42,2024-10-16,2024-10-16T14:54:00+00:00,2024-10-16T15:19:00+00:00,SPXW-20241016-05790.000-C,CALL,3279.9999999999995,210.00000000000017,1,3279.9999999999995,24260.0,24470.0,24840.0,0.023349,720.0,210.0,
recovery_lock_ladder,43,2024-10-17,2024-10-17T14:01:00+00:00,2024-10-17T14:12:00+00:00,SPXW-20241017-05860.000-P,PUT,1150.0,409.99999999999994,1,1150.0,24470.0,24880.0,24880.0,0.016479,0.0,410.0,
recovery_lock_ladder,44,2024-10-17,2024-10-17T14:37:00+00:00,2024-10-17T14:55:00+00:00,SPXW-20241017-05865.000-P,PUT,1630.0,130.00000000000006,1,1630.0,24880.0,25010.0,25010.0,0.005198,410.0,130.0,
recovery_lock_ladder,45,2024-10-17,2024-10-17T15:02:00+00:00,2024-10-17T15:21:00+00:00,SPXW-20241017-05870.000-P,PUT,2400.0,-500.0,1,2400.0,25010.0,24510.0,25010.0,0.0,540.0,-500.0,
recovery_lock_ladder,46,2024-10-17,2024-10-17T18:11:00+00:00,2024-10-17T18:21:00+00:00,SPXW-20241017-05855.000-P,PUT,1130.0,139.99999999999986,1,1130.0,24510.0,24650.0,25010.0,0.019992,40.0,140.0,
recovery_lock_ladder,47,2024-10-18,2024-10-18T14:03:00+00:00,2024-10-18T14:20:00+00:00,SPXW-20241018-05830.000-C,CALL,2620.0,-9.999999999999789,1,2620.0,24650.0,24640.0,25010.0,0.014394,0.0,-10.0,
recovery_lock_ladder,48,2024-10-18,2024-10-18T14:40:00+00:00,2024-10-18T14:51:00+00:00,SPXW-20241018-05840.000-C,CALL,1789.9999999999998,90.00000000000021,1,1789.9999999999998,24640.0,24730.0,25010.0,0.014794,-10.0,90.0,
recovery_lock_ladder,49,2024-10-18,2024-10-18T15:06:00+00:00,2024-10-18T15:23:00+00:00,SPXW-20241018-05845.000-C,CALL,1440.0,150.0,1,1440.0,24730.0,24880.0,25010.0,0.011196,80.0,150.0,
recovery_lock_ladder,50,2024-10-18,2024-10-18T17:31:00+00:00,2024-10-18T17:49:00+00:00,SPXW-20241018-05850.000-C,CALL,1600.0,139.99999999999986,1,1600.0,24880.0,25020.0,25020.0,0.005596,230.0,140.0,
recovery_lock_ladder,51,2024-10-18,2024-10-18T18:09:00+00:00,2024-10-18T18:31:00+00:00,SPXW-20241018-05850.000-C,CALL,1689.9999999999998,300.0,1,1689.9999999999998,25020.0,25320.0,25320.0,0.011848,370.0,300.0,
recovery_lock_ladder,52,2024-10-21,2024-10-21T14:03:00+00:00,2024-10-21T14:14:00+00:00,SPXW-20241021-05845.000-C,CALL,1840.0,140.00000000000023,1,1840.0,25320.0,25460.0,25460.0,0.005499,0.0,140.0,
recovery_lock_ladder,53,2024-10-21,2024-10-21T14:28:00+00:00,2024-10-21T14:53:00+00:00,SPXW-20241021-05870.000-P,PUT,1490.0,1040.0,1,1490.0,25460.0,26500.0,26500.0,0.039245,140.0,1040.0,
recovery_lock_ladder,54,2024-10-21,2024-10-21T15:02:00+00:00,2024-10-21T15:09:00+00:00,SPXW-20241021-05845.000-P,PUT,960.0,990.0,1,960.0,26500.0,27490.0,27490.0,0.036013,1180.0,990.0,
recovery_lock_ladder,55,2024-10-22,2024-10-22T14:01:00+00:00,2024-10-22T14:11:00+00:00,SPXW-20241022-05815.000-C,CALL,2160.0,259.9999999999998,1,2160.0,27490.0,27750.0,27750.0,0.009369,0.0,260.0,
recovery_lock_ladder,56,2024-10-22,2024-10-22T14:27:00+00:00,2024-10-22T14:43:00+00:00,SPXW-20241022-05810.000-C,CALL,2620.0,-80.00000000000007,1,2620.0,27750.0,27670.0,27750.0,0.0,260.0,-80.0,
recovery_lock_ladder,57,2024-10-22,2024-10-22T14:44:00+00:00,2024-10-22T15:03:00+00:00,SPXW-20241022-05845.000-P,PUT,1670.0,-660.0,1,1670.0,27670.0,27010.0,27750.0,0.002883,180.0,-660.0,
recovery_lock_ladder,58,2024-10-23,2024-10-23T14:04:00+00:00,2024-10-23T14:28:00+00:00,SPXW-20241023-05840.000-P,PUT,1580.0,280.00000000000006,1,1580.0,27010.0,27290.0,27750.0,0.026667,0.0,280.0,
recovery_lock_ladder,59,2024-10-23,2024-10-23T14:54:00+00:00,2024-10-23T15:09:00+00:00,SPXW-20241023-05835.000-P,PUT,1540.0,70.00000000000011,1,1540.0,27290.0,27360.0,27750.0,0.016577,280.0,70.0,
recovery_lock_ladder,60,2024-10-23,2024-10-23T15:11:00+00:00,2024-10-23T15:36:00+00:00,SPXW-20241023-05835.000-P,PUT,1870.0,819.9999999999999,1,1870.0,27360.0,28180.0,28180.0,0.029099,350.0,820.0,
recovery_lock_ladder,61,2024-10-24,2024-10-24T14:02:00+00:00,2024-10-24T14:24:00+00:00,SPXW-20241024-05790.000-C,CALL,2680.0,-250.0,1,2680.0,28180.0,27930.0,28180.0,0.0,0.0,-250.0,
recovery_lock_ladder,62,2024-10-24,2024-10-24T14:32:00+00:00,2024-10-24T14:57:00+00:00,SPXW-20241024-05795.000-C,CALL,2170.0,-380.00000000000006,1,2170.0,27930.0,27550.0,28180.0,0.008872,-250.0,-380.0,
recovery_lock_ladder,63,2024-10-25,2024-10-25T14:01:00+00:00,2024-10-25T14:12:00+00:00,SPXW-20241025-05840.000-C,CALL,1960.0,219.99999999999991,1,1960.0,27550.0,27770.0,28180.0,0.022356,0.0,220.0,
recovery_lock_ladder,64,2024-10-25,2024-10-25T15:26:00+00:00,2024-10-25T15:44:00+00:00,SPXW-20241025-05855.000-P,PUT,1190.0,820.0000000000001,1,1190.0,27770.0,28590.0,28590.0,0.028681,220.0,820.0,
recovery_lock_ladder,65,2024-10-25,2024-10-25T17:30:00+00:00,2024-10-25T17:36:00+00:00,SPXW-20241025-05835.000-P,PUT,1540.0,599.9999999999998,1,1540.0,28590.0,29190.0,29190.0,0.020555,1040.0,600.0,
recovery_lock_ladder,66,2024-10-25,2024-10-25T17:47:00+00:00,2024-10-25T17:55:00+00:00,SPXW-20241025-05780.000-C,CALL,3290.0,730.0000000000005,1,3290.0,29190.0,29920.0,29920.0,0.024398,1640.0,730.0,
recovery_lock_ladder,67,2024-10-25,2024-10-25T18:13:00+00:00,2024-10-25T18:21:00+00:00,SPXW-20241025-05780.000-C,CALL,2620.0,700.0000000000003,1,2620.0,29920.0,30620.0,30620.0,0.022861,2370.0,700.0,
recovery_lock_ladder,68,2024-10-28,2024-10-28T14:23:00+00:00,2024-10-28T14:42:00+00:00,SPXW-20241028-05810.000-C,CALL,3100.0,30.00000000000007,2,6200.0,30620.0,30680.0,30680.0,0.001956,0.0,60.0,
recovery_lock_ladder,69,2024-10-28,2024-10-28T14:49:00+00:00,2024-10-28T15:14:00+00:00,SPXW-20241028-05820.000-C,CALL,2340.0,-209.99999999999977,2,4680.0,30680.0,30260.0,30680.0,0.0,60.0,-420.0,
recovery_lock_ladder,70,2024-10-29,2024-10-29T14:01:00+00:00,2024-10-29T14:15:00+00:00,SPXW-20241029-05785.000-C,CALL,3400.0,370.0000000000003,2,6800.0,30260.0,31000.0,31000.0,0.023871,0.0,740.0,
recovery_lock_ladder,71,2024-10-29,2024-10-29T14:30:00+00:00,2024-10-29T14:41:00+00:00,SPXW-20241029-05810.000-C,CALL,1810.0,359.9999999999998,2,3620.0,31000.0,31720.0,31720.0,0.022699,740.0,720.0,
recovery_lock_ladder,72,2024-10-29,2024-10-29T14:57:00+00:00,2024-10-29T15:17:00+00:00,SPXW-20241029-05805.000-C,CALL,2780.0,39.99999999999986,2,5560.0,31720.0,31800.0,31800.0,0.002516,1460.0,80.0,
recovery_lock_ladder,73,2024-10-30,2024-10-30T14:00:00+00:00,2024-10-30T14:25:00+00:00,SPXW-20241030-05810.000-C,CALL,2950.0,570.0000000000002,2,5900.0,31800.0,32940.0,32940.0,0.034608,0.0,1140.0,
recovery_lock_ladder,74,2024-10-30,2024-10-30T14:37:00+00:00,2024-10-30T14:57:00+00:00,SPXW-20241030-05825.000-C,CALL,2210.0,-60.00000000000014,2,4420.0,32940.0,32820.0,32940.0,0.0,1140.0,-120.0,
recovery_lock_ladder,75,2024-10-30,2024-10-30T15:01:00+00:00,2024-10-30T15:25:00+00:00,SPXW-20241030-05825.000-C,CALL,1930.0,-150.0,2,3860.0,32820.0,32520.0,32940.0,0.003643,1020.0,-300.0,
recovery_lock_ladder,76,2024-10-31,2024-10-31T14:17:00+00:00,2024-10-31T14:42:00+00:00,SPXW-20241031-05720.000-C,CALL,3400.0,-1020.0,2,6800.0,32520.0,30480.0,32940.0,0.01275,0.0,-2040.0,
recovery_lock_ladder,77,2024-10-31,2024-10-31T15:20:00+00:00,2024-10-31T15:44:00+00:00,SPXW-20241031-05710.000-C,CALL,2340.0,-309.9999999999998,0,0.0,30480.0,30480.0,32940.0,0.074681,-2040.0,-0.0,daily_loss_stop
recovery_lock_ladder,78,2024-10-31,2024-10-31T18:30:00+00:00,2024-10-31T18:55:00+00:00,SPXW-20241031-05705.000-C,CALL,1890.0,-219.99999999999991,0,0.0,30480.0,30480.0,32940.0,0.074681,-2040.0,-0.0,daily_loss_stop
recovery_lock_ladder,79,2024-10-31,2024-10-31T19:20:00+00:00,2024-10-31T19:45:00+00:00,SPXW-20241031-05705.000-C,CALL,2670.0,-530.0000000000001,0,0.0,30480.0,30480.0,32940.0,0.074681,-2040.0,-0.0,daily_loss_stop
recovery_lock_ladder,80,2024-11-01,2024-11-01T14:07:00+00:00,2024-11-01T14:23:00+00:00,SPXW-20241101-05730.000-C,CALL,2640.0,1170.0000000000002,1,2640.0,30480.0,31650.0,32940.0,0.074681,0.0,1170.0,
recovery_lock_ladder,81,2024-11-01,2024-11-01T15:04:00+00:00,2024-11-01T15:23:00+00:00,SPXW-20241101-05745.000-C,CALL,2200.0,69.99999999999993,1,2200.0,31650.0,31720.0,32940.0,0.039162,1170.0,70.0,
recovery_lock_ladder,82,2024-11-01,2024-11-01T18:04:00+00:00,2024-11-01T18:27:00+00:00,SPXW-20241101-05715.000-C,CALL,2360.0,-60.00000000000014,1,2360.0,31720.0,31660.0,32940.0,0.037037,1240.0,-60.0,
recovery_lock_ladder,83,2024-11-01,2024-11-01T18:38:00+00:00,2024-11-01T19:01:00+00:00,SPXW-20241101-05750.000-P,PUT,1410.0,-69.99999999999993,1,1410.0,31660.0,31590.0,32940.0,0.038859,1180.0,-70.0,
recovery_lock_ladder,84,2024-11-01,2024-11-01T19:06:00+00:00,2024-11-01T19:11:00+00:00,SPXW-20241101-05710.000-C,CALL,2970.0,609.9999999999998,1,2970.0,31590.0,32200.0,32940.0,0.040984,1110.0,610.0,
recovery_lock_ladder,85,2024-11-04,2024-11-04T15:01:00+00:00,2024-11-04T15:16:00+00:00,SPXW-20241104-05700.000-C,CALL,3479.9999999999995,150.0,2,6959.999999999999,32200.0,32500.0,32940.0,0.022465,0.0,300.0,
recovery_lock_ladder,86,2024-11-04,2024-11-04T15:29:00+00:00,2024-11-04T15:51:00+00:00,SPXW-20241104-05720.000-C,CALL,2270.0,-89.99999999999986,2,4540.0,32500.0,32320.0,32940.0,0.013358,300.0,-180.0,
recovery_lock_ladder,87,2024-11-05,2024-11-05T15:08:00+00:00,2024-11-05T15:27:00+00:00,SPXW-20241105-05745.000-C,CALL,2110.0,219.99999999999991,1,2110.0,32320.0,32540.0,32940.0,0.018822,0.0,220.0,
recovery_lock_ladder,88,2024-11-05,2024-11-05T15:36:00+00:00,2024-11-05T15:48:00+00:00,SPXW-20241105-05740.000-C,CALL,2630.0,630.0000000000001,1,2630.0,32540.0,33170.0,33170.0,0.018993,220.0,630.0,
recovery_lock_ladder,89,2024-11-05,2024-11-05T16:07:00+00:00,2024-11-05T16:18:00+00:00,SPXW-20241105-05735.000-C,CALL,2860.0,309.9999999999998,2,5720.0,33170.0,33790.0,33790.0,0.018349,850.0,620.0,
recovery_lock_ladder,90,2024-11-05,2024-11-05T16:24:00+00:00,2024-11-05T16:39:00+00:00,SPXW-20241105-05740.000-C,CALL,2970.0,180.00000000000006,2,5940.0,33790.0,34150.0,34150.0,0.010542,1470.0,360.0,
recovery_lock_ladder,91,2024-11-05,2024-11-05T18:37:00+00:00,2024-11-05T18:58:00+00:00,SPXW-20241105-05770.000-P,PUT,869.9999999999999,-159.99999999999997,2,1739.9999999999998,34150.0,33830.0,34150.0,0.0,1830.0,-320.0,
recovery_lock_ladder,92,2024-11-05,2024-11-05T19:00:00+00:00,2024-11-05T19:14:00+00:00,SPXW-20241105-05740.000-C,CALL,3090.0,210.00000000000017,2,6180.0,33830.0,34250.0,34250.0,0.012263,1510.0,420.0,
recovery_lock_ladder,93,2024-11-05,2024-11-05T19:21:00+00:00,2024-11-05T19:32:00+00:00,SPXW-20241105-05745.000-C,CALL,2640.0,200.0,2,5280.0,34250.0,34650.0,34650.0,0.011544,1930.0,400.0,
recovery_lock_ladder,94,2024-11-06,2024-11-06T15:00:00+00:00,2024-11-06T15:25:00+00:00,SPXW-20241106-05860.000-C,CALL,3070.0,1450.0000000000005,2,6140.0,34650.0,37550.0,37550.0,0.07723,0.0,2900.0,
recovery_lock_ladder,95,2024-11-06,2024-11-06T15:26:00+00:00,2024-11-06T15:51:00+00:00,SPXW-20241106-05875.000-C,CALL,3240.0,-1009.9999999999998,2,6480.0,37550.0,35530.0,37550.0,0.0,2900.0,-2020.0,
recovery_lock_ladder,96,2024-11-06,2024-11-06T16:00:00+00:00,2024-11-06T16:25:00+00:00,SPXW-20241106-05910.000-P,PUT,2670.0,-589.9999999999999,1,2670.0,35530.0,34940.0,37550.0,0.053795,880.0,-590.0,
recovery_lock_ladder,97,2024-11-06,2024-11-06T18:32:00+00:00,2024-11-06T18:53:00+00:00,SPXW-20241106-05910.000-C,CALL,1340.0,100.0,1,1340.0,34940.0,35040.0,37550.0,0.069507,290.0,100.0,
recovery_lock_ladder,98,2024-11-06,2024-11-06T18:54:00+00:00,2024-11-06T19:13:00+00:00,SPXW-20241106-05890.000-C,CALL,3100.0,-19.99999999999993,1,3100.0,35040.0,35020.0,37550.0,0.066844,390.0,-20.0,
recovery_lock_ladder,99,2024-11-06,2024-11-06T19:19:00+00:00,2024-11-06T19:35:00+00:00,SPXW-20241106-05895.000-C,CALL,2640.0,190.00000000000023,1,2640.0,35020.0,35210.0,37550.0,0.067377,370.0,190.0,
recovery_lock_ladder,100,2024-11-06,2024-11-06T19:36:00+00:00,2024-11-06T19:58:00+00:00,SPXW-20241106-05895.000-C,CALL,2850.0,-100.0,1,2850.0,35210.0,35110.0,37550.0,0.062317,560.0,-100.0,
recovery_lock_ladder,101,2024-11-07,2024-11-07T15:01:00+00:00,2024-11-07T15:15:00+00:00,SPXW-20241107-05930.000-C,CALL,3420.0000000000005,59.99999999999943,1,3420.0000000000005,35110.0,35170.0,37550.0,0.06498,0.0,60.0,
recovery_lock_ladder,102,2024-11-07,2024-11-07T15:36:00+00:00,2024-11-07T15:51:00+00:00,SPXW-20241107-05935.000-C,CALL,3190.0,380.00000000000045,1,3190.0,35170.0,35550.0,37550.0,0.063382,60.0,380.0,
recovery_lock_ladder,103,2024-11-08,2024-11-08T15:01:00+00:00,2024-11-08T15:21:00+00:00,SPXW-20241108-05965.000-C,CALL,2770.0,-119.99999999999991,1,2770.0,35550.0,35430.0,37550.0,0.053262,0.0,-120.0,
recovery_lock_ladder,104,2024-11-08,2024-11-08T15:27:00+00:00,2024-11-08T15:37:00+00:00,SPXW-20241108-05975.000-C,CALL,1840.0,100.0,1,1840.0,35430.0,35530.0,37550.0,0.056458,-120.0,100.0,
recovery_lock_ladder,105,2024-11-11,2024-11-11T15:04:00+00:00,2024-11-11T15:18:00+00:00,SPXW-20241111-06010.000-P,PUT,1030.0,0.0,1,1030.0,35530.0,35530.0,37550.0,0.053795,0.0,0.0,
recovery_lock_ladder,106,2024-11-11,2024-11-11T15:55:00+00:00,2024-11-11T16:14:00+00:00,SPXW-20241111-06000.000-C,CALL,1580.0,-160.00000000000014,1,1580.0,35530.0,35370.0,37550.0,0.053795,0.0,-160.0,
recovery_lock_ladder,107,2024-11-12,2024-11-12T15:02:00+00:00,2024-11-12T15:27:00+00:00,SPXW-20241112-06035.000-P,PUT,3150.0,600.0,1,3150.0,35370.0,35970.0,37550.0,0.058056,0.0,600.0,
recovery_lock_ladder,108,2024-11-12,2024-11-12T15:44:00+00:00,2024-11-12T16:01:00+00:00,SPXW-20241112-06010.000-P,PUT,1770.0,269.99999999999994,1,1770.0,35970.0,36240.0,37550.0,0.042077,600.0,270.0,
recovery_lock_ladder,109,2024-11-13,2024-11-13T15:00:00+00:00,2024-11-13T15:07:00+00:00,SPXW-20241113-05985.000-P,PUT,910.0,970.0,1,910.0,36240.0,37210.0,37550.0,0.034887,0.0,970.0,
recovery_lock_ladder,110,2024-11-13,2024-11-13T15:32:00+00:00,2024-11-13T15:45:00+00:00,SPXW-20241113-05960.000-C,CALL,2460.0,269.99999999999994,2,4920.0,37210.0,37750.0,37750.0,0.014305,970.0,540.0,
recovery_lock_ladder,111,2024-11-13,2024-11-13T16:27:00+00:00,2024-11-13T16:35:00+00:00,SPXW-20241113-05970.000-C,CALL,2490.0,210.00000000000017,2,4980.0,37750.0,38170.0,38170.0,0.011003,1510.0,420.0,
recovery_lock_ladder,112,2024-11-14,2024-11-14T15:12:00+00:00,2024-11-14T15:33:00+00:00,SPXW-20241114-05985.000-P,PUT,1620.0,-159.99999999999997,2,3240.0,38170.0,37850.0,38170.0,0.0,0.0,-320.0,
recovery_lock_ladder,113,2024-11-14,2024-11-14T15:56:00+00:00,2024-11-14T16:06:00+00:00,SPXW-20241114-05995.000-P,PUT,1689.9999999999998,440.0000000000002,2,3379.9999999999995,37850.0,38730.0,38730.0,0.022721,-320.0,880.0,
recovery_lock_ladder,114,2024-11-14,2024-11-14T20:06:00+00:00,2024-11-14T20:16:00+00:00,SPXW-20241114-05955.000-P,PUT,730.0,-50.0,2,1460.0,38730.0,38630.0,38730.0,0.0,560.0,-100.0,
recovery_lock_ladder,115,2024-11-15,2024-11-15T15:00:00+00:00,2024-11-15T15:17:00+00:00,SPXW-20241115-05925.000-P,PUT,2740.0,1239.9999999999998,2,5480.0,38630.0,41110.0,41110.0,0.060326,0.0,2480.0,
recovery_lock_ladder,116,2024-11-15,2024-11-15T15:26:00+00:00,2024-11-15T15:45:00+00:00,SPXW-20241115-05900.000-P,PUT,2110.0,159.99999999999977,2,4220.0,41110.0,41430.0,41430.0,0.007724,2480.0,320.0,
recovery_lock_ladder,117,2024-11-15,2024-11-15T15:51:00+00:00,2024-11-15T16:11:00+00:00,SPXW-20241115-05895.000-P,PUT,1530.0,319.99999999999994,2,3060.0,41430.0,42070.0,42070.0,0.015213,2800.0,640.0,
recovery_lock_ladder,118,2024-11-18,2024-11-18T15:01:00+00:00,2024-11-18T15:24:00+00:00,SPXW-20241118-05845.000-C,CALL,2960.0,619.9999999999995,2,5920.0,42070.0,43310.0,43310.0,0.028631,0.0,1240.0,
recovery_lock_ladder,119,2024-11-18,2024-11-18T15:26:00+00:00,2024-11-18T15:51:00+00:00,SPXW-20241118-05870.000-C,CALL,1739.9999999999998,940.0000000000002,2,3479.9999999999995,43310.0,45190.0,45190.0,0.041602,1240.0,1880.0,
recovery_lock_ladder,120,2024-11-19,2024-11-19T15:01:00+00:00,2024-11-19T15:15:00+00:00,SPXW-20241119-05840.000-C,CALL,2780.0,319.99999999999994,2,5560.0,45190.0,45830.0,45830.0,0.013965,0.0,640.0,
recovery_lock_ladder,121,2024-11-19,2024-11-19T15:15:00+00:00,2024-11-19T15:34:00+00:00,SPXW-20241119-05885.000-P,PUT,2410.0,-1150.0000000000002,2,4820.0,45830.0,43530.0,45830.0,0.0,640.0,-2300.0,
recovery_lock_ladder,122,2024-11-19,2024-11-19T15:41:00+00:00,2024-11-19T16:06:00+00:00,SPXW-20241119-05855.000-C,CALL,3160.0,779.9999999999998,0,0.0,43530.0,43530.0,45830.0,0.050185,-1660.0,0.0,daily_loss_stop
recovery_lock_ladder,123,2024-11-19,2024-11-19T18:33:00+00:00,2024-11-19T18:58:00+00:00,SPXW-20241119-05890.000-C,CALL,1910.0,1460.0000000000002,0,0.0,43530.0,43530.0,45830.0,0.050185,-1660.0,0.0,daily_loss_stop
recovery_lock_ladder,124,2024-11-19,2024-11-19T19:36:00+00:00,2024-11-19T19:43:00+00:00,SPXW-20241119-05880.000-C,CALL,2630.0,80.00000000000007,0,0.0,43530.0,43530.0,45830.0,0.050185,-1660.0,0.0,daily_loss_stop
recovery_lock_ladder,125,2024-11-20,2024-11-20T15:05:00+00:00,2024-11-20T15:11:00+00:00,SPXW-20241120-05890.000-P,PUT,1430.0,1450.0,1,1430.0,43530.0,44980.0,45830.0,0.050185,0.0,1450.0,
recovery_lock_ladder,126,2024-11-20,2024-11-20T15:24:00+00:00,2024-11-20T15:40:00+00:00,SPXW-20241120-05845.000-C,CALL,2870.0,1209.9999999999998,2,5740.0,44980.0,47400.0,47400.0,0.051055,1450.0,2420.0,
recovery_lock_ladder,127,2024-11-20,2024-11-20T15:49:00+00:00,2024-11-20T16:03:00+00:00,SPXW-20241120-05855.000-C,CALL,3200.0,379.9999999999997,2,6400.0,47400.0,48160.0,48160.0,0.015781,3870.0,760.0,
recovery_lock_ladder,128,2024-11-20,2024-11-20T16:06:00+00:00,2024-11-20T16:15:00+00:00,SPXW-20241120-05890.000-P,PUT,1380.0,469.99999999999994,2,2760.0,48160.0,49100.0,49100.0,0.019145,4630.0,940.0,
recovery_lock_ladder,129,2024-11-20,2024-11-20T16:27:00+00:00,2024-11-20T16:38:00+00:00,SPXW-20241120-05895.000-P,PUT,2400.0,369.99999999999994,2,4800.0,49100.0,49840.0,49840.0,0.014848,5570.0,740.0,
recovery_lock_ladder,130,2024-11-21,2024-11-21T15:01:00+00:00,2024-11-21T15:08:00+00:00,SPXW-20241121-05915.000-P,PUT,2300.0,460.0000000000001,2,4600.0,49840.0,50760.0,50760.0,0.018125,0.0,920.0,
recovery_lock_ladder,131,2024-11-21,2024-11-21T15:12:00+00:00,2024-11-21T15:22:00+00:00,SPXW-20241121-05890.000-C,CALL,2300.0,1279.9999999999998,2,4600.0,50760.0,53320.0,53320.0,0.048012,920.0,2560.0,
recovery_lock_ladder,132,2024-11-21,2024-11-21T15:26:00+00:00,2024-11-21T15:33:00+00:00,SPXW-20241121-05915.000-P,PUT,2240.0,880.0000000000001,2,4480.0,53320.0,55080.0,55080.0,0.031954,3480.0,1760.0,
recovery_lock_ladder,133,2024-11-21,2024-11-21T15:33:00+00:00,2024-11-21T15:57:00+00:00,SPXW-20241121-05870.000-C,CALL,2920.0,3090.0,2,5840.0,55080.0,61260.0,61260.0,0.100881,5240.0,6180.0,
recovery_lock_ladder,134,2024-11-22,2024-11-22T15:01:00+00:00,2024-11-22T15:26:00+00:00,SPXW-20241122-05950.000-C,CALL,2380.0,-660.0000000000001,2,4760.0,61260.0,59940.0,61260.0,0.0,0.0,-1320.0,
recovery_lock_ladder,135,2024-11-22,2024-11-22T15:26:00+00:00,2024-11-22T15:38:00+00:00,SPXW-20241122-05975.000-P,PUT,2150.0,210.00000000000017,0,0.0,59940.0,59940.0,61260.0,0.021548,-1320.0,0.0,daily_loss_stop
recovery_lock_ladder,136,2024-11-22,2024-11-22T15:38:00+00:00,2024-11-22T15:56:00+00:00,SPXW-20241122-05950.000-C,CALL,1440.0,499.99999999999983,0,0.0,59940.0,59940.0,61260.0,0.021548,-1320.0,0.0,daily_loss_stop
recovery_lock_ladder,137,2024-11-22,2024-11-22T15:59:00+00:00,2024-11-22T16:24:00+00:00,SPXW-20241122-05940.000-C,CALL,3070.0,-839.9999999999999,0,0.0,59940.0,59940.0,61260.0,0.021548,-1320.0,-0.0,daily_loss_stop
recovery_lock_ladder,138,2024-11-22,2024-11-22T18:30:00+00:00,2024-11-22T18:52:00+00:00,SPXW-20241122-05950.000-C,CALL,2010.0,-510.0000000000001,0,0.0,59940.0,59940.0,61260.0,0.021548,-1320.0,-0.0,daily_loss_stop
recovery_lock_ladder,139,2024-11-25,2024-11-25T15:00:00+00:00,2024-11-25T15:16:00+00:00,SPXW-20241125-06010.000-P,PUT,1230.0,680.0000000000001,2,2460.0,59940.0,61300.0,61300.0,0.022186,0.0,1360.0,
recovery_lock_ladder,140,2024-11-25,2024-11-25T15:17:00+00:00,2024-11-25T15:38:00+00:00,SPXW-20241125-06000.000-P,PUT,970.0,150.0,2,1940.0,61300.0,61600.0,61600.0,0.00487,1360.0,300.0,
recovery_lock_ladder,141,2024-11-25,2024-11-25T15:39:00+00:00,2024-11-25T16:03:00+00:00,SPXW-20241125-06010.000-P,PUT,1620.0,319.99999999999994,2,3240.0,61600.0,62240.0,62240.0,0.010283,1660.0,640.0,
recovery_lock_ladder,142,2024-11-25,2024-11-25T16:21:00+00:00,2024-11-25T16:41:00+00:00,SPXW-20241125-05985.000-C,CALL,1350.0,-560.0,2,2700.0,62240.0,61120.0,62240.0,0.0,2300.0,-1120.0,
recovery_lock_ladder,143,2024-11-26,2024-11-26T15:02:00+00:00,2024-11-26T15:25:00+00:00,SPXW-20241126-05975.000-C,CALL,2820.0,-419.99999999999994,2,5640.0,61120.0,60280.0,62240.0,0.017995,0.0,-840.0,
recovery_lock_ladder,144,2024-11-26,2024-11-26T15:34:00+00:00,2024-11-26T15:56:00+00:00,SPXW-20241126-06005.000-P,PUT,1200.0,-400.0,0,0.0,60280.0,60280.0,62240.0,0.031491,-840.0,-0.0,daily_loss_stop
recovery_lock_ladder,145,2024-11-26,2024-11-26T16:01:00+00:00,2024-11-26T16:21:00+00:00,SPXW-20241126-05975.000-C,CALL,3090.0,-69.99999999999993,0,0.0,60280.0,60280.0,62240.0,0.031491,-840.0,-0.0,daily_loss_stop
recovery_lock_ladder,146,2024-11-27,2024-11-27T15:01:00+00:00,2024-11-27T15:19:00+00:00,SPXW-20241127-06025.000-P,PUT,1550.0,150.0,1,1550.0,60280.0,60430.0,62240.0,0.031491,0.0,150.0,
recovery_lock_ladder,147,2024-11-27,2024-11-27T15:27:00+00:00,2024-11-27T15:46:00+00:00,SPXW-20241127-06040.000-P,PUT,3329.9999999999995,170.00000000000028,2,6659.999999999999,60430.0,60770.0,62240.0,0.029081,150.0,340.0,
recovery_lock_ladder,148,2024-11-27,2024-11-27T15:48:00+00:00,2024-11-27T15:57:00+00:00,SPXW-20241127-06005.000-P,PUT,740.0,159.99999999999997,2,1480.0,60770.0,61090.0,62240.0,0.023618,490.0,320.0,
recovery_lock_ladder,149,2024-11-27,2024-11-27T16:00:00+00:00,2024-11-27T16:21:00+00:00,SPXW-20241127-06035.000-P,PUT,3490.0,160.00000000000014,2,6980.0,61090.0,61410.0,62240.0,0.018477,810.0,320.0,
recovery_lock_ladder,150,2024-11-29,2024-11-29T15:00:00+00:00,2024-11-29T15:25:00+00:00,SPXW-20241129-05985.000-C,CALL,3390.0,710.0000000000001,2,6780.0,61410.0,62830.0,62830.0,0.022601,0.0,1420.0,
recovery_lock_ladder,151,2024-12-02,2024-12-02T15:32:00+00:00,2024-12-02T15:45:00+00:00,SPXW-20241202-06010.000-C,CALL,3470.0000000000005,-40.00000000000057,2,6940.000000000001,62830.0,62750.0,62830.0,0.0,0.0,-80.0,
recovery_lock_ladder,152,2024-12-02,2024-12-02T15:55:00+00:00,2024-12-02T16:19:00+00:00,SPXW-20241202-06070.000-P,PUT,2960.0,-240.00000000000023,2,5920.0,62750.0,62270.0,62830.0,0.001273,-80.0,-480.0,
recovery_lock_ladder,153,2024-12-03,2024-12-03T15:01:00+00:00,2024-12-03T15:26:00+00:00,SPXW-20241203-06025.000-C,CALL,2270.0,-669.9999999999999,2,4540.0,62270.0,60930.0,62830.0,0.008913,0.0,-1340.0,
recovery_lock_ladder,154,2024-12-03,2024-12-03T15:26:00+00:00,2024-12-03T15:44:00+00:00,SPXW-20241203-06045.000-P,PUT,1120.0,30.00000000000007,0,0.0,60930.0,60930.0,62830.0,0.03024,-1340.0,0.0,daily_loss_stop
recovery_lock_ladder,155,2024-12-04,2024-12-04T15:00:00+00:00,2024-12-04T15:06:00+00:00,SPXW-20241204-06070.000-P,PUT,900.0,69.99999999999993,1,900.0,60930.0,61000.0,62830.0,0.03024,0.0,70.0,
recovery_lock_ladder,156,2024-12-04,2024-12-04T15:15:00+00:00,2024-12-04T15:40:00+00:00,SPXW-20241204-06095.000-P,PUT,3080.0,-640.0000000000002,1,3080.0,61000.0,60360.0,62830.0,0.029126,70.0,-640.0,
recovery_lock_ladder,157,2024-12-04,2024-12-04T15:41:00+00:00,2024-12-04T16:03:00+00:00,SPXW-20241204-06040.000-C,CALL,3240.0,110.00000000000014,1,3240.0,60360.0,60470.0,62830.0,0.039312,-570.0,110.0,
recovery_lock_ladder,158,2024-12-05,2024-12-05T15:01:00+00:00,2024-12-05T15:26:00+00:00,SPXW-20241205-06055.000-C,CALL,3479.9999999999995,-699.9999999999997,1,3479.9999999999995,60470.0,59770.0,62830.0,0.037562,0.0,-700.0,
recovery_lock_ladder,159,2024-12-05,2024-12-05T15:26:00+00:00,2024-12-05T15:44:00+00:00,SPXW-20241205-06105.000-P,PUT,2380.0,119.99999999999991,1,2380.0,59770.0,59890.0,62830.0,0.048703,-700.0,120.0,
recovery_lock_ladder,160,2024-12-06,2024-12-06T15:06:00+00:00,2024-12-06T15:22:00+00:00,SPXW-20241206-06085.000-C,CALL,1400.0,180.00000000000006,1,1400.0,59890.0,60070.0,62830.0,0.046793,0.0,180.0,
recovery_lock_ladder,161,2024-12-06,2024-12-06T15:36:00+00:00,2024-12-06T15:57:00+00:00,SPXW-20241206-06065.000-C,CALL,3370.0000000000005,-110.00000000000014,1,3370.0000000000005,60070.0,59960.0,62830.0,0.043928,180.0,-110.0,
recovery_lock_ladder,162,2024-12-06,2024-12-06T16:13:00+00:00,2024-12-06T16:26:00+00:00,SPXW-20241206-06095.000-P,PUT,930.0,119.99999999999991,1,930.0,59960.0,60080.0,62830.0,0.045679,70.0,120.0,
recovery_lock_ladder,163,2024-12-09,2024-12-09T15:01:00+00:00,2024-12-09T15:26:00+00:00,SPXW-20241209-06050.000-C,CALL,3379.9999999999995,-699.9999999999997,1,3379.9999999999995,60080.0,59380.0,62830.0,0.043769,0.0,-700.0,
recovery_lock_ladder,164,2024-12-09,2024-12-09T15:26:00+00:00,2024-12-09T15:42:00+00:00,SPXW-20241209-06110.000-P,PUT,3410.0,310.0000000000001,1,3410.0,59380.0,59690.0,62830.0,0.05491,-700.0,310.0,
recovery_lock_ladder,165,2024-12-09,2024-12-09T15:51:00+00:00,2024-12-09T16:13:00+00:00,SPXW-20241209-06080.000-P,PUT,1739.9999999999998,460.0000000000001,1,1739.9999999999998,59690.0,60150.0,62830.0,0.049976,-390.0,460.0,
recovery_lock_ladder,166,2024-12-10,2024-12-10T15:01:00+00:00,2024-12-10T15:10:00+00:00,SPXW-20241210-06025.000-C,CALL,3410.0,169.99999999999957,1,3410.0,60150.0,60320.0,62830.0,0.042655,0.0,170.0,
recovery_lock_ladder,167,2024-12-10,2024-12-10T15:27:00+00:00,2024-12-10T15:47:00+00:00,SPXW-20241210-06030.000-C,CALL,3260.0,119.99999999999956,1,3260.0,60320.0,60440.0,62830.0,0.039949,170.0,120.0,
recovery_lock_ladder,168,2024-12-11,2024-12-11T15:05:00+00:00,2024-12-11T15:17:00+00:00,SPXW-20241211-06040.000-C,CALL,3429.9999999999995,250.0,1,3429.9999999999995,60440.0,60690.0,62830.0,0.038039,0.0,250.0,
recovery_lock_ladder,169,2024-12-11,2024-12-11T15:37:00+00:00,2024-12-11T15:59:00+00:00,SPXW-20241211-06045.000-C,CALL,3190.0,-139.99999999999986,1,3190.0,60690.0,60550.0,62830.0,0.03406,250.0,-140.0,
recovery_lock_ladder,170,2024-12-12,2024-12-12T15:09:00+00:00,2024-12-12T15:34:00+00:00,SPXW-20241212-06095.000-P,PUT,3040.0,-1079.9999999999998,1,3040.0,60550.0,59470.0,62830.0,0.036288,0.0,-1080.0,
recovery_lock_ladder,171,2024-12-12,2024-12-12T15:35:00+00:00,2024-12-12T15:55:00+00:00,SPXW-20241212-06050.000-C,CALL,2580.0,-110.00000000000014,0,0.0,59470.0,59470.0,62830.0,0.053478,-1080.0,-0.0,daily_loss_stop
recovery_lock_ladder,172,2024-12-13,2024-12-13T15:01:00+00:00,2024-12-13T15:18:00+00:00,SPXW-20241213-06100.000-P,PUT,3279.9999999999995,360.0000000000001,1,3279.9999999999995,59470.0,59830.0,62830.0,0.053478,0.0,360.0,
recovery_lock_ladder,173,2024-12-13,2024-12-13T15:26:00+00:00,2024-12-13T15:49:00+00:00,SPXW-20241213-06090.000-P,PUT,3170.0,859.9999999999998,1,3170.0,59830.0,60690.0,62830.0,0.047748,360.0,860.0,
recovery_lock_ladder,174,2024-12-16,2024-12-16T15:00:00+00:00,2024-12-16T15:11:00+00:00,SPXW-20241216-06040.000-C,CALL,3050.0,119.99999999999991,1,3050.0,60690.0,60810.0,62830.0,0.03406,0.0,120.0,
recovery_lock_ladder,175,2024-12-16,2024-12-16T15:26:00+00:00,2024-12-16T15:42:00+00:00,SPXW-20241216-06055.000-C,CALL,1460.0,550.0000000000002,1,1460.0,60810.0,61360.0,62830.0,0.03215,120.0,550.0,
recovery_lock_ladder,176,2024-12-16,2024-12-16T16:10:00+00:00,2024-12-16T16:25:00+00:00,SPXW-20241216-06045.000-C,CALL,3120.0,0.0,2,6240.0,61360.0,61360.0,62830.0,0.023396,670.0,0.0,
recovery_lock_ladder,177,2024-12-17,2024-12-17T15:00:00+00:00,2024-12-17T15:18:00+00:00,SPXW-20241217-06055.000-P,PUT,1010.0,420.0000000000001,2,2020.0,61360.0,62200.0,62830.0,0.023396,0.0,840.0,
recovery_lock_ladder,178,2024-12-17,2024-12-17T15:39:00+00:00,2024-12-17T15:56:00+00:00,SPXW-20241217-06010.000-C,CALL,3240.0,160.00000000000014,2,6480.0,62200.0,62520.0,62830.0,0.010027,840.0,320.0,
recovery_lock_ladder,179,2024-12-17,2024-12-17T15:58:00+00:00,2024-12-17T16:18:00+00:00,SPXW-20241217-06025.000-C,CALL,2140.0,590.0000000000002,2,4280.0,62520.0,63700.0,63700.0,0.018524,1160.0,1180.0,
recovery_lock_ladder,180,2024-12-17,2024-12-17T18:42:00+00:00,2024-12-17T18:56:00+00:00,SPXW-20241217-06035.000-C,CALL,1520.0,20.000000000000107,2,3040.0,63700.0,63740.0,63740.0,0.000628,2340.0,40.0,
recovery_lock_ladder,181,2024-12-18,2024-12-18T15:01:00+00:00,2024-12-18T15:15:00+00:00,SPXW-20241218-06025.000-C,CALL,3320.0000000000005,309.99999999999943,2,6640.000000000001,63740.0,64360.0,64360.0,0.009633,0.0,620.0,
recovery_lock_ladder,182,2024-12-18,2024-12-18T15:27:00+00:00,2024-12-18T15:40:00+00:00,SPXW-20241218-06030.000-C,CALL,3370.0000000000005,589.9999999999999,2,6740.000000000001,64360.0,65540.0,65540.0,0.018004,620.0,1180.0,
recovery_lock_ladder,183,2024-12-18,2024-12-18T16:15:00+00:00,2024-12-18T16:40:00+00:00,SPXW-20241218-06090.000-P,PUT,3200.0,-350.0,2,6400.0,65540.0,64840.0,65540.0,0.0,1800.0,-700.0,
recovery_lock_ladder,184,2024-12-19,2024-12-19T15:01:00+00:00,2024-12-19T15:09:00+00:00,SPXW-20241219-05930.000-P,PUT,2940.0,880.0000000000005,2,5880.0,64840.0,66600.0,66600.0,0.026426,0.0,1760.0,
recovery_lock_ladder,185,2024-12-19,2024-12-19T15:13:00+00:00,2024-12-19T15:36:00+00:00,SPXW-20241219-05885.000-C,CALL,3390.0,-1320.0,2,6780.0,66600.0,63960.0,66600.0,0.0,1760.0,-2640.0,
recovery_lock_ladder,186,2024-12-19,2024-12-19T15:42:00+00:00,2024-12-19T15:58:00+00:00,SPXW-20241219-05870.000-C,CALL,3130.0,640.0000000000002,0,0.0,63960.0,63960.0,66600.0,0.03964,-880.0,0.0,daily_loss_stop
recovery_lock_ladder,187,2024-12-20,2024-12-20T15:13:00+00:00,2024-12-20T15:33:00+00:00,SPXW-20241220-05840.000-C,CALL,3429.9999999999995,4140.000000000001,1,3429.9999999999995,63960.0,68100.0,68100.0,0.060793,0.0,4140.0,
recovery_lock_ladder,188,2024-12-20,2024-12-20T18:30:00+00:00,2024-12-20T18:53:00+00:00,SPXW-20241220-05930.000-C,CALL,2490.0,-119.99999999999991,2,4980.0,68100.0,67860.0,68100.0,0.0,4140.0,-240.0,
recovery_lock_ladder,189,2024-12-23,2024-12-23T15:14:00+00:00,2024-12-23T15:25:00+00:00,SPXW-20241223-05900.000-C,CALL,2510.0,200.0,2,5020.0,67860.0,68260.0,68260.0,0.00586,0.0,400.0,
recovery_lock_ladder,190,2024-12-23,2024-12-23T15:48:00+00:00,2024-12-23T15:55:00+00:00,SPXW-20241223-05940.000-P,PUT,2860.0,59.99999999999979,2,5720.0,68260.0,68380.0,68380.0,0.001755,400.0,120.0,
recovery_lock_ladder,191,2024-12-23,2024-12-23T15:55:00+00:00,2024-12-23T16:11:00+00:00,SPXW-20241223-05890.000-C,CALL,3110.0,910.0,2,6220.0,68380.0,70200.0,70200.0,0.025926,520.0,1820.0,
recovery_lock_ladder,192,2024-12-23,2024-12-23T18:30:00+00:00,2024-12-23T18:45:00+00:00,SPXW-20241223-05945.000-C,CALL,1650.0,200.0,2,3300.0,70200.0,70600.0,70600.0,0.005666,2340.0,400.0,
recovery_lock_ladder,193,2024-12-23,2024-12-23T19:12:00+00:00,2024-12-23T19:21:00+00:00,SPXW-20241223-05935.000-C,CALL,2980.0,209.99999999999977,2,5960.0,70600.0,71020.0,71020.0,0.005914,2740.0,420.0,
recovery_lock_ladder,194,2024-12-23,2024-12-23T20:11:00+00:00,2024-12-23T20:15:00+00:00,SPXW-20241223-05930.000-C,CALL,2070.0,590.0000000000002,2,4140.0,71020.0,72200.0,72200.0,0.016343,3160.0,1180.0,
recovery_lock_ladder,195,2024-12-24,2024-12-24T15:00:00+00:00,2024-12-24T15:21:00+00:00,SPXW-20241224-05970.000-C,CALL,2930.0,549.9999999999997,2,5860.0,72200.0,73300.0,73300.0,0.015007,0.0,1100.0,
recovery_lock_ladder,196,2024-12-26,2024-12-26T15:00:00+00:00,2024-12-26T15:22:00+00:00,SPXW-20241226-05995.000-C,CALL,3300.0,-180.00000000000006,2,6600.0,73300.0,72940.0,73300.0,0.0,0.0,-360.0,
recovery_lock_ladder,197,2024-12-26,2024-12-26T15:26:00+00:00,2024-12-26T15:46:00+00:00,SPXW-20241226-05995.000-C,CALL,3470.0000000000005,-80.00000000000043,2,6940.000000000001,72940.0,72780.0,73300.0,0.004911,-360.0,-160.0,
recovery_lock_ladder,198,2024-12-26,2024-12-26T15:56:00+00:00,2024-12-26T16:21:00+00:00,SPXW-20241226-06005.000-C,CALL,2700.0,650.0,2,5400.0,72780.0,74080.0,74080.0,0.017549,-520.0,1300.0,
recovery_lock_ladder,199,2024-12-27,2024-12-27T15:00:00+00:00,2024-12-27T15:18:00+00:00,SPXW-20241227-06025.000-P,PUT,3500.0,3659.999999999999,2,7000.0,74080.0,81400.0,81400.0,0.089926,0.0,7320.0,
recovery_lock_ladder,200,2024-12-27,2024-12-27T15:25:00+00:00,2024-12-27T15:35:00+00:00,SPXW-20241227-05970.000-P,PUT,2010.0,669.9999999999999,3,6030.0,81400.0,83410.0,83410.0,0.024098,7320.0,2010.0,
recovery_lock_ladder,201,2024-12-27,2024-12-27T15:41:00+00:00,2024-12-27T15:58:00+00:00,SPXW-20241227-05925.000-C,CALL,3490.0,650.0,2,6980.0,83410.0,84710.0,84710.0,0.015346,9330.0,1300.0,
recovery_lock_ladder,202,2024-12-27,2024-12-27T18:36:00+00:00,2024-12-27T18:46:00+00:00,SPXW-20241227-05935.000-C,CALL,2140.0,420.0000000000003,3,6420.0,84710.0,85970.0,85970.0,0.014656,10630.0,1260.0,
recovery_lock_ladder,203,2024-12-30,2024-12-30T15:02:00+00:00,2024-12-30T15:20:00+00:00,SPXW-20241230-05900.000-P,PUT,2890.0,280.00000000000006,3,8670.0,85970.0,86810.0,86810.0,0.009676,0.0,840.0,
recovery_lock_ladder,204,2024-12-30,2024-12-30T15:27:00+00:00,2024-12-30T15:46:00+00:00,SPXW-20241230-05890.000-P,PUT,2750.0,-1530.0,3,8250.0,86810.0,82220.0,86810.0,0.0,840.0,-4590.0,
recovery_lock_ladder,205,2024-12-30,2024-12-30T16:18:00+00:00,2024-12-30T16:43:00+00:00,SPXW-20241230-05895.000-C,CALL,1600.0,1180.0,0,0.0,82220.0,82220.0,86810.0,0.052874,-3750.0,0.0,daily_loss_stop
recovery_lock_ladder,206,2024-12-30,2024-12-30T18:31:00+00:00,2024-12-30T18:52:00+00:00,SPXW-20241230-05900.000-C,CALL,3190.0,500.0,0,0.0,82220.0,82220.0,86810.0,0.052874,-3750.0,0.0,daily_loss_stop
recovery_lock_ladder,207,2024-12-30,2024-12-30T19:08:00+00:00,2024-12-30T19:31:00+00:00,SPXW-20241230-05900.000-C,CALL,3020.0,-19.99999999999993,0,0.0,82220.0,82220.0,86810.0,0.052874,-3750.0,-0.0,daily_loss_stop
recovery_lock_ladder,208,2024-12-30,2024-12-30T20:02:00+00:00,2024-12-30T20:16:00+00:00,SPXW-20241230-05905.000-C,CALL,2780.0,39.99999999999986,0,0.0,82220.0,82220.0,86810.0,0.052874,-3750.0,0.0,daily_loss_stop
recovery_lock_ladder,209,2024-12-31,2024-12-31T15:07:00+00:00,2024-12-31T15:30:00+00:00,SPXW-20241231-05940.000-P,PUT,3240.0,-300.0,1,3240.0,82220.0,81920.0,86810.0,0.052874,0.0,-300.0,
recovery_lock_ladder,210,2024-12-31,2024-12-31T15:33:00+00:00,2024-12-31T15:45:00+00:00,SPXW-20241231-05945.000-P,PUT,3229.9999999999995,560.0000000000001,1,3229.9999999999995,81920.0,82480.0,86810.0,0.05633,-300.0,560.0,
recovery_lock_ladder,211,2024-12-31,2024-12-31T16:03:00+00:00,2024-12-31T16:13:00+00:00,SPXW-20241231-05935.000-P,PUT,3360.0,629.9999999999998,1,3360.0,82480.0,83110.0,86810.0,0.049879,260.0,630.0,
recovery_lock_ladder,212,2025-07-01,2025-07-01T14:01:00+00:00,2025-07-01T14:14:00+00:00,SPXW-20250701-06165.000-C,CALL,3340.0,310.0000000000001,1,3340.0,83110.0,83420.0,86810.0,0.042622,0.0,310.0,
recovery_lock_ladder,213,2025-07-01,2025-07-01T14:27:00+00:00,2025-07-01T14:29:00+00:00,SPXW-20250701-06210.000-P,PUT,1770.0,219.99999999999991,1,1770.0,83420.0,83640.0,86810.0,0.039051,310.0,220.0,
recovery_lock_ladder,214,2025-07-01,2025-07-01T14:31:00+00:00,2025-07-01T14:56:00+00:00,SPXW-20250701-06170.000-C,CALL,2850.0,-550.0,1,2850.0,83640.0,83090.0,86810.0,0.036517,530.0,-550.0,
recovery_lock_ladder,215,2025-07-01,2025-07-01T15:02:00+00:00,2025-07-01T15:06:00+00:00,SPXW-20250701-06180.000-C,CALL,1600.0,280.00000000000006,1,1600.0,83090.0,83370.0,86810.0,0.042852,-20.0,280.0,
recovery_lock_ladder,216,2025-07-01,2025-07-01T15:27:00+00:00,2025-07-01T15:32:00+00:00,SPXW-20250701-06165.000-C,CALL,3240.0,60.00000000000014,1,3240.0,83370.0,83430.0,86810.0,0.039627,260.0,60.0,
recovery_lock_ladder,217,2025-07-02,2025-07-02T14:00:00+00:00,2025-07-02T14:06:00+00:00,SPXW-20250702-06165.000-C,CALL,3329.9999999999995,330.00000000000045,1,3329.9999999999995,83430.0,83760.0,86810.0,0.038936,0.0,330.0,
recovery_lock_ladder,218,2025-07-02,2025-07-02T14:25:00+00:00,2025-07-02T14:30:00+00:00,SPXW-20250702-06175.000-C,CALL,3150.0,360.0000000000001,1,3150.0,83760.0,84120.0,86810.0,0.035134,330.0,360.0,
recovery_lock_ladder,219,2025-07-03,2025-07-03T14:00:00+00:00,2025-07-03T14:25:00+00:00,SPXW-20250703-06260.000-C,CALL,1030.0,459.99999999999994,1,1030.0,84120.0,84580.0,86810.0,0.030987,0.0,460.0,
recovery_lock_ladder,220,2025-07-03,2025-07-03T14:45:00+00:00,2025-07-03T14:49:00+00:00,SPXW-20250703-06245.000-C,CALL,3190.0,30.000000000000423,3,9570.0,84580.0,84670.0,86810.0,0.025688,460.0,90.0,
recovery_lock_ladder,221,2025-07-07,2025-07-07T14:00:00+00:00,2025-07-07T14:09:00+00:00,SPXW-20250707-06290.000-P,PUT,3260.0,479.9999999999997,3,9780.0,84670.0,86110.0,86810.0,0.024652,0.0,1440.0,
recovery_lock_ladder,222,2025-07-07,2025-07-07T14:23:00+00:00,2025-07-07T14:28:00+00:00,SPXW-20250707-06220.000-C,CALL,3429.9999999999995,220.00000000000028,2,6859.999999999999,86110.0,86550.0,86810.0,0.008064,1440.0,440.0,
recovery_lock_ladder,223,2025-07-07,2025-07-07T14:31:00+00:00,2025-07-07T14:33:00+00:00,SPXW-20250707-06265.000-P,PUT,1770.0,119.99999999999991,3,5310.0,86550.0,86910.0,86910.0,0.004142,1880.0,360.0,
recovery_lock_ladder,224,2025-07-07,2025-07-07T14:42:00+00:00,2025-07-07T15:07:00+00:00,SPXW-20250707-06225.000-C,CALL,2720.0,-609.9999999999998,3,8160.0,86910.0,85080.0,86910.0,0.0,2240.0,-1830.0,
recovery_lock_ladder,225,2025-07-07,2025-07-07T18:00:00+00:00,2025-07-07T18:05:00+00:00,SPXW-20250707-06205.000-C,CALL,1950.0,110.00000000000014,3,5850.0,85080.0,85410.0,86910.0,0.021056,410.0,330.0,
recovery_lock_ladder,226,2025-07-07,2025-07-07T18:37:00+00:00,2025-07-07T19:01:00+00:00,SPXW-20250707-06200.000-C,CALL,1240.0,1260.0,3,3720.0,85410.0,89190.0,89190.0,0.042381,740.0,3780.0,
recovery_lock_ladder,227,2025-07-08,2025-07-08T14:01:00+00:00,2025-07-08T14:03:00+00:00,SPXW-20250708-06245.000-P,PUT,1960.0,250.0,3,5880.0,89190.0,89940.0,89940.0,0.008339,0.0,750.0,
recovery_lock_ladder,228,2025-07-08,2025-07-08T14:30:00+00:00,2025-07-08T14:39:00+00:00,SPXW-20250708-06205.000-C,CALL,2180.0,1080.0,3,6540.0,89940.0,93180.0,93180.0,0.034771,750.0,3240.0,
recovery_lock_ladder,229,2025-07-08,2025-07-08T17:30:00+00:00,2025-07-08T17:46:00+00:00,SPXW-20250708-06210.000-C,CALL,2220.0,-319.99999999999994,3,6660.0,93180.0,92220.0,93180.0,0.0,3990.0,-960.0,
recovery_lock_ladder,230,2025-07-09,2025-07-09T14:31:00+00:00,2025-07-09T14:35:00+00:00,SPXW-20250709-06265.000-P,PUT,1830.0,269.99999999999994,3,5490.0,92220.0,93030.0,93180.0,0.010303,0.0,810.0,
recovery_lock_ladder,231,2025-07-09,2025-07-09T14:36:00+00:00,2025-07-09T14:39:00+00:00,SPXW-20250709-06255.000-P,PUT,1530.0,80.00000000000007,3,4590.0,93030.0,93270.0,93270.0,0.002573,810.0,240.0,
recovery_lock_ladder,232,2025-07-09,2025-07-09T14:57:00+00:00,2025-07-09T15:14:00+00:00,SPXW-20250709-06270.000-P,PUT,3410.0,260.0000000000001,2,6820.0,93270.0,93790.0,93790.0,0.005544,1050.0,520.0,
recovery_lock_ladder,233,2025-07-09,2025-07-09T15:27:00+00:00,2025-07-09T15:34:00+00:00,SPXW-20250709-06215.000-C,CALL,2990.0,60.00000000000014,3,8970.0,93790.0,93970.0,93970.0,0.001916,1570.0,180.0,
recovery_lock_ladder,234,2025-07-10,2025-07-10T14:00:00+00:00,2025-07-10T14:08:00+00:00,SPXW-20250710-06280.000-P,PUT,2660.0,100.0,3,7980.0,93970.0,94270.0,94270.0,0.003182,0.0,300.0,
recovery_lock_ladder,235,2025-07-10,2025-07-10T14:10:00+00:00,2025-07-10T14:16:00+00:00,SPXW-20250710-06235.000-C,CALL,2420.0,310.0000000000001,3,7260.0,94270.0,95200.0,95200.0,0.009769,300.0,930.0,
recovery_lock_ladder,236,2025-07-10,2025-07-10T14:17:00+00:00,2025-07-10T14:20:00+00:00,SPXW-20250710-06240.000-C,CALL,2280.0,180.00000000000006,3,6840.0,95200.0,95740.0,95740.0,0.00564,1230.0,540.0,
recovery_lock_ladder,237,2025-07-10,2025-07-10T14:33:00+00:00,2025-07-10T14:40:00+00:00,SPXW-20250710-06235.000-C,CALL,2790.0,330.00000000000006,3,8370.0,95740.0,96730.0,96730.0,0.010235,1770.0,990.0,
recovery_lock_ladder,238,2025-07-10,2025-07-10T14:42:00+00:00,2025-07-10T14:50:00+00:00,SPXW-20250710-06235.000-C,CALL,3500.0,39.99999999999986,2,7000.0,96730.0,96810.0,96810.0,0.000826,2760.0,80.0,
recovery_lock_ladder,239,2025-07-10,2025-07-10T15:04:00+00:00,2025-07-10T15:10:00+00:00,SPXW-20250710-06245.000-C,CALL,2890.0,60.00000000000014,3,8670.0,96810.0,96990.0,96990.0,0.001856,2840.0,180.0,
recovery_lock_ladder,240,2025-07-11,2025-07-11T14:01:00+00:00,2025-07-11T14:08:00+00:00,SPXW-20250711-06230.000-C,CALL,2750.0,169.99999999999994,3,8250.0,96990.0,97500.0,97500.0,0.005231,0.0,510.0,
recovery_lock_ladder,241,2025-07-11,2025-07-11T14:16:00+00:00,2025-07-11T14:23:00+00:00,SPXW-20250711-06230.000-C,CALL,2930.0,399.99999999999966,3,8790.0,97500.0,98700.0,98700.0,0.012158,510.0,1200.0,
recovery_lock_ladder,242,2025-07-11,2025-07-11T14:26:00+00:00,2025-07-11T14:33:00+00:00,SPXW-20250711-06230.000-C,CALL,3440.0,-60.00000000000014,2,6880.0,98700.0,98580.0,98700.0,0.0,1710.0,-120.0,
recovery_lock_ladder,243,2025-07-11,2025-07-11T14:44:00+00:00,2025-07-11T15:09:00+00:00,SPXW-20250711-06235.000-C,CALL,2760.0,-420.0000000000003,3,8280.0,98580.0,97320.0,98700.0,0.001216,1590.0,-1260.0,
recovery_lock_ladder,244,2025-07-11,2025-07-11T15:15:00+00:00,2025-07-11T15:20:00+00:00,SPXW-20250711-06225.000-C,CALL,2790.0,270.0000000000003,3,8370.0,97320.0,98130.0,98700.0,0.013982,330.0,810.0,
recovery_lock_ladder,245,2025-07-14,2025-07-14T14:01:00+00:00,2025-07-14T14:13:00+00:00,SPXW-20250714-06280.000-P,PUT,3390.0,160.00000000000014,2,6780.0,98130.0,98450.0,98700.0,0.005775,0.0,320.0,
recovery_lock_ladder,246,2025-07-14,2025-07-14T14:27:00+00:00,2025-07-14T14:29:00+00:00,SPXW-20250714-06270.000-P,PUT,1890.0,470.0000000000003,3,5670.0,98450.0,99860.0,99860.0,0.01412,320.0,1410.0,
recovery_lock_ladder,247,2025-07-14,2025-07-14T14:30:00+00:00,2025-07-14T14:42:00+00:00,SPXW-20250714-06225.000-C,CALL,2570.0,240.00000000000023,3,7710.0,99860.0,100580.0,100580.0,0.007158,1730.0,720.0,
recovery_lock_ladder,248,2025-07-15,2025-07-15T14:11:00+00:00,2025-07-15T14:16:00+00:00,SPXW-20250715-06260.000-C,CALL,2350.0,300.0,3,7050.0,100580.0,101480.0,101480.0,0.008869,0.0,900.0,
recovery_lock_ladder,249,2025-07-15,2025-07-15T14:37:00+00:00,2025-07-15T14:41:00+00:00,SPXW-20250715-06300.000-P,PUT,2910.0,200.0,3,8730.0,101480.0,102080.0,102080.0,0.005878,900.0,600.0,
recovery_lock_ladder,250,2025-07-15,2025-07-15T14:51:00+00:00,2025-07-15T14:54:00+00:00,SPXW-20250715-06275.000-P,PUT,1200.0,430.00000000000006,3,3600.0,102080.0,103370.0,103370.0,0.012479,1500.0,1290.0,
recovery_lock_ladder,251,2025-07-15,2025-07-15T14:55:00+00:00,2025-07-15T14:57:00+00:00,SPXW-20250715-06280.000-P,PUT,1950.0,339.9999999999999,3,5850.0,103370.0,104390.0,104390.0,0.009771,2790.0,1020.0,
recovery_lock_ladder,252,2025-07-15,2025-07-15T15:05:00+00:00,2025-07-15T15:14:00+00:00,SPXW-20250715-06235.000-C,CALL,3200.0,210.00000000000017,3,9600.0,104390.0,105020.0,105020.0,0.005999,3810.0,630.0,
recovery_lock_ladder,253,2025-07-16,2025-07-16T14:10:00+00:00,2025-07-16T14:33:00+00:00,SPXW-20250716-06235.000-C,CALL,1510.0,240.00000000000003,3,4530.0,105020.0,105740.0,105740.0,0.006809,0.0,720.0,
recovery_lock_ladder,254,2025-07-16,2025-07-16T14:45:00+00:00,2025-07-16T14:53:00+00:00,SPXW-20250716-06225.000-C,CALL,2340.0,480.00000000000006,3,7020.0,105740.0,107180.0,107180.0,0.013435,720.0,1440.0,
recovery_lock_ladder,255,2025-07-16,2025-07-16T14:54:00+00:00,2025-07-16T14:55:00+00:00,SPXW-20250716-06280.000-P,PUT,2730.0,1299.9999999999995,3,8190.0,107180.0,111080.0,111080.0,0.03511,2160.0,3900.0,
recovery_lock_ladder,256,2025-07-16,2025-07-16T14:58:00+00:00,2025-07-16T14:59:00+00:00,SPXW-20250716-06235.000-P,PUT,610.0,320.0000000000001,3,1830.0,111080.0,112040.0,112040.0,0.008568,6060.0,960.0,
recovery_lock_ladder,257,2025-07-16,2025-07-16T15:04:00+00:00,2025-07-16T15:09:00+00:00,SPXW-20250716-06225.000-C,CALL,2450.0,230.00000000000009,3,7350.0,112040.0,112730.0,112730.0,0.006121,7020.0,690.0,
recovery_lock_ladder,258,2025-07-16,2025-07-16T15:19:00+00:00,2025-07-16T15:22:00+00:00,SPXW-20250716-06225.000-P,PUT,850.0,930.0,3,2550.0,112730.0,115520.0,115520.0,0.024152,7710.0,2790.0,
recovery_lock_ladder,259,2025-07-16,2025-07-16T15:24:00+00:00,2025-07-16T15:25:00+00:00,SPXW-20250716-06220.000-P,PUT,990.0,440.00000000000006,3,2970.0,115520.0,116840.0,116840.0,0.011298,10500.0,1320.0,
recovery_lock_ladder,260,2025-07-17,2025-07-17T14:00:00+00:00,2025-07-17T14:05:00+00:00,SPXW-20250717-06255.000-C,CALL,2680.0,239.99999999999983,3,8040.0,116840.0,117560.0,117560.0,0.006125,0.0,720.0,
recovery_lock_ladder,261,2025-07-17,2025-07-17T14:29:00+00:00,2025-07-17T14:37:00+00:00,SPXW-20250717-06240.000-C,CALL,3420.0000000000005,409.99999999999943,2,6840.000000000001,117560.0,118380.0,118380.0,0.006927,720.0,820.0,
recovery_lock_ladder,262,2025-07-17,2025-07-17T14:46:00+00:00,2025-07-17T14:59:00+00:00,SPXW-20250717-06255.000-C,CALL,2200.0,410.0000000000001,3,6600.0,118380.0,119610.0,119610.0,0.010283,1540.0,1230.0,
recovery_lock_ladder,263,2025-07-17,2025-07-17T15:06:00+00:00,2025-07-17T15:31:00+00:00,SPXW-20250717-06265.000-C,CALL,2200.0,180.00000000000006,3,6600.0,119610.0,120150.0,120150.0,0.004494,2770.0,540.0,
recovery_lock_ladder,264,2025-07-18,2025-07-18T14:52:00+00:00,2025-07-18T15:17:00+00:00,SPXW-20250718-06265.000-C,CALL,3300.0,-89.99999999999986,3,9900.0,120150.0,119880.0,120150.0,0.0,0.0,-270.0,
recovery_lock_ladder,265,2025-07-21,2025-07-21T14:00:00+00:00,2025-07-21T14:05:00+00:00,SPXW-20250721-06295.000-C,CALL,3279.9999999999995,250.0,3,9839.999999999998,119880.0,120630.0,120630.0,0.006217,0.0,750.0,
recovery_lock_ladder,266,2025-07-21,2025-07-21T19:11:00+00:00,2025-07-21T19:16:00+00:00,SPXW-20250721-06280.000-C,CALL,3510.0,250.0,2,7020.0,120630.0,121130.0,121130.0,0.004128,750.0,500.0,
recovery_lock_ladder,267,2025-07-22,2025-07-22T14:00:00+00:00,2025-07-22T14:02:00+00:00,SPXW-20250722-06285.000-P,PUT,940.0,159.99999999999997,3,2820.0,121130.0,121610.0,121610.0,0.003947,0.0,480.0,
recovery_lock_ladder,268,2025-07-22,2025-07-22T14:29:00+00:00,2025-07-22T14:35:00+00:00,SPXW-20250722-06265.000-C,CALL,2750.0,479.9999999999997,3,8250.0,121610.0,123050.0,123050.0,0.011703,480.0,1440.0,
recovery_lock_ladder,269,2025-07-22,2025-07-22T14:56:00+00:00,2025-07-22T15:01:00+00:00,SPXW-20250722-06270.000-C,CALL,2930.0,209.99999999999977,3,8790.0,123050.0,123680.0,123680.0,0.005094,1920.0,630.0,
recovery_lock_ladder,270,2025-07-23,2025-07-23T14:09:00+00:00,2025-07-23T14:25:00+00:00,SPXW-20250723-06295.000-C,CALL,3100.0,30.00000000000007,3,9300.0,123680.0,123770.0,123770.0,0.000727,0.0,90.0,
recovery_lock_ladder,271,2025-07-23,2025-07-23T14:29:00+00:00,2025-07-23T14:54:00+00:00,SPXW-20250723-06300.000-C,CALL,2830.0,-69.99999999999993,3,8490.0,123770.0,123560.0,123770.0,0.0,90.0,-210.0,
recovery_lock_ladder,272,2025-07-23,2025-07-23T15:00:00+00:00,2025-07-23T15:24:00+00:00,SPXW-20250723-06310.000-C,CALL,1960.0,19.99999999999993,3,5880.0,123560.0,123620.0,123770.0,0.001697,-120.0,60.0,
recovery_lock_ladder,273,2025-07-24,2025-07-24T14:00:00+00:00,2025-07-24T14:09:00+00:00,SPXW-20250724-06350.000-C,CALL,2440.0,70.00000000000028,3,7320.0,123620.0,123830.0,123830.0,0.001696,0.0,210.0,
recovery_lock_ladder,274,2025-07-24,2025-07-24T14:28:00+00:00,2025-07-24T14:34:00+00:00,SPXW-20250724-06340.000-C,CALL,2940.0,230.00000000000009,3,8820.0,123830.0,124520.0,124520.0,0.005541,210.0,690.0,
recovery_lock_ladder,275,2025-07-24,2025-07-24T14:41:00+00:00,2025-07-24T14:46:00+00:00,SPXW-20250724-06345.000-C,CALL,2850.0,60.00000000000014,3,8550.0,124520.0,124700.0,124700.0,0.001443,900.0,180.0,
recovery_lock_ladder,276,2025-07-25,2025-07-25T14:00:00+00:00,2025-07-25T14:11:00+00:00,SPXW-20250725-06340.000-C,CALL,3440.0,130.00000000000043,2,6880.0,124700.0,124960.0,124960.0,0.002081,0.0,260.0,
recovery_lock_ladder,277,2025-07-25,2025-07-25T14:26:00+00:00,2025-07-25T14:51:00+00:00,SPXW-20250725-06360.000-C,CALL,1789.9999999999998,320.0000000000003,3,5369.999999999999,124960.0,125920.0,125920.0,0.007624,260.0,960.0,
recovery_lock_ladder,278,2025-07-28,2025-07-28T14:05:00+00:00,2025-07-28T14:11:00+00:00,SPXW-20250728-06380.000-C,CALL,1960.0,59.99999999999979,3,5880.0,125920.0,126100.0,126100.0,0.001427,0.0,180.0,
recovery_lock_ladder,279,2025-07-28,2025-07-28T14:22:00+00:00,2025-07-28T14:46:00+00:00,SPXW-20250728-06385.000-C,CALL,1400.0,130.00000000000006,3,4200.0,126100.0,126490.0,126490.0,0.003083,180.0,390.0,
recovery_lock_ladder,280,2025-07-28,2025-07-28T15:19:00+00:00,2025-07-28T15:23:00+00:00,SPXW-20250728-06395.000-P,PUT,1030.0,89.99999999999986,3,3090.0,126490.0,126760.0,126760.0,0.00213,570.0,270.0,
recovery_lock_ladder,281,2025-07-28,2025-07-28T15:29:00+00:00,2025-07-28T15:54:00+00:00,SPXW-20250728-06375.000-C,CALL,1720.0,380.00000000000006,3,5160.0,126760.0,127900.0,127900.0,0.008913,840.0,1140.0,
recovery_lock_ladder,282,2025-07-29,2025-07-29T14:53:00+00:00,2025-07-29T14:57:00+00:00,SPXW-20250729-06400.000-P,PUT,1470.0,0.0,3,4410.0,127900.0,127900.0,127900.0,0.0,0.0,0.0,
recovery_lock_ladder,283,2025-07-29,2025-07-29T15:25:00+00:00,2025-07-29T15:30:00+00:00,SPXW-20250729-06390.000-P,PUT,1310.0,540.0,3,3930.0,127900.0,129520.0,129520.0,0.012508,0.0,1620.0,
recovery_lock_ladder,284,2025-07-30,2025-07-30T14:18:00+00:00,2025-07-30T14:24:00+00:00,SPXW-20250730-06350.000-C,CALL,3279.9999999999995,650.0,3,9839.999999999998,129520.0,131470.0,131470.0,0.014832,0.0,1950.0,
recovery_lock_ladder,285,2025-07-30,2025-07-30T14:30:00+00:00,2025-07-30T14:34:00+00:00,SPXW-20250730-06355.000-C,CALL,3300.0,250.0,3,9900.0,131470.0,132220.0,132220.0,0.005672,1950.0,750.0,
recovery_lock_ladder,286,2025-07-30,2025-07-30T14:36:00+00:00,2025-07-30T15:01:00+00:00,SPXW-20250730-06355.000-C,CALL,3410.0,-160.00000000000014,2,6820.0,132220.0,131900.0,132220.0,0.0,2700.0,-320.0,
recovery_lock_ladder,287,2025-07-30,2025-07-30T18:35:00+00:00,2025-07-30T18:36:00+00:00,SPXW-20250730-06370.000-C,CALL,2640.0,180.00000000000006,3,7920.0,131900.0,132440.0,132440.0,0.004077,2380.0,540.0,
recovery_lock_ladder,288,2025-07-30,2025-07-30T18:40:00+00:00,2025-07-30T18:42:00+00:00,SPXW-20250730-06400.000-P,PUT,1950.0,289.9999999999999,3,5850.0,132440.0,133310.0,133310.0,0.006526,2920.0,870.0,
recovery_lock_ladder,289,2025-07-30,2025-07-30T18:59:00+00:00,2025-07-30T19:02:00+00:00,SPXW-20250730-06360.000-P,PUT,1250.0,600.0,3,3750.0,133310.0,135110.0,135110.0,0.013322,3790.0,1800.0,
recovery_lock_ladder,290,2025-07-30,2025-07-30T19:16:00+00:00,2025-07-30T19:17:00+00:00,SPXW-20250730-06390.000-P,PUT,3520.0000000000005,829.9999999999998,2,7040.000000000001,135110.0,136770.0,136770.0,0.012137,5590.0,1660.0,
recovery_lock_ladder,291,2025-07-30,2025-07-30T19:18:00+00:00,2025-07-30T19:19:00+00:00,SPXW-20250730-06375.000-P,PUT,2660.0,69.99999999999993,3,7980.0,136770.0,136980.0,136980.0,0.001533,7250.0,210.0,
recovery_lock_ladder,292,2025-07-30,2025-07-30T19:24:00+00:00,2025-07-30T19:25:00+00:00,SPXW-20250730-06370.000-P,PUT,3030.0,39.99999999999986,3,9090.0,136980.0,137100.0,137100.0,0.000875,7460.0,120.0,
recovery_lock_ladder,293,2025-07-31,2025-07-31T14:00:00+00:00,2025-07-31T14:07:00+00:00,SPXW-20250731-06385.000-C,CALL,3229.9999999999995,210.00000000000017,3,9689.999999999998,137100.0,137730.0,137730.0,0.004574,0.0,630.0,
recovery_lock_ladder,294,2025-07-31,2025-07-31T14:32:00+00:00,2025-07-31T14:57:00+00:00,SPXW-20250731-06385.000-C,CALL,2770.0,-1260.0,3,8310.0,137730.0,133950.0,137730.0,0.0,630.0,-3780.0,
recovery_lock_ladder,295,2025-07-31,2025-07-31T15:20:00+00:00,2025-07-31T15:23:00+00:00,SPXW-20250731-06355.000-C,CALL,2570.0,250.0,0,0.0,133950.0,133950.0,137730.0,0.027445,-3150.0,0.0,daily_loss_stop
recovery_lock_ladder,296,2025-07-31,2025-07-31T15:28:00+00:00,2025-07-31T15:34:00+00:00,SPXW-20250731-06350.000-C,CALL,3310.0,660.0000000000001,0,0.0,133950.0,133950.0,137730.0,0.027445,-3150.0,0.0,daily_loss_stop
recovery_lock_ladder,297,2025-08-01,2025-08-01T14:05:00+00:00,2025-08-01T14:06:00+00:00,SPXW-20250801-06235.000-P,PUT,2480.0,280.00000000000006,3,7440.0,133950.0,134790.0,137730.0,0.027445,0.0,840.0,
recovery_lock_ladder,298,2025-08-01,2025-08-01T14:06:00+00:00,2025-08-01T14:07:00+00:00,SPXW-20250801-06205.000-C,CALL,3340.0,220.00000000000028,2,6680.0,134790.0,135230.0,137730.0,0.021346,840.0,440.0,
recovery_lock_ladder,299,2025-08-01,2025-08-01T14:08:00+00:00,2025-08-01T14:19:00+00:00,SPXW-20250801-06205.000-C,CALL,3150.0,1520.0000000000002,3,9450.0,135230.0,139790.0,139790.0,0.03262,1280.0,4560.0,
recovery_lock_ladder,300,2025-08-01,2025-08-01T14:26:00+00:00,2025-08-01T14:35:00+00:00,SPXW-20250801-06240.000-C,CALL,2220.0,560.0000000000001,3,6660.0,139790.0,141470.0,141470.0,0.011875,5840.0,1680.0,
recovery_lock_ladder,301,2025-08-01,2025-08-01T14:37:00+00:00,2025-08-01T14:48:00+00:00,SPXW-20250801-06230.000-C,CALL,3350.0,-280.00000000000006,2,6700.0,141470.0,140910.0,141470.0,0.0,7520.0,-560.0,
recovery_lock_ladder,302,2025-08-01,2025-08-01T14:51:00+00:00,2025-08-01T14:52:00+00:00,SPXW-20250801-06250.000-P,PUT,2230.0,219.99999999999991,3,6690.0,140910.0,141570.0,141570.0,0.004662,6960.0,660.0,
recovery_lock_ladder,303,2025-08-04,2025-08-04T14:20:00+00:00,2025-08-04T14:27:00+00:00,SPXW-20250804-06280.000-C,CALL,3320.0000000000005,329.9999999999997,3,9960.000000000002,141570.0,142560.0,142560.0,0.006944,0.0,990.0,
recovery_lock_ladder,304,2025-08-04,2025-08-04T14:48:00+00:00,2025-08-04T14:50:00+00:00,SPXW-20250804-06280.000-C,CALL,3370.0000000000005,279.9999999999997,2,6740.000000000001,142560.0,143120.0,143120.0,0.003913,990.0,560.0,
recovery_lock_ladder,305,2025-08-04,2025-08-04T15:02:00+00:00,2025-08-04T15:05:00+00:00,SPXW-20250804-06285.000-C,CALL,2830.0,139.99999999999986,3,8490.0,143120.0,143540.0,143540.0,0.002926,1550.0,420.0,
recovery_lock_ladder,306,2025-08-05,2025-08-05T14:01:00+00:00,2025-08-05T14:02:00+00:00,SPXW-20250805-06350.000-P,PUT,2220.0,260.0000000000001,3,6660.0,143540.0,144320.0,144320.0,0.005405,0.0,780.0,
recovery_lock_ladder,307,2025-08-05,2025-08-05T14:03:00+00:00,2025-08-05T14:06:00+00:00,SPXW-20250805-06360.000-P,PUT,3100.0,729.9999999999998,3,9300.0,144320.0,146510.0,146510.0,0.014948,780.0,2190.0,
recovery_lock_ladder,308,2025-08-05,2025-08-05T14:26:00+00:00,2025-08-05T14:36:00+00:00,SPXW-20250805-06335.000-P,PUT,2330.0,450.0,3,6990.0,146510.0,147860.0,147860.0,0.00913,2970.0,1350.0,
recovery_lock_ladder,309,2025-08-05,2025-08-05T14:42:00+00:00,2025-08-05T14:44:00+00:00,SPXW-20250805-06310.000-P,PUT,1440.0,440.00000000000006,3,4320.0,147860.0,149180.0,149180.0,0.008848,4320.0,1320.0,
recovery_lock_ladder,310,2025-08-05,2025-08-05T14:48:00+00:00,2025-08-05T14:49:00+00:00,SPXW-20250805-06305.000-P,PUT,1620.0,450.0,3,4860.0,149180.0,150530.0,150530.0,0.008968,5640.0,1350.0,
recovery_lock_ladder,311,2025-08-05,2025-08-05T14:53:00+00:00,2025-08-05T15:04:00+00:00,SPXW-20250805-06275.000-C,CALL,2600.0,510.0000000000001,3,7800.0,150530.0,152060.0,152060.0,0.010062,6990.0,1530.0,
recovery_lock_ladder,312,2025-08-06,2025-08-06T14:00:00+00:00,2025-08-06T14:10:00+00:00,SPXW-20250806-06290.000-C,CALL,2450.0,1260.0000000000002,3,7350.0,152060.0,155840.0,155840.0,0.024256,0.0,3780.0,
recovery_lock_ladder,313,2025-08-06,2025-08-06T14:28:00+00:00,2025-08-06T14:32:00+00:00,SPXW-20250806-06280.000-C,CALL,2730.0,300.0,3,8190.0,155840.0,156740.0,156740.0,0.005742,3780.0,900.0,
recovery_lock_ladder,314,2025-08-06,2025-08-06T14:36:00+00:00,2025-08-06T14:37:00+00:00,SPXW-20250806-06300.000-C,CALL,1800.0,389.9999999999999,3,5400.0,156740.0,157910.0,157910.0,0.007409,4680.0,1170.0,
recovery_lock_ladder,315,2025-08-06,2025-08-06T14:38:00+00:00,2025-08-06T14:44:00+00:00,SPXW-20250806-06295.000-C,CALL,2410.0,409.9999999999998,3,7230.0,157910.0,159140.0,159140.0,0.007729,5850.0,1230.0,
recovery_lock_ladder,316,2025-08-06,2025-08-06T14:45:00+00:00,2025-08-06T14:54:00+00:00,SPXW-20250806-06290.000-C,CALL,3260.0,150.0,3,9780.0,159140.0,159590.0,159590.0,0.00282,7080.0,450.0,
recovery_lock_ladder,317,2025-08-07,2025-08-07T14:00:00+00:00,2025-08-07T14:15:00+00:00,SPXW-20250807-06355.000-C,CALL,3320.0000000000005,-1420.0000000000002,3,9960.000000000002,159590.0,155330.0,159590.0,0.0,0.0,-4260.0,
recovery_lock_ladder,318,2025-08-07,2025-08-07T14:15:00+00:00,2025-08-07T14:19:00+00:00,SPXW-20250807-06370.000-P,PUT,1440.0,209.99999999999997,0,0.0,155330.0,155330.0,159590.0,0.026693,-4260.0,0.0,daily_loss_stop
recovery_lock_ladder,319,2025-08-07,2025-08-07T14:25:00+00:00,2025-08-07T14:31:00+00:00,SPXW-20250807-06365.000-P,PUT,1890.0,40.00000000000021,0,0.0,155330.0,155330.0,159590.0,0.026693,-4260.0,0.0,daily_loss_stop
recovery_lock_ladder,320,2025-08-07,2025-08-07T14:39:00+00:00,2025-08-07T14:46:00+00:00,SPXW-20250807-06330.000-C,CALL,3010.0,400.0,0,0.0,155330.0,155330.0,159590.0,0.026693,-4260.0,0.0,daily_loss_stop
recovery_lock_ladder,321,2025-08-07,2025-08-07T15:17:00+00:00,2025-08-07T15:22:00+00:00,SPXW-20250807-06315.000-C,CALL,3170.0,440.0000000000002,0,0.0,155330.0,155330.0,159590.0,0.026693,-4260.0,0.0,daily_loss_stop
recovery_lock_ladder,322,2025-08-07,2025-08-07T17:40:00+00:00,2025-08-07T17:46:00+00:00,SPXW-20250807-06290.000-C,CALL,3340.0,170.00000000000028,0,0.0,155330.0,155330.0,159590.0,0.026693,-4260.0,0.0,daily_loss_stop
recovery_lock_ladder,323,2025-08-08,2025-08-08T14:00:00+00:00,2025-08-08T14:03:00+00:00,SPXW-20250808-06350.000-C,CALL,3120.0,230.00000000000009,3,9360.0,155330.0,156020.0,159590.0,0.026693,0.0,690.0,
recovery_lock_ladder,324,2025-08-08,2025-08-08T14:27:00+00:00,2025-08-08T14:29:00+00:00,SPXW-20250808-06350.000-C,CALL,3320.0000000000005,209.99999999999943,3,9960.000000000002,156020.0,156650.0,159590.0,0.02237,690.0,630.0,
recovery_lock_ladder,325,2025-08-11,2025-08-11T14:01:00+00:00,2025-08-11T14:10:00+00:00,SPXW-20250811-06365.000-C,CALL,3130.0,-30.00000000000007,3,9390.0,156650.0,156560.0,159590.0,0.018422,0.0,-90.0,
recovery_lock_ladder,326,2025-08-11,2025-08-11T14:19:00+00:00,2025-08-11T14:44:00+00:00,SPXW-20250811-06370.000-C,CALL,2860.0,-620.0000000000002,3,8580.0,156560.0,154700.0,159590.0,0.018986,-90.0,-1860.0,
recovery_lock_ladder,327,2025-08-11,2025-08-11T15:17:00+00:00,2025-08-11T15:24:00+00:00,SPXW-20250811-06420.000-P,PUT,3140.0,0.0,0,0.0,154700.0,154700.0,159590.0,0.030641,-1950.0,0.0,daily_loss_stop
recovery_lock_ladder,328,2025-08-12,2025-08-12T14:00:00+00:00,2025-08-12T14:01:00+00:00,SPXW-20250812-06410.000-P,PUT,2440.0,340.0000000000002,1,2440.0,154700.0,155040.0,159590.0,0.030641,0.0,340.0,
recovery_lock_ladder,329,2025-08-12,2025-08-12T14:13:00+00:00,2025-08-12T14:18:00+00:00,SPXW-20250812-06370.000-C,CALL,3490.0,760.0000000000001,1,3490.0,155040.0,155800.0,159590.0,0.028511,340.0,760.0,
recovery_lock_ladder,330,2025-08-12,2025-08-12T14:26:00+00:00,2025-08-12T14:29:00+00:00,SPXW-20250812-06380.000-C,CALL,3340.0,110.00000000000014,1,3340.0,155800.0,155910.0,159590.0,0.023748,1100.0,110.0,
recovery_lock_ladder,331,2025-08-12,2025-08-12T14:39:00+00:00,2025-08-12T14:45:00+00:00,SPXW-20250812-06375.000-C,CALL,3520.0000000000005,359.99999999999943,1,3520.0000000000005,155910.0,156270.0,159590.0,0.023059,1210.0,360.0,
recovery_lock_ladder,332,2025-08-12,2025-08-12T14:48:00+00:00,2025-08-12T14:52:00+00:00,SPXW-20250812-06380.000-C,CALL,3440.0,480.00000000000045,1,3440.0,156270.0,156750.0,159590.0,0.020803,1570.0,480.0,
recovery_lock_ladder,333,2025-08-12,2025-08-12T14:58:00+00:00,2025-08-12T15:07:00+00:00,SPXW-20250812-06405.000-C,CALL,1550.0,619.9999999999999,1,1550.0,156750.0,157370.0,159590.0,0.017796,2050.0,620.0,
recovery_lock_ladder,334,2025-08-13,2025-08-13T14:00:00+00:00,2025-08-13T14:02:00+00:00,SPXW-20250813-06485.000-P,PUT,1490.0,259.99999999999994,3,4470.0,157370.0,158150.0,159590.0,0.013911,0.0,780.0,
recovery_lock_ladder,335,2025-08-13,2025-08-13T14:31:00+00:00,2025-08-13T14:32:00+00:00,SPXW-20250813-06475.000-P,PUT,1800.0,239.99999999999983,3,5400.0,158150.0,158870.0,159590.0,0.009023,780.0,720.0,
recovery_lock_ladder,336,2025-08-13,2025-08-13T15:21:00+00:00,2025-08-13T15:24:00+00:00,SPXW-20250813-06430.000-C,CALL,2660.0,279.9999999999997,3,7980.0,158870.0,159710.0,159710.0,0.00526,1500.0,840.0,
recovery_lock_ladder,337,2025-08-14,2025-08-14T14:01:00+00:00,2025-08-14T14:07:00+00:00,SPXW-20250814-06430.000-C,CALL,3140.0,70.00000000000028,3,9420.0,159710.0,159920.0,159920.0,0.001313,0.0,210.0,
recovery_lock_ladder,338,2025-08-14,2025-08-14T14:26:00+00:00,2025-08-14T14:31:00+00:00,SPXW-20250814-06430.000-C,CALL,2920.0,540.0000000000002,3,8760.0,159920.0,161540.0,161540.0,0.010028,210.0,1620.0,
recovery_lock_ladder,339,2025-08-14,2025-08-14T14:31:00+00:00,2025-08-14T14:39:00+00:00,SPXW-20250814-06440.000-C,CALL,2600.0,110.00000000000014,3,7800.0,161540.0,161870.0,161870.0,0.002039,1830.0,330.0,
recovery_lock_ladder,340,2025-08-14,2025-08-14T14:52:00+00:00,2025-08-14T15:17:00+00:00,SPXW-20250814-06440.000-C,CALL,3110.0,-570.0000000000002,3,9330.0,161870.0,160160.0,161870.0,0.0,2160.0,-1710.0,
recovery_lock_ladder,341,2025-08-15,2025-08-15T14:01:00+00:00,2025-08-15T14:02:00+00:00,SPXW-20250815-06450.000-C,CALL,1380.0,369.99999999999994,3,4140.0,160160.0,161270.0,161870.0,0.010564,0.0,1110.0,
recovery_lock_ladder,342,2025-08-15,2025-08-15T14:15:00+00:00,2025-08-15T14:40:00+00:00,SPXW-20250815-06440.000-C,CALL,2470.0,-289.9999999999999,3,7410.0,161270.0,160400.0,161870.0,0.003707,1110.0,-870.0,
recovery_lock_ladder,343,2025-08-15,2025-08-15T14:56:00+00:00,2025-08-15T15:03:00+00:00,SPXW-20250815-06425.000-C,CALL,2950.0,19.99999999999993,3,8850.0,160400.0,160460.0,161870.0,0.009081,240.0,60.0,
recovery_lock_ladder,344,2025-08-15,2025-08-15T15:11:00+00:00,2025-08-15T15:15:00+00:00,SPXW-20250815-06430.000-C,CALL,2490.0,190.00000000000023,3,7470.0,160460.0,161030.0,161870.0,0.008711,300.0,570.0,
recovery_lock_ladder,345,2025-08-15,2025-08-15T15:16:00+00:00,2025-08-15T15:21:00+00:00,SPXW-20250815-06430.000-C,CALL,2700.0,230.00000000000009,3,8100.0,161030.0,161720.0,161870.0,0.005189,870.0,690.0,
recovery_lock_ladder,346,2025-08-18,2025-08-18T14:05:00+00:00,2025-08-18T14:30:00+00:00,SPXW-20250818-06430.000-C,CALL,2150.0,-250.0,3,6450.0,161720.0,160970.0,161870.0,0.000927,0.0,-750.0,
recovery_lock_ladder,347,2025-08-18,2025-08-18T14:33:00+00:00,2025-08-18T14:37:00+00:00,SPXW-20250818-06425.000-C,CALL,2470.0,10.000000000000142,0,0.0,160970.0,160970.0,161870.0,0.00556,-750.0,0.0,daily_loss_stop
recovery_lock_ladder,348,2025-08-18,2025-08-18T14:37:00+00:00,2025-08-18T14:40:00+00:00,SPXW-20250818-06445.000-C,CALL,960.0,-29.999999999999893,0,0.0,160970.0,160970.0,161870.0,0.00556,-750.0,-0.0,daily_loss_stop
recovery_lock_ladder,349,2025-08-18,2025-08-18T14:59:00+00:00,2025-08-18T15:03:00+00:00,SPXW-20250818-06430.000-C,CALL,1860.0,309.9999999999998,0,0.0,160970.0,160970.0,161870.0,0.00556,-750.0,0.0,daily_loss_stop
recovery_lock_ladder,350,2025-08-18,2025-08-18T15:22:00+00:00,2025-08-18T15:47:00+00:00,SPXW-20250818-06425.000-C,CALL,2400.0,-200.0,0,0.0,160970.0,160970.0,161870.0,0.00556,-750.0,-0.0,daily_loss_stop
recovery_lock_ladder,351,2025-08-19,2025-08-19T14:01:00+00:00,2025-08-19T14:09:00+00:00,SPXW-20250819-06425.000-C,CALL,2180.0,730.0000000000001,3,6540.0,160970.0,163160.0,163160.0,0.013422,0.0,2190.0,
recovery_lock_ladder,352,2025-08-19,2025-08-19T14:27:00+00:00,2025-08-19T14:31:00+00:00,SPXW-20250819-06450.000-P,PUT,670.0,339.99999999999994,3,2010.0,163160.0,164180.0,164180.0,0.006213,2190.0,1020.0,
recovery_lock_ladder,353,2025-08-19,2025-08-19T15:01:00+00:00,2025-08-19T15:02:00+00:00,SPXW-20250819-06435.000-P,PUT,1580.0,130.00000000000006,3,4740.0,164180.0,164570.0,164570.0,0.00237,3210.0,390.0,
recovery_lock_ladder,354,2025-08-19,2025-08-19T15:27:00+00:00,2025-08-19T15:35:00+00:00,SPXW-20250819-06410.000-C,CALL,2240.0,270.0000000000003,3,6720.0,164570.0,165380.0,165380.0,0.004898,3600.0,810.0,
recovery_lock_ladder,355,2025-08-20,2025-08-20T14:02:00+00:00,2025-08-20T14:14:00+00:00,SPXW-20250820-06345.000-C,CALL,3390.0,-909.9999999999998,2,6780.0,165380.0,163560.0,165380.0,0.0,0.0,-1820.0,
recovery_lock_ladder,356,2025-08-20,2025-08-20T14:27:00+00:00,2025-08-20T14:31:00+00:00,SPXW-20250820-06395.000-P,PUT,3490.0,910.0,0,0.0,163560.0,163560.0,165380.0,0.011005,-1820.0,0.0,daily_loss_stop
recovery_lock_ladder,357,2025-08-20,2025-08-20T14:38:00+00:00,2025-08-20T14:46:00+00:00,SPXW-20250820-06330.000-C,CALL,3050.0,-310.0000000000001,0,0.0,163560.0,163560.0,165380.0,0.011005,-1820.0,-0.0,daily_loss_stop
recovery_lock_ladder,358,2025-08-20,2025-08-20T14:58:00+00:00,2025-08-20T15:10:00+00:00,SPXW-20250820-06330.000-C,CALL,2260.0,1139.9999999999998,0,0.0,163560.0,163560.0,165380.0,0.011005,-1820.0,0.0,daily_loss_stop
recovery_lock_ladder,359,2025-08-20,2025-08-20T17:30:00+00:00,2025-08-20T17:37:00+00:00,SPXW-20250820-06360.000-C,CALL,2270.0,780.0000000000001,0,0.0,163560.0,163560.0,165380.0,0.011005,-1820.0,0.0,daily_loss_stop
recovery_lock_ladder,360,2025-08-21,2025-08-21T14:01:00+00:00,2025-08-21T14:07:00+00:00,SPXW-20250821-06345.000-C,CALL,3260.0,950.0,3,9780.0,163560.0,166410.0,166410.0,0.017126,0.0,2850.0,
recovery_lock_ladder,361,2025-08-21,2025-08-21T14:09:00+00:00,2025-08-21T14:18:00+00:00,SPXW-20250821-06355.000-C,CALL,3379.9999999999995,550.0,2,6759.999999999999,166410.0,167510.0,167510.0,0.006567,2850.0,1100.0,
recovery_lock_ladder,362,2025-08-21,2025-08-21T14:27:00+00:00,2025-08-21T14:30:00+00:00,SPXW-20250821-06360.000-C,CALL,3270.0000000000005,319.99999999999955,3,9810.000000000002,167510.0,168470.0,168470.0,0.005698,3950.0,960.0,
recovery_lock_ladder,363,2025-08-21,2025-08-21T15:05:00+00:00,2025-08-21T15:06:00+00:00,SPXW-20250821-06400.000-P,PUT,2030.0,259.9999999999998,3,6090.0,168470.0,169250.0,169250.0,0.004609,4910.0,780.0,
recovery_lock_ladder,364,2025-08-22,2025-08-22T14:00:00+00:00,2025-08-22T14:02:00+00:00,SPXW-20250822-06390.000-C,CALL,2960.0,3390.0,3,8880.0,169250.0,179420.0,179420.0,0.056683,0.0,10170.0,
recovery_lock_ladder,365,2025-08-22,2025-08-22T14:08:00+00:00,2025-08-22T14:13:00+00:00,SPXW-20250822-06425.000-C,CALL,3350.0,450.0,2,6700.0,179420.0,180320.0,180320.0,0.004991,10170.0,900.0,
recovery_lock_ladder,366,2025-08-22,2025-08-22T14:24:00+00:00,2025-08-22T14:27:00+00:00,SPXW-20250822-06425.000-C,CALL,3070.0,830.0000000000001,3,9210.0,180320.0,182810.0,182810.0,0.013621,11070.0,2490.0,
recovery_lock_ladder,367,2025-08-22,2025-08-22T14:50:00+00:00,2025-08-22T14:51:00+00:00,SPXW-20250822-06440.000-C,CALL,3320.0000000000005,269.99999999999955,3,9960.000000000002,182810.0,183620.0,183620.0,0.004411,13560.0,810.0,
recovery_lock_ladder,368,2025-08-25,2025-08-25T14:01:00+00:00,2025-08-25T14:07:00+00:00,SPXW-20250825-06425.000-C,CALL,3250.0,60.00000000000014,3,9750.0,183620.0,183800.0,183800.0,0.000979,0.0,180.0,
recovery_lock_ladder,369,2025-08-25,2025-08-25T14:27:00+00:00,2025-08-25T14:49:00+00:00,SPXW-20250825-06445.000-C,CALL,1330.0,50.0,3,3990.0,183800.0,183950.0,183950.0,0.000815,180.0,150.0,
recovery_lock_ladder,370,2025-08-25,2025-08-25T14:49:00+00:00,2025-08-25T15:14:00+00:00,SPXW-20250825-06450.000-C,CALL,1030.0,339.9999999999999,3,3090.0,183950.0,184970.0,184970.0,0.005514,330.0,1020.0,
recovery_lock_ladder,371,2025-08-26,2025-08-26T14:00:00+00:00,2025-08-26T14:25:00+00:00,SPXW-20250826-06420.000-C,CALL,2220.0,460.0000000000001,3,6660.0,184970.0,186350.0,186350.0,0.007405,0.0,1380.0,
recovery_lock_ladder,372,2025-08-26,2025-08-26T14:25:00+00:00,2025-08-26T14:50:00+00:00,SPXW-20250826-06415.000-C,CALL,3170.0,-450.0,3,9510.0,186350.0,185000.0,186350.0,0.0,1380.0,-1350.0,
recovery_lock_ladder,373,2025-08-26,2025-08-26T15:14:00+00:00,2025-08-26T15:25:00+00:00,SPXW-20250826-06410.000-C,CALL,3180.0,90.00000000000021,3,9540.0,185000.0,185270.0,186350.0,0.007244,30.0,270.0,
recovery_lock_ladder,374,2025-08-27,2025-08-27T14:02:00+00:00,2025-08-27T14:13:00+00:00,SPXW-20250827-06450.000-C,CALL,2020.0,200.0,3,6060.0,185270.0,185870.0,186350.0,0.005796,0.0,600.0,
recovery_lock_ladder,375,2025-08-27,2025-08-27T14:19:00+00:00,2025-08-27T14:23:00+00:00,SPXW-20250827-06440.000-C,CALL,3379.9999999999995,240.00000000000057,2,6759.999999999999,185870.0,186350.0,186350.0,0.002576,600.0,480.0,
recovery_lock_ladder,376,2025-08-27,2025-08-27T14:33:00+00:00,2025-08-27T14:58:00+00:00,SPXW-20250827-06465.000-C,CALL,1420.0,-79.99999999999989,3,4260.0,186350.0,186110.0,186350.0,0.0,1080.0,-240.0,
recovery_lock_ladder,377,2025-08-28,2025-08-28T14:00:00+00:00,2025-08-28T14:06:00+00:00,SPXW-20250828-06495.000-P,PUT,2570.0,-180.00000000000006,3,7710.0,186110.0,185570.0,186350.0,0.001288,0.0,-540.0,
recovery_lock_ladder,378,2025-08-28,2025-08-28T14:33:00+00:00,2025-08-28T14:58:00+00:00,SPXW-20250828-06465.000-C,CALL,1620.0,600.0,3,4860.0,185570.0,187370.0,187370.0,0.009607,-540.0,1800.0,
recovery_lock_ladder,379,2025-08-28,2025-08-28T15:10:00+00:00,2025-08-28T15:35:00+00:00,SPXW-20250828-06470.000-C,CALL,1580.0,-20.000000000000107,3,4740.0,187370.0,187310.0,187370.0,0.0,1260.0,-60.0,
recovery_lock_ladder,380,2025-08-29,2025-08-29T14:04:00+00:00,2025-08-29T14:07:00+00:00,SPXW-20250829-06470.000-P,PUT,1610.0000000000002,679.9999999999998,3,4830.000000000001,187310.0,189350.0,189350.0,0.010774,0.0,2040.0,
recovery_lock_ladder,381,2025-08-29,2025-08-29T14:08:00+00:00,2025-08-29T14:13:00+00:00,SPXW-20250829-06485.000-P,PUT,3310.0,169.99999999999957,3,9930.0,189350.0,189860.0,189860.0,0.002686,2040.0,510.0,
recovery_lock_ladder,382,2025-08-29,2025-08-29T14:13:00+00:00,2025-08-29T14:15:00+00:00,SPXW-20250829-06425.000-C,CALL,3310.0,219.99999999999957,3,9930.0,189860.0,190520.0,190520.0,0.003464,2550.0,660.0,
recovery_lock_ladder,383,2025-08-29,2025-08-29T14:33:00+00:00,2025-08-29T14:41:00+00:00,SPXW-20250829-06435.000-C,CALL,2910.0,189.99999999999983,3,8730.0,190520.0,191090.0,191090.0,0.002983,3210.0,570.0,
recovery_lock_ladder,384,2025-08-29,2025-08-29T14:55:00+00:00,2025-08-29T15:03:00+00:00,SPXW-20250829-06420.000-C,CALL,3370.0000000000005,229.99999999999972,2,6740.000000000001,191090.0,191550.0,191550.0,0.002401,3780.0,460.0,
recovery_lock_ladder,385,2025-08-29,2025-08-29T15:26:00+00:00,2025-08-29T15:51:00+00:00,SPXW-20250829-06435.000-C,CALL,2620.0,-580.0000000000001,3,7860.0,191550.0,189810.0,191550.0,0.0,4240.0,-1740.0,
recovery_lock_ladder,386,2025-09-02,2025-09-02T14:00:00+00:00,2025-09-02T14:05:00+00:00,SPXW-20250902-06405.000-C,CALL,1420.0,0.0,3,4260.0,189810.0,189810.0,191550.0,0.009084,0.0,0.0,
recovery_lock_ladder,387,2025-09-02,2025-09-02T14:28:00+00:00,2025-09-02T14:31:00+00:00,SPXW-20250902-06380.000-C,CALL,2270.0,580.0000000000001,3,6810.0,189810.0,191550.0,191550.0,0.009084,0.0,1740.0,
recovery_lock_ladder,388,2025-09-02,2025-09-02T14:36:00+00:00,2025-09-02T14:51:00+00:00,SPXW-20250902-06375.000-C,CALL,3310.0,-1390.0000000000002,3,9930.0,191550.0,187380.0,191550.0,0.0,1740.0,-4170.0,
recovery_lock_ladder,389,2025-09-03,2025-09-03T14:18:00+00:00,2025-09-03T14:20:00+00:00,SPXW-20250903-06440.000-C,CALL,630.0,220.00000000000003,3,1890.0,187380.0,188040.0,191550.0,0.02177,0.0,660.0,
recovery_lock_ladder,390,2025-09-03,2025-09-03T14:23:00+00:00,2025-09-03T14:27:00+00:00,SPXW-20250903-06415.000-C,CALL,2810.0,209.99999999999977,3,8430.0,188040.0,188670.0,191550.0,0.018324,660.0,630.0,
recovery_lock_ladder,391,2025-09-03,2025-09-03T14:31:00+00:00,2025-09-03T14:35:00+00:00,SPXW-20250903-06420.000-C,CALL,2320.0,340.0000000000002,1,2320.0,188670.0,189010.0,191550.0,0.015035,1290.0,340.0,
recovery_lock_ladder,392,2025-09-03,2025-09-03T14:43:00+00:00,2025-09-03T15:08:00+00:00,SPXW-20250903-06440.000-C,CALL,1300.0,159.99999999999997,1,1300.0,189010.0,189170.0,191550.0,0.01326,1630.0,160.0,
recovery_lock_ladder,393,2025-09-03,2025-09-03T15:24:00+00:00,2025-09-03T15:37:00+00:00,SPXW-20250903-06410.000-C,CALL,3460.0,-480.00000000000006,1,3460.0,189170.0,188690.0,191550.0,0.012425,1790.0,-480.0,
recovery_lock_ladder,394,2025-09-04,2025-09-04T14:01:00+00:00,2025-09-04T14:04:00+00:00,SPXW-20250904-06470.000-P,PUT,1490.0,420.0000000000001,1,1490.0,188690.0,189110.0,191550.0,0.014931,0.0,420.0,
recovery_lock_ladder,395,2025-09-04,2025-09-04T14:23:00+00:00,2025-09-04T14:26:00+00:00,SPXW-20250904-06445.000-C,CALL,1460.0,560.0,1,1460.0,189110.0,189670.0,191550.0,0.012738,420.0,560.0,
recovery_lock_ladder,396,2025-09-04,2025-09-04T14:28:00+00:00,2025-09-04T14:33:00+00:00,SPXW-20250904-06430.000-C,CALL,2970.0,540.0000000000002,1,2970.0,189670.0,190210.0,191550.0,0.009815,980.0,540.0,
recovery_lock_ladder,397,2025-09-04,2025-09-04T14:35:00+00:00,2025-09-04T14:40:00+00:00,SPXW-20250904-06435.000-C,CALL,2970.0,359.9999999999998,3,8910.0,190210.0,191290.0,191550.0,0.006996,1520.0,1080.0,
recovery_lock_ladder,398,2025-09-04,2025-09-04T14:53:00+00:00,2025-09-04T15:00:00+00:00,SPXW-20250904-06435.000-C,CALL,3300.0,70.00000000000028,1,3300.0,191290.0,191360.0,191550.0,0.001357,2600.0,70.0,
recovery_lock_ladder,399,2025-09-04,2025-09-04T15:17:00+00:00,2025-09-04T15:29:00+00:00,SPXW-20250904-06450.000-C,CALL,2180.0,400.0,3,6540.0,191360.0,192560.0,192560.0,0.006232,2670.0,1200.0,
recovery_lock_ladder,400,2025-09-05,2025-09-05T14:00:00+00:00,2025-09-05T14:03:00+00:00,SPXW-20250905-06515.000-P,PUT,930.0,359.99999999999994,3,2790.0,192560.0,193640.0,193640.0,0.005577,0.0,1080.0,
recovery_lock_ladder,401,2025-09-05,2025-09-05T14:05:00+00:00,2025-09-05T14:09:00+00:00,SPXW-20250905-06510.000-P,PUT,960.0,290.00000000000006,3,2880.0,193640.0,194510.0,194510.0,0.004473,1080.0,870.0,
recovery_lock_ladder,402,2025-09-05,2025-09-05T14:15:00+00:00,2025-09-05T14:17:00+00:00,SPXW-20250905-06520.000-P,PUT,2420.0,450.0,3,7260.0,194510.0,195860.0,195860.0,0.006893,1950.0,1350.0,
recovery_lock_ladder,403,2025-09-05,2025-09-05T14:21:00+00:00,2025-09-05T14:25:00+00:00,SPXW-20250905-06515.000-P,PUT,2640.0,1280.0000000000005,3,7920.0,195860.0,199700.0,199700.0,0.019229,3300.0,3840.0,
recovery_lock_ladder,404,2025-09-05,2025-09-05T14:26:00+00:00,2025-09-05T14:29:00+00:00,SPXW-20250905-06485.000-P,PUT,1830.0,480.00000000000006,3,5490.0,199700.0,201140.0,201140.0,0.007159,7140.0,1440.0,
recovery_lock_ladder,405,2025-09-05,2025-09-05T14:30:00+00:00,2025-09-05T14:31:00+00:00,SPXW-20250905-06480.000-P,PUT,1760.0000000000002,59.99999999999979,3,5280.000000000001,201140.0,201320.0,201320.0,0.000894,8580.0,180.0,
recovery_lock_ladder,406,2025-09-05,2025-09-05T14:41:00+00:00,2025-09-05T14:43:00+00:00,SPXW-20250905-06465.000-P,PUT,1350.0,460.0000000000001,3,4050.0,201320.0,202700.0,202700.0,0.006808,8760.0,1380.0,
recovery_lock_ladder,407,2025-09-05,2025-09-05T14:48:00+00:00,2025-09-05T14:51:00+00:00,SPXW-20250905-06470.000-P,PUT,2140.0,400.0,3,6420.0,202700.0,203900.0,203900.0,0.005885,10140.0,1200.0,
recovery_lock_ladder,408,2025-09-05,2025-09-05T14:52:00+00:00,2025-09-05T14:56:00+00:00,SPXW-20250905-06440.000-C,CALL,2930.0,349.99999999999966,3,8790.0,203900.0,204950.0,204950.0,0.005123,11340.0,1050.0,
recovery_lock_ladder,409,2025-09-05,2025-09-05T15:20:00+00:00,2025-09-05T15:25:00+00:00,SPXW-20250905-06435.000-C,CALL,3140.0,510.0000000000001,3,9420.0,204950.0,206480.0,206480.0,0.00741,12390.0,1530.0,
recovery_lock_ladder,410,2025-09-05,2025-09-05T15:27:00+00:00,2025-09-05T15:30:00+00:00,SPXW-20250905-06440.000-C,CALL,3110.0,469.99999999999955,3,9330.0,206480.0,207890.0,207890.0,0.006782,13920.0,1410.0,
recovery_lock_ladder,411,2025-09-08,2025-09-08T14:01:00+00:00,2025-09-08T14:04:00+00:00,SPXW-20250908-06495.000-P,PUT,980.0,-20.000000000000107,3,2940.0,207890.0,207830.0,207890.0,0.0,0.0,-60.0,
recovery_lock_ladder,412,2025-09-08,2025-09-08T14:07:00+00:00,2025-09-08T14:32:00+00:00,SPXW-20250908-06465.000-C,CALL,3170.0,380.00000000000006,3,9510.0,207830.0,208970.0,208970.0,0.005455,-60.0,1140.0,
recovery_lock_ladder,413,2025-09-08,2025-09-08T14:36:00+00:00,2025-09-08T14:41:00+00:00,SPXW-20250908-06475.000-C,CALL,2540.0,230.00000000000009,3,7620.0,208970.0,209660.0,209660.0,0.003291,1080.0,690.0,
recovery_lock_ladder,414,2025-09-08,2025-09-08T14:46:00+00:00,2025-09-08T15:11:00+00:00,SPXW-20250908-06490.000-C,CALL,1580.0,339.9999999999999,3,4740.0,209660.0,210680.0,210680.0,0.004841,1770.0,1020.0,
recovery_lock_ladder,415,2025-09-08,2025-09-08T18:15:00+00:00,2025-09-08T18:23:00+00:00,SPXW-20250908-06475.000-C,CALL,1600.0,450.0,3,4800.0,210680.0,212030.0,212030.0,0.006367,2790.0,1350.0,
recovery_lock_ladder,416,2025-09-09,2025-09-09T14:10:00+00:00,2025-09-09T14:13:00+00:00,SPXW-20250909-06485.000-C,CALL,2080.0,269.99999999999994,3,6240.0,212030.0,212840.0,212840.0,0.003806,0.0,810.0,
recovery_lock_ladder,417,2025-09-09,2025-09-09T14:35:00+00:00,2025-09-09T14:40:00+00:00,SPXW-20250909-06495.000-P,PUT,1410.0,-29.999999999999893,3,4230.0,212840.0,212750.0,212840.0,0.0,810.0,-90.0,
recovery_lock_ladder,418,2025-09-09,2025-09-09T15:15:00+00:00,2025-09-09T15:19:00+00:00,SPXW-20250909-06475.000-C,CALL,2100.0,130.00000000000006,3,6300.0,212750.0,213140.0,213140.0,0.00183,720.0,390.0,
recovery_lock_ladder,419,2025-09-10,2025-09-10T14:00:00+00:00,2025-09-10T14:08:00+00:00,SPXW-20250910-06535.000-C,CALL,1630.0,550.0,3,4890.0,213140.0,214790.0,214790.0,0.007682,0.0,1650.0,
recovery_lock_ladder,420,2025-09-10,2025-09-10T14:21:00+00:00,2025-09-10T14:46:00+00:00,SPXW-20250910-06535.000-C,CALL,2150.0,-469.99999999999994,3,6450.0,214790.0,213380.0,214790.0,0.0,1650.0,-1410.0,
recovery_lock_ladder,421,2025-09-10,2025-09-10T14:47:00+00:00,2025-09-10T15:12:00+00:00,SPXW-20250910-06530.000-C,CALL,2050.0,-519.9999999999999,3,6150.0,213380.0,211820.0,214790.0,0.006565,240.0,-1560.0,
recovery_lock_ladder,422,2025-09-11,2025-09-11T14:00:00+00:00,2025-09-11T14:09:00+00:00,SPXW-20250911-06545.000-C,CALL,2550.0,539.9999999999999,3,7650.0,211820.0,213440.0,214790.0,0.013827,0.0,1620.0,
recovery_lock_ladder,423,2025-09-11,2025-09-11T14:11:00+00:00,2025-09-11T14:14:00+00:00,SPXW-20250911-06540.000-C,CALL,3100.0,89.99999999999986,3,9300.0,213440.0,213710.0,214790.0,0.006285,1620.0,270.0,
recovery_lock_ladder,424,2025-09-11,2025-09-11T14:30:00+00:00,2025-09-11T14:35:00+00:00,SPXW-20250911-06540.000-C,CALL,3320.0000000000005,450.0,3,9960.000000000002,213710.0,215060.0,215060.0,0.006277,1890.0,1350.0,
recovery_lock_ladder,425,2025-09-11,2025-09-11T14:39:00+00:00,2025-09-11T14:43:00+00:00,SPXW-20250911-06550.000-C,CALL,2970.0,180.00000000000006,3,8910.0,215060.0,215600.0,215600.0,0.002505,3240.0,540.0,
recovery_lock_ladder,426,2025-09-11,2025-09-11T15:25:00+00:00,2025-09-11T15:29:00+00:00,SPXW-20250911-06555.000-C,CALL,3080.0,19.99999999999993,3,9240.0,215600.0,215660.0,215660.0,0.000278,3780.0,60.0,
recovery_lock_ladder,427,2025-09-12,2025-09-12T14:02:00+00:00,2025-09-12T14:07:00+00:00,SPXW-20250912-06560.000-C,CALL,2930.0,189.99999999999983,3,8790.0,215660.0,216230.0,216230.0,0.002636,0.0,570.0,
recovery_lock_ladder,428,2025-09-12,2025-09-12T14:21:00+00:00,2025-09-12T14:25:00+00:00,SPXW-20250912-06565.000-C,CALL,2430.0,169.99999999999994,3,7290.0,216230.0,216740.0,216740.0,0.002353,570.0,510.0,
recovery_lock_ladder,429,2025-09-12,2025-09-12T14:28:00+00:00,2025-09-12T14:34:00+00:00,SPXW-20250912-06555.000-C,CALL,3450.0,100.0,2,6900.0,216740.0,216940.0,216940.0,0.000922,1080.0,200.0,
recovery_lock_ladder,430,2025-09-12,2025-09-12T14:42:00+00:00,2025-09-12T14:48:00+00:00,SPXW-20250912-06565.000-C,CALL,2460.0,169.99999999999994,3,7380.0,216940.0,217450.0,217450.0,0.002345,1280.0,510.0,
recovery_lock_ladder,431,2025-09-12,2025-09-12T14:49:00+00:00,2025-09-12T15:14:00+00:00,SPXW-20250912-06575.000-C,CALL,1720.0,10.000000000000142,3,5160.0,217450.0,217480.0,217480.0,0.000138,1790.0,30.0,
recovery_lock_ladder,432,2025-09-15,2025-09-15T14:06:00+00:00,2025-09-15T14:09:00+00:00,SPXW-20250915-06580.000-C,CALL,3240.0,10.000000000000142,3,9720.0,217480.0,217510.0,217510.0,0.000138,0.0,30.0,
recovery_lock_ladder,433,2025-09-15,2025-09-15T14:39:00+00:00,2025-09-15T14:46:00+00:00,SPXW-20250915-06590.000-C,CALL,2510.0,359.9999999999998,3,7530.0,217510.0,218590.0,218590.0,0.004941,30.0,1080.0,
recovery_lock_ladder,434,2025-09-15,2025-09-15T17:39:00+00:00,2025-09-15T17:48:00+00:00,SPXW-20250915-06590.000-C,CALL,2100.0,100.0,3,6300.0,218590.0,218890.0,218890.0,0.001371,1110.0,300.0,
recovery_lock_ladder,435,2025-09-16,2025-09-16T14:17:00+00:00,2025-09-16T14:25:00+00:00,SPXW-20250916-06585.000-C,CALL,2720.0,110.00000000000014,3,8160.0,218890.0,219220.0,219220.0,0.001505,0.0,330.0,
recovery_lock_ladder,436,2025-09-16,2025-09-16T15:10:00+00:00,2025-09-16T15:35:00+00:00,SPXW-20250916-06580.000-C,CALL,2910.0,-460.0000000000001,3,8730.0,219220.0,217840.0,219220.0,0.0,330.0,-1380.0,
recovery_lock_ladder,437,2025-09-17,2025-09-17T18:10:00+00:00,2025-09-17T18:11:00+00:00,SPXW-20250917-06635.000-P,PUT,3340.0,300.0,2,6680.0,217840.0,218440.0,219220.0,0.006295,0.0,600.0,
recovery_lock_ladder,438,2025-09-17,2025-09-17T18:13:00+00:00,2025-09-17T18:15:00+00:00,SPXW-20250917-06625.000-P,PUT,3240.0,1200.0,3,9720.0,218440.0,222040.0,222040.0,0.016213,600.0,3600.0,
recovery_lock_ladder,439,2025-09-17,2025-09-17T18:39:00+00:00,2025-09-17T18:40:00+00:00,SPXW-20250917-06600.000-P,PUT,2300.0,860.0000000000001,3,6900.0,222040.0,224620.0,224620.0,0.011486,4200.0,2580.0,
recovery_lock_ladder,440,2025-09-17,2025-09-17T18:42:00+00:00,2025-09-17T18:43:00+00:00,SPXW-20250917-06595.000-P,PUT,2430.0,539.9999999999999,3,7290.0,224620.0,226240.0,226240.0,0.007161,6780.0,1620.0,
recovery_lock_ladder,441,2025-09-17,2025-09-17T18:45:00+00:00,2025-09-17T18:46:00+00:00,SPXW-20250917-06590.000-P,PUT,2530.0,709.9999999999998,3,7590.0,226240.0,228370.0,228370.0,0.009327,8400.0,2130.0,
recovery_lock_ladder,442,2025-09-17,2025-09-17T18:48:00+00:00,2025-09-17T18:49:00+00:00,SPXW-20250917-06550.000-C,CALL,3160.0,469.99999999999955,3,9480.0,228370.0,229780.0,229780.0,0.006136,10530.0,1410.0,
recovery_lock_ladder,443,2025-09-17,2025-09-17T19:01:00+00:00,2025-09-17T19:02:00+00:00,SPXW-20250917-06585.000-C,CALL,1590.0,670.0000000000001,3,4770.0,229780.0,231790.0,231790.0,0.008672,11940.0,2010.0,
recovery_lock_ladder,444,2025-09-17,2025-09-17T19:05:00+00:00,2025-09-17T19:06:00+00:00,SPXW-20250917-06570.000-C,CALL,3150.0,170.00000000000028,3,9450.0,231790.0,232300.0,232300.0,0.002195,13950.0,510.0,
recovery_lock_ladder,445,2025-09-18,2025-09-18T14:00:00+00:00,2025-09-18T14:04:00+00:00,SPXW-20250918-06605.000-C,CALL,2880.0,440.0000000000002,3,8640.0,232300.0,233620.0,233620.0,0.00565,0.0,1320.0,
recovery_lock_ladder,446,2025-09-18,2025-09-18T14:06:00+00:00,2025-09-18T14:21:00+00:00,SPXW-20250918-06630.000-C,CALL,1680.0,769.9999999999999,3,5040.0,233620.0,235930.0,235930.0,0.009791,1320.0,2310.0,
recovery_lock_ladder,447,2025-09-18,2025-09-18T14:25:00+00:00,2025-09-18T14:31:00+00:00,SPXW-20250918-06625.000-C,CALL,2810.0,469.99999999999955,3,8430.0,235930.0,237340.0,237340.0,0.005941,3630.0,1410.0,
recovery_lock_ladder,448,2025-09-18,2025-09-18T14:46:00+00:00,2025-09-18T15:11:00+00:00,SPXW-20250918-06630.000-C,CALL,1789.9999999999998,-429.9999999999999,3,5369.999999999999,237340.0,236050.0,237340.0,0.0,5040.0,-1290.0,
recovery_lock_ladder,449,2025-09-18,2025-09-18T15:11:00+00:00,2025-09-18T15:13:00+00:00,SPXW-20250918-06620.000-C,CALL,2110.0,89.99999999999986,3,6330.0,236050.0,236320.0,237340.0,0.005435,3750.0,270.0,
recovery_lock_ladder,450,2025-09-18,2025-09-18T15:24:00+00:00,2025-09-18T15:27:00+00:00,SPXW-20250918-06610.000-C,CALL,3370.0000000000005,229.99999999999972,2,6740.000000000001,236320.0,236780.0,237340.0,0.004298,4020.0,460.0,
recovery_lock_ladder,451,2025-09-19,2025-09-19T14:01:00+00:00,2025-09-19T14:07:00+00:00,SPXW-20250919-06615.000-C,CALL,3450.0,179.99999999999972,2,6900.0,236780.0,237140.0,237340.0,0.002359,0.0,360.0,
recovery_lock_ladder,452,2025-09-19,2025-09-19T14:29:00+00:00,2025-09-19T14:33:00+00:00,SPXW-20250919-06670.000-P,PUT,2470.0,50.0,3,7410.0,237140.0,237290.0,237340.0,0.000843,360.0,150.0,
recovery_lock_ladder,453,2025-09-19,2025-09-19T17:30:00+00:00,2025-09-19T17:34:00+00:00,SPXW-20250919-06620.000-C,CALL,3240.0,230.00000000000043,3,9720.0,237290.0,237980.0,237980.0,0.002899,510.0,690.0,
recovery_lock_ladder,454,2025-09-19,2025-09-19T17:59:00+00:00,2025-09-19T18:22:00+00:00,SPXW-20250919-06635.000-C,CALL,1880.0,59.99999999999979,3,5640.0,237980.0,238160.0,238160.0,0.000756,1200.0,180.0,
recovery_lock_ladder,455,2025-09-22,2025-09-22T14:01:00+00:00,2025-09-22T14:26:00+00:00,SPXW-20250922-06650.000-C,CALL,1250.0,269.99999999999994,3,3750.0,238160.0,238970.0,238970.0,0.00339,0.0,810.0,
recovery_lock_ladder,456,2025-09-22,2025-09-22T14:29:00+00:00,2025-09-22T14:54:00+00:00,SPXW-20250922-06655.000-C,CALL,1370.0,869.9999999999999,3,4110.0,238970.0,241580.0,241580.0,0.010804,810.0,2610.0,
recovery_lock_ladder,457,2025-09-22,2025-09-22T15:06:00+00:00,2025-09-22T15:11:00+00:00,SPXW-20250922-06645.000-C,CALL,3100.0,170.00000000000028,3,9300.0,241580.0,242090.0,242090.0,0.002107,3420.0,510.0,
recovery_lock_ladder,458,2025-09-23,2025-09-23T14:09:00+00:00,2025-09-23T14:15:00+00:00,SPXW-20250923-06680.000-C,CALL,1840.0,120.00000000000028,3,5520.0,242090.0,242450.0,242450.0,0.001485,0.0,360.0,
recovery_lock_ladder,459,2025-09-23,2025-09-23T14:56:00+00:00,2025-09-23T14:58:00+00:00,SPXW-20250923-06710.000-P,PUT,1850.0,180.00000000000006,3,5550.0,242450.0,242990.0,242990.0,0.002222,360.0,540.0,
recovery_lock_ladder,460,2025-09-23,2025-09-23T17:30:00+00:00,2025-09-23T17:32:00+00:00,SPXW-20250923-06690.000-P,PUT,2750.0,180.00000000000006,3,8250.0,242990.0,243530.0,243530.0,0.002217,900.0,540.0,
recovery_lock_ladder,461,2025-09-23,2025-09-23T17:37:00+00:00,2025-09-23T17:42:00+00:00,SPXW-20250923-06665.000-P,PUT,1350.0,639.9999999999999,3,4050.0,243530.0,245450.0,245450.0,0.007822,1440.0,1920.0,
recovery_lock_ladder,462,2025-09-23,2025-09-23T17:48:00+00:00,2025-09-23T17:51:00+00:00,SPXW-20250923-06640.000-C,CALL,1800.0,310.0000000000001,3,5400.0,245450.0,246380.0,246380.0,0.003775,3360.0,930.0,
recovery_lock_ladder,463,2025-09-23,2025-09-23T17:56:00+00:00,2025-09-23T17:57:00+00:00,SPXW-20250923-06670.000-P,PUT,1620.0,40.00000000000021,3,4860.0,246380.0,246500.0,246500.0,0.000487,4290.0,120.0,
recovery_lock_ladder,464,2025-09-23,2025-09-23T18:33:00+00:00,2025-09-23T18:37:00+00:00,SPXW-20250923-06625.000-C,CALL,3270.0000000000005,109.99999999999945,3,9810.000000000002,246500.0,246830.0,246830.0,0.001337,4410.0,330.0,
recovery_lock_ladder,465,2025-09-24,2025-09-24T14:05:00+00:00,2025-09-24T14:06:00+00:00,SPXW-20250924-06665.000-P,PUT,1240.0,209.99999999999997,3,3720.0,246830.0,247460.0,247460.0,0.002546,0.0,630.0,
recovery_lock_ladder,466,2025-09-24,2025-09-24T14:49:00+00:00,2025-09-24T14:54:00+00:00,SPXW-20250924-06635.000-C,CALL,2760.0,-100.0,3,8280.0,247460.0,247160.0,247460.0,0.0,630.0,-300.0,
recovery_lock_ladder,467,2025-09-24,2025-09-24T17:30:00+00:00,2025-09-24T17:36:00+00:00,SPXW-20250924-06625.000-C,CALL,1650.0,89.99999999999986,3,4950.0,247160.0,247430.0,247460.0,0.001212,330.0,270.0,
recovery_lock_ladder,468,2025-09-25,2025-09-25T14:00:00+00:00,2025-09-25T14:10:00+00:00,SPXW-20250925-06610.000-P,PUT,3210.0,-1610.0000000000002,3,9630.0,247430.0,242600.0,247460.0,0.000121,0.0,-4830.0,
recovery_lock_ladder,469,2025-09-25,2025-09-25T14:15:00+00:00,2025-09-25T14:24:00+00:00,SPXW-20250925-06585.000-C,CALL,2680.0,590.0000000000002,0,0.0,242600.0,242600.0,247460.0,0.01964,-4830.0,0.0,daily_loss_stop
recovery_lock_ladder,470,2025-09-25,2025-09-25T14:25:00+00:00,2025-09-25T14:40:00+00:00,SPXW-20250925-06585.000-C,CALL,3450.0,-179.99999999999972,0,0.0,242600.0,242600.0,247460.0,0.01964,-4830.0,-0.0,daily_loss_stop
recovery_lock_ladder,471,2025-09-26,2025-09-26T14:03:00+00:00,2025-09-26T14:04:00+00:00,SPXW-20250926-06645.000-P,PUT,1400.0,239.99999999999983,3,4200.0,242600.0,243320.0,247460.0,0.01964,0.0,720.0,
recovery_lock_ladder,472,2025-09-26,2025-09-26T14:07:00+00:00,2025-09-26T14:09:00+00:00,SPXW-20250926-06650.000-P,PUT,2540.0,340.0000000000002,3,7620.0,243320.0,244340.0,247460.0,0.01673,720.0,1020.0,
recovery_lock_ladder,473,2025-09-26,2025-09-26T14:13:00+00:00,2025-09-26T14:14:00+00:00,SPXW-20250926-06640.000-P,PUT,2170.0,390.0000000000002,3,6510.0,244340.0,245510.0,247460.0,0.012608,1740.0,1170.0,
recovery_lock_ladder,474,2025-09-26,2025-09-26T14:16:00+00:00,2025-09-26T14:18:00+00:00,SPXW-20250926-06590.000-C,CALL,3360.0,339.9999999999999,2,6720.0,245510.0,246190.0,247460.0,0.00788,2910.0,680.0,
recovery_lock_ladder,475,2025-09-26,2025-09-26T14:30:00+00:00,2025-09-26T14:31:00+00:00,SPXW-20250926-06625.000-P,PUT,2010.0,219.99999999999991,1,2010.0,246190.0,246410.0,247460.0,0.005132,3590.0,220.0,
recovery_lock_ladder,476,2025-09-26,2025-09-26T14:38:00+00:00,2025-09-26T14:43:00+00:00,SPXW-20250926-06590.000-C,CALL,2930.0,849.9999999999997,1,2930.0,246410.0,247260.0,247460.0,0.004243,3810.0,850.0,
recovery_lock_ladder,477,2025-09-26,2025-09-26T14:44:00+00:00,2025-09-26T14:51:00+00:00,SPXW-20250926-06655.000-P,PUT,3400.0,1389.9999999999998,2,6800.0,247260.0,250040.0,250040.0,0.011118,4660.0,2780.0,
recovery_lock_ladder,478,2025-09-26,2025-09-26T15:19:00+00:00,2025-09-26T15:23:00+00:00,SPXW-20250926-06585.000-C,CALL,3370.0000000000005,79.99999999999972,2,6740.000000000001,250040.0,250200.0,250200.0,0.000639,7440.0,160.0,
recovery_lock_ladder,479,2025-09-26,2025-09-26T15:25:00+00:00,2025-09-26T15:28:00+00:00,SPXW-20250926-06595.000-C,CALL,2540.0,480.00000000000006,3,7620.0,250200.0,251640.0,251640.0,0.005722,7600.0,1440.0,
recovery_lock_ladder,480,2025-09-29,2025-09-29T14:06:00+00:00,2025-09-29T14:09:00+00:00,SPXW-20250929-06645.000-C,CALL,2610.0,429.9999999999997,3,7830.0,251640.0,252930.0,252930.0,0.0051,0.0,1290.0,
recovery_lock_ladder,481,2025-09-29,2025-09-29T14:09:00+00:00,2025-09-29T14:34:00+00:00,SPXW-20250929-06665.000-C,CALL,1400.0,-50.0,3,4200.0,252930.0,252780.0,252930.0,0.0,1290.0,-150.0,
recovery_lock_ladder,482,2025-09-30,2025-09-30T14:02:00+00:00,2025-09-30T14:05:00+00:00,SPXW-20250930-06630.000-C,CALL,3100.0,0.0,3,9300.0,252780.0,252780.0,252930.0,0.000593,0.0,0.0,
recovery_lock_ladder,483,2025-09-30,2025-09-30T14:28:00+00:00,2025-09-30T14:29:00+00:00,SPXW-20250930-06670.000-P,PUT,2010.0,89.99999999999986,3,6030.0,252780.0,253050.0,253050.0,0.001067,0.0,270.0,
recovery_lock_ladder,484,2025-09-30,2025-09-30T14:30:00+00:00,2025-09-30T14:32:00+00:00,SPXW-20250930-06625.000-C,CALL,3200.0,150.0,3,9600.0,253050.0,253500.0,253500.0,0.001775,270.0,450.0,
recovery_lock_ladder,485,2025-09-30,2025-09-30T14:48:00+00:00,2025-09-30T14:56:00+00:00,SPXW-20250930-06635.000-C,CALL,2260.0,379.9999999999997,3,6780.0,253500.0,254640.0,254640.0,0.004477,720.0,1140.0,
recovery_lock_ladder,486,2025-10-01,2025-10-01T14:01:00+00:00,2025-10-01T14:10:00+00:00,SPXW-20251001-06695.000-P,PUT,3160.0,-340.0000000000002,3,9480.0,254640.0,253620.0,254640.0,0.0,0.0,-1020.0,
recovery_lock_ladder,487,2025-10-01,2025-10-01T14:26:00+00:00,2025-10-01T14:33:00+00:00,SPXW-20251001-06650.000-C,CALL,3300.0,-79.99999999999972,0,0.0,253620.0,253620.0,254640.0,0.004006,-1020.0,-0.0,daily_loss_stop
recovery_lock_ladder,488,2025-10-02,2025-10-02T14:00:00+00:00,2025-10-02T14:12:00+00:00,SPXW-20251002-06735.000-P,PUT,1930.0,669.9999999999999,3,5790.0,253620.0,255630.0,255630.0,0.007863,0.0,2010.0,
recovery_lock_ladder,489,2025-10-02,2025-10-02T14:44:00+00:00,2025-10-02T14:52:00+00:00,SPXW-20251002-06725.000-P,PUT,1880.0,439.9999999999999,3,5640.0,255630.0,256950.0,256950.0,0.005137,2010.0,1320.0,
recovery_lock_ladder,490,2025-10-02,2025-10-02T17:34:00+00:00,2025-10-02T17:36:00+00:00,SPXW-20251002-06685.000-C,CALL,2720.0,-30.00000000000007,3,8160.0,256950.0,256860.0,256950.0,0.0,3330.0,-90.0,
recovery_lock_ladder,491,2025-10-02,2025-10-02T17:39:00+00:00,2025-10-02T17:45:00+00:00,SPXW-20251002-06690.000-C,CALL,2210.0,200.0,3,6630.0,256860.0,257460.0,257460.0,0.00233,3240.0,600.0,
recovery_lock_ladder,492,2025-10-03,2025-10-03T14:00:00+00:00,2025-10-03T14:12:00+00:00,SPXW-20251003-06740.000-P,PUT,1430.0,59.999999999999964,3,4290.0,257460.0,257640.0,257640.0,0.000699,0.0,180.0,
recovery_lock_ladder,493,2025-10-03,2025-10-03T14:25:00+00:00,2025-10-03T14:32:00+00:00,SPXW-20251003-06705.000-C,CALL,3220.0000000000005,459.99999999999943,3,9660.000000000002,257640.0,259020.0,259020.0,0.005328,180.0,1380.0,
recovery_lock_ladder,494,2025-10-03,2025-10-03T17:44:00+00:00,2025-10-03T17:54:00+00:00,SPXW-20251003-06735.000-P,PUT,1210.0,1360.0,3,3630.0,259020.0,263100.0,263100.0,0.015507,1560.0,4080.0,
recovery_lock_ladder,495,2025-10-06,2025-10-06T14:01:00+00:00,2025-10-06T14:06:00+00:00,SPXW-20251006-06720.000-P,PUT,680.0,170.00000000000003,3,2040.0,263100.0,263610.0,263610.0,0.001935,0.0,510.0,
recovery_lock_ladder,496,2025-10-06,2025-10-06T14:15:00+00:00,2025-10-06T14:21:00+00:00,SPXW-20251006-06700.000-C,CALL,2940.0,40.00000000000021,3,8820.0,263610.0,263730.0,263730.0,0.000455,510.0,120.0,
recovery_lock_ladder,497,2025-10-06,2025-10-06T14:32:00+00:00,2025-10-06T14:40:00+00:00,SPXW-20251006-06695.000-C,CALL,3510.0,250.0,2,7020.0,263730.0,264230.0,264230.0,0.001892,630.0,500.0,
recovery_lock_ladder,498,2025-10-06,2025-10-06T14:43:00+00:00,2025-10-06T14:53:00+00:00,SPXW-20251006-06720.000-C,CALL,1390.0,79.99999999999989,3,4170.0,264230.0,264470.0,264470.0,0.000907,1130.0,240.0,
recovery_lock_ladder,499,2025-10-06,2025-10-06T14:56:00+00:00,2025-10-06T15:05:00+00:00,SPXW-20251006-06705.000-C,CALL,2680.0,319.99999999999994,3,8040.0,264470.0,265430.0,265430.0,0.003617,1370.0,960.0,
recovery_lock_ladder,500,2025-10-06,2025-10-06T15:24:00+00:00,2025-10-06T15:29:00+00:00,SPXW-20251006-06705.000-C,CALL,3080.0,199.9999999999997,3,9240.0,265430.0,266030.0,266030.0,0.002255,2330.0,600.0,
recovery_lock_ladder,501,2025-10-06,2025-10-06T17:33:00+00:00,2025-10-06T17:40:00+00:00,SPXW-20251006-06720.000-C,CALL,2520.0,40.00000000000021,3,7560.0,266030.0,266150.0,266150.0,0.000451,2930.0,120.0,
recovery_lock_ladder,502,2025-10-07,2025-10-07T14:01:00+00:00,2025-10-07T14:15:00+00:00,SPXW-20251007-06760.000-P,PUT,1670.0,150.0,3,5010.0,266150.0,266600.0,266600.0,0.001688,0.0,450.0,
recovery_lock_ladder,503,2025-10-07,2025-10-07T14:29:00+00:00,2025-10-07T14:46:00+00:00,SPXW-20251007-06745.000-P,PUT,1180.0,329.9999999999999,3,3540.0,266600.0,267590.0,267590.0,0.0037,450.0,990.0,
recovery_lock_ladder,504,2025-10-07,2025-10-07T15:06:00+00:00,2025-10-07T15:17:00+00:00,SPXW-20251007-06720.000-P,PUT,790.0,179.9999999999999,3,2370.0,267590.0,268130.0,268130.0,0.002014,1440.0,540.0,
recovery_lock_ladder,505,2025-10-08,2025-10-08T14:00:00+00:00,2025-10-08T14:09:00+00:00,SPXW-20251008-06695.000-C,CALL,3460.0,1129.9999999999998,2,6920.0,268130.0,270390.0,270390.0,0.008358,0.0,2260.0,
recovery_lock_ladder,506,2025-10-08,2025-10-08T14:25:00+00:00,2025-10-08T14:31:00+00:00,SPXW-20251008-06710.000-C,CALL,3210.0,250.0,3,9630.0,270390.0,271140.0,271140.0,0.002766,2260.0,750.0,
recovery_lock_ladder,507,2025-10-08,2025-10-08T14:36:00+00:00,2025-10-08T14:46:00+00:00,SPXW-20251008-06715.000-C,CALL,2920.0,-80.00000000000007,3,8760.0,271140.0,270900.0,271140.0,0.0,3010.0,-240.0,
recovery_lock_ladder,508,2025-10-08,2025-10-08T18:46:00+00:00,2025-10-08T18:49:00+00:00,SPXW-20251008-06735.000-C,CALL,1390.0,9.999999999999964,3,4170.0,270900.0,270930.0,271140.0,0.000885,2770.0,30.0,
recovery_lock_ladder,509,2025-10-09,2025-10-09T14:00:00+00:00,2025-10-09T14:11:00+00:00,SPXW-20251009-06765.000-P,PUT,2420.0,-59.99999999999979,3,7260.0,270930.0,270750.0,271140.0,0.000775,0.0,-180.0,
recovery_lock_ladder,510,2025-10-09,2025-10-09T14:25:00+00:00,2025-10-09T14:33:00+00:00,SPXW-20251009-06755.000-P,PUT,1850.0,600.0,3,5550.0,270750.0,272550.0,272550.0,0.006604,-180.0,1800.0,
recovery_lock_ladder,511,2025-10-09,2025-10-09T15:15:00+00:00,2025-10-09T15:23:00+00:00,SPXW-20251009-06705.000-C,CALL,3500.0,-129.99999999999972,2,7000.0,272550.0,272290.0,272550.0,0.0,1620.0,-260.0,
recovery_lock_ladder,512,2025-10-10,2025-10-10T14:01:00+00:00,2025-10-10T14:07:00+00:00,SPXW-20251010-06750.000-P,PUT,819.9999999999999,180.00000000000006,3,2459.9999999999995,272290.0,272830.0,272830.0,0.001979,0.0,540.0,
recovery_lock_ladder,513,2025-10-10,2025-10-10T14:26:00+00:00,2025-10-10T14:33:00+00:00,SPXW-20251010-06730.000-C,CALL,2600.0,-260.0000000000001,3,7800.0,272830.0,272050.0,272830.0,0.0,540.0,-780.0,
recovery_lock_ladder,514,2025-10-10,2025-10-10T14:40:00+00:00,2025-10-10T14:44:00+00:00,SPXW-20251010-06750.000-P,PUT,920.0,110.00000000000014,3,2760.0,272050.0,272380.0,272830.0,0.002859,-240.0,330.0,
recovery_lock_ladder,515,2025-10-10,2025-10-10T14:57:00+00:00,2025-10-10T14:58:00+00:00,SPXW-20251010-06735.000-P,PUT,330.0,700.0000000000001,3,990.0,272380.0,274480.0,274480.0,0.007651,90.0,2100.0,
recovery_lock_ladder,516,2025-10-13,2025-10-13T14:00:00+00:00,2025-10-13T14:02:00+00:00,SPXW-20251013-06630.000-C,CALL,3150.0,-119.99999999999991,3,9450.0,274480.0,274120.0,274480.0,0.0,0.0,-360.0,
recovery_lock_ladder,517,2025-10-13,2025-10-13T14:03:00+00:00,2025-10-13T14:07:00+00:00,SPXW-20251013-06630.000-C,CALL,2700.0,339.9999999999999,3,8100.0,274120.0,275140.0,275140.0,0.003707,-360.0,1020.0,
recovery_lock_ladder,518,2025-10-13,2025-10-13T14:25:00+00:00,2025-10-13T14:28:00+00:00,SPXW-20251013-06650.000-P,PUT,2490.0,670.0000000000002,3,7470.0,275140.0,277150.0,277150.0,0.007252,660.0,2010.0,
recovery_lock_ladder,519,2025-10-13,2025-10-13T14:28:00+00:00,2025-10-13T14:41:00+00:00,SPXW-20251013-06615.000-C,CALL,2580.0,1149.9999999999995,3,7740.0,277150.0,280600.0,280600.0,0.012295,2670.0,3450.0,
recovery_lock_ladder,520,2025-10-14,2025-10-14T14:04:00+00:00,2025-10-14T14:09:00+00:00,SPXW-20251014-06570.000-C,CALL,3410.0,560.0000000000001,2,6820.0,280600.0,281720.0,281720.0,0.003976,0.0,1120.0,
recovery_lock_ladder,521,2025-10-14,2025-10-14T14:09:00+00:00,2025-10-14T14:16:00+00:00,SPXW-20251014-06620.000-P,PUT,3220.0000000000005,-230.00000000000043,3,9660.000000000002,281720.0,281030.0,281720.0,0.0,1120.0,-690.0,
recovery_lock_ladder,522,2025-10-14,2025-10-14T14:32:00+00:00,2025-10-14T14:42:00+00:00,SPXW-20251014-06590.000-C,CALL,3440.0,680.0000000000005,2,6880.0,281030.0,282390.0,282390.0,0.004816,430.0,1360.0,
recovery_lock_ladder,523,2025-10-14,2025-10-14T14:54:00+00:00,2025-10-14T15:02:00+00:00,SPXW-20251014-06595.000-C,CALL,3200.0,450.0,3,9600.0,282390.0,283740.0,283740.0,0.004758,1790.0,1350.0,
recovery_lock_ladder,524,2025-10-14,2025-10-14T15:10:00+00:00,2025-10-14T15:13:00+00:00,SPXW-20251014-06600.000-C,CALL,3270.0000000000005,69.99999999999957,3,9810.000000000002,283740.0,283950.0,283950.0,0.00074,3140.0,210.0,
recovery_lock_ladder,525,2025-10-14,2025-10-14T17:30:00+00:00,2025-10-14T17:35:00+00:00,SPXW-20251014-06655.000-C,CALL,2420.0,-539.9999999999999,3,7260.0,283950.0,282330.0,283950.0,0.0,3350.0,-1620.0,
recovery_lock_ladder,526,2025-10-14,2025-10-14T18:18:00+00:00,2025-10-14T18:21:00+00:00,SPXW-20251014-06650.000-C,CALL,2530.0,-160.00000000000014,3,7590.0,282330.0,281850.0,283950.0,0.005705,1730.0,-480.0,
recovery_lock_ladder,527,2025-10-14,2025-10-14T18:22:00+00:00,2025-10-14T18:29:00+00:00,SPXW-20251014-06660.000-C,CALL,1300.0,430.00000000000006,3,3900.0,281850.0,283140.0,283950.0,0.007396,1250.0,1290.0,
recovery_lock_ladder,528,2025-10-15,2025-10-15T14:00:00+00:00,2025-10-15T14:11:00+00:00,SPXW-20251015-06680.000-C,CALL,3340.0,1339.9999999999998,2,6680.0,283140.0,285820.0,285820.0,0.009377,0.0,2680.0,
recovery_lock_ladder,529,2025-10-15,2025-10-15T14:15:00+00:00,2025-10-15T14:29:00+00:00,SPXW-20251015-06700.000-C,CALL,2540.0,110.00000000000014,3,7620.0,285820.0,286150.0,286150.0,0.001153,2680.0,330.0,
recovery_lock_ladder,530,2025-10-15,2025-10-15T14:30:00+00:00,2025-10-15T14:37:00+00:00,SPXW-20251015-06695.000-C,CALL,2980.0,-130.00000000000006,3,8940.0,286150.0,285760.0,286150.0,0.0,3010.0,-390.0,
recovery_lock_ladder,531,2025-10-15,2025-10-15T14:42:00+00:00,2025-10-15T14:49:00+00:00,SPXW-20251015-06695.000-C,CALL,2370.0,-9.999999999999789,3,7110.0,285760.0,285730.0,286150.0,0.001363,2620.0,-30.0,
recovery_lock_ladder,532,2025-10-15,2025-10-15T14:51:00+00:00,2025-10-15T15:00:00+00:00,SPXW-20251015-06700.000-C,CALL,1860.0,139.99999999999986,3,5580.0,285730.0,286150.0,286150.0,0.001468,2590.0,420.0,
recovery_lock_ladder,533,2025-10-15,2025-10-15T15:13:00+00:00,2025-10-15T15:16:00+00:00,SPXW-20251015-06685.000-C,CALL,2470.0,169.99999999999994,3,7410.0,286150.0,286660.0,286660.0,0.001779,3010.0,510.0,
recovery_lock_ladder,534,2025-10-15,2025-10-15T15:17:00+00:00,2025-10-15T15:24:00+00:00,SPXW-20251015-06680.000-C,CALL,2740.0,110.00000000000014,3,8220.0,286660.0,286990.0,286990.0,0.00115,3520.0,330.0,
recovery_lock_ladder,535,2025-10-15,2025-10-15T17:33:00+00:00,2025-10-15T17:38:00+00:00,SPXW-20251015-06615.000-C,CALL,2700.0,900.0,3,8100.0,286990.0,289690.0,289690.0,0.00932,3850.0,2700.0,
recovery_lock_ladder,536,2025-10-15,2025-10-15T17:45:00+00:00,2025-10-15T17:51:00+00:00,SPXW-20251015-06630.000-C,CALL,2760.0,829.9999999999998,3,8280.0,289690.0,292180.0,292180.0,0.008522,6550.0,2490.0,
recovery_lock_ladder,537,2025-10-16,2025-10-16T14:00:00+00:00,2025-10-16T14:08:00+00:00,SPXW-20251016-06715.000-P,PUT,3379.9999999999995,270.0000000000003,2,6759.999999999999,292180.0,292720.0,292720.0,0.001845,0.0,540.0,
recovery_lock_ladder,538,2025-10-16,2025-10-16T14:25:00+00:00,2025-10-16T14:30:00+00:00,SPXW-20251016-06670.000-C,CALL,3210.0,-20.000000000000284,3,9630.0,292720.0,292660.0,292720.0,0.0,540.0,-60.0,
recovery_lock_ladder,539,2025-10-16,2025-10-16T14:37:00+00:00,2025-10-16T14:46:00+00:00,SPXW-20251016-06675.000-C,CALL,3229.9999999999995,570.0000000000002,3,9689.999999999998,292660.0,294370.0,294370.0,0.005809,480.0,1710.0,
recovery_lock_ladder,540,2025-10-17,2025-10-17T14:00:00+00:00,2025-10-17T14:07:00+00:00,SPXW-20251017-06640.000-P,PUT,3310.0,-390.0000000000002,3,9930.0,294370.0,293200.0,294370.0,0.0,0.0,-1170.0,
recovery_lock_ladder,541,2025-10-17,2025-10-17T14:11:00+00:00,2025-10-17T14:17:00+00:00,SPXW-20251017-06625.000-C,CALL,3080.0,1299.9999999999995,0,0.0,293200.0,293200.0,294370.0,0.003975,-1170.0,0.0,daily_loss_stop
recovery_lock_ladder,542,2025-10-17,2025-10-17T14:44:00+00:00,2025-10-17T14:50:00+00:00,SPXW-20251017-06650.000-P,PUT,3340.0,-60.00000000000014,0,0.0,293200.0,293200.0,294370.0,0.003975,-1170.0,-0.0,daily_loss_stop
recovery_lock_ladder,543,2025-10-17,2025-10-17T14:52:00+00:00,2025-10-17T15:01:00+00:00,SPXW-20251017-06650.000-P,PUT,3310.0,929.9999999999998,0,0.0,293200.0,293200.0,294370.0,0.003975,-1170.0,0.0,daily_loss_stop
recovery_lock_ladder,544,2025-10-17,2025-10-17T15:11:00+00:00,2025-10-17T15:17:00+00:00,SPXW-20251017-06645.000-P,PUT,3110.0,789.9999999999999,0,0.0,293200.0,293200.0,294370.0,0.003975,-1170.0,0.0,daily_loss_stop
recovery_lock_ladder,545,2025-10-17,2025-10-17T17:32:00+00:00,2025-10-17T17:35:00+00:00,SPXW-20251017-06615.000-C,CALL,2800.0,470.0000000000003,0,0.0,293200.0,293200.0,294370.0,0.003975,-1170.0,0.0,daily_loss_stop
recovery_lock_ladder,546,2025-10-17,2025-10-17T17:58:00+00:00,2025-10-17T18:01:00+00:00,SPXW-20251017-06630.000-C,CALL,2350.0,469.99999999999994,0,0.0,293200.0,293200.0,294370.0,0.003975,-1170.0,0.0,daily_loss_stop
recovery_lock_ladder,547,2025-10-20,2025-10-20T14:00:00+00:00,2025-10-20T14:13:00+00:00,SPXW-20251020-06685.000-C,CALL,3110.0,719.9999999999995,3,9330.0,293200.0,295360.0,295360.0,0.007313,0.0,2160.0,
recovery_lock_ladder,548,2025-10-20,2025-10-20T14:25:00+00:00,2025-10-20T14:33:00+00:00,SPXW-20251020-06690.000-C,CALL,3410.0,289.9999999999999,2,6820.0,295360.0,295940.0,295940.0,0.00196,2160.0,580.0,
recovery_lock_ladder,549,2025-10-20,2025-10-20T14:35:00+00:00,2025-10-20T14:42:00+00:00,SPXW-20251020-06700.000-C,CALL,2660.0,660.0000000000001,3,7980.0,295940.0,297920.0,297920.0,0.006646,2740.0,1980.0,
recovery_lock_ladder,550,2025-10-20,2025-10-20T17:38:00+00:00,2025-10-20T17:43:00+00:00,SPXW-20251020-06730.000-C,CALL,1330.0,150.0,3,3990.0,297920.0,298370.0,298370.0,0.001508,4720.0,450.0,
recovery_lock_ladder,551,2025-10-21,2025-10-21T14:00:00+00:00,2025-10-21T14:10:00+00:00,SPXW-20251021-06750.000-P,PUT,2570.0,-100.0,3,7710.0,298370.0,298070.0,298370.0,0.0,0.0,-300.0,
recovery_lock_ladder,552,2025-10-21,2025-10-21T14:25:00+00:00,2025-10-21T14:33:00+00:00,SPXW-20251021-06765.000-P,PUT,2880.0,1149.9999999999995,3,8640.0,298070.0,301520.0,301520.0,0.011442,-300.0,3450.0,
recovery_lock_ladder,553,2025-10-22,2025-10-22T14:01:00+00:00,2025-10-22T14:09:00+00:00,SPXW-20251022-06710.000-C,CALL,3070.0,90.00000000000021,3,9210.0,301520.0,301790.0,301790.0,0.000895,0.0,270.0,
recovery_lock_ladder,554,2025-10-22,2025-10-22T14:10:00+00:00,2025-10-22T14:19:00+00:00,SPXW-20251022-06740.000-P,PUT,1410.0,40.000000000000036,3,4230.0,301790.0,301910.0,301910.0,0.000397,270.0,120.0,
recovery_lock_ladder,555,2025-10-22,2025-10-22T14:26:00+00:00,2025-10-22T14:36:00+00:00,SPXW-20251022-06730.000-P,PUT,1230.0,1089.9999999999998,3,3690.0,301910.0,305180.0,305180.0,0.010715,390.0,3270.0,
recovery_lock_ladder,556,2025-10-22,2025-10-22T14:38:00+00:00,2025-10-22T14:45:00+00:00,SPXW-20251022-06735.000-P,PUT,2310.0,689.9999999999999,3,6930.0,305180.0,307250.0,307250.0,0.006737,3660.0,2070.0,
recovery_lock_ladder,557,2025-10-23,2025-10-23T14:00:00+00:00,2025-10-23T14:12:00+00:00,SPXW-20251023-06740.000-P,PUT,2330.0,750.0,3,6990.0,307250.0,309500.0,309500.0,0.00727,0.0,2250.0,
recovery_lock_ladder,558,2025-10-23,2025-10-23T14:12:00+00:00,2025-10-23T14:19:00+00:00,SPXW-20251023-06700.000-C,CALL,2200.0,-250.0,3,6600.0,309500.0,308750.0,309500.0,0.0,2250.0,-750.0,
recovery_lock_ladder,559,2025-10-23,2025-10-23T14:26:00+00:00,2025-10-23T14:39:00+00:00,SPXW-20251023-06690.000-C,CALL,3170.0,519.9999999999999,3,9510.0,308750.0,310310.0,310310.0,0.005027,1500.0,1560.0,
recovery_lock_ladder,560,2025-10-23,2025-10-23T14:44:00+00:00,2025-10-23T14:50:00+00:00,SPXW-20251023-06695.000-C,CALL,3030.0,430.00000000000006,3,9090.0,310310.0,311600.0,311600.0,0.00414,3060.0,1290.0,
recovery_lock_ladder,561,2025-10-24,2025-10-24T14:01:00+00:00,2025-10-24T14:11:00+00:00,SPXW-20251024-06785.000-C,CALL,2000.0,239.99999999999983,3,6000.0,311600.0,312320.0,312320.0,0.002305,0.0,720.0,
recovery_lock_ladder,562,2025-10-24,2025-10-24T14:12:00+00:00,2025-10-24T14:20:00+00:00,SPXW-20251024-06775.000-C,CALL,2910.0,-170.00000000000028,3,8730.0,312320.0,311810.0,312320.0,0.0,720.0,-510.0,
recovery_lock_ladder,563,2025-10-24,2025-10-24T14:26:00+00:00,2025-10-24T14:32:00+00:00,SPXW-20251024-06805.000-P,PUT,1730.0,469.99999999999994,3,5190.0,311810.0,313220.0,313220.0,0.004502,210.0,1410.0,
recovery_lock_ladder,564,2025-10-24,2025-10-24T14:32:00+00:00,2025-10-24T14:41:00+00:00,SPXW-20251024-06765.000-C,CALL,2790.0,539.9999999999999,3,8370.0,313220.0,314840.0,314840.0,0.005145,1620.0,1620.0,
recovery_lock_ladder,565,2025-10-27,2025-10-27T14:01:00+00:00,2025-10-27T14:09:00+00:00,SPXW-20251027-06820.000-C,CALL,3470.0000000000005,439.9999999999999,2,6940.000000000001,314840.0,315720.0,315720.0,0.002787,0.0,880.0,
recovery_lock_ladder,566,2025-10-27,2025-10-27T14:11:00+00:00,2025-10-27T14:19:00+00:00,SPXW-20251027-06835.000-C,CALL,2340.0,-309.9999999999998,3,7020.0,315720.0,314790.0,315720.0,0.0,880.0,-930.0,
recovery_lock_ladder,567,2025-10-27,2025-10-27T14:28:00+00:00,2025-10-27T14:32:00+00:00,SPXW-20251027-06820.000-C,CALL,3170.0,159.99999999999977,3,9510.0,314790.0,315270.0,315720.0,0.002946,-50.0,480.0,
recovery_lock_ladder,568,2025-10-27,2025-10-27T14:33:00+00:00,2025-10-27T14:37:00+00:00,SPXW-20251027-06820.000-C,CALL,3400.0,250.0,2,6800.0,315270.0,315770.0,315770.0,0.001583,430.0,500.0,
recovery_lock_ladder,569,2025-10-27,2025-10-27T14:38:00+00:00,2025-10-27T14:46:00+00:00,SPXW-20251027-06835.000-C,CALL,2220.0,90.00000000000021,3,6660.0,315770.0,316040.0,316040.0,0.000854,930.0,270.0,
recovery_lock_ladder,570,2025-10-27,2025-10-27T14:55:00+00:00,2025-10-27T15:12:00+00:00,SPXW-20251027-06835.000-C,CALL,1870.0,19.99999999999993,3,5610.0,316040.0,316100.0,316100.0,0.00019,1200.0,60.0,
recovery_lock_ladder,571,2025-10-28,2025-10-28T14:00:00+00:00,2025-10-28T14:25:00+00:00,SPXW-20251028-06890.000-P,PUT,1700.0,-319.99999999999994,3,5100.0,316100.0,315140.0,316100.0,0.0,0.0,-960.0,
recovery_lock_ladder,572,2025-10-28,2025-10-28T14:25:00+00:00,2025-10-28T14:31:00+00:00,SPXW-20251028-06850.000-C,CALL,3410.0,189.99999999999983,0,0.0,315140.0,315140.0,316100.0,0.003037,-960.0,0.0,daily_loss_stop
recovery_lock_ladder,573,2025-10-28,2025-10-28T14:52:00+00:00,2025-10-28T14:57:00+00:00,SPXW-20251028-06855.000-C,CALL,3130.0,-180.00000000000006,0,0.0,315140.0,315140.0,316100.0,0.003037,-960.0,-0.0,daily_loss_stop
recovery_lock_ladder,574,2025-10-28,2025-10-28T15:03:00+00:00,2025-10-28T15:14:00+00:00,SPXW-20251028-06915.000-P,PUT,3240.0,300.0,0,0.0,315140.0,315140.0,316100.0,0.003037,-960.0,0.0,daily_loss_stop
recovery_lock_ladder,575,2025-10-28,2025-10-28T18:40:00+00:00,2025-10-28T18:42:00+00:00,SPXW-20251028-06870.000-C,CALL,3130.0,30.00000000000007,0,0.0,315140.0,315140.0,316100.0,0.003037,-960.0,0.0,daily_loss_stop
recovery_lock_ladder,576,2025-10-29,2025-10-29T14:11:00+00:00,2025-10-29T14:27:00+00:00,SPXW-20251029-06940.000-P,PUT,3370.0000000000005,189.99999999999983,2,6740.000000000001,315140.0,315520.0,316100.0,0.003037,0.0,380.0,
recovery_lock_ladder,577,2025-10-29,2025-10-29T14:46:00+00:00,2025-10-29T15:05:00+00:00,SPXW-20251029-06935.000-P,PUT,3310.0,379.9999999999997,3,9930.0,315520.0,316660.0,316660.0,0.0036,380.0,1140.0,
recovery_lock_ladder,578,2025-10-29,2025-10-29T18:12:00+00:00,2025-10-29T18:16:00+00:00,SPXW-20251029-06930.000-P,PUT,2940.0,630.0000000000005,3,8820.0,316660.0,318550.0,318550.0,0.005933,1520.0,1890.0,
recovery_lock_ladder,579,2025-10-29,2025-10-29T18:35:00+00:00,2025-10-29T18:38:00+00:00,SPXW-20251029-06930.000-P,PUT,2770.0,2950.0000000000005,3,8310.0,318550.0,327400.0,327400.0,0.027031,3410.0,8850.0,
recovery_lock_ladder,580,2025-10-29,2025-10-29T18:51:00+00:00,2025-10-29T18:52:00+00:00,SPXW-20251029-06855.000-C,CALL,2680.0,330.00000000000006,3,8040.0,327400.0,328390.0,328390.0,0.003015,12260.0,990.0,
recovery_lock_ladder,581,2025-10-29,2025-10-29T19:01:00+00:00,2025-10-29T19:05:00+00:00,SPXW-20251029-06900.000-P,PUT,1820.0,1370.0,3,5460.0,328390.0,332500.0,332500.0,0.012361,13250.0,4110.0,
recovery_lock_ladder,582,2025-10-30,2025-10-30T14:00:00+00:00,2025-10-30T14:06:00+00:00,SPXW-20251030-06850.000-C,CALL,3279.9999999999995,240.00000000000057,3,9839.999999999998,332500.0,333220.0,333220.0,0.002161,0.0,720.0,
recovery_lock_ladder,583,2025-10-30,2025-10-30T14:25:00+00:00,2025-10-30T14:30:00+00:00,SPXW-20251030-06875.000-P,PUT,2620.0,90.00000000000021,3,7860.0,333220.0,333490.0,333490.0,0.00081,720.0,270.0,
recovery_lock_ladder,584,2025-10-30,2025-10-30T14:30:00+00:00,2025-10-30T14:33:00+00:00,SPXW-20251030-06850.000-C,CALL,2180.0,350.0,3,6540.0,333490.0,334540.0,334540.0,0.003139,990.0,1050.0,
recovery_lock_ladder,585,2025-10-30,2025-10-30T14:46:00+00:00,2025-10-30T14:50:00+00:00,SPXW-20251030-06855.000-C,CALL,2540.0,-59.99999999999979,3,7620.0,334540.0,334360.0,334540.0,0.0,2040.0,-180.0,
recovery_lock_ladder,586,2025-10-31,2025-10-31T14:00:00+00:00,2025-10-31T14:15:00+00:00,SPXW-20251031-06885.000-P,PUT,3340.0,520.0000000000002,2,6680.0,334360.0,335400.0,335400.0,0.003101,0.0,1040.0,
recovery_lock_ladder,587,2025-10-31,2025-10-31T14:31:00+00:00,2025-10-31T14:40:00+00:00,SPXW-20251031-06830.000-C,CALL,3200.0,420.0000000000003,3,9600.0,335400.0,336660.0,336660.0,0.003743,1040.0,1260.0,
recovery_lock_ladder,588,2025-10-31,2025-10-31T14:41:00+00:00,2025-10-31T14:48:00+00:00,SPXW-20251031-06835.000-C,CALL,3170.0,480.00000000000006,3,9510.0,336660.0,338100.0,338100.0,0.004259,2300.0,1440.0,
recovery_lock_ladder,589,2025-10-31,2025-10-31T14:58:00+00:00,2025-10-31T15:03:00+00:00,SPXW-20251031-06835.000-C,CALL,3470.0000000000005,69.99999999999957,2,6940.000000000001,338100.0,338240.0,338240.0,0.000414,3740.0,140.0,
recovery_lock_ladder,590,2025-10-31,2025-10-31T15:12:00+00:00,2025-10-31T15:18:00+00:00,SPXW-20251031-06835.000-C,CALL,3279.9999999999995,260.0000000000001,3,9839.999999999998,338240.0,339020.0,339020.0,0.002301,3880.0,780.0,
recovery_lock_ladder,591,2025-10-31,2025-10-31T17:30:00+00:00,2025-10-31T17:32:00+00:00,SPXW-20251031-06790.000-C,CALL,3450.0,560.0000000000001,2,6900.0,339020.0,340140.0,340140.0,0.003293,4660.0,1120.0,
recovery_lock_ladder,592,2025-10-31,2025-10-31T18:08:00+00:00,2025-10-31T18:12:00+00:00,SPXW-20251031-06820.000-C,CALL,2300.0,180.00000000000006,3,6900.0,340140.0,340680.0,340680.0,0.001585,5780.0,540.0,
recovery_lock_ladder,593,2025-11-03,2025-11-03T15:00:00+00:00,2025-11-03T15:08:00+00:00,SPXW-20251103-06860.000-P,PUT,2280.0,419.99999999999994,3,6840.0,340680.0,341940.0,341940.0,0.003685,0.0,1260.0,
recovery_lock_ladder,594,2025-11-03,2025-11-03T15:16:00+00:00,2025-11-03T15:36:00+00:00,SPXW-20251103-06860.000-P,PUT,2440.0,1389.9999999999998,3,7320.0,341940.0,346110.0,346110.0,0.012048,1260.0,4170.0,
recovery_lock_ladder,595,2025-11-03,2025-11-03T15:42:00+00:00,2025-11-03T15:50:00+00:00,SPXW-20251103-06850.000-P,PUT,2000.0,110.00000000000014,3,6000.0,346110.0,346440.0,346440.0,0.000953,5430.0,330.0,
recovery_lock_ladder,596,2025-11-03,2025-11-03T15:53:00+00:00,2025-11-03T15:59:00+00:00,SPXW-20251103-06820.000-C,CALL,2780.0,580.0000000000001,3,8340.0,346440.0,348180.0,348180.0,0.004997,5760.0,1740.0,
recovery_lock_ladder,597,2025-11-03,2025-11-03T16:02:00+00:00,2025-11-03T16:14:00+00:00,SPXW-20251103-06865.000-P,PUT,2450.0,39.99999999999986,3,7350.0,348180.0,348300.0,348300.0,0.000345,7500.0,120.0,
recovery_lock_ladder,598,2025-11-03,2025-11-03T16:14:00+00:00,2025-11-03T16:16:00+00:00,SPXW-20251103-06830.000-C,CALL,2150.0,119.99999999999991,3,6450.0,348300.0,348660.0,348660.0,0.001033,7620.0,360.0,
recovery_lock_ladder,599,2025-11-03,2025-11-03T18:31:00+00:00,2025-11-03T18:38:00+00:00,SPXW-20251103-06850.000-C,CALL,1230.0,269.99999999999994,3,3690.0,348660.0,349470.0,349470.0,0.002318,7980.0,810.0,
recovery_lock_ladder,600,2025-11-04,2025-11-04T15:01:00+00:00,2025-11-04T15:08:00+00:00,SPXW-20251104-06785.000-C,CALL,3120.0,119.99999999999991,3,9360.0,349470.0,349830.0,349830.0,0.001029,0.0,360.0,
recovery_lock_ladder,601,2025-11-04,2025-11-04T15:09:00+00:00,2025-11-04T15:18:00+00:00,SPXW-20251104-06785.000-C,CALL,2990.0,270.0000000000003,3,8970.0,349830.0,350640.0,350640.0,0.00231,360.0,810.0,
recovery_lock_ladder,602,2025-11-04,2025-11-04T15:33:00+00:00,2025-11-04T15:42:00+00:00,SPXW-20251104-06785.000-C,CALL,3220.0000000000005,529.9999999999998,3,9660.000000000002,350640.0,352230.0,352230.0,0.004514,1170.0,1590.0,
recovery_lock_ladder,603,2025-11-04,2025-11-04T15:46:00+00:00,2025-11-04T15:51:00+00:00,SPXW-20251104-06795.000-C,CALL,2530.0,-460.0000000000001,3,7590.0,352230.0,350850.0,352230.0,0.0,2760.0,-1380.0,
recovery_lock_ladder,604,2025-11-04,2025-11-04T15:58:00+00:00,2025-11-04T16:02:00+00:00,SPXW-20251104-06775.000-C,CALL,3130.0,580.0000000000001,3,9390.0,350850.0,352590.0,352590.0,0.004935,1380.0,1740.0,
recovery_lock_ladder,605,2025-11-04,2025-11-04T16:04:00+00:00,2025-11-04T16:10:00+00:00,SPXW-20251104-06785.000-C,CALL,2550.0,-189.99999999999983,3,7650.0,352590.0,352020.0,352590.0,0.0,3120.0,-570.0,
recovery_lock_ladder,606,2025-11-04,2025-11-04T16:12:00+00:00,2025-11-04T16:18:00+00:00,SPXW-20251104-06770.000-C,CALL,3390.0,339.9999999999999,2,6780.0,352020.0,352700.0,352700.0,0.001928,2550.0,680.0,
recovery_lock_ladder,607,2025-11-04,2025-11-04T16:18:00+00:00,2025-11-04T16:21:00+00:00,SPXW-20251104-06815.000-P,PUT,1780.0,419.99999999999994,3,5340.0,352700.0,353960.0,353960.0,0.00356,3230.0,1260.0,
recovery_lock_ladder,608,2025-11-04,2025-11-04T16:26:00+00:00,2025-11-04T16:34:00+00:00,SPXW-20251104-06810.000-P,PUT,1810.0,-200.0,3,5430.0,353960.0,353360.0,353960.0,0.0,4490.0,-600.0,
recovery_lock_ladder,609,2025-11-04,2025-11-04T18:31:00+00:00,2025-11-04T18:34:00+00:00,SPXW-20251104-06795.000-P,PUT,2070.0,440.0000000000002,3,6210.0,353360.0,354680.0,354680.0,0.003722,3890.0,1320.0,
recovery_lock_ladder,610,2025-11-05,2025-11-05T15:01:00+00:00,2025-11-05T15:12:00+00:00,SPXW-20251105-06820.000-P,PUT,3240.0,-269.99999999999994,3,9720.0,354680.0,353870.0,354680.0,0.0,0.0,-810.0,
recovery_lock_ladder,611,2025-11-05,2025-11-05T15:26:00+00:00,2025-11-05T15:29:00+00:00,SPXW-20251105-06765.000-C,CALL,3340.0,600.0,0,0.0,353870.0,353870.0,354680.0,0.002284,-810.0,0.0,daily_loss_stop
recovery_lock_ladder,612,2025-11-05,2025-11-05T15:31:00+00:00,2025-11-05T15:44:00+00:00,SPXW-20251105-06775.000-C,CALL,2670.0,519.9999999999999,0,0.0,353870.0,353870.0,354680.0,0.002284,-810.0,0.0,daily_loss_stop
recovery_lock_ladder,613,2025-11-06,2025-11-06T15:00:00+00:00,2025-11-06T15:10:00+00:00,SPXW-20251106-06790.000-P,PUT,3420.0000000000005,579.9999999999998,2,6840.000000000001,353870.0,355030.0,355030.0,0.003267,0.0,1160.0,
recovery_lock_ladder,614,2025-11-06,2025-11-06T15:26:00+00:00,2025-11-06T15:28:00+00:00,SPXW-20251106-06800.000-P,PUT,3240.0,410.0000000000001,3,9720.0,355030.0,356260.0,356260.0,0.003453,1160.0,1230.0,
recovery_lock_ladder,615,2025-11-07,2025-11-07T15:03:00+00:00,2025-11-07T15:08:00+00:00,SPXW-20251107-06700.000-P,PUT,3470.0000000000005,950.0,2,6940.000000000001,356260.0,358160.0,358160.0,0.005305,0.0,1900.0,
recovery_lock_ladder,616,2025-11-07,2025-11-07T15:30:00+00:00,2025-11-07T15:34:00+00:00,SPXW-20251107-06660.000-C,CALL,3180.0,-300.0,3,9540.0,358160.0,357260.0,358160.0,0.0,1900.0,-900.0,
recovery_lock_ladder,617,2025-11-07,2025-11-07T15:41:00+00:00,2025-11-07T15:47:00+00:00,SPXW-20251107-06685.000-P,PUT,2700.0,770.0000000000002,3,8100.0,357260.0,359570.0,359570.0,0.006424,1000.0,2310.0,
recovery_lock_ladder,618,2025-11-07,2025-11-07T15:48:00+00:00,2025-11-07T15:57:00+00:00,SPXW-20251107-06680.000-P,PUT,2940.0,339.9999999999999,3,8820.0,359570.0,360590.0,360590.0,0.002829,3310.0,1020.0,
recovery_lock_ladder,619,2025-11-07,2025-11-07T18:31:00+00:00,2025-11-07T18:36:00+00:00,SPXW-20251107-06645.000-C,CALL,3180.0,-150.0,3,9540.0,360590.0,360140.0,360590.0,0.0,4330.0,-450.0,
recovery_lock_ladder,620,2025-11-10,2025-11-10T15:01:00+00:00,2025-11-10T15:09:00+00:00,SPXW-20251110-06780.000-C,CALL,3060.0,139.99999999999986,3,9180.0,360140.0,360560.0,360590.0,0.001248,0.0,420.0,
recovery_lock_ladder,621,2025-11-10,2025-11-10T15:10:00+00:00,2025-11-10T15:14:00+00:00,SPXW-20251110-06780.000-C,CALL,3140.0,189.99999999999983,3,9420.0,360560.0,361130.0,361130.0,0.001578,420.0,570.0,
recovery_lock_ladder,622,2025-11-10,2025-11-10T15:26:00+00:00,2025-11-10T15:33:00+00:00,SPXW-20251110-06795.000-C,CALL,2130.0,-150.0,3,6390.0,361130.0,360680.0,361130.0,0.0,990.0,-450.0,
recovery_lock_ladder,623,2025-11-10,2025-11-10T15:34:00+00:00,2025-11-10T15:41:00+00:00,SPXW-20251110-06790.000-C,CALL,2280.0,-450.0,3,6840.0,360680.0,359330.0,361130.0,0.001246,540.0,-1350.0,
recovery_lock_ladder,624,2025-11-11,2025-11-11T15:01:00+00:00,2025-11-11T15:06:00+00:00,SPXW-20251111-06795.000-C,CALL,3260.0,-470.0000000000003,3,9780.0,359330.0,357920.0,361130.0,0.004984,0.0,-1410.0,
recovery_lock_ladder,625,2025-11-11,2025-11-11T15:06:00+00:00,2025-11-11T15:22:00+00:00,SPXW-20251111-06820.000-P,PUT,1240.0,319.99999999999994,0,0.0,357920.0,357920.0,361130.0,0.008889,-1410.0,0.0,daily_loss_stop
recovery_lock_ladder,626,2025-11-11,2025-11-11T15:26:00+00:00,2025-11-11T15:36:00+00:00,SPXW-20251111-06835.000-P,PUT,2110.0,700.0,0,0.0,357920.0,357920.0,361130.0,0.008889,-1410.0,0.0,daily_loss_stop
recovery_lock_ladder,627,2025-11-11,2025-11-11T16:26:00+00:00,2025-11-11T16:31:00+00:00,SPXW-20251111-06830.000-P,PUT,1390.0,829.9999999999999,0,0.0,357920.0,357920.0,361130.0,0.008889,-1410.0,0.0,daily_loss_stop
recovery_lock_ladder,628,2025-11-12,2025-11-12T15:02:00+00:00,2025-11-12T15:05:00+00:00,SPXW-20251112-06840.000-C,CALL,2580.0,-40.00000000000021,3,7740.0,357920.0,357800.0,361130.0,0.008889,0.0,-120.0,
recovery_lock_ladder,629,2025-11-12,2025-11-12T15:05:00+00:00,2025-11-12T15:23:00+00:00,SPXW-20251112-06890.000-P,PUT,3340.0,830.0000000000005,1,3340.0,357800.0,358630.0,361130.0,0.009221,-120.0,830.0,
recovery_lock_ladder,630,2025-11-12,2025-11-12T15:27:00+00:00,2025-11-12T15:37:00+00:00,SPXW-20251112-06870.000-P,PUT,2550.0,870.0000000000002,3,7650.0,358630.0,361240.0,361240.0,0.007225,710.0,2610.0,
recovery_lock_ladder,631,2025-11-12,2025-11-12T16:27:00+00:00,2025-11-12T16:33:00+00:00,SPXW-20251112-06820.000-C,CALL,2550.0,650.0,3,7650.0,361240.0,363190.0,363190.0,0.005369,3320.0,1950.0,
recovery_lock_ladder,632,2025-11-13,2025-11-13T15:00:00+00:00,2025-11-13T15:04:00+00:00,SPXW-20251113-06780.000-C,CALL,3490.0,-279.9999999999997,2,6980.0,363190.0,362630.0,363190.0,0.0,0.0,-560.0,
recovery_lock_ladder,633,2025-11-13,2025-11-13T15:06:00+00:00,2025-11-13T15:21:00+00:00,SPXW-20251113-06800.000-C,CALL,1840.0,1040.0000000000002,3,5520.0,362630.0,365750.0,365750.0,0.00853,-560.0,3120.0,
recovery_lock_ladder,634,2025-11-13,2025-11-13T15:26:00+00:00,2025-11-13T15:35:00+00:00,SPXW-20251113-06840.000-P,PUT,3100.0,1370.0000000000002,3,9300.0,365750.0,369860.0,369860.0,0.011112,2560.0,4110.0,
recovery_lock_ladder,635,2025-11-13,2025-11-13T15:41:00+00:00,2025-11-13T15:58:00+00:00,SPXW-20251113-06825.000-P,PUT,3240.0,1810.0,3,9720.0,369860.0,375290.0,375290.0,0.014469,6670.0,5430.0,
recovery_lock_ladder,636,2025-11-14,2025-11-14T15:06:00+00:00,2025-11-14T15:11:00+00:00,SPXW-20251114-06680.000-C,CALL,3240.0,410.0000000000001,3,9720.0,375290.0,376520.0,376520.0,0.003267,0.0,1230.0,
recovery_lock_ladder,637,2025-11-14,2025-11-14T15:14:00+00:00,2025-11-14T15:23:00+00:00,SPXW-20251114-06670.000-C,CALL,3510.0,1200.0,2,7020.0,376520.0,378920.0,378920.0,0.006334,1230.0,2400.0,
recovery_lock_ladder,638,2025-11-14,2025-11-14T15:27:00+00:00,2025-11-14T15:32:00+00:00,SPXW-20251114-06700.000-C,CALL,2520.0,319.99999999999994,3,7560.0,378920.0,379880.0,379880.0,0.002527,3630.0,960.0,
recovery_lock_ladder,639,2025-11-14,2025-11-14T15:32:00+00:00,2025-11-14T15:55:00+00:00,SPXW-20251114-06700.000-C,CALL,2870.0,1900.0000000000005,3,8610.0,379880.0,385580.0,385580.0,0.014783,4590.0,5700.0,
recovery_lock_ladder,640,2025-11-14,2025-11-14T18:30:00+00:00,2025-11-14T18:31:00+00:00,SPXW-20251114-06720.000-C,CALL,3360.0,200.0,2,6720.0,385580.0,385980.0,385980.0,0.001036,10290.0,400.0,
recovery_lock_ladder,641,2025-11-14,2025-11-14T18:32:00+00:00,2025-11-14T18:34:00+00:00,SPXW-20251114-06730.000-C,CALL,2420.0,430.00000000000006,3,7260.0,385980.0,387270.0,387270.0,0.003331,10690.0,1290.0,
recovery_lock_ladder,642,2025-11-14,2025-11-14T18:45:00+00:00,2025-11-14T18:49:00+00:00,SPXW-20251114-06705.000-C,CALL,3390.0,-10.000000000000142,2,6780.0,387270.0,387250.0,387270.0,0.0,11980.0,-20.0,
recovery_lock_ladder,643,2025-11-14,2025-11-14T18:51:00+00:00,2025-11-14T18:56:00+00:00,SPXW-20251114-06725.000-C,CALL,2160.0,1009.9999999999998,3,6480.0,387250.0,390280.0,390280.0,0.007764,11960.0,3030.0,
recovery_lock_ladder,644,2025-11-14,2025-11-14T18:58:00+00:00,2025-11-14T19:01:00+00:00,SPXW-20251114-06720.000-C,CALL,3150.0,320.0000000000003,3,9450.0,390280.0,391240.0,391240.0,0.002454,14990.0,960.0,
recovery_lock_ladder,645,2025-11-17,2025-11-17T15:00:00+00:00,2025-11-17T15:03:00+00:00,SPXW-20251117-06725.000-C,CALL,3110.0,-100.0,3,9330.0,391240.0,390940.0,391240.0,0.0,0.0,-300.0,
recovery_lock_ladder,646,2025-11-17,2025-11-17T15:12:00+00:00,2025-11-17T15:17:00+00:00,SPXW-20251117-06710.000-C,CALL,3510.0,139.99999999999986,2,7020.0,390940.0,391220.0,391240.0,0.000767,-300.0,280.0,
recovery_lock_ladder,647,2025-11-17,2025-11-17T15:17:00+00:00,2025-11-17T15:28:00+00:00,SPXW-20251117-06765.000-P,PUT,3460.0,460.0000000000001,2,6920.0,391220.0,392140.0,392140.0,0.002346,-20.0,920.0,
recovery_lock_ladder,648,2025-11-17,2025-11-17T15:34:00+00:00,2025-11-17T15:39:00+00:00,SPXW-20251117-06700.000-C,CALL,3310.0,79.99999999999972,3,9930.0,392140.0,392380.0,392380.0,0.000612,900.0,240.0,
recovery_lock_ladder,649,2025-11-17,2025-11-17T15:42:00+00:00,2025-11-17T15:51:00+00:00,SPXW-20251117-06745.000-P,PUT,3240.0,-369.99999999999994,3,9720.0,392380.0,391270.0,392380.0,0.0,1140.0,-1110.0,
recovery_lock_ladder,650,2025-11-17,2025-11-17T16:10:00+00:00,2025-11-17T16:15:00+00:00,SPXW-20251117-06685.000-C,CALL,3350.0,-419.99999999999994,2,6700.0,391270.0,390430.0,392380.0,0.002829,30.0,-840.0,
recovery_lock_ladder,651,2025-11-17,2025-11-17T18:42:00+00:00,2025-11-17T18:49:00+00:00,SPXW-20251117-06680.000-C,CALL,2540.0,1089.9999999999998,0,0.0,390430.0,390430.0,392380.0,0.00497,-810.0,0.0,daily_loss_stop
recovery_lock_ladder,652,2025-11-18,2025-11-18T15:01:00+00:00,2025-11-18T15:06:00+00:00,SPXW-20251118-06620.000-P,PUT,3400.0,920.0000000000002,2,6800.0,390430.0,392270.0,392380.0,0.00497,0.0,1840.0,
recovery_lock_ladder,653,2025-11-18,2025-11-18T15:10:00+00:00,2025-11-18T15:13:00+00:00,SPXW-20251118-06620.000-P,PUT,3379.9999999999995,790.0000000000006,2,6759.999999999999,392270.0,393850.0,393850.0,0.004012,1840.0,1580.0,
recovery_lock_ladder,654,2025-11-18,2025-11-18T15:27:00+00:00,2025-11-18T15:30:00+00:00,SPXW-20251118-06625.000-P,PUT,2960.0,529.9999999999998,3,8880.0,393850.0,395440.0,395440.0,0.004021,3420.0,1590.0,
recovery_lock_ladder,655,2025-11-18,2025-11-18T15:31:00+00:00,2025-11-18T15:32:00+00:00,SPXW-20251118-06610.000-P,PUT,2340.0,460.0000000000001,3,7020.0,395440.0,396820.0,396820.0,0.003478,5010.0,1380.0,
recovery_lock_ladder,656,2025-11-18,2025-11-18T15:34:00+00:00,2025-11-18T15:41:00+00:00,SPXW-20251118-06625.000-P,PUT,3290.0,910.0,3,9870.0,396820.0,399550.0,399550.0,0.006833,6390.0,2730.0,
recovery_lock_ladder,657,2025-11-18,2025-11-18T15:41:00+00:00,2025-11-18T15:42:00+00:00,SPXW-20251118-06600.000-C,CALL,2300.0,460.0000000000001,3,6900.0,399550.0,400930.0,400930.0,0.003442,9120.0,1380.0,
recovery_lock_ladder,658,2025-11-18,2025-11-18T18:30:00+00:00,2025-11-18T18:34:00+00:00,SPXW-20251118-06630.000-C,CALL,2740.0,710.0000000000001,3,8220.0,400930.0,403060.0,403060.0,0.005285,10500.0,2130.0,
recovery_lock_ladder,659,2025-11-19,2025-11-19T15:24:00+00:00,2025-11-19T15:30:00+00:00,SPXW-20251119-06665.000-C,CALL,2440.0,40.00000000000021,3,7320.0,403060.0,403180.0,403180.0,0.000298,0.0,120.0,
recovery_lock_ladder,660,2025-11-19,2025-11-19T15:43:00+00:00,2025-11-19T15:48:00+00:00,SPXW-20251119-06650.000-C,CALL,2850.0,-169.99999999999994,3,8550.0,403180.0,402670.0,403180.0,0.0,120.0,-510.0,
recovery_lock_ladder,661,2025-11-19,2025-11-19T15:55:00+00:00,2025-11-19T16:07:00+00:00,SPXW-20251119-06685.000-P,PUT,3479.9999999999995,1540.0000000000005,2,6959.999999999999,402670.0,405750.0,405750.0,0.007591,-390.0,3080.0,
recovery_lock_ladder,662,2025-11-19,2025-11-19T16:07:00+00:00,2025-11-19T16:10:00+00:00,SPXW-20251119-06615.000-C,CALL,3370.0000000000005,119.99999999999956,2,6740.000000000001,405750.0,405990.0,405990.0,0.000591,2690.0,240.0,
recovery_lock_ladder,663,2025-11-19,2025-11-19T16:20:00+00:00,2025-11-19T16:23:00+00:00,SPXW-20251119-06620.000-C,CALL,3080.0,190.00000000000023,3,9240.0,405990.0,406560.0,406560.0,0.001402,2930.0,570.0,
recovery_lock_ladder,664,2025-11-19,2025-11-19T16:23:00+00:00,2025-11-19T16:30:00+00:00,SPXW-20251119-06670.000-P,PUT,3310.0,579.9999999999998,3,9930.0,406560.0,408300.0,408300.0,0.004262,3500.0,1740.0,
recovery_lock_ladder,665,2025-11-19,2025-11-19T18:32:00+00:00,2025-11-19T18:38:00+00:00,SPXW-20251119-06655.000-P,PUT,2770.0,-759.9999999999998,3,8310.0,408300.0,406020.0,408300.0,0.0,5240.0,-2280.0,
recovery_lock_ladder,666,2025-11-19,2025-11-19T18:43:00+00:00,2025-11-19T18:47:00+00:00,SPXW-20251119-06655.000-P,PUT,2550.0,489.9999999999999,3,7650.0,406020.0,407490.0,408300.0,0.005584,2960.0,1470.0,
recovery_lock_ladder,667,2025-11-19,2025-11-19T19:45:00+00:00,2025-11-19T19:56:00+00:00,SPXW-20251119-06595.000-C,CALL,2200.0,1739.9999999999998,3,6600.0,407490.0,412710.0,412710.0,0.012648,4430.0,5220.0,
recovery_lock_ladder,668,2025-11-20,2025-11-20T15:00:00+00:00,2025-11-20T15:05:00+00:00,SPXW-20251120-06745.000-C,CALL,3140.0,-9.999999999999789,3,9420.0,412710.0,412680.0,412710.0,0.0,0.0,-30.0,
recovery_lock_ladder,669,2025-11-20,2025-11-20T15:06:00+00:00,2025-11-20T15:17:00+00:00,SPXW-20251120-06780.000-P,PUT,2890.0,1060.0000000000002,3,8670.0,412680.0,415860.0,415860.0,0.007647,-30.0,3180.0,
recovery_lock_ladder,670,2025-11-20,2025-11-20T15:20:00+00:00,2025-11-20T15:29:00+00:00,SPXW-20251120-06735.000-C,CALL,3190.0,480.00000000000045,3,9570.0,415860.0,417300.0,417300.0,0.003451,3150.0,1440.0,
recovery_lock_ladder,671,2025-11-20,2025-11-20T15:31:00+00:00,2025-11-20T15:38:00+00:00,SPXW-20251120-06740.000-C,CALL,3360.0,379.9999999999997,2,6720.0,417300.0,418060.0,418060.0,0.001818,4590.0,760.0,
recovery_lock_ladder,672,2025-11-20,2025-11-20T15:43:00+00:00,2025-11-20T15:46:00+00:00,SPXW-20251120-06740.000-C,CALL,3410.0,139.99999999999986,2,6820.0,418060.0,418340.0,418340.0,0.000669,5350.0,280.0,
recovery_lock_ladder,673,2025-11-20,2025-11-20T15:58:00+00:00,2025-11-20T16:15:00+00:00,SPXW-20251120-06775.000-P,PUT,3050.0,3120.0000000000005,3,9150.0,418340.0,427700.0,427700.0,0.021884,5630.0,9360.0,
recovery_lock_ladder,674,2025-11-21,2025-11-21T15:07:00+00:00,2025-11-21T15:12:00+00:00,SPXW-20251121-06575.000-P,PUT,3429.9999999999995,770.0000000000002,2,6859.999999999999,427700.0,429240.0,429240.0,0.003588,0.0,1540.0,
recovery_lock_ladder,675,2025-11-21,2025-11-21T15:17:00+00:00,2025-11-21T15:23:00+00:00,SPXW-20251121-06560.000-P,PUT,3510.0,-139.99999999999986,2,7020.0,429240.0,428960.0,429240.0,0.0,1540.0,-280.0,
recovery_lock_ladder,676,2025-11-21,2025-11-21T15:24:00+00:00,2025-11-21T15:26:00+00:00,SPXW-20251121-06555.000-C,CALL,3090.0,530.0000000000005,3,9270.0,428960.0,430550.0,430550.0,0.003693,1260.0,1590.0,
recovery_lock_ladder,677,2025-11-21,2025-11-21T15:33:00+00:00,2025-11-21T15:34:00+00:00,SPXW-20251121-06550.000-P,PUT,3050.0,360.0000000000001,3,9150.0,430550.0,431630.0,431630.0,0.002502,2850.0,1080.0,
recovery_lock_ladder,678,2025-11-21,2025-11-21T15:57:00+00:00,2025-11-21T15:58:00+00:00,SPXW-20251121-06560.000-P,PUT,3050.0,579.9999999999998,3,9150.0,431630.0,433370.0,433370.0,0.004015,3930.0,1740.0,
recovery_lock_ladder,679,2025-11-21,2025-11-21T16:21:00+00:00,2025-11-21T16:27:00+00:00,SPXW-20251121-06540.000-C,CALL,3370.0000000000005,659.9999999999994,2,6740.000000000001,433370.0,434690.0,434690.0,0.003037,5670.0,1320.0,
recovery_lock_ladder,680,2025-11-21,2025-11-21T16:29:00+00:00,2025-11-21T16:31:00+00:00,SPXW-20251121-06555.000-C,CALL,3320.0000000000005,519.9999999999995,3,9960.000000000002,434690.0,436250.0,436250.0,0.003576,6990.0,1560.0,
recovery_lock_ladder,681,2025-11-21,2025-11-21T18:30:00+00:00,2025-11-21T18:33:00+00:00,SPXW-20251121-06575.000-C,CALL,3270.0000000000005,759.9999999999994,3,9810.000000000002,436250.0,438530.0,438530.0,0.005199,8550.0,2280.0,
recovery_lock_ladder,682,2025-11-21,2025-11-21T18:48:00+00:00,2025-11-21T18:52:00+00:00,SPXW-20251121-06595.000-C,CALL,3290.0,2780.0000000000005,3,9870.0,438530.0,446870.0,446870.0,0.018663,10830.0,8340.0,
recovery_lock_ladder,683,2025-11-21,2025-11-21T19:55:00+00:00,2025-11-21T19:56:00+00:00,SPXW-20251121-06605.000-C,CALL,2950.0,180.00000000000006,3,8850.0,446870.0,447410.0,447410.0,0.001207,19170.0,540.0,
recovery_lock_ladder,684,2025-11-21,2025-11-21T19:59:00+00:00,2025-11-21T20:02:00+00:00,SPXW-20251121-06610.000-C,CALL,2370.0,400.0,3,7110.0,447410.0,448610.0,448610.0,0.002675,19710.0,1200.0,
recovery_lock_ladder,685,2025-11-24,2025-11-24T15:00:00+00:00,2025-11-24T15:07:00+00:00,SPXW-20251124-06635.000-C,CALL,3329.9999999999995,1020.0000000000002,3,9989.999999999998,448610.0,451670.0,451670.0,0.006775,0.0,3060.0,
recovery_lock_ladder,686,2025-11-24,2025-11-24T15:27:00+00:00,2025-11-24T15:30:00+00:00,SPXW-20251124-06640.000-C,CALL,3429.9999999999995,430.00000000000045,2,6859.999999999999,451670.0,452530.0,452530.0,0.0019,3060.0,860.0,
recovery_lock_ladder,687,2025-11-24,2025-11-24T15:31:00+00:00,2025-11-24T15:46:00+00:00,SPXW-20251124-06650.000-C,CALL,3000.0,1039.9999999999998,3,9000.0,452530.0,455650.0,455650.0,0.006847,3920.0,3120.0,
recovery_lock_ladder,688,2025-11-24,2025-11-24T19:33:00+00:00,2025-11-24T19:39:00+00:00,SPXW-20251124-06675.000-C,CALL,2640.0,210.00000000000017,3,7920.0,455650.0,456280.0,456280.0,0.001381,7040.0,630.0,
recovery_lock_ladder,689,2025-11-25,2025-11-25T15:00:00+00:00,2025-11-25T15:02:00+00:00,SPXW-20251125-06680.000-C,CALL,3279.9999999999995,-389.9999999999999,3,9839.999999999998,456280.0,455110.0,456280.0,0.0,0.0,-1170.0,
recovery_lock_ladder,690,2025-11-25,2025-11-25T15:02:00+00:00,2025-11-25T15:05:00+00:00,SPXW-20251125-06695.000-P,PUT,1710.0000000000002,1079.9999999999998,0,0.0,455110.0,455110.0,456280.0,0.002564,-1170.0,0.0,daily_loss_stop
recovery_lock_ladder,691,2025-11-25,2025-11-25T15:27:00+00:00,2025-11-25T15:36:00+00:00,SPXW-20251125-06715.000-P,PUT,3080.0,-790.0000000000002,0,0.0,455110.0,455110.0,456280.0,0.002564,-1170.0,-0.0,daily_loss_stop
recovery_lock_ladder,692,2025-11-26,2025-11-26T15:00:00+00:00,2025-11-26T15:08:00+00:00,SPXW-20251126-06810.000-P,PUT,2820.0,-430.00000000000006,3,8460.0,455110.0,453820.0,456280.0,0.002564,0.0,-1290.0,
recovery_lock_ladder,693,2025-11-26,2025-11-26T15:25:00+00:00,2025-11-26T15:50:00+00:00,SPXW-20251126-06810.000-P,PUT,2720.0,-990.0,0,0.0,453820.0,453820.0,456280.0,0.005391,-1290.0,-0.0,daily_loss_stop
recovery_lock_ladder,694,2025-11-28,2025-11-28T15:07:00+00:00,2025-11-28T15:11:00+00:00,SPXW-20251128-06815.000-C,CALL,2030.0,30.00000000000007,3,6090.0,453820.0,453910.0,456280.0,0.005391,0.0,90.0,
recovery_lock_ladder,695,2025-11-28,2025-11-28T15:32:00+00:00,2025-11-28T15:36:00+00:00,SPXW-20251128-06820.000-C,CALL,1830.0,180.00000000000006,3,5490.0,453910.0,454450.0,456280.0,0.005194,90.0,540.0,
recovery_lock_ladder,696,2025-11-28,2025-11-28T16:24:00+00:00,2025-11-28T16:30:00+00:00,SPXW-20251128-06815.000-C,CALL,2450.0,-180.00000000000006,3,7350.0,454450.0,453910.0,456280.0,0.004011,630.0,-540.0,
recovery_lock_ladder,697,2025-12-01,2025-12-01T15:02:00+00:00,2025-12-01T15:06:00+00:00,SPXW-20251201-06840.000-P,PUT,2030.0,309.9999999999998,3,6090.0,453910.0,454840.0,456280.0,0.005194,0.0,930.0,
recovery_lock_ladder,698,2025-12-01,2025-12-01T15:27:00+00:00,2025-12-01T15:36:00+00:00,SPXW-20251201-06845.000-P,PUT,3370.0000000000005,639.9999999999999,2,6740.000000000001,454840.0,456120.0,456280.0,0.003156,930.0,1280.0,
recovery_lock_ladder,699,2025-12-01,2025-12-01T15:36:00+00:00,2025-12-01T15:43:00+00:00,SPXW-20251201-06790.000-C,CALL,2550.0,650.0,3,7650.0,456120.0,458070.0,458070.0,0.004257,2210.0,1950.0,
recovery_lock_ladder,700,2025-12-02,2025-12-02T15:00:00+00:00,2025-12-02T15:06:00+00:00,SPXW-20251202-06810.000-C,CALL,3229.9999999999995,630.0000000000005,3,9689.999999999998,458070.0,459960.0,459960.0,0.004109,0.0,1890.0,
recovery_lock_ladder,701,2025-12-02,2025-12-02T15:27:00+00:00,2025-12-02T15:31:00+00:00,SPXW-20251202-06855.000-P,PUT,2100.0,689.9999999999999,3,6300.0,459960.0,462030.0,462030.0,0.00448,1890.0,2070.0,
recovery_lock_ladder,702,2025-12-02,2025-12-02T15:32:00+00:00,2025-12-02T15:40:00+00:00,SPXW-20251202-06855.000-P,PUT,2820.0,200.0,3,8460.0,462030.0,462630.0,462630.0,0.001297,3960.0,600.0,
recovery_lock_ladder,703,2025-12-03,2025-12-03T15:01:00+00:00,2025-12-03T15:06:00+00:00,SPXW-20251203-06805.000-C,CALL,2900.0,410.0000000000001,3,8700.0,462630.0,463860.0,463860.0,0.002652,0.0,1230.0,
recovery_lock_ladder,704,2025-12-03,2025-12-03T15:10:00+00:00,2025-12-03T15:19:00+00:00,SPXW-20251203-06805.000-C,CALL,2840.0,470.0000000000003,3,8520.0,463860.0,465270.0,465270.0,0.00303,1230.0,1410.0,
recovery_lock_ladder,705,2025-12-03,2025-12-03T15:26:00+00:00,2025-12-03T15:32:00+00:00,SPXW-20251203-06815.000-C,CALL,2480.0,-219.99999999999991,3,7440.0,465270.0,464610.0,465270.0,0.0,2640.0,-660.0,
recovery_lock_ladder,706,2025-12-03,2025-12-03T15:33:00+00:00,2025-12-03T15:38:00+00:00,SPXW-20251203-06800.000-C,CALL,3500.0,810.0000000000001,2,7000.0,464610.0,466230.0,466230.0,0.003475,1980.0,1620.0,
recovery_lock_ladder,707,2025-12-03,2025-12-03T15:39:00+00:00,2025-12-03T15:47:00+00:00,SPXW-20251203-06815.000-C,CALL,2690.0,380.00000000000006,3,8070.0,466230.0,467370.0,467370.0,0.002439,3600.0,1140.0,
recovery_lock_ladder,708,2025-12-04,2025-12-04T15:00:00+00:00,2025-12-04T15:08:00+00:00,SPXW-20251204-06870.000-P,PUT,3150.0,-39.99999999999986,3,9450.0,467370.0,467250.0,467370.0,0.0,0.0,-120.0,
recovery_lock_ladder,709,2025-12-04,2025-12-04T15:25:00+00:00,2025-12-04T15:28:00+00:00,SPXW-20251204-06840.000-P,PUT,1270.0,80.00000000000007,3,3810.0,467250.0,467490.0,467490.0,0.000513,-120.0,240.0,
recovery_lock_ladder,710,2025-12-04,2025-12-04T15:29:00+00:00,2025-12-04T15:43:00+00:00,SPXW-20251204-06830.000-C,CALL,2510.0,579.9999999999998,3,7530.0,467490.0,469230.0,469230.0,0.003708,120.0,1740.0,
recovery_lock_ladder,711,2025-12-04,2025-12-04T16:05:00+00:00,2025-12-04T16:12:00+00:00,SPXW-20251204-06850.000-P,PUT,1830.0,-60.00000000000014,3,5490.0,469230.0,469050.0,469230.0,0.0,1860.0,-180.0,
recovery_lock_ladder,712,2025-12-04,2025-12-04T16:16:00+00:00,2025-12-04T16:25:00+00:00,SPXW-20251204-06830.000-C,CALL,2010.0,429.9999999999997,3,6030.0,469050.0,470340.0,470340.0,0.002743,1680.0,1290.0,
recovery_lock_ladder,713,2025-12-04,2025-12-04T19:21:00+00:00,2025-12-04T19:24:00+00:00,SPXW-20251204-06845.000-P,PUT,1370.0,450.0,3,4110.0,470340.0,471690.0,471690.0,0.002862,2970.0,1350.0,
recovery_lock_ladder,714,2025-12-05,2025-12-05T15:01:00+00:00,2025-12-05T15:08:00+00:00,SPXW-20251205-06855.000-C,CALL,3180.0,530.0000000000001,3,9540.0,471690.0,473280.0,473280.0,0.00336,0.0,1590.0,
recovery_lock_ladder,715,2025-12-05,2025-12-05T15:21:00+00:00,2025-12-05T15:26:00+00:00,SPXW-20251205-06865.000-C,CALL,3110.0,69.99999999999993,3,9330.0,473280.0,473490.0,473490.0,0.000444,1590.0,210.0,
recovery_lock_ladder,716,2025-12-05,2025-12-05T15:28:00+00:00,2025-12-05T15:33:00+00:00,SPXW-20251205-06870.000-C,CALL,2420.0,460.0000000000001,3,7260.0,473490.0,474870.0,474870.0,0.002906,1800.0,1380.0,
recovery_lock_ladder,717,2025-12-05,2025-12-05T15:44:00+00:00,2025-12-05T15:49:00+00:00,SPXW-20251205-06860.000-C,CALL,3260.0,360.0000000000001,3,9780.0,474870.0,475950.0,475950.0,0.002269,3180.0,1080.0,
recovery_lock_ladder,718,2025-12-05,2025-12-05T15:53:00+00:00,2025-12-05T16:01:00+00:00,SPXW-20251205-06870.000-C,CALL,1990.0,-119.99999999999991,3,5970.0,475950.0,475590.0,475950.0,0.0,4260.0,-360.0,
recovery_lock_ladder,719,2025-12-05,2025-12-05T16:09:00+00:00,2025-12-05T16:17:00+00:00,SPXW-20251205-06895.000-P,PUT,2140.0,480.00000000000006,3,6420.0,475590.0,477030.0,477030.0,0.003019,3900.0,1440.0,
recovery_lock_ladder,720,2025-12-05,2025-12-05T16:18:00+00:00,2025-12-05T16:25:00+00:00,SPXW-20251205-06890.000-P,PUT,2110.0,-160.00000000000014,3,6330.0,477030.0,476550.0,477030.0,0.0,5340.0,-480.0,
recovery_lock_ladder,721,2025-12-08,2025-12-08T15:05:00+00:00,2025-12-08T15:12:00+00:00,SPXW-20251208-06880.000-P,PUT,1780.0,450.0,3,5340.0,476550.0,477900.0,477900.0,0.002825,0.0,1350.0,
recovery_lock_ladder,722,2025-12-08,2025-12-08T15:13:00+00:00,2025-12-08T15:27:00+00:00,SPXW-20251208-06895.000-P,PUT,3429.9999999999995,920.0000000000002,2,6859.999999999999,477900.0,479740.0,479740.0,0.003835,1350.0,1840.0,
recovery_lock_ladder,723,2025-12-08,2025-12-08T15:30:00+00:00,2025-12-08T15:45:00+00:00,SPXW-20251208-06870.000-P,PUT,1910.0,279.9999999999997,3,5730.0,479740.0,480580.0,480580.0,0.001748,3190.0,840.0,
recovery_lock_ladder,724,2025-12-08,2025-12-08T15:58:00+00:00,2025-12-08T16:11:00+00:00,SPXW-20251208-06880.000-P,PUT,3090.0,380.00000000000045,3,9270.0,480580.0,481720.0,481720.0,0.002367,4030.0,1140.0,
recovery_lock_ladder,725,2025-12-09,2025-12-09T15:00:00+00:00,2025-12-09T15:05:00+00:00,SPXW-20251209-06840.000-C,CALL,2150.0,50.0,3,6450.0,481720.0,481870.0,481870.0,0.000311,0.0,150.0,
recovery_lock_ladder,726,2025-12-09,2025-12-09T15:09:00+00:00,2025-12-09T15:15:00+00:00,SPXW-20251209-06825.000-C,CALL,3030.0,69.99999999999993,3,9090.0,481870.0,482080.0,482080.0,0.000436,150.0,210.0,
recovery_lock_ladder,727,2025-12-09,2025-12-09T15:27:00+00:00,2025-12-09T15:36:00+00:00,SPXW-20251209-06860.000-P,PUT,1410.0,-59.999999999999964,3,4230.0,482080.0,481900.0,482080.0,0.0,360.0,-180.0,
recovery_lock_ladder,728,2025-12-09,2025-12-09T15:36:00+00:00,2025-12-09T15:40:00+00:00,SPXW-20251209-06830.000-C,CALL,2480.0,-10.000000000000142,3,7440.0,481900.0,481870.0,482080.0,0.000373,180.0,-30.0,
recovery_lock_ladder,729,2025-12-09,2025-12-09T15:55:00+00:00,2025-12-09T16:01:00+00:00,SPXW-20251209-06830.000-C,CALL,2680.0,200.0,3,8040.0,481870.0,482470.0,482470.0,0.001244,150.0,600.0,
recovery_lock_ladder,730,2025-12-10,2025-12-10T15:52:00+00:00,2025-12-10T16:05:00+00:00,SPXW-20251210-06865.000-P,PUT,3429.9999999999995,800.0,2,6859.999999999999,482470.0,484070.0,484070.0,0.003305,0.0,1600.0,
recovery_lock_ladder,731,2025-12-10,2025-12-10T19:06:00+00:00,2025-12-10T19:07:00+00:00,SPXW-20251210-06830.000-C,CALL,3210.0,719.9999999999995,3,9630.0,484070.0,486230.0,486230.0,0.004442,1600.0,2160.0,
recovery_lock_ladder,732,2025-12-10,2025-12-10T19:29:00+00:00,2025-12-10T19:31:00+00:00,SPXW-20251210-06825.000-C,CALL,3260.0,569.9999999999995,3,9780.0,486230.0,487940.0,487940.0,0.003505,3760.0,1710.0,
recovery_lock_ladder,733,2025-12-10,2025-12-10T19:44:00+00:00,2025-12-10T19:46:00+00:00,SPXW-20251210-06825.000-C,CALL,3290.0,880.0000000000005,3,9870.0,487940.0,490580.0,490580.0,0.005381,5470.0,2640.0,
recovery_lock_ladder,734,2025-12-11,2025-12-11T15:00:00+00:00,2025-12-11T15:09:00+00:00,SPXW-20251211-06865.000-P,PUT,3340.0,-1559.9999999999998,2,6680.0,490580.0,487460.0,490580.0,0.0,0.0,-3120.0,
recovery_lock_ladder,735,2025-12-11,2025-12-11T15:25:00+00:00,2025-12-11T15:29:00+00:00,SPXW-20251211-06845.000-C,CALL,3479.9999999999995,20.000000000000284,0,0.0,487460.0,487460.0,490580.0,0.00636,-3120.0,0.0,daily_loss_stop
recovery_lock_ladder,736,2025-12-12,2025-12-12T15:00:00+00:00,2025-12-12T15:07:00+00:00,SPXW-20251212-06900.000-P,PUT,2090.0,610.0000000000001,3,6270.0,487460.0,489290.0,490580.0,0.00636,0.0,1830.0,
recovery_lock_ladder,737,2025-12-12,2025-12-12T15:25:00+00:00,2025-12-12T15:36:00+00:00,SPXW-20251212-06890.000-P,PUT,3460.0,710.0000000000001,2,6920.0,489290.0,490710.0,490710.0,0.002894,1830.0,1420.0,
recovery_lock_ladder,738,2025-12-15,2025-12-15T15:00:00+00:00,2025-12-15T15:05:00+00:00,SPXW-20251215-06855.000-P,PUT,2600.0,750.0,3,7800.0,490710.0,492960.0,492960.0,0.004564,0.0,2250.0,
recovery_lock_ladder,739,2025-12-15,2025-12-15T15:25:00+00:00,2025-12-15T15:31:00+00:00,SPXW-20251215-06835.000-P,PUT,3200.0,-189.99999999999983,3,9600.0,492960.0,492390.0,492960.0,0.0,2250.0,-570.0,
recovery_lock_ladder,740,2025-12-15,2025-12-15T15:56:00+00:00,2025-12-15T16:02:00+00:00,SPXW-20251215-06845.000-P,PUT,2680.0,250.0,3,8040.0,492390.0,493140.0,493140.0,0.001521,1680.0,750.0,
recovery_lock_ladder,741,2025-12-16,2025-12-16T15:00:00+00:00,2025-12-16T15:06:00+00:00,SPXW-20251216-06795.000-C,CALL,3130.0,-560.0000000000001,3,9390.0,493140.0,491460.0,493140.0,0.0,0.0,-1680.0,
recovery_lock_ladder,742,2025-12-16,2025-12-16T15:25:00+00:00,2025-12-16T15:31:00+00:00,SPXW-20251216-06810.000-P,PUT,3429.9999999999995,-389.9999999999999,0,0.0,491460.0,491460.0,493140.0,0.003407,-1680.0,-0.0,daily_loss_stop
recovery_lock_ladder,743,2025-12-17,2025-12-17T15:00:00+00:00,2025-12-17T15:10:00+00:00,SPXW-20251217-06825.000-P,PUT,3000.0,570.0000000000002,3,9000.0,491460.0,493170.0,493170.0,0.003467,0.0,1710.0,
recovery_lock_ladder,744,2025-12-17,2025-12-17T15:25:00+00:00,2025-12-17T15:37:00+00:00,SPXW-20251217-06820.000-P,PUT,2910.0,1150.0,3,8730.0,493170.0,496620.0,496620.0,0.006947,1710.0,3450.0,
recovery_lock_ladder,745,2025-12-18,2025-12-18T15:00:00+00:00,2025-12-18T15:08:00+00:00,SPXW-20251218-06765.000-C,CALL,3390.0,70.00000000000028,2,6780.0,496620.0,496760.0,496760.0,0.000282,0.0,140.0,
recovery_lock_ladder,746,2025-12-18,2025-12-18T15:16:00+00:00,2025-12-18T15:24:00+00:00,SPXW-20251218-06805.000-P,PUT,3400.0,-1010.0,2,6800.0,496760.0,494740.0,496760.0,0.0,140.0,-2020.0,
recovery_lock_ladder,747,2025-12-18,2025-12-18T15:25:00+00:00,2025-12-18T15:33:00+00:00,SPXW-20251218-06765.000-C,CALL,3420.0000000000005,689.9999999999999,0,0.0,494740.0,494740.0,496760.0,0.004066,-1880.0,0.0,daily_loss_stop
recovery_lock_ladder,748,2025-12-18,2025-12-18T15:52:00+00:00,2025-12-18T16:00:00+00:00,SPXW-20251218-06785.000-C,CALL,2950.0,-10.000000000000142,0,0.0,494740.0,494740.0,496760.0,0.004066,-1880.0,-0.0,daily_loss_stop
recovery_lock_ladder,749,2025-12-19,2025-12-19T15:01:00+00:00,2025-12-19T15:10:00+00:00,SPXW-20251219-06810.000-C,CALL,2720.0,-250.0,3,8160.0,494740.0,493990.0,496760.0,0.004066,0.0,-750.0,
recovery_lock_ladder,750,2025-12-19,2025-12-19T15:26:00+00:00,2025-12-19T15:31:00+00:00,SPXW-20251219-06845.000-P,PUT,2940.0,150.0,0,0.0,493990.0,493990.0,496760.0,0.005576,-750.0,0.0,daily_loss_stop
recovery_lock_ladder,751,2025-12-19,2025-12-19T15:33:00+00:00,2025-12-19T15:40:00+00:00,SPXW-20251219-06800.000-C,CALL,3210.0,189.99999999999983,0,0.0,493990.0,493990.0,496760.0,0.005576,-750.0,0.0,daily_loss_stop
recovery_lock_ladder,752,2025-12-19,2025-12-19T15:50:00+00:00,2025-12-19T15:56:00+00:00,SPXW-20251219-06790.000-C,CALL,3240.0,270.0000000000003,0,0.0,493990.0,493990.0,496760.0,0.005576,-750.0,0.0,daily_loss_stop
recovery_lock_ladder,753,2025-12-19,2025-12-19T16:15:00+00:00,2025-12-19T16:18:00+00:00,SPXW-20251219-06800.000-C,CALL,3010.0,319.99999999999955,0,0.0,493990.0,493990.0,496760.0,0.005576,-750.0,0.0,daily_loss_stop
recovery_lock_ladder,754,2025-12-22,2025-12-22T15:01:00+00:00,2025-12-22T15:15:00+00:00,SPXW-20251222-06900.000-P,PUT,3510.0,660.0000000000001,2,7020.0,493990.0,495310.0,496760.0,0.005576,0.0,1320.0,
recovery_lock_ladder,755,2025-12-22,2025-12-22T15:31:00+00:00,2025-12-22T15:37:00+00:00,SPXW-20251222-06875.000-P,PUT,1210.0,729.9999999999999,3,3630.0,495310.0,497500.0,497500.0,0.004402,1320.0,2190.0,
recovery_lock_ladder,756,2025-12-22,2025-12-22T15:39:00+00:00,2025-12-22T15:51:00+00:00,SPXW-20251222-06885.000-P,PUT,2790.0,-779.9999999999998,3,8370.0,497500.0,495160.0,497500.0,0.0,3510.0,-2340.0,
recovery_lock_ladder,757,2025-12-23,2025-12-23T15:00:00+00:00,2025-12-23T15:04:00+00:00,SPXW-20251223-06900.000-P,PUT,1900.0,730.0000000000001,3,5700.0,495160.0,497350.0,497500.0,0.004704,0.0,2190.0,
recovery_lock_ladder,758,2025-12-23,2025-12-23T15:26:00+00:00,2025-12-23T15:31:00+00:00,SPXW-20251223-06850.000-C,CALL,3240.0,280.00000000000045,3,9720.0,497350.0,498190.0,498190.0,0.001686,2190.0,840.0,
recovery_lock_ladder,759,2025-12-24,2025-12-24T15:01:00+00:00,2025-12-24T15:08:00+00:00,SPXW-20251224-06885.000-C,CALL,3020.0,90.00000000000021,3,9060.0,498190.0,498460.0,498460.0,0.000542,0.0,270.0,
recovery_lock_ladder,760,2025-12-24,2025-12-24T15:25:00+00:00,2025-12-24T15:34:00+00:00,SPXW-20251224-06900.000-C,CALL,1890.0,100.0,3,5670.0,498460.0,498760.0,498760.0,0.000601,270.0,300.0,
recovery_lock_ladder,761,2025-12-26,2025-12-26T15:00:00+00:00,2025-12-26T15:18:00+00:00,SPXW-20251226-06940.000-P,PUT,1010.0,309.99999999999994,3,3030.0,498760.0,499690.0,499690.0,0.001861,0.0,930.0,
recovery_lock_ladder,762,2025-12-26,2025-12-26T15:25:00+00:00,2025-12-26T15:37:00+00:00,SPXW-20251226-06935.000-P,PUT,819.9999999999999,-179.9999999999999,3,2459.9999999999995,499690.0,499150.0,499690.0,0.0,930.0,-540.0,
recovery_lock_ladder,763,2025-12-26,2025-12-26T15:58:00+00:00,2025-12-26T16:22:00+00:00,SPXW-20251226-06925.000-C,CALL,1310.0,-409.99999999999994,3,3930.0,499150.0,497920.0,499690.0,0.001081,390.0,-1230.0,
recovery_lock_ladder,764,2025-12-29,2025-12-29T15:02:00+00:00,2025-12-29T15:10:00+00:00,SPXW-20251229-06925.000-P,PUT,2240.0,480.00000000000006,3,6720.0,497920.0,499360.0,499690.0,0.003542,0.0,1440.0,
recovery_lock_ladder,765,2025-12-29,2025-12-29T15:29:00+00:00,2025-12-29T15:33:00+00:00,SPXW-20251229-06880.000-C,CALL,2910.0,0.0,3,8730.0,499360.0,499360.0,499690.0,0.00066,1440.0,0.0,
recovery_lock_ladder,766,2025-12-29,2025-12-29T15:45:00+00:00,2025-12-29T15:50:00+00:00,SPXW-20251229-06890.000-C,CALL,2230.0,-569.9999999999999,3,6690.0,499360.0,497650.0,499690.0,0.00066,1440.0,-1710.0,
recovery_lock_ladder,767,2025-12-29,2025-12-29T15:53:00+00:00,2025-12-29T15:58:00+00:00,SPXW-20251229-06880.000-C,CALL,2250.0,310.0000000000001,3,6750.0,497650.0,498580.0,499690.0,0.004083,-270.0,930.0,
recovery_lock_ladder,768,2025-12-30,2025-12-30T15:04:00+00:00,2025-12-30T15:11:00+00:00,SPXW-20251230-06875.000-C,CALL,3290.0,-369.99999999999994,3,9870.0,498580.0,497470.0,499690.0,0.002221,0.0,-1110.0,
recovery_lock_ladder,769,2025-12-30,2025-12-30T15:23:00+00:00,2025-12-30T15:33:00+00:00,SPXW-20251230-06865.000-C,CALL,3420.0000000000005,-70.00000000000028,0,0.0,497470.0,497470.0,499690.0,0.004443,-1110.0,-0.0,daily_loss_stop
recovery_lock_ladder,770,2025-12-30,2025-12-30T15:33:00+00:00,2025-12-30T15:44:00+00:00,SPXW-20251230-06910.000-P,PUT,1610.0000000000002,179.99999999999972,0,0.0,497470.0,497470.0,499690.0,0.004443,-1110.0,0.0,daily_loss_stop
recovery_lock_ladder,771,2025-12-30,2025-12-30T15:49:00+00:00,2025-12-30T15:54:00+00:00,SPXW-20251230-06880.000-C,CALL,1950.0,510.0000000000001,0,0.0,497470.0,497470.0,499690.0,0.004443,-1110.0,0.0,daily_loss_stop
recovery_lock_ladder,772,2025-12-30,2025-12-30T15:55:00+00:00,2025-12-30T16:01:00+00:00,SPXW-20251230-06880.000-C,CALL,2390.0,190.00000000000023,0,0.0,497470.0,497470.0,499690.0,0.004443,-1110.0,0.0,daily_loss_stop
recovery_lock_ladder,773,2025-12-30,2025-12-30T16:08:00+00:00,2025-12-30T16:14:00+00:00,SPXW-20251230-06875.000-C,CALL,3200.0,20.000000000000284,0,0.0,497470.0,497470.0,499690.0,0.004443,-1110.0,0.0,daily_loss_stop
recovery_lock_ladder,774,2025-12-30,2025-12-30T18:34:00+00:00,2025-12-30T18:38:00+00:00,SPXW-20251230-06880.000-C,CALL,2730.0,-110.00000000000014,0,0.0,497470.0,497470.0,499690.0,0.004443,-1110.0,-0.0,daily_loss_stop
recovery_lock_ladder,775,2025-12-30,2025-12-30T19:13:00+00:00,2025-12-30T19:22:00+00:00,SPXW-20251230-06900.000-C,CALL,640.0,109.99999999999996,0,0.0,497470.0,497470.0,499690.0,0.004443,-1110.0,0.0,daily_loss_stop
recovery_lock_ladder,776,2025-12-31,2025-12-31T15:26:00+00:00,2025-12-31T15:34:00+00:00,SPXW-20251231-06860.000-C,CALL,2550.0,30.00000000000007,1,2550.0,497470.0,497500.0,499690.0,0.004443,0.0,30.0,
recovery_lock_ladder,777,2025-12-31,2025-12-31T16:19:00+00:00,2025-12-31T16:27:00+00:00,SPXW-20251231-06845.000-C,CALL,3120.0,250.0000000000003,1,3120.0,497500.0,497750.0,499690.0,0.004383,30.0,250.0,
recovery_lock_ladder,778,2025-12-31,2025-12-31T16:28:00+00:00,2025-12-31T16:34:00+00:00,SPXW-20251231-06845.000-C,CALL,3410.0,-189.99999999999983,1,3410.0,497750.0,497560.0,499690.0,0.003882,280.0,-190.0,
recovery_lock_ladder,779,2025-12-31,2025-12-31T18:31:00+00:00,2025-12-31T18:35:00+00:00,SPXW-20251231-06860.000-C,CALL,2180.0,100.0,1,2180.0,497560.0,497660.0,499690.0,0.004263,90.0,100.0,
recovery_lock_ladder,780,2026-01-02,2026-01-02T15:00:00+00:00,2026-01-02T15:07:00+00:00,SPXW-20260102-06860.000-C,CALL,3120.0,190.00000000000023,1,3120.0,497660.0,497850.0,499690.0,0.004063,0.0,190.0,
recovery_lock_ladder,781,2026-01-02,2026-01-02T15:12:00+00:00,2026-01-02T15:22:00+00:00,SPXW-20260102-06890.000-P,PUT,1739.9999999999998,1930.0000000000005,1,1739.9999999999998,497850.0,499780.0,499780.0,0.003862,190.0,1930.0,
recovery_lock_ladder,782,2026-01-02,2026-01-02T15:25:00+00:00,2026-01-02T15:36:00+00:00,SPXW-20260102-06865.000-P,PUT,2430.0,-1230.0,3,7290.0,499780.0,496090.0,499780.0,0.0,2120.0,-3690.0,
recovery_lock_ladder,783,2026-01-02,2026-01-02T15:37:00+00:00,2026-01-02T15:54:00+00:00,SPXW-20260102-06865.000-P,PUT,1240.0,529.9999999999999,0,0.0,496090.0,496090.0,499780.0,0.007383,-1570.0,0.0,daily_loss_stop
recovery_lock_ladder,784,2026-01-05,2026-01-05T15:01:00+00:00,2026-01-05T15:10:00+00:00,SPXW-20260105-06885.000-C,CALL,1760.0000000000002,479.9999999999997,1,1760.0000000000002,496090.0,496570.0,499780.0,0.007383,0.0,480.0,
recovery_lock_ladder,785,2026-01-05,2026-01-05T15:27:00+00:00,2026-01-05T15:36:00+00:00,SPXW-20260105-06875.000-C,CALL,3190.0,450.0,1,3190.0,496570.0,497020.0,499780.0,0.006423,480.0,450.0,
recovery_lock_ladder,786,2026-01-05,2026-01-05T15:55:00+00:00,2026-01-05T16:14:00+00:00,SPXW-20260105-06890.000-C,CALL,2070.0,230.00000000000009,1,2070.0,497020.0,497250.0,499780.0,0.005522,930.0,230.0,
recovery_lock_ladder,787,2026-01-06,2026-01-06T15:00:00+00:00,2026-01-06T15:19:00+00:00,SPXW-20260106-06905.000-C,CALL,2460.0,250.0,1,2460.0,497250.0,497500.0,499780.0,0.005062,0.0,250.0,
recovery_lock_ladder,788,2026-01-06,2026-01-06T15:19:00+00:00,2026-01-06T15:44:00+00:00,SPXW-20260106-06900.000-C,CALL,3210.0,-550.0,3,9630.0,497500.0,495850.0,499780.0,0.004562,250.0,-1650.0,
recovery_lock_ladder,789,2026-01-06,2026-01-06T15:55:00+00:00,2026-01-06T16:20:00+00:00,SPXW-20260106-06885.000-C,CALL,3460.0,-270.0000000000003,0,0.0,495850.0,495850.0,499780.0,0.007863,-1400.0,-0.0,daily_loss_stop
recovery_lock_ladder,790,2026-01-07,2026-01-07T15:01:00+00:00,2026-01-07T15:22:00+00:00,SPXW-20260107-06965.000-P,PUT,2110.0,289.9999999999999,1,2110.0,495850.0,496140.0,499780.0,0.007863,0.0,290.0,
recovery_lock_ladder,791,2026-01-07,2026-01-07T15:28:00+00:00,2026-01-07T15:38:00+00:00,SPXW-20260107-06925.000-C,CALL,2080.0,559.9999999999998,1,2080.0,496140.0,496700.0,499780.0,0.007283,290.0,560.0,
recovery_lock_ladder,792,2026-01-07,2026-01-07T15:38:00+00:00,2026-01-07T15:58:00+00:00,SPXW-20260107-06980.000-P,PUT,3110.0,-160.00000000000014,1,3110.0,496700.0,496540.0,499780.0,0.006163,850.0,-160.0,
recovery_lock_ladder,793,2026-01-07,2026-01-07T16:03:00+00:00,2026-01-07T16:28:00+00:00,SPXW-20260107-06930.000-C,CALL,2470.0,-469.99999999999994,1,2470.0,496540.0,496070.0,499780.0,0.006483,690.0,-470.0,
recovery_lock_ladder,794,2026-01-08,2026-01-08T15:00:00+00:00,2026-01-08T15:16:00+00:00,SPXW-20260108-06920.000-P,PUT,1830.0,-940.0,1,1830.0,496070.0,495130.0,499780.0,0.007423,0.0,-940.0,
recovery_lock_ladder,795,2026-01-08,2026-01-08T15:25:00+00:00,2026-01-08T15:43:00+00:00,SPXW-20260108-06895.000-C,CALL,3100.0,-50.0,0,0.0,495130.0,495130.0,499780.0,0.009304,-940.0,-0.0,daily_loss_stop
recovery_lock_ladder,796,2026-01-09,2026-01-09T15:02:00+00:00,2026-01-09T15:08:00+00:00,SPXW-20260109-06935.000-C,CALL,1789.9999999999998,-909.9999999999998,1,1789.9999999999998,495130.0,494220.0,499780.0,0.009304,0.0,-910.0,
recovery_lock_ladder,797,2026-01-09,2026-01-09T15:27:00+00:00,2026-01-09T15:37:00+00:00,SPXW-20260109-06945.000-C,CALL,1610.0000000000002,250.0,0,0.0,494220.0,494220.0,499780.0,0.011125,-910.0,0.0,daily_loss_stop
recovery_lock_ladder,798,2026-01-09,2026-01-09T15:56:00+00:00,2026-01-09T16:21:00+00:00,SPXW-20260109-06910.000-C,CALL,3310.0,1789.9999999999998,0,0.0,494220.0,494220.0,499780.0,0.011125,-910.0,0.0,daily_loss_stop
recovery_lock_ladder,799,2026-01-12,2026-01-12T15:06:00+00:00,2026-01-12T15:27:00+00:00,SPXW-20260112-06935.000-C,CALL,2730.0,-10.000000000000142,1,2730.0,494220.0,494210.0,499780.0,0.011125,0.0,-10.0,
recovery_lock_ladder,800,2026-01-12,2026-01-12T15:33:00+00:00,2026-01-12T15:53:00+00:00,SPXW-20260112-06960.000-P,PUT,980.0,-150.0,1,980.0,494210.0,494060.0,499780.0,0.011145,-10.0,-150.0,
recovery_lock_ladder,801,2026-01-12,2026-01-12T15:53:00+00:00,2026-01-12T16:18:00+00:00,SPXW-20260112-06950.000-C,CALL,1450.0,789.9999999999999,1,1450.0,494060.0,494850.0,499780.0,0.011445,-160.0,790.0,
recovery_lock_ladder,802,2026-01-12,2026-01-12T18:43:00+00:00,2026-01-12T18:53:00+00:00,SPXW-20260112-06945.000-C,CALL,3090.0,110.00000000000014,1,3090.0,494850.0,494960.0,499780.0,0.009864,630.0,110.0,
recovery_lock_ladder,803,2026-01-13,2026-01-13T15:01:00+00:00,2026-01-13T15:19:00+00:00,SPXW-20260113-06990.000-P,PUT,2360.0,1439.9999999999998,1,2360.0,494960.0,496400.0,499780.0,0.009644,0.0,1440.0,
recovery_lock_ladder,804,2026-01-13,2026-01-13T15:26:00+00:00,2026-01-13T15:51:00+00:00,SPXW-20260113-06980.000-P,PUT,3360.0,-880.0000000000001,2,6720.0,496400.0,494640.0,499780.0,0.006763,1440.0,-1760.0,
recovery_lock_ladder,805,2026-01-13,2026-01-13T15:55:00+00:00,2026-01-13T16:07:00+00:00,SPXW-20260113-06935.000-C,CALL,2860.0,159.99999999999977,1,2860.0,494640.0,494800.0,499780.0,0.010285,-320.0,160.0,
recovery_lock_ladder,806,2026-01-13,2026-01-13T16:27:00+00:00,2026-01-13T16:43:00+00:00,SPXW-20260113-06970.000-P,PUT,1610.0000000000002,-870.0000000000001,1,1610.0000000000002,494800.0,493930.0,499780.0,0.009964,-160.0,-870.0,
recovery_lock_ladder,807,2026-01-14,2026-01-14T15:00:00+00:00,2026-01-14T15:09:00+00:00,SPXW-20260114-06910.000-P,PUT,1800.0,-110.00000000000014,1,1800.0,493930.0,493820.0,499780.0,0.011705,0.0,-110.0,
recovery_lock_ladder,808,2026-01-14,2026-01-14T15:17:00+00:00,2026-01-14T15:28:00+00:00,SPXW-20260114-06910.000-C,CALL,2370.0,-480.00000000000006,1,2370.0,493820.0,493340.0,499780.0,0.011925,-110.0,-480.0,
recovery_lock_ladder,809,2026-01-14,2026-01-14T15:28:00+00:00,2026-01-14T15:36:00+00:00,SPXW-20260114-06915.000-P,PUT,1020.0,810.0000000000001,1,1020.0,493340.0,494150.0,499780.0,0.012886,-590.0,810.0,
recovery_lock_ladder,810,2026-01-14,2026-01-14T15:43:00+00:00,2026-01-14T15:50:00+00:00,SPXW-20260114-06910.000-P,PUT,1180.0,1289.9999999999998,1,1180.0,494150.0,495440.0,499780.0,0.011265,220.0,1290.0,
recovery_lock_ladder,811,2026-01-15,2026-01-15T15:01:00+00:00,2026-01-15T15:17:00+00:00,SPXW-20260115-06995.000-P,PUT,3240.0,120.00000000000028,3,9720.0,495440.0,495800.0,499780.0,0.008684,0.0,360.0,
recovery_lock_ladder,812,2026-01-15,2026-01-15T15:23:00+00:00,2026-01-15T15:38:00+00:00,SPXW-20260115-06935.000-C,CALL,3500.0,420.0000000000003,2,7000.0,495800.0,496640.0,499780.0,0.007964,360.0,840.0,
recovery_lock_ladder,813,2026-01-15,2026-01-15T15:48:00+00:00,2026-01-15T16:00:00+00:00,SPXW-20260115-06965.000-P,PUT,1150.0,-409.99999999999994,3,3450.0,496640.0,495410.0,499780.0,0.006283,1200.0,-1230.0,
recovery_lock_ladder,814,2026-01-16,2026-01-16T15:00:00+00:00,2026-01-16T15:21:00+00:00,SPXW-20260116-06975.000-P,PUT,3340.0,-10.000000000000142,1,3340.0,495410.0,495400.0,499780.0,0.008744,0.0,-10.0,
recovery_lock_ladder,815,2026-01-16,2026-01-16T15:25:00+00:00,2026-01-16T15:41:00+00:00,SPXW-20260116-06960.000-P,PUT,1630.0,1720.0,3,4890.0,495400.0,500560.0,500560.0,0.010308,-10.0,5160.0,
recovery_lock_ladder,816,2026-01-20,2026-01-20T15:05:00+00:00,2026-01-20T15:30:00+00:00,SPXW-20260120-06820.000-C,CALL,3429.9999999999995,1140.0000000000005,2,6859.999999999999,500560.0,502840.0,502840.0,0.004534,0.0,2280.0,
recovery_lock_ladder,817,2026-01-20,2026-01-20T15:30:00+00:00,2026-01-20T15:42:00+00:00,SPXW-20260120-06845.000-C,CALL,2650.0,250.0,3,7950.0,502840.0,503590.0,503590.0,0.001489,2280.0,750.0,
recovery_lock_ladder,818,2026-01-20,2026-01-20T15:56:00+00:00,2026-01-20T16:07:00+00:00,SPXW-20260120-06880.000-P,PUT,2930.0,-240.00000000000023,3,8790.0,503590.0,502870.0,503590.0,0.0,3030.0,-720.0,
recovery_lock_ladder,819,2026-01-20,2026-01-20T16:21:00+00:00,2026-01-20T16:30:00+00:00,SPXW-20260120-06840.000-C,CALL,2590.0,120.00000000000028,3,7770.0,502870.0,503230.0,503590.0,0.00143,2310.0,360.0,
recovery_lock_ladder,820,2026-01-21,2026-01-21T18:30:00+00:00,2026-01-21T18:51:00+00:00,SPXW-20260121-06810.000-C,CALL,2310.0,219.99999999999991,3,6930.0,503230.0,503890.0,503890.0,0.00131,0.0,660.0,
recovery_lock_ladder,821,2026-01-21,2026-01-21T18:55:00+00:00,2026-01-21T19:08:00+00:00,SPXW-20260121-06840.000-P,PUT,1140.0,509.99999999999994,3,3420.0,503890.0,505420.0,505420.0,0.003027,660.0,1530.0,
recovery_lock_ladder,822,2026-01-21,2026-01-21T19:19:00+00:00,2026-01-21T19:29:00+00:00,SPXW-20260121-06800.000-C,CALL,2710.0,3619.999999999999,3,8130.0,505420.0,516280.0,516280.0,0.021035,2190.0,10860.0,
recovery_lock_ladder,823,2026-01-21,2026-01-21T19:34:00+00:00,2026-01-21T19:38:00+00:00,SPXW-20260121-06870.000-C,CALL,880.0000000000001,1250.0,3,2640.0000000000005,516280.0,520030.0,520030.0,0.007211,13050.0,3750.0,
recovery_lock_ladder,824,2026-01-22,2026-01-22T15:00:00+00:00,2026-01-22T15:12:00+00:00,SPXW-20260122-06925.000-P,PUT,2870.0,519.9999999999999,3,8610.0,520030.0,521590.0,521590.0,0.002991,0.0,1560.0,
recovery_lock_ladder,825,2026-01-22,2026-01-22T15:28:00+00:00,2026-01-22T15:40:00+00:00,SPXW-20260122-06880.000-C,CALL,3279.9999999999995,380.00000000000045,3,9839.999999999998,521590.0,522730.0,522730.0,0.002181,1560.0,1140.0,
recovery_lock_ladder,826,2026-01-22,2026-01-22T15:42:00+00:00,2026-01-22T16:01:00+00:00,SPXW-20260122-06885.000-C,CALL,3200.0,70.00000000000028,3,9600.0,522730.0,522940.0,522940.0,0.000402,2700.0,210.0,
recovery_lock_ladder,827,2026-01-22,2026-01-22T16:11:00+00:00,2026-01-22T16:30:00+00:00,SPXW-20260122-06890.000-C,CALL,3120.0,250.0000000000003,3,9360.0,522940.0,523690.0,523690.0,0.001432,2910.0,750.0,
recovery_lock_ladder,828,2026-01-23,2026-01-23T15:02:00+00:00,2026-01-23T15:22:00+00:00,SPXW-20260123-06885.000-C,CALL,3210.0,0.0,3,9630.0,523690.0,523690.0,523690.0,0.0,0.0,0.0,
recovery_lock_ladder,829,2026-01-23,2026-01-23T15:29:00+00:00,2026-01-23T15:46:00+00:00,SPXW-20260123-06890.000-C,CALL,2960.0,229.99999999999972,3,8880.0,523690.0,524380.0,524380.0,0.001316,0.0,690.0,
recovery_lock_ladder,830,2026-01-23,2026-01-23T16:17:00+00:00,2026-01-23T16:38:00+00:00,SPXW-20260123-06900.000-C,CALL,2970.0,-39.99999999999986,3,8910.0,524380.0,524260.0,524380.0,0.0,690.0,-120.0,
recovery_lock_ladder,831,2026-01-26,2026-01-26T15:14:00+00:00,2026-01-26T15:33:00+00:00,SPXW-20260126-06920.000-C,CALL,3150.0,170.00000000000028,3,9450.0,524260.0,524770.0,524770.0,0.000972,0.0,510.0,
recovery_lock_ladder,832,2026-01-26,2026-01-26T15:51:00+00:00,2026-01-26T16:12:00+00:00,SPXW-20260126-06925.000-C,CALL,3030.0,-119.99999999999991,3,9090.0,524770.0,524410.0,524770.0,0.0,510.0,-360.0,
recovery_lock_ladder,833,2026-01-27,2026-01-27T15:06:00+00:00,2026-01-27T15:23:00+00:00,SPXW-20260127-06940.000-C,CALL,3150.0,350.0,3,9450.0,524410.0,525460.0,525460.0,0.001998,0.0,1050.0,
recovery_lock_ladder,834,2026-01-27,2026-01-27T15:23:00+00:00,2026-01-27T15:48:00+00:00,SPXW-20260127-06945.000-C,CALL,3080.0,849.9999999999997,3,9240.0,525460.0,528010.0,528010.0,0.004829,1050.0,2550.0,
recovery_lock_ladder,835,2026-01-27,2026-01-27T15:53:00+00:00,2026-01-27T16:18:00+00:00,SPXW-20260127-06950.000-C,CALL,3379.9999999999995,280.00000000000045,2,6759.999999999999,528010.0,528570.0,528570.0,0.001059,3600.0,560.0,
recovery_lock_ladder,836,2026-01-27,2026-01-27T16:18:00+00:00,2026-01-27T16:32:00+00:00,SPXW-20260127-06955.000-C,CALL,3210.0,89.99999999999986,3,9630.0,528570.0,528840.0,528840.0,0.000511,4160.0,270.0,
recovery_lock_ladder,837,2026-01-28,2026-01-28T15:01:00+00:00,2026-01-28T15:15:00+00:00,SPXW-20260128-07025.000-P,PUT,3410.0,789.9999999999999,2,6820.0,528840.0,530420.0,530420.0,0.002979,0.0,1580.0,
recovery_lock_ladder,838,2026-01-28,2026-01-28T15:26:00+00:00,2026-01-28T15:43:00+00:00,SPXW-20260128-07020.000-P,PUT,3379.9999999999995,460.0000000000001,2,6759.999999999999,530420.0,531340.0,531340.0,0.001731,1580.0,920.0,
recovery_lock_ladder,839,2026-01-28,2026-01-28T15:47:00+00:00,2026-01-28T16:00:00+00:00,SPXW-20260128-07015.000-P,PUT,3520.0000000000005,309.99999999999943,2,7040.000000000001,531340.0,531960.0,531960.0,0.001166,2500.0,620.0,
recovery_lock_ladder,840,2026-01-29,2026-01-29T15:00:00+00:00,2026-01-29T15:11:00+00:00,SPXW-20260129-06955.000-P,PUT,2730.0,859.9999999999998,3,8190.0,531960.0,534540.0,534540.0,0.004827,0.0,2580.0,
recovery_lock_ladder,841,2026-01-29,2026-01-29T15:11:00+00:00,2026-01-29T15:23:00+00:00,SPXW-20260129-06905.000-C,CALL,3200.0,29.999999999999716,3,9600.0,534540.0,534630.0,534630.0,0.000168,2580.0,90.0,
recovery_lock_ladder,842,2026-01-29,2026-01-29T15:27:00+00:00,2026-01-29T15:51:00+00:00,SPXW-20260129-06950.000-P,PUT,3300.0,3579.9999999999995,3,9900.0,534630.0,545370.0,545370.0,0.019693,2670.0,10740.0,
recovery_lock_ladder,843,2026-01-29,2026-01-29T18:30:00+00:00,2026-01-29T18:37:00+00:00,SPXW-20260129-06955.000-P,PUT,2430.0,80.00000000000007,3,7290.0,545370.0,545610.0,545610.0,0.00044,13410.0,240.0,
recovery_lock_ladder,844,2026-01-29,2026-01-29T18:37:00+00:00,2026-01-29T18:45:00+00:00,SPXW-20260129-06920.000-C,CALL,1620.0,340.0000000000002,3,4860.0,545610.0,546630.0,546630.0,0.001866,13650.0,1020.0,
recovery_lock_ladder,845,2026-01-29,2026-01-29T19:29:00+00:00,2026-01-29T19:54:00+00:00,SPXW-20260129-06920.000-C,CALL,2440.0,-589.9999999999999,3,7320.0,546630.0,544860.0,546630.0,0.0,14670.0,-1770.0,
recovery_lock_ladder,846,2026-01-30,2026-01-30T15:02:00+00:00,2026-01-30T15:24:00+00:00,SPXW-20260130-06975.000-P,PUT,3450.0,-619.9999999999999,2,6900.0,544860.0,543620.0,546630.0,0.003238,0.0,-1240.0,
recovery_lock_ladder,847,2026-01-30,2026-01-30T15:28:00+00:00,2026-01-30T15:35:00+00:00,SPXW-20260130-06975.000-P,PUT,3420.0000000000005,400.0,0,0.0,543620.0,543620.0,546630.0,0.005506,-1240.0,0.0,daily_loss_stop
recovery_lock_ladder,848,2026-02-02,2026-02-02T19:05:00+00:00,2026-02-02T19:19:00+00:00,SPXW-20260202-06965.000-C,CALL,2510.0,-10.000000000000142,3,7530.0,543620.0,543590.0,546630.0,0.005506,0.0,-30.0,
recovery_lock_ladder,849,2026-02-03,2026-02-03T15:00:00+00:00,2026-02-03T15:09:00+00:00,SPXW-20260203-06970.000-P,PUT,2040.0,610.0000000000001,3,6120.0,543590.0,545420.0,546630.0,0.005561,0.0,1830.0,
recovery_lock_ladder,850,2026-02-03,2026-02-03T15:16:00+00:00,2026-02-03T15:29:00+00:00,SPXW-20260203-06925.000-C,CALL,2700.0,119.99999999999991,3,8100.0,545420.0,545780.0,546630.0,0.002214,1830.0,360.0,
recovery_lock_ladder,851,2026-02-03,2026-02-03T15:31:00+00:00,2026-02-03T15:47:00+00:00,SPXW-20260203-06975.000-P,PUT,3520.0000000000005,500.0,2,7040.000000000001,545780.0,546780.0,546780.0,0.001829,2190.0,1000.0,
recovery_lock_ladder,852,2026-02-03,2026-02-03T16:04:00+00:00,2026-02-03T16:29:00+00:00,SPXW-20260203-06975.000-P,PUT,3020.0,1280.0,3,9060.0,546780.0,550620.0,550620.0,0.006974,3190.0,3840.0,
recovery_lock_ladder,853,2026-02-04,2026-02-04T15:01:00+00:00,2026-02-04T15:24:00+00:00,SPXW-20260204-06900.000-P,PUT,2450.0,-1350.0,3,7350.0,550620.0,546570.0,550620.0,0.0,0.0,-4050.0,
recovery_lock_ladder,854,2026-02-04,2026-02-04T15:26:00+00:00,2026-02-04T15:38:00+00:00,SPXW-20260204-06945.000-P,PUT,2840.0,2010.0,0,0.0,546570.0,546570.0,550620.0,0.007355,-4050.0,0.0,daily_loss_stop
recovery_lock_ladder,855,2026-02-04,2026-02-04T15:38:00+00:00,2026-02-04T15:52:00+00:00,SPXW-20260204-06880.000-C,CALL,3200.0,460.0000000000001,0,0.0,546570.0,546570.0,550620.0,0.007355,-4050.0,0.0,daily_loss_stop
recovery_lock_ladder,856,2026-02-04,2026-02-04T16:02:00+00:00,2026-02-04T16:12:00+00:00,SPXW-20260204-06925.000-P,PUT,3140.0,589.9999999999999,0,0.0,546570.0,546570.0,550620.0,0.007355,-4050.0,0.0,daily_loss_stop
recovery_lock_ladder,857,2026-02-04,2026-02-04T16:19:00+00:00,2026-02-04T16:40:00+00:00,SPXW-20260204-06900.000-P,PUT,2140.0,30.00000000000007,0,0.0,546570.0,546570.0,550620.0,0.007355,-4050.0,0.0,daily_loss_stop
recovery_lock_ladder,858,2026-02-05,2026-02-05T15:57:00+00:00,2026-02-05T16:05:00+00:00,SPXW-20260205-06795.000-P,PUT,2680.0,59.99999999999979,3,8040.0,546570.0,546750.0,550620.0,0.007355,0.0,180.0,
recovery_lock_ladder,859,2026-02-05,2026-02-05T16:15:00+00:00,2026-02-05T16:39:00+00:00,SPXW-20260205-06765.000-C,CALL,3220.0000000000005,3259.9999999999995,3,9660.000000000002,546750.0,556530.0,556530.0,0.017573,180.0,9780.0,
recovery_lock_ladder,860,2026-02-05,2026-02-05T18:30:00+00:00,2026-02-05T18:46:00+00:00,SPXW-20260205-06785.000-C,CALL,3400.0,-239.99999999999983,2,6800.0,556530.0,556050.0,556530.0,0.0,9960.0,-480.0,
recovery_lock_ladder,861,2026-02-05,2026-02-05T18:46:00+00:00,2026-02-05T18:56:00+00:00,SPXW-20260205-06835.000-P,PUT,2760.0,1010.0,3,8280.0,556050.0,559080.0,559080.0,0.00542,9480.0,3030.0,
recovery_lock_ladder,862,2026-02-05,2026-02-05T19:01:00+00:00,2026-02-05T19:13:00+00:00,SPXW-20260205-06830.000-P,PUT,2820.0,-1480.0,3,8460.0,559080.0,554640.0,559080.0,0.0,12510.0,-4440.0,
recovery_lock_ladder,863,2026-02-05,2026-02-05T19:16:00+00:00,2026-02-05T19:25:00+00:00,SPXW-20260205-06795.000-C,CALL,3510.0,500.0,2,7020.0,554640.0,555640.0,559080.0,0.007942,8070.0,1000.0,
recovery_lock_ladder,864,2026-02-05,2026-02-05T19:44:00+00:00,2026-02-05T19:48:00+00:00,SPXW-20260205-06835.000-P,PUT,2510.0,319.99999999999994,3,7530.0,555640.0,556600.0,559080.0,0.006153,9070.0,960.0,
recovery_lock_ladder,865,2026-02-09,2026-02-09T15:12:00+00:00,2026-02-09T15:25:00+00:00,SPXW-20260209-06910.000-C,CALL,3190.0,580.0000000000005,3,9570.0,556600.0,558340.0,559080.0,0.004436,0.0,1740.0,
recovery_lock_ladder,866,2026-02-09,2026-02-09T18:32:00+00:00,2026-02-09T18:47:00+00:00,SPXW-20260209-06960.000-C,CALL,1070.0,200.0,3,3210.0,558340.0,558940.0,559080.0,0.001324,1740.0,600.0,
recovery_lock_ladder,867,2026-02-09,2026-02-09T19:04:00+00:00,2026-02-09T19:29:00+00:00,SPXW-20260209-06940.000-C,CALL,3279.9999999999995,700.0,3,9839.999999999998,558940.0,561040.0,561040.0,0.003743,2340.0,2100.0,
recovery_lock_ladder,868,2026-02-10,2026-02-10T15:01:00+00:00,2026-02-10T15:13:00+00:00,SPXW-20260210-06950.000-C,CALL,3229.9999999999995,130.00000000000043,3,9689.999999999998,561040.0,561430.0,561430.0,0.000695,0.0,390.0,
recovery_lock_ladder,869,2026-02-10,2026-02-10T15:26:00+00:00,2026-02-10T15:42:00+00:00,SPXW-20260210-06950.000-C,CALL,3100.0,129.99999999999972,3,9300.0,561430.0,561820.0,561820.0,0.000694,390.0,390.0,
recovery_lock_ladder,870,2026-02-11,2026-02-11T15:00:00+00:00,2026-02-11T15:20:00+00:00,SPXW-20260211-06985.000-P,PUT,2860.0,2919.9999999999995,3,8580.0,561820.0,570580.0,570580.0,0.015353,0.0,8760.0,
recovery_lock_ladder,871,2026-02-11,2026-02-11T15:29:00+00:00,2026-02-11T15:53:00+00:00,SPXW-20260211-06925.000-P,PUT,2060.0,-1030.0,3,6180.0,570580.0,567490.0,570580.0,0.0,8760.0,-3090.0,
recovery_lock_ladder,872,2026-02-11,2026-02-11T16:26:00+00:00,2026-02-11T16:33:00+00:00,SPXW-20260211-06955.000-P,PUT,1360.0,740.0,3,4080.0,567490.0,569710.0,570580.0,0.005416,5670.0,2220.0,
recovery_lock_ladder,873,2026-02-11,2026-02-11T18:41:00+00:00,2026-02-11T19:06:00+00:00,SPXW-20260211-06950.000-P,PUT,1090.0,-330.00000000000006,3,3270.0,569710.0,568720.0,570580.0,0.001525,7890.0,-990.0,
recovery_lock_ladder,874,2026-02-11,2026-02-11T19:19:00+00:00,2026-02-11T19:29:00+00:00,SPXW-20260211-06925.000-C,CALL,2930.0,309.9999999999998,3,8790.0,568720.0,569650.0,570580.0,0.00326,6900.0,930.0,
recovery_lock_ladder,875,2026-02-12,2026-02-12T15:00:00+00:00,2026-02-12T15:14:00+00:00,SPXW-20260212-06970.000-P,PUT,2700.0,-210.00000000000017,3,8100.0,569650.0,569020.0,570580.0,0.00163,0.0,-630.0,
recovery_lock_ladder,876,2026-02-12,2026-02-12T15:26:00+00:00,2026-02-12T15:51:00+00:00,SPXW-20260212-06980.000-P,PUT,3170.0,2610.0,3,9510.0,569020.0,576850.0,576850.0,0.013574,-630.0,7830.0,
recovery_lock_ladder,877,2026-02-13,2026-02-13T15:00:00+00:00,2026-02-13T15:14:00+00:00,SPXW-20260213-06810.000-C,CALL,3360.0,1269.9999999999995,2,6720.0,576850.0,579390.0,579390.0,0.004384,0.0,2540.0,
recovery_lock_ladder,878,2026-02-13,2026-02-13T15:20:00+00:00,2026-02-13T15:38:00+00:00,SPXW-20260213-06820.000-C,CALL,3160.0,1860.0,3,9480.0,579390.0,584970.0,584970.0,0.009539,2540.0,5580.0,
recovery_lock_ladder,879,2026-02-13,2026-02-13T15:51:00+00:00,2026-02-13T16:02:00+00:00,SPXW-20260213-06830.000-C,CALL,2680.0,690.0000000000002,3,8040.0,584970.0,587040.0,587040.0,0.003526,8120.0,2070.0,
recovery_lock_ladder,880,2026-02-13,2026-02-13T16:12:00+00:00,2026-02-13T16:21:00+00:00,SPXW-20260213-06860.000-P,PUT,2410.0,400.0,3,7230.0,587040.0,588240.0,588240.0,0.00204,10190.0,1200.0,
recovery_lock_ladder,881,2026-02-13,2026-02-13T18:30:00+00:00,2026-02-13T18:37:00+00:00,SPXW-20260213-06860.000-C,CALL,1970.0,269.99999999999994,3,5910.0,588240.0,589050.0,589050.0,0.001375,11390.0,810.0,
recovery_lock_ladder,882,2026-02-13,2026-02-13T18:45:00+00:00,2026-02-13T19:06:00+00:00,SPXW-20260213-06850.000-C,CALL,2370.0,-230.00000000000009,3,7110.0,589050.0,588360.0,589050.0,0.0,12200.0,-690.0,
recovery_lock_ladder,883,2026-02-13,2026-02-13T20:29:00+00:00,2026-02-13T20:42:00+00:00,SPXW-20260213-06805.000-C,CALL,2110.0,-170.00000000000028,3,6330.0,588360.0,587850.0,589050.0,0.001171,11510.0,-510.0,
recovery_lock_ladder,884,2026-02-17,2026-02-17T15:03:00+00:00,2026-02-17T15:22:00+00:00,SPXW-20260217-06775.000-C,CALL,3210.0,839.9999999999999,3,9630.0,587850.0,590370.0,590370.0,0.004269,0.0,2520.0,
recovery_lock_ladder,885,2026-02-17,2026-02-17T15:28:00+00:00,2026-02-17T15:40:00+00:00,SPXW-20260217-06810.000-P,PUT,3200.0,960.0,3,9600.0,590370.0,593250.0,593250.0,0.004855,2520.0,2880.0,
recovery_lock_ladder,886,2026-02-17,2026-02-17T15:47:00+00:00,2026-02-17T16:12:00+00:00,SPXW-20260217-06765.000-C,CALL,3490.0,3780.000000000001,2,6980.0,593250.0,600810.0,600810.0,0.012583,5400.0,7560.0,
recovery_lock_ladder,887,2026-02-18,2026-02-18T18:34:00+00:00,2026-02-18T18:42:00+00:00,SPXW-20260218-06875.000-C,CALL,2160.0,-110.00000000000014,3,6480.0,600810.0,600480.0,600810.0,0.0,0.0,-330.0,
recovery_lock_ladder,888,2026-02-18,2026-02-18T18:44:00+00:00,2026-02-18T19:02:00+00:00,SPXW-20260218-06870.000-C,CALL,2150.0,30.00000000000007,3,6450.0,600480.0,600570.0,600810.0,0.000549,-330.0,90.0,
recovery_lock_ladder,889,2026-02-18,2026-02-18T19:10:00+00:00,2026-02-18T19:35:00+00:00,SPXW-20260218-06875.000-C,CALL,1420.0,-589.9999999999999,3,4260.0,600570.0,598800.0,600810.0,0.000399,-240.0,-1770.0,
recovery_lock_ladder,890,2026-02-18,2026-02-18T19:39:00+00:00,2026-02-18T19:48:00+00:00,SPXW-20260218-06840.000-C,CALL,3070.0,509.9999999999998,0,0.0,598800.0,598800.0,600810.0,0.003345,-2010.0,0.0,daily_loss_stop
recovery_lock_ladder,891,2026-02-19,2026-02-19T15:00:00+00:00,2026-02-19T15:10:00+00:00,SPXW-20260219-06885.000-P,PUT,2860.0,360.0000000000001,3,8580.0,598800.0,599880.0,600810.0,0.003345,0.0,1080.0,
recovery_lock_ladder,892,2026-02-19,2026-02-19T15:28:00+00:00,2026-02-19T15:51:00+00:00,SPXW-20260219-06885.000-P,PUT,3220.0000000000005,-430.00000000000045,3,9660.000000000002,599880.0,598590.0,600810.0,0.001548,1080.0,-1290.0,
recovery_lock_ladder,893,2026-02-19,2026-02-19T15:52:00+00:00,2026-02-19T16:11:00+00:00,SPXW-20260219-06835.000-C,CALL,3429.9999999999995,120.00000000000028,2,6859.999999999999,598590.0,598830.0,600810.0,0.003695,-210.0,240.0,
recovery_lock_ladder,894,2026-02-19,2026-02-19T16:28:00+00:00,2026-02-19T16:38:00+00:00,SPXW-20260219-06880.000-P,PUT,2150.0,180.00000000000006,3,6450.0,598830.0,599370.0,600810.0,0.003296,30.0,540.0,
recovery_lock_ladder,895,2026-02-19,2026-02-19T18:30:00+00:00,2026-02-19T18:40:00+00:00,SPXW-20260219-06820.000-C,CALL,2540.0,20.000000000000284,3,7620.0,599370.0,599430.0,600810.0,0.002397,570.0,60.0,
recovery_lock_ladder,896,2026-02-20,2026-02-20T15:07:00+00:00,2026-02-20T15:26:00+00:00,SPXW-20260220-06860.000-C,CALL,2640.0,1110.0000000000002,3,7920.0,599430.0,602760.0,602760.0,0.005525,0.0,3330.0,
recovery_lock_ladder,897,2026-02-20,2026-02-20T15:31:00+00:00,2026-02-20T15:40:00+00:00,SPXW-20260220-06870.000-C,CALL,2780.0,180.00000000000006,3,8340.0,602760.0,603300.0,603300.0,0.000895,3330.0,540.0,
recovery_lock_ladder,898,2026-02-20,2026-02-20T18:30:00+00:00,2026-02-20T18:35:00+00:00,SPXW-20260220-06870.000-C,CALL,2140.0,850.0,3,6420.0,603300.0,605850.0,605850.0,0.004209,3870.0,2550.0,
recovery_lock_ladder,899,2026-02-20,2026-02-20T19:11:00+00:00,2026-02-20T19:32:00+00:00,SPXW-20260220-06880.000-C,CALL,2870.0,-80.00000000000007,3,8610.0,605850.0,605610.0,605850.0,0.0,6420.0,-240.0,
recovery_lock_ladder,900,2026-02-20,2026-02-20T19:58:00+00:00,2026-02-20T20:02:00+00:00,SPXW-20260220-06880.000-C,CALL,1960.0,419.99999999999994,3,5880.0,605610.0,606870.0,606870.0,0.002076,6180.0,1260.0,
recovery_lock_ladder,901,2026-02-23,2026-02-23T15:00:00+00:00,2026-02-23T15:18:00+00:00,SPXW-20260223-06900.000-P,PUT,2750.0,1210.0000000000002,3,8250.0,606870.0,610500.0,610500.0,0.005946,0.0,3630.0,
recovery_lock_ladder,902,2026-02-23,2026-02-23T15:27:00+00:00,2026-02-23T15:37:00+00:00,SPXW-20260223-06885.000-P,PUT,2880.0,540.0000000000002,3,8640.0,610500.0,612120.0,612120.0,0.002647,3630.0,1620.0,
recovery_lock_ladder,903,2026-02-23,2026-02-23T18:30:00+00:00,2026-02-23T18:36:00+00:00,SPXW-20260223-06870.000-P,PUT,1870.0,50.0,3,5610.0,612120.0,612270.0,612270.0,0.000245,5250.0,150.0,
recovery_lock_ladder,904,2026-02-23,2026-02-23T18:41:00+00:00,2026-02-23T18:48:00+00:00,SPXW-20260223-06860.000-P,PUT,1410.0,200.00000000000017,3,4230.0,612270.0,612870.0,612870.0,0.000979,5400.0,600.0,
recovery_lock_ladder,905,2026-02-24,2026-02-24T15:00:00+00:00,2026-02-24T15:15:00+00:00,SPXW-20260224-06865.000-P,PUT,2740.0,-200.0,3,8220.0,612870.0,612270.0,612870.0,0.0,0.0,-600.0,
recovery_lock_ladder,906,2026-02-24,2026-02-24T15:16:00+00:00,2026-02-24T15:41:00+00:00,SPXW-20260224-06840.000-C,CALL,2200.0,1779.9999999999998,3,6600.0,612270.0,617610.0,617610.0,0.008646,-600.0,5340.0,
recovery_lock_ladder,907,2026-02-24,2026-02-24T18:31:00+00:00,2026-02-24T18:56:00+00:00,SPXW-20260224-06875.000-C,CALL,1420.0,540.0000000000002,3,4260.0,617610.0,619230.0,619230.0,0.002616,4740.0,1620.0,
recovery_lock_ladder,908,2026-02-24,2026-02-24T19:08:00+00:00,2026-02-24T19:32:00+00:00,SPXW-20260224-06860.000-C,CALL,2980.0,-290.0000000000002,3,8940.0,619230.0,618360.0,619230.0,0.0,6360.0,-870.0,
recovery_lock_ladder,909,2026-02-25,2026-02-25T15:06:00+00:00,2026-02-25T15:21:00+00:00,SPXW-20260225-06945.000-P,PUT,2290.0,210.00000000000017,3,6870.0,618360.0,618990.0,619230.0,0.001405,0.0,630.0,
recovery_lock_ladder,910,2026-02-25,2026-02-25T15:31:00+00:00,2026-02-25T15:56:00+00:00,SPXW-20260225-06895.000-C,CALL,3490.0,-769.9999999999999,2,6980.0,618990.0,617450.0,619230.0,0.000388,630.0,-1540.0,
recovery_lock_ladder,911,2026-02-26,2026-02-26T15:00:00+00:00,2026-02-26T15:10:00+00:00,SPXW-20260226-06950.000-P,PUT,3320.0000000000005,439.9999999999999,3,9960.000000000002,617450.0,618770.0,619230.0,0.002875,0.0,1320.0,
recovery_lock_ladder,912,2026-02-26,2026-02-26T15:26:00+00:00,2026-02-26T15:40:00+00:00,SPXW-20260226-06855.000-C,CALL,3060.0,600.0,3,9180.0,618770.0,620570.0,620570.0,0.002901,1320.0,1800.0,
recovery_lock_ladder,913,2026-02-26,2026-02-26T15:42:00+00:00,2026-02-26T16:07:00+00:00,SPXW-20260226-06900.000-P,PUT,2640.0,-819.9999999999999,3,7920.0,620570.0,618110.0,620570.0,0.0,3120.0,-2460.0,
recovery_lock_ladder,914,2026-02-27,2026-02-27T15:01:00+00:00,2026-02-27T15:20:00+00:00,SPXW-20260227-06825.000-C,CALL,3420.0000000000005,569.9999999999995,2,6840.000000000001,618110.0,619250.0,620570.0,0.003964,0.0,1140.0,
recovery_lock_ladder,915,2026-02-27,2026-02-27T15:32:00+00:00,2026-02-27T15:54:00+00:00,SPXW-20260227-06885.000-P,PUT,3340.0,-289.9999999999999,2,6680.0,619250.0,618670.0,620570.0,0.002127,1140.0,-580.0,
recovery_lock_ladder,916,2026-02-27,2026-02-27T16:10:00+00:00,2026-02-27T16:27:00+00:00,SPXW-20260227-06835.000-C,CALL,3500.0,689.9999999999999,2,7000.0,618670.0,620050.0,620570.0,0.003062,560.0,1380.0,
recovery_lock_ladder,917,2026-02-27,2026-02-27T18:31:00+00:00,2026-02-27T18:43:00+00:00,SPXW-20260227-06830.000-C,CALL,2730.0,139.99999999999986,3,8190.0,620050.0,620470.0,620570.0,0.000838,1940.0,420.0,
recovery_lock_ladder,918,2026-02-27,2026-02-27T19:10:00+00:00,2026-02-27T19:24:00+00:00,SPXW-20260227-06880.000-P,PUT,2740.0,110.00000000000014,3,8220.0,620470.0,620800.0,620800.0,0.000532,2360.0,330.0,
recovery_lock_ladder,919,2026-03-02,2026-03-02T18:32:00+00:00,2026-03-02T18:57:00+00:00,SPXW-20260302-06850.000-C,CALL,3200.0,-869.9999999999999,3,9600.0,620800.0,618190.0,620800.0,0.0,0.0,-2610.0,
recovery_lock_ladder,920,2026-03-02,2026-03-02T19:01:00+00:00,2026-03-02T19:17:00+00:00,SPXW-20260302-06850.000-C,CALL,2060.0,2060.0,0,0.0,618190.0,618190.0,620800.0,0.004204,-2610.0,0.0,daily_loss_stop
recovery_lock_ladder,921,2026-03-02,2026-03-02T19:54:00+00:00,2026-03-02T20:06:00+00:00,SPXW-20260302-06885.000-C,CALL,1540.0,-309.99999999999994,0,0.0,618190.0,618190.0,620800.0,0.004204,-2610.0,-0.0,daily_loss_stop
recovery_lock_ladder,922,2026-03-02,2026-03-02T20:11:00+00:00,2026-03-02T20:19:00+00:00,SPXW-20260302-06850.000-C,CALL,2400.0,639.9999999999999,0,0.0,618190.0,618190.0,620800.0,0.004204,-2610.0,0.0,daily_loss_stop
recovery_lock_ladder,923,2026-03-03,2026-03-03T15:31:00+00:00,2026-03-03T15:43:00+00:00,SPXW-20260303-06700.000-C,CALL,3310.0,1119.9999999999995,1,3310.0,618190.0,619310.0,620800.0,0.004204,0.0,1120.0,
recovery_lock_ladder,924,2026-03-03,2026-03-03T15:50:00+00:00,2026-03-03T15:56:00+00:00,SPXW-20260303-06735.000-P,PUT,2660.0,300.0,3,7980.0,619310.0,620210.0,620800.0,0.0024,1120.0,900.0,
recovery_lock_ladder,925,2026-03-03,2026-03-03T15:56:00+00:00,2026-03-03T16:09:00+00:00,SPXW-20260303-06710.000-C,CALL,2810.0,2840.0,3,8430.0,620210.0,628730.0,628730.0,0.013551,2020.0,8520.0,
recovery_lock_ladder,926,2026-03-03,2026-03-03T16:13:00+00:00,2026-03-03T16:30:00+00:00,SPXW-20260303-06735.000-C,CALL,3440.0,1070.0000000000002,2,6880.0,628730.0,630870.0,630870.0,0.003392,10540.0,2140.0,
recovery_lock_ladder,927,2026-03-03,2026-03-03T19:11:00+00:00,2026-03-03T19:23:00+00:00,SPXW-20260303-06800.000-C,CALL,1930.0,1189.9999999999998,3,5790.0,630870.0,634440.0,634440.0,0.005627,12680.0,3570.0,
recovery_lock_ladder,928,2026-03-03,2026-03-03T19:36:00+00:00,2026-03-03T19:48:00+00:00,SPXW-20260303-06785.000-C,CALL,2690.0,2750.0,3,8070.0,634440.0,642690.0,642690.0,0.012837,16250.0,8250.0,
recovery_lock_ladder,929,2026-03-04,2026-03-04T15:03:00+00:00,2026-03-04T15:21:00+00:00,SPXW-20260304-06860.000-P,PUT,3500.0,-1840.0,2,7000.0,642690.0,639010.0,642690.0,0.0,0.0,-3680.0,
recovery_lock_ladder,930,2026-03-04,2026-03-04T15:43:00+00:00,2026-03-04T15:52:00+00:00,SPXW-20260304-06840.000-C,CALL,2790.0,260.0000000000001,0,0.0,639010.0,639010.0,642690.0,0.005726,-3680.0,0.0,daily_loss_stop
recovery_lock_ladder,931,2026-03-04,2026-03-04T16:06:00+00:00,2026-03-04T16:18:00+00:00,SPXW-20260304-06855.000-C,CALL,2510.0,-570.0000000000002,0,0.0,639010.0,639010.0,642690.0,0.005726,-3680.0,-0.0,daily_loss_stop
recovery_lock_ladder,932,2026-03-04,2026-03-04T18:30:00+00:00,2026-03-04T18:48:00+00:00,SPXW-20260304-06865.000-C,CALL,1530.0,169.99999999999994,0,0.0,639010.0,639010.0,642690.0,0.005726,-3680.0,0.0,daily_loss_stop
recovery_lock_ladder,933,2026-03-04,2026-03-04T19:04:00+00:00,2026-03-04T19:15:00+00:00,SPXW-20260304-06855.000-C,CALL,2860.0,0.0,0,0.0,639010.0,639010.0,642690.0,0.005726,-3680.0,0.0,daily_loss_stop
recovery_lock_ladder,934,2026-03-05,2026-03-05T15:07:00+00:00,2026-03-05T15:31:00+00:00,SPXW-20260305-06880.000-P,PUT,3370.0000000000005,3650.0,2,6740.000000000001,639010.0,646310.0,646310.0,0.011295,0.0,7300.0,
recovery_lock_ladder,935,2026-03-05,2026-03-05T15:37:00+00:00,2026-03-05T15:49:00+00:00,SPXW-20260305-06805.000-C,CALL,2580.0,899.9999999999997,3,7740.0,646310.0,649010.0,649010.0,0.00416,7300.0,2700.0,
recovery_lock_ladder,936,2026-03-05,2026-03-05T15:50:00+00:00,2026-03-05T16:15:00+00:00,SPXW-20260305-06805.000-C,CALL,3210.0,-980.0,3,9630.0,649010.0,646070.0,649010.0,0.0,10000.0,-2940.0,
recovery_lock_ladder,937,2026-03-05,2026-03-05T18:38:00+00:00,2026-03-05T18:45:00+00:00,SPXW-20260305-06750.000-C,CALL,3410.0,960.0,2,6820.0,646070.0,647990.0,649010.0,0.00453,7060.0,1920.0,
recovery_lock_ladder,938,2026-03-05,2026-03-05T19:05:00+00:00,2026-03-05T19:15:00+00:00,SPXW-20260305-06760.000-C,CALL,2620.0,369.99999999999994,3,7860.0,647990.0,649100.0,649100.0,0.00171,8980.0,1110.0,
recovery_lock_ladder,939,2026-03-06,2026-03-06T15:00:00+00:00,2026-03-06T15:19:00+00:00,SPXW-20260306-06710.000-C,CALL,3479.9999999999995,1370.0000000000002,2,6959.999999999999,649100.0,651840.0,651840.0,0.004203,0.0,2740.0,
recovery_lock_ladder,940,2026-03-06,2026-03-06T16:18:00+00:00,2026-03-06T16:30:00+00:00,SPXW-20260306-06735.000-C,CALL,3240.0,80.00000000000043,3,9720.0,651840.0,652080.0,652080.0,0.000368,2740.0,240.0,
recovery_lock_ladder,941,2026-03-06,2026-03-06T18:30:00+00:00,2026-03-06T18:44:00+00:00,SPXW-20260306-06730.000-C,CALL,3460.0,-80.00000000000043,2,6920.0,652080.0,651920.0,652080.0,0.0,2980.0,-160.0,
recovery_lock_ladder,942,2026-03-06,2026-03-06T18:58:00+00:00,2026-03-06T19:12:00+00:00,SPXW-20260306-06725.000-C,CALL,3420.0000000000005,639.9999999999999,2,6840.000000000001,651920.0,653200.0,653200.0,0.00196,2820.0,1280.0,
recovery_lock_ladder,943,2026-03-09,2026-03-09T14:04:00+00:00,2026-03-09T14:25:00+00:00,SPXW-20260309-06650.000-C,CALL,3460.0,-180.00000000000043,2,6920.0,653200.0,652840.0,653200.0,0.0,0.0,-360.0,
recovery_lock_ladder,944,2026-03-09,2026-03-09T14:30:00+00:00,2026-03-09T14:43:00+00:00,SPXW-20260309-06640.000-C,CALL,3150.0,1489.9999999999998,3,9450.0,652840.0,657310.0,657310.0,0.0068,-360.0,4470.0,
recovery_lock_ladder,945,2026-03-09,2026-03-09T17:30:00+00:00,2026-03-09T17:52:00+00:00,SPXW-20260309-06670.000-C,CALL,3460.0,-180.00000000000043,2,6920.0,657310.0,656950.0,657310.0,0.0,4110.0,-360.0,
recovery_lock_ladder,946,2026-03-10,2026-03-10T14:00:00+00:00,2026-03-10T14:12:00+00:00,SPXW-20260310-06790.000-P,PUT,3279.9999999999995,650.0,3,9839.999999999998,656950.0,658900.0,658900.0,0.002959,0.0,1950.0,
recovery_lock_ladder,947,2026-03-10,2026-03-10T14:15:00+00:00,2026-03-10T14:31:00+00:00,SPXW-20260310-06785.000-P,PUT,3130.0,-1680.0,3,9390.0,658900.0,653860.0,658900.0,0.0,1950.0,-5040.0,
recovery_lock_ladder,948,2026-03-10,2026-03-10T17:39:00+00:00,2026-03-10T17:57:00+00:00,SPXW-20260310-06815.000-C,CALL,1500.0,560.0000000000001,0,0.0,653860.0,653860.0,658900.0,0.007649,-3090.0,0.0,daily_loss_stop
recovery_lock_ladder,949,2026-03-11,2026-03-11T14:00:00+00:00,2026-03-11T14:19:00+00:00,SPXW-20260311-06785.000-C,CALL,2480.0,-60.00000000000014,3,7440.0,653860.0,653680.0,658900.0,0.007649,0.0,-180.0,
recovery_lock_ladder,950,2026-03-11,2026-03-11T14:33:00+00:00,2026-03-11T14:58:00+00:00,SPXW-20260311-06790.000-P,PUT,3260.0,-1530.0,3,9780.0,653680.0,649090.0,658900.0,0.007922,-180.0,-4590.0,
recovery_lock_ladder,951,2026-03-11,2026-03-11T15:12:00+00:00,2026-03-11T15:20:00+00:00,SPXW-20260311-06770.000-P,PUT,1450.0,680.0000000000001,0,0.0,649090.0,649090.0,658900.0,0.014888,-4770.0,0.0,daily_loss_stop
recovery_lock_ladder,952,2026-03-12,2026-03-12T14:04:00+00:00,2026-03-12T14:12:00+00:00,SPXW-20260312-06735.000-P,PUT,3110.0,59.99999999999979,1,3110.0,649090.0,649150.0,658900.0,0.014888,0.0,60.0,
recovery_lock_ladder,953,2026-03-12,2026-03-12T14:13:00+00:00,2026-03-12T14:24:00+00:00,SPXW-20260312-06740.000-P,PUT,3220.0000000000005,1300.0,1,3220.0000000000005,649150.0,650450.0,658900.0,0.014797,60.0,1300.0,
recovery_lock_ladder,954,2026-03-12,2026-03-12T14:44:00+00:00,2026-03-12T15:04:00+00:00,SPXW-20260312-06675.000-C,CALL,3329.9999999999995,-169.99999999999957,1,3329.9999999999995,650450.0,650280.0,658900.0,0.012824,1360.0,-170.0,
recovery_lock_ladder,955,2026-03-12,2026-03-12T17:31:00+00:00,2026-03-12T17:35:00+00:00,SPXW-20260312-06725.000-P,PUT,2900.0,19.99999999999993,1,2900.0,650280.0,650300.0,658900.0,0.013082,1190.0,20.0,
recovery_lock_ladder,956,2026-03-12,2026-03-12T17:40:00+00:00,2026-03-12T18:05:00+00:00,SPXW-20260312-06680.000-C,CALL,3000.0,-800.0,1,3000.0,650300.0,649500.0,658900.0,0.013052,1210.0,-800.0,
recovery_lock_ladder,957,2026-03-12,2026-03-12T18:12:00+00:00,2026-03-12T18:22:00+00:00,SPXW-20260312-06725.000-P,PUT,2820.0,920.0,1,2820.0,649500.0,650420.0,658900.0,0.014266,410.0,920.0,
recovery_lock_ladder,958,2026-03-13,2026-03-13T14:30:00+00:00,2026-03-13T14:49:00+00:00,SPXW-20260313-06685.000-C,CALL,2890.0,-1020.0,1,2890.0,650420.0,649400.0,658900.0,0.01287,0.0,-1020.0,
recovery_lock_ladder,959,2026-03-13,2026-03-13T15:12:00+00:00,2026-03-13T15:23:00+00:00,SPXW-20260313-06650.000-C,CALL,3350.0,-169.99999999999994,0,0.0,649400.0,649400.0,658900.0,0.014418,-1020.0,-0.0,daily_loss_stop
recovery_lock_ladder,960,2026-03-13,2026-03-13T17:30:00+00:00,2026-03-13T17:36:00+00:00,SPXW-20260313-06665.000-P,PUT,1970.0,350.0,0,0.0,649400.0,649400.0,658900.0,0.014418,-1020.0,0.0,daily_loss_stop
recovery_lock_ladder,961,2026-03-13,2026-03-13T17:49:00+00:00,2026-03-13T18:00:00+00:00,SPXW-20260313-06650.000-P,PUT,1739.9999999999998,300.0,0,0.0,649400.0,649400.0,658900.0,0.014418,-1020.0,0.0,daily_loss_stop
recovery_lock_ladder,962,2026-03-13,2026-03-13T18:04:00+00:00,2026-03-13T18:15:00+00:00,SPXW-20260313-06610.000-C,CALL,3310.0,250.0,0,0.0,649400.0,649400.0,658900.0,0.014418,-1020.0,0.0,daily_loss_stop
recovery_lock_ladder,963,2026-03-13,2026-03-13T18:29:00+00:00,2026-03-13T18:41:00+00:00,SPXW-20260313-06620.000-C,CALL,2380.0,1030.0,0,0.0,649400.0,649400.0,658900.0,0.014418,-1020.0,0.0,daily_loss_stop
recovery_lock_ladder,964,2026-03-16,2026-03-16T14:41:00+00:00,2026-03-16T14:58:00+00:00,SPXW-20260316-06670.000-C,CALL,3279.9999999999995,640.0000000000006,1,3279.9999999999995,649400.0,650040.0,658900.0,0.014418,0.0,640.0,
recovery_lock_ladder,965,2026-03-16,2026-03-16T14:59:00+00:00,2026-03-16T15:10:00+00:00,SPXW-20260316-06675.000-C,CALL,3290.0,110.00000000000014,1,3290.0,650040.0,650150.0,658900.0,0.013447,640.0,110.0,
recovery_lock_ladder,966,2026-03-16,2026-03-16T15:11:00+00:00,2026-03-16T15:36:00+00:00,SPXW-20260316-06725.000-P,PUT,3190.0,-1409.9999999999998,1,3190.0,650150.0,648740.0,658900.0,0.01328,750.0,-1410.0,
recovery_lock_ladder,967,2026-03-16,2026-03-16T17:30:00+00:00,2026-03-16T17:55:00+00:00,SPXW-20260316-06670.000-C,CALL,3390.0,-659.9999999999998,1,3390.0,648740.0,648080.0,658900.0,0.01542,-660.0,-660.0,
recovery_lock_ladder,968,2026-03-16,2026-03-16T17:55:00+00:00,2026-03-16T18:04:00+00:00,SPXW-20260316-06665.000-C,CALL,3229.9999999999995,180.00000000000043,0,0.0,648080.0,648080.0,658900.0,0.016421,-1320.0,0.0,daily_loss_stop
recovery_lock_ladder,969,2026-03-17,2026-03-17T14:04:00+00:00,2026-03-17T14:27:00+00:00,SPXW-20260317-06715.000-C,CALL,3270.0000000000005,-720.0000000000002,1,3270.0000000000005,648080.0,647360.0,658900.0,0.016421,0.0,-720.0,
recovery_lock_ladder,970,2026-03-17,2026-03-17T14:31:00+00:00,2026-03-17T14:41:00+00:00,SPXW-20260317-06745.000-P,PUT,1850.0,80.00000000000007,1,1850.0,647360.0,647440.0,658900.0,0.017514,-720.0,80.0,
recovery_lock_ladder,971,2026-03-17,2026-03-17T14:43:00+00:00,2026-03-17T14:57:00+00:00,SPXW-20260317-06710.000-C,CALL,3350.0,200.0,1,3350.0,647440.0,647640.0,658900.0,0.017393,-640.0,200.0,
recovery_lock_ladder,972,2026-03-17,2026-03-17T15:04:00+00:00,2026-03-17T15:15:00+00:00,SPXW-20260317-06765.000-P,PUT,3080.0,640.0000000000002,1,3080.0,647640.0,648280.0,658900.0,0.017089,-440.0,640.0,
recovery_lock_ladder,973,2026-03-18,2026-03-18T14:00:00+00:00,2026-03-18T14:15:00+00:00,SPXW-20260318-06725.000-P,PUT,3429.9999999999995,1600.0,1,3429.9999999999995,648280.0,649880.0,658900.0,0.016118,0.0,1600.0,
recovery_lock_ladder,974,2026-03-18,2026-03-18T14:25:00+00:00,2026-03-18T14:38:00+00:00,SPXW-20260318-06705.000-P,PUT,3490.0,830.0000000000005,1,3490.0,649880.0,650710.0,658900.0,0.013689,1600.0,830.0,
recovery_lock_ladder,975,2026-03-19,2026-03-19T14:31:00+00:00,2026-03-19T14:48:00+00:00,SPXW-20260319-06550.000-C,CALL,3450.0,410.0000000000001,2,6900.0,650710.0,651530.0,658900.0,0.01243,0.0,820.0,
recovery_lock_ladder,976,2026-03-19,2026-03-19T14:55:00+00:00,2026-03-19T15:04:00+00:00,SPXW-20260319-06605.000-P,PUT,2830.0,-340.0000000000002,3,8490.0,651530.0,650510.0,658900.0,0.011185,820.0,-1020.0,
recovery_lock_ladder,977,2026-03-19,2026-03-19T15:05:00+00:00,2026-03-19T15:17:00+00:00,SPXW-20260319-06570.000-C,CALL,3250.0,770.0000000000002,3,9750.0,650510.0,652820.0,658900.0,0.012733,-200.0,2310.0,
recovery_lock_ladder,978,2026-03-19,2026-03-19T15:19:00+00:00,2026-03-19T15:29:00+00:00,SPXW-20260319-06615.000-P,PUT,2710.0,900.0,3,8130.0,652820.0,655520.0,658900.0,0.009228,2110.0,2700.0,
recovery_lock_ladder,979,2026-03-19,2026-03-19T17:30:00+00:00,2026-03-19T17:51:00+00:00,SPXW-20260319-06550.000-C,CALL,3200.0,-169.99999999999994,3,9600.0,655520.0,655010.0,658900.0,0.00513,4810.0,-510.0,
recovery_lock_ladder,980,2026-03-19,2026-03-19T17:56:00+00:00,2026-03-19T18:05:00+00:00,SPXW-20260319-06610.000-P,PUT,2810.0,660.0000000000001,3,8430.0,655010.0,656990.0,658900.0,0.005904,4300.0,1980.0,
recovery_lock_ladder,981,2026-03-20,2026-03-20T14:00:00+00:00,2026-03-20T14:12:00+00:00,SPXW-20260320-06580.000-P,PUT,3420.0000000000005,550.0,2,6840.000000000001,656990.0,658090.0,658900.0,0.002899,0.0,1100.0,
recovery_lock_ladder,982,2026-03-20,2026-03-20T14:30:00+00:00,2026-03-20T14:47:00+00:00,SPXW-20260320-06520.000-C,CALL,3470.0000000000005,369.99999999999955,2,6940.000000000001,658090.0,658830.0,658900.0,0.001229,1100.0,740.0,
recovery_lock_ladder,983,2026-03-20,2026-03-20T14:49:00+00:00,2026-03-20T15:02:00+00:00,SPXW-20260320-06530.000-C,CALL,3220.0000000000005,-60.00000000000014,3,9660.000000000002,658830.0,658650.0,658900.0,0.000106,1840.0,-180.0,
recovery_lock_ladder,984,2026-03-20,2026-03-20T15:16:00+00:00,2026-03-20T15:23:00+00:00,SPXW-20260320-06585.000-P,PUT,3460.0,910.0,2,6920.0,658650.0,660470.0,660470.0,0.002756,1660.0,1820.0,
recovery_lock_ladder,985,2026-03-20,2026-03-20T15:23:00+00:00,2026-03-20T15:38:00+00:00,SPXW-20260320-06520.000-C,CALL,3329.9999999999995,370.0000000000003,3,9989.999999999998,660470.0,661580.0,661580.0,0.001678,3480.0,1110.0,
recovery_lock_ladder,986,2026-03-20,2026-03-20T17:36:00+00:00,2026-03-20T17:45:00+00:00,SPXW-20260320-06545.000-P,PUT,1530.0,69.99999999999993,3,4590.0,661580.0,661790.0,661790.0,0.000317,4590.0,210.0,
recovery_lock_ladder,987,2026-03-20,2026-03-20T18:04:00+00:00,2026-03-20T18:14:00+00:00,SPXW-20260320-06565.000-P,PUT,3110.0,439.9999999999999,3,9330.0,661790.0,663110.0,663110.0,0.001991,4800.0,1320.0,
recovery_lock_ladder,988,2026-03-23,2026-03-23T17:30:00+00:00,2026-03-23T17:43:00+00:00,SPXW-20260323-06565.000-C,CALL,2260.0,1329.9999999999998,3,6780.0,663110.0,667100.0,667100.0,0.005981,0.0,3990.0,
recovery_lock_ladder,989,2026-03-23,2026-03-23T17:56:00+00:00,2026-03-23T18:06:00+00:00,SPXW-20260323-06590.000-C,CALL,1940.0,120.00000000000028,3,5820.0,667100.0,667460.0,667460.0,0.000539,3990.0,360.0,
recovery_lock_ladder,990,2026-03-23,2026-03-23T18:07:00+00:00,2026-03-23T18:15:00+00:00,SPXW-20260323-06605.000-P,PUT,1100.0,59.999999999999964,3,3300.0,667460.0,667640.0,667640.0,0.00027,4350.0,180.0,
recovery_lock_ladder,991,2026-03-23,2026-03-23T18:16:00+00:00,2026-03-23T18:23:00+00:00,SPXW-20260323-06610.000-P,PUT,1360.0,279.9999999999999,3,4080.0,667640.0,668480.0,668480.0,0.001257,4530.0,840.0,
recovery_lock_ladder,992,2026-03-23,2026-03-23T18:25:00+00:00,2026-03-23T18:39:00+00:00,SPXW-20260323-06575.000-C,CALL,2880.0,1649.9999999999995,3,8640.0,668480.0,673430.0,673430.0,0.00735,5370.0,4950.0,
recovery_lock_ladder,993,2026-03-23,2026-03-23T18:42:00+00:00,2026-03-23T18:50:00+00:00,SPXW-20260323-06595.000-C,CALL,2080.0,350.0,3,6240.0,673430.0,674480.0,674480.0,0.001557,10320.0,1050.0,
recovery_lock_ladder,994,2026-03-24,2026-03-24T14:00:00+00:00,2026-03-24T14:19:00+00:00,SPXW-20260324-06520.000-C,CALL,3370.0000000000005,509.99999999999943,2,6740.000000000001,674480.0,675500.0,675500.0,0.00151,0.0,1020.0,
recovery_lock_ladder,995,2026-03-24,2026-03-24T14:40:00+00:00,2026-03-24T15:00:00+00:00,SPXW-20260324-06535.000-C,CALL,3040.0,1010.0,3,9120.0,675500.0,678530.0,678530.0,0.004466,1020.0,3030.0,
recovery_lock_ladder,996,2026-03-24,2026-03-24T17:30:00+00:00,2026-03-24T17:42:00+00:00,SPXW-20260324-06530.000-C,CALL,3329.9999999999995,-209.99999999999977,3,9989.999999999998,678530.0,677900.0,678530.0,0.0,4050.0,-630.0,
recovery_lock_ladder,997,2026-03-24,2026-03-24T17:55:00+00:00,2026-03-24T18:08:00+00:00,SPXW-20260324-06550.000-C,CALL,1520.0,750.0,3,4560.0,677900.0,680150.0,680150.0,0.003308,3420.0,2250.0,
recovery_lock_ladder,998,2026-03-25,2026-03-25T14:10:00+00:00,2026-03-25T14:20:00+00:00,SPXW-20260325-06620.000-P,PUT,3390.0,-519.9999999999999,2,6780.0,680150.0,679110.0,680150.0,0.0,0.0,-1040.0,
recovery_lock_ladder,999,2026-03-25,2026-03-25T14:20:00+00:00,2026-03-25T14:30:00+00:00,SPXW-20260325-06595.000-C,CALL,2310.0,229.99999999999972,0,0.0,679110.0,679110.0,680150.0,0.001529,-1040.0,0.0,daily_loss_stop
recovery_lock_ladder,1000,2026-03-25,2026-03-25T14:36:00+00:00,2026-03-25T14:47:00+00:00,SPXW-20260325-06630.000-P,PUT,2840.0,-159.99999999999977,0,0.0,679110.0,679110.0,680150.0,0.001529,-1040.0,-0.0,daily_loss_stop
recovery_lock_ladder,1001,2026-03-25,2026-03-25T14:48:00+00:00,2026-03-25T14:59:00+00:00,SPXW-20260325-06590.000-C,CALL,3190.0,50.0,0,0.0,679110.0,679110.0,680150.0,0.001529,-1040.0,0.0,daily_loss_stop
recovery_lock_ladder,1002,2026-03-25,2026-03-25T15:16:00+00:00,2026-03-25T15:18:00+00:00,SPXW-20260325-06580.000-P,PUT,1220.0,1440.0000000000002,0,0.0,679110.0,679110.0,680150.0,0.001529,-1040.0,0.0,daily_loss_stop
recovery_lock_ladder,1003,2026-03-25,2026-03-25T15:24:00+00:00,2026-03-25T15:35:00+00:00,SPXW-20260325-06580.000-C,CALL,2370.0,869.9999999999999,0,0.0,679110.0,679110.0,680150.0,0.001529,-1040.0,0.0,daily_loss_stop
recovery_lock_ladder,1004,2026-03-26,2026-03-26T14:47:00+00:00,2026-03-26T15:02:00+00:00,SPXW-20260326-06540.000-C,CALL,2370.0,-219.99999999999991,3,7110.0,679110.0,678450.0,680150.0,0.001529,0.0,-660.0,
recovery_lock_ladder,1005,2026-03-26,2026-03-26T15:04:00+00:00,2026-03-26T15:15:00+00:00,SPXW-20260326-06565.000-P,PUT,2490.0,70.00000000000028,3,7470.0,678450.0,678660.0,680150.0,0.002499,-660.0,210.0,
recovery_lock_ladder,1006,2026-03-26,2026-03-26T15:16:00+00:00,2026-03-26T15:27:00+00:00,SPXW-20260326-06565.000-P,PUT,2540.0,220.00000000000028,3,7620.0,678660.0,679320.0,680150.0,0.002191,-450.0,660.0,
recovery_lock_ladder,1007,2026-03-26,2026-03-26T15:29:00+00:00,2026-03-26T15:46:00+00:00,SPXW-20260326-06575.000-P,PUT,3440.0,589.9999999999999,2,6880.0,679320.0,680500.0,680500.0,0.001734,210.0,1180.0,
recovery_lock_ladder,1008,2026-03-26,2026-03-26T17:31:00+00:00,2026-03-26T17:42:00+00:00,SPXW-20260326-06530.000-P,PUT,2320.0,240.00000000000023,3,6960.0,680500.0,681220.0,681220.0,0.001057,1390.0,720.0,
recovery_lock_ladder,1009,2026-03-26,2026-03-26T18:28:00+00:00,2026-03-26T18:53:00+00:00,SPXW-20260326-06525.000-P,PUT,3490.0,-769.9999999999999,2,6980.0,681220.0,679680.0,681220.0,0.0,2110.0,-1540.0,
recovery_lock_ladder,1010,2026-03-27,2026-03-27T14:01:00+00:00,2026-03-27T14:11:00+00:00,SPXW-20260327-06425.000-P,PUT,2510.0,169.99999999999994,3,7530.0,679680.0,680190.0,681220.0,0.002261,0.0,510.0,
recovery_lock_ladder,1011,2026-03-27,2026-03-27T14:11:00+00:00,2026-03-27T14:21:00+00:00,SPXW-20260327-06405.000-C,CALL,2810.0,1050.0,3,8430.0,680190.0,683340.0,683340.0,0.00461,510.0,3150.0,
recovery_lock_ladder,1012,2026-03-27,2026-03-27T14:26:00+00:00,2026-03-27T14:37:00+00:00,SPXW-20260327-06440.000-P,PUT,3000.0,250.0,3,9000.0,683340.0,684090.0,684090.0,0.001096,3660.0,750.0,
recovery_lock_ladder,1013,2026-03-27,2026-03-27T14:38:00+00:00,2026-03-27T14:48:00+00:00,SPXW-20260327-06435.000-P,PUT,2960.0,-150.0,3,8880.0,684090.0,683640.0,684090.0,0.0,4410.0,-450.0,
recovery_lock_ladder,1014,2026-03-27,2026-03-27T14:49:00+00:00,2026-03-27T15:01:00+00:00,SPXW-20260327-06400.000-C,CALL,3260.0,319.99999999999955,3,9780.0,683640.0,684600.0,684600.0,0.001402,3960.0,960.0,
recovery_lock_ladder,1015,2026-03-27,2026-03-27T15:03:00+00:00,2026-03-27T15:17:00+00:00,SPXW-20260327-06405.000-C,CALL,3360.0,-610.0000000000001,2,6720.0,684600.0,683380.0,684600.0,0.0,4920.0,-1220.0,
recovery_lock_ladder,1016,2026-03-27,2026-03-27T15:23:00+00:00,2026-03-27T15:36:00+00:00,SPXW-20260327-06420.000-C,CALL,1730.0,1450.0,3,5190.0,683380.0,687730.0,687730.0,0.006325,3700.0,4350.0,
recovery_lock_ladder,1017,2026-03-27,2026-03-27T18:41:00+00:00,2026-03-27T19:04:00+00:00,SPXW-20260327-06355.000-C,CALL,2940.0,-829.9999999999998,3,8820.0,687730.0,685240.0,687730.0,0.0,8050.0,-2490.0,
recovery_lock_ladder,1018,2026-03-30,2026-03-30T14:15:00+00:00,2026-03-30T14:27:00+00:00,SPXW-20260330-06405.000-P,PUT,3030.0,280.00000000000006,3,9090.0,685240.0,686080.0,687730.0,0.003621,0.0,840.0,
recovery_lock_ladder,1019,2026-03-30,2026-03-30T14:35:00+00:00,2026-03-30T14:46:00+00:00,SPXW-20260330-06400.000-P,PUT,2950.0,489.9999999999999,3,8850.0,686080.0,687550.0,687730.0,0.002399,840.0,1470.0,
recovery_lock_ladder,1020,2026-03-30,2026-03-30T14:46:00+00:00,2026-03-30T15:08:00+00:00,SPXW-20260330-06355.000-C,CALL,3180.0,1340.0000000000002,3,9540.0,687550.0,691570.0,691570.0,0.005813,2310.0,4020.0,
recovery_lock_ladder,1021,2026-03-30,2026-03-30T15:20:00+00:00,2026-03-30T15:38:00+00:00,SPXW-20260330-06365.000-C,CALL,3270.0000000000005,1350.0,3,9810.000000000002,691570.0,695620.0,695620.0,0.005822,6330.0,4050.0,
recovery_lock_ladder,1022,2026-03-30,2026-03-30T17:30:00+00:00,2026-03-30T17:36:00+00:00,SPXW-20260330-06390.000-P,PUT,3379.9999999999995,470.0000000000003,2,6759.999999999999,695620.0,696560.0,696560.0,0.001349,10380.0,940.0,
recovery_lock_ladder,1023,2026-03-30,2026-03-30T17:36:00+00:00,2026-03-30T17:46:00+00:00,SPXW-20260330-06335.000-C,CALL,2370.0,1090.0000000000002,3,7110.0,696560.0,699830.0,699830.0,0.004673,11320.0,3270.0,
recovery_lock_ladder,1024,2026-03-30,2026-03-30T18:04:00+00:00,2026-03-30T18:11:00+00:00,SPXW-20260330-06380.000-P,PUT,2370.0,360.0000000000001,3,7110.0,699830.0,700910.0,700910.0,0.001541,14590.0,1080.0,
recovery_lock_ladder,1025,2026-03-31,2026-03-31T14:46:00+00:00,2026-03-31T15:09:00+00:00,SPXW-20260331-06405.000-C,CALL,3200.0,389.9999999999999,3,9600.0,700910.0,702080.0,702080.0,0.001666,0.0,1170.0,
recovery_lock_ladder,1026,2026-03-31,2026-03-31T18:00:00+00:00,2026-03-31T18:10:00+00:00,SPXW-20260331-06465.000-C,CALL,3030.0,869.9999999999999,3,9090.0,702080.0,704690.0,704690.0,0.003704,1170.0,2610.0,
recovery_lock_ladder,1027,2026-03-31,2026-03-31T18:27:00+00:00,2026-03-31T18:44:00+00:00,SPXW-20260331-06465.000-C,CALL,3300.0,550.0,3,9900.0,704690.0,706340.0,706340.0,0.002336,3780.0,1650.0,
recovery_lock_ladder,1028,2026-03-31,2026-03-31T19:09:00+00:00,2026-03-31T19:16:00+00:00,SPXW-20260331-06485.000-C,CALL,2360.0,1150.0,3,7080.0,706340.0,709790.0,709790.0,0.004861,5430.0,3450.0,
